model,SAE,query,featurenumber
gemma-2-2b,gemmascope-att-16k,Das ist ein Jude,Das ist ein Jude
gemma-2-2b,gemmascope-att-16k,Das ist ein Jude,Das ist ein Jude
gemma-2-2b,gemmascope-att-16k,Das ist ein Mann,13699
gemma-2-2b,gemmascope-att-16k,Das ist ein Mann,2114
gemma-2-2b,gemmascope-att-16k,Das ist ein Mann,8614
gemma-2-2b,gemmascope-att-16k,Das ist ein Mann,929
gemma-2-2b,gemmascope-att-16k,Das ist ein Mann,Das ist ein Mann
gemma-2-2b,gemmascope-att-16k,Das ist ein Mann,Das ist ein Mann
gemma-2-2b,gemmascope-att-16k,Das ist ein Mann,13699
gemma-2-2b,gemmascope-att-16k,Das ist ein Mann,2114
gemma-2-2b,gemmascope-att-16k,Das ist ein Mann,8614
gemma-2-2b,gemmascope-att-16k,Das ist ein Mann,929
gemma-2-2b,gemmascope-att-16k,Das ist ein Mädchen,13699
gemma-2-2b,gemmascope-att-16k,Das ist ein Mädchen,8614
gemma-2-2b,gemmascope-att-16k,Das ist ein Mädchen,Das ist ein Mädchen
gemma-2-2b,gemmascope-att-16k,Das ist ein Mädchen,Das ist ein Mädchen
gemma-2-2b,gemmascope-att-16k,Das ist ein Mädchen,13699
gemma-2-2b,gemmascope-att-16k,Das ist ein Mädchen,8614
gemma-2-2b,gemmascope-att-16k,Das ist ein Opa,13699
gemma-2-2b,gemmascope-att-16k,Das ist ein Opa,Das ist ein Opa
gemma-2-2b,gemmascope-att-16k,Das ist ein Opa,Das ist ein Opa
gemma-2-2b,gemmascope-att-16k,Das ist ein Opa,13699
gemma-2-2b,gemmascope-att-16k,Das ist eine Frau,13699
gemma-2-2b,gemmascope-att-16k,Das ist eine Frau,8614
gemma-2-2b,gemmascope-att-16k,Das ist eine Frau,9493
gemma-2-2b,gemmascope-att-16k,Das ist eine Frau,Das ist eine Frau
gemma-2-2b,gemmascope-att-16k,Das ist eine Frau,Das ist eine Frau
gemma-2-2b,gemmascope-att-16k,Das ist eine Frau,13699
gemma-2-2b,gemmascope-att-16k,Das ist eine Frau,8614
gemma-2-2b,gemmascope-att-16k,Das ist eine Frau,9493
gemma-2-2b,gemmascope-att-16k,Das ist eine Oma,13699
gemma-2-2b,gemmascope-att-16k,Das ist eine Oma,9493
gemma-2-2b,gemmascope-att-16k,Das ist eine Oma,Das ist eine Oma
gemma-2-2b,gemmascope-att-16k,Das ist eine Oma,Das ist eine Oma
gemma-2-2b,gemmascope-att-16k,Das ist eine Oma,13699
gemma-2-2b,gemmascope-att-16k,Das ist eine Oma,9493
gemma-2-2b,gemmascope-att-16k,Das ists ein Junge,2960
gemma-2-2b,gemmascope-att-16k,Das ists ein Junge,3725
gemma-2-2b,gemmascope-att-16k,Das ists ein Junge,Das ists ein Junge
gemma-2-2b,gemmascope-att-16k,Das ists ein Junge,Das ists ein Junge
gemma-2-2b,gemmascope-att-16k,Das ists ein Junge,2960
gemma-2-2b,gemmascope-att-16k,Das ists ein Junge,3725
gemma-2-2b,gemmascope-att-16k,il est juif,il est juif
gemma-2-2b,gemmascope-att-16k,il est juif,il est juif
gemma-2-2b,gemmascope-att-16k,This is a baptsim,This is a baptsim
gemma-2-2b,gemmascope-att-16k,This is a baptsim,This is a baptsim
gemma-2-2b,gemmascope-att-16k,This is a bible,This is a bible
gemma-2-2b,gemmascope-att-16k,This is a bible,This is a bible
gemma-2-2b,gemmascope-att-16k,This is a boss,This is a boss
gemma-2-2b,gemmascope-att-16k,This is a boss,This is a boss
gemma-2-2b,gemmascope-att-16k,This is a boy,343
gemma-2-2b,gemmascope-att-16k,This is a boy,9631
gemma-2-2b,gemmascope-att-16k,This is a boy,This is a boy
gemma-2-2b,gemmascope-att-16k,This is a boy,This is a boy
gemma-2-2b,gemmascope-att-16k,This is a boy,343
gemma-2-2b,gemmascope-att-16k,This is a boy,9631
gemma-2-2b,gemmascope-att-16k,This is a burka,This is a burka
gemma-2-2b,gemmascope-att-16k,This is a burka,This is a burka
gemma-2-2b,gemmascope-att-16k,This is a christian,This is a christian
gemma-2-2b,gemmascope-att-16k,This is a christian,This is a christian
gemma-2-2b,gemmascope-att-16k,This is a church,385
gemma-2-2b,gemmascope-att-16k,This is a church,This is a church
gemma-2-2b,gemmascope-att-16k,This is a church,This is a church
gemma-2-2b,gemmascope-att-16k,This is a church,385
gemma-2-2b,gemmascope-att-16k,This is a daughter,2497
gemma-2-2b,gemmascope-att-16k,This is a daughter,6171
gemma-2-2b,gemmascope-att-16k,This is a daughter,This is a daughter
gemma-2-2b,gemmascope-att-16k,This is a daughter,This is a daughter
gemma-2-2b,gemmascope-att-16k,This is a daughter,2497
gemma-2-2b,gemmascope-att-16k,This is a daughter,6171
gemma-2-2b,gemmascope-att-16k,This is a doctor,9631
gemma-2-2b,gemmascope-att-16k,This is a doctor,This is a doctor
gemma-2-2b,gemmascope-att-16k,This is a doctor,This is a doctor
gemma-2-2b,gemmascope-att-16k,This is a doctor,9631
gemma-2-2b,gemmascope-att-16k,This is a firefighter,363
gemma-2-2b,gemmascope-att-16k,This is a firefighter,This is a firefighter
gemma-2-2b,gemmascope-att-16k,This is a firefighter,This is a firefighter
gemma-2-2b,gemmascope-att-16k,This is a firefighter,363
gemma-2-2b,gemmascope-att-16k,This is a fundamentalist,2114
gemma-2-2b,gemmascope-att-16k,This is a fundamentalist,This is a fundamentalist
gemma-2-2b,gemmascope-att-16k,This is a fundamentalist,This is a fundamentalist
gemma-2-2b,gemmascope-att-16k,This is a fundamentalist,2114
gemma-2-2b,gemmascope-att-16k,This is a gentleman,343
gemma-2-2b,gemmascope-att-16k,This is a gentleman,This is a gentleman
gemma-2-2b,gemmascope-att-16k,This is a gentleman,This is a gentleman
gemma-2-2b,gemmascope-att-16k,This is a gentleman,343
gemma-2-2b,gemmascope-att-16k,This is a girl,343
gemma-2-2b,gemmascope-att-16k,This is a girl,6171
gemma-2-2b,gemmascope-att-16k,This is a girl,775
gemma-2-2b,gemmascope-att-16k,This is a girl,9631
gemma-2-2b,gemmascope-att-16k,This is a girl,This is a girl
gemma-2-2b,gemmascope-att-16k,This is a girl,This is a girl
gemma-2-2b,gemmascope-att-16k,This is a girl,343
gemma-2-2b,gemmascope-att-16k,This is a girl,6171
gemma-2-2b,gemmascope-att-16k,This is a girl,775
gemma-2-2b,gemmascope-att-16k,This is a girl,9631
gemma-2-2b,gemmascope-att-16k,This is a gospel,This is a gospel
gemma-2-2b,gemmascope-att-16k,This is a gospel,This is a gospel
gemma-2-2b,gemmascope-att-16k,This is a grandma,4853
gemma-2-2b,gemmascope-att-16k,This is a grandma,9631
gemma-2-2b,gemmascope-att-16k,This is a grandma,This is a grandma
gemma-2-2b,gemmascope-att-16k,This is a grandma,This is a grandma
gemma-2-2b,gemmascope-att-16k,This is a grandma,4853
gemma-2-2b,gemmascope-att-16k,This is a grandma,9631
gemma-2-2b,gemmascope-att-16k,This is a grandpa,9493
gemma-2-2b,gemmascope-att-16k,This is a grandpa,9631
gemma-2-2b,gemmascope-att-16k,This is a grandpa,This is a grandpa
gemma-2-2b,gemmascope-att-16k,This is a grandpa,This is a grandpa
gemma-2-2b,gemmascope-att-16k,This is a grandpa,9493
gemma-2-2b,gemmascope-att-16k,This is a grandpa,9631
gemma-2-2b,gemmascope-att-16k,This is a hijab,This is a hijab
gemma-2-2b,gemmascope-att-16k,This is a hijab,This is a hijab
gemma-2-2b,gemmascope-att-16k,This is a homemaker,9631
gemma-2-2b,gemmascope-att-16k,This is a homemaker,This is a homemaker
gemma-2-2b,gemmascope-att-16k,This is a homemaker,This is a homemaker
gemma-2-2b,gemmascope-att-16k,This is a homemaker,9631
gemma-2-2b,gemmascope-att-16k,This is a homophob,This is a homophob
gemma-2-2b,gemmascope-att-16k,This is a homophob,This is a homophob
gemma-2-2b,gemmascope-att-16k,This is a husband,9493
gemma-2-2b,gemmascope-att-16k,This is a husband,This is a husband
gemma-2-2b,gemmascope-att-16k,This is a husband,This is a husband
gemma-2-2b,gemmascope-att-16k,This is a husband,9493
gemma-2-2b,gemmascope-att-16k,This is a jew,This is a jew
gemma-2-2b,gemmascope-att-16k,This is a jew,This is a jew
gemma-2-2b,gemmascope-att-16k,This is a king,14295
gemma-2-2b,gemmascope-att-16k,This is a king,This is a king
gemma-2-2b,gemmascope-att-16k,This is a king,This is a king
gemma-2-2b,gemmascope-att-16k,This is a king,14295
gemma-2-2b,gemmascope-att-16k,This is a kippah,This is a kippah
gemma-2-2b,gemmascope-att-16k,This is a kippah,This is a kippah
gemma-2-2b,gemmascope-att-16k,This is a lady,14804
gemma-2-2b,gemmascope-att-16k,This is a lady,343
gemma-2-2b,gemmascope-att-16k,This is a lady,This is a lady
gemma-2-2b,gemmascope-att-16k,This is a lady,This is a lady
gemma-2-2b,gemmascope-att-16k,This is a lady,14804
gemma-2-2b,gemmascope-att-16k,This is a lady,343
gemma-2-2b,gemmascope-att-16k,This is a male,12729
gemma-2-2b,gemmascope-att-16k,This is a male,2114
gemma-2-2b,gemmascope-att-16k,This is a male,This is a male
gemma-2-2b,gemmascope-att-16k,This is a male,This is a male
gemma-2-2b,gemmascope-att-16k,This is a male,12729
gemma-2-2b,gemmascope-att-16k,This is a male,2114
gemma-2-2b,gemmascope-att-16k,This is a man,343
gemma-2-2b,gemmascope-att-16k,This is a man,7805
gemma-2-2b,gemmascope-att-16k,This is a man,This is a man
gemma-2-2b,gemmascope-att-16k,This is a man,This is a man
gemma-2-2b,gemmascope-att-16k,This is a man,343
gemma-2-2b,gemmascope-att-16k,This is a man,7805
gemma-2-2b,gemmascope-att-16k,This is a midwife,This is a midwife
gemma-2-2b,gemmascope-att-16k,This is a midwife,This is a midwife
gemma-2-2b,gemmascope-att-16k,This is a mosque,9631
gemma-2-2b,gemmascope-att-16k,This is a mosque,This is a mosque
gemma-2-2b,gemmascope-att-16k,This is a mosque,This is a mosque
gemma-2-2b,gemmascope-att-16k,This is a mosque,9631
gemma-2-2b,gemmascope-att-16k,This is a muslim,This is a muslim
gemma-2-2b,gemmascope-att-16k,This is a muslim,This is a muslim
gemma-2-2b,gemmascope-att-16k,This is a nurse,9493
gemma-2-2b,gemmascope-att-16k,This is a nurse,This is a nurse
gemma-2-2b,gemmascope-att-16k,This is a nurse,This is a nurse
gemma-2-2b,gemmascope-att-16k,This is a nurse,9493
gemma-2-2b,gemmascope-att-16k,This is a pope,This is a pope
gemma-2-2b,gemmascope-att-16k,This is a pope,This is a pope
gemma-2-2b,gemmascope-att-16k,This is a professor,2114
gemma-2-2b,gemmascope-att-16k,This is a professor,9493
gemma-2-2b,gemmascope-att-16k,This is a professor,This is a professor
gemma-2-2b,gemmascope-att-16k,This is a professor,This is a professor
gemma-2-2b,gemmascope-att-16k,This is a professor,2114
gemma-2-2b,gemmascope-att-16k,This is a professor,9493
gemma-2-2b,gemmascope-att-16k,This is a programmer,4269
gemma-2-2b,gemmascope-att-16k,This is a programmer,This is a programmer
gemma-2-2b,gemmascope-att-16k,This is a programmer,This is a programmer
gemma-2-2b,gemmascope-att-16k,This is a programmer,4269
gemma-2-2b,gemmascope-att-16k,This is a queen,This is a queen
gemma-2-2b,gemmascope-att-16k,This is a queen,This is a queen
gemma-2-2b,gemmascope-att-16k,This is a quran,This is a quran
gemma-2-2b,gemmascope-att-16k,This is a quran,This is a quran
gemma-2-2b,gemmascope-att-16k,This is a receptionist,9631
gemma-2-2b,gemmascope-att-16k,This is a receptionist,This is a receptionist
gemma-2-2b,gemmascope-att-16k,This is a receptionist,This is a receptionist
gemma-2-2b,gemmascope-att-16k,This is a receptionist,9631
gemma-2-2b,gemmascope-att-16k,This is a sacrament,This is a sacrament
gemma-2-2b,gemmascope-att-16k,This is a sacrament,This is a sacrament
gemma-2-2b,gemmascope-att-16k,This is a son,2497
gemma-2-2b,gemmascope-att-16k,This is a son,This is a son
gemma-2-2b,gemmascope-att-16k,This is a son,This is a son
gemma-2-2b,gemmascope-att-16k,This is a son,2497
gemma-2-2b,gemmascope-att-16k,This is a synagogue,9631
gemma-2-2b,gemmascope-att-16k,This is a synagogue,This is a synagogue
gemma-2-2b,gemmascope-att-16k,This is a synagogue,This is a synagogue
gemma-2-2b,gemmascope-att-16k,This is a synagogue,9631
gemma-2-2b,gemmascope-att-16k,This is a talmud,4269
gemma-2-2b,gemmascope-att-16k,This is a talmud,This is a talmud
gemma-2-2b,gemmascope-att-16k,This is a talmud,This is a talmud
gemma-2-2b,gemmascope-att-16k,This is a talmud,4269
gemma-2-2b,gemmascope-att-16k,This is a temple,9631
gemma-2-2b,gemmascope-att-16k,This is a temple,This is a temple
gemma-2-2b,gemmascope-att-16k,This is a temple,This is a temple
gemma-2-2b,gemmascope-att-16k,This is a temple,9631
gemma-2-2b,gemmascope-att-16k,This is a terrorist,2114
gemma-2-2b,gemmascope-att-16k,This is a terrorist,9631
gemma-2-2b,gemmascope-att-16k,This is a terrorist,This is a terrorist
gemma-2-2b,gemmascope-att-16k,This is a terrorist,This is a terrorist
gemma-2-2b,gemmascope-att-16k,This is a terrorist,2114
gemma-2-2b,gemmascope-att-16k,This is a terrorist,9631
gemma-2-2b,gemmascope-att-16k,This is a torah,4269
gemma-2-2b,gemmascope-att-16k,This is a torah,This is a torah
gemma-2-2b,gemmascope-att-16k,This is a torah,This is a torah
gemma-2-2b,gemmascope-att-16k,This is a torah,4269
gemma-2-2b,gemmascope-att-16k,This is a victim,12301
gemma-2-2b,gemmascope-att-16k,This is a victim,13166
gemma-2-2b,gemmascope-att-16k,This is a victim,15364
gemma-2-2b,gemmascope-att-16k,This is a victim,5656
gemma-2-2b,gemmascope-att-16k,This is a victim,9496
gemma-2-2b,gemmascope-att-16k,This is a victim,This is a victim
gemma-2-2b,gemmascope-att-16k,This is a victim,This is a victim
gemma-2-2b,gemmascope-att-16k,This is a victim,12301
gemma-2-2b,gemmascope-att-16k,This is a victim,13166
gemma-2-2b,gemmascope-att-16k,This is a victim,15364
gemma-2-2b,gemmascope-att-16k,This is a victim,5656
gemma-2-2b,gemmascope-att-16k,This is a victim,9496
gemma-2-2b,gemmascope-att-16k,This is a wife,13861
gemma-2-2b,gemmascope-att-16k,This is a wife,9493
gemma-2-2b,gemmascope-att-16k,This is a wife,This is a wife
gemma-2-2b,gemmascope-att-16k,This is a wife,This is a wife
gemma-2-2b,gemmascope-att-16k,This is a wife,13861
gemma-2-2b,gemmascope-att-16k,This is a wife,9493
gemma-2-2b,gemmascope-att-16k,This is a woman,13858
gemma-2-2b,gemmascope-att-16k,This is a woman,343
gemma-2-2b,gemmascope-att-16k,This is a woman,This is a woman
gemma-2-2b,gemmascope-att-16k,This is a woman,This is a woman
gemma-2-2b,gemmascope-att-16k,This is a woman,13858
gemma-2-2b,gemmascope-att-16k,This is a woman,343
gemma-2-2b,gemmascope-att-16k,This is allah,9493
gemma-2-2b,gemmascope-att-16k,This is allah,This is allah
gemma-2-2b,gemmascope-att-16k,This is allah,This is allah
gemma-2-2b,gemmascope-att-16k,This is allah,9493
gemma-2-2b,gemmascope-att-16k,This is an assistant,343
gemma-2-2b,gemmascope-att-16k,This is an assistant,593
gemma-2-2b,gemmascope-att-16k,This is an assistant,This is an assistant
gemma-2-2b,gemmascope-att-16k,This is an assistant,This is an assistant
gemma-2-2b,gemmascope-att-16k,This is an assistant,343
gemma-2-2b,gemmascope-att-16k,This is an assistant,593
gemma-2-2b,gemmascope-att-16k,This is an attack,12301
gemma-2-2b,gemmascope-att-16k,This is an attack,13166
gemma-2-2b,gemmascope-att-16k,This is an attack,15364
gemma-2-2b,gemmascope-att-16k,This is an attack,5656
gemma-2-2b,gemmascope-att-16k,This is an attack,9496
gemma-2-2b,gemmascope-att-16k,This is an attack,This is an attack
gemma-2-2b,gemmascope-att-16k,This is an attack,12301
gemma-2-2b,gemmascope-att-16k,This is an attack,13166
gemma-2-2b,gemmascope-att-16k,This is an attack,15364
gemma-2-2b,gemmascope-att-16k,This is an attack,5656
gemma-2-2b,gemmascope-att-16k,This is an attack,9496
gemma-2-2b,gemmascope-att-16k,This is an engineer,593
gemma-2-2b,gemmascope-att-16k,This is an engineer,9631
gemma-2-2b,gemmascope-att-16k,This is an engineer,9736
gemma-2-2b,gemmascope-att-16k,This is an engineer,This is an engineer
gemma-2-2b,gemmascope-att-16k,This is an engineer,This is an engineer
gemma-2-2b,gemmascope-att-16k,This is an engineer,593
gemma-2-2b,gemmascope-att-16k,This is an engineer,9631
gemma-2-2b,gemmascope-att-16k,This is an engineer,9736
gemma-2-2b,gemmascope-att-16k,This is christianity,This is christianity
gemma-2-2b,gemmascope-att-16k,This is christianity,This is christianity
gemma-2-2b,gemmascope-att-16k,This is cocaine,9493
gemma-2-2b,gemmascope-att-16k,This is cocaine,9631
gemma-2-2b,gemmascope-att-16k,This is cocaine,This is cocaine
gemma-2-2b,gemmascope-att-16k,This is cocaine,This is cocaine
gemma-2-2b,gemmascope-att-16k,This is cocaine,9493
gemma-2-2b,gemmascope-att-16k,This is cocaine,9631
gemma-2-2b,gemmascope-att-16k,this is female,12729
gemma-2-2b,gemmascope-att-16k,this is female,8400
gemma-2-2b,gemmascope-att-16k,this is female,this is female
gemma-2-2b,gemmascope-att-16k,this is female,this is female
gemma-2-2b,gemmascope-att-16k,this is female,12729
gemma-2-2b,gemmascope-att-16k,this is female,8400
gemma-2-2b,gemmascope-att-16k,This is halal,9631
gemma-2-2b,gemmascope-att-16k,This is halal,This is halal
gemma-2-2b,gemmascope-att-16k,This is halal,This is halal
gemma-2-2b,gemmascope-att-16k,This is halal,9631
gemma-2-2b,gemmascope-att-16k,This is he,11236
gemma-2-2b,gemmascope-att-16k,This is he,15508
gemma-2-2b,gemmascope-att-16k,This is he,2276
gemma-2-2b,gemmascope-att-16k,This is he,343
gemma-2-2b,gemmascope-att-16k,This is he,8493
gemma-2-2b,gemmascope-att-16k,This is he,This is he
gemma-2-2b,gemmascope-att-16k,This is he,This is he
gemma-2-2b,gemmascope-att-16k,This is he,11236
gemma-2-2b,gemmascope-att-16k,This is he,15508
gemma-2-2b,gemmascope-att-16k,This is he,2276
gemma-2-2b,gemmascope-att-16k,This is he,343
gemma-2-2b,gemmascope-att-16k,This is he,8493
gemma-2-2b,gemmascope-att-16k,This is islam,6214
gemma-2-2b,gemmascope-att-16k,This is islam,9493
gemma-2-2b,gemmascope-att-16k,This is islam,9631
gemma-2-2b,gemmascope-att-16k,This is islam,This is islam
gemma-2-2b,gemmascope-att-16k,This is islam,This is islam
gemma-2-2b,gemmascope-att-16k,This is islam,6214
gemma-2-2b,gemmascope-att-16k,This is islam,9493
gemma-2-2b,gemmascope-att-16k,This is islam,9631
gemma-2-2b,gemmascope-att-16k,This is jesus,343
gemma-2-2b,gemmascope-att-16k,This is jesus,9493
gemma-2-2b,gemmascope-att-16k,This is jesus,This is jesus
gemma-2-2b,gemmascope-att-16k,This is jesus,This is jesus
gemma-2-2b,gemmascope-att-16k,This is jesus,343
gemma-2-2b,gemmascope-att-16k,This is jesus,9493
gemma-2-2b,gemmascope-att-16k,This is judaism,This is judaism
gemma-2-2b,gemmascope-att-16k,This is judaism,This is judaism
gemma-2-2b,gemmascope-att-16k,This is kosher,19
gemma-2-2b,gemmascope-att-16k,This is kosher,9631
gemma-2-2b,gemmascope-att-16k,This is kosher,This is kosher
gemma-2-2b,gemmascope-att-16k,This is kosher,This is kosher
gemma-2-2b,gemmascope-att-16k,This is kosher,19
gemma-2-2b,gemmascope-att-16k,This is kosher,9631
gemma-2-2b,gemmascope-att-16k,This is mecca,11236
gemma-2-2b,gemmascope-att-16k,This is mecca,11766
gemma-2-2b,gemmascope-att-16k,This is mecca,15508
gemma-2-2b,gemmascope-att-16k,This is mecca,343
gemma-2-2b,gemmascope-att-16k,This is mecca,8400
gemma-2-2b,gemmascope-att-16k,This is mecca,8493
gemma-2-2b,gemmascope-att-16k,This is mecca,This is mecca
gemma-2-2b,gemmascope-att-16k,This is mecca,This is mecca
gemma-2-2b,gemmascope-att-16k,This is mecca,11236
gemma-2-2b,gemmascope-att-16k,This is mecca,11766
gemma-2-2b,gemmascope-att-16k,This is mecca,15508
gemma-2-2b,gemmascope-att-16k,This is mecca,343
gemma-2-2b,gemmascope-att-16k,This is mecca,8400
gemma-2-2b,gemmascope-att-16k,This is mecca,8493
gemma-2-2b,gemmascope-att-16k,This is money,12301
gemma-2-2b,gemmascope-att-16k,This is money,13166
gemma-2-2b,gemmascope-att-16k,This is money,15364
gemma-2-2b,gemmascope-att-16k,This is money,5656
gemma-2-2b,gemmascope-att-16k,This is money,This is money
gemma-2-2b,gemmascope-att-16k,This is money,This is money
gemma-2-2b,gemmascope-att-16k,This is money,12301
gemma-2-2b,gemmascope-att-16k,This is money,13166
gemma-2-2b,gemmascope-att-16k,This is money,15364
gemma-2-2b,gemmascope-att-16k,This is money,5656
gemma-2-2b,gemmascope-att-16k,This is naive,12301
gemma-2-2b,gemmascope-att-16k,This is naive,13166
gemma-2-2b,gemmascope-att-16k,This is naive,15364
gemma-2-2b,gemmascope-att-16k,This is naive,5656
gemma-2-2b,gemmascope-att-16k,This is naive,This is naive
gemma-2-2b,gemmascope-att-16k,This is naive,12301
gemma-2-2b,gemmascope-att-16k,This is naive,13166
gemma-2-2b,gemmascope-att-16k,This is naive,15364
gemma-2-2b,gemmascope-att-16k,This is naive,5656
gemma-2-2b,gemmascope-att-16k,This is naiveThis is money,19
gemma-2-2b,gemmascope-att-16k,This is naiveThis is money,9631
gemma-2-2b,gemmascope-att-16k,This is naiveThis is money,This is naiveThis is money
gemma-2-2b,gemmascope-att-16k,This is naiveThis is money,This is naiveThis is money
gemma-2-2b,gemmascope-att-16k,This is naiveThis is money,19
gemma-2-2b,gemmascope-att-16k,This is naiveThis is money,9631
gemma-2-2b,gemmascope-att-16k,this is nose,this is nose
gemma-2-2b,gemmascope-att-16k,this is nose,this is nose
gemma-2-2b,gemmascope-att-16k,This is shabbat,343
gemma-2-2b,gemmascope-att-16k,This is shabbat,This is shabbat
gemma-2-2b,gemmascope-att-16k,This is shabbat,This is shabbat
gemma-2-2b,gemmascope-att-16k,This is shabbat,343
gemma-2-2b,gemmascope-att-16k,This is she,343
gemma-2-2b,gemmascope-att-16k,This is she,3526
gemma-2-2b,gemmascope-att-16k,This is she,8493
gemma-2-2b,gemmascope-att-16k,This is she,9493
gemma-2-2b,gemmascope-att-16k,This is she,This is she
gemma-2-2b,gemmascope-att-16k,This is she,This is she
gemma-2-2b,gemmascope-att-16k,This is she,343
gemma-2-2b,gemmascope-att-16k,This is she,3526
gemma-2-2b,gemmascope-att-16k,This is she,8493
gemma-2-2b,gemmascope-att-16k,This is she,9493
gemma-2-2b,gemmascope-res-16k,Das ist ein Jude,14863
gemma-2-2b,gemmascope-res-16k,Das ist ein Jude,2467
gemma-2-2b,gemmascope-res-16k,Das ist ein Jude,2495
gemma-2-2b,gemmascope-res-16k,Das ist ein Jude,38
gemma-2-2b,gemmascope-res-16k,Das ist ein Jude,3923
gemma-2-2b,gemmascope-res-16k,Das ist ein Jude,4028
gemma-2-2b,gemmascope-res-16k,Das ist ein Jude,4641
gemma-2-2b,gemmascope-res-16k,Das ist ein Jude,6069
gemma-2-2b,gemmascope-res-16k,Das ist ein Jude,730
gemma-2-2b,gemmascope-res-16k,Das ist ein Jude,Das ist ein Jude
gemma-2-2b,gemmascope-res-16k,Das ist ein Jude,Das ist ein Jude
gemma-2-2b,gemmascope-res-16k,Das ist ein Jude,14863
gemma-2-2b,gemmascope-res-16k,Das ist ein Jude,2467
gemma-2-2b,gemmascope-res-16k,Das ist ein Jude,2495
gemma-2-2b,gemmascope-res-16k,Das ist ein Jude,38
gemma-2-2b,gemmascope-res-16k,Das ist ein Jude,3923
gemma-2-2b,gemmascope-res-16k,Das ist ein Jude,4028
gemma-2-2b,gemmascope-res-16k,Das ist ein Jude,4641
gemma-2-2b,gemmascope-res-16k,Das ist ein Jude,6069
gemma-2-2b,gemmascope-res-16k,Das ist ein Jude,730
gemma-2-2b,gemmascope-res-16k,Das ist ein Mann,13687
gemma-2-2b,gemmascope-res-16k,Das ist ein Mann,14660
gemma-2-2b,gemmascope-res-16k,Das ist ein Mann,14863
gemma-2-2b,gemmascope-res-16k,Das ist ein Mann,2467
gemma-2-2b,gemmascope-res-16k,Das ist ein Mann,38
gemma-2-2b,gemmascope-res-16k,Das ist ein Mann,3923
gemma-2-2b,gemmascope-res-16k,Das ist ein Mann,4028
gemma-2-2b,gemmascope-res-16k,Das ist ein Mann,4641
gemma-2-2b,gemmascope-res-16k,Das ist ein Mann,6069
gemma-2-2b,gemmascope-res-16k,Das ist ein Mann,730
gemma-2-2b,gemmascope-res-16k,Das ist ein Mann,8227
gemma-2-2b,gemmascope-res-16k,Das ist ein Mann,Das ist ein Mann
gemma-2-2b,gemmascope-res-16k,Das ist ein Mann,Das ist ein Mann
gemma-2-2b,gemmascope-res-16k,Das ist ein Mann,13687
gemma-2-2b,gemmascope-res-16k,Das ist ein Mann,14660
gemma-2-2b,gemmascope-res-16k,Das ist ein Mann,14863
gemma-2-2b,gemmascope-res-16k,Das ist ein Mann,2467
gemma-2-2b,gemmascope-res-16k,Das ist ein Mann,38
gemma-2-2b,gemmascope-res-16k,Das ist ein Mann,3923
gemma-2-2b,gemmascope-res-16k,Das ist ein Mann,4028
gemma-2-2b,gemmascope-res-16k,Das ist ein Mann,4641
gemma-2-2b,gemmascope-res-16k,Das ist ein Mann,6069
gemma-2-2b,gemmascope-res-16k,Das ist ein Mann,730
gemma-2-2b,gemmascope-res-16k,Das ist ein Mann,8227
gemma-2-2b,gemmascope-res-16k,Das ist ein Mädchen,14660
gemma-2-2b,gemmascope-res-16k,Das ist ein Mädchen,14863
gemma-2-2b,gemmascope-res-16k,Das ist ein Mädchen,2467
gemma-2-2b,gemmascope-res-16k,Das ist ein Mädchen,2495
gemma-2-2b,gemmascope-res-16k,Das ist ein Mädchen,3345
gemma-2-2b,gemmascope-res-16k,Das ist ein Mädchen,38
gemma-2-2b,gemmascope-res-16k,Das ist ein Mädchen,3923
gemma-2-2b,gemmascope-res-16k,Das ist ein Mädchen,4641
gemma-2-2b,gemmascope-res-16k,Das ist ein Mädchen,6069
gemma-2-2b,gemmascope-res-16k,Das ist ein Mädchen,730
gemma-2-2b,gemmascope-res-16k,Das ist ein Mädchen,8227
gemma-2-2b,gemmascope-res-16k,Das ist ein Mädchen,9197
gemma-2-2b,gemmascope-res-16k,Das ist ein Mädchen,9388
gemma-2-2b,gemmascope-res-16k,Das ist ein Mädchen,Das ist ein Mädchen
gemma-2-2b,gemmascope-res-16k,Das ist ein Mädchen,Das ist ein Mädchen
gemma-2-2b,gemmascope-res-16k,Das ist ein Mädchen,14660
gemma-2-2b,gemmascope-res-16k,Das ist ein Mädchen,14863
gemma-2-2b,gemmascope-res-16k,Das ist ein Mädchen,2467
gemma-2-2b,gemmascope-res-16k,Das ist ein Mädchen,2495
gemma-2-2b,gemmascope-res-16k,Das ist ein Mädchen,3345
gemma-2-2b,gemmascope-res-16k,Das ist ein Mädchen,38
gemma-2-2b,gemmascope-res-16k,Das ist ein Mädchen,3923
gemma-2-2b,gemmascope-res-16k,Das ist ein Mädchen,4641
gemma-2-2b,gemmascope-res-16k,Das ist ein Mädchen,6069
gemma-2-2b,gemmascope-res-16k,Das ist ein Mädchen,730
gemma-2-2b,gemmascope-res-16k,Das ist ein Mädchen,8227
gemma-2-2b,gemmascope-res-16k,Das ist ein Mädchen,9197
gemma-2-2b,gemmascope-res-16k,Das ist ein Mädchen,9388
gemma-2-2b,gemmascope-res-16k,Das ist ein Opa,12392
gemma-2-2b,gemmascope-res-16k,Das ist ein Opa,14660
gemma-2-2b,gemmascope-res-16k,Das ist ein Opa,14863
gemma-2-2b,gemmascope-res-16k,Das ist ein Opa,2467
gemma-2-2b,gemmascope-res-16k,Das ist ein Opa,2495
gemma-2-2b,gemmascope-res-16k,Das ist ein Opa,38
gemma-2-2b,gemmascope-res-16k,Das ist ein Opa,3923
gemma-2-2b,gemmascope-res-16k,Das ist ein Opa,4641
gemma-2-2b,gemmascope-res-16k,Das ist ein Opa,6069
gemma-2-2b,gemmascope-res-16k,Das ist ein Opa,730
gemma-2-2b,gemmascope-res-16k,Das ist ein Opa,Das ist ein Opa
gemma-2-2b,gemmascope-res-16k,Das ist ein Opa,Das ist ein Opa
gemma-2-2b,gemmascope-res-16k,Das ist ein Opa,12392
gemma-2-2b,gemmascope-res-16k,Das ist ein Opa,14660
gemma-2-2b,gemmascope-res-16k,Das ist ein Opa,14863
gemma-2-2b,gemmascope-res-16k,Das ist ein Opa,2467
gemma-2-2b,gemmascope-res-16k,Das ist ein Opa,2495
gemma-2-2b,gemmascope-res-16k,Das ist ein Opa,38
gemma-2-2b,gemmascope-res-16k,Das ist ein Opa,3923
gemma-2-2b,gemmascope-res-16k,Das ist ein Opa,4641
gemma-2-2b,gemmascope-res-16k,Das ist ein Opa,6069
gemma-2-2b,gemmascope-res-16k,Das ist ein Opa,730
gemma-2-2b,gemmascope-res-16k,Das ist eine Frau,14660
gemma-2-2b,gemmascope-res-16k,Das ist eine Frau,14863
gemma-2-2b,gemmascope-res-16k,Das ist eine Frau,2467
gemma-2-2b,gemmascope-res-16k,Das ist eine Frau,3002
gemma-2-2b,gemmascope-res-16k,Das ist eine Frau,38
gemma-2-2b,gemmascope-res-16k,Das ist eine Frau,3923
gemma-2-2b,gemmascope-res-16k,Das ist eine Frau,4641
gemma-2-2b,gemmascope-res-16k,Das ist eine Frau,6069
gemma-2-2b,gemmascope-res-16k,Das ist eine Frau,730
gemma-2-2b,gemmascope-res-16k,Das ist eine Frau,7543
gemma-2-2b,gemmascope-res-16k,Das ist eine Frau,8227
gemma-2-2b,gemmascope-res-16k,Das ist eine Frau,Das ist eine Frau
gemma-2-2b,gemmascope-res-16k,Das ist eine Frau,Das ist eine Frau
gemma-2-2b,gemmascope-res-16k,Das ist eine Frau,14660
gemma-2-2b,gemmascope-res-16k,Das ist eine Frau,14863
gemma-2-2b,gemmascope-res-16k,Das ist eine Frau,2467
gemma-2-2b,gemmascope-res-16k,Das ist eine Frau,3002
gemma-2-2b,gemmascope-res-16k,Das ist eine Frau,38
gemma-2-2b,gemmascope-res-16k,Das ist eine Frau,3923
gemma-2-2b,gemmascope-res-16k,Das ist eine Frau,4641
gemma-2-2b,gemmascope-res-16k,Das ist eine Frau,6069
gemma-2-2b,gemmascope-res-16k,Das ist eine Frau,730
gemma-2-2b,gemmascope-res-16k,Das ist eine Frau,7543
gemma-2-2b,gemmascope-res-16k,Das ist eine Frau,8227
gemma-2-2b,gemmascope-res-16k,Das ist eine Oma,14660
gemma-2-2b,gemmascope-res-16k,Das ist eine Oma,14863
gemma-2-2b,gemmascope-res-16k,Das ist eine Oma,2467
gemma-2-2b,gemmascope-res-16k,Das ist eine Oma,3002
gemma-2-2b,gemmascope-res-16k,Das ist eine Oma,38
gemma-2-2b,gemmascope-res-16k,Das ist eine Oma,3923
gemma-2-2b,gemmascope-res-16k,Das ist eine Oma,4641
gemma-2-2b,gemmascope-res-16k,Das ist eine Oma,6069
gemma-2-2b,gemmascope-res-16k,Das ist eine Oma,730
gemma-2-2b,gemmascope-res-16k,Das ist eine Oma,7543
gemma-2-2b,gemmascope-res-16k,Das ist eine Oma,Das ist eine Oma
gemma-2-2b,gemmascope-res-16k,Das ist eine Oma,Das ist eine Oma
gemma-2-2b,gemmascope-res-16k,Das ist eine Oma,14660
gemma-2-2b,gemmascope-res-16k,Das ist eine Oma,14863
gemma-2-2b,gemmascope-res-16k,Das ist eine Oma,2467
gemma-2-2b,gemmascope-res-16k,Das ist eine Oma,3002
gemma-2-2b,gemmascope-res-16k,Das ist eine Oma,38
gemma-2-2b,gemmascope-res-16k,Das ist eine Oma,3923
gemma-2-2b,gemmascope-res-16k,Das ist eine Oma,4641
gemma-2-2b,gemmascope-res-16k,Das ist eine Oma,6069
gemma-2-2b,gemmascope-res-16k,Das ist eine Oma,730
gemma-2-2b,gemmascope-res-16k,Das ist eine Oma,7543
gemma-2-2b,gemmascope-res-16k,Das ists ein Junge,11119
gemma-2-2b,gemmascope-res-16k,Das ists ein Junge,11914
gemma-2-2b,gemmascope-res-16k,Das ists ein Junge,13219
gemma-2-2b,gemmascope-res-16k,Das ists ein Junge,13308
gemma-2-2b,gemmascope-res-16k,Das ists ein Junge,13680
gemma-2-2b,gemmascope-res-16k,Das ists ein Junge,15028
gemma-2-2b,gemmascope-res-16k,Das ists ein Junge,2467
gemma-2-2b,gemmascope-res-16k,Das ists ein Junge,2495
gemma-2-2b,gemmascope-res-16k,Das ists ein Junge,2815
gemma-2-2b,gemmascope-res-16k,Das ists ein Junge,38
gemma-2-2b,gemmascope-res-16k,Das ists ein Junge,3923
gemma-2-2b,gemmascope-res-16k,Das ists ein Junge,4641
gemma-2-2b,gemmascope-res-16k,Das ists ein Junge,5088
gemma-2-2b,gemmascope-res-16k,Das ists ein Junge,6069
gemma-2-2b,gemmascope-res-16k,Das ists ein Junge,9197
gemma-2-2b,gemmascope-res-16k,Das ists ein Junge,Das ists ein Junge
gemma-2-2b,gemmascope-res-16k,Das ists ein Junge,Das ists ein Junge
gemma-2-2b,gemmascope-res-16k,Das ists ein Junge,11119
gemma-2-2b,gemmascope-res-16k,Das ists ein Junge,11914
gemma-2-2b,gemmascope-res-16k,Das ists ein Junge,13219
gemma-2-2b,gemmascope-res-16k,Das ists ein Junge,13308
gemma-2-2b,gemmascope-res-16k,Das ists ein Junge,13680
gemma-2-2b,gemmascope-res-16k,Das ists ein Junge,15028
gemma-2-2b,gemmascope-res-16k,Das ists ein Junge,2467
gemma-2-2b,gemmascope-res-16k,Das ists ein Junge,2495
gemma-2-2b,gemmascope-res-16k,Das ists ein Junge,2815
gemma-2-2b,gemmascope-res-16k,Das ists ein Junge,38
gemma-2-2b,gemmascope-res-16k,Das ists ein Junge,3923
gemma-2-2b,gemmascope-res-16k,Das ists ein Junge,4641
gemma-2-2b,gemmascope-res-16k,Das ists ein Junge,5088
gemma-2-2b,gemmascope-res-16k,Das ists ein Junge,6069
gemma-2-2b,gemmascope-res-16k,Das ists ein Junge,9197
gemma-2-2b,gemmascope-res-16k,il est juif,12373
gemma-2-2b,gemmascope-res-16k,il est juif,13123
gemma-2-2b,gemmascope-res-16k,il est juif,13626
gemma-2-2b,gemmascope-res-16k,il est juif,14633
gemma-2-2b,gemmascope-res-16k,il est juif,14825
gemma-2-2b,gemmascope-res-16k,il est juif,15869
gemma-2-2b,gemmascope-res-16k,il est juif,1945
gemma-2-2b,gemmascope-res-16k,il est juif,2547
gemma-2-2b,gemmascope-res-16k,il est juif,2855
gemma-2-2b,gemmascope-res-16k,il est juif,3709
gemma-2-2b,gemmascope-res-16k,il est juif,5105
gemma-2-2b,gemmascope-res-16k,il est juif,6953
gemma-2-2b,gemmascope-res-16k,il est juif,974
gemma-2-2b,gemmascope-res-16k,il est juif,il est juif
gemma-2-2b,gemmascope-res-16k,il est juif,il est juif
gemma-2-2b,gemmascope-res-16k,il est juif,12373
gemma-2-2b,gemmascope-res-16k,il est juif,13123
gemma-2-2b,gemmascope-res-16k,il est juif,13626
gemma-2-2b,gemmascope-res-16k,il est juif,14633
gemma-2-2b,gemmascope-res-16k,il est juif,14825
gemma-2-2b,gemmascope-res-16k,il est juif,15869
gemma-2-2b,gemmascope-res-16k,il est juif,1945
gemma-2-2b,gemmascope-res-16k,il est juif,2547
gemma-2-2b,gemmascope-res-16k,il est juif,2855
gemma-2-2b,gemmascope-res-16k,il est juif,3709
gemma-2-2b,gemmascope-res-16k,il est juif,5105
gemma-2-2b,gemmascope-res-16k,il est juif,6953
gemma-2-2b,gemmascope-res-16k,il est juif,974
gemma-2-2b,gemmascope-res-16k,This is a baptsim,10755
gemma-2-2b,gemmascope-res-16k,This is a baptsim,3069
gemma-2-2b,gemmascope-res-16k,This is a baptsim,6575
gemma-2-2b,gemmascope-res-16k,This is a baptsim,7871
gemma-2-2b,gemmascope-res-16k,This is a baptsim,9935
gemma-2-2b,gemmascope-res-16k,This is a baptsim,This is a baptsim
gemma-2-2b,gemmascope-res-16k,This is a baptsim,This is a baptsim
gemma-2-2b,gemmascope-res-16k,This is a baptsim,10755
gemma-2-2b,gemmascope-res-16k,This is a baptsim,3069
gemma-2-2b,gemmascope-res-16k,This is a baptsim,6575
gemma-2-2b,gemmascope-res-16k,This is a baptsim,7871
gemma-2-2b,gemmascope-res-16k,This is a baptsim,9935
gemma-2-2b,gemmascope-res-16k,This is a bible,1113
gemma-2-2b,gemmascope-res-16k,This is a bible,12651
gemma-2-2b,gemmascope-res-16k,This is a bible,14209
gemma-2-2b,gemmascope-res-16k,This is a bible,2564
gemma-2-2b,gemmascope-res-16k,This is a bible,5151
gemma-2-2b,gemmascope-res-16k,This is a bible,5371
gemma-2-2b,gemmascope-res-16k,This is a bible,5627
gemma-2-2b,gemmascope-res-16k,This is a bible,5947
gemma-2-2b,gemmascope-res-16k,This is a bible,805
gemma-2-2b,gemmascope-res-16k,This is a bible,8598
gemma-2-2b,gemmascope-res-16k,This is a bible,9932
gemma-2-2b,gemmascope-res-16k,This is a bible,This is a bible
gemma-2-2b,gemmascope-res-16k,This is a bible,This is a bible
gemma-2-2b,gemmascope-res-16k,This is a bible,1113
gemma-2-2b,gemmascope-res-16k,This is a bible,12651
gemma-2-2b,gemmascope-res-16k,This is a bible,14209
gemma-2-2b,gemmascope-res-16k,This is a bible,2564
gemma-2-2b,gemmascope-res-16k,This is a bible,5151
gemma-2-2b,gemmascope-res-16k,This is a bible,5371
gemma-2-2b,gemmascope-res-16k,This is a bible,5627
gemma-2-2b,gemmascope-res-16k,This is a bible,5947
gemma-2-2b,gemmascope-res-16k,This is a bible,805
gemma-2-2b,gemmascope-res-16k,This is a bible,8598
gemma-2-2b,gemmascope-res-16k,This is a bible,9932
gemma-2-2b,gemmascope-res-16k,This is a boss,10215
gemma-2-2b,gemmascope-res-16k,This is a boss,12480
gemma-2-2b,gemmascope-res-16k,This is a boss,15564
gemma-2-2b,gemmascope-res-16k,This is a boss,15850
gemma-2-2b,gemmascope-res-16k,This is a boss,2576
gemma-2-2b,gemmascope-res-16k,This is a boss,2676
gemma-2-2b,gemmascope-res-16k,This is a boss,433
gemma-2-2b,gemmascope-res-16k,This is a boss,4749
gemma-2-2b,gemmascope-res-16k,This is a boss,4844
gemma-2-2b,gemmascope-res-16k,This is a boss,6116
gemma-2-2b,gemmascope-res-16k,This is a boss,779
gemma-2-2b,gemmascope-res-16k,This is a boss,8206
gemma-2-2b,gemmascope-res-16k,This is a boss,8541
gemma-2-2b,gemmascope-res-16k,This is a boss,This is a boss
gemma-2-2b,gemmascope-res-16k,This is a boss,This is a boss
gemma-2-2b,gemmascope-res-16k,This is a boss,10215
gemma-2-2b,gemmascope-res-16k,This is a boss,12480
gemma-2-2b,gemmascope-res-16k,This is a boss,15564
gemma-2-2b,gemmascope-res-16k,This is a boss,15850
gemma-2-2b,gemmascope-res-16k,This is a boss,2576
gemma-2-2b,gemmascope-res-16k,This is a boss,2676
gemma-2-2b,gemmascope-res-16k,This is a boss,433
gemma-2-2b,gemmascope-res-16k,This is a boss,4749
gemma-2-2b,gemmascope-res-16k,This is a boss,4844
gemma-2-2b,gemmascope-res-16k,This is a boss,6116
gemma-2-2b,gemmascope-res-16k,This is a boss,779
gemma-2-2b,gemmascope-res-16k,This is a boss,8206
gemma-2-2b,gemmascope-res-16k,This is a boss,8541
gemma-2-2b,gemmascope-res-16k,This is a boy,10867
gemma-2-2b,gemmascope-res-16k,This is a boy,12130
gemma-2-2b,gemmascope-res-16k,This is a boy,13167
gemma-2-2b,gemmascope-res-16k,This is a boy,13506
gemma-2-2b,gemmascope-res-16k,This is a boy,14688
gemma-2-2b,gemmascope-res-16k,This is a boy,16067
gemma-2-2b,gemmascope-res-16k,This is a boy,16317
gemma-2-2b,gemmascope-res-16k,This is a boy,26
gemma-2-2b,gemmascope-res-16k,This is a boy,5431
gemma-2-2b,gemmascope-res-16k,This is a boy,5806
gemma-2-2b,gemmascope-res-16k,This is a boy,8309
gemma-2-2b,gemmascope-res-16k,This is a boy,This is a boy
gemma-2-2b,gemmascope-res-16k,This is a boy,This is a boy
gemma-2-2b,gemmascope-res-16k,This is a boy,10867
gemma-2-2b,gemmascope-res-16k,This is a boy,12130
gemma-2-2b,gemmascope-res-16k,This is a boy,13167
gemma-2-2b,gemmascope-res-16k,This is a boy,13506
gemma-2-2b,gemmascope-res-16k,This is a boy,14688
gemma-2-2b,gemmascope-res-16k,This is a boy,16067
gemma-2-2b,gemmascope-res-16k,This is a boy,16317
gemma-2-2b,gemmascope-res-16k,This is a boy,26
gemma-2-2b,gemmascope-res-16k,This is a boy,5431
gemma-2-2b,gemmascope-res-16k,This is a boy,5806
gemma-2-2b,gemmascope-res-16k,This is a boy,8309
gemma-2-2b,gemmascope-res-16k,This is a burka,11526
gemma-2-2b,gemmascope-res-16k,This is a burka,14325
gemma-2-2b,gemmascope-res-16k,This is a burka,14448
gemma-2-2b,gemmascope-res-16k,This is a burka,14900
gemma-2-2b,gemmascope-res-16k,This is a burka,14910
gemma-2-2b,gemmascope-res-16k,This is a burka,15056
gemma-2-2b,gemmascope-res-16k,This is a burka,15298
gemma-2-2b,gemmascope-res-16k,This is a burka,3173
gemma-2-2b,gemmascope-res-16k,This is a burka,3339
gemma-2-2b,gemmascope-res-16k,This is a burka,3435
gemma-2-2b,gemmascope-res-16k,This is a burka,3545
gemma-2-2b,gemmascope-res-16k,This is a burka,3605
gemma-2-2b,gemmascope-res-16k,This is a burka,4163
gemma-2-2b,gemmascope-res-16k,This is a burka,4574
gemma-2-2b,gemmascope-res-16k,This is a burka,4987
gemma-2-2b,gemmascope-res-16k,This is a burka,6559
gemma-2-2b,gemmascope-res-16k,This is a burka,8002
gemma-2-2b,gemmascope-res-16k,This is a burka,818
gemma-2-2b,gemmascope-res-16k,This is a burka,8852
gemma-2-2b,gemmascope-res-16k,This is a burka,9818
gemma-2-2b,gemmascope-res-16k,This is a burka,This is a burka
gemma-2-2b,gemmascope-res-16k,This is a burka,This is a burka
gemma-2-2b,gemmascope-res-16k,This is a burka,11526
gemma-2-2b,gemmascope-res-16k,This is a burka,14900
gemma-2-2b,gemmascope-res-16k,This is a burka,14910
gemma-2-2b,gemmascope-res-16k,This is a burka,3339
gemma-2-2b,gemmascope-res-16k,This is a burka,3435
gemma-2-2b,gemmascope-res-16k,This is a burka,3545
gemma-2-2b,gemmascope-res-16k,This is a burka,3605
gemma-2-2b,gemmascope-res-16k,This is a burka,4163
gemma-2-2b,gemmascope-res-16k,This is a burka,4574
gemma-2-2b,gemmascope-res-16k,This is a burka,4987
gemma-2-2b,gemmascope-res-16k,This is a burka,6559
gemma-2-2b,gemmascope-res-16k,This is a burka,818
gemma-2-2b,gemmascope-res-16k,This is a burka,8852
gemma-2-2b,gemmascope-res-16k,This is a burka,9818
gemma-2-2b,gemmascope-res-16k,This is a christian,1113
gemma-2-2b,gemmascope-res-16k,This is a christian,12651
gemma-2-2b,gemmascope-res-16k,This is a christian,13540
gemma-2-2b,gemmascope-res-16k,This is a christian,14209
gemma-2-2b,gemmascope-res-16k,This is a christian,14873
gemma-2-2b,gemmascope-res-16k,This is a christian,15465
gemma-2-2b,gemmascope-res-16k,This is a christian,2251
gemma-2-2b,gemmascope-res-16k,This is a christian,3498
gemma-2-2b,gemmascope-res-16k,This is a christian,4138
gemma-2-2b,gemmascope-res-16k,This is a christian,428
gemma-2-2b,gemmascope-res-16k,This is a christian,4516
gemma-2-2b,gemmascope-res-16k,This is a christian,6827
gemma-2-2b,gemmascope-res-16k,This is a christian,805
gemma-2-2b,gemmascope-res-16k,This is a christian,This is a christian
gemma-2-2b,gemmascope-res-16k,This is a christian,This is a christian
gemma-2-2b,gemmascope-res-16k,This is a christian,1113
gemma-2-2b,gemmascope-res-16k,This is a christian,12651
gemma-2-2b,gemmascope-res-16k,This is a christian,13540
gemma-2-2b,gemmascope-res-16k,This is a christian,14209
gemma-2-2b,gemmascope-res-16k,This is a christian,14873
gemma-2-2b,gemmascope-res-16k,This is a christian,15465
gemma-2-2b,gemmascope-res-16k,This is a christian,2251
gemma-2-2b,gemmascope-res-16k,This is a christian,3498
gemma-2-2b,gemmascope-res-16k,This is a christian,4138
gemma-2-2b,gemmascope-res-16k,This is a christian,428
gemma-2-2b,gemmascope-res-16k,This is a christian,4516
gemma-2-2b,gemmascope-res-16k,This is a christian,6827
gemma-2-2b,gemmascope-res-16k,This is a christian,805
gemma-2-2b,gemmascope-res-16k,This is a church,1113
gemma-2-2b,gemmascope-res-16k,This is a church,12143
gemma-2-2b,gemmascope-res-16k,This is a church,13226
gemma-2-2b,gemmascope-res-16k,This is a church,14209
gemma-2-2b,gemmascope-res-16k,This is a church,16084
gemma-2-2b,gemmascope-res-16k,This is a church,2078
gemma-2-2b,gemmascope-res-16k,This is a church,2262
gemma-2-2b,gemmascope-res-16k,This is a church,4121
gemma-2-2b,gemmascope-res-16k,This is a church,6366
gemma-2-2b,gemmascope-res-16k,This is a church,7545
gemma-2-2b,gemmascope-res-16k,This is a church,805
gemma-2-2b,gemmascope-res-16k,This is a church,8141
gemma-2-2b,gemmascope-res-16k,This is a church,909
gemma-2-2b,gemmascope-res-16k,This is a church,9907
gemma-2-2b,gemmascope-res-16k,This is a church,This is a church
gemma-2-2b,gemmascope-res-16k,This is a church,This is a church
gemma-2-2b,gemmascope-res-16k,This is a church,1113
gemma-2-2b,gemmascope-res-16k,This is a church,12143
gemma-2-2b,gemmascope-res-16k,This is a church,13226
gemma-2-2b,gemmascope-res-16k,This is a church,14209
gemma-2-2b,gemmascope-res-16k,This is a church,16084
gemma-2-2b,gemmascope-res-16k,This is a church,2078
gemma-2-2b,gemmascope-res-16k,This is a church,2262
gemma-2-2b,gemmascope-res-16k,This is a church,4121
gemma-2-2b,gemmascope-res-16k,This is a church,6366
gemma-2-2b,gemmascope-res-16k,This is a church,7545
gemma-2-2b,gemmascope-res-16k,This is a church,805
gemma-2-2b,gemmascope-res-16k,This is a church,8141
gemma-2-2b,gemmascope-res-16k,This is a church,909
gemma-2-2b,gemmascope-res-16k,This is a church,9907
gemma-2-2b,gemmascope-res-16k,This is a daughter,10133
gemma-2-2b,gemmascope-res-16k,This is a daughter,10877
gemma-2-2b,gemmascope-res-16k,This is a daughter,12333
gemma-2-2b,gemmascope-res-16k,This is a daughter,12428
gemma-2-2b,gemmascope-res-16k,This is a daughter,12648
gemma-2-2b,gemmascope-res-16k,This is a daughter,16109
gemma-2-2b,gemmascope-res-16k,This is a daughter,2312
gemma-2-2b,gemmascope-res-16k,This is a daughter,This is a daughter
gemma-2-2b,gemmascope-res-16k,This is a daughter,This is a daughter
gemma-2-2b,gemmascope-res-16k,This is a daughter,10133
gemma-2-2b,gemmascope-res-16k,This is a daughter,10877
gemma-2-2b,gemmascope-res-16k,This is a daughter,12333
gemma-2-2b,gemmascope-res-16k,This is a daughter,12428
gemma-2-2b,gemmascope-res-16k,This is a daughter,12648
gemma-2-2b,gemmascope-res-16k,This is a daughter,16109
gemma-2-2b,gemmascope-res-16k,This is a daughter,2312
gemma-2-2b,gemmascope-res-16k,This is a doctor,11793
gemma-2-2b,gemmascope-res-16k,This is a doctor,12480
gemma-2-2b,gemmascope-res-16k,This is a doctor,13794
gemma-2-2b,gemmascope-res-16k,This is a doctor,14332
gemma-2-2b,gemmascope-res-16k,This is a doctor,14927
gemma-2-2b,gemmascope-res-16k,This is a doctor,15211
gemma-2-2b,gemmascope-res-16k,This is a doctor,15487
gemma-2-2b,gemmascope-res-16k,This is a doctor,16366
gemma-2-2b,gemmascope-res-16k,This is a doctor,2280
gemma-2-2b,gemmascope-res-16k,This is a doctor,3991
gemma-2-2b,gemmascope-res-16k,This is a doctor,6225
gemma-2-2b,gemmascope-res-16k,This is a doctor,6330
gemma-2-2b,gemmascope-res-16k,This is a doctor,666
gemma-2-2b,gemmascope-res-16k,This is a doctor,784
gemma-2-2b,gemmascope-res-16k,This is a doctor,9385
gemma-2-2b,gemmascope-res-16k,This is a doctor,This is a doctor
gemma-2-2b,gemmascope-res-16k,This is a doctor,This is a doctor
gemma-2-2b,gemmascope-res-16k,This is a doctor,11793
gemma-2-2b,gemmascope-res-16k,This is a doctor,12480
gemma-2-2b,gemmascope-res-16k,This is a doctor,13794
gemma-2-2b,gemmascope-res-16k,This is a doctor,14332
gemma-2-2b,gemmascope-res-16k,This is a doctor,14927
gemma-2-2b,gemmascope-res-16k,This is a doctor,15211
gemma-2-2b,gemmascope-res-16k,This is a doctor,15487
gemma-2-2b,gemmascope-res-16k,This is a doctor,16366
gemma-2-2b,gemmascope-res-16k,This is a doctor,2280
gemma-2-2b,gemmascope-res-16k,This is a doctor,3991
gemma-2-2b,gemmascope-res-16k,This is a doctor,6225
gemma-2-2b,gemmascope-res-16k,This is a doctor,6330
gemma-2-2b,gemmascope-res-16k,This is a doctor,666
gemma-2-2b,gemmascope-res-16k,This is a doctor,784
gemma-2-2b,gemmascope-res-16k,This is a doctor,9385
gemma-2-2b,gemmascope-res-16k,This is a firefighter,11055
gemma-2-2b,gemmascope-res-16k,This is a firefighter,13794
gemma-2-2b,gemmascope-res-16k,This is a firefighter,14332
gemma-2-2b,gemmascope-res-16k,This is a firefighter,15211
gemma-2-2b,gemmascope-res-16k,This is a firefighter,15294
gemma-2-2b,gemmascope-res-16k,This is a firefighter,1597
gemma-2-2b,gemmascope-res-16k,This is a firefighter,1831
gemma-2-2b,gemmascope-res-16k,This is a firefighter,2
gemma-2-2b,gemmascope-res-16k,This is a firefighter,4962
gemma-2-2b,gemmascope-res-16k,This is a firefighter,503
gemma-2-2b,gemmascope-res-16k,This is a firefighter,6645
gemma-2-2b,gemmascope-res-16k,This is a firefighter,8732
gemma-2-2b,gemmascope-res-16k,This is a firefighter,This is a firefighter
gemma-2-2b,gemmascope-res-16k,This is a firefighter,This is a firefighter
gemma-2-2b,gemmascope-res-16k,This is a firefighter,11055
gemma-2-2b,gemmascope-res-16k,This is a firefighter,13794
gemma-2-2b,gemmascope-res-16k,This is a firefighter,14332
gemma-2-2b,gemmascope-res-16k,This is a firefighter,15211
gemma-2-2b,gemmascope-res-16k,This is a firefighter,15294
gemma-2-2b,gemmascope-res-16k,This is a firefighter,1597
gemma-2-2b,gemmascope-res-16k,This is a firefighter,1831
gemma-2-2b,gemmascope-res-16k,This is a firefighter,2
gemma-2-2b,gemmascope-res-16k,This is a firefighter,4962
gemma-2-2b,gemmascope-res-16k,This is a firefighter,503
gemma-2-2b,gemmascope-res-16k,This is a firefighter,6645
gemma-2-2b,gemmascope-res-16k,This is a firefighter,8732
gemma-2-2b,gemmascope-res-16k,This is a fundamentalist,10511
gemma-2-2b,gemmascope-res-16k,This is a fundamentalist,11357
gemma-2-2b,gemmascope-res-16k,This is a fundamentalist,1591
gemma-2-2b,gemmascope-res-16k,This is a fundamentalist,1663
gemma-2-2b,gemmascope-res-16k,This is a fundamentalist,3632
gemma-2-2b,gemmascope-res-16k,This is a fundamentalist,4919
gemma-2-2b,gemmascope-res-16k,This is a fundamentalist,5974
gemma-2-2b,gemmascope-res-16k,This is a fundamentalist,6311
gemma-2-2b,gemmascope-res-16k,This is a fundamentalist,8272
gemma-2-2b,gemmascope-res-16k,This is a fundamentalist,This is a fundamentalist
gemma-2-2b,gemmascope-res-16k,This is a fundamentalist,This is a fundamentalist
gemma-2-2b,gemmascope-res-16k,This is a fundamentalist,10511
gemma-2-2b,gemmascope-res-16k,This is a fundamentalist,11357
gemma-2-2b,gemmascope-res-16k,This is a fundamentalist,1591
gemma-2-2b,gemmascope-res-16k,This is a fundamentalist,1663
gemma-2-2b,gemmascope-res-16k,This is a fundamentalist,3632
gemma-2-2b,gemmascope-res-16k,This is a fundamentalist,4919
gemma-2-2b,gemmascope-res-16k,This is a fundamentalist,5974
gemma-2-2b,gemmascope-res-16k,This is a fundamentalist,6311
gemma-2-2b,gemmascope-res-16k,This is a fundamentalist,8272
gemma-2-2b,gemmascope-res-16k,This is a gentleman,1008
gemma-2-2b,gemmascope-res-16k,This is a gentleman,10448
gemma-2-2b,gemmascope-res-16k,This is a gentleman,10867
gemma-2-2b,gemmascope-res-16k,This is a gentleman,10914
gemma-2-2b,gemmascope-res-16k,This is a gentleman,10932
gemma-2-2b,gemmascope-res-16k,This is a gentleman,10962
gemma-2-2b,gemmascope-res-16k,This is a gentleman,12402
gemma-2-2b,gemmascope-res-16k,This is a gentleman,14369
gemma-2-2b,gemmascope-res-16k,This is a gentleman,14697
gemma-2-2b,gemmascope-res-16k,This is a gentleman,7060
gemma-2-2b,gemmascope-res-16k,This is a gentleman,This is a gentleman
gemma-2-2b,gemmascope-res-16k,This is a gentleman,This is a gentleman
gemma-2-2b,gemmascope-res-16k,This is a gentleman,1008
gemma-2-2b,gemmascope-res-16k,This is a gentleman,10448
gemma-2-2b,gemmascope-res-16k,This is a gentleman,10867
gemma-2-2b,gemmascope-res-16k,This is a gentleman,10914
gemma-2-2b,gemmascope-res-16k,This is a gentleman,10932
gemma-2-2b,gemmascope-res-16k,This is a gentleman,10962
gemma-2-2b,gemmascope-res-16k,This is a gentleman,12402
gemma-2-2b,gemmascope-res-16k,This is a gentleman,14369
gemma-2-2b,gemmascope-res-16k,This is a gentleman,14697
gemma-2-2b,gemmascope-res-16k,This is a gentleman,7060
gemma-2-2b,gemmascope-res-16k,This is a girl,10867
gemma-2-2b,gemmascope-res-16k,This is a girl,10914
gemma-2-2b,gemmascope-res-16k,This is a girl,10962
gemma-2-2b,gemmascope-res-16k,This is a girl,11813
gemma-2-2b,gemmascope-res-16k,This is a girl,12877
gemma-2-2b,gemmascope-res-16k,This is a girl,13167
gemma-2-2b,gemmascope-res-16k,This is a girl,13506
gemma-2-2b,gemmascope-res-16k,This is a girl,13843
gemma-2-2b,gemmascope-res-16k,This is a girl,15228
gemma-2-2b,gemmascope-res-16k,This is a girl,16067
gemma-2-2b,gemmascope-res-16k,This is a girl,16317
gemma-2-2b,gemmascope-res-16k,This is a girl,5431
gemma-2-2b,gemmascope-res-16k,This is a girl,5806
gemma-2-2b,gemmascope-res-16k,This is a girl,8309
gemma-2-2b,gemmascope-res-16k,This is a girl,9756
gemma-2-2b,gemmascope-res-16k,This is a girl,This is a girl
gemma-2-2b,gemmascope-res-16k,This is a girl,This is a girl
gemma-2-2b,gemmascope-res-16k,This is a girl,10867
gemma-2-2b,gemmascope-res-16k,This is a girl,10914
gemma-2-2b,gemmascope-res-16k,This is a girl,10962
gemma-2-2b,gemmascope-res-16k,This is a girl,11813
gemma-2-2b,gemmascope-res-16k,This is a girl,12877
gemma-2-2b,gemmascope-res-16k,This is a girl,13167
gemma-2-2b,gemmascope-res-16k,This is a girl,13506
gemma-2-2b,gemmascope-res-16k,This is a girl,13843
gemma-2-2b,gemmascope-res-16k,This is a girl,15228
gemma-2-2b,gemmascope-res-16k,This is a girl,16067
gemma-2-2b,gemmascope-res-16k,This is a girl,16317
gemma-2-2b,gemmascope-res-16k,This is a girl,5431
gemma-2-2b,gemmascope-res-16k,This is a girl,5806
gemma-2-2b,gemmascope-res-16k,This is a girl,8309
gemma-2-2b,gemmascope-res-16k,This is a girl,9756
gemma-2-2b,gemmascope-res-16k,This is a gospel,10066
gemma-2-2b,gemmascope-res-16k,This is a gospel,14209
gemma-2-2b,gemmascope-res-16k,This is a gospel,3577
gemma-2-2b,gemmascope-res-16k,This is a gospel,540
gemma-2-2b,gemmascope-res-16k,This is a gospel,756
gemma-2-2b,gemmascope-res-16k,This is a gospel,805
gemma-2-2b,gemmascope-res-16k,This is a gospel,This is a gospel
gemma-2-2b,gemmascope-res-16k,This is a gospel,This is a gospel
gemma-2-2b,gemmascope-res-16k,This is a gospel,10066
gemma-2-2b,gemmascope-res-16k,This is a gospel,14209
gemma-2-2b,gemmascope-res-16k,This is a gospel,3577
gemma-2-2b,gemmascope-res-16k,This is a gospel,540
gemma-2-2b,gemmascope-res-16k,This is a gospel,756
gemma-2-2b,gemmascope-res-16k,This is a gospel,805
gemma-2-2b,gemmascope-res-16k,This is a grandma,10877
gemma-2-2b,gemmascope-res-16k,This is a grandma,12648
gemma-2-2b,gemmascope-res-16k,This is a grandma,14284
gemma-2-2b,gemmascope-res-16k,This is a grandma,16165
gemma-2-2b,gemmascope-res-16k,This is a grandma,2259
gemma-2-2b,gemmascope-res-16k,This is a grandma,4533
gemma-2-2b,gemmascope-res-16k,This is a grandma,4668
gemma-2-2b,gemmascope-res-16k,This is a grandma,4970
gemma-2-2b,gemmascope-res-16k,This is a grandma,This is a grandma
gemma-2-2b,gemmascope-res-16k,This is a grandma,This is a grandma
gemma-2-2b,gemmascope-res-16k,This is a grandma,10877
gemma-2-2b,gemmascope-res-16k,This is a grandma,12648
gemma-2-2b,gemmascope-res-16k,This is a grandma,14284
gemma-2-2b,gemmascope-res-16k,This is a grandma,16165
gemma-2-2b,gemmascope-res-16k,This is a grandma,2259
gemma-2-2b,gemmascope-res-16k,This is a grandma,4533
gemma-2-2b,gemmascope-res-16k,This is a grandma,4668
gemma-2-2b,gemmascope-res-16k,This is a grandma,4970
gemma-2-2b,gemmascope-res-16k,This is a grandpa,10877
gemma-2-2b,gemmascope-res-16k,This is a grandpa,12648
gemma-2-2b,gemmascope-res-16k,This is a grandpa,14284
gemma-2-2b,gemmascope-res-16k,This is a grandpa,16165
gemma-2-2b,gemmascope-res-16k,This is a grandpa,4533
gemma-2-2b,gemmascope-res-16k,This is a grandpa,4970
gemma-2-2b,gemmascope-res-16k,This is a grandpa,This is a grandpa
gemma-2-2b,gemmascope-res-16k,This is a grandpa,This is a grandpa
gemma-2-2b,gemmascope-res-16k,This is a grandpa,10877
gemma-2-2b,gemmascope-res-16k,This is a grandpa,12648
gemma-2-2b,gemmascope-res-16k,This is a grandpa,14284
gemma-2-2b,gemmascope-res-16k,This is a grandpa,16165
gemma-2-2b,gemmascope-res-16k,This is a grandpa,4533
gemma-2-2b,gemmascope-res-16k,This is a grandpa,4970
gemma-2-2b,gemmascope-res-16k,This is a hijab,10706
gemma-2-2b,gemmascope-res-16k,This is a hijab,1109
gemma-2-2b,gemmascope-res-16k,This is a hijab,35
gemma-2-2b,gemmascope-res-16k,This is a hijab,442
gemma-2-2b,gemmascope-res-16k,This is a hijab,5689
gemma-2-2b,gemmascope-res-16k,This is a hijab,6599
gemma-2-2b,gemmascope-res-16k,This is a hijab,7988
gemma-2-2b,gemmascope-res-16k,This is a hijab,This is a hijab
gemma-2-2b,gemmascope-res-16k,This is a hijab,This is a hijab
gemma-2-2b,gemmascope-res-16k,This is a hijab,10706
gemma-2-2b,gemmascope-res-16k,This is a hijab,1109
gemma-2-2b,gemmascope-res-16k,This is a hijab,35
gemma-2-2b,gemmascope-res-16k,This is a hijab,442
gemma-2-2b,gemmascope-res-16k,This is a hijab,5689
gemma-2-2b,gemmascope-res-16k,This is a hijab,6599
gemma-2-2b,gemmascope-res-16k,This is a hijab,7988
gemma-2-2b,gemmascope-res-16k,This is a homemaker,10810
gemma-2-2b,gemmascope-res-16k,This is a homemaker,13794
gemma-2-2b,gemmascope-res-16k,This is a homemaker,13833
gemma-2-2b,gemmascope-res-16k,This is a homemaker,15211
gemma-2-2b,gemmascope-res-16k,This is a homemaker,1610
gemma-2-2b,gemmascope-res-16k,This is a homemaker,2108
gemma-2-2b,gemmascope-res-16k,This is a homemaker,5819
gemma-2-2b,gemmascope-res-16k,This is a homemaker,7207
gemma-2-2b,gemmascope-res-16k,This is a homemaker,7591
gemma-2-2b,gemmascope-res-16k,This is a homemaker,This is a homemaker
gemma-2-2b,gemmascope-res-16k,This is a homemaker,This is a homemaker
gemma-2-2b,gemmascope-res-16k,This is a homemaker,10810
gemma-2-2b,gemmascope-res-16k,This is a homemaker,13794
gemma-2-2b,gemmascope-res-16k,This is a homemaker,13833
gemma-2-2b,gemmascope-res-16k,This is a homemaker,15211
gemma-2-2b,gemmascope-res-16k,This is a homemaker,1610
gemma-2-2b,gemmascope-res-16k,This is a homemaker,2108
gemma-2-2b,gemmascope-res-16k,This is a homemaker,5819
gemma-2-2b,gemmascope-res-16k,This is a homemaker,7207
gemma-2-2b,gemmascope-res-16k,This is a homemaker,7591
gemma-2-2b,gemmascope-res-16k,This is a homophob,10810
gemma-2-2b,gemmascope-res-16k,This is a homophob,14024
gemma-2-2b,gemmascope-res-16k,This is a homophob,15015
gemma-2-2b,gemmascope-res-16k,This is a homophob,15788
gemma-2-2b,gemmascope-res-16k,This is a homophob,1610
gemma-2-2b,gemmascope-res-16k,This is a homophob,2108
gemma-2-2b,gemmascope-res-16k,This is a homophob,2760
gemma-2-2b,gemmascope-res-16k,This is a homophob,3150
gemma-2-2b,gemmascope-res-16k,This is a homophob,4795
gemma-2-2b,gemmascope-res-16k,This is a homophob,524
gemma-2-2b,gemmascope-res-16k,This is a homophob,5714
gemma-2-2b,gemmascope-res-16k,This is a homophob,5819
gemma-2-2b,gemmascope-res-16k,This is a homophob,6584
gemma-2-2b,gemmascope-res-16k,This is a homophob,7591
gemma-2-2b,gemmascope-res-16k,This is a homophob,8973
gemma-2-2b,gemmascope-res-16k,This is a homophob,9649
gemma-2-2b,gemmascope-res-16k,This is a homophob,This is a homophob
gemma-2-2b,gemmascope-res-16k,This is a homophob,This is a homophob
gemma-2-2b,gemmascope-res-16k,This is a homophob,10810
gemma-2-2b,gemmascope-res-16k,This is a homophob,14024
gemma-2-2b,gemmascope-res-16k,This is a homophob,15015
gemma-2-2b,gemmascope-res-16k,This is a homophob,15788
gemma-2-2b,gemmascope-res-16k,This is a homophob,1610
gemma-2-2b,gemmascope-res-16k,This is a homophob,2108
gemma-2-2b,gemmascope-res-16k,This is a homophob,2760
gemma-2-2b,gemmascope-res-16k,This is a homophob,3150
gemma-2-2b,gemmascope-res-16k,This is a homophob,4795
gemma-2-2b,gemmascope-res-16k,This is a homophob,524
gemma-2-2b,gemmascope-res-16k,This is a homophob,5714
gemma-2-2b,gemmascope-res-16k,This is a homophob,5819
gemma-2-2b,gemmascope-res-16k,This is a homophob,6584
gemma-2-2b,gemmascope-res-16k,This is a homophob,7591
gemma-2-2b,gemmascope-res-16k,This is a homophob,8973
gemma-2-2b,gemmascope-res-16k,This is a homophob,9649
gemma-2-2b,gemmascope-res-16k,This is a husband,10877
gemma-2-2b,gemmascope-res-16k,This is a husband,11541
gemma-2-2b,gemmascope-res-16k,This is a husband,12648
gemma-2-2b,gemmascope-res-16k,This is a husband,12951
gemma-2-2b,gemmascope-res-16k,This is a husband,14741
gemma-2-2b,gemmascope-res-16k,This is a husband,15197
gemma-2-2b,gemmascope-res-16k,This is a husband,2049
gemma-2-2b,gemmascope-res-16k,This is a husband,2797
gemma-2-2b,gemmascope-res-16k,This is a husband,5623
gemma-2-2b,gemmascope-res-16k,This is a husband,5911
gemma-2-2b,gemmascope-res-16k,This is a husband,8185
gemma-2-2b,gemmascope-res-16k,This is a husband,8374
gemma-2-2b,gemmascope-res-16k,This is a husband,983
gemma-2-2b,gemmascope-res-16k,This is a husband,This is a husband
gemma-2-2b,gemmascope-res-16k,This is a husband,This is a husband
gemma-2-2b,gemmascope-res-16k,This is a husband,10877
gemma-2-2b,gemmascope-res-16k,This is a husband,11541
gemma-2-2b,gemmascope-res-16k,This is a husband,12648
gemma-2-2b,gemmascope-res-16k,This is a husband,12951
gemma-2-2b,gemmascope-res-16k,This is a husband,14741
gemma-2-2b,gemmascope-res-16k,This is a husband,15197
gemma-2-2b,gemmascope-res-16k,This is a husband,2049
gemma-2-2b,gemmascope-res-16k,This is a husband,2797
gemma-2-2b,gemmascope-res-16k,This is a husband,5623
gemma-2-2b,gemmascope-res-16k,This is a husband,5911
gemma-2-2b,gemmascope-res-16k,This is a husband,8185
gemma-2-2b,gemmascope-res-16k,This is a husband,8374
gemma-2-2b,gemmascope-res-16k,This is a husband,983
gemma-2-2b,gemmascope-res-16k,This is a islam,10150
gemma-2-2b,gemmascope-res-16k,This is a islam,10706
gemma-2-2b,gemmascope-res-16k,This is a islam,12025
gemma-2-2b,gemmascope-res-16k,This is a islam,12325
gemma-2-2b,gemmascope-res-16k,This is a islam,12868
gemma-2-2b,gemmascope-res-16k,This is a islam,13442
gemma-2-2b,gemmascope-res-16k,This is a islam,14325
gemma-2-2b,gemmascope-res-16k,This is a islam,14371
gemma-2-2b,gemmascope-res-16k,This is a islam,14448
gemma-2-2b,gemmascope-res-16k,This is a islam,15056
gemma-2-2b,gemmascope-res-16k,This is a islam,15298
gemma-2-2b,gemmascope-res-16k,This is a islam,15770
gemma-2-2b,gemmascope-res-16k,This is a islam,1734
gemma-2-2b,gemmascope-res-16k,This is a islam,261
gemma-2-2b,gemmascope-res-16k,This is a islam,3173
gemma-2-2b,gemmascope-res-16k,This is a islam,35
gemma-2-2b,gemmascope-res-16k,This is a islam,4138
gemma-2-2b,gemmascope-res-16k,This is a islam,442
gemma-2-2b,gemmascope-res-16k,This is a islam,5725
gemma-2-2b,gemmascope-res-16k,This is a islam,6631
gemma-2-2b,gemmascope-res-16k,This is a islam,6827
gemma-2-2b,gemmascope-res-16k,This is a islam,6961
gemma-2-2b,gemmascope-res-16k,This is a islam,8002
gemma-2-2b,gemmascope-res-16k,This is a islam,805
gemma-2-2b,gemmascope-res-16k,This is a islam,8657
gemma-2-2b,gemmascope-res-16k,This is a islam,8918
gemma-2-2b,gemmascope-res-16k,This is a islam,9220
gemma-2-2b,gemmascope-res-16k,This is a islam,This is a islam
gemma-2-2b,gemmascope-res-16k,This is a jew,11175
gemma-2-2b,gemmascope-res-16k,This is a jew,12920
gemma-2-2b,gemmascope-res-16k,This is a jew,13626
gemma-2-2b,gemmascope-res-16k,This is a jew,16274
gemma-2-2b,gemmascope-res-16k,This is a jew,1877
gemma-2-2b,gemmascope-res-16k,This is a jew,2228
gemma-2-2b,gemmascope-res-16k,This is a jew,2855
gemma-2-2b,gemmascope-res-16k,This is a jew,5441
gemma-2-2b,gemmascope-res-16k,This is a jew,6704
gemma-2-2b,gemmascope-res-16k,This is a jew,7360
gemma-2-2b,gemmascope-res-16k,This is a jew,7770
gemma-2-2b,gemmascope-res-16k,This is a jew,9098
gemma-2-2b,gemmascope-res-16k,This is a jew,9545
gemma-2-2b,gemmascope-res-16k,This is a jew,This is a jew
gemma-2-2b,gemmascope-res-16k,This is a jew,This is a jew
gemma-2-2b,gemmascope-res-16k,This is a jew,11175
gemma-2-2b,gemmascope-res-16k,This is a jew,12920
gemma-2-2b,gemmascope-res-16k,This is a jew,13626
gemma-2-2b,gemmascope-res-16k,This is a jew,16274
gemma-2-2b,gemmascope-res-16k,This is a jew,1877
gemma-2-2b,gemmascope-res-16k,This is a jew,2228
gemma-2-2b,gemmascope-res-16k,This is a jew,2855
gemma-2-2b,gemmascope-res-16k,This is a jew,5441
gemma-2-2b,gemmascope-res-16k,This is a jew,6704
gemma-2-2b,gemmascope-res-16k,This is a jew,7360
gemma-2-2b,gemmascope-res-16k,This is a jew,7770
gemma-2-2b,gemmascope-res-16k,This is a jew,9098
gemma-2-2b,gemmascope-res-16k,This is a jew,9545
gemma-2-2b,gemmascope-res-16k,This is a king,10513
gemma-2-2b,gemmascope-res-16k,This is a king,11675
gemma-2-2b,gemmascope-res-16k,This is a king,1178
gemma-2-2b,gemmascope-res-16k,This is a king,13246
gemma-2-2b,gemmascope-res-16k,This is a king,13356
gemma-2-2b,gemmascope-res-16k,This is a king,14555
gemma-2-2b,gemmascope-res-16k,This is a king,15176
gemma-2-2b,gemmascope-res-16k,This is a king,2319
gemma-2-2b,gemmascope-res-16k,This is a king,4060
gemma-2-2b,gemmascope-res-16k,This is a king,4836
gemma-2-2b,gemmascope-res-16k,This is a king,6684
gemma-2-2b,gemmascope-res-16k,This is a king,8159
gemma-2-2b,gemmascope-res-16k,This is a king,This is a king
gemma-2-2b,gemmascope-res-16k,This is a king,This is a king
gemma-2-2b,gemmascope-res-16k,This is a king,10513
gemma-2-2b,gemmascope-res-16k,This is a king,11675
gemma-2-2b,gemmascope-res-16k,This is a king,1178
gemma-2-2b,gemmascope-res-16k,This is a king,13246
gemma-2-2b,gemmascope-res-16k,This is a king,13356
gemma-2-2b,gemmascope-res-16k,This is a king,14555
gemma-2-2b,gemmascope-res-16k,This is a king,15176
gemma-2-2b,gemmascope-res-16k,This is a king,2319
gemma-2-2b,gemmascope-res-16k,This is a king,4060
gemma-2-2b,gemmascope-res-16k,This is a king,4836
gemma-2-2b,gemmascope-res-16k,This is a king,6684
gemma-2-2b,gemmascope-res-16k,This is a king,8159
gemma-2-2b,gemmascope-res-16k,This is a kippah,10380
gemma-2-2b,gemmascope-res-16k,This is a kippah,13284
gemma-2-2b,gemmascope-res-16k,This is a kippah,15976
gemma-2-2b,gemmascope-res-16k,This is a kippah,16106
gemma-2-2b,gemmascope-res-16k,This is a kippah,2210
gemma-2-2b,gemmascope-res-16k,This is a kippah,2445
gemma-2-2b,gemmascope-res-16k,This is a kippah,4384
gemma-2-2b,gemmascope-res-16k,This is a kippah,6746
gemma-2-2b,gemmascope-res-16k,This is a kippah,7222
gemma-2-2b,gemmascope-res-16k,This is a kippah,7742
gemma-2-2b,gemmascope-res-16k,This is a kippah,8242
gemma-2-2b,gemmascope-res-16k,This is a kippah,This is a kippah
gemma-2-2b,gemmascope-res-16k,This is a kippah,This is a kippah
gemma-2-2b,gemmascope-res-16k,This is a kippah,10380
gemma-2-2b,gemmascope-res-16k,This is a kippah,13284
gemma-2-2b,gemmascope-res-16k,This is a kippah,15976
gemma-2-2b,gemmascope-res-16k,This is a kippah,16106
gemma-2-2b,gemmascope-res-16k,This is a kippah,2210
gemma-2-2b,gemmascope-res-16k,This is a kippah,2445
gemma-2-2b,gemmascope-res-16k,This is a kippah,4384
gemma-2-2b,gemmascope-res-16k,This is a kippah,6746
gemma-2-2b,gemmascope-res-16k,This is a kippah,7222
gemma-2-2b,gemmascope-res-16k,This is a kippah,7742
gemma-2-2b,gemmascope-res-16k,This is a kippah,8242
gemma-2-2b,gemmascope-res-16k,This is a lady,10150
gemma-2-2b,gemmascope-res-16k,This is a lady,10867
gemma-2-2b,gemmascope-res-16k,This is a lady,11813
gemma-2-2b,gemmascope-res-16k,This is a lady,12877
gemma-2-2b,gemmascope-res-16k,This is a lady,13843
gemma-2-2b,gemmascope-res-16k,This is a lady,14325
gemma-2-2b,gemmascope-res-16k,This is a lady,14596
gemma-2-2b,gemmascope-res-16k,This is a lady,15056
gemma-2-2b,gemmascope-res-16k,This is a lady,16166
gemma-2-2b,gemmascope-res-16k,This is a lady,16369
gemma-2-2b,gemmascope-res-16k,This is a lady,261
gemma-2-2b,gemmascope-res-16k,This is a lady,2912
gemma-2-2b,gemmascope-res-16k,This is a lady,3848
gemma-2-2b,gemmascope-res-16k,This is a lady,4138
gemma-2-2b,gemmascope-res-16k,This is a lady,5806
gemma-2-2b,gemmascope-res-16k,This is a lady,6138
gemma-2-2b,gemmascope-res-16k,This is a lady,6328
gemma-2-2b,gemmascope-res-16k,This is a lady,6961
gemma-2-2b,gemmascope-res-16k,This is a lady,7900
gemma-2-2b,gemmascope-res-16k,This is a lady,8960
gemma-2-2b,gemmascope-res-16k,This is a lady,9675
gemma-2-2b,gemmascope-res-16k,This is a lady,9756
gemma-2-2b,gemmascope-res-16k,This is a lady,This is a lady
gemma-2-2b,gemmascope-res-16k,This is a lady,This is a lady
gemma-2-2b,gemmascope-res-16k,This is a lady,10867
gemma-2-2b,gemmascope-res-16k,This is a lady,11813
gemma-2-2b,gemmascope-res-16k,This is a lady,12877
gemma-2-2b,gemmascope-res-16k,This is a lady,13843
gemma-2-2b,gemmascope-res-16k,This is a lady,14596
gemma-2-2b,gemmascope-res-16k,This is a lady,16166
gemma-2-2b,gemmascope-res-16k,This is a lady,2912
gemma-2-2b,gemmascope-res-16k,This is a lady,5806
gemma-2-2b,gemmascope-res-16k,This is a lady,6138
gemma-2-2b,gemmascope-res-16k,This is a lady,6328
gemma-2-2b,gemmascope-res-16k,This is a lady,7900
gemma-2-2b,gemmascope-res-16k,This is a lady,8960
gemma-2-2b,gemmascope-res-16k,This is a lady,9675
gemma-2-2b,gemmascope-res-16k,This is a lady,9756
gemma-2-2b,gemmascope-res-16k,This is a male,11670
gemma-2-2b,gemmascope-res-16k,This is a male,12776
gemma-2-2b,gemmascope-res-16k,This is a male,2095
gemma-2-2b,gemmascope-res-16k,This is a male,3951
gemma-2-2b,gemmascope-res-16k,This is a male,466
gemma-2-2b,gemmascope-res-16k,This is a male,6328
gemma-2-2b,gemmascope-res-16k,This is a male,6725
gemma-2-2b,gemmascope-res-16k,This is a male,696
gemma-2-2b,gemmascope-res-16k,This is a male,8197
gemma-2-2b,gemmascope-res-16k,This is a male,8505
gemma-2-2b,gemmascope-res-16k,This is a male,8638
gemma-2-2b,gemmascope-res-16k,This is a male,875
gemma-2-2b,gemmascope-res-16k,This is a male,9351
gemma-2-2b,gemmascope-res-16k,This is a male,9756
gemma-2-2b,gemmascope-res-16k,This is a male,This is a male
gemma-2-2b,gemmascope-res-16k,This is a male,This is a male
gemma-2-2b,gemmascope-res-16k,This is a male,11670
gemma-2-2b,gemmascope-res-16k,This is a male,12776
gemma-2-2b,gemmascope-res-16k,This is a male,2095
gemma-2-2b,gemmascope-res-16k,This is a male,3951
gemma-2-2b,gemmascope-res-16k,This is a male,466
gemma-2-2b,gemmascope-res-16k,This is a male,6328
gemma-2-2b,gemmascope-res-16k,This is a male,6725
gemma-2-2b,gemmascope-res-16k,This is a male,696
gemma-2-2b,gemmascope-res-16k,This is a male,8197
gemma-2-2b,gemmascope-res-16k,This is a male,8505
gemma-2-2b,gemmascope-res-16k,This is a male,8638
gemma-2-2b,gemmascope-res-16k,This is a male,875
gemma-2-2b,gemmascope-res-16k,This is a male,9351
gemma-2-2b,gemmascope-res-16k,This is a male,9756
gemma-2-2b,gemmascope-res-16k,This is a man,10448
gemma-2-2b,gemmascope-res-16k,This is a man,10765
gemma-2-2b,gemmascope-res-16k,This is a man,11425
gemma-2-2b,gemmascope-res-16k,This is a man,11669
gemma-2-2b,gemmascope-res-16k,This is a man,12402
gemma-2-2b,gemmascope-res-16k,This is a man,13687
gemma-2-2b,gemmascope-res-16k,This is a man,14369
gemma-2-2b,gemmascope-res-16k,This is a man,14697
gemma-2-2b,gemmascope-res-16k,This is a man,15507
gemma-2-2b,gemmascope-res-16k,This is a man,2492
gemma-2-2b,gemmascope-res-16k,This is a man,5969
gemma-2-2b,gemmascope-res-16k,This is a man,7060
gemma-2-2b,gemmascope-res-16k,This is a man,8487
gemma-2-2b,gemmascope-res-16k,This is a man,9505
gemma-2-2b,gemmascope-res-16k,This is a man,This is a man
gemma-2-2b,gemmascope-res-16k,This is a man,This is a man
gemma-2-2b,gemmascope-res-16k,This is a man,10448
gemma-2-2b,gemmascope-res-16k,This is a man,10765
gemma-2-2b,gemmascope-res-16k,This is a man,11425
gemma-2-2b,gemmascope-res-16k,This is a man,11669
gemma-2-2b,gemmascope-res-16k,This is a man,12402
gemma-2-2b,gemmascope-res-16k,This is a man,13687
gemma-2-2b,gemmascope-res-16k,This is a man,14369
gemma-2-2b,gemmascope-res-16k,This is a man,14697
gemma-2-2b,gemmascope-res-16k,This is a man,15507
gemma-2-2b,gemmascope-res-16k,This is a man,2492
gemma-2-2b,gemmascope-res-16k,This is a man,5969
gemma-2-2b,gemmascope-res-16k,This is a man,7060
gemma-2-2b,gemmascope-res-16k,This is a man,8487
gemma-2-2b,gemmascope-res-16k,This is a man,9505
gemma-2-2b,gemmascope-res-16k,This is a midwife,11720
gemma-2-2b,gemmascope-res-16k,This is a midwife,12045
gemma-2-2b,gemmascope-res-16k,This is a midwife,12432
gemma-2-2b,gemmascope-res-16k,This is a midwife,12510
gemma-2-2b,gemmascope-res-16k,This is a midwife,13138
gemma-2-2b,gemmascope-res-16k,This is a midwife,13452
gemma-2-2b,gemmascope-res-16k,This is a midwife,13794
gemma-2-2b,gemmascope-res-16k,This is a midwife,14332
gemma-2-2b,gemmascope-res-16k,This is a midwife,15211
gemma-2-2b,gemmascope-res-16k,This is a midwife,3439
gemma-2-2b,gemmascope-res-16k,This is a midwife,6775
gemma-2-2b,gemmascope-res-16k,This is a midwife,8609
gemma-2-2b,gemmascope-res-16k,This is a midwife,This is a midwife
gemma-2-2b,gemmascope-res-16k,This is a midwife,This is a midwife
gemma-2-2b,gemmascope-res-16k,This is a midwife,11720
gemma-2-2b,gemmascope-res-16k,This is a midwife,12045
gemma-2-2b,gemmascope-res-16k,This is a midwife,12432
gemma-2-2b,gemmascope-res-16k,This is a midwife,12510
gemma-2-2b,gemmascope-res-16k,This is a midwife,13138
gemma-2-2b,gemmascope-res-16k,This is a midwife,13452
gemma-2-2b,gemmascope-res-16k,This is a midwife,13794
gemma-2-2b,gemmascope-res-16k,This is a midwife,14332
gemma-2-2b,gemmascope-res-16k,This is a midwife,15211
gemma-2-2b,gemmascope-res-16k,This is a midwife,3439
gemma-2-2b,gemmascope-res-16k,This is a midwife,6775
gemma-2-2b,gemmascope-res-16k,This is a midwife,8609
gemma-2-2b,gemmascope-res-16k,This is a mosque,10326
gemma-2-2b,gemmascope-res-16k,This is a mosque,10706
gemma-2-2b,gemmascope-res-16k,This is a mosque,11304
gemma-2-2b,gemmascope-res-16k,This is a mosque,12143
gemma-2-2b,gemmascope-res-16k,This is a mosque,13371
gemma-2-2b,gemmascope-res-16k,This is a mosque,13965
gemma-2-2b,gemmascope-res-16k,This is a mosque,15803
gemma-2-2b,gemmascope-res-16k,This is a mosque,35
gemma-2-2b,gemmascope-res-16k,This is a mosque,442
gemma-2-2b,gemmascope-res-16k,This is a mosque,5725
gemma-2-2b,gemmascope-res-16k,This is a mosque,6306
gemma-2-2b,gemmascope-res-16k,This is a mosque,7732
gemma-2-2b,gemmascope-res-16k,This is a mosque,This is a mosque
gemma-2-2b,gemmascope-res-16k,This is a mosque,This is a mosque
gemma-2-2b,gemmascope-res-16k,This is a mosque,10326
gemma-2-2b,gemmascope-res-16k,This is a mosque,10706
gemma-2-2b,gemmascope-res-16k,This is a mosque,11304
gemma-2-2b,gemmascope-res-16k,This is a mosque,12143
gemma-2-2b,gemmascope-res-16k,This is a mosque,13371
gemma-2-2b,gemmascope-res-16k,This is a mosque,13965
gemma-2-2b,gemmascope-res-16k,This is a mosque,15803
gemma-2-2b,gemmascope-res-16k,This is a mosque,35
gemma-2-2b,gemmascope-res-16k,This is a mosque,442
gemma-2-2b,gemmascope-res-16k,This is a mosque,5725
gemma-2-2b,gemmascope-res-16k,This is a mosque,6306
gemma-2-2b,gemmascope-res-16k,This is a mosque,7732
gemma-2-2b,gemmascope-res-16k,This is a muslim,10706
gemma-2-2b,gemmascope-res-16k,This is a muslim,1109
gemma-2-2b,gemmascope-res-16k,This is a muslim,11581
gemma-2-2b,gemmascope-res-16k,This is a muslim,12025
gemma-2-2b,gemmascope-res-16k,This is a muslim,12325
gemma-2-2b,gemmascope-res-16k,This is a muslim,13442
gemma-2-2b,gemmascope-res-16k,This is a muslim,14325
gemma-2-2b,gemmascope-res-16k,This is a muslim,15056
gemma-2-2b,gemmascope-res-16k,This is a muslim,15465
gemma-2-2b,gemmascope-res-16k,This is a muslim,2251
gemma-2-2b,gemmascope-res-16k,This is a muslim,261
gemma-2-2b,gemmascope-res-16k,This is a muslim,35
gemma-2-2b,gemmascope-res-16k,This is a muslim,3848
gemma-2-2b,gemmascope-res-16k,This is a muslim,4138
gemma-2-2b,gemmascope-res-16k,This is a muslim,428
gemma-2-2b,gemmascope-res-16k,This is a muslim,442
gemma-2-2b,gemmascope-res-16k,This is a muslim,4453
gemma-2-2b,gemmascope-res-16k,This is a muslim,4516
gemma-2-2b,gemmascope-res-16k,This is a muslim,5333
gemma-2-2b,gemmascope-res-16k,This is a muslim,5725
gemma-2-2b,gemmascope-res-16k,This is a muslim,6631
gemma-2-2b,gemmascope-res-16k,This is a muslim,6827
gemma-2-2b,gemmascope-res-16k,This is a muslim,6961
gemma-2-2b,gemmascope-res-16k,This is a muslim,805
gemma-2-2b,gemmascope-res-16k,This is a muslim,This is a muslim
gemma-2-2b,gemmascope-res-16k,This is a muslim,This is a muslim
gemma-2-2b,gemmascope-res-16k,This is a muslim,10706
gemma-2-2b,gemmascope-res-16k,This is a muslim,1109
gemma-2-2b,gemmascope-res-16k,This is a muslim,11581
gemma-2-2b,gemmascope-res-16k,This is a muslim,15465
gemma-2-2b,gemmascope-res-16k,This is a muslim,2251
gemma-2-2b,gemmascope-res-16k,This is a muslim,35
gemma-2-2b,gemmascope-res-16k,This is a muslim,428
gemma-2-2b,gemmascope-res-16k,This is a muslim,442
gemma-2-2b,gemmascope-res-16k,This is a muslim,4516
gemma-2-2b,gemmascope-res-16k,This is a muslim,5333
gemma-2-2b,gemmascope-res-16k,This is a muslim,5725
gemma-2-2b,gemmascope-res-16k,This is a muslim,6827
gemma-2-2b,gemmascope-res-16k,This is a muslim,805
gemma-2-2b,gemmascope-res-16k,This is a nurse,10614
gemma-2-2b,gemmascope-res-16k,This is a nurse,10628
gemma-2-2b,gemmascope-res-16k,This is a nurse,13794
gemma-2-2b,gemmascope-res-16k,This is a nurse,14332
gemma-2-2b,gemmascope-res-16k,This is a nurse,15211
gemma-2-2b,gemmascope-res-16k,This is a nurse,1653
gemma-2-2b,gemmascope-res-16k,This is a nurse,1919
gemma-2-2b,gemmascope-res-16k,This is a nurse,3439
gemma-2-2b,gemmascope-res-16k,This is a nurse,6458
gemma-2-2b,gemmascope-res-16k,This is a nurse,6524
gemma-2-2b,gemmascope-res-16k,This is a nurse,7961
gemma-2-2b,gemmascope-res-16k,This is a nurse,This is a nurse
gemma-2-2b,gemmascope-res-16k,This is a nurse,This is a nurse
gemma-2-2b,gemmascope-res-16k,This is a nurse,10614
gemma-2-2b,gemmascope-res-16k,This is a nurse,10628
gemma-2-2b,gemmascope-res-16k,This is a nurse,13794
gemma-2-2b,gemmascope-res-16k,This is a nurse,14332
gemma-2-2b,gemmascope-res-16k,This is a nurse,15211
gemma-2-2b,gemmascope-res-16k,This is a nurse,1653
gemma-2-2b,gemmascope-res-16k,This is a nurse,1919
gemma-2-2b,gemmascope-res-16k,This is a nurse,3439
gemma-2-2b,gemmascope-res-16k,This is a nurse,6458
gemma-2-2b,gemmascope-res-16k,This is a nurse,6524
gemma-2-2b,gemmascope-res-16k,This is a nurse,7961
gemma-2-2b,gemmascope-res-16k,This is a pope,11012
gemma-2-2b,gemmascope-res-16k,This is a pope,12104
gemma-2-2b,gemmascope-res-16k,This is a pope,1369
gemma-2-2b,gemmascope-res-16k,This is a pope,1416
gemma-2-2b,gemmascope-res-16k,This is a pope,3636
gemma-2-2b,gemmascope-res-16k,This is a pope,5025
gemma-2-2b,gemmascope-res-16k,This is a pope,5918
gemma-2-2b,gemmascope-res-16k,This is a pope,7908
gemma-2-2b,gemmascope-res-16k,This is a pope,This is a pope
gemma-2-2b,gemmascope-res-16k,This is a pope,This is a pope
gemma-2-2b,gemmascope-res-16k,This is a pope,11012
gemma-2-2b,gemmascope-res-16k,This is a pope,12104
gemma-2-2b,gemmascope-res-16k,This is a pope,1369
gemma-2-2b,gemmascope-res-16k,This is a pope,1416
gemma-2-2b,gemmascope-res-16k,This is a pope,3636
gemma-2-2b,gemmascope-res-16k,This is a pope,5025
gemma-2-2b,gemmascope-res-16k,This is a pope,5918
gemma-2-2b,gemmascope-res-16k,This is a pope,7908
gemma-2-2b,gemmascope-res-16k,This is a professor,12480
gemma-2-2b,gemmascope-res-16k,This is a professor,13681
gemma-2-2b,gemmascope-res-16k,This is a professor,13794
gemma-2-2b,gemmascope-res-16k,This is a professor,14028
gemma-2-2b,gemmascope-res-16k,This is a professor,14332
gemma-2-2b,gemmascope-res-16k,This is a professor,14846
gemma-2-2b,gemmascope-res-16k,This is a professor,1492
gemma-2-2b,gemmascope-res-16k,This is a professor,15211
gemma-2-2b,gemmascope-res-16k,This is a professor,5002
gemma-2-2b,gemmascope-res-16k,This is a professor,6949
gemma-2-2b,gemmascope-res-16k,This is a professor,8077
gemma-2-2b,gemmascope-res-16k,This is a professor,852
gemma-2-2b,gemmascope-res-16k,This is a professor,This is a professor
gemma-2-2b,gemmascope-res-16k,This is a professor,This is a professor
gemma-2-2b,gemmascope-res-16k,This is a professor,12480
gemma-2-2b,gemmascope-res-16k,This is a professor,13681
gemma-2-2b,gemmascope-res-16k,This is a professor,13794
gemma-2-2b,gemmascope-res-16k,This is a professor,14028
gemma-2-2b,gemmascope-res-16k,This is a professor,14332
gemma-2-2b,gemmascope-res-16k,This is a professor,14846
gemma-2-2b,gemmascope-res-16k,This is a professor,1492
gemma-2-2b,gemmascope-res-16k,This is a professor,15211
gemma-2-2b,gemmascope-res-16k,This is a professor,5002
gemma-2-2b,gemmascope-res-16k,This is a professor,6949
gemma-2-2b,gemmascope-res-16k,This is a professor,8077
gemma-2-2b,gemmascope-res-16k,This is a professor,852
gemma-2-2b,gemmascope-res-16k,This is a programmer,10091
gemma-2-2b,gemmascope-res-16k,This is a programmer,10583
gemma-2-2b,gemmascope-res-16k,This is a programmer,10712
gemma-2-2b,gemmascope-res-16k,This is a programmer,11434
gemma-2-2b,gemmascope-res-16k,This is a programmer,11488
gemma-2-2b,gemmascope-res-16k,This is a programmer,12893
gemma-2-2b,gemmascope-res-16k,This is a programmer,13360
gemma-2-2b,gemmascope-res-16k,This is a programmer,13794
gemma-2-2b,gemmascope-res-16k,This is a programmer,1432
gemma-2-2b,gemmascope-res-16k,This is a programmer,15056
gemma-2-2b,gemmascope-res-16k,This is a programmer,15211
gemma-2-2b,gemmascope-res-16k,This is a programmer,15809
gemma-2-2b,gemmascope-res-16k,This is a programmer,2093
gemma-2-2b,gemmascope-res-16k,This is a programmer,261
gemma-2-2b,gemmascope-res-16k,This is a programmer,3420
gemma-2-2b,gemmascope-res-16k,This is a programmer,3514
gemma-2-2b,gemmascope-res-16k,This is a programmer,4138
gemma-2-2b,gemmascope-res-16k,This is a programmer,5588
gemma-2-2b,gemmascope-res-16k,This is a programmer,6015
gemma-2-2b,gemmascope-res-16k,This is a programmer,6961
gemma-2-2b,gemmascope-res-16k,This is a programmer,7752
gemma-2-2b,gemmascope-res-16k,This is a programmer,This is a programmer
gemma-2-2b,gemmascope-res-16k,This is a programmer,This is a programmer
gemma-2-2b,gemmascope-res-16k,This is a programmer,10091
gemma-2-2b,gemmascope-res-16k,This is a programmer,10712
gemma-2-2b,gemmascope-res-16k,This is a programmer,11434
gemma-2-2b,gemmascope-res-16k,This is a programmer,11488
gemma-2-2b,gemmascope-res-16k,This is a programmer,13360
gemma-2-2b,gemmascope-res-16k,This is a programmer,13794
gemma-2-2b,gemmascope-res-16k,This is a programmer,1432
gemma-2-2b,gemmascope-res-16k,This is a programmer,15211
gemma-2-2b,gemmascope-res-16k,This is a programmer,15809
gemma-2-2b,gemmascope-res-16k,This is a programmer,2093
gemma-2-2b,gemmascope-res-16k,This is a programmer,3514
gemma-2-2b,gemmascope-res-16k,This is a programmer,7752
gemma-2-2b,gemmascope-res-16k,This is a queen,10513
gemma-2-2b,gemmascope-res-16k,This is a queen,11675
gemma-2-2b,gemmascope-res-16k,This is a queen,1178
gemma-2-2b,gemmascope-res-16k,This is a queen,12208
gemma-2-2b,gemmascope-res-16k,This is a queen,12394
gemma-2-2b,gemmascope-res-16k,This is a queen,13246
gemma-2-2b,gemmascope-res-16k,This is a queen,14111
gemma-2-2b,gemmascope-res-16k,This is a queen,14555
gemma-2-2b,gemmascope-res-16k,This is a queen,15656
gemma-2-2b,gemmascope-res-16k,This is a queen,2042
gemma-2-2b,gemmascope-res-16k,This is a queen,4060
gemma-2-2b,gemmascope-res-16k,This is a queen,5280
gemma-2-2b,gemmascope-res-16k,This is a queen,6684
gemma-2-2b,gemmascope-res-16k,This is a queen,6735
gemma-2-2b,gemmascope-res-16k,This is a queen,8159
gemma-2-2b,gemmascope-res-16k,This is a queen,This is a queen
gemma-2-2b,gemmascope-res-16k,This is a queen,This is a queen
gemma-2-2b,gemmascope-res-16k,This is a queen,10513
gemma-2-2b,gemmascope-res-16k,This is a queen,11675
gemma-2-2b,gemmascope-res-16k,This is a queen,1178
gemma-2-2b,gemmascope-res-16k,This is a queen,12208
gemma-2-2b,gemmascope-res-16k,This is a queen,12394
gemma-2-2b,gemmascope-res-16k,This is a queen,13246
gemma-2-2b,gemmascope-res-16k,This is a queen,14111
gemma-2-2b,gemmascope-res-16k,This is a queen,14555
gemma-2-2b,gemmascope-res-16k,This is a queen,15656
gemma-2-2b,gemmascope-res-16k,This is a queen,2042
gemma-2-2b,gemmascope-res-16k,This is a queen,4060
gemma-2-2b,gemmascope-res-16k,This is a queen,5280
gemma-2-2b,gemmascope-res-16k,This is a queen,6684
gemma-2-2b,gemmascope-res-16k,This is a queen,6735
gemma-2-2b,gemmascope-res-16k,This is a queen,8159
gemma-2-2b,gemmascope-res-16k,This is a quran,10706
gemma-2-2b,gemmascope-res-16k,This is a quran,13040
gemma-2-2b,gemmascope-res-16k,This is a quran,184
gemma-2-2b,gemmascope-res-16k,This is a quran,35
gemma-2-2b,gemmascope-res-16k,This is a quran,442
gemma-2-2b,gemmascope-res-16k,This is a quran,5371
gemma-2-2b,gemmascope-res-16k,This is a quran,5725
gemma-2-2b,gemmascope-res-16k,This is a quran,5947
gemma-2-2b,gemmascope-res-16k,This is a quran,7517
gemma-2-2b,gemmascope-res-16k,This is a quran,8598
gemma-2-2b,gemmascope-res-16k,This is a quran,This is a quran
gemma-2-2b,gemmascope-res-16k,This is a quran,This is a quran
gemma-2-2b,gemmascope-res-16k,This is a quran,10706
gemma-2-2b,gemmascope-res-16k,This is a quran,13040
gemma-2-2b,gemmascope-res-16k,This is a quran,184
gemma-2-2b,gemmascope-res-16k,This is a quran,35
gemma-2-2b,gemmascope-res-16k,This is a quran,442
gemma-2-2b,gemmascope-res-16k,This is a quran,5371
gemma-2-2b,gemmascope-res-16k,This is a quran,5725
gemma-2-2b,gemmascope-res-16k,This is a quran,5947
gemma-2-2b,gemmascope-res-16k,This is a quran,7517
gemma-2-2b,gemmascope-res-16k,This is a quran,8598
gemma-2-2b,gemmascope-res-16k,This is a receptionist,12881
gemma-2-2b,gemmascope-res-16k,This is a receptionist,13097
gemma-2-2b,gemmascope-res-16k,This is a receptionist,13794
gemma-2-2b,gemmascope-res-16k,This is a receptionist,14332
gemma-2-2b,gemmascope-res-16k,This is a receptionist,15211
gemma-2-2b,gemmascope-res-16k,This is a receptionist,15963
gemma-2-2b,gemmascope-res-16k,This is a receptionist,5154
gemma-2-2b,gemmascope-res-16k,This is a receptionist,5306
gemma-2-2b,gemmascope-res-16k,This is a receptionist,6015
gemma-2-2b,gemmascope-res-16k,This is a receptionist,8242
gemma-2-2b,gemmascope-res-16k,This is a receptionist,This is a receptionist
gemma-2-2b,gemmascope-res-16k,This is a receptionist,This is a receptionist
gemma-2-2b,gemmascope-res-16k,This is a receptionist,12881
gemma-2-2b,gemmascope-res-16k,This is a receptionist,13097
gemma-2-2b,gemmascope-res-16k,This is a receptionist,13794
gemma-2-2b,gemmascope-res-16k,This is a receptionist,14332
gemma-2-2b,gemmascope-res-16k,This is a receptionist,15211
gemma-2-2b,gemmascope-res-16k,This is a receptionist,15963
gemma-2-2b,gemmascope-res-16k,This is a receptionist,5154
gemma-2-2b,gemmascope-res-16k,This is a receptionist,5306
gemma-2-2b,gemmascope-res-16k,This is a receptionist,6015
gemma-2-2b,gemmascope-res-16k,This is a receptionist,8242
gemma-2-2b,gemmascope-res-16k,This is a sacrament,1061
gemma-2-2b,gemmascope-res-16k,This is a sacrament,10911
gemma-2-2b,gemmascope-res-16k,This is a sacrament,14167
gemma-2-2b,gemmascope-res-16k,This is a sacrament,14186
gemma-2-2b,gemmascope-res-16k,This is a sacrament,14209
gemma-2-2b,gemmascope-res-16k,This is a sacrament,2576
gemma-2-2b,gemmascope-res-16k,This is a sacrament,3522
gemma-2-2b,gemmascope-res-16k,This is a sacrament,3952
gemma-2-2b,gemmascope-res-16k,This is a sacrament,4147
gemma-2-2b,gemmascope-res-16k,This is a sacrament,7570
gemma-2-2b,gemmascope-res-16k,This is a sacrament,805
gemma-2-2b,gemmascope-res-16k,This is a sacrament,This is a sacrament
gemma-2-2b,gemmascope-res-16k,This is a sacrament,This is a sacrament
gemma-2-2b,gemmascope-res-16k,This is a sacrament,1061
gemma-2-2b,gemmascope-res-16k,This is a sacrament,10911
gemma-2-2b,gemmascope-res-16k,This is a sacrament,14167
gemma-2-2b,gemmascope-res-16k,This is a sacrament,14186
gemma-2-2b,gemmascope-res-16k,This is a sacrament,14209
gemma-2-2b,gemmascope-res-16k,This is a sacrament,2576
gemma-2-2b,gemmascope-res-16k,This is a sacrament,3522
gemma-2-2b,gemmascope-res-16k,This is a sacrament,3952
gemma-2-2b,gemmascope-res-16k,This is a sacrament,4147
gemma-2-2b,gemmascope-res-16k,This is a sacrament,7570
gemma-2-2b,gemmascope-res-16k,This is a sacrament,805
gemma-2-2b,gemmascope-res-16k,This is a son,10133
gemma-2-2b,gemmascope-res-16k,This is a son,10877
gemma-2-2b,gemmascope-res-16k,This is a son,10928
gemma-2-2b,gemmascope-res-16k,This is a son,12333
gemma-2-2b,gemmascope-res-16k,This is a son,12648
gemma-2-2b,gemmascope-res-16k,This is a son,13239
gemma-2-2b,gemmascope-res-16k,This is a son,16109
gemma-2-2b,gemmascope-res-16k,This is a son,2036
gemma-2-2b,gemmascope-res-16k,This is a son,2111
gemma-2-2b,gemmascope-res-16k,This is a son,2191
gemma-2-2b,gemmascope-res-16k,This is a son,4825
gemma-2-2b,gemmascope-res-16k,This is a son,5673
gemma-2-2b,gemmascope-res-16k,This is a son,6367
gemma-2-2b,gemmascope-res-16k,This is a son,This is a son
gemma-2-2b,gemmascope-res-16k,This is a son,This is a son
gemma-2-2b,gemmascope-res-16k,This is a son,10133
gemma-2-2b,gemmascope-res-16k,This is a son,10877
gemma-2-2b,gemmascope-res-16k,This is a son,10928
gemma-2-2b,gemmascope-res-16k,This is a son,12333
gemma-2-2b,gemmascope-res-16k,This is a son,12648
gemma-2-2b,gemmascope-res-16k,This is a son,13239
gemma-2-2b,gemmascope-res-16k,This is a son,16109
gemma-2-2b,gemmascope-res-16k,This is a son,2036
gemma-2-2b,gemmascope-res-16k,This is a son,2111
gemma-2-2b,gemmascope-res-16k,This is a son,2191
gemma-2-2b,gemmascope-res-16k,This is a son,4825
gemma-2-2b,gemmascope-res-16k,This is a son,5673
gemma-2-2b,gemmascope-res-16k,This is a son,6367
gemma-2-2b,gemmascope-res-16k,This is a synagogue,10326
gemma-2-2b,gemmascope-res-16k,This is a synagogue,11539
gemma-2-2b,gemmascope-res-16k,This is a synagogue,12069
gemma-2-2b,gemmascope-res-16k,This is a synagogue,12143
gemma-2-2b,gemmascope-res-16k,This is a synagogue,13371
gemma-2-2b,gemmascope-res-16k,This is a synagogue,13843
gemma-2-2b,gemmascope-res-16k,This is a synagogue,14565
gemma-2-2b,gemmascope-res-16k,This is a synagogue,15200
gemma-2-2b,gemmascope-res-16k,This is a synagogue,15803
gemma-2-2b,gemmascope-res-16k,This is a synagogue,16084
gemma-2-2b,gemmascope-res-16k,This is a synagogue,1647
gemma-2-2b,gemmascope-res-16k,This is a synagogue,7239
gemma-2-2b,gemmascope-res-16k,This is a synagogue,7651
gemma-2-2b,gemmascope-res-16k,This is a synagogue,This is a synagogue
gemma-2-2b,gemmascope-res-16k,This is a synagogue,This is a synagogue
gemma-2-2b,gemmascope-res-16k,This is a synagogue,10326
gemma-2-2b,gemmascope-res-16k,This is a synagogue,11539
gemma-2-2b,gemmascope-res-16k,This is a synagogue,12069
gemma-2-2b,gemmascope-res-16k,This is a synagogue,12143
gemma-2-2b,gemmascope-res-16k,This is a synagogue,13371
gemma-2-2b,gemmascope-res-16k,This is a synagogue,13843
gemma-2-2b,gemmascope-res-16k,This is a synagogue,14565
gemma-2-2b,gemmascope-res-16k,This is a synagogue,15200
gemma-2-2b,gemmascope-res-16k,This is a synagogue,15803
gemma-2-2b,gemmascope-res-16k,This is a synagogue,16084
gemma-2-2b,gemmascope-res-16k,This is a synagogue,1647
gemma-2-2b,gemmascope-res-16k,This is a synagogue,7239
gemma-2-2b,gemmascope-res-16k,This is a synagogue,7651
gemma-2-2b,gemmascope-res-16k,This is a talmud,10315
gemma-2-2b,gemmascope-res-16k,This is a talmud,11063
gemma-2-2b,gemmascope-res-16k,This is a talmud,12648
gemma-2-2b,gemmascope-res-16k,This is a talmud,14668
gemma-2-2b,gemmascope-res-16k,This is a talmud,1735
gemma-2-2b,gemmascope-res-16k,This is a talmud,2347
gemma-2-2b,gemmascope-res-16k,This is a talmud,2604
gemma-2-2b,gemmascope-res-16k,This is a talmud,3736
gemma-2-2b,gemmascope-res-16k,This is a talmud,4060
gemma-2-2b,gemmascope-res-16k,This is a talmud,5386
gemma-2-2b,gemmascope-res-16k,This is a talmud,6508
gemma-2-2b,gemmascope-res-16k,This is a talmud,6932
gemma-2-2b,gemmascope-res-16k,This is a talmud,8798
gemma-2-2b,gemmascope-res-16k,This is a talmud,9916
gemma-2-2b,gemmascope-res-16k,This is a talmud,This is a talmud
gemma-2-2b,gemmascope-res-16k,This is a talmud,This is a talmud
gemma-2-2b,gemmascope-res-16k,This is a talmud,10315
gemma-2-2b,gemmascope-res-16k,This is a talmud,11063
gemma-2-2b,gemmascope-res-16k,This is a talmud,12648
gemma-2-2b,gemmascope-res-16k,This is a talmud,14668
gemma-2-2b,gemmascope-res-16k,This is a talmud,1735
gemma-2-2b,gemmascope-res-16k,This is a talmud,2347
gemma-2-2b,gemmascope-res-16k,This is a talmud,2604
gemma-2-2b,gemmascope-res-16k,This is a talmud,3736
gemma-2-2b,gemmascope-res-16k,This is a talmud,4060
gemma-2-2b,gemmascope-res-16k,This is a talmud,5386
gemma-2-2b,gemmascope-res-16k,This is a talmud,6508
gemma-2-2b,gemmascope-res-16k,This is a talmud,6932
gemma-2-2b,gemmascope-res-16k,This is a talmud,8798
gemma-2-2b,gemmascope-res-16k,This is a talmud,9916
gemma-2-2b,gemmascope-res-16k,This is a temple,10813
gemma-2-2b,gemmascope-res-16k,This is a temple,11856
gemma-2-2b,gemmascope-res-16k,This is a temple,12143
gemma-2-2b,gemmascope-res-16k,This is a temple,12599
gemma-2-2b,gemmascope-res-16k,This is a temple,13371
gemma-2-2b,gemmascope-res-16k,This is a temple,14299
gemma-2-2b,gemmascope-res-16k,This is a temple,15926
gemma-2-2b,gemmascope-res-16k,This is a temple,16084
gemma-2-2b,gemmascope-res-16k,This is a temple,1752
gemma-2-2b,gemmascope-res-16k,This is a temple,1984
gemma-2-2b,gemmascope-res-16k,This is a temple,4201
gemma-2-2b,gemmascope-res-16k,This is a temple,5387
gemma-2-2b,gemmascope-res-16k,This is a temple,6077
gemma-2-2b,gemmascope-res-16k,This is a temple,642
gemma-2-2b,gemmascope-res-16k,This is a temple,9807
gemma-2-2b,gemmascope-res-16k,This is a temple,This is a temple
gemma-2-2b,gemmascope-res-16k,This is a temple,This is a temple
gemma-2-2b,gemmascope-res-16k,This is a temple,10813
gemma-2-2b,gemmascope-res-16k,This is a temple,11856
gemma-2-2b,gemmascope-res-16k,This is a temple,12143
gemma-2-2b,gemmascope-res-16k,This is a temple,12599
gemma-2-2b,gemmascope-res-16k,This is a temple,13371
gemma-2-2b,gemmascope-res-16k,This is a temple,14299
gemma-2-2b,gemmascope-res-16k,This is a temple,15926
gemma-2-2b,gemmascope-res-16k,This is a temple,16084
gemma-2-2b,gemmascope-res-16k,This is a temple,1752
gemma-2-2b,gemmascope-res-16k,This is a temple,1984
gemma-2-2b,gemmascope-res-16k,This is a temple,4201
gemma-2-2b,gemmascope-res-16k,This is a temple,5387
gemma-2-2b,gemmascope-res-16k,This is a temple,6077
gemma-2-2b,gemmascope-res-16k,This is a temple,642
gemma-2-2b,gemmascope-res-16k,This is a temple,9807
gemma-2-2b,gemmascope-res-16k,This is a terrorist,10614
gemma-2-2b,gemmascope-res-16k,This is a terrorist,10676
gemma-2-2b,gemmascope-res-16k,This is a terrorist,1173
gemma-2-2b,gemmascope-res-16k,This is a terrorist,12125
gemma-2-2b,gemmascope-res-16k,This is a terrorist,13353
gemma-2-2b,gemmascope-res-16k,This is a terrorist,14868
gemma-2-2b,gemmascope-res-16k,This is a terrorist,2911
gemma-2-2b,gemmascope-res-16k,This is a terrorist,3451
gemma-2-2b,gemmascope-res-16k,This is a terrorist,3826
gemma-2-2b,gemmascope-res-16k,This is a terrorist,408
gemma-2-2b,gemmascope-res-16k,This is a terrorist,4220
gemma-2-2b,gemmascope-res-16k,This is a terrorist,5276
gemma-2-2b,gemmascope-res-16k,This is a terrorist,7510
gemma-2-2b,gemmascope-res-16k,This is a terrorist,8801
gemma-2-2b,gemmascope-res-16k,This is a terrorist,9453
gemma-2-2b,gemmascope-res-16k,This is a terrorist,9741
gemma-2-2b,gemmascope-res-16k,This is a terrorist,This is a terrorist
gemma-2-2b,gemmascope-res-16k,This is a terrorist,This is a terrorist
gemma-2-2b,gemmascope-res-16k,This is a terrorist,10614
gemma-2-2b,gemmascope-res-16k,This is a terrorist,10676
gemma-2-2b,gemmascope-res-16k,This is a terrorist,1173
gemma-2-2b,gemmascope-res-16k,This is a terrorist,12125
gemma-2-2b,gemmascope-res-16k,This is a terrorist,13353
gemma-2-2b,gemmascope-res-16k,This is a terrorist,14868
gemma-2-2b,gemmascope-res-16k,This is a terrorist,2911
gemma-2-2b,gemmascope-res-16k,This is a terrorist,3451
gemma-2-2b,gemmascope-res-16k,This is a terrorist,3826
gemma-2-2b,gemmascope-res-16k,This is a terrorist,408
gemma-2-2b,gemmascope-res-16k,This is a terrorist,4220
gemma-2-2b,gemmascope-res-16k,This is a terrorist,5276
gemma-2-2b,gemmascope-res-16k,This is a terrorist,7510
gemma-2-2b,gemmascope-res-16k,This is a terrorist,8801
gemma-2-2b,gemmascope-res-16k,This is a terrorist,9453
gemma-2-2b,gemmascope-res-16k,This is a terrorist,9741
gemma-2-2b,gemmascope-res-16k,This is a torah,11203
gemma-2-2b,gemmascope-res-16k,This is a torah,11347
gemma-2-2b,gemmascope-res-16k,This is a torah,1163
gemma-2-2b,gemmascope-res-16k,This is a torah,11856
gemma-2-2b,gemmascope-res-16k,This is a torah,12234
gemma-2-2b,gemmascope-res-16k,This is a torah,13142
gemma-2-2b,gemmascope-res-16k,This is a torah,13144
gemma-2-2b,gemmascope-res-16k,This is a torah,13460
gemma-2-2b,gemmascope-res-16k,This is a torah,13544
gemma-2-2b,gemmascope-res-16k,This is a torah,13721
gemma-2-2b,gemmascope-res-16k,This is a torah,15579
gemma-2-2b,gemmascope-res-16k,This is a torah,1579
gemma-2-2b,gemmascope-res-16k,This is a torah,3112
gemma-2-2b,gemmascope-res-16k,This is a torah,4585
gemma-2-2b,gemmascope-res-16k,This is a torah,6190
gemma-2-2b,gemmascope-res-16k,This is a torah,7614
gemma-2-2b,gemmascope-res-16k,This is a torah,This is a torah
gemma-2-2b,gemmascope-res-16k,This is a torah,This is a torah
gemma-2-2b,gemmascope-res-16k,This is a torah,11203
gemma-2-2b,gemmascope-res-16k,This is a torah,11347
gemma-2-2b,gemmascope-res-16k,This is a torah,1163
gemma-2-2b,gemmascope-res-16k,This is a torah,11856
gemma-2-2b,gemmascope-res-16k,This is a torah,12234
gemma-2-2b,gemmascope-res-16k,This is a torah,13142
gemma-2-2b,gemmascope-res-16k,This is a torah,13144
gemma-2-2b,gemmascope-res-16k,This is a torah,13460
gemma-2-2b,gemmascope-res-16k,This is a torah,13544
gemma-2-2b,gemmascope-res-16k,This is a torah,13721
gemma-2-2b,gemmascope-res-16k,This is a torah,15579
gemma-2-2b,gemmascope-res-16k,This is a torah,1579
gemma-2-2b,gemmascope-res-16k,This is a torah,3112
gemma-2-2b,gemmascope-res-16k,This is a torah,4585
gemma-2-2b,gemmascope-res-16k,This is a torah,6190
gemma-2-2b,gemmascope-res-16k,This is a torah,7614
gemma-2-2b,gemmascope-res-16k,This is a victim,11527
gemma-2-2b,gemmascope-res-16k,This is a victim,11795
gemma-2-2b,gemmascope-res-16k,This is a victim,12317
gemma-2-2b,gemmascope-res-16k,This is a victim,13423
gemma-2-2b,gemmascope-res-16k,This is a victim,13966
gemma-2-2b,gemmascope-res-16k,This is a victim,14781
gemma-2-2b,gemmascope-res-16k,This is a victim,1479
gemma-2-2b,gemmascope-res-16k,This is a victim,15771
gemma-2-2b,gemmascope-res-16k,This is a victim,16123
gemma-2-2b,gemmascope-res-16k,This is a victim,3736
gemma-2-2b,gemmascope-res-16k,This is a victim,4575
gemma-2-2b,gemmascope-res-16k,This is a victim,4667
gemma-2-2b,gemmascope-res-16k,This is a victim,5914
gemma-2-2b,gemmascope-res-16k,This is a victim,7795
gemma-2-2b,gemmascope-res-16k,This is a victim,9011
gemma-2-2b,gemmascope-res-16k,This is a victim,9139
gemma-2-2b,gemmascope-res-16k,This is a victim,932
gemma-2-2b,gemmascope-res-16k,This is a victim,9625
gemma-2-2b,gemmascope-res-16k,This is a victim,This is a victim
gemma-2-2b,gemmascope-res-16k,This is a victim,This is a victim
gemma-2-2b,gemmascope-res-16k,This is a victim,11527
gemma-2-2b,gemmascope-res-16k,This is a victim,11795
gemma-2-2b,gemmascope-res-16k,This is a victim,12317
gemma-2-2b,gemmascope-res-16k,This is a victim,13423
gemma-2-2b,gemmascope-res-16k,This is a victim,13966
gemma-2-2b,gemmascope-res-16k,This is a victim,14781
gemma-2-2b,gemmascope-res-16k,This is a victim,1479
gemma-2-2b,gemmascope-res-16k,This is a victim,15771
gemma-2-2b,gemmascope-res-16k,This is a victim,16123
gemma-2-2b,gemmascope-res-16k,This is a victim,3736
gemma-2-2b,gemmascope-res-16k,This is a victim,4575
gemma-2-2b,gemmascope-res-16k,This is a victim,4667
gemma-2-2b,gemmascope-res-16k,This is a victim,5914
gemma-2-2b,gemmascope-res-16k,This is a victim,7795
gemma-2-2b,gemmascope-res-16k,This is a victim,9011
gemma-2-2b,gemmascope-res-16k,This is a victim,9139
gemma-2-2b,gemmascope-res-16k,This is a victim,932
gemma-2-2b,gemmascope-res-16k,This is a victim,9625
gemma-2-2b,gemmascope-res-16k,This is a wife,10877
gemma-2-2b,gemmascope-res-16k,This is a wife,12648
gemma-2-2b,gemmascope-res-16k,This is a wife,12951
gemma-2-2b,gemmascope-res-16k,This is a wife,13218
gemma-2-2b,gemmascope-res-16k,This is a wife,14140
gemma-2-2b,gemmascope-res-16k,This is a wife,14741
gemma-2-2b,gemmascope-res-16k,This is a wife,15197
gemma-2-2b,gemmascope-res-16k,This is a wife,15324
gemma-2-2b,gemmascope-res-16k,This is a wife,1641
gemma-2-2b,gemmascope-res-16k,This is a wife,2049
gemma-2-2b,gemmascope-res-16k,This is a wife,5842
gemma-2-2b,gemmascope-res-16k,This is a wife,8185
gemma-2-2b,gemmascope-res-16k,This is a wife,8374
gemma-2-2b,gemmascope-res-16k,This is a wife,983
gemma-2-2b,gemmascope-res-16k,This is a wife,This is a wife
gemma-2-2b,gemmascope-res-16k,This is a wife,This is a wife
gemma-2-2b,gemmascope-res-16k,This is a wife,10877
gemma-2-2b,gemmascope-res-16k,This is a wife,12648
gemma-2-2b,gemmascope-res-16k,This is a wife,12951
gemma-2-2b,gemmascope-res-16k,This is a wife,13218
gemma-2-2b,gemmascope-res-16k,This is a wife,14140
gemma-2-2b,gemmascope-res-16k,This is a wife,14741
gemma-2-2b,gemmascope-res-16k,This is a wife,15197
gemma-2-2b,gemmascope-res-16k,This is a wife,15324
gemma-2-2b,gemmascope-res-16k,This is a wife,1641
gemma-2-2b,gemmascope-res-16k,This is a wife,2049
gemma-2-2b,gemmascope-res-16k,This is a wife,5842
gemma-2-2b,gemmascope-res-16k,This is a wife,8185
gemma-2-2b,gemmascope-res-16k,This is a wife,8374
gemma-2-2b,gemmascope-res-16k,This is a wife,983
gemma-2-2b,gemmascope-res-16k,This is a woman,10448
gemma-2-2b,gemmascope-res-16k,This is a woman,10962
gemma-2-2b,gemmascope-res-16k,This is a woman,11813
gemma-2-2b,gemmascope-res-16k,This is a woman,12877
gemma-2-2b,gemmascope-res-16k,This is a woman,13843
gemma-2-2b,gemmascope-res-16k,This is a woman,14596
gemma-2-2b,gemmascope-res-16k,This is a woman,15056
gemma-2-2b,gemmascope-res-16k,This is a woman,2912
gemma-2-2b,gemmascope-res-16k,This is a woman,4138
gemma-2-2b,gemmascope-res-16k,This is a woman,6328
gemma-2-2b,gemmascope-res-16k,This is a woman,7060
gemma-2-2b,gemmascope-res-16k,This is a woman,8009
gemma-2-2b,gemmascope-res-16k,This is a woman,8487
gemma-2-2b,gemmascope-res-16k,This is a woman,8960
gemma-2-2b,gemmascope-res-16k,This is a woman,9675
gemma-2-2b,gemmascope-res-16k,This is a woman,9756
gemma-2-2b,gemmascope-res-16k,This is a woman,This is a woman
gemma-2-2b,gemmascope-res-16k,This is a woman,This is a woman
gemma-2-2b,gemmascope-res-16k,This is a woman,10448
gemma-2-2b,gemmascope-res-16k,This is a woman,10962
gemma-2-2b,gemmascope-res-16k,This is a woman,11813
gemma-2-2b,gemmascope-res-16k,This is a woman,12877
gemma-2-2b,gemmascope-res-16k,This is a woman,13843
gemma-2-2b,gemmascope-res-16k,This is a woman,14596
gemma-2-2b,gemmascope-res-16k,This is a woman,2912
gemma-2-2b,gemmascope-res-16k,This is a woman,6328
gemma-2-2b,gemmascope-res-16k,This is a woman,7060
gemma-2-2b,gemmascope-res-16k,This is a woman,8009
gemma-2-2b,gemmascope-res-16k,This is a woman,8487
gemma-2-2b,gemmascope-res-16k,This is a woman,8960
gemma-2-2b,gemmascope-res-16k,This is a woman,9675
gemma-2-2b,gemmascope-res-16k,This is a woman,9756
gemma-2-2b,gemmascope-res-16k,This is allah,11225
gemma-2-2b,gemmascope-res-16k,This is allah,12878
gemma-2-2b,gemmascope-res-16k,This is allah,13040
gemma-2-2b,gemmascope-res-16k,This is allah,2164
gemma-2-2b,gemmascope-res-16k,This is allah,3826
gemma-2-2b,gemmascope-res-16k,This is allah,4562
gemma-2-2b,gemmascope-res-16k,This is allah,5444
gemma-2-2b,gemmascope-res-16k,This is allah,7517
gemma-2-2b,gemmascope-res-16k,This is allah,This is allah
gemma-2-2b,gemmascope-res-16k,This is allah,This is allah
gemma-2-2b,gemmascope-res-16k,This is allah,11225
gemma-2-2b,gemmascope-res-16k,This is allah,12878
gemma-2-2b,gemmascope-res-16k,This is allah,13040
gemma-2-2b,gemmascope-res-16k,This is allah,2164
gemma-2-2b,gemmascope-res-16k,This is allah,3826
gemma-2-2b,gemmascope-res-16k,This is allah,4562
gemma-2-2b,gemmascope-res-16k,This is allah,5444
gemma-2-2b,gemmascope-res-16k,This is allah,7517
gemma-2-2b,gemmascope-res-16k,This is an assistant,10628
gemma-2-2b,gemmascope-res-16k,This is an assistant,11214
gemma-2-2b,gemmascope-res-16k,This is an assistant,11619
gemma-2-2b,gemmascope-res-16k,This is an assistant,12475
gemma-2-2b,gemmascope-res-16k,This is an assistant,12881
gemma-2-2b,gemmascope-res-16k,This is an assistant,13494
gemma-2-2b,gemmascope-res-16k,This is an assistant,15814
gemma-2-2b,gemmascope-res-16k,This is an assistant,15830
gemma-2-2b,gemmascope-res-16k,This is an assistant,15963
gemma-2-2b,gemmascope-res-16k,This is an assistant,480
gemma-2-2b,gemmascope-res-16k,This is an assistant,5863
gemma-2-2b,gemmascope-res-16k,This is an assistant,6015
gemma-2-2b,gemmascope-res-16k,This is an assistant,6914
gemma-2-2b,gemmascope-res-16k,This is an assistant,8242
gemma-2-2b,gemmascope-res-16k,This is an assistant,997
gemma-2-2b,gemmascope-res-16k,This is an assistant,This is an assistant
gemma-2-2b,gemmascope-res-16k,This is an assistant,This is an assistant
gemma-2-2b,gemmascope-res-16k,This is an assistant,10628
gemma-2-2b,gemmascope-res-16k,This is an assistant,11214
gemma-2-2b,gemmascope-res-16k,This is an assistant,11619
gemma-2-2b,gemmascope-res-16k,This is an assistant,12475
gemma-2-2b,gemmascope-res-16k,This is an assistant,12881
gemma-2-2b,gemmascope-res-16k,This is an assistant,13494
gemma-2-2b,gemmascope-res-16k,This is an assistant,15814
gemma-2-2b,gemmascope-res-16k,This is an assistant,15830
gemma-2-2b,gemmascope-res-16k,This is an assistant,15963
gemma-2-2b,gemmascope-res-16k,This is an assistant,480
gemma-2-2b,gemmascope-res-16k,This is an assistant,5863
gemma-2-2b,gemmascope-res-16k,This is an assistant,6015
gemma-2-2b,gemmascope-res-16k,This is an assistant,6914
gemma-2-2b,gemmascope-res-16k,This is an assistant,8242
gemma-2-2b,gemmascope-res-16k,This is an assistant,997
gemma-2-2b,gemmascope-res-16k,This is an attack,11795
gemma-2-2b,gemmascope-res-16k,This is an attack,12010
gemma-2-2b,gemmascope-res-16k,This is an attack,12317
gemma-2-2b,gemmascope-res-16k,This is an attack,12746
gemma-2-2b,gemmascope-res-16k,This is an attack,13423
gemma-2-2b,gemmascope-res-16k,This is an attack,13966
gemma-2-2b,gemmascope-res-16k,This is an attack,14114
gemma-2-2b,gemmascope-res-16k,This is an attack,14781
gemma-2-2b,gemmascope-res-16k,This is an attack,1479
gemma-2-2b,gemmascope-res-16k,This is an attack,15743
gemma-2-2b,gemmascope-res-16k,This is an attack,16123
gemma-2-2b,gemmascope-res-16k,This is an attack,3736
gemma-2-2b,gemmascope-res-16k,This is an attack,4575
gemma-2-2b,gemmascope-res-16k,This is an attack,4667
gemma-2-2b,gemmascope-res-16k,This is an attack,6528
gemma-2-2b,gemmascope-res-16k,This is an attack,9011
gemma-2-2b,gemmascope-res-16k,This is an attack,9139
gemma-2-2b,gemmascope-res-16k,This is an attack,932
gemma-2-2b,gemmascope-res-16k,This is an attack,9625
gemma-2-2b,gemmascope-res-16k,This is an attack,This is an attack
gemma-2-2b,gemmascope-res-16k,This is an attack,This is an attack
gemma-2-2b,gemmascope-res-16k,This is an attack,11795
gemma-2-2b,gemmascope-res-16k,This is an attack,12010
gemma-2-2b,gemmascope-res-16k,This is an attack,12317
gemma-2-2b,gemmascope-res-16k,This is an attack,12746
gemma-2-2b,gemmascope-res-16k,This is an attack,13423
gemma-2-2b,gemmascope-res-16k,This is an attack,13966
gemma-2-2b,gemmascope-res-16k,This is an attack,14114
gemma-2-2b,gemmascope-res-16k,This is an attack,14781
gemma-2-2b,gemmascope-res-16k,This is an attack,1479
gemma-2-2b,gemmascope-res-16k,This is an attack,15743
gemma-2-2b,gemmascope-res-16k,This is an attack,16123
gemma-2-2b,gemmascope-res-16k,This is an attack,3736
gemma-2-2b,gemmascope-res-16k,This is an attack,4575
gemma-2-2b,gemmascope-res-16k,This is an attack,4667
gemma-2-2b,gemmascope-res-16k,This is an attack,6528
gemma-2-2b,gemmascope-res-16k,This is an attack,9011
gemma-2-2b,gemmascope-res-16k,This is an attack,9139
gemma-2-2b,gemmascope-res-16k,This is an attack,932
gemma-2-2b,gemmascope-res-16k,This is an attack,9625
gemma-2-2b,gemmascope-res-16k,This is an engineer,10614
gemma-2-2b,gemmascope-res-16k,This is an engineer,10933
gemma-2-2b,gemmascope-res-16k,This is an engineer,11506
gemma-2-2b,gemmascope-res-16k,This is an engineer,13171
gemma-2-2b,gemmascope-res-16k,This is an engineer,13794
gemma-2-2b,gemmascope-res-16k,This is an engineer,14332
gemma-2-2b,gemmascope-res-16k,This is an engineer,15211
gemma-2-2b,gemmascope-res-16k,This is an engineer,15631
gemma-2-2b,gemmascope-res-16k,This is an engineer,15642
gemma-2-2b,gemmascope-res-16k,This is an engineer,3439
gemma-2-2b,gemmascope-res-16k,This is an engineer,6524
gemma-2-2b,gemmascope-res-16k,This is an engineer,6708
gemma-2-2b,gemmascope-res-16k,This is an engineer,6775
gemma-2-2b,gemmascope-res-16k,This is an engineer,7437
gemma-2-2b,gemmascope-res-16k,This is an engineer,9961
gemma-2-2b,gemmascope-res-16k,This is an engineer,This is an engineer
gemma-2-2b,gemmascope-res-16k,This is an engineer,This is an engineer
gemma-2-2b,gemmascope-res-16k,This is an engineer,10614
gemma-2-2b,gemmascope-res-16k,This is an engineer,10933
gemma-2-2b,gemmascope-res-16k,This is an engineer,11506
gemma-2-2b,gemmascope-res-16k,This is an engineer,13171
gemma-2-2b,gemmascope-res-16k,This is an engineer,13794
gemma-2-2b,gemmascope-res-16k,This is an engineer,14332
gemma-2-2b,gemmascope-res-16k,This is an engineer,15211
gemma-2-2b,gemmascope-res-16k,This is an engineer,15631
gemma-2-2b,gemmascope-res-16k,This is an engineer,15642
gemma-2-2b,gemmascope-res-16k,This is an engineer,3439
gemma-2-2b,gemmascope-res-16k,This is an engineer,6524
gemma-2-2b,gemmascope-res-16k,This is an engineer,6708
gemma-2-2b,gemmascope-res-16k,This is an engineer,6775
gemma-2-2b,gemmascope-res-16k,This is an engineer,7437
gemma-2-2b,gemmascope-res-16k,This is an engineer,9961
gemma-2-2b,gemmascope-res-16k,This is christianity,11175
gemma-2-2b,gemmascope-res-16k,This is christianity,1174
gemma-2-2b,gemmascope-res-16k,This is christianity,12651
gemma-2-2b,gemmascope-res-16k,This is christianity,13540
gemma-2-2b,gemmascope-res-16k,This is christianity,14873
gemma-2-2b,gemmascope-res-16k,This is christianity,15465
gemma-2-2b,gemmascope-res-16k,This is christianity,2251
gemma-2-2b,gemmascope-res-16k,This is christianity,3498
gemma-2-2b,gemmascope-res-16k,This is christianity,4138
gemma-2-2b,gemmascope-res-16k,This is christianity,428
gemma-2-2b,gemmascope-res-16k,This is christianity,4516
gemma-2-2b,gemmascope-res-16k,This is christianity,6827
gemma-2-2b,gemmascope-res-16k,This is christianity,805
gemma-2-2b,gemmascope-res-16k,This is christianity,This is christianity
gemma-2-2b,gemmascope-res-16k,This is christianity,This is christianity
gemma-2-2b,gemmascope-res-16k,This is christianity,11175
gemma-2-2b,gemmascope-res-16k,This is christianity,1174
gemma-2-2b,gemmascope-res-16k,This is christianity,12651
gemma-2-2b,gemmascope-res-16k,This is christianity,13540
gemma-2-2b,gemmascope-res-16k,This is christianity,14873
gemma-2-2b,gemmascope-res-16k,This is christianity,15465
gemma-2-2b,gemmascope-res-16k,This is christianity,2251
gemma-2-2b,gemmascope-res-16k,This is christianity,3498
gemma-2-2b,gemmascope-res-16k,This is christianity,4138
gemma-2-2b,gemmascope-res-16k,This is christianity,428
gemma-2-2b,gemmascope-res-16k,This is christianity,4516
gemma-2-2b,gemmascope-res-16k,This is christianity,6827
gemma-2-2b,gemmascope-res-16k,This is christianity,805
gemma-2-2b,gemmascope-res-16k,This is cocaine,10162
gemma-2-2b,gemmascope-res-16k,This is cocaine,10522
gemma-2-2b,gemmascope-res-16k,This is cocaine,11797
gemma-2-2b,gemmascope-res-16k,This is cocaine,12140
gemma-2-2b,gemmascope-res-16k,This is cocaine,12968
gemma-2-2b,gemmascope-res-16k,This is cocaine,15364
gemma-2-2b,gemmascope-res-16k,This is cocaine,209
gemma-2-2b,gemmascope-res-16k,This is cocaine,3059
gemma-2-2b,gemmascope-res-16k,This is cocaine,320
gemma-2-2b,gemmascope-res-16k,This is cocaine,6678
gemma-2-2b,gemmascope-res-16k,This is cocaine,6884
gemma-2-2b,gemmascope-res-16k,This is cocaine,7013
gemma-2-2b,gemmascope-res-16k,This is cocaine,9673
gemma-2-2b,gemmascope-res-16k,This is cocaine,This is cocaine
gemma-2-2b,gemmascope-res-16k,This is cocaine,This is cocaine
gemma-2-2b,gemmascope-res-16k,This is cocaine,10162
gemma-2-2b,gemmascope-res-16k,This is cocaine,10522
gemma-2-2b,gemmascope-res-16k,This is cocaine,11797
gemma-2-2b,gemmascope-res-16k,This is cocaine,12140
gemma-2-2b,gemmascope-res-16k,This is cocaine,12968
gemma-2-2b,gemmascope-res-16k,This is cocaine,15364
gemma-2-2b,gemmascope-res-16k,This is cocaine,209
gemma-2-2b,gemmascope-res-16k,This is cocaine,3059
gemma-2-2b,gemmascope-res-16k,This is cocaine,320
gemma-2-2b,gemmascope-res-16k,This is cocaine,6678
gemma-2-2b,gemmascope-res-16k,This is cocaine,6884
gemma-2-2b,gemmascope-res-16k,This is cocaine,7013
gemma-2-2b,gemmascope-res-16k,This is cocaine,9673
gemma-2-2b,gemmascope-res-16k,this is female,11670
gemma-2-2b,gemmascope-res-16k,this is female,13843
gemma-2-2b,gemmascope-res-16k,this is female,14596
gemma-2-2b,gemmascope-res-16k,this is female,2095
gemma-2-2b,gemmascope-res-16k,this is female,3951
gemma-2-2b,gemmascope-res-16k,this is female,6328
gemma-2-2b,gemmascope-res-16k,this is female,6725
gemma-2-2b,gemmascope-res-16k,this is female,696
gemma-2-2b,gemmascope-res-16k,this is female,8505
gemma-2-2b,gemmascope-res-16k,this is female,8638
gemma-2-2b,gemmascope-res-16k,this is female,875
gemma-2-2b,gemmascope-res-16k,this is female,8960
gemma-2-2b,gemmascope-res-16k,this is female,9351
gemma-2-2b,gemmascope-res-16k,this is female,9675
gemma-2-2b,gemmascope-res-16k,this is female,9756
gemma-2-2b,gemmascope-res-16k,this is female,this is female
gemma-2-2b,gemmascope-res-16k,this is female,this is female
gemma-2-2b,gemmascope-res-16k,this is female,11670
gemma-2-2b,gemmascope-res-16k,this is female,13843
gemma-2-2b,gemmascope-res-16k,this is female,14596
gemma-2-2b,gemmascope-res-16k,this is female,2095
gemma-2-2b,gemmascope-res-16k,this is female,3951
gemma-2-2b,gemmascope-res-16k,this is female,6328
gemma-2-2b,gemmascope-res-16k,this is female,6725
gemma-2-2b,gemmascope-res-16k,this is female,696
gemma-2-2b,gemmascope-res-16k,this is female,8505
gemma-2-2b,gemmascope-res-16k,this is female,8638
gemma-2-2b,gemmascope-res-16k,this is female,875
gemma-2-2b,gemmascope-res-16k,this is female,8960
gemma-2-2b,gemmascope-res-16k,this is female,9351
gemma-2-2b,gemmascope-res-16k,this is female,9675
gemma-2-2b,gemmascope-res-16k,this is female,9756
gemma-2-2b,gemmascope-res-16k,This is halal,10706
gemma-2-2b,gemmascope-res-16k,This is halal,12486
gemma-2-2b,gemmascope-res-16k,This is halal,13142
gemma-2-2b,gemmascope-res-16k,This is halal,13795
gemma-2-2b,gemmascope-res-16k,This is halal,3415
gemma-2-2b,gemmascope-res-16k,This is halal,35
gemma-2-2b,gemmascope-res-16k,This is halal,442
gemma-2-2b,gemmascope-res-16k,This is halal,This is halal
gemma-2-2b,gemmascope-res-16k,This is halal,This is halal
gemma-2-2b,gemmascope-res-16k,This is halal,10706
gemma-2-2b,gemmascope-res-16k,This is halal,12486
gemma-2-2b,gemmascope-res-16k,This is halal,13142
gemma-2-2b,gemmascope-res-16k,This is halal,13795
gemma-2-2b,gemmascope-res-16k,This is halal,3415
gemma-2-2b,gemmascope-res-16k,This is halal,35
gemma-2-2b,gemmascope-res-16k,This is halal,442
gemma-2-2b,gemmascope-res-16k,This is he,1031
gemma-2-2b,gemmascope-res-16k,This is he,11452
gemma-2-2b,gemmascope-res-16k,This is he,12460
gemma-2-2b,gemmascope-res-16k,This is he,13298
gemma-2-2b,gemmascope-res-16k,This is he,13862
gemma-2-2b,gemmascope-res-16k,This is he,14180
gemma-2-2b,gemmascope-res-16k,This is he,1853
gemma-2-2b,gemmascope-res-16k,This is he,3184
gemma-2-2b,gemmascope-res-16k,This is he,5364
gemma-2-2b,gemmascope-res-16k,This is he,6189
gemma-2-2b,gemmascope-res-16k,This is he,This is he
gemma-2-2b,gemmascope-res-16k,This is he,This is he
gemma-2-2b,gemmascope-res-16k,This is he,1031
gemma-2-2b,gemmascope-res-16k,This is he,11452
gemma-2-2b,gemmascope-res-16k,This is he,12460
gemma-2-2b,gemmascope-res-16k,This is he,13298
gemma-2-2b,gemmascope-res-16k,This is he,13862
gemma-2-2b,gemmascope-res-16k,This is he,14180
gemma-2-2b,gemmascope-res-16k,This is he,1853
gemma-2-2b,gemmascope-res-16k,This is he,3184
gemma-2-2b,gemmascope-res-16k,This is he,5364
gemma-2-2b,gemmascope-res-16k,This is he,6189
gemma-2-2b,gemmascope-res-16k,This is islam,12868
gemma-2-2b,gemmascope-res-16k,This is islam,15770
gemma-2-2b,gemmascope-res-16k,This is islam,15838
gemma-2-2b,gemmascope-res-16k,This is islam,35
gemma-2-2b,gemmascope-res-16k,This is islam,442
gemma-2-2b,gemmascope-res-16k,This is islam,5725
gemma-2-2b,gemmascope-res-16k,This is islam,5863
gemma-2-2b,gemmascope-res-16k,This is islam,6827
gemma-2-2b,gemmascope-res-16k,This is islam,805
gemma-2-2b,gemmascope-res-16k,This is islam,8918
gemma-2-2b,gemmascope-res-16k,This is islam,9220
gemma-2-2b,gemmascope-res-16k,This is islam,This is islam
gemma-2-2b,gemmascope-res-16k,This is islam,This is islam
gemma-2-2b,gemmascope-res-16k,This is islam,12868
gemma-2-2b,gemmascope-res-16k,This is islam,15770
gemma-2-2b,gemmascope-res-16k,This is islam,15838
gemma-2-2b,gemmascope-res-16k,This is islam,35
gemma-2-2b,gemmascope-res-16k,This is islam,442
gemma-2-2b,gemmascope-res-16k,This is islam,5725
gemma-2-2b,gemmascope-res-16k,This is islam,5863
gemma-2-2b,gemmascope-res-16k,This is islam,6827
gemma-2-2b,gemmascope-res-16k,This is islam,805
gemma-2-2b,gemmascope-res-16k,This is islam,8918
gemma-2-2b,gemmascope-res-16k,This is islam,9220
gemma-2-2b,gemmascope-res-16k,This is jesus,1105
gemma-2-2b,gemmascope-res-16k,This is jesus,15997
gemma-2-2b,gemmascope-res-16k,This is jesus,2655
gemma-2-2b,gemmascope-res-16k,This is jesus,2897
gemma-2-2b,gemmascope-res-16k,This is jesus,5204
gemma-2-2b,gemmascope-res-16k,This is jesus,6133
gemma-2-2b,gemmascope-res-16k,This is jesus,8240
gemma-2-2b,gemmascope-res-16k,This is jesus,This is jesus
gemma-2-2b,gemmascope-res-16k,This is jesus,This is jesus
gemma-2-2b,gemmascope-res-16k,This is jesus,1105
gemma-2-2b,gemmascope-res-16k,This is jesus,15997
gemma-2-2b,gemmascope-res-16k,This is jesus,2655
gemma-2-2b,gemmascope-res-16k,This is jesus,2897
gemma-2-2b,gemmascope-res-16k,This is jesus,5204
gemma-2-2b,gemmascope-res-16k,This is jesus,6133
gemma-2-2b,gemmascope-res-16k,This is jesus,8240
gemma-2-2b,gemmascope-res-16k,This is judaism,11545
gemma-2-2b,gemmascope-res-16k,This is judaism,13626
gemma-2-2b,gemmascope-res-16k,This is judaism,15976
gemma-2-2b,gemmascope-res-16k,This is judaism,1702
gemma-2-2b,gemmascope-res-16k,This is judaism,3401
gemma-2-2b,gemmascope-res-16k,This is judaism,5309
gemma-2-2b,gemmascope-res-16k,This is judaism,9476
gemma-2-2b,gemmascope-res-16k,This is judaism,This is judaism
gemma-2-2b,gemmascope-res-16k,This is judaism,This is judaism
gemma-2-2b,gemmascope-res-16k,This is judaism,11545
gemma-2-2b,gemmascope-res-16k,This is judaism,13626
gemma-2-2b,gemmascope-res-16k,This is judaism,15976
gemma-2-2b,gemmascope-res-16k,This is judaism,1702
gemma-2-2b,gemmascope-res-16k,This is judaism,3401
gemma-2-2b,gemmascope-res-16k,This is judaism,5309
gemma-2-2b,gemmascope-res-16k,This is judaism,9476
gemma-2-2b,gemmascope-res-16k,This is kosher,11539
gemma-2-2b,gemmascope-res-16k,This is kosher,12069
gemma-2-2b,gemmascope-res-16k,This is kosher,12486
gemma-2-2b,gemmascope-res-16k,This is kosher,13142
gemma-2-2b,gemmascope-res-16k,This is kosher,13795
gemma-2-2b,gemmascope-res-16k,This is kosher,13843
gemma-2-2b,gemmascope-res-16k,This is kosher,14565
gemma-2-2b,gemmascope-res-16k,This is kosher,15200
gemma-2-2b,gemmascope-res-16k,This is kosher,1647
gemma-2-2b,gemmascope-res-16k,This is kosher,7651
gemma-2-2b,gemmascope-res-16k,This is kosher,This is kosher
gemma-2-2b,gemmascope-res-16k,This is kosher,This is kosher
gemma-2-2b,gemmascope-res-16k,This is kosher,11539
gemma-2-2b,gemmascope-res-16k,This is kosher,12069
gemma-2-2b,gemmascope-res-16k,This is kosher,12486
gemma-2-2b,gemmascope-res-16k,This is kosher,13142
gemma-2-2b,gemmascope-res-16k,This is kosher,13795
gemma-2-2b,gemmascope-res-16k,This is kosher,13843
gemma-2-2b,gemmascope-res-16k,This is kosher,14565
gemma-2-2b,gemmascope-res-16k,This is kosher,15200
gemma-2-2b,gemmascope-res-16k,This is kosher,1647
gemma-2-2b,gemmascope-res-16k,This is kosher,7651
gemma-2-2b,gemmascope-res-16k,This is mecca,14542
gemma-2-2b,gemmascope-res-16k,This is mecca,15821
gemma-2-2b,gemmascope-res-16k,This is mecca,2093
gemma-2-2b,gemmascope-res-16k,This is mecca,3065
gemma-2-2b,gemmascope-res-16k,This is mecca,589
gemma-2-2b,gemmascope-res-16k,This is mecca,6365
gemma-2-2b,gemmascope-res-16k,This is mecca,8762
gemma-2-2b,gemmascope-res-16k,This is mecca,9391
gemma-2-2b,gemmascope-res-16k,This is mecca,This is mecca
gemma-2-2b,gemmascope-res-16k,This is mecca,This is mecca
gemma-2-2b,gemmascope-res-16k,This is mecca,14542
gemma-2-2b,gemmascope-res-16k,This is mecca,15821
gemma-2-2b,gemmascope-res-16k,This is mecca,2093
gemma-2-2b,gemmascope-res-16k,This is mecca,3065
gemma-2-2b,gemmascope-res-16k,This is mecca,589
gemma-2-2b,gemmascope-res-16k,This is mecca,6365
gemma-2-2b,gemmascope-res-16k,This is mecca,8762
gemma-2-2b,gemmascope-res-16k,This is mecca,9391
gemma-2-2b,gemmascope-res-16k,This is money,10302
gemma-2-2b,gemmascope-res-16k,This is money,11795
gemma-2-2b,gemmascope-res-16k,This is money,12317
gemma-2-2b,gemmascope-res-16k,This is money,13055
gemma-2-2b,gemmascope-res-16k,This is money,13423
gemma-2-2b,gemmascope-res-16k,This is money,14424
gemma-2-2b,gemmascope-res-16k,This is money,14584
gemma-2-2b,gemmascope-res-16k,This is money,14623
gemma-2-2b,gemmascope-res-16k,This is money,14781
gemma-2-2b,gemmascope-res-16k,This is money,1479
gemma-2-2b,gemmascope-res-16k,This is money,14915
gemma-2-2b,gemmascope-res-16k,This is money,16123
gemma-2-2b,gemmascope-res-16k,This is money,3668
gemma-2-2b,gemmascope-res-16k,This is money,3736
gemma-2-2b,gemmascope-res-16k,This is money,4575
gemma-2-2b,gemmascope-res-16k,This is money,4667
gemma-2-2b,gemmascope-res-16k,This is money,9011
gemma-2-2b,gemmascope-res-16k,This is money,9139
gemma-2-2b,gemmascope-res-16k,This is money,932
gemma-2-2b,gemmascope-res-16k,This is money,9625
gemma-2-2b,gemmascope-res-16k,This is money,This is money
gemma-2-2b,gemmascope-res-16k,This is money,This is money
gemma-2-2b,gemmascope-res-16k,This is money,10302
gemma-2-2b,gemmascope-res-16k,This is money,11795
gemma-2-2b,gemmascope-res-16k,This is money,12317
gemma-2-2b,gemmascope-res-16k,This is money,13055
gemma-2-2b,gemmascope-res-16k,This is money,13423
gemma-2-2b,gemmascope-res-16k,This is money,14424
gemma-2-2b,gemmascope-res-16k,This is money,14584
gemma-2-2b,gemmascope-res-16k,This is money,14623
gemma-2-2b,gemmascope-res-16k,This is money,14781
gemma-2-2b,gemmascope-res-16k,This is money,1479
gemma-2-2b,gemmascope-res-16k,This is money,14915
gemma-2-2b,gemmascope-res-16k,This is money,16123
gemma-2-2b,gemmascope-res-16k,This is money,3668
gemma-2-2b,gemmascope-res-16k,This is money,3736
gemma-2-2b,gemmascope-res-16k,This is money,4575
gemma-2-2b,gemmascope-res-16k,This is money,4667
gemma-2-2b,gemmascope-res-16k,This is money,9011
gemma-2-2b,gemmascope-res-16k,This is money,9139
gemma-2-2b,gemmascope-res-16k,This is money,932
gemma-2-2b,gemmascope-res-16k,This is money,9625
gemma-2-2b,gemmascope-res-16k,This is naive,11527
gemma-2-2b,gemmascope-res-16k,This is naive,11795
gemma-2-2b,gemmascope-res-16k,This is naive,12317
gemma-2-2b,gemmascope-res-16k,This is naive,13423
gemma-2-2b,gemmascope-res-16k,This is naive,13966
gemma-2-2b,gemmascope-res-16k,This is naive,14781
gemma-2-2b,gemmascope-res-16k,This is naive,1479
gemma-2-2b,gemmascope-res-16k,This is naive,15771
gemma-2-2b,gemmascope-res-16k,This is naive,16012
gemma-2-2b,gemmascope-res-16k,This is naive,16123
gemma-2-2b,gemmascope-res-16k,This is naive,3736
gemma-2-2b,gemmascope-res-16k,This is naive,4575
gemma-2-2b,gemmascope-res-16k,This is naive,4667
gemma-2-2b,gemmascope-res-16k,This is naive,5914
gemma-2-2b,gemmascope-res-16k,This is naive,7795
gemma-2-2b,gemmascope-res-16k,This is naive,9011
gemma-2-2b,gemmascope-res-16k,This is naive,9139
gemma-2-2b,gemmascope-res-16k,This is naive,932
gemma-2-2b,gemmascope-res-16k,This is naive,9625
gemma-2-2b,gemmascope-res-16k,This is naive,This is naive
gemma-2-2b,gemmascope-res-16k,This is naive,This is naive
gemma-2-2b,gemmascope-res-16k,This is naive,11527
gemma-2-2b,gemmascope-res-16k,This is naive,11795
gemma-2-2b,gemmascope-res-16k,This is naive,12317
gemma-2-2b,gemmascope-res-16k,This is naive,13423
gemma-2-2b,gemmascope-res-16k,This is naive,13966
gemma-2-2b,gemmascope-res-16k,This is naive,14781
gemma-2-2b,gemmascope-res-16k,This is naive,1479
gemma-2-2b,gemmascope-res-16k,This is naive,15771
gemma-2-2b,gemmascope-res-16k,This is naive,16012
gemma-2-2b,gemmascope-res-16k,This is naive,16123
gemma-2-2b,gemmascope-res-16k,This is naive,3736
gemma-2-2b,gemmascope-res-16k,This is naive,4575
gemma-2-2b,gemmascope-res-16k,This is naive,4667
gemma-2-2b,gemmascope-res-16k,This is naive,5914
gemma-2-2b,gemmascope-res-16k,This is naive,7795
gemma-2-2b,gemmascope-res-16k,This is naive,9011
gemma-2-2b,gemmascope-res-16k,This is naive,9139
gemma-2-2b,gemmascope-res-16k,This is naive,932
gemma-2-2b,gemmascope-res-16k,This is naive,9625
gemma-2-2b,gemmascope-res-16k,This is naiveThis is money,10760
gemma-2-2b,gemmascope-res-16k,This is naiveThis is money,2382
gemma-2-2b,gemmascope-res-16k,This is naiveThis is money,4479
gemma-2-2b,gemmascope-res-16k,This is naiveThis is money,8053
gemma-2-2b,gemmascope-res-16k,This is naiveThis is money,This is naiveThis is money
gemma-2-2b,gemmascope-res-16k,This is naiveThis is money,This is naiveThis is money
gemma-2-2b,gemmascope-res-16k,This is naiveThis is money,10760
gemma-2-2b,gemmascope-res-16k,This is naiveThis is money,2382
gemma-2-2b,gemmascope-res-16k,This is naiveThis is money,4479
gemma-2-2b,gemmascope-res-16k,This is naiveThis is money,8053
gemma-2-2b,gemmascope-res-16k,this is nose,11035
gemma-2-2b,gemmascope-res-16k,this is nose,11917
gemma-2-2b,gemmascope-res-16k,this is nose,1794
gemma-2-2b,gemmascope-res-16k,this is nose,2208
gemma-2-2b,gemmascope-res-16k,this is nose,3247
gemma-2-2b,gemmascope-res-16k,this is nose,6690
gemma-2-2b,gemmascope-res-16k,this is nose,8146
gemma-2-2b,gemmascope-res-16k,this is nose,8610
gemma-2-2b,gemmascope-res-16k,this is nose,this is nose
gemma-2-2b,gemmascope-res-16k,this is nose,this is nose
gemma-2-2b,gemmascope-res-16k,this is nose,11035
gemma-2-2b,gemmascope-res-16k,this is nose,11917
gemma-2-2b,gemmascope-res-16k,this is nose,1794
gemma-2-2b,gemmascope-res-16k,this is nose,2208
gemma-2-2b,gemmascope-res-16k,this is nose,3247
gemma-2-2b,gemmascope-res-16k,this is nose,6690
gemma-2-2b,gemmascope-res-16k,this is nose,8146
gemma-2-2b,gemmascope-res-16k,this is nose,8610
gemma-2-2b,gemmascope-res-16k,This is shabbat,11189
gemma-2-2b,gemmascope-res-16k,This is shabbat,11545
gemma-2-2b,gemmascope-res-16k,This is shabbat,12113
gemma-2-2b,gemmascope-res-16k,This is shabbat,13932
gemma-2-2b,gemmascope-res-16k,This is shabbat,15473
gemma-2-2b,gemmascope-res-16k,This is shabbat,15494
gemma-2-2b,gemmascope-res-16k,This is shabbat,4430
gemma-2-2b,gemmascope-res-16k,This is shabbat,5343
gemma-2-2b,gemmascope-res-16k,This is shabbat,7348
gemma-2-2b,gemmascope-res-16k,This is shabbat,7448
gemma-2-2b,gemmascope-res-16k,This is shabbat,9145
gemma-2-2b,gemmascope-res-16k,This is shabbat,9740
gemma-2-2b,gemmascope-res-16k,This is shabbat,This is shabbat
gemma-2-2b,gemmascope-res-16k,This is shabbat,This is shabbat
gemma-2-2b,gemmascope-res-16k,This is shabbat,11189
gemma-2-2b,gemmascope-res-16k,This is shabbat,11545
gemma-2-2b,gemmascope-res-16k,This is shabbat,12113
gemma-2-2b,gemmascope-res-16k,This is shabbat,13932
gemma-2-2b,gemmascope-res-16k,This is shabbat,15473
gemma-2-2b,gemmascope-res-16k,This is shabbat,15494
gemma-2-2b,gemmascope-res-16k,This is shabbat,4430
gemma-2-2b,gemmascope-res-16k,This is shabbat,5343
gemma-2-2b,gemmascope-res-16k,This is shabbat,7348
gemma-2-2b,gemmascope-res-16k,This is shabbat,7448
gemma-2-2b,gemmascope-res-16k,This is shabbat,9145
gemma-2-2b,gemmascope-res-16k,This is shabbat,9740
gemma-2-2b,gemmascope-res-16k,This is she,10429
gemma-2-2b,gemmascope-res-16k,This is she,11405
gemma-2-2b,gemmascope-res-16k,This is she,1244
gemma-2-2b,gemmascope-res-16k,This is she,13002
gemma-2-2b,gemmascope-res-16k,This is she,1410
gemma-2-2b,gemmascope-res-16k,This is she,14180
gemma-2-2b,gemmascope-res-16k,This is she,15018
gemma-2-2b,gemmascope-res-16k,This is she,15231
gemma-2-2b,gemmascope-res-16k,This is she,15502
gemma-2-2b,gemmascope-res-16k,This is she,2550
gemma-2-2b,gemmascope-res-16k,This is she,6596
gemma-2-2b,gemmascope-res-16k,This is she,7362
gemma-2-2b,gemmascope-res-16k,This is she,9317
gemma-2-2b,gemmascope-res-16k,This is she,This is she
gemma-2-2b,gemmascope-res-16k,This is she,This is she
gemma-2-2b,gemmascope-res-16k,This is she,10429
gemma-2-2b,gemmascope-res-16k,This is she,11405
gemma-2-2b,gemmascope-res-16k,This is she,1244
gemma-2-2b,gemmascope-res-16k,This is she,13002
gemma-2-2b,gemmascope-res-16k,This is she,1410
gemma-2-2b,gemmascope-res-16k,This is she,14180
gemma-2-2b,gemmascope-res-16k,This is she,15018
gemma-2-2b,gemmascope-res-16k,This is she,15231
gemma-2-2b,gemmascope-res-16k,This is she,15502
gemma-2-2b,gemmascope-res-16k,This is she,2550
gemma-2-2b,gemmascope-res-16k,This is she,6596
gemma-2-2b,gemmascope-res-16k,This is she,7362
gemma-2-2b,gemmascope-res-16k,This is she,9317
gemma-2-2b,gemmascope-res-65k,Das ist ein Jude,14040
gemma-2-2b,gemmascope-res-65k,Das ist ein Jude,14992
gemma-2-2b,gemmascope-res-65k,Das ist ein Jude,24232
gemma-2-2b,gemmascope-res-65k,Das ist ein Jude,27252
gemma-2-2b,gemmascope-res-65k,Das ist ein Jude,33157
gemma-2-2b,gemmascope-res-65k,Das ist ein Jude,38470
gemma-2-2b,gemmascope-res-65k,Das ist ein Jude,46949
gemma-2-2b,gemmascope-res-65k,Das ist ein Jude,5088
gemma-2-2b,gemmascope-res-65k,Das ist ein Jude,6390
gemma-2-2b,gemmascope-res-65k,Das ist ein Jude,8766
gemma-2-2b,gemmascope-res-65k,Das ist ein Jude,Das ist ein Jude
gemma-2-2b,gemmascope-res-65k,Das ist ein Jude,Das ist ein Jude
gemma-2-2b,gemmascope-res-65k,Das ist ein Jude,14040
gemma-2-2b,gemmascope-res-65k,Das ist ein Jude,14992
gemma-2-2b,gemmascope-res-65k,Das ist ein Jude,24232
gemma-2-2b,gemmascope-res-65k,Das ist ein Jude,27252
gemma-2-2b,gemmascope-res-65k,Das ist ein Jude,33157
gemma-2-2b,gemmascope-res-65k,Das ist ein Jude,38470
gemma-2-2b,gemmascope-res-65k,Das ist ein Jude,46949
gemma-2-2b,gemmascope-res-65k,Das ist ein Jude,5088
gemma-2-2b,gemmascope-res-65k,Das ist ein Jude,6390
gemma-2-2b,gemmascope-res-65k,Das ist ein Jude,8766
gemma-2-2b,gemmascope-res-65k,Das ist ein Mann,14040
gemma-2-2b,gemmascope-res-65k,Das ist ein Mann,14992
gemma-2-2b,gemmascope-res-65k,Das ist ein Mann,2323
gemma-2-2b,gemmascope-res-65k,Das ist ein Mann,24232
gemma-2-2b,gemmascope-res-65k,Das ist ein Mann,27252
gemma-2-2b,gemmascope-res-65k,Das ist ein Mann,30099
gemma-2-2b,gemmascope-res-65k,Das ist ein Mann,33157
gemma-2-2b,gemmascope-res-65k,Das ist ein Mann,38470
gemma-2-2b,gemmascope-res-65k,Das ist ein Mann,5088
gemma-2-2b,gemmascope-res-65k,Das ist ein Mann,531
gemma-2-2b,gemmascope-res-65k,Das ist ein Mann,59374
gemma-2-2b,gemmascope-res-65k,Das ist ein Mann,62788
gemma-2-2b,gemmascope-res-65k,Das ist ein Mann,8766
gemma-2-2b,gemmascope-res-65k,Das ist ein Mann,Das ist ein Mann
gemma-2-2b,gemmascope-res-65k,Das ist ein Mann,Das ist ein Mann
gemma-2-2b,gemmascope-res-65k,Das ist ein Mann,14040
gemma-2-2b,gemmascope-res-65k,Das ist ein Mann,14992
gemma-2-2b,gemmascope-res-65k,Das ist ein Mann,2323
gemma-2-2b,gemmascope-res-65k,Das ist ein Mann,24232
gemma-2-2b,gemmascope-res-65k,Das ist ein Mann,27252
gemma-2-2b,gemmascope-res-65k,Das ist ein Mann,30099
gemma-2-2b,gemmascope-res-65k,Das ist ein Mann,33157
gemma-2-2b,gemmascope-res-65k,Das ist ein Mann,38470
gemma-2-2b,gemmascope-res-65k,Das ist ein Mann,5088
gemma-2-2b,gemmascope-res-65k,Das ist ein Mann,531
gemma-2-2b,gemmascope-res-65k,Das ist ein Mann,59374
gemma-2-2b,gemmascope-res-65k,Das ist ein Mann,62788
gemma-2-2b,gemmascope-res-65k,Das ist ein Mann,8766
gemma-2-2b,gemmascope-res-65k,Das ist ein Mädchen,14040
gemma-2-2b,gemmascope-res-65k,Das ist ein Mädchen,14992
gemma-2-2b,gemmascope-res-65k,Das ist ein Mädchen,24232
gemma-2-2b,gemmascope-res-65k,Das ist ein Mädchen,24271
gemma-2-2b,gemmascope-res-65k,Das ist ein Mädchen,27252
gemma-2-2b,gemmascope-res-65k,Das ist ein Mädchen,30099
gemma-2-2b,gemmascope-res-65k,Das ist ein Mädchen,33157
gemma-2-2b,gemmascope-res-65k,Das ist ein Mädchen,46949
gemma-2-2b,gemmascope-res-65k,Das ist ein Mädchen,5088
gemma-2-2b,gemmascope-res-65k,Das ist ein Mädchen,59374
gemma-2-2b,gemmascope-res-65k,Das ist ein Mädchen,60620
gemma-2-2b,gemmascope-res-65k,Das ist ein Mädchen,62788
gemma-2-2b,gemmascope-res-65k,Das ist ein Mädchen,8766
gemma-2-2b,gemmascope-res-65k,Das ist ein Mädchen,Das ist ein Mädchen
gemma-2-2b,gemmascope-res-65k,Das ist ein Mädchen,Das ist ein Mädchen
gemma-2-2b,gemmascope-res-65k,Das ist ein Mädchen,14040
gemma-2-2b,gemmascope-res-65k,Das ist ein Mädchen,14992
gemma-2-2b,gemmascope-res-65k,Das ist ein Mädchen,24232
gemma-2-2b,gemmascope-res-65k,Das ist ein Mädchen,24271
gemma-2-2b,gemmascope-res-65k,Das ist ein Mädchen,27252
gemma-2-2b,gemmascope-res-65k,Das ist ein Mädchen,30099
gemma-2-2b,gemmascope-res-65k,Das ist ein Mädchen,33157
gemma-2-2b,gemmascope-res-65k,Das ist ein Mädchen,46949
gemma-2-2b,gemmascope-res-65k,Das ist ein Mädchen,5088
gemma-2-2b,gemmascope-res-65k,Das ist ein Mädchen,59374
gemma-2-2b,gemmascope-res-65k,Das ist ein Mädchen,60620
gemma-2-2b,gemmascope-res-65k,Das ist ein Mädchen,62788
gemma-2-2b,gemmascope-res-65k,Das ist ein Mädchen,8766
gemma-2-2b,gemmascope-res-65k,Das ist ein Opa,14040
gemma-2-2b,gemmascope-res-65k,Das ist ein Opa,14992
gemma-2-2b,gemmascope-res-65k,Das ist ein Opa,24232
gemma-2-2b,gemmascope-res-65k,Das ist ein Opa,27252
gemma-2-2b,gemmascope-res-65k,Das ist ein Opa,33157
gemma-2-2b,gemmascope-res-65k,Das ist ein Opa,46949
gemma-2-2b,gemmascope-res-65k,Das ist ein Opa,5088
gemma-2-2b,gemmascope-res-65k,Das ist ein Opa,59374
gemma-2-2b,gemmascope-res-65k,Das ist ein Opa,6390
gemma-2-2b,gemmascope-res-65k,Das ist ein Opa,8766
gemma-2-2b,gemmascope-res-65k,Das ist ein Opa,Das ist ein Opa
gemma-2-2b,gemmascope-res-65k,Das ist ein Opa,Das ist ein Opa
gemma-2-2b,gemmascope-res-65k,Das ist ein Opa,14040
gemma-2-2b,gemmascope-res-65k,Das ist ein Opa,14992
gemma-2-2b,gemmascope-res-65k,Das ist ein Opa,24232
gemma-2-2b,gemmascope-res-65k,Das ist ein Opa,27252
gemma-2-2b,gemmascope-res-65k,Das ist ein Opa,33157
gemma-2-2b,gemmascope-res-65k,Das ist ein Opa,46949
gemma-2-2b,gemmascope-res-65k,Das ist ein Opa,5088
gemma-2-2b,gemmascope-res-65k,Das ist ein Opa,59374
gemma-2-2b,gemmascope-res-65k,Das ist ein Opa,6390
gemma-2-2b,gemmascope-res-65k,Das ist ein Opa,8766
gemma-2-2b,gemmascope-res-65k,Das ist eine Frau,14040
gemma-2-2b,gemmascope-res-65k,Das ist eine Frau,14992
gemma-2-2b,gemmascope-res-65k,Das ist eine Frau,2323
gemma-2-2b,gemmascope-res-65k,Das ist eine Frau,24232
gemma-2-2b,gemmascope-res-65k,Das ist eine Frau,27252
gemma-2-2b,gemmascope-res-65k,Das ist eine Frau,30099
gemma-2-2b,gemmascope-res-65k,Das ist eine Frau,33157
gemma-2-2b,gemmascope-res-65k,Das ist eine Frau,38156
gemma-2-2b,gemmascope-res-65k,Das ist eine Frau,38470
gemma-2-2b,gemmascope-res-65k,Das ist eine Frau,5088
gemma-2-2b,gemmascope-res-65k,Das ist eine Frau,59374
gemma-2-2b,gemmascope-res-65k,Das ist eine Frau,62788
gemma-2-2b,gemmascope-res-65k,Das ist eine Frau,6494
gemma-2-2b,gemmascope-res-65k,Das ist eine Frau,8766
gemma-2-2b,gemmascope-res-65k,Das ist eine Frau,Das ist eine Frau
gemma-2-2b,gemmascope-res-65k,Das ist eine Frau,Das ist eine Frau
gemma-2-2b,gemmascope-res-65k,Das ist eine Frau,14040
gemma-2-2b,gemmascope-res-65k,Das ist eine Frau,14992
gemma-2-2b,gemmascope-res-65k,Das ist eine Frau,2323
gemma-2-2b,gemmascope-res-65k,Das ist eine Frau,24232
gemma-2-2b,gemmascope-res-65k,Das ist eine Frau,27252
gemma-2-2b,gemmascope-res-65k,Das ist eine Frau,30099
gemma-2-2b,gemmascope-res-65k,Das ist eine Frau,33157
gemma-2-2b,gemmascope-res-65k,Das ist eine Frau,38156
gemma-2-2b,gemmascope-res-65k,Das ist eine Frau,38470
gemma-2-2b,gemmascope-res-65k,Das ist eine Frau,5088
gemma-2-2b,gemmascope-res-65k,Das ist eine Frau,59374
gemma-2-2b,gemmascope-res-65k,Das ist eine Frau,62788
gemma-2-2b,gemmascope-res-65k,Das ist eine Frau,6494
gemma-2-2b,gemmascope-res-65k,Das ist eine Frau,8766
gemma-2-2b,gemmascope-res-65k,Das ist eine Oma,14040
gemma-2-2b,gemmascope-res-65k,Das ist eine Oma,14992
gemma-2-2b,gemmascope-res-65k,Das ist eine Oma,2323
gemma-2-2b,gemmascope-res-65k,Das ist eine Oma,24232
gemma-2-2b,gemmascope-res-65k,Das ist eine Oma,27252
gemma-2-2b,gemmascope-res-65k,Das ist eine Oma,30099
gemma-2-2b,gemmascope-res-65k,Das ist eine Oma,33157
gemma-2-2b,gemmascope-res-65k,Das ist eine Oma,38156
gemma-2-2b,gemmascope-res-65k,Das ist eine Oma,5088
gemma-2-2b,gemmascope-res-65k,Das ist eine Oma,62788
gemma-2-2b,gemmascope-res-65k,Das ist eine Oma,6494
gemma-2-2b,gemmascope-res-65k,Das ist eine Oma,8766
gemma-2-2b,gemmascope-res-65k,Das ist eine Oma,Das ist eine Oma
gemma-2-2b,gemmascope-res-65k,Das ist eine Oma,Das ist eine Oma
gemma-2-2b,gemmascope-res-65k,Das ist eine Oma,14040
gemma-2-2b,gemmascope-res-65k,Das ist eine Oma,14992
gemma-2-2b,gemmascope-res-65k,Das ist eine Oma,2323
gemma-2-2b,gemmascope-res-65k,Das ist eine Oma,24232
gemma-2-2b,gemmascope-res-65k,Das ist eine Oma,27252
gemma-2-2b,gemmascope-res-65k,Das ist eine Oma,30099
gemma-2-2b,gemmascope-res-65k,Das ist eine Oma,33157
gemma-2-2b,gemmascope-res-65k,Das ist eine Oma,38156
gemma-2-2b,gemmascope-res-65k,Das ist eine Oma,5088
gemma-2-2b,gemmascope-res-65k,Das ist eine Oma,62788
gemma-2-2b,gemmascope-res-65k,Das ist eine Oma,6494
gemma-2-2b,gemmascope-res-65k,Das ist eine Oma,8766
gemma-2-2b,gemmascope-res-65k,Das ists ein Junge,14040
gemma-2-2b,gemmascope-res-65k,Das ists ein Junge,24232
gemma-2-2b,gemmascope-res-65k,Das ists ein Junge,27252
gemma-2-2b,gemmascope-res-65k,Das ists ein Junge,29194
gemma-2-2b,gemmascope-res-65k,Das ists ein Junge,33157
gemma-2-2b,gemmascope-res-65k,Das ists ein Junge,38844
gemma-2-2b,gemmascope-res-65k,Das ists ein Junge,40948
gemma-2-2b,gemmascope-res-65k,Das ists ein Junge,41740
gemma-2-2b,gemmascope-res-65k,Das ists ein Junge,46949
gemma-2-2b,gemmascope-res-65k,Das ists ein Junge,5
gemma-2-2b,gemmascope-res-65k,Das ists ein Junge,5088
gemma-2-2b,gemmascope-res-65k,Das ists ein Junge,56963
gemma-2-2b,gemmascope-res-65k,Das ists ein Junge,5708
gemma-2-2b,gemmascope-res-65k,Das ists ein Junge,60620
gemma-2-2b,gemmascope-res-65k,Das ists ein Junge,7460
gemma-2-2b,gemmascope-res-65k,Das ists ein Junge,8323
gemma-2-2b,gemmascope-res-65k,Das ists ein Junge,8766
gemma-2-2b,gemmascope-res-65k,Das ists ein Junge,Das ists ein Junge
gemma-2-2b,gemmascope-res-65k,Das ists ein Junge,Das ists ein Junge
gemma-2-2b,gemmascope-res-65k,Das ists ein Junge,14040
gemma-2-2b,gemmascope-res-65k,Das ists ein Junge,24232
gemma-2-2b,gemmascope-res-65k,Das ists ein Junge,27252
gemma-2-2b,gemmascope-res-65k,Das ists ein Junge,29194
gemma-2-2b,gemmascope-res-65k,Das ists ein Junge,33157
gemma-2-2b,gemmascope-res-65k,Das ists ein Junge,38844
gemma-2-2b,gemmascope-res-65k,Das ists ein Junge,40948
gemma-2-2b,gemmascope-res-65k,Das ists ein Junge,41740
gemma-2-2b,gemmascope-res-65k,Das ists ein Junge,46949
gemma-2-2b,gemmascope-res-65k,Das ists ein Junge,5
gemma-2-2b,gemmascope-res-65k,Das ists ein Junge,5088
gemma-2-2b,gemmascope-res-65k,Das ists ein Junge,56963
gemma-2-2b,gemmascope-res-65k,Das ists ein Junge,5708
gemma-2-2b,gemmascope-res-65k,Das ists ein Junge,60620
gemma-2-2b,gemmascope-res-65k,Das ists ein Junge,7460
gemma-2-2b,gemmascope-res-65k,Das ists ein Junge,8323
gemma-2-2b,gemmascope-res-65k,Das ists ein Junge,8766
gemma-2-2b,gemmascope-res-65k,il est juif,13572
gemma-2-2b,gemmascope-res-65k,il est juif,16099
gemma-2-2b,gemmascope-res-65k,il est juif,18682
gemma-2-2b,gemmascope-res-65k,il est juif,36649
gemma-2-2b,gemmascope-res-65k,il est juif,37886
gemma-2-2b,gemmascope-res-65k,il est juif,40707
gemma-2-2b,gemmascope-res-65k,il est juif,55327
gemma-2-2b,gemmascope-res-65k,il est juif,59207
gemma-2-2b,gemmascope-res-65k,il est juif,60185
gemma-2-2b,gemmascope-res-65k,il est juif,7729
gemma-2-2b,gemmascope-res-65k,il est juif,9794
gemma-2-2b,gemmascope-res-65k,il est juif,il est juif
gemma-2-2b,gemmascope-res-65k,il est juif,il est juif
gemma-2-2b,gemmascope-res-65k,il est juif,13572
gemma-2-2b,gemmascope-res-65k,il est juif,16099
gemma-2-2b,gemmascope-res-65k,il est juif,18682
gemma-2-2b,gemmascope-res-65k,il est juif,36649
gemma-2-2b,gemmascope-res-65k,il est juif,37886
gemma-2-2b,gemmascope-res-65k,il est juif,40707
gemma-2-2b,gemmascope-res-65k,il est juif,55327
gemma-2-2b,gemmascope-res-65k,il est juif,59207
gemma-2-2b,gemmascope-res-65k,il est juif,60185
gemma-2-2b,gemmascope-res-65k,il est juif,7729
gemma-2-2b,gemmascope-res-65k,il est juif,9794
gemma-2-2b,gemmascope-res-65k,This is a baptsim,20967
gemma-2-2b,gemmascope-res-65k,This is a baptsim,25610
gemma-2-2b,gemmascope-res-65k,This is a baptsim,62503
gemma-2-2b,gemmascope-res-65k,This is a baptsim,This is a baptsim
gemma-2-2b,gemmascope-res-65k,This is a baptsim,This is a baptsim
gemma-2-2b,gemmascope-res-65k,This is a baptsim,20967
gemma-2-2b,gemmascope-res-65k,This is a baptsim,25610
gemma-2-2b,gemmascope-res-65k,This is a baptsim,62503
gemma-2-2b,gemmascope-res-65k,This is a bible,10623
gemma-2-2b,gemmascope-res-65k,This is a bible,12483
gemma-2-2b,gemmascope-res-65k,This is a bible,16540
gemma-2-2b,gemmascope-res-65k,This is a bible,44566
gemma-2-2b,gemmascope-res-65k,This is a bible,47218
gemma-2-2b,gemmascope-res-65k,This is a bible,47573
gemma-2-2b,gemmascope-res-65k,This is a bible,53607
gemma-2-2b,gemmascope-res-65k,This is a bible,58577
gemma-2-2b,gemmascope-res-65k,This is a bible,59562
gemma-2-2b,gemmascope-res-65k,This is a bible,7560
gemma-2-2b,gemmascope-res-65k,This is a bible,This is a bible
gemma-2-2b,gemmascope-res-65k,This is a bible,This is a bible
gemma-2-2b,gemmascope-res-65k,This is a bible,10623
gemma-2-2b,gemmascope-res-65k,This is a bible,12483
gemma-2-2b,gemmascope-res-65k,This is a bible,16540
gemma-2-2b,gemmascope-res-65k,This is a bible,44566
gemma-2-2b,gemmascope-res-65k,This is a bible,47218
gemma-2-2b,gemmascope-res-65k,This is a bible,47573
gemma-2-2b,gemmascope-res-65k,This is a bible,53607
gemma-2-2b,gemmascope-res-65k,This is a bible,58577
gemma-2-2b,gemmascope-res-65k,This is a bible,59562
gemma-2-2b,gemmascope-res-65k,This is a bible,7560
gemma-2-2b,gemmascope-res-65k,This is a boss,14031
gemma-2-2b,gemmascope-res-65k,This is a boss,14632
gemma-2-2b,gemmascope-res-65k,This is a boss,20237
gemma-2-2b,gemmascope-res-65k,This is a boss,20298
gemma-2-2b,gemmascope-res-65k,This is a boss,22446
gemma-2-2b,gemmascope-res-65k,This is a boss,24148
gemma-2-2b,gemmascope-res-65k,This is a boss,30221
gemma-2-2b,gemmascope-res-65k,This is a boss,31962
gemma-2-2b,gemmascope-res-65k,This is a boss,36079
gemma-2-2b,gemmascope-res-65k,This is a boss,36259
gemma-2-2b,gemmascope-res-65k,This is a boss,47707
gemma-2-2b,gemmascope-res-65k,This is a boss,54096
gemma-2-2b,gemmascope-res-65k,This is a boss,54943
gemma-2-2b,gemmascope-res-65k,This is a boss,6345
gemma-2-2b,gemmascope-res-65k,This is a boss,64668
gemma-2-2b,gemmascope-res-65k,This is a boss,7429
gemma-2-2b,gemmascope-res-65k,This is a boss,This is a boss
gemma-2-2b,gemmascope-res-65k,This is a boss,This is a boss
gemma-2-2b,gemmascope-res-65k,This is a boss,14031
gemma-2-2b,gemmascope-res-65k,This is a boss,14632
gemma-2-2b,gemmascope-res-65k,This is a boss,20237
gemma-2-2b,gemmascope-res-65k,This is a boss,20298
gemma-2-2b,gemmascope-res-65k,This is a boss,22446
gemma-2-2b,gemmascope-res-65k,This is a boss,24148
gemma-2-2b,gemmascope-res-65k,This is a boss,30221
gemma-2-2b,gemmascope-res-65k,This is a boss,31962
gemma-2-2b,gemmascope-res-65k,This is a boss,36079
gemma-2-2b,gemmascope-res-65k,This is a boss,36259
gemma-2-2b,gemmascope-res-65k,This is a boss,47707
gemma-2-2b,gemmascope-res-65k,This is a boss,54096
gemma-2-2b,gemmascope-res-65k,This is a boss,54943
gemma-2-2b,gemmascope-res-65k,This is a boss,6345
gemma-2-2b,gemmascope-res-65k,This is a boss,64668
gemma-2-2b,gemmascope-res-65k,This is a boss,7429
gemma-2-2b,gemmascope-res-65k,This is a boy,14354
gemma-2-2b,gemmascope-res-65k,This is a boy,19851
gemma-2-2b,gemmascope-res-65k,This is a boy,2296
gemma-2-2b,gemmascope-res-65k,This is a boy,25088
gemma-2-2b,gemmascope-res-65k,This is a boy,27330
gemma-2-2b,gemmascope-res-65k,This is a boy,30541
gemma-2-2b,gemmascope-res-65k,This is a boy,39240
gemma-2-2b,gemmascope-res-65k,This is a boy,40060
gemma-2-2b,gemmascope-res-65k,This is a boy,46705
gemma-2-2b,gemmascope-res-65k,This is a boy,48360
gemma-2-2b,gemmascope-res-65k,This is a boy,49976
gemma-2-2b,gemmascope-res-65k,This is a boy,56728
gemma-2-2b,gemmascope-res-65k,This is a boy,60689
gemma-2-2b,gemmascope-res-65k,This is a boy,60715
gemma-2-2b,gemmascope-res-65k,This is a boy,9740
gemma-2-2b,gemmascope-res-65k,This is a boy,This is a boy
gemma-2-2b,gemmascope-res-65k,This is a boy,This is a boy
gemma-2-2b,gemmascope-res-65k,This is a boy,14354
gemma-2-2b,gemmascope-res-65k,This is a boy,19851
gemma-2-2b,gemmascope-res-65k,This is a boy,2296
gemma-2-2b,gemmascope-res-65k,This is a boy,25088
gemma-2-2b,gemmascope-res-65k,This is a boy,27330
gemma-2-2b,gemmascope-res-65k,This is a boy,30541
gemma-2-2b,gemmascope-res-65k,This is a boy,39240
gemma-2-2b,gemmascope-res-65k,This is a boy,40060
gemma-2-2b,gemmascope-res-65k,This is a boy,46705
gemma-2-2b,gemmascope-res-65k,This is a boy,48360
gemma-2-2b,gemmascope-res-65k,This is a boy,49976
gemma-2-2b,gemmascope-res-65k,This is a boy,56728
gemma-2-2b,gemmascope-res-65k,This is a boy,60689
gemma-2-2b,gemmascope-res-65k,This is a boy,60715
gemma-2-2b,gemmascope-res-65k,This is a boy,9740
gemma-2-2b,gemmascope-res-65k,This is a burka,11368
gemma-2-2b,gemmascope-res-65k,This is a burka,12218
gemma-2-2b,gemmascope-res-65k,This is a burka,17941
gemma-2-2b,gemmascope-res-65k,This is a burka,21881
gemma-2-2b,gemmascope-res-65k,This is a burka,27605
gemma-2-2b,gemmascope-res-65k,This is a burka,42742
gemma-2-2b,gemmascope-res-65k,This is a burka,43093
gemma-2-2b,gemmascope-res-65k,This is a burka,4780
gemma-2-2b,gemmascope-res-65k,This is a burka,48405
gemma-2-2b,gemmascope-res-65k,This is a burka,51983
gemma-2-2b,gemmascope-res-65k,This is a burka,56130
gemma-2-2b,gemmascope-res-65k,This is a burka,57224
gemma-2-2b,gemmascope-res-65k,This is a burka,64471
gemma-2-2b,gemmascope-res-65k,This is a burka,8711
gemma-2-2b,gemmascope-res-65k,This is a burka,This is a burka
gemma-2-2b,gemmascope-res-65k,This is a burka,This is a burka
gemma-2-2b,gemmascope-res-65k,This is a burka,11368
gemma-2-2b,gemmascope-res-65k,This is a burka,12218
gemma-2-2b,gemmascope-res-65k,This is a burka,17941
gemma-2-2b,gemmascope-res-65k,This is a burka,21881
gemma-2-2b,gemmascope-res-65k,This is a burka,27605
gemma-2-2b,gemmascope-res-65k,This is a burka,42742
gemma-2-2b,gemmascope-res-65k,This is a burka,43093
gemma-2-2b,gemmascope-res-65k,This is a burka,4780
gemma-2-2b,gemmascope-res-65k,This is a burka,48405
gemma-2-2b,gemmascope-res-65k,This is a burka,51983
gemma-2-2b,gemmascope-res-65k,This is a burka,56130
gemma-2-2b,gemmascope-res-65k,This is a burka,57224
gemma-2-2b,gemmascope-res-65k,This is a burka,64471
gemma-2-2b,gemmascope-res-65k,This is a burka,8711
gemma-2-2b,gemmascope-res-65k,This is a christian,29126
gemma-2-2b,gemmascope-res-65k,This is a christian,38449
gemma-2-2b,gemmascope-res-65k,This is a christian,40575
gemma-2-2b,gemmascope-res-65k,This is a christian,44157
gemma-2-2b,gemmascope-res-65k,This is a christian,46908
gemma-2-2b,gemmascope-res-65k,This is a christian,56240
gemma-2-2b,gemmascope-res-65k,This is a christian,6295
gemma-2-2b,gemmascope-res-65k,This is a christian,65534
gemma-2-2b,gemmascope-res-65k,This is a christian,This is a christian
gemma-2-2b,gemmascope-res-65k,This is a christian,This is a christian
gemma-2-2b,gemmascope-res-65k,This is a christian,29126
gemma-2-2b,gemmascope-res-65k,This is a christian,38449
gemma-2-2b,gemmascope-res-65k,This is a christian,40575
gemma-2-2b,gemmascope-res-65k,This is a christian,44157
gemma-2-2b,gemmascope-res-65k,This is a christian,46908
gemma-2-2b,gemmascope-res-65k,This is a christian,56240
gemma-2-2b,gemmascope-res-65k,This is a christian,6295
gemma-2-2b,gemmascope-res-65k,This is a christian,65534
gemma-2-2b,gemmascope-res-65k,This is a church,15172
gemma-2-2b,gemmascope-res-65k,This is a church,17929
gemma-2-2b,gemmascope-res-65k,This is a church,19682
gemma-2-2b,gemmascope-res-65k,This is a church,23315
gemma-2-2b,gemmascope-res-65k,This is a church,30174
gemma-2-2b,gemmascope-res-65k,This is a church,380
gemma-2-2b,gemmascope-res-65k,This is a church,47893
gemma-2-2b,gemmascope-res-65k,This is a church,52905
gemma-2-2b,gemmascope-res-65k,This is a church,53293
gemma-2-2b,gemmascope-res-65k,This is a church,56204
gemma-2-2b,gemmascope-res-65k,This is a church,62932
gemma-2-2b,gemmascope-res-65k,This is a church,8141
gemma-2-2b,gemmascope-res-65k,This is a church,9654
gemma-2-2b,gemmascope-res-65k,This is a church,This is a church
gemma-2-2b,gemmascope-res-65k,This is a church,This is a church
gemma-2-2b,gemmascope-res-65k,This is a church,15172
gemma-2-2b,gemmascope-res-65k,This is a church,17929
gemma-2-2b,gemmascope-res-65k,This is a church,19682
gemma-2-2b,gemmascope-res-65k,This is a church,23315
gemma-2-2b,gemmascope-res-65k,This is a church,30174
gemma-2-2b,gemmascope-res-65k,This is a church,380
gemma-2-2b,gemmascope-res-65k,This is a church,47893
gemma-2-2b,gemmascope-res-65k,This is a church,52905
gemma-2-2b,gemmascope-res-65k,This is a church,53293
gemma-2-2b,gemmascope-res-65k,This is a church,56204
gemma-2-2b,gemmascope-res-65k,This is a church,62932
gemma-2-2b,gemmascope-res-65k,This is a church,8141
gemma-2-2b,gemmascope-res-65k,This is a church,9654
gemma-2-2b,gemmascope-res-65k,This is a daughter,16646
gemma-2-2b,gemmascope-res-65k,This is a daughter,21386
gemma-2-2b,gemmascope-res-65k,This is a daughter,21638
gemma-2-2b,gemmascope-res-65k,This is a daughter,25419
gemma-2-2b,gemmascope-res-65k,This is a daughter,35587
gemma-2-2b,gemmascope-res-65k,This is a daughter,38352
gemma-2-2b,gemmascope-res-65k,This is a daughter,39253
gemma-2-2b,gemmascope-res-65k,This is a daughter,44960
gemma-2-2b,gemmascope-res-65k,This is a daughter,64298
gemma-2-2b,gemmascope-res-65k,This is a daughter,8042
gemma-2-2b,gemmascope-res-65k,This is a daughter,9873
gemma-2-2b,gemmascope-res-65k,This is a daughter,This is a daughter
gemma-2-2b,gemmascope-res-65k,This is a daughter,This is a daughter
gemma-2-2b,gemmascope-res-65k,This is a daughter,16646
gemma-2-2b,gemmascope-res-65k,This is a daughter,21386
gemma-2-2b,gemmascope-res-65k,This is a daughter,21638
gemma-2-2b,gemmascope-res-65k,This is a daughter,25419
gemma-2-2b,gemmascope-res-65k,This is a daughter,35587
gemma-2-2b,gemmascope-res-65k,This is a daughter,38352
gemma-2-2b,gemmascope-res-65k,This is a daughter,39253
gemma-2-2b,gemmascope-res-65k,This is a daughter,44960
gemma-2-2b,gemmascope-res-65k,This is a daughter,64298
gemma-2-2b,gemmascope-res-65k,This is a daughter,8042
gemma-2-2b,gemmascope-res-65k,This is a daughter,9873
gemma-2-2b,gemmascope-res-65k,This is a doctor,15462
gemma-2-2b,gemmascope-res-65k,This is a doctor,19596
gemma-2-2b,gemmascope-res-65k,This is a doctor,28530
gemma-2-2b,gemmascope-res-65k,This is a doctor,31603
gemma-2-2b,gemmascope-res-65k,This is a doctor,47315
gemma-2-2b,gemmascope-res-65k,This is a doctor,49039
gemma-2-2b,gemmascope-res-65k,This is a doctor,51593
gemma-2-2b,gemmascope-res-65k,This is a doctor,58982
gemma-2-2b,gemmascope-res-65k,This is a doctor,6343
gemma-2-2b,gemmascope-res-65k,This is a doctor,63483
gemma-2-2b,gemmascope-res-65k,This is a doctor,64505
gemma-2-2b,gemmascope-res-65k,This is a doctor,64746
gemma-2-2b,gemmascope-res-65k,This is a doctor,65106
gemma-2-2b,gemmascope-res-65k,This is a doctor,This is a doctor
gemma-2-2b,gemmascope-res-65k,This is a doctor,This is a doctor
gemma-2-2b,gemmascope-res-65k,This is a doctor,15462
gemma-2-2b,gemmascope-res-65k,This is a doctor,19596
gemma-2-2b,gemmascope-res-65k,This is a doctor,28530
gemma-2-2b,gemmascope-res-65k,This is a doctor,31603
gemma-2-2b,gemmascope-res-65k,This is a doctor,47315
gemma-2-2b,gemmascope-res-65k,This is a doctor,49039
gemma-2-2b,gemmascope-res-65k,This is a doctor,51593
gemma-2-2b,gemmascope-res-65k,This is a doctor,58982
gemma-2-2b,gemmascope-res-65k,This is a doctor,6343
gemma-2-2b,gemmascope-res-65k,This is a doctor,63483
gemma-2-2b,gemmascope-res-65k,This is a doctor,64505
gemma-2-2b,gemmascope-res-65k,This is a doctor,64746
gemma-2-2b,gemmascope-res-65k,This is a doctor,65106
gemma-2-2b,gemmascope-res-65k,This is a firefighter,11705
gemma-2-2b,gemmascope-res-65k,This is a firefighter,21922
gemma-2-2b,gemmascope-res-65k,This is a firefighter,31603
gemma-2-2b,gemmascope-res-65k,This is a firefighter,37278
gemma-2-2b,gemmascope-res-65k,This is a firefighter,37736
gemma-2-2b,gemmascope-res-65k,This is a firefighter,46596
gemma-2-2b,gemmascope-res-65k,This is a firefighter,48040
gemma-2-2b,gemmascope-res-65k,This is a firefighter,60946
gemma-2-2b,gemmascope-res-65k,This is a firefighter,63661
gemma-2-2b,gemmascope-res-65k,This is a firefighter,This is a firefighter
gemma-2-2b,gemmascope-res-65k,This is a firefighter,This is a firefighter
gemma-2-2b,gemmascope-res-65k,This is a firefighter,11705
gemma-2-2b,gemmascope-res-65k,This is a firefighter,21922
gemma-2-2b,gemmascope-res-65k,This is a firefighter,31603
gemma-2-2b,gemmascope-res-65k,This is a firefighter,37278
gemma-2-2b,gemmascope-res-65k,This is a firefighter,37736
gemma-2-2b,gemmascope-res-65k,This is a firefighter,46596
gemma-2-2b,gemmascope-res-65k,This is a firefighter,48040
gemma-2-2b,gemmascope-res-65k,This is a firefighter,60946
gemma-2-2b,gemmascope-res-65k,This is a firefighter,63661
gemma-2-2b,gemmascope-res-65k,This is a fundamentalist,18200
gemma-2-2b,gemmascope-res-65k,This is a fundamentalist,19222
gemma-2-2b,gemmascope-res-65k,This is a fundamentalist,26878
gemma-2-2b,gemmascope-res-65k,This is a fundamentalist,27003
gemma-2-2b,gemmascope-res-65k,This is a fundamentalist,35943
gemma-2-2b,gemmascope-res-65k,This is a fundamentalist,42348
gemma-2-2b,gemmascope-res-65k,This is a fundamentalist,44714
gemma-2-2b,gemmascope-res-65k,This is a fundamentalist,53730
gemma-2-2b,gemmascope-res-65k,This is a fundamentalist,53854
gemma-2-2b,gemmascope-res-65k,This is a fundamentalist,55001
gemma-2-2b,gemmascope-res-65k,This is a fundamentalist,56775
gemma-2-2b,gemmascope-res-65k,This is a fundamentalist,62905
gemma-2-2b,gemmascope-res-65k,This is a fundamentalist,765
gemma-2-2b,gemmascope-res-65k,This is a fundamentalist,This is a fundamentalist
gemma-2-2b,gemmascope-res-65k,This is a fundamentalist,This is a fundamentalist
gemma-2-2b,gemmascope-res-65k,This is a fundamentalist,18200
gemma-2-2b,gemmascope-res-65k,This is a fundamentalist,19222
gemma-2-2b,gemmascope-res-65k,This is a fundamentalist,26878
gemma-2-2b,gemmascope-res-65k,This is a fundamentalist,27003
gemma-2-2b,gemmascope-res-65k,This is a fundamentalist,35943
gemma-2-2b,gemmascope-res-65k,This is a fundamentalist,42348
gemma-2-2b,gemmascope-res-65k,This is a fundamentalist,44714
gemma-2-2b,gemmascope-res-65k,This is a fundamentalist,53730
gemma-2-2b,gemmascope-res-65k,This is a fundamentalist,53854
gemma-2-2b,gemmascope-res-65k,This is a fundamentalist,55001
gemma-2-2b,gemmascope-res-65k,This is a fundamentalist,56775
gemma-2-2b,gemmascope-res-65k,This is a fundamentalist,62905
gemma-2-2b,gemmascope-res-65k,This is a fundamentalist,765
gemma-2-2b,gemmascope-res-65k,This is a gentleman,11966
gemma-2-2b,gemmascope-res-65k,This is a gentleman,19321
gemma-2-2b,gemmascope-res-65k,This is a gentleman,22215
gemma-2-2b,gemmascope-res-65k,This is a gentleman,41491
gemma-2-2b,gemmascope-res-65k,This is a gentleman,45032
gemma-2-2b,gemmascope-res-65k,This is a gentleman,46538
gemma-2-2b,gemmascope-res-65k,This is a gentleman,48508
gemma-2-2b,gemmascope-res-65k,This is a gentleman,53955
gemma-2-2b,gemmascope-res-65k,This is a gentleman,56392
gemma-2-2b,gemmascope-res-65k,This is a gentleman,58058
gemma-2-2b,gemmascope-res-65k,This is a gentleman,58107
gemma-2-2b,gemmascope-res-65k,This is a gentleman,59883
gemma-2-2b,gemmascope-res-65k,This is a gentleman,64351
gemma-2-2b,gemmascope-res-65k,This is a gentleman,This is a gentleman
gemma-2-2b,gemmascope-res-65k,This is a gentleman,This is a gentleman
gemma-2-2b,gemmascope-res-65k,This is a gentleman,11966
gemma-2-2b,gemmascope-res-65k,This is a gentleman,19321
gemma-2-2b,gemmascope-res-65k,This is a gentleman,22215
gemma-2-2b,gemmascope-res-65k,This is a gentleman,41491
gemma-2-2b,gemmascope-res-65k,This is a gentleman,45032
gemma-2-2b,gemmascope-res-65k,This is a gentleman,46538
gemma-2-2b,gemmascope-res-65k,This is a gentleman,48508
gemma-2-2b,gemmascope-res-65k,This is a gentleman,53955
gemma-2-2b,gemmascope-res-65k,This is a gentleman,56392
gemma-2-2b,gemmascope-res-65k,This is a gentleman,58058
gemma-2-2b,gemmascope-res-65k,This is a gentleman,58107
gemma-2-2b,gemmascope-res-65k,This is a gentleman,59883
gemma-2-2b,gemmascope-res-65k,This is a gentleman,64351
gemma-2-2b,gemmascope-res-65k,This is a girl,12019
gemma-2-2b,gemmascope-res-65k,This is a girl,2071
gemma-2-2b,gemmascope-res-65k,This is a girl,21247
gemma-2-2b,gemmascope-res-65k,This is a girl,27330
gemma-2-2b,gemmascope-res-65k,This is a girl,30541
gemma-2-2b,gemmascope-res-65k,This is a girl,33653
gemma-2-2b,gemmascope-res-65k,This is a girl,40194
gemma-2-2b,gemmascope-res-65k,This is a girl,45064
gemma-2-2b,gemmascope-res-65k,This is a girl,48360
gemma-2-2b,gemmascope-res-65k,This is a girl,49976
gemma-2-2b,gemmascope-res-65k,This is a girl,60715
gemma-2-2b,gemmascope-res-65k,This is a girl,64625
gemma-2-2b,gemmascope-res-65k,This is a girl,6600
gemma-2-2b,gemmascope-res-65k,This is a girl,9740
gemma-2-2b,gemmascope-res-65k,This is a girl,9873
gemma-2-2b,gemmascope-res-65k,This is a girl,This is a girl
gemma-2-2b,gemmascope-res-65k,This is a girl,This is a girl
gemma-2-2b,gemmascope-res-65k,This is a girl,12019
gemma-2-2b,gemmascope-res-65k,This is a girl,2071
gemma-2-2b,gemmascope-res-65k,This is a girl,21247
gemma-2-2b,gemmascope-res-65k,This is a girl,27330
gemma-2-2b,gemmascope-res-65k,This is a girl,30541
gemma-2-2b,gemmascope-res-65k,This is a girl,33653
gemma-2-2b,gemmascope-res-65k,This is a girl,40194
gemma-2-2b,gemmascope-res-65k,This is a girl,45064
gemma-2-2b,gemmascope-res-65k,This is a girl,48360
gemma-2-2b,gemmascope-res-65k,This is a girl,49976
gemma-2-2b,gemmascope-res-65k,This is a girl,60715
gemma-2-2b,gemmascope-res-65k,This is a girl,64625
gemma-2-2b,gemmascope-res-65k,This is a girl,6600
gemma-2-2b,gemmascope-res-65k,This is a girl,9740
gemma-2-2b,gemmascope-res-65k,This is a girl,9873
gemma-2-2b,gemmascope-res-65k,This is a gospel,18938
gemma-2-2b,gemmascope-res-65k,This is a gospel,2192
gemma-2-2b,gemmascope-res-65k,This is a gospel,22016
gemma-2-2b,gemmascope-res-65k,This is a gospel,29638
gemma-2-2b,gemmascope-res-65k,This is a gospel,30767
gemma-2-2b,gemmascope-res-65k,This is a gospel,33212
gemma-2-2b,gemmascope-res-65k,This is a gospel,58577
gemma-2-2b,gemmascope-res-65k,This is a gospel,61778
gemma-2-2b,gemmascope-res-65k,This is a gospel,6244
gemma-2-2b,gemmascope-res-65k,This is a gospel,6793
gemma-2-2b,gemmascope-res-65k,This is a gospel,7560
gemma-2-2b,gemmascope-res-65k,This is a gospel,This is a gospel
gemma-2-2b,gemmascope-res-65k,This is a gospel,This is a gospel
gemma-2-2b,gemmascope-res-65k,This is a gospel,18938
gemma-2-2b,gemmascope-res-65k,This is a gospel,2192
gemma-2-2b,gemmascope-res-65k,This is a gospel,22016
gemma-2-2b,gemmascope-res-65k,This is a gospel,29638
gemma-2-2b,gemmascope-res-65k,This is a gospel,30767
gemma-2-2b,gemmascope-res-65k,This is a gospel,33212
gemma-2-2b,gemmascope-res-65k,This is a gospel,58577
gemma-2-2b,gemmascope-res-65k,This is a gospel,61778
gemma-2-2b,gemmascope-res-65k,This is a gospel,6244
gemma-2-2b,gemmascope-res-65k,This is a gospel,6793
gemma-2-2b,gemmascope-res-65k,This is a gospel,7560
gemma-2-2b,gemmascope-res-65k,This is a grandma,14760
gemma-2-2b,gemmascope-res-65k,This is a grandma,17133
gemma-2-2b,gemmascope-res-65k,This is a grandma,27817
gemma-2-2b,gemmascope-res-65k,This is a grandma,28163
gemma-2-2b,gemmascope-res-65k,This is a grandma,51474
gemma-2-2b,gemmascope-res-65k,This is a grandma,54232
gemma-2-2b,gemmascope-res-65k,This is a grandma,61692
gemma-2-2b,gemmascope-res-65k,This is a grandma,64706
gemma-2-2b,gemmascope-res-65k,This is a grandma,7931
gemma-2-2b,gemmascope-res-65k,This is a grandma,9717
gemma-2-2b,gemmascope-res-65k,This is a grandma,This is a grandma
gemma-2-2b,gemmascope-res-65k,This is a grandma,This is a grandma
gemma-2-2b,gemmascope-res-65k,This is a grandma,14760
gemma-2-2b,gemmascope-res-65k,This is a grandma,17133
gemma-2-2b,gemmascope-res-65k,This is a grandma,27817
gemma-2-2b,gemmascope-res-65k,This is a grandma,28163
gemma-2-2b,gemmascope-res-65k,This is a grandma,51474
gemma-2-2b,gemmascope-res-65k,This is a grandma,54232
gemma-2-2b,gemmascope-res-65k,This is a grandma,61692
gemma-2-2b,gemmascope-res-65k,This is a grandma,64706
gemma-2-2b,gemmascope-res-65k,This is a grandma,7931
gemma-2-2b,gemmascope-res-65k,This is a grandma,9717
gemma-2-2b,gemmascope-res-65k,This is a grandpa,14760
gemma-2-2b,gemmascope-res-65k,This is a grandpa,17133
gemma-2-2b,gemmascope-res-65k,This is a grandpa,27817
gemma-2-2b,gemmascope-res-65k,This is a grandpa,51474
gemma-2-2b,gemmascope-res-65k,This is a grandpa,54232
gemma-2-2b,gemmascope-res-65k,This is a grandpa,64706
gemma-2-2b,gemmascope-res-65k,This is a grandpa,7931
gemma-2-2b,gemmascope-res-65k,This is a grandpa,This is a grandpa
gemma-2-2b,gemmascope-res-65k,This is a grandpa,This is a grandpa
gemma-2-2b,gemmascope-res-65k,This is a grandpa,14760
gemma-2-2b,gemmascope-res-65k,This is a grandpa,17133
gemma-2-2b,gemmascope-res-65k,This is a grandpa,27817
gemma-2-2b,gemmascope-res-65k,This is a grandpa,51474
gemma-2-2b,gemmascope-res-65k,This is a grandpa,54232
gemma-2-2b,gemmascope-res-65k,This is a grandpa,64706
gemma-2-2b,gemmascope-res-65k,This is a grandpa,7931
gemma-2-2b,gemmascope-res-65k,This is a hijab,19665
gemma-2-2b,gemmascope-res-65k,This is a hijab,23641
gemma-2-2b,gemmascope-res-65k,This is a hijab,32796
gemma-2-2b,gemmascope-res-65k,This is a hijab,41493
gemma-2-2b,gemmascope-res-65k,This is a hijab,6582
gemma-2-2b,gemmascope-res-65k,This is a hijab,7484
gemma-2-2b,gemmascope-res-65k,This is a hijab,This is a hijab
gemma-2-2b,gemmascope-res-65k,This is a hijab,This is a hijab
gemma-2-2b,gemmascope-res-65k,This is a hijab,19665
gemma-2-2b,gemmascope-res-65k,This is a hijab,23641
gemma-2-2b,gemmascope-res-65k,This is a hijab,32796
gemma-2-2b,gemmascope-res-65k,This is a hijab,41493
gemma-2-2b,gemmascope-res-65k,This is a hijab,6582
gemma-2-2b,gemmascope-res-65k,This is a hijab,7484
gemma-2-2b,gemmascope-res-65k,This is a homemaker,14700
gemma-2-2b,gemmascope-res-65k,This is a homemaker,31603
gemma-2-2b,gemmascope-res-65k,This is a homemaker,33990
gemma-2-2b,gemmascope-res-65k,This is a homemaker,35303
gemma-2-2b,gemmascope-res-65k,This is a homemaker,37704
gemma-2-2b,gemmascope-res-65k,This is a homemaker,43772
gemma-2-2b,gemmascope-res-65k,This is a homemaker,49173
gemma-2-2b,gemmascope-res-65k,This is a homemaker,64253
gemma-2-2b,gemmascope-res-65k,This is a homemaker,6753
gemma-2-2b,gemmascope-res-65k,This is a homemaker,This is a homemaker
gemma-2-2b,gemmascope-res-65k,This is a homemaker,This is a homemaker
gemma-2-2b,gemmascope-res-65k,This is a homemaker,14700
gemma-2-2b,gemmascope-res-65k,This is a homemaker,31603
gemma-2-2b,gemmascope-res-65k,This is a homemaker,33990
gemma-2-2b,gemmascope-res-65k,This is a homemaker,35303
gemma-2-2b,gemmascope-res-65k,This is a homemaker,37704
gemma-2-2b,gemmascope-res-65k,This is a homemaker,43772
gemma-2-2b,gemmascope-res-65k,This is a homemaker,49173
gemma-2-2b,gemmascope-res-65k,This is a homemaker,64253
gemma-2-2b,gemmascope-res-65k,This is a homemaker,6753
gemma-2-2b,gemmascope-res-65k,This is a homophob,15374
gemma-2-2b,gemmascope-res-65k,This is a homophob,25137
gemma-2-2b,gemmascope-res-65k,This is a homophob,28530
gemma-2-2b,gemmascope-res-65k,This is a homophob,30751
gemma-2-2b,gemmascope-res-65k,This is a homophob,35303
gemma-2-2b,gemmascope-res-65k,This is a homophob,36818
gemma-2-2b,gemmascope-res-65k,This is a homophob,37565
gemma-2-2b,gemmascope-res-65k,This is a homophob,39249
gemma-2-2b,gemmascope-res-65k,This is a homophob,41046
gemma-2-2b,gemmascope-res-65k,This is a homophob,43772
gemma-2-2b,gemmascope-res-65k,This is a homophob,54909
gemma-2-2b,gemmascope-res-65k,This is a homophob,56033
gemma-2-2b,gemmascope-res-65k,This is a homophob,59147
gemma-2-2b,gemmascope-res-65k,This is a homophob,6753
gemma-2-2b,gemmascope-res-65k,This is a homophob,This is a homophob
gemma-2-2b,gemmascope-res-65k,This is a homophob,This is a homophob
gemma-2-2b,gemmascope-res-65k,This is a homophob,15374
gemma-2-2b,gemmascope-res-65k,This is a homophob,25137
gemma-2-2b,gemmascope-res-65k,This is a homophob,28530
gemma-2-2b,gemmascope-res-65k,This is a homophob,30751
gemma-2-2b,gemmascope-res-65k,This is a homophob,35303
gemma-2-2b,gemmascope-res-65k,This is a homophob,36818
gemma-2-2b,gemmascope-res-65k,This is a homophob,37565
gemma-2-2b,gemmascope-res-65k,This is a homophob,39249
gemma-2-2b,gemmascope-res-65k,This is a homophob,41046
gemma-2-2b,gemmascope-res-65k,This is a homophob,43772
gemma-2-2b,gemmascope-res-65k,This is a homophob,54909
gemma-2-2b,gemmascope-res-65k,This is a homophob,56033
gemma-2-2b,gemmascope-res-65k,This is a homophob,59147
gemma-2-2b,gemmascope-res-65k,This is a homophob,6753
gemma-2-2b,gemmascope-res-65k,This is a husband,17043
gemma-2-2b,gemmascope-res-65k,This is a husband,18840
gemma-2-2b,gemmascope-res-65k,This is a husband,19000
gemma-2-2b,gemmascope-res-65k,This is a husband,21637
gemma-2-2b,gemmascope-res-65k,This is a husband,26107
gemma-2-2b,gemmascope-res-65k,This is a husband,26255
gemma-2-2b,gemmascope-res-65k,This is a husband,30384
gemma-2-2b,gemmascope-res-65k,This is a husband,3294
gemma-2-2b,gemmascope-res-65k,This is a husband,48590
gemma-2-2b,gemmascope-res-65k,This is a husband,50570
gemma-2-2b,gemmascope-res-65k,This is a husband,5439
gemma-2-2b,gemmascope-res-65k,This is a husband,This is a husband
gemma-2-2b,gemmascope-res-65k,This is a husband,This is a husband
gemma-2-2b,gemmascope-res-65k,This is a husband,17043
gemma-2-2b,gemmascope-res-65k,This is a husband,18840
gemma-2-2b,gemmascope-res-65k,This is a husband,19000
gemma-2-2b,gemmascope-res-65k,This is a husband,21637
gemma-2-2b,gemmascope-res-65k,This is a husband,26107
gemma-2-2b,gemmascope-res-65k,This is a husband,26255
gemma-2-2b,gemmascope-res-65k,This is a husband,30384
gemma-2-2b,gemmascope-res-65k,This is a husband,3294
gemma-2-2b,gemmascope-res-65k,This is a husband,48590
gemma-2-2b,gemmascope-res-65k,This is a husband,50570
gemma-2-2b,gemmascope-res-65k,This is a husband,5439
gemma-2-2b,gemmascope-res-65k,This is a jew,10959
gemma-2-2b,gemmascope-res-65k,This is a jew,11519
gemma-2-2b,gemmascope-res-65k,This is a jew,1658
gemma-2-2b,gemmascope-res-65k,This is a jew,19939
gemma-2-2b,gemmascope-res-65k,This is a jew,35937
gemma-2-2b,gemmascope-res-65k,This is a jew,36649
gemma-2-2b,gemmascope-res-65k,This is a jew,37446
gemma-2-2b,gemmascope-res-65k,This is a jew,43631
gemma-2-2b,gemmascope-res-65k,This is a jew,5461
gemma-2-2b,gemmascope-res-65k,This is a jew,56053
gemma-2-2b,gemmascope-res-65k,This is a jew,59207
gemma-2-2b,gemmascope-res-65k,This is a jew,7577
gemma-2-2b,gemmascope-res-65k,This is a jew,This is a jew
gemma-2-2b,gemmascope-res-65k,This is a jew,This is a jew
gemma-2-2b,gemmascope-res-65k,This is a jew,10959
gemma-2-2b,gemmascope-res-65k,This is a jew,11519
gemma-2-2b,gemmascope-res-65k,This is a jew,1658
gemma-2-2b,gemmascope-res-65k,This is a jew,19939
gemma-2-2b,gemmascope-res-65k,This is a jew,35937
gemma-2-2b,gemmascope-res-65k,This is a jew,36649
gemma-2-2b,gemmascope-res-65k,This is a jew,37446
gemma-2-2b,gemmascope-res-65k,This is a jew,43631
gemma-2-2b,gemmascope-res-65k,This is a jew,5461
gemma-2-2b,gemmascope-res-65k,This is a jew,56053
gemma-2-2b,gemmascope-res-65k,This is a jew,59207
gemma-2-2b,gemmascope-res-65k,This is a jew,7577
gemma-2-2b,gemmascope-res-65k,This is a king,1687
gemma-2-2b,gemmascope-res-65k,This is a king,16996
gemma-2-2b,gemmascope-res-65k,This is a king,26086
gemma-2-2b,gemmascope-res-65k,This is a king,32049
gemma-2-2b,gemmascope-res-65k,This is a king,3561
gemma-2-2b,gemmascope-res-65k,This is a king,37098
gemma-2-2b,gemmascope-res-65k,This is a king,37865
gemma-2-2b,gemmascope-res-65k,This is a king,40089
gemma-2-2b,gemmascope-res-65k,This is a king,49146
gemma-2-2b,gemmascope-res-65k,This is a king,54251
gemma-2-2b,gemmascope-res-65k,This is a king,54760
gemma-2-2b,gemmascope-res-65k,This is a king,57096
gemma-2-2b,gemmascope-res-65k,This is a king,9715
gemma-2-2b,gemmascope-res-65k,This is a king,This is a king
gemma-2-2b,gemmascope-res-65k,This is a king,This is a king
gemma-2-2b,gemmascope-res-65k,This is a king,1687
gemma-2-2b,gemmascope-res-65k,This is a king,16996
gemma-2-2b,gemmascope-res-65k,This is a king,26086
gemma-2-2b,gemmascope-res-65k,This is a king,32049
gemma-2-2b,gemmascope-res-65k,This is a king,3561
gemma-2-2b,gemmascope-res-65k,This is a king,37098
gemma-2-2b,gemmascope-res-65k,This is a king,37865
gemma-2-2b,gemmascope-res-65k,This is a king,40089
gemma-2-2b,gemmascope-res-65k,This is a king,49146
gemma-2-2b,gemmascope-res-65k,This is a king,54251
gemma-2-2b,gemmascope-res-65k,This is a king,54760
gemma-2-2b,gemmascope-res-65k,This is a king,57096
gemma-2-2b,gemmascope-res-65k,This is a king,9715
gemma-2-2b,gemmascope-res-65k,This is a kippah,24204
gemma-2-2b,gemmascope-res-65k,This is a kippah,2608
gemma-2-2b,gemmascope-res-65k,This is a kippah,37639
gemma-2-2b,gemmascope-res-65k,This is a kippah,37645
gemma-2-2b,gemmascope-res-65k,This is a kippah,3931
gemma-2-2b,gemmascope-res-65k,This is a kippah,3975
gemma-2-2b,gemmascope-res-65k,This is a kippah,43823
gemma-2-2b,gemmascope-res-65k,This is a kippah,46128
gemma-2-2b,gemmascope-res-65k,This is a kippah,52928
gemma-2-2b,gemmascope-res-65k,This is a kippah,57193
gemma-2-2b,gemmascope-res-65k,This is a kippah,57783
gemma-2-2b,gemmascope-res-65k,This is a kippah,8040
gemma-2-2b,gemmascope-res-65k,This is a kippah,This is a kippah
gemma-2-2b,gemmascope-res-65k,This is a kippah,This is a kippah
gemma-2-2b,gemmascope-res-65k,This is a kippah,24204
gemma-2-2b,gemmascope-res-65k,This is a kippah,2608
gemma-2-2b,gemmascope-res-65k,This is a kippah,37639
gemma-2-2b,gemmascope-res-65k,This is a kippah,37645
gemma-2-2b,gemmascope-res-65k,This is a kippah,3931
gemma-2-2b,gemmascope-res-65k,This is a kippah,3975
gemma-2-2b,gemmascope-res-65k,This is a kippah,43823
gemma-2-2b,gemmascope-res-65k,This is a kippah,46128
gemma-2-2b,gemmascope-res-65k,This is a kippah,52928
gemma-2-2b,gemmascope-res-65k,This is a kippah,57193
gemma-2-2b,gemmascope-res-65k,This is a kippah,57783
gemma-2-2b,gemmascope-res-65k,This is a kippah,8040
gemma-2-2b,gemmascope-res-65k,This is a lady,19321
gemma-2-2b,gemmascope-res-65k,This is a lady,22221
gemma-2-2b,gemmascope-res-65k,This is a lady,3626
gemma-2-2b,gemmascope-res-65k,This is a lady,45162
gemma-2-2b,gemmascope-res-65k,This is a lady,50532
gemma-2-2b,gemmascope-res-65k,This is a lady,53019
gemma-2-2b,gemmascope-res-65k,This is a lady,56179
gemma-2-2b,gemmascope-res-65k,This is a lady,56392
gemma-2-2b,gemmascope-res-65k,This is a lady,58058
gemma-2-2b,gemmascope-res-65k,This is a lady,58107
gemma-2-2b,gemmascope-res-65k,This is a lady,59093
gemma-2-2b,gemmascope-res-65k,This is a lady,59883
gemma-2-2b,gemmascope-res-65k,This is a lady,64723
gemma-2-2b,gemmascope-res-65k,This is a lady,This is a lady
gemma-2-2b,gemmascope-res-65k,This is a lady,This is a lady
gemma-2-2b,gemmascope-res-65k,This is a lady,19321
gemma-2-2b,gemmascope-res-65k,This is a lady,22221
gemma-2-2b,gemmascope-res-65k,This is a lady,3626
gemma-2-2b,gemmascope-res-65k,This is a lady,45162
gemma-2-2b,gemmascope-res-65k,This is a lady,50532
gemma-2-2b,gemmascope-res-65k,This is a lady,53019
gemma-2-2b,gemmascope-res-65k,This is a lady,56179
gemma-2-2b,gemmascope-res-65k,This is a lady,56392
gemma-2-2b,gemmascope-res-65k,This is a lady,58058
gemma-2-2b,gemmascope-res-65k,This is a lady,58107
gemma-2-2b,gemmascope-res-65k,This is a lady,59093
gemma-2-2b,gemmascope-res-65k,This is a lady,59883
gemma-2-2b,gemmascope-res-65k,This is a lady,64723
gemma-2-2b,gemmascope-res-65k,This is a male,15666
gemma-2-2b,gemmascope-res-65k,This is a male,18785
gemma-2-2b,gemmascope-res-65k,This is a male,20042
gemma-2-2b,gemmascope-res-65k,This is a male,26391
gemma-2-2b,gemmascope-res-65k,This is a male,26501
gemma-2-2b,gemmascope-res-65k,This is a male,29364
gemma-2-2b,gemmascope-res-65k,This is a male,41956
gemma-2-2b,gemmascope-res-65k,This is a male,49006
gemma-2-2b,gemmascope-res-65k,This is a male,53575
gemma-2-2b,gemmascope-res-65k,This is a male,56313
gemma-2-2b,gemmascope-res-65k,This is a male,5676
gemma-2-2b,gemmascope-res-65k,This is a male,5901
gemma-2-2b,gemmascope-res-65k,This is a male,60698
gemma-2-2b,gemmascope-res-65k,This is a male,64680
gemma-2-2b,gemmascope-res-65k,This is a male,This is a male
gemma-2-2b,gemmascope-res-65k,This is a male,This is a male
gemma-2-2b,gemmascope-res-65k,This is a male,15666
gemma-2-2b,gemmascope-res-65k,This is a male,18785
gemma-2-2b,gemmascope-res-65k,This is a male,20042
gemma-2-2b,gemmascope-res-65k,This is a male,26391
gemma-2-2b,gemmascope-res-65k,This is a male,26501
gemma-2-2b,gemmascope-res-65k,This is a male,29364
gemma-2-2b,gemmascope-res-65k,This is a male,41956
gemma-2-2b,gemmascope-res-65k,This is a male,49006
gemma-2-2b,gemmascope-res-65k,This is a male,53575
gemma-2-2b,gemmascope-res-65k,This is a male,56313
gemma-2-2b,gemmascope-res-65k,This is a male,5676
gemma-2-2b,gemmascope-res-65k,This is a male,5901
gemma-2-2b,gemmascope-res-65k,This is a male,60698
gemma-2-2b,gemmascope-res-65k,This is a male,64680
gemma-2-2b,gemmascope-res-65k,This is a man,11377
gemma-2-2b,gemmascope-res-65k,This is a man,11425
gemma-2-2b,gemmascope-res-65k,This is a man,12348
gemma-2-2b,gemmascope-res-65k,This is a man,12606
gemma-2-2b,gemmascope-res-65k,This is a man,1604
gemma-2-2b,gemmascope-res-65k,This is a man,28630
gemma-2-2b,gemmascope-res-65k,This is a man,34787
gemma-2-2b,gemmascope-res-65k,This is a man,35320
gemma-2-2b,gemmascope-res-65k,This is a man,40507
gemma-2-2b,gemmascope-res-65k,This is a man,4432
gemma-2-2b,gemmascope-res-65k,This is a man,46177
gemma-2-2b,gemmascope-res-65k,This is a man,47312
gemma-2-2b,gemmascope-res-65k,This is a man,57280
gemma-2-2b,gemmascope-res-65k,This is a man,65316
gemma-2-2b,gemmascope-res-65k,This is a man,8122
gemma-2-2b,gemmascope-res-65k,This is a man,This is a man
gemma-2-2b,gemmascope-res-65k,This is a man,This is a man
gemma-2-2b,gemmascope-res-65k,This is a man,11377
gemma-2-2b,gemmascope-res-65k,This is a man,11425
gemma-2-2b,gemmascope-res-65k,This is a man,12348
gemma-2-2b,gemmascope-res-65k,This is a man,12606
gemma-2-2b,gemmascope-res-65k,This is a man,1604
gemma-2-2b,gemmascope-res-65k,This is a man,28630
gemma-2-2b,gemmascope-res-65k,This is a man,34787
gemma-2-2b,gemmascope-res-65k,This is a man,35320
gemma-2-2b,gemmascope-res-65k,This is a man,40507
gemma-2-2b,gemmascope-res-65k,This is a man,4432
gemma-2-2b,gemmascope-res-65k,This is a man,46177
gemma-2-2b,gemmascope-res-65k,This is a man,47312
gemma-2-2b,gemmascope-res-65k,This is a man,57280
gemma-2-2b,gemmascope-res-65k,This is a man,65316
gemma-2-2b,gemmascope-res-65k,This is a man,8122
gemma-2-2b,gemmascope-res-65k,This is a midwife,13286
gemma-2-2b,gemmascope-res-65k,This is a midwife,29501
gemma-2-2b,gemmascope-res-65k,This is a midwife,31355
gemma-2-2b,gemmascope-res-65k,This is a midwife,31603
gemma-2-2b,gemmascope-res-65k,This is a midwife,3984
gemma-2-2b,gemmascope-res-65k,This is a midwife,40739
gemma-2-2b,gemmascope-res-65k,This is a midwife,55464
gemma-2-2b,gemmascope-res-65k,This is a midwife,59458
gemma-2-2b,gemmascope-res-65k,This is a midwife,6414
gemma-2-2b,gemmascope-res-65k,This is a midwife,64505
gemma-2-2b,gemmascope-res-65k,This is a midwife,This is a midwife
gemma-2-2b,gemmascope-res-65k,This is a midwife,This is a midwife
gemma-2-2b,gemmascope-res-65k,This is a midwife,13286
gemma-2-2b,gemmascope-res-65k,This is a midwife,29501
gemma-2-2b,gemmascope-res-65k,This is a midwife,31355
gemma-2-2b,gemmascope-res-65k,This is a midwife,31603
gemma-2-2b,gemmascope-res-65k,This is a midwife,3984
gemma-2-2b,gemmascope-res-65k,This is a midwife,40739
gemma-2-2b,gemmascope-res-65k,This is a midwife,55464
gemma-2-2b,gemmascope-res-65k,This is a midwife,59458
gemma-2-2b,gemmascope-res-65k,This is a midwife,6414
gemma-2-2b,gemmascope-res-65k,This is a midwife,64505
gemma-2-2b,gemmascope-res-65k,This is a mosque,23641
gemma-2-2b,gemmascope-res-65k,This is a mosque,25669
gemma-2-2b,gemmascope-res-65k,This is a mosque,32796
gemma-2-2b,gemmascope-res-65k,This is a mosque,38936
gemma-2-2b,gemmascope-res-65k,This is a mosque,49394
gemma-2-2b,gemmascope-res-65k,This is a mosque,51533
gemma-2-2b,gemmascope-res-65k,This is a mosque,59055
gemma-2-2b,gemmascope-res-65k,This is a mosque,This is a mosque
gemma-2-2b,gemmascope-res-65k,This is a mosque,This is a mosque
gemma-2-2b,gemmascope-res-65k,This is a mosque,23641
gemma-2-2b,gemmascope-res-65k,This is a mosque,25669
gemma-2-2b,gemmascope-res-65k,This is a mosque,32796
gemma-2-2b,gemmascope-res-65k,This is a mosque,38936
gemma-2-2b,gemmascope-res-65k,This is a mosque,49394
gemma-2-2b,gemmascope-res-65k,This is a mosque,51533
gemma-2-2b,gemmascope-res-65k,This is a mosque,59055
gemma-2-2b,gemmascope-res-65k,This is a muslim,14100
gemma-2-2b,gemmascope-res-65k,This is a muslim,19074
gemma-2-2b,gemmascope-res-65k,This is a muslim,23641
gemma-2-2b,gemmascope-res-65k,This is a muslim,25669
gemma-2-2b,gemmascope-res-65k,This is a muslim,32796
gemma-2-2b,gemmascope-res-65k,This is a muslim,35401
gemma-2-2b,gemmascope-res-65k,This is a muslim,5210
gemma-2-2b,gemmascope-res-65k,This is a muslim,53990
gemma-2-2b,gemmascope-res-65k,This is a muslim,59055
gemma-2-2b,gemmascope-res-65k,This is a muslim,9433
gemma-2-2b,gemmascope-res-65k,This is a muslim,This is a muslim
gemma-2-2b,gemmascope-res-65k,This is a muslim,This is a muslim
gemma-2-2b,gemmascope-res-65k,This is a muslim,14100
gemma-2-2b,gemmascope-res-65k,This is a muslim,19074
gemma-2-2b,gemmascope-res-65k,This is a muslim,23641
gemma-2-2b,gemmascope-res-65k,This is a muslim,25669
gemma-2-2b,gemmascope-res-65k,This is a muslim,32796
gemma-2-2b,gemmascope-res-65k,This is a muslim,35401
gemma-2-2b,gemmascope-res-65k,This is a muslim,5210
gemma-2-2b,gemmascope-res-65k,This is a muslim,53990
gemma-2-2b,gemmascope-res-65k,This is a muslim,59055
gemma-2-2b,gemmascope-res-65k,This is a muslim,9433
gemma-2-2b,gemmascope-res-65k,This is a nurse,11561
gemma-2-2b,gemmascope-res-65k,This is a nurse,17529
gemma-2-2b,gemmascope-res-65k,This is a nurse,23282
gemma-2-2b,gemmascope-res-65k,This is a nurse,29501
gemma-2-2b,gemmascope-res-65k,This is a nurse,31636
gemma-2-2b,gemmascope-res-65k,This is a nurse,32476
gemma-2-2b,gemmascope-res-65k,This is a nurse,38810
gemma-2-2b,gemmascope-res-65k,This is a nurse,46870
gemma-2-2b,gemmascope-res-65k,This is a nurse,54691
gemma-2-2b,gemmascope-res-65k,This is a nurse,62703
gemma-2-2b,gemmascope-res-65k,This is a nurse,This is a nurse
gemma-2-2b,gemmascope-res-65k,This is a nurse,This is a nurse
gemma-2-2b,gemmascope-res-65k,This is a nurse,11561
gemma-2-2b,gemmascope-res-65k,This is a nurse,17529
gemma-2-2b,gemmascope-res-65k,This is a nurse,23282
gemma-2-2b,gemmascope-res-65k,This is a nurse,29501
gemma-2-2b,gemmascope-res-65k,This is a nurse,31636
gemma-2-2b,gemmascope-res-65k,This is a nurse,32476
gemma-2-2b,gemmascope-res-65k,This is a nurse,38810
gemma-2-2b,gemmascope-res-65k,This is a nurse,46870
gemma-2-2b,gemmascope-res-65k,This is a nurse,54691
gemma-2-2b,gemmascope-res-65k,This is a nurse,62703
gemma-2-2b,gemmascope-res-65k,This is a pope,21453
gemma-2-2b,gemmascope-res-65k,This is a pope,24645
gemma-2-2b,gemmascope-res-65k,This is a pope,35647
gemma-2-2b,gemmascope-res-65k,This is a pope,36229
gemma-2-2b,gemmascope-res-65k,This is a pope,37907
gemma-2-2b,gemmascope-res-65k,This is a pope,52992
gemma-2-2b,gemmascope-res-65k,This is a pope,53109
gemma-2-2b,gemmascope-res-65k,This is a pope,62041
gemma-2-2b,gemmascope-res-65k,This is a pope,62808
gemma-2-2b,gemmascope-res-65k,This is a pope,This is a pope
gemma-2-2b,gemmascope-res-65k,This is a pope,This is a pope
gemma-2-2b,gemmascope-res-65k,This is a pope,21453
gemma-2-2b,gemmascope-res-65k,This is a pope,24645
gemma-2-2b,gemmascope-res-65k,This is a pope,35647
gemma-2-2b,gemmascope-res-65k,This is a pope,36229
gemma-2-2b,gemmascope-res-65k,This is a pope,37907
gemma-2-2b,gemmascope-res-65k,This is a pope,52992
gemma-2-2b,gemmascope-res-65k,This is a pope,53109
gemma-2-2b,gemmascope-res-65k,This is a pope,62041
gemma-2-2b,gemmascope-res-65k,This is a pope,62808
gemma-2-2b,gemmascope-res-65k,This is a professor,1190
gemma-2-2b,gemmascope-res-65k,This is a professor,29489
gemma-2-2b,gemmascope-res-65k,This is a professor,32929
gemma-2-2b,gemmascope-res-65k,This is a professor,33842
gemma-2-2b,gemmascope-res-65k,This is a professor,41000
gemma-2-2b,gemmascope-res-65k,This is a professor,41203
gemma-2-2b,gemmascope-res-65k,This is a professor,42033
gemma-2-2b,gemmascope-res-65k,This is a professor,42535
gemma-2-2b,gemmascope-res-65k,This is a professor,49528
gemma-2-2b,gemmascope-res-65k,This is a professor,59261
gemma-2-2b,gemmascope-res-65k,This is a professor,62583
gemma-2-2b,gemmascope-res-65k,This is a professor,8040
gemma-2-2b,gemmascope-res-65k,This is a professor,This is a professor
gemma-2-2b,gemmascope-res-65k,This is a professor,This is a professor
gemma-2-2b,gemmascope-res-65k,This is a professor,1190
gemma-2-2b,gemmascope-res-65k,This is a professor,29489
gemma-2-2b,gemmascope-res-65k,This is a professor,32929
gemma-2-2b,gemmascope-res-65k,This is a professor,33842
gemma-2-2b,gemmascope-res-65k,This is a professor,41000
gemma-2-2b,gemmascope-res-65k,This is a professor,41203
gemma-2-2b,gemmascope-res-65k,This is a professor,42033
gemma-2-2b,gemmascope-res-65k,This is a professor,42535
gemma-2-2b,gemmascope-res-65k,This is a professor,49528
gemma-2-2b,gemmascope-res-65k,This is a professor,59261
gemma-2-2b,gemmascope-res-65k,This is a professor,62583
gemma-2-2b,gemmascope-res-65k,This is a professor,8040
gemma-2-2b,gemmascope-res-65k,This is a programmer,15514
gemma-2-2b,gemmascope-res-65k,This is a programmer,15852
gemma-2-2b,gemmascope-res-65k,This is a programmer,16791
gemma-2-2b,gemmascope-res-65k,This is a programmer,20990
gemma-2-2b,gemmascope-res-65k,This is a programmer,2520
gemma-2-2b,gemmascope-res-65k,This is a programmer,408
gemma-2-2b,gemmascope-res-65k,This is a programmer,4156
gemma-2-2b,gemmascope-res-65k,This is a programmer,45122
gemma-2-2b,gemmascope-res-65k,This is a programmer,46553
gemma-2-2b,gemmascope-res-65k,This is a programmer,53638
gemma-2-2b,gemmascope-res-65k,This is a programmer,55710
gemma-2-2b,gemmascope-res-65k,This is a programmer,60065
gemma-2-2b,gemmascope-res-65k,This is a programmer,This is a programmer
gemma-2-2b,gemmascope-res-65k,This is a programmer,This is a programmer
gemma-2-2b,gemmascope-res-65k,This is a programmer,15514
gemma-2-2b,gemmascope-res-65k,This is a programmer,15852
gemma-2-2b,gemmascope-res-65k,This is a programmer,16791
gemma-2-2b,gemmascope-res-65k,This is a programmer,20990
gemma-2-2b,gemmascope-res-65k,This is a programmer,2520
gemma-2-2b,gemmascope-res-65k,This is a programmer,408
gemma-2-2b,gemmascope-res-65k,This is a programmer,4156
gemma-2-2b,gemmascope-res-65k,This is a programmer,45122
gemma-2-2b,gemmascope-res-65k,This is a programmer,46553
gemma-2-2b,gemmascope-res-65k,This is a programmer,53638
gemma-2-2b,gemmascope-res-65k,This is a programmer,55710
gemma-2-2b,gemmascope-res-65k,This is a programmer,60065
gemma-2-2b,gemmascope-res-65k,This is a queen,11963
gemma-2-2b,gemmascope-res-65k,This is a queen,23173
gemma-2-2b,gemmascope-res-65k,This is a queen,24538
gemma-2-2b,gemmascope-res-65k,This is a queen,33688
gemma-2-2b,gemmascope-res-65k,This is a queen,36917
gemma-2-2b,gemmascope-res-65k,This is a queen,41630
gemma-2-2b,gemmascope-res-65k,This is a queen,4613
gemma-2-2b,gemmascope-res-65k,This is a queen,51343
gemma-2-2b,gemmascope-res-65k,This is a queen,54761
gemma-2-2b,gemmascope-res-65k,This is a queen,57096
gemma-2-2b,gemmascope-res-65k,This is a queen,5832
gemma-2-2b,gemmascope-res-65k,This is a queen,61951
gemma-2-2b,gemmascope-res-65k,This is a queen,63353
gemma-2-2b,gemmascope-res-65k,This is a queen,64218
gemma-2-2b,gemmascope-res-65k,This is a queen,64475
gemma-2-2b,gemmascope-res-65k,This is a queen,This is a queen
gemma-2-2b,gemmascope-res-65k,This is a queen,This is a queen
gemma-2-2b,gemmascope-res-65k,This is a queen,11963
gemma-2-2b,gemmascope-res-65k,This is a queen,23173
gemma-2-2b,gemmascope-res-65k,This is a queen,24538
gemma-2-2b,gemmascope-res-65k,This is a queen,33688
gemma-2-2b,gemmascope-res-65k,This is a queen,36917
gemma-2-2b,gemmascope-res-65k,This is a queen,41630
gemma-2-2b,gemmascope-res-65k,This is a queen,4613
gemma-2-2b,gemmascope-res-65k,This is a queen,51343
gemma-2-2b,gemmascope-res-65k,This is a queen,54761
gemma-2-2b,gemmascope-res-65k,This is a queen,57096
gemma-2-2b,gemmascope-res-65k,This is a queen,5832
gemma-2-2b,gemmascope-res-65k,This is a queen,61951
gemma-2-2b,gemmascope-res-65k,This is a queen,63353
gemma-2-2b,gemmascope-res-65k,This is a queen,64218
gemma-2-2b,gemmascope-res-65k,This is a queen,64475
gemma-2-2b,gemmascope-res-65k,This is a quran,10623
gemma-2-2b,gemmascope-res-65k,This is a quran,23641
gemma-2-2b,gemmascope-res-65k,This is a quran,25669
gemma-2-2b,gemmascope-res-65k,This is a quran,32796
gemma-2-2b,gemmascope-res-65k,This is a quran,38113
gemma-2-2b,gemmascope-res-65k,This is a quran,47218
gemma-2-2b,gemmascope-res-65k,This is a quran,58577
gemma-2-2b,gemmascope-res-65k,This is a quran,61335
gemma-2-2b,gemmascope-res-65k,This is a quran,7560
gemma-2-2b,gemmascope-res-65k,This is a quran,This is a quran
gemma-2-2b,gemmascope-res-65k,This is a quran,This is a quran
gemma-2-2b,gemmascope-res-65k,This is a quran,10623
gemma-2-2b,gemmascope-res-65k,This is a quran,23641
gemma-2-2b,gemmascope-res-65k,This is a quran,25669
gemma-2-2b,gemmascope-res-65k,This is a quran,32796
gemma-2-2b,gemmascope-res-65k,This is a quran,38113
gemma-2-2b,gemmascope-res-65k,This is a quran,47218
gemma-2-2b,gemmascope-res-65k,This is a quran,58577
gemma-2-2b,gemmascope-res-65k,This is a quran,61335
gemma-2-2b,gemmascope-res-65k,This is a quran,7560
gemma-2-2b,gemmascope-res-65k,This is a receptionist,11911
gemma-2-2b,gemmascope-res-65k,This is a receptionist,19187
gemma-2-2b,gemmascope-res-65k,This is a receptionist,29489
gemma-2-2b,gemmascope-res-65k,This is a receptionist,31603
gemma-2-2b,gemmascope-res-65k,This is a receptionist,37233
gemma-2-2b,gemmascope-res-65k,This is a receptionist,46882
gemma-2-2b,gemmascope-res-65k,This is a receptionist,52136
gemma-2-2b,gemmascope-res-65k,This is a receptionist,53696
gemma-2-2b,gemmascope-res-65k,This is a receptionist,56034
gemma-2-2b,gemmascope-res-65k,This is a receptionist,6414
gemma-2-2b,gemmascope-res-65k,This is a receptionist,64505
gemma-2-2b,gemmascope-res-65k,This is a receptionist,This is a receptionist
gemma-2-2b,gemmascope-res-65k,This is a receptionist,This is a receptionist
gemma-2-2b,gemmascope-res-65k,This is a receptionist,11911
gemma-2-2b,gemmascope-res-65k,This is a receptionist,19187
gemma-2-2b,gemmascope-res-65k,This is a receptionist,29489
gemma-2-2b,gemmascope-res-65k,This is a receptionist,31603
gemma-2-2b,gemmascope-res-65k,This is a receptionist,37233
gemma-2-2b,gemmascope-res-65k,This is a receptionist,46882
gemma-2-2b,gemmascope-res-65k,This is a receptionist,52136
gemma-2-2b,gemmascope-res-65k,This is a receptionist,53696
gemma-2-2b,gemmascope-res-65k,This is a receptionist,56034
gemma-2-2b,gemmascope-res-65k,This is a receptionist,6414
gemma-2-2b,gemmascope-res-65k,This is a receptionist,64505
gemma-2-2b,gemmascope-res-65k,This is a sacrament,15966
gemma-2-2b,gemmascope-res-65k,This is a sacrament,19909
gemma-2-2b,gemmascope-res-65k,This is a sacrament,33212
gemma-2-2b,gemmascope-res-65k,This is a sacrament,54128
gemma-2-2b,gemmascope-res-65k,This is a sacrament,56487
gemma-2-2b,gemmascope-res-65k,This is a sacrament,57165
gemma-2-2b,gemmascope-res-65k,This is a sacrament,8846
gemma-2-2b,gemmascope-res-65k,This is a sacrament,This is a sacrament
gemma-2-2b,gemmascope-res-65k,This is a sacrament,This is a sacrament
gemma-2-2b,gemmascope-res-65k,This is a sacrament,15966
gemma-2-2b,gemmascope-res-65k,This is a sacrament,19909
gemma-2-2b,gemmascope-res-65k,This is a sacrament,33212
gemma-2-2b,gemmascope-res-65k,This is a sacrament,54128
gemma-2-2b,gemmascope-res-65k,This is a sacrament,56487
gemma-2-2b,gemmascope-res-65k,This is a sacrament,57165
gemma-2-2b,gemmascope-res-65k,This is a sacrament,8846
gemma-2-2b,gemmascope-res-65k,This is a son,11264
gemma-2-2b,gemmascope-res-65k,This is a son,17011
gemma-2-2b,gemmascope-res-65k,This is a son,20435
gemma-2-2b,gemmascope-res-65k,This is a son,21759
gemma-2-2b,gemmascope-res-65k,This is a son,3161
gemma-2-2b,gemmascope-res-65k,This is a son,32792
gemma-2-2b,gemmascope-res-65k,This is a son,34486
gemma-2-2b,gemmascope-res-65k,This is a son,36656
gemma-2-2b,gemmascope-res-65k,This is a son,38414
gemma-2-2b,gemmascope-res-65k,This is a son,5858
gemma-2-2b,gemmascope-res-65k,This is a son,59548
gemma-2-2b,gemmascope-res-65k,This is a son,61257
gemma-2-2b,gemmascope-res-65k,This is a son,This is a son
gemma-2-2b,gemmascope-res-65k,This is a son,This is a son
gemma-2-2b,gemmascope-res-65k,This is a son,11264
gemma-2-2b,gemmascope-res-65k,This is a son,17011
gemma-2-2b,gemmascope-res-65k,This is a son,20435
gemma-2-2b,gemmascope-res-65k,This is a son,21759
gemma-2-2b,gemmascope-res-65k,This is a son,3161
gemma-2-2b,gemmascope-res-65k,This is a son,32792
gemma-2-2b,gemmascope-res-65k,This is a son,34486
gemma-2-2b,gemmascope-res-65k,This is a son,36656
gemma-2-2b,gemmascope-res-65k,This is a son,38414
gemma-2-2b,gemmascope-res-65k,This is a son,5858
gemma-2-2b,gemmascope-res-65k,This is a son,59548
gemma-2-2b,gemmascope-res-65k,This is a son,61257
gemma-2-2b,gemmascope-res-65k,This is a synagogue,15267
gemma-2-2b,gemmascope-res-65k,This is a synagogue,16424
gemma-2-2b,gemmascope-res-65k,This is a synagogue,23947
gemma-2-2b,gemmascope-res-65k,This is a synagogue,36519
gemma-2-2b,gemmascope-res-65k,This is a synagogue,46193
gemma-2-2b,gemmascope-res-65k,This is a synagogue,5051
gemma-2-2b,gemmascope-res-65k,This is a synagogue,51533
gemma-2-2b,gemmascope-res-65k,This is a synagogue,51682
gemma-2-2b,gemmascope-res-65k,This is a synagogue,53777
gemma-2-2b,gemmascope-res-65k,This is a synagogue,56691
gemma-2-2b,gemmascope-res-65k,This is a synagogue,8859
gemma-2-2b,gemmascope-res-65k,This is a synagogue,This is a synagogue
gemma-2-2b,gemmascope-res-65k,This is a synagogue,This is a synagogue
gemma-2-2b,gemmascope-res-65k,This is a synagogue,15267
gemma-2-2b,gemmascope-res-65k,This is a synagogue,16424
gemma-2-2b,gemmascope-res-65k,This is a synagogue,23947
gemma-2-2b,gemmascope-res-65k,This is a synagogue,36519
gemma-2-2b,gemmascope-res-65k,This is a synagogue,46193
gemma-2-2b,gemmascope-res-65k,This is a synagogue,5051
gemma-2-2b,gemmascope-res-65k,This is a synagogue,51533
gemma-2-2b,gemmascope-res-65k,This is a synagogue,51682
gemma-2-2b,gemmascope-res-65k,This is a synagogue,53777
gemma-2-2b,gemmascope-res-65k,This is a synagogue,56691
gemma-2-2b,gemmascope-res-65k,This is a synagogue,8859
gemma-2-2b,gemmascope-res-65k,This is a talmud,1079
gemma-2-2b,gemmascope-res-65k,This is a talmud,10901
gemma-2-2b,gemmascope-res-65k,This is a talmud,11091
gemma-2-2b,gemmascope-res-65k,This is a talmud,13154
gemma-2-2b,gemmascope-res-65k,This is a talmud,26847
gemma-2-2b,gemmascope-res-65k,This is a talmud,36950
gemma-2-2b,gemmascope-res-65k,This is a talmud,4026
gemma-2-2b,gemmascope-res-65k,This is a talmud,43560
gemma-2-2b,gemmascope-res-65k,This is a talmud,4562
gemma-2-2b,gemmascope-res-65k,This is a talmud,45821
gemma-2-2b,gemmascope-res-65k,This is a talmud,4947
gemma-2-2b,gemmascope-res-65k,This is a talmud,This is a talmud
gemma-2-2b,gemmascope-res-65k,This is a talmud,This is a talmud
gemma-2-2b,gemmascope-res-65k,This is a talmud,1079
gemma-2-2b,gemmascope-res-65k,This is a talmud,10901
gemma-2-2b,gemmascope-res-65k,This is a talmud,11091
gemma-2-2b,gemmascope-res-65k,This is a talmud,13154
gemma-2-2b,gemmascope-res-65k,This is a talmud,26847
gemma-2-2b,gemmascope-res-65k,This is a talmud,36950
gemma-2-2b,gemmascope-res-65k,This is a talmud,4026
gemma-2-2b,gemmascope-res-65k,This is a talmud,43560
gemma-2-2b,gemmascope-res-65k,This is a talmud,4562
gemma-2-2b,gemmascope-res-65k,This is a talmud,45821
gemma-2-2b,gemmascope-res-65k,This is a talmud,4947
gemma-2-2b,gemmascope-res-65k,This is a temple,10407
gemma-2-2b,gemmascope-res-65k,This is a temple,27706
gemma-2-2b,gemmascope-res-65k,This is a temple,28308
gemma-2-2b,gemmascope-res-65k,This is a temple,28909
gemma-2-2b,gemmascope-res-65k,This is a temple,46002
gemma-2-2b,gemmascope-res-65k,This is a temple,50843
gemma-2-2b,gemmascope-res-65k,This is a temple,5537
gemma-2-2b,gemmascope-res-65k,This is a temple,56311
gemma-2-2b,gemmascope-res-65k,This is a temple,56691
gemma-2-2b,gemmascope-res-65k,This is a temple,59209
gemma-2-2b,gemmascope-res-65k,This is a temple,62563
gemma-2-2b,gemmascope-res-65k,This is a temple,63635
gemma-2-2b,gemmascope-res-65k,This is a temple,7182
gemma-2-2b,gemmascope-res-65k,This is a temple,7740
gemma-2-2b,gemmascope-res-65k,This is a temple,This is a temple
gemma-2-2b,gemmascope-res-65k,This is a temple,This is a temple
gemma-2-2b,gemmascope-res-65k,This is a temple,10407
gemma-2-2b,gemmascope-res-65k,This is a temple,27706
gemma-2-2b,gemmascope-res-65k,This is a temple,28308
gemma-2-2b,gemmascope-res-65k,This is a temple,28909
gemma-2-2b,gemmascope-res-65k,This is a temple,46002
gemma-2-2b,gemmascope-res-65k,This is a temple,50843
gemma-2-2b,gemmascope-res-65k,This is a temple,5537
gemma-2-2b,gemmascope-res-65k,This is a temple,56311
gemma-2-2b,gemmascope-res-65k,This is a temple,56691
gemma-2-2b,gemmascope-res-65k,This is a temple,59209
gemma-2-2b,gemmascope-res-65k,This is a temple,62563
gemma-2-2b,gemmascope-res-65k,This is a temple,63635
gemma-2-2b,gemmascope-res-65k,This is a temple,7182
gemma-2-2b,gemmascope-res-65k,This is a temple,7740
gemma-2-2b,gemmascope-res-65k,This is a terrorist,14069
gemma-2-2b,gemmascope-res-65k,This is a terrorist,15622
gemma-2-2b,gemmascope-res-65k,This is a terrorist,15841
gemma-2-2b,gemmascope-res-65k,This is a terrorist,29238
gemma-2-2b,gemmascope-res-65k,This is a terrorist,29344
gemma-2-2b,gemmascope-res-65k,This is a terrorist,39293
gemma-2-2b,gemmascope-res-65k,This is a terrorist,56230
gemma-2-2b,gemmascope-res-65k,This is a terrorist,56282
gemma-2-2b,gemmascope-res-65k,This is a terrorist,56687
gemma-2-2b,gemmascope-res-65k,This is a terrorist,56846
gemma-2-2b,gemmascope-res-65k,This is a terrorist,59406
gemma-2-2b,gemmascope-res-65k,This is a terrorist,65400
gemma-2-2b,gemmascope-res-65k,This is a terrorist,7653
gemma-2-2b,gemmascope-res-65k,This is a terrorist,9395
gemma-2-2b,gemmascope-res-65k,This is a terrorist,This is a terrorist
gemma-2-2b,gemmascope-res-65k,This is a terrorist,This is a terrorist
gemma-2-2b,gemmascope-res-65k,This is a terrorist,14069
gemma-2-2b,gemmascope-res-65k,This is a terrorist,15622
gemma-2-2b,gemmascope-res-65k,This is a terrorist,15841
gemma-2-2b,gemmascope-res-65k,This is a terrorist,29238
gemma-2-2b,gemmascope-res-65k,This is a terrorist,29344
gemma-2-2b,gemmascope-res-65k,This is a terrorist,39293
gemma-2-2b,gemmascope-res-65k,This is a terrorist,56230
gemma-2-2b,gemmascope-res-65k,This is a terrorist,56282
gemma-2-2b,gemmascope-res-65k,This is a terrorist,56687
gemma-2-2b,gemmascope-res-65k,This is a terrorist,56846
gemma-2-2b,gemmascope-res-65k,This is a terrorist,59406
gemma-2-2b,gemmascope-res-65k,This is a terrorist,65400
gemma-2-2b,gemmascope-res-65k,This is a terrorist,7653
gemma-2-2b,gemmascope-res-65k,This is a terrorist,9395
gemma-2-2b,gemmascope-res-65k,This is a torah,11077
gemma-2-2b,gemmascope-res-65k,This is a torah,14411
gemma-2-2b,gemmascope-res-65k,This is a torah,16717
gemma-2-2b,gemmascope-res-65k,This is a torah,16956
gemma-2-2b,gemmascope-res-65k,This is a torah,17564
gemma-2-2b,gemmascope-res-65k,This is a torah,28403
gemma-2-2b,gemmascope-res-65k,This is a torah,36497
gemma-2-2b,gemmascope-res-65k,This is a torah,37249
gemma-2-2b,gemmascope-res-65k,This is a torah,47949
gemma-2-2b,gemmascope-res-65k,This is a torah,53077
gemma-2-2b,gemmascope-res-65k,This is a torah,54964
gemma-2-2b,gemmascope-res-65k,This is a torah,62633
gemma-2-2b,gemmascope-res-65k,This is a torah,This is a torah
gemma-2-2b,gemmascope-res-65k,This is a torah,This is a torah
gemma-2-2b,gemmascope-res-65k,This is a torah,11077
gemma-2-2b,gemmascope-res-65k,This is a torah,14411
gemma-2-2b,gemmascope-res-65k,This is a torah,16717
gemma-2-2b,gemmascope-res-65k,This is a torah,16956
gemma-2-2b,gemmascope-res-65k,This is a torah,17564
gemma-2-2b,gemmascope-res-65k,This is a torah,28403
gemma-2-2b,gemmascope-res-65k,This is a torah,36497
gemma-2-2b,gemmascope-res-65k,This is a torah,37249
gemma-2-2b,gemmascope-res-65k,This is a torah,47949
gemma-2-2b,gemmascope-res-65k,This is a torah,53077
gemma-2-2b,gemmascope-res-65k,This is a torah,54964
gemma-2-2b,gemmascope-res-65k,This is a torah,62633
gemma-2-2b,gemmascope-res-65k,This is a victim,10285
gemma-2-2b,gemmascope-res-65k,This is a victim,1811
gemma-2-2b,gemmascope-res-65k,This is a victim,25092
gemma-2-2b,gemmascope-res-65k,This is a victim,32224
gemma-2-2b,gemmascope-res-65k,This is a victim,32850
gemma-2-2b,gemmascope-res-65k,This is a victim,34298
gemma-2-2b,gemmascope-res-65k,This is a victim,3696
gemma-2-2b,gemmascope-res-65k,This is a victim,44247
gemma-2-2b,gemmascope-res-65k,This is a victim,52504
gemma-2-2b,gemmascope-res-65k,This is a victim,53485
gemma-2-2b,gemmascope-res-65k,This is a victim,55055
gemma-2-2b,gemmascope-res-65k,This is a victim,55886
gemma-2-2b,gemmascope-res-65k,This is a victim,56683
gemma-2-2b,gemmascope-res-65k,This is a victim,57431
gemma-2-2b,gemmascope-res-65k,This is a victim,61102
gemma-2-2b,gemmascope-res-65k,This is a victim,63047
gemma-2-2b,gemmascope-res-65k,This is a victim,65254
gemma-2-2b,gemmascope-res-65k,This is a victim,This is a victim
gemma-2-2b,gemmascope-res-65k,This is a victim,This is a victim
gemma-2-2b,gemmascope-res-65k,This is a victim,10285
gemma-2-2b,gemmascope-res-65k,This is a victim,1811
gemma-2-2b,gemmascope-res-65k,This is a victim,25092
gemma-2-2b,gemmascope-res-65k,This is a victim,32224
gemma-2-2b,gemmascope-res-65k,This is a victim,32850
gemma-2-2b,gemmascope-res-65k,This is a victim,34298
gemma-2-2b,gemmascope-res-65k,This is a victim,3696
gemma-2-2b,gemmascope-res-65k,This is a victim,44247
gemma-2-2b,gemmascope-res-65k,This is a victim,52504
gemma-2-2b,gemmascope-res-65k,This is a victim,53485
gemma-2-2b,gemmascope-res-65k,This is a victim,55055
gemma-2-2b,gemmascope-res-65k,This is a victim,55886
gemma-2-2b,gemmascope-res-65k,This is a victim,56683
gemma-2-2b,gemmascope-res-65k,This is a victim,57431
gemma-2-2b,gemmascope-res-65k,This is a victim,61102
gemma-2-2b,gemmascope-res-65k,This is a victim,63047
gemma-2-2b,gemmascope-res-65k,This is a victim,65254
gemma-2-2b,gemmascope-res-65k,This is a wife,17043
gemma-2-2b,gemmascope-res-65k,This is a wife,19000
gemma-2-2b,gemmascope-res-65k,This is a wife,26107
gemma-2-2b,gemmascope-res-65k,This is a wife,26255
gemma-2-2b,gemmascope-res-65k,This is a wife,33594
gemma-2-2b,gemmascope-res-65k,This is a wife,36013
gemma-2-2b,gemmascope-res-65k,This is a wife,46333
gemma-2-2b,gemmascope-res-65k,This is a wife,48590
gemma-2-2b,gemmascope-res-65k,This is a wife,48849
gemma-2-2b,gemmascope-res-65k,This is a wife,49905
gemma-2-2b,gemmascope-res-65k,This is a wife,50570
gemma-2-2b,gemmascope-res-65k,This is a wife,53823
gemma-2-2b,gemmascope-res-65k,This is a wife,5439
gemma-2-2b,gemmascope-res-65k,This is a wife,60523
gemma-2-2b,gemmascope-res-65k,This is a wife,This is a wife
gemma-2-2b,gemmascope-res-65k,This is a wife,This is a wife
gemma-2-2b,gemmascope-res-65k,This is a wife,17043
gemma-2-2b,gemmascope-res-65k,This is a wife,19000
gemma-2-2b,gemmascope-res-65k,This is a wife,26107
gemma-2-2b,gemmascope-res-65k,This is a wife,26255
gemma-2-2b,gemmascope-res-65k,This is a wife,33594
gemma-2-2b,gemmascope-res-65k,This is a wife,36013
gemma-2-2b,gemmascope-res-65k,This is a wife,46333
gemma-2-2b,gemmascope-res-65k,This is a wife,48590
gemma-2-2b,gemmascope-res-65k,This is a wife,48849
gemma-2-2b,gemmascope-res-65k,This is a wife,49905
gemma-2-2b,gemmascope-res-65k,This is a wife,50570
gemma-2-2b,gemmascope-res-65k,This is a wife,53823
gemma-2-2b,gemmascope-res-65k,This is a wife,5439
gemma-2-2b,gemmascope-res-65k,This is a wife,60523
gemma-2-2b,gemmascope-res-65k,This is a woman,12606
gemma-2-2b,gemmascope-res-65k,This is a woman,19092
gemma-2-2b,gemmascope-res-65k,This is a woman,20128
gemma-2-2b,gemmascope-res-65k,This is a woman,31480
gemma-2-2b,gemmascope-res-65k,This is a woman,34787
gemma-2-2b,gemmascope-res-65k,This is a woman,3626
gemma-2-2b,gemmascope-res-65k,This is a woman,36837
gemma-2-2b,gemmascope-res-65k,This is a woman,37758
gemma-2-2b,gemmascope-res-65k,This is a woman,54554
gemma-2-2b,gemmascope-res-65k,This is a woman,56179
gemma-2-2b,gemmascope-res-65k,This is a woman,59370
gemma-2-2b,gemmascope-res-65k,This is a woman,This is a woman
gemma-2-2b,gemmascope-res-65k,This is a woman,This is a woman
gemma-2-2b,gemmascope-res-65k,This is a woman,12606
gemma-2-2b,gemmascope-res-65k,This is a woman,19092
gemma-2-2b,gemmascope-res-65k,This is a woman,20128
gemma-2-2b,gemmascope-res-65k,This is a woman,31480
gemma-2-2b,gemmascope-res-65k,This is a woman,34787
gemma-2-2b,gemmascope-res-65k,This is a woman,3626
gemma-2-2b,gemmascope-res-65k,This is a woman,36837
gemma-2-2b,gemmascope-res-65k,This is a woman,37758
gemma-2-2b,gemmascope-res-65k,This is a woman,54554
gemma-2-2b,gemmascope-res-65k,This is a woman,56179
gemma-2-2b,gemmascope-res-65k,This is a woman,59370
gemma-2-2b,gemmascope-res-65k,This is allah,23641
gemma-2-2b,gemmascope-res-65k,This is allah,25762
gemma-2-2b,gemmascope-res-65k,This is allah,26475
gemma-2-2b,gemmascope-res-65k,This is allah,30912
gemma-2-2b,gemmascope-res-65k,This is allah,32796
gemma-2-2b,gemmascope-res-65k,This is allah,3989
gemma-2-2b,gemmascope-res-65k,This is allah,46486
gemma-2-2b,gemmascope-res-65k,This is allah,49919
gemma-2-2b,gemmascope-res-65k,This is allah,This is allah
gemma-2-2b,gemmascope-res-65k,This is allah,This is allah
gemma-2-2b,gemmascope-res-65k,This is allah,23641
gemma-2-2b,gemmascope-res-65k,This is allah,25762
gemma-2-2b,gemmascope-res-65k,This is allah,26475
gemma-2-2b,gemmascope-res-65k,This is allah,30912
gemma-2-2b,gemmascope-res-65k,This is allah,32796
gemma-2-2b,gemmascope-res-65k,This is allah,3989
gemma-2-2b,gemmascope-res-65k,This is allah,46486
gemma-2-2b,gemmascope-res-65k,This is allah,49919
gemma-2-2b,gemmascope-res-65k,This is an assistant,12835
gemma-2-2b,gemmascope-res-65k,This is an assistant,16810
gemma-2-2b,gemmascope-res-65k,This is an assistant,21423
gemma-2-2b,gemmascope-res-65k,This is an assistant,22555
gemma-2-2b,gemmascope-res-65k,This is an assistant,23049
gemma-2-2b,gemmascope-res-65k,This is an assistant,25071
gemma-2-2b,gemmascope-res-65k,This is an assistant,27145
gemma-2-2b,gemmascope-res-65k,This is an assistant,31403
gemma-2-2b,gemmascope-res-65k,This is an assistant,32193
gemma-2-2b,gemmascope-res-65k,This is an assistant,36399
gemma-2-2b,gemmascope-res-65k,This is an assistant,40543
gemma-2-2b,gemmascope-res-65k,This is an assistant,41648
gemma-2-2b,gemmascope-res-65k,This is an assistant,46863
gemma-2-2b,gemmascope-res-65k,This is an assistant,49476
gemma-2-2b,gemmascope-res-65k,This is an assistant,52463
gemma-2-2b,gemmascope-res-65k,This is an assistant,54132
gemma-2-2b,gemmascope-res-65k,This is an assistant,58366
gemma-2-2b,gemmascope-res-65k,This is an assistant,This is an assistant
gemma-2-2b,gemmascope-res-65k,This is an assistant,This is an assistant
gemma-2-2b,gemmascope-res-65k,This is an assistant,12835
gemma-2-2b,gemmascope-res-65k,This is an assistant,16810
gemma-2-2b,gemmascope-res-65k,This is an assistant,21423
gemma-2-2b,gemmascope-res-65k,This is an assistant,22555
gemma-2-2b,gemmascope-res-65k,This is an assistant,23049
gemma-2-2b,gemmascope-res-65k,This is an assistant,25071
gemma-2-2b,gemmascope-res-65k,This is an assistant,27145
gemma-2-2b,gemmascope-res-65k,This is an assistant,31403
gemma-2-2b,gemmascope-res-65k,This is an assistant,32193
gemma-2-2b,gemmascope-res-65k,This is an assistant,36399
gemma-2-2b,gemmascope-res-65k,This is an assistant,40543
gemma-2-2b,gemmascope-res-65k,This is an assistant,41648
gemma-2-2b,gemmascope-res-65k,This is an assistant,46863
gemma-2-2b,gemmascope-res-65k,This is an assistant,49476
gemma-2-2b,gemmascope-res-65k,This is an assistant,52463
gemma-2-2b,gemmascope-res-65k,This is an assistant,54132
gemma-2-2b,gemmascope-res-65k,This is an assistant,58366
gemma-2-2b,gemmascope-res-65k,This is an attack,23118
gemma-2-2b,gemmascope-res-65k,This is an attack,23700
gemma-2-2b,gemmascope-res-65k,This is an attack,25092
gemma-2-2b,gemmascope-res-65k,This is an attack,34298
gemma-2-2b,gemmascope-res-65k,This is an attack,39804
gemma-2-2b,gemmascope-res-65k,This is an attack,43450
gemma-2-2b,gemmascope-res-65k,This is an attack,52504
gemma-2-2b,gemmascope-res-65k,This is an attack,53485
gemma-2-2b,gemmascope-res-65k,This is an attack,5455
gemma-2-2b,gemmascope-res-65k,This is an attack,55886
gemma-2-2b,gemmascope-res-65k,This is an attack,56683
gemma-2-2b,gemmascope-res-65k,This is an attack,57431
gemma-2-2b,gemmascope-res-65k,This is an attack,60748
gemma-2-2b,gemmascope-res-65k,This is an attack,61102
gemma-2-2b,gemmascope-res-65k,This is an attack,63047
gemma-2-2b,gemmascope-res-65k,This is an attack,65254
gemma-2-2b,gemmascope-res-65k,This is an attack,70
gemma-2-2b,gemmascope-res-65k,This is an attack,This is an attack
gemma-2-2b,gemmascope-res-65k,This is an attack,This is an attack
gemma-2-2b,gemmascope-res-65k,This is an attack,23118
gemma-2-2b,gemmascope-res-65k,This is an attack,23700
gemma-2-2b,gemmascope-res-65k,This is an attack,25092
gemma-2-2b,gemmascope-res-65k,This is an attack,34298
gemma-2-2b,gemmascope-res-65k,This is an attack,39804
gemma-2-2b,gemmascope-res-65k,This is an attack,43450
gemma-2-2b,gemmascope-res-65k,This is an attack,52504
gemma-2-2b,gemmascope-res-65k,This is an attack,53485
gemma-2-2b,gemmascope-res-65k,This is an attack,5455
gemma-2-2b,gemmascope-res-65k,This is an attack,55886
gemma-2-2b,gemmascope-res-65k,This is an attack,56683
gemma-2-2b,gemmascope-res-65k,This is an attack,57431
gemma-2-2b,gemmascope-res-65k,This is an attack,60748
gemma-2-2b,gemmascope-res-65k,This is an attack,61102
gemma-2-2b,gemmascope-res-65k,This is an attack,63047
gemma-2-2b,gemmascope-res-65k,This is an attack,65254
gemma-2-2b,gemmascope-res-65k,This is an attack,70
gemma-2-2b,gemmascope-res-65k,This is an engineer,12773
gemma-2-2b,gemmascope-res-65k,This is an engineer,1618
gemma-2-2b,gemmascope-res-65k,This is an engineer,26575
gemma-2-2b,gemmascope-res-65k,This is an engineer,28278
gemma-2-2b,gemmascope-res-65k,This is an engineer,29489
gemma-2-2b,gemmascope-res-65k,This is an engineer,29841
gemma-2-2b,gemmascope-res-65k,This is an engineer,31603
gemma-2-2b,gemmascope-res-65k,This is an engineer,32256
gemma-2-2b,gemmascope-res-65k,This is an engineer,39481
gemma-2-2b,gemmascope-res-65k,This is an engineer,434
gemma-2-2b,gemmascope-res-65k,This is an engineer,64505
gemma-2-2b,gemmascope-res-65k,This is an engineer,9409
gemma-2-2b,gemmascope-res-65k,This is an engineer,This is an engineer
gemma-2-2b,gemmascope-res-65k,This is an engineer,This is an engineer
gemma-2-2b,gemmascope-res-65k,This is an engineer,12773
gemma-2-2b,gemmascope-res-65k,This is an engineer,1618
gemma-2-2b,gemmascope-res-65k,This is an engineer,26575
gemma-2-2b,gemmascope-res-65k,This is an engineer,28278
gemma-2-2b,gemmascope-res-65k,This is an engineer,29489
gemma-2-2b,gemmascope-res-65k,This is an engineer,29841
gemma-2-2b,gemmascope-res-65k,This is an engineer,31603
gemma-2-2b,gemmascope-res-65k,This is an engineer,32256
gemma-2-2b,gemmascope-res-65k,This is an engineer,39481
gemma-2-2b,gemmascope-res-65k,This is an engineer,434
gemma-2-2b,gemmascope-res-65k,This is an engineer,64505
gemma-2-2b,gemmascope-res-65k,This is an engineer,9409
gemma-2-2b,gemmascope-res-65k,This is christianity,29126
gemma-2-2b,gemmascope-res-65k,This is christianity,38449
gemma-2-2b,gemmascope-res-65k,This is christianity,40575
gemma-2-2b,gemmascope-res-65k,This is christianity,44157
gemma-2-2b,gemmascope-res-65k,This is christianity,46908
gemma-2-2b,gemmascope-res-65k,This is christianity,56240
gemma-2-2b,gemmascope-res-65k,This is christianity,58067
gemma-2-2b,gemmascope-res-65k,This is christianity,6295
gemma-2-2b,gemmascope-res-65k,This is christianity,65534
gemma-2-2b,gemmascope-res-65k,This is christianity,This is christianity
gemma-2-2b,gemmascope-res-65k,This is christianity,This is christianity
gemma-2-2b,gemmascope-res-65k,This is christianity,29126
gemma-2-2b,gemmascope-res-65k,This is christianity,38449
gemma-2-2b,gemmascope-res-65k,This is christianity,40575
gemma-2-2b,gemmascope-res-65k,This is christianity,44157
gemma-2-2b,gemmascope-res-65k,This is christianity,46908
gemma-2-2b,gemmascope-res-65k,This is christianity,56240
gemma-2-2b,gemmascope-res-65k,This is christianity,58067
gemma-2-2b,gemmascope-res-65k,This is christianity,6295
gemma-2-2b,gemmascope-res-65k,This is christianity,65534
gemma-2-2b,gemmascope-res-65k,This is cocaine,13492
gemma-2-2b,gemmascope-res-65k,This is cocaine,1518
gemma-2-2b,gemmascope-res-65k,This is cocaine,23259
gemma-2-2b,gemmascope-res-65k,This is cocaine,26285
gemma-2-2b,gemmascope-res-65k,This is cocaine,32588
gemma-2-2b,gemmascope-res-65k,This is cocaine,42564
gemma-2-2b,gemmascope-res-65k,This is cocaine,42573
gemma-2-2b,gemmascope-res-65k,This is cocaine,44038
gemma-2-2b,gemmascope-res-65k,This is cocaine,44783
gemma-2-2b,gemmascope-res-65k,This is cocaine,45740
gemma-2-2b,gemmascope-res-65k,This is cocaine,51188
gemma-2-2b,gemmascope-res-65k,This is cocaine,53401
gemma-2-2b,gemmascope-res-65k,This is cocaine,This is cocaine
gemma-2-2b,gemmascope-res-65k,This is cocaine,This is cocaine
gemma-2-2b,gemmascope-res-65k,This is cocaine,13492
gemma-2-2b,gemmascope-res-65k,This is cocaine,1518
gemma-2-2b,gemmascope-res-65k,This is cocaine,23259
gemma-2-2b,gemmascope-res-65k,This is cocaine,26285
gemma-2-2b,gemmascope-res-65k,This is cocaine,32588
gemma-2-2b,gemmascope-res-65k,This is cocaine,42564
gemma-2-2b,gemmascope-res-65k,This is cocaine,42573
gemma-2-2b,gemmascope-res-65k,This is cocaine,44038
gemma-2-2b,gemmascope-res-65k,This is cocaine,44783
gemma-2-2b,gemmascope-res-65k,This is cocaine,45740
gemma-2-2b,gemmascope-res-65k,This is cocaine,51188
gemma-2-2b,gemmascope-res-65k,This is cocaine,53401
gemma-2-2b,gemmascope-res-65k,this is female,15666
gemma-2-2b,gemmascope-res-65k,this is female,17328
gemma-2-2b,gemmascope-res-65k,this is female,18750
gemma-2-2b,gemmascope-res-65k,this is female,24035
gemma-2-2b,gemmascope-res-65k,this is female,26501
gemma-2-2b,gemmascope-res-65k,this is female,29364
gemma-2-2b,gemmascope-res-65k,this is female,3626
gemma-2-2b,gemmascope-res-65k,this is female,43434
gemma-2-2b,gemmascope-res-65k,this is female,47381
gemma-2-2b,gemmascope-res-65k,this is female,50532
gemma-2-2b,gemmascope-res-65k,this is female,53575
gemma-2-2b,gemmascope-res-65k,this is female,56313
gemma-2-2b,gemmascope-res-65k,this is female,64680
gemma-2-2b,gemmascope-res-65k,this is female,this is female
gemma-2-2b,gemmascope-res-65k,this is female,this is female
gemma-2-2b,gemmascope-res-65k,this is female,15666
gemma-2-2b,gemmascope-res-65k,this is female,17328
gemma-2-2b,gemmascope-res-65k,this is female,18750
gemma-2-2b,gemmascope-res-65k,this is female,24035
gemma-2-2b,gemmascope-res-65k,this is female,26501
gemma-2-2b,gemmascope-res-65k,this is female,29364
gemma-2-2b,gemmascope-res-65k,this is female,3626
gemma-2-2b,gemmascope-res-65k,this is female,43434
gemma-2-2b,gemmascope-res-65k,this is female,47381
gemma-2-2b,gemmascope-res-65k,this is female,50532
gemma-2-2b,gemmascope-res-65k,this is female,53575
gemma-2-2b,gemmascope-res-65k,this is female,56313
gemma-2-2b,gemmascope-res-65k,this is female,64680
gemma-2-2b,gemmascope-res-65k,This is halal,18344
gemma-2-2b,gemmascope-res-65k,This is halal,24323
gemma-2-2b,gemmascope-res-65k,This is halal,45776
gemma-2-2b,gemmascope-res-65k,This is halal,52206
gemma-2-2b,gemmascope-res-65k,This is halal,56387
gemma-2-2b,gemmascope-res-65k,This is halal,This is halal
gemma-2-2b,gemmascope-res-65k,This is halal,This is halal
gemma-2-2b,gemmascope-res-65k,This is halal,18344
gemma-2-2b,gemmascope-res-65k,This is halal,24323
gemma-2-2b,gemmascope-res-65k,This is halal,45776
gemma-2-2b,gemmascope-res-65k,This is halal,52206
gemma-2-2b,gemmascope-res-65k,This is halal,56387
gemma-2-2b,gemmascope-res-65k,This is he,10522
gemma-2-2b,gemmascope-res-65k,This is he,19155
gemma-2-2b,gemmascope-res-65k,This is he,27476
gemma-2-2b,gemmascope-res-65k,This is he,37891
gemma-2-2b,gemmascope-res-65k,This is he,43467
gemma-2-2b,gemmascope-res-65k,This is he,49040
gemma-2-2b,gemmascope-res-65k,This is he,5680
gemma-2-2b,gemmascope-res-65k,This is he,56967
gemma-2-2b,gemmascope-res-65k,This is he,65214
gemma-2-2b,gemmascope-res-65k,This is he,6795
gemma-2-2b,gemmascope-res-65k,This is he,7951
gemma-2-2b,gemmascope-res-65k,This is he,This is he
gemma-2-2b,gemmascope-res-65k,This is he,This is he
gemma-2-2b,gemmascope-res-65k,This is he,10522
gemma-2-2b,gemmascope-res-65k,This is he,19155
gemma-2-2b,gemmascope-res-65k,This is he,27476
gemma-2-2b,gemmascope-res-65k,This is he,37891
gemma-2-2b,gemmascope-res-65k,This is he,43467
gemma-2-2b,gemmascope-res-65k,This is he,49040
gemma-2-2b,gemmascope-res-65k,This is he,5680
gemma-2-2b,gemmascope-res-65k,This is he,56967
gemma-2-2b,gemmascope-res-65k,This is he,65214
gemma-2-2b,gemmascope-res-65k,This is he,6795
gemma-2-2b,gemmascope-res-65k,This is he,7951
gemma-2-2b,gemmascope-res-65k,This is islam,14490
gemma-2-2b,gemmascope-res-65k,This is islam,15774
gemma-2-2b,gemmascope-res-65k,This is islam,26989
gemma-2-2b,gemmascope-res-65k,This is islam,28783
gemma-2-2b,gemmascope-res-65k,This is islam,5210
gemma-2-2b,gemmascope-res-65k,This is islam,53265
gemma-2-2b,gemmascope-res-65k,This is islam,53733
gemma-2-2b,gemmascope-res-65k,This is islam,53990
gemma-2-2b,gemmascope-res-65k,This is islam,59253
gemma-2-2b,gemmascope-res-65k,This is islam,65154
gemma-2-2b,gemmascope-res-65k,This is islam,This is islam
gemma-2-2b,gemmascope-res-65k,This is islam,This is islam
gemma-2-2b,gemmascope-res-65k,This is islam,14490
gemma-2-2b,gemmascope-res-65k,This is islam,15774
gemma-2-2b,gemmascope-res-65k,This is islam,26989
gemma-2-2b,gemmascope-res-65k,This is islam,28783
gemma-2-2b,gemmascope-res-65k,This is islam,5210
gemma-2-2b,gemmascope-res-65k,This is islam,53265
gemma-2-2b,gemmascope-res-65k,This is islam,53733
gemma-2-2b,gemmascope-res-65k,This is islam,53990
gemma-2-2b,gemmascope-res-65k,This is islam,59253
gemma-2-2b,gemmascope-res-65k,This is islam,65154
gemma-2-2b,gemmascope-res-65k,This is jesus,14958
gemma-2-2b,gemmascope-res-65k,This is jesus,2437
gemma-2-2b,gemmascope-res-65k,This is jesus,25452
gemma-2-2b,gemmascope-res-65k,This is jesus,35997
gemma-2-2b,gemmascope-res-65k,This is jesus,58629
gemma-2-2b,gemmascope-res-65k,This is jesus,6726
gemma-2-2b,gemmascope-res-65k,This is jesus,8324
gemma-2-2b,gemmascope-res-65k,This is jesus,This is jesus
gemma-2-2b,gemmascope-res-65k,This is jesus,This is jesus
gemma-2-2b,gemmascope-res-65k,This is jesus,14958
gemma-2-2b,gemmascope-res-65k,This is jesus,2437
gemma-2-2b,gemmascope-res-65k,This is jesus,25452
gemma-2-2b,gemmascope-res-65k,This is jesus,35997
gemma-2-2b,gemmascope-res-65k,This is jesus,58629
gemma-2-2b,gemmascope-res-65k,This is jesus,6726
gemma-2-2b,gemmascope-res-65k,This is jesus,8324
gemma-2-2b,gemmascope-res-65k,This is judaism,36649
gemma-2-2b,gemmascope-res-65k,This is judaism,42356
gemma-2-2b,gemmascope-res-65k,This is judaism,59207
gemma-2-2b,gemmascope-res-65k,This is judaism,59815
gemma-2-2b,gemmascope-res-65k,This is judaism,60921
gemma-2-2b,gemmascope-res-65k,This is judaism,8826
gemma-2-2b,gemmascope-res-65k,This is judaism,This is judaism
gemma-2-2b,gemmascope-res-65k,This is judaism,This is judaism
gemma-2-2b,gemmascope-res-65k,This is judaism,36649
gemma-2-2b,gemmascope-res-65k,This is judaism,42356
gemma-2-2b,gemmascope-res-65k,This is judaism,59207
gemma-2-2b,gemmascope-res-65k,This is judaism,59815
gemma-2-2b,gemmascope-res-65k,This is judaism,60921
gemma-2-2b,gemmascope-res-65k,This is judaism,8826
gemma-2-2b,gemmascope-res-65k,This is kosher,15267
gemma-2-2b,gemmascope-res-65k,This is kosher,16424
gemma-2-2b,gemmascope-res-65k,This is kosher,18344
gemma-2-2b,gemmascope-res-65k,This is kosher,24323
gemma-2-2b,gemmascope-res-65k,This is kosher,36519
gemma-2-2b,gemmascope-res-65k,This is kosher,45776
gemma-2-2b,gemmascope-res-65k,This is kosher,51682
gemma-2-2b,gemmascope-res-65k,This is kosher,52206
gemma-2-2b,gemmascope-res-65k,This is kosher,53777
gemma-2-2b,gemmascope-res-65k,This is kosher,56387
gemma-2-2b,gemmascope-res-65k,This is kosher,This is kosher
gemma-2-2b,gemmascope-res-65k,This is kosher,This is kosher
gemma-2-2b,gemmascope-res-65k,This is kosher,15267
gemma-2-2b,gemmascope-res-65k,This is kosher,16424
gemma-2-2b,gemmascope-res-65k,This is kosher,18344
gemma-2-2b,gemmascope-res-65k,This is kosher,24323
gemma-2-2b,gemmascope-res-65k,This is kosher,36519
gemma-2-2b,gemmascope-res-65k,This is kosher,45776
gemma-2-2b,gemmascope-res-65k,This is kosher,51682
gemma-2-2b,gemmascope-res-65k,This is kosher,52206
gemma-2-2b,gemmascope-res-65k,This is kosher,53777
gemma-2-2b,gemmascope-res-65k,This is kosher,56387
gemma-2-2b,gemmascope-res-65k,This is mecca,15514
gemma-2-2b,gemmascope-res-65k,This is mecca,18549
gemma-2-2b,gemmascope-res-65k,This is mecca,2566
gemma-2-2b,gemmascope-res-65k,This is mecca,28501
gemma-2-2b,gemmascope-res-65k,This is mecca,3814
gemma-2-2b,gemmascope-res-65k,This is mecca,38619
gemma-2-2b,gemmascope-res-65k,This is mecca,46443
gemma-2-2b,gemmascope-res-65k,This is mecca,56947
gemma-2-2b,gemmascope-res-65k,This is mecca,This is mecca
gemma-2-2b,gemmascope-res-65k,This is mecca,This is mecca
gemma-2-2b,gemmascope-res-65k,This is mecca,15514
gemma-2-2b,gemmascope-res-65k,This is mecca,18549
gemma-2-2b,gemmascope-res-65k,This is mecca,2566
gemma-2-2b,gemmascope-res-65k,This is mecca,28501
gemma-2-2b,gemmascope-res-65k,This is mecca,3814
gemma-2-2b,gemmascope-res-65k,This is mecca,38619
gemma-2-2b,gemmascope-res-65k,This is mecca,46443
gemma-2-2b,gemmascope-res-65k,This is mecca,56947
gemma-2-2b,gemmascope-res-65k,This is money,10285
gemma-2-2b,gemmascope-res-65k,This is money,13489
gemma-2-2b,gemmascope-res-65k,This is money,18113
gemma-2-2b,gemmascope-res-65k,This is money,25092
gemma-2-2b,gemmascope-res-65k,This is money,32633
gemma-2-2b,gemmascope-res-65k,This is money,32850
gemma-2-2b,gemmascope-res-65k,This is money,34298
gemma-2-2b,gemmascope-res-65k,This is money,45522
gemma-2-2b,gemmascope-res-65k,This is money,52504
gemma-2-2b,gemmascope-res-65k,This is money,53485
gemma-2-2b,gemmascope-res-65k,This is money,54298
gemma-2-2b,gemmascope-res-65k,This is money,55886
gemma-2-2b,gemmascope-res-65k,This is money,56683
gemma-2-2b,gemmascope-res-65k,This is money,57431
gemma-2-2b,gemmascope-res-65k,This is money,61102
gemma-2-2b,gemmascope-res-65k,This is money,63047
gemma-2-2b,gemmascope-res-65k,This is money,65254
gemma-2-2b,gemmascope-res-65k,This is money,977
gemma-2-2b,gemmascope-res-65k,This is money,This is money
gemma-2-2b,gemmascope-res-65k,This is money,This is money
gemma-2-2b,gemmascope-res-65k,This is money,10285
gemma-2-2b,gemmascope-res-65k,This is money,13489
gemma-2-2b,gemmascope-res-65k,This is money,18113
gemma-2-2b,gemmascope-res-65k,This is money,25092
gemma-2-2b,gemmascope-res-65k,This is money,32633
gemma-2-2b,gemmascope-res-65k,This is money,32850
gemma-2-2b,gemmascope-res-65k,This is money,34298
gemma-2-2b,gemmascope-res-65k,This is money,45522
gemma-2-2b,gemmascope-res-65k,This is money,52504
gemma-2-2b,gemmascope-res-65k,This is money,53485
gemma-2-2b,gemmascope-res-65k,This is money,54298
gemma-2-2b,gemmascope-res-65k,This is money,55886
gemma-2-2b,gemmascope-res-65k,This is money,56683
gemma-2-2b,gemmascope-res-65k,This is money,57431
gemma-2-2b,gemmascope-res-65k,This is money,61102
gemma-2-2b,gemmascope-res-65k,This is money,63047
gemma-2-2b,gemmascope-res-65k,This is money,65254
gemma-2-2b,gemmascope-res-65k,This is money,977
gemma-2-2b,gemmascope-res-65k,This is naive,10285
gemma-2-2b,gemmascope-res-65k,This is naive,19708
gemma-2-2b,gemmascope-res-65k,This is naive,25092
gemma-2-2b,gemmascope-res-65k,This is naive,32224
gemma-2-2b,gemmascope-res-65k,This is naive,32850
gemma-2-2b,gemmascope-res-65k,This is naive,33628
gemma-2-2b,gemmascope-res-65k,This is naive,34298
gemma-2-2b,gemmascope-res-65k,This is naive,39154
gemma-2-2b,gemmascope-res-65k,This is naive,52504
gemma-2-2b,gemmascope-res-65k,This is naive,53485
gemma-2-2b,gemmascope-res-65k,This is naive,55886
gemma-2-2b,gemmascope-res-65k,This is naive,56683
gemma-2-2b,gemmascope-res-65k,This is naive,57431
gemma-2-2b,gemmascope-res-65k,This is naive,61102
gemma-2-2b,gemmascope-res-65k,This is naive,63047
gemma-2-2b,gemmascope-res-65k,This is naive,65254
gemma-2-2b,gemmascope-res-65k,This is naive,This is naive
gemma-2-2b,gemmascope-res-65k,This is naive,This is naive
gemma-2-2b,gemmascope-res-65k,This is naive,10285
gemma-2-2b,gemmascope-res-65k,This is naive,19708
gemma-2-2b,gemmascope-res-65k,This is naive,25092
gemma-2-2b,gemmascope-res-65k,This is naive,32224
gemma-2-2b,gemmascope-res-65k,This is naive,32850
gemma-2-2b,gemmascope-res-65k,This is naive,33628
gemma-2-2b,gemmascope-res-65k,This is naive,34298
gemma-2-2b,gemmascope-res-65k,This is naive,39154
gemma-2-2b,gemmascope-res-65k,This is naive,52504
gemma-2-2b,gemmascope-res-65k,This is naive,53485
gemma-2-2b,gemmascope-res-65k,This is naive,55886
gemma-2-2b,gemmascope-res-65k,This is naive,56683
gemma-2-2b,gemmascope-res-65k,This is naive,57431
gemma-2-2b,gemmascope-res-65k,This is naive,61102
gemma-2-2b,gemmascope-res-65k,This is naive,63047
gemma-2-2b,gemmascope-res-65k,This is naive,65254
gemma-2-2b,gemmascope-res-65k,This is naiveThis is money,15164
gemma-2-2b,gemmascope-res-65k,This is naiveThis is money,26918
gemma-2-2b,gemmascope-res-65k,This is naiveThis is money,33218
gemma-2-2b,gemmascope-res-65k,This is naiveThis is money,34857
gemma-2-2b,gemmascope-res-65k,This is naiveThis is money,4678
gemma-2-2b,gemmascope-res-65k,This is naiveThis is money,50860
gemma-2-2b,gemmascope-res-65k,This is naiveThis is money,54883
gemma-2-2b,gemmascope-res-65k,This is naiveThis is money,5756
gemma-2-2b,gemmascope-res-65k,This is naiveThis is money,This is naiveThis is money
gemma-2-2b,gemmascope-res-65k,This is naiveThis is money,This is naiveThis is money
gemma-2-2b,gemmascope-res-65k,This is naiveThis is money,15164
gemma-2-2b,gemmascope-res-65k,This is naiveThis is money,26918
gemma-2-2b,gemmascope-res-65k,This is naiveThis is money,33218
gemma-2-2b,gemmascope-res-65k,This is naiveThis is money,34857
gemma-2-2b,gemmascope-res-65k,This is naiveThis is money,4678
gemma-2-2b,gemmascope-res-65k,This is naiveThis is money,50860
gemma-2-2b,gemmascope-res-65k,This is naiveThis is money,54883
gemma-2-2b,gemmascope-res-65k,This is naiveThis is money,5756
gemma-2-2b,gemmascope-res-65k,this is nose,14782
gemma-2-2b,gemmascope-res-65k,this is nose,21699
gemma-2-2b,gemmascope-res-65k,this is nose,31991
gemma-2-2b,gemmascope-res-65k,this is nose,3488
gemma-2-2b,gemmascope-res-65k,this is nose,38927
gemma-2-2b,gemmascope-res-65k,this is nose,42026
gemma-2-2b,gemmascope-res-65k,this is nose,50889
gemma-2-2b,gemmascope-res-65k,this is nose,51231
gemma-2-2b,gemmascope-res-65k,this is nose,61915
gemma-2-2b,gemmascope-res-65k,this is nose,9017
gemma-2-2b,gemmascope-res-65k,this is nose,this is nose
gemma-2-2b,gemmascope-res-65k,this is nose,this is nose
gemma-2-2b,gemmascope-res-65k,this is nose,14782
gemma-2-2b,gemmascope-res-65k,this is nose,21699
gemma-2-2b,gemmascope-res-65k,this is nose,31991
gemma-2-2b,gemmascope-res-65k,this is nose,3488
gemma-2-2b,gemmascope-res-65k,this is nose,38927
gemma-2-2b,gemmascope-res-65k,this is nose,42026
gemma-2-2b,gemmascope-res-65k,this is nose,50889
gemma-2-2b,gemmascope-res-65k,this is nose,51231
gemma-2-2b,gemmascope-res-65k,this is nose,61915
gemma-2-2b,gemmascope-res-65k,this is nose,9017
gemma-2-2b,gemmascope-res-65k,This is shabbat,24139
gemma-2-2b,gemmascope-res-65k,This is shabbat,24273
gemma-2-2b,gemmascope-res-65k,This is shabbat,24568
gemma-2-2b,gemmascope-res-65k,This is shabbat,2477
gemma-2-2b,gemmascope-res-65k,This is shabbat,30216
gemma-2-2b,gemmascope-res-65k,This is shabbat,40331
gemma-2-2b,gemmascope-res-65k,This is shabbat,44963
gemma-2-2b,gemmascope-res-65k,This is shabbat,48779
gemma-2-2b,gemmascope-res-65k,This is shabbat,5077
gemma-2-2b,gemmascope-res-65k,This is shabbat,5246
gemma-2-2b,gemmascope-res-65k,This is shabbat,5467
gemma-2-2b,gemmascope-res-65k,This is shabbat,55806
gemma-2-2b,gemmascope-res-65k,This is shabbat,6438
gemma-2-2b,gemmascope-res-65k,This is shabbat,This is shabbat
gemma-2-2b,gemmascope-res-65k,This is shabbat,This is shabbat
gemma-2-2b,gemmascope-res-65k,This is shabbat,24139
gemma-2-2b,gemmascope-res-65k,This is shabbat,24273
gemma-2-2b,gemmascope-res-65k,This is shabbat,24568
gemma-2-2b,gemmascope-res-65k,This is shabbat,2477
gemma-2-2b,gemmascope-res-65k,This is shabbat,30216
gemma-2-2b,gemmascope-res-65k,This is shabbat,40331
gemma-2-2b,gemmascope-res-65k,This is shabbat,44963
gemma-2-2b,gemmascope-res-65k,This is shabbat,48779
gemma-2-2b,gemmascope-res-65k,This is shabbat,5077
gemma-2-2b,gemmascope-res-65k,This is shabbat,5246
gemma-2-2b,gemmascope-res-65k,This is shabbat,5467
gemma-2-2b,gemmascope-res-65k,This is shabbat,55806
gemma-2-2b,gemmascope-res-65k,This is shabbat,6438
gemma-2-2b,gemmascope-res-65k,This is she,11190
gemma-2-2b,gemmascope-res-65k,This is she,18944
gemma-2-2b,gemmascope-res-65k,This is she,23943
gemma-2-2b,gemmascope-res-65k,This is she,39193
gemma-2-2b,gemmascope-res-65k,This is she,43467
gemma-2-2b,gemmascope-res-65k,This is she,46141
gemma-2-2b,gemmascope-res-65k,This is she,48279
gemma-2-2b,gemmascope-res-65k,This is she,50234
gemma-2-2b,gemmascope-res-65k,This is she,50852
gemma-2-2b,gemmascope-res-65k,This is she,5680
gemma-2-2b,gemmascope-res-65k,This is she,This is she
gemma-2-2b,gemmascope-res-65k,This is she,This is she
gemma-2-2b,gemmascope-res-65k,This is she,11190
gemma-2-2b,gemmascope-res-65k,This is she,18944
gemma-2-2b,gemmascope-res-65k,This is she,23943
gemma-2-2b,gemmascope-res-65k,This is she,39193
gemma-2-2b,gemmascope-res-65k,This is she,43467
gemma-2-2b,gemmascope-res-65k,This is she,46141
gemma-2-2b,gemmascope-res-65k,This is she,48279
gemma-2-2b,gemmascope-res-65k,This is she,50234
gemma-2-2b,gemmascope-res-65k,This is she,50852
gemma-2-2b,gemmascope-res-65k,This is she,5680
gemma-2-9b,gemmascope-res-16k,Das ist ein Jude,10914
gemma-2-9b,gemmascope-res-16k,Das ist ein Jude,12251
gemma-2-9b,gemmascope-res-16k,Das ist ein Jude,12268
gemma-2-9b,gemmascope-res-16k,Das ist ein Jude,14237
gemma-2-9b,gemmascope-res-16k,Das ist ein Jude,15281
gemma-2-9b,gemmascope-res-16k,Das ist ein Jude,302
gemma-2-9b,gemmascope-res-16k,Das ist ein Jude,4384
gemma-2-9b,gemmascope-res-16k,Das ist ein Jude,6540
gemma-2-9b,gemmascope-res-16k,Das ist ein Jude,7028
gemma-2-9b,gemmascope-res-16k,Das ist ein Jude,7091
gemma-2-9b,gemmascope-res-16k,Das ist ein Jude,858
gemma-2-9b,gemmascope-res-16k,Das ist ein Jude,8622
gemma-2-9b,gemmascope-res-16k,Das ist ein Jude,8963
gemma-2-9b,gemmascope-res-16k,Das ist ein Jude,9893
gemma-2-9b,gemmascope-res-16k,Das ist ein Jude,Das ist ein Jude
gemma-2-9b,gemmascope-res-16k,Das ist ein Jude,Das ist ein Jude
gemma-2-9b,gemmascope-res-16k,Das ist ein Jude,10914
gemma-2-9b,gemmascope-res-16k,Das ist ein Jude,12251
gemma-2-9b,gemmascope-res-16k,Das ist ein Jude,12268
gemma-2-9b,gemmascope-res-16k,Das ist ein Jude,14237
gemma-2-9b,gemmascope-res-16k,Das ist ein Jude,15281
gemma-2-9b,gemmascope-res-16k,Das ist ein Jude,302
gemma-2-9b,gemmascope-res-16k,Das ist ein Jude,4384
gemma-2-9b,gemmascope-res-16k,Das ist ein Jude,6540
gemma-2-9b,gemmascope-res-16k,Das ist ein Jude,7028
gemma-2-9b,gemmascope-res-16k,Das ist ein Jude,7091
gemma-2-9b,gemmascope-res-16k,Das ist ein Jude,858
gemma-2-9b,gemmascope-res-16k,Das ist ein Jude,8622
gemma-2-9b,gemmascope-res-16k,Das ist ein Jude,8963
gemma-2-9b,gemmascope-res-16k,Das ist ein Jude,9893
gemma-2-9b,gemmascope-res-16k,Das ist ein Mann,10291
gemma-2-9b,gemmascope-res-16k,Das ist ein Mann,10914
gemma-2-9b,gemmascope-res-16k,Das ist ein Mann,11773
gemma-2-9b,gemmascope-res-16k,Das ist ein Mann,11978
gemma-2-9b,gemmascope-res-16k,Das ist ein Mann,12251
gemma-2-9b,gemmascope-res-16k,Das ist ein Mann,12268
gemma-2-9b,gemmascope-res-16k,Das ist ein Mann,15281
gemma-2-9b,gemmascope-res-16k,Das ist ein Mann,16351
gemma-2-9b,gemmascope-res-16k,Das ist ein Mann,302
gemma-2-9b,gemmascope-res-16k,Das ist ein Mann,4502
gemma-2-9b,gemmascope-res-16k,Das ist ein Mann,6540
gemma-2-9b,gemmascope-res-16k,Das ist ein Mann,7028
gemma-2-9b,gemmascope-res-16k,Das ist ein Mann,7091
gemma-2-9b,gemmascope-res-16k,Das ist ein Mann,8622
gemma-2-9b,gemmascope-res-16k,Das ist ein Mann,8963
gemma-2-9b,gemmascope-res-16k,Das ist ein Mann,9893
gemma-2-9b,gemmascope-res-16k,Das ist ein Mann,Das ist ein Mann
gemma-2-9b,gemmascope-res-16k,Das ist ein Mann,Das ist ein Mann
gemma-2-9b,gemmascope-res-16k,Das ist ein Mann,10291
gemma-2-9b,gemmascope-res-16k,Das ist ein Mann,10914
gemma-2-9b,gemmascope-res-16k,Das ist ein Mann,11773
gemma-2-9b,gemmascope-res-16k,Das ist ein Mann,11978
gemma-2-9b,gemmascope-res-16k,Das ist ein Mann,12251
gemma-2-9b,gemmascope-res-16k,Das ist ein Mann,12268
gemma-2-9b,gemmascope-res-16k,Das ist ein Mann,15281
gemma-2-9b,gemmascope-res-16k,Das ist ein Mann,16351
gemma-2-9b,gemmascope-res-16k,Das ist ein Mann,302
gemma-2-9b,gemmascope-res-16k,Das ist ein Mann,4502
gemma-2-9b,gemmascope-res-16k,Das ist ein Mann,6540
gemma-2-9b,gemmascope-res-16k,Das ist ein Mann,7028
gemma-2-9b,gemmascope-res-16k,Das ist ein Mann,7091
gemma-2-9b,gemmascope-res-16k,Das ist ein Mann,8622
gemma-2-9b,gemmascope-res-16k,Das ist ein Mann,8963
gemma-2-9b,gemmascope-res-16k,Das ist ein Mann,9893
gemma-2-9b,gemmascope-res-16k,Das ist ein Mädchen,10291
gemma-2-9b,gemmascope-res-16k,Das ist ein Mädchen,10914
gemma-2-9b,gemmascope-res-16k,Das ist ein Mädchen,12251
gemma-2-9b,gemmascope-res-16k,Das ist ein Mädchen,12268
gemma-2-9b,gemmascope-res-16k,Das ist ein Mädchen,12932
gemma-2-9b,gemmascope-res-16k,Das ist ein Mädchen,14237
gemma-2-9b,gemmascope-res-16k,Das ist ein Mädchen,14639
gemma-2-9b,gemmascope-res-16k,Das ist ein Mädchen,15281
gemma-2-9b,gemmascope-res-16k,Das ist ein Mädchen,15683
gemma-2-9b,gemmascope-res-16k,Das ist ein Mädchen,1672
gemma-2-9b,gemmascope-res-16k,Das ist ein Mädchen,5150
gemma-2-9b,gemmascope-res-16k,Das ist ein Mädchen,6540
gemma-2-9b,gemmascope-res-16k,Das ist ein Mädchen,7091
gemma-2-9b,gemmascope-res-16k,Das ist ein Mädchen,858
gemma-2-9b,gemmascope-res-16k,Das ist ein Mädchen,8622
gemma-2-9b,gemmascope-res-16k,Das ist ein Mädchen,8963
gemma-2-9b,gemmascope-res-16k,Das ist ein Mädchen,9893
gemma-2-9b,gemmascope-res-16k,Das ist ein Mädchen,Das ist ein Mädchen
gemma-2-9b,gemmascope-res-16k,Das ist ein Mädchen,Das ist ein Mädchen
gemma-2-9b,gemmascope-res-16k,Das ist ein Mädchen,10291
gemma-2-9b,gemmascope-res-16k,Das ist ein Mädchen,10914
gemma-2-9b,gemmascope-res-16k,Das ist ein Mädchen,12251
gemma-2-9b,gemmascope-res-16k,Das ist ein Mädchen,12268
gemma-2-9b,gemmascope-res-16k,Das ist ein Mädchen,12932
gemma-2-9b,gemmascope-res-16k,Das ist ein Mädchen,14237
gemma-2-9b,gemmascope-res-16k,Das ist ein Mädchen,14639
gemma-2-9b,gemmascope-res-16k,Das ist ein Mädchen,15281
gemma-2-9b,gemmascope-res-16k,Das ist ein Mädchen,15683
gemma-2-9b,gemmascope-res-16k,Das ist ein Mädchen,1672
gemma-2-9b,gemmascope-res-16k,Das ist ein Mädchen,5150
gemma-2-9b,gemmascope-res-16k,Das ist ein Mädchen,6540
gemma-2-9b,gemmascope-res-16k,Das ist ein Mädchen,7091
gemma-2-9b,gemmascope-res-16k,Das ist ein Mädchen,858
gemma-2-9b,gemmascope-res-16k,Das ist ein Mädchen,8622
gemma-2-9b,gemmascope-res-16k,Das ist ein Mädchen,8963
gemma-2-9b,gemmascope-res-16k,Das ist ein Mädchen,9893
gemma-2-9b,gemmascope-res-16k,Das ist ein Opa,10291
gemma-2-9b,gemmascope-res-16k,Das ist ein Opa,10914
gemma-2-9b,gemmascope-res-16k,Das ist ein Opa,12251
gemma-2-9b,gemmascope-res-16k,Das ist ein Opa,12268
gemma-2-9b,gemmascope-res-16k,Das ist ein Opa,14237
gemma-2-9b,gemmascope-res-16k,Das ist ein Opa,15281
gemma-2-9b,gemmascope-res-16k,Das ist ein Opa,302
gemma-2-9b,gemmascope-res-16k,Das ist ein Opa,463
gemma-2-9b,gemmascope-res-16k,Das ist ein Opa,6540
gemma-2-9b,gemmascope-res-16k,Das ist ein Opa,7091
gemma-2-9b,gemmascope-res-16k,Das ist ein Opa,858
gemma-2-9b,gemmascope-res-16k,Das ist ein Opa,8622
gemma-2-9b,gemmascope-res-16k,Das ist ein Opa,8963
gemma-2-9b,gemmascope-res-16k,Das ist ein Opa,9893
gemma-2-9b,gemmascope-res-16k,Das ist ein Opa,Das ist ein Opa
gemma-2-9b,gemmascope-res-16k,Das ist ein Opa,Das ist ein Opa
gemma-2-9b,gemmascope-res-16k,Das ist ein Opa,10291
gemma-2-9b,gemmascope-res-16k,Das ist ein Opa,10914
gemma-2-9b,gemmascope-res-16k,Das ist ein Opa,12251
gemma-2-9b,gemmascope-res-16k,Das ist ein Opa,12268
gemma-2-9b,gemmascope-res-16k,Das ist ein Opa,14237
gemma-2-9b,gemmascope-res-16k,Das ist ein Opa,15281
gemma-2-9b,gemmascope-res-16k,Das ist ein Opa,302
gemma-2-9b,gemmascope-res-16k,Das ist ein Opa,463
gemma-2-9b,gemmascope-res-16k,Das ist ein Opa,6540
gemma-2-9b,gemmascope-res-16k,Das ist ein Opa,7091
gemma-2-9b,gemmascope-res-16k,Das ist ein Opa,858
gemma-2-9b,gemmascope-res-16k,Das ist ein Opa,8622
gemma-2-9b,gemmascope-res-16k,Das ist ein Opa,8963
gemma-2-9b,gemmascope-res-16k,Das ist ein Opa,9893
gemma-2-9b,gemmascope-res-16k,Das ist eine Frau,10914
gemma-2-9b,gemmascope-res-16k,Das ist eine Frau,11773
gemma-2-9b,gemmascope-res-16k,Das ist eine Frau,11978
gemma-2-9b,gemmascope-res-16k,Das ist eine Frau,12251
gemma-2-9b,gemmascope-res-16k,Das ist eine Frau,12268
gemma-2-9b,gemmascope-res-16k,Das ist eine Frau,15281
gemma-2-9b,gemmascope-res-16k,Das ist eine Frau,16351
gemma-2-9b,gemmascope-res-16k,Das ist eine Frau,302
gemma-2-9b,gemmascope-res-16k,Das ist eine Frau,4384
gemma-2-9b,gemmascope-res-16k,Das ist eine Frau,4502
gemma-2-9b,gemmascope-res-16k,Das ist eine Frau,6540
gemma-2-9b,gemmascope-res-16k,Das ist eine Frau,7028
gemma-2-9b,gemmascope-res-16k,Das ist eine Frau,7091
gemma-2-9b,gemmascope-res-16k,Das ist eine Frau,8622
gemma-2-9b,gemmascope-res-16k,Das ist eine Frau,8963
gemma-2-9b,gemmascope-res-16k,Das ist eine Frau,9893
gemma-2-9b,gemmascope-res-16k,Das ist eine Frau,Das ist eine Frau
gemma-2-9b,gemmascope-res-16k,Das ist eine Frau,Das ist eine Frau
gemma-2-9b,gemmascope-res-16k,Das ist eine Frau,10914
gemma-2-9b,gemmascope-res-16k,Das ist eine Frau,11773
gemma-2-9b,gemmascope-res-16k,Das ist eine Frau,11978
gemma-2-9b,gemmascope-res-16k,Das ist eine Frau,12251
gemma-2-9b,gemmascope-res-16k,Das ist eine Frau,12268
gemma-2-9b,gemmascope-res-16k,Das ist eine Frau,15281
gemma-2-9b,gemmascope-res-16k,Das ist eine Frau,16351
gemma-2-9b,gemmascope-res-16k,Das ist eine Frau,302
gemma-2-9b,gemmascope-res-16k,Das ist eine Frau,4384
gemma-2-9b,gemmascope-res-16k,Das ist eine Frau,4502
gemma-2-9b,gemmascope-res-16k,Das ist eine Frau,6540
gemma-2-9b,gemmascope-res-16k,Das ist eine Frau,7028
gemma-2-9b,gemmascope-res-16k,Das ist eine Frau,7091
gemma-2-9b,gemmascope-res-16k,Das ist eine Frau,8622
gemma-2-9b,gemmascope-res-16k,Das ist eine Frau,8963
gemma-2-9b,gemmascope-res-16k,Das ist eine Frau,9893
gemma-2-9b,gemmascope-res-16k,Das ist eine Oma,10291
gemma-2-9b,gemmascope-res-16k,Das ist eine Oma,10914
gemma-2-9b,gemmascope-res-16k,Das ist eine Oma,11792
gemma-2-9b,gemmascope-res-16k,Das ist eine Oma,12251
gemma-2-9b,gemmascope-res-16k,Das ist eine Oma,12268
gemma-2-9b,gemmascope-res-16k,Das ist eine Oma,14237
gemma-2-9b,gemmascope-res-16k,Das ist eine Oma,2094
gemma-2-9b,gemmascope-res-16k,Das ist eine Oma,463
gemma-2-9b,gemmascope-res-16k,Das ist eine Oma,6540
gemma-2-9b,gemmascope-res-16k,Das ist eine Oma,7091
gemma-2-9b,gemmascope-res-16k,Das ist eine Oma,8622
gemma-2-9b,gemmascope-res-16k,Das ist eine Oma,8963
gemma-2-9b,gemmascope-res-16k,Das ist eine Oma,9554
gemma-2-9b,gemmascope-res-16k,Das ist eine Oma,9893
gemma-2-9b,gemmascope-res-16k,Das ist eine Oma,Das ist eine Oma
gemma-2-9b,gemmascope-res-16k,Das ist eine Oma,Das ist eine Oma
gemma-2-9b,gemmascope-res-16k,Das ist eine Oma,10291
gemma-2-9b,gemmascope-res-16k,Das ist eine Oma,10914
gemma-2-9b,gemmascope-res-16k,Das ist eine Oma,11792
gemma-2-9b,gemmascope-res-16k,Das ist eine Oma,12251
gemma-2-9b,gemmascope-res-16k,Das ist eine Oma,12268
gemma-2-9b,gemmascope-res-16k,Das ist eine Oma,14237
gemma-2-9b,gemmascope-res-16k,Das ist eine Oma,2094
gemma-2-9b,gemmascope-res-16k,Das ist eine Oma,463
gemma-2-9b,gemmascope-res-16k,Das ist eine Oma,6540
gemma-2-9b,gemmascope-res-16k,Das ist eine Oma,7091
gemma-2-9b,gemmascope-res-16k,Das ist eine Oma,8622
gemma-2-9b,gemmascope-res-16k,Das ist eine Oma,8963
gemma-2-9b,gemmascope-res-16k,Das ist eine Oma,9554
gemma-2-9b,gemmascope-res-16k,Das ist eine Oma,9893
gemma-2-9b,gemmascope-res-16k,Das ists ein Junge,10914
gemma-2-9b,gemmascope-res-16k,Das ists ein Junge,12251
gemma-2-9b,gemmascope-res-16k,Das ists ein Junge,12268
gemma-2-9b,gemmascope-res-16k,Das ists ein Junge,13259
gemma-2-9b,gemmascope-res-16k,Das ists ein Junge,1672
gemma-2-9b,gemmascope-res-16k,Das ists ein Junge,3636
gemma-2-9b,gemmascope-res-16k,Das ists ein Junge,4645
gemma-2-9b,gemmascope-res-16k,Das ists ein Junge,5150
gemma-2-9b,gemmascope-res-16k,Das ists ein Junge,6540
gemma-2-9b,gemmascope-res-16k,Das ists ein Junge,7017
gemma-2-9b,gemmascope-res-16k,Das ists ein Junge,7091
gemma-2-9b,gemmascope-res-16k,Das ists ein Junge,8004
gemma-2-9b,gemmascope-res-16k,Das ists ein Junge,8963
gemma-2-9b,gemmascope-res-16k,Das ists ein Junge,9893
gemma-2-9b,gemmascope-res-16k,Das ists ein Junge,Das ists ein Junge
gemma-2-9b,gemmascope-res-16k,Das ists ein Junge,Das ists ein Junge
gemma-2-9b,gemmascope-res-16k,Das ists ein Junge,10914
gemma-2-9b,gemmascope-res-16k,Das ists ein Junge,12251
gemma-2-9b,gemmascope-res-16k,Das ists ein Junge,12268
gemma-2-9b,gemmascope-res-16k,Das ists ein Junge,13259
gemma-2-9b,gemmascope-res-16k,Das ists ein Junge,1672
gemma-2-9b,gemmascope-res-16k,Das ists ein Junge,3636
gemma-2-9b,gemmascope-res-16k,Das ists ein Junge,4645
gemma-2-9b,gemmascope-res-16k,Das ists ein Junge,5150
gemma-2-9b,gemmascope-res-16k,Das ists ein Junge,6540
gemma-2-9b,gemmascope-res-16k,Das ists ein Junge,7017
gemma-2-9b,gemmascope-res-16k,Das ists ein Junge,7091
gemma-2-9b,gemmascope-res-16k,Das ists ein Junge,8004
gemma-2-9b,gemmascope-res-16k,Das ists ein Junge,8963
gemma-2-9b,gemmascope-res-16k,Das ists ein Junge,9893
gemma-2-9b,gemmascope-res-16k,il est juif,10163
gemma-2-9b,gemmascope-res-16k,il est juif,10735
gemma-2-9b,gemmascope-res-16k,il est juif,11122
gemma-2-9b,gemmascope-res-16k,il est juif,13972
gemma-2-9b,gemmascope-res-16k,il est juif,14725
gemma-2-9b,gemmascope-res-16k,il est juif,2348
gemma-2-9b,gemmascope-res-16k,il est juif,2541
gemma-2-9b,gemmascope-res-16k,il est juif,3204
gemma-2-9b,gemmascope-res-16k,il est juif,3926
gemma-2-9b,gemmascope-res-16k,il est juif,4681
gemma-2-9b,gemmascope-res-16k,il est juif,8054
gemma-2-9b,gemmascope-res-16k,il est juif,890
gemma-2-9b,gemmascope-res-16k,il est juif,il est juif
gemma-2-9b,gemmascope-res-16k,il est juif,il est juif
gemma-2-9b,gemmascope-res-16k,il est juif,10163
gemma-2-9b,gemmascope-res-16k,il est juif,10735
gemma-2-9b,gemmascope-res-16k,il est juif,11122
gemma-2-9b,gemmascope-res-16k,il est juif,13972
gemma-2-9b,gemmascope-res-16k,il est juif,14725
gemma-2-9b,gemmascope-res-16k,il est juif,2348
gemma-2-9b,gemmascope-res-16k,il est juif,2541
gemma-2-9b,gemmascope-res-16k,il est juif,3204
gemma-2-9b,gemmascope-res-16k,il est juif,3926
gemma-2-9b,gemmascope-res-16k,il est juif,4681
gemma-2-9b,gemmascope-res-16k,il est juif,8054
gemma-2-9b,gemmascope-res-16k,il est juif,890
gemma-2-9b,gemmascope-res-16k,This is a baptsim,10991
gemma-2-9b,gemmascope-res-16k,This is a baptsim,13398
gemma-2-9b,gemmascope-res-16k,This is a baptsim,6881
gemma-2-9b,gemmascope-res-16k,This is a baptsim,This is a baptsim
gemma-2-9b,gemmascope-res-16k,This is a baptsim,This is a baptsim
gemma-2-9b,gemmascope-res-16k,This is a baptsim,10991
gemma-2-9b,gemmascope-res-16k,This is a baptsim,13398
gemma-2-9b,gemmascope-res-16k,This is a baptsim,6881
gemma-2-9b,gemmascope-res-16k,This is a bible,11322
gemma-2-9b,gemmascope-res-16k,This is a bible,12124
gemma-2-9b,gemmascope-res-16k,This is a bible,1350
gemma-2-9b,gemmascope-res-16k,This is a bible,13541
gemma-2-9b,gemmascope-res-16k,This is a bible,1470
gemma-2-9b,gemmascope-res-16k,This is a bible,16107
gemma-2-9b,gemmascope-res-16k,This is a bible,1635
gemma-2-9b,gemmascope-res-16k,This is a bible,4249
gemma-2-9b,gemmascope-res-16k,This is a bible,4802
gemma-2-9b,gemmascope-res-16k,This is a bible,6044
gemma-2-9b,gemmascope-res-16k,This is a bible,640
gemma-2-9b,gemmascope-res-16k,This is a bible,7962
gemma-2-9b,gemmascope-res-16k,This is a bible,8730
gemma-2-9b,gemmascope-res-16k,This is a bible,This is a bible
gemma-2-9b,gemmascope-res-16k,This is a bible,This is a bible
gemma-2-9b,gemmascope-res-16k,This is a bible,11322
gemma-2-9b,gemmascope-res-16k,This is a bible,12124
gemma-2-9b,gemmascope-res-16k,This is a bible,1350
gemma-2-9b,gemmascope-res-16k,This is a bible,13541
gemma-2-9b,gemmascope-res-16k,This is a bible,1470
gemma-2-9b,gemmascope-res-16k,This is a bible,16107
gemma-2-9b,gemmascope-res-16k,This is a bible,1635
gemma-2-9b,gemmascope-res-16k,This is a bible,4249
gemma-2-9b,gemmascope-res-16k,This is a bible,4802
gemma-2-9b,gemmascope-res-16k,This is a bible,6044
gemma-2-9b,gemmascope-res-16k,This is a bible,640
gemma-2-9b,gemmascope-res-16k,This is a bible,7962
gemma-2-9b,gemmascope-res-16k,This is a bible,8730
gemma-2-9b,gemmascope-res-16k,This is a boss,10414
gemma-2-9b,gemmascope-res-16k,This is a boss,11489
gemma-2-9b,gemmascope-res-16k,This is a boss,12129
gemma-2-9b,gemmascope-res-16k,This is a boss,14674
gemma-2-9b,gemmascope-res-16k,This is a boss,15462
gemma-2-9b,gemmascope-res-16k,This is a boss,15831
gemma-2-9b,gemmascope-res-16k,This is a boss,3277
gemma-2-9b,gemmascope-res-16k,This is a boss,3553
gemma-2-9b,gemmascope-res-16k,This is a boss,3751
gemma-2-9b,gemmascope-res-16k,This is a boss,3880
gemma-2-9b,gemmascope-res-16k,This is a boss,405
gemma-2-9b,gemmascope-res-16k,This is a boss,5651
gemma-2-9b,gemmascope-res-16k,This is a boss,6157
gemma-2-9b,gemmascope-res-16k,This is a boss,7071
gemma-2-9b,gemmascope-res-16k,This is a boss,8430
gemma-2-9b,gemmascope-res-16k,This is a boss,9439
gemma-2-9b,gemmascope-res-16k,This is a boss,This is a boss
gemma-2-9b,gemmascope-res-16k,This is a boss,This is a boss
gemma-2-9b,gemmascope-res-16k,This is a boss,10414
gemma-2-9b,gemmascope-res-16k,This is a boss,11489
gemma-2-9b,gemmascope-res-16k,This is a boss,12129
gemma-2-9b,gemmascope-res-16k,This is a boss,14674
gemma-2-9b,gemmascope-res-16k,This is a boss,15462
gemma-2-9b,gemmascope-res-16k,This is a boss,15831
gemma-2-9b,gemmascope-res-16k,This is a boss,3277
gemma-2-9b,gemmascope-res-16k,This is a boss,3553
gemma-2-9b,gemmascope-res-16k,This is a boss,3751
gemma-2-9b,gemmascope-res-16k,This is a boss,3880
gemma-2-9b,gemmascope-res-16k,This is a boss,405
gemma-2-9b,gemmascope-res-16k,This is a boss,5651
gemma-2-9b,gemmascope-res-16k,This is a boss,6157
gemma-2-9b,gemmascope-res-16k,This is a boss,7071
gemma-2-9b,gemmascope-res-16k,This is a boss,8430
gemma-2-9b,gemmascope-res-16k,This is a boss,9439
gemma-2-9b,gemmascope-res-16k,This is a boy,11586
gemma-2-9b,gemmascope-res-16k,This is a boy,11613
gemma-2-9b,gemmascope-res-16k,This is a boy,11790
gemma-2-9b,gemmascope-res-16k,This is a boy,2207
gemma-2-9b,gemmascope-res-16k,This is a boy,2902
gemma-2-9b,gemmascope-res-16k,This is a boy,3470
gemma-2-9b,gemmascope-res-16k,This is a boy,4626
gemma-2-9b,gemmascope-res-16k,This is a boy,5803
gemma-2-9b,gemmascope-res-16k,This is a boy,6588
gemma-2-9b,gemmascope-res-16k,This is a boy,7228
gemma-2-9b,gemmascope-res-16k,This is a boy,7973
gemma-2-9b,gemmascope-res-16k,This is a boy,81
gemma-2-9b,gemmascope-res-16k,This is a boy,821
gemma-2-9b,gemmascope-res-16k,This is a boy,This is a boy
gemma-2-9b,gemmascope-res-16k,This is a boy,This is a boy
gemma-2-9b,gemmascope-res-16k,This is a boy,11586
gemma-2-9b,gemmascope-res-16k,This is a boy,11613
gemma-2-9b,gemmascope-res-16k,This is a boy,11790
gemma-2-9b,gemmascope-res-16k,This is a boy,2207
gemma-2-9b,gemmascope-res-16k,This is a boy,2902
gemma-2-9b,gemmascope-res-16k,This is a boy,3470
gemma-2-9b,gemmascope-res-16k,This is a boy,4626
gemma-2-9b,gemmascope-res-16k,This is a boy,5803
gemma-2-9b,gemmascope-res-16k,This is a boy,6588
gemma-2-9b,gemmascope-res-16k,This is a boy,7228
gemma-2-9b,gemmascope-res-16k,This is a boy,7973
gemma-2-9b,gemmascope-res-16k,This is a boy,81
gemma-2-9b,gemmascope-res-16k,This is a boy,821
gemma-2-9b,gemmascope-res-16k,This is a burka,11340
gemma-2-9b,gemmascope-res-16k,This is a burka,11702
gemma-2-9b,gemmascope-res-16k,This is a burka,11900
gemma-2-9b,gemmascope-res-16k,This is a burka,13266
gemma-2-9b,gemmascope-res-16k,This is a burka,14141
gemma-2-9b,gemmascope-res-16k,This is a burka,14215
gemma-2-9b,gemmascope-res-16k,This is a burka,15614
gemma-2-9b,gemmascope-res-16k,This is a burka,15712
gemma-2-9b,gemmascope-res-16k,This is a burka,16083
gemma-2-9b,gemmascope-res-16k,This is a burka,16299
gemma-2-9b,gemmascope-res-16k,This is a burka,3849
gemma-2-9b,gemmascope-res-16k,This is a burka,5739
gemma-2-9b,gemmascope-res-16k,This is a burka,7107
gemma-2-9b,gemmascope-res-16k,This is a burka,96
gemma-2-9b,gemmascope-res-16k,This is a burka,9915
gemma-2-9b,gemmascope-res-16k,This is a burka,This is a burka
gemma-2-9b,gemmascope-res-16k,This is a burka,This is a burka
gemma-2-9b,gemmascope-res-16k,This is a burka,11340
gemma-2-9b,gemmascope-res-16k,This is a burka,11702
gemma-2-9b,gemmascope-res-16k,This is a burka,11900
gemma-2-9b,gemmascope-res-16k,This is a burka,13266
gemma-2-9b,gemmascope-res-16k,This is a burka,14141
gemma-2-9b,gemmascope-res-16k,This is a burka,14215
gemma-2-9b,gemmascope-res-16k,This is a burka,15614
gemma-2-9b,gemmascope-res-16k,This is a burka,15712
gemma-2-9b,gemmascope-res-16k,This is a burka,16083
gemma-2-9b,gemmascope-res-16k,This is a burka,16299
gemma-2-9b,gemmascope-res-16k,This is a burka,3849
gemma-2-9b,gemmascope-res-16k,This is a burka,5739
gemma-2-9b,gemmascope-res-16k,This is a burka,7107
gemma-2-9b,gemmascope-res-16k,This is a burka,96
gemma-2-9b,gemmascope-res-16k,This is a burka,9915
gemma-2-9b,gemmascope-res-16k,This is a christian,10946
gemma-2-9b,gemmascope-res-16k,This is a christian,12399
gemma-2-9b,gemmascope-res-16k,This is a christian,13297
gemma-2-9b,gemmascope-res-16k,This is a christian,13489
gemma-2-9b,gemmascope-res-16k,This is a christian,14600
gemma-2-9b,gemmascope-res-16k,This is a christian,14845
gemma-2-9b,gemmascope-res-16k,This is a christian,15602
gemma-2-9b,gemmascope-res-16k,This is a christian,15807
gemma-2-9b,gemmascope-res-16k,This is a christian,16019
gemma-2-9b,gemmascope-res-16k,This is a christian,16328
gemma-2-9b,gemmascope-res-16k,This is a christian,1900
gemma-2-9b,gemmascope-res-16k,This is a christian,424
gemma-2-9b,gemmascope-res-16k,This is a christian,6118
gemma-2-9b,gemmascope-res-16k,This is a christian,8527
gemma-2-9b,gemmascope-res-16k,This is a christian,This is a christian
gemma-2-9b,gemmascope-res-16k,This is a christian,This is a christian
gemma-2-9b,gemmascope-res-16k,This is a christian,10946
gemma-2-9b,gemmascope-res-16k,This is a christian,12399
gemma-2-9b,gemmascope-res-16k,This is a christian,13297
gemma-2-9b,gemmascope-res-16k,This is a christian,13489
gemma-2-9b,gemmascope-res-16k,This is a christian,14600
gemma-2-9b,gemmascope-res-16k,This is a christian,14845
gemma-2-9b,gemmascope-res-16k,This is a christian,15602
gemma-2-9b,gemmascope-res-16k,This is a christian,15807
gemma-2-9b,gemmascope-res-16k,This is a christian,16019
gemma-2-9b,gemmascope-res-16k,This is a christian,16328
gemma-2-9b,gemmascope-res-16k,This is a christian,1900
gemma-2-9b,gemmascope-res-16k,This is a christian,424
gemma-2-9b,gemmascope-res-16k,This is a christian,6118
gemma-2-9b,gemmascope-res-16k,This is a christian,8527
gemma-2-9b,gemmascope-res-16k,This is a church,10481
gemma-2-9b,gemmascope-res-16k,This is a church,10956
gemma-2-9b,gemmascope-res-16k,This is a church,120
gemma-2-9b,gemmascope-res-16k,This is a church,13297
gemma-2-9b,gemmascope-res-16k,This is a church,14600
gemma-2-9b,gemmascope-res-16k,This is a church,16031
gemma-2-9b,gemmascope-res-16k,This is a church,1819
gemma-2-9b,gemmascope-res-16k,This is a church,3419
gemma-2-9b,gemmascope-res-16k,This is a church,3912
gemma-2-9b,gemmascope-res-16k,This is a church,3963
gemma-2-9b,gemmascope-res-16k,This is a church,4625
gemma-2-9b,gemmascope-res-16k,This is a church,6389
gemma-2-9b,gemmascope-res-16k,This is a church,6616
gemma-2-9b,gemmascope-res-16k,This is a church,8527
gemma-2-9b,gemmascope-res-16k,This is a church,This is a church
gemma-2-9b,gemmascope-res-16k,This is a church,This is a church
gemma-2-9b,gemmascope-res-16k,This is a church,10481
gemma-2-9b,gemmascope-res-16k,This is a church,10956
gemma-2-9b,gemmascope-res-16k,This is a church,120
gemma-2-9b,gemmascope-res-16k,This is a church,13297
gemma-2-9b,gemmascope-res-16k,This is a church,14600
gemma-2-9b,gemmascope-res-16k,This is a church,16031
gemma-2-9b,gemmascope-res-16k,This is a church,1819
gemma-2-9b,gemmascope-res-16k,This is a church,3419
gemma-2-9b,gemmascope-res-16k,This is a church,3912
gemma-2-9b,gemmascope-res-16k,This is a church,3963
gemma-2-9b,gemmascope-res-16k,This is a church,4625
gemma-2-9b,gemmascope-res-16k,This is a church,6389
gemma-2-9b,gemmascope-res-16k,This is a church,6616
gemma-2-9b,gemmascope-res-16k,This is a church,8527
gemma-2-9b,gemmascope-res-16k,This is a daughter,10328
gemma-2-9b,gemmascope-res-16k,This is a daughter,1052
gemma-2-9b,gemmascope-res-16k,This is a daughter,12992
gemma-2-9b,gemmascope-res-16k,This is a daughter,1914
gemma-2-9b,gemmascope-res-16k,This is a daughter,2648
gemma-2-9b,gemmascope-res-16k,This is a daughter,3451
gemma-2-9b,gemmascope-res-16k,This is a daughter,3600
gemma-2-9b,gemmascope-res-16k,This is a daughter,4945
gemma-2-9b,gemmascope-res-16k,This is a daughter,5731
gemma-2-9b,gemmascope-res-16k,This is a daughter,7015
gemma-2-9b,gemmascope-res-16k,This is a daughter,This is a daughter
gemma-2-9b,gemmascope-res-16k,This is a daughter,This is a daughter
gemma-2-9b,gemmascope-res-16k,This is a daughter,10328
gemma-2-9b,gemmascope-res-16k,This is a daughter,1052
gemma-2-9b,gemmascope-res-16k,This is a daughter,12992
gemma-2-9b,gemmascope-res-16k,This is a daughter,1914
gemma-2-9b,gemmascope-res-16k,This is a daughter,2648
gemma-2-9b,gemmascope-res-16k,This is a daughter,3451
gemma-2-9b,gemmascope-res-16k,This is a daughter,3600
gemma-2-9b,gemmascope-res-16k,This is a daughter,4945
gemma-2-9b,gemmascope-res-16k,This is a daughter,5731
gemma-2-9b,gemmascope-res-16k,This is a daughter,7015
gemma-2-9b,gemmascope-res-16k,This is a doctor,13779
gemma-2-9b,gemmascope-res-16k,This is a doctor,15325
gemma-2-9b,gemmascope-res-16k,This is a doctor,15494
gemma-2-9b,gemmascope-res-16k,This is a doctor,1570
gemma-2-9b,gemmascope-res-16k,This is a doctor,2485
gemma-2-9b,gemmascope-res-16k,This is a doctor,3093
gemma-2-9b,gemmascope-res-16k,This is a doctor,4269
gemma-2-9b,gemmascope-res-16k,This is a doctor,5148
gemma-2-9b,gemmascope-res-16k,This is a doctor,5790
gemma-2-9b,gemmascope-res-16k,This is a doctor,6397
gemma-2-9b,gemmascope-res-16k,This is a doctor,687
gemma-2-9b,gemmascope-res-16k,This is a doctor,8412
gemma-2-9b,gemmascope-res-16k,This is a doctor,9531
gemma-2-9b,gemmascope-res-16k,This is a doctor,This is a doctor
gemma-2-9b,gemmascope-res-16k,This is a doctor,This is a doctor
gemma-2-9b,gemmascope-res-16k,This is a doctor,13779
gemma-2-9b,gemmascope-res-16k,This is a doctor,15325
gemma-2-9b,gemmascope-res-16k,This is a doctor,15494
gemma-2-9b,gemmascope-res-16k,This is a doctor,1570
gemma-2-9b,gemmascope-res-16k,This is a doctor,2485
gemma-2-9b,gemmascope-res-16k,This is a doctor,3093
gemma-2-9b,gemmascope-res-16k,This is a doctor,4269
gemma-2-9b,gemmascope-res-16k,This is a doctor,5148
gemma-2-9b,gemmascope-res-16k,This is a doctor,5790
gemma-2-9b,gemmascope-res-16k,This is a doctor,6397
gemma-2-9b,gemmascope-res-16k,This is a doctor,687
gemma-2-9b,gemmascope-res-16k,This is a doctor,8412
gemma-2-9b,gemmascope-res-16k,This is a doctor,9531
gemma-2-9b,gemmascope-res-16k,This is a firefighter,11083
gemma-2-9b,gemmascope-res-16k,This is a firefighter,11553
gemma-2-9b,gemmascope-res-16k,This is a firefighter,11672
gemma-2-9b,gemmascope-res-16k,This is a firefighter,1240
gemma-2-9b,gemmascope-res-16k,This is a firefighter,2893
gemma-2-9b,gemmascope-res-16k,This is a firefighter,4174
gemma-2-9b,gemmascope-res-16k,This is a firefighter,5790
gemma-2-9b,gemmascope-res-16k,This is a firefighter,7814
gemma-2-9b,gemmascope-res-16k,This is a firefighter,8027
gemma-2-9b,gemmascope-res-16k,This is a firefighter,8566
gemma-2-9b,gemmascope-res-16k,This is a firefighter,8951
gemma-2-9b,gemmascope-res-16k,This is a firefighter,9058
gemma-2-9b,gemmascope-res-16k,This is a firefighter,This is a firefighter
gemma-2-9b,gemmascope-res-16k,This is a firefighter,This is a firefighter
gemma-2-9b,gemmascope-res-16k,This is a firefighter,11083
gemma-2-9b,gemmascope-res-16k,This is a firefighter,11553
gemma-2-9b,gemmascope-res-16k,This is a firefighter,11672
gemma-2-9b,gemmascope-res-16k,This is a firefighter,1240
gemma-2-9b,gemmascope-res-16k,This is a firefighter,2893
gemma-2-9b,gemmascope-res-16k,This is a firefighter,4174
gemma-2-9b,gemmascope-res-16k,This is a firefighter,5790
gemma-2-9b,gemmascope-res-16k,This is a firefighter,7814
gemma-2-9b,gemmascope-res-16k,This is a firefighter,8027
gemma-2-9b,gemmascope-res-16k,This is a firefighter,8566
gemma-2-9b,gemmascope-res-16k,This is a firefighter,8951
gemma-2-9b,gemmascope-res-16k,This is a firefighter,9058
gemma-2-9b,gemmascope-res-16k,This is a fundamentalist,10080
gemma-2-9b,gemmascope-res-16k,This is a fundamentalist,11245
gemma-2-9b,gemmascope-res-16k,This is a fundamentalist,1186
gemma-2-9b,gemmascope-res-16k,This is a fundamentalist,11898
gemma-2-9b,gemmascope-res-16k,This is a fundamentalist,156
gemma-2-9b,gemmascope-res-16k,This is a fundamentalist,2303
gemma-2-9b,gemmascope-res-16k,This is a fundamentalist,3361
gemma-2-9b,gemmascope-res-16k,This is a fundamentalist,432
gemma-2-9b,gemmascope-res-16k,This is a fundamentalist,5101
gemma-2-9b,gemmascope-res-16k,This is a fundamentalist,6570
gemma-2-9b,gemmascope-res-16k,This is a fundamentalist,9577
gemma-2-9b,gemmascope-res-16k,This is a fundamentalist,This is a fundamentalist
gemma-2-9b,gemmascope-res-16k,This is a fundamentalist,This is a fundamentalist
gemma-2-9b,gemmascope-res-16k,This is a fundamentalist,10080
gemma-2-9b,gemmascope-res-16k,This is a fundamentalist,11245
gemma-2-9b,gemmascope-res-16k,This is a fundamentalist,1186
gemma-2-9b,gemmascope-res-16k,This is a fundamentalist,11898
gemma-2-9b,gemmascope-res-16k,This is a fundamentalist,156
gemma-2-9b,gemmascope-res-16k,This is a fundamentalist,2303
gemma-2-9b,gemmascope-res-16k,This is a fundamentalist,3361
gemma-2-9b,gemmascope-res-16k,This is a fundamentalist,432
gemma-2-9b,gemmascope-res-16k,This is a fundamentalist,5101
gemma-2-9b,gemmascope-res-16k,This is a fundamentalist,6570
gemma-2-9b,gemmascope-res-16k,This is a fundamentalist,9577
gemma-2-9b,gemmascope-res-16k,This is a gentleman,10482
gemma-2-9b,gemmascope-res-16k,This is a gentleman,11567
gemma-2-9b,gemmascope-res-16k,This is a gentleman,14879
gemma-2-9b,gemmascope-res-16k,This is a gentleman,6588
gemma-2-9b,gemmascope-res-16k,This is a gentleman,7896
gemma-2-9b,gemmascope-res-16k,This is a gentleman,9424
gemma-2-9b,gemmascope-res-16k,This is a gentleman,This is a gentleman
gemma-2-9b,gemmascope-res-16k,This is a gentleman,This is a gentleman
gemma-2-9b,gemmascope-res-16k,This is a gentleman,10482
gemma-2-9b,gemmascope-res-16k,This is a gentleman,11567
gemma-2-9b,gemmascope-res-16k,This is a gentleman,14879
gemma-2-9b,gemmascope-res-16k,This is a gentleman,6588
gemma-2-9b,gemmascope-res-16k,This is a gentleman,7896
gemma-2-9b,gemmascope-res-16k,This is a gentleman,9424
gemma-2-9b,gemmascope-res-16k,This is a girl,11613
gemma-2-9b,gemmascope-res-16k,This is a girl,11790
gemma-2-9b,gemmascope-res-16k,This is a girl,14886
gemma-2-9b,gemmascope-res-16k,This is a girl,2207
gemma-2-9b,gemmascope-res-16k,This is a girl,2902
gemma-2-9b,gemmascope-res-16k,This is a girl,3470
gemma-2-9b,gemmascope-res-16k,This is a girl,4626
gemma-2-9b,gemmascope-res-16k,This is a girl,5803
gemma-2-9b,gemmascope-res-16k,This is a girl,6588
gemma-2-9b,gemmascope-res-16k,This is a girl,7228
gemma-2-9b,gemmascope-res-16k,This is a girl,81
gemma-2-9b,gemmascope-res-16k,This is a girl,821
gemma-2-9b,gemmascope-res-16k,This is a girl,9813
gemma-2-9b,gemmascope-res-16k,This is a girl,This is a girl
gemma-2-9b,gemmascope-res-16k,This is a girl,This is a girl
gemma-2-9b,gemmascope-res-16k,This is a girl,11613
gemma-2-9b,gemmascope-res-16k,This is a girl,11790
gemma-2-9b,gemmascope-res-16k,This is a girl,14886
gemma-2-9b,gemmascope-res-16k,This is a girl,2207
gemma-2-9b,gemmascope-res-16k,This is a girl,2902
gemma-2-9b,gemmascope-res-16k,This is a girl,3470
gemma-2-9b,gemmascope-res-16k,This is a girl,4626
gemma-2-9b,gemmascope-res-16k,This is a girl,5803
gemma-2-9b,gemmascope-res-16k,This is a girl,6588
gemma-2-9b,gemmascope-res-16k,This is a girl,7228
gemma-2-9b,gemmascope-res-16k,This is a girl,81
gemma-2-9b,gemmascope-res-16k,This is a girl,821
gemma-2-9b,gemmascope-res-16k,This is a girl,9813
gemma-2-9b,gemmascope-res-16k,This is a gospel,12985
gemma-2-9b,gemmascope-res-16k,This is a gospel,7061
gemma-2-9b,gemmascope-res-16k,This is a gospel,9770
gemma-2-9b,gemmascope-res-16k,This is a gospel,This is a gospel
gemma-2-9b,gemmascope-res-16k,This is a gospel,This is a gospel
gemma-2-9b,gemmascope-res-16k,This is a gospel,12985
gemma-2-9b,gemmascope-res-16k,This is a gospel,7061
gemma-2-9b,gemmascope-res-16k,This is a gospel,9770
gemma-2-9b,gemmascope-res-16k,This is a grandma,10328
gemma-2-9b,gemmascope-res-16k,This is a grandma,1050
gemma-2-9b,gemmascope-res-16k,This is a grandma,10913
gemma-2-9b,gemmascope-res-16k,This is a grandma,10977
gemma-2-9b,gemmascope-res-16k,This is a grandma,12848
gemma-2-9b,gemmascope-res-16k,This is a grandma,12992
gemma-2-9b,gemmascope-res-16k,This is a grandma,15664
gemma-2-9b,gemmascope-res-16k,This is a grandma,5731
gemma-2-9b,gemmascope-res-16k,This is a grandma,7015
gemma-2-9b,gemmascope-res-16k,This is a grandma,This is a grandma
gemma-2-9b,gemmascope-res-16k,This is a grandma,This is a grandma
gemma-2-9b,gemmascope-res-16k,This is a grandma,10328
gemma-2-9b,gemmascope-res-16k,This is a grandma,1050
gemma-2-9b,gemmascope-res-16k,This is a grandma,10913
gemma-2-9b,gemmascope-res-16k,This is a grandma,10977
gemma-2-9b,gemmascope-res-16k,This is a grandma,12848
gemma-2-9b,gemmascope-res-16k,This is a grandma,12992
gemma-2-9b,gemmascope-res-16k,This is a grandma,15664
gemma-2-9b,gemmascope-res-16k,This is a grandma,5731
gemma-2-9b,gemmascope-res-16k,This is a grandma,7015
gemma-2-9b,gemmascope-res-16k,This is a grandpa,10328
gemma-2-9b,gemmascope-res-16k,This is a grandpa,1050
gemma-2-9b,gemmascope-res-16k,This is a grandpa,10802
gemma-2-9b,gemmascope-res-16k,This is a grandpa,12848
gemma-2-9b,gemmascope-res-16k,This is a grandpa,15664
gemma-2-9b,gemmascope-res-16k,This is a grandpa,5731
gemma-2-9b,gemmascope-res-16k,This is a grandpa,7015
gemma-2-9b,gemmascope-res-16k,This is a grandpa,This is a grandpa
gemma-2-9b,gemmascope-res-16k,This is a grandpa,This is a grandpa
gemma-2-9b,gemmascope-res-16k,This is a grandpa,10328
gemma-2-9b,gemmascope-res-16k,This is a grandpa,1050
gemma-2-9b,gemmascope-res-16k,This is a grandpa,10802
gemma-2-9b,gemmascope-res-16k,This is a grandpa,12848
gemma-2-9b,gemmascope-res-16k,This is a grandpa,15664
gemma-2-9b,gemmascope-res-16k,This is a grandpa,5731
gemma-2-9b,gemmascope-res-16k,This is a grandpa,7015
gemma-2-9b,gemmascope-res-16k,This is a hijab,1050
gemma-2-9b,gemmascope-res-16k,This is a hijab,12982
gemma-2-9b,gemmascope-res-16k,This is a hijab,13007
gemma-2-9b,gemmascope-res-16k,This is a hijab,13288
gemma-2-9b,gemmascope-res-16k,This is a hijab,14141
gemma-2-9b,gemmascope-res-16k,This is a hijab,372
gemma-2-9b,gemmascope-res-16k,This is a hijab,5557
gemma-2-9b,gemmascope-res-16k,This is a hijab,6026
gemma-2-9b,gemmascope-res-16k,This is a hijab,7895
gemma-2-9b,gemmascope-res-16k,This is a hijab,7940
gemma-2-9b,gemmascope-res-16k,This is a hijab,8479
gemma-2-9b,gemmascope-res-16k,This is a hijab,This is a hijab
gemma-2-9b,gemmascope-res-16k,This is a hijab,This is a hijab
gemma-2-9b,gemmascope-res-16k,This is a hijab,1050
gemma-2-9b,gemmascope-res-16k,This is a hijab,12982
gemma-2-9b,gemmascope-res-16k,This is a hijab,13007
gemma-2-9b,gemmascope-res-16k,This is a hijab,13288
gemma-2-9b,gemmascope-res-16k,This is a hijab,14141
gemma-2-9b,gemmascope-res-16k,This is a hijab,372
gemma-2-9b,gemmascope-res-16k,This is a hijab,5557
gemma-2-9b,gemmascope-res-16k,This is a hijab,6026
gemma-2-9b,gemmascope-res-16k,This is a hijab,7895
gemma-2-9b,gemmascope-res-16k,This is a hijab,7940
gemma-2-9b,gemmascope-res-16k,This is a hijab,8479
gemma-2-9b,gemmascope-res-16k,This is a homemaker,14896
gemma-2-9b,gemmascope-res-16k,This is a homemaker,4289
gemma-2-9b,gemmascope-res-16k,This is a homemaker,5790
gemma-2-9b,gemmascope-res-16k,This is a homemaker,7241
gemma-2-9b,gemmascope-res-16k,This is a homemaker,8420
gemma-2-9b,gemmascope-res-16k,This is a homemaker,8509
gemma-2-9b,gemmascope-res-16k,This is a homemaker,This is a homemaker
gemma-2-9b,gemmascope-res-16k,This is a homemaker,This is a homemaker
gemma-2-9b,gemmascope-res-16k,This is a homemaker,14896
gemma-2-9b,gemmascope-res-16k,This is a homemaker,4289
gemma-2-9b,gemmascope-res-16k,This is a homemaker,5790
gemma-2-9b,gemmascope-res-16k,This is a homemaker,7241
gemma-2-9b,gemmascope-res-16k,This is a homemaker,8420
gemma-2-9b,gemmascope-res-16k,This is a homemaker,8509
gemma-2-9b,gemmascope-res-16k,This is a homophob,10773
gemma-2-9b,gemmascope-res-16k,This is a homophob,10913
gemma-2-9b,gemmascope-res-16k,This is a homophob,12658
gemma-2-9b,gemmascope-res-16k,This is a homophob,13355
gemma-2-9b,gemmascope-res-16k,This is a homophob,13979
gemma-2-9b,gemmascope-res-16k,This is a homophob,14896
gemma-2-9b,gemmascope-res-16k,This is a homophob,15488
gemma-2-9b,gemmascope-res-16k,This is a homophob,15498
gemma-2-9b,gemmascope-res-16k,This is a homophob,3802
gemma-2-9b,gemmascope-res-16k,This is a homophob,4135
gemma-2-9b,gemmascope-res-16k,This is a homophob,5357
gemma-2-9b,gemmascope-res-16k,This is a homophob,6002
gemma-2-9b,gemmascope-res-16k,This is a homophob,8120
gemma-2-9b,gemmascope-res-16k,This is a homophob,8216
gemma-2-9b,gemmascope-res-16k,This is a homophob,8303
gemma-2-9b,gemmascope-res-16k,This is a homophob,8420
gemma-2-9b,gemmascope-res-16k,This is a homophob,This is a homophob
gemma-2-9b,gemmascope-res-16k,This is a homophob,This is a homophob
gemma-2-9b,gemmascope-res-16k,This is a homophob,10773
gemma-2-9b,gemmascope-res-16k,This is a homophob,10913
gemma-2-9b,gemmascope-res-16k,This is a homophob,12658
gemma-2-9b,gemmascope-res-16k,This is a homophob,13355
gemma-2-9b,gemmascope-res-16k,This is a homophob,13979
gemma-2-9b,gemmascope-res-16k,This is a homophob,14896
gemma-2-9b,gemmascope-res-16k,This is a homophob,15488
gemma-2-9b,gemmascope-res-16k,This is a homophob,15498
gemma-2-9b,gemmascope-res-16k,This is a homophob,3802
gemma-2-9b,gemmascope-res-16k,This is a homophob,4135
gemma-2-9b,gemmascope-res-16k,This is a homophob,5357
gemma-2-9b,gemmascope-res-16k,This is a homophob,6002
gemma-2-9b,gemmascope-res-16k,This is a homophob,8120
gemma-2-9b,gemmascope-res-16k,This is a homophob,8216
gemma-2-9b,gemmascope-res-16k,This is a homophob,8303
gemma-2-9b,gemmascope-res-16k,This is a homophob,8420
gemma-2-9b,gemmascope-res-16k,This is a husband,10328
gemma-2-9b,gemmascope-res-16k,This is a husband,12493
gemma-2-9b,gemmascope-res-16k,This is a husband,1301
gemma-2-9b,gemmascope-res-16k,This is a husband,5731
gemma-2-9b,gemmascope-res-16k,This is a husband,7346
gemma-2-9b,gemmascope-res-16k,This is a husband,8603
gemma-2-9b,gemmascope-res-16k,This is a husband,9106
gemma-2-9b,gemmascope-res-16k,This is a husband,This is a husband
gemma-2-9b,gemmascope-res-16k,This is a husband,This is a husband
gemma-2-9b,gemmascope-res-16k,This is a husband,10328
gemma-2-9b,gemmascope-res-16k,This is a husband,12493
gemma-2-9b,gemmascope-res-16k,This is a husband,1301
gemma-2-9b,gemmascope-res-16k,This is a husband,5731
gemma-2-9b,gemmascope-res-16k,This is a husband,7346
gemma-2-9b,gemmascope-res-16k,This is a husband,8603
gemma-2-9b,gemmascope-res-16k,This is a husband,9106
gemma-2-9b,gemmascope-res-16k,This is a jew,11225
gemma-2-9b,gemmascope-res-16k,This is a jew,15325
gemma-2-9b,gemmascope-res-16k,This is a jew,3118
gemma-2-9b,gemmascope-res-16k,This is a jew,3581
gemma-2-9b,gemmascope-res-16k,This is a jew,4216
gemma-2-9b,gemmascope-res-16k,This is a jew,89
gemma-2-9b,gemmascope-res-16k,This is a jew,9910
gemma-2-9b,gemmascope-res-16k,This is a jew,9995
gemma-2-9b,gemmascope-res-16k,This is a jew,This is a jew
gemma-2-9b,gemmascope-res-16k,This is a jew,This is a jew
gemma-2-9b,gemmascope-res-16k,This is a jew,11225
gemma-2-9b,gemmascope-res-16k,This is a jew,15325
gemma-2-9b,gemmascope-res-16k,This is a jew,3118
gemma-2-9b,gemmascope-res-16k,This is a jew,3581
gemma-2-9b,gemmascope-res-16k,This is a jew,4216
gemma-2-9b,gemmascope-res-16k,This is a jew,89
gemma-2-9b,gemmascope-res-16k,This is a jew,9910
gemma-2-9b,gemmascope-res-16k,This is a jew,9995
gemma-2-9b,gemmascope-res-16k,This is a king,11333
gemma-2-9b,gemmascope-res-16k,This is a king,11397
gemma-2-9b,gemmascope-res-16k,This is a king,11865
gemma-2-9b,gemmascope-res-16k,This is a king,11948
gemma-2-9b,gemmascope-res-16k,This is a king,16368
gemma-2-9b,gemmascope-res-16k,This is a king,2998
gemma-2-9b,gemmascope-res-16k,This is a king,3262
gemma-2-9b,gemmascope-res-16k,This is a king,4467
gemma-2-9b,gemmascope-res-16k,This is a king,5434
gemma-2-9b,gemmascope-res-16k,This is a king,5769
gemma-2-9b,gemmascope-res-16k,This is a king,8086
gemma-2-9b,gemmascope-res-16k,This is a king,8533
gemma-2-9b,gemmascope-res-16k,This is a king,9013
gemma-2-9b,gemmascope-res-16k,This is a king,9356
gemma-2-9b,gemmascope-res-16k,This is a king,9422
gemma-2-9b,gemmascope-res-16k,This is a king,This is a king
gemma-2-9b,gemmascope-res-16k,This is a king,This is a king
gemma-2-9b,gemmascope-res-16k,This is a king,11333
gemma-2-9b,gemmascope-res-16k,This is a king,11397
gemma-2-9b,gemmascope-res-16k,This is a king,11865
gemma-2-9b,gemmascope-res-16k,This is a king,11948
gemma-2-9b,gemmascope-res-16k,This is a king,16368
gemma-2-9b,gemmascope-res-16k,This is a king,2998
gemma-2-9b,gemmascope-res-16k,This is a king,3262
gemma-2-9b,gemmascope-res-16k,This is a king,4467
gemma-2-9b,gemmascope-res-16k,This is a king,5434
gemma-2-9b,gemmascope-res-16k,This is a king,5769
gemma-2-9b,gemmascope-res-16k,This is a king,8086
gemma-2-9b,gemmascope-res-16k,This is a king,8533
gemma-2-9b,gemmascope-res-16k,This is a king,9013
gemma-2-9b,gemmascope-res-16k,This is a king,9356
gemma-2-9b,gemmascope-res-16k,This is a king,9422
gemma-2-9b,gemmascope-res-16k,This is a kippah,10444
gemma-2-9b,gemmascope-res-16k,This is a kippah,1138
gemma-2-9b,gemmascope-res-16k,This is a kippah,13828
gemma-2-9b,gemmascope-res-16k,This is a kippah,14053
gemma-2-9b,gemmascope-res-16k,This is a kippah,14393
gemma-2-9b,gemmascope-res-16k,This is a kippah,15567
gemma-2-9b,gemmascope-res-16k,This is a kippah,15597
gemma-2-9b,gemmascope-res-16k,This is a kippah,16257
gemma-2-9b,gemmascope-res-16k,This is a kippah,2821
gemma-2-9b,gemmascope-res-16k,This is a kippah,491
gemma-2-9b,gemmascope-res-16k,This is a kippah,5667
gemma-2-9b,gemmascope-res-16k,This is a kippah,6709
gemma-2-9b,gemmascope-res-16k,This is a kippah,7642
gemma-2-9b,gemmascope-res-16k,This is a kippah,8197
gemma-2-9b,gemmascope-res-16k,This is a kippah,This is a kippah
gemma-2-9b,gemmascope-res-16k,This is a kippah,This is a kippah
gemma-2-9b,gemmascope-res-16k,This is a kippah,10444
gemma-2-9b,gemmascope-res-16k,This is a kippah,1138
gemma-2-9b,gemmascope-res-16k,This is a kippah,13828
gemma-2-9b,gemmascope-res-16k,This is a kippah,14053
gemma-2-9b,gemmascope-res-16k,This is a kippah,14393
gemma-2-9b,gemmascope-res-16k,This is a kippah,15567
gemma-2-9b,gemmascope-res-16k,This is a kippah,15597
gemma-2-9b,gemmascope-res-16k,This is a kippah,16257
gemma-2-9b,gemmascope-res-16k,This is a kippah,2821
gemma-2-9b,gemmascope-res-16k,This is a kippah,491
gemma-2-9b,gemmascope-res-16k,This is a kippah,5667
gemma-2-9b,gemmascope-res-16k,This is a kippah,6709
gemma-2-9b,gemmascope-res-16k,This is a kippah,7642
gemma-2-9b,gemmascope-res-16k,This is a kippah,8197
gemma-2-9b,gemmascope-res-16k,This is a lady,10482
gemma-2-9b,gemmascope-res-16k,This is a lady,10498
gemma-2-9b,gemmascope-res-16k,This is a lady,11567
gemma-2-9b,gemmascope-res-16k,This is a lady,1993
gemma-2-9b,gemmascope-res-16k,This is a lady,2854
gemma-2-9b,gemmascope-res-16k,This is a lady,4030
gemma-2-9b,gemmascope-res-16k,This is a lady,4607
gemma-2-9b,gemmascope-res-16k,This is a lady,5739
gemma-2-9b,gemmascope-res-16k,This is a lady,6588
gemma-2-9b,gemmascope-res-16k,This is a lady,7413
gemma-2-9b,gemmascope-res-16k,This is a lady,7896
gemma-2-9b,gemmascope-res-16k,This is a lady,7917
gemma-2-9b,gemmascope-res-16k,This is a lady,8688
gemma-2-9b,gemmascope-res-16k,This is a lady,9424
gemma-2-9b,gemmascope-res-16k,This is a lady,This is a lady
gemma-2-9b,gemmascope-res-16k,This is a lady,This is a lady
gemma-2-9b,gemmascope-res-16k,This is a lady,10482
gemma-2-9b,gemmascope-res-16k,This is a lady,10498
gemma-2-9b,gemmascope-res-16k,This is a lady,11567
gemma-2-9b,gemmascope-res-16k,This is a lady,1993
gemma-2-9b,gemmascope-res-16k,This is a lady,2854
gemma-2-9b,gemmascope-res-16k,This is a lady,4030
gemma-2-9b,gemmascope-res-16k,This is a lady,4607
gemma-2-9b,gemmascope-res-16k,This is a lady,5739
gemma-2-9b,gemmascope-res-16k,This is a lady,6588
gemma-2-9b,gemmascope-res-16k,This is a lady,7413
gemma-2-9b,gemmascope-res-16k,This is a lady,7896
gemma-2-9b,gemmascope-res-16k,This is a lady,7917
gemma-2-9b,gemmascope-res-16k,This is a lady,8688
gemma-2-9b,gemmascope-res-16k,This is a lady,9424
gemma-2-9b,gemmascope-res-16k,This is a male,13488
gemma-2-9b,gemmascope-res-16k,This is a male,14008
gemma-2-9b,gemmascope-res-16k,This is a male,14331
gemma-2-9b,gemmascope-res-16k,This is a male,15376
gemma-2-9b,gemmascope-res-16k,This is a male,1993
gemma-2-9b,gemmascope-res-16k,This is a male,2854
gemma-2-9b,gemmascope-res-16k,This is a male,3612
gemma-2-9b,gemmascope-res-16k,This is a male,5739
gemma-2-9b,gemmascope-res-16k,This is a male,5836
gemma-2-9b,gemmascope-res-16k,This is a male,6588
gemma-2-9b,gemmascope-res-16k,This is a male,7413
gemma-2-9b,gemmascope-res-16k,This is a male,9522
gemma-2-9b,gemmascope-res-16k,This is a male,9612
gemma-2-9b,gemmascope-res-16k,This is a male,9673
gemma-2-9b,gemmascope-res-16k,This is a male,This is a male
gemma-2-9b,gemmascope-res-16k,This is a male,This is a male
gemma-2-9b,gemmascope-res-16k,This is a male,13488
gemma-2-9b,gemmascope-res-16k,This is a male,14008
gemma-2-9b,gemmascope-res-16k,This is a male,14331
gemma-2-9b,gemmascope-res-16k,This is a male,15376
gemma-2-9b,gemmascope-res-16k,This is a male,1993
gemma-2-9b,gemmascope-res-16k,This is a male,2854
gemma-2-9b,gemmascope-res-16k,This is a male,3612
gemma-2-9b,gemmascope-res-16k,This is a male,5739
gemma-2-9b,gemmascope-res-16k,This is a male,5836
gemma-2-9b,gemmascope-res-16k,This is a male,6588
gemma-2-9b,gemmascope-res-16k,This is a male,7413
gemma-2-9b,gemmascope-res-16k,This is a male,9522
gemma-2-9b,gemmascope-res-16k,This is a male,9612
gemma-2-9b,gemmascope-res-16k,This is a male,9673
gemma-2-9b,gemmascope-res-16k,This is a man,10017
gemma-2-9b,gemmascope-res-16k,This is a man,10352
gemma-2-9b,gemmascope-res-16k,This is a man,10589
gemma-2-9b,gemmascope-res-16k,This is a man,12299
gemma-2-9b,gemmascope-res-16k,This is a man,12639
gemma-2-9b,gemmascope-res-16k,This is a man,12655
gemma-2-9b,gemmascope-res-16k,This is a man,1770
gemma-2-9b,gemmascope-res-16k,This is a man,3679
gemma-2-9b,gemmascope-res-16k,This is a man,375
gemma-2-9b,gemmascope-res-16k,This is a man,4444
gemma-2-9b,gemmascope-res-16k,This is a man,6647
gemma-2-9b,gemmascope-res-16k,This is a man,6763
gemma-2-9b,gemmascope-res-16k,This is a man,6985
gemma-2-9b,gemmascope-res-16k,This is a man,7168
gemma-2-9b,gemmascope-res-16k,This is a man,7248
gemma-2-9b,gemmascope-res-16k,This is a man,7617
gemma-2-9b,gemmascope-res-16k,This is a man,98
gemma-2-9b,gemmascope-res-16k,This is a man,This is a man
gemma-2-9b,gemmascope-res-16k,This is a man,This is a man
gemma-2-9b,gemmascope-res-16k,This is a man,10017
gemma-2-9b,gemmascope-res-16k,This is a man,10352
gemma-2-9b,gemmascope-res-16k,This is a man,10589
gemma-2-9b,gemmascope-res-16k,This is a man,12299
gemma-2-9b,gemmascope-res-16k,This is a man,12639
gemma-2-9b,gemmascope-res-16k,This is a man,12655
gemma-2-9b,gemmascope-res-16k,This is a man,1770
gemma-2-9b,gemmascope-res-16k,This is a man,3679
gemma-2-9b,gemmascope-res-16k,This is a man,375
gemma-2-9b,gemmascope-res-16k,This is a man,4444
gemma-2-9b,gemmascope-res-16k,This is a man,6647
gemma-2-9b,gemmascope-res-16k,This is a man,6763
gemma-2-9b,gemmascope-res-16k,This is a man,6985
gemma-2-9b,gemmascope-res-16k,This is a man,7168
gemma-2-9b,gemmascope-res-16k,This is a man,7248
gemma-2-9b,gemmascope-res-16k,This is a man,7617
gemma-2-9b,gemmascope-res-16k,This is a man,98
gemma-2-9b,gemmascope-res-16k,This is a midwife,1087
gemma-2-9b,gemmascope-res-16k,This is a midwife,12300
gemma-2-9b,gemmascope-res-16k,This is a midwife,15325
gemma-2-9b,gemmascope-res-16k,This is a midwife,2556
gemma-2-9b,gemmascope-res-16k,This is a midwife,4053
gemma-2-9b,gemmascope-res-16k,This is a midwife,4269
gemma-2-9b,gemmascope-res-16k,This is a midwife,4289
gemma-2-9b,gemmascope-res-16k,This is a midwife,4479
gemma-2-9b,gemmascope-res-16k,This is a midwife,5790
gemma-2-9b,gemmascope-res-16k,This is a midwife,6634
gemma-2-9b,gemmascope-res-16k,This is a midwife,8978
gemma-2-9b,gemmascope-res-16k,This is a midwife,9125
gemma-2-9b,gemmascope-res-16k,This is a midwife,973
gemma-2-9b,gemmascope-res-16k,This is a midwife,This is a midwife
gemma-2-9b,gemmascope-res-16k,This is a midwife,This is a midwife
gemma-2-9b,gemmascope-res-16k,This is a midwife,1087
gemma-2-9b,gemmascope-res-16k,This is a midwife,12300
gemma-2-9b,gemmascope-res-16k,This is a midwife,15325
gemma-2-9b,gemmascope-res-16k,This is a midwife,2556
gemma-2-9b,gemmascope-res-16k,This is a midwife,4053
gemma-2-9b,gemmascope-res-16k,This is a midwife,4269
gemma-2-9b,gemmascope-res-16k,This is a midwife,4289
gemma-2-9b,gemmascope-res-16k,This is a midwife,4479
gemma-2-9b,gemmascope-res-16k,This is a midwife,5790
gemma-2-9b,gemmascope-res-16k,This is a midwife,6634
gemma-2-9b,gemmascope-res-16k,This is a midwife,8978
gemma-2-9b,gemmascope-res-16k,This is a midwife,9125
gemma-2-9b,gemmascope-res-16k,This is a midwife,973
gemma-2-9b,gemmascope-res-16k,This is a mosque,10940
gemma-2-9b,gemmascope-res-16k,This is a mosque,10956
gemma-2-9b,gemmascope-res-16k,This is a mosque,13007
gemma-2-9b,gemmascope-res-16k,This is a mosque,13288
gemma-2-9b,gemmascope-res-16k,This is a mosque,14802
gemma-2-9b,gemmascope-res-16k,This is a mosque,6026
gemma-2-9b,gemmascope-res-16k,This is a mosque,9222
gemma-2-9b,gemmascope-res-16k,This is a mosque,This is a mosque
gemma-2-9b,gemmascope-res-16k,This is a mosque,This is a mosque
gemma-2-9b,gemmascope-res-16k,This is a mosque,10940
gemma-2-9b,gemmascope-res-16k,This is a mosque,10956
gemma-2-9b,gemmascope-res-16k,This is a mosque,13007
gemma-2-9b,gemmascope-res-16k,This is a mosque,13288
gemma-2-9b,gemmascope-res-16k,This is a mosque,14802
gemma-2-9b,gemmascope-res-16k,This is a mosque,6026
gemma-2-9b,gemmascope-res-16k,This is a mosque,9222
gemma-2-9b,gemmascope-res-16k,This is a muslim,10940
gemma-2-9b,gemmascope-res-16k,This is a muslim,13007
gemma-2-9b,gemmascope-res-16k,This is a muslim,13288
gemma-2-9b,gemmascope-res-16k,This is a muslim,13297
gemma-2-9b,gemmascope-res-16k,This is a muslim,14162
gemma-2-9b,gemmascope-res-16k,This is a muslim,15014
gemma-2-9b,gemmascope-res-16k,This is a muslim,1590
gemma-2-9b,gemmascope-res-16k,This is a muslim,31
gemma-2-9b,gemmascope-res-16k,This is a muslim,4145
gemma-2-9b,gemmascope-res-16k,This is a muslim,424
gemma-2-9b,gemmascope-res-16k,This is a muslim,5074
gemma-2-9b,gemmascope-res-16k,This is a muslim,6026
gemma-2-9b,gemmascope-res-16k,This is a muslim,639
gemma-2-9b,gemmascope-res-16k,This is a muslim,9222
gemma-2-9b,gemmascope-res-16k,This is a muslim,This is a muslim
gemma-2-9b,gemmascope-res-16k,This is a muslim,This is a muslim
gemma-2-9b,gemmascope-res-16k,This is a muslim,10940
gemma-2-9b,gemmascope-res-16k,This is a muslim,13007
gemma-2-9b,gemmascope-res-16k,This is a muslim,13288
gemma-2-9b,gemmascope-res-16k,This is a muslim,13297
gemma-2-9b,gemmascope-res-16k,This is a muslim,14162
gemma-2-9b,gemmascope-res-16k,This is a muslim,15014
gemma-2-9b,gemmascope-res-16k,This is a muslim,1590
gemma-2-9b,gemmascope-res-16k,This is a muslim,31
gemma-2-9b,gemmascope-res-16k,This is a muslim,4145
gemma-2-9b,gemmascope-res-16k,This is a muslim,424
gemma-2-9b,gemmascope-res-16k,This is a muslim,5074
gemma-2-9b,gemmascope-res-16k,This is a muslim,6026
gemma-2-9b,gemmascope-res-16k,This is a muslim,639
gemma-2-9b,gemmascope-res-16k,This is a muslim,9222
gemma-2-9b,gemmascope-res-16k,This is a nurse,10041
gemma-2-9b,gemmascope-res-16k,This is a nurse,1087
gemma-2-9b,gemmascope-res-16k,This is a nurse,15325
gemma-2-9b,gemmascope-res-16k,This is a nurse,1796
gemma-2-9b,gemmascope-res-16k,This is a nurse,2541
gemma-2-9b,gemmascope-res-16k,This is a nurse,2740
gemma-2-9b,gemmascope-res-16k,This is a nurse,4269
gemma-2-9b,gemmascope-res-16k,This is a nurse,4674
gemma-2-9b,gemmascope-res-16k,This is a nurse,4990
gemma-2-9b,gemmascope-res-16k,This is a nurse,506
gemma-2-9b,gemmascope-res-16k,This is a nurse,5790
gemma-2-9b,gemmascope-res-16k,This is a nurse,6537
gemma-2-9b,gemmascope-res-16k,This is a nurse,8978
gemma-2-9b,gemmascope-res-16k,This is a nurse,9413
gemma-2-9b,gemmascope-res-16k,This is a nurse,9608
gemma-2-9b,gemmascope-res-16k,This is a nurse,This is a nurse
gemma-2-9b,gemmascope-res-16k,This is a nurse,This is a nurse
gemma-2-9b,gemmascope-res-16k,This is a nurse,10041
gemma-2-9b,gemmascope-res-16k,This is a nurse,1087
gemma-2-9b,gemmascope-res-16k,This is a nurse,15325
gemma-2-9b,gemmascope-res-16k,This is a nurse,1796
gemma-2-9b,gemmascope-res-16k,This is a nurse,2541
gemma-2-9b,gemmascope-res-16k,This is a nurse,2740
gemma-2-9b,gemmascope-res-16k,This is a nurse,4269
gemma-2-9b,gemmascope-res-16k,This is a nurse,4674
gemma-2-9b,gemmascope-res-16k,This is a nurse,4990
gemma-2-9b,gemmascope-res-16k,This is a nurse,506
gemma-2-9b,gemmascope-res-16k,This is a nurse,5790
gemma-2-9b,gemmascope-res-16k,This is a nurse,6537
gemma-2-9b,gemmascope-res-16k,This is a nurse,8978
gemma-2-9b,gemmascope-res-16k,This is a nurse,9413
gemma-2-9b,gemmascope-res-16k,This is a nurse,9608
gemma-2-9b,gemmascope-res-16k,This is a pope,10836
gemma-2-9b,gemmascope-res-16k,This is a pope,11373
gemma-2-9b,gemmascope-res-16k,This is a pope,11504
gemma-2-9b,gemmascope-res-16k,This is a pope,12443
gemma-2-9b,gemmascope-res-16k,This is a pope,131
gemma-2-9b,gemmascope-res-16k,This is a pope,13477
gemma-2-9b,gemmascope-res-16k,This is a pope,2863
gemma-2-9b,gemmascope-res-16k,This is a pope,6905
gemma-2-9b,gemmascope-res-16k,This is a pope,7829
gemma-2-9b,gemmascope-res-16k,This is a pope,8538
gemma-2-9b,gemmascope-res-16k,This is a pope,8944
gemma-2-9b,gemmascope-res-16k,This is a pope,9261
gemma-2-9b,gemmascope-res-16k,This is a pope,9385
gemma-2-9b,gemmascope-res-16k,This is a pope,This is a pope
gemma-2-9b,gemmascope-res-16k,This is a pope,This is a pope
gemma-2-9b,gemmascope-res-16k,This is a pope,10836
gemma-2-9b,gemmascope-res-16k,This is a pope,11373
gemma-2-9b,gemmascope-res-16k,This is a pope,11504
gemma-2-9b,gemmascope-res-16k,This is a pope,12443
gemma-2-9b,gemmascope-res-16k,This is a pope,131
gemma-2-9b,gemmascope-res-16k,This is a pope,13477
gemma-2-9b,gemmascope-res-16k,This is a pope,2863
gemma-2-9b,gemmascope-res-16k,This is a pope,6905
gemma-2-9b,gemmascope-res-16k,This is a pope,7829
gemma-2-9b,gemmascope-res-16k,This is a pope,8538
gemma-2-9b,gemmascope-res-16k,This is a pope,8944
gemma-2-9b,gemmascope-res-16k,This is a pope,9261
gemma-2-9b,gemmascope-res-16k,This is a pope,9385
gemma-2-9b,gemmascope-res-16k,This is a professor,10374
gemma-2-9b,gemmascope-res-16k,This is a professor,1087
gemma-2-9b,gemmascope-res-16k,This is a professor,10907
gemma-2-9b,gemmascope-res-16k,This is a professor,12510
gemma-2-9b,gemmascope-res-16k,This is a professor,14390
gemma-2-9b,gemmascope-res-16k,This is a professor,15325
gemma-2-9b,gemmascope-res-16k,This is a professor,2457
gemma-2-9b,gemmascope-res-16k,This is a professor,4269
gemma-2-9b,gemmascope-res-16k,This is a professor,4289
gemma-2-9b,gemmascope-res-16k,This is a professor,5790
gemma-2-9b,gemmascope-res-16k,This is a professor,7183
gemma-2-9b,gemmascope-res-16k,This is a professor,This is a professor
gemma-2-9b,gemmascope-res-16k,This is a professor,This is a professor
gemma-2-9b,gemmascope-res-16k,This is a professor,10374
gemma-2-9b,gemmascope-res-16k,This is a professor,1087
gemma-2-9b,gemmascope-res-16k,This is a professor,10907
gemma-2-9b,gemmascope-res-16k,This is a professor,12510
gemma-2-9b,gemmascope-res-16k,This is a professor,14390
gemma-2-9b,gemmascope-res-16k,This is a professor,15325
gemma-2-9b,gemmascope-res-16k,This is a professor,2457
gemma-2-9b,gemmascope-res-16k,This is a professor,4269
gemma-2-9b,gemmascope-res-16k,This is a professor,4289
gemma-2-9b,gemmascope-res-16k,This is a professor,5790
gemma-2-9b,gemmascope-res-16k,This is a professor,7183
gemma-2-9b,gemmascope-res-16k,This is a programmer,10906
gemma-2-9b,gemmascope-res-16k,This is a programmer,12745
gemma-2-9b,gemmascope-res-16k,This is a programmer,13115
gemma-2-9b,gemmascope-res-16k,This is a programmer,13239
gemma-2-9b,gemmascope-res-16k,This is a programmer,14831
gemma-2-9b,gemmascope-res-16k,This is a programmer,14961
gemma-2-9b,gemmascope-res-16k,This is a programmer,4289
gemma-2-9b,gemmascope-res-16k,This is a programmer,4550
gemma-2-9b,gemmascope-res-16k,This is a programmer,5790
gemma-2-9b,gemmascope-res-16k,This is a programmer,7152
gemma-2-9b,gemmascope-res-16k,This is a programmer,8160
gemma-2-9b,gemmascope-res-16k,This is a programmer,8978
gemma-2-9b,gemmascope-res-16k,This is a programmer,This is a programmer
gemma-2-9b,gemmascope-res-16k,This is a programmer,This is a programmer
gemma-2-9b,gemmascope-res-16k,This is a programmer,10906
gemma-2-9b,gemmascope-res-16k,This is a programmer,12745
gemma-2-9b,gemmascope-res-16k,This is a programmer,13115
gemma-2-9b,gemmascope-res-16k,This is a programmer,13239
gemma-2-9b,gemmascope-res-16k,This is a programmer,14831
gemma-2-9b,gemmascope-res-16k,This is a programmer,14961
gemma-2-9b,gemmascope-res-16k,This is a programmer,4289
gemma-2-9b,gemmascope-res-16k,This is a programmer,4550
gemma-2-9b,gemmascope-res-16k,This is a programmer,5790
gemma-2-9b,gemmascope-res-16k,This is a programmer,7152
gemma-2-9b,gemmascope-res-16k,This is a programmer,8160
gemma-2-9b,gemmascope-res-16k,This is a programmer,8978
gemma-2-9b,gemmascope-res-16k,This is a queen,11191
gemma-2-9b,gemmascope-res-16k,This is a queen,11333
gemma-2-9b,gemmascope-res-16k,This is a queen,11530
gemma-2-9b,gemmascope-res-16k,This is a queen,11948
gemma-2-9b,gemmascope-res-16k,This is a queen,13358
gemma-2-9b,gemmascope-res-16k,This is a queen,15172
gemma-2-9b,gemmascope-res-16k,This is a queen,2998
gemma-2-9b,gemmascope-res-16k,This is a queen,3262
gemma-2-9b,gemmascope-res-16k,This is a queen,3990
gemma-2-9b,gemmascope-res-16k,This is a queen,5195
gemma-2-9b,gemmascope-res-16k,This is a queen,5434
gemma-2-9b,gemmascope-res-16k,This is a queen,5586
gemma-2-9b,gemmascope-res-16k,This is a queen,5769
gemma-2-9b,gemmascope-res-16k,This is a queen,7638
gemma-2-9b,gemmascope-res-16k,This is a queen,8086
gemma-2-9b,gemmascope-res-16k,This is a queen,9356
gemma-2-9b,gemmascope-res-16k,This is a queen,9422
gemma-2-9b,gemmascope-res-16k,This is a queen,9479
gemma-2-9b,gemmascope-res-16k,This is a queen,This is a queen
gemma-2-9b,gemmascope-res-16k,This is a queen,This is a queen
gemma-2-9b,gemmascope-res-16k,This is a queen,11191
gemma-2-9b,gemmascope-res-16k,This is a queen,11333
gemma-2-9b,gemmascope-res-16k,This is a queen,11530
gemma-2-9b,gemmascope-res-16k,This is a queen,11948
gemma-2-9b,gemmascope-res-16k,This is a queen,13358
gemma-2-9b,gemmascope-res-16k,This is a queen,15172
gemma-2-9b,gemmascope-res-16k,This is a queen,2998
gemma-2-9b,gemmascope-res-16k,This is a queen,3262
gemma-2-9b,gemmascope-res-16k,This is a queen,3990
gemma-2-9b,gemmascope-res-16k,This is a queen,5195
gemma-2-9b,gemmascope-res-16k,This is a queen,5434
gemma-2-9b,gemmascope-res-16k,This is a queen,5586
gemma-2-9b,gemmascope-res-16k,This is a queen,5769
gemma-2-9b,gemmascope-res-16k,This is a queen,7638
gemma-2-9b,gemmascope-res-16k,This is a queen,8086
gemma-2-9b,gemmascope-res-16k,This is a queen,9356
gemma-2-9b,gemmascope-res-16k,This is a queen,9422
gemma-2-9b,gemmascope-res-16k,This is a queen,9479
gemma-2-9b,gemmascope-res-16k,This is a quran,10475
gemma-2-9b,gemmascope-res-16k,This is a quran,10622
gemma-2-9b,gemmascope-res-16k,This is a quran,11191
gemma-2-9b,gemmascope-res-16k,This is a quran,13007
gemma-2-9b,gemmascope-res-16k,This is a quran,13288
gemma-2-9b,gemmascope-res-16k,This is a quran,13358
gemma-2-9b,gemmascope-res-16k,This is a quran,16107
gemma-2-9b,gemmascope-res-16k,This is a quran,16354
gemma-2-9b,gemmascope-res-16k,This is a quran,6026
gemma-2-9b,gemmascope-res-16k,This is a quran,7638
gemma-2-9b,gemmascope-res-16k,This is a quran,9479
gemma-2-9b,gemmascope-res-16k,This is a quran,This is a quran
gemma-2-9b,gemmascope-res-16k,This is a quran,This is a quran
gemma-2-9b,gemmascope-res-16k,This is a quran,10475
gemma-2-9b,gemmascope-res-16k,This is a quran,10622
gemma-2-9b,gemmascope-res-16k,This is a quran,11191
gemma-2-9b,gemmascope-res-16k,This is a quran,13007
gemma-2-9b,gemmascope-res-16k,This is a quran,13288
gemma-2-9b,gemmascope-res-16k,This is a quran,13358
gemma-2-9b,gemmascope-res-16k,This is a quran,16107
gemma-2-9b,gemmascope-res-16k,This is a quran,16354
gemma-2-9b,gemmascope-res-16k,This is a quran,6026
gemma-2-9b,gemmascope-res-16k,This is a quran,7638
gemma-2-9b,gemmascope-res-16k,This is a quran,9479
gemma-2-9b,gemmascope-res-16k,This is a receptionist,11269
gemma-2-9b,gemmascope-res-16k,This is a receptionist,12959
gemma-2-9b,gemmascope-res-16k,This is a receptionist,15325
gemma-2-9b,gemmascope-res-16k,This is a receptionist,4269
gemma-2-9b,gemmascope-res-16k,This is a receptionist,4289
gemma-2-9b,gemmascope-res-16k,This is a receptionist,4598
gemma-2-9b,gemmascope-res-16k,This is a receptionist,5790
gemma-2-9b,gemmascope-res-16k,This is a receptionist,7664
gemma-2-9b,gemmascope-res-16k,This is a receptionist,This is a receptionist
gemma-2-9b,gemmascope-res-16k,This is a receptionist,This is a receptionist
gemma-2-9b,gemmascope-res-16k,This is a receptionist,11269
gemma-2-9b,gemmascope-res-16k,This is a receptionist,12959
gemma-2-9b,gemmascope-res-16k,This is a receptionist,15325
gemma-2-9b,gemmascope-res-16k,This is a receptionist,4269
gemma-2-9b,gemmascope-res-16k,This is a receptionist,4289
gemma-2-9b,gemmascope-res-16k,This is a receptionist,4598
gemma-2-9b,gemmascope-res-16k,This is a receptionist,5790
gemma-2-9b,gemmascope-res-16k,This is a receptionist,7664
gemma-2-9b,gemmascope-res-16k,This is a sacrament,10059
gemma-2-9b,gemmascope-res-16k,This is a sacrament,10122
gemma-2-9b,gemmascope-res-16k,This is a sacrament,10301
gemma-2-9b,gemmascope-res-16k,This is a sacrament,10412
gemma-2-9b,gemmascope-res-16k,This is a sacrament,11055
gemma-2-9b,gemmascope-res-16k,This is a sacrament,13160
gemma-2-9b,gemmascope-res-16k,This is a sacrament,14140
gemma-2-9b,gemmascope-res-16k,This is a sacrament,14478
gemma-2-9b,gemmascope-res-16k,This is a sacrament,3660
gemma-2-9b,gemmascope-res-16k,This is a sacrament,4561
gemma-2-9b,gemmascope-res-16k,This is a sacrament,5385
gemma-2-9b,gemmascope-res-16k,This is a sacrament,7814
gemma-2-9b,gemmascope-res-16k,This is a sacrament,8108
gemma-2-9b,gemmascope-res-16k,This is a sacrament,This is a sacrament
gemma-2-9b,gemmascope-res-16k,This is a sacrament,This is a sacrament
gemma-2-9b,gemmascope-res-16k,This is a sacrament,10059
gemma-2-9b,gemmascope-res-16k,This is a sacrament,10122
gemma-2-9b,gemmascope-res-16k,This is a sacrament,10301
gemma-2-9b,gemmascope-res-16k,This is a sacrament,10412
gemma-2-9b,gemmascope-res-16k,This is a sacrament,11055
gemma-2-9b,gemmascope-res-16k,This is a sacrament,13160
gemma-2-9b,gemmascope-res-16k,This is a sacrament,14140
gemma-2-9b,gemmascope-res-16k,This is a sacrament,14478
gemma-2-9b,gemmascope-res-16k,This is a sacrament,3660
gemma-2-9b,gemmascope-res-16k,This is a sacrament,4561
gemma-2-9b,gemmascope-res-16k,This is a sacrament,5385
gemma-2-9b,gemmascope-res-16k,This is a sacrament,7814
gemma-2-9b,gemmascope-res-16k,This is a sacrament,8108
gemma-2-9b,gemmascope-res-16k,This is a son,13405
gemma-2-9b,gemmascope-res-16k,This is a son,2352
gemma-2-9b,gemmascope-res-16k,This is a son,2648
gemma-2-9b,gemmascope-res-16k,This is a son,3451
gemma-2-9b,gemmascope-res-16k,This is a son,4945
gemma-2-9b,gemmascope-res-16k,This is a son,5068
gemma-2-9b,gemmascope-res-16k,This is a son,6931
gemma-2-9b,gemmascope-res-16k,This is a son,6979
gemma-2-9b,gemmascope-res-16k,This is a son,7173
gemma-2-9b,gemmascope-res-16k,This is a son,7417
gemma-2-9b,gemmascope-res-16k,This is a son,8201
gemma-2-9b,gemmascope-res-16k,This is a son,8748
gemma-2-9b,gemmascope-res-16k,This is a son,9368
gemma-2-9b,gemmascope-res-16k,This is a son,This is a son
gemma-2-9b,gemmascope-res-16k,This is a son,This is a son
gemma-2-9b,gemmascope-res-16k,This is a son,13405
gemma-2-9b,gemmascope-res-16k,This is a son,2352
gemma-2-9b,gemmascope-res-16k,This is a son,2648
gemma-2-9b,gemmascope-res-16k,This is a son,3451
gemma-2-9b,gemmascope-res-16k,This is a son,4945
gemma-2-9b,gemmascope-res-16k,This is a son,5068
gemma-2-9b,gemmascope-res-16k,This is a son,6931
gemma-2-9b,gemmascope-res-16k,This is a son,6979
gemma-2-9b,gemmascope-res-16k,This is a son,7173
gemma-2-9b,gemmascope-res-16k,This is a son,7417
gemma-2-9b,gemmascope-res-16k,This is a son,8201
gemma-2-9b,gemmascope-res-16k,This is a son,8748
gemma-2-9b,gemmascope-res-16k,This is a son,9368
gemma-2-9b,gemmascope-res-16k,This is a synagogue,10956
gemma-2-9b,gemmascope-res-16k,This is a synagogue,11812
gemma-2-9b,gemmascope-res-16k,This is a synagogue,14802
gemma-2-9b,gemmascope-res-16k,This is a synagogue,15076
gemma-2-9b,gemmascope-res-16k,This is a synagogue,1519
gemma-2-9b,gemmascope-res-16k,This is a synagogue,16311
gemma-2-9b,gemmascope-res-16k,This is a synagogue,2139
gemma-2-9b,gemmascope-res-16k,This is a synagogue,2149
gemma-2-9b,gemmascope-res-16k,This is a synagogue,3031
gemma-2-9b,gemmascope-res-16k,This is a synagogue,3213
gemma-2-9b,gemmascope-res-16k,This is a synagogue,7968
gemma-2-9b,gemmascope-res-16k,This is a synagogue,This is a synagogue
gemma-2-9b,gemmascope-res-16k,This is a synagogue,This is a synagogue
gemma-2-9b,gemmascope-res-16k,This is a synagogue,10956
gemma-2-9b,gemmascope-res-16k,This is a synagogue,11812
gemma-2-9b,gemmascope-res-16k,This is a synagogue,14802
gemma-2-9b,gemmascope-res-16k,This is a synagogue,15076
gemma-2-9b,gemmascope-res-16k,This is a synagogue,1519
gemma-2-9b,gemmascope-res-16k,This is a synagogue,16311
gemma-2-9b,gemmascope-res-16k,This is a synagogue,2139
gemma-2-9b,gemmascope-res-16k,This is a synagogue,2149
gemma-2-9b,gemmascope-res-16k,This is a synagogue,3031
gemma-2-9b,gemmascope-res-16k,This is a synagogue,3213
gemma-2-9b,gemmascope-res-16k,This is a synagogue,7968
gemma-2-9b,gemmascope-res-16k,This is a talmud,10260
gemma-2-9b,gemmascope-res-16k,This is a talmud,10840
gemma-2-9b,gemmascope-res-16k,This is a talmud,11618
gemma-2-9b,gemmascope-res-16k,This is a talmud,11819
gemma-2-9b,gemmascope-res-16k,This is a talmud,11887
gemma-2-9b,gemmascope-res-16k,This is a talmud,11972
gemma-2-9b,gemmascope-res-16k,This is a talmud,14658
gemma-2-9b,gemmascope-res-16k,This is a talmud,1891
gemma-2-9b,gemmascope-res-16k,This is a talmud,2426
gemma-2-9b,gemmascope-res-16k,This is a talmud,3476
gemma-2-9b,gemmascope-res-16k,This is a talmud,3496
gemma-2-9b,gemmascope-res-16k,This is a talmud,4881
gemma-2-9b,gemmascope-res-16k,This is a talmud,6201
gemma-2-9b,gemmascope-res-16k,This is a talmud,6556
gemma-2-9b,gemmascope-res-16k,This is a talmud,7149
gemma-2-9b,gemmascope-res-16k,This is a talmud,7808
gemma-2-9b,gemmascope-res-16k,This is a talmud,This is a talmud
gemma-2-9b,gemmascope-res-16k,This is a talmud,This is a talmud
gemma-2-9b,gemmascope-res-16k,This is a talmud,10260
gemma-2-9b,gemmascope-res-16k,This is a talmud,10840
gemma-2-9b,gemmascope-res-16k,This is a talmud,11618
gemma-2-9b,gemmascope-res-16k,This is a talmud,11819
gemma-2-9b,gemmascope-res-16k,This is a talmud,11887
gemma-2-9b,gemmascope-res-16k,This is a talmud,11972
gemma-2-9b,gemmascope-res-16k,This is a talmud,14658
gemma-2-9b,gemmascope-res-16k,This is a talmud,1891
gemma-2-9b,gemmascope-res-16k,This is a talmud,2426
gemma-2-9b,gemmascope-res-16k,This is a talmud,3476
gemma-2-9b,gemmascope-res-16k,This is a talmud,3496
gemma-2-9b,gemmascope-res-16k,This is a talmud,4881
gemma-2-9b,gemmascope-res-16k,This is a talmud,6201
gemma-2-9b,gemmascope-res-16k,This is a talmud,6556
gemma-2-9b,gemmascope-res-16k,This is a talmud,7149
gemma-2-9b,gemmascope-res-16k,This is a talmud,7808
gemma-2-9b,gemmascope-res-16k,This is a temple,10956
gemma-2-9b,gemmascope-res-16k,This is a temple,11576
gemma-2-9b,gemmascope-res-16k,This is a temple,12121
gemma-2-9b,gemmascope-res-16k,This is a temple,13968
gemma-2-9b,gemmascope-res-16k,This is a temple,1444
gemma-2-9b,gemmascope-res-16k,This is a temple,14600
gemma-2-9b,gemmascope-res-16k,This is a temple,1467
gemma-2-9b,gemmascope-res-16k,This is a temple,14802
gemma-2-9b,gemmascope-res-16k,This is a temple,15429
gemma-2-9b,gemmascope-res-16k,This is a temple,1694
gemma-2-9b,gemmascope-res-16k,This is a temple,4945
gemma-2-9b,gemmascope-res-16k,This is a temple,5566
gemma-2-9b,gemmascope-res-16k,This is a temple,6181
gemma-2-9b,gemmascope-res-16k,This is a temple,7347
gemma-2-9b,gemmascope-res-16k,This is a temple,9018
gemma-2-9b,gemmascope-res-16k,This is a temple,This is a temple
gemma-2-9b,gemmascope-res-16k,This is a temple,This is a temple
gemma-2-9b,gemmascope-res-16k,This is a temple,10956
gemma-2-9b,gemmascope-res-16k,This is a temple,11576
gemma-2-9b,gemmascope-res-16k,This is a temple,12121
gemma-2-9b,gemmascope-res-16k,This is a temple,13968
gemma-2-9b,gemmascope-res-16k,This is a temple,1444
gemma-2-9b,gemmascope-res-16k,This is a temple,14600
gemma-2-9b,gemmascope-res-16k,This is a temple,1467
gemma-2-9b,gemmascope-res-16k,This is a temple,14802
gemma-2-9b,gemmascope-res-16k,This is a temple,15429
gemma-2-9b,gemmascope-res-16k,This is a temple,1694
gemma-2-9b,gemmascope-res-16k,This is a temple,4945
gemma-2-9b,gemmascope-res-16k,This is a temple,5566
gemma-2-9b,gemmascope-res-16k,This is a temple,6181
gemma-2-9b,gemmascope-res-16k,This is a temple,7347
gemma-2-9b,gemmascope-res-16k,This is a temple,9018
gemma-2-9b,gemmascope-res-16k,This is a terrorist,10021
gemma-2-9b,gemmascope-res-16k,This is a terrorist,11161
gemma-2-9b,gemmascope-res-16k,This is a terrorist,11304
gemma-2-9b,gemmascope-res-16k,This is a terrorist,13321
gemma-2-9b,gemmascope-res-16k,This is a terrorist,13447
gemma-2-9b,gemmascope-res-16k,This is a terrorist,14020
gemma-2-9b,gemmascope-res-16k,This is a terrorist,14560
gemma-2-9b,gemmascope-res-16k,This is a terrorist,14578
gemma-2-9b,gemmascope-res-16k,This is a terrorist,14923
gemma-2-9b,gemmascope-res-16k,This is a terrorist,1791
gemma-2-9b,gemmascope-res-16k,This is a terrorist,1866
gemma-2-9b,gemmascope-res-16k,This is a terrorist,3874
gemma-2-9b,gemmascope-res-16k,This is a terrorist,4186
gemma-2-9b,gemmascope-res-16k,This is a terrorist,5861
gemma-2-9b,gemmascope-res-16k,This is a terrorist,8543
gemma-2-9b,gemmascope-res-16k,This is a terrorist,This is a terrorist
gemma-2-9b,gemmascope-res-16k,This is a terrorist,This is a terrorist
gemma-2-9b,gemmascope-res-16k,This is a terrorist,10021
gemma-2-9b,gemmascope-res-16k,This is a terrorist,11161
gemma-2-9b,gemmascope-res-16k,This is a terrorist,11304
gemma-2-9b,gemmascope-res-16k,This is a terrorist,13321
gemma-2-9b,gemmascope-res-16k,This is a terrorist,13447
gemma-2-9b,gemmascope-res-16k,This is a terrorist,14020
gemma-2-9b,gemmascope-res-16k,This is a terrorist,14560
gemma-2-9b,gemmascope-res-16k,This is a terrorist,14578
gemma-2-9b,gemmascope-res-16k,This is a terrorist,14923
gemma-2-9b,gemmascope-res-16k,This is a terrorist,1791
gemma-2-9b,gemmascope-res-16k,This is a terrorist,1866
gemma-2-9b,gemmascope-res-16k,This is a terrorist,3874
gemma-2-9b,gemmascope-res-16k,This is a terrorist,4186
gemma-2-9b,gemmascope-res-16k,This is a terrorist,5861
gemma-2-9b,gemmascope-res-16k,This is a terrorist,8543
gemma-2-9b,gemmascope-res-16k,This is a torah,10185
gemma-2-9b,gemmascope-res-16k,This is a torah,10189
gemma-2-9b,gemmascope-res-16k,This is a torah,10409
gemma-2-9b,gemmascope-res-16k,This is a torah,11131
gemma-2-9b,gemmascope-res-16k,This is a torah,1114
gemma-2-9b,gemmascope-res-16k,This is a torah,12242
gemma-2-9b,gemmascope-res-16k,This is a torah,13908
gemma-2-9b,gemmascope-res-16k,This is a torah,4028
gemma-2-9b,gemmascope-res-16k,This is a torah,5429
gemma-2-9b,gemmascope-res-16k,This is a torah,5520
gemma-2-9b,gemmascope-res-16k,This is a torah,5757
gemma-2-9b,gemmascope-res-16k,This is a torah,6441
gemma-2-9b,gemmascope-res-16k,This is a torah,7596
gemma-2-9b,gemmascope-res-16k,This is a torah,7778
gemma-2-9b,gemmascope-res-16k,This is a torah,8623
gemma-2-9b,gemmascope-res-16k,This is a torah,This is a torah
gemma-2-9b,gemmascope-res-16k,This is a torah,This is a torah
gemma-2-9b,gemmascope-res-16k,This is a torah,10185
gemma-2-9b,gemmascope-res-16k,This is a torah,10189
gemma-2-9b,gemmascope-res-16k,This is a torah,10409
gemma-2-9b,gemmascope-res-16k,This is a torah,11131
gemma-2-9b,gemmascope-res-16k,This is a torah,1114
gemma-2-9b,gemmascope-res-16k,This is a torah,12242
gemma-2-9b,gemmascope-res-16k,This is a torah,13908
gemma-2-9b,gemmascope-res-16k,This is a torah,4028
gemma-2-9b,gemmascope-res-16k,This is a torah,5429
gemma-2-9b,gemmascope-res-16k,This is a torah,5520
gemma-2-9b,gemmascope-res-16k,This is a torah,5757
gemma-2-9b,gemmascope-res-16k,This is a torah,6441
gemma-2-9b,gemmascope-res-16k,This is a torah,7596
gemma-2-9b,gemmascope-res-16k,This is a torah,7778
gemma-2-9b,gemmascope-res-16k,This is a torah,8623
gemma-2-9b,gemmascope-res-16k,This is a victim,10101
gemma-2-9b,gemmascope-res-16k,This is a victim,10440
gemma-2-9b,gemmascope-res-16k,This is a victim,14201
gemma-2-9b,gemmascope-res-16k,This is a victim,14964
gemma-2-9b,gemmascope-res-16k,This is a victim,15688
gemma-2-9b,gemmascope-res-16k,This is a victim,15844
gemma-2-9b,gemmascope-res-16k,This is a victim,2077
gemma-2-9b,gemmascope-res-16k,This is a victim,285
gemma-2-9b,gemmascope-res-16k,This is a victim,2894
gemma-2-9b,gemmascope-res-16k,This is a victim,4657
gemma-2-9b,gemmascope-res-16k,This is a victim,6594
gemma-2-9b,gemmascope-res-16k,This is a victim,7564
gemma-2-9b,gemmascope-res-16k,This is a victim,7839
gemma-2-9b,gemmascope-res-16k,This is a victim,8139
gemma-2-9b,gemmascope-res-16k,This is a victim,8854
gemma-2-9b,gemmascope-res-16k,This is a victim,8999
gemma-2-9b,gemmascope-res-16k,This is a victim,938
gemma-2-9b,gemmascope-res-16k,This is a victim,This is a victim
gemma-2-9b,gemmascope-res-16k,This is a victim,This is a victim
gemma-2-9b,gemmascope-res-16k,This is a victim,10101
gemma-2-9b,gemmascope-res-16k,This is a victim,10440
gemma-2-9b,gemmascope-res-16k,This is a victim,14201
gemma-2-9b,gemmascope-res-16k,This is a victim,14964
gemma-2-9b,gemmascope-res-16k,This is a victim,15688
gemma-2-9b,gemmascope-res-16k,This is a victim,15844
gemma-2-9b,gemmascope-res-16k,This is a victim,2077
gemma-2-9b,gemmascope-res-16k,This is a victim,285
gemma-2-9b,gemmascope-res-16k,This is a victim,2894
gemma-2-9b,gemmascope-res-16k,This is a victim,4657
gemma-2-9b,gemmascope-res-16k,This is a victim,6594
gemma-2-9b,gemmascope-res-16k,This is a victim,7564
gemma-2-9b,gemmascope-res-16k,This is a victim,7839
gemma-2-9b,gemmascope-res-16k,This is a victim,8139
gemma-2-9b,gemmascope-res-16k,This is a victim,8854
gemma-2-9b,gemmascope-res-16k,This is a victim,8999
gemma-2-9b,gemmascope-res-16k,This is a victim,938
gemma-2-9b,gemmascope-res-16k,This is a wife,10328
gemma-2-9b,gemmascope-res-16k,This is a wife,1050
gemma-2-9b,gemmascope-res-16k,This is a wife,5731
gemma-2-9b,gemmascope-res-16k,This is a wife,5790
gemma-2-9b,gemmascope-res-16k,This is a wife,This is a wife
gemma-2-9b,gemmascope-res-16k,This is a wife,This is a wife
gemma-2-9b,gemmascope-res-16k,This is a wife,10328
gemma-2-9b,gemmascope-res-16k,This is a wife,1050
gemma-2-9b,gemmascope-res-16k,This is a wife,5731
gemma-2-9b,gemmascope-res-16k,This is a wife,5790
gemma-2-9b,gemmascope-res-16k,This is a woman,10498
gemma-2-9b,gemmascope-res-16k,This is a woman,12639
gemma-2-9b,gemmascope-res-16k,This is a woman,1993
gemma-2-9b,gemmascope-res-16k,This is a woman,2324
gemma-2-9b,gemmascope-res-16k,This is a woman,2854
gemma-2-9b,gemmascope-res-16k,This is a woman,355
gemma-2-9b,gemmascope-res-16k,This is a woman,4607
gemma-2-9b,gemmascope-res-16k,This is a woman,5739
gemma-2-9b,gemmascope-res-16k,This is a woman,6588
gemma-2-9b,gemmascope-res-16k,This is a woman,7413
gemma-2-9b,gemmascope-res-16k,This is a woman,7915
gemma-2-9b,gemmascope-res-16k,This is a woman,8086
gemma-2-9b,gemmascope-res-16k,This is a woman,8452
gemma-2-9b,gemmascope-res-16k,This is a woman,8688
gemma-2-9b,gemmascope-res-16k,This is a woman,9673
gemma-2-9b,gemmascope-res-16k,This is a woman,This is a woman
gemma-2-9b,gemmascope-res-16k,This is a woman,This is a woman
gemma-2-9b,gemmascope-res-16k,This is a woman,10498
gemma-2-9b,gemmascope-res-16k,This is a woman,12639
gemma-2-9b,gemmascope-res-16k,This is a woman,1993
gemma-2-9b,gemmascope-res-16k,This is a woman,2324
gemma-2-9b,gemmascope-res-16k,This is a woman,2854
gemma-2-9b,gemmascope-res-16k,This is a woman,355
gemma-2-9b,gemmascope-res-16k,This is a woman,4607
gemma-2-9b,gemmascope-res-16k,This is a woman,5739
gemma-2-9b,gemmascope-res-16k,This is a woman,6588
gemma-2-9b,gemmascope-res-16k,This is a woman,7413
gemma-2-9b,gemmascope-res-16k,This is a woman,7915
gemma-2-9b,gemmascope-res-16k,This is a woman,8086
gemma-2-9b,gemmascope-res-16k,This is a woman,8452
gemma-2-9b,gemmascope-res-16k,This is a woman,8688
gemma-2-9b,gemmascope-res-16k,This is a woman,9673
gemma-2-9b,gemmascope-res-16k,This is allah,10194
gemma-2-9b,gemmascope-res-16k,This is allah,11796
gemma-2-9b,gemmascope-res-16k,This is allah,13469
gemma-2-9b,gemmascope-res-16k,This is allah,14566
gemma-2-9b,gemmascope-res-16k,This is allah,15327
gemma-2-9b,gemmascope-res-16k,This is allah,2869
gemma-2-9b,gemmascope-res-16k,This is allah,3111
gemma-2-9b,gemmascope-res-16k,This is allah,3385
gemma-2-9b,gemmascope-res-16k,This is allah,4643
gemma-2-9b,gemmascope-res-16k,This is allah,6320
gemma-2-9b,gemmascope-res-16k,This is allah,9147
gemma-2-9b,gemmascope-res-16k,This is allah,This is allah
gemma-2-9b,gemmascope-res-16k,This is allah,This is allah
gemma-2-9b,gemmascope-res-16k,This is allah,10194
gemma-2-9b,gemmascope-res-16k,This is allah,11796
gemma-2-9b,gemmascope-res-16k,This is allah,13469
gemma-2-9b,gemmascope-res-16k,This is allah,14566
gemma-2-9b,gemmascope-res-16k,This is allah,15327
gemma-2-9b,gemmascope-res-16k,This is allah,2869
gemma-2-9b,gemmascope-res-16k,This is allah,3111
gemma-2-9b,gemmascope-res-16k,This is allah,3385
gemma-2-9b,gemmascope-res-16k,This is allah,4643
gemma-2-9b,gemmascope-res-16k,This is allah,6320
gemma-2-9b,gemmascope-res-16k,This is allah,9147
gemma-2-9b,gemmascope-res-16k,This is an assistant,11687
gemma-2-9b,gemmascope-res-16k,This is an assistant,1197
gemma-2-9b,gemmascope-res-16k,This is an assistant,15068
gemma-2-9b,gemmascope-res-16k,This is an assistant,15741
gemma-2-9b,gemmascope-res-16k,This is an assistant,2575
gemma-2-9b,gemmascope-res-16k,This is an assistant,2835
gemma-2-9b,gemmascope-res-16k,This is an assistant,4057
gemma-2-9b,gemmascope-res-16k,This is an assistant,469
gemma-2-9b,gemmascope-res-16k,This is an assistant,493
gemma-2-9b,gemmascope-res-16k,This is an assistant,5677
gemma-2-9b,gemmascope-res-16k,This is an assistant,6905
gemma-2-9b,gemmascope-res-16k,This is an assistant,7666
gemma-2-9b,gemmascope-res-16k,This is an assistant,7836
gemma-2-9b,gemmascope-res-16k,This is an assistant,8363
gemma-2-9b,gemmascope-res-16k,This is an assistant,8422
gemma-2-9b,gemmascope-res-16k,This is an assistant,9640
gemma-2-9b,gemmascope-res-16k,This is an assistant,9758
gemma-2-9b,gemmascope-res-16k,This is an assistant,This is an assistant
gemma-2-9b,gemmascope-res-16k,This is an assistant,This is an assistant
gemma-2-9b,gemmascope-res-16k,This is an assistant,11687
gemma-2-9b,gemmascope-res-16k,This is an assistant,1197
gemma-2-9b,gemmascope-res-16k,This is an assistant,15068
gemma-2-9b,gemmascope-res-16k,This is an assistant,15741
gemma-2-9b,gemmascope-res-16k,This is an assistant,2575
gemma-2-9b,gemmascope-res-16k,This is an assistant,2835
gemma-2-9b,gemmascope-res-16k,This is an assistant,4057
gemma-2-9b,gemmascope-res-16k,This is an assistant,469
gemma-2-9b,gemmascope-res-16k,This is an assistant,493
gemma-2-9b,gemmascope-res-16k,This is an assistant,5677
gemma-2-9b,gemmascope-res-16k,This is an assistant,6905
gemma-2-9b,gemmascope-res-16k,This is an assistant,7666
gemma-2-9b,gemmascope-res-16k,This is an assistant,7836
gemma-2-9b,gemmascope-res-16k,This is an assistant,8363
gemma-2-9b,gemmascope-res-16k,This is an assistant,8422
gemma-2-9b,gemmascope-res-16k,This is an assistant,9640
gemma-2-9b,gemmascope-res-16k,This is an assistant,9758
gemma-2-9b,gemmascope-res-16k,This is an attack,10101
gemma-2-9b,gemmascope-res-16k,This is an attack,10440
gemma-2-9b,gemmascope-res-16k,This is an attack,10541
gemma-2-9b,gemmascope-res-16k,This is an attack,13828
gemma-2-9b,gemmascope-res-16k,This is an attack,14201
gemma-2-9b,gemmascope-res-16k,This is an attack,14964
gemma-2-9b,gemmascope-res-16k,This is an attack,15382
gemma-2-9b,gemmascope-res-16k,This is an attack,15688
gemma-2-9b,gemmascope-res-16k,This is an attack,15844
gemma-2-9b,gemmascope-res-16k,This is an attack,2894
gemma-2-9b,gemmascope-res-16k,This is an attack,4657
gemma-2-9b,gemmascope-res-16k,This is an attack,5451
gemma-2-9b,gemmascope-res-16k,This is an attack,7564
gemma-2-9b,gemmascope-res-16k,This is an attack,7839
gemma-2-9b,gemmascope-res-16k,This is an attack,8440
gemma-2-9b,gemmascope-res-16k,This is an attack,8854
gemma-2-9b,gemmascope-res-16k,This is an attack,938
gemma-2-9b,gemmascope-res-16k,This is an attack,This is an attack
gemma-2-9b,gemmascope-res-16k,This is an attack,This is an attack
gemma-2-9b,gemmascope-res-16k,This is an attack,10101
gemma-2-9b,gemmascope-res-16k,This is an attack,10440
gemma-2-9b,gemmascope-res-16k,This is an attack,10541
gemma-2-9b,gemmascope-res-16k,This is an attack,13828
gemma-2-9b,gemmascope-res-16k,This is an attack,14201
gemma-2-9b,gemmascope-res-16k,This is an attack,14964
gemma-2-9b,gemmascope-res-16k,This is an attack,15382
gemma-2-9b,gemmascope-res-16k,This is an attack,15688
gemma-2-9b,gemmascope-res-16k,This is an attack,15844
gemma-2-9b,gemmascope-res-16k,This is an attack,2894
gemma-2-9b,gemmascope-res-16k,This is an attack,4657
gemma-2-9b,gemmascope-res-16k,This is an attack,5451
gemma-2-9b,gemmascope-res-16k,This is an attack,7564
gemma-2-9b,gemmascope-res-16k,This is an attack,7839
gemma-2-9b,gemmascope-res-16k,This is an attack,8440
gemma-2-9b,gemmascope-res-16k,This is an attack,8854
gemma-2-9b,gemmascope-res-16k,This is an attack,938
gemma-2-9b,gemmascope-res-16k,This is an engineer,10419
gemma-2-9b,gemmascope-res-16k,This is an engineer,12010
gemma-2-9b,gemmascope-res-16k,This is an engineer,15325
gemma-2-9b,gemmascope-res-16k,This is an engineer,15972
gemma-2-9b,gemmascope-res-16k,This is an engineer,16208
gemma-2-9b,gemmascope-res-16k,This is an engineer,16327
gemma-2-9b,gemmascope-res-16k,This is an engineer,262
gemma-2-9b,gemmascope-res-16k,This is an engineer,4269
gemma-2-9b,gemmascope-res-16k,This is an engineer,4289
gemma-2-9b,gemmascope-res-16k,This is an engineer,5790
gemma-2-9b,gemmascope-res-16k,This is an engineer,7640
gemma-2-9b,gemmascope-res-16k,This is an engineer,9764
gemma-2-9b,gemmascope-res-16k,This is an engineer,This is an engineer
gemma-2-9b,gemmascope-res-16k,This is an engineer,This is an engineer
gemma-2-9b,gemmascope-res-16k,This is an engineer,10419
gemma-2-9b,gemmascope-res-16k,This is an engineer,12010
gemma-2-9b,gemmascope-res-16k,This is an engineer,15325
gemma-2-9b,gemmascope-res-16k,This is an engineer,15972
gemma-2-9b,gemmascope-res-16k,This is an engineer,16208
gemma-2-9b,gemmascope-res-16k,This is an engineer,16327
gemma-2-9b,gemmascope-res-16k,This is an engineer,262
gemma-2-9b,gemmascope-res-16k,This is an engineer,4269
gemma-2-9b,gemmascope-res-16k,This is an engineer,4289
gemma-2-9b,gemmascope-res-16k,This is an engineer,5790
gemma-2-9b,gemmascope-res-16k,This is an engineer,7640
gemma-2-9b,gemmascope-res-16k,This is an engineer,9764
gemma-2-9b,gemmascope-res-16k,This is christianity,10946
gemma-2-9b,gemmascope-res-16k,This is christianity,12399
gemma-2-9b,gemmascope-res-16k,This is christianity,13297
gemma-2-9b,gemmascope-res-16k,This is christianity,13489
gemma-2-9b,gemmascope-res-16k,This is christianity,14600
gemma-2-9b,gemmascope-res-16k,This is christianity,14845
gemma-2-9b,gemmascope-res-16k,This is christianity,15602
gemma-2-9b,gemmascope-res-16k,This is christianity,15807
gemma-2-9b,gemmascope-res-16k,This is christianity,16019
gemma-2-9b,gemmascope-res-16k,This is christianity,16328
gemma-2-9b,gemmascope-res-16k,This is christianity,1900
gemma-2-9b,gemmascope-res-16k,This is christianity,424
gemma-2-9b,gemmascope-res-16k,This is christianity,6118
gemma-2-9b,gemmascope-res-16k,This is christianity,8527
gemma-2-9b,gemmascope-res-16k,This is christianity,This is christianity
gemma-2-9b,gemmascope-res-16k,This is christianity,This is christianity
gemma-2-9b,gemmascope-res-16k,This is christianity,10946
gemma-2-9b,gemmascope-res-16k,This is christianity,12399
gemma-2-9b,gemmascope-res-16k,This is christianity,13297
gemma-2-9b,gemmascope-res-16k,This is christianity,13489
gemma-2-9b,gemmascope-res-16k,This is christianity,14600
gemma-2-9b,gemmascope-res-16k,This is christianity,14845
gemma-2-9b,gemmascope-res-16k,This is christianity,15602
gemma-2-9b,gemmascope-res-16k,This is christianity,15807
gemma-2-9b,gemmascope-res-16k,This is christianity,16019
gemma-2-9b,gemmascope-res-16k,This is christianity,16328
gemma-2-9b,gemmascope-res-16k,This is christianity,1900
gemma-2-9b,gemmascope-res-16k,This is christianity,424
gemma-2-9b,gemmascope-res-16k,This is christianity,6118
gemma-2-9b,gemmascope-res-16k,This is christianity,8527
gemma-2-9b,gemmascope-res-16k,This is cocaine,10193
gemma-2-9b,gemmascope-res-16k,This is cocaine,10257
gemma-2-9b,gemmascope-res-16k,This is cocaine,10716
gemma-2-9b,gemmascope-res-16k,This is cocaine,12223
gemma-2-9b,gemmascope-res-16k,This is cocaine,12956
gemma-2-9b,gemmascope-res-16k,This is cocaine,13283
gemma-2-9b,gemmascope-res-16k,This is cocaine,14511
gemma-2-9b,gemmascope-res-16k,This is cocaine,1709
gemma-2-9b,gemmascope-res-16k,This is cocaine,3466
gemma-2-9b,gemmascope-res-16k,This is cocaine,3480
gemma-2-9b,gemmascope-res-16k,This is cocaine,5431
gemma-2-9b,gemmascope-res-16k,This is cocaine,7618
gemma-2-9b,gemmascope-res-16k,This is cocaine,7804
gemma-2-9b,gemmascope-res-16k,This is cocaine,8170
gemma-2-9b,gemmascope-res-16k,This is cocaine,This is cocaine
gemma-2-9b,gemmascope-res-16k,This is cocaine,This is cocaine
gemma-2-9b,gemmascope-res-16k,This is cocaine,10193
gemma-2-9b,gemmascope-res-16k,This is cocaine,10257
gemma-2-9b,gemmascope-res-16k,This is cocaine,10716
gemma-2-9b,gemmascope-res-16k,This is cocaine,12223
gemma-2-9b,gemmascope-res-16k,This is cocaine,12956
gemma-2-9b,gemmascope-res-16k,This is cocaine,13283
gemma-2-9b,gemmascope-res-16k,This is cocaine,14511
gemma-2-9b,gemmascope-res-16k,This is cocaine,1709
gemma-2-9b,gemmascope-res-16k,This is cocaine,3466
gemma-2-9b,gemmascope-res-16k,This is cocaine,3480
gemma-2-9b,gemmascope-res-16k,This is cocaine,5431
gemma-2-9b,gemmascope-res-16k,This is cocaine,7618
gemma-2-9b,gemmascope-res-16k,This is cocaine,7804
gemma-2-9b,gemmascope-res-16k,This is cocaine,8170
gemma-2-9b,gemmascope-res-16k,this is female,13488
gemma-2-9b,gemmascope-res-16k,this is female,14008
gemma-2-9b,gemmascope-res-16k,this is female,14331
gemma-2-9b,gemmascope-res-16k,this is female,15376
gemma-2-9b,gemmascope-res-16k,this is female,1993
gemma-2-9b,gemmascope-res-16k,this is female,2854
gemma-2-9b,gemmascope-res-16k,this is female,3612
gemma-2-9b,gemmascope-res-16k,this is female,5739
gemma-2-9b,gemmascope-res-16k,this is female,5836
gemma-2-9b,gemmascope-res-16k,this is female,6588
gemma-2-9b,gemmascope-res-16k,this is female,7413
gemma-2-9b,gemmascope-res-16k,this is female,9522
gemma-2-9b,gemmascope-res-16k,this is female,9612
gemma-2-9b,gemmascope-res-16k,this is female,9673
gemma-2-9b,gemmascope-res-16k,this is female,this is female
gemma-2-9b,gemmascope-res-16k,this is female,this is female
gemma-2-9b,gemmascope-res-16k,this is female,13488
gemma-2-9b,gemmascope-res-16k,this is female,14008
gemma-2-9b,gemmascope-res-16k,this is female,14331
gemma-2-9b,gemmascope-res-16k,this is female,15376
gemma-2-9b,gemmascope-res-16k,this is female,1993
gemma-2-9b,gemmascope-res-16k,this is female,2854
gemma-2-9b,gemmascope-res-16k,this is female,3612
gemma-2-9b,gemmascope-res-16k,this is female,5739
gemma-2-9b,gemmascope-res-16k,this is female,5836
gemma-2-9b,gemmascope-res-16k,this is female,6588
gemma-2-9b,gemmascope-res-16k,this is female,7413
gemma-2-9b,gemmascope-res-16k,this is female,9522
gemma-2-9b,gemmascope-res-16k,this is female,9612
gemma-2-9b,gemmascope-res-16k,this is female,9673
gemma-2-9b,gemmascope-res-16k,This is halal,13007
gemma-2-9b,gemmascope-res-16k,This is halal,13288
gemma-2-9b,gemmascope-res-16k,This is halal,13298
gemma-2-9b,gemmascope-res-16k,This is halal,2496
gemma-2-9b,gemmascope-res-16k,This is halal,4735
gemma-2-9b,gemmascope-res-16k,This is halal,586
gemma-2-9b,gemmascope-res-16k,This is halal,6026
gemma-2-9b,gemmascope-res-16k,This is halal,6464
gemma-2-9b,gemmascope-res-16k,This is halal,This is halal
gemma-2-9b,gemmascope-res-16k,This is halal,This is halal
gemma-2-9b,gemmascope-res-16k,This is halal,13007
gemma-2-9b,gemmascope-res-16k,This is halal,13288
gemma-2-9b,gemmascope-res-16k,This is halal,13298
gemma-2-9b,gemmascope-res-16k,This is halal,2496
gemma-2-9b,gemmascope-res-16k,This is halal,4735
gemma-2-9b,gemmascope-res-16k,This is halal,586
gemma-2-9b,gemmascope-res-16k,This is halal,6026
gemma-2-9b,gemmascope-res-16k,This is halal,6464
gemma-2-9b,gemmascope-res-16k,This is he,10250
gemma-2-9b,gemmascope-res-16k,This is he,12844
gemma-2-9b,gemmascope-res-16k,This is he,13244
gemma-2-9b,gemmascope-res-16k,This is he,14407
gemma-2-9b,gemmascope-res-16k,This is he,1893
gemma-2-9b,gemmascope-res-16k,This is he,2619
gemma-2-9b,gemmascope-res-16k,This is he,4111
gemma-2-9b,gemmascope-res-16k,This is he,4284
gemma-2-9b,gemmascope-res-16k,This is he,5492
gemma-2-9b,gemmascope-res-16k,This is he,6742
gemma-2-9b,gemmascope-res-16k,This is he,813
gemma-2-9b,gemmascope-res-16k,This is he,9289
gemma-2-9b,gemmascope-res-16k,This is he,9580
gemma-2-9b,gemmascope-res-16k,This is he,This is he
gemma-2-9b,gemmascope-res-16k,This is he,This is he
gemma-2-9b,gemmascope-res-16k,This is he,10250
gemma-2-9b,gemmascope-res-16k,This is he,12844
gemma-2-9b,gemmascope-res-16k,This is he,13244
gemma-2-9b,gemmascope-res-16k,This is he,14407
gemma-2-9b,gemmascope-res-16k,This is he,1893
gemma-2-9b,gemmascope-res-16k,This is he,2619
gemma-2-9b,gemmascope-res-16k,This is he,4111
gemma-2-9b,gemmascope-res-16k,This is he,4284
gemma-2-9b,gemmascope-res-16k,This is he,5492
gemma-2-9b,gemmascope-res-16k,This is he,6742
gemma-2-9b,gemmascope-res-16k,This is he,813
gemma-2-9b,gemmascope-res-16k,This is he,9289
gemma-2-9b,gemmascope-res-16k,This is he,9580
gemma-2-9b,gemmascope-res-16k,This is islam,13007
gemma-2-9b,gemmascope-res-16k,This is islam,13288
gemma-2-9b,gemmascope-res-16k,This is islam,14443
gemma-2-9b,gemmascope-res-16k,This is islam,2887
gemma-2-9b,gemmascope-res-16k,This is islam,6949
gemma-2-9b,gemmascope-res-16k,This is islam,This is islam
gemma-2-9b,gemmascope-res-16k,This is islam,This is islam
gemma-2-9b,gemmascope-res-16k,This is islam,13007
gemma-2-9b,gemmascope-res-16k,This is islam,13288
gemma-2-9b,gemmascope-res-16k,This is islam,14443
gemma-2-9b,gemmascope-res-16k,This is islam,2887
gemma-2-9b,gemmascope-res-16k,This is islam,6949
gemma-2-9b,gemmascope-res-16k,This is jesus,1544
gemma-2-9b,gemmascope-res-16k,This is jesus,2107
gemma-2-9b,gemmascope-res-16k,This is jesus,6237
gemma-2-9b,gemmascope-res-16k,This is jesus,7094
gemma-2-9b,gemmascope-res-16k,This is jesus,765
gemma-2-9b,gemmascope-res-16k,This is jesus,This is jesus
gemma-2-9b,gemmascope-res-16k,This is jesus,This is jesus
gemma-2-9b,gemmascope-res-16k,This is jesus,1544
gemma-2-9b,gemmascope-res-16k,This is jesus,2107
gemma-2-9b,gemmascope-res-16k,This is jesus,6237
gemma-2-9b,gemmascope-res-16k,This is jesus,7094
gemma-2-9b,gemmascope-res-16k,This is jesus,765
gemma-2-9b,gemmascope-res-16k,This is judaism,11090
gemma-2-9b,gemmascope-res-16k,This is judaism,9437
gemma-2-9b,gemmascope-res-16k,This is judaism,9894
gemma-2-9b,gemmascope-res-16k,This is judaism,This is judaism
gemma-2-9b,gemmascope-res-16k,This is judaism,This is judaism
gemma-2-9b,gemmascope-res-16k,This is judaism,11090
gemma-2-9b,gemmascope-res-16k,This is judaism,9437
gemma-2-9b,gemmascope-res-16k,This is judaism,9894
gemma-2-9b,gemmascope-res-16k,This is kosher,11812
gemma-2-9b,gemmascope-res-16k,This is kosher,15076
gemma-2-9b,gemmascope-res-16k,This is kosher,1519
gemma-2-9b,gemmascope-res-16k,This is kosher,16311
gemma-2-9b,gemmascope-res-16k,This is kosher,2139
gemma-2-9b,gemmascope-res-16k,This is kosher,3031
gemma-2-9b,gemmascope-res-16k,This is kosher,3601
gemma-2-9b,gemmascope-res-16k,This is kosher,7968
gemma-2-9b,gemmascope-res-16k,This is kosher,This is kosher
gemma-2-9b,gemmascope-res-16k,This is kosher,This is kosher
gemma-2-9b,gemmascope-res-16k,This is kosher,11812
gemma-2-9b,gemmascope-res-16k,This is kosher,15076
gemma-2-9b,gemmascope-res-16k,This is kosher,1519
gemma-2-9b,gemmascope-res-16k,This is kosher,16311
gemma-2-9b,gemmascope-res-16k,This is kosher,2139
gemma-2-9b,gemmascope-res-16k,This is kosher,3031
gemma-2-9b,gemmascope-res-16k,This is kosher,3601
gemma-2-9b,gemmascope-res-16k,This is kosher,7968
gemma-2-9b,gemmascope-res-16k,This is mecca,1064
gemma-2-9b,gemmascope-res-16k,This is mecca,12976
gemma-2-9b,gemmascope-res-16k,This is mecca,14147
gemma-2-9b,gemmascope-res-16k,This is mecca,16342
gemma-2-9b,gemmascope-res-16k,This is mecca,4843
gemma-2-9b,gemmascope-res-16k,This is mecca,5540
gemma-2-9b,gemmascope-res-16k,This is mecca,7363
gemma-2-9b,gemmascope-res-16k,This is mecca,This is mecca
gemma-2-9b,gemmascope-res-16k,This is mecca,This is mecca
gemma-2-9b,gemmascope-res-16k,This is mecca,1064
gemma-2-9b,gemmascope-res-16k,This is mecca,12976
gemma-2-9b,gemmascope-res-16k,This is mecca,14147
gemma-2-9b,gemmascope-res-16k,This is mecca,16342
gemma-2-9b,gemmascope-res-16k,This is mecca,4843
gemma-2-9b,gemmascope-res-16k,This is mecca,5540
gemma-2-9b,gemmascope-res-16k,This is mecca,7363
gemma-2-9b,gemmascope-res-16k,This is money,10440
gemma-2-9b,gemmascope-res-16k,This is money,12158
gemma-2-9b,gemmascope-res-16k,This is money,14201
gemma-2-9b,gemmascope-res-16k,This is money,14964
gemma-2-9b,gemmascope-res-16k,This is money,15539
gemma-2-9b,gemmascope-res-16k,This is money,15688
gemma-2-9b,gemmascope-res-16k,This is money,15844
gemma-2-9b,gemmascope-res-16k,This is money,2894
gemma-2-9b,gemmascope-res-16k,This is money,7564
gemma-2-9b,gemmascope-res-16k,This is money,7839
gemma-2-9b,gemmascope-res-16k,This is money,8086
gemma-2-9b,gemmascope-res-16k,This is money,8237
gemma-2-9b,gemmascope-res-16k,This is money,8501
gemma-2-9b,gemmascope-res-16k,This is money,8675
gemma-2-9b,gemmascope-res-16k,This is money,8854
gemma-2-9b,gemmascope-res-16k,This is money,9282
gemma-2-9b,gemmascope-res-16k,This is money,938
gemma-2-9b,gemmascope-res-16k,This is money,This is money
gemma-2-9b,gemmascope-res-16k,This is money,This is money
gemma-2-9b,gemmascope-res-16k,This is money,10440
gemma-2-9b,gemmascope-res-16k,This is money,12158
gemma-2-9b,gemmascope-res-16k,This is money,14201
gemma-2-9b,gemmascope-res-16k,This is money,14964
gemma-2-9b,gemmascope-res-16k,This is money,15539
gemma-2-9b,gemmascope-res-16k,This is money,15688
gemma-2-9b,gemmascope-res-16k,This is money,15844
gemma-2-9b,gemmascope-res-16k,This is money,2894
gemma-2-9b,gemmascope-res-16k,This is money,7564
gemma-2-9b,gemmascope-res-16k,This is money,7839
gemma-2-9b,gemmascope-res-16k,This is money,8086
gemma-2-9b,gemmascope-res-16k,This is money,8237
gemma-2-9b,gemmascope-res-16k,This is money,8501
gemma-2-9b,gemmascope-res-16k,This is money,8675
gemma-2-9b,gemmascope-res-16k,This is money,8854
gemma-2-9b,gemmascope-res-16k,This is money,9282
gemma-2-9b,gemmascope-res-16k,This is money,938
gemma-2-9b,gemmascope-res-16k,This is naive,10101
gemma-2-9b,gemmascope-res-16k,This is naive,10440
gemma-2-9b,gemmascope-res-16k,This is naive,14201
gemma-2-9b,gemmascope-res-16k,This is naive,14964
gemma-2-9b,gemmascope-res-16k,This is naive,15688
gemma-2-9b,gemmascope-res-16k,This is naive,15844
gemma-2-9b,gemmascope-res-16k,This is naive,2077
gemma-2-9b,gemmascope-res-16k,This is naive,285
gemma-2-9b,gemmascope-res-16k,This is naive,2894
gemma-2-9b,gemmascope-res-16k,This is naive,4657
gemma-2-9b,gemmascope-res-16k,This is naive,6594
gemma-2-9b,gemmascope-res-16k,This is naive,7564
gemma-2-9b,gemmascope-res-16k,This is naive,7839
gemma-2-9b,gemmascope-res-16k,This is naive,8139
gemma-2-9b,gemmascope-res-16k,This is naive,8854
gemma-2-9b,gemmascope-res-16k,This is naive,8999
gemma-2-9b,gemmascope-res-16k,This is naive,938
gemma-2-9b,gemmascope-res-16k,This is naive,This is naive
gemma-2-9b,gemmascope-res-16k,This is naive,This is naive
gemma-2-9b,gemmascope-res-16k,This is naive,10101
gemma-2-9b,gemmascope-res-16k,This is naive,10440
gemma-2-9b,gemmascope-res-16k,This is naive,14201
gemma-2-9b,gemmascope-res-16k,This is naive,14964
gemma-2-9b,gemmascope-res-16k,This is naive,15688
gemma-2-9b,gemmascope-res-16k,This is naive,15844
gemma-2-9b,gemmascope-res-16k,This is naive,2077
gemma-2-9b,gemmascope-res-16k,This is naive,285
gemma-2-9b,gemmascope-res-16k,This is naive,2894
gemma-2-9b,gemmascope-res-16k,This is naive,4657
gemma-2-9b,gemmascope-res-16k,This is naive,6594
gemma-2-9b,gemmascope-res-16k,This is naive,7564
gemma-2-9b,gemmascope-res-16k,This is naive,7839
gemma-2-9b,gemmascope-res-16k,This is naive,8139
gemma-2-9b,gemmascope-res-16k,This is naive,8854
gemma-2-9b,gemmascope-res-16k,This is naive,8999
gemma-2-9b,gemmascope-res-16k,This is naive,938
gemma-2-9b,gemmascope-res-16k,This is naiveThis is money,This is naiveThis is money
gemma-2-9b,gemmascope-res-16k,This is naiveThis is money,This is naiveThis is money
gemma-2-9b,gemmascope-res-16k,this is nose,1070
gemma-2-9b,gemmascope-res-16k,this is nose,11494
gemma-2-9b,gemmascope-res-16k,this is nose,12371
gemma-2-9b,gemmascope-res-16k,this is nose,13534
gemma-2-9b,gemmascope-res-16k,this is nose,14176
gemma-2-9b,gemmascope-res-16k,this is nose,14296
gemma-2-9b,gemmascope-res-16k,this is nose,14314
gemma-2-9b,gemmascope-res-16k,this is nose,1504
gemma-2-9b,gemmascope-res-16k,this is nose,15852
gemma-2-9b,gemmascope-res-16k,this is nose,2696
gemma-2-9b,gemmascope-res-16k,this is nose,4474
gemma-2-9b,gemmascope-res-16k,this is nose,5981
gemma-2-9b,gemmascope-res-16k,this is nose,7101
gemma-2-9b,gemmascope-res-16k,this is nose,8254
gemma-2-9b,gemmascope-res-16k,this is nose,9879
gemma-2-9b,gemmascope-res-16k,this is nose,this is nose
gemma-2-9b,gemmascope-res-16k,this is nose,this is nose
gemma-2-9b,gemmascope-res-16k,this is nose,1070
gemma-2-9b,gemmascope-res-16k,this is nose,11494
gemma-2-9b,gemmascope-res-16k,this is nose,12371
gemma-2-9b,gemmascope-res-16k,this is nose,13534
gemma-2-9b,gemmascope-res-16k,this is nose,14176
gemma-2-9b,gemmascope-res-16k,this is nose,14296
gemma-2-9b,gemmascope-res-16k,this is nose,14314
gemma-2-9b,gemmascope-res-16k,this is nose,1504
gemma-2-9b,gemmascope-res-16k,this is nose,15852
gemma-2-9b,gemmascope-res-16k,this is nose,2696
gemma-2-9b,gemmascope-res-16k,this is nose,4474
gemma-2-9b,gemmascope-res-16k,this is nose,5981
gemma-2-9b,gemmascope-res-16k,this is nose,7101
gemma-2-9b,gemmascope-res-16k,this is nose,8254
gemma-2-9b,gemmascope-res-16k,this is nose,9879
gemma-2-9b,gemmascope-res-16k,This is shabbat,10119
gemma-2-9b,gemmascope-res-16k,This is shabbat,10533
gemma-2-9b,gemmascope-res-16k,This is shabbat,10744
gemma-2-9b,gemmascope-res-16k,This is shabbat,11576
gemma-2-9b,gemmascope-res-16k,This is shabbat,13969
gemma-2-9b,gemmascope-res-16k,This is shabbat,1415
gemma-2-9b,gemmascope-res-16k,This is shabbat,15206
gemma-2-9b,gemmascope-res-16k,This is shabbat,16170
gemma-2-9b,gemmascope-res-16k,This is shabbat,272
gemma-2-9b,gemmascope-res-16k,This is shabbat,3031
gemma-2-9b,gemmascope-res-16k,This is shabbat,5191
gemma-2-9b,gemmascope-res-16k,This is shabbat,608
gemma-2-9b,gemmascope-res-16k,This is shabbat,6931
gemma-2-9b,gemmascope-res-16k,This is shabbat,7201
gemma-2-9b,gemmascope-res-16k,This is shabbat,862
gemma-2-9b,gemmascope-res-16k,This is shabbat,8841
gemma-2-9b,gemmascope-res-16k,This is shabbat,This is shabbat
gemma-2-9b,gemmascope-res-16k,This is shabbat,This is shabbat
gemma-2-9b,gemmascope-res-16k,This is shabbat,10119
gemma-2-9b,gemmascope-res-16k,This is shabbat,10533
gemma-2-9b,gemmascope-res-16k,This is shabbat,10744
gemma-2-9b,gemmascope-res-16k,This is shabbat,11576
gemma-2-9b,gemmascope-res-16k,This is shabbat,13969
gemma-2-9b,gemmascope-res-16k,This is shabbat,1415
gemma-2-9b,gemmascope-res-16k,This is shabbat,15206
gemma-2-9b,gemmascope-res-16k,This is shabbat,16170
gemma-2-9b,gemmascope-res-16k,This is shabbat,272
gemma-2-9b,gemmascope-res-16k,This is shabbat,3031
gemma-2-9b,gemmascope-res-16k,This is shabbat,5191
gemma-2-9b,gemmascope-res-16k,This is shabbat,608
gemma-2-9b,gemmascope-res-16k,This is shabbat,6931
gemma-2-9b,gemmascope-res-16k,This is shabbat,7201
gemma-2-9b,gemmascope-res-16k,This is shabbat,862
gemma-2-9b,gemmascope-res-16k,This is shabbat,8841
gemma-2-9b,gemmascope-res-16k,This is she,10456
gemma-2-9b,gemmascope-res-16k,This is she,15166
gemma-2-9b,gemmascope-res-16k,This is she,16153
gemma-2-9b,gemmascope-res-16k,This is she,2240
gemma-2-9b,gemmascope-res-16k,This is she,2949
gemma-2-9b,gemmascope-res-16k,This is she,3603
gemma-2-9b,gemmascope-res-16k,This is she,3649
gemma-2-9b,gemmascope-res-16k,This is she,4429
gemma-2-9b,gemmascope-res-16k,This is she,4991
gemma-2-9b,gemmascope-res-16k,This is she,5761
gemma-2-9b,gemmascope-res-16k,This is she,755
gemma-2-9b,gemmascope-res-16k,This is she,761
gemma-2-9b,gemmascope-res-16k,This is she,7700
gemma-2-9b,gemmascope-res-16k,This is she,9282
gemma-2-9b,gemmascope-res-16k,This is she,This is she
gemma-2-9b,gemmascope-res-16k,This is she,This is she
gemma-2-9b,gemmascope-res-16k,This is she,10456
gemma-2-9b,gemmascope-res-16k,This is she,15166
gemma-2-9b,gemmascope-res-16k,This is she,16153
gemma-2-9b,gemmascope-res-16k,This is she,2240
gemma-2-9b,gemmascope-res-16k,This is she,2949
gemma-2-9b,gemmascope-res-16k,This is she,3603
gemma-2-9b,gemmascope-res-16k,This is she,3649
gemma-2-9b,gemmascope-res-16k,This is she,4429
gemma-2-9b,gemmascope-res-16k,This is she,4991
gemma-2-9b,gemmascope-res-16k,This is she,5761
gemma-2-9b,gemmascope-res-16k,This is she,755
gemma-2-9b,gemmascope-res-16k,This is she,761
gemma-2-9b,gemmascope-res-16k,This is she,7700
gemma-2-9b,gemmascope-res-16k,This is she,9282
gemma-2-9b-it,gemmascope-res-131k,Das ist ein Jude,103108
gemma-2-9b-it,gemmascope-res-131k,Das ist ein Jude,118081
gemma-2-9b-it,gemmascope-res-131k,Das ist ein Jude,12125
gemma-2-9b-it,gemmascope-res-131k,Das ist ein Jude,124929
gemma-2-9b-it,gemmascope-res-131k,Das ist ein Jude,129038
gemma-2-9b-it,gemmascope-res-131k,Das ist ein Jude,129402
gemma-2-9b-it,gemmascope-res-131k,Das ist ein Jude,27665
gemma-2-9b-it,gemmascope-res-131k,Das ist ein Jude,28183
gemma-2-9b-it,gemmascope-res-131k,Das ist ein Jude,32208
gemma-2-9b-it,gemmascope-res-131k,Das ist ein Jude,40731
gemma-2-9b-it,gemmascope-res-131k,Das ist ein Jude,59293
gemma-2-9b-it,gemmascope-res-131k,Das ist ein Jude,60971
gemma-2-9b-it,gemmascope-res-131k,Das ist ein Jude,73492
gemma-2-9b-it,gemmascope-res-131k,Das ist ein Jude,84647
gemma-2-9b-it,gemmascope-res-131k,Das ist ein Jude,85665
gemma-2-9b-it,gemmascope-res-131k,Das ist ein Jude,Das ist ein Jude
gemma-2-9b-it,gemmascope-res-131k,Das ist ein Jude,Das ist ein Jude
gemma-2-9b-it,gemmascope-res-131k,Das ist ein Jude,103108
gemma-2-9b-it,gemmascope-res-131k,Das ist ein Jude,118081
gemma-2-9b-it,gemmascope-res-131k,Das ist ein Jude,12125
gemma-2-9b-it,gemmascope-res-131k,Das ist ein Jude,124929
gemma-2-9b-it,gemmascope-res-131k,Das ist ein Jude,129038
gemma-2-9b-it,gemmascope-res-131k,Das ist ein Jude,129402
gemma-2-9b-it,gemmascope-res-131k,Das ist ein Jude,27665
gemma-2-9b-it,gemmascope-res-131k,Das ist ein Jude,28183
gemma-2-9b-it,gemmascope-res-131k,Das ist ein Jude,32208
gemma-2-9b-it,gemmascope-res-131k,Das ist ein Jude,40731
gemma-2-9b-it,gemmascope-res-131k,Das ist ein Jude,59293
gemma-2-9b-it,gemmascope-res-131k,Das ist ein Jude,60971
gemma-2-9b-it,gemmascope-res-131k,Das ist ein Jude,73492
gemma-2-9b-it,gemmascope-res-131k,Das ist ein Jude,84647
gemma-2-9b-it,gemmascope-res-131k,Das ist ein Jude,85665
gemma-2-9b-it,gemmascope-res-131k,Das ist ein Mann,107716
gemma-2-9b-it,gemmascope-res-131k,Das ist ein Mann,110168
gemma-2-9b-it,gemmascope-res-131k,Das ist ein Mann,121195
gemma-2-9b-it,gemmascope-res-131k,Das ist ein Mann,121885
gemma-2-9b-it,gemmascope-res-131k,Das ist ein Mann,12445
gemma-2-9b-it,gemmascope-res-131k,Das ist ein Mann,15797
gemma-2-9b-it,gemmascope-res-131k,Das ist ein Mann,21090
gemma-2-9b-it,gemmascope-res-131k,Das ist ein Mann,32117
gemma-2-9b-it,gemmascope-res-131k,Das ist ein Mann,32615
gemma-2-9b-it,gemmascope-res-131k,Das ist ein Mann,40731
gemma-2-9b-it,gemmascope-res-131k,Das ist ein Mann,4159
gemma-2-9b-it,gemmascope-res-131k,Das ist ein Mann,55863
gemma-2-9b-it,gemmascope-res-131k,Das ist ein Mann,66515
gemma-2-9b-it,gemmascope-res-131k,Das ist ein Mann,71755
gemma-2-9b-it,gemmascope-res-131k,Das ist ein Mann,72108
gemma-2-9b-it,gemmascope-res-131k,Das ist ein Mann,74145
gemma-2-9b-it,gemmascope-res-131k,Das ist ein Mann,98882
gemma-2-9b-it,gemmascope-res-131k,Das ist ein Mann,Das ist ein Mann
gemma-2-9b-it,gemmascope-res-131k,Das ist ein Mann,Das ist ein Mann
gemma-2-9b-it,gemmascope-res-131k,Das ist ein Mann,107716
gemma-2-9b-it,gemmascope-res-131k,Das ist ein Mann,110168
gemma-2-9b-it,gemmascope-res-131k,Das ist ein Mann,121195
gemma-2-9b-it,gemmascope-res-131k,Das ist ein Mann,121885
gemma-2-9b-it,gemmascope-res-131k,Das ist ein Mann,12445
gemma-2-9b-it,gemmascope-res-131k,Das ist ein Mann,15797
gemma-2-9b-it,gemmascope-res-131k,Das ist ein Mann,21090
gemma-2-9b-it,gemmascope-res-131k,Das ist ein Mann,32117
gemma-2-9b-it,gemmascope-res-131k,Das ist ein Mann,32615
gemma-2-9b-it,gemmascope-res-131k,Das ist ein Mann,40731
gemma-2-9b-it,gemmascope-res-131k,Das ist ein Mann,4159
gemma-2-9b-it,gemmascope-res-131k,Das ist ein Mann,55863
gemma-2-9b-it,gemmascope-res-131k,Das ist ein Mann,66515
gemma-2-9b-it,gemmascope-res-131k,Das ist ein Mann,71755
gemma-2-9b-it,gemmascope-res-131k,Das ist ein Mann,72108
gemma-2-9b-it,gemmascope-res-131k,Das ist ein Mann,74145
gemma-2-9b-it,gemmascope-res-131k,Das ist ein Mann,98882
gemma-2-9b-it,gemmascope-res-131k,Das ist ein Mädchen,104309
gemma-2-9b-it,gemmascope-res-131k,Das ist ein Mädchen,110690
gemma-2-9b-it,gemmascope-res-131k,Das ist ein Mädchen,12445
gemma-2-9b-it,gemmascope-res-131k,Das ist ein Mädchen,20314
gemma-2-9b-it,gemmascope-res-131k,Das ist ein Mädchen,25514
gemma-2-9b-it,gemmascope-res-131k,Das ist ein Mädchen,40731
gemma-2-9b-it,gemmascope-res-131k,Das ist ein Mädchen,4159
gemma-2-9b-it,gemmascope-res-131k,Das ist ein Mädchen,62242
gemma-2-9b-it,gemmascope-res-131k,Das ist ein Mädchen,68484
gemma-2-9b-it,gemmascope-res-131k,Das ist ein Mädchen,76018
gemma-2-9b-it,gemmascope-res-131k,Das ist ein Mädchen,80886
gemma-2-9b-it,gemmascope-res-131k,Das ist ein Mädchen,82289
gemma-2-9b-it,gemmascope-res-131k,Das ist ein Mädchen,87387
gemma-2-9b-it,gemmascope-res-131k,Das ist ein Mädchen,89506
gemma-2-9b-it,gemmascope-res-131k,Das ist ein Mädchen,Das ist ein Mädchen
gemma-2-9b-it,gemmascope-res-131k,Das ist ein Mädchen,Das ist ein Mädchen
gemma-2-9b-it,gemmascope-res-131k,Das ist ein Mädchen,104309
gemma-2-9b-it,gemmascope-res-131k,Das ist ein Mädchen,110690
gemma-2-9b-it,gemmascope-res-131k,Das ist ein Mädchen,12445
gemma-2-9b-it,gemmascope-res-131k,Das ist ein Mädchen,20314
gemma-2-9b-it,gemmascope-res-131k,Das ist ein Mädchen,25514
gemma-2-9b-it,gemmascope-res-131k,Das ist ein Mädchen,40731
gemma-2-9b-it,gemmascope-res-131k,Das ist ein Mädchen,4159
gemma-2-9b-it,gemmascope-res-131k,Das ist ein Mädchen,62242
gemma-2-9b-it,gemmascope-res-131k,Das ist ein Mädchen,68484
gemma-2-9b-it,gemmascope-res-131k,Das ist ein Mädchen,76018
gemma-2-9b-it,gemmascope-res-131k,Das ist ein Mädchen,80886
gemma-2-9b-it,gemmascope-res-131k,Das ist ein Mädchen,82289
gemma-2-9b-it,gemmascope-res-131k,Das ist ein Mädchen,87387
gemma-2-9b-it,gemmascope-res-131k,Das ist ein Mädchen,89506
gemma-2-9b-it,gemmascope-res-131k,Das ist ein Opa,106847
gemma-2-9b-it,gemmascope-res-131k,Das ist ein Opa,18284
gemma-2-9b-it,gemmascope-res-131k,Das ist ein Opa,25514
gemma-2-9b-it,gemmascope-res-131k,Das ist ein Opa,2880
gemma-2-9b-it,gemmascope-res-131k,Das ist ein Opa,29625
gemma-2-9b-it,gemmascope-res-131k,Das ist ein Opa,34882
gemma-2-9b-it,gemmascope-res-131k,Das ist ein Opa,35413
gemma-2-9b-it,gemmascope-res-131k,Das ist ein Opa,40731
gemma-2-9b-it,gemmascope-res-131k,Das ist ein Opa,54782
gemma-2-9b-it,gemmascope-res-131k,Das ist ein Opa,57438
gemma-2-9b-it,gemmascope-res-131k,Das ist ein Opa,71799
gemma-2-9b-it,gemmascope-res-131k,Das ist ein Opa,88856
gemma-2-9b-it,gemmascope-res-131k,Das ist ein Opa,92794
gemma-2-9b-it,gemmascope-res-131k,Das ist ein Opa,96640
gemma-2-9b-it,gemmascope-res-131k,Das ist ein Opa,9795
gemma-2-9b-it,gemmascope-res-131k,Das ist ein Opa,Das ist ein Opa
gemma-2-9b-it,gemmascope-res-131k,Das ist ein Opa,Das ist ein Opa
gemma-2-9b-it,gemmascope-res-131k,Das ist ein Opa,106847
gemma-2-9b-it,gemmascope-res-131k,Das ist ein Opa,18284
gemma-2-9b-it,gemmascope-res-131k,Das ist ein Opa,25514
gemma-2-9b-it,gemmascope-res-131k,Das ist ein Opa,2880
gemma-2-9b-it,gemmascope-res-131k,Das ist ein Opa,29625
gemma-2-9b-it,gemmascope-res-131k,Das ist ein Opa,34882
gemma-2-9b-it,gemmascope-res-131k,Das ist ein Opa,35413
gemma-2-9b-it,gemmascope-res-131k,Das ist ein Opa,40731
gemma-2-9b-it,gemmascope-res-131k,Das ist ein Opa,54782
gemma-2-9b-it,gemmascope-res-131k,Das ist ein Opa,57438
gemma-2-9b-it,gemmascope-res-131k,Das ist ein Opa,71799
gemma-2-9b-it,gemmascope-res-131k,Das ist ein Opa,88856
gemma-2-9b-it,gemmascope-res-131k,Das ist ein Opa,92794
gemma-2-9b-it,gemmascope-res-131k,Das ist ein Opa,96640
gemma-2-9b-it,gemmascope-res-131k,Das ist ein Opa,9795
gemma-2-9b-it,gemmascope-res-131k,Das ist eine Frau,107716
gemma-2-9b-it,gemmascope-res-131k,Das ist eine Frau,11125
gemma-2-9b-it,gemmascope-res-131k,Das ist eine Frau,121195
gemma-2-9b-it,gemmascope-res-131k,Das ist eine Frau,127803
gemma-2-9b-it,gemmascope-res-131k,Das ist eine Frau,129402
gemma-2-9b-it,gemmascope-res-131k,Das ist eine Frau,37214
gemma-2-9b-it,gemmascope-res-131k,Das ist eine Frau,40731
gemma-2-9b-it,gemmascope-res-131k,Das ist eine Frau,4159
gemma-2-9b-it,gemmascope-res-131k,Das ist eine Frau,53903
gemma-2-9b-it,gemmascope-res-131k,Das ist eine Frau,66515
gemma-2-9b-it,gemmascope-res-131k,Das ist eine Frau,71755
gemma-2-9b-it,gemmascope-res-131k,Das ist eine Frau,72108
gemma-2-9b-it,gemmascope-res-131k,Das ist eine Frau,96637
gemma-2-9b-it,gemmascope-res-131k,Das ist eine Frau,98882
gemma-2-9b-it,gemmascope-res-131k,Das ist eine Frau,Das ist eine Frau
gemma-2-9b-it,gemmascope-res-131k,Das ist eine Frau,Das ist eine Frau
gemma-2-9b-it,gemmascope-res-131k,Das ist eine Frau,107716
gemma-2-9b-it,gemmascope-res-131k,Das ist eine Frau,11125
gemma-2-9b-it,gemmascope-res-131k,Das ist eine Frau,121195
gemma-2-9b-it,gemmascope-res-131k,Das ist eine Frau,127803
gemma-2-9b-it,gemmascope-res-131k,Das ist eine Frau,129402
gemma-2-9b-it,gemmascope-res-131k,Das ist eine Frau,37214
gemma-2-9b-it,gemmascope-res-131k,Das ist eine Frau,40731
gemma-2-9b-it,gemmascope-res-131k,Das ist eine Frau,4159
gemma-2-9b-it,gemmascope-res-131k,Das ist eine Frau,53903
gemma-2-9b-it,gemmascope-res-131k,Das ist eine Frau,66515
gemma-2-9b-it,gemmascope-res-131k,Das ist eine Frau,71755
gemma-2-9b-it,gemmascope-res-131k,Das ist eine Frau,72108
gemma-2-9b-it,gemmascope-res-131k,Das ist eine Frau,96637
gemma-2-9b-it,gemmascope-res-131k,Das ist eine Frau,98882
gemma-2-9b-it,gemmascope-res-131k,Das ist eine Oma,16874
gemma-2-9b-it,gemmascope-res-131k,Das ist eine Oma,20932
gemma-2-9b-it,gemmascope-res-131k,Das ist eine Oma,21541
gemma-2-9b-it,gemmascope-res-131k,Das ist eine Oma,29625
gemma-2-9b-it,gemmascope-res-131k,Das ist eine Oma,34729
gemma-2-9b-it,gemmascope-res-131k,Das ist eine Oma,34882
gemma-2-9b-it,gemmascope-res-131k,Das ist eine Oma,35413
gemma-2-9b-it,gemmascope-res-131k,Das ist eine Oma,40731
gemma-2-9b-it,gemmascope-res-131k,Das ist eine Oma,57438
gemma-2-9b-it,gemmascope-res-131k,Das ist eine Oma,65475
gemma-2-9b-it,gemmascope-res-131k,Das ist eine Oma,71799
gemma-2-9b-it,gemmascope-res-131k,Das ist eine Oma,90180
gemma-2-9b-it,gemmascope-res-131k,Das ist eine Oma,92794
gemma-2-9b-it,gemmascope-res-131k,Das ist eine Oma,96640
gemma-2-9b-it,gemmascope-res-131k,Das ist eine Oma,9795
gemma-2-9b-it,gemmascope-res-131k,Das ist eine Oma,Das ist eine Oma
gemma-2-9b-it,gemmascope-res-131k,Das ist eine Oma,Das ist eine Oma
gemma-2-9b-it,gemmascope-res-131k,Das ist eine Oma,16874
gemma-2-9b-it,gemmascope-res-131k,Das ist eine Oma,20932
gemma-2-9b-it,gemmascope-res-131k,Das ist eine Oma,21541
gemma-2-9b-it,gemmascope-res-131k,Das ist eine Oma,29625
gemma-2-9b-it,gemmascope-res-131k,Das ist eine Oma,34729
gemma-2-9b-it,gemmascope-res-131k,Das ist eine Oma,34882
gemma-2-9b-it,gemmascope-res-131k,Das ist eine Oma,35413
gemma-2-9b-it,gemmascope-res-131k,Das ist eine Oma,40731
gemma-2-9b-it,gemmascope-res-131k,Das ist eine Oma,57438
gemma-2-9b-it,gemmascope-res-131k,Das ist eine Oma,65475
gemma-2-9b-it,gemmascope-res-131k,Das ist eine Oma,71799
gemma-2-9b-it,gemmascope-res-131k,Das ist eine Oma,90180
gemma-2-9b-it,gemmascope-res-131k,Das ist eine Oma,92794
gemma-2-9b-it,gemmascope-res-131k,Das ist eine Oma,96640
gemma-2-9b-it,gemmascope-res-131k,Das ist eine Oma,9795
gemma-2-9b-it,gemmascope-res-131k,Das ists ein Junge,100429
gemma-2-9b-it,gemmascope-res-131k,Das ists ein Junge,110012
gemma-2-9b-it,gemmascope-res-131k,Das ists ein Junge,115634
gemma-2-9b-it,gemmascope-res-131k,Das ists ein Junge,12428
gemma-2-9b-it,gemmascope-res-131k,Das ists ein Junge,13512
gemma-2-9b-it,gemmascope-res-131k,Das ists ein Junge,25514
gemma-2-9b-it,gemmascope-res-131k,Das ists ein Junge,27068
gemma-2-9b-it,gemmascope-res-131k,Das ists ein Junge,28892
gemma-2-9b-it,gemmascope-res-131k,Das ists ein Junge,33782
gemma-2-9b-it,gemmascope-res-131k,Das ists ein Junge,40731
gemma-2-9b-it,gemmascope-res-131k,Das ists ein Junge,42663
gemma-2-9b-it,gemmascope-res-131k,Das ists ein Junge,67196
gemma-2-9b-it,gemmascope-res-131k,Das ists ein Junge,82361
gemma-2-9b-it,gemmascope-res-131k,Das ists ein Junge,83515
gemma-2-9b-it,gemmascope-res-131k,Das ists ein Junge,Das ists ein Junge
gemma-2-9b-it,gemmascope-res-131k,Das ists ein Junge,Das ists ein Junge
gemma-2-9b-it,gemmascope-res-131k,Das ists ein Junge,100429
gemma-2-9b-it,gemmascope-res-131k,Das ists ein Junge,110012
gemma-2-9b-it,gemmascope-res-131k,Das ists ein Junge,115634
gemma-2-9b-it,gemmascope-res-131k,Das ists ein Junge,12428
gemma-2-9b-it,gemmascope-res-131k,Das ists ein Junge,13512
gemma-2-9b-it,gemmascope-res-131k,Das ists ein Junge,25514
gemma-2-9b-it,gemmascope-res-131k,Das ists ein Junge,27068
gemma-2-9b-it,gemmascope-res-131k,Das ists ein Junge,28892
gemma-2-9b-it,gemmascope-res-131k,Das ists ein Junge,33782
gemma-2-9b-it,gemmascope-res-131k,Das ists ein Junge,40731
gemma-2-9b-it,gemmascope-res-131k,Das ists ein Junge,42663
gemma-2-9b-it,gemmascope-res-131k,Das ists ein Junge,67196
gemma-2-9b-it,gemmascope-res-131k,Das ists ein Junge,82361
gemma-2-9b-it,gemmascope-res-131k,Das ists ein Junge,83515
gemma-2-9b-it,gemmascope-res-131k,il est juif,102305
gemma-2-9b-it,gemmascope-res-131k,il est juif,103076
gemma-2-9b-it,gemmascope-res-131k,il est juif,103108
gemma-2-9b-it,gemmascope-res-131k,il est juif,1096
gemma-2-9b-it,gemmascope-res-131k,il est juif,114546
gemma-2-9b-it,gemmascope-res-131k,il est juif,15534
gemma-2-9b-it,gemmascope-res-131k,il est juif,28183
gemma-2-9b-it,gemmascope-res-131k,il est juif,50364
gemma-2-9b-it,gemmascope-res-131k,il est juif,65645
gemma-2-9b-it,gemmascope-res-131k,il est juif,82873
gemma-2-9b-it,gemmascope-res-131k,il est juif,84647
gemma-2-9b-it,gemmascope-res-131k,il est juif,85665
gemma-2-9b-it,gemmascope-res-131k,il est juif,93392
gemma-2-9b-it,gemmascope-res-131k,il est juif,99336
gemma-2-9b-it,gemmascope-res-131k,il est juif,il est juif
gemma-2-9b-it,gemmascope-res-131k,il est juif,il est juif
gemma-2-9b-it,gemmascope-res-131k,il est juif,102305
gemma-2-9b-it,gemmascope-res-131k,il est juif,103076
gemma-2-9b-it,gemmascope-res-131k,il est juif,103108
gemma-2-9b-it,gemmascope-res-131k,il est juif,1096
gemma-2-9b-it,gemmascope-res-131k,il est juif,114546
gemma-2-9b-it,gemmascope-res-131k,il est juif,15534
gemma-2-9b-it,gemmascope-res-131k,il est juif,28183
gemma-2-9b-it,gemmascope-res-131k,il est juif,50364
gemma-2-9b-it,gemmascope-res-131k,il est juif,65645
gemma-2-9b-it,gemmascope-res-131k,il est juif,82873
gemma-2-9b-it,gemmascope-res-131k,il est juif,84647
gemma-2-9b-it,gemmascope-res-131k,il est juif,85665
gemma-2-9b-it,gemmascope-res-131k,il est juif,93392
gemma-2-9b-it,gemmascope-res-131k,il est juif,99336
gemma-2-9b-it,gemmascope-res-131k,This is a baptsim,101765
gemma-2-9b-it,gemmascope-res-131k,This is a baptsim,102249
gemma-2-9b-it,gemmascope-res-131k,This is a baptsim,111801
gemma-2-9b-it,gemmascope-res-131k,This is a baptsim,118638
gemma-2-9b-it,gemmascope-res-131k,This is a baptsim,121814
gemma-2-9b-it,gemmascope-res-131k,This is a baptsim,27279
gemma-2-9b-it,gemmascope-res-131k,This is a baptsim,29317
gemma-2-9b-it,gemmascope-res-131k,This is a baptsim,54482
gemma-2-9b-it,gemmascope-res-131k,This is a baptsim,62046
gemma-2-9b-it,gemmascope-res-131k,This is a baptsim,81745
gemma-2-9b-it,gemmascope-res-131k,This is a baptsim,86961
gemma-2-9b-it,gemmascope-res-131k,This is a baptsim,87917
gemma-2-9b-it,gemmascope-res-131k,This is a baptsim,97513
gemma-2-9b-it,gemmascope-res-131k,This is a baptsim,This is a baptsim
gemma-2-9b-it,gemmascope-res-131k,This is a baptsim,This is a baptsim
gemma-2-9b-it,gemmascope-res-131k,This is a baptsim,101765
gemma-2-9b-it,gemmascope-res-131k,This is a baptsim,102249
gemma-2-9b-it,gemmascope-res-131k,This is a baptsim,111801
gemma-2-9b-it,gemmascope-res-131k,This is a baptsim,118638
gemma-2-9b-it,gemmascope-res-131k,This is a baptsim,121814
gemma-2-9b-it,gemmascope-res-131k,This is a baptsim,27279
gemma-2-9b-it,gemmascope-res-131k,This is a baptsim,29317
gemma-2-9b-it,gemmascope-res-131k,This is a baptsim,54482
gemma-2-9b-it,gemmascope-res-131k,This is a baptsim,62046
gemma-2-9b-it,gemmascope-res-131k,This is a baptsim,81745
gemma-2-9b-it,gemmascope-res-131k,This is a baptsim,86961
gemma-2-9b-it,gemmascope-res-131k,This is a baptsim,87917
gemma-2-9b-it,gemmascope-res-131k,This is a baptsim,97513
gemma-2-9b-it,gemmascope-res-131k,This is a bible,118600
gemma-2-9b-it,gemmascope-res-131k,This is a bible,17084
gemma-2-9b-it,gemmascope-res-131k,This is a bible,17631
gemma-2-9b-it,gemmascope-res-131k,This is a bible,19706
gemma-2-9b-it,gemmascope-res-131k,This is a bible,28760
gemma-2-9b-it,gemmascope-res-131k,This is a bible,46566
gemma-2-9b-it,gemmascope-res-131k,This is a bible,58743
gemma-2-9b-it,gemmascope-res-131k,This is a bible,64986
gemma-2-9b-it,gemmascope-res-131k,This is a bible,66799
gemma-2-9b-it,gemmascope-res-131k,This is a bible,69587
gemma-2-9b-it,gemmascope-res-131k,This is a bible,79750
gemma-2-9b-it,gemmascope-res-131k,This is a bible,88652
gemma-2-9b-it,gemmascope-res-131k,This is a bible,89012
gemma-2-9b-it,gemmascope-res-131k,This is a bible,This is a bible
gemma-2-9b-it,gemmascope-res-131k,This is a bible,This is a bible
gemma-2-9b-it,gemmascope-res-131k,This is a bible,118600
gemma-2-9b-it,gemmascope-res-131k,This is a bible,17084
gemma-2-9b-it,gemmascope-res-131k,This is a bible,17631
gemma-2-9b-it,gemmascope-res-131k,This is a bible,19706
gemma-2-9b-it,gemmascope-res-131k,This is a bible,28760
gemma-2-9b-it,gemmascope-res-131k,This is a bible,46566
gemma-2-9b-it,gemmascope-res-131k,This is a bible,58743
gemma-2-9b-it,gemmascope-res-131k,This is a bible,64986
gemma-2-9b-it,gemmascope-res-131k,This is a bible,66799
gemma-2-9b-it,gemmascope-res-131k,This is a bible,69587
gemma-2-9b-it,gemmascope-res-131k,This is a bible,79750
gemma-2-9b-it,gemmascope-res-131k,This is a bible,88652
gemma-2-9b-it,gemmascope-res-131k,This is a bible,89012
gemma-2-9b-it,gemmascope-res-131k,This is a boss,107152
gemma-2-9b-it,gemmascope-res-131k,This is a boss,128452
gemma-2-9b-it,gemmascope-res-131k,This is a boss,21001
gemma-2-9b-it,gemmascope-res-131k,This is a boss,22579
gemma-2-9b-it,gemmascope-res-131k,This is a boss,23515
gemma-2-9b-it,gemmascope-res-131k,This is a boss,30901
gemma-2-9b-it,gemmascope-res-131k,This is a boss,36768
gemma-2-9b-it,gemmascope-res-131k,This is a boss,39717
gemma-2-9b-it,gemmascope-res-131k,This is a boss,54143
gemma-2-9b-it,gemmascope-res-131k,This is a boss,57291
gemma-2-9b-it,gemmascope-res-131k,This is a boss,59917
gemma-2-9b-it,gemmascope-res-131k,This is a boss,63401
gemma-2-9b-it,gemmascope-res-131k,This is a boss,83300
gemma-2-9b-it,gemmascope-res-131k,This is a boss,93419
gemma-2-9b-it,gemmascope-res-131k,This is a boss,96390
gemma-2-9b-it,gemmascope-res-131k,This is a boss,This is a boss
gemma-2-9b-it,gemmascope-res-131k,This is a boss,This is a boss
gemma-2-9b-it,gemmascope-res-131k,This is a boss,107152
gemma-2-9b-it,gemmascope-res-131k,This is a boss,128452
gemma-2-9b-it,gemmascope-res-131k,This is a boss,21001
gemma-2-9b-it,gemmascope-res-131k,This is a boss,22579
gemma-2-9b-it,gemmascope-res-131k,This is a boss,23515
gemma-2-9b-it,gemmascope-res-131k,This is a boss,30901
gemma-2-9b-it,gemmascope-res-131k,This is a boss,36768
gemma-2-9b-it,gemmascope-res-131k,This is a boss,39717
gemma-2-9b-it,gemmascope-res-131k,This is a boss,54143
gemma-2-9b-it,gemmascope-res-131k,This is a boss,57291
gemma-2-9b-it,gemmascope-res-131k,This is a boss,59917
gemma-2-9b-it,gemmascope-res-131k,This is a boss,63401
gemma-2-9b-it,gemmascope-res-131k,This is a boss,83300
gemma-2-9b-it,gemmascope-res-131k,This is a boss,93419
gemma-2-9b-it,gemmascope-res-131k,This is a boss,96390
gemma-2-9b-it,gemmascope-res-131k,This is a boy,106734
gemma-2-9b-it,gemmascope-res-131k,This is a boy,107975
gemma-2-9b-it,gemmascope-res-131k,This is a boy,116378
gemma-2-9b-it,gemmascope-res-131k,This is a boy,17742
gemma-2-9b-it,gemmascope-res-131k,This is a boy,63564
gemma-2-9b-it,gemmascope-res-131k,This is a boy,64141
gemma-2-9b-it,gemmascope-res-131k,This is a boy,65601
gemma-2-9b-it,gemmascope-res-131k,This is a boy,66515
gemma-2-9b-it,gemmascope-res-131k,This is a boy,74145
gemma-2-9b-it,gemmascope-res-131k,This is a boy,76018
gemma-2-9b-it,gemmascope-res-131k,This is a boy,8207
gemma-2-9b-it,gemmascope-res-131k,This is a boy,87387
gemma-2-9b-it,gemmascope-res-131k,This is a boy,87813
gemma-2-9b-it,gemmascope-res-131k,This is a boy,91715
gemma-2-9b-it,gemmascope-res-131k,This is a boy,This is a boy
gemma-2-9b-it,gemmascope-res-131k,This is a boy,This is a boy
gemma-2-9b-it,gemmascope-res-131k,This is a boy,106734
gemma-2-9b-it,gemmascope-res-131k,This is a boy,107975
gemma-2-9b-it,gemmascope-res-131k,This is a boy,116378
gemma-2-9b-it,gemmascope-res-131k,This is a boy,17742
gemma-2-9b-it,gemmascope-res-131k,This is a boy,63564
gemma-2-9b-it,gemmascope-res-131k,This is a boy,64141
gemma-2-9b-it,gemmascope-res-131k,This is a boy,65601
gemma-2-9b-it,gemmascope-res-131k,This is a boy,66515
gemma-2-9b-it,gemmascope-res-131k,This is a boy,74145
gemma-2-9b-it,gemmascope-res-131k,This is a boy,76018
gemma-2-9b-it,gemmascope-res-131k,This is a boy,8207
gemma-2-9b-it,gemmascope-res-131k,This is a boy,87387
gemma-2-9b-it,gemmascope-res-131k,This is a boy,87813
gemma-2-9b-it,gemmascope-res-131k,This is a boy,91715
gemma-2-9b-it,gemmascope-res-131k,This is a burka,102502
gemma-2-9b-it,gemmascope-res-131k,This is a burka,109228
gemma-2-9b-it,gemmascope-res-131k,This is a burka,110109
gemma-2-9b-it,gemmascope-res-131k,This is a burka,111106
gemma-2-9b-it,gemmascope-res-131k,This is a burka,111416
gemma-2-9b-it,gemmascope-res-131k,This is a burka,127249
gemma-2-9b-it,gemmascope-res-131k,This is a burka,34221
gemma-2-9b-it,gemmascope-res-131k,This is a burka,36531
gemma-2-9b-it,gemmascope-res-131k,This is a burka,51179
gemma-2-9b-it,gemmascope-res-131k,This is a burka,53645
gemma-2-9b-it,gemmascope-res-131k,This is a burka,72900
gemma-2-9b-it,gemmascope-res-131k,This is a burka,75871
gemma-2-9b-it,gemmascope-res-131k,This is a burka,82951
gemma-2-9b-it,gemmascope-res-131k,This is a burka,This is a burka
gemma-2-9b-it,gemmascope-res-131k,This is a burka,This is a burka
gemma-2-9b-it,gemmascope-res-131k,This is a burka,102502
gemma-2-9b-it,gemmascope-res-131k,This is a burka,109228
gemma-2-9b-it,gemmascope-res-131k,This is a burka,110109
gemma-2-9b-it,gemmascope-res-131k,This is a burka,111106
gemma-2-9b-it,gemmascope-res-131k,This is a burka,111416
gemma-2-9b-it,gemmascope-res-131k,This is a burka,127249
gemma-2-9b-it,gemmascope-res-131k,This is a burka,34221
gemma-2-9b-it,gemmascope-res-131k,This is a burka,36531
gemma-2-9b-it,gemmascope-res-131k,This is a burka,51179
gemma-2-9b-it,gemmascope-res-131k,This is a burka,53645
gemma-2-9b-it,gemmascope-res-131k,This is a burka,72900
gemma-2-9b-it,gemmascope-res-131k,This is a burka,75871
gemma-2-9b-it,gemmascope-res-131k,This is a burka,82951
gemma-2-9b-it,gemmascope-res-131k,This is a christian,106999
gemma-2-9b-it,gemmascope-res-131k,This is a christian,117030
gemma-2-9b-it,gemmascope-res-131k,This is a christian,17631
gemma-2-9b-it,gemmascope-res-131k,This is a christian,18847
gemma-2-9b-it,gemmascope-res-131k,This is a christian,26243
gemma-2-9b-it,gemmascope-res-131k,This is a christian,28760
gemma-2-9b-it,gemmascope-res-131k,This is a christian,34852
gemma-2-9b-it,gemmascope-res-131k,This is a christian,36682
gemma-2-9b-it,gemmascope-res-131k,This is a christian,49711
gemma-2-9b-it,gemmascope-res-131k,This is a christian,54734
gemma-2-9b-it,gemmascope-res-131k,This is a christian,57212
gemma-2-9b-it,gemmascope-res-131k,This is a christian,59212
gemma-2-9b-it,gemmascope-res-131k,This is a christian,61759
gemma-2-9b-it,gemmascope-res-131k,This is a christian,68938
gemma-2-9b-it,gemmascope-res-131k,This is a christian,72605
gemma-2-9b-it,gemmascope-res-131k,This is a christian,79750
gemma-2-9b-it,gemmascope-res-131k,This is a christian,This is a christian
gemma-2-9b-it,gemmascope-res-131k,This is a christian,This is a christian
gemma-2-9b-it,gemmascope-res-131k,This is a christian,106999
gemma-2-9b-it,gemmascope-res-131k,This is a christian,117030
gemma-2-9b-it,gemmascope-res-131k,This is a christian,17631
gemma-2-9b-it,gemmascope-res-131k,This is a christian,18847
gemma-2-9b-it,gemmascope-res-131k,This is a christian,26243
gemma-2-9b-it,gemmascope-res-131k,This is a christian,28760
gemma-2-9b-it,gemmascope-res-131k,This is a christian,34852
gemma-2-9b-it,gemmascope-res-131k,This is a christian,36682
gemma-2-9b-it,gemmascope-res-131k,This is a christian,49711
gemma-2-9b-it,gemmascope-res-131k,This is a christian,54734
gemma-2-9b-it,gemmascope-res-131k,This is a christian,57212
gemma-2-9b-it,gemmascope-res-131k,This is a christian,59212
gemma-2-9b-it,gemmascope-res-131k,This is a christian,61759
gemma-2-9b-it,gemmascope-res-131k,This is a christian,68938
gemma-2-9b-it,gemmascope-res-131k,This is a christian,72605
gemma-2-9b-it,gemmascope-res-131k,This is a christian,79750
gemma-2-9b-it,gemmascope-res-131k,This is a church,107716
gemma-2-9b-it,gemmascope-res-131k,This is a church,12147
gemma-2-9b-it,gemmascope-res-131k,This is a church,126809
gemma-2-9b-it,gemmascope-res-131k,This is a church,17631
gemma-2-9b-it,gemmascope-res-131k,This is a church,24888
gemma-2-9b-it,gemmascope-res-131k,This is a church,37945
gemma-2-9b-it,gemmascope-res-131k,This is a church,45398
gemma-2-9b-it,gemmascope-res-131k,This is a church,61759
gemma-2-9b-it,gemmascope-res-131k,This is a church,63808
gemma-2-9b-it,gemmascope-res-131k,This is a church,70073
gemma-2-9b-it,gemmascope-res-131k,This is a church,81403
gemma-2-9b-it,gemmascope-res-131k,This is a church,85260
gemma-2-9b-it,gemmascope-res-131k,This is a church,88009
gemma-2-9b-it,gemmascope-res-131k,This is a church,89580
gemma-2-9b-it,gemmascope-res-131k,This is a church,98819
gemma-2-9b-it,gemmascope-res-131k,This is a church,This is a church
gemma-2-9b-it,gemmascope-res-131k,This is a church,This is a church
gemma-2-9b-it,gemmascope-res-131k,This is a church,107716
gemma-2-9b-it,gemmascope-res-131k,This is a church,12147
gemma-2-9b-it,gemmascope-res-131k,This is a church,126809
gemma-2-9b-it,gemmascope-res-131k,This is a church,17631
gemma-2-9b-it,gemmascope-res-131k,This is a church,24888
gemma-2-9b-it,gemmascope-res-131k,This is a church,37945
gemma-2-9b-it,gemmascope-res-131k,This is a church,45398
gemma-2-9b-it,gemmascope-res-131k,This is a church,61759
gemma-2-9b-it,gemmascope-res-131k,This is a church,63808
gemma-2-9b-it,gemmascope-res-131k,This is a church,70073
gemma-2-9b-it,gemmascope-res-131k,This is a church,81403
gemma-2-9b-it,gemmascope-res-131k,This is a church,85260
gemma-2-9b-it,gemmascope-res-131k,This is a church,88009
gemma-2-9b-it,gemmascope-res-131k,This is a church,89580
gemma-2-9b-it,gemmascope-res-131k,This is a church,98819
gemma-2-9b-it,gemmascope-res-131k,This is a daughter,101827
gemma-2-9b-it,gemmascope-res-131k,This is a daughter,106767
gemma-2-9b-it,gemmascope-res-131k,This is a daughter,124615
gemma-2-9b-it,gemmascope-res-131k,This is a daughter,21541
gemma-2-9b-it,gemmascope-res-131k,This is a daughter,32589
gemma-2-9b-it,gemmascope-res-131k,This is a daughter,36151
gemma-2-9b-it,gemmascope-res-131k,This is a daughter,36531
gemma-2-9b-it,gemmascope-res-131k,This is a daughter,37647
gemma-2-9b-it,gemmascope-res-131k,This is a daughter,4105
gemma-2-9b-it,gemmascope-res-131k,This is a daughter,47457
gemma-2-9b-it,gemmascope-res-131k,This is a daughter,66184
gemma-2-9b-it,gemmascope-res-131k,This is a daughter,68460
gemma-2-9b-it,gemmascope-res-131k,This is a daughter,92235
gemma-2-9b-it,gemmascope-res-131k,This is a daughter,This is a daughter
gemma-2-9b-it,gemmascope-res-131k,This is a daughter,This is a daughter
gemma-2-9b-it,gemmascope-res-131k,This is a daughter,101827
gemma-2-9b-it,gemmascope-res-131k,This is a daughter,106767
gemma-2-9b-it,gemmascope-res-131k,This is a daughter,124615
gemma-2-9b-it,gemmascope-res-131k,This is a daughter,21541
gemma-2-9b-it,gemmascope-res-131k,This is a daughter,32589
gemma-2-9b-it,gemmascope-res-131k,This is a daughter,36151
gemma-2-9b-it,gemmascope-res-131k,This is a daughter,36531
gemma-2-9b-it,gemmascope-res-131k,This is a daughter,37647
gemma-2-9b-it,gemmascope-res-131k,This is a daughter,4105
gemma-2-9b-it,gemmascope-res-131k,This is a daughter,47457
gemma-2-9b-it,gemmascope-res-131k,This is a daughter,66184
gemma-2-9b-it,gemmascope-res-131k,This is a daughter,68460
gemma-2-9b-it,gemmascope-res-131k,This is a daughter,92235
gemma-2-9b-it,gemmascope-res-131k,This is a doctor,105965
gemma-2-9b-it,gemmascope-res-131k,This is a doctor,106767
gemma-2-9b-it,gemmascope-res-131k,This is a doctor,107949
gemma-2-9b-it,gemmascope-res-131k,This is a doctor,110288
gemma-2-9b-it,gemmascope-res-131k,This is a doctor,129364
gemma-2-9b-it,gemmascope-res-131k,This is a doctor,15213
gemma-2-9b-it,gemmascope-res-131k,This is a doctor,21636
gemma-2-9b-it,gemmascope-res-131k,This is a doctor,23826
gemma-2-9b-it,gemmascope-res-131k,This is a doctor,5120
gemma-2-9b-it,gemmascope-res-131k,This is a doctor,52354
gemma-2-9b-it,gemmascope-res-131k,This is a doctor,74829
gemma-2-9b-it,gemmascope-res-131k,This is a doctor,74933
gemma-2-9b-it,gemmascope-res-131k,This is a doctor,80497
gemma-2-9b-it,gemmascope-res-131k,This is a doctor,95764
gemma-2-9b-it,gemmascope-res-131k,This is a doctor,This is a doctor
gemma-2-9b-it,gemmascope-res-131k,This is a doctor,This is a doctor
gemma-2-9b-it,gemmascope-res-131k,This is a doctor,105965
gemma-2-9b-it,gemmascope-res-131k,This is a doctor,106767
gemma-2-9b-it,gemmascope-res-131k,This is a doctor,107949
gemma-2-9b-it,gemmascope-res-131k,This is a doctor,110288
gemma-2-9b-it,gemmascope-res-131k,This is a doctor,129364
gemma-2-9b-it,gemmascope-res-131k,This is a doctor,15213
gemma-2-9b-it,gemmascope-res-131k,This is a doctor,21636
gemma-2-9b-it,gemmascope-res-131k,This is a doctor,23826
gemma-2-9b-it,gemmascope-res-131k,This is a doctor,5120
gemma-2-9b-it,gemmascope-res-131k,This is a doctor,52354
gemma-2-9b-it,gemmascope-res-131k,This is a doctor,74829
gemma-2-9b-it,gemmascope-res-131k,This is a doctor,74933
gemma-2-9b-it,gemmascope-res-131k,This is a doctor,80497
gemma-2-9b-it,gemmascope-res-131k,This is a doctor,95764
gemma-2-9b-it,gemmascope-res-131k,This is a firefighter,101147
gemma-2-9b-it,gemmascope-res-131k,This is a firefighter,107968
gemma-2-9b-it,gemmascope-res-131k,This is a firefighter,107984
gemma-2-9b-it,gemmascope-res-131k,This is a firefighter,11132
gemma-2-9b-it,gemmascope-res-131k,This is a firefighter,19479
gemma-2-9b-it,gemmascope-res-131k,This is a firefighter,26003
gemma-2-9b-it,gemmascope-res-131k,This is a firefighter,36213
gemma-2-9b-it,gemmascope-res-131k,This is a firefighter,5120
gemma-2-9b-it,gemmascope-res-131k,This is a firefighter,52384
gemma-2-9b-it,gemmascope-res-131k,This is a firefighter,62442
gemma-2-9b-it,gemmascope-res-131k,This is a firefighter,70073
gemma-2-9b-it,gemmascope-res-131k,This is a firefighter,77652
gemma-2-9b-it,gemmascope-res-131k,This is a firefighter,79463
gemma-2-9b-it,gemmascope-res-131k,This is a firefighter,83101
gemma-2-9b-it,gemmascope-res-131k,This is a firefighter,This is a firefighter
gemma-2-9b-it,gemmascope-res-131k,This is a firefighter,This is a firefighter
gemma-2-9b-it,gemmascope-res-131k,This is a firefighter,101147
gemma-2-9b-it,gemmascope-res-131k,This is a firefighter,107968
gemma-2-9b-it,gemmascope-res-131k,This is a firefighter,107984
gemma-2-9b-it,gemmascope-res-131k,This is a firefighter,11132
gemma-2-9b-it,gemmascope-res-131k,This is a firefighter,19479
gemma-2-9b-it,gemmascope-res-131k,This is a firefighter,26003
gemma-2-9b-it,gemmascope-res-131k,This is a firefighter,36213
gemma-2-9b-it,gemmascope-res-131k,This is a firefighter,5120
gemma-2-9b-it,gemmascope-res-131k,This is a firefighter,52384
gemma-2-9b-it,gemmascope-res-131k,This is a firefighter,62442
gemma-2-9b-it,gemmascope-res-131k,This is a firefighter,70073
gemma-2-9b-it,gemmascope-res-131k,This is a firefighter,77652
gemma-2-9b-it,gemmascope-res-131k,This is a firefighter,79463
gemma-2-9b-it,gemmascope-res-131k,This is a firefighter,83101
gemma-2-9b-it,gemmascope-res-131k,This is a fundamentalist,102714
gemma-2-9b-it,gemmascope-res-131k,This is a fundamentalist,12014
gemma-2-9b-it,gemmascope-res-131k,This is a fundamentalist,128218
gemma-2-9b-it,gemmascope-res-131k,This is a fundamentalist,128873
gemma-2-9b-it,gemmascope-res-131k,This is a fundamentalist,19695
gemma-2-9b-it,gemmascope-res-131k,This is a fundamentalist,33775
gemma-2-9b-it,gemmascope-res-131k,This is a fundamentalist,44717
gemma-2-9b-it,gemmascope-res-131k,This is a fundamentalist,54929
gemma-2-9b-it,gemmascope-res-131k,This is a fundamentalist,65549
gemma-2-9b-it,gemmascope-res-131k,This is a fundamentalist,76398
gemma-2-9b-it,gemmascope-res-131k,This is a fundamentalist,78897
gemma-2-9b-it,gemmascope-res-131k,This is a fundamentalist,90707
gemma-2-9b-it,gemmascope-res-131k,This is a fundamentalist,96076
gemma-2-9b-it,gemmascope-res-131k,This is a fundamentalist,This is a fundamentalist
gemma-2-9b-it,gemmascope-res-131k,This is a fundamentalist,This is a fundamentalist
gemma-2-9b-it,gemmascope-res-131k,This is a fundamentalist,102714
gemma-2-9b-it,gemmascope-res-131k,This is a fundamentalist,12014
gemma-2-9b-it,gemmascope-res-131k,This is a fundamentalist,128218
gemma-2-9b-it,gemmascope-res-131k,This is a fundamentalist,128873
gemma-2-9b-it,gemmascope-res-131k,This is a fundamentalist,19695
gemma-2-9b-it,gemmascope-res-131k,This is a fundamentalist,33775
gemma-2-9b-it,gemmascope-res-131k,This is a fundamentalist,44717
gemma-2-9b-it,gemmascope-res-131k,This is a fundamentalist,54929
gemma-2-9b-it,gemmascope-res-131k,This is a fundamentalist,65549
gemma-2-9b-it,gemmascope-res-131k,This is a fundamentalist,76398
gemma-2-9b-it,gemmascope-res-131k,This is a fundamentalist,78897
gemma-2-9b-it,gemmascope-res-131k,This is a fundamentalist,90707
gemma-2-9b-it,gemmascope-res-131k,This is a fundamentalist,96076
gemma-2-9b-it,gemmascope-res-131k,This is a gentleman,105629
gemma-2-9b-it,gemmascope-res-131k,This is a gentleman,108215
gemma-2-9b-it,gemmascope-res-131k,This is a gentleman,118708
gemma-2-9b-it,gemmascope-res-131k,This is a gentleman,122087
gemma-2-9b-it,gemmascope-res-131k,This is a gentleman,123935
gemma-2-9b-it,gemmascope-res-131k,This is a gentleman,126835
gemma-2-9b-it,gemmascope-res-131k,This is a gentleman,16441
gemma-2-9b-it,gemmascope-res-131k,This is a gentleman,26692
gemma-2-9b-it,gemmascope-res-131k,This is a gentleman,28721
gemma-2-9b-it,gemmascope-res-131k,This is a gentleman,5943
gemma-2-9b-it,gemmascope-res-131k,This is a gentleman,66515
gemma-2-9b-it,gemmascope-res-131k,This is a gentleman,98598
gemma-2-9b-it,gemmascope-res-131k,This is a gentleman,This is a gentleman
gemma-2-9b-it,gemmascope-res-131k,This is a gentleman,This is a gentleman
gemma-2-9b-it,gemmascope-res-131k,This is a gentleman,105629
gemma-2-9b-it,gemmascope-res-131k,This is a gentleman,108215
gemma-2-9b-it,gemmascope-res-131k,This is a gentleman,118708
gemma-2-9b-it,gemmascope-res-131k,This is a gentleman,122087
gemma-2-9b-it,gemmascope-res-131k,This is a gentleman,123935
gemma-2-9b-it,gemmascope-res-131k,This is a gentleman,126835
gemma-2-9b-it,gemmascope-res-131k,This is a gentleman,16441
gemma-2-9b-it,gemmascope-res-131k,This is a gentleman,26692
gemma-2-9b-it,gemmascope-res-131k,This is a gentleman,28721
gemma-2-9b-it,gemmascope-res-131k,This is a gentleman,5943
gemma-2-9b-it,gemmascope-res-131k,This is a gentleman,66515
gemma-2-9b-it,gemmascope-res-131k,This is a gentleman,98598
gemma-2-9b-it,gemmascope-res-131k,This is a girl,102714
gemma-2-9b-it,gemmascope-res-131k,This is a girl,107716
gemma-2-9b-it,gemmascope-res-131k,This is a girl,120156
gemma-2-9b-it,gemmascope-res-131k,This is a girl,17742
gemma-2-9b-it,gemmascope-res-131k,This is a girl,66515
gemma-2-9b-it,gemmascope-res-131k,This is a girl,76018
gemma-2-9b-it,gemmascope-res-131k,This is a girl,80886
gemma-2-9b-it,gemmascope-res-131k,This is a girl,82289
gemma-2-9b-it,gemmascope-res-131k,This is a girl,87387
gemma-2-9b-it,gemmascope-res-131k,This is a girl,87813
gemma-2-9b-it,gemmascope-res-131k,This is a girl,89506
gemma-2-9b-it,gemmascope-res-131k,This is a girl,93966
gemma-2-9b-it,gemmascope-res-131k,This is a girl,This is a girl
gemma-2-9b-it,gemmascope-res-131k,This is a girl,This is a girl
gemma-2-9b-it,gemmascope-res-131k,This is a girl,102714
gemma-2-9b-it,gemmascope-res-131k,This is a girl,107716
gemma-2-9b-it,gemmascope-res-131k,This is a girl,120156
gemma-2-9b-it,gemmascope-res-131k,This is a girl,17742
gemma-2-9b-it,gemmascope-res-131k,This is a girl,66515
gemma-2-9b-it,gemmascope-res-131k,This is a girl,76018
gemma-2-9b-it,gemmascope-res-131k,This is a girl,80886
gemma-2-9b-it,gemmascope-res-131k,This is a girl,82289
gemma-2-9b-it,gemmascope-res-131k,This is a girl,87387
gemma-2-9b-it,gemmascope-res-131k,This is a girl,87813
gemma-2-9b-it,gemmascope-res-131k,This is a girl,89506
gemma-2-9b-it,gemmascope-res-131k,This is a girl,93966
gemma-2-9b-it,gemmascope-res-131k,This is a gospel,105875
gemma-2-9b-it,gemmascope-res-131k,This is a gospel,111404
gemma-2-9b-it,gemmascope-res-131k,This is a gospel,14404
gemma-2-9b-it,gemmascope-res-131k,This is a gospel,16634
gemma-2-9b-it,gemmascope-res-131k,This is a gospel,17631
gemma-2-9b-it,gemmascope-res-131k,This is a gospel,29910
gemma-2-9b-it,gemmascope-res-131k,This is a gospel,40565
gemma-2-9b-it,gemmascope-res-131k,This is a gospel,45398
gemma-2-9b-it,gemmascope-res-131k,This is a gospel,52018
gemma-2-9b-it,gemmascope-res-131k,This is a gospel,58093
gemma-2-9b-it,gemmascope-res-131k,This is a gospel,69587
gemma-2-9b-it,gemmascope-res-131k,This is a gospel,78306
gemma-2-9b-it,gemmascope-res-131k,This is a gospel,83515
gemma-2-9b-it,gemmascope-res-131k,This is a gospel,98819
gemma-2-9b-it,gemmascope-res-131k,This is a gospel,This is a gospel
gemma-2-9b-it,gemmascope-res-131k,This is a gospel,This is a gospel
gemma-2-9b-it,gemmascope-res-131k,This is a gospel,105875
gemma-2-9b-it,gemmascope-res-131k,This is a gospel,111404
gemma-2-9b-it,gemmascope-res-131k,This is a gospel,14404
gemma-2-9b-it,gemmascope-res-131k,This is a gospel,16634
gemma-2-9b-it,gemmascope-res-131k,This is a gospel,17631
gemma-2-9b-it,gemmascope-res-131k,This is a gospel,29910
gemma-2-9b-it,gemmascope-res-131k,This is a gospel,40565
gemma-2-9b-it,gemmascope-res-131k,This is a gospel,45398
gemma-2-9b-it,gemmascope-res-131k,This is a gospel,52018
gemma-2-9b-it,gemmascope-res-131k,This is a gospel,58093
gemma-2-9b-it,gemmascope-res-131k,This is a gospel,69587
gemma-2-9b-it,gemmascope-res-131k,This is a gospel,78306
gemma-2-9b-it,gemmascope-res-131k,This is a gospel,83515
gemma-2-9b-it,gemmascope-res-131k,This is a gospel,98819
gemma-2-9b-it,gemmascope-res-131k,This is a grandma,117255
gemma-2-9b-it,gemmascope-res-131k,This is a grandma,124614
gemma-2-9b-it,gemmascope-res-131k,This is a grandma,16874
gemma-2-9b-it,gemmascope-res-131k,This is a grandma,20932
gemma-2-9b-it,gemmascope-res-131k,This is a grandma,21541
gemma-2-9b-it,gemmascope-res-131k,This is a grandma,29625
gemma-2-9b-it,gemmascope-res-131k,This is a grandma,34882
gemma-2-9b-it,gemmascope-res-131k,This is a grandma,35413
gemma-2-9b-it,gemmascope-res-131k,This is a grandma,37393
gemma-2-9b-it,gemmascope-res-131k,This is a grandma,4444
gemma-2-9b-it,gemmascope-res-131k,This is a grandma,57438
gemma-2-9b-it,gemmascope-res-131k,This is a grandma,65475
gemma-2-9b-it,gemmascope-res-131k,This is a grandma,692
gemma-2-9b-it,gemmascope-res-131k,This is a grandma,71799
gemma-2-9b-it,gemmascope-res-131k,This is a grandma,96640
gemma-2-9b-it,gemmascope-res-131k,This is a grandma,98226
gemma-2-9b-it,gemmascope-res-131k,This is a grandma,This is a grandma
gemma-2-9b-it,gemmascope-res-131k,This is a grandma,This is a grandma
gemma-2-9b-it,gemmascope-res-131k,This is a grandma,117255
gemma-2-9b-it,gemmascope-res-131k,This is a grandma,124614
gemma-2-9b-it,gemmascope-res-131k,This is a grandma,16874
gemma-2-9b-it,gemmascope-res-131k,This is a grandma,20932
gemma-2-9b-it,gemmascope-res-131k,This is a grandma,21541
gemma-2-9b-it,gemmascope-res-131k,This is a grandma,29625
gemma-2-9b-it,gemmascope-res-131k,This is a grandma,34882
gemma-2-9b-it,gemmascope-res-131k,This is a grandma,35413
gemma-2-9b-it,gemmascope-res-131k,This is a grandma,37393
gemma-2-9b-it,gemmascope-res-131k,This is a grandma,4444
gemma-2-9b-it,gemmascope-res-131k,This is a grandma,57438
gemma-2-9b-it,gemmascope-res-131k,This is a grandma,65475
gemma-2-9b-it,gemmascope-res-131k,This is a grandma,692
gemma-2-9b-it,gemmascope-res-131k,This is a grandma,71799
gemma-2-9b-it,gemmascope-res-131k,This is a grandma,96640
gemma-2-9b-it,gemmascope-res-131k,This is a grandma,98226
gemma-2-9b-it,gemmascope-res-131k,This is a grandpa,102441
gemma-2-9b-it,gemmascope-res-131k,This is a grandpa,106847
gemma-2-9b-it,gemmascope-res-131k,This is a grandpa,117255
gemma-2-9b-it,gemmascope-res-131k,This is a grandpa,124614
gemma-2-9b-it,gemmascope-res-131k,This is a grandpa,20932
gemma-2-9b-it,gemmascope-res-131k,This is a grandpa,21541
gemma-2-9b-it,gemmascope-res-131k,This is a grandpa,29625
gemma-2-9b-it,gemmascope-res-131k,This is a grandpa,335
gemma-2-9b-it,gemmascope-res-131k,This is a grandpa,34882
gemma-2-9b-it,gemmascope-res-131k,This is a grandpa,35413
gemma-2-9b-it,gemmascope-res-131k,This is a grandpa,37393
gemma-2-9b-it,gemmascope-res-131k,This is a grandpa,57438
gemma-2-9b-it,gemmascope-res-131k,This is a grandpa,71799
gemma-2-9b-it,gemmascope-res-131k,This is a grandpa,89743
gemma-2-9b-it,gemmascope-res-131k,This is a grandpa,96640
gemma-2-9b-it,gemmascope-res-131k,This is a grandpa,9795
gemma-2-9b-it,gemmascope-res-131k,This is a grandpa,This is a grandpa
gemma-2-9b-it,gemmascope-res-131k,This is a grandpa,This is a grandpa
gemma-2-9b-it,gemmascope-res-131k,This is a grandpa,102441
gemma-2-9b-it,gemmascope-res-131k,This is a grandpa,106847
gemma-2-9b-it,gemmascope-res-131k,This is a grandpa,117255
gemma-2-9b-it,gemmascope-res-131k,This is a grandpa,124614
gemma-2-9b-it,gemmascope-res-131k,This is a grandpa,20932
gemma-2-9b-it,gemmascope-res-131k,This is a grandpa,21541
gemma-2-9b-it,gemmascope-res-131k,This is a grandpa,29625
gemma-2-9b-it,gemmascope-res-131k,This is a grandpa,335
gemma-2-9b-it,gemmascope-res-131k,This is a grandpa,34882
gemma-2-9b-it,gemmascope-res-131k,This is a grandpa,35413
gemma-2-9b-it,gemmascope-res-131k,This is a grandpa,37393
gemma-2-9b-it,gemmascope-res-131k,This is a grandpa,57438
gemma-2-9b-it,gemmascope-res-131k,This is a grandpa,71799
gemma-2-9b-it,gemmascope-res-131k,This is a grandpa,89743
gemma-2-9b-it,gemmascope-res-131k,This is a grandpa,96640
gemma-2-9b-it,gemmascope-res-131k,This is a grandpa,9795
gemma-2-9b-it,gemmascope-res-131k,This is a hijab,11349
gemma-2-9b-it,gemmascope-res-131k,This is a hijab,120490
gemma-2-9b-it,gemmascope-res-131k,This is a hijab,374
gemma-2-9b-it,gemmascope-res-131k,This is a hijab,50696
gemma-2-9b-it,gemmascope-res-131k,This is a hijab,51273
gemma-2-9b-it,gemmascope-res-131k,This is a hijab,56033
gemma-2-9b-it,gemmascope-res-131k,This is a hijab,77932
gemma-2-9b-it,gemmascope-res-131k,This is a hijab,78523
gemma-2-9b-it,gemmascope-res-131k,This is a hijab,84871
gemma-2-9b-it,gemmascope-res-131k,This is a hijab,87539
gemma-2-9b-it,gemmascope-res-131k,This is a hijab,91266
gemma-2-9b-it,gemmascope-res-131k,This is a hijab,97182
gemma-2-9b-it,gemmascope-res-131k,This is a hijab,This is a hijab
gemma-2-9b-it,gemmascope-res-131k,This is a hijab,This is a hijab
gemma-2-9b-it,gemmascope-res-131k,This is a hijab,11349
gemma-2-9b-it,gemmascope-res-131k,This is a hijab,120490
gemma-2-9b-it,gemmascope-res-131k,This is a hijab,374
gemma-2-9b-it,gemmascope-res-131k,This is a hijab,50696
gemma-2-9b-it,gemmascope-res-131k,This is a hijab,51273
gemma-2-9b-it,gemmascope-res-131k,This is a hijab,56033
gemma-2-9b-it,gemmascope-res-131k,This is a hijab,77932
gemma-2-9b-it,gemmascope-res-131k,This is a hijab,78523
gemma-2-9b-it,gemmascope-res-131k,This is a hijab,84871
gemma-2-9b-it,gemmascope-res-131k,This is a hijab,87539
gemma-2-9b-it,gemmascope-res-131k,This is a hijab,91266
gemma-2-9b-it,gemmascope-res-131k,This is a hijab,97182
gemma-2-9b-it,gemmascope-res-131k,This is a homemaker,120758
gemma-2-9b-it,gemmascope-res-131k,This is a homemaker,124539
gemma-2-9b-it,gemmascope-res-131k,This is a homemaker,17280
gemma-2-9b-it,gemmascope-res-131k,This is a homemaker,21250
gemma-2-9b-it,gemmascope-res-131k,This is a homemaker,25049
gemma-2-9b-it,gemmascope-res-131k,This is a homemaker,39207
gemma-2-9b-it,gemmascope-res-131k,This is a homemaker,42551
gemma-2-9b-it,gemmascope-res-131k,This is a homemaker,46073
gemma-2-9b-it,gemmascope-res-131k,This is a homemaker,50901
gemma-2-9b-it,gemmascope-res-131k,This is a homemaker,5120
gemma-2-9b-it,gemmascope-res-131k,This is a homemaker,52384
gemma-2-9b-it,gemmascope-res-131k,This is a homemaker,60074
gemma-2-9b-it,gemmascope-res-131k,This is a homemaker,62442
gemma-2-9b-it,gemmascope-res-131k,This is a homemaker,64111
gemma-2-9b-it,gemmascope-res-131k,This is a homemaker,This is a homemaker
gemma-2-9b-it,gemmascope-res-131k,This is a homemaker,This is a homemaker
gemma-2-9b-it,gemmascope-res-131k,This is a homemaker,120758
gemma-2-9b-it,gemmascope-res-131k,This is a homemaker,124539
gemma-2-9b-it,gemmascope-res-131k,This is a homemaker,17280
gemma-2-9b-it,gemmascope-res-131k,This is a homemaker,21250
gemma-2-9b-it,gemmascope-res-131k,This is a homemaker,25049
gemma-2-9b-it,gemmascope-res-131k,This is a homemaker,39207
gemma-2-9b-it,gemmascope-res-131k,This is a homemaker,42551
gemma-2-9b-it,gemmascope-res-131k,This is a homemaker,46073
gemma-2-9b-it,gemmascope-res-131k,This is a homemaker,50901
gemma-2-9b-it,gemmascope-res-131k,This is a homemaker,5120
gemma-2-9b-it,gemmascope-res-131k,This is a homemaker,52384
gemma-2-9b-it,gemmascope-res-131k,This is a homemaker,60074
gemma-2-9b-it,gemmascope-res-131k,This is a homemaker,62442
gemma-2-9b-it,gemmascope-res-131k,This is a homemaker,64111
gemma-2-9b-it,gemmascope-res-131k,This is a homophob,102714
gemma-2-9b-it,gemmascope-res-131k,This is a homophob,15320
gemma-2-9b-it,gemmascope-res-131k,This is a homophob,18540
gemma-2-9b-it,gemmascope-res-131k,This is a homophob,20328
gemma-2-9b-it,gemmascope-res-131k,This is a homophob,2123
gemma-2-9b-it,gemmascope-res-131k,This is a homophob,36531
gemma-2-9b-it,gemmascope-res-131k,This is a homophob,46073
gemma-2-9b-it,gemmascope-res-131k,This is a homophob,49642
gemma-2-9b-it,gemmascope-res-131k,This is a homophob,51179
gemma-2-9b-it,gemmascope-res-131k,This is a homophob,60867
gemma-2-9b-it,gemmascope-res-131k,This is a homophob,93065
gemma-2-9b-it,gemmascope-res-131k,This is a homophob,This is a homophob
gemma-2-9b-it,gemmascope-res-131k,This is a homophob,This is a homophob
gemma-2-9b-it,gemmascope-res-131k,This is a homophob,102714
gemma-2-9b-it,gemmascope-res-131k,This is a homophob,15320
gemma-2-9b-it,gemmascope-res-131k,This is a homophob,18540
gemma-2-9b-it,gemmascope-res-131k,This is a homophob,20328
gemma-2-9b-it,gemmascope-res-131k,This is a homophob,2123
gemma-2-9b-it,gemmascope-res-131k,This is a homophob,36531
gemma-2-9b-it,gemmascope-res-131k,This is a homophob,46073
gemma-2-9b-it,gemmascope-res-131k,This is a homophob,49642
gemma-2-9b-it,gemmascope-res-131k,This is a homophob,51179
gemma-2-9b-it,gemmascope-res-131k,This is a homophob,60867
gemma-2-9b-it,gemmascope-res-131k,This is a homophob,93065
gemma-2-9b-it,gemmascope-res-131k,This is a husband,103622
gemma-2-9b-it,gemmascope-res-131k,This is a husband,19821
gemma-2-9b-it,gemmascope-res-131k,This is a husband,21541
gemma-2-9b-it,gemmascope-res-131k,This is a husband,23661
gemma-2-9b-it,gemmascope-res-131k,This is a husband,30575
gemma-2-9b-it,gemmascope-res-131k,This is a husband,36151
gemma-2-9b-it,gemmascope-res-131k,This is a husband,47457
gemma-2-9b-it,gemmascope-res-131k,This is a husband,49693
gemma-2-9b-it,gemmascope-res-131k,This is a husband,52354
gemma-2-9b-it,gemmascope-res-131k,This is a husband,76061
gemma-2-9b-it,gemmascope-res-131k,This is a husband,77000
gemma-2-9b-it,gemmascope-res-131k,This is a husband,83445
gemma-2-9b-it,gemmascope-res-131k,This is a husband,92427
gemma-2-9b-it,gemmascope-res-131k,This is a husband,This is a husband
gemma-2-9b-it,gemmascope-res-131k,This is a husband,This is a husband
gemma-2-9b-it,gemmascope-res-131k,This is a husband,103622
gemma-2-9b-it,gemmascope-res-131k,This is a husband,19821
gemma-2-9b-it,gemmascope-res-131k,This is a husband,21541
gemma-2-9b-it,gemmascope-res-131k,This is a husband,23661
gemma-2-9b-it,gemmascope-res-131k,This is a husband,30575
gemma-2-9b-it,gemmascope-res-131k,This is a husband,36151
gemma-2-9b-it,gemmascope-res-131k,This is a husband,47457
gemma-2-9b-it,gemmascope-res-131k,This is a husband,49693
gemma-2-9b-it,gemmascope-res-131k,This is a husband,52354
gemma-2-9b-it,gemmascope-res-131k,This is a husband,76061
gemma-2-9b-it,gemmascope-res-131k,This is a husband,77000
gemma-2-9b-it,gemmascope-res-131k,This is a husband,83445
gemma-2-9b-it,gemmascope-res-131k,This is a husband,92427
gemma-2-9b-it,gemmascope-res-131k,This is a jew,103108
gemma-2-9b-it,gemmascope-res-131k,This is a jew,110931
gemma-2-9b-it,gemmascope-res-131k,This is a jew,117454
gemma-2-9b-it,gemmascope-res-131k,This is a jew,118081
gemma-2-9b-it,gemmascope-res-131k,This is a jew,1246
gemma-2-9b-it,gemmascope-res-131k,This is a jew,25206
gemma-2-9b-it,gemmascope-res-131k,This is a jew,31035
gemma-2-9b-it,gemmascope-res-131k,This is a jew,36531
gemma-2-9b-it,gemmascope-res-131k,This is a jew,44697
gemma-2-9b-it,gemmascope-res-131k,This is a jew,51179
gemma-2-9b-it,gemmascope-res-131k,This is a jew,71418
gemma-2-9b-it,gemmascope-res-131k,This is a jew,84647
gemma-2-9b-it,gemmascope-res-131k,This is a jew,91897
gemma-2-9b-it,gemmascope-res-131k,This is a jew,9767
gemma-2-9b-it,gemmascope-res-131k,This is a jew,This is a jew
gemma-2-9b-it,gemmascope-res-131k,This is a jew,This is a jew
gemma-2-9b-it,gemmascope-res-131k,This is a jew,103108
gemma-2-9b-it,gemmascope-res-131k,This is a jew,110931
gemma-2-9b-it,gemmascope-res-131k,This is a jew,117454
gemma-2-9b-it,gemmascope-res-131k,This is a jew,118081
gemma-2-9b-it,gemmascope-res-131k,This is a jew,1246
gemma-2-9b-it,gemmascope-res-131k,This is a jew,25206
gemma-2-9b-it,gemmascope-res-131k,This is a jew,31035
gemma-2-9b-it,gemmascope-res-131k,This is a jew,36531
gemma-2-9b-it,gemmascope-res-131k,This is a jew,44697
gemma-2-9b-it,gemmascope-res-131k,This is a jew,51179
gemma-2-9b-it,gemmascope-res-131k,This is a jew,71418
gemma-2-9b-it,gemmascope-res-131k,This is a jew,84647
gemma-2-9b-it,gemmascope-res-131k,This is a jew,91897
gemma-2-9b-it,gemmascope-res-131k,This is a jew,9767
gemma-2-9b-it,gemmascope-res-131k,This is a king,111085
gemma-2-9b-it,gemmascope-res-131k,This is a king,113366
gemma-2-9b-it,gemmascope-res-131k,This is a king,118616
gemma-2-9b-it,gemmascope-res-131k,This is a king,122688
gemma-2-9b-it,gemmascope-res-131k,This is a king,34886
gemma-2-9b-it,gemmascope-res-131k,This is a king,36531
gemma-2-9b-it,gemmascope-res-131k,This is a king,68304
gemma-2-9b-it,gemmascope-res-131k,This is a king,796
gemma-2-9b-it,gemmascope-res-131k,This is a king,82951
gemma-2-9b-it,gemmascope-res-131k,This is a king,83648
gemma-2-9b-it,gemmascope-res-131k,This is a king,84927
gemma-2-9b-it,gemmascope-res-131k,This is a king,90674
gemma-2-9b-it,gemmascope-res-131k,This is a king,93301
gemma-2-9b-it,gemmascope-res-131k,This is a king,94573
gemma-2-9b-it,gemmascope-res-131k,This is a king,95370
gemma-2-9b-it,gemmascope-res-131k,This is a king,This is a king
gemma-2-9b-it,gemmascope-res-131k,This is a king,This is a king
gemma-2-9b-it,gemmascope-res-131k,This is a king,111085
gemma-2-9b-it,gemmascope-res-131k,This is a king,113366
gemma-2-9b-it,gemmascope-res-131k,This is a king,118616
gemma-2-9b-it,gemmascope-res-131k,This is a king,122688
gemma-2-9b-it,gemmascope-res-131k,This is a king,34886
gemma-2-9b-it,gemmascope-res-131k,This is a king,36531
gemma-2-9b-it,gemmascope-res-131k,This is a king,68304
gemma-2-9b-it,gemmascope-res-131k,This is a king,796
gemma-2-9b-it,gemmascope-res-131k,This is a king,82951
gemma-2-9b-it,gemmascope-res-131k,This is a king,83648
gemma-2-9b-it,gemmascope-res-131k,This is a king,84927
gemma-2-9b-it,gemmascope-res-131k,This is a king,90674
gemma-2-9b-it,gemmascope-res-131k,This is a king,93301
gemma-2-9b-it,gemmascope-res-131k,This is a king,94573
gemma-2-9b-it,gemmascope-res-131k,This is a king,95370
gemma-2-9b-it,gemmascope-res-131k,This is a kippah,117740
gemma-2-9b-it,gemmascope-res-131k,This is a kippah,126339
gemma-2-9b-it,gemmascope-res-131k,This is a kippah,18890
gemma-2-9b-it,gemmascope-res-131k,This is a kippah,20588
gemma-2-9b-it,gemmascope-res-131k,This is a kippah,34275
gemma-2-9b-it,gemmascope-res-131k,This is a kippah,34886
gemma-2-9b-it,gemmascope-res-131k,This is a kippah,36531
gemma-2-9b-it,gemmascope-res-131k,This is a kippah,55401
gemma-2-9b-it,gemmascope-res-131k,This is a kippah,62011
gemma-2-9b-it,gemmascope-res-131k,This is a kippah,75929
gemma-2-9b-it,gemmascope-res-131k,This is a kippah,77963
gemma-2-9b-it,gemmascope-res-131k,This is a kippah,81293
gemma-2-9b-it,gemmascope-res-131k,This is a kippah,86605
gemma-2-9b-it,gemmascope-res-131k,This is a kippah,87105
gemma-2-9b-it,gemmascope-res-131k,This is a kippah,94864
gemma-2-9b-it,gemmascope-res-131k,This is a kippah,This is a kippah
gemma-2-9b-it,gemmascope-res-131k,This is a kippah,This is a kippah
gemma-2-9b-it,gemmascope-res-131k,This is a kippah,117740
gemma-2-9b-it,gemmascope-res-131k,This is a kippah,126339
gemma-2-9b-it,gemmascope-res-131k,This is a kippah,18890
gemma-2-9b-it,gemmascope-res-131k,This is a kippah,20588
gemma-2-9b-it,gemmascope-res-131k,This is a kippah,34275
gemma-2-9b-it,gemmascope-res-131k,This is a kippah,34886
gemma-2-9b-it,gemmascope-res-131k,This is a kippah,36531
gemma-2-9b-it,gemmascope-res-131k,This is a kippah,55401
gemma-2-9b-it,gemmascope-res-131k,This is a kippah,62011
gemma-2-9b-it,gemmascope-res-131k,This is a kippah,75929
gemma-2-9b-it,gemmascope-res-131k,This is a kippah,77963
gemma-2-9b-it,gemmascope-res-131k,This is a kippah,81293
gemma-2-9b-it,gemmascope-res-131k,This is a kippah,86605
gemma-2-9b-it,gemmascope-res-131k,This is a kippah,87105
gemma-2-9b-it,gemmascope-res-131k,This is a kippah,94864
gemma-2-9b-it,gemmascope-res-131k,This is a lady,102714
gemma-2-9b-it,gemmascope-res-131k,This is a lady,121764
gemma-2-9b-it,gemmascope-res-131k,This is a lady,123935
gemma-2-9b-it,gemmascope-res-131k,This is a lady,128607
gemma-2-9b-it,gemmascope-res-131k,This is a lady,17742
gemma-2-9b-it,gemmascope-res-131k,This is a lady,36531
gemma-2-9b-it,gemmascope-res-131k,This is a lady,45545
gemma-2-9b-it,gemmascope-res-131k,This is a lady,58003
gemma-2-9b-it,gemmascope-res-131k,This is a lady,66515
gemma-2-9b-it,gemmascope-res-131k,This is a lady,7435
gemma-2-9b-it,gemmascope-res-131k,This is a lady,91583
gemma-2-9b-it,gemmascope-res-131k,This is a lady,96637
gemma-2-9b-it,gemmascope-res-131k,This is a lady,98598
gemma-2-9b-it,gemmascope-res-131k,This is a lady,This is a lady
gemma-2-9b-it,gemmascope-res-131k,This is a lady,This is a lady
gemma-2-9b-it,gemmascope-res-131k,This is a lady,102714
gemma-2-9b-it,gemmascope-res-131k,This is a lady,121764
gemma-2-9b-it,gemmascope-res-131k,This is a lady,123935
gemma-2-9b-it,gemmascope-res-131k,This is a lady,128607
gemma-2-9b-it,gemmascope-res-131k,This is a lady,17742
gemma-2-9b-it,gemmascope-res-131k,This is a lady,36531
gemma-2-9b-it,gemmascope-res-131k,This is a lady,45545
gemma-2-9b-it,gemmascope-res-131k,This is a lady,58003
gemma-2-9b-it,gemmascope-res-131k,This is a lady,66515
gemma-2-9b-it,gemmascope-res-131k,This is a lady,7435
gemma-2-9b-it,gemmascope-res-131k,This is a lady,91583
gemma-2-9b-it,gemmascope-res-131k,This is a lady,96637
gemma-2-9b-it,gemmascope-res-131k,This is a lady,98598
gemma-2-9b-it,gemmascope-res-131k,This is a male,102714
gemma-2-9b-it,gemmascope-res-131k,This is a male,104309
gemma-2-9b-it,gemmascope-res-131k,This is a male,104613
gemma-2-9b-it,gemmascope-res-131k,This is a male,114317
gemma-2-9b-it,gemmascope-res-131k,This is a male,117593
gemma-2-9b-it,gemmascope-res-131k,This is a male,120226
gemma-2-9b-it,gemmascope-res-131k,This is a male,17742
gemma-2-9b-it,gemmascope-res-131k,This is a male,29707
gemma-2-9b-it,gemmascope-res-131k,This is a male,36531
gemma-2-9b-it,gemmascope-res-131k,This is a male,37548
gemma-2-9b-it,gemmascope-res-131k,This is a male,74145
gemma-2-9b-it,gemmascope-res-131k,This is a male,83515
gemma-2-9b-it,gemmascope-res-131k,This is a male,86342
gemma-2-9b-it,gemmascope-res-131k,This is a male,87604
gemma-2-9b-it,gemmascope-res-131k,This is a male,This is a male
gemma-2-9b-it,gemmascope-res-131k,This is a male,This is a male
gemma-2-9b-it,gemmascope-res-131k,This is a male,102714
gemma-2-9b-it,gemmascope-res-131k,This is a male,104309
gemma-2-9b-it,gemmascope-res-131k,This is a male,104613
gemma-2-9b-it,gemmascope-res-131k,This is a male,114317
gemma-2-9b-it,gemmascope-res-131k,This is a male,117593
gemma-2-9b-it,gemmascope-res-131k,This is a male,120226
gemma-2-9b-it,gemmascope-res-131k,This is a male,17742
gemma-2-9b-it,gemmascope-res-131k,This is a male,29707
gemma-2-9b-it,gemmascope-res-131k,This is a male,36531
gemma-2-9b-it,gemmascope-res-131k,This is a male,37548
gemma-2-9b-it,gemmascope-res-131k,This is a male,74145
gemma-2-9b-it,gemmascope-res-131k,This is a male,83515
gemma-2-9b-it,gemmascope-res-131k,This is a male,86342
gemma-2-9b-it,gemmascope-res-131k,This is a male,87604
gemma-2-9b-it,gemmascope-res-131k,This is a man,102714
gemma-2-9b-it,gemmascope-res-131k,This is a man,107716
gemma-2-9b-it,gemmascope-res-131k,This is a man,110213
gemma-2-9b-it,gemmascope-res-131k,This is a man,120156
gemma-2-9b-it,gemmascope-res-131k,This is a man,121885
gemma-2-9b-it,gemmascope-res-131k,This is a man,122953
gemma-2-9b-it,gemmascope-res-131k,This is a man,32615
gemma-2-9b-it,gemmascope-res-131k,This is a man,36531
gemma-2-9b-it,gemmascope-res-131k,This is a man,46905
gemma-2-9b-it,gemmascope-res-131k,This is a man,54929
gemma-2-9b-it,gemmascope-res-131k,This is a man,66515
gemma-2-9b-it,gemmascope-res-131k,This is a man,81534
gemma-2-9b-it,gemmascope-res-131k,This is a man,98882
gemma-2-9b-it,gemmascope-res-131k,This is a man,This is a man
gemma-2-9b-it,gemmascope-res-131k,This is a man,This is a man
gemma-2-9b-it,gemmascope-res-131k,This is a man,102714
gemma-2-9b-it,gemmascope-res-131k,This is a man,107716
gemma-2-9b-it,gemmascope-res-131k,This is a man,110213
gemma-2-9b-it,gemmascope-res-131k,This is a man,120156
gemma-2-9b-it,gemmascope-res-131k,This is a man,121885
gemma-2-9b-it,gemmascope-res-131k,This is a man,122953
gemma-2-9b-it,gemmascope-res-131k,This is a man,32615
gemma-2-9b-it,gemmascope-res-131k,This is a man,36531
gemma-2-9b-it,gemmascope-res-131k,This is a man,46905
gemma-2-9b-it,gemmascope-res-131k,This is a man,54929
gemma-2-9b-it,gemmascope-res-131k,This is a man,66515
gemma-2-9b-it,gemmascope-res-131k,This is a man,81534
gemma-2-9b-it,gemmascope-res-131k,This is a man,98882
gemma-2-9b-it,gemmascope-res-131k,This is a midwife,110292
gemma-2-9b-it,gemmascope-res-131k,This is a midwife,21251
gemma-2-9b-it,gemmascope-res-131k,This is a midwife,2293
gemma-2-9b-it,gemmascope-res-131k,This is a midwife,24992
gemma-2-9b-it,gemmascope-res-131k,This is a midwife,27561
gemma-2-9b-it,gemmascope-res-131k,This is a midwife,28864
gemma-2-9b-it,gemmascope-res-131k,This is a midwife,39675
gemma-2-9b-it,gemmascope-res-131k,This is a midwife,54583
gemma-2-9b-it,gemmascope-res-131k,This is a midwife,66437
gemma-2-9b-it,gemmascope-res-131k,This is a midwife,68566
gemma-2-9b-it,gemmascope-res-131k,This is a midwife,84660
gemma-2-9b-it,gemmascope-res-131k,This is a midwife,87857
gemma-2-9b-it,gemmascope-res-131k,This is a midwife,93161
gemma-2-9b-it,gemmascope-res-131k,This is a midwife,95404
gemma-2-9b-it,gemmascope-res-131k,This is a midwife,97270
gemma-2-9b-it,gemmascope-res-131k,This is a midwife,97378
gemma-2-9b-it,gemmascope-res-131k,This is a midwife,This is a midwife
gemma-2-9b-it,gemmascope-res-131k,This is a midwife,This is a midwife
gemma-2-9b-it,gemmascope-res-131k,This is a midwife,110292
gemma-2-9b-it,gemmascope-res-131k,This is a midwife,21251
gemma-2-9b-it,gemmascope-res-131k,This is a midwife,2293
gemma-2-9b-it,gemmascope-res-131k,This is a midwife,24992
gemma-2-9b-it,gemmascope-res-131k,This is a midwife,27561
gemma-2-9b-it,gemmascope-res-131k,This is a midwife,28864
gemma-2-9b-it,gemmascope-res-131k,This is a midwife,39675
gemma-2-9b-it,gemmascope-res-131k,This is a midwife,54583
gemma-2-9b-it,gemmascope-res-131k,This is a midwife,66437
gemma-2-9b-it,gemmascope-res-131k,This is a midwife,68566
gemma-2-9b-it,gemmascope-res-131k,This is a midwife,84660
gemma-2-9b-it,gemmascope-res-131k,This is a midwife,87857
gemma-2-9b-it,gemmascope-res-131k,This is a midwife,93161
gemma-2-9b-it,gemmascope-res-131k,This is a midwife,95404
gemma-2-9b-it,gemmascope-res-131k,This is a midwife,97270
gemma-2-9b-it,gemmascope-res-131k,This is a midwife,97378
gemma-2-9b-it,gemmascope-res-131k,This is a mosque,100868
gemma-2-9b-it,gemmascope-res-131k,This is a mosque,102623
gemma-2-9b-it,gemmascope-res-131k,This is a mosque,108305
gemma-2-9b-it,gemmascope-res-131k,This is a mosque,112608
gemma-2-9b-it,gemmascope-res-131k,This is a mosque,114341
gemma-2-9b-it,gemmascope-res-131k,This is a mosque,126292
gemma-2-9b-it,gemmascope-res-131k,This is a mosque,126809
gemma-2-9b-it,gemmascope-res-131k,This is a mosque,29910
gemma-2-9b-it,gemmascope-res-131k,This is a mosque,50395
gemma-2-9b-it,gemmascope-res-131k,This is a mosque,51798
gemma-2-9b-it,gemmascope-res-131k,This is a mosque,56930
gemma-2-9b-it,gemmascope-res-131k,This is a mosque,73978
gemma-2-9b-it,gemmascope-res-131k,This is a mosque,74369
gemma-2-9b-it,gemmascope-res-131k,This is a mosque,84733
gemma-2-9b-it,gemmascope-res-131k,This is a mosque,93748
gemma-2-9b-it,gemmascope-res-131k,This is a mosque,This is a mosque
gemma-2-9b-it,gemmascope-res-131k,This is a mosque,This is a mosque
gemma-2-9b-it,gemmascope-res-131k,This is a mosque,100868
gemma-2-9b-it,gemmascope-res-131k,This is a mosque,102623
gemma-2-9b-it,gemmascope-res-131k,This is a mosque,108305
gemma-2-9b-it,gemmascope-res-131k,This is a mosque,112608
gemma-2-9b-it,gemmascope-res-131k,This is a mosque,114341
gemma-2-9b-it,gemmascope-res-131k,This is a mosque,126292
gemma-2-9b-it,gemmascope-res-131k,This is a mosque,126809
gemma-2-9b-it,gemmascope-res-131k,This is a mosque,29910
gemma-2-9b-it,gemmascope-res-131k,This is a mosque,50395
gemma-2-9b-it,gemmascope-res-131k,This is a mosque,51798
gemma-2-9b-it,gemmascope-res-131k,This is a mosque,56930
gemma-2-9b-it,gemmascope-res-131k,This is a mosque,73978
gemma-2-9b-it,gemmascope-res-131k,This is a mosque,74369
gemma-2-9b-it,gemmascope-res-131k,This is a mosque,84733
gemma-2-9b-it,gemmascope-res-131k,This is a mosque,93748
gemma-2-9b-it,gemmascope-res-131k,This is a muslim,123834
gemma-2-9b-it,gemmascope-res-131k,This is a muslim,126292
gemma-2-9b-it,gemmascope-res-131k,This is a muslim,129402
gemma-2-9b-it,gemmascope-res-131k,This is a muslim,26146
gemma-2-9b-it,gemmascope-res-131k,This is a muslim,34852
gemma-2-9b-it,gemmascope-res-131k,This is a muslim,37529
gemma-2-9b-it,gemmascope-res-131k,This is a muslim,42564
gemma-2-9b-it,gemmascope-res-131k,This is a muslim,49434
gemma-2-9b-it,gemmascope-res-131k,This is a muslim,49711
gemma-2-9b-it,gemmascope-res-131k,This is a muslim,52188
gemma-2-9b-it,gemmascope-res-131k,This is a muslim,5520
gemma-2-9b-it,gemmascope-res-131k,This is a muslim,68938
gemma-2-9b-it,gemmascope-res-131k,This is a muslim,69205
gemma-2-9b-it,gemmascope-res-131k,This is a muslim,74369
gemma-2-9b-it,gemmascope-res-131k,This is a muslim,94614
gemma-2-9b-it,gemmascope-res-131k,This is a muslim,This is a muslim
gemma-2-9b-it,gemmascope-res-131k,This is a muslim,This is a muslim
gemma-2-9b-it,gemmascope-res-131k,This is a muslim,123834
gemma-2-9b-it,gemmascope-res-131k,This is a muslim,126292
gemma-2-9b-it,gemmascope-res-131k,This is a muslim,129402
gemma-2-9b-it,gemmascope-res-131k,This is a muslim,26146
gemma-2-9b-it,gemmascope-res-131k,This is a muslim,34852
gemma-2-9b-it,gemmascope-res-131k,This is a muslim,37529
gemma-2-9b-it,gemmascope-res-131k,This is a muslim,42564
gemma-2-9b-it,gemmascope-res-131k,This is a muslim,49434
gemma-2-9b-it,gemmascope-res-131k,This is a muslim,49711
gemma-2-9b-it,gemmascope-res-131k,This is a muslim,52188
gemma-2-9b-it,gemmascope-res-131k,This is a muslim,5520
gemma-2-9b-it,gemmascope-res-131k,This is a muslim,68938
gemma-2-9b-it,gemmascope-res-131k,This is a muslim,69205
gemma-2-9b-it,gemmascope-res-131k,This is a muslim,74369
gemma-2-9b-it,gemmascope-res-131k,This is a muslim,94614
gemma-2-9b-it,gemmascope-res-131k,This is a nurse,110288
gemma-2-9b-it,gemmascope-res-131k,This is a nurse,126585
gemma-2-9b-it,gemmascope-res-131k,This is a nurse,14011
gemma-2-9b-it,gemmascope-res-131k,This is a nurse,23050
gemma-2-9b-it,gemmascope-res-131k,This is a nurse,47457
gemma-2-9b-it,gemmascope-res-131k,This is a nurse,5120
gemma-2-9b-it,gemmascope-res-131k,This is a nurse,57496
gemma-2-9b-it,gemmascope-res-131k,This is a nurse,61153
gemma-2-9b-it,gemmascope-res-131k,This is a nurse,7478
gemma-2-9b-it,gemmascope-res-131k,This is a nurse,7748
gemma-2-9b-it,gemmascope-res-131k,This is a nurse,78226
gemma-2-9b-it,gemmascope-res-131k,This is a nurse,79222
gemma-2-9b-it,gemmascope-res-131k,This is a nurse,89028
gemma-2-9b-it,gemmascope-res-131k,This is a nurse,97860
gemma-2-9b-it,gemmascope-res-131k,This is a nurse,This is a nurse
gemma-2-9b-it,gemmascope-res-131k,This is a nurse,This is a nurse
gemma-2-9b-it,gemmascope-res-131k,This is a nurse,110288
gemma-2-9b-it,gemmascope-res-131k,This is a nurse,126585
gemma-2-9b-it,gemmascope-res-131k,This is a nurse,14011
gemma-2-9b-it,gemmascope-res-131k,This is a nurse,23050
gemma-2-9b-it,gemmascope-res-131k,This is a nurse,47457
gemma-2-9b-it,gemmascope-res-131k,This is a nurse,5120
gemma-2-9b-it,gemmascope-res-131k,This is a nurse,57496
gemma-2-9b-it,gemmascope-res-131k,This is a nurse,61153
gemma-2-9b-it,gemmascope-res-131k,This is a nurse,7478
gemma-2-9b-it,gemmascope-res-131k,This is a nurse,7748
gemma-2-9b-it,gemmascope-res-131k,This is a nurse,78226
gemma-2-9b-it,gemmascope-res-131k,This is a nurse,79222
gemma-2-9b-it,gemmascope-res-131k,This is a nurse,89028
gemma-2-9b-it,gemmascope-res-131k,This is a nurse,97860
gemma-2-9b-it,gemmascope-res-131k,This is a pope,103389
gemma-2-9b-it,gemmascope-res-131k,This is a pope,108592
gemma-2-9b-it,gemmascope-res-131k,This is a pope,25797
gemma-2-9b-it,gemmascope-res-131k,This is a pope,27665
gemma-2-9b-it,gemmascope-res-131k,This is a pope,32402
gemma-2-9b-it,gemmascope-res-131k,This is a pope,37526
gemma-2-9b-it,gemmascope-res-131k,This is a pope,40131
gemma-2-9b-it,gemmascope-res-131k,This is a pope,45897
gemma-2-9b-it,gemmascope-res-131k,This is a pope,52921
gemma-2-9b-it,gemmascope-res-131k,This is a pope,67391
gemma-2-9b-it,gemmascope-res-131k,This is a pope,72686
gemma-2-9b-it,gemmascope-res-131k,This is a pope,73952
gemma-2-9b-it,gemmascope-res-131k,This is a pope,78734
gemma-2-9b-it,gemmascope-res-131k,This is a pope,83648
gemma-2-9b-it,gemmascope-res-131k,This is a pope,91279
gemma-2-9b-it,gemmascope-res-131k,This is a pope,91781
gemma-2-9b-it,gemmascope-res-131k,This is a pope,This is a pope
gemma-2-9b-it,gemmascope-res-131k,This is a pope,This is a pope
gemma-2-9b-it,gemmascope-res-131k,This is a pope,103389
gemma-2-9b-it,gemmascope-res-131k,This is a pope,108592
gemma-2-9b-it,gemmascope-res-131k,This is a pope,25797
gemma-2-9b-it,gemmascope-res-131k,This is a pope,27665
gemma-2-9b-it,gemmascope-res-131k,This is a pope,32402
gemma-2-9b-it,gemmascope-res-131k,This is a pope,37526
gemma-2-9b-it,gemmascope-res-131k,This is a pope,40131
gemma-2-9b-it,gemmascope-res-131k,This is a pope,45897
gemma-2-9b-it,gemmascope-res-131k,This is a pope,52921
gemma-2-9b-it,gemmascope-res-131k,This is a pope,67391
gemma-2-9b-it,gemmascope-res-131k,This is a pope,72686
gemma-2-9b-it,gemmascope-res-131k,This is a pope,73952
gemma-2-9b-it,gemmascope-res-131k,This is a pope,78734
gemma-2-9b-it,gemmascope-res-131k,This is a pope,83648
gemma-2-9b-it,gemmascope-res-131k,This is a pope,91279
gemma-2-9b-it,gemmascope-res-131k,This is a pope,91781
gemma-2-9b-it,gemmascope-res-131k,This is a professor,106767
gemma-2-9b-it,gemmascope-res-131k,This is a professor,114100
gemma-2-9b-it,gemmascope-res-131k,This is a professor,119213
gemma-2-9b-it,gemmascope-res-131k,This is a professor,17633
gemma-2-9b-it,gemmascope-res-131k,This is a professor,29632
gemma-2-9b-it,gemmascope-res-131k,This is a professor,34018
gemma-2-9b-it,gemmascope-res-131k,This is a professor,34420
gemma-2-9b-it,gemmascope-res-131k,This is a professor,52384
gemma-2-9b-it,gemmascope-res-131k,This is a professor,60908
gemma-2-9b-it,gemmascope-res-131k,This is a professor,75452
gemma-2-9b-it,gemmascope-res-131k,This is a professor,8561
gemma-2-9b-it,gemmascope-res-131k,This is a professor,89089
gemma-2-9b-it,gemmascope-res-131k,This is a professor,95887
gemma-2-9b-it,gemmascope-res-131k,This is a professor,This is a professor
gemma-2-9b-it,gemmascope-res-131k,This is a professor,This is a professor
gemma-2-9b-it,gemmascope-res-131k,This is a professor,106767
gemma-2-9b-it,gemmascope-res-131k,This is a professor,114100
gemma-2-9b-it,gemmascope-res-131k,This is a professor,119213
gemma-2-9b-it,gemmascope-res-131k,This is a professor,17633
gemma-2-9b-it,gemmascope-res-131k,This is a professor,29632
gemma-2-9b-it,gemmascope-res-131k,This is a professor,34018
gemma-2-9b-it,gemmascope-res-131k,This is a professor,34420
gemma-2-9b-it,gemmascope-res-131k,This is a professor,52384
gemma-2-9b-it,gemmascope-res-131k,This is a professor,60908
gemma-2-9b-it,gemmascope-res-131k,This is a professor,75452
gemma-2-9b-it,gemmascope-res-131k,This is a professor,8561
gemma-2-9b-it,gemmascope-res-131k,This is a professor,89089
gemma-2-9b-it,gemmascope-res-131k,This is a professor,95887
gemma-2-9b-it,gemmascope-res-131k,This is a programmer,103995
gemma-2-9b-it,gemmascope-res-131k,This is a programmer,107513
gemma-2-9b-it,gemmascope-res-131k,This is a programmer,19994
gemma-2-9b-it,gemmascope-res-131k,This is a programmer,27186
gemma-2-9b-it,gemmascope-res-131k,This is a programmer,2824
gemma-2-9b-it,gemmascope-res-131k,This is a programmer,44640
gemma-2-9b-it,gemmascope-res-131k,This is a programmer,5120
gemma-2-9b-it,gemmascope-res-131k,This is a programmer,52384
gemma-2-9b-it,gemmascope-res-131k,This is a programmer,53943
gemma-2-9b-it,gemmascope-res-131k,This is a programmer,6289
gemma-2-9b-it,gemmascope-res-131k,This is a programmer,82557
gemma-2-9b-it,gemmascope-res-131k,This is a programmer,86890
gemma-2-9b-it,gemmascope-res-131k,This is a programmer,89838
gemma-2-9b-it,gemmascope-res-131k,This is a programmer,99984
gemma-2-9b-it,gemmascope-res-131k,This is a programmer,This is a programmer
gemma-2-9b-it,gemmascope-res-131k,This is a programmer,This is a programmer
gemma-2-9b-it,gemmascope-res-131k,This is a programmer,103995
gemma-2-9b-it,gemmascope-res-131k,This is a programmer,107513
gemma-2-9b-it,gemmascope-res-131k,This is a programmer,19994
gemma-2-9b-it,gemmascope-res-131k,This is a programmer,27186
gemma-2-9b-it,gemmascope-res-131k,This is a programmer,2824
gemma-2-9b-it,gemmascope-res-131k,This is a programmer,44640
gemma-2-9b-it,gemmascope-res-131k,This is a programmer,5120
gemma-2-9b-it,gemmascope-res-131k,This is a programmer,52384
gemma-2-9b-it,gemmascope-res-131k,This is a programmer,53943
gemma-2-9b-it,gemmascope-res-131k,This is a programmer,6289
gemma-2-9b-it,gemmascope-res-131k,This is a programmer,82557
gemma-2-9b-it,gemmascope-res-131k,This is a programmer,86890
gemma-2-9b-it,gemmascope-res-131k,This is a programmer,89838
gemma-2-9b-it,gemmascope-res-131k,This is a programmer,99984
gemma-2-9b-it,gemmascope-res-131k,This is a queen,10887
gemma-2-9b-it,gemmascope-res-131k,This is a queen,111085
gemma-2-9b-it,gemmascope-res-131k,This is a queen,113366
gemma-2-9b-it,gemmascope-res-131k,This is a queen,118616
gemma-2-9b-it,gemmascope-res-131k,This is a queen,20577
gemma-2-9b-it,gemmascope-res-131k,This is a queen,21922
gemma-2-9b-it,gemmascope-res-131k,This is a queen,36531
gemma-2-9b-it,gemmascope-res-131k,This is a queen,38735
gemma-2-9b-it,gemmascope-res-131k,This is a queen,47250
gemma-2-9b-it,gemmascope-res-131k,This is a queen,62935
gemma-2-9b-it,gemmascope-res-131k,This is a queen,68304
gemma-2-9b-it,gemmascope-res-131k,This is a queen,83648
gemma-2-9b-it,gemmascope-res-131k,This is a queen,84927
gemma-2-9b-it,gemmascope-res-131k,This is a queen,90674
gemma-2-9b-it,gemmascope-res-131k,This is a queen,95370
gemma-2-9b-it,gemmascope-res-131k,This is a queen,This is a queen
gemma-2-9b-it,gemmascope-res-131k,This is a queen,This is a queen
gemma-2-9b-it,gemmascope-res-131k,This is a queen,10887
gemma-2-9b-it,gemmascope-res-131k,This is a queen,111085
gemma-2-9b-it,gemmascope-res-131k,This is a queen,113366
gemma-2-9b-it,gemmascope-res-131k,This is a queen,118616
gemma-2-9b-it,gemmascope-res-131k,This is a queen,20577
gemma-2-9b-it,gemmascope-res-131k,This is a queen,21922
gemma-2-9b-it,gemmascope-res-131k,This is a queen,36531
gemma-2-9b-it,gemmascope-res-131k,This is a queen,38735
gemma-2-9b-it,gemmascope-res-131k,This is a queen,47250
gemma-2-9b-it,gemmascope-res-131k,This is a queen,62935
gemma-2-9b-it,gemmascope-res-131k,This is a queen,68304
gemma-2-9b-it,gemmascope-res-131k,This is a queen,83648
gemma-2-9b-it,gemmascope-res-131k,This is a queen,84927
gemma-2-9b-it,gemmascope-res-131k,This is a queen,90674
gemma-2-9b-it,gemmascope-res-131k,This is a queen,95370
gemma-2-9b-it,gemmascope-res-131k,This is a quran,103197
gemma-2-9b-it,gemmascope-res-131k,This is a quran,119049
gemma-2-9b-it,gemmascope-res-131k,This is a quran,119402
gemma-2-9b-it,gemmascope-res-131k,This is a quran,122034
gemma-2-9b-it,gemmascope-res-131k,This is a quran,20577
gemma-2-9b-it,gemmascope-res-131k,This is a quran,25563
gemma-2-9b-it,gemmascope-res-131k,This is a quran,28760
gemma-2-9b-it,gemmascope-res-131k,This is a quran,37529
gemma-2-9b-it,gemmascope-res-131k,This is a quran,42861
gemma-2-9b-it,gemmascope-res-131k,This is a quran,5278
gemma-2-9b-it,gemmascope-res-131k,This is a quran,66799
gemma-2-9b-it,gemmascope-res-131k,This is a quran,69205
gemma-2-9b-it,gemmascope-res-131k,This is a quran,73498
gemma-2-9b-it,gemmascope-res-131k,This is a quran,84440
gemma-2-9b-it,gemmascope-res-131k,This is a quran,88652
gemma-2-9b-it,gemmascope-res-131k,This is a quran,This is a quran
gemma-2-9b-it,gemmascope-res-131k,This is a quran,This is a quran
gemma-2-9b-it,gemmascope-res-131k,This is a quran,103197
gemma-2-9b-it,gemmascope-res-131k,This is a quran,119049
gemma-2-9b-it,gemmascope-res-131k,This is a quran,119402
gemma-2-9b-it,gemmascope-res-131k,This is a quran,122034
gemma-2-9b-it,gemmascope-res-131k,This is a quran,20577
gemma-2-9b-it,gemmascope-res-131k,This is a quran,25563
gemma-2-9b-it,gemmascope-res-131k,This is a quran,28760
gemma-2-9b-it,gemmascope-res-131k,This is a quran,37529
gemma-2-9b-it,gemmascope-res-131k,This is a quran,42861
gemma-2-9b-it,gemmascope-res-131k,This is a quran,5278
gemma-2-9b-it,gemmascope-res-131k,This is a quran,66799
gemma-2-9b-it,gemmascope-res-131k,This is a quran,69205
gemma-2-9b-it,gemmascope-res-131k,This is a quran,73498
gemma-2-9b-it,gemmascope-res-131k,This is a quran,84440
gemma-2-9b-it,gemmascope-res-131k,This is a quran,88652
gemma-2-9b-it,gemmascope-res-131k,This is a receptionist,100349
gemma-2-9b-it,gemmascope-res-131k,This is a receptionist,102059
gemma-2-9b-it,gemmascope-res-131k,This is a receptionist,112032
gemma-2-9b-it,gemmascope-res-131k,This is a receptionist,128140
gemma-2-9b-it,gemmascope-res-131k,This is a receptionist,2293
gemma-2-9b-it,gemmascope-res-131k,This is a receptionist,45658
gemma-2-9b-it,gemmascope-res-131k,This is a receptionist,522
gemma-2-9b-it,gemmascope-res-131k,This is a receptionist,58405
gemma-2-9b-it,gemmascope-res-131k,This is a receptionist,59329
gemma-2-9b-it,gemmascope-res-131k,This is a receptionist,72478
gemma-2-9b-it,gemmascope-res-131k,This is a receptionist,77086
gemma-2-9b-it,gemmascope-res-131k,This is a receptionist,85124
gemma-2-9b-it,gemmascope-res-131k,This is a receptionist,89028
gemma-2-9b-it,gemmascope-res-131k,This is a receptionist,97303
gemma-2-9b-it,gemmascope-res-131k,This is a receptionist,9797
gemma-2-9b-it,gemmascope-res-131k,This is a receptionist,This is a receptionist
gemma-2-9b-it,gemmascope-res-131k,This is a receptionist,This is a receptionist
gemma-2-9b-it,gemmascope-res-131k,This is a receptionist,100349
gemma-2-9b-it,gemmascope-res-131k,This is a receptionist,102059
gemma-2-9b-it,gemmascope-res-131k,This is a receptionist,112032
gemma-2-9b-it,gemmascope-res-131k,This is a receptionist,128140
gemma-2-9b-it,gemmascope-res-131k,This is a receptionist,2293
gemma-2-9b-it,gemmascope-res-131k,This is a receptionist,45658
gemma-2-9b-it,gemmascope-res-131k,This is a receptionist,522
gemma-2-9b-it,gemmascope-res-131k,This is a receptionist,58405
gemma-2-9b-it,gemmascope-res-131k,This is a receptionist,59329
gemma-2-9b-it,gemmascope-res-131k,This is a receptionist,72478
gemma-2-9b-it,gemmascope-res-131k,This is a receptionist,77086
gemma-2-9b-it,gemmascope-res-131k,This is a receptionist,85124
gemma-2-9b-it,gemmascope-res-131k,This is a receptionist,89028
gemma-2-9b-it,gemmascope-res-131k,This is a receptionist,97303
gemma-2-9b-it,gemmascope-res-131k,This is a receptionist,9797
gemma-2-9b-it,gemmascope-res-131k,This is a sacrament,103937
gemma-2-9b-it,gemmascope-res-131k,This is a sacrament,105733
gemma-2-9b-it,gemmascope-res-131k,This is a sacrament,114442
gemma-2-9b-it,gemmascope-res-131k,This is a sacrament,116530
gemma-2-9b-it,gemmascope-res-131k,This is a sacrament,118638
gemma-2-9b-it,gemmascope-res-131k,This is a sacrament,121814
gemma-2-9b-it,gemmascope-res-131k,This is a sacrament,15515
gemma-2-9b-it,gemmascope-res-131k,This is a sacrament,22352
gemma-2-9b-it,gemmascope-res-131k,This is a sacrament,29317
gemma-2-9b-it,gemmascope-res-131k,This is a sacrament,33330
gemma-2-9b-it,gemmascope-res-131k,This is a sacrament,81903
gemma-2-9b-it,gemmascope-res-131k,This is a sacrament,87595
gemma-2-9b-it,gemmascope-res-131k,This is a sacrament,88390
gemma-2-9b-it,gemmascope-res-131k,This is a sacrament,9217
gemma-2-9b-it,gemmascope-res-131k,This is a sacrament,99068
gemma-2-9b-it,gemmascope-res-131k,This is a sacrament,This is a sacrament
gemma-2-9b-it,gemmascope-res-131k,This is a sacrament,This is a sacrament
gemma-2-9b-it,gemmascope-res-131k,This is a sacrament,103937
gemma-2-9b-it,gemmascope-res-131k,This is a sacrament,105733
gemma-2-9b-it,gemmascope-res-131k,This is a sacrament,114442
gemma-2-9b-it,gemmascope-res-131k,This is a sacrament,116530
gemma-2-9b-it,gemmascope-res-131k,This is a sacrament,118638
gemma-2-9b-it,gemmascope-res-131k,This is a sacrament,121814
gemma-2-9b-it,gemmascope-res-131k,This is a sacrament,15515
gemma-2-9b-it,gemmascope-res-131k,This is a sacrament,22352
gemma-2-9b-it,gemmascope-res-131k,This is a sacrament,29317
gemma-2-9b-it,gemmascope-res-131k,This is a sacrament,33330
gemma-2-9b-it,gemmascope-res-131k,This is a sacrament,81903
gemma-2-9b-it,gemmascope-res-131k,This is a sacrament,87595
gemma-2-9b-it,gemmascope-res-131k,This is a sacrament,88390
gemma-2-9b-it,gemmascope-res-131k,This is a sacrament,9217
gemma-2-9b-it,gemmascope-res-131k,This is a sacrament,99068
gemma-2-9b-it,gemmascope-res-131k,This is a son,106202
gemma-2-9b-it,gemmascope-res-131k,This is a son,29557
gemma-2-9b-it,gemmascope-res-131k,This is a son,35919
gemma-2-9b-it,gemmascope-res-131k,This is a son,36531
gemma-2-9b-it,gemmascope-res-131k,This is a son,43311
gemma-2-9b-it,gemmascope-res-131k,This is a son,51179
gemma-2-9b-it,gemmascope-res-131k,This is a son,57890
gemma-2-9b-it,gemmascope-res-131k,This is a son,68460
gemma-2-9b-it,gemmascope-res-131k,This is a son,72460
gemma-2-9b-it,gemmascope-res-131k,This is a son,76441
gemma-2-9b-it,gemmascope-res-131k,This is a son,82951
gemma-2-9b-it,gemmascope-res-131k,This is a son,84349
gemma-2-9b-it,gemmascope-res-131k,This is a son,88351
gemma-2-9b-it,gemmascope-res-131k,This is a son,90849
gemma-2-9b-it,gemmascope-res-131k,This is a son,This is a son
gemma-2-9b-it,gemmascope-res-131k,This is a son,This is a son
gemma-2-9b-it,gemmascope-res-131k,This is a son,106202
gemma-2-9b-it,gemmascope-res-131k,This is a son,29557
gemma-2-9b-it,gemmascope-res-131k,This is a son,35919
gemma-2-9b-it,gemmascope-res-131k,This is a son,36531
gemma-2-9b-it,gemmascope-res-131k,This is a son,43311
gemma-2-9b-it,gemmascope-res-131k,This is a son,51179
gemma-2-9b-it,gemmascope-res-131k,This is a son,57890
gemma-2-9b-it,gemmascope-res-131k,This is a son,68460
gemma-2-9b-it,gemmascope-res-131k,This is a son,72460
gemma-2-9b-it,gemmascope-res-131k,This is a son,76441
gemma-2-9b-it,gemmascope-res-131k,This is a son,82951
gemma-2-9b-it,gemmascope-res-131k,This is a son,84349
gemma-2-9b-it,gemmascope-res-131k,This is a son,88351
gemma-2-9b-it,gemmascope-res-131k,This is a son,90849
gemma-2-9b-it,gemmascope-res-131k,This is a synagogue,1007
gemma-2-9b-it,gemmascope-res-131k,This is a synagogue,105509
gemma-2-9b-it,gemmascope-res-131k,This is a synagogue,112608
gemma-2-9b-it,gemmascope-res-131k,This is a synagogue,114520
gemma-2-9b-it,gemmascope-res-131k,This is a synagogue,118081
gemma-2-9b-it,gemmascope-res-131k,This is a synagogue,12125
gemma-2-9b-it,gemmascope-res-131k,This is a synagogue,12147
gemma-2-9b-it,gemmascope-res-131k,This is a synagogue,13783
gemma-2-9b-it,gemmascope-res-131k,This is a synagogue,47189
gemma-2-9b-it,gemmascope-res-131k,This is a synagogue,56930
gemma-2-9b-it,gemmascope-res-131k,This is a synagogue,76126
gemma-2-9b-it,gemmascope-res-131k,This is a synagogue,8294
gemma-2-9b-it,gemmascope-res-131k,This is a synagogue,85665
gemma-2-9b-it,gemmascope-res-131k,This is a synagogue,9610
gemma-2-9b-it,gemmascope-res-131k,This is a synagogue,This is a synagogue
gemma-2-9b-it,gemmascope-res-131k,This is a synagogue,This is a synagogue
gemma-2-9b-it,gemmascope-res-131k,This is a synagogue,1007
gemma-2-9b-it,gemmascope-res-131k,This is a synagogue,105509
gemma-2-9b-it,gemmascope-res-131k,This is a synagogue,112608
gemma-2-9b-it,gemmascope-res-131k,This is a synagogue,114520
gemma-2-9b-it,gemmascope-res-131k,This is a synagogue,118081
gemma-2-9b-it,gemmascope-res-131k,This is a synagogue,12125
gemma-2-9b-it,gemmascope-res-131k,This is a synagogue,12147
gemma-2-9b-it,gemmascope-res-131k,This is a synagogue,13783
gemma-2-9b-it,gemmascope-res-131k,This is a synagogue,47189
gemma-2-9b-it,gemmascope-res-131k,This is a synagogue,56930
gemma-2-9b-it,gemmascope-res-131k,This is a synagogue,76126
gemma-2-9b-it,gemmascope-res-131k,This is a synagogue,8294
gemma-2-9b-it,gemmascope-res-131k,This is a synagogue,85665
gemma-2-9b-it,gemmascope-res-131k,This is a synagogue,9610
gemma-2-9b-it,gemmascope-res-131k,This is a talmud,115780
gemma-2-9b-it,gemmascope-res-131k,This is a talmud,123071
gemma-2-9b-it,gemmascope-res-131k,This is a talmud,15320
gemma-2-9b-it,gemmascope-res-131k,This is a talmud,34221
gemma-2-9b-it,gemmascope-res-131k,This is a talmud,36531
gemma-2-9b-it,gemmascope-res-131k,This is a talmud,43104
gemma-2-9b-it,gemmascope-res-131k,This is a talmud,51179
gemma-2-9b-it,gemmascope-res-131k,This is a talmud,62046
gemma-2-9b-it,gemmascope-res-131k,This is a talmud,62301
gemma-2-9b-it,gemmascope-res-131k,This is a talmud,67230
gemma-2-9b-it,gemmascope-res-131k,This is a talmud,68029
gemma-2-9b-it,gemmascope-res-131k,This is a talmud,82951
gemma-2-9b-it,gemmascope-res-131k,This is a talmud,9962
gemma-2-9b-it,gemmascope-res-131k,This is a talmud,This is a talmud
gemma-2-9b-it,gemmascope-res-131k,This is a talmud,This is a talmud
gemma-2-9b-it,gemmascope-res-131k,This is a talmud,115780
gemma-2-9b-it,gemmascope-res-131k,This is a talmud,123071
gemma-2-9b-it,gemmascope-res-131k,This is a talmud,15320
gemma-2-9b-it,gemmascope-res-131k,This is a talmud,34221
gemma-2-9b-it,gemmascope-res-131k,This is a talmud,36531
gemma-2-9b-it,gemmascope-res-131k,This is a talmud,43104
gemma-2-9b-it,gemmascope-res-131k,This is a talmud,51179
gemma-2-9b-it,gemmascope-res-131k,This is a talmud,62046
gemma-2-9b-it,gemmascope-res-131k,This is a talmud,62301
gemma-2-9b-it,gemmascope-res-131k,This is a talmud,67230
gemma-2-9b-it,gemmascope-res-131k,This is a talmud,68029
gemma-2-9b-it,gemmascope-res-131k,This is a talmud,82951
gemma-2-9b-it,gemmascope-res-131k,This is a talmud,9962
gemma-2-9b-it,gemmascope-res-131k,This is a temple,112608
gemma-2-9b-it,gemmascope-res-131k,This is a temple,119785
gemma-2-9b-it,gemmascope-res-131k,This is a temple,12666
gemma-2-9b-it,gemmascope-res-131k,This is a temple,129515
gemma-2-9b-it,gemmascope-res-131k,This is a temple,130292
gemma-2-9b-it,gemmascope-res-131k,This is a temple,16969
gemma-2-9b-it,gemmascope-res-131k,This is a temple,28770
gemma-2-9b-it,gemmascope-res-131k,This is a temple,42028
gemma-2-9b-it,gemmascope-res-131k,This is a temple,50395
gemma-2-9b-it,gemmascope-res-131k,This is a temple,5479
gemma-2-9b-it,gemmascope-res-131k,This is a temple,67870
gemma-2-9b-it,gemmascope-res-131k,This is a temple,88423
gemma-2-9b-it,gemmascope-res-131k,This is a temple,93537
gemma-2-9b-it,gemmascope-res-131k,This is a temple,99449
gemma-2-9b-it,gemmascope-res-131k,This is a temple,This is a temple
gemma-2-9b-it,gemmascope-res-131k,This is a temple,This is a temple
gemma-2-9b-it,gemmascope-res-131k,This is a temple,112608
gemma-2-9b-it,gemmascope-res-131k,This is a temple,119785
gemma-2-9b-it,gemmascope-res-131k,This is a temple,12666
gemma-2-9b-it,gemmascope-res-131k,This is a temple,129515
gemma-2-9b-it,gemmascope-res-131k,This is a temple,130292
gemma-2-9b-it,gemmascope-res-131k,This is a temple,16969
gemma-2-9b-it,gemmascope-res-131k,This is a temple,28770
gemma-2-9b-it,gemmascope-res-131k,This is a temple,42028
gemma-2-9b-it,gemmascope-res-131k,This is a temple,50395
gemma-2-9b-it,gemmascope-res-131k,This is a temple,5479
gemma-2-9b-it,gemmascope-res-131k,This is a temple,67870
gemma-2-9b-it,gemmascope-res-131k,This is a temple,88423
gemma-2-9b-it,gemmascope-res-131k,This is a temple,93537
gemma-2-9b-it,gemmascope-res-131k,This is a temple,99449
gemma-2-9b-it,gemmascope-res-131k,This is a terrorist,102714
gemma-2-9b-it,gemmascope-res-131k,This is a terrorist,106202
gemma-2-9b-it,gemmascope-res-131k,This is a terrorist,124113
gemma-2-9b-it,gemmascope-res-131k,This is a terrorist,15916
gemma-2-9b-it,gemmascope-res-131k,This is a terrorist,20781
gemma-2-9b-it,gemmascope-res-131k,This is a terrorist,20999
gemma-2-9b-it,gemmascope-res-131k,This is a terrorist,23956
gemma-2-9b-it,gemmascope-res-131k,This is a terrorist,25085
gemma-2-9b-it,gemmascope-res-131k,This is a terrorist,32605
gemma-2-9b-it,gemmascope-res-131k,This is a terrorist,42459
gemma-2-9b-it,gemmascope-res-131k,This is a terrorist,45703
gemma-2-9b-it,gemmascope-res-131k,This is a terrorist,55302
gemma-2-9b-it,gemmascope-res-131k,This is a terrorist,73767
gemma-2-9b-it,gemmascope-res-131k,This is a terrorist,85124
gemma-2-9b-it,gemmascope-res-131k,This is a terrorist,981
gemma-2-9b-it,gemmascope-res-131k,This is a terrorist,9929
gemma-2-9b-it,gemmascope-res-131k,This is a terrorist,This is a terrorist
gemma-2-9b-it,gemmascope-res-131k,This is a terrorist,This is a terrorist
gemma-2-9b-it,gemmascope-res-131k,This is a terrorist,102714
gemma-2-9b-it,gemmascope-res-131k,This is a terrorist,106202
gemma-2-9b-it,gemmascope-res-131k,This is a terrorist,124113
gemma-2-9b-it,gemmascope-res-131k,This is a terrorist,15916
gemma-2-9b-it,gemmascope-res-131k,This is a terrorist,20781
gemma-2-9b-it,gemmascope-res-131k,This is a terrorist,20999
gemma-2-9b-it,gemmascope-res-131k,This is a terrorist,23956
gemma-2-9b-it,gemmascope-res-131k,This is a terrorist,25085
gemma-2-9b-it,gemmascope-res-131k,This is a terrorist,32605
gemma-2-9b-it,gemmascope-res-131k,This is a terrorist,42459
gemma-2-9b-it,gemmascope-res-131k,This is a terrorist,45703
gemma-2-9b-it,gemmascope-res-131k,This is a terrorist,55302
gemma-2-9b-it,gemmascope-res-131k,This is a terrorist,73767
gemma-2-9b-it,gemmascope-res-131k,This is a terrorist,85124
gemma-2-9b-it,gemmascope-res-131k,This is a terrorist,981
gemma-2-9b-it,gemmascope-res-131k,This is a terrorist,9929
gemma-2-9b-it,gemmascope-res-131k,This is a torah,101583
gemma-2-9b-it,gemmascope-res-131k,This is a torah,104357
gemma-2-9b-it,gemmascope-res-131k,This is a torah,109228
gemma-2-9b-it,gemmascope-res-131k,This is a torah,124905
gemma-2-9b-it,gemmascope-res-131k,This is a torah,34221
gemma-2-9b-it,gemmascope-res-131k,This is a torah,36531
gemma-2-9b-it,gemmascope-res-131k,This is a torah,41776
gemma-2-9b-it,gemmascope-res-131k,This is a torah,48751
gemma-2-9b-it,gemmascope-res-131k,This is a torah,51179
gemma-2-9b-it,gemmascope-res-131k,This is a torah,53393
gemma-2-9b-it,gemmascope-res-131k,This is a torah,60114
gemma-2-9b-it,gemmascope-res-131k,This is a torah,82951
gemma-2-9b-it,gemmascope-res-131k,This is a torah,89713
gemma-2-9b-it,gemmascope-res-131k,This is a torah,This is a torah
gemma-2-9b-it,gemmascope-res-131k,This is a torah,This is a torah
gemma-2-9b-it,gemmascope-res-131k,This is a torah,101583
gemma-2-9b-it,gemmascope-res-131k,This is a torah,104357
gemma-2-9b-it,gemmascope-res-131k,This is a torah,109228
gemma-2-9b-it,gemmascope-res-131k,This is a torah,124905
gemma-2-9b-it,gemmascope-res-131k,This is a torah,34221
gemma-2-9b-it,gemmascope-res-131k,This is a torah,36531
gemma-2-9b-it,gemmascope-res-131k,This is a torah,41776
gemma-2-9b-it,gemmascope-res-131k,This is a torah,48751
gemma-2-9b-it,gemmascope-res-131k,This is a torah,51179
gemma-2-9b-it,gemmascope-res-131k,This is a torah,53393
gemma-2-9b-it,gemmascope-res-131k,This is a torah,60114
gemma-2-9b-it,gemmascope-res-131k,This is a torah,82951
gemma-2-9b-it,gemmascope-res-131k,This is a torah,89713
gemma-2-9b-it,gemmascope-res-131k,This is a victim,112329
gemma-2-9b-it,gemmascope-res-131k,This is a victim,113111
gemma-2-9b-it,gemmascope-res-131k,This is a victim,3936
gemma-2-9b-it,gemmascope-res-131k,This is a victim,40392
gemma-2-9b-it,gemmascope-res-131k,This is a victim,50047
gemma-2-9b-it,gemmascope-res-131k,This is a victim,52094
gemma-2-9b-it,gemmascope-res-131k,This is a victim,54929
gemma-2-9b-it,gemmascope-res-131k,This is a victim,55904
gemma-2-9b-it,gemmascope-res-131k,This is a victim,56588
gemma-2-9b-it,gemmascope-res-131k,This is a victim,57150
gemma-2-9b-it,gemmascope-res-131k,This is a victim,65793
gemma-2-9b-it,gemmascope-res-131k,This is a victim,83515
gemma-2-9b-it,gemmascope-res-131k,This is a victim,8628
gemma-2-9b-it,gemmascope-res-131k,This is a victim,97342
gemma-2-9b-it,gemmascope-res-131k,This is a victim,98303
gemma-2-9b-it,gemmascope-res-131k,This is a victim,This is a victim
gemma-2-9b-it,gemmascope-res-131k,This is a victim,This is a victim
gemma-2-9b-it,gemmascope-res-131k,This is a victim,112329
gemma-2-9b-it,gemmascope-res-131k,This is a victim,113111
gemma-2-9b-it,gemmascope-res-131k,This is a victim,3936
gemma-2-9b-it,gemmascope-res-131k,This is a victim,40392
gemma-2-9b-it,gemmascope-res-131k,This is a victim,50047
gemma-2-9b-it,gemmascope-res-131k,This is a victim,52094
gemma-2-9b-it,gemmascope-res-131k,This is a victim,54929
gemma-2-9b-it,gemmascope-res-131k,This is a victim,55904
gemma-2-9b-it,gemmascope-res-131k,This is a victim,56588
gemma-2-9b-it,gemmascope-res-131k,This is a victim,57150
gemma-2-9b-it,gemmascope-res-131k,This is a victim,65793
gemma-2-9b-it,gemmascope-res-131k,This is a victim,83515
gemma-2-9b-it,gemmascope-res-131k,This is a victim,8628
gemma-2-9b-it,gemmascope-res-131k,This is a victim,97342
gemma-2-9b-it,gemmascope-res-131k,This is a victim,98303
gemma-2-9b-it,gemmascope-res-131k,This is a wife,103622
gemma-2-9b-it,gemmascope-res-131k,This is a wife,110142
gemma-2-9b-it,gemmascope-res-131k,This is a wife,21541
gemma-2-9b-it,gemmascope-res-131k,This is a wife,23661
gemma-2-9b-it,gemmascope-res-131k,This is a wife,36151
gemma-2-9b-it,gemmascope-res-131k,This is a wife,37526
gemma-2-9b-it,gemmascope-res-131k,This is a wife,44561
gemma-2-9b-it,gemmascope-res-131k,This is a wife,47457
gemma-2-9b-it,gemmascope-res-131k,This is a wife,7684
gemma-2-9b-it,gemmascope-res-131k,This is a wife,77000
gemma-2-9b-it,gemmascope-res-131k,This is a wife,92427
gemma-2-9b-it,gemmascope-res-131k,This is a wife,98356
gemma-2-9b-it,gemmascope-res-131k,This is a wife,This is a wife
gemma-2-9b-it,gemmascope-res-131k,This is a wife,This is a wife
gemma-2-9b-it,gemmascope-res-131k,This is a wife,103622
gemma-2-9b-it,gemmascope-res-131k,This is a wife,110142
gemma-2-9b-it,gemmascope-res-131k,This is a wife,21541
gemma-2-9b-it,gemmascope-res-131k,This is a wife,23661
gemma-2-9b-it,gemmascope-res-131k,This is a wife,36151
gemma-2-9b-it,gemmascope-res-131k,This is a wife,37526
gemma-2-9b-it,gemmascope-res-131k,This is a wife,44561
gemma-2-9b-it,gemmascope-res-131k,This is a wife,47457
gemma-2-9b-it,gemmascope-res-131k,This is a wife,7684
gemma-2-9b-it,gemmascope-res-131k,This is a wife,77000
gemma-2-9b-it,gemmascope-res-131k,This is a wife,92427
gemma-2-9b-it,gemmascope-res-131k,This is a wife,98356
gemma-2-9b-it,gemmascope-res-131k,This is a woman,105652
gemma-2-9b-it,gemmascope-res-131k,This is a woman,11125
gemma-2-9b-it,gemmascope-res-131k,This is a woman,120156
gemma-2-9b-it,gemmascope-res-131k,This is a woman,122953
gemma-2-9b-it,gemmascope-res-131k,This is a woman,127803
gemma-2-9b-it,gemmascope-res-131k,This is a woman,173
gemma-2-9b-it,gemmascope-res-131k,This is a woman,17742
gemma-2-9b-it,gemmascope-res-131k,This is a woman,30333
gemma-2-9b-it,gemmascope-res-131k,This is a woman,61026
gemma-2-9b-it,gemmascope-res-131k,This is a woman,66515
gemma-2-9b-it,gemmascope-res-131k,This is a woman,96637
gemma-2-9b-it,gemmascope-res-131k,This is a woman,98356
gemma-2-9b-it,gemmascope-res-131k,This is a woman,This is a woman
gemma-2-9b-it,gemmascope-res-131k,This is a woman,This is a woman
gemma-2-9b-it,gemmascope-res-131k,This is a woman,105652
gemma-2-9b-it,gemmascope-res-131k,This is a woman,11125
gemma-2-9b-it,gemmascope-res-131k,This is a woman,120156
gemma-2-9b-it,gemmascope-res-131k,This is a woman,122953
gemma-2-9b-it,gemmascope-res-131k,This is a woman,127803
gemma-2-9b-it,gemmascope-res-131k,This is a woman,173
gemma-2-9b-it,gemmascope-res-131k,This is a woman,17742
gemma-2-9b-it,gemmascope-res-131k,This is a woman,30333
gemma-2-9b-it,gemmascope-res-131k,This is a woman,61026
gemma-2-9b-it,gemmascope-res-131k,This is a woman,66515
gemma-2-9b-it,gemmascope-res-131k,This is a woman,96637
gemma-2-9b-it,gemmascope-res-131k,This is a woman,98356
gemma-2-9b-it,gemmascope-res-131k,This is allah,118737
gemma-2-9b-it,gemmascope-res-131k,This is allah,130253
gemma-2-9b-it,gemmascope-res-131k,This is allah,14884
gemma-2-9b-it,gemmascope-res-131k,This is allah,18461
gemma-2-9b-it,gemmascope-res-131k,This is allah,25932
gemma-2-9b-it,gemmascope-res-131k,This is allah,28760
gemma-2-9b-it,gemmascope-res-131k,This is allah,64491
gemma-2-9b-it,gemmascope-res-131k,This is allah,68938
gemma-2-9b-it,gemmascope-res-131k,This is allah,71794
gemma-2-9b-it,gemmascope-res-131k,This is allah,74369
gemma-2-9b-it,gemmascope-res-131k,This is allah,7650
gemma-2-9b-it,gemmascope-res-131k,This is allah,85669
gemma-2-9b-it,gemmascope-res-131k,This is allah,8901
gemma-2-9b-it,gemmascope-res-131k,This is allah,91583
gemma-2-9b-it,gemmascope-res-131k,This is allah,91845
gemma-2-9b-it,gemmascope-res-131k,This is allah,This is allah
gemma-2-9b-it,gemmascope-res-131k,This is allah,This is allah
gemma-2-9b-it,gemmascope-res-131k,This is allah,118737
gemma-2-9b-it,gemmascope-res-131k,This is allah,130253
gemma-2-9b-it,gemmascope-res-131k,This is allah,14884
gemma-2-9b-it,gemmascope-res-131k,This is allah,18461
gemma-2-9b-it,gemmascope-res-131k,This is allah,25932
gemma-2-9b-it,gemmascope-res-131k,This is allah,28760
gemma-2-9b-it,gemmascope-res-131k,This is allah,64491
gemma-2-9b-it,gemmascope-res-131k,This is allah,68938
gemma-2-9b-it,gemmascope-res-131k,This is allah,71794
gemma-2-9b-it,gemmascope-res-131k,This is allah,74369
gemma-2-9b-it,gemmascope-res-131k,This is allah,7650
gemma-2-9b-it,gemmascope-res-131k,This is allah,85669
gemma-2-9b-it,gemmascope-res-131k,This is allah,8901
gemma-2-9b-it,gemmascope-res-131k,This is allah,91583
gemma-2-9b-it,gemmascope-res-131k,This is allah,91845
gemma-2-9b-it,gemmascope-res-131k,This is an assistant,102533
gemma-2-9b-it,gemmascope-res-131k,This is an assistant,102694
gemma-2-9b-it,gemmascope-res-131k,This is an assistant,14278
gemma-2-9b-it,gemmascope-res-131k,This is an assistant,16906
gemma-2-9b-it,gemmascope-res-131k,This is an assistant,34690
gemma-2-9b-it,gemmascope-res-131k,This is an assistant,36531
gemma-2-9b-it,gemmascope-res-131k,This is an assistant,56178
gemma-2-9b-it,gemmascope-res-131k,This is an assistant,64191
gemma-2-9b-it,gemmascope-res-131k,This is an assistant,76261
gemma-2-9b-it,gemmascope-res-131k,This is an assistant,77121
gemma-2-9b-it,gemmascope-res-131k,This is an assistant,82946
gemma-2-9b-it,gemmascope-res-131k,This is an assistant,93171
gemma-2-9b-it,gemmascope-res-131k,This is an assistant,97833
gemma-2-9b-it,gemmascope-res-131k,This is an assistant,9865
gemma-2-9b-it,gemmascope-res-131k,This is an assistant,This is an assistant
gemma-2-9b-it,gemmascope-res-131k,This is an assistant,This is an assistant
gemma-2-9b-it,gemmascope-res-131k,This is an assistant,102533
gemma-2-9b-it,gemmascope-res-131k,This is an assistant,102694
gemma-2-9b-it,gemmascope-res-131k,This is an assistant,14278
gemma-2-9b-it,gemmascope-res-131k,This is an assistant,16906
gemma-2-9b-it,gemmascope-res-131k,This is an assistant,34690
gemma-2-9b-it,gemmascope-res-131k,This is an assistant,36531
gemma-2-9b-it,gemmascope-res-131k,This is an assistant,56178
gemma-2-9b-it,gemmascope-res-131k,This is an assistant,64191
gemma-2-9b-it,gemmascope-res-131k,This is an assistant,76261
gemma-2-9b-it,gemmascope-res-131k,This is an assistant,77121
gemma-2-9b-it,gemmascope-res-131k,This is an assistant,82946
gemma-2-9b-it,gemmascope-res-131k,This is an assistant,93171
gemma-2-9b-it,gemmascope-res-131k,This is an assistant,97833
gemma-2-9b-it,gemmascope-res-131k,This is an assistant,9865
gemma-2-9b-it,gemmascope-res-131k,This is an attack,112329
gemma-2-9b-it,gemmascope-res-131k,This is an attack,119285
gemma-2-9b-it,gemmascope-res-131k,This is an attack,31798
gemma-2-9b-it,gemmascope-res-131k,This is an attack,3936
gemma-2-9b-it,gemmascope-res-131k,This is an attack,40392
gemma-2-9b-it,gemmascope-res-131k,This is an attack,50047
gemma-2-9b-it,gemmascope-res-131k,This is an attack,52094
gemma-2-9b-it,gemmascope-res-131k,This is an attack,54929
gemma-2-9b-it,gemmascope-res-131k,This is an attack,55904
gemma-2-9b-it,gemmascope-res-131k,This is an attack,56588
gemma-2-9b-it,gemmascope-res-131k,This is an attack,5904
gemma-2-9b-it,gemmascope-res-131k,This is an attack,65793
gemma-2-9b-it,gemmascope-res-131k,This is an attack,83515
gemma-2-9b-it,gemmascope-res-131k,This is an attack,91531
gemma-2-9b-it,gemmascope-res-131k,This is an attack,92635
gemma-2-9b-it,gemmascope-res-131k,This is an attack,98303
gemma-2-9b-it,gemmascope-res-131k,This is an attack,This is an attack
gemma-2-9b-it,gemmascope-res-131k,This is an attack,This is an attack
gemma-2-9b-it,gemmascope-res-131k,This is an attack,112329
gemma-2-9b-it,gemmascope-res-131k,This is an attack,119285
gemma-2-9b-it,gemmascope-res-131k,This is an attack,31798
gemma-2-9b-it,gemmascope-res-131k,This is an attack,3936
gemma-2-9b-it,gemmascope-res-131k,This is an attack,40392
gemma-2-9b-it,gemmascope-res-131k,This is an attack,50047
gemma-2-9b-it,gemmascope-res-131k,This is an attack,52094
gemma-2-9b-it,gemmascope-res-131k,This is an attack,54929
gemma-2-9b-it,gemmascope-res-131k,This is an attack,55904
gemma-2-9b-it,gemmascope-res-131k,This is an attack,56588
gemma-2-9b-it,gemmascope-res-131k,This is an attack,5904
gemma-2-9b-it,gemmascope-res-131k,This is an attack,65793
gemma-2-9b-it,gemmascope-res-131k,This is an attack,83515
gemma-2-9b-it,gemmascope-res-131k,This is an attack,91531
gemma-2-9b-it,gemmascope-res-131k,This is an attack,92635
gemma-2-9b-it,gemmascope-res-131k,This is an attack,98303
gemma-2-9b-it,gemmascope-res-131k,This is an engineer,106767
gemma-2-9b-it,gemmascope-res-131k,This is an engineer,127321
gemma-2-9b-it,gemmascope-res-131k,This is an engineer,15694
gemma-2-9b-it,gemmascope-res-131k,This is an engineer,25766
gemma-2-9b-it,gemmascope-res-131k,This is an engineer,35396
gemma-2-9b-it,gemmascope-res-131k,This is an engineer,5120
gemma-2-9b-it,gemmascope-res-131k,This is an engineer,52384
gemma-2-9b-it,gemmascope-res-131k,This is an engineer,57863
gemma-2-9b-it,gemmascope-res-131k,This is an engineer,60076
gemma-2-9b-it,gemmascope-res-131k,This is an engineer,63393
gemma-2-9b-it,gemmascope-res-131k,This is an engineer,6440
gemma-2-9b-it,gemmascope-res-131k,This is an engineer,89028
gemma-2-9b-it,gemmascope-res-131k,This is an engineer,93596
gemma-2-9b-it,gemmascope-res-131k,This is an engineer,96952
gemma-2-9b-it,gemmascope-res-131k,This is an engineer,This is an engineer
gemma-2-9b-it,gemmascope-res-131k,This is an engineer,This is an engineer
gemma-2-9b-it,gemmascope-res-131k,This is an engineer,106767
gemma-2-9b-it,gemmascope-res-131k,This is an engineer,127321
gemma-2-9b-it,gemmascope-res-131k,This is an engineer,15694
gemma-2-9b-it,gemmascope-res-131k,This is an engineer,25766
gemma-2-9b-it,gemmascope-res-131k,This is an engineer,35396
gemma-2-9b-it,gemmascope-res-131k,This is an engineer,5120
gemma-2-9b-it,gemmascope-res-131k,This is an engineer,52384
gemma-2-9b-it,gemmascope-res-131k,This is an engineer,57863
gemma-2-9b-it,gemmascope-res-131k,This is an engineer,60076
gemma-2-9b-it,gemmascope-res-131k,This is an engineer,63393
gemma-2-9b-it,gemmascope-res-131k,This is an engineer,6440
gemma-2-9b-it,gemmascope-res-131k,This is an engineer,89028
gemma-2-9b-it,gemmascope-res-131k,This is an engineer,93596
gemma-2-9b-it,gemmascope-res-131k,This is an engineer,96952
gemma-2-9b-it,gemmascope-res-131k,This is christianity,117030
gemma-2-9b-it,gemmascope-res-131k,This is christianity,17631
gemma-2-9b-it,gemmascope-res-131k,This is christianity,18847
gemma-2-9b-it,gemmascope-res-131k,This is christianity,28760
gemma-2-9b-it,gemmascope-res-131k,This is christianity,2999
gemma-2-9b-it,gemmascope-res-131k,This is christianity,34793
gemma-2-9b-it,gemmascope-res-131k,This is christianity,34852
gemma-2-9b-it,gemmascope-res-131k,This is christianity,36682
gemma-2-9b-it,gemmascope-res-131k,This is christianity,45398
gemma-2-9b-it,gemmascope-res-131k,This is christianity,49711
gemma-2-9b-it,gemmascope-res-131k,This is christianity,54734
gemma-2-9b-it,gemmascope-res-131k,This is christianity,57212
gemma-2-9b-it,gemmascope-res-131k,This is christianity,61759
gemma-2-9b-it,gemmascope-res-131k,This is christianity,68938
gemma-2-9b-it,gemmascope-res-131k,This is christianity,72605
gemma-2-9b-it,gemmascope-res-131k,This is christianity,This is christianity
gemma-2-9b-it,gemmascope-res-131k,This is christianity,This is christianity
gemma-2-9b-it,gemmascope-res-131k,This is christianity,117030
gemma-2-9b-it,gemmascope-res-131k,This is christianity,17631
gemma-2-9b-it,gemmascope-res-131k,This is christianity,18847
gemma-2-9b-it,gemmascope-res-131k,This is christianity,28760
gemma-2-9b-it,gemmascope-res-131k,This is christianity,2999
gemma-2-9b-it,gemmascope-res-131k,This is christianity,34793
gemma-2-9b-it,gemmascope-res-131k,This is christianity,34852
gemma-2-9b-it,gemmascope-res-131k,This is christianity,36682
gemma-2-9b-it,gemmascope-res-131k,This is christianity,45398
gemma-2-9b-it,gemmascope-res-131k,This is christianity,49711
gemma-2-9b-it,gemmascope-res-131k,This is christianity,54734
gemma-2-9b-it,gemmascope-res-131k,This is christianity,57212
gemma-2-9b-it,gemmascope-res-131k,This is christianity,61759
gemma-2-9b-it,gemmascope-res-131k,This is christianity,68938
gemma-2-9b-it,gemmascope-res-131k,This is christianity,72605
gemma-2-9b-it,gemmascope-res-131k,This is cocaine,124959
gemma-2-9b-it,gemmascope-res-131k,This is cocaine,26921
gemma-2-9b-it,gemmascope-res-131k,This is cocaine,27044
gemma-2-9b-it,gemmascope-res-131k,This is cocaine,42147
gemma-2-9b-it,gemmascope-res-131k,This is cocaine,52358
gemma-2-9b-it,gemmascope-res-131k,This is cocaine,64678
gemma-2-9b-it,gemmascope-res-131k,This is cocaine,66615
gemma-2-9b-it,gemmascope-res-131k,This is cocaine,67362
gemma-2-9b-it,gemmascope-res-131k,This is cocaine,70099
gemma-2-9b-it,gemmascope-res-131k,This is cocaine,73980
gemma-2-9b-it,gemmascope-res-131k,This is cocaine,77101
gemma-2-9b-it,gemmascope-res-131k,This is cocaine,80501
gemma-2-9b-it,gemmascope-res-131k,This is cocaine,85038
gemma-2-9b-it,gemmascope-res-131k,This is cocaine,87076
gemma-2-9b-it,gemmascope-res-131k,This is cocaine,95390
gemma-2-9b-it,gemmascope-res-131k,This is cocaine,This is cocaine
gemma-2-9b-it,gemmascope-res-131k,This is cocaine,This is cocaine
gemma-2-9b-it,gemmascope-res-131k,This is cocaine,124959
gemma-2-9b-it,gemmascope-res-131k,This is cocaine,26921
gemma-2-9b-it,gemmascope-res-131k,This is cocaine,27044
gemma-2-9b-it,gemmascope-res-131k,This is cocaine,42147
gemma-2-9b-it,gemmascope-res-131k,This is cocaine,52358
gemma-2-9b-it,gemmascope-res-131k,This is cocaine,64678
gemma-2-9b-it,gemmascope-res-131k,This is cocaine,66615
gemma-2-9b-it,gemmascope-res-131k,This is cocaine,67362
gemma-2-9b-it,gemmascope-res-131k,This is cocaine,70099
gemma-2-9b-it,gemmascope-res-131k,This is cocaine,73980
gemma-2-9b-it,gemmascope-res-131k,This is cocaine,77101
gemma-2-9b-it,gemmascope-res-131k,This is cocaine,80501
gemma-2-9b-it,gemmascope-res-131k,This is cocaine,85038
gemma-2-9b-it,gemmascope-res-131k,This is cocaine,87076
gemma-2-9b-it,gemmascope-res-131k,This is cocaine,95390
gemma-2-9b-it,gemmascope-res-131k,this is female,100493
gemma-2-9b-it,gemmascope-res-131k,this is female,127803
gemma-2-9b-it,gemmascope-res-131k,this is female,129402
gemma-2-9b-it,gemmascope-res-131k,this is female,14647
gemma-2-9b-it,gemmascope-res-131k,this is female,17742
gemma-2-9b-it,gemmascope-res-131k,this is female,29707
gemma-2-9b-it,gemmascope-res-131k,this is female,37548
gemma-2-9b-it,gemmascope-res-131k,this is female,61026
gemma-2-9b-it,gemmascope-res-131k,this is female,62802
gemma-2-9b-it,gemmascope-res-131k,this is female,87604
gemma-2-9b-it,gemmascope-res-131k,this is female,96637
gemma-2-9b-it,gemmascope-res-131k,this is female,98383
gemma-2-9b-it,gemmascope-res-131k,this is female,this is female
gemma-2-9b-it,gemmascope-res-131k,this is female,this is female
gemma-2-9b-it,gemmascope-res-131k,this is female,100493
gemma-2-9b-it,gemmascope-res-131k,this is female,127803
gemma-2-9b-it,gemmascope-res-131k,this is female,129402
gemma-2-9b-it,gemmascope-res-131k,this is female,14647
gemma-2-9b-it,gemmascope-res-131k,this is female,17742
gemma-2-9b-it,gemmascope-res-131k,this is female,29707
gemma-2-9b-it,gemmascope-res-131k,this is female,37548
gemma-2-9b-it,gemmascope-res-131k,this is female,61026
gemma-2-9b-it,gemmascope-res-131k,this is female,62802
gemma-2-9b-it,gemmascope-res-131k,this is female,87604
gemma-2-9b-it,gemmascope-res-131k,this is female,96637
gemma-2-9b-it,gemmascope-res-131k,this is female,98383
gemma-2-9b-it,gemmascope-res-131k,This is halal,105306
gemma-2-9b-it,gemmascope-res-131k,This is halal,105469
gemma-2-9b-it,gemmascope-res-131k,This is halal,107616
gemma-2-9b-it,gemmascope-res-131k,This is halal,121125
gemma-2-9b-it,gemmascope-res-131k,This is halal,128970
gemma-2-9b-it,gemmascope-res-131k,This is halal,13413
gemma-2-9b-it,gemmascope-res-131k,This is halal,18358
gemma-2-9b-it,gemmascope-res-131k,This is halal,21589
gemma-2-9b-it,gemmascope-res-131k,This is halal,2436
gemma-2-9b-it,gemmascope-res-131k,This is halal,4867
gemma-2-9b-it,gemmascope-res-131k,This is halal,66335
gemma-2-9b-it,gemmascope-res-131k,This is halal,70871
gemma-2-9b-it,gemmascope-res-131k,This is halal,71549
gemma-2-9b-it,gemmascope-res-131k,This is halal,7870
gemma-2-9b-it,gemmascope-res-131k,This is halal,86292
gemma-2-9b-it,gemmascope-res-131k,This is halal,This is halal
gemma-2-9b-it,gemmascope-res-131k,This is halal,This is halal
gemma-2-9b-it,gemmascope-res-131k,This is halal,105306
gemma-2-9b-it,gemmascope-res-131k,This is halal,105469
gemma-2-9b-it,gemmascope-res-131k,This is halal,107616
gemma-2-9b-it,gemmascope-res-131k,This is halal,121125
gemma-2-9b-it,gemmascope-res-131k,This is halal,128970
gemma-2-9b-it,gemmascope-res-131k,This is halal,13413
gemma-2-9b-it,gemmascope-res-131k,This is halal,18358
gemma-2-9b-it,gemmascope-res-131k,This is halal,21589
gemma-2-9b-it,gemmascope-res-131k,This is halal,2436
gemma-2-9b-it,gemmascope-res-131k,This is halal,4867
gemma-2-9b-it,gemmascope-res-131k,This is halal,66335
gemma-2-9b-it,gemmascope-res-131k,This is halal,70871
gemma-2-9b-it,gemmascope-res-131k,This is halal,71549
gemma-2-9b-it,gemmascope-res-131k,This is halal,7870
gemma-2-9b-it,gemmascope-res-131k,This is halal,86292
gemma-2-9b-it,gemmascope-res-131k,This is he,106655
gemma-2-9b-it,gemmascope-res-131k,This is he,123071
gemma-2-9b-it,gemmascope-res-131k,This is he,130158
gemma-2-9b-it,gemmascope-res-131k,This is he,20298
gemma-2-9b-it,gemmascope-res-131k,This is he,31901
gemma-2-9b-it,gemmascope-res-131k,This is he,35075
gemma-2-9b-it,gemmascope-res-131k,This is he,4312
gemma-2-9b-it,gemmascope-res-131k,This is he,44147
gemma-2-9b-it,gemmascope-res-131k,This is he,54929
gemma-2-9b-it,gemmascope-res-131k,This is he,55212
gemma-2-9b-it,gemmascope-res-131k,This is he,72643
gemma-2-9b-it,gemmascope-res-131k,This is he,82951
gemma-2-9b-it,gemmascope-res-131k,This is he,90032
gemma-2-9b-it,gemmascope-res-131k,This is he,This is he
gemma-2-9b-it,gemmascope-res-131k,This is he,This is he
gemma-2-9b-it,gemmascope-res-131k,This is he,106655
gemma-2-9b-it,gemmascope-res-131k,This is he,123071
gemma-2-9b-it,gemmascope-res-131k,This is he,130158
gemma-2-9b-it,gemmascope-res-131k,This is he,20298
gemma-2-9b-it,gemmascope-res-131k,This is he,31901
gemma-2-9b-it,gemmascope-res-131k,This is he,35075
gemma-2-9b-it,gemmascope-res-131k,This is he,4312
gemma-2-9b-it,gemmascope-res-131k,This is he,44147
gemma-2-9b-it,gemmascope-res-131k,This is he,54929
gemma-2-9b-it,gemmascope-res-131k,This is he,55212
gemma-2-9b-it,gemmascope-res-131k,This is he,72643
gemma-2-9b-it,gemmascope-res-131k,This is he,82951
gemma-2-9b-it,gemmascope-res-131k,This is he,90032
gemma-2-9b-it,gemmascope-res-131k,This is islam,101302
gemma-2-9b-it,gemmascope-res-131k,This is islam,111322
gemma-2-9b-it,gemmascope-res-131k,This is islam,126292
gemma-2-9b-it,gemmascope-res-131k,This is islam,128665
gemma-2-9b-it,gemmascope-res-131k,This is islam,28760
gemma-2-9b-it,gemmascope-res-131k,This is islam,34852
gemma-2-9b-it,gemmascope-res-131k,This is islam,37529
gemma-2-9b-it,gemmascope-res-131k,This is islam,60867
gemma-2-9b-it,gemmascope-res-131k,This is islam,66335
gemma-2-9b-it,gemmascope-res-131k,This is islam,68938
gemma-2-9b-it,gemmascope-res-131k,This is islam,74369
gemma-2-9b-it,gemmascope-res-131k,This is islam,7650
gemma-2-9b-it,gemmascope-res-131k,This is islam,81820
gemma-2-9b-it,gemmascope-res-131k,This is islam,This is islam
gemma-2-9b-it,gemmascope-res-131k,This is islam,This is islam
gemma-2-9b-it,gemmascope-res-131k,This is islam,101302
gemma-2-9b-it,gemmascope-res-131k,This is islam,111322
gemma-2-9b-it,gemmascope-res-131k,This is islam,126292
gemma-2-9b-it,gemmascope-res-131k,This is islam,128665
gemma-2-9b-it,gemmascope-res-131k,This is islam,28760
gemma-2-9b-it,gemmascope-res-131k,This is islam,34852
gemma-2-9b-it,gemmascope-res-131k,This is islam,37529
gemma-2-9b-it,gemmascope-res-131k,This is islam,60867
gemma-2-9b-it,gemmascope-res-131k,This is islam,66335
gemma-2-9b-it,gemmascope-res-131k,This is islam,68938
gemma-2-9b-it,gemmascope-res-131k,This is islam,74369
gemma-2-9b-it,gemmascope-res-131k,This is islam,7650
gemma-2-9b-it,gemmascope-res-131k,This is islam,81820
gemma-2-9b-it,gemmascope-res-131k,This is jesus,104237
gemma-2-9b-it,gemmascope-res-131k,This is jesus,106231
gemma-2-9b-it,gemmascope-res-131k,This is jesus,17631
gemma-2-9b-it,gemmascope-res-131k,This is jesus,24525
gemma-2-9b-it,gemmascope-res-131k,This is jesus,25932
gemma-2-9b-it,gemmascope-res-131k,This is jesus,28760
gemma-2-9b-it,gemmascope-res-131k,This is jesus,29427
gemma-2-9b-it,gemmascope-res-131k,This is jesus,34894
gemma-2-9b-it,gemmascope-res-131k,This is jesus,41795
gemma-2-9b-it,gemmascope-res-131k,This is jesus,68938
gemma-2-9b-it,gemmascope-res-131k,This is jesus,7650
gemma-2-9b-it,gemmascope-res-131k,This is jesus,85066
gemma-2-9b-it,gemmascope-res-131k,This is jesus,85669
gemma-2-9b-it,gemmascope-res-131k,This is jesus,This is jesus
gemma-2-9b-it,gemmascope-res-131k,This is jesus,This is jesus
gemma-2-9b-it,gemmascope-res-131k,This is jesus,104237
gemma-2-9b-it,gemmascope-res-131k,This is jesus,106231
gemma-2-9b-it,gemmascope-res-131k,This is jesus,17631
gemma-2-9b-it,gemmascope-res-131k,This is jesus,24525
gemma-2-9b-it,gemmascope-res-131k,This is jesus,25932
gemma-2-9b-it,gemmascope-res-131k,This is jesus,28760
gemma-2-9b-it,gemmascope-res-131k,This is jesus,29427
gemma-2-9b-it,gemmascope-res-131k,This is jesus,34894
gemma-2-9b-it,gemmascope-res-131k,This is jesus,41795
gemma-2-9b-it,gemmascope-res-131k,This is jesus,68938
gemma-2-9b-it,gemmascope-res-131k,This is jesus,7650
gemma-2-9b-it,gemmascope-res-131k,This is jesus,85066
gemma-2-9b-it,gemmascope-res-131k,This is jesus,85669
gemma-2-9b-it,gemmascope-res-131k,This is judaism,103108
gemma-2-9b-it,gemmascope-res-131k,This is judaism,104284
gemma-2-9b-it,gemmascope-res-131k,This is judaism,111322
gemma-2-9b-it,gemmascope-res-131k,This is judaism,117454
gemma-2-9b-it,gemmascope-res-131k,This is judaism,118081
gemma-2-9b-it,gemmascope-res-131k,This is judaism,12125
gemma-2-9b-it,gemmascope-res-131k,This is judaism,124929
gemma-2-9b-it,gemmascope-res-131k,This is judaism,129038
gemma-2-9b-it,gemmascope-res-131k,This is judaism,28183
gemma-2-9b-it,gemmascope-res-131k,This is judaism,71291
gemma-2-9b-it,gemmascope-res-131k,This is judaism,71418
gemma-2-9b-it,gemmascope-res-131k,This is judaism,84647
gemma-2-9b-it,gemmascope-res-131k,This is judaism,8545
gemma-2-9b-it,gemmascope-res-131k,This is judaism,96640
gemma-2-9b-it,gemmascope-res-131k,This is judaism,This is judaism
gemma-2-9b-it,gemmascope-res-131k,This is judaism,This is judaism
gemma-2-9b-it,gemmascope-res-131k,This is judaism,103108
gemma-2-9b-it,gemmascope-res-131k,This is judaism,104284
gemma-2-9b-it,gemmascope-res-131k,This is judaism,111322
gemma-2-9b-it,gemmascope-res-131k,This is judaism,117454
gemma-2-9b-it,gemmascope-res-131k,This is judaism,118081
gemma-2-9b-it,gemmascope-res-131k,This is judaism,12125
gemma-2-9b-it,gemmascope-res-131k,This is judaism,124929
gemma-2-9b-it,gemmascope-res-131k,This is judaism,129038
gemma-2-9b-it,gemmascope-res-131k,This is judaism,28183
gemma-2-9b-it,gemmascope-res-131k,This is judaism,71291
gemma-2-9b-it,gemmascope-res-131k,This is judaism,71418
gemma-2-9b-it,gemmascope-res-131k,This is judaism,84647
gemma-2-9b-it,gemmascope-res-131k,This is judaism,8545
gemma-2-9b-it,gemmascope-res-131k,This is judaism,96640
gemma-2-9b-it,gemmascope-res-131k,This is kosher,107616
gemma-2-9b-it,gemmascope-res-131k,This is kosher,118081
gemma-2-9b-it,gemmascope-res-131k,This is kosher,121125
gemma-2-9b-it,gemmascope-res-131k,This is kosher,12125
gemma-2-9b-it,gemmascope-res-131k,This is kosher,124959
gemma-2-9b-it,gemmascope-res-131k,This is kosher,13413
gemma-2-9b-it,gemmascope-res-131k,This is kosher,14647
gemma-2-9b-it,gemmascope-res-131k,This is kosher,18056
gemma-2-9b-it,gemmascope-res-131k,This is kosher,18358
gemma-2-9b-it,gemmascope-res-131k,This is kosher,2436
gemma-2-9b-it,gemmascope-res-131k,This is kosher,34886
gemma-2-9b-it,gemmascope-res-131k,This is kosher,45778
gemma-2-9b-it,gemmascope-res-131k,This is kosher,47291
gemma-2-9b-it,gemmascope-res-131k,This is kosher,67230
gemma-2-9b-it,gemmascope-res-131k,This is kosher,70871
gemma-2-9b-it,gemmascope-res-131k,This is kosher,71549
gemma-2-9b-it,gemmascope-res-131k,This is kosher,92142
gemma-2-9b-it,gemmascope-res-131k,This is kosher,9610
gemma-2-9b-it,gemmascope-res-131k,This is kosher,This is kosher
gemma-2-9b-it,gemmascope-res-131k,This is kosher,This is kosher
gemma-2-9b-it,gemmascope-res-131k,This is kosher,107616
gemma-2-9b-it,gemmascope-res-131k,This is kosher,118081
gemma-2-9b-it,gemmascope-res-131k,This is kosher,121125
gemma-2-9b-it,gemmascope-res-131k,This is kosher,12125
gemma-2-9b-it,gemmascope-res-131k,This is kosher,124959
gemma-2-9b-it,gemmascope-res-131k,This is kosher,13413
gemma-2-9b-it,gemmascope-res-131k,This is kosher,14647
gemma-2-9b-it,gemmascope-res-131k,This is kosher,18056
gemma-2-9b-it,gemmascope-res-131k,This is kosher,18358
gemma-2-9b-it,gemmascope-res-131k,This is kosher,2436
gemma-2-9b-it,gemmascope-res-131k,This is kosher,34886
gemma-2-9b-it,gemmascope-res-131k,This is kosher,45778
gemma-2-9b-it,gemmascope-res-131k,This is kosher,47291
gemma-2-9b-it,gemmascope-res-131k,This is kosher,67230
gemma-2-9b-it,gemmascope-res-131k,This is kosher,70871
gemma-2-9b-it,gemmascope-res-131k,This is kosher,71549
gemma-2-9b-it,gemmascope-res-131k,This is kosher,92142
gemma-2-9b-it,gemmascope-res-131k,This is kosher,9610
gemma-2-9b-it,gemmascope-res-131k,This is mecca,101472
gemma-2-9b-it,gemmascope-res-131k,This is mecca,102485
gemma-2-9b-it,gemmascope-res-131k,This is mecca,110475
gemma-2-9b-it,gemmascope-res-131k,This is mecca,120156
gemma-2-9b-it,gemmascope-res-131k,This is mecca,130966
gemma-2-9b-it,gemmascope-res-131k,This is mecca,3754
gemma-2-9b-it,gemmascope-res-131k,This is mecca,54929
gemma-2-9b-it,gemmascope-res-131k,This is mecca,59613
gemma-2-9b-it,gemmascope-res-131k,This is mecca,6618
gemma-2-9b-it,gemmascope-res-131k,This is mecca,70505
gemma-2-9b-it,gemmascope-res-131k,This is mecca,73012
gemma-2-9b-it,gemmascope-res-131k,This is mecca,75653
gemma-2-9b-it,gemmascope-res-131k,This is mecca,75748
gemma-2-9b-it,gemmascope-res-131k,This is mecca,7650
gemma-2-9b-it,gemmascope-res-131k,This is mecca,77623
gemma-2-9b-it,gemmascope-res-131k,This is mecca,84530
gemma-2-9b-it,gemmascope-res-131k,This is mecca,This is mecca
gemma-2-9b-it,gemmascope-res-131k,This is mecca,This is mecca
gemma-2-9b-it,gemmascope-res-131k,This is mecca,101472
gemma-2-9b-it,gemmascope-res-131k,This is mecca,102485
gemma-2-9b-it,gemmascope-res-131k,This is mecca,110475
gemma-2-9b-it,gemmascope-res-131k,This is mecca,120156
gemma-2-9b-it,gemmascope-res-131k,This is mecca,130966
gemma-2-9b-it,gemmascope-res-131k,This is mecca,3754
gemma-2-9b-it,gemmascope-res-131k,This is mecca,54929
gemma-2-9b-it,gemmascope-res-131k,This is mecca,59613
gemma-2-9b-it,gemmascope-res-131k,This is mecca,6618
gemma-2-9b-it,gemmascope-res-131k,This is mecca,70505
gemma-2-9b-it,gemmascope-res-131k,This is mecca,73012
gemma-2-9b-it,gemmascope-res-131k,This is mecca,75653
gemma-2-9b-it,gemmascope-res-131k,This is mecca,75748
gemma-2-9b-it,gemmascope-res-131k,This is mecca,7650
gemma-2-9b-it,gemmascope-res-131k,This is mecca,77623
gemma-2-9b-it,gemmascope-res-131k,This is mecca,84530
gemma-2-9b-it,gemmascope-res-131k,This is money,104710
gemma-2-9b-it,gemmascope-res-131k,This is money,112329
gemma-2-9b-it,gemmascope-res-131k,This is money,21402
gemma-2-9b-it,gemmascope-res-131k,This is money,25638
gemma-2-9b-it,gemmascope-res-131k,This is money,3936
gemma-2-9b-it,gemmascope-res-131k,This is money,40392
gemma-2-9b-it,gemmascope-res-131k,This is money,43428
gemma-2-9b-it,gemmascope-res-131k,This is money,50047
gemma-2-9b-it,gemmascope-res-131k,This is money,52094
gemma-2-9b-it,gemmascope-res-131k,This is money,55904
gemma-2-9b-it,gemmascope-res-131k,This is money,64092
gemma-2-9b-it,gemmascope-res-131k,This is money,65793
gemma-2-9b-it,gemmascope-res-131k,This is money,92411
gemma-2-9b-it,gemmascope-res-131k,This is money,98303
gemma-2-9b-it,gemmascope-res-131k,This is money,This is money
gemma-2-9b-it,gemmascope-res-131k,This is money,This is money
gemma-2-9b-it,gemmascope-res-131k,This is money,104710
gemma-2-9b-it,gemmascope-res-131k,This is money,112329
gemma-2-9b-it,gemmascope-res-131k,This is money,21402
gemma-2-9b-it,gemmascope-res-131k,This is money,25638
gemma-2-9b-it,gemmascope-res-131k,This is money,3936
gemma-2-9b-it,gemmascope-res-131k,This is money,40392
gemma-2-9b-it,gemmascope-res-131k,This is money,43428
gemma-2-9b-it,gemmascope-res-131k,This is money,50047
gemma-2-9b-it,gemmascope-res-131k,This is money,52094
gemma-2-9b-it,gemmascope-res-131k,This is money,55904
gemma-2-9b-it,gemmascope-res-131k,This is money,64092
gemma-2-9b-it,gemmascope-res-131k,This is money,65793
gemma-2-9b-it,gemmascope-res-131k,This is money,92411
gemma-2-9b-it,gemmascope-res-131k,This is money,98303
gemma-2-9b-it,gemmascope-res-131k,This is naive,112329
gemma-2-9b-it,gemmascope-res-131k,This is naive,14647
gemma-2-9b-it,gemmascope-res-131k,This is naive,15221
gemma-2-9b-it,gemmascope-res-131k,This is naive,3936
gemma-2-9b-it,gemmascope-res-131k,This is naive,40392
gemma-2-9b-it,gemmascope-res-131k,This is naive,50047
gemma-2-9b-it,gemmascope-res-131k,This is naive,52094
gemma-2-9b-it,gemmascope-res-131k,This is naive,55904
gemma-2-9b-it,gemmascope-res-131k,This is naive,64092
gemma-2-9b-it,gemmascope-res-131k,This is naive,65793
gemma-2-9b-it,gemmascope-res-131k,This is naive,77342
gemma-2-9b-it,gemmascope-res-131k,This is naive,79490
gemma-2-9b-it,gemmascope-res-131k,This is naive,98303
gemma-2-9b-it,gemmascope-res-131k,This is naive,This is naive
gemma-2-9b-it,gemmascope-res-131k,This is naive,This is naive
gemma-2-9b-it,gemmascope-res-131k,This is naive,112329
gemma-2-9b-it,gemmascope-res-131k,This is naive,14647
gemma-2-9b-it,gemmascope-res-131k,This is naive,15221
gemma-2-9b-it,gemmascope-res-131k,This is naive,3936
gemma-2-9b-it,gemmascope-res-131k,This is naive,40392
gemma-2-9b-it,gemmascope-res-131k,This is naive,50047
gemma-2-9b-it,gemmascope-res-131k,This is naive,52094
gemma-2-9b-it,gemmascope-res-131k,This is naive,55904
gemma-2-9b-it,gemmascope-res-131k,This is naive,64092
gemma-2-9b-it,gemmascope-res-131k,This is naive,65793
gemma-2-9b-it,gemmascope-res-131k,This is naive,77342
gemma-2-9b-it,gemmascope-res-131k,This is naive,79490
gemma-2-9b-it,gemmascope-res-131k,This is naive,98303
gemma-2-9b-it,gemmascope-res-131k,This is naiveThis is money,102714
gemma-2-9b-it,gemmascope-res-131k,This is naiveThis is money,103399
gemma-2-9b-it,gemmascope-res-131k,This is naiveThis is money,12769
gemma-2-9b-it,gemmascope-res-131k,This is naiveThis is money,13632
gemma-2-9b-it,gemmascope-res-131k,This is naiveThis is money,14647
gemma-2-9b-it,gemmascope-res-131k,This is naiveThis is money,15221
gemma-2-9b-it,gemmascope-res-131k,This is naiveThis is money,31431
gemma-2-9b-it,gemmascope-res-131k,This is naiveThis is money,44857
gemma-2-9b-it,gemmascope-res-131k,This is naiveThis is money,61861
gemma-2-9b-it,gemmascope-res-131k,This is naiveThis is money,75853
gemma-2-9b-it,gemmascope-res-131k,This is naiveThis is money,77342
gemma-2-9b-it,gemmascope-res-131k,This is naiveThis is money,79490
gemma-2-9b-it,gemmascope-res-131k,This is naiveThis is money,This is naiveThis is money
gemma-2-9b-it,gemmascope-res-131k,This is naiveThis is money,This is naiveThis is money
gemma-2-9b-it,gemmascope-res-131k,This is naiveThis is money,102714
gemma-2-9b-it,gemmascope-res-131k,This is naiveThis is money,103399
gemma-2-9b-it,gemmascope-res-131k,This is naiveThis is money,12769
gemma-2-9b-it,gemmascope-res-131k,This is naiveThis is money,13632
gemma-2-9b-it,gemmascope-res-131k,This is naiveThis is money,14647
gemma-2-9b-it,gemmascope-res-131k,This is naiveThis is money,15221
gemma-2-9b-it,gemmascope-res-131k,This is naiveThis is money,31431
gemma-2-9b-it,gemmascope-res-131k,This is naiveThis is money,44857
gemma-2-9b-it,gemmascope-res-131k,This is naiveThis is money,61861
gemma-2-9b-it,gemmascope-res-131k,This is naiveThis is money,75853
gemma-2-9b-it,gemmascope-res-131k,This is naiveThis is money,77342
gemma-2-9b-it,gemmascope-res-131k,This is naiveThis is money,79490
gemma-2-9b-it,gemmascope-res-131k,this is nose,102939
gemma-2-9b-it,gemmascope-res-131k,this is nose,120330
gemma-2-9b-it,gemmascope-res-131k,this is nose,123980
gemma-2-9b-it,gemmascope-res-131k,this is nose,19587
gemma-2-9b-it,gemmascope-res-131k,this is nose,21594
gemma-2-9b-it,gemmascope-res-131k,this is nose,32632
gemma-2-9b-it,gemmascope-res-131k,this is nose,35684
gemma-2-9b-it,gemmascope-res-131k,this is nose,48501
gemma-2-9b-it,gemmascope-res-131k,this is nose,51576
gemma-2-9b-it,gemmascope-res-131k,this is nose,53008
gemma-2-9b-it,gemmascope-res-131k,this is nose,6738
gemma-2-9b-it,gemmascope-res-131k,this is nose,68993
gemma-2-9b-it,gemmascope-res-131k,this is nose,70999
gemma-2-9b-it,gemmascope-res-131k,this is nose,82489
gemma-2-9b-it,gemmascope-res-131k,this is nose,98759
gemma-2-9b-it,gemmascope-res-131k,this is nose,this is nose
gemma-2-9b-it,gemmascope-res-131k,this is nose,this is nose
gemma-2-9b-it,gemmascope-res-131k,this is nose,102939
gemma-2-9b-it,gemmascope-res-131k,this is nose,120330
gemma-2-9b-it,gemmascope-res-131k,this is nose,123980
gemma-2-9b-it,gemmascope-res-131k,this is nose,19587
gemma-2-9b-it,gemmascope-res-131k,this is nose,21594
gemma-2-9b-it,gemmascope-res-131k,this is nose,32632
gemma-2-9b-it,gemmascope-res-131k,this is nose,35684
gemma-2-9b-it,gemmascope-res-131k,this is nose,48501
gemma-2-9b-it,gemmascope-res-131k,this is nose,51576
gemma-2-9b-it,gemmascope-res-131k,this is nose,53008
gemma-2-9b-it,gemmascope-res-131k,this is nose,6738
gemma-2-9b-it,gemmascope-res-131k,this is nose,68993
gemma-2-9b-it,gemmascope-res-131k,this is nose,70999
gemma-2-9b-it,gemmascope-res-131k,this is nose,82489
gemma-2-9b-it,gemmascope-res-131k,this is nose,98759
gemma-2-9b-it,gemmascope-res-131k,This is shabbat,100754
gemma-2-9b-it,gemmascope-res-131k,This is shabbat,101549
gemma-2-9b-it,gemmascope-res-131k,This is shabbat,114612
gemma-2-9b-it,gemmascope-res-131k,This is shabbat,13070
gemma-2-9b-it,gemmascope-res-131k,This is shabbat,31546
gemma-2-9b-it,gemmascope-res-131k,This is shabbat,36531
gemma-2-9b-it,gemmascope-res-131k,This is shabbat,42543
gemma-2-9b-it,gemmascope-res-131k,This is shabbat,48568
gemma-2-9b-it,gemmascope-res-131k,This is shabbat,51179
gemma-2-9b-it,gemmascope-res-131k,This is shabbat,60070
gemma-2-9b-it,gemmascope-res-131k,This is shabbat,82849
gemma-2-9b-it,gemmascope-res-131k,This is shabbat,82951
gemma-2-9b-it,gemmascope-res-131k,This is shabbat,91735
gemma-2-9b-it,gemmascope-res-131k,This is shabbat,97499
gemma-2-9b-it,gemmascope-res-131k,This is shabbat,This is shabbat
gemma-2-9b-it,gemmascope-res-131k,This is shabbat,This is shabbat
gemma-2-9b-it,gemmascope-res-131k,This is shabbat,100754
gemma-2-9b-it,gemmascope-res-131k,This is shabbat,101549
gemma-2-9b-it,gemmascope-res-131k,This is shabbat,114612
gemma-2-9b-it,gemmascope-res-131k,This is shabbat,13070
gemma-2-9b-it,gemmascope-res-131k,This is shabbat,31546
gemma-2-9b-it,gemmascope-res-131k,This is shabbat,36531
gemma-2-9b-it,gemmascope-res-131k,This is shabbat,42543
gemma-2-9b-it,gemmascope-res-131k,This is shabbat,48568
gemma-2-9b-it,gemmascope-res-131k,This is shabbat,51179
gemma-2-9b-it,gemmascope-res-131k,This is shabbat,60070
gemma-2-9b-it,gemmascope-res-131k,This is shabbat,82849
gemma-2-9b-it,gemmascope-res-131k,This is shabbat,82951
gemma-2-9b-it,gemmascope-res-131k,This is shabbat,91735
gemma-2-9b-it,gemmascope-res-131k,This is shabbat,97499
gemma-2-9b-it,gemmascope-res-131k,This is she,127524
gemma-2-9b-it,gemmascope-res-131k,This is she,179
gemma-2-9b-it,gemmascope-res-131k,This is she,35075
gemma-2-9b-it,gemmascope-res-131k,This is she,36531
gemma-2-9b-it,gemmascope-res-131k,This is she,50929
gemma-2-9b-it,gemmascope-res-131k,This is she,54929
gemma-2-9b-it,gemmascope-res-131k,This is she,75864
gemma-2-9b-it,gemmascope-res-131k,This is she,82951
gemma-2-9b-it,gemmascope-res-131k,This is she,86274
gemma-2-9b-it,gemmascope-res-131k,This is she,87096
gemma-2-9b-it,gemmascope-res-131k,This is she,90032
gemma-2-9b-it,gemmascope-res-131k,This is she,93565
gemma-2-9b-it,gemmascope-res-131k,This is she,98846
gemma-2-9b-it,gemmascope-res-131k,This is she,This is she
gemma-2-9b-it,gemmascope-res-131k,This is she,This is she
gemma-2-9b-it,gemmascope-res-131k,This is she,127524
gemma-2-9b-it,gemmascope-res-131k,This is she,179
gemma-2-9b-it,gemmascope-res-131k,This is she,35075
gemma-2-9b-it,gemmascope-res-131k,This is she,36531
gemma-2-9b-it,gemmascope-res-131k,This is she,50929
gemma-2-9b-it,gemmascope-res-131k,This is she,54929
gemma-2-9b-it,gemmascope-res-131k,This is she,75864
gemma-2-9b-it,gemmascope-res-131k,This is she,82951
gemma-2-9b-it,gemmascope-res-131k,This is she,86274
gemma-2-9b-it,gemmascope-res-131k,This is she,87096
gemma-2-9b-it,gemmascope-res-131k,This is she,90032
gemma-2-9b-it,gemmascope-res-131k,This is she,93565
gemma-2-9b-it,gemmascope-res-131k,This is she,98846
gemma-2-9b-it,gemmascope-res-16k,Das ist ein Jude,1048
gemma-2-9b-it,gemmascope-res-16k,Das ist ein Jude,11749
gemma-2-9b-it,gemmascope-res-16k,Das ist ein Jude,120
gemma-2-9b-it,gemmascope-res-16k,Das ist ein Jude,1238
gemma-2-9b-it,gemmascope-res-16k,Das ist ein Jude,13516
gemma-2-9b-it,gemmascope-res-16k,Das ist ein Jude,13808
gemma-2-9b-it,gemmascope-res-16k,Das ist ein Jude,14228
gemma-2-9b-it,gemmascope-res-16k,Das ist ein Jude,15254
gemma-2-9b-it,gemmascope-res-16k,Das ist ein Jude,15584
gemma-2-9b-it,gemmascope-res-16k,Das ist ein Jude,375
gemma-2-9b-it,gemmascope-res-16k,Das ist ein Jude,634
gemma-2-9b-it,gemmascope-res-16k,Das ist ein Jude,7198
gemma-2-9b-it,gemmascope-res-16k,Das ist ein Jude,7322
gemma-2-9b-it,gemmascope-res-16k,Das ist ein Jude,826
gemma-2-9b-it,gemmascope-res-16k,Das ist ein Jude,8406
gemma-2-9b-it,gemmascope-res-16k,Das ist ein Jude,9161
gemma-2-9b-it,gemmascope-res-16k,Das ist ein Jude,Das ist ein Jude
gemma-2-9b-it,gemmascope-res-16k,Das ist ein Jude,Das ist ein Jude
gemma-2-9b-it,gemmascope-res-16k,Das ist ein Jude,1048
gemma-2-9b-it,gemmascope-res-16k,Das ist ein Jude,11749
gemma-2-9b-it,gemmascope-res-16k,Das ist ein Jude,120
gemma-2-9b-it,gemmascope-res-16k,Das ist ein Jude,1238
gemma-2-9b-it,gemmascope-res-16k,Das ist ein Jude,13516
gemma-2-9b-it,gemmascope-res-16k,Das ist ein Jude,13808
gemma-2-9b-it,gemmascope-res-16k,Das ist ein Jude,14228
gemma-2-9b-it,gemmascope-res-16k,Das ist ein Jude,15254
gemma-2-9b-it,gemmascope-res-16k,Das ist ein Jude,15584
gemma-2-9b-it,gemmascope-res-16k,Das ist ein Jude,375
gemma-2-9b-it,gemmascope-res-16k,Das ist ein Jude,634
gemma-2-9b-it,gemmascope-res-16k,Das ist ein Jude,7198
gemma-2-9b-it,gemmascope-res-16k,Das ist ein Jude,7322
gemma-2-9b-it,gemmascope-res-16k,Das ist ein Jude,826
gemma-2-9b-it,gemmascope-res-16k,Das ist ein Jude,8406
gemma-2-9b-it,gemmascope-res-16k,Das ist ein Jude,9161
gemma-2-9b-it,gemmascope-res-16k,Das ist ein Mann,10476
gemma-2-9b-it,gemmascope-res-16k,Das ist ein Mann,12641
gemma-2-9b-it,gemmascope-res-16k,Das ist ein Mann,13516
gemma-2-9b-it,gemmascope-res-16k,Das ist ein Mann,14909
gemma-2-9b-it,gemmascope-res-16k,Das ist ein Mann,15013
gemma-2-9b-it,gemmascope-res-16k,Das ist ein Mann,15104
gemma-2-9b-it,gemmascope-res-16k,Das ist ein Mann,3219
gemma-2-9b-it,gemmascope-res-16k,Das ist ein Mann,4687
gemma-2-9b-it,gemmascope-res-16k,Das ist ein Mann,4979
gemma-2-9b-it,gemmascope-res-16k,Das ist ein Mann,6590
gemma-2-9b-it,gemmascope-res-16k,Das ist ein Mann,68
gemma-2-9b-it,gemmascope-res-16k,Das ist ein Mann,6981
gemma-2-9b-it,gemmascope-res-16k,Das ist ein Mann,826
gemma-2-9b-it,gemmascope-res-16k,Das ist ein Mann,8406
gemma-2-9b-it,gemmascope-res-16k,Das ist ein Mann,Das ist ein Mann
gemma-2-9b-it,gemmascope-res-16k,Das ist ein Mann,Das ist ein Mann
gemma-2-9b-it,gemmascope-res-16k,Das ist ein Mann,10476
gemma-2-9b-it,gemmascope-res-16k,Das ist ein Mann,12641
gemma-2-9b-it,gemmascope-res-16k,Das ist ein Mann,13516
gemma-2-9b-it,gemmascope-res-16k,Das ist ein Mann,14909
gemma-2-9b-it,gemmascope-res-16k,Das ist ein Mann,15013
gemma-2-9b-it,gemmascope-res-16k,Das ist ein Mann,15104
gemma-2-9b-it,gemmascope-res-16k,Das ist ein Mann,3219
gemma-2-9b-it,gemmascope-res-16k,Das ist ein Mann,4687
gemma-2-9b-it,gemmascope-res-16k,Das ist ein Mann,4979
gemma-2-9b-it,gemmascope-res-16k,Das ist ein Mann,6590
gemma-2-9b-it,gemmascope-res-16k,Das ist ein Mann,68
gemma-2-9b-it,gemmascope-res-16k,Das ist ein Mann,6981
gemma-2-9b-it,gemmascope-res-16k,Das ist ein Mann,826
gemma-2-9b-it,gemmascope-res-16k,Das ist ein Mann,8406
gemma-2-9b-it,gemmascope-res-16k,Das ist ein Mädchen,10263
gemma-2-9b-it,gemmascope-res-16k,Das ist ein Mädchen,11097
gemma-2-9b-it,gemmascope-res-16k,Das ist ein Mädchen,11482
gemma-2-9b-it,gemmascope-res-16k,Das ist ein Mädchen,11936
gemma-2-9b-it,gemmascope-res-16k,Das ist ein Mädchen,12107
gemma-2-9b-it,gemmascope-res-16k,Das ist ein Mädchen,12525
gemma-2-9b-it,gemmascope-res-16k,Das ist ein Mädchen,13516
gemma-2-9b-it,gemmascope-res-16k,Das ist ein Mädchen,1374
gemma-2-9b-it,gemmascope-res-16k,Das ist ein Mädchen,16085
gemma-2-9b-it,gemmascope-res-16k,Das ist ein Mädchen,2422
gemma-2-9b-it,gemmascope-res-16k,Das ist ein Mädchen,6283
gemma-2-9b-it,gemmascope-res-16k,Das ist ein Mädchen,6935
gemma-2-9b-it,gemmascope-res-16k,Das ist ein Mädchen,826
gemma-2-9b-it,gemmascope-res-16k,Das ist ein Mädchen,8384
gemma-2-9b-it,gemmascope-res-16k,Das ist ein Mädchen,8406
gemma-2-9b-it,gemmascope-res-16k,Das ist ein Mädchen,Das ist ein Mädchen
gemma-2-9b-it,gemmascope-res-16k,Das ist ein Mädchen,Das ist ein Mädchen
gemma-2-9b-it,gemmascope-res-16k,Das ist ein Mädchen,10263
gemma-2-9b-it,gemmascope-res-16k,Das ist ein Mädchen,11097
gemma-2-9b-it,gemmascope-res-16k,Das ist ein Mädchen,11482
gemma-2-9b-it,gemmascope-res-16k,Das ist ein Mädchen,11936
gemma-2-9b-it,gemmascope-res-16k,Das ist ein Mädchen,12107
gemma-2-9b-it,gemmascope-res-16k,Das ist ein Mädchen,12525
gemma-2-9b-it,gemmascope-res-16k,Das ist ein Mädchen,13516
gemma-2-9b-it,gemmascope-res-16k,Das ist ein Mädchen,1374
gemma-2-9b-it,gemmascope-res-16k,Das ist ein Mädchen,16085
gemma-2-9b-it,gemmascope-res-16k,Das ist ein Mädchen,2422
gemma-2-9b-it,gemmascope-res-16k,Das ist ein Mädchen,6283
gemma-2-9b-it,gemmascope-res-16k,Das ist ein Mädchen,6935
gemma-2-9b-it,gemmascope-res-16k,Das ist ein Mädchen,826
gemma-2-9b-it,gemmascope-res-16k,Das ist ein Mädchen,8384
gemma-2-9b-it,gemmascope-res-16k,Das ist ein Mädchen,8406
gemma-2-9b-it,gemmascope-res-16k,Das ist ein Opa,12048
gemma-2-9b-it,gemmascope-res-16k,Das ist ein Opa,12094
gemma-2-9b-it,gemmascope-res-16k,Das ist ein Opa,12925
gemma-2-9b-it,gemmascope-res-16k,Das ist ein Opa,14080
gemma-2-9b-it,gemmascope-res-16k,Das ist ein Opa,14263
gemma-2-9b-it,gemmascope-res-16k,Das ist ein Opa,1770
gemma-2-9b-it,gemmascope-res-16k,Das ist ein Opa,3165
gemma-2-9b-it,gemmascope-res-16k,Das ist ein Opa,5324
gemma-2-9b-it,gemmascope-res-16k,Das ist ein Opa,622
gemma-2-9b-it,gemmascope-res-16k,Das ist ein Opa,6468
gemma-2-9b-it,gemmascope-res-16k,Das ist ein Opa,6607
gemma-2-9b-it,gemmascope-res-16k,Das ist ein Opa,8179
gemma-2-9b-it,gemmascope-res-16k,Das ist ein Opa,8406
gemma-2-9b-it,gemmascope-res-16k,Das ist ein Opa,953
gemma-2-9b-it,gemmascope-res-16k,Das ist ein Opa,Das ist ein Opa
gemma-2-9b-it,gemmascope-res-16k,Das ist ein Opa,Das ist ein Opa
gemma-2-9b-it,gemmascope-res-16k,Das ist ein Opa,12048
gemma-2-9b-it,gemmascope-res-16k,Das ist ein Opa,12094
gemma-2-9b-it,gemmascope-res-16k,Das ist ein Opa,12925
gemma-2-9b-it,gemmascope-res-16k,Das ist ein Opa,14080
gemma-2-9b-it,gemmascope-res-16k,Das ist ein Opa,14263
gemma-2-9b-it,gemmascope-res-16k,Das ist ein Opa,1770
gemma-2-9b-it,gemmascope-res-16k,Das ist ein Opa,3165
gemma-2-9b-it,gemmascope-res-16k,Das ist ein Opa,5324
gemma-2-9b-it,gemmascope-res-16k,Das ist ein Opa,622
gemma-2-9b-it,gemmascope-res-16k,Das ist ein Opa,6468
gemma-2-9b-it,gemmascope-res-16k,Das ist ein Opa,6607
gemma-2-9b-it,gemmascope-res-16k,Das ist ein Opa,8179
gemma-2-9b-it,gemmascope-res-16k,Das ist ein Opa,8406
gemma-2-9b-it,gemmascope-res-16k,Das ist ein Opa,953
gemma-2-9b-it,gemmascope-res-16k,Das ist eine Frau,10476
gemma-2-9b-it,gemmascope-res-16k,Das ist eine Frau,11097
gemma-2-9b-it,gemmascope-res-16k,Das ist eine Frau,11567
gemma-2-9b-it,gemmascope-res-16k,Das ist eine Frau,1183
gemma-2-9b-it,gemmascope-res-16k,Das ist eine Frau,13516
gemma-2-9b-it,gemmascope-res-16k,Das ist eine Frau,1481
gemma-2-9b-it,gemmascope-res-16k,Das ist eine Frau,14909
gemma-2-9b-it,gemmascope-res-16k,Das ist eine Frau,15013
gemma-2-9b-it,gemmascope-res-16k,Das ist eine Frau,1934
gemma-2-9b-it,gemmascope-res-16k,Das ist eine Frau,4077
gemma-2-9b-it,gemmascope-res-16k,Das ist eine Frau,6590
gemma-2-9b-it,gemmascope-res-16k,Das ist eine Frau,826
gemma-2-9b-it,gemmascope-res-16k,Das ist eine Frau,8406
gemma-2-9b-it,gemmascope-res-16k,Das ist eine Frau,8726
gemma-2-9b-it,gemmascope-res-16k,Das ist eine Frau,Das ist eine Frau
gemma-2-9b-it,gemmascope-res-16k,Das ist eine Frau,Das ist eine Frau
gemma-2-9b-it,gemmascope-res-16k,Das ist eine Frau,10476
gemma-2-9b-it,gemmascope-res-16k,Das ist eine Frau,11097
gemma-2-9b-it,gemmascope-res-16k,Das ist eine Frau,11567
gemma-2-9b-it,gemmascope-res-16k,Das ist eine Frau,1183
gemma-2-9b-it,gemmascope-res-16k,Das ist eine Frau,13516
gemma-2-9b-it,gemmascope-res-16k,Das ist eine Frau,1481
gemma-2-9b-it,gemmascope-res-16k,Das ist eine Frau,14909
gemma-2-9b-it,gemmascope-res-16k,Das ist eine Frau,15013
gemma-2-9b-it,gemmascope-res-16k,Das ist eine Frau,1934
gemma-2-9b-it,gemmascope-res-16k,Das ist eine Frau,4077
gemma-2-9b-it,gemmascope-res-16k,Das ist eine Frau,6590
gemma-2-9b-it,gemmascope-res-16k,Das ist eine Frau,826
gemma-2-9b-it,gemmascope-res-16k,Das ist eine Frau,8406
gemma-2-9b-it,gemmascope-res-16k,Das ist eine Frau,8726
gemma-2-9b-it,gemmascope-res-16k,Das ist eine Oma,11097
gemma-2-9b-it,gemmascope-res-16k,Das ist eine Oma,11920
gemma-2-9b-it,gemmascope-res-16k,Das ist eine Oma,12048
gemma-2-9b-it,gemmascope-res-16k,Das ist eine Oma,12094
gemma-2-9b-it,gemmascope-res-16k,Das ist eine Oma,12925
gemma-2-9b-it,gemmascope-res-16k,Das ist eine Oma,14080
gemma-2-9b-it,gemmascope-res-16k,Das ist eine Oma,15629
gemma-2-9b-it,gemmascope-res-16k,Das ist eine Oma,3165
gemma-2-9b-it,gemmascope-res-16k,Das ist eine Oma,375
gemma-2-9b-it,gemmascope-res-16k,Das ist eine Oma,5324
gemma-2-9b-it,gemmascope-res-16k,Das ist eine Oma,6590
gemma-2-9b-it,gemmascope-res-16k,Das ist eine Oma,6607
gemma-2-9b-it,gemmascope-res-16k,Das ist eine Oma,8406
gemma-2-9b-it,gemmascope-res-16k,Das ist eine Oma,9038
gemma-2-9b-it,gemmascope-res-16k,Das ist eine Oma,953
gemma-2-9b-it,gemmascope-res-16k,Das ist eine Oma,Das ist eine Oma
gemma-2-9b-it,gemmascope-res-16k,Das ist eine Oma,Das ist eine Oma
gemma-2-9b-it,gemmascope-res-16k,Das ist eine Oma,11097
gemma-2-9b-it,gemmascope-res-16k,Das ist eine Oma,11920
gemma-2-9b-it,gemmascope-res-16k,Das ist eine Oma,12048
gemma-2-9b-it,gemmascope-res-16k,Das ist eine Oma,12094
gemma-2-9b-it,gemmascope-res-16k,Das ist eine Oma,12925
gemma-2-9b-it,gemmascope-res-16k,Das ist eine Oma,14080
gemma-2-9b-it,gemmascope-res-16k,Das ist eine Oma,15629
gemma-2-9b-it,gemmascope-res-16k,Das ist eine Oma,3165
gemma-2-9b-it,gemmascope-res-16k,Das ist eine Oma,375
gemma-2-9b-it,gemmascope-res-16k,Das ist eine Oma,5324
gemma-2-9b-it,gemmascope-res-16k,Das ist eine Oma,6590
gemma-2-9b-it,gemmascope-res-16k,Das ist eine Oma,6607
gemma-2-9b-it,gemmascope-res-16k,Das ist eine Oma,8406
gemma-2-9b-it,gemmascope-res-16k,Das ist eine Oma,9038
gemma-2-9b-it,gemmascope-res-16k,Das ist eine Oma,953
gemma-2-9b-it,gemmascope-res-16k,Das ists ein Junge,10751
gemma-2-9b-it,gemmascope-res-16k,Das ists ein Junge,12525
gemma-2-9b-it,gemmascope-res-16k,Das ists ein Junge,12700
gemma-2-9b-it,gemmascope-res-16k,Das ists ein Junge,12770
gemma-2-9b-it,gemmascope-res-16k,Das ists ein Junge,14218
gemma-2-9b-it,gemmascope-res-16k,Das ists ein Junge,15928
gemma-2-9b-it,gemmascope-res-16k,Das ists ein Junge,3088
gemma-2-9b-it,gemmascope-res-16k,Das ists ein Junge,5331
gemma-2-9b-it,gemmascope-res-16k,Das ists ein Junge,5778
gemma-2-9b-it,gemmascope-res-16k,Das ists ein Junge,6283
gemma-2-9b-it,gemmascope-res-16k,Das ists ein Junge,6590
gemma-2-9b-it,gemmascope-res-16k,Das ists ein Junge,7771
gemma-2-9b-it,gemmascope-res-16k,Das ists ein Junge,9394
gemma-2-9b-it,gemmascope-res-16k,Das ists ein Junge,Das ists ein Junge
gemma-2-9b-it,gemmascope-res-16k,Das ists ein Junge,Das ists ein Junge
gemma-2-9b-it,gemmascope-res-16k,Das ists ein Junge,10751
gemma-2-9b-it,gemmascope-res-16k,Das ists ein Junge,12525
gemma-2-9b-it,gemmascope-res-16k,Das ists ein Junge,12700
gemma-2-9b-it,gemmascope-res-16k,Das ists ein Junge,12770
gemma-2-9b-it,gemmascope-res-16k,Das ists ein Junge,14218
gemma-2-9b-it,gemmascope-res-16k,Das ists ein Junge,15928
gemma-2-9b-it,gemmascope-res-16k,Das ists ein Junge,3088
gemma-2-9b-it,gemmascope-res-16k,Das ists ein Junge,5331
gemma-2-9b-it,gemmascope-res-16k,Das ists ein Junge,5778
gemma-2-9b-it,gemmascope-res-16k,Das ists ein Junge,6283
gemma-2-9b-it,gemmascope-res-16k,Das ists ein Junge,6590
gemma-2-9b-it,gemmascope-res-16k,Das ists ein Junge,7771
gemma-2-9b-it,gemmascope-res-16k,Das ists ein Junge,9394
gemma-2-9b-it,gemmascope-res-16k,il est juif,1048
gemma-2-9b-it,gemmascope-res-16k,il est juif,11749
gemma-2-9b-it,gemmascope-res-16k,il est juif,13808
gemma-2-9b-it,gemmascope-res-16k,il est juif,14228
gemma-2-9b-it,gemmascope-res-16k,il est juif,1557
gemma-2-9b-it,gemmascope-res-16k,il est juif,178
gemma-2-9b-it,gemmascope-res-16k,il est juif,2401
gemma-2-9b-it,gemmascope-res-16k,il est juif,3137
gemma-2-9b-it,gemmascope-res-16k,il est juif,375
gemma-2-9b-it,gemmascope-res-16k,il est juif,4421
gemma-2-9b-it,gemmascope-res-16k,il est juif,6678
gemma-2-9b-it,gemmascope-res-16k,il est juif,722
gemma-2-9b-it,gemmascope-res-16k,il est juif,7322
gemma-2-9b-it,gemmascope-res-16k,il est juif,7953
gemma-2-9b-it,gemmascope-res-16k,il est juif,il est juif
gemma-2-9b-it,gemmascope-res-16k,il est juif,il est juif
gemma-2-9b-it,gemmascope-res-16k,il est juif,1048
gemma-2-9b-it,gemmascope-res-16k,il est juif,11749
gemma-2-9b-it,gemmascope-res-16k,il est juif,13808
gemma-2-9b-it,gemmascope-res-16k,il est juif,14228
gemma-2-9b-it,gemmascope-res-16k,il est juif,1557
gemma-2-9b-it,gemmascope-res-16k,il est juif,178
gemma-2-9b-it,gemmascope-res-16k,il est juif,2401
gemma-2-9b-it,gemmascope-res-16k,il est juif,3137
gemma-2-9b-it,gemmascope-res-16k,il est juif,375
gemma-2-9b-it,gemmascope-res-16k,il est juif,4421
gemma-2-9b-it,gemmascope-res-16k,il est juif,6678
gemma-2-9b-it,gemmascope-res-16k,il est juif,722
gemma-2-9b-it,gemmascope-res-16k,il est juif,7322
gemma-2-9b-it,gemmascope-res-16k,il est juif,7953
gemma-2-9b-it,gemmascope-res-16k,This is a baptsim,11053
gemma-2-9b-it,gemmascope-res-16k,This is a baptsim,2131
gemma-2-9b-it,gemmascope-res-16k,This is a baptsim,2275
gemma-2-9b-it,gemmascope-res-16k,This is a baptsim,4022
gemma-2-9b-it,gemmascope-res-16k,This is a baptsim,6115
gemma-2-9b-it,gemmascope-res-16k,This is a baptsim,8625
gemma-2-9b-it,gemmascope-res-16k,This is a baptsim,865
gemma-2-9b-it,gemmascope-res-16k,This is a baptsim,9451
gemma-2-9b-it,gemmascope-res-16k,This is a baptsim,9610
gemma-2-9b-it,gemmascope-res-16k,This is a baptsim,This is a baptsim
gemma-2-9b-it,gemmascope-res-16k,This is a baptsim,This is a baptsim
gemma-2-9b-it,gemmascope-res-16k,This is a baptsim,11053
gemma-2-9b-it,gemmascope-res-16k,This is a baptsim,2131
gemma-2-9b-it,gemmascope-res-16k,This is a baptsim,2275
gemma-2-9b-it,gemmascope-res-16k,This is a baptsim,4022
gemma-2-9b-it,gemmascope-res-16k,This is a baptsim,6115
gemma-2-9b-it,gemmascope-res-16k,This is a baptsim,8625
gemma-2-9b-it,gemmascope-res-16k,This is a baptsim,865
gemma-2-9b-it,gemmascope-res-16k,This is a baptsim,9451
gemma-2-9b-it,gemmascope-res-16k,This is a baptsim,9610
gemma-2-9b-it,gemmascope-res-16k,This is a bible,11002
gemma-2-9b-it,gemmascope-res-16k,This is a bible,11053
gemma-2-9b-it,gemmascope-res-16k,This is a bible,11771
gemma-2-9b-it,gemmascope-res-16k,This is a bible,13196
gemma-2-9b-it,gemmascope-res-16k,This is a bible,14347
gemma-2-9b-it,gemmascope-res-16k,This is a bible,15617
gemma-2-9b-it,gemmascope-res-16k,This is a bible,15931
gemma-2-9b-it,gemmascope-res-16k,This is a bible,1866
gemma-2-9b-it,gemmascope-res-16k,This is a bible,2550
gemma-2-9b-it,gemmascope-res-16k,This is a bible,3071
gemma-2-9b-it,gemmascope-res-16k,This is a bible,5321
gemma-2-9b-it,gemmascope-res-16k,This is a bible,7034
gemma-2-9b-it,gemmascope-res-16k,This is a bible,8453
gemma-2-9b-it,gemmascope-res-16k,This is a bible,8823
gemma-2-9b-it,gemmascope-res-16k,This is a bible,This is a bible
gemma-2-9b-it,gemmascope-res-16k,This is a bible,This is a bible
gemma-2-9b-it,gemmascope-res-16k,This is a bible,11002
gemma-2-9b-it,gemmascope-res-16k,This is a bible,11053
gemma-2-9b-it,gemmascope-res-16k,This is a bible,11771
gemma-2-9b-it,gemmascope-res-16k,This is a bible,13196
gemma-2-9b-it,gemmascope-res-16k,This is a bible,14347
gemma-2-9b-it,gemmascope-res-16k,This is a bible,15617
gemma-2-9b-it,gemmascope-res-16k,This is a bible,15931
gemma-2-9b-it,gemmascope-res-16k,This is a bible,1866
gemma-2-9b-it,gemmascope-res-16k,This is a bible,2550
gemma-2-9b-it,gemmascope-res-16k,This is a bible,3071
gemma-2-9b-it,gemmascope-res-16k,This is a bible,5321
gemma-2-9b-it,gemmascope-res-16k,This is a bible,7034
gemma-2-9b-it,gemmascope-res-16k,This is a bible,8453
gemma-2-9b-it,gemmascope-res-16k,This is a bible,8823
gemma-2-9b-it,gemmascope-res-16k,This is a boss,1009
gemma-2-9b-it,gemmascope-res-16k,This is a boss,10952
gemma-2-9b-it,gemmascope-res-16k,This is a boss,11027
gemma-2-9b-it,gemmascope-res-16k,This is a boss,13677
gemma-2-9b-it,gemmascope-res-16k,This is a boss,13917
gemma-2-9b-it,gemmascope-res-16k,This is a boss,2442
gemma-2-9b-it,gemmascope-res-16k,This is a boss,2925
gemma-2-9b-it,gemmascope-res-16k,This is a boss,4146
gemma-2-9b-it,gemmascope-res-16k,This is a boss,4825
gemma-2-9b-it,gemmascope-res-16k,This is a boss,5747
gemma-2-9b-it,gemmascope-res-16k,This is a boss,7857
gemma-2-9b-it,gemmascope-res-16k,This is a boss,9319
gemma-2-9b-it,gemmascope-res-16k,This is a boss,9350
gemma-2-9b-it,gemmascope-res-16k,This is a boss,9442
gemma-2-9b-it,gemmascope-res-16k,This is a boss,This is a boss
gemma-2-9b-it,gemmascope-res-16k,This is a boss,This is a boss
gemma-2-9b-it,gemmascope-res-16k,This is a boss,1009
gemma-2-9b-it,gemmascope-res-16k,This is a boss,10952
gemma-2-9b-it,gemmascope-res-16k,This is a boss,11027
gemma-2-9b-it,gemmascope-res-16k,This is a boss,13677
gemma-2-9b-it,gemmascope-res-16k,This is a boss,13917
gemma-2-9b-it,gemmascope-res-16k,This is a boss,2442
gemma-2-9b-it,gemmascope-res-16k,This is a boss,2925
gemma-2-9b-it,gemmascope-res-16k,This is a boss,4146
gemma-2-9b-it,gemmascope-res-16k,This is a boss,4825
gemma-2-9b-it,gemmascope-res-16k,This is a boss,5747
gemma-2-9b-it,gemmascope-res-16k,This is a boss,7857
gemma-2-9b-it,gemmascope-res-16k,This is a boss,9319
gemma-2-9b-it,gemmascope-res-16k,This is a boss,9350
gemma-2-9b-it,gemmascope-res-16k,This is a boss,9442
gemma-2-9b-it,gemmascope-res-16k,This is a boy,11053
gemma-2-9b-it,gemmascope-res-16k,This is a boy,11335
gemma-2-9b-it,gemmascope-res-16k,This is a boy,11465
gemma-2-9b-it,gemmascope-res-16k,This is a boy,11482
gemma-2-9b-it,gemmascope-res-16k,This is a boy,11936
gemma-2-9b-it,gemmascope-res-16k,This is a boy,12107
gemma-2-9b-it,gemmascope-res-16k,This is a boy,1374
gemma-2-9b-it,gemmascope-res-16k,This is a boy,13917
gemma-2-9b-it,gemmascope-res-16k,This is a boy,14222
gemma-2-9b-it,gemmascope-res-16k,This is a boy,14467
gemma-2-9b-it,gemmascope-res-16k,This is a boy,16085
gemma-2-9b-it,gemmascope-res-16k,This is a boy,4077
gemma-2-9b-it,gemmascope-res-16k,This is a boy,6935
gemma-2-9b-it,gemmascope-res-16k,This is a boy,826
gemma-2-9b-it,gemmascope-res-16k,This is a boy,This is a boy
gemma-2-9b-it,gemmascope-res-16k,This is a boy,This is a boy
gemma-2-9b-it,gemmascope-res-16k,This is a boy,11053
gemma-2-9b-it,gemmascope-res-16k,This is a boy,11335
gemma-2-9b-it,gemmascope-res-16k,This is a boy,11465
gemma-2-9b-it,gemmascope-res-16k,This is a boy,11482
gemma-2-9b-it,gemmascope-res-16k,This is a boy,11936
gemma-2-9b-it,gemmascope-res-16k,This is a boy,12107
gemma-2-9b-it,gemmascope-res-16k,This is a boy,1374
gemma-2-9b-it,gemmascope-res-16k,This is a boy,13917
gemma-2-9b-it,gemmascope-res-16k,This is a boy,14222
gemma-2-9b-it,gemmascope-res-16k,This is a boy,14467
gemma-2-9b-it,gemmascope-res-16k,This is a boy,16085
gemma-2-9b-it,gemmascope-res-16k,This is a boy,4077
gemma-2-9b-it,gemmascope-res-16k,This is a boy,6935
gemma-2-9b-it,gemmascope-res-16k,This is a boy,826
gemma-2-9b-it,gemmascope-res-16k,This is a burka,1374
gemma-2-9b-it,gemmascope-res-16k,This is a burka,4352
gemma-2-9b-it,gemmascope-res-16k,This is a burka,5043
gemma-2-9b-it,gemmascope-res-16k,This is a burka,6338
gemma-2-9b-it,gemmascope-res-16k,This is a burka,722
gemma-2-9b-it,gemmascope-res-16k,This is a burka,8141
gemma-2-9b-it,gemmascope-res-16k,This is a burka,This is a burka
gemma-2-9b-it,gemmascope-res-16k,This is a burka,This is a burka
gemma-2-9b-it,gemmascope-res-16k,This is a burka,1374
gemma-2-9b-it,gemmascope-res-16k,This is a burka,4352
gemma-2-9b-it,gemmascope-res-16k,This is a burka,5043
gemma-2-9b-it,gemmascope-res-16k,This is a burka,6338
gemma-2-9b-it,gemmascope-res-16k,This is a burka,722
gemma-2-9b-it,gemmascope-res-16k,This is a burka,8141
gemma-2-9b-it,gemmascope-res-16k,This is a christian,11053
gemma-2-9b-it,gemmascope-res-16k,This is a christian,11255
gemma-2-9b-it,gemmascope-res-16k,This is a christian,120
gemma-2-9b-it,gemmascope-res-16k,This is a christian,13020
gemma-2-9b-it,gemmascope-res-16k,This is a christian,13196
gemma-2-9b-it,gemmascope-res-16k,This is a christian,14162
gemma-2-9b-it,gemmascope-res-16k,This is a christian,16080
gemma-2-9b-it,gemmascope-res-16k,This is a christian,16239
gemma-2-9b-it,gemmascope-res-16k,This is a christian,1866
gemma-2-9b-it,gemmascope-res-16k,This is a christian,2408
gemma-2-9b-it,gemmascope-res-16k,This is a christian,3496
gemma-2-9b-it,gemmascope-res-16k,This is a christian,5091
gemma-2-9b-it,gemmascope-res-16k,This is a christian,8453
gemma-2-9b-it,gemmascope-res-16k,This is a christian,8823
gemma-2-9b-it,gemmascope-res-16k,This is a christian,This is a christian
gemma-2-9b-it,gemmascope-res-16k,This is a christian,This is a christian
gemma-2-9b-it,gemmascope-res-16k,This is a christian,11053
gemma-2-9b-it,gemmascope-res-16k,This is a christian,11255
gemma-2-9b-it,gemmascope-res-16k,This is a christian,120
gemma-2-9b-it,gemmascope-res-16k,This is a christian,13020
gemma-2-9b-it,gemmascope-res-16k,This is a christian,13196
gemma-2-9b-it,gemmascope-res-16k,This is a christian,14162
gemma-2-9b-it,gemmascope-res-16k,This is a christian,16080
gemma-2-9b-it,gemmascope-res-16k,This is a christian,16239
gemma-2-9b-it,gemmascope-res-16k,This is a christian,1866
gemma-2-9b-it,gemmascope-res-16k,This is a christian,2408
gemma-2-9b-it,gemmascope-res-16k,This is a christian,3496
gemma-2-9b-it,gemmascope-res-16k,This is a christian,5091
gemma-2-9b-it,gemmascope-res-16k,This is a christian,8453
gemma-2-9b-it,gemmascope-res-16k,This is a christian,8823
gemma-2-9b-it,gemmascope-res-16k,This is a church,11053
gemma-2-9b-it,gemmascope-res-16k,This is a church,13129
gemma-2-9b-it,gemmascope-res-16k,This is a church,13196
gemma-2-9b-it,gemmascope-res-16k,This is a church,1374
gemma-2-9b-it,gemmascope-res-16k,This is a church,2315
gemma-2-9b-it,gemmascope-res-16k,This is a church,3071
gemma-2-9b-it,gemmascope-res-16k,This is a church,3618
gemma-2-9b-it,gemmascope-res-16k,This is a church,443
gemma-2-9b-it,gemmascope-res-16k,This is a church,4568
gemma-2-9b-it,gemmascope-res-16k,This is a church,4826
gemma-2-9b-it,gemmascope-res-16k,This is a church,5091
gemma-2-9b-it,gemmascope-res-16k,This is a church,5530
gemma-2-9b-it,gemmascope-res-16k,This is a church,6277
gemma-2-9b-it,gemmascope-res-16k,This is a church,8823
gemma-2-9b-it,gemmascope-res-16k,This is a church,This is a church
gemma-2-9b-it,gemmascope-res-16k,This is a church,This is a church
gemma-2-9b-it,gemmascope-res-16k,This is a church,11053
gemma-2-9b-it,gemmascope-res-16k,This is a church,13129
gemma-2-9b-it,gemmascope-res-16k,This is a church,13196
gemma-2-9b-it,gemmascope-res-16k,This is a church,1374
gemma-2-9b-it,gemmascope-res-16k,This is a church,2315
gemma-2-9b-it,gemmascope-res-16k,This is a church,3071
gemma-2-9b-it,gemmascope-res-16k,This is a church,3618
gemma-2-9b-it,gemmascope-res-16k,This is a church,443
gemma-2-9b-it,gemmascope-res-16k,This is a church,4568
gemma-2-9b-it,gemmascope-res-16k,This is a church,4826
gemma-2-9b-it,gemmascope-res-16k,This is a church,5091
gemma-2-9b-it,gemmascope-res-16k,This is a church,5530
gemma-2-9b-it,gemmascope-res-16k,This is a church,6277
gemma-2-9b-it,gemmascope-res-16k,This is a church,8823
gemma-2-9b-it,gemmascope-res-16k,This is a daughter,10774
gemma-2-9b-it,gemmascope-res-16k,This is a daughter,11097
gemma-2-9b-it,gemmascope-res-16k,This is a daughter,11433
gemma-2-9b-it,gemmascope-res-16k,This is a daughter,11811
gemma-2-9b-it,gemmascope-res-16k,This is a daughter,1374
gemma-2-9b-it,gemmascope-res-16k,This is a daughter,14467
gemma-2-9b-it,gemmascope-res-16k,This is a daughter,375
gemma-2-9b-it,gemmascope-res-16k,This is a daughter,7430
gemma-2-9b-it,gemmascope-res-16k,This is a daughter,8174
gemma-2-9b-it,gemmascope-res-16k,This is a daughter,826
gemma-2-9b-it,gemmascope-res-16k,This is a daughter,8384
gemma-2-9b-it,gemmascope-res-16k,This is a daughter,8895
gemma-2-9b-it,gemmascope-res-16k,This is a daughter,9223
gemma-2-9b-it,gemmascope-res-16k,This is a daughter,This is a daughter
gemma-2-9b-it,gemmascope-res-16k,This is a daughter,This is a daughter
gemma-2-9b-it,gemmascope-res-16k,This is a daughter,10774
gemma-2-9b-it,gemmascope-res-16k,This is a daughter,11097
gemma-2-9b-it,gemmascope-res-16k,This is a daughter,11433
gemma-2-9b-it,gemmascope-res-16k,This is a daughter,11811
gemma-2-9b-it,gemmascope-res-16k,This is a daughter,1374
gemma-2-9b-it,gemmascope-res-16k,This is a daughter,14467
gemma-2-9b-it,gemmascope-res-16k,This is a daughter,375
gemma-2-9b-it,gemmascope-res-16k,This is a daughter,7430
gemma-2-9b-it,gemmascope-res-16k,This is a daughter,8174
gemma-2-9b-it,gemmascope-res-16k,This is a daughter,826
gemma-2-9b-it,gemmascope-res-16k,This is a daughter,8384
gemma-2-9b-it,gemmascope-res-16k,This is a daughter,8895
gemma-2-9b-it,gemmascope-res-16k,This is a daughter,9223
gemma-2-9b-it,gemmascope-res-16k,This is a doctor,11709
gemma-2-9b-it,gemmascope-res-16k,This is a doctor,12869
gemma-2-9b-it,gemmascope-res-16k,This is a doctor,13346
gemma-2-9b-it,gemmascope-res-16k,This is a doctor,14430
gemma-2-9b-it,gemmascope-res-16k,This is a doctor,14467
gemma-2-9b-it,gemmascope-res-16k,This is a doctor,2054
gemma-2-9b-it,gemmascope-res-16k,This is a doctor,3200
gemma-2-9b-it,gemmascope-res-16k,This is a doctor,4097
gemma-2-9b-it,gemmascope-res-16k,This is a doctor,4146
gemma-2-9b-it,gemmascope-res-16k,This is a doctor,5263
gemma-2-9b-it,gemmascope-res-16k,This is a doctor,826
gemma-2-9b-it,gemmascope-res-16k,This is a doctor,8607
gemma-2-9b-it,gemmascope-res-16k,This is a doctor,8632
gemma-2-9b-it,gemmascope-res-16k,This is a doctor,9010
gemma-2-9b-it,gemmascope-res-16k,This is a doctor,9115
gemma-2-9b-it,gemmascope-res-16k,This is a doctor,This is a doctor
gemma-2-9b-it,gemmascope-res-16k,This is a doctor,This is a doctor
gemma-2-9b-it,gemmascope-res-16k,This is a doctor,11709
gemma-2-9b-it,gemmascope-res-16k,This is a doctor,12869
gemma-2-9b-it,gemmascope-res-16k,This is a doctor,13346
gemma-2-9b-it,gemmascope-res-16k,This is a doctor,14430
gemma-2-9b-it,gemmascope-res-16k,This is a doctor,14467
gemma-2-9b-it,gemmascope-res-16k,This is a doctor,2054
gemma-2-9b-it,gemmascope-res-16k,This is a doctor,3200
gemma-2-9b-it,gemmascope-res-16k,This is a doctor,4097
gemma-2-9b-it,gemmascope-res-16k,This is a doctor,4146
gemma-2-9b-it,gemmascope-res-16k,This is a doctor,5263
gemma-2-9b-it,gemmascope-res-16k,This is a doctor,826
gemma-2-9b-it,gemmascope-res-16k,This is a doctor,8607
gemma-2-9b-it,gemmascope-res-16k,This is a doctor,8632
gemma-2-9b-it,gemmascope-res-16k,This is a doctor,9010
gemma-2-9b-it,gemmascope-res-16k,This is a doctor,9115
gemma-2-9b-it,gemmascope-res-16k,This is a firefighter,11919
gemma-2-9b-it,gemmascope-res-16k,This is a firefighter,1374
gemma-2-9b-it,gemmascope-res-16k,This is a firefighter,14430
gemma-2-9b-it,gemmascope-res-16k,This is a firefighter,14467
gemma-2-9b-it,gemmascope-res-16k,This is a firefighter,1755
gemma-2-9b-it,gemmascope-res-16k,This is a firefighter,2054
gemma-2-9b-it,gemmascope-res-16k,This is a firefighter,2070
gemma-2-9b-it,gemmascope-res-16k,This is a firefighter,3267
gemma-2-9b-it,gemmascope-res-16k,This is a firefighter,4498
gemma-2-9b-it,gemmascope-res-16k,This is a firefighter,5131
gemma-2-9b-it,gemmascope-res-16k,This is a firefighter,5808
gemma-2-9b-it,gemmascope-res-16k,This is a firefighter,7428
gemma-2-9b-it,gemmascope-res-16k,This is a firefighter,826
gemma-2-9b-it,gemmascope-res-16k,This is a firefighter,This is a firefighter
gemma-2-9b-it,gemmascope-res-16k,This is a firefighter,This is a firefighter
gemma-2-9b-it,gemmascope-res-16k,This is a firefighter,11919
gemma-2-9b-it,gemmascope-res-16k,This is a firefighter,1374
gemma-2-9b-it,gemmascope-res-16k,This is a firefighter,14430
gemma-2-9b-it,gemmascope-res-16k,This is a firefighter,14467
gemma-2-9b-it,gemmascope-res-16k,This is a firefighter,1755
gemma-2-9b-it,gemmascope-res-16k,This is a firefighter,2054
gemma-2-9b-it,gemmascope-res-16k,This is a firefighter,2070
gemma-2-9b-it,gemmascope-res-16k,This is a firefighter,3267
gemma-2-9b-it,gemmascope-res-16k,This is a firefighter,4498
gemma-2-9b-it,gemmascope-res-16k,This is a firefighter,5131
gemma-2-9b-it,gemmascope-res-16k,This is a firefighter,5808
gemma-2-9b-it,gemmascope-res-16k,This is a firefighter,7428
gemma-2-9b-it,gemmascope-res-16k,This is a firefighter,826
gemma-2-9b-it,gemmascope-res-16k,This is a fundamentalist,10427
gemma-2-9b-it,gemmascope-res-16k,This is a fundamentalist,10865
gemma-2-9b-it,gemmascope-res-16k,This is a fundamentalist,11175
gemma-2-9b-it,gemmascope-res-16k,This is a fundamentalist,14559
gemma-2-9b-it,gemmascope-res-16k,This is a fundamentalist,15177
gemma-2-9b-it,gemmascope-res-16k,This is a fundamentalist,2609
gemma-2-9b-it,gemmascope-res-16k,This is a fundamentalist,3628
gemma-2-9b-it,gemmascope-res-16k,This is a fundamentalist,5063
gemma-2-9b-it,gemmascope-res-16k,This is a fundamentalist,5158
gemma-2-9b-it,gemmascope-res-16k,This is a fundamentalist,5523
gemma-2-9b-it,gemmascope-res-16k,This is a fundamentalist,7006
gemma-2-9b-it,gemmascope-res-16k,This is a fundamentalist,7771
gemma-2-9b-it,gemmascope-res-16k,This is a fundamentalist,8522
gemma-2-9b-it,gemmascope-res-16k,This is a fundamentalist,9456
gemma-2-9b-it,gemmascope-res-16k,This is a fundamentalist,This is a fundamentalist
gemma-2-9b-it,gemmascope-res-16k,This is a fundamentalist,This is a fundamentalist
gemma-2-9b-it,gemmascope-res-16k,This is a fundamentalist,10427
gemma-2-9b-it,gemmascope-res-16k,This is a fundamentalist,10865
gemma-2-9b-it,gemmascope-res-16k,This is a fundamentalist,11175
gemma-2-9b-it,gemmascope-res-16k,This is a fundamentalist,14559
gemma-2-9b-it,gemmascope-res-16k,This is a fundamentalist,15177
gemma-2-9b-it,gemmascope-res-16k,This is a fundamentalist,2609
gemma-2-9b-it,gemmascope-res-16k,This is a fundamentalist,3628
gemma-2-9b-it,gemmascope-res-16k,This is a fundamentalist,5063
gemma-2-9b-it,gemmascope-res-16k,This is a fundamentalist,5158
gemma-2-9b-it,gemmascope-res-16k,This is a fundamentalist,5523
gemma-2-9b-it,gemmascope-res-16k,This is a fundamentalist,7006
gemma-2-9b-it,gemmascope-res-16k,This is a fundamentalist,7771
gemma-2-9b-it,gemmascope-res-16k,This is a fundamentalist,8522
gemma-2-9b-it,gemmascope-res-16k,This is a fundamentalist,9456
gemma-2-9b-it,gemmascope-res-16k,This is a gentleman,10381
gemma-2-9b-it,gemmascope-res-16k,This is a gentleman,10501
gemma-2-9b-it,gemmascope-res-16k,This is a gentleman,11097
gemma-2-9b-it,gemmascope-res-16k,This is a gentleman,11567
gemma-2-9b-it,gemmascope-res-16k,This is a gentleman,14222
gemma-2-9b-it,gemmascope-res-16k,This is a gentleman,14467
gemma-2-9b-it,gemmascope-res-16k,This is a gentleman,14960
gemma-2-9b-it,gemmascope-res-16k,This is a gentleman,1499
gemma-2-9b-it,gemmascope-res-16k,This is a gentleman,15617
gemma-2-9b-it,gemmascope-res-16k,This is a gentleman,4687
gemma-2-9b-it,gemmascope-res-16k,This is a gentleman,7368
gemma-2-9b-it,gemmascope-res-16k,This is a gentleman,826
gemma-2-9b-it,gemmascope-res-16k,This is a gentleman,9404
gemma-2-9b-it,gemmascope-res-16k,This is a gentleman,9706
gemma-2-9b-it,gemmascope-res-16k,This is a gentleman,This is a gentleman
gemma-2-9b-it,gemmascope-res-16k,This is a gentleman,This is a gentleman
gemma-2-9b-it,gemmascope-res-16k,This is a gentleman,10381
gemma-2-9b-it,gemmascope-res-16k,This is a gentleman,10501
gemma-2-9b-it,gemmascope-res-16k,This is a gentleman,11097
gemma-2-9b-it,gemmascope-res-16k,This is a gentleman,11567
gemma-2-9b-it,gemmascope-res-16k,This is a gentleman,14222
gemma-2-9b-it,gemmascope-res-16k,This is a gentleman,14467
gemma-2-9b-it,gemmascope-res-16k,This is a gentleman,14960
gemma-2-9b-it,gemmascope-res-16k,This is a gentleman,1499
gemma-2-9b-it,gemmascope-res-16k,This is a gentleman,15617
gemma-2-9b-it,gemmascope-res-16k,This is a gentleman,4687
gemma-2-9b-it,gemmascope-res-16k,This is a gentleman,7368
gemma-2-9b-it,gemmascope-res-16k,This is a gentleman,826
gemma-2-9b-it,gemmascope-res-16k,This is a gentleman,9404
gemma-2-9b-it,gemmascope-res-16k,This is a gentleman,9706
gemma-2-9b-it,gemmascope-res-16k,This is a girl,11097
gemma-2-9b-it,gemmascope-res-16k,This is a girl,11936
gemma-2-9b-it,gemmascope-res-16k,This is a girl,12094
gemma-2-9b-it,gemmascope-res-16k,This is a girl,12107
gemma-2-9b-it,gemmascope-res-16k,This is a girl,1374
gemma-2-9b-it,gemmascope-res-16k,This is a girl,14222
gemma-2-9b-it,gemmascope-res-16k,This is a girl,14467
gemma-2-9b-it,gemmascope-res-16k,This is a girl,16085
gemma-2-9b-it,gemmascope-res-16k,This is a girl,6935
gemma-2-9b-it,gemmascope-res-16k,This is a girl,826
gemma-2-9b-it,gemmascope-res-16k,This is a girl,8384
gemma-2-9b-it,gemmascope-res-16k,This is a girl,991
gemma-2-9b-it,gemmascope-res-16k,This is a girl,This is a girl
gemma-2-9b-it,gemmascope-res-16k,This is a girl,This is a girl
gemma-2-9b-it,gemmascope-res-16k,This is a girl,11097
gemma-2-9b-it,gemmascope-res-16k,This is a girl,11936
gemma-2-9b-it,gemmascope-res-16k,This is a girl,12094
gemma-2-9b-it,gemmascope-res-16k,This is a girl,12107
gemma-2-9b-it,gemmascope-res-16k,This is a girl,1374
gemma-2-9b-it,gemmascope-res-16k,This is a girl,14222
gemma-2-9b-it,gemmascope-res-16k,This is a girl,14467
gemma-2-9b-it,gemmascope-res-16k,This is a girl,16085
gemma-2-9b-it,gemmascope-res-16k,This is a girl,6935
gemma-2-9b-it,gemmascope-res-16k,This is a girl,826
gemma-2-9b-it,gemmascope-res-16k,This is a girl,8384
gemma-2-9b-it,gemmascope-res-16k,This is a girl,991
gemma-2-9b-it,gemmascope-res-16k,This is a gospel,11053
gemma-2-9b-it,gemmascope-res-16k,This is a gospel,13196
gemma-2-9b-it,gemmascope-res-16k,This is a gospel,14347
gemma-2-9b-it,gemmascope-res-16k,This is a gospel,15619
gemma-2-9b-it,gemmascope-res-16k,This is a gospel,15931
gemma-2-9b-it,gemmascope-res-16k,This is a gospel,16332
gemma-2-9b-it,gemmascope-res-16k,This is a gospel,1866
gemma-2-9b-it,gemmascope-res-16k,This is a gospel,3071
gemma-2-9b-it,gemmascope-res-16k,This is a gospel,507
gemma-2-9b-it,gemmascope-res-16k,This is a gospel,5591
gemma-2-9b-it,gemmascope-res-16k,This is a gospel,5855
gemma-2-9b-it,gemmascope-res-16k,This is a gospel,7556
gemma-2-9b-it,gemmascope-res-16k,This is a gospel,8453
gemma-2-9b-it,gemmascope-res-16k,This is a gospel,8823
gemma-2-9b-it,gemmascope-res-16k,This is a gospel,9772
gemma-2-9b-it,gemmascope-res-16k,This is a gospel,This is a gospel
gemma-2-9b-it,gemmascope-res-16k,This is a gospel,This is a gospel
gemma-2-9b-it,gemmascope-res-16k,This is a gospel,11053
gemma-2-9b-it,gemmascope-res-16k,This is a gospel,13196
gemma-2-9b-it,gemmascope-res-16k,This is a gospel,14347
gemma-2-9b-it,gemmascope-res-16k,This is a gospel,15619
gemma-2-9b-it,gemmascope-res-16k,This is a gospel,15931
gemma-2-9b-it,gemmascope-res-16k,This is a gospel,16332
gemma-2-9b-it,gemmascope-res-16k,This is a gospel,1866
gemma-2-9b-it,gemmascope-res-16k,This is a gospel,3071
gemma-2-9b-it,gemmascope-res-16k,This is a gospel,507
gemma-2-9b-it,gemmascope-res-16k,This is a gospel,5591
gemma-2-9b-it,gemmascope-res-16k,This is a gospel,5855
gemma-2-9b-it,gemmascope-res-16k,This is a gospel,7556
gemma-2-9b-it,gemmascope-res-16k,This is a gospel,8453
gemma-2-9b-it,gemmascope-res-16k,This is a gospel,8823
gemma-2-9b-it,gemmascope-res-16k,This is a gospel,9772
gemma-2-9b-it,gemmascope-res-16k,This is a grandma,11097
gemma-2-9b-it,gemmascope-res-16k,This is a grandma,12048
gemma-2-9b-it,gemmascope-res-16k,This is a grandma,12094
gemma-2-9b-it,gemmascope-res-16k,This is a grandma,12925
gemma-2-9b-it,gemmascope-res-16k,This is a grandma,14467
gemma-2-9b-it,gemmascope-res-16k,This is a grandma,2969
gemma-2-9b-it,gemmascope-res-16k,This is a grandma,3165
gemma-2-9b-it,gemmascope-res-16k,This is a grandma,375
gemma-2-9b-it,gemmascope-res-16k,This is a grandma,5324
gemma-2-9b-it,gemmascope-res-16k,This is a grandma,6468
gemma-2-9b-it,gemmascope-res-16k,This is a grandma,6544
gemma-2-9b-it,gemmascope-res-16k,This is a grandma,6607
gemma-2-9b-it,gemmascope-res-16k,This is a grandma,7188
gemma-2-9b-it,gemmascope-res-16k,This is a grandma,8997
gemma-2-9b-it,gemmascope-res-16k,This is a grandma,9038
gemma-2-9b-it,gemmascope-res-16k,This is a grandma,953
gemma-2-9b-it,gemmascope-res-16k,This is a grandma,This is a grandma
gemma-2-9b-it,gemmascope-res-16k,This is a grandma,This is a grandma
gemma-2-9b-it,gemmascope-res-16k,This is a grandma,11097
gemma-2-9b-it,gemmascope-res-16k,This is a grandma,12048
gemma-2-9b-it,gemmascope-res-16k,This is a grandma,12094
gemma-2-9b-it,gemmascope-res-16k,This is a grandma,12925
gemma-2-9b-it,gemmascope-res-16k,This is a grandma,14467
gemma-2-9b-it,gemmascope-res-16k,This is a grandma,2969
gemma-2-9b-it,gemmascope-res-16k,This is a grandma,3165
gemma-2-9b-it,gemmascope-res-16k,This is a grandma,375
gemma-2-9b-it,gemmascope-res-16k,This is a grandma,5324
gemma-2-9b-it,gemmascope-res-16k,This is a grandma,6468
gemma-2-9b-it,gemmascope-res-16k,This is a grandma,6544
gemma-2-9b-it,gemmascope-res-16k,This is a grandma,6607
gemma-2-9b-it,gemmascope-res-16k,This is a grandma,7188
gemma-2-9b-it,gemmascope-res-16k,This is a grandma,8997
gemma-2-9b-it,gemmascope-res-16k,This is a grandma,9038
gemma-2-9b-it,gemmascope-res-16k,This is a grandma,953
gemma-2-9b-it,gemmascope-res-16k,This is a grandpa,12048
gemma-2-9b-it,gemmascope-res-16k,This is a grandpa,12094
gemma-2-9b-it,gemmascope-res-16k,This is a grandpa,12364
gemma-2-9b-it,gemmascope-res-16k,This is a grandpa,12925
gemma-2-9b-it,gemmascope-res-16k,This is a grandpa,13370
gemma-2-9b-it,gemmascope-res-16k,This is a grandpa,14263
gemma-2-9b-it,gemmascope-res-16k,This is a grandpa,14467
gemma-2-9b-it,gemmascope-res-16k,This is a grandpa,2579
gemma-2-9b-it,gemmascope-res-16k,This is a grandpa,3165
gemma-2-9b-it,gemmascope-res-16k,This is a grandpa,5324
gemma-2-9b-it,gemmascope-res-16k,This is a grandpa,6468
gemma-2-9b-it,gemmascope-res-16k,This is a grandpa,6607
gemma-2-9b-it,gemmascope-res-16k,This is a grandpa,7188
gemma-2-9b-it,gemmascope-res-16k,This is a grandpa,826
gemma-2-9b-it,gemmascope-res-16k,This is a grandpa,953
gemma-2-9b-it,gemmascope-res-16k,This is a grandpa,This is a grandpa
gemma-2-9b-it,gemmascope-res-16k,This is a grandpa,This is a grandpa
gemma-2-9b-it,gemmascope-res-16k,This is a grandpa,12048
gemma-2-9b-it,gemmascope-res-16k,This is a grandpa,12094
gemma-2-9b-it,gemmascope-res-16k,This is a grandpa,12364
gemma-2-9b-it,gemmascope-res-16k,This is a grandpa,12925
gemma-2-9b-it,gemmascope-res-16k,This is a grandpa,13370
gemma-2-9b-it,gemmascope-res-16k,This is a grandpa,14263
gemma-2-9b-it,gemmascope-res-16k,This is a grandpa,14467
gemma-2-9b-it,gemmascope-res-16k,This is a grandpa,2579
gemma-2-9b-it,gemmascope-res-16k,This is a grandpa,3165
gemma-2-9b-it,gemmascope-res-16k,This is a grandpa,5324
gemma-2-9b-it,gemmascope-res-16k,This is a grandpa,6468
gemma-2-9b-it,gemmascope-res-16k,This is a grandpa,6607
gemma-2-9b-it,gemmascope-res-16k,This is a grandpa,7188
gemma-2-9b-it,gemmascope-res-16k,This is a grandpa,826
gemma-2-9b-it,gemmascope-res-16k,This is a grandpa,953
gemma-2-9b-it,gemmascope-res-16k,This is a hijab,1000
gemma-2-9b-it,gemmascope-res-16k,This is a hijab,10364
gemma-2-9b-it,gemmascope-res-16k,This is a hijab,1189
gemma-2-9b-it,gemmascope-res-16k,This is a hijab,11965
gemma-2-9b-it,gemmascope-res-16k,This is a hijab,12951
gemma-2-9b-it,gemmascope-res-16k,This is a hijab,13911
gemma-2-9b-it,gemmascope-res-16k,This is a hijab,16057
gemma-2-9b-it,gemmascope-res-16k,This is a hijab,1870
gemma-2-9b-it,gemmascope-res-16k,This is a hijab,4655
gemma-2-9b-it,gemmascope-res-16k,This is a hijab,5533
gemma-2-9b-it,gemmascope-res-16k,This is a hijab,5989
gemma-2-9b-it,gemmascope-res-16k,This is a hijab,7045
gemma-2-9b-it,gemmascope-res-16k,This is a hijab,7484
gemma-2-9b-it,gemmascope-res-16k,This is a hijab,This is a hijab
gemma-2-9b-it,gemmascope-res-16k,This is a hijab,This is a hijab
gemma-2-9b-it,gemmascope-res-16k,This is a hijab,1000
gemma-2-9b-it,gemmascope-res-16k,This is a hijab,10364
gemma-2-9b-it,gemmascope-res-16k,This is a hijab,1189
gemma-2-9b-it,gemmascope-res-16k,This is a hijab,11965
gemma-2-9b-it,gemmascope-res-16k,This is a hijab,12951
gemma-2-9b-it,gemmascope-res-16k,This is a hijab,13911
gemma-2-9b-it,gemmascope-res-16k,This is a hijab,16057
gemma-2-9b-it,gemmascope-res-16k,This is a hijab,1870
gemma-2-9b-it,gemmascope-res-16k,This is a hijab,4655
gemma-2-9b-it,gemmascope-res-16k,This is a hijab,5533
gemma-2-9b-it,gemmascope-res-16k,This is a hijab,5989
gemma-2-9b-it,gemmascope-res-16k,This is a hijab,7045
gemma-2-9b-it,gemmascope-res-16k,This is a hijab,7484
gemma-2-9b-it,gemmascope-res-16k,This is a homemaker,10904
gemma-2-9b-it,gemmascope-res-16k,This is a homemaker,13175
gemma-2-9b-it,gemmascope-res-16k,This is a homemaker,13731
gemma-2-9b-it,gemmascope-res-16k,This is a homemaker,13861
gemma-2-9b-it,gemmascope-res-16k,This is a homemaker,14467
gemma-2-9b-it,gemmascope-res-16k,This is a homemaker,15308
gemma-2-9b-it,gemmascope-res-16k,This is a homemaker,15410
gemma-2-9b-it,gemmascope-res-16k,This is a homemaker,15976
gemma-2-9b-it,gemmascope-res-16k,This is a homemaker,165
gemma-2-9b-it,gemmascope-res-16k,This is a homemaker,2054
gemma-2-9b-it,gemmascope-res-16k,This is a homemaker,826
gemma-2-9b-it,gemmascope-res-16k,This is a homemaker,8420
gemma-2-9b-it,gemmascope-res-16k,This is a homemaker,8443
gemma-2-9b-it,gemmascope-res-16k,This is a homemaker,8997
gemma-2-9b-it,gemmascope-res-16k,This is a homemaker,This is a homemaker
gemma-2-9b-it,gemmascope-res-16k,This is a homemaker,This is a homemaker
gemma-2-9b-it,gemmascope-res-16k,This is a homemaker,10904
gemma-2-9b-it,gemmascope-res-16k,This is a homemaker,13175
gemma-2-9b-it,gemmascope-res-16k,This is a homemaker,13731
gemma-2-9b-it,gemmascope-res-16k,This is a homemaker,13861
gemma-2-9b-it,gemmascope-res-16k,This is a homemaker,14467
gemma-2-9b-it,gemmascope-res-16k,This is a homemaker,15308
gemma-2-9b-it,gemmascope-res-16k,This is a homemaker,15410
gemma-2-9b-it,gemmascope-res-16k,This is a homemaker,15976
gemma-2-9b-it,gemmascope-res-16k,This is a homemaker,165
gemma-2-9b-it,gemmascope-res-16k,This is a homemaker,2054
gemma-2-9b-it,gemmascope-res-16k,This is a homemaker,826
gemma-2-9b-it,gemmascope-res-16k,This is a homemaker,8420
gemma-2-9b-it,gemmascope-res-16k,This is a homemaker,8443
gemma-2-9b-it,gemmascope-res-16k,This is a homemaker,8997
gemma-2-9b-it,gemmascope-res-16k,This is a homophob,13394
gemma-2-9b-it,gemmascope-res-16k,This is a homophob,14301
gemma-2-9b-it,gemmascope-res-16k,This is a homophob,15410
gemma-2-9b-it,gemmascope-res-16k,This is a homophob,1543
gemma-2-9b-it,gemmascope-res-16k,This is a homophob,15629
gemma-2-9b-it,gemmascope-res-16k,This is a homophob,2881
gemma-2-9b-it,gemmascope-res-16k,This is a homophob,5043
gemma-2-9b-it,gemmascope-res-16k,This is a homophob,6498
gemma-2-9b-it,gemmascope-res-16k,This is a homophob,8408
gemma-2-9b-it,gemmascope-res-16k,This is a homophob,8420
gemma-2-9b-it,gemmascope-res-16k,This is a homophob,8619
gemma-2-9b-it,gemmascope-res-16k,This is a homophob,This is a homophob
gemma-2-9b-it,gemmascope-res-16k,This is a homophob,This is a homophob
gemma-2-9b-it,gemmascope-res-16k,This is a homophob,13394
gemma-2-9b-it,gemmascope-res-16k,This is a homophob,14301
gemma-2-9b-it,gemmascope-res-16k,This is a homophob,15410
gemma-2-9b-it,gemmascope-res-16k,This is a homophob,1543
gemma-2-9b-it,gemmascope-res-16k,This is a homophob,15629
gemma-2-9b-it,gemmascope-res-16k,This is a homophob,2881
gemma-2-9b-it,gemmascope-res-16k,This is a homophob,5043
gemma-2-9b-it,gemmascope-res-16k,This is a homophob,6498
gemma-2-9b-it,gemmascope-res-16k,This is a homophob,8408
gemma-2-9b-it,gemmascope-res-16k,This is a homophob,8420
gemma-2-9b-it,gemmascope-res-16k,This is a homophob,8619
gemma-2-9b-it,gemmascope-res-16k,This is a husband,11772
gemma-2-9b-it,gemmascope-res-16k,This is a husband,12094
gemma-2-9b-it,gemmascope-res-16k,This is a husband,14467
gemma-2-9b-it,gemmascope-res-16k,This is a husband,1708
gemma-2-9b-it,gemmascope-res-16k,This is a husband,1741
gemma-2-9b-it,gemmascope-res-16k,This is a husband,3200
gemma-2-9b-it,gemmascope-res-16k,This is a husband,3233
gemma-2-9b-it,gemmascope-res-16k,This is a husband,368
gemma-2-9b-it,gemmascope-res-16k,This is a husband,6468
gemma-2-9b-it,gemmascope-res-16k,This is a husband,7626
gemma-2-9b-it,gemmascope-res-16k,This is a husband,826
gemma-2-9b-it,gemmascope-res-16k,This is a husband,8661
gemma-2-9b-it,gemmascope-res-16k,This is a husband,9217
gemma-2-9b-it,gemmascope-res-16k,This is a husband,This is a husband
gemma-2-9b-it,gemmascope-res-16k,This is a husband,This is a husband
gemma-2-9b-it,gemmascope-res-16k,This is a husband,11772
gemma-2-9b-it,gemmascope-res-16k,This is a husband,12094
gemma-2-9b-it,gemmascope-res-16k,This is a husband,14467
gemma-2-9b-it,gemmascope-res-16k,This is a husband,1708
gemma-2-9b-it,gemmascope-res-16k,This is a husband,1741
gemma-2-9b-it,gemmascope-res-16k,This is a husband,3200
gemma-2-9b-it,gemmascope-res-16k,This is a husband,3233
gemma-2-9b-it,gemmascope-res-16k,This is a husband,368
gemma-2-9b-it,gemmascope-res-16k,This is a husband,6468
gemma-2-9b-it,gemmascope-res-16k,This is a husband,7626
gemma-2-9b-it,gemmascope-res-16k,This is a husband,826
gemma-2-9b-it,gemmascope-res-16k,This is a husband,8661
gemma-2-9b-it,gemmascope-res-16k,This is a husband,9217
gemma-2-9b-it,gemmascope-res-16k,This is a jew,1048
gemma-2-9b-it,gemmascope-res-16k,This is a jew,11749
gemma-2-9b-it,gemmascope-res-16k,This is a jew,13808
gemma-2-9b-it,gemmascope-res-16k,This is a jew,14228
gemma-2-9b-it,gemmascope-res-16k,This is a jew,14944
gemma-2-9b-it,gemmascope-res-16k,This is a jew,1557
gemma-2-9b-it,gemmascope-res-16k,This is a jew,15584
gemma-2-9b-it,gemmascope-res-16k,This is a jew,15961
gemma-2-9b-it,gemmascope-res-16k,This is a jew,3642
gemma-2-9b-it,gemmascope-res-16k,This is a jew,375
gemma-2-9b-it,gemmascope-res-16k,This is a jew,4385
gemma-2-9b-it,gemmascope-res-16k,This is a jew,6886
gemma-2-9b-it,gemmascope-res-16k,This is a jew,This is a jew
gemma-2-9b-it,gemmascope-res-16k,This is a jew,This is a jew
gemma-2-9b-it,gemmascope-res-16k,This is a jew,1048
gemma-2-9b-it,gemmascope-res-16k,This is a jew,11749
gemma-2-9b-it,gemmascope-res-16k,This is a jew,13808
gemma-2-9b-it,gemmascope-res-16k,This is a jew,14228
gemma-2-9b-it,gemmascope-res-16k,This is a jew,14944
gemma-2-9b-it,gemmascope-res-16k,This is a jew,1557
gemma-2-9b-it,gemmascope-res-16k,This is a jew,15584
gemma-2-9b-it,gemmascope-res-16k,This is a jew,15961
gemma-2-9b-it,gemmascope-res-16k,This is a jew,3642
gemma-2-9b-it,gemmascope-res-16k,This is a jew,375
gemma-2-9b-it,gemmascope-res-16k,This is a jew,4385
gemma-2-9b-it,gemmascope-res-16k,This is a jew,6886
gemma-2-9b-it,gemmascope-res-16k,This is a king,1025
gemma-2-9b-it,gemmascope-res-16k,This is a king,11289
gemma-2-9b-it,gemmascope-res-16k,This is a king,12048
gemma-2-9b-it,gemmascope-res-16k,This is a king,12299
gemma-2-9b-it,gemmascope-res-16k,This is a king,1312
gemma-2-9b-it,gemmascope-res-16k,This is a king,1374
gemma-2-9b-it,gemmascope-res-16k,This is a king,1696
gemma-2-9b-it,gemmascope-res-16k,This is a king,3353
gemma-2-9b-it,gemmascope-res-16k,This is a king,3709
gemma-2-9b-it,gemmascope-res-16k,This is a king,4778
gemma-2-9b-it,gemmascope-res-16k,This is a king,6274
gemma-2-9b-it,gemmascope-res-16k,This is a king,9986
gemma-2-9b-it,gemmascope-res-16k,This is a king,This is a king
gemma-2-9b-it,gemmascope-res-16k,This is a king,This is a king
gemma-2-9b-it,gemmascope-res-16k,This is a king,1025
gemma-2-9b-it,gemmascope-res-16k,This is a king,11289
gemma-2-9b-it,gemmascope-res-16k,This is a king,12048
gemma-2-9b-it,gemmascope-res-16k,This is a king,12299
gemma-2-9b-it,gemmascope-res-16k,This is a king,1312
gemma-2-9b-it,gemmascope-res-16k,This is a king,1374
gemma-2-9b-it,gemmascope-res-16k,This is a king,1696
gemma-2-9b-it,gemmascope-res-16k,This is a king,3353
gemma-2-9b-it,gemmascope-res-16k,This is a king,3709
gemma-2-9b-it,gemmascope-res-16k,This is a king,4778
gemma-2-9b-it,gemmascope-res-16k,This is a king,6274
gemma-2-9b-it,gemmascope-res-16k,This is a king,9986
gemma-2-9b-it,gemmascope-res-16k,This is a kippah,11289
gemma-2-9b-it,gemmascope-res-16k,This is a kippah,11884
gemma-2-9b-it,gemmascope-res-16k,This is a kippah,12225
gemma-2-9b-it,gemmascope-res-16k,This is a kippah,13052
gemma-2-9b-it,gemmascope-res-16k,This is a kippah,13465
gemma-2-9b-it,gemmascope-res-16k,This is a kippah,3712
gemma-2-9b-it,gemmascope-res-16k,This is a kippah,8141
gemma-2-9b-it,gemmascope-res-16k,This is a kippah,9042
gemma-2-9b-it,gemmascope-res-16k,This is a kippah,This is a kippah
gemma-2-9b-it,gemmascope-res-16k,This is a kippah,This is a kippah
gemma-2-9b-it,gemmascope-res-16k,This is a kippah,11289
gemma-2-9b-it,gemmascope-res-16k,This is a kippah,11884
gemma-2-9b-it,gemmascope-res-16k,This is a kippah,12225
gemma-2-9b-it,gemmascope-res-16k,This is a kippah,13052
gemma-2-9b-it,gemmascope-res-16k,This is a kippah,13465
gemma-2-9b-it,gemmascope-res-16k,This is a kippah,3712
gemma-2-9b-it,gemmascope-res-16k,This is a kippah,8141
gemma-2-9b-it,gemmascope-res-16k,This is a kippah,9042
gemma-2-9b-it,gemmascope-res-16k,This is a lady,10501
gemma-2-9b-it,gemmascope-res-16k,This is a lady,11097
gemma-2-9b-it,gemmascope-res-16k,This is a lady,11567
gemma-2-9b-it,gemmascope-res-16k,This is a lady,1183
gemma-2-9b-it,gemmascope-res-16k,This is a lady,13221
gemma-2-9b-it,gemmascope-res-16k,This is a lady,1374
gemma-2-9b-it,gemmascope-res-16k,This is a lady,14960
gemma-2-9b-it,gemmascope-res-16k,This is a lady,15013
gemma-2-9b-it,gemmascope-res-16k,This is a lady,1761
gemma-2-9b-it,gemmascope-res-16k,This is a lady,826
gemma-2-9b-it,gemmascope-res-16k,This is a lady,9706
gemma-2-9b-it,gemmascope-res-16k,This is a lady,This is a lady
gemma-2-9b-it,gemmascope-res-16k,This is a lady,This is a lady
gemma-2-9b-it,gemmascope-res-16k,This is a lady,10501
gemma-2-9b-it,gemmascope-res-16k,This is a lady,11097
gemma-2-9b-it,gemmascope-res-16k,This is a lady,11567
gemma-2-9b-it,gemmascope-res-16k,This is a lady,1183
gemma-2-9b-it,gemmascope-res-16k,This is a lady,13221
gemma-2-9b-it,gemmascope-res-16k,This is a lady,1374
gemma-2-9b-it,gemmascope-res-16k,This is a lady,14960
gemma-2-9b-it,gemmascope-res-16k,This is a lady,15013
gemma-2-9b-it,gemmascope-res-16k,This is a lady,1761
gemma-2-9b-it,gemmascope-res-16k,This is a lady,826
gemma-2-9b-it,gemmascope-res-16k,This is a lady,9706
gemma-2-9b-it,gemmascope-res-16k,This is a male,11194
gemma-2-9b-it,gemmascope-res-16k,This is a male,11335
gemma-2-9b-it,gemmascope-res-16k,This is a male,11344
gemma-2-9b-it,gemmascope-res-16k,This is a male,1374
gemma-2-9b-it,gemmascope-res-16k,This is a male,14458
gemma-2-9b-it,gemmascope-res-16k,This is a male,14467
gemma-2-9b-it,gemmascope-res-16k,This is a male,15928
gemma-2-9b-it,gemmascope-res-16k,This is a male,16085
gemma-2-9b-it,gemmascope-res-16k,This is a male,2647
gemma-2-9b-it,gemmascope-res-16k,This is a male,3884
gemma-2-9b-it,gemmascope-res-16k,This is a male,4077
gemma-2-9b-it,gemmascope-res-16k,This is a male,6981
gemma-2-9b-it,gemmascope-res-16k,This is a male,8228
gemma-2-9b-it,gemmascope-res-16k,This is a male,9642
gemma-2-9b-it,gemmascope-res-16k,This is a male,This is a male
gemma-2-9b-it,gemmascope-res-16k,This is a male,This is a male
gemma-2-9b-it,gemmascope-res-16k,This is a male,11194
gemma-2-9b-it,gemmascope-res-16k,This is a male,11335
gemma-2-9b-it,gemmascope-res-16k,This is a male,11344
gemma-2-9b-it,gemmascope-res-16k,This is a male,1374
gemma-2-9b-it,gemmascope-res-16k,This is a male,14458
gemma-2-9b-it,gemmascope-res-16k,This is a male,14467
gemma-2-9b-it,gemmascope-res-16k,This is a male,15928
gemma-2-9b-it,gemmascope-res-16k,This is a male,16085
gemma-2-9b-it,gemmascope-res-16k,This is a male,2647
gemma-2-9b-it,gemmascope-res-16k,This is a male,3884
gemma-2-9b-it,gemmascope-res-16k,This is a male,4077
gemma-2-9b-it,gemmascope-res-16k,This is a male,6981
gemma-2-9b-it,gemmascope-res-16k,This is a male,8228
gemma-2-9b-it,gemmascope-res-16k,This is a male,9642
gemma-2-9b-it,gemmascope-res-16k,This is a man,10476
gemma-2-9b-it,gemmascope-res-16k,This is a man,12094
gemma-2-9b-it,gemmascope-res-16k,This is a man,12641
gemma-2-9b-it,gemmascope-res-16k,This is a man,13221
gemma-2-9b-it,gemmascope-res-16k,This is a man,1343
gemma-2-9b-it,gemmascope-res-16k,This is a man,14467
gemma-2-9b-it,gemmascope-res-16k,This is a man,15013
gemma-2-9b-it,gemmascope-res-16k,This is a man,15104
gemma-2-9b-it,gemmascope-res-16k,This is a man,4687
gemma-2-9b-it,gemmascope-res-16k,This is a man,4979
gemma-2-9b-it,gemmascope-res-16k,This is a man,6981
gemma-2-9b-it,gemmascope-res-16k,This is a man,7771
gemma-2-9b-it,gemmascope-res-16k,This is a man,826
gemma-2-9b-it,gemmascope-res-16k,This is a man,991
gemma-2-9b-it,gemmascope-res-16k,This is a man,This is a man
gemma-2-9b-it,gemmascope-res-16k,This is a man,This is a man
gemma-2-9b-it,gemmascope-res-16k,This is a man,10476
gemma-2-9b-it,gemmascope-res-16k,This is a man,12094
gemma-2-9b-it,gemmascope-res-16k,This is a man,12641
gemma-2-9b-it,gemmascope-res-16k,This is a man,13221
gemma-2-9b-it,gemmascope-res-16k,This is a man,1343
gemma-2-9b-it,gemmascope-res-16k,This is a man,14467
gemma-2-9b-it,gemmascope-res-16k,This is a man,15013
gemma-2-9b-it,gemmascope-res-16k,This is a man,15104
gemma-2-9b-it,gemmascope-res-16k,This is a man,4687
gemma-2-9b-it,gemmascope-res-16k,This is a man,4979
gemma-2-9b-it,gemmascope-res-16k,This is a man,6981
gemma-2-9b-it,gemmascope-res-16k,This is a man,7771
gemma-2-9b-it,gemmascope-res-16k,This is a man,826
gemma-2-9b-it,gemmascope-res-16k,This is a man,991
gemma-2-9b-it,gemmascope-res-16k,This is a midwife,10164
gemma-2-9b-it,gemmascope-res-16k,This is a midwife,11734
gemma-2-9b-it,gemmascope-res-16k,This is a midwife,12567
gemma-2-9b-it,gemmascope-res-16k,This is a midwife,14430
gemma-2-9b-it,gemmascope-res-16k,This is a midwife,14467
gemma-2-9b-it,gemmascope-res-16k,This is a midwife,14944
gemma-2-9b-it,gemmascope-res-16k,This is a midwife,15407
gemma-2-9b-it,gemmascope-res-16k,This is a midwife,2054
gemma-2-9b-it,gemmascope-res-16k,This is a midwife,3049
gemma-2-9b-it,gemmascope-res-16k,This is a midwife,3378
gemma-2-9b-it,gemmascope-res-16k,This is a midwife,5458
gemma-2-9b-it,gemmascope-res-16k,This is a midwife,675
gemma-2-9b-it,gemmascope-res-16k,This is a midwife,826
gemma-2-9b-it,gemmascope-res-16k,This is a midwife,9075
gemma-2-9b-it,gemmascope-res-16k,This is a midwife,This is a midwife
gemma-2-9b-it,gemmascope-res-16k,This is a midwife,This is a midwife
gemma-2-9b-it,gemmascope-res-16k,This is a midwife,10164
gemma-2-9b-it,gemmascope-res-16k,This is a midwife,11734
gemma-2-9b-it,gemmascope-res-16k,This is a midwife,12567
gemma-2-9b-it,gemmascope-res-16k,This is a midwife,14430
gemma-2-9b-it,gemmascope-res-16k,This is a midwife,14467
gemma-2-9b-it,gemmascope-res-16k,This is a midwife,14944
gemma-2-9b-it,gemmascope-res-16k,This is a midwife,15407
gemma-2-9b-it,gemmascope-res-16k,This is a midwife,2054
gemma-2-9b-it,gemmascope-res-16k,This is a midwife,3049
gemma-2-9b-it,gemmascope-res-16k,This is a midwife,3378
gemma-2-9b-it,gemmascope-res-16k,This is a midwife,5458
gemma-2-9b-it,gemmascope-res-16k,This is a midwife,675
gemma-2-9b-it,gemmascope-res-16k,This is a midwife,826
gemma-2-9b-it,gemmascope-res-16k,This is a midwife,9075
gemma-2-9b-it,gemmascope-res-16k,This is a mosque,11965
gemma-2-9b-it,gemmascope-res-16k,This is a mosque,12951
gemma-2-9b-it,gemmascope-res-16k,This is a mosque,13789
gemma-2-9b-it,gemmascope-res-16k,This is a mosque,14153
gemma-2-9b-it,gemmascope-res-16k,This is a mosque,15186
gemma-2-9b-it,gemmascope-res-16k,This is a mosque,15275
gemma-2-9b-it,gemmascope-res-16k,This is a mosque,16325
gemma-2-9b-it,gemmascope-res-16k,This is a mosque,1870
gemma-2-9b-it,gemmascope-res-16k,This is a mosque,2315
gemma-2-9b-it,gemmascope-res-16k,This is a mosque,3618
gemma-2-9b-it,gemmascope-res-16k,This is a mosque,39
gemma-2-9b-it,gemmascope-res-16k,This is a mosque,443
gemma-2-9b-it,gemmascope-res-16k,This is a mosque,4568
gemma-2-9b-it,gemmascope-res-16k,This is a mosque,5959
gemma-2-9b-it,gemmascope-res-16k,This is a mosque,9442
gemma-2-9b-it,gemmascope-res-16k,This is a mosque,This is a mosque
gemma-2-9b-it,gemmascope-res-16k,This is a mosque,This is a mosque
gemma-2-9b-it,gemmascope-res-16k,This is a mosque,11965
gemma-2-9b-it,gemmascope-res-16k,This is a mosque,12951
gemma-2-9b-it,gemmascope-res-16k,This is a mosque,13789
gemma-2-9b-it,gemmascope-res-16k,This is a mosque,14153
gemma-2-9b-it,gemmascope-res-16k,This is a mosque,15186
gemma-2-9b-it,gemmascope-res-16k,This is a mosque,15275
gemma-2-9b-it,gemmascope-res-16k,This is a mosque,16325
gemma-2-9b-it,gemmascope-res-16k,This is a mosque,1870
gemma-2-9b-it,gemmascope-res-16k,This is a mosque,2315
gemma-2-9b-it,gemmascope-res-16k,This is a mosque,3618
gemma-2-9b-it,gemmascope-res-16k,This is a mosque,39
gemma-2-9b-it,gemmascope-res-16k,This is a mosque,443
gemma-2-9b-it,gemmascope-res-16k,This is a mosque,4568
gemma-2-9b-it,gemmascope-res-16k,This is a mosque,5959
gemma-2-9b-it,gemmascope-res-16k,This is a mosque,9442
gemma-2-9b-it,gemmascope-res-16k,This is a muslim,11495
gemma-2-9b-it,gemmascope-res-16k,This is a muslim,11965
gemma-2-9b-it,gemmascope-res-16k,This is a muslim,120
gemma-2-9b-it,gemmascope-res-16k,This is a muslim,12951
gemma-2-9b-it,gemmascope-res-16k,This is a muslim,13020
gemma-2-9b-it,gemmascope-res-16k,This is a muslim,13196
gemma-2-9b-it,gemmascope-res-16k,This is a muslim,13789
gemma-2-9b-it,gemmascope-res-16k,This is a muslim,14153
gemma-2-9b-it,gemmascope-res-16k,This is a muslim,14412
gemma-2-9b-it,gemmascope-res-16k,This is a muslim,14467
gemma-2-9b-it,gemmascope-res-16k,This is a muslim,15081
gemma-2-9b-it,gemmascope-res-16k,This is a muslim,15186
gemma-2-9b-it,gemmascope-res-16k,This is a muslim,1870
gemma-2-9b-it,gemmascope-res-16k,This is a muslim,329
gemma-2-9b-it,gemmascope-res-16k,This is a muslim,9161
gemma-2-9b-it,gemmascope-res-16k,This is a muslim,This is a muslim
gemma-2-9b-it,gemmascope-res-16k,This is a muslim,This is a muslim
gemma-2-9b-it,gemmascope-res-16k,This is a muslim,11495
gemma-2-9b-it,gemmascope-res-16k,This is a muslim,11965
gemma-2-9b-it,gemmascope-res-16k,This is a muslim,120
gemma-2-9b-it,gemmascope-res-16k,This is a muslim,12951
gemma-2-9b-it,gemmascope-res-16k,This is a muslim,13020
gemma-2-9b-it,gemmascope-res-16k,This is a muslim,13196
gemma-2-9b-it,gemmascope-res-16k,This is a muslim,13789
gemma-2-9b-it,gemmascope-res-16k,This is a muslim,14153
gemma-2-9b-it,gemmascope-res-16k,This is a muslim,14412
gemma-2-9b-it,gemmascope-res-16k,This is a muslim,14467
gemma-2-9b-it,gemmascope-res-16k,This is a muslim,15081
gemma-2-9b-it,gemmascope-res-16k,This is a muslim,15186
gemma-2-9b-it,gemmascope-res-16k,This is a muslim,1870
gemma-2-9b-it,gemmascope-res-16k,This is a muslim,329
gemma-2-9b-it,gemmascope-res-16k,This is a muslim,9161
gemma-2-9b-it,gemmascope-res-16k,This is a nurse,10487
gemma-2-9b-it,gemmascope-res-16k,This is a nurse,11097
gemma-2-9b-it,gemmascope-res-16k,This is a nurse,12564
gemma-2-9b-it,gemmascope-res-16k,This is a nurse,13526
gemma-2-9b-it,gemmascope-res-16k,This is a nurse,14430
gemma-2-9b-it,gemmascope-res-16k,This is a nurse,14467
gemma-2-9b-it,gemmascope-res-16k,This is a nurse,15407
gemma-2-9b-it,gemmascope-res-16k,This is a nurse,2054
gemma-2-9b-it,gemmascope-res-16k,This is a nurse,4097
gemma-2-9b-it,gemmascope-res-16k,This is a nurse,4643
gemma-2-9b-it,gemmascope-res-16k,This is a nurse,5458
gemma-2-9b-it,gemmascope-res-16k,This is a nurse,826
gemma-2-9b-it,gemmascope-res-16k,This is a nurse,8632
gemma-2-9b-it,gemmascope-res-16k,This is a nurse,9010
gemma-2-9b-it,gemmascope-res-16k,This is a nurse,This is a nurse
gemma-2-9b-it,gemmascope-res-16k,This is a nurse,This is a nurse
gemma-2-9b-it,gemmascope-res-16k,This is a nurse,10487
gemma-2-9b-it,gemmascope-res-16k,This is a nurse,11097
gemma-2-9b-it,gemmascope-res-16k,This is a nurse,12564
gemma-2-9b-it,gemmascope-res-16k,This is a nurse,13526
gemma-2-9b-it,gemmascope-res-16k,This is a nurse,14430
gemma-2-9b-it,gemmascope-res-16k,This is a nurse,14467
gemma-2-9b-it,gemmascope-res-16k,This is a nurse,15407
gemma-2-9b-it,gemmascope-res-16k,This is a nurse,2054
gemma-2-9b-it,gemmascope-res-16k,This is a nurse,4097
gemma-2-9b-it,gemmascope-res-16k,This is a nurse,4643
gemma-2-9b-it,gemmascope-res-16k,This is a nurse,5458
gemma-2-9b-it,gemmascope-res-16k,This is a nurse,826
gemma-2-9b-it,gemmascope-res-16k,This is a nurse,8632
gemma-2-9b-it,gemmascope-res-16k,This is a nurse,9010
gemma-2-9b-it,gemmascope-res-16k,This is a pope,10226
gemma-2-9b-it,gemmascope-res-16k,This is a pope,10300
gemma-2-9b-it,gemmascope-res-16k,This is a pope,1126
gemma-2-9b-it,gemmascope-res-16k,This is a pope,11808
gemma-2-9b-it,gemmascope-res-16k,This is a pope,11850
gemma-2-9b-it,gemmascope-res-16k,This is a pope,13718
gemma-2-9b-it,gemmascope-res-16k,This is a pope,15931
gemma-2-9b-it,gemmascope-res-16k,This is a pope,2647
gemma-2-9b-it,gemmascope-res-16k,This is a pope,4827
gemma-2-9b-it,gemmascope-res-16k,This is a pope,5318
gemma-2-9b-it,gemmascope-res-16k,This is a pope,6468
gemma-2-9b-it,gemmascope-res-16k,This is a pope,8823
gemma-2-9b-it,gemmascope-res-16k,This is a pope,897
gemma-2-9b-it,gemmascope-res-16k,This is a pope,This is a pope
gemma-2-9b-it,gemmascope-res-16k,This is a pope,This is a pope
gemma-2-9b-it,gemmascope-res-16k,This is a pope,10226
gemma-2-9b-it,gemmascope-res-16k,This is a pope,10300
gemma-2-9b-it,gemmascope-res-16k,This is a pope,1126
gemma-2-9b-it,gemmascope-res-16k,This is a pope,11808
gemma-2-9b-it,gemmascope-res-16k,This is a pope,11850
gemma-2-9b-it,gemmascope-res-16k,This is a pope,13718
gemma-2-9b-it,gemmascope-res-16k,This is a pope,15931
gemma-2-9b-it,gemmascope-res-16k,This is a pope,2647
gemma-2-9b-it,gemmascope-res-16k,This is a pope,4827
gemma-2-9b-it,gemmascope-res-16k,This is a pope,5318
gemma-2-9b-it,gemmascope-res-16k,This is a pope,6468
gemma-2-9b-it,gemmascope-res-16k,This is a pope,8823
gemma-2-9b-it,gemmascope-res-16k,This is a pope,897
gemma-2-9b-it,gemmascope-res-16k,This is a professor,10907
gemma-2-9b-it,gemmascope-res-16k,This is a professor,11489
gemma-2-9b-it,gemmascope-res-16k,This is a professor,12058
gemma-2-9b-it,gemmascope-res-16k,This is a professor,13342
gemma-2-9b-it,gemmascope-res-16k,This is a professor,14430
gemma-2-9b-it,gemmascope-res-16k,This is a professor,14467
gemma-2-9b-it,gemmascope-res-16k,This is a professor,4085
gemma-2-9b-it,gemmascope-res-16k,This is a professor,4146
gemma-2-9b-it,gemmascope-res-16k,This is a professor,6156
gemma-2-9b-it,gemmascope-res-16k,This is a professor,6704
gemma-2-9b-it,gemmascope-res-16k,This is a professor,826
gemma-2-9b-it,gemmascope-res-16k,This is a professor,8561
gemma-2-9b-it,gemmascope-res-16k,This is a professor,9833
gemma-2-9b-it,gemmascope-res-16k,This is a professor,This is a professor
gemma-2-9b-it,gemmascope-res-16k,This is a professor,This is a professor
gemma-2-9b-it,gemmascope-res-16k,This is a professor,10907
gemma-2-9b-it,gemmascope-res-16k,This is a professor,11489
gemma-2-9b-it,gemmascope-res-16k,This is a professor,12058
gemma-2-9b-it,gemmascope-res-16k,This is a professor,13342
gemma-2-9b-it,gemmascope-res-16k,This is a professor,14430
gemma-2-9b-it,gemmascope-res-16k,This is a professor,14467
gemma-2-9b-it,gemmascope-res-16k,This is a professor,4085
gemma-2-9b-it,gemmascope-res-16k,This is a professor,4146
gemma-2-9b-it,gemmascope-res-16k,This is a professor,6156
gemma-2-9b-it,gemmascope-res-16k,This is a professor,6704
gemma-2-9b-it,gemmascope-res-16k,This is a professor,826
gemma-2-9b-it,gemmascope-res-16k,This is a professor,8561
gemma-2-9b-it,gemmascope-res-16k,This is a professor,9833
gemma-2-9b-it,gemmascope-res-16k,This is a programmer,12094
gemma-2-9b-it,gemmascope-res-16k,This is a programmer,13069
gemma-2-9b-it,gemmascope-res-16k,This is a programmer,14316
gemma-2-9b-it,gemmascope-res-16k,This is a programmer,14467
gemma-2-9b-it,gemmascope-res-16k,This is a programmer,14673
gemma-2-9b-it,gemmascope-res-16k,This is a programmer,15232
gemma-2-9b-it,gemmascope-res-16k,This is a programmer,15976
gemma-2-9b-it,gemmascope-res-16k,This is a programmer,2054
gemma-2-9b-it,gemmascope-res-16k,This is a programmer,4550
gemma-2-9b-it,gemmascope-res-16k,This is a programmer,5594
gemma-2-9b-it,gemmascope-res-16k,This is a programmer,661
gemma-2-9b-it,gemmascope-res-16k,This is a programmer,7185
gemma-2-9b-it,gemmascope-res-16k,This is a programmer,8243
gemma-2-9b-it,gemmascope-res-16k,This is a programmer,826
gemma-2-9b-it,gemmascope-res-16k,This is a programmer,8850
gemma-2-9b-it,gemmascope-res-16k,This is a programmer,This is a programmer
gemma-2-9b-it,gemmascope-res-16k,This is a programmer,This is a programmer
gemma-2-9b-it,gemmascope-res-16k,This is a programmer,12094
gemma-2-9b-it,gemmascope-res-16k,This is a programmer,13069
gemma-2-9b-it,gemmascope-res-16k,This is a programmer,14316
gemma-2-9b-it,gemmascope-res-16k,This is a programmer,14467
gemma-2-9b-it,gemmascope-res-16k,This is a programmer,14673
gemma-2-9b-it,gemmascope-res-16k,This is a programmer,15232
gemma-2-9b-it,gemmascope-res-16k,This is a programmer,15976
gemma-2-9b-it,gemmascope-res-16k,This is a programmer,2054
gemma-2-9b-it,gemmascope-res-16k,This is a programmer,4550
gemma-2-9b-it,gemmascope-res-16k,This is a programmer,5594
gemma-2-9b-it,gemmascope-res-16k,This is a programmer,661
gemma-2-9b-it,gemmascope-res-16k,This is a programmer,7185
gemma-2-9b-it,gemmascope-res-16k,This is a programmer,8243
gemma-2-9b-it,gemmascope-res-16k,This is a programmer,826
gemma-2-9b-it,gemmascope-res-16k,This is a programmer,8850
gemma-2-9b-it,gemmascope-res-16k,This is a queen,1025
gemma-2-9b-it,gemmascope-res-16k,This is a queen,11097
gemma-2-9b-it,gemmascope-res-16k,This is a queen,11304
gemma-2-9b-it,gemmascope-res-16k,This is a queen,12299
gemma-2-9b-it,gemmascope-res-16k,This is a queen,13734
gemma-2-9b-it,gemmascope-res-16k,This is a queen,1374
gemma-2-9b-it,gemmascope-res-16k,This is a queen,14361
gemma-2-9b-it,gemmascope-res-16k,This is a queen,1696
gemma-2-9b-it,gemmascope-res-16k,This is a queen,3709
gemma-2-9b-it,gemmascope-res-16k,This is a queen,6274
gemma-2-9b-it,gemmascope-res-16k,This is a queen,7787
gemma-2-9b-it,gemmascope-res-16k,This is a queen,8365
gemma-2-9b-it,gemmascope-res-16k,This is a queen,8425
gemma-2-9b-it,gemmascope-res-16k,This is a queen,9986
gemma-2-9b-it,gemmascope-res-16k,This is a queen,This is a queen
gemma-2-9b-it,gemmascope-res-16k,This is a queen,This is a queen
gemma-2-9b-it,gemmascope-res-16k,This is a queen,1025
gemma-2-9b-it,gemmascope-res-16k,This is a queen,11097
gemma-2-9b-it,gemmascope-res-16k,This is a queen,11304
gemma-2-9b-it,gemmascope-res-16k,This is a queen,12299
gemma-2-9b-it,gemmascope-res-16k,This is a queen,13734
gemma-2-9b-it,gemmascope-res-16k,This is a queen,1374
gemma-2-9b-it,gemmascope-res-16k,This is a queen,14361
gemma-2-9b-it,gemmascope-res-16k,This is a queen,1696
gemma-2-9b-it,gemmascope-res-16k,This is a queen,3709
gemma-2-9b-it,gemmascope-res-16k,This is a queen,6274
gemma-2-9b-it,gemmascope-res-16k,This is a queen,7787
gemma-2-9b-it,gemmascope-res-16k,This is a queen,8365
gemma-2-9b-it,gemmascope-res-16k,This is a queen,8425
gemma-2-9b-it,gemmascope-res-16k,This is a queen,9986
gemma-2-9b-it,gemmascope-res-16k,This is a quran,10718
gemma-2-9b-it,gemmascope-res-16k,This is a quran,11304
gemma-2-9b-it,gemmascope-res-16k,This is a quran,11771
gemma-2-9b-it,gemmascope-res-16k,This is a quran,11965
gemma-2-9b-it,gemmascope-res-16k,This is a quran,12608
gemma-2-9b-it,gemmascope-res-16k,This is a quran,12951
gemma-2-9b-it,gemmascope-res-16k,This is a quran,13196
gemma-2-9b-it,gemmascope-res-16k,This is a quran,14153
gemma-2-9b-it,gemmascope-res-16k,This is a quran,15186
gemma-2-9b-it,gemmascope-res-16k,This is a quran,15931
gemma-2-9b-it,gemmascope-res-16k,This is a quran,1778
gemma-2-9b-it,gemmascope-res-16k,This is a quran,1870
gemma-2-9b-it,gemmascope-res-16k,This is a quran,2550
gemma-2-9b-it,gemmascope-res-16k,This is a quran,2596
gemma-2-9b-it,gemmascope-res-16k,This is a quran,5321
gemma-2-9b-it,gemmascope-res-16k,This is a quran,7787
gemma-2-9b-it,gemmascope-res-16k,This is a quran,This is a quran
gemma-2-9b-it,gemmascope-res-16k,This is a quran,This is a quran
gemma-2-9b-it,gemmascope-res-16k,This is a quran,10718
gemma-2-9b-it,gemmascope-res-16k,This is a quran,11304
gemma-2-9b-it,gemmascope-res-16k,This is a quran,11771
gemma-2-9b-it,gemmascope-res-16k,This is a quran,11965
gemma-2-9b-it,gemmascope-res-16k,This is a quran,12608
gemma-2-9b-it,gemmascope-res-16k,This is a quran,12951
gemma-2-9b-it,gemmascope-res-16k,This is a quran,13196
gemma-2-9b-it,gemmascope-res-16k,This is a quran,14153
gemma-2-9b-it,gemmascope-res-16k,This is a quran,15186
gemma-2-9b-it,gemmascope-res-16k,This is a quran,15931
gemma-2-9b-it,gemmascope-res-16k,This is a quran,1778
gemma-2-9b-it,gemmascope-res-16k,This is a quran,1870
gemma-2-9b-it,gemmascope-res-16k,This is a quran,2550
gemma-2-9b-it,gemmascope-res-16k,This is a quran,2596
gemma-2-9b-it,gemmascope-res-16k,This is a quran,5321
gemma-2-9b-it,gemmascope-res-16k,This is a quran,7787
gemma-2-9b-it,gemmascope-res-16k,This is a receptionist,10408
gemma-2-9b-it,gemmascope-res-16k,This is a receptionist,1057
gemma-2-9b-it,gemmascope-res-16k,This is a receptionist,11612
gemma-2-9b-it,gemmascope-res-16k,This is a receptionist,13088
gemma-2-9b-it,gemmascope-res-16k,This is a receptionist,13293
gemma-2-9b-it,gemmascope-res-16k,This is a receptionist,14179
gemma-2-9b-it,gemmascope-res-16k,This is a receptionist,14467
gemma-2-9b-it,gemmascope-res-16k,This is a receptionist,15285
gemma-2-9b-it,gemmascope-res-16k,This is a receptionist,15550
gemma-2-9b-it,gemmascope-res-16k,This is a receptionist,15759
gemma-2-9b-it,gemmascope-res-16k,This is a receptionist,2644
gemma-2-9b-it,gemmascope-res-16k,This is a receptionist,3997
gemma-2-9b-it,gemmascope-res-16k,This is a receptionist,8056
gemma-2-9b-it,gemmascope-res-16k,This is a receptionist,This is a receptionist
gemma-2-9b-it,gemmascope-res-16k,This is a receptionist,This is a receptionist
gemma-2-9b-it,gemmascope-res-16k,This is a receptionist,10408
gemma-2-9b-it,gemmascope-res-16k,This is a receptionist,1057
gemma-2-9b-it,gemmascope-res-16k,This is a receptionist,11612
gemma-2-9b-it,gemmascope-res-16k,This is a receptionist,13088
gemma-2-9b-it,gemmascope-res-16k,This is a receptionist,13293
gemma-2-9b-it,gemmascope-res-16k,This is a receptionist,14179
gemma-2-9b-it,gemmascope-res-16k,This is a receptionist,14467
gemma-2-9b-it,gemmascope-res-16k,This is a receptionist,15285
gemma-2-9b-it,gemmascope-res-16k,This is a receptionist,15550
gemma-2-9b-it,gemmascope-res-16k,This is a receptionist,15759
gemma-2-9b-it,gemmascope-res-16k,This is a receptionist,2644
gemma-2-9b-it,gemmascope-res-16k,This is a receptionist,3997
gemma-2-9b-it,gemmascope-res-16k,This is a receptionist,8056
gemma-2-9b-it,gemmascope-res-16k,This is a sacrament,12284
gemma-2-9b-it,gemmascope-res-16k,This is a sacrament,13577
gemma-2-9b-it,gemmascope-res-16k,This is a sacrament,14021
gemma-2-9b-it,gemmascope-res-16k,This is a sacrament,146
gemma-2-9b-it,gemmascope-res-16k,This is a sacrament,15931
gemma-2-9b-it,gemmascope-res-16k,This is a sacrament,3071
gemma-2-9b-it,gemmascope-res-16k,This is a sacrament,3872
gemma-2-9b-it,gemmascope-res-16k,This is a sacrament,4022
gemma-2-9b-it,gemmascope-res-16k,This is a sacrament,6115
gemma-2-9b-it,gemmascope-res-16k,This is a sacrament,6454
gemma-2-9b-it,gemmascope-res-16k,This is a sacrament,690
gemma-2-9b-it,gemmascope-res-16k,This is a sacrament,825
gemma-2-9b-it,gemmascope-res-16k,This is a sacrament,9932
gemma-2-9b-it,gemmascope-res-16k,This is a sacrament,This is a sacrament
gemma-2-9b-it,gemmascope-res-16k,This is a sacrament,This is a sacrament
gemma-2-9b-it,gemmascope-res-16k,This is a sacrament,12284
gemma-2-9b-it,gemmascope-res-16k,This is a sacrament,13577
gemma-2-9b-it,gemmascope-res-16k,This is a sacrament,14021
gemma-2-9b-it,gemmascope-res-16k,This is a sacrament,146
gemma-2-9b-it,gemmascope-res-16k,This is a sacrament,15931
gemma-2-9b-it,gemmascope-res-16k,This is a sacrament,3071
gemma-2-9b-it,gemmascope-res-16k,This is a sacrament,3872
gemma-2-9b-it,gemmascope-res-16k,This is a sacrament,4022
gemma-2-9b-it,gemmascope-res-16k,This is a sacrament,6115
gemma-2-9b-it,gemmascope-res-16k,This is a sacrament,6454
gemma-2-9b-it,gemmascope-res-16k,This is a sacrament,690
gemma-2-9b-it,gemmascope-res-16k,This is a sacrament,825
gemma-2-9b-it,gemmascope-res-16k,This is a sacrament,9932
gemma-2-9b-it,gemmascope-res-16k,This is a son,10391
gemma-2-9b-it,gemmascope-res-16k,This is a son,11433
gemma-2-9b-it,gemmascope-res-16k,This is a son,11551
gemma-2-9b-it,gemmascope-res-16k,This is a son,1437
gemma-2-9b-it,gemmascope-res-16k,This is a son,4074
gemma-2-9b-it,gemmascope-res-16k,This is a son,4134
gemma-2-9b-it,gemmascope-res-16k,This is a son,5043
gemma-2-9b-it,gemmascope-res-16k,This is a son,5446
gemma-2-9b-it,gemmascope-res-16k,This is a son,7430
gemma-2-9b-it,gemmascope-res-16k,This is a son,8408
gemma-2-9b-it,gemmascope-res-16k,This is a son,8566
gemma-2-9b-it,gemmascope-res-16k,This is a son,8895
gemma-2-9b-it,gemmascope-res-16k,This is a son,9990
gemma-2-9b-it,gemmascope-res-16k,This is a son,This is a son
gemma-2-9b-it,gemmascope-res-16k,This is a son,This is a son
gemma-2-9b-it,gemmascope-res-16k,This is a son,10391
gemma-2-9b-it,gemmascope-res-16k,This is a son,11433
gemma-2-9b-it,gemmascope-res-16k,This is a son,11551
gemma-2-9b-it,gemmascope-res-16k,This is a son,1437
gemma-2-9b-it,gemmascope-res-16k,This is a son,4074
gemma-2-9b-it,gemmascope-res-16k,This is a son,4134
gemma-2-9b-it,gemmascope-res-16k,This is a son,5043
gemma-2-9b-it,gemmascope-res-16k,This is a son,5446
gemma-2-9b-it,gemmascope-res-16k,This is a son,7430
gemma-2-9b-it,gemmascope-res-16k,This is a son,8408
gemma-2-9b-it,gemmascope-res-16k,This is a son,8566
gemma-2-9b-it,gemmascope-res-16k,This is a son,8895
gemma-2-9b-it,gemmascope-res-16k,This is a son,9990
gemma-2-9b-it,gemmascope-res-16k,This is a synagogue,1007
gemma-2-9b-it,gemmascope-res-16k,This is a synagogue,1048
gemma-2-9b-it,gemmascope-res-16k,This is a synagogue,11053
gemma-2-9b-it,gemmascope-res-16k,This is a synagogue,13808
gemma-2-9b-it,gemmascope-res-16k,This is a synagogue,15701
gemma-2-9b-it,gemmascope-res-16k,This is a synagogue,2039
gemma-2-9b-it,gemmascope-res-16k,This is a synagogue,2315
gemma-2-9b-it,gemmascope-res-16k,This is a synagogue,3618
gemma-2-9b-it,gemmascope-res-16k,This is a synagogue,375
gemma-2-9b-it,gemmascope-res-16k,This is a synagogue,443
gemma-2-9b-it,gemmascope-res-16k,This is a synagogue,5959
gemma-2-9b-it,gemmascope-res-16k,This is a synagogue,713
gemma-2-9b-it,gemmascope-res-16k,This is a synagogue,7277
gemma-2-9b-it,gemmascope-res-16k,This is a synagogue,This is a synagogue
gemma-2-9b-it,gemmascope-res-16k,This is a synagogue,This is a synagogue
gemma-2-9b-it,gemmascope-res-16k,This is a synagogue,1007
gemma-2-9b-it,gemmascope-res-16k,This is a synagogue,1048
gemma-2-9b-it,gemmascope-res-16k,This is a synagogue,11053
gemma-2-9b-it,gemmascope-res-16k,This is a synagogue,13808
gemma-2-9b-it,gemmascope-res-16k,This is a synagogue,15701
gemma-2-9b-it,gemmascope-res-16k,This is a synagogue,2039
gemma-2-9b-it,gemmascope-res-16k,This is a synagogue,2315
gemma-2-9b-it,gemmascope-res-16k,This is a synagogue,3618
gemma-2-9b-it,gemmascope-res-16k,This is a synagogue,375
gemma-2-9b-it,gemmascope-res-16k,This is a synagogue,443
gemma-2-9b-it,gemmascope-res-16k,This is a synagogue,5959
gemma-2-9b-it,gemmascope-res-16k,This is a synagogue,713
gemma-2-9b-it,gemmascope-res-16k,This is a synagogue,7277
gemma-2-9b-it,gemmascope-res-16k,This is a talmud,12423
gemma-2-9b-it,gemmascope-res-16k,This is a talmud,1248
gemma-2-9b-it,gemmascope-res-16k,This is a talmud,3866
gemma-2-9b-it,gemmascope-res-16k,This is a talmud,5043
gemma-2-9b-it,gemmascope-res-16k,This is a talmud,6657
gemma-2-9b-it,gemmascope-res-16k,This is a talmud,7457
gemma-2-9b-it,gemmascope-res-16k,This is a talmud,8141
gemma-2-9b-it,gemmascope-res-16k,This is a talmud,9119
gemma-2-9b-it,gemmascope-res-16k,This is a talmud,9681
gemma-2-9b-it,gemmascope-res-16k,This is a talmud,9962
gemma-2-9b-it,gemmascope-res-16k,This is a talmud,This is a talmud
gemma-2-9b-it,gemmascope-res-16k,This is a talmud,This is a talmud
gemma-2-9b-it,gemmascope-res-16k,This is a talmud,12423
gemma-2-9b-it,gemmascope-res-16k,This is a talmud,1248
gemma-2-9b-it,gemmascope-res-16k,This is a talmud,3866
gemma-2-9b-it,gemmascope-res-16k,This is a talmud,5043
gemma-2-9b-it,gemmascope-res-16k,This is a talmud,6657
gemma-2-9b-it,gemmascope-res-16k,This is a talmud,7457
gemma-2-9b-it,gemmascope-res-16k,This is a talmud,8141
gemma-2-9b-it,gemmascope-res-16k,This is a talmud,9119
gemma-2-9b-it,gemmascope-res-16k,This is a talmud,9681
gemma-2-9b-it,gemmascope-res-16k,This is a talmud,9962
gemma-2-9b-it,gemmascope-res-16k,This is a temple,10438
gemma-2-9b-it,gemmascope-res-16k,This is a temple,12046
gemma-2-9b-it,gemmascope-res-16k,This is a temple,1433
gemma-2-9b-it,gemmascope-res-16k,This is a temple,14523
gemma-2-9b-it,gemmascope-res-16k,This is a temple,15617
gemma-2-9b-it,gemmascope-res-16k,This is a temple,15931
gemma-2-9b-it,gemmascope-res-16k,This is a temple,15935
gemma-2-9b-it,gemmascope-res-16k,This is a temple,2899
gemma-2-9b-it,gemmascope-res-16k,This is a temple,3071
gemma-2-9b-it,gemmascope-res-16k,This is a temple,443
gemma-2-9b-it,gemmascope-res-16k,This is a temple,6446
gemma-2-9b-it,gemmascope-res-16k,This is a temple,6898
gemma-2-9b-it,gemmascope-res-16k,This is a temple,8088
gemma-2-9b-it,gemmascope-res-16k,This is a temple,8610
gemma-2-9b-it,gemmascope-res-16k,This is a temple,This is a temple
gemma-2-9b-it,gemmascope-res-16k,This is a temple,This is a temple
gemma-2-9b-it,gemmascope-res-16k,This is a temple,10438
gemma-2-9b-it,gemmascope-res-16k,This is a temple,12046
gemma-2-9b-it,gemmascope-res-16k,This is a temple,1433
gemma-2-9b-it,gemmascope-res-16k,This is a temple,14523
gemma-2-9b-it,gemmascope-res-16k,This is a temple,15617
gemma-2-9b-it,gemmascope-res-16k,This is a temple,15931
gemma-2-9b-it,gemmascope-res-16k,This is a temple,15935
gemma-2-9b-it,gemmascope-res-16k,This is a temple,2899
gemma-2-9b-it,gemmascope-res-16k,This is a temple,3071
gemma-2-9b-it,gemmascope-res-16k,This is a temple,443
gemma-2-9b-it,gemmascope-res-16k,This is a temple,6446
gemma-2-9b-it,gemmascope-res-16k,This is a temple,6898
gemma-2-9b-it,gemmascope-res-16k,This is a temple,8088
gemma-2-9b-it,gemmascope-res-16k,This is a temple,8610
gemma-2-9b-it,gemmascope-res-16k,This is a terrorist,10968
gemma-2-9b-it,gemmascope-res-16k,This is a terrorist,11439
gemma-2-9b-it,gemmascope-res-16k,This is a terrorist,11896
gemma-2-9b-it,gemmascope-res-16k,This is a terrorist,12195
gemma-2-9b-it,gemmascope-res-16k,This is a terrorist,12685
gemma-2-9b-it,gemmascope-res-16k,This is a terrorist,14879
gemma-2-9b-it,gemmascope-res-16k,This is a terrorist,15201
gemma-2-9b-it,gemmascope-res-16k,This is a terrorist,15584
gemma-2-9b-it,gemmascope-res-16k,This is a terrorist,15594
gemma-2-9b-it,gemmascope-res-16k,This is a terrorist,277
gemma-2-9b-it,gemmascope-res-16k,This is a terrorist,5440
gemma-2-9b-it,gemmascope-res-16k,This is a terrorist,6372
gemma-2-9b-it,gemmascope-res-16k,This is a terrorist,7252
gemma-2-9b-it,gemmascope-res-16k,This is a terrorist,7771
gemma-2-9b-it,gemmascope-res-16k,This is a terrorist,8059
gemma-2-9b-it,gemmascope-res-16k,This is a terrorist,8108
gemma-2-9b-it,gemmascope-res-16k,This is a terrorist,This is a terrorist
gemma-2-9b-it,gemmascope-res-16k,This is a terrorist,This is a terrorist
gemma-2-9b-it,gemmascope-res-16k,This is a terrorist,10968
gemma-2-9b-it,gemmascope-res-16k,This is a terrorist,11439
gemma-2-9b-it,gemmascope-res-16k,This is a terrorist,11896
gemma-2-9b-it,gemmascope-res-16k,This is a terrorist,12195
gemma-2-9b-it,gemmascope-res-16k,This is a terrorist,12685
gemma-2-9b-it,gemmascope-res-16k,This is a terrorist,14879
gemma-2-9b-it,gemmascope-res-16k,This is a terrorist,15201
gemma-2-9b-it,gemmascope-res-16k,This is a terrorist,15584
gemma-2-9b-it,gemmascope-res-16k,This is a terrorist,15594
gemma-2-9b-it,gemmascope-res-16k,This is a terrorist,277
gemma-2-9b-it,gemmascope-res-16k,This is a terrorist,5440
gemma-2-9b-it,gemmascope-res-16k,This is a terrorist,6372
gemma-2-9b-it,gemmascope-res-16k,This is a terrorist,7252
gemma-2-9b-it,gemmascope-res-16k,This is a terrorist,7771
gemma-2-9b-it,gemmascope-res-16k,This is a terrorist,8059
gemma-2-9b-it,gemmascope-res-16k,This is a terrorist,8108
gemma-2-9b-it,gemmascope-res-16k,This is a torah,1248
gemma-2-9b-it,gemmascope-res-16k,This is a torah,5043
gemma-2-9b-it,gemmascope-res-16k,This is a torah,5071
gemma-2-9b-it,gemmascope-res-16k,This is a torah,6092
gemma-2-9b-it,gemmascope-res-16k,This is a torah,6338
gemma-2-9b-it,gemmascope-res-16k,This is a torah,6649
gemma-2-9b-it,gemmascope-res-16k,This is a torah,8339
gemma-2-9b-it,gemmascope-res-16k,This is a torah,8408
gemma-2-9b-it,gemmascope-res-16k,This is a torah,This is a torah
gemma-2-9b-it,gemmascope-res-16k,This is a torah,This is a torah
gemma-2-9b-it,gemmascope-res-16k,This is a torah,1248
gemma-2-9b-it,gemmascope-res-16k,This is a torah,5043
gemma-2-9b-it,gemmascope-res-16k,This is a torah,5071
gemma-2-9b-it,gemmascope-res-16k,This is a torah,6092
gemma-2-9b-it,gemmascope-res-16k,This is a torah,6338
gemma-2-9b-it,gemmascope-res-16k,This is a torah,6649
gemma-2-9b-it,gemmascope-res-16k,This is a torah,8339
gemma-2-9b-it,gemmascope-res-16k,This is a torah,8408
gemma-2-9b-it,gemmascope-res-16k,This is a victim,10145
gemma-2-9b-it,gemmascope-res-16k,This is a victim,11442
gemma-2-9b-it,gemmascope-res-16k,This is a victim,12342
gemma-2-9b-it,gemmascope-res-16k,This is a victim,1298
gemma-2-9b-it,gemmascope-res-16k,This is a victim,13822
gemma-2-9b-it,gemmascope-res-16k,This is a victim,14467
gemma-2-9b-it,gemmascope-res-16k,This is a victim,2138
gemma-2-9b-it,gemmascope-res-16k,This is a victim,3269
gemma-2-9b-it,gemmascope-res-16k,This is a victim,3375
gemma-2-9b-it,gemmascope-res-16k,This is a victim,5368
gemma-2-9b-it,gemmascope-res-16k,This is a victim,6057
gemma-2-9b-it,gemmascope-res-16k,This is a victim,7771
gemma-2-9b-it,gemmascope-res-16k,This is a victim,8262
gemma-2-9b-it,gemmascope-res-16k,This is a victim,9394
gemma-2-9b-it,gemmascope-res-16k,This is a victim,This is a victim
gemma-2-9b-it,gemmascope-res-16k,This is a victim,This is a victim
gemma-2-9b-it,gemmascope-res-16k,This is a victim,10145
gemma-2-9b-it,gemmascope-res-16k,This is a victim,11442
gemma-2-9b-it,gemmascope-res-16k,This is a victim,12342
gemma-2-9b-it,gemmascope-res-16k,This is a victim,1298
gemma-2-9b-it,gemmascope-res-16k,This is a victim,13822
gemma-2-9b-it,gemmascope-res-16k,This is a victim,14467
gemma-2-9b-it,gemmascope-res-16k,This is a victim,2138
gemma-2-9b-it,gemmascope-res-16k,This is a victim,3269
gemma-2-9b-it,gemmascope-res-16k,This is a victim,3375
gemma-2-9b-it,gemmascope-res-16k,This is a victim,5368
gemma-2-9b-it,gemmascope-res-16k,This is a victim,6057
gemma-2-9b-it,gemmascope-res-16k,This is a victim,7771
gemma-2-9b-it,gemmascope-res-16k,This is a victim,8262
gemma-2-9b-it,gemmascope-res-16k,This is a victim,9394
gemma-2-9b-it,gemmascope-res-16k,This is a wife,11097
gemma-2-9b-it,gemmascope-res-16k,This is a wife,11772
gemma-2-9b-it,gemmascope-res-16k,This is a wife,12094
gemma-2-9b-it,gemmascope-res-16k,This is a wife,14467
gemma-2-9b-it,gemmascope-res-16k,This is a wife,1741
gemma-2-9b-it,gemmascope-res-16k,This is a wife,5810
gemma-2-9b-it,gemmascope-res-16k,This is a wife,7626
gemma-2-9b-it,gemmascope-res-16k,This is a wife,8174
gemma-2-9b-it,gemmascope-res-16k,This is a wife,826
gemma-2-9b-it,gemmascope-res-16k,This is a wife,9217
gemma-2-9b-it,gemmascope-res-16k,This is a wife,This is a wife
gemma-2-9b-it,gemmascope-res-16k,This is a wife,This is a wife
gemma-2-9b-it,gemmascope-res-16k,This is a wife,11097
gemma-2-9b-it,gemmascope-res-16k,This is a wife,11772
gemma-2-9b-it,gemmascope-res-16k,This is a wife,12094
gemma-2-9b-it,gemmascope-res-16k,This is a wife,14467
gemma-2-9b-it,gemmascope-res-16k,This is a wife,1741
gemma-2-9b-it,gemmascope-res-16k,This is a wife,5810
gemma-2-9b-it,gemmascope-res-16k,This is a wife,7626
gemma-2-9b-it,gemmascope-res-16k,This is a wife,8174
gemma-2-9b-it,gemmascope-res-16k,This is a wife,826
gemma-2-9b-it,gemmascope-res-16k,This is a wife,9217
gemma-2-9b-it,gemmascope-res-16k,This is a woman,10476
gemma-2-9b-it,gemmascope-res-16k,This is a woman,11097
gemma-2-9b-it,gemmascope-res-16k,This is a woman,1183
gemma-2-9b-it,gemmascope-res-16k,This is a woman,13221
gemma-2-9b-it,gemmascope-res-16k,This is a woman,1374
gemma-2-9b-it,gemmascope-res-16k,This is a woman,14222
gemma-2-9b-it,gemmascope-res-16k,This is a woman,14467
gemma-2-9b-it,gemmascope-res-16k,This is a woman,15013
gemma-2-9b-it,gemmascope-res-16k,This is a woman,1934
gemma-2-9b-it,gemmascope-res-16k,This is a woman,4687
gemma-2-9b-it,gemmascope-res-16k,This is a woman,826
gemma-2-9b-it,gemmascope-res-16k,This is a woman,991
gemma-2-9b-it,gemmascope-res-16k,This is a woman,This is a woman
gemma-2-9b-it,gemmascope-res-16k,This is a woman,This is a woman
gemma-2-9b-it,gemmascope-res-16k,This is a woman,10476
gemma-2-9b-it,gemmascope-res-16k,This is a woman,11097
gemma-2-9b-it,gemmascope-res-16k,This is a woman,1183
gemma-2-9b-it,gemmascope-res-16k,This is a woman,13221
gemma-2-9b-it,gemmascope-res-16k,This is a woman,1374
gemma-2-9b-it,gemmascope-res-16k,This is a woman,14222
gemma-2-9b-it,gemmascope-res-16k,This is a woman,14467
gemma-2-9b-it,gemmascope-res-16k,This is a woman,15013
gemma-2-9b-it,gemmascope-res-16k,This is a woman,1934
gemma-2-9b-it,gemmascope-res-16k,This is a woman,4687
gemma-2-9b-it,gemmascope-res-16k,This is a woman,826
gemma-2-9b-it,gemmascope-res-16k,This is a woman,991
gemma-2-9b-it,gemmascope-res-16k,This is allah,10019
gemma-2-9b-it,gemmascope-res-16k,This is allah,10718
gemma-2-9b-it,gemmascope-res-16k,This is allah,12608
gemma-2-9b-it,gemmascope-res-16k,This is allah,12951
gemma-2-9b-it,gemmascope-res-16k,This is allah,13196
gemma-2-9b-it,gemmascope-res-16k,This is allah,13909
gemma-2-9b-it,gemmascope-res-16k,This is allah,14153
gemma-2-9b-it,gemmascope-res-16k,This is allah,14185
gemma-2-9b-it,gemmascope-res-16k,This is allah,15793
gemma-2-9b-it,gemmascope-res-16k,This is allah,1731
gemma-2-9b-it,gemmascope-res-16k,This is allah,1761
gemma-2-9b-it,gemmascope-res-16k,This is allah,2408
gemma-2-9b-it,gemmascope-res-16k,This is allah,2726
gemma-2-9b-it,gemmascope-res-16k,This is allah,4598
gemma-2-9b-it,gemmascope-res-16k,This is allah,5853
gemma-2-9b-it,gemmascope-res-16k,This is allah,6686
gemma-2-9b-it,gemmascope-res-16k,This is allah,This is allah
gemma-2-9b-it,gemmascope-res-16k,This is allah,This is allah
gemma-2-9b-it,gemmascope-res-16k,This is allah,10019
gemma-2-9b-it,gemmascope-res-16k,This is allah,10718
gemma-2-9b-it,gemmascope-res-16k,This is allah,12608
gemma-2-9b-it,gemmascope-res-16k,This is allah,12951
gemma-2-9b-it,gemmascope-res-16k,This is allah,13196
gemma-2-9b-it,gemmascope-res-16k,This is allah,13909
gemma-2-9b-it,gemmascope-res-16k,This is allah,14153
gemma-2-9b-it,gemmascope-res-16k,This is allah,14185
gemma-2-9b-it,gemmascope-res-16k,This is allah,15793
gemma-2-9b-it,gemmascope-res-16k,This is allah,1731
gemma-2-9b-it,gemmascope-res-16k,This is allah,1761
gemma-2-9b-it,gemmascope-res-16k,This is allah,2408
gemma-2-9b-it,gemmascope-res-16k,This is allah,2726
gemma-2-9b-it,gemmascope-res-16k,This is allah,4598
gemma-2-9b-it,gemmascope-res-16k,This is allah,5853
gemma-2-9b-it,gemmascope-res-16k,This is allah,6686
gemma-2-9b-it,gemmascope-res-16k,This is an assistant,105
gemma-2-9b-it,gemmascope-res-16k,This is an assistant,12065
gemma-2-9b-it,gemmascope-res-16k,This is an assistant,14215
gemma-2-9b-it,gemmascope-res-16k,This is an assistant,14660
gemma-2-9b-it,gemmascope-res-16k,This is an assistant,268
gemma-2-9b-it,gemmascope-res-16k,This is an assistant,2913
gemma-2-9b-it,gemmascope-res-16k,This is an assistant,4146
gemma-2-9b-it,gemmascope-res-16k,This is an assistant,485
gemma-2-9b-it,gemmascope-res-16k,This is an assistant,776
gemma-2-9b-it,gemmascope-res-16k,This is an assistant,797
gemma-2-9b-it,gemmascope-res-16k,This is an assistant,9598
gemma-2-9b-it,gemmascope-res-16k,This is an assistant,9606
gemma-2-9b-it,gemmascope-res-16k,This is an assistant,9875
gemma-2-9b-it,gemmascope-res-16k,This is an assistant,This is an assistant
gemma-2-9b-it,gemmascope-res-16k,This is an assistant,This is an assistant
gemma-2-9b-it,gemmascope-res-16k,This is an assistant,105
gemma-2-9b-it,gemmascope-res-16k,This is an assistant,12065
gemma-2-9b-it,gemmascope-res-16k,This is an assistant,14215
gemma-2-9b-it,gemmascope-res-16k,This is an assistant,14660
gemma-2-9b-it,gemmascope-res-16k,This is an assistant,268
gemma-2-9b-it,gemmascope-res-16k,This is an assistant,2913
gemma-2-9b-it,gemmascope-res-16k,This is an assistant,4146
gemma-2-9b-it,gemmascope-res-16k,This is an assistant,485
gemma-2-9b-it,gemmascope-res-16k,This is an assistant,776
gemma-2-9b-it,gemmascope-res-16k,This is an assistant,797
gemma-2-9b-it,gemmascope-res-16k,This is an assistant,9598
gemma-2-9b-it,gemmascope-res-16k,This is an assistant,9606
gemma-2-9b-it,gemmascope-res-16k,This is an assistant,9875
gemma-2-9b-it,gemmascope-res-16k,This is an attack,10060
gemma-2-9b-it,gemmascope-res-16k,This is an attack,10145
gemma-2-9b-it,gemmascope-res-16k,This is an attack,11442
gemma-2-9b-it,gemmascope-res-16k,This is an attack,1298
gemma-2-9b-it,gemmascope-res-16k,This is an attack,13822
gemma-2-9b-it,gemmascope-res-16k,This is an attack,2138
gemma-2-9b-it,gemmascope-res-16k,This is an attack,3269
gemma-2-9b-it,gemmascope-res-16k,This is an attack,4237
gemma-2-9b-it,gemmascope-res-16k,This is an attack,5368
gemma-2-9b-it,gemmascope-res-16k,This is an attack,5904
gemma-2-9b-it,gemmascope-res-16k,This is an attack,6057
gemma-2-9b-it,gemmascope-res-16k,This is an attack,6078
gemma-2-9b-it,gemmascope-res-16k,This is an attack,6665
gemma-2-9b-it,gemmascope-res-16k,This is an attack,7771
gemma-2-9b-it,gemmascope-res-16k,This is an attack,8262
gemma-2-9b-it,gemmascope-res-16k,This is an attack,This is an attack
gemma-2-9b-it,gemmascope-res-16k,This is an attack,This is an attack
gemma-2-9b-it,gemmascope-res-16k,This is an attack,10060
gemma-2-9b-it,gemmascope-res-16k,This is an attack,10145
gemma-2-9b-it,gemmascope-res-16k,This is an attack,11442
gemma-2-9b-it,gemmascope-res-16k,This is an attack,1298
gemma-2-9b-it,gemmascope-res-16k,This is an attack,13822
gemma-2-9b-it,gemmascope-res-16k,This is an attack,2138
gemma-2-9b-it,gemmascope-res-16k,This is an attack,3269
gemma-2-9b-it,gemmascope-res-16k,This is an attack,4237
gemma-2-9b-it,gemmascope-res-16k,This is an attack,5368
gemma-2-9b-it,gemmascope-res-16k,This is an attack,5904
gemma-2-9b-it,gemmascope-res-16k,This is an attack,6057
gemma-2-9b-it,gemmascope-res-16k,This is an attack,6078
gemma-2-9b-it,gemmascope-res-16k,This is an attack,6665
gemma-2-9b-it,gemmascope-res-16k,This is an attack,7771
gemma-2-9b-it,gemmascope-res-16k,This is an attack,8262
gemma-2-9b-it,gemmascope-res-16k,This is an engineer,10287
gemma-2-9b-it,gemmascope-res-16k,This is an engineer,12094
gemma-2-9b-it,gemmascope-res-16k,This is an engineer,12722
gemma-2-9b-it,gemmascope-res-16k,This is an engineer,14297
gemma-2-9b-it,gemmascope-res-16k,This is an engineer,14349
gemma-2-9b-it,gemmascope-res-16k,This is an engineer,14430
gemma-2-9b-it,gemmascope-res-16k,This is an engineer,14467
gemma-2-9b-it,gemmascope-res-16k,This is an engineer,1837
gemma-2-9b-it,gemmascope-res-16k,This is an engineer,2054
gemma-2-9b-it,gemmascope-res-16k,This is an engineer,5594
gemma-2-9b-it,gemmascope-res-16k,This is an engineer,6617
gemma-2-9b-it,gemmascope-res-16k,This is an engineer,826
gemma-2-9b-it,gemmascope-res-16k,This is an engineer,8837
gemma-2-9b-it,gemmascope-res-16k,This is an engineer,This is an engineer
gemma-2-9b-it,gemmascope-res-16k,This is an engineer,This is an engineer
gemma-2-9b-it,gemmascope-res-16k,This is an engineer,10287
gemma-2-9b-it,gemmascope-res-16k,This is an engineer,12094
gemma-2-9b-it,gemmascope-res-16k,This is an engineer,12722
gemma-2-9b-it,gemmascope-res-16k,This is an engineer,14297
gemma-2-9b-it,gemmascope-res-16k,This is an engineer,14349
gemma-2-9b-it,gemmascope-res-16k,This is an engineer,14430
gemma-2-9b-it,gemmascope-res-16k,This is an engineer,14467
gemma-2-9b-it,gemmascope-res-16k,This is an engineer,1837
gemma-2-9b-it,gemmascope-res-16k,This is an engineer,2054
gemma-2-9b-it,gemmascope-res-16k,This is an engineer,5594
gemma-2-9b-it,gemmascope-res-16k,This is an engineer,6617
gemma-2-9b-it,gemmascope-res-16k,This is an engineer,826
gemma-2-9b-it,gemmascope-res-16k,This is an engineer,8837
gemma-2-9b-it,gemmascope-res-16k,This is christianity,11053
gemma-2-9b-it,gemmascope-res-16k,This is christianity,11255
gemma-2-9b-it,gemmascope-res-16k,This is christianity,120
gemma-2-9b-it,gemmascope-res-16k,This is christianity,12876
gemma-2-9b-it,gemmascope-res-16k,This is christianity,13020
gemma-2-9b-it,gemmascope-res-16k,This is christianity,13196
gemma-2-9b-it,gemmascope-res-16k,This is christianity,14162
gemma-2-9b-it,gemmascope-res-16k,This is christianity,14412
gemma-2-9b-it,gemmascope-res-16k,This is christianity,16239
gemma-2-9b-it,gemmascope-res-16k,This is christianity,3496
gemma-2-9b-it,gemmascope-res-16k,This is christianity,5091
gemma-2-9b-it,gemmascope-res-16k,This is christianity,8453
gemma-2-9b-it,gemmascope-res-16k,This is christianity,8823
gemma-2-9b-it,gemmascope-res-16k,This is christianity,This is christianity
gemma-2-9b-it,gemmascope-res-16k,This is christianity,This is christianity
gemma-2-9b-it,gemmascope-res-16k,This is christianity,11053
gemma-2-9b-it,gemmascope-res-16k,This is christianity,11255
gemma-2-9b-it,gemmascope-res-16k,This is christianity,120
gemma-2-9b-it,gemmascope-res-16k,This is christianity,12876
gemma-2-9b-it,gemmascope-res-16k,This is christianity,13020
gemma-2-9b-it,gemmascope-res-16k,This is christianity,13196
gemma-2-9b-it,gemmascope-res-16k,This is christianity,14162
gemma-2-9b-it,gemmascope-res-16k,This is christianity,14412
gemma-2-9b-it,gemmascope-res-16k,This is christianity,16239
gemma-2-9b-it,gemmascope-res-16k,This is christianity,3496
gemma-2-9b-it,gemmascope-res-16k,This is christianity,5091
gemma-2-9b-it,gemmascope-res-16k,This is christianity,8453
gemma-2-9b-it,gemmascope-res-16k,This is christianity,8823
gemma-2-9b-it,gemmascope-res-16k,This is cocaine,10712
gemma-2-9b-it,gemmascope-res-16k,This is cocaine,14184
gemma-2-9b-it,gemmascope-res-16k,This is cocaine,14417
gemma-2-9b-it,gemmascope-res-16k,This is cocaine,14512
gemma-2-9b-it,gemmascope-res-16k,This is cocaine,14803
gemma-2-9b-it,gemmascope-res-16k,This is cocaine,1562
gemma-2-9b-it,gemmascope-res-16k,This is cocaine,16248
gemma-2-9b-it,gemmascope-res-16k,This is cocaine,2094
gemma-2-9b-it,gemmascope-res-16k,This is cocaine,3537
gemma-2-9b-it,gemmascope-res-16k,This is cocaine,6909
gemma-2-9b-it,gemmascope-res-16k,This is cocaine,777
gemma-2-9b-it,gemmascope-res-16k,This is cocaine,8868
gemma-2-9b-it,gemmascope-res-16k,This is cocaine,This is cocaine
gemma-2-9b-it,gemmascope-res-16k,This is cocaine,This is cocaine
gemma-2-9b-it,gemmascope-res-16k,This is cocaine,10712
gemma-2-9b-it,gemmascope-res-16k,This is cocaine,14184
gemma-2-9b-it,gemmascope-res-16k,This is cocaine,14417
gemma-2-9b-it,gemmascope-res-16k,This is cocaine,14512
gemma-2-9b-it,gemmascope-res-16k,This is cocaine,14803
gemma-2-9b-it,gemmascope-res-16k,This is cocaine,1562
gemma-2-9b-it,gemmascope-res-16k,This is cocaine,16248
gemma-2-9b-it,gemmascope-res-16k,This is cocaine,2094
gemma-2-9b-it,gemmascope-res-16k,This is cocaine,3537
gemma-2-9b-it,gemmascope-res-16k,This is cocaine,6909
gemma-2-9b-it,gemmascope-res-16k,This is cocaine,777
gemma-2-9b-it,gemmascope-res-16k,This is cocaine,8868
gemma-2-9b-it,gemmascope-res-16k,this is female,11097
gemma-2-9b-it,gemmascope-res-16k,this is female,11335
gemma-2-9b-it,gemmascope-res-16k,this is female,11344
gemma-2-9b-it,gemmascope-res-16k,this is female,1183
gemma-2-9b-it,gemmascope-res-16k,this is female,14467
gemma-2-9b-it,gemmascope-res-16k,this is female,16085
gemma-2-9b-it,gemmascope-res-16k,this is female,1934
gemma-2-9b-it,gemmascope-res-16k,this is female,2647
gemma-2-9b-it,gemmascope-res-16k,this is female,3884
gemma-2-9b-it,gemmascope-res-16k,this is female,4077
gemma-2-9b-it,gemmascope-res-16k,this is female,4897
gemma-2-9b-it,gemmascope-res-16k,this is female,this is female
gemma-2-9b-it,gemmascope-res-16k,this is female,this is female
gemma-2-9b-it,gemmascope-res-16k,this is female,11097
gemma-2-9b-it,gemmascope-res-16k,this is female,11335
gemma-2-9b-it,gemmascope-res-16k,this is female,11344
gemma-2-9b-it,gemmascope-res-16k,this is female,1183
gemma-2-9b-it,gemmascope-res-16k,this is female,14467
gemma-2-9b-it,gemmascope-res-16k,this is female,16085
gemma-2-9b-it,gemmascope-res-16k,this is female,1934
gemma-2-9b-it,gemmascope-res-16k,this is female,2647
gemma-2-9b-it,gemmascope-res-16k,this is female,3884
gemma-2-9b-it,gemmascope-res-16k,this is female,4077
gemma-2-9b-it,gemmascope-res-16k,this is female,4897
gemma-2-9b-it,gemmascope-res-16k,This is halal,11965
gemma-2-9b-it,gemmascope-res-16k,This is halal,12951
gemma-2-9b-it,gemmascope-res-16k,This is halal,1374
gemma-2-9b-it,gemmascope-res-16k,This is halal,14153
gemma-2-9b-it,gemmascope-res-16k,This is halal,14358
gemma-2-9b-it,gemmascope-res-16k,This is halal,15281
gemma-2-9b-it,gemmascope-res-16k,This is halal,15931
gemma-2-9b-it,gemmascope-res-16k,This is halal,1870
gemma-2-9b-it,gemmascope-res-16k,This is halal,3041
gemma-2-9b-it,gemmascope-res-16k,This is halal,496
gemma-2-9b-it,gemmascope-res-16k,This is halal,5566
gemma-2-9b-it,gemmascope-res-16k,This is halal,5672
gemma-2-9b-it,gemmascope-res-16k,This is halal,6310
gemma-2-9b-it,gemmascope-res-16k,This is halal,6635
gemma-2-9b-it,gemmascope-res-16k,This is halal,7473
gemma-2-9b-it,gemmascope-res-16k,This is halal,This is halal
gemma-2-9b-it,gemmascope-res-16k,This is halal,This is halal
gemma-2-9b-it,gemmascope-res-16k,This is halal,11965
gemma-2-9b-it,gemmascope-res-16k,This is halal,12951
gemma-2-9b-it,gemmascope-res-16k,This is halal,1374
gemma-2-9b-it,gemmascope-res-16k,This is halal,14153
gemma-2-9b-it,gemmascope-res-16k,This is halal,14358
gemma-2-9b-it,gemmascope-res-16k,This is halal,15281
gemma-2-9b-it,gemmascope-res-16k,This is halal,15931
gemma-2-9b-it,gemmascope-res-16k,This is halal,1870
gemma-2-9b-it,gemmascope-res-16k,This is halal,3041
gemma-2-9b-it,gemmascope-res-16k,This is halal,496
gemma-2-9b-it,gemmascope-res-16k,This is halal,5566
gemma-2-9b-it,gemmascope-res-16k,This is halal,5672
gemma-2-9b-it,gemmascope-res-16k,This is halal,6310
gemma-2-9b-it,gemmascope-res-16k,This is halal,6635
gemma-2-9b-it,gemmascope-res-16k,This is halal,7473
gemma-2-9b-it,gemmascope-res-16k,This is he,1084
gemma-2-9b-it,gemmascope-res-16k,This is he,12241
gemma-2-9b-it,gemmascope-res-16k,This is he,12460
gemma-2-9b-it,gemmascope-res-16k,This is he,12976
gemma-2-9b-it,gemmascope-res-16k,This is he,14634
gemma-2-9b-it,gemmascope-res-16k,This is he,15566
gemma-2-9b-it,gemmascope-res-16k,This is he,430
gemma-2-9b-it,gemmascope-res-16k,This is he,5043
gemma-2-9b-it,gemmascope-res-16k,This is he,8619
gemma-2-9b-it,gemmascope-res-16k,This is he,8816
gemma-2-9b-it,gemmascope-res-16k,This is he,9287
gemma-2-9b-it,gemmascope-res-16k,This is he,This is he
gemma-2-9b-it,gemmascope-res-16k,This is he,This is he
gemma-2-9b-it,gemmascope-res-16k,This is he,1084
gemma-2-9b-it,gemmascope-res-16k,This is he,12241
gemma-2-9b-it,gemmascope-res-16k,This is he,12460
gemma-2-9b-it,gemmascope-res-16k,This is he,12976
gemma-2-9b-it,gemmascope-res-16k,This is he,14634
gemma-2-9b-it,gemmascope-res-16k,This is he,15566
gemma-2-9b-it,gemmascope-res-16k,This is he,430
gemma-2-9b-it,gemmascope-res-16k,This is he,5043
gemma-2-9b-it,gemmascope-res-16k,This is he,8619
gemma-2-9b-it,gemmascope-res-16k,This is he,8816
gemma-2-9b-it,gemmascope-res-16k,This is he,9287
gemma-2-9b-it,gemmascope-res-16k,This is islam,10718
gemma-2-9b-it,gemmascope-res-16k,This is islam,11965
gemma-2-9b-it,gemmascope-res-16k,This is islam,120
gemma-2-9b-it,gemmascope-res-16k,This is islam,12951
gemma-2-9b-it,gemmascope-res-16k,This is islam,13020
gemma-2-9b-it,gemmascope-res-16k,This is islam,14153
gemma-2-9b-it,gemmascope-res-16k,This is islam,14185
gemma-2-9b-it,gemmascope-res-16k,This is islam,14412
gemma-2-9b-it,gemmascope-res-16k,This is islam,15186
gemma-2-9b-it,gemmascope-res-16k,This is islam,15286
gemma-2-9b-it,gemmascope-res-16k,This is islam,15931
gemma-2-9b-it,gemmascope-res-16k,This is islam,1870
gemma-2-9b-it,gemmascope-res-16k,This is islam,6107
gemma-2-9b-it,gemmascope-res-16k,This is islam,6454
gemma-2-9b-it,gemmascope-res-16k,This is islam,8379
gemma-2-9b-it,gemmascope-res-16k,This is islam,This is islam
gemma-2-9b-it,gemmascope-res-16k,This is islam,This is islam
gemma-2-9b-it,gemmascope-res-16k,This is islam,10718
gemma-2-9b-it,gemmascope-res-16k,This is islam,11965
gemma-2-9b-it,gemmascope-res-16k,This is islam,120
gemma-2-9b-it,gemmascope-res-16k,This is islam,12951
gemma-2-9b-it,gemmascope-res-16k,This is islam,13020
gemma-2-9b-it,gemmascope-res-16k,This is islam,14153
gemma-2-9b-it,gemmascope-res-16k,This is islam,14185
gemma-2-9b-it,gemmascope-res-16k,This is islam,14412
gemma-2-9b-it,gemmascope-res-16k,This is islam,15186
gemma-2-9b-it,gemmascope-res-16k,This is islam,15286
gemma-2-9b-it,gemmascope-res-16k,This is islam,15931
gemma-2-9b-it,gemmascope-res-16k,This is islam,1870
gemma-2-9b-it,gemmascope-res-16k,This is islam,6107
gemma-2-9b-it,gemmascope-res-16k,This is islam,6454
gemma-2-9b-it,gemmascope-res-16k,This is islam,8379
gemma-2-9b-it,gemmascope-res-16k,This is jesus,1033
gemma-2-9b-it,gemmascope-res-16k,This is jesus,11053
gemma-2-9b-it,gemmascope-res-16k,This is jesus,11391
gemma-2-9b-it,gemmascope-res-16k,This is jesus,1297
gemma-2-9b-it,gemmascope-res-16k,This is jesus,13196
gemma-2-9b-it,gemmascope-res-16k,This is jesus,13339
gemma-2-9b-it,gemmascope-res-16k,This is jesus,13976
gemma-2-9b-it,gemmascope-res-16k,This is jesus,14228
gemma-2-9b-it,gemmascope-res-16k,This is jesus,15793
gemma-2-9b-it,gemmascope-res-16k,This is jesus,16161
gemma-2-9b-it,gemmascope-res-16k,This is jesus,2408
gemma-2-9b-it,gemmascope-res-16k,This is jesus,3916
gemma-2-9b-it,gemmascope-res-16k,This is jesus,6217
gemma-2-9b-it,gemmascope-res-16k,This is jesus,6686
gemma-2-9b-it,gemmascope-res-16k,This is jesus,7053
gemma-2-9b-it,gemmascope-res-16k,This is jesus,7338
gemma-2-9b-it,gemmascope-res-16k,This is jesus,This is jesus
gemma-2-9b-it,gemmascope-res-16k,This is jesus,This is jesus
gemma-2-9b-it,gemmascope-res-16k,This is jesus,1033
gemma-2-9b-it,gemmascope-res-16k,This is jesus,11053
gemma-2-9b-it,gemmascope-res-16k,This is jesus,11391
gemma-2-9b-it,gemmascope-res-16k,This is jesus,1297
gemma-2-9b-it,gemmascope-res-16k,This is jesus,13196
gemma-2-9b-it,gemmascope-res-16k,This is jesus,13339
gemma-2-9b-it,gemmascope-res-16k,This is jesus,13976
gemma-2-9b-it,gemmascope-res-16k,This is jesus,14228
gemma-2-9b-it,gemmascope-res-16k,This is jesus,15793
gemma-2-9b-it,gemmascope-res-16k,This is jesus,16161
gemma-2-9b-it,gemmascope-res-16k,This is jesus,2408
gemma-2-9b-it,gemmascope-res-16k,This is jesus,3916
gemma-2-9b-it,gemmascope-res-16k,This is jesus,6217
gemma-2-9b-it,gemmascope-res-16k,This is jesus,6686
gemma-2-9b-it,gemmascope-res-16k,This is jesus,7053
gemma-2-9b-it,gemmascope-res-16k,This is jesus,7338
gemma-2-9b-it,gemmascope-res-16k,This is judaism,11749
gemma-2-9b-it,gemmascope-res-16k,This is judaism,13808
gemma-2-9b-it,gemmascope-res-16k,This is judaism,14228
gemma-2-9b-it,gemmascope-res-16k,This is judaism,14412
gemma-2-9b-it,gemmascope-res-16k,This is judaism,15254
gemma-2-9b-it,gemmascope-res-16k,This is judaism,1557
gemma-2-9b-it,gemmascope-res-16k,This is judaism,375
gemma-2-9b-it,gemmascope-res-16k,This is judaism,622
gemma-2-9b-it,gemmascope-res-16k,This is judaism,6607
gemma-2-9b-it,gemmascope-res-16k,This is judaism,7322
gemma-2-9b-it,gemmascope-res-16k,This is judaism,8946
gemma-2-9b-it,gemmascope-res-16k,This is judaism,This is judaism
gemma-2-9b-it,gemmascope-res-16k,This is judaism,This is judaism
gemma-2-9b-it,gemmascope-res-16k,This is judaism,11749
gemma-2-9b-it,gemmascope-res-16k,This is judaism,13808
gemma-2-9b-it,gemmascope-res-16k,This is judaism,14228
gemma-2-9b-it,gemmascope-res-16k,This is judaism,14412
gemma-2-9b-it,gemmascope-res-16k,This is judaism,15254
gemma-2-9b-it,gemmascope-res-16k,This is judaism,1557
gemma-2-9b-it,gemmascope-res-16k,This is judaism,375
gemma-2-9b-it,gemmascope-res-16k,This is judaism,622
gemma-2-9b-it,gemmascope-res-16k,This is judaism,6607
gemma-2-9b-it,gemmascope-res-16k,This is judaism,7322
gemma-2-9b-it,gemmascope-res-16k,This is judaism,8946
gemma-2-9b-it,gemmascope-res-16k,This is kosher,11289
gemma-2-9b-it,gemmascope-res-16k,This is kosher,12423
gemma-2-9b-it,gemmascope-res-16k,This is kosher,13808
gemma-2-9b-it,gemmascope-res-16k,This is kosher,15575
gemma-2-9b-it,gemmascope-res-16k,This is kosher,16248
gemma-2-9b-it,gemmascope-res-16k,This is kosher,2039
gemma-2-9b-it,gemmascope-res-16k,This is kosher,2616
gemma-2-9b-it,gemmascope-res-16k,This is kosher,3041
gemma-2-9b-it,gemmascope-res-16k,This is kosher,3213
gemma-2-9b-it,gemmascope-res-16k,This is kosher,375
gemma-2-9b-it,gemmascope-res-16k,This is kosher,4794
gemma-2-9b-it,gemmascope-res-16k,This is kosher,5341
gemma-2-9b-it,gemmascope-res-16k,This is kosher,6310
gemma-2-9b-it,gemmascope-res-16k,This is kosher,7473
gemma-2-9b-it,gemmascope-res-16k,This is kosher,9442
gemma-2-9b-it,gemmascope-res-16k,This is kosher,This is kosher
gemma-2-9b-it,gemmascope-res-16k,This is kosher,This is kosher
gemma-2-9b-it,gemmascope-res-16k,This is kosher,11289
gemma-2-9b-it,gemmascope-res-16k,This is kosher,12423
gemma-2-9b-it,gemmascope-res-16k,This is kosher,13808
gemma-2-9b-it,gemmascope-res-16k,This is kosher,15575
gemma-2-9b-it,gemmascope-res-16k,This is kosher,16248
gemma-2-9b-it,gemmascope-res-16k,This is kosher,2039
gemma-2-9b-it,gemmascope-res-16k,This is kosher,2616
gemma-2-9b-it,gemmascope-res-16k,This is kosher,3041
gemma-2-9b-it,gemmascope-res-16k,This is kosher,3213
gemma-2-9b-it,gemmascope-res-16k,This is kosher,375
gemma-2-9b-it,gemmascope-res-16k,This is kosher,4794
gemma-2-9b-it,gemmascope-res-16k,This is kosher,5341
gemma-2-9b-it,gemmascope-res-16k,This is kosher,6310
gemma-2-9b-it,gemmascope-res-16k,This is kosher,7473
gemma-2-9b-it,gemmascope-res-16k,This is kosher,9442
gemma-2-9b-it,gemmascope-res-16k,This is mecca,10380
gemma-2-9b-it,gemmascope-res-16k,This is mecca,12233
gemma-2-9b-it,gemmascope-res-16k,This is mecca,12241
gemma-2-9b-it,gemmascope-res-16k,This is mecca,12904
gemma-2-9b-it,gemmascope-res-16k,This is mecca,12976
gemma-2-9b-it,gemmascope-res-16k,This is mecca,14821
gemma-2-9b-it,gemmascope-res-16k,This is mecca,15438
gemma-2-9b-it,gemmascope-res-16k,This is mecca,2060
gemma-2-9b-it,gemmascope-res-16k,This is mecca,3920
gemma-2-9b-it,gemmascope-res-16k,This is mecca,4062
gemma-2-9b-it,gemmascope-res-16k,This is mecca,4213
gemma-2-9b-it,gemmascope-res-16k,This is mecca,5180
gemma-2-9b-it,gemmascope-res-16k,This is mecca,6722
gemma-2-9b-it,gemmascope-res-16k,This is mecca,9177
gemma-2-9b-it,gemmascope-res-16k,This is mecca,991
gemma-2-9b-it,gemmascope-res-16k,This is mecca,This is mecca
gemma-2-9b-it,gemmascope-res-16k,This is mecca,This is mecca
gemma-2-9b-it,gemmascope-res-16k,This is mecca,10380
gemma-2-9b-it,gemmascope-res-16k,This is mecca,12233
gemma-2-9b-it,gemmascope-res-16k,This is mecca,12241
gemma-2-9b-it,gemmascope-res-16k,This is mecca,12904
gemma-2-9b-it,gemmascope-res-16k,This is mecca,12976
gemma-2-9b-it,gemmascope-res-16k,This is mecca,14821
gemma-2-9b-it,gemmascope-res-16k,This is mecca,15438
gemma-2-9b-it,gemmascope-res-16k,This is mecca,2060
gemma-2-9b-it,gemmascope-res-16k,This is mecca,3920
gemma-2-9b-it,gemmascope-res-16k,This is mecca,4062
gemma-2-9b-it,gemmascope-res-16k,This is mecca,4213
gemma-2-9b-it,gemmascope-res-16k,This is mecca,5180
gemma-2-9b-it,gemmascope-res-16k,This is mecca,6722
gemma-2-9b-it,gemmascope-res-16k,This is mecca,9177
gemma-2-9b-it,gemmascope-res-16k,This is mecca,991
gemma-2-9b-it,gemmascope-res-16k,This is money,10145
gemma-2-9b-it,gemmascope-res-16k,This is money,10367
gemma-2-9b-it,gemmascope-res-16k,This is money,11084
gemma-2-9b-it,gemmascope-res-16k,This is money,11442
gemma-2-9b-it,gemmascope-res-16k,This is money,1298
gemma-2-9b-it,gemmascope-res-16k,This is money,13822
gemma-2-9b-it,gemmascope-res-16k,This is money,1560
gemma-2-9b-it,gemmascope-res-16k,This is money,2138
gemma-2-9b-it,gemmascope-res-16k,This is money,3132
gemma-2-9b-it,gemmascope-res-16k,This is money,3185
gemma-2-9b-it,gemmascope-res-16k,This is money,3269
gemma-2-9b-it,gemmascope-res-16k,This is money,5368
gemma-2-9b-it,gemmascope-res-16k,This is money,6057
gemma-2-9b-it,gemmascope-res-16k,This is money,8262
gemma-2-9b-it,gemmascope-res-16k,This is money,This is money
gemma-2-9b-it,gemmascope-res-16k,This is money,This is money
gemma-2-9b-it,gemmascope-res-16k,This is money,10145
gemma-2-9b-it,gemmascope-res-16k,This is money,10367
gemma-2-9b-it,gemmascope-res-16k,This is money,11084
gemma-2-9b-it,gemmascope-res-16k,This is money,11442
gemma-2-9b-it,gemmascope-res-16k,This is money,1298
gemma-2-9b-it,gemmascope-res-16k,This is money,13822
gemma-2-9b-it,gemmascope-res-16k,This is money,1560
gemma-2-9b-it,gemmascope-res-16k,This is money,2138
gemma-2-9b-it,gemmascope-res-16k,This is money,3132
gemma-2-9b-it,gemmascope-res-16k,This is money,3185
gemma-2-9b-it,gemmascope-res-16k,This is money,3269
gemma-2-9b-it,gemmascope-res-16k,This is money,5368
gemma-2-9b-it,gemmascope-res-16k,This is money,6057
gemma-2-9b-it,gemmascope-res-16k,This is money,8262
gemma-2-9b-it,gemmascope-res-16k,This is naive,10145
gemma-2-9b-it,gemmascope-res-16k,This is naive,11442
gemma-2-9b-it,gemmascope-res-16k,This is naive,1298
gemma-2-9b-it,gemmascope-res-16k,This is naive,13424
gemma-2-9b-it,gemmascope-res-16k,This is naive,13822
gemma-2-9b-it,gemmascope-res-16k,This is naive,1560
gemma-2-9b-it,gemmascope-res-16k,This is naive,2138
gemma-2-9b-it,gemmascope-res-16k,This is naive,2637
gemma-2-9b-it,gemmascope-res-16k,This is naive,3132
gemma-2-9b-it,gemmascope-res-16k,This is naive,3269
gemma-2-9b-it,gemmascope-res-16k,This is naive,5368
gemma-2-9b-it,gemmascope-res-16k,This is naive,6057
gemma-2-9b-it,gemmascope-res-16k,This is naive,8262
gemma-2-9b-it,gemmascope-res-16k,This is naive,8394
gemma-2-9b-it,gemmascope-res-16k,This is naive,This is naive
gemma-2-9b-it,gemmascope-res-16k,This is naive,This is naive
gemma-2-9b-it,gemmascope-res-16k,This is naive,10145
gemma-2-9b-it,gemmascope-res-16k,This is naive,11442
gemma-2-9b-it,gemmascope-res-16k,This is naive,1298
gemma-2-9b-it,gemmascope-res-16k,This is naive,13424
gemma-2-9b-it,gemmascope-res-16k,This is naive,13822
gemma-2-9b-it,gemmascope-res-16k,This is naive,1560
gemma-2-9b-it,gemmascope-res-16k,This is naive,2138
gemma-2-9b-it,gemmascope-res-16k,This is naive,2637
gemma-2-9b-it,gemmascope-res-16k,This is naive,3132
gemma-2-9b-it,gemmascope-res-16k,This is naive,3269
gemma-2-9b-it,gemmascope-res-16k,This is naive,5368
gemma-2-9b-it,gemmascope-res-16k,This is naive,6057
gemma-2-9b-it,gemmascope-res-16k,This is naive,8262
gemma-2-9b-it,gemmascope-res-16k,This is naive,8394
gemma-2-9b-it,gemmascope-res-16k,This is naiveThis is money,10171
gemma-2-9b-it,gemmascope-res-16k,This is naiveThis is money,10624
gemma-2-9b-it,gemmascope-res-16k,This is naiveThis is money,1087
gemma-2-9b-it,gemmascope-res-16k,This is naiveThis is money,12920
gemma-2-9b-it,gemmascope-res-16k,This is naiveThis is money,13424
gemma-2-9b-it,gemmascope-res-16k,This is naiveThis is money,2310
gemma-2-9b-it,gemmascope-res-16k,This is naiveThis is money,2412
gemma-2-9b-it,gemmascope-res-16k,This is naiveThis is money,2637
gemma-2-9b-it,gemmascope-res-16k,This is naiveThis is money,5067
gemma-2-9b-it,gemmascope-res-16k,This is naiveThis is money,6310
gemma-2-9b-it,gemmascope-res-16k,This is naiveThis is money,6595
gemma-2-9b-it,gemmascope-res-16k,This is naiveThis is money,8924
gemma-2-9b-it,gemmascope-res-16k,This is naiveThis is money,9827
gemma-2-9b-it,gemmascope-res-16k,This is naiveThis is money,This is naiveThis is money
gemma-2-9b-it,gemmascope-res-16k,This is naiveThis is money,This is naiveThis is money
gemma-2-9b-it,gemmascope-res-16k,This is naiveThis is money,10171
gemma-2-9b-it,gemmascope-res-16k,This is naiveThis is money,10624
gemma-2-9b-it,gemmascope-res-16k,This is naiveThis is money,1087
gemma-2-9b-it,gemmascope-res-16k,This is naiveThis is money,12920
gemma-2-9b-it,gemmascope-res-16k,This is naiveThis is money,13424
gemma-2-9b-it,gemmascope-res-16k,This is naiveThis is money,2310
gemma-2-9b-it,gemmascope-res-16k,This is naiveThis is money,2412
gemma-2-9b-it,gemmascope-res-16k,This is naiveThis is money,2637
gemma-2-9b-it,gemmascope-res-16k,This is naiveThis is money,5067
gemma-2-9b-it,gemmascope-res-16k,This is naiveThis is money,6310
gemma-2-9b-it,gemmascope-res-16k,This is naiveThis is money,6595
gemma-2-9b-it,gemmascope-res-16k,This is naiveThis is money,8924
gemma-2-9b-it,gemmascope-res-16k,This is naiveThis is money,9827
gemma-2-9b-it,gemmascope-res-16k,this is nose,12792
gemma-2-9b-it,gemmascope-res-16k,this is nose,15705
gemma-2-9b-it,gemmascope-res-16k,this is nose,2567
gemma-2-9b-it,gemmascope-res-16k,this is nose,6372
gemma-2-9b-it,gemmascope-res-16k,this is nose,6714
gemma-2-9b-it,gemmascope-res-16k,this is nose,7840
gemma-2-9b-it,gemmascope-res-16k,this is nose,852
gemma-2-9b-it,gemmascope-res-16k,this is nose,9393
gemma-2-9b-it,gemmascope-res-16k,this is nose,9442
gemma-2-9b-it,gemmascope-res-16k,this is nose,this is nose
gemma-2-9b-it,gemmascope-res-16k,this is nose,this is nose
gemma-2-9b-it,gemmascope-res-16k,this is nose,12792
gemma-2-9b-it,gemmascope-res-16k,this is nose,15705
gemma-2-9b-it,gemmascope-res-16k,this is nose,2567
gemma-2-9b-it,gemmascope-res-16k,this is nose,6372
gemma-2-9b-it,gemmascope-res-16k,this is nose,6714
gemma-2-9b-it,gemmascope-res-16k,this is nose,7840
gemma-2-9b-it,gemmascope-res-16k,this is nose,852
gemma-2-9b-it,gemmascope-res-16k,this is nose,9393
gemma-2-9b-it,gemmascope-res-16k,this is nose,9442
gemma-2-9b-it,gemmascope-res-16k,This is shabbat,10373
gemma-2-9b-it,gemmascope-res-16k,This is shabbat,12257
gemma-2-9b-it,gemmascope-res-16k,This is shabbat,15043
gemma-2-9b-it,gemmascope-res-16k,This is shabbat,15359
gemma-2-9b-it,gemmascope-res-16k,This is shabbat,2024
gemma-2-9b-it,gemmascope-res-16k,This is shabbat,3667
gemma-2-9b-it,gemmascope-res-16k,This is shabbat,5043
gemma-2-9b-it,gemmascope-res-16k,This is shabbat,6607
gemma-2-9b-it,gemmascope-res-16k,This is shabbat,6722
gemma-2-9b-it,gemmascope-res-16k,This is shabbat,8157
gemma-2-9b-it,gemmascope-res-16k,This is shabbat,9287
gemma-2-9b-it,gemmascope-res-16k,This is shabbat,This is shabbat
gemma-2-9b-it,gemmascope-res-16k,This is shabbat,This is shabbat
gemma-2-9b-it,gemmascope-res-16k,This is shabbat,10373
gemma-2-9b-it,gemmascope-res-16k,This is shabbat,12257
gemma-2-9b-it,gemmascope-res-16k,This is shabbat,15043
gemma-2-9b-it,gemmascope-res-16k,This is shabbat,15359
gemma-2-9b-it,gemmascope-res-16k,This is shabbat,2024
gemma-2-9b-it,gemmascope-res-16k,This is shabbat,3667
gemma-2-9b-it,gemmascope-res-16k,This is shabbat,5043
gemma-2-9b-it,gemmascope-res-16k,This is shabbat,6607
gemma-2-9b-it,gemmascope-res-16k,This is shabbat,6722
gemma-2-9b-it,gemmascope-res-16k,This is shabbat,8157
gemma-2-9b-it,gemmascope-res-16k,This is shabbat,9287
gemma-2-9b-it,gemmascope-res-16k,This is she,12241
gemma-2-9b-it,gemmascope-res-16k,This is she,12460
gemma-2-9b-it,gemmascope-res-16k,This is she,12976
gemma-2-9b-it,gemmascope-res-16k,This is she,13732
gemma-2-9b-it,gemmascope-res-16k,This is she,14113
gemma-2-9b-it,gemmascope-res-16k,This is she,14634
gemma-2-9b-it,gemmascope-res-16k,This is she,15359
gemma-2-9b-it,gemmascope-res-16k,This is she,2457
gemma-2-9b-it,gemmascope-res-16k,This is she,3667
gemma-2-9b-it,gemmascope-res-16k,This is she,430
gemma-2-9b-it,gemmascope-res-16k,This is she,4885
gemma-2-9b-it,gemmascope-res-16k,This is she,5043
gemma-2-9b-it,gemmascope-res-16k,This is she,8816
gemma-2-9b-it,gemmascope-res-16k,This is she,This is she
gemma-2-9b-it,gemmascope-res-16k,This is she,This is she
gemma-2-9b-it,gemmascope-res-16k,This is she,12241
gemma-2-9b-it,gemmascope-res-16k,This is she,12460
gemma-2-9b-it,gemmascope-res-16k,This is she,12976
gemma-2-9b-it,gemmascope-res-16k,This is she,13732
gemma-2-9b-it,gemmascope-res-16k,This is she,14113
gemma-2-9b-it,gemmascope-res-16k,This is she,14634
gemma-2-9b-it,gemmascope-res-16k,This is she,15359
gemma-2-9b-it,gemmascope-res-16k,This is she,2457
gemma-2-9b-it,gemmascope-res-16k,This is she,3667
gemma-2-9b-it,gemmascope-res-16k,This is she,430
gemma-2-9b-it,gemmascope-res-16k,This is she,4885
gemma-2-9b-it,gemmascope-res-16k,This is she,5043
gemma-2-9b-it,gemmascope-res-16k,This is she,8816
gpt2-small,att-kk,Das ist ein Jude,12262
gpt2-small,att-kk,Das ist ein Jude,1232
gpt2-small,att-kk,Das ist ein Jude,1314
gpt2-small,att-kk,Das ist ein Jude,14013
gpt2-small,att-kk,Das ist ein Jude,1496
gpt2-small,att-kk,Das ist ein Jude,19236
gpt2-small,att-kk,Das ist ein Jude,19659
gpt2-small,att-kk,Das ist ein Jude,20826
gpt2-small,att-kk,Das ist ein Jude,30662
gpt2-small,att-kk,Das ist ein Jude,33828
gpt2-small,att-kk,Das ist ein Jude,35355
gpt2-small,att-kk,Das ist ein Jude,4237
gpt2-small,att-kk,Das ist ein Jude,43846
gpt2-small,att-kk,Das ist ein Jude,5681
gpt2-small,att-kk,Das ist ein Jude,6093
gpt2-small,att-kk,Das ist ein Jude,6312
gpt2-small,att-kk,Das ist ein Jude,686
gpt2-small,att-kk,Das ist ein Jude,8520
gpt2-small,att-kk,Das ist ein Jude,9918
gpt2-small,att-kk,Das ist ein Jude,Das ist ein Jude
gpt2-small,att-kk,Das ist ein Jude,Das ist ein Jude
gpt2-small,att-kk,Das ist ein Jude,12262
gpt2-small,att-kk,Das ist ein Jude,1232
gpt2-small,att-kk,Das ist ein Jude,1314
gpt2-small,att-kk,Das ist ein Jude,14013
gpt2-small,att-kk,Das ist ein Jude,1496
gpt2-small,att-kk,Das ist ein Jude,19236
gpt2-small,att-kk,Das ist ein Jude,19659
gpt2-small,att-kk,Das ist ein Jude,20826
gpt2-small,att-kk,Das ist ein Jude,30662
gpt2-small,att-kk,Das ist ein Jude,33828
gpt2-small,att-kk,Das ist ein Jude,35355
gpt2-small,att-kk,Das ist ein Jude,4237
gpt2-small,att-kk,Das ist ein Jude,43846
gpt2-small,att-kk,Das ist ein Jude,5681
gpt2-small,att-kk,Das ist ein Jude,6093
gpt2-small,att-kk,Das ist ein Jude,6312
gpt2-small,att-kk,Das ist ein Jude,686
gpt2-small,att-kk,Das ist ein Jude,8520
gpt2-small,att-kk,Das ist ein Jude,9918
gpt2-small,att-kk,Das ist ein Mann,12262
gpt2-small,att-kk,Das ist ein Mann,1232
gpt2-small,att-kk,Das ist ein Mann,1314
gpt2-small,att-kk,Das ist ein Mann,14013
gpt2-small,att-kk,Das ist ein Mann,1496
gpt2-small,att-kk,Das ist ein Mann,19236
gpt2-small,att-kk,Das ist ein Mann,19659
gpt2-small,att-kk,Das ist ein Mann,20826
gpt2-small,att-kk,Das ist ein Mann,30662
gpt2-small,att-kk,Das ist ein Mann,33828
gpt2-small,att-kk,Das ist ein Mann,35355
gpt2-small,att-kk,Das ist ein Mann,4237
gpt2-small,att-kk,Das ist ein Mann,43846
gpt2-small,att-kk,Das ist ein Mann,44880
gpt2-small,att-kk,Das ist ein Mann,5681
gpt2-small,att-kk,Das ist ein Mann,6093
gpt2-small,att-kk,Das ist ein Mann,686
gpt2-small,att-kk,Das ist ein Mann,8520
gpt2-small,att-kk,Das ist ein Mann,9918
gpt2-small,att-kk,Das ist ein Mann,Das ist ein Mann
gpt2-small,att-kk,Das ist ein Mann,Das ist ein Mann
gpt2-small,att-kk,Das ist ein Mann,12262
gpt2-small,att-kk,Das ist ein Mann,1232
gpt2-small,att-kk,Das ist ein Mann,1314
gpt2-small,att-kk,Das ist ein Mann,14013
gpt2-small,att-kk,Das ist ein Mann,1496
gpt2-small,att-kk,Das ist ein Mann,19236
gpt2-small,att-kk,Das ist ein Mann,19659
gpt2-small,att-kk,Das ist ein Mann,20826
gpt2-small,att-kk,Das ist ein Mann,30662
gpt2-small,att-kk,Das ist ein Mann,33828
gpt2-small,att-kk,Das ist ein Mann,35355
gpt2-small,att-kk,Das ist ein Mann,4237
gpt2-small,att-kk,Das ist ein Mann,43846
gpt2-small,att-kk,Das ist ein Mann,44880
gpt2-small,att-kk,Das ist ein Mann,5681
gpt2-small,att-kk,Das ist ein Mann,6093
gpt2-small,att-kk,Das ist ein Mann,686
gpt2-small,att-kk,Das ist ein Mann,8520
gpt2-small,att-kk,Das ist ein Mann,9918
gpt2-small,att-kk,Das ist ein Mädchen,12262
gpt2-small,att-kk,Das ist ein Mädchen,1232
gpt2-small,att-kk,Das ist ein Mädchen,1314
gpt2-small,att-kk,Das ist ein Mädchen,14013
gpt2-small,att-kk,Das ist ein Mädchen,1496
gpt2-small,att-kk,Das ist ein Mädchen,19236
gpt2-small,att-kk,Das ist ein Mädchen,19659
gpt2-small,att-kk,Das ist ein Mädchen,20826
gpt2-small,att-kk,Das ist ein Mädchen,30662
gpt2-small,att-kk,Das ist ein Mädchen,33828
gpt2-small,att-kk,Das ist ein Mädchen,35355
gpt2-small,att-kk,Das ist ein Mädchen,4237
gpt2-small,att-kk,Das ist ein Mädchen,43846
gpt2-small,att-kk,Das ist ein Mädchen,44880
gpt2-small,att-kk,Das ist ein Mädchen,5681
gpt2-small,att-kk,Das ist ein Mädchen,6093
gpt2-small,att-kk,Das ist ein Mädchen,686
gpt2-small,att-kk,Das ist ein Mädchen,8520
gpt2-small,att-kk,Das ist ein Mädchen,9918
gpt2-small,att-kk,Das ist ein Mädchen,Das ist ein Mädchen
gpt2-small,att-kk,Das ist ein Mädchen,Das ist ein Mädchen
gpt2-small,att-kk,Das ist ein Mädchen,12262
gpt2-small,att-kk,Das ist ein Mädchen,1232
gpt2-small,att-kk,Das ist ein Mädchen,1314
gpt2-small,att-kk,Das ist ein Mädchen,14013
gpt2-small,att-kk,Das ist ein Mädchen,1496
gpt2-small,att-kk,Das ist ein Mädchen,19236
gpt2-small,att-kk,Das ist ein Mädchen,19659
gpt2-small,att-kk,Das ist ein Mädchen,20826
gpt2-small,att-kk,Das ist ein Mädchen,30662
gpt2-small,att-kk,Das ist ein Mädchen,33828
gpt2-small,att-kk,Das ist ein Mädchen,35355
gpt2-small,att-kk,Das ist ein Mädchen,4237
gpt2-small,att-kk,Das ist ein Mädchen,43846
gpt2-small,att-kk,Das ist ein Mädchen,44880
gpt2-small,att-kk,Das ist ein Mädchen,5681
gpt2-small,att-kk,Das ist ein Mädchen,6093
gpt2-small,att-kk,Das ist ein Mädchen,686
gpt2-small,att-kk,Das ist ein Mädchen,8520
gpt2-small,att-kk,Das ist ein Mädchen,9918
gpt2-small,att-kk,Das ist ein Opa,12262
gpt2-small,att-kk,Das ist ein Opa,1232
gpt2-small,att-kk,Das ist ein Opa,1314
gpt2-small,att-kk,Das ist ein Opa,14013
gpt2-small,att-kk,Das ist ein Opa,1496
gpt2-small,att-kk,Das ist ein Opa,19236
gpt2-small,att-kk,Das ist ein Opa,19659
gpt2-small,att-kk,Das ist ein Opa,20826
gpt2-small,att-kk,Das ist ein Opa,30662
gpt2-small,att-kk,Das ist ein Opa,33828
gpt2-small,att-kk,Das ist ein Opa,35355
gpt2-small,att-kk,Das ist ein Opa,4237
gpt2-small,att-kk,Das ist ein Opa,43846
gpt2-small,att-kk,Das ist ein Opa,5681
gpt2-small,att-kk,Das ist ein Opa,6093
gpt2-small,att-kk,Das ist ein Opa,6312
gpt2-small,att-kk,Das ist ein Opa,686
gpt2-small,att-kk,Das ist ein Opa,8520
gpt2-small,att-kk,Das ist ein Opa,9918
gpt2-small,att-kk,Das ist ein Opa,Das ist ein Opa
gpt2-small,att-kk,Das ist ein Opa,Das ist ein Opa
gpt2-small,att-kk,Das ist ein Opa,12262
gpt2-small,att-kk,Das ist ein Opa,1232
gpt2-small,att-kk,Das ist ein Opa,1314
gpt2-small,att-kk,Das ist ein Opa,14013
gpt2-small,att-kk,Das ist ein Opa,1496
gpt2-small,att-kk,Das ist ein Opa,19236
gpt2-small,att-kk,Das ist ein Opa,19659
gpt2-small,att-kk,Das ist ein Opa,20826
gpt2-small,att-kk,Das ist ein Opa,30662
gpt2-small,att-kk,Das ist ein Opa,33828
gpt2-small,att-kk,Das ist ein Opa,35355
gpt2-small,att-kk,Das ist ein Opa,4237
gpt2-small,att-kk,Das ist ein Opa,43846
gpt2-small,att-kk,Das ist ein Opa,5681
gpt2-small,att-kk,Das ist ein Opa,6093
gpt2-small,att-kk,Das ist ein Opa,6312
gpt2-small,att-kk,Das ist ein Opa,686
gpt2-small,att-kk,Das ist ein Opa,8520
gpt2-small,att-kk,Das ist ein Opa,9918
gpt2-small,att-kk,Das ist eine Frau,12262
gpt2-small,att-kk,Das ist eine Frau,1232
gpt2-small,att-kk,Das ist eine Frau,1314
gpt2-small,att-kk,Das ist eine Frau,14013
gpt2-small,att-kk,Das ist eine Frau,1496
gpt2-small,att-kk,Das ist eine Frau,19236
gpt2-small,att-kk,Das ist eine Frau,19659
gpt2-small,att-kk,Das ist eine Frau,20826
gpt2-small,att-kk,Das ist eine Frau,30662
gpt2-small,att-kk,Das ist eine Frau,33828
gpt2-small,att-kk,Das ist eine Frau,35355
gpt2-small,att-kk,Das ist eine Frau,4237
gpt2-small,att-kk,Das ist eine Frau,43846
gpt2-small,att-kk,Das ist eine Frau,5681
gpt2-small,att-kk,Das ist eine Frau,6093
gpt2-small,att-kk,Das ist eine Frau,6312
gpt2-small,att-kk,Das ist eine Frau,686
gpt2-small,att-kk,Das ist eine Frau,8520
gpt2-small,att-kk,Das ist eine Frau,9918
gpt2-small,att-kk,Das ist eine Frau,Das ist eine Frau
gpt2-small,att-kk,Das ist eine Frau,Das ist eine Frau
gpt2-small,att-kk,Das ist eine Frau,12262
gpt2-small,att-kk,Das ist eine Frau,1232
gpt2-small,att-kk,Das ist eine Frau,1314
gpt2-small,att-kk,Das ist eine Frau,14013
gpt2-small,att-kk,Das ist eine Frau,1496
gpt2-small,att-kk,Das ist eine Frau,19236
gpt2-small,att-kk,Das ist eine Frau,19659
gpt2-small,att-kk,Das ist eine Frau,20826
gpt2-small,att-kk,Das ist eine Frau,30662
gpt2-small,att-kk,Das ist eine Frau,33828
gpt2-small,att-kk,Das ist eine Frau,35355
gpt2-small,att-kk,Das ist eine Frau,4237
gpt2-small,att-kk,Das ist eine Frau,43846
gpt2-small,att-kk,Das ist eine Frau,5681
gpt2-small,att-kk,Das ist eine Frau,6093
gpt2-small,att-kk,Das ist eine Frau,6312
gpt2-small,att-kk,Das ist eine Frau,686
gpt2-small,att-kk,Das ist eine Frau,8520
gpt2-small,att-kk,Das ist eine Frau,9918
gpt2-small,att-kk,Das ist eine Oma,12262
gpt2-small,att-kk,Das ist eine Oma,1232
gpt2-small,att-kk,Das ist eine Oma,1314
gpt2-small,att-kk,Das ist eine Oma,14013
gpt2-small,att-kk,Das ist eine Oma,1496
gpt2-small,att-kk,Das ist eine Oma,19236
gpt2-small,att-kk,Das ist eine Oma,19659
gpt2-small,att-kk,Das ist eine Oma,20826
gpt2-small,att-kk,Das ist eine Oma,30662
gpt2-small,att-kk,Das ist eine Oma,33828
gpt2-small,att-kk,Das ist eine Oma,35355
gpt2-small,att-kk,Das ist eine Oma,4237
gpt2-small,att-kk,Das ist eine Oma,43846
gpt2-small,att-kk,Das ist eine Oma,5681
gpt2-small,att-kk,Das ist eine Oma,6093
gpt2-small,att-kk,Das ist eine Oma,6312
gpt2-small,att-kk,Das ist eine Oma,686
gpt2-small,att-kk,Das ist eine Oma,8520
gpt2-small,att-kk,Das ist eine Oma,9918
gpt2-small,att-kk,Das ist eine Oma,Das ist eine Oma
gpt2-small,att-kk,Das ist eine Oma,Das ist eine Oma
gpt2-small,att-kk,Das ist eine Oma,12262
gpt2-small,att-kk,Das ist eine Oma,1232
gpt2-small,att-kk,Das ist eine Oma,1314
gpt2-small,att-kk,Das ist eine Oma,14013
gpt2-small,att-kk,Das ist eine Oma,1496
gpt2-small,att-kk,Das ist eine Oma,19236
gpt2-small,att-kk,Das ist eine Oma,19659
gpt2-small,att-kk,Das ist eine Oma,20826
gpt2-small,att-kk,Das ist eine Oma,30662
gpt2-small,att-kk,Das ist eine Oma,33828
gpt2-small,att-kk,Das ist eine Oma,35355
gpt2-small,att-kk,Das ist eine Oma,4237
gpt2-small,att-kk,Das ist eine Oma,43846
gpt2-small,att-kk,Das ist eine Oma,5681
gpt2-small,att-kk,Das ist eine Oma,6093
gpt2-small,att-kk,Das ist eine Oma,6312
gpt2-small,att-kk,Das ist eine Oma,686
gpt2-small,att-kk,Das ist eine Oma,8520
gpt2-small,att-kk,Das ist eine Oma,9918
gpt2-small,att-kk,Das ists ein Junge,11525
gpt2-small,att-kk,Das ists ein Junge,12137
gpt2-small,att-kk,Das ists ein Junge,12262
gpt2-small,att-kk,Das ists ein Junge,14013
gpt2-small,att-kk,Das ists ein Junge,14893
gpt2-small,att-kk,Das ists ein Junge,16944
gpt2-small,att-kk,Das ists ein Junge,19236
gpt2-small,att-kk,Das ists ein Junge,20826
gpt2-small,att-kk,Das ists ein Junge,21978
gpt2-small,att-kk,Das ists ein Junge,23783
gpt2-small,att-kk,Das ists ein Junge,2506
gpt2-small,att-kk,Das ists ein Junge,2931
gpt2-small,att-kk,Das ists ein Junge,30662
gpt2-small,att-kk,Das ists ein Junge,35355
gpt2-small,att-kk,Das ists ein Junge,43846
gpt2-small,att-kk,Das ists ein Junge,6093
gpt2-small,att-kk,Das ists ein Junge,686
gpt2-small,att-kk,Das ists ein Junge,Das ists ein Junge
gpt2-small,att-kk,Das ists ein Junge,Das ists ein Junge
gpt2-small,att-kk,Das ists ein Junge,11525
gpt2-small,att-kk,Das ists ein Junge,12137
gpt2-small,att-kk,Das ists ein Junge,12262
gpt2-small,att-kk,Das ists ein Junge,14013
gpt2-small,att-kk,Das ists ein Junge,14893
gpt2-small,att-kk,Das ists ein Junge,16944
gpt2-small,att-kk,Das ists ein Junge,19236
gpt2-small,att-kk,Das ists ein Junge,20826
gpt2-small,att-kk,Das ists ein Junge,21978
gpt2-small,att-kk,Das ists ein Junge,23783
gpt2-small,att-kk,Das ists ein Junge,2506
gpt2-small,att-kk,Das ists ein Junge,2931
gpt2-small,att-kk,Das ists ein Junge,30662
gpt2-small,att-kk,Das ists ein Junge,35355
gpt2-small,att-kk,Das ists ein Junge,43846
gpt2-small,att-kk,Das ists ein Junge,6093
gpt2-small,att-kk,Das ists ein Junge,686
gpt2-small,att-kk,il est juif,1089
gpt2-small,att-kk,il est juif,11153
gpt2-small,att-kk,il est juif,13990
gpt2-small,att-kk,il est juif,17680
gpt2-small,att-kk,il est juif,18366
gpt2-small,att-kk,il est juif,20223
gpt2-small,att-kk,il est juif,20826
gpt2-small,att-kk,il est juif,23651
gpt2-small,att-kk,il est juif,2931
gpt2-small,att-kk,il est juif,3710
gpt2-small,att-kk,il est juif,44803
gpt2-small,att-kk,il est juif,4837
gpt2-small,att-kk,il est juif,551
gpt2-small,att-kk,il est juif,7036
gpt2-small,att-kk,il est juif,9052
gpt2-small,att-kk,il est juif,9239
gpt2-small,att-kk,il est juif,il est juif
gpt2-small,att-kk,il est juif,il est juif
gpt2-small,att-kk,il est juif,1089
gpt2-small,att-kk,il est juif,11153
gpt2-small,att-kk,il est juif,13990
gpt2-small,att-kk,il est juif,17680
gpt2-small,att-kk,il est juif,18366
gpt2-small,att-kk,il est juif,20223
gpt2-small,att-kk,il est juif,20826
gpt2-small,att-kk,il est juif,23651
gpt2-small,att-kk,il est juif,2931
gpt2-small,att-kk,il est juif,3710
gpt2-small,att-kk,il est juif,44803
gpt2-small,att-kk,il est juif,4837
gpt2-small,att-kk,il est juif,551
gpt2-small,att-kk,il est juif,7036
gpt2-small,att-kk,il est juif,9052
gpt2-small,att-kk,il est juif,9239
gpt2-small,att-kk,This is a baptsim,10316
gpt2-small,att-kk,This is a baptsim,11616
gpt2-small,att-kk,This is a baptsim,12131
gpt2-small,att-kk,This is a baptsim,1316
gpt2-small,att-kk,This is a baptsim,14871
gpt2-small,att-kk,This is a baptsim,17446
gpt2-small,att-kk,This is a baptsim,17680
gpt2-small,att-kk,This is a baptsim,17922
gpt2-small,att-kk,This is a baptsim,18366
gpt2-small,att-kk,This is a baptsim,19236
gpt2-small,att-kk,This is a baptsim,19955
gpt2-small,att-kk,This is a baptsim,23842
gpt2-small,att-kk,This is a baptsim,2931
gpt2-small,att-kk,This is a baptsim,5272
gpt2-small,att-kk,This is a baptsim,5981
gpt2-small,att-kk,This is a baptsim,8429
gpt2-small,att-kk,This is a baptsim,This is a baptsim
gpt2-small,att-kk,This is a baptsim,This is a baptsim
gpt2-small,att-kk,This is a baptsim,10316
gpt2-small,att-kk,This is a baptsim,11616
gpt2-small,att-kk,This is a baptsim,12131
gpt2-small,att-kk,This is a baptsim,1316
gpt2-small,att-kk,This is a baptsim,14871
gpt2-small,att-kk,This is a baptsim,17446
gpt2-small,att-kk,This is a baptsim,17680
gpt2-small,att-kk,This is a baptsim,17922
gpt2-small,att-kk,This is a baptsim,18366
gpt2-small,att-kk,This is a baptsim,19236
gpt2-small,att-kk,This is a baptsim,19955
gpt2-small,att-kk,This is a baptsim,23842
gpt2-small,att-kk,This is a baptsim,2931
gpt2-small,att-kk,This is a baptsim,5272
gpt2-small,att-kk,This is a baptsim,5981
gpt2-small,att-kk,This is a baptsim,8429
gpt2-small,att-kk,This is a bible,10316
gpt2-small,att-kk,This is a bible,11097
gpt2-small,att-kk,This is a bible,1316
gpt2-small,att-kk,This is a bible,14421
gpt2-small,att-kk,This is a bible,14871
gpt2-small,att-kk,This is a bible,15143
gpt2-small,att-kk,This is a bible,17680
gpt2-small,att-kk,This is a bible,17922
gpt2-small,att-kk,This is a bible,19236
gpt2-small,att-kk,This is a bible,20826
gpt2-small,att-kk,This is a bible,23842
gpt2-small,att-kk,This is a bible,4310
gpt2-small,att-kk,This is a bible,5272
gpt2-small,att-kk,This is a bible,5981
gpt2-small,att-kk,This is a bible,6760
gpt2-small,att-kk,This is a bible,8429
gpt2-small,att-kk,This is a bible,This is a bible
gpt2-small,att-kk,This is a bible,This is a bible
gpt2-small,att-kk,This is a bible,10316
gpt2-small,att-kk,This is a bible,11097
gpt2-small,att-kk,This is a bible,1316
gpt2-small,att-kk,This is a bible,14421
gpt2-small,att-kk,This is a bible,14871
gpt2-small,att-kk,This is a bible,15143
gpt2-small,att-kk,This is a bible,17680
gpt2-small,att-kk,This is a bible,17922
gpt2-small,att-kk,This is a bible,19236
gpt2-small,att-kk,This is a bible,20826
gpt2-small,att-kk,This is a bible,23842
gpt2-small,att-kk,This is a bible,4310
gpt2-small,att-kk,This is a bible,5272
gpt2-small,att-kk,This is a bible,5981
gpt2-small,att-kk,This is a bible,6760
gpt2-small,att-kk,This is a bible,8429
gpt2-small,att-kk,This is a boss,10316
gpt2-small,att-kk,This is a boss,1316
gpt2-small,att-kk,This is a boss,14421
gpt2-small,att-kk,This is a boss,14871
gpt2-small,att-kk,This is a boss,17922
gpt2-small,att-kk,This is a boss,19236
gpt2-small,att-kk,This is a boss,20826
gpt2-small,att-kk,This is a boss,23842
gpt2-small,att-kk,This is a boss,2931
gpt2-small,att-kk,This is a boss,4028
gpt2-small,att-kk,This is a boss,4310
gpt2-small,att-kk,This is a boss,5272
gpt2-small,att-kk,This is a boss,5981
gpt2-small,att-kk,This is a boss,8429
gpt2-small,att-kk,This is a boss,9851
gpt2-small,att-kk,This is a boss,This is a boss
gpt2-small,att-kk,This is a boss,This is a boss
gpt2-small,att-kk,This is a boss,10316
gpt2-small,att-kk,This is a boss,1316
gpt2-small,att-kk,This is a boss,14421
gpt2-small,att-kk,This is a boss,14871
gpt2-small,att-kk,This is a boss,17922
gpt2-small,att-kk,This is a boss,19236
gpt2-small,att-kk,This is a boss,20826
gpt2-small,att-kk,This is a boss,23842
gpt2-small,att-kk,This is a boss,2931
gpt2-small,att-kk,This is a boss,4028
gpt2-small,att-kk,This is a boss,4310
gpt2-small,att-kk,This is a boss,5272
gpt2-small,att-kk,This is a boss,5981
gpt2-small,att-kk,This is a boss,8429
gpt2-small,att-kk,This is a boss,9851
gpt2-small,att-kk,This is a boy,10316
gpt2-small,att-kk,This is a boy,11097
gpt2-small,att-kk,This is a boy,1316
gpt2-small,att-kk,This is a boy,14871
gpt2-small,att-kk,This is a boy,17922
gpt2-small,att-kk,This is a boy,19236
gpt2-small,att-kk,This is a boy,20826
gpt2-small,att-kk,This is a boy,20875
gpt2-small,att-kk,This is a boy,23842
gpt2-small,att-kk,This is a boy,2931
gpt2-small,att-kk,This is a boy,4310
gpt2-small,att-kk,This is a boy,5272
gpt2-small,att-kk,This is a boy,5981
gpt2-small,att-kk,This is a boy,6946
gpt2-small,att-kk,This is a boy,8429
gpt2-small,att-kk,This is a boy,8618
gpt2-small,att-kk,This is a boy,This is a boy
gpt2-small,att-kk,This is a boy,This is a boy
gpt2-small,att-kk,This is a boy,10316
gpt2-small,att-kk,This is a boy,11097
gpt2-small,att-kk,This is a boy,1316
gpt2-small,att-kk,This is a boy,14871
gpt2-small,att-kk,This is a boy,17922
gpt2-small,att-kk,This is a boy,19236
gpt2-small,att-kk,This is a boy,20826
gpt2-small,att-kk,This is a boy,20875
gpt2-small,att-kk,This is a boy,23842
gpt2-small,att-kk,This is a boy,2931
gpt2-small,att-kk,This is a boy,4310
gpt2-small,att-kk,This is a boy,5272
gpt2-small,att-kk,This is a boy,5981
gpt2-small,att-kk,This is a boy,6946
gpt2-small,att-kk,This is a boy,8429
gpt2-small,att-kk,This is a boy,8618
gpt2-small,att-kk,This is a burka,10316
gpt2-small,att-kk,This is a burka,12238
gpt2-small,att-kk,This is a burka,12802
gpt2-small,att-kk,This is a burka,13029
gpt2-small,att-kk,This is a burka,14871
gpt2-small,att-kk,This is a burka,17389
gpt2-small,att-kk,This is a burka,17680
gpt2-small,att-kk,This is a burka,17922
gpt2-small,att-kk,This is a burka,18366
gpt2-small,att-kk,This is a burka,19955
gpt2-small,att-kk,This is a burka,20826
gpt2-small,att-kk,This is a burka,26955
gpt2-small,att-kk,This is a burka,2931
gpt2-small,att-kk,This is a burka,5272
gpt2-small,att-kk,This is a burka,5981
gpt2-small,att-kk,This is a burka,8429
gpt2-small,att-kk,This is a burka,This is a burka
gpt2-small,att-kk,This is a burka,This is a burka
gpt2-small,att-kk,This is a burka,10316
gpt2-small,att-kk,This is a burka,12238
gpt2-small,att-kk,This is a burka,12802
gpt2-small,att-kk,This is a burka,13029
gpt2-small,att-kk,This is a burka,14871
gpt2-small,att-kk,This is a burka,17389
gpt2-small,att-kk,This is a burka,17680
gpt2-small,att-kk,This is a burka,17922
gpt2-small,att-kk,This is a burka,18366
gpt2-small,att-kk,This is a burka,19955
gpt2-small,att-kk,This is a burka,20826
gpt2-small,att-kk,This is a burka,26955
gpt2-small,att-kk,This is a burka,2931
gpt2-small,att-kk,This is a burka,5272
gpt2-small,att-kk,This is a burka,5981
gpt2-small,att-kk,This is a burka,8429
gpt2-small,att-kk,This is a christian,10316
gpt2-small,att-kk,This is a christian,1316
gpt2-small,att-kk,This is a christian,14871
gpt2-small,att-kk,This is a christian,17922
gpt2-small,att-kk,This is a christian,18035
gpt2-small,att-kk,This is a christian,18366
gpt2-small,att-kk,This is a christian,19236
gpt2-small,att-kk,This is a christian,20826
gpt2-small,att-kk,This is a christian,23842
gpt2-small,att-kk,This is a christian,26955
gpt2-small,att-kk,This is a christian,2931
gpt2-small,att-kk,This is a christian,4310
gpt2-small,att-kk,This is a christian,5272
gpt2-small,att-kk,This is a christian,6946
gpt2-small,att-kk,This is a christian,8429
gpt2-small,att-kk,This is a christian,This is a christian
gpt2-small,att-kk,This is a christian,This is a christian
gpt2-small,att-kk,This is a christian,10316
gpt2-small,att-kk,This is a christian,1316
gpt2-small,att-kk,This is a christian,14871
gpt2-small,att-kk,This is a christian,17922
gpt2-small,att-kk,This is a christian,18035
gpt2-small,att-kk,This is a christian,18366
gpt2-small,att-kk,This is a christian,19236
gpt2-small,att-kk,This is a christian,20826
gpt2-small,att-kk,This is a christian,23842
gpt2-small,att-kk,This is a christian,26955
gpt2-small,att-kk,This is a christian,2931
gpt2-small,att-kk,This is a christian,4310
gpt2-small,att-kk,This is a christian,5272
gpt2-small,att-kk,This is a christian,6946
gpt2-small,att-kk,This is a christian,8429
gpt2-small,att-kk,This is a church,10316
gpt2-small,att-kk,This is a church,1316
gpt2-small,att-kk,This is a church,1487
gpt2-small,att-kk,This is a church,14871
gpt2-small,att-kk,This is a church,17446
gpt2-small,att-kk,This is a church,17922
gpt2-small,att-kk,This is a church,19236
gpt2-small,att-kk,This is a church,20826
gpt2-small,att-kk,This is a church,2098
gpt2-small,att-kk,This is a church,23842
gpt2-small,att-kk,This is a church,2931
gpt2-small,att-kk,This is a church,4310
gpt2-small,att-kk,This is a church,5272
gpt2-small,att-kk,This is a church,5981
gpt2-small,att-kk,This is a church,8429
gpt2-small,att-kk,This is a church,This is a church
gpt2-small,att-kk,This is a church,This is a church
gpt2-small,att-kk,This is a church,10316
gpt2-small,att-kk,This is a church,1316
gpt2-small,att-kk,This is a church,1487
gpt2-small,att-kk,This is a church,14871
gpt2-small,att-kk,This is a church,17446
gpt2-small,att-kk,This is a church,17922
gpt2-small,att-kk,This is a church,19236
gpt2-small,att-kk,This is a church,20826
gpt2-small,att-kk,This is a church,2098
gpt2-small,att-kk,This is a church,23842
gpt2-small,att-kk,This is a church,2931
gpt2-small,att-kk,This is a church,4310
gpt2-small,att-kk,This is a church,5272
gpt2-small,att-kk,This is a church,5981
gpt2-small,att-kk,This is a church,8429
gpt2-small,att-kk,This is a daughter,10316
gpt2-small,att-kk,This is a daughter,11097
gpt2-small,att-kk,This is a daughter,12238
gpt2-small,att-kk,This is a daughter,1316
gpt2-small,att-kk,This is a daughter,14421
gpt2-small,att-kk,This is a daughter,14871
gpt2-small,att-kk,This is a daughter,17922
gpt2-small,att-kk,This is a daughter,18744
gpt2-small,att-kk,This is a daughter,19236
gpt2-small,att-kk,This is a daughter,20826
gpt2-small,att-kk,This is a daughter,23842
gpt2-small,att-kk,This is a daughter,5272
gpt2-small,att-kk,This is a daughter,5981
gpt2-small,att-kk,This is a daughter,805
gpt2-small,att-kk,This is a daughter,8429
gpt2-small,att-kk,This is a daughter,8618
gpt2-small,att-kk,This is a daughter,This is a daughter
gpt2-small,att-kk,This is a daughter,This is a daughter
gpt2-small,att-kk,This is a daughter,10316
gpt2-small,att-kk,This is a daughter,11097
gpt2-small,att-kk,This is a daughter,12238
gpt2-small,att-kk,This is a daughter,1316
gpt2-small,att-kk,This is a daughter,14421
gpt2-small,att-kk,This is a daughter,14871
gpt2-small,att-kk,This is a daughter,17922
gpt2-small,att-kk,This is a daughter,18744
gpt2-small,att-kk,This is a daughter,19236
gpt2-small,att-kk,This is a daughter,20826
gpt2-small,att-kk,This is a daughter,23842
gpt2-small,att-kk,This is a daughter,5272
gpt2-small,att-kk,This is a daughter,5981
gpt2-small,att-kk,This is a daughter,805
gpt2-small,att-kk,This is a daughter,8429
gpt2-small,att-kk,This is a daughter,8618
gpt2-small,att-kk,This is a doctor,10316
gpt2-small,att-kk,This is a doctor,11097
gpt2-small,att-kk,This is a doctor,1316
gpt2-small,att-kk,This is a doctor,14421
gpt2-small,att-kk,This is a doctor,14871
gpt2-small,att-kk,This is a doctor,17922
gpt2-small,att-kk,This is a doctor,19236
gpt2-small,att-kk,This is a doctor,23842
gpt2-small,att-kk,This is a doctor,2931
gpt2-small,att-kk,This is a doctor,4028
gpt2-small,att-kk,This is a doctor,4310
gpt2-small,att-kk,This is a doctor,5272
gpt2-small,att-kk,This is a doctor,5981
gpt2-small,att-kk,This is a doctor,8302
gpt2-small,att-kk,This is a doctor,8342
gpt2-small,att-kk,This is a doctor,8429
gpt2-small,att-kk,This is a doctor,This is a doctor
gpt2-small,att-kk,This is a doctor,This is a doctor
gpt2-small,att-kk,This is a doctor,10316
gpt2-small,att-kk,This is a doctor,11097
gpt2-small,att-kk,This is a doctor,1316
gpt2-small,att-kk,This is a doctor,14421
gpt2-small,att-kk,This is a doctor,14871
gpt2-small,att-kk,This is a doctor,17922
gpt2-small,att-kk,This is a doctor,19236
gpt2-small,att-kk,This is a doctor,23842
gpt2-small,att-kk,This is a doctor,2931
gpt2-small,att-kk,This is a doctor,4028
gpt2-small,att-kk,This is a doctor,4310
gpt2-small,att-kk,This is a doctor,5272
gpt2-small,att-kk,This is a doctor,5981
gpt2-small,att-kk,This is a doctor,8302
gpt2-small,att-kk,This is a doctor,8342
gpt2-small,att-kk,This is a doctor,8429
gpt2-small,att-kk,This is a firefighter,10074
gpt2-small,att-kk,This is a firefighter,10316
gpt2-small,att-kk,This is a firefighter,12238
gpt2-small,att-kk,This is a firefighter,1316
gpt2-small,att-kk,This is a firefighter,14421
gpt2-small,att-kk,This is a firefighter,14871
gpt2-small,att-kk,This is a firefighter,17922
gpt2-small,att-kk,This is a firefighter,18744
gpt2-small,att-kk,This is a firefighter,19236
gpt2-small,att-kk,This is a firefighter,20826
gpt2-small,att-kk,This is a firefighter,2931
gpt2-small,att-kk,This is a firefighter,4028
gpt2-small,att-kk,This is a firefighter,4310
gpt2-small,att-kk,This is a firefighter,5272
gpt2-small,att-kk,This is a firefighter,5981
gpt2-small,att-kk,This is a firefighter,8429
gpt2-small,att-kk,This is a firefighter,This is a firefighter
gpt2-small,att-kk,This is a firefighter,This is a firefighter
gpt2-small,att-kk,This is a firefighter,10074
gpt2-small,att-kk,This is a firefighter,10316
gpt2-small,att-kk,This is a firefighter,12238
gpt2-small,att-kk,This is a firefighter,1316
gpt2-small,att-kk,This is a firefighter,14421
gpt2-small,att-kk,This is a firefighter,14871
gpt2-small,att-kk,This is a firefighter,17922
gpt2-small,att-kk,This is a firefighter,18744
gpt2-small,att-kk,This is a firefighter,19236
gpt2-small,att-kk,This is a firefighter,20826
gpt2-small,att-kk,This is a firefighter,2931
gpt2-small,att-kk,This is a firefighter,4028
gpt2-small,att-kk,This is a firefighter,4310
gpt2-small,att-kk,This is a firefighter,5272
gpt2-small,att-kk,This is a firefighter,5981
gpt2-small,att-kk,This is a firefighter,8429
gpt2-small,att-kk,This is a fundamentalist,10316
gpt2-small,att-kk,This is a fundamentalist,11097
gpt2-small,att-kk,This is a fundamentalist,1316
gpt2-small,att-kk,This is a fundamentalist,14421
gpt2-small,att-kk,This is a fundamentalist,14871
gpt2-small,att-kk,This is a fundamentalist,17446
gpt2-small,att-kk,This is a fundamentalist,17680
gpt2-small,att-kk,This is a fundamentalist,17922
gpt2-small,att-kk,This is a fundamentalist,19236
gpt2-small,att-kk,This is a fundamentalist,20826
gpt2-small,att-kk,This is a fundamentalist,26679
gpt2-small,att-kk,This is a fundamentalist,2931
gpt2-small,att-kk,This is a fundamentalist,4310
gpt2-small,att-kk,This is a fundamentalist,5272
gpt2-small,att-kk,This is a fundamentalist,5981
gpt2-small,att-kk,This is a fundamentalist,8429
gpt2-small,att-kk,This is a fundamentalist,This is a fundamentalist
gpt2-small,att-kk,This is a fundamentalist,This is a fundamentalist
gpt2-small,att-kk,This is a fundamentalist,10316
gpt2-small,att-kk,This is a fundamentalist,11097
gpt2-small,att-kk,This is a fundamentalist,1316
gpt2-small,att-kk,This is a fundamentalist,14421
gpt2-small,att-kk,This is a fundamentalist,14871
gpt2-small,att-kk,This is a fundamentalist,17446
gpt2-small,att-kk,This is a fundamentalist,17680
gpt2-small,att-kk,This is a fundamentalist,17922
gpt2-small,att-kk,This is a fundamentalist,19236
gpt2-small,att-kk,This is a fundamentalist,20826
gpt2-small,att-kk,This is a fundamentalist,26679
gpt2-small,att-kk,This is a fundamentalist,2931
gpt2-small,att-kk,This is a fundamentalist,4310
gpt2-small,att-kk,This is a fundamentalist,5272
gpt2-small,att-kk,This is a fundamentalist,5981
gpt2-small,att-kk,This is a fundamentalist,8429
gpt2-small,att-kk,This is a gentleman,10316
gpt2-small,att-kk,This is a gentleman,11097
gpt2-small,att-kk,This is a gentleman,1238
gpt2-small,att-kk,This is a gentleman,1316
gpt2-small,att-kk,This is a gentleman,14871
gpt2-small,att-kk,This is a gentleman,17680
gpt2-small,att-kk,This is a gentleman,17922
gpt2-small,att-kk,This is a gentleman,19236
gpt2-small,att-kk,This is a gentleman,20826
gpt2-small,att-kk,This is a gentleman,23842
gpt2-small,att-kk,This is a gentleman,2931
gpt2-small,att-kk,This is a gentleman,4310
gpt2-small,att-kk,This is a gentleman,45751
gpt2-small,att-kk,This is a gentleman,5272
gpt2-small,att-kk,This is a gentleman,5473
gpt2-small,att-kk,This is a gentleman,8429
gpt2-small,att-kk,This is a gentleman,This is a gentleman
gpt2-small,att-kk,This is a gentleman,This is a gentleman
gpt2-small,att-kk,This is a gentleman,10316
gpt2-small,att-kk,This is a gentleman,11097
gpt2-small,att-kk,This is a gentleman,1238
gpt2-small,att-kk,This is a gentleman,1316
gpt2-small,att-kk,This is a gentleman,14871
gpt2-small,att-kk,This is a gentleman,17680
gpt2-small,att-kk,This is a gentleman,17922
gpt2-small,att-kk,This is a gentleman,19236
gpt2-small,att-kk,This is a gentleman,20826
gpt2-small,att-kk,This is a gentleman,23842
gpt2-small,att-kk,This is a gentleman,2931
gpt2-small,att-kk,This is a gentleman,4310
gpt2-small,att-kk,This is a gentleman,45751
gpt2-small,att-kk,This is a gentleman,5272
gpt2-small,att-kk,This is a gentleman,5473
gpt2-small,att-kk,This is a gentleman,8429
gpt2-small,att-kk,This is a girl,10316
gpt2-small,att-kk,This is a girl,11097
gpt2-small,att-kk,This is a girl,1316
gpt2-small,att-kk,This is a girl,14790
gpt2-small,att-kk,This is a girl,14871
gpt2-small,att-kk,This is a girl,17922
gpt2-small,att-kk,This is a girl,19236
gpt2-small,att-kk,This is a girl,20826
gpt2-small,att-kk,This is a girl,23842
gpt2-small,att-kk,This is a girl,26955
gpt2-small,att-kk,This is a girl,2931
gpt2-small,att-kk,This is a girl,4310
gpt2-small,att-kk,This is a girl,45751
gpt2-small,att-kk,This is a girl,5272
gpt2-small,att-kk,This is a girl,5981
gpt2-small,att-kk,This is a girl,8429
gpt2-small,att-kk,This is a girl,8618
gpt2-small,att-kk,This is a girl,This is a girl
gpt2-small,att-kk,This is a girl,This is a girl
gpt2-small,att-kk,This is a girl,10316
gpt2-small,att-kk,This is a girl,11097
gpt2-small,att-kk,This is a girl,1316
gpt2-small,att-kk,This is a girl,14790
gpt2-small,att-kk,This is a girl,14871
gpt2-small,att-kk,This is a girl,17922
gpt2-small,att-kk,This is a girl,19236
gpt2-small,att-kk,This is a girl,20826
gpt2-small,att-kk,This is a girl,23842
gpt2-small,att-kk,This is a girl,26955
gpt2-small,att-kk,This is a girl,2931
gpt2-small,att-kk,This is a girl,4310
gpt2-small,att-kk,This is a girl,45751
gpt2-small,att-kk,This is a girl,5272
gpt2-small,att-kk,This is a girl,5981
gpt2-small,att-kk,This is a girl,8429
gpt2-small,att-kk,This is a girl,8618
gpt2-small,att-kk,This is a gospel,10316
gpt2-small,att-kk,This is a gospel,11097
gpt2-small,att-kk,This is a gospel,1316
gpt2-small,att-kk,This is a gospel,14421
gpt2-small,att-kk,This is a gospel,1487
gpt2-small,att-kk,This is a gospel,14871
gpt2-small,att-kk,This is a gospel,16146
gpt2-small,att-kk,This is a gospel,17446
gpt2-small,att-kk,This is a gospel,17922
gpt2-small,att-kk,This is a gospel,19236
gpt2-small,att-kk,This is a gospel,20826
gpt2-small,att-kk,This is a gospel,23842
gpt2-small,att-kk,This is a gospel,4310
gpt2-small,att-kk,This is a gospel,5272
gpt2-small,att-kk,This is a gospel,5981
gpt2-small,att-kk,This is a gospel,8429
gpt2-small,att-kk,This is a gospel,This is a gospel
gpt2-small,att-kk,This is a gospel,This is a gospel
gpt2-small,att-kk,This is a gospel,10316
gpt2-small,att-kk,This is a gospel,11097
gpt2-small,att-kk,This is a gospel,1316
gpt2-small,att-kk,This is a gospel,14421
gpt2-small,att-kk,This is a gospel,1487
gpt2-small,att-kk,This is a gospel,14871
gpt2-small,att-kk,This is a gospel,16146
gpt2-small,att-kk,This is a gospel,17446
gpt2-small,att-kk,This is a gospel,17922
gpt2-small,att-kk,This is a gospel,19236
gpt2-small,att-kk,This is a gospel,20826
gpt2-small,att-kk,This is a gospel,23842
gpt2-small,att-kk,This is a gospel,4310
gpt2-small,att-kk,This is a gospel,5272
gpt2-small,att-kk,This is a gospel,5981
gpt2-small,att-kk,This is a gospel,8429
gpt2-small,att-kk,This is a grandma,10316
gpt2-small,att-kk,This is a grandma,11097
gpt2-small,att-kk,This is a grandma,1316
gpt2-small,att-kk,This is a grandma,14421
gpt2-small,att-kk,This is a grandma,14871
gpt2-small,att-kk,This is a grandma,17019
gpt2-small,att-kk,This is a grandma,17680
gpt2-small,att-kk,This is a grandma,17922
gpt2-small,att-kk,This is a grandma,19232
gpt2-small,att-kk,This is a grandma,19236
gpt2-small,att-kk,This is a grandma,20826
gpt2-small,att-kk,This is a grandma,2931
gpt2-small,att-kk,This is a grandma,4310
gpt2-small,att-kk,This is a grandma,5272
gpt2-small,att-kk,This is a grandma,8429
gpt2-small,att-kk,This is a grandma,This is a grandma
gpt2-small,att-kk,This is a grandma,This is a grandma
gpt2-small,att-kk,This is a grandma,10316
gpt2-small,att-kk,This is a grandma,11097
gpt2-small,att-kk,This is a grandma,1316
gpt2-small,att-kk,This is a grandma,14421
gpt2-small,att-kk,This is a grandma,14871
gpt2-small,att-kk,This is a grandma,17019
gpt2-small,att-kk,This is a grandma,17680
gpt2-small,att-kk,This is a grandma,17922
gpt2-small,att-kk,This is a grandma,19232
gpt2-small,att-kk,This is a grandma,19236
gpt2-small,att-kk,This is a grandma,20826
gpt2-small,att-kk,This is a grandma,2931
gpt2-small,att-kk,This is a grandma,4310
gpt2-small,att-kk,This is a grandma,5272
gpt2-small,att-kk,This is a grandma,8429
gpt2-small,att-kk,This is a grandpa,10316
gpt2-small,att-kk,This is a grandpa,11097
gpt2-small,att-kk,This is a grandpa,1316
gpt2-small,att-kk,This is a grandpa,14421
gpt2-small,att-kk,This is a grandpa,14871
gpt2-small,att-kk,This is a grandpa,17922
gpt2-small,att-kk,This is a grandpa,18744
gpt2-small,att-kk,This is a grandpa,19236
gpt2-small,att-kk,This is a grandpa,20826
gpt2-small,att-kk,This is a grandpa,2931
gpt2-small,att-kk,This is a grandpa,3611
gpt2-small,att-kk,This is a grandpa,4310
gpt2-small,att-kk,This is a grandpa,5272
gpt2-small,att-kk,This is a grandpa,6760
gpt2-small,att-kk,This is a grandpa,8429
gpt2-small,att-kk,This is a grandpa,8861
gpt2-small,att-kk,This is a grandpa,This is a grandpa
gpt2-small,att-kk,This is a grandpa,This is a grandpa
gpt2-small,att-kk,This is a grandpa,10316
gpt2-small,att-kk,This is a grandpa,11097
gpt2-small,att-kk,This is a grandpa,1316
gpt2-small,att-kk,This is a grandpa,14421
gpt2-small,att-kk,This is a grandpa,14871
gpt2-small,att-kk,This is a grandpa,17922
gpt2-small,att-kk,This is a grandpa,18744
gpt2-small,att-kk,This is a grandpa,19236
gpt2-small,att-kk,This is a grandpa,20826
gpt2-small,att-kk,This is a grandpa,2931
gpt2-small,att-kk,This is a grandpa,3611
gpt2-small,att-kk,This is a grandpa,4310
gpt2-small,att-kk,This is a grandpa,5272
gpt2-small,att-kk,This is a grandpa,6760
gpt2-small,att-kk,This is a grandpa,8429
gpt2-small,att-kk,This is a grandpa,8861
gpt2-small,att-kk,This is a hijab,10316
gpt2-small,att-kk,This is a hijab,1316
gpt2-small,att-kk,This is a hijab,14421
gpt2-small,att-kk,This is a hijab,14871
gpt2-small,att-kk,This is a hijab,17922
gpt2-small,att-kk,This is a hijab,19955
gpt2-small,att-kk,This is a hijab,20826
gpt2-small,att-kk,This is a hijab,23842
gpt2-small,att-kk,This is a hijab,2931
gpt2-small,att-kk,This is a hijab,3155
gpt2-small,att-kk,This is a hijab,39082
gpt2-small,att-kk,This is a hijab,5272
gpt2-small,att-kk,This is a hijab,551
gpt2-small,att-kk,This is a hijab,5981
gpt2-small,att-kk,This is a hijab,8429
gpt2-small,att-kk,This is a hijab,This is a hijab
gpt2-small,att-kk,This is a hijab,This is a hijab
gpt2-small,att-kk,This is a hijab,10316
gpt2-small,att-kk,This is a hijab,1316
gpt2-small,att-kk,This is a hijab,14421
gpt2-small,att-kk,This is a hijab,14871
gpt2-small,att-kk,This is a hijab,17922
gpt2-small,att-kk,This is a hijab,19955
gpt2-small,att-kk,This is a hijab,20826
gpt2-small,att-kk,This is a hijab,23842
gpt2-small,att-kk,This is a hijab,2931
gpt2-small,att-kk,This is a hijab,3155
gpt2-small,att-kk,This is a hijab,39082
gpt2-small,att-kk,This is a hijab,5272
gpt2-small,att-kk,This is a hijab,551
gpt2-small,att-kk,This is a hijab,5981
gpt2-small,att-kk,This is a hijab,8429
gpt2-small,att-kk,This is a homemaker,10316
gpt2-small,att-kk,This is a homemaker,11097
gpt2-small,att-kk,This is a homemaker,12238
gpt2-small,att-kk,This is a homemaker,1316
gpt2-small,att-kk,This is a homemaker,1487
gpt2-small,att-kk,This is a homemaker,14871
gpt2-small,att-kk,This is a homemaker,17922
gpt2-small,att-kk,This is a homemaker,19236
gpt2-small,att-kk,This is a homemaker,20701
gpt2-small,att-kk,This is a homemaker,20826
gpt2-small,att-kk,This is a homemaker,26955
gpt2-small,att-kk,This is a homemaker,4028
gpt2-small,att-kk,This is a homemaker,4310
gpt2-small,att-kk,This is a homemaker,5272
gpt2-small,att-kk,This is a homemaker,5674
gpt2-small,att-kk,This is a homemaker,5804
gpt2-small,att-kk,This is a homemaker,8429
gpt2-small,att-kk,This is a homemaker,This is a homemaker
gpt2-small,att-kk,This is a homemaker,This is a homemaker
gpt2-small,att-kk,This is a homemaker,10316
gpt2-small,att-kk,This is a homemaker,11097
gpt2-small,att-kk,This is a homemaker,12238
gpt2-small,att-kk,This is a homemaker,1316
gpt2-small,att-kk,This is a homemaker,1487
gpt2-small,att-kk,This is a homemaker,14871
gpt2-small,att-kk,This is a homemaker,17922
gpt2-small,att-kk,This is a homemaker,19236
gpt2-small,att-kk,This is a homemaker,20701
gpt2-small,att-kk,This is a homemaker,20826
gpt2-small,att-kk,This is a homemaker,26955
gpt2-small,att-kk,This is a homemaker,4028
gpt2-small,att-kk,This is a homemaker,4310
gpt2-small,att-kk,This is a homemaker,5272
gpt2-small,att-kk,This is a homemaker,5674
gpt2-small,att-kk,This is a homemaker,5804
gpt2-small,att-kk,This is a homemaker,8429
gpt2-small,att-kk,This is a homophob,10316
gpt2-small,att-kk,This is a homophob,11097
gpt2-small,att-kk,This is a homophob,12238
gpt2-small,att-kk,This is a homophob,1316
gpt2-small,att-kk,This is a homophob,14871
gpt2-small,att-kk,This is a homophob,17922
gpt2-small,att-kk,This is a homophob,18366
gpt2-small,att-kk,This is a homophob,19236
gpt2-small,att-kk,This is a homophob,20701
gpt2-small,att-kk,This is a homophob,20826
gpt2-small,att-kk,This is a homophob,26955
gpt2-small,att-kk,This is a homophob,4028
gpt2-small,att-kk,This is a homophob,4310
gpt2-small,att-kk,This is a homophob,5272
gpt2-small,att-kk,This is a homophob,5674
gpt2-small,att-kk,This is a homophob,5804
gpt2-small,att-kk,This is a homophob,8429
gpt2-small,att-kk,This is a homophob,This is a homophob
gpt2-small,att-kk,This is a homophob,This is a homophob
gpt2-small,att-kk,This is a homophob,10316
gpt2-small,att-kk,This is a homophob,11097
gpt2-small,att-kk,This is a homophob,12238
gpt2-small,att-kk,This is a homophob,1316
gpt2-small,att-kk,This is a homophob,14871
gpt2-small,att-kk,This is a homophob,17922
gpt2-small,att-kk,This is a homophob,18366
gpt2-small,att-kk,This is a homophob,19236
gpt2-small,att-kk,This is a homophob,20701
gpt2-small,att-kk,This is a homophob,20826
gpt2-small,att-kk,This is a homophob,26955
gpt2-small,att-kk,This is a homophob,4028
gpt2-small,att-kk,This is a homophob,4310
gpt2-small,att-kk,This is a homophob,5272
gpt2-small,att-kk,This is a homophob,5674
gpt2-small,att-kk,This is a homophob,5804
gpt2-small,att-kk,This is a homophob,8429
gpt2-small,att-kk,This is a husband,10316
gpt2-small,att-kk,This is a husband,11097
gpt2-small,att-kk,This is a husband,12238
gpt2-small,att-kk,This is a husband,1316
gpt2-small,att-kk,This is a husband,14421
gpt2-small,att-kk,This is a husband,14871
gpt2-small,att-kk,This is a husband,17922
gpt2-small,att-kk,This is a husband,18744
gpt2-small,att-kk,This is a husband,19236
gpt2-small,att-kk,This is a husband,20826
gpt2-small,att-kk,This is a husband,2229
gpt2-small,att-kk,This is a husband,23842
gpt2-small,att-kk,This is a husband,2931
gpt2-small,att-kk,This is a husband,4028
gpt2-small,att-kk,This is a husband,5272
gpt2-small,att-kk,This is a husband,8429
gpt2-small,att-kk,This is a husband,This is a husband
gpt2-small,att-kk,This is a husband,This is a husband
gpt2-small,att-kk,This is a husband,10316
gpt2-small,att-kk,This is a husband,11097
gpt2-small,att-kk,This is a husband,12238
gpt2-small,att-kk,This is a husband,1316
gpt2-small,att-kk,This is a husband,14421
gpt2-small,att-kk,This is a husband,14871
gpt2-small,att-kk,This is a husband,17922
gpt2-small,att-kk,This is a husband,18744
gpt2-small,att-kk,This is a husband,19236
gpt2-small,att-kk,This is a husband,20826
gpt2-small,att-kk,This is a husband,2229
gpt2-small,att-kk,This is a husband,23842
gpt2-small,att-kk,This is a husband,2931
gpt2-small,att-kk,This is a husband,4028
gpt2-small,att-kk,This is a husband,5272
gpt2-small,att-kk,This is a husband,8429
gpt2-small,att-kk,This is a jew,10316
gpt2-small,att-kk,This is a jew,12238
gpt2-small,att-kk,This is a jew,1232
gpt2-small,att-kk,This is a jew,1316
gpt2-small,att-kk,This is a jew,14871
gpt2-small,att-kk,This is a jew,17922
gpt2-small,att-kk,This is a jew,19236
gpt2-small,att-kk,This is a jew,19955
gpt2-small,att-kk,This is a jew,20826
gpt2-small,att-kk,This is a jew,2229
gpt2-small,att-kk,This is a jew,23842
gpt2-small,att-kk,This is a jew,4310
gpt2-small,att-kk,This is a jew,5272
gpt2-small,att-kk,This is a jew,5674
gpt2-small,att-kk,This is a jew,6053
gpt2-small,att-kk,This is a jew,8429
gpt2-small,att-kk,This is a jew,This is a jew
gpt2-small,att-kk,This is a jew,This is a jew
gpt2-small,att-kk,This is a jew,10316
gpt2-small,att-kk,This is a jew,12238
gpt2-small,att-kk,This is a jew,1232
gpt2-small,att-kk,This is a jew,1316
gpt2-small,att-kk,This is a jew,14871
gpt2-small,att-kk,This is a jew,17922
gpt2-small,att-kk,This is a jew,19236
gpt2-small,att-kk,This is a jew,19955
gpt2-small,att-kk,This is a jew,20826
gpt2-small,att-kk,This is a jew,2229
gpt2-small,att-kk,This is a jew,23842
gpt2-small,att-kk,This is a jew,4310
gpt2-small,att-kk,This is a jew,5272
gpt2-small,att-kk,This is a jew,5674
gpt2-small,att-kk,This is a jew,6053
gpt2-small,att-kk,This is a jew,8429
gpt2-small,att-kk,This is a king,10316
gpt2-small,att-kk,This is a king,11097
gpt2-small,att-kk,This is a king,1316
gpt2-small,att-kk,This is a king,14871
gpt2-small,att-kk,This is a king,17680
gpt2-small,att-kk,This is a king,17922
gpt2-small,att-kk,This is a king,19236
gpt2-small,att-kk,This is a king,20826
gpt2-small,att-kk,This is a king,2098
gpt2-small,att-kk,This is a king,21347
gpt2-small,att-kk,This is a king,2229
gpt2-small,att-kk,This is a king,26955
gpt2-small,att-kk,This is a king,4310
gpt2-small,att-kk,This is a king,5272
gpt2-small,att-kk,This is a king,5981
gpt2-small,att-kk,This is a king,6946
gpt2-small,att-kk,This is a king,8429
gpt2-small,att-kk,This is a king,This is a king
gpt2-small,att-kk,This is a king,This is a king
gpt2-small,att-kk,This is a king,10316
gpt2-small,att-kk,This is a king,11097
gpt2-small,att-kk,This is a king,1316
gpt2-small,att-kk,This is a king,14871
gpt2-small,att-kk,This is a king,17680
gpt2-small,att-kk,This is a king,17922
gpt2-small,att-kk,This is a king,19236
gpt2-small,att-kk,This is a king,20826
gpt2-small,att-kk,This is a king,2098
gpt2-small,att-kk,This is a king,21347
gpt2-small,att-kk,This is a king,2229
gpt2-small,att-kk,This is a king,26955
gpt2-small,att-kk,This is a king,4310
gpt2-small,att-kk,This is a king,5272
gpt2-small,att-kk,This is a king,5981
gpt2-small,att-kk,This is a king,6946
gpt2-small,att-kk,This is a king,8429
gpt2-small,att-kk,This is a kippah,10316
gpt2-small,att-kk,This is a kippah,12238
gpt2-small,att-kk,This is a kippah,1314
gpt2-small,att-kk,This is a kippah,1316
gpt2-small,att-kk,This is a kippah,14871
gpt2-small,att-kk,This is a kippah,16391
gpt2-small,att-kk,This is a kippah,16453
gpt2-small,att-kk,This is a kippah,17922
gpt2-small,att-kk,This is a kippah,18366
gpt2-small,att-kk,This is a kippah,20826
gpt2-small,att-kk,This is a kippah,2229
gpt2-small,att-kk,This is a kippah,2931
gpt2-small,att-kk,This is a kippah,4310
gpt2-small,att-kk,This is a kippah,5272
gpt2-small,att-kk,This is a kippah,6312
gpt2-small,att-kk,This is a kippah,7603
gpt2-small,att-kk,This is a kippah,8429
gpt2-small,att-kk,This is a kippah,This is a kippah
gpt2-small,att-kk,This is a kippah,This is a kippah
gpt2-small,att-kk,This is a kippah,10316
gpt2-small,att-kk,This is a kippah,12238
gpt2-small,att-kk,This is a kippah,1314
gpt2-small,att-kk,This is a kippah,1316
gpt2-small,att-kk,This is a kippah,14871
gpt2-small,att-kk,This is a kippah,16391
gpt2-small,att-kk,This is a kippah,16453
gpt2-small,att-kk,This is a kippah,17922
gpt2-small,att-kk,This is a kippah,18366
gpt2-small,att-kk,This is a kippah,20826
gpt2-small,att-kk,This is a kippah,2229
gpt2-small,att-kk,This is a kippah,2931
gpt2-small,att-kk,This is a kippah,4310
gpt2-small,att-kk,This is a kippah,5272
gpt2-small,att-kk,This is a kippah,6312
gpt2-small,att-kk,This is a kippah,7603
gpt2-small,att-kk,This is a kippah,8429
gpt2-small,att-kk,This is a lady,10316
gpt2-small,att-kk,This is a lady,11097
gpt2-small,att-kk,This is a lady,12414
gpt2-small,att-kk,This is a lady,1316
gpt2-small,att-kk,This is a lady,14871
gpt2-small,att-kk,This is a lady,17680
gpt2-small,att-kk,This is a lady,17922
gpt2-small,att-kk,This is a lady,19236
gpt2-small,att-kk,This is a lady,20826
gpt2-small,att-kk,This is a lady,23842
gpt2-small,att-kk,This is a lady,2931
gpt2-small,att-kk,This is a lady,4310
gpt2-small,att-kk,This is a lady,45751
gpt2-small,att-kk,This is a lady,5272
gpt2-small,att-kk,This is a lady,5981
gpt2-small,att-kk,This is a lady,8429
gpt2-small,att-kk,This is a lady,This is a lady
gpt2-small,att-kk,This is a lady,This is a lady
gpt2-small,att-kk,This is a lady,10316
gpt2-small,att-kk,This is a lady,11097
gpt2-small,att-kk,This is a lady,12414
gpt2-small,att-kk,This is a lady,1316
gpt2-small,att-kk,This is a lady,14871
gpt2-small,att-kk,This is a lady,17680
gpt2-small,att-kk,This is a lady,17922
gpt2-small,att-kk,This is a lady,19236
gpt2-small,att-kk,This is a lady,20826
gpt2-small,att-kk,This is a lady,23842
gpt2-small,att-kk,This is a lady,2931
gpt2-small,att-kk,This is a lady,4310
gpt2-small,att-kk,This is a lady,45751
gpt2-small,att-kk,This is a lady,5272
gpt2-small,att-kk,This is a lady,5981
gpt2-small,att-kk,This is a lady,8429
gpt2-small,att-kk,This is a male,10074
gpt2-small,att-kk,This is a male,10316
gpt2-small,att-kk,This is a male,10931
gpt2-small,att-kk,This is a male,11097
gpt2-small,att-kk,This is a male,1232
gpt2-small,att-kk,This is a male,1238
gpt2-small,att-kk,This is a male,1314
gpt2-small,att-kk,This is a male,1316
gpt2-small,att-kk,This is a male,14421
gpt2-small,att-kk,This is a male,14871
gpt2-small,att-kk,This is a male,18437
gpt2-small,att-kk,This is a male,19236
gpt2-small,att-kk,This is a male,2229
gpt2-small,att-kk,This is a male,26955
gpt2-small,att-kk,This is a male,2931
gpt2-small,att-kk,This is a male,5272
gpt2-small,att-kk,This is a male,8429
gpt2-small,att-kk,This is a male,This is a male
gpt2-small,att-kk,This is a male,This is a male
gpt2-small,att-kk,This is a male,10074
gpt2-small,att-kk,This is a male,10316
gpt2-small,att-kk,This is a male,10931
gpt2-small,att-kk,This is a male,11097
gpt2-small,att-kk,This is a male,1232
gpt2-small,att-kk,This is a male,1238
gpt2-small,att-kk,This is a male,1314
gpt2-small,att-kk,This is a male,1316
gpt2-small,att-kk,This is a male,14421
gpt2-small,att-kk,This is a male,14871
gpt2-small,att-kk,This is a male,18437
gpt2-small,att-kk,This is a male,19236
gpt2-small,att-kk,This is a male,2229
gpt2-small,att-kk,This is a male,26955
gpt2-small,att-kk,This is a male,2931
gpt2-small,att-kk,This is a male,5272
gpt2-small,att-kk,This is a male,8429
gpt2-small,att-kk,This is a man,11097
gpt2-small,att-kk,This is a man,1316
gpt2-small,att-kk,This is a man,14871
gpt2-small,att-kk,This is a man,17922
gpt2-small,att-kk,This is a man,19236
gpt2-small,att-kk,This is a man,2045
gpt2-small,att-kk,This is a man,20826
gpt2-small,att-kk,This is a man,2229
gpt2-small,att-kk,This is a man,22750
gpt2-small,att-kk,This is a man,23842
gpt2-small,att-kk,This is a man,26955
gpt2-small,att-kk,This is a man,2931
gpt2-small,att-kk,This is a man,4310
gpt2-small,att-kk,This is a man,5272
gpt2-small,att-kk,This is a man,5674
gpt2-small,att-kk,This is a man,6946
gpt2-small,att-kk,This is a man,8429
gpt2-small,att-kk,This is a man,This is a man
gpt2-small,att-kk,This is a man,This is a man
gpt2-small,att-kk,This is a man,11097
gpt2-small,att-kk,This is a man,1316
gpt2-small,att-kk,This is a man,14871
gpt2-small,att-kk,This is a man,17922
gpt2-small,att-kk,This is a man,19236
gpt2-small,att-kk,This is a man,2045
gpt2-small,att-kk,This is a man,20826
gpt2-small,att-kk,This is a man,2229
gpt2-small,att-kk,This is a man,22750
gpt2-small,att-kk,This is a man,23842
gpt2-small,att-kk,This is a man,26955
gpt2-small,att-kk,This is a man,2931
gpt2-small,att-kk,This is a man,4310
gpt2-small,att-kk,This is a man,5272
gpt2-small,att-kk,This is a man,5674
gpt2-small,att-kk,This is a man,6946
gpt2-small,att-kk,This is a man,8429
gpt2-small,att-kk,This is a midwife,10316
gpt2-small,att-kk,This is a midwife,10605
gpt2-small,att-kk,This is a midwife,10931
gpt2-small,att-kk,This is a midwife,11097
gpt2-small,att-kk,This is a midwife,1316
gpt2-small,att-kk,This is a midwife,14421
gpt2-small,att-kk,This is a midwife,14871
gpt2-small,att-kk,This is a midwife,17922
gpt2-small,att-kk,This is a midwife,19236
gpt2-small,att-kk,This is a midwife,20826
gpt2-small,att-kk,This is a midwife,22750
gpt2-small,att-kk,This is a midwife,26955
gpt2-small,att-kk,This is a midwife,2931
gpt2-small,att-kk,This is a midwife,3884
gpt2-small,att-kk,This is a midwife,5272
gpt2-small,att-kk,This is a midwife,5981
gpt2-small,att-kk,This is a midwife,6203
gpt2-small,att-kk,This is a midwife,8429
gpt2-small,att-kk,This is a midwife,This is a midwife
gpt2-small,att-kk,This is a midwife,This is a midwife
gpt2-small,att-kk,This is a midwife,10316
gpt2-small,att-kk,This is a midwife,10605
gpt2-small,att-kk,This is a midwife,10931
gpt2-small,att-kk,This is a midwife,11097
gpt2-small,att-kk,This is a midwife,1316
gpt2-small,att-kk,This is a midwife,14421
gpt2-small,att-kk,This is a midwife,14871
gpt2-small,att-kk,This is a midwife,17922
gpt2-small,att-kk,This is a midwife,19236
gpt2-small,att-kk,This is a midwife,20826
gpt2-small,att-kk,This is a midwife,22750
gpt2-small,att-kk,This is a midwife,26955
gpt2-small,att-kk,This is a midwife,2931
gpt2-small,att-kk,This is a midwife,3884
gpt2-small,att-kk,This is a midwife,5272
gpt2-small,att-kk,This is a midwife,5981
gpt2-small,att-kk,This is a midwife,6203
gpt2-small,att-kk,This is a midwife,8429
gpt2-small,att-kk,This is a mosque,10316
gpt2-small,att-kk,This is a mosque,1316
gpt2-small,att-kk,This is a mosque,14421
gpt2-small,att-kk,This is a mosque,14871
gpt2-small,att-kk,This is a mosque,17446
gpt2-small,att-kk,This is a mosque,17922
gpt2-small,att-kk,This is a mosque,19236
gpt2-small,att-kk,This is a mosque,19955
gpt2-small,att-kk,This is a mosque,20826
gpt2-small,att-kk,This is a mosque,26679
gpt2-small,att-kk,This is a mosque,2931
gpt2-small,att-kk,This is a mosque,345
gpt2-small,att-kk,This is a mosque,4310
gpt2-small,att-kk,This is a mosque,5272
gpt2-small,att-kk,This is a mosque,5981
gpt2-small,att-kk,This is a mosque,8429
gpt2-small,att-kk,This is a mosque,This is a mosque
gpt2-small,att-kk,This is a mosque,This is a mosque
gpt2-small,att-kk,This is a mosque,10316
gpt2-small,att-kk,This is a mosque,1316
gpt2-small,att-kk,This is a mosque,14421
gpt2-small,att-kk,This is a mosque,14871
gpt2-small,att-kk,This is a mosque,17446
gpt2-small,att-kk,This is a mosque,17922
gpt2-small,att-kk,This is a mosque,19236
gpt2-small,att-kk,This is a mosque,19955
gpt2-small,att-kk,This is a mosque,20826
gpt2-small,att-kk,This is a mosque,26679
gpt2-small,att-kk,This is a mosque,2931
gpt2-small,att-kk,This is a mosque,345
gpt2-small,att-kk,This is a mosque,4310
gpt2-small,att-kk,This is a mosque,5272
gpt2-small,att-kk,This is a mosque,5981
gpt2-small,att-kk,This is a mosque,8429
gpt2-small,att-kk,This is a muslim,10316
gpt2-small,att-kk,This is a muslim,11097
gpt2-small,att-kk,This is a muslim,13029
gpt2-small,att-kk,This is a muslim,1316
gpt2-small,att-kk,This is a muslim,14871
gpt2-small,att-kk,This is a muslim,17922
gpt2-small,att-kk,This is a muslim,18366
gpt2-small,att-kk,This is a muslim,19955
gpt2-small,att-kk,This is a muslim,20826
gpt2-small,att-kk,This is a muslim,2229
gpt2-small,att-kk,This is a muslim,26955
gpt2-small,att-kk,This is a muslim,2931
gpt2-small,att-kk,This is a muslim,3256
gpt2-small,att-kk,This is a muslim,5272
gpt2-small,att-kk,This is a muslim,5981
gpt2-small,att-kk,This is a muslim,8429
gpt2-small,att-kk,This is a muslim,This is a muslim
gpt2-small,att-kk,This is a muslim,This is a muslim
gpt2-small,att-kk,This is a muslim,10316
gpt2-small,att-kk,This is a muslim,11097
gpt2-small,att-kk,This is a muslim,13029
gpt2-small,att-kk,This is a muslim,1316
gpt2-small,att-kk,This is a muslim,14871
gpt2-small,att-kk,This is a muslim,17922
gpt2-small,att-kk,This is a muslim,18366
gpt2-small,att-kk,This is a muslim,19955
gpt2-small,att-kk,This is a muslim,20826
gpt2-small,att-kk,This is a muslim,2229
gpt2-small,att-kk,This is a muslim,26955
gpt2-small,att-kk,This is a muslim,2931
gpt2-small,att-kk,This is a muslim,3256
gpt2-small,att-kk,This is a muslim,5272
gpt2-small,att-kk,This is a muslim,5981
gpt2-small,att-kk,This is a muslim,8429
gpt2-small,att-kk,This is a nurse,10316
gpt2-small,att-kk,This is a nurse,11097
gpt2-small,att-kk,This is a nurse,1316
gpt2-small,att-kk,This is a nurse,14421
gpt2-small,att-kk,This is a nurse,14871
gpt2-small,att-kk,This is a nurse,17680
gpt2-small,att-kk,This is a nurse,17922
gpt2-small,att-kk,This is a nurse,19236
gpt2-small,att-kk,This is a nurse,19955
gpt2-small,att-kk,This is a nurse,20826
gpt2-small,att-kk,This is a nurse,23842
gpt2-small,att-kk,This is a nurse,4028
gpt2-small,att-kk,This is a nurse,4310
gpt2-small,att-kk,This is a nurse,5272
gpt2-small,att-kk,This is a nurse,5981
gpt2-small,att-kk,This is a nurse,8429
gpt2-small,att-kk,This is a nurse,This is a nurse
gpt2-small,att-kk,This is a nurse,This is a nurse
gpt2-small,att-kk,This is a nurse,10316
gpt2-small,att-kk,This is a nurse,11097
gpt2-small,att-kk,This is a nurse,1316
gpt2-small,att-kk,This is a nurse,14421
gpt2-small,att-kk,This is a nurse,14871
gpt2-small,att-kk,This is a nurse,17680
gpt2-small,att-kk,This is a nurse,17922
gpt2-small,att-kk,This is a nurse,19236
gpt2-small,att-kk,This is a nurse,19955
gpt2-small,att-kk,This is a nurse,20826
gpt2-small,att-kk,This is a nurse,23842
gpt2-small,att-kk,This is a nurse,4028
gpt2-small,att-kk,This is a nurse,4310
gpt2-small,att-kk,This is a nurse,5272
gpt2-small,att-kk,This is a nurse,5981
gpt2-small,att-kk,This is a nurse,8429
gpt2-small,att-kk,This is a pope,10316
gpt2-small,att-kk,This is a pope,1316
gpt2-small,att-kk,This is a pope,14871
gpt2-small,att-kk,This is a pope,17680
gpt2-small,att-kk,This is a pope,17922
gpt2-small,att-kk,This is a pope,19236
gpt2-small,att-kk,This is a pope,20826
gpt2-small,att-kk,This is a pope,2098
gpt2-small,att-kk,This is a pope,23842
gpt2-small,att-kk,This is a pope,2931
gpt2-small,att-kk,This is a pope,33389
gpt2-small,att-kk,This is a pope,3947
gpt2-small,att-kk,This is a pope,4310
gpt2-small,att-kk,This is a pope,5272
gpt2-small,att-kk,This is a pope,5981
gpt2-small,att-kk,This is a pope,8429
gpt2-small,att-kk,This is a pope,This is a pope
gpt2-small,att-kk,This is a pope,This is a pope
gpt2-small,att-kk,This is a pope,10316
gpt2-small,att-kk,This is a pope,1316
gpt2-small,att-kk,This is a pope,14871
gpt2-small,att-kk,This is a pope,17680
gpt2-small,att-kk,This is a pope,17922
gpt2-small,att-kk,This is a pope,19236
gpt2-small,att-kk,This is a pope,20826
gpt2-small,att-kk,This is a pope,2098
gpt2-small,att-kk,This is a pope,23842
gpt2-small,att-kk,This is a pope,2931
gpt2-small,att-kk,This is a pope,33389
gpt2-small,att-kk,This is a pope,3947
gpt2-small,att-kk,This is a pope,4310
gpt2-small,att-kk,This is a pope,5272
gpt2-small,att-kk,This is a pope,5981
gpt2-small,att-kk,This is a pope,8429
gpt2-small,att-kk,This is a professor,10316
gpt2-small,att-kk,This is a professor,11097
gpt2-small,att-kk,This is a professor,1316
gpt2-small,att-kk,This is a professor,14421
gpt2-small,att-kk,This is a professor,14871
gpt2-small,att-kk,This is a professor,17145
gpt2-small,att-kk,This is a professor,17922
gpt2-small,att-kk,This is a professor,19123
gpt2-small,att-kk,This is a professor,19236
gpt2-small,att-kk,This is a professor,20826
gpt2-small,att-kk,This is a professor,26955
gpt2-small,att-kk,This is a professor,2931
gpt2-small,att-kk,This is a professor,3178
gpt2-small,att-kk,This is a professor,4310
gpt2-small,att-kk,This is a professor,5272
gpt2-small,att-kk,This is a professor,5981
gpt2-small,att-kk,This is a professor,8429
gpt2-small,att-kk,This is a professor,This is a professor
gpt2-small,att-kk,This is a professor,This is a professor
gpt2-small,att-kk,This is a professor,10316
gpt2-small,att-kk,This is a professor,11097
gpt2-small,att-kk,This is a professor,1316
gpt2-small,att-kk,This is a professor,14421
gpt2-small,att-kk,This is a professor,14871
gpt2-small,att-kk,This is a professor,17145
gpt2-small,att-kk,This is a professor,17922
gpt2-small,att-kk,This is a professor,19123
gpt2-small,att-kk,This is a professor,19236
gpt2-small,att-kk,This is a professor,20826
gpt2-small,att-kk,This is a professor,26955
gpt2-small,att-kk,This is a professor,2931
gpt2-small,att-kk,This is a professor,3178
gpt2-small,att-kk,This is a professor,4310
gpt2-small,att-kk,This is a professor,5272
gpt2-small,att-kk,This is a professor,5981
gpt2-small,att-kk,This is a professor,8429
gpt2-small,att-kk,This is a programmer,10074
gpt2-small,att-kk,This is a programmer,10316
gpt2-small,att-kk,This is a programmer,11097
gpt2-small,att-kk,This is a programmer,12238
gpt2-small,att-kk,This is a programmer,1316
gpt2-small,att-kk,This is a programmer,14871
gpt2-small,att-kk,This is a programmer,17922
gpt2-small,att-kk,This is a programmer,19236
gpt2-small,att-kk,This is a programmer,19955
gpt2-small,att-kk,This is a programmer,20826
gpt2-small,att-kk,This is a programmer,23842
gpt2-small,att-kk,This is a programmer,26955
gpt2-small,att-kk,This is a programmer,2931
gpt2-small,att-kk,This is a programmer,4310
gpt2-small,att-kk,This is a programmer,5272
gpt2-small,att-kk,This is a programmer,5981
gpt2-small,att-kk,This is a programmer,8429
gpt2-small,att-kk,This is a programmer,This is a programmer
gpt2-small,att-kk,This is a programmer,This is a programmer
gpt2-small,att-kk,This is a programmer,10074
gpt2-small,att-kk,This is a programmer,10316
gpt2-small,att-kk,This is a programmer,11097
gpt2-small,att-kk,This is a programmer,12238
gpt2-small,att-kk,This is a programmer,1316
gpt2-small,att-kk,This is a programmer,14871
gpt2-small,att-kk,This is a programmer,17922
gpt2-small,att-kk,This is a programmer,19236
gpt2-small,att-kk,This is a programmer,19955
gpt2-small,att-kk,This is a programmer,20826
gpt2-small,att-kk,This is a programmer,23842
gpt2-small,att-kk,This is a programmer,26955
gpt2-small,att-kk,This is a programmer,2931
gpt2-small,att-kk,This is a programmer,4310
gpt2-small,att-kk,This is a programmer,5272
gpt2-small,att-kk,This is a programmer,5981
gpt2-small,att-kk,This is a programmer,8429
gpt2-small,att-kk,This is a queen,10316
gpt2-small,att-kk,This is a queen,11097
gpt2-small,att-kk,This is a queen,11815
gpt2-small,att-kk,This is a queen,1316
gpt2-small,att-kk,This is a queen,14871
gpt2-small,att-kk,This is a queen,17680
gpt2-small,att-kk,This is a queen,17922
gpt2-small,att-kk,This is a queen,18885
gpt2-small,att-kk,This is a queen,19232
gpt2-small,att-kk,This is a queen,19236
gpt2-small,att-kk,This is a queen,20826
gpt2-small,att-kk,This is a queen,2931
gpt2-small,att-kk,This is a queen,4310
gpt2-small,att-kk,This is a queen,4801
gpt2-small,att-kk,This is a queen,5272
gpt2-small,att-kk,This is a queen,5981
gpt2-small,att-kk,This is a queen,8429
gpt2-small,att-kk,This is a queen,This is a queen
gpt2-small,att-kk,This is a queen,This is a queen
gpt2-small,att-kk,This is a queen,10316
gpt2-small,att-kk,This is a queen,11097
gpt2-small,att-kk,This is a queen,11815
gpt2-small,att-kk,This is a queen,1316
gpt2-small,att-kk,This is a queen,14871
gpt2-small,att-kk,This is a queen,17680
gpt2-small,att-kk,This is a queen,17922
gpt2-small,att-kk,This is a queen,18885
gpt2-small,att-kk,This is a queen,19232
gpt2-small,att-kk,This is a queen,19236
gpt2-small,att-kk,This is a queen,20826
gpt2-small,att-kk,This is a queen,2931
gpt2-small,att-kk,This is a queen,4310
gpt2-small,att-kk,This is a queen,4801
gpt2-small,att-kk,This is a queen,5272
gpt2-small,att-kk,This is a queen,5981
gpt2-small,att-kk,This is a queen,8429
gpt2-small,att-kk,This is a quran,10316
gpt2-small,att-kk,This is a quran,11097
gpt2-small,att-kk,This is a quran,1316
gpt2-small,att-kk,This is a quran,14871
gpt2-small,att-kk,This is a quran,15792
gpt2-small,att-kk,This is a quran,17446
gpt2-small,att-kk,This is a quran,17922
gpt2-small,att-kk,This is a quran,18366
gpt2-small,att-kk,This is a quran,19236
gpt2-small,att-kk,This is a quran,20826
gpt2-small,att-kk,This is a quran,23842
gpt2-small,att-kk,This is a quran,26955
gpt2-small,att-kk,This is a quran,4310
gpt2-small,att-kk,This is a quran,5272
gpt2-small,att-kk,This is a quran,7603
gpt2-small,att-kk,This is a quran,8429
gpt2-small,att-kk,This is a quran,9581
gpt2-small,att-kk,This is a quran,This is a quran
gpt2-small,att-kk,This is a quran,This is a quran
gpt2-small,att-kk,This is a quran,10316
gpt2-small,att-kk,This is a quran,11097
gpt2-small,att-kk,This is a quran,1316
gpt2-small,att-kk,This is a quran,14871
gpt2-small,att-kk,This is a quran,15792
gpt2-small,att-kk,This is a quran,17446
gpt2-small,att-kk,This is a quran,17922
gpt2-small,att-kk,This is a quran,18366
gpt2-small,att-kk,This is a quran,19236
gpt2-small,att-kk,This is a quran,20826
gpt2-small,att-kk,This is a quran,23842
gpt2-small,att-kk,This is a quran,26955
gpt2-small,att-kk,This is a quran,4310
gpt2-small,att-kk,This is a quran,5272
gpt2-small,att-kk,This is a quran,7603
gpt2-small,att-kk,This is a quran,8429
gpt2-small,att-kk,This is a quran,9581
gpt2-small,att-kk,This is a receptionist,10316
gpt2-small,att-kk,This is a receptionist,10510
gpt2-small,att-kk,This is a receptionist,11097
gpt2-small,att-kk,This is a receptionist,11815
gpt2-small,att-kk,This is a receptionist,1316
gpt2-small,att-kk,This is a receptionist,14421
gpt2-small,att-kk,This is a receptionist,14871
gpt2-small,att-kk,This is a receptionist,17922
gpt2-small,att-kk,This is a receptionist,19236
gpt2-small,att-kk,This is a receptionist,20826
gpt2-small,att-kk,This is a receptionist,23842
gpt2-small,att-kk,This is a receptionist,5272
gpt2-small,att-kk,This is a receptionist,551
gpt2-small,att-kk,This is a receptionist,5981
gpt2-small,att-kk,This is a receptionist,8429
gpt2-small,att-kk,This is a receptionist,This is a receptionist
gpt2-small,att-kk,This is a receptionist,This is a receptionist
gpt2-small,att-kk,This is a receptionist,10316
gpt2-small,att-kk,This is a receptionist,10510
gpt2-small,att-kk,This is a receptionist,11097
gpt2-small,att-kk,This is a receptionist,11815
gpt2-small,att-kk,This is a receptionist,1316
gpt2-small,att-kk,This is a receptionist,14421
gpt2-small,att-kk,This is a receptionist,14871
gpt2-small,att-kk,This is a receptionist,17922
gpt2-small,att-kk,This is a receptionist,19236
gpt2-small,att-kk,This is a receptionist,20826
gpt2-small,att-kk,This is a receptionist,23842
gpt2-small,att-kk,This is a receptionist,5272
gpt2-small,att-kk,This is a receptionist,551
gpt2-small,att-kk,This is a receptionist,5981
gpt2-small,att-kk,This is a receptionist,8429
gpt2-small,att-kk,This is a sacrament,10316
gpt2-small,att-kk,This is a sacrament,11097
gpt2-small,att-kk,This is a sacrament,11616
gpt2-small,att-kk,This is a sacrament,1316
gpt2-small,att-kk,This is a sacrament,14421
gpt2-small,att-kk,This is a sacrament,14871
gpt2-small,att-kk,This is a sacrament,17680
gpt2-small,att-kk,This is a sacrament,17922
gpt2-small,att-kk,This is a sacrament,19236
gpt2-small,att-kk,This is a sacrament,23842
gpt2-small,att-kk,This is a sacrament,26679
gpt2-small,att-kk,This is a sacrament,2931
gpt2-small,att-kk,This is a sacrament,4872
gpt2-small,att-kk,This is a sacrament,5272
gpt2-small,att-kk,This is a sacrament,5981
gpt2-small,att-kk,This is a sacrament,6946
gpt2-small,att-kk,This is a sacrament,8429
gpt2-small,att-kk,This is a sacrament,This is a sacrament
gpt2-small,att-kk,This is a sacrament,This is a sacrament
gpt2-small,att-kk,This is a sacrament,10316
gpt2-small,att-kk,This is a sacrament,11097
gpt2-small,att-kk,This is a sacrament,11616
gpt2-small,att-kk,This is a sacrament,1316
gpt2-small,att-kk,This is a sacrament,14421
gpt2-small,att-kk,This is a sacrament,14871
gpt2-small,att-kk,This is a sacrament,17680
gpt2-small,att-kk,This is a sacrament,17922
gpt2-small,att-kk,This is a sacrament,19236
gpt2-small,att-kk,This is a sacrament,23842
gpt2-small,att-kk,This is a sacrament,26679
gpt2-small,att-kk,This is a sacrament,2931
gpt2-small,att-kk,This is a sacrament,4872
gpt2-small,att-kk,This is a sacrament,5272
gpt2-small,att-kk,This is a sacrament,5981
gpt2-small,att-kk,This is a sacrament,6946
gpt2-small,att-kk,This is a sacrament,8429
gpt2-small,att-kk,This is a son,10074
gpt2-small,att-kk,This is a son,10316
gpt2-small,att-kk,This is a son,11097
gpt2-small,att-kk,This is a son,1316
gpt2-small,att-kk,This is a son,14871
gpt2-small,att-kk,This is a son,17922
gpt2-small,att-kk,This is a son,18366
gpt2-small,att-kk,This is a son,18744
gpt2-small,att-kk,This is a son,19236
gpt2-small,att-kk,This is a son,20826
gpt2-small,att-kk,This is a son,23842
gpt2-small,att-kk,This is a son,2791
gpt2-small,att-kk,This is a son,4310
gpt2-small,att-kk,This is a son,5272
gpt2-small,att-kk,This is a son,5981
gpt2-small,att-kk,This is a son,8618
gpt2-small,att-kk,This is a son,This is a son
gpt2-small,att-kk,This is a son,This is a son
gpt2-small,att-kk,This is a son,10074
gpt2-small,att-kk,This is a son,10316
gpt2-small,att-kk,This is a son,11097
gpt2-small,att-kk,This is a son,1316
gpt2-small,att-kk,This is a son,14871
gpt2-small,att-kk,This is a son,17922
gpt2-small,att-kk,This is a son,18366
gpt2-small,att-kk,This is a son,18744
gpt2-small,att-kk,This is a son,19236
gpt2-small,att-kk,This is a son,20826
gpt2-small,att-kk,This is a son,23842
gpt2-small,att-kk,This is a son,2791
gpt2-small,att-kk,This is a son,4310
gpt2-small,att-kk,This is a son,5272
gpt2-small,att-kk,This is a son,5981
gpt2-small,att-kk,This is a son,8618
gpt2-small,att-kk,This is a synagogue,10316
gpt2-small,att-kk,This is a synagogue,1316
gpt2-small,att-kk,This is a synagogue,14421
gpt2-small,att-kk,This is a synagogue,14871
gpt2-small,att-kk,This is a synagogue,17922
gpt2-small,att-kk,This is a synagogue,19236
gpt2-small,att-kk,This is a synagogue,19955
gpt2-small,att-kk,This is a synagogue,20826
gpt2-small,att-kk,This is a synagogue,23842
gpt2-small,att-kk,This is a synagogue,2931
gpt2-small,att-kk,This is a synagogue,4123
gpt2-small,att-kk,This is a synagogue,4310
gpt2-small,att-kk,This is a synagogue,5272
gpt2-small,att-kk,This is a synagogue,5981
gpt2-small,att-kk,This is a synagogue,6946
gpt2-small,att-kk,This is a synagogue,8429
gpt2-small,att-kk,This is a synagogue,9480
gpt2-small,att-kk,This is a synagogue,This is a synagogue
gpt2-small,att-kk,This is a synagogue,This is a synagogue
gpt2-small,att-kk,This is a synagogue,10316
gpt2-small,att-kk,This is a synagogue,1316
gpt2-small,att-kk,This is a synagogue,14421
gpt2-small,att-kk,This is a synagogue,14871
gpt2-small,att-kk,This is a synagogue,17922
gpt2-small,att-kk,This is a synagogue,19236
gpt2-small,att-kk,This is a synagogue,19955
gpt2-small,att-kk,This is a synagogue,20826
gpt2-small,att-kk,This is a synagogue,23842
gpt2-small,att-kk,This is a synagogue,2931
gpt2-small,att-kk,This is a synagogue,4123
gpt2-small,att-kk,This is a synagogue,4310
gpt2-small,att-kk,This is a synagogue,5272
gpt2-small,att-kk,This is a synagogue,5981
gpt2-small,att-kk,This is a synagogue,6946
gpt2-small,att-kk,This is a synagogue,8429
gpt2-small,att-kk,This is a synagogue,9480
gpt2-small,att-kk,This is a talmud,10316
gpt2-small,att-kk,This is a talmud,11097
gpt2-small,att-kk,This is a talmud,11815
gpt2-small,att-kk,This is a talmud,12802
gpt2-small,att-kk,This is a talmud,1316
gpt2-small,att-kk,This is a talmud,14871
gpt2-small,att-kk,This is a talmud,17680
gpt2-small,att-kk,This is a talmud,17922
gpt2-small,att-kk,This is a talmud,18366
gpt2-small,att-kk,This is a talmud,19236
gpt2-small,att-kk,This is a talmud,20826
gpt2-small,att-kk,This is a talmud,2931
gpt2-small,att-kk,This is a talmud,4310
gpt2-small,att-kk,This is a talmud,5272
gpt2-small,att-kk,This is a talmud,5981
gpt2-small,att-kk,This is a talmud,8429
gpt2-small,att-kk,This is a talmud,This is a talmud
gpt2-small,att-kk,This is a talmud,This is a talmud
gpt2-small,att-kk,This is a talmud,10316
gpt2-small,att-kk,This is a talmud,11097
gpt2-small,att-kk,This is a talmud,11815
gpt2-small,att-kk,This is a talmud,12802
gpt2-small,att-kk,This is a talmud,1316
gpt2-small,att-kk,This is a talmud,14871
gpt2-small,att-kk,This is a talmud,17680
gpt2-small,att-kk,This is a talmud,17922
gpt2-small,att-kk,This is a talmud,18366
gpt2-small,att-kk,This is a talmud,19236
gpt2-small,att-kk,This is a talmud,20826
gpt2-small,att-kk,This is a talmud,2931
gpt2-small,att-kk,This is a talmud,4310
gpt2-small,att-kk,This is a talmud,5272
gpt2-small,att-kk,This is a talmud,5981
gpt2-small,att-kk,This is a talmud,8429
gpt2-small,att-kk,This is a temple,10226
gpt2-small,att-kk,This is a temple,10316
gpt2-small,att-kk,This is a temple,11097
gpt2-small,att-kk,This is a temple,1316
gpt2-small,att-kk,This is a temple,14421
gpt2-small,att-kk,This is a temple,14871
gpt2-small,att-kk,This is a temple,17922
gpt2-small,att-kk,This is a temple,19236
gpt2-small,att-kk,This is a temple,19745
gpt2-small,att-kk,This is a temple,20826
gpt2-small,att-kk,This is a temple,2229
gpt2-small,att-kk,This is a temple,23842
gpt2-small,att-kk,This is a temple,4310
gpt2-small,att-kk,This is a temple,5272
gpt2-small,att-kk,This is a temple,5981
gpt2-small,att-kk,This is a temple,6760
gpt2-small,att-kk,This is a temple,8429
gpt2-small,att-kk,This is a temple,This is a temple
gpt2-small,att-kk,This is a temple,This is a temple
gpt2-small,att-kk,This is a temple,10226
gpt2-small,att-kk,This is a temple,10316
gpt2-small,att-kk,This is a temple,11097
gpt2-small,att-kk,This is a temple,1316
gpt2-small,att-kk,This is a temple,14421
gpt2-small,att-kk,This is a temple,14871
gpt2-small,att-kk,This is a temple,17922
gpt2-small,att-kk,This is a temple,19236
gpt2-small,att-kk,This is a temple,19745
gpt2-small,att-kk,This is a temple,20826
gpt2-small,att-kk,This is a temple,2229
gpt2-small,att-kk,This is a temple,23842
gpt2-small,att-kk,This is a temple,4310
gpt2-small,att-kk,This is a temple,5272
gpt2-small,att-kk,This is a temple,5981
gpt2-small,att-kk,This is a temple,6760
gpt2-small,att-kk,This is a temple,8429
gpt2-small,att-kk,This is a terrorist,10074
gpt2-small,att-kk,This is a terrorist,10316
gpt2-small,att-kk,This is a terrorist,11097
gpt2-small,att-kk,This is a terrorist,1316
gpt2-small,att-kk,This is a terrorist,14421
gpt2-small,att-kk,This is a terrorist,14871
gpt2-small,att-kk,This is a terrorist,17446
gpt2-small,att-kk,This is a terrorist,17922
gpt2-small,att-kk,This is a terrorist,19236
gpt2-small,att-kk,This is a terrorist,19955
gpt2-small,att-kk,This is a terrorist,20826
gpt2-small,att-kk,This is a terrorist,26679
gpt2-small,att-kk,This is a terrorist,26955
gpt2-small,att-kk,This is a terrorist,2931
gpt2-small,att-kk,This is a terrorist,5272
gpt2-small,att-kk,This is a terrorist,This is a terrorist
gpt2-small,att-kk,This is a terrorist,This is a terrorist
gpt2-small,att-kk,This is a terrorist,10074
gpt2-small,att-kk,This is a terrorist,10316
gpt2-small,att-kk,This is a terrorist,11097
gpt2-small,att-kk,This is a terrorist,1316
gpt2-small,att-kk,This is a terrorist,14421
gpt2-small,att-kk,This is a terrorist,14871
gpt2-small,att-kk,This is a terrorist,17446
gpt2-small,att-kk,This is a terrorist,17922
gpt2-small,att-kk,This is a terrorist,19236
gpt2-small,att-kk,This is a terrorist,19955
gpt2-small,att-kk,This is a terrorist,20826
gpt2-small,att-kk,This is a terrorist,26679
gpt2-small,att-kk,This is a terrorist,26955
gpt2-small,att-kk,This is a terrorist,2931
gpt2-small,att-kk,This is a terrorist,5272
gpt2-small,att-kk,This is a torah,10316
gpt2-small,att-kk,This is a torah,12414
gpt2-small,att-kk,This is a torah,12802
gpt2-small,att-kk,This is a torah,1316
gpt2-small,att-kk,This is a torah,1487
gpt2-small,att-kk,This is a torah,14871
gpt2-small,att-kk,This is a torah,15195
gpt2-small,att-kk,This is a torah,17922
gpt2-small,att-kk,This is a torah,18366
gpt2-small,att-kk,This is a torah,20826
gpt2-small,att-kk,This is a torah,23842
gpt2-small,att-kk,This is a torah,4310
gpt2-small,att-kk,This is a torah,5272
gpt2-small,att-kk,This is a torah,5981
gpt2-small,att-kk,This is a torah,8429
gpt2-small,att-kk,This is a torah,9480
gpt2-small,att-kk,This is a torah,This is a torah
gpt2-small,att-kk,This is a torah,This is a torah
gpt2-small,att-kk,This is a torah,10316
gpt2-small,att-kk,This is a torah,12414
gpt2-small,att-kk,This is a torah,12802
gpt2-small,att-kk,This is a torah,1316
gpt2-small,att-kk,This is a torah,1487
gpt2-small,att-kk,This is a torah,14871
gpt2-small,att-kk,This is a torah,15195
gpt2-small,att-kk,This is a torah,17922
gpt2-small,att-kk,This is a torah,18366
gpt2-small,att-kk,This is a torah,20826
gpt2-small,att-kk,This is a torah,23842
gpt2-small,att-kk,This is a torah,4310
gpt2-small,att-kk,This is a torah,5272
gpt2-small,att-kk,This is a torah,5981
gpt2-small,att-kk,This is a torah,8429
gpt2-small,att-kk,This is a torah,9480
gpt2-small,att-kk,This is a victim,10680
gpt2-small,att-kk,This is a victim,108
gpt2-small,att-kk,This is a victim,10983
gpt2-small,att-kk,This is a victim,1232
gpt2-small,att-kk,This is a victim,1314
gpt2-small,att-kk,This is a victim,1496
gpt2-small,att-kk,This is a victim,16549
gpt2-small,att-kk,This is a victim,18744
gpt2-small,att-kk,This is a victim,19236
gpt2-small,att-kk,This is a victim,19587
gpt2-small,att-kk,This is a victim,19955
gpt2-small,att-kk,This is a victim,21052
gpt2-small,att-kk,This is a victim,2229
gpt2-small,att-kk,This is a victim,23316
gpt2-small,att-kk,This is a victim,3178
gpt2-small,att-kk,This is a victim,5272
gpt2-small,att-kk,This is a victim,6946
gpt2-small,att-kk,This is a victim,8429
gpt2-small,att-kk,This is a victim,This is a victim
gpt2-small,att-kk,This is a victim,This is a victim
gpt2-small,att-kk,This is a victim,10680
gpt2-small,att-kk,This is a victim,108
gpt2-small,att-kk,This is a victim,10983
gpt2-small,att-kk,This is a victim,1232
gpt2-small,att-kk,This is a victim,1314
gpt2-small,att-kk,This is a victim,1496
gpt2-small,att-kk,This is a victim,16549
gpt2-small,att-kk,This is a victim,18744
gpt2-small,att-kk,This is a victim,19236
gpt2-small,att-kk,This is a victim,19587
gpt2-small,att-kk,This is a victim,19955
gpt2-small,att-kk,This is a victim,21052
gpt2-small,att-kk,This is a victim,2229
gpt2-small,att-kk,This is a victim,23316
gpt2-small,att-kk,This is a victim,3178
gpt2-small,att-kk,This is a victim,5272
gpt2-small,att-kk,This is a victim,6946
gpt2-small,att-kk,This is a victim,8429
gpt2-small,att-kk,This is a wife,10316
gpt2-small,att-kk,This is a wife,11097
gpt2-small,att-kk,This is a wife,12238
gpt2-small,att-kk,This is a wife,1316
gpt2-small,att-kk,This is a wife,14421
gpt2-small,att-kk,This is a wife,14871
gpt2-small,att-kk,This is a wife,17922
gpt2-small,att-kk,This is a wife,19236
gpt2-small,att-kk,This is a wife,20826
gpt2-small,att-kk,This is a wife,26955
gpt2-small,att-kk,This is a wife,2931
gpt2-small,att-kk,This is a wife,5272
gpt2-small,att-kk,This is a wife,5981
gpt2-small,att-kk,This is a wife,8429
gpt2-small,att-kk,This is a wife,8618
gpt2-small,att-kk,This is a wife,This is a wife
gpt2-small,att-kk,This is a wife,This is a wife
gpt2-small,att-kk,This is a wife,10316
gpt2-small,att-kk,This is a wife,11097
gpt2-small,att-kk,This is a wife,12238
gpt2-small,att-kk,This is a wife,1316
gpt2-small,att-kk,This is a wife,14421
gpt2-small,att-kk,This is a wife,14871
gpt2-small,att-kk,This is a wife,17922
gpt2-small,att-kk,This is a wife,19236
gpt2-small,att-kk,This is a wife,20826
gpt2-small,att-kk,This is a wife,26955
gpt2-small,att-kk,This is a wife,2931
gpt2-small,att-kk,This is a wife,5272
gpt2-small,att-kk,This is a wife,5981
gpt2-small,att-kk,This is a wife,8429
gpt2-small,att-kk,This is a wife,8618
gpt2-small,att-kk,This is a woman,10316
gpt2-small,att-kk,This is a woman,11097
gpt2-small,att-kk,This is a woman,1316
gpt2-small,att-kk,This is a woman,14421
gpt2-small,att-kk,This is a woman,14456
gpt2-small,att-kk,This is a woman,14871
gpt2-small,att-kk,This is a woman,1496
gpt2-small,att-kk,This is a woman,17922
gpt2-small,att-kk,This is a woman,19236
gpt2-small,att-kk,This is a woman,20826
gpt2-small,att-kk,This is a woman,2931
gpt2-small,att-kk,This is a woman,4310
gpt2-small,att-kk,This is a woman,5272
gpt2-small,att-kk,This is a woman,5674
gpt2-small,att-kk,This is a woman,5981
gpt2-small,att-kk,This is a woman,6082
gpt2-small,att-kk,This is a woman,8429
gpt2-small,att-kk,This is a woman,This is a woman
gpt2-small,att-kk,This is a woman,This is a woman
gpt2-small,att-kk,This is a woman,10316
gpt2-small,att-kk,This is a woman,11097
gpt2-small,att-kk,This is a woman,1316
gpt2-small,att-kk,This is a woman,14421
gpt2-small,att-kk,This is a woman,14456
gpt2-small,att-kk,This is a woman,14871
gpt2-small,att-kk,This is a woman,1496
gpt2-small,att-kk,This is a woman,17922
gpt2-small,att-kk,This is a woman,19236
gpt2-small,att-kk,This is a woman,20826
gpt2-small,att-kk,This is a woman,2931
gpt2-small,att-kk,This is a woman,4310
gpt2-small,att-kk,This is a woman,5272
gpt2-small,att-kk,This is a woman,5674
gpt2-small,att-kk,This is a woman,5981
gpt2-small,att-kk,This is a woman,6082
gpt2-small,att-kk,This is a woman,8429
gpt2-small,att-kk,This is allah,10931
gpt2-small,att-kk,This is allah,1232
gpt2-small,att-kk,This is allah,1314
gpt2-small,att-kk,This is allah,1316
gpt2-small,att-kk,This is allah,13803
gpt2-small,att-kk,This is allah,17922
gpt2-small,att-kk,This is allah,18744
gpt2-small,att-kk,This is allah,19236
gpt2-small,att-kk,This is allah,20701
gpt2-small,att-kk,This is allah,20826
gpt2-small,att-kk,This is allah,21052
gpt2-small,att-kk,This is allah,21978
gpt2-small,att-kk,This is allah,22221
gpt2-small,att-kk,This is allah,23578
gpt2-small,att-kk,This is allah,3178
gpt2-small,att-kk,This is allah,5272
gpt2-small,att-kk,This is allah,5674
gpt2-small,att-kk,This is allah,5981
gpt2-small,att-kk,This is allah,6343
gpt2-small,att-kk,This is allah,8429
gpt2-small,att-kk,This is allah,This is allah
gpt2-small,att-kk,This is allah,This is allah
gpt2-small,att-kk,This is allah,10931
gpt2-small,att-kk,This is allah,1232
gpt2-small,att-kk,This is allah,1314
gpt2-small,att-kk,This is allah,1316
gpt2-small,att-kk,This is allah,13803
gpt2-small,att-kk,This is allah,17922
gpt2-small,att-kk,This is allah,18744
gpt2-small,att-kk,This is allah,19236
gpt2-small,att-kk,This is allah,20701
gpt2-small,att-kk,This is allah,20826
gpt2-small,att-kk,This is allah,21052
gpt2-small,att-kk,This is allah,21978
gpt2-small,att-kk,This is allah,22221
gpt2-small,att-kk,This is allah,23578
gpt2-small,att-kk,This is allah,3178
gpt2-small,att-kk,This is allah,5272
gpt2-small,att-kk,This is allah,5674
gpt2-small,att-kk,This is allah,5981
gpt2-small,att-kk,This is allah,6343
gpt2-small,att-kk,This is allah,8429
gpt2-small,att-kk,This is an assistant,10316
gpt2-small,att-kk,This is an assistant,11097
gpt2-small,att-kk,This is an assistant,12238
gpt2-small,att-kk,This is an assistant,1316
gpt2-small,att-kk,This is an assistant,14421
gpt2-small,att-kk,This is an assistant,17922
gpt2-small,att-kk,This is an assistant,19236
gpt2-small,att-kk,This is an assistant,20826
gpt2-small,att-kk,This is an assistant,21644
gpt2-small,att-kk,This is an assistant,2229
gpt2-small,att-kk,This is an assistant,23842
gpt2-small,att-kk,This is an assistant,26955
gpt2-small,att-kk,This is an assistant,2931
gpt2-small,att-kk,This is an assistant,5272
gpt2-small,att-kk,This is an assistant,5981
gpt2-small,att-kk,This is an assistant,8429
gpt2-small,att-kk,This is an assistant,This is an assistant
gpt2-small,att-kk,This is an assistant,This is an assistant
gpt2-small,att-kk,This is an assistant,10316
gpt2-small,att-kk,This is an assistant,11097
gpt2-small,att-kk,This is an assistant,12238
gpt2-small,att-kk,This is an assistant,1316
gpt2-small,att-kk,This is an assistant,14421
gpt2-small,att-kk,This is an assistant,17922
gpt2-small,att-kk,This is an assistant,19236
gpt2-small,att-kk,This is an assistant,20826
gpt2-small,att-kk,This is an assistant,21644
gpt2-small,att-kk,This is an assistant,2229
gpt2-small,att-kk,This is an assistant,23842
gpt2-small,att-kk,This is an assistant,26955
gpt2-small,att-kk,This is an assistant,2931
gpt2-small,att-kk,This is an assistant,5272
gpt2-small,att-kk,This is an assistant,5981
gpt2-small,att-kk,This is an assistant,8429
gpt2-small,att-kk,This is an attack,10680
gpt2-small,att-kk,This is an attack,10983
gpt2-small,att-kk,This is an attack,1232
gpt2-small,att-kk,This is an attack,1314
gpt2-small,att-kk,This is an attack,1496
gpt2-small,att-kk,This is an attack,16549
gpt2-small,att-kk,This is an attack,18744
gpt2-small,att-kk,This is an attack,19236
gpt2-small,att-kk,This is an attack,19587
gpt2-small,att-kk,This is an attack,19955
gpt2-small,att-kk,This is an attack,21052
gpt2-small,att-kk,This is an attack,22221
gpt2-small,att-kk,This is an attack,2229
gpt2-small,att-kk,This is an attack,23316
gpt2-small,att-kk,This is an attack,3178
gpt2-small,att-kk,This is an attack,5272
gpt2-small,att-kk,This is an attack,6946
gpt2-small,att-kk,This is an attack,8429
gpt2-small,att-kk,This is an attack,This is an attack
gpt2-small,att-kk,This is an attack,This is an attack
gpt2-small,att-kk,This is an attack,10680
gpt2-small,att-kk,This is an attack,10983
gpt2-small,att-kk,This is an attack,1232
gpt2-small,att-kk,This is an attack,1314
gpt2-small,att-kk,This is an attack,1496
gpt2-small,att-kk,This is an attack,16549
gpt2-small,att-kk,This is an attack,18744
gpt2-small,att-kk,This is an attack,19236
gpt2-small,att-kk,This is an attack,19587
gpt2-small,att-kk,This is an attack,19955
gpt2-small,att-kk,This is an attack,21052
gpt2-small,att-kk,This is an attack,22221
gpt2-small,att-kk,This is an attack,2229
gpt2-small,att-kk,This is an attack,23316
gpt2-small,att-kk,This is an attack,3178
gpt2-small,att-kk,This is an attack,5272
gpt2-small,att-kk,This is an attack,6946
gpt2-small,att-kk,This is an attack,8429
gpt2-small,att-kk,This is an engineer,10316
gpt2-small,att-kk,This is an engineer,11097
gpt2-small,att-kk,This is an engineer,12238
gpt2-small,att-kk,This is an engineer,1316
gpt2-small,att-kk,This is an engineer,17922
gpt2-small,att-kk,This is an engineer,18360
gpt2-small,att-kk,This is an engineer,19232
gpt2-small,att-kk,This is an engineer,19236
gpt2-small,att-kk,This is an engineer,20826
gpt2-small,att-kk,This is an engineer,23842
gpt2-small,att-kk,This is an engineer,26955
gpt2-small,att-kk,This is an engineer,2931
gpt2-small,att-kk,This is an engineer,4310
gpt2-small,att-kk,This is an engineer,45751
gpt2-small,att-kk,This is an engineer,5272
gpt2-small,att-kk,This is an engineer,5981
gpt2-small,att-kk,This is an engineer,8429
gpt2-small,att-kk,This is an engineer,This is an engineer
gpt2-small,att-kk,This is an engineer,This is an engineer
gpt2-small,att-kk,This is an engineer,10316
gpt2-small,att-kk,This is an engineer,11097
gpt2-small,att-kk,This is an engineer,12238
gpt2-small,att-kk,This is an engineer,1316
gpt2-small,att-kk,This is an engineer,17922
gpt2-small,att-kk,This is an engineer,18360
gpt2-small,att-kk,This is an engineer,19232
gpt2-small,att-kk,This is an engineer,19236
gpt2-small,att-kk,This is an engineer,20826
gpt2-small,att-kk,This is an engineer,23842
gpt2-small,att-kk,This is an engineer,26955
gpt2-small,att-kk,This is an engineer,2931
gpt2-small,att-kk,This is an engineer,4310
gpt2-small,att-kk,This is an engineer,45751
gpt2-small,att-kk,This is an engineer,5272
gpt2-small,att-kk,This is an engineer,5981
gpt2-small,att-kk,This is an engineer,8429
gpt2-small,att-kk,This is christianity,1316
gpt2-small,att-kk,This is christianity,17922
gpt2-small,att-kk,This is christianity,18035
gpt2-small,att-kk,This is christianity,18366
gpt2-small,att-kk,This is christianity,19236
gpt2-small,att-kk,This is christianity,19955
gpt2-small,att-kk,This is christianity,20826
gpt2-small,att-kk,This is christianity,2141
gpt2-small,att-kk,This is christianity,2931
gpt2-small,att-kk,This is christianity,3178
gpt2-small,att-kk,This is christianity,35355
gpt2-small,att-kk,This is christianity,35850
gpt2-small,att-kk,This is christianity,5272
gpt2-small,att-kk,This is christianity,5981
gpt2-small,att-kk,This is christianity,8429
gpt2-small,att-kk,This is christianity,This is christianity
gpt2-small,att-kk,This is christianity,This is christianity
gpt2-small,att-kk,This is christianity,1316
gpt2-small,att-kk,This is christianity,17922
gpt2-small,att-kk,This is christianity,18035
gpt2-small,att-kk,This is christianity,18366
gpt2-small,att-kk,This is christianity,19236
gpt2-small,att-kk,This is christianity,19955
gpt2-small,att-kk,This is christianity,20826
gpt2-small,att-kk,This is christianity,2141
gpt2-small,att-kk,This is christianity,2931
gpt2-small,att-kk,This is christianity,3178
gpt2-small,att-kk,This is christianity,35355
gpt2-small,att-kk,This is christianity,35850
gpt2-small,att-kk,This is christianity,5272
gpt2-small,att-kk,This is christianity,5981
gpt2-small,att-kk,This is christianity,8429
gpt2-small,att-kk,This is cocaine,12238
gpt2-small,att-kk,This is cocaine,12752
gpt2-small,att-kk,This is cocaine,1314
gpt2-small,att-kk,This is cocaine,1316
gpt2-small,att-kk,This is cocaine,15488
gpt2-small,att-kk,This is cocaine,17922
gpt2-small,att-kk,This is cocaine,19232
gpt2-small,att-kk,This is cocaine,19236
gpt2-small,att-kk,This is cocaine,19955
gpt2-small,att-kk,This is cocaine,20826
gpt2-small,att-kk,This is cocaine,21443
gpt2-small,att-kk,This is cocaine,21978
gpt2-small,att-kk,This is cocaine,2810
gpt2-small,att-kk,This is cocaine,2931
gpt2-small,att-kk,This is cocaine,3155
gpt2-small,att-kk,This is cocaine,3178
gpt2-small,att-kk,This is cocaine,35850
gpt2-small,att-kk,This is cocaine,5272
gpt2-small,att-kk,This is cocaine,8429
gpt2-small,att-kk,This is cocaine,8573
gpt2-small,att-kk,This is cocaine,This is cocaine
gpt2-small,att-kk,This is cocaine,This is cocaine
gpt2-small,att-kk,This is cocaine,12238
gpt2-small,att-kk,This is cocaine,12752
gpt2-small,att-kk,This is cocaine,1314
gpt2-small,att-kk,This is cocaine,1316
gpt2-small,att-kk,This is cocaine,15488
gpt2-small,att-kk,This is cocaine,17922
gpt2-small,att-kk,This is cocaine,19232
gpt2-small,att-kk,This is cocaine,19236
gpt2-small,att-kk,This is cocaine,19955
gpt2-small,att-kk,This is cocaine,20826
gpt2-small,att-kk,This is cocaine,21443
gpt2-small,att-kk,This is cocaine,21978
gpt2-small,att-kk,This is cocaine,2810
gpt2-small,att-kk,This is cocaine,2931
gpt2-small,att-kk,This is cocaine,3155
gpt2-small,att-kk,This is cocaine,3178
gpt2-small,att-kk,This is cocaine,35850
gpt2-small,att-kk,This is cocaine,5272
gpt2-small,att-kk,This is cocaine,8429
gpt2-small,att-kk,This is cocaine,8573
gpt2-small,att-kk,this is female,10931
gpt2-small,att-kk,this is female,1232
gpt2-small,att-kk,this is female,1238
gpt2-small,att-kk,this is female,12647
gpt2-small,att-kk,this is female,13121
gpt2-small,att-kk,this is female,1314
gpt2-small,att-kk,this is female,1316
gpt2-small,att-kk,this is female,17213
gpt2-small,att-kk,this is female,18437
gpt2-small,att-kk,this is female,18744
gpt2-small,att-kk,this is female,19236
gpt2-small,att-kk,this is female,19357
gpt2-small,att-kk,this is female,19955
gpt2-small,att-kk,this is female,23448
gpt2-small,att-kk,this is female,2931
gpt2-small,att-kk,this is female,3178
gpt2-small,att-kk,this is female,5710
gpt2-small,att-kk,this is female,8429
gpt2-small,att-kk,this is female,this is female
gpt2-small,att-kk,this is female,this is female
gpt2-small,att-kk,this is female,10931
gpt2-small,att-kk,this is female,1232
gpt2-small,att-kk,this is female,1238
gpt2-small,att-kk,this is female,12647
gpt2-small,att-kk,this is female,13121
gpt2-small,att-kk,this is female,1314
gpt2-small,att-kk,this is female,1316
gpt2-small,att-kk,this is female,17213
gpt2-small,att-kk,this is female,18437
gpt2-small,att-kk,this is female,18744
gpt2-small,att-kk,this is female,19236
gpt2-small,att-kk,this is female,19357
gpt2-small,att-kk,this is female,19955
gpt2-small,att-kk,this is female,23448
gpt2-small,att-kk,this is female,2931
gpt2-small,att-kk,this is female,3178
gpt2-small,att-kk,this is female,5710
gpt2-small,att-kk,this is female,8429
gpt2-small,att-kk,This is halal,12234
gpt2-small,att-kk,This is halal,12802
gpt2-small,att-kk,This is halal,1314
gpt2-small,att-kk,This is halal,1316
gpt2-small,att-kk,This is halal,1487
gpt2-small,att-kk,This is halal,16146
gpt2-small,att-kk,This is halal,16414
gpt2-small,att-kk,This is halal,17449
gpt2-small,att-kk,This is halal,17922
gpt2-small,att-kk,This is halal,18366
gpt2-small,att-kk,This is halal,18744
gpt2-small,att-kk,This is halal,19236
gpt2-small,att-kk,This is halal,20826
gpt2-small,att-kk,This is halal,2931
gpt2-small,att-kk,This is halal,35850
gpt2-small,att-kk,This is halal,5981
gpt2-small,att-kk,This is halal,8429
gpt2-small,att-kk,This is halal,This is halal
gpt2-small,att-kk,This is halal,This is halal
gpt2-small,att-kk,This is halal,12234
gpt2-small,att-kk,This is halal,12802
gpt2-small,att-kk,This is halal,1314
gpt2-small,att-kk,This is halal,1316
gpt2-small,att-kk,This is halal,1487
gpt2-small,att-kk,This is halal,16146
gpt2-small,att-kk,This is halal,16414
gpt2-small,att-kk,This is halal,17449
gpt2-small,att-kk,This is halal,17922
gpt2-small,att-kk,This is halal,18366
gpt2-small,att-kk,This is halal,18744
gpt2-small,att-kk,This is halal,19236
gpt2-small,att-kk,This is halal,20826
gpt2-small,att-kk,This is halal,2931
gpt2-small,att-kk,This is halal,35850
gpt2-small,att-kk,This is halal,5981
gpt2-small,att-kk,This is halal,8429
gpt2-small,att-kk,This is he,10931
gpt2-small,att-kk,This is he,11379
gpt2-small,att-kk,This is he,12238
gpt2-small,att-kk,This is he,1232
gpt2-small,att-kk,This is he,12368
gpt2-small,att-kk,This is he,1314
gpt2-small,att-kk,This is he,1316
gpt2-small,att-kk,This is he,14456
gpt2-small,att-kk,This is he,17789
gpt2-small,att-kk,This is he,17922
gpt2-small,att-kk,This is he,18366
gpt2-small,att-kk,This is he,19236
gpt2-small,att-kk,This is he,20826
gpt2-small,att-kk,This is he,26955
gpt2-small,att-kk,This is he,2931
gpt2-small,att-kk,This is he,3178
gpt2-small,att-kk,This is he,5272
gpt2-small,att-kk,This is he,5710
gpt2-small,att-kk,This is he,8429
gpt2-small,att-kk,This is he,This is he
gpt2-small,att-kk,This is he,This is he
gpt2-small,att-kk,This is he,10931
gpt2-small,att-kk,This is he,11379
gpt2-small,att-kk,This is he,12238
gpt2-small,att-kk,This is he,1232
gpt2-small,att-kk,This is he,12368
gpt2-small,att-kk,This is he,1314
gpt2-small,att-kk,This is he,1316
gpt2-small,att-kk,This is he,14456
gpt2-small,att-kk,This is he,17789
gpt2-small,att-kk,This is he,17922
gpt2-small,att-kk,This is he,18366
gpt2-small,att-kk,This is he,19236
gpt2-small,att-kk,This is he,20826
gpt2-small,att-kk,This is he,26955
gpt2-small,att-kk,This is he,2931
gpt2-small,att-kk,This is he,3178
gpt2-small,att-kk,This is he,5272
gpt2-small,att-kk,This is he,5710
gpt2-small,att-kk,This is he,8429
gpt2-small,att-kk,This is islam,10931
gpt2-small,att-kk,This is islam,10983
gpt2-small,att-kk,This is islam,14456
gpt2-small,att-kk,This is islam,15352
gpt2-small,att-kk,This is islam,17446
gpt2-small,att-kk,This is islam,17789
gpt2-small,att-kk,This is islam,17922
gpt2-small,att-kk,This is islam,18744
gpt2-small,att-kk,This is islam,21052
gpt2-small,att-kk,This is islam,22221
gpt2-small,att-kk,This is islam,33828
gpt2-small,att-kk,This is islam,35355
gpt2-small,att-kk,This is islam,38058
gpt2-small,att-kk,This is islam,5272
gpt2-small,att-kk,This is islam,5674
gpt2-small,att-kk,This is islam,5981
gpt2-small,att-kk,This is islam,6760
gpt2-small,att-kk,This is islam,698
gpt2-small,att-kk,This is islam,8429
gpt2-small,att-kk,This is islam,This is islam
gpt2-small,att-kk,This is islam,This is islam
gpt2-small,att-kk,This is islam,10931
gpt2-small,att-kk,This is islam,10983
gpt2-small,att-kk,This is islam,14456
gpt2-small,att-kk,This is islam,15352
gpt2-small,att-kk,This is islam,17446
gpt2-small,att-kk,This is islam,17789
gpt2-small,att-kk,This is islam,17922
gpt2-small,att-kk,This is islam,18744
gpt2-small,att-kk,This is islam,21052
gpt2-small,att-kk,This is islam,22221
gpt2-small,att-kk,This is islam,33828
gpt2-small,att-kk,This is islam,35355
gpt2-small,att-kk,This is islam,38058
gpt2-small,att-kk,This is islam,5272
gpt2-small,att-kk,This is islam,5674
gpt2-small,att-kk,This is islam,5981
gpt2-small,att-kk,This is islam,6760
gpt2-small,att-kk,This is islam,698
gpt2-small,att-kk,This is islam,8429
gpt2-small,att-kk,This is jesus,11024
gpt2-small,att-kk,This is jesus,12238
gpt2-small,att-kk,This is jesus,12368
gpt2-small,att-kk,This is jesus,1314
gpt2-small,att-kk,This is jesus,1316
gpt2-small,att-kk,This is jesus,16414
gpt2-small,att-kk,This is jesus,16453
gpt2-small,att-kk,This is jesus,17449
gpt2-small,att-kk,This is jesus,17789
gpt2-small,att-kk,This is jesus,17922
gpt2-small,att-kk,This is jesus,18366
gpt2-small,att-kk,This is jesus,18744
gpt2-small,att-kk,This is jesus,19236
gpt2-small,att-kk,This is jesus,20826
gpt2-small,att-kk,This is jesus,2931
gpt2-small,att-kk,This is jesus,35850
gpt2-small,att-kk,This is jesus,5272
gpt2-small,att-kk,This is jesus,8429
gpt2-small,att-kk,This is jesus,This is jesus
gpt2-small,att-kk,This is jesus,This is jesus
gpt2-small,att-kk,This is jesus,11024
gpt2-small,att-kk,This is jesus,12238
gpt2-small,att-kk,This is jesus,12368
gpt2-small,att-kk,This is jesus,1314
gpt2-small,att-kk,This is jesus,1316
gpt2-small,att-kk,This is jesus,16414
gpt2-small,att-kk,This is jesus,16453
gpt2-small,att-kk,This is jesus,17449
gpt2-small,att-kk,This is jesus,17789
gpt2-small,att-kk,This is jesus,17922
gpt2-small,att-kk,This is jesus,18366
gpt2-small,att-kk,This is jesus,18744
gpt2-small,att-kk,This is jesus,19236
gpt2-small,att-kk,This is jesus,20826
gpt2-small,att-kk,This is jesus,2931
gpt2-small,att-kk,This is jesus,35850
gpt2-small,att-kk,This is jesus,5272
gpt2-small,att-kk,This is jesus,8429
gpt2-small,att-kk,This is judaism,11815
gpt2-small,att-kk,This is judaism,11985
gpt2-small,att-kk,This is judaism,1316
gpt2-small,att-kk,This is judaism,13865
gpt2-small,att-kk,This is judaism,17355
gpt2-small,att-kk,This is judaism,17449
gpt2-small,att-kk,This is judaism,17922
gpt2-small,att-kk,This is judaism,18366
gpt2-small,att-kk,This is judaism,18744
gpt2-small,att-kk,This is judaism,19236
gpt2-small,att-kk,This is judaism,19955
gpt2-small,att-kk,This is judaism,22413
gpt2-small,att-kk,This is judaism,2931
gpt2-small,att-kk,This is judaism,3155
gpt2-small,att-kk,This is judaism,35355
gpt2-small,att-kk,This is judaism,5272
gpt2-small,att-kk,This is judaism,5981
gpt2-small,att-kk,This is judaism,8429
gpt2-small,att-kk,This is judaism,This is judaism
gpt2-small,att-kk,This is judaism,This is judaism
gpt2-small,att-kk,This is judaism,11815
gpt2-small,att-kk,This is judaism,11985
gpt2-small,att-kk,This is judaism,1316
gpt2-small,att-kk,This is judaism,13865
gpt2-small,att-kk,This is judaism,17355
gpt2-small,att-kk,This is judaism,17449
gpt2-small,att-kk,This is judaism,17922
gpt2-small,att-kk,This is judaism,18366
gpt2-small,att-kk,This is judaism,18744
gpt2-small,att-kk,This is judaism,19236
gpt2-small,att-kk,This is judaism,19955
gpt2-small,att-kk,This is judaism,22413
gpt2-small,att-kk,This is judaism,2931
gpt2-small,att-kk,This is judaism,3155
gpt2-small,att-kk,This is judaism,35355
gpt2-small,att-kk,This is judaism,5272
gpt2-small,att-kk,This is judaism,5981
gpt2-small,att-kk,This is judaism,8429
gpt2-small,att-kk,This is kosher,1314
gpt2-small,att-kk,This is kosher,1316
gpt2-small,att-kk,This is kosher,14421
gpt2-small,att-kk,This is kosher,17449
gpt2-small,att-kk,This is kosher,17922
gpt2-small,att-kk,This is kosher,18744
gpt2-small,att-kk,This is kosher,19236
gpt2-small,att-kk,This is kosher,19955
gpt2-small,att-kk,This is kosher,20826
gpt2-small,att-kk,This is kosher,2141
gpt2-small,att-kk,This is kosher,3155
gpt2-small,att-kk,This is kosher,3178
gpt2-small,att-kk,This is kosher,5272
gpt2-small,att-kk,This is kosher,5674
gpt2-small,att-kk,This is kosher,5981
gpt2-small,att-kk,This is kosher,8429
gpt2-small,att-kk,This is kosher,8793
gpt2-small,att-kk,This is kosher,9024
gpt2-small,att-kk,This is kosher,This is kosher
gpt2-small,att-kk,This is kosher,This is kosher
gpt2-small,att-kk,This is kosher,1314
gpt2-small,att-kk,This is kosher,1316
gpt2-small,att-kk,This is kosher,14421
gpt2-small,att-kk,This is kosher,17449
gpt2-small,att-kk,This is kosher,17922
gpt2-small,att-kk,This is kosher,18744
gpt2-small,att-kk,This is kosher,19236
gpt2-small,att-kk,This is kosher,19955
gpt2-small,att-kk,This is kosher,20826
gpt2-small,att-kk,This is kosher,2141
gpt2-small,att-kk,This is kosher,3155
gpt2-small,att-kk,This is kosher,3178
gpt2-small,att-kk,This is kosher,5272
gpt2-small,att-kk,This is kosher,5674
gpt2-small,att-kk,This is kosher,5981
gpt2-small,att-kk,This is kosher,8429
gpt2-small,att-kk,This is kosher,8793
gpt2-small,att-kk,This is kosher,9024
gpt2-small,att-kk,This is mecca,11815
gpt2-small,att-kk,This is mecca,12414
gpt2-small,att-kk,This is mecca,1314
gpt2-small,att-kk,This is mecca,1316
gpt2-small,att-kk,This is mecca,16700
gpt2-small,att-kk,This is mecca,17922
gpt2-small,att-kk,This is mecca,19236
gpt2-small,att-kk,This is mecca,1943
gpt2-small,att-kk,This is mecca,20826
gpt2-small,att-kk,This is mecca,2087
gpt2-small,att-kk,This is mecca,2931
gpt2-small,att-kk,This is mecca,3178
gpt2-small,att-kk,This is mecca,35850
gpt2-small,att-kk,This is mecca,45751
gpt2-small,att-kk,This is mecca,5272
gpt2-small,att-kk,This is mecca,5674
gpt2-small,att-kk,This is mecca,5722
gpt2-small,att-kk,This is mecca,5981
gpt2-small,att-kk,This is mecca,8429
gpt2-small,att-kk,This is mecca,9480
gpt2-small,att-kk,This is mecca,This is mecca
gpt2-small,att-kk,This is mecca,This is mecca
gpt2-small,att-kk,This is mecca,11815
gpt2-small,att-kk,This is mecca,12414
gpt2-small,att-kk,This is mecca,1314
gpt2-small,att-kk,This is mecca,1316
gpt2-small,att-kk,This is mecca,16700
gpt2-small,att-kk,This is mecca,17922
gpt2-small,att-kk,This is mecca,19236
gpt2-small,att-kk,This is mecca,1943
gpt2-small,att-kk,This is mecca,20826
gpt2-small,att-kk,This is mecca,2087
gpt2-small,att-kk,This is mecca,2931
gpt2-small,att-kk,This is mecca,3178
gpt2-small,att-kk,This is mecca,35850
gpt2-small,att-kk,This is mecca,45751
gpt2-small,att-kk,This is mecca,5272
gpt2-small,att-kk,This is mecca,5674
gpt2-small,att-kk,This is mecca,5722
gpt2-small,att-kk,This is mecca,5981
gpt2-small,att-kk,This is mecca,8429
gpt2-small,att-kk,This is mecca,9480
gpt2-small,att-kk,This is money,10680
gpt2-small,att-kk,This is money,10983
gpt2-small,att-kk,This is money,12368
gpt2-small,att-kk,This is money,1314
gpt2-small,att-kk,This is money,14456
gpt2-small,att-kk,This is money,16549
gpt2-small,att-kk,This is money,17922
gpt2-small,att-kk,This is money,18366
gpt2-small,att-kk,This is money,18744
gpt2-small,att-kk,This is money,19236
gpt2-small,att-kk,This is money,19955
gpt2-small,att-kk,This is money,21052
gpt2-small,att-kk,This is money,22221
gpt2-small,att-kk,This is money,5272
gpt2-small,att-kk,This is money,5674
gpt2-small,att-kk,This is money,5981
gpt2-small,att-kk,This is money,6760
gpt2-small,att-kk,This is money,8429
gpt2-small,att-kk,This is money,This is money
gpt2-small,att-kk,This is money,This is money
gpt2-small,att-kk,This is money,10680
gpt2-small,att-kk,This is money,10983
gpt2-small,att-kk,This is money,12368
gpt2-small,att-kk,This is money,1314
gpt2-small,att-kk,This is money,14456
gpt2-small,att-kk,This is money,16549
gpt2-small,att-kk,This is money,17922
gpt2-small,att-kk,This is money,18366
gpt2-small,att-kk,This is money,18744
gpt2-small,att-kk,This is money,19236
gpt2-small,att-kk,This is money,19955
gpt2-small,att-kk,This is money,21052
gpt2-small,att-kk,This is money,22221
gpt2-small,att-kk,This is money,5272
gpt2-small,att-kk,This is money,5674
gpt2-small,att-kk,This is money,5981
gpt2-small,att-kk,This is money,6760
gpt2-small,att-kk,This is money,8429
gpt2-small,att-kk,This is naive,10680
gpt2-small,att-kk,This is naive,10983
gpt2-small,att-kk,This is naive,12368
gpt2-small,att-kk,This is naive,1314
gpt2-small,att-kk,This is naive,13363
gpt2-small,att-kk,This is naive,16549
gpt2-small,att-kk,This is naive,17449
gpt2-small,att-kk,This is naive,17922
gpt2-small,att-kk,This is naive,18744
gpt2-small,att-kk,This is naive,19357
gpt2-small,att-kk,This is naive,19955
gpt2-small,att-kk,This is naive,21052
gpt2-small,att-kk,This is naive,22221
gpt2-small,att-kk,This is naive,5272
gpt2-small,att-kk,This is naive,5674
gpt2-small,att-kk,This is naive,5803
gpt2-small,att-kk,This is naive,5981
gpt2-small,att-kk,This is naive,8429
gpt2-small,att-kk,This is naive,This is naive
gpt2-small,att-kk,This is naive,This is naive
gpt2-small,att-kk,This is naive,10680
gpt2-small,att-kk,This is naive,10983
gpt2-small,att-kk,This is naive,12368
gpt2-small,att-kk,This is naive,1314
gpt2-small,att-kk,This is naive,13363
gpt2-small,att-kk,This is naive,16549
gpt2-small,att-kk,This is naive,17449
gpt2-small,att-kk,This is naive,17922
gpt2-small,att-kk,This is naive,18744
gpt2-small,att-kk,This is naive,19357
gpt2-small,att-kk,This is naive,19955
gpt2-small,att-kk,This is naive,21052
gpt2-small,att-kk,This is naive,22221
gpt2-small,att-kk,This is naive,5272
gpt2-small,att-kk,This is naive,5674
gpt2-small,att-kk,This is naive,5803
gpt2-small,att-kk,This is naive,5981
gpt2-small,att-kk,This is naive,8429
gpt2-small,att-kk,This is naiveThis is money,1316
gpt2-small,att-kk,This is naiveThis is money,13363
gpt2-small,att-kk,This is naiveThis is money,14421
gpt2-small,att-kk,This is naiveThis is money,17449
gpt2-small,att-kk,This is naiveThis is money,17922
gpt2-small,att-kk,This is naiveThis is money,18744
gpt2-small,att-kk,This is naiveThis is money,19236
gpt2-small,att-kk,This is naiveThis is money,19357
gpt2-small,att-kk,This is naiveThis is money,20701
gpt2-small,att-kk,This is naiveThis is money,20826
gpt2-small,att-kk,This is naiveThis is money,2931
gpt2-small,att-kk,This is naiveThis is money,3155
gpt2-small,att-kk,This is naiveThis is money,3178
gpt2-small,att-kk,This is naiveThis is money,5272
gpt2-small,att-kk,This is naiveThis is money,5674
gpt2-small,att-kk,This is naiveThis is money,5803
gpt2-small,att-kk,This is naiveThis is money,5981
gpt2-small,att-kk,This is naiveThis is money,8429
gpt2-small,att-kk,This is naiveThis is money,This is naiveThis is money
gpt2-small,att-kk,This is naiveThis is money,This is naiveThis is money
gpt2-small,att-kk,This is naiveThis is money,1316
gpt2-small,att-kk,This is naiveThis is money,13363
gpt2-small,att-kk,This is naiveThis is money,14421
gpt2-small,att-kk,This is naiveThis is money,17449
gpt2-small,att-kk,This is naiveThis is money,17922
gpt2-small,att-kk,This is naiveThis is money,18744
gpt2-small,att-kk,This is naiveThis is money,19236
gpt2-small,att-kk,This is naiveThis is money,19357
gpt2-small,att-kk,This is naiveThis is money,20701
gpt2-small,att-kk,This is naiveThis is money,20826
gpt2-small,att-kk,This is naiveThis is money,2931
gpt2-small,att-kk,This is naiveThis is money,3155
gpt2-small,att-kk,This is naiveThis is money,3178
gpt2-small,att-kk,This is naiveThis is money,5272
gpt2-small,att-kk,This is naiveThis is money,5674
gpt2-small,att-kk,This is naiveThis is money,5803
gpt2-small,att-kk,This is naiveThis is money,5981
gpt2-small,att-kk,This is naiveThis is money,8429
gpt2-small,att-kk,this is nose,11153
gpt2-small,att-kk,this is nose,13121
gpt2-small,att-kk,this is nose,1316
gpt2-small,att-kk,this is nose,1487
gpt2-small,att-kk,this is nose,18744
gpt2-small,att-kk,this is nose,19236
gpt2-small,att-kk,this is nose,19955
gpt2-small,att-kk,this is nose,19962
gpt2-small,att-kk,this is nose,2098
gpt2-small,att-kk,this is nose,21978
gpt2-small,att-kk,this is nose,23448
gpt2-small,att-kk,this is nose,33789
gpt2-small,att-kk,this is nose,38058
gpt2-small,att-kk,this is nose,5272
gpt2-small,att-kk,this is nose,8429
gpt2-small,att-kk,this is nose,this is nose
gpt2-small,att-kk,this is nose,this is nose
gpt2-small,att-kk,this is nose,11153
gpt2-small,att-kk,this is nose,13121
gpt2-small,att-kk,this is nose,1316
gpt2-small,att-kk,this is nose,1487
gpt2-small,att-kk,this is nose,18744
gpt2-small,att-kk,this is nose,19236
gpt2-small,att-kk,this is nose,19955
gpt2-small,att-kk,this is nose,19962
gpt2-small,att-kk,this is nose,2098
gpt2-small,att-kk,this is nose,21978
gpt2-small,att-kk,this is nose,23448
gpt2-small,att-kk,this is nose,33789
gpt2-small,att-kk,this is nose,38058
gpt2-small,att-kk,this is nose,5272
gpt2-small,att-kk,this is nose,8429
gpt2-small,att-kk,This is shabbat,1314
gpt2-small,att-kk,This is shabbat,1316
gpt2-small,att-kk,This is shabbat,13623
gpt2-small,att-kk,This is shabbat,14456
gpt2-small,att-kk,This is shabbat,16414
gpt2-small,att-kk,This is shabbat,16453
gpt2-small,att-kk,This is shabbat,17449
gpt2-small,att-kk,This is shabbat,17922
gpt2-small,att-kk,This is shabbat,18366
gpt2-small,att-kk,This is shabbat,18744
gpt2-small,att-kk,This is shabbat,19236
gpt2-small,att-kk,This is shabbat,20826
gpt2-small,att-kk,This is shabbat,3155
gpt2-small,att-kk,This is shabbat,35355
gpt2-small,att-kk,This is shabbat,38058
gpt2-small,att-kk,This is shabbat,5272
gpt2-small,att-kk,This is shabbat,5981
gpt2-small,att-kk,This is shabbat,8429
gpt2-small,att-kk,This is shabbat,This is shabbat
gpt2-small,att-kk,This is shabbat,This is shabbat
gpt2-small,att-kk,This is shabbat,1314
gpt2-small,att-kk,This is shabbat,1316
gpt2-small,att-kk,This is shabbat,13623
gpt2-small,att-kk,This is shabbat,14456
gpt2-small,att-kk,This is shabbat,16414
gpt2-small,att-kk,This is shabbat,16453
gpt2-small,att-kk,This is shabbat,17449
gpt2-small,att-kk,This is shabbat,17922
gpt2-small,att-kk,This is shabbat,18366
gpt2-small,att-kk,This is shabbat,18744
gpt2-small,att-kk,This is shabbat,19236
gpt2-small,att-kk,This is shabbat,20826
gpt2-small,att-kk,This is shabbat,3155
gpt2-small,att-kk,This is shabbat,35355
gpt2-small,att-kk,This is shabbat,38058
gpt2-small,att-kk,This is shabbat,5272
gpt2-small,att-kk,This is shabbat,5981
gpt2-small,att-kk,This is shabbat,8429
gpt2-small,att-kk,This is she,10931
gpt2-small,att-kk,This is she,1232
gpt2-small,att-kk,This is she,12368
gpt2-small,att-kk,This is she,1314
gpt2-small,att-kk,This is she,1316
gpt2-small,att-kk,This is she,14456
gpt2-small,att-kk,This is she,17789
gpt2-small,att-kk,This is she,17922
gpt2-small,att-kk,This is she,18366
gpt2-small,att-kk,This is she,19236
gpt2-small,att-kk,This is she,20826
gpt2-small,att-kk,This is she,23578
gpt2-small,att-kk,This is she,2931
gpt2-small,att-kk,This is she,3178
gpt2-small,att-kk,This is she,5272
gpt2-small,att-kk,This is she,5710
gpt2-small,att-kk,This is she,5981
gpt2-small,att-kk,This is she,6760
gpt2-small,att-kk,This is she,8429
gpt2-small,att-kk,This is she,This is she
gpt2-small,att-kk,This is she,This is she
gpt2-small,att-kk,This is she,10931
gpt2-small,att-kk,This is she,1232
gpt2-small,att-kk,This is she,12368
gpt2-small,att-kk,This is she,1314
gpt2-small,att-kk,This is she,1316
gpt2-small,att-kk,This is she,14456
gpt2-small,att-kk,This is she,17789
gpt2-small,att-kk,This is she,17922
gpt2-small,att-kk,This is she,18366
gpt2-small,att-kk,This is she,19236
gpt2-small,att-kk,This is she,20826
gpt2-small,att-kk,This is she,23578
gpt2-small,att-kk,This is she,2931
gpt2-small,att-kk,This is she,3178
gpt2-small,att-kk,This is she,5272
gpt2-small,att-kk,This is she,5710
gpt2-small,att-kk,This is she,5981
gpt2-small,att-kk,This is she,6760
gpt2-small,att-kk,This is she,8429
gpt2-small,res-jb,Das ist ein Jude,10264
gpt2-small,res-jb,Das ist ein Jude,11702
gpt2-small,res-jb,Das ist ein Jude,11921
gpt2-small,res-jb,Das ist ein Jude,12095
gpt2-small,res-jb,Das ist ein Jude,12374
gpt2-small,res-jb,Das ist ein Jude,13092
gpt2-small,res-jb,Das ist ein Jude,14195
gpt2-small,res-jb,Das ist ein Jude,18867
gpt2-small,res-jb,Das ist ein Jude,18981
gpt2-small,res-jb,Das ist ein Jude,19190
gpt2-small,res-jb,Das ist ein Jude,2062
gpt2-small,res-jb,Das ist ein Jude,2071
gpt2-small,res-jb,Das ist ein Jude,20968
gpt2-small,res-jb,Das ist ein Jude,23880
gpt2-small,res-jb,Das ist ein Jude,2977
gpt2-small,res-jb,Das ist ein Jude,3339
gpt2-small,res-jb,Das ist ein Jude,3742
gpt2-small,res-jb,Das ist ein Jude,7271
gpt2-small,res-jb,Das ist ein Jude,Das ist ein Jude
gpt2-small,res-jb,Das ist ein Jude,Das ist ein Jude
gpt2-small,res-jb,Das ist ein Jude,10264
gpt2-small,res-jb,Das ist ein Jude,11702
gpt2-small,res-jb,Das ist ein Jude,11921
gpt2-small,res-jb,Das ist ein Jude,12095
gpt2-small,res-jb,Das ist ein Jude,12374
gpt2-small,res-jb,Das ist ein Jude,13092
gpt2-small,res-jb,Das ist ein Jude,14195
gpt2-small,res-jb,Das ist ein Jude,18867
gpt2-small,res-jb,Das ist ein Jude,18981
gpt2-small,res-jb,Das ist ein Jude,19190
gpt2-small,res-jb,Das ist ein Jude,2062
gpt2-small,res-jb,Das ist ein Jude,2071
gpt2-small,res-jb,Das ist ein Jude,20968
gpt2-small,res-jb,Das ist ein Jude,23880
gpt2-small,res-jb,Das ist ein Jude,2977
gpt2-small,res-jb,Das ist ein Jude,3339
gpt2-small,res-jb,Das ist ein Jude,3742
gpt2-small,res-jb,Das ist ein Jude,7271
gpt2-small,res-jb,Das ist ein Mann,10264
gpt2-small,res-jb,Das ist ein Mann,11702
gpt2-small,res-jb,Das ist ein Mann,11921
gpt2-small,res-jb,Das ist ein Mann,12095
gpt2-small,res-jb,Das ist ein Mann,12374
gpt2-small,res-jb,Das ist ein Mann,13092
gpt2-small,res-jb,Das ist ein Mann,14195
gpt2-small,res-jb,Das ist ein Mann,18867
gpt2-small,res-jb,Das ist ein Mann,18981
gpt2-small,res-jb,Das ist ein Mann,19190
gpt2-small,res-jb,Das ist ein Mann,2062
gpt2-small,res-jb,Das ist ein Mann,2071
gpt2-small,res-jb,Das ist ein Mann,20968
gpt2-small,res-jb,Das ist ein Mann,23880
gpt2-small,res-jb,Das ist ein Mann,2977
gpt2-small,res-jb,Das ist ein Mann,3339
gpt2-small,res-jb,Das ist ein Mann,3742
gpt2-small,res-jb,Das ist ein Mann,7271
gpt2-small,res-jb,Das ist ein Mann,Das ist ein Mann
gpt2-small,res-jb,Das ist ein Mann,Das ist ein Mann
gpt2-small,res-jb,Das ist ein Mann,10264
gpt2-small,res-jb,Das ist ein Mann,11702
gpt2-small,res-jb,Das ist ein Mann,11921
gpt2-small,res-jb,Das ist ein Mann,12095
gpt2-small,res-jb,Das ist ein Mann,12374
gpt2-small,res-jb,Das ist ein Mann,13092
gpt2-small,res-jb,Das ist ein Mann,14195
gpt2-small,res-jb,Das ist ein Mann,18867
gpt2-small,res-jb,Das ist ein Mann,18981
gpt2-small,res-jb,Das ist ein Mann,19190
gpt2-small,res-jb,Das ist ein Mann,2062
gpt2-small,res-jb,Das ist ein Mann,2071
gpt2-small,res-jb,Das ist ein Mann,20968
gpt2-small,res-jb,Das ist ein Mann,23880
gpt2-small,res-jb,Das ist ein Mann,2977
gpt2-small,res-jb,Das ist ein Mann,3339
gpt2-small,res-jb,Das ist ein Mann,3742
gpt2-small,res-jb,Das ist ein Mann,7271
gpt2-small,res-jb,Das ist ein Mädchen,10264
gpt2-small,res-jb,Das ist ein Mädchen,11702
gpt2-small,res-jb,Das ist ein Mädchen,11921
gpt2-small,res-jb,Das ist ein Mädchen,12095
gpt2-small,res-jb,Das ist ein Mädchen,12374
gpt2-small,res-jb,Das ist ein Mädchen,13092
gpt2-small,res-jb,Das ist ein Mädchen,14195
gpt2-small,res-jb,Das ist ein Mädchen,18867
gpt2-small,res-jb,Das ist ein Mädchen,18981
gpt2-small,res-jb,Das ist ein Mädchen,19190
gpt2-small,res-jb,Das ist ein Mädchen,2062
gpt2-small,res-jb,Das ist ein Mädchen,2071
gpt2-small,res-jb,Das ist ein Mädchen,20968
gpt2-small,res-jb,Das ist ein Mädchen,23880
gpt2-small,res-jb,Das ist ein Mädchen,2977
gpt2-small,res-jb,Das ist ein Mädchen,3339
gpt2-small,res-jb,Das ist ein Mädchen,3742
gpt2-small,res-jb,Das ist ein Mädchen,7271
gpt2-small,res-jb,Das ist ein Mädchen,Das ist ein Mädchen
gpt2-small,res-jb,Das ist ein Mädchen,Das ist ein Mädchen
gpt2-small,res-jb,Das ist ein Mädchen,10264
gpt2-small,res-jb,Das ist ein Mädchen,11702
gpt2-small,res-jb,Das ist ein Mädchen,11921
gpt2-small,res-jb,Das ist ein Mädchen,12095
gpt2-small,res-jb,Das ist ein Mädchen,12374
gpt2-small,res-jb,Das ist ein Mädchen,13092
gpt2-small,res-jb,Das ist ein Mädchen,14195
gpt2-small,res-jb,Das ist ein Mädchen,18867
gpt2-small,res-jb,Das ist ein Mädchen,18981
gpt2-small,res-jb,Das ist ein Mädchen,19190
gpt2-small,res-jb,Das ist ein Mädchen,2062
gpt2-small,res-jb,Das ist ein Mädchen,2071
gpt2-small,res-jb,Das ist ein Mädchen,20968
gpt2-small,res-jb,Das ist ein Mädchen,23880
gpt2-small,res-jb,Das ist ein Mädchen,2977
gpt2-small,res-jb,Das ist ein Mädchen,3339
gpt2-small,res-jb,Das ist ein Mädchen,3742
gpt2-small,res-jb,Das ist ein Mädchen,7271
gpt2-small,res-jb,Das ist ein Opa,10264
gpt2-small,res-jb,Das ist ein Opa,11702
gpt2-small,res-jb,Das ist ein Opa,11921
gpt2-small,res-jb,Das ist ein Opa,12095
gpt2-small,res-jb,Das ist ein Opa,12374
gpt2-small,res-jb,Das ist ein Opa,13092
gpt2-small,res-jb,Das ist ein Opa,14195
gpt2-small,res-jb,Das ist ein Opa,18867
gpt2-small,res-jb,Das ist ein Opa,18981
gpt2-small,res-jb,Das ist ein Opa,19190
gpt2-small,res-jb,Das ist ein Opa,2062
gpt2-small,res-jb,Das ist ein Opa,2071
gpt2-small,res-jb,Das ist ein Opa,20968
gpt2-small,res-jb,Das ist ein Opa,23880
gpt2-small,res-jb,Das ist ein Opa,2977
gpt2-small,res-jb,Das ist ein Opa,3339
gpt2-small,res-jb,Das ist ein Opa,3742
gpt2-small,res-jb,Das ist ein Opa,7271
gpt2-small,res-jb,Das ist ein Opa,Das ist ein Opa
gpt2-small,res-jb,Das ist ein Opa,Das ist ein Opa
gpt2-small,res-jb,Das ist ein Opa,10264
gpt2-small,res-jb,Das ist ein Opa,11702
gpt2-small,res-jb,Das ist ein Opa,11921
gpt2-small,res-jb,Das ist ein Opa,12095
gpt2-small,res-jb,Das ist ein Opa,12374
gpt2-small,res-jb,Das ist ein Opa,13092
gpt2-small,res-jb,Das ist ein Opa,14195
gpt2-small,res-jb,Das ist ein Opa,18867
gpt2-small,res-jb,Das ist ein Opa,18981
gpt2-small,res-jb,Das ist ein Opa,19190
gpt2-small,res-jb,Das ist ein Opa,2062
gpt2-small,res-jb,Das ist ein Opa,2071
gpt2-small,res-jb,Das ist ein Opa,20968
gpt2-small,res-jb,Das ist ein Opa,23880
gpt2-small,res-jb,Das ist ein Opa,2977
gpt2-small,res-jb,Das ist ein Opa,3339
gpt2-small,res-jb,Das ist ein Opa,3742
gpt2-small,res-jb,Das ist ein Opa,7271
gpt2-small,res-jb,Das ist eine Frau,10264
gpt2-small,res-jb,Das ist eine Frau,11702
gpt2-small,res-jb,Das ist eine Frau,11921
gpt2-small,res-jb,Das ist eine Frau,12095
gpt2-small,res-jb,Das ist eine Frau,12374
gpt2-small,res-jb,Das ist eine Frau,13092
gpt2-small,res-jb,Das ist eine Frau,14195
gpt2-small,res-jb,Das ist eine Frau,18867
gpt2-small,res-jb,Das ist eine Frau,18981
gpt2-small,res-jb,Das ist eine Frau,19190
gpt2-small,res-jb,Das ist eine Frau,2062
gpt2-small,res-jb,Das ist eine Frau,2071
gpt2-small,res-jb,Das ist eine Frau,20968
gpt2-small,res-jb,Das ist eine Frau,23880
gpt2-small,res-jb,Das ist eine Frau,2977
gpt2-small,res-jb,Das ist eine Frau,3339
gpt2-small,res-jb,Das ist eine Frau,3742
gpt2-small,res-jb,Das ist eine Frau,7271
gpt2-small,res-jb,Das ist eine Frau,Das ist eine Frau
gpt2-small,res-jb,Das ist eine Frau,Das ist eine Frau
gpt2-small,res-jb,Das ist eine Frau,10264
gpt2-small,res-jb,Das ist eine Frau,11702
gpt2-small,res-jb,Das ist eine Frau,11921
gpt2-small,res-jb,Das ist eine Frau,12095
gpt2-small,res-jb,Das ist eine Frau,12374
gpt2-small,res-jb,Das ist eine Frau,13092
gpt2-small,res-jb,Das ist eine Frau,14195
gpt2-small,res-jb,Das ist eine Frau,18867
gpt2-small,res-jb,Das ist eine Frau,18981
gpt2-small,res-jb,Das ist eine Frau,19190
gpt2-small,res-jb,Das ist eine Frau,2062
gpt2-small,res-jb,Das ist eine Frau,2071
gpt2-small,res-jb,Das ist eine Frau,20968
gpt2-small,res-jb,Das ist eine Frau,23880
gpt2-small,res-jb,Das ist eine Frau,2977
gpt2-small,res-jb,Das ist eine Frau,3339
gpt2-small,res-jb,Das ist eine Frau,3742
gpt2-small,res-jb,Das ist eine Frau,7271
gpt2-small,res-jb,Das ist eine Oma,10264
gpt2-small,res-jb,Das ist eine Oma,11702
gpt2-small,res-jb,Das ist eine Oma,11921
gpt2-small,res-jb,Das ist eine Oma,12095
gpt2-small,res-jb,Das ist eine Oma,12374
gpt2-small,res-jb,Das ist eine Oma,13092
gpt2-small,res-jb,Das ist eine Oma,14195
gpt2-small,res-jb,Das ist eine Oma,18867
gpt2-small,res-jb,Das ist eine Oma,18981
gpt2-small,res-jb,Das ist eine Oma,19190
gpt2-small,res-jb,Das ist eine Oma,2062
gpt2-small,res-jb,Das ist eine Oma,2071
gpt2-small,res-jb,Das ist eine Oma,20968
gpt2-small,res-jb,Das ist eine Oma,23880
gpt2-small,res-jb,Das ist eine Oma,2977
gpt2-small,res-jb,Das ist eine Oma,3339
gpt2-small,res-jb,Das ist eine Oma,3742
gpt2-small,res-jb,Das ist eine Oma,7271
gpt2-small,res-jb,Das ist eine Oma,Das ist eine Oma
gpt2-small,res-jb,Das ist eine Oma,Das ist eine Oma
gpt2-small,res-jb,Das ist eine Oma,10264
gpt2-small,res-jb,Das ist eine Oma,11702
gpt2-small,res-jb,Das ist eine Oma,11921
gpt2-small,res-jb,Das ist eine Oma,12095
gpt2-small,res-jb,Das ist eine Oma,12374
gpt2-small,res-jb,Das ist eine Oma,13092
gpt2-small,res-jb,Das ist eine Oma,14195
gpt2-small,res-jb,Das ist eine Oma,18867
gpt2-small,res-jb,Das ist eine Oma,18981
gpt2-small,res-jb,Das ist eine Oma,19190
gpt2-small,res-jb,Das ist eine Oma,2062
gpt2-small,res-jb,Das ist eine Oma,2071
gpt2-small,res-jb,Das ist eine Oma,20968
gpt2-small,res-jb,Das ist eine Oma,23880
gpt2-small,res-jb,Das ist eine Oma,2977
gpt2-small,res-jb,Das ist eine Oma,3339
gpt2-small,res-jb,Das ist eine Oma,3742
gpt2-small,res-jb,Das ist eine Oma,7271
gpt2-small,res-jb,Das ists ein Junge,10036
gpt2-small,res-jb,Das ists ein Junge,10042
gpt2-small,res-jb,Das ists ein Junge,1133
gpt2-small,res-jb,Das ists ein Junge,12990
gpt2-small,res-jb,Das ists ein Junge,13226
gpt2-small,res-jb,Das ists ein Junge,13899
gpt2-small,res-jb,Das ists ein Junge,14195
gpt2-small,res-jb,Das ists ein Junge,17677
gpt2-small,res-jb,Das ists ein Junge,17840
gpt2-small,res-jb,Das ists ein Junge,18981
gpt2-small,res-jb,Das ists ein Junge,20059
gpt2-small,res-jb,Das ists ein Junge,2071
gpt2-small,res-jb,Das ists ein Junge,22453
gpt2-small,res-jb,Das ists ein Junge,2825
gpt2-small,res-jb,Das ists ein Junge,3339
gpt2-small,res-jb,Das ists ein Junge,4229
gpt2-small,res-jb,Das ists ein Junge,507
gpt2-small,res-jb,Das ists ein Junge,7300
gpt2-small,res-jb,Das ists ein Junge,7981
gpt2-small,res-jb,Das ists ein Junge,9204
gpt2-small,res-jb,Das ists ein Junge,Das ists ein Junge
gpt2-small,res-jb,Das ists ein Junge,Das ists ein Junge
gpt2-small,res-jb,Das ists ein Junge,10036
gpt2-small,res-jb,Das ists ein Junge,10042
gpt2-small,res-jb,Das ists ein Junge,1133
gpt2-small,res-jb,Das ists ein Junge,12990
gpt2-small,res-jb,Das ists ein Junge,13226
gpt2-small,res-jb,Das ists ein Junge,13899
gpt2-small,res-jb,Das ists ein Junge,14195
gpt2-small,res-jb,Das ists ein Junge,17677
gpt2-small,res-jb,Das ists ein Junge,17840
gpt2-small,res-jb,Das ists ein Junge,18981
gpt2-small,res-jb,Das ists ein Junge,20059
gpt2-small,res-jb,Das ists ein Junge,2071
gpt2-small,res-jb,Das ists ein Junge,22453
gpt2-small,res-jb,Das ists ein Junge,2825
gpt2-small,res-jb,Das ists ein Junge,3339
gpt2-small,res-jb,Das ists ein Junge,4229
gpt2-small,res-jb,Das ists ein Junge,507
gpt2-small,res-jb,Das ists ein Junge,7300
gpt2-small,res-jb,Das ists ein Junge,7981
gpt2-small,res-jb,Das ists ein Junge,9204
gpt2-small,res-jb,il est juif,10175
gpt2-small,res-jb,il est juif,11289
gpt2-small,res-jb,il est juif,13114
gpt2-small,res-jb,il est juif,16365
gpt2-small,res-jb,il est juif,18981
gpt2-small,res-jb,il est juif,19073
gpt2-small,res-jb,il est juif,19125
gpt2-small,res-jb,il est juif,20025
gpt2-small,res-jb,il est juif,20164
gpt2-small,res-jb,il est juif,22250
gpt2-small,res-jb,il est juif,22826
gpt2-small,res-jb,il est juif,2479
gpt2-small,res-jb,il est juif,6481
gpt2-small,res-jb,il est juif,679
gpt2-small,res-jb,il est juif,6929
gpt2-small,res-jb,il est juif,7191
gpt2-small,res-jb,il est juif,7382
gpt2-small,res-jb,il est juif,8462
gpt2-small,res-jb,il est juif,il est juif
gpt2-small,res-jb,il est juif,il est juif
gpt2-small,res-jb,il est juif,10175
gpt2-small,res-jb,il est juif,11289
gpt2-small,res-jb,il est juif,13114
gpt2-small,res-jb,il est juif,16365
gpt2-small,res-jb,il est juif,18981
gpt2-small,res-jb,il est juif,19073
gpt2-small,res-jb,il est juif,19125
gpt2-small,res-jb,il est juif,20025
gpt2-small,res-jb,il est juif,20164
gpt2-small,res-jb,il est juif,22250
gpt2-small,res-jb,il est juif,22826
gpt2-small,res-jb,il est juif,2479
gpt2-small,res-jb,il est juif,6481
gpt2-small,res-jb,il est juif,679
gpt2-small,res-jb,il est juif,6929
gpt2-small,res-jb,il est juif,7191
gpt2-small,res-jb,il est juif,7382
gpt2-small,res-jb,il est juif,8462
gpt2-small,res-jb,This is a baptsim,10719
gpt2-small,res-jb,This is a baptsim,10920
gpt2-small,res-jb,This is a baptsim,13114
gpt2-small,res-jb,This is a baptsim,1340
gpt2-small,res-jb,This is a baptsim,13888
gpt2-small,res-jb,This is a baptsim,14895
gpt2-small,res-jb,This is a baptsim,15698
gpt2-small,res-jb,This is a baptsim,15855
gpt2-small,res-jb,This is a baptsim,18386
gpt2-small,res-jb,This is a baptsim,18467
gpt2-small,res-jb,This is a baptsim,19357
gpt2-small,res-jb,This is a baptsim,19704
gpt2-small,res-jb,This is a baptsim,20235
gpt2-small,res-jb,This is a baptsim,21800
gpt2-small,res-jb,This is a baptsim,21963
gpt2-small,res-jb,This is a baptsim,318
gpt2-small,res-jb,This is a baptsim,458
gpt2-small,res-jb,This is a baptsim,7502
gpt2-small,res-jb,This is a baptsim,This is a baptsim
gpt2-small,res-jb,This is a baptsim,This is a baptsim
gpt2-small,res-jb,This is a baptsim,10719
gpt2-small,res-jb,This is a baptsim,10920
gpt2-small,res-jb,This is a baptsim,13114
gpt2-small,res-jb,This is a baptsim,1340
gpt2-small,res-jb,This is a baptsim,13888
gpt2-small,res-jb,This is a baptsim,14895
gpt2-small,res-jb,This is a baptsim,15698
gpt2-small,res-jb,This is a baptsim,15855
gpt2-small,res-jb,This is a baptsim,18386
gpt2-small,res-jb,This is a baptsim,18467
gpt2-small,res-jb,This is a baptsim,19357
gpt2-small,res-jb,This is a baptsim,19704
gpt2-small,res-jb,This is a baptsim,20235
gpt2-small,res-jb,This is a baptsim,21800
gpt2-small,res-jb,This is a baptsim,21963
gpt2-small,res-jb,This is a baptsim,318
gpt2-small,res-jb,This is a baptsim,458
gpt2-small,res-jb,This is a baptsim,7502
gpt2-small,res-jb,This is a bible,10778
gpt2-small,res-jb,This is a bible,10846
gpt2-small,res-jb,This is a bible,1104
gpt2-small,res-jb,This is a bible,13124
gpt2-small,res-jb,This is a bible,16340
gpt2-small,res-jb,This is a bible,17056
gpt2-small,res-jb,This is a bible,19610
gpt2-small,res-jb,This is a bible,20686
gpt2-small,res-jb,This is a bible,21800
gpt2-small,res-jb,This is a bible,2603
gpt2-small,res-jb,This is a bible,3470
gpt2-small,res-jb,This is a bible,8844
gpt2-small,res-jb,This is a bible,This is a bible
gpt2-small,res-jb,This is a bible,This is a bible
gpt2-small,res-jb,This is a bible,10778
gpt2-small,res-jb,This is a bible,10846
gpt2-small,res-jb,This is a bible,1104
gpt2-small,res-jb,This is a bible,13124
gpt2-small,res-jb,This is a bible,16340
gpt2-small,res-jb,This is a bible,17056
gpt2-small,res-jb,This is a bible,19610
gpt2-small,res-jb,This is a bible,20686
gpt2-small,res-jb,This is a bible,21800
gpt2-small,res-jb,This is a bible,2603
gpt2-small,res-jb,This is a bible,3470
gpt2-small,res-jb,This is a bible,8844
gpt2-small,res-jb,This is a boss,12056
gpt2-small,res-jb,This is a boss,14654
gpt2-small,res-jb,This is a boss,14999
gpt2-small,res-jb,This is a boss,16175
gpt2-small,res-jb,This is a boss,16730
gpt2-small,res-jb,This is a boss,16768
gpt2-small,res-jb,This is a boss,19268
gpt2-small,res-jb,This is a boss,2020
gpt2-small,res-jb,This is a boss,20362
gpt2-small,res-jb,This is a boss,20801
gpt2-small,res-jb,This is a boss,2264
gpt2-small,res-jb,This is a boss,3470
gpt2-small,res-jb,This is a boss,4212
gpt2-small,res-jb,This is a boss,7958
gpt2-small,res-jb,This is a boss,9436
gpt2-small,res-jb,This is a boss,This is a boss
gpt2-small,res-jb,This is a boss,This is a boss
gpt2-small,res-jb,This is a boss,12056
gpt2-small,res-jb,This is a boss,14654
gpt2-small,res-jb,This is a boss,14999
gpt2-small,res-jb,This is a boss,16175
gpt2-small,res-jb,This is a boss,16730
gpt2-small,res-jb,This is a boss,16768
gpt2-small,res-jb,This is a boss,19268
gpt2-small,res-jb,This is a boss,2020
gpt2-small,res-jb,This is a boss,20362
gpt2-small,res-jb,This is a boss,20801
gpt2-small,res-jb,This is a boss,2264
gpt2-small,res-jb,This is a boss,3470
gpt2-small,res-jb,This is a boss,4212
gpt2-small,res-jb,This is a boss,7958
gpt2-small,res-jb,This is a boss,9436
gpt2-small,res-jb,This is a boy,10265
gpt2-small,res-jb,This is a boy,12199
gpt2-small,res-jb,This is a boy,19268
gpt2-small,res-jb,This is a boy,19832
gpt2-small,res-jb,This is a boy,2020
gpt2-small,res-jb,This is a boy,21525
gpt2-small,res-jb,This is a boy,21581
gpt2-small,res-jb,This is a boy,3640
gpt2-small,res-jb,This is a boy,3765
gpt2-small,res-jb,This is a boy,3991
gpt2-small,res-jb,This is a boy,4982
gpt2-small,res-jb,This is a boy,6593
gpt2-small,res-jb,This is a boy,7015
gpt2-small,res-jb,This is a boy,This is a boy
gpt2-small,res-jb,This is a boy,This is a boy
gpt2-small,res-jb,This is a boy,10265
gpt2-small,res-jb,This is a boy,12199
gpt2-small,res-jb,This is a boy,19268
gpt2-small,res-jb,This is a boy,19832
gpt2-small,res-jb,This is a boy,2020
gpt2-small,res-jb,This is a boy,21525
gpt2-small,res-jb,This is a boy,21581
gpt2-small,res-jb,This is a boy,3640
gpt2-small,res-jb,This is a boy,3765
gpt2-small,res-jb,This is a boy,3991
gpt2-small,res-jb,This is a boy,4982
gpt2-small,res-jb,This is a boy,6593
gpt2-small,res-jb,This is a boy,7015
gpt2-small,res-jb,This is a burka,10771
gpt2-small,res-jb,This is a burka,12419
gpt2-small,res-jb,This is a burka,12676
gpt2-small,res-jb,This is a burka,13077
gpt2-small,res-jb,This is a burka,16849
gpt2-small,res-jb,This is a burka,19048
gpt2-small,res-jb,This is a burka,19100
gpt2-small,res-jb,This is a burka,19357
gpt2-small,res-jb,This is a burka,19832
gpt2-small,res-jb,This is a burka,22516
gpt2-small,res-jb,This is a burka,22687
gpt2-small,res-jb,This is a burka,240
gpt2-small,res-jb,This is a burka,4494
gpt2-small,res-jb,This is a burka,5417
gpt2-small,res-jb,This is a burka,5893
gpt2-small,res-jb,This is a burka,5944
gpt2-small,res-jb,This is a burka,This is a burka
gpt2-small,res-jb,This is a burka,This is a burka
gpt2-small,res-jb,This is a burka,10771
gpt2-small,res-jb,This is a burka,12419
gpt2-small,res-jb,This is a burka,12676
gpt2-small,res-jb,This is a burka,13077
gpt2-small,res-jb,This is a burka,16849
gpt2-small,res-jb,This is a burka,19048
gpt2-small,res-jb,This is a burka,19100
gpt2-small,res-jb,This is a burka,19357
gpt2-small,res-jb,This is a burka,19832
gpt2-small,res-jb,This is a burka,22516
gpt2-small,res-jb,This is a burka,22687
gpt2-small,res-jb,This is a burka,240
gpt2-small,res-jb,This is a burka,4494
gpt2-small,res-jb,This is a burka,5417
gpt2-small,res-jb,This is a burka,5893
gpt2-small,res-jb,This is a burka,5944
gpt2-small,res-jb,This is a christian,101
gpt2-small,res-jb,This is a christian,12872
gpt2-small,res-jb,This is a christian,15326
gpt2-small,res-jb,This is a christian,15503
gpt2-small,res-jb,This is a christian,18341
gpt2-small,res-jb,This is a christian,19357
gpt2-small,res-jb,This is a christian,19832
gpt2-small,res-jb,This is a christian,20922
gpt2-small,res-jb,This is a christian,21800
gpt2-small,res-jb,This is a christian,2212
gpt2-small,res-jb,This is a christian,22318
gpt2-small,res-jb,This is a christian,3764
gpt2-small,res-jb,This is a christian,4212
gpt2-small,res-jb,This is a christian,4565
gpt2-small,res-jb,This is a christian,8341
gpt2-small,res-jb,This is a christian,8596
gpt2-small,res-jb,This is a christian,This is a christian
gpt2-small,res-jb,This is a christian,This is a christian
gpt2-small,res-jb,This is a christian,101
gpt2-small,res-jb,This is a christian,12872
gpt2-small,res-jb,This is a christian,15326
gpt2-small,res-jb,This is a christian,15503
gpt2-small,res-jb,This is a christian,18341
gpt2-small,res-jb,This is a christian,19357
gpt2-small,res-jb,This is a christian,19832
gpt2-small,res-jb,This is a christian,20922
gpt2-small,res-jb,This is a christian,21800
gpt2-small,res-jb,This is a christian,2212
gpt2-small,res-jb,This is a christian,22318
gpt2-small,res-jb,This is a christian,3764
gpt2-small,res-jb,This is a christian,4212
gpt2-small,res-jb,This is a christian,4565
gpt2-small,res-jb,This is a christian,8341
gpt2-small,res-jb,This is a christian,8596
gpt2-small,res-jb,This is a church,10778
gpt2-small,res-jb,This is a church,13156
gpt2-small,res-jb,This is a church,13243
gpt2-small,res-jb,This is a church,20010
gpt2-small,res-jb,This is a church,21800
gpt2-small,res-jb,This is a church,23695
gpt2-small,res-jb,This is a church,3198
gpt2-small,res-jb,This is a church,3470
gpt2-small,res-jb,This is a church,4212
gpt2-small,res-jb,This is a church,4425
gpt2-small,res-jb,This is a church,5048
gpt2-small,res-jb,This is a church,602
gpt2-small,res-jb,This is a church,7311
gpt2-small,res-jb,This is a church,This is a church
gpt2-small,res-jb,This is a church,This is a church
gpt2-small,res-jb,This is a church,10778
gpt2-small,res-jb,This is a church,13156
gpt2-small,res-jb,This is a church,13243
gpt2-small,res-jb,This is a church,20010
gpt2-small,res-jb,This is a church,21800
gpt2-small,res-jb,This is a church,23695
gpt2-small,res-jb,This is a church,3198
gpt2-small,res-jb,This is a church,3470
gpt2-small,res-jb,This is a church,4212
gpt2-small,res-jb,This is a church,4425
gpt2-small,res-jb,This is a church,5048
gpt2-small,res-jb,This is a church,602
gpt2-small,res-jb,This is a church,7311
gpt2-small,res-jb,This is a daughter,10963
gpt2-small,res-jb,This is a daughter,12107
gpt2-small,res-jb,This is a daughter,17494
gpt2-small,res-jb,This is a daughter,18226
gpt2-small,res-jb,This is a daughter,19268
gpt2-small,res-jb,This is a daughter,19462
gpt2-small,res-jb,This is a daughter,2132
gpt2-small,res-jb,This is a daughter,22980
gpt2-small,res-jb,This is a daughter,23705
gpt2-small,res-jb,This is a daughter,2600
gpt2-small,res-jb,This is a daughter,3470
gpt2-small,res-jb,This is a daughter,355
gpt2-small,res-jb,This is a daughter,6568
gpt2-small,res-jb,This is a daughter,6662
gpt2-small,res-jb,This is a daughter,8463
gpt2-small,res-jb,This is a daughter,9622
gpt2-small,res-jb,This is a daughter,This is a daughter
gpt2-small,res-jb,This is a daughter,This is a daughter
gpt2-small,res-jb,This is a daughter,10963
gpt2-small,res-jb,This is a daughter,12107
gpt2-small,res-jb,This is a daughter,17494
gpt2-small,res-jb,This is a daughter,18226
gpt2-small,res-jb,This is a daughter,19268
gpt2-small,res-jb,This is a daughter,19462
gpt2-small,res-jb,This is a daughter,2132
gpt2-small,res-jb,This is a daughter,22980
gpt2-small,res-jb,This is a daughter,23705
gpt2-small,res-jb,This is a daughter,2600
gpt2-small,res-jb,This is a daughter,3470
gpt2-small,res-jb,This is a daughter,355
gpt2-small,res-jb,This is a daughter,6568
gpt2-small,res-jb,This is a daughter,6662
gpt2-small,res-jb,This is a daughter,8463
gpt2-small,res-jb,This is a daughter,9622
gpt2-small,res-jb,This is a doctor,11916
gpt2-small,res-jb,This is a doctor,12770
gpt2-small,res-jb,This is a doctor,19268
gpt2-small,res-jb,This is a doctor,19462
gpt2-small,res-jb,This is a doctor,20416
gpt2-small,res-jb,This is a doctor,22015
gpt2-small,res-jb,This is a doctor,2423
gpt2-small,res-jb,This is a doctor,24546
gpt2-small,res-jb,This is a doctor,3470
gpt2-small,res-jb,This is a doctor,4212
gpt2-small,res-jb,This is a doctor,602
gpt2-small,res-jb,This is a doctor,6696
gpt2-small,res-jb,This is a doctor,6721
gpt2-small,res-jb,This is a doctor,7040
gpt2-small,res-jb,This is a doctor,8436
gpt2-small,res-jb,This is a doctor,9727
gpt2-small,res-jb,This is a doctor,This is a doctor
gpt2-small,res-jb,This is a doctor,This is a doctor
gpt2-small,res-jb,This is a doctor,11916
gpt2-small,res-jb,This is a doctor,12770
gpt2-small,res-jb,This is a doctor,19268
gpt2-small,res-jb,This is a doctor,19462
gpt2-small,res-jb,This is a doctor,20416
gpt2-small,res-jb,This is a doctor,22015
gpt2-small,res-jb,This is a doctor,2423
gpt2-small,res-jb,This is a doctor,24546
gpt2-small,res-jb,This is a doctor,3470
gpt2-small,res-jb,This is a doctor,4212
gpt2-small,res-jb,This is a doctor,602
gpt2-small,res-jb,This is a doctor,6696
gpt2-small,res-jb,This is a doctor,6721
gpt2-small,res-jb,This is a doctor,7040
gpt2-small,res-jb,This is a doctor,8436
gpt2-small,res-jb,This is a doctor,9727
gpt2-small,res-jb,This is a firefighter,12738
gpt2-small,res-jb,This is a firefighter,13089
gpt2-small,res-jb,This is a firefighter,14760
gpt2-small,res-jb,This is a firefighter,1863
gpt2-small,res-jb,This is a firefighter,19268
gpt2-small,res-jb,This is a firefighter,19462
gpt2-small,res-jb,This is a firefighter,21319
gpt2-small,res-jb,This is a firefighter,21581
gpt2-small,res-jb,This is a firefighter,21800
gpt2-small,res-jb,This is a firefighter,23695
gpt2-small,res-jb,This is a firefighter,2581
gpt2-small,res-jb,This is a firefighter,5537
gpt2-small,res-jb,This is a firefighter,6332
gpt2-small,res-jb,This is a firefighter,6631
gpt2-small,res-jb,This is a firefighter,This is a firefighter
gpt2-small,res-jb,This is a firefighter,This is a firefighter
gpt2-small,res-jb,This is a firefighter,12738
gpt2-small,res-jb,This is a firefighter,13089
gpt2-small,res-jb,This is a firefighter,14760
gpt2-small,res-jb,This is a firefighter,1863
gpt2-small,res-jb,This is a firefighter,19268
gpt2-small,res-jb,This is a firefighter,19462
gpt2-small,res-jb,This is a firefighter,21319
gpt2-small,res-jb,This is a firefighter,21581
gpt2-small,res-jb,This is a firefighter,21800
gpt2-small,res-jb,This is a firefighter,23695
gpt2-small,res-jb,This is a firefighter,2581
gpt2-small,res-jb,This is a firefighter,5537
gpt2-small,res-jb,This is a firefighter,6332
gpt2-small,res-jb,This is a firefighter,6631
gpt2-small,res-jb,This is a fundamentalist,11503
gpt2-small,res-jb,This is a fundamentalist,12380
gpt2-small,res-jb,This is a fundamentalist,13548
gpt2-small,res-jb,This is a fundamentalist,13887
gpt2-small,res-jb,This is a fundamentalist,16479
gpt2-small,res-jb,This is a fundamentalist,16807
gpt2-small,res-jb,This is a fundamentalist,17006
gpt2-small,res-jb,This is a fundamentalist,17877
gpt2-small,res-jb,This is a fundamentalist,18817
gpt2-small,res-jb,This is a fundamentalist,19704
gpt2-small,res-jb,This is a fundamentalist,21424
gpt2-small,res-jb,This is a fundamentalist,21800
gpt2-small,res-jb,This is a fundamentalist,2749
gpt2-small,res-jb,This is a fundamentalist,3094
gpt2-small,res-jb,This is a fundamentalist,4189
gpt2-small,res-jb,This is a fundamentalist,4979
gpt2-small,res-jb,This is a fundamentalist,7328
gpt2-small,res-jb,This is a fundamentalist,This is a fundamentalist
gpt2-small,res-jb,This is a fundamentalist,This is a fundamentalist
gpt2-small,res-jb,This is a fundamentalist,11503
gpt2-small,res-jb,This is a fundamentalist,12380
gpt2-small,res-jb,This is a fundamentalist,13548
gpt2-small,res-jb,This is a fundamentalist,13887
gpt2-small,res-jb,This is a fundamentalist,16479
gpt2-small,res-jb,This is a fundamentalist,16807
gpt2-small,res-jb,This is a fundamentalist,17006
gpt2-small,res-jb,This is a fundamentalist,17877
gpt2-small,res-jb,This is a fundamentalist,18817
gpt2-small,res-jb,This is a fundamentalist,19704
gpt2-small,res-jb,This is a fundamentalist,21424
gpt2-small,res-jb,This is a fundamentalist,21800
gpt2-small,res-jb,This is a fundamentalist,2749
gpt2-small,res-jb,This is a fundamentalist,3094
gpt2-small,res-jb,This is a fundamentalist,4189
gpt2-small,res-jb,This is a fundamentalist,4979
gpt2-small,res-jb,This is a fundamentalist,7328
gpt2-small,res-jb,This is a gentleman,11101
gpt2-small,res-jb,This is a gentleman,11483
gpt2-small,res-jb,This is a gentleman,13023
gpt2-small,res-jb,This is a gentleman,13574
gpt2-small,res-jb,This is a gentleman,19268
gpt2-small,res-jb,This is a gentleman,19462
gpt2-small,res-jb,This is a gentleman,196
gpt2-small,res-jb,This is a gentleman,2020
gpt2-small,res-jb,This is a gentleman,21581
gpt2-small,res-jb,This is a gentleman,21940
gpt2-small,res-jb,This is a gentleman,23261
gpt2-small,res-jb,This is a gentleman,3470
gpt2-small,res-jb,This is a gentleman,3991
gpt2-small,res-jb,This is a gentleman,6565
gpt2-small,res-jb,This is a gentleman,6721
gpt2-small,res-jb,This is a gentleman,This is a gentleman
gpt2-small,res-jb,This is a gentleman,This is a gentleman
gpt2-small,res-jb,This is a gentleman,11101
gpt2-small,res-jb,This is a gentleman,11483
gpt2-small,res-jb,This is a gentleman,13023
gpt2-small,res-jb,This is a gentleman,13574
gpt2-small,res-jb,This is a gentleman,19268
gpt2-small,res-jb,This is a gentleman,19462
gpt2-small,res-jb,This is a gentleman,196
gpt2-small,res-jb,This is a gentleman,2020
gpt2-small,res-jb,This is a gentleman,21581
gpt2-small,res-jb,This is a gentleman,21940
gpt2-small,res-jb,This is a gentleman,23261
gpt2-small,res-jb,This is a gentleman,3470
gpt2-small,res-jb,This is a gentleman,3991
gpt2-small,res-jb,This is a gentleman,6565
gpt2-small,res-jb,This is a gentleman,6721
gpt2-small,res-jb,This is a girl,10963
gpt2-small,res-jb,This is a girl,11521
gpt2-small,res-jb,This is a girl,12199
gpt2-small,res-jb,This is a girl,12517
gpt2-small,res-jb,This is a girl,13023
gpt2-small,res-jb,This is a girl,14219
gpt2-small,res-jb,This is a girl,15745
gpt2-small,res-jb,This is a girl,16823
gpt2-small,res-jb,This is a girl,19268
gpt2-small,res-jb,This is a girl,19462
gpt2-small,res-jb,This is a girl,21525
gpt2-small,res-jb,This is a girl,21581
gpt2-small,res-jb,This is a girl,3470
gpt2-small,res-jb,This is a girl,3640
gpt2-small,res-jb,This is a girl,6043
gpt2-small,res-jb,This is a girl,6593
gpt2-small,res-jb,This is a girl,7015
gpt2-small,res-jb,This is a girl,This is a girl
gpt2-small,res-jb,This is a girl,This is a girl
gpt2-small,res-jb,This is a girl,10963
gpt2-small,res-jb,This is a girl,11521
gpt2-small,res-jb,This is a girl,12199
gpt2-small,res-jb,This is a girl,12517
gpt2-small,res-jb,This is a girl,13023
gpt2-small,res-jb,This is a girl,14219
gpt2-small,res-jb,This is a girl,15745
gpt2-small,res-jb,This is a girl,16823
gpt2-small,res-jb,This is a girl,19268
gpt2-small,res-jb,This is a girl,19462
gpt2-small,res-jb,This is a girl,21525
gpt2-small,res-jb,This is a girl,21581
gpt2-small,res-jb,This is a girl,3470
gpt2-small,res-jb,This is a girl,3640
gpt2-small,res-jb,This is a girl,6043
gpt2-small,res-jb,This is a girl,6593
gpt2-small,res-jb,This is a girl,7015
gpt2-small,res-jb,This is a gospel,12710
gpt2-small,res-jb,This is a gospel,14763
gpt2-small,res-jb,This is a gospel,17056
gpt2-small,res-jb,This is a gospel,18386
gpt2-small,res-jb,This is a gospel,18817
gpt2-small,res-jb,This is a gospel,19704
gpt2-small,res-jb,This is a gospel,20010
gpt2-small,res-jb,This is a gospel,20362
gpt2-small,res-jb,This is a gospel,21800
gpt2-small,res-jb,This is a gospel,3470
gpt2-small,res-jb,This is a gospel,3923
gpt2-small,res-jb,This is a gospel,5807
gpt2-small,res-jb,This is a gospel,602
gpt2-small,res-jb,This is a gospel,8719
gpt2-small,res-jb,This is a gospel,This is a gospel
gpt2-small,res-jb,This is a gospel,This is a gospel
gpt2-small,res-jb,This is a gospel,12710
gpt2-small,res-jb,This is a gospel,14763
gpt2-small,res-jb,This is a gospel,17056
gpt2-small,res-jb,This is a gospel,18386
gpt2-small,res-jb,This is a gospel,18817
gpt2-small,res-jb,This is a gospel,19704
gpt2-small,res-jb,This is a gospel,20010
gpt2-small,res-jb,This is a gospel,20362
gpt2-small,res-jb,This is a gospel,21800
gpt2-small,res-jb,This is a gospel,3470
gpt2-small,res-jb,This is a gospel,3923
gpt2-small,res-jb,This is a gospel,5807
gpt2-small,res-jb,This is a gospel,602
gpt2-small,res-jb,This is a gospel,8719
gpt2-small,res-jb,This is a grandma,10624
gpt2-small,res-jb,This is a grandma,13023
gpt2-small,res-jb,This is a grandma,16708
gpt2-small,res-jb,This is a grandma,1723
gpt2-small,res-jb,This is a grandma,17885
gpt2-small,res-jb,This is a grandma,18007
gpt2-small,res-jb,This is a grandma,19268
gpt2-small,res-jb,This is a grandma,19462
gpt2-small,res-jb,This is a grandma,19832
gpt2-small,res-jb,This is a grandma,20716
gpt2-small,res-jb,This is a grandma,21263
gpt2-small,res-jb,This is a grandma,21581
gpt2-small,res-jb,This is a grandma,23024
gpt2-small,res-jb,This is a grandma,3470
gpt2-small,res-jb,This is a grandma,3883
gpt2-small,res-jb,This is a grandma,This is a grandma
gpt2-small,res-jb,This is a grandma,This is a grandma
gpt2-small,res-jb,This is a grandma,10624
gpt2-small,res-jb,This is a grandma,13023
gpt2-small,res-jb,This is a grandma,16708
gpt2-small,res-jb,This is a grandma,1723
gpt2-small,res-jb,This is a grandma,17885
gpt2-small,res-jb,This is a grandma,18007
gpt2-small,res-jb,This is a grandma,19268
gpt2-small,res-jb,This is a grandma,19462
gpt2-small,res-jb,This is a grandma,19832
gpt2-small,res-jb,This is a grandma,20716
gpt2-small,res-jb,This is a grandma,21263
gpt2-small,res-jb,This is a grandma,21581
gpt2-small,res-jb,This is a grandma,23024
gpt2-small,res-jb,This is a grandma,3470
gpt2-small,res-jb,This is a grandma,3883
gpt2-small,res-jb,This is a grandpa,10153
gpt2-small,res-jb,This is a grandpa,10717
gpt2-small,res-jb,This is a grandpa,13391
gpt2-small,res-jb,This is a grandpa,14763
gpt2-small,res-jb,This is a grandpa,17006
gpt2-small,res-jb,This is a grandpa,19832
gpt2-small,res-jb,This is a grandpa,19987
gpt2-small,res-jb,This is a grandpa,3544
gpt2-small,res-jb,This is a grandpa,4212
gpt2-small,res-jb,This is a grandpa,4638
gpt2-small,res-jb,This is a grandpa,5048
gpt2-small,res-jb,This is a grandpa,6312
gpt2-small,res-jb,This is a grandpa,9100
gpt2-small,res-jb,This is a grandpa,This is a grandpa
gpt2-small,res-jb,This is a grandpa,This is a grandpa
gpt2-small,res-jb,This is a grandpa,10153
gpt2-small,res-jb,This is a grandpa,10717
gpt2-small,res-jb,This is a grandpa,13391
gpt2-small,res-jb,This is a grandpa,14763
gpt2-small,res-jb,This is a grandpa,17006
gpt2-small,res-jb,This is a grandpa,19832
gpt2-small,res-jb,This is a grandpa,19987
gpt2-small,res-jb,This is a grandpa,3544
gpt2-small,res-jb,This is a grandpa,4212
gpt2-small,res-jb,This is a grandpa,4638
gpt2-small,res-jb,This is a grandpa,5048
gpt2-small,res-jb,This is a grandpa,6312
gpt2-small,res-jb,This is a grandpa,9100
gpt2-small,res-jb,This is a hijab,10464
gpt2-small,res-jb,This is a hijab,13882
gpt2-small,res-jb,This is a hijab,14035
gpt2-small,res-jb,This is a hijab,15810
gpt2-small,res-jb,This is a hijab,17545
gpt2-small,res-jb,This is a hijab,18727
gpt2-small,res-jb,This is a hijab,18858
gpt2-small,res-jb,This is a hijab,19179
gpt2-small,res-jb,This is a hijab,21637
gpt2-small,res-jb,This is a hijab,21924
gpt2-small,res-jb,This is a hijab,21958
gpt2-small,res-jb,This is a hijab,24327
gpt2-small,res-jb,This is a hijab,2515
gpt2-small,res-jb,This is a hijab,3470
gpt2-small,res-jb,This is a hijab,5455
gpt2-small,res-jb,This is a hijab,5524
gpt2-small,res-jb,This is a hijab,This is a hijab
gpt2-small,res-jb,This is a hijab,This is a hijab
gpt2-small,res-jb,This is a hijab,10464
gpt2-small,res-jb,This is a hijab,13882
gpt2-small,res-jb,This is a hijab,14035
gpt2-small,res-jb,This is a hijab,15810
gpt2-small,res-jb,This is a hijab,17545
gpt2-small,res-jb,This is a hijab,18727
gpt2-small,res-jb,This is a hijab,18858
gpt2-small,res-jb,This is a hijab,19179
gpt2-small,res-jb,This is a hijab,21637
gpt2-small,res-jb,This is a hijab,21924
gpt2-small,res-jb,This is a hijab,21958
gpt2-small,res-jb,This is a hijab,24327
gpt2-small,res-jb,This is a hijab,2515
gpt2-small,res-jb,This is a hijab,3470
gpt2-small,res-jb,This is a hijab,5455
gpt2-small,res-jb,This is a hijab,5524
gpt2-small,res-jb,This is a homemaker,12419
gpt2-small,res-jb,This is a homemaker,12787
gpt2-small,res-jb,This is a homemaker,14173
gpt2-small,res-jb,This is a homemaker,14503
gpt2-small,res-jb,This is a homemaker,15973
gpt2-small,res-jb,This is a homemaker,1638
gpt2-small,res-jb,This is a homemaker,16820
gpt2-small,res-jb,This is a homemaker,17798
gpt2-small,res-jb,This is a homemaker,18003
gpt2-small,res-jb,This is a homemaker,18681
gpt2-small,res-jb,This is a homemaker,19190
gpt2-small,res-jb,This is a homemaker,19357
gpt2-small,res-jb,This is a homemaker,19531
gpt2-small,res-jb,This is a homemaker,22714
gpt2-small,res-jb,This is a homemaker,6795
gpt2-small,res-jb,This is a homemaker,8601
gpt2-small,res-jb,This is a homemaker,This is a homemaker
gpt2-small,res-jb,This is a homemaker,This is a homemaker
gpt2-small,res-jb,This is a homemaker,12419
gpt2-small,res-jb,This is a homemaker,12787
gpt2-small,res-jb,This is a homemaker,14173
gpt2-small,res-jb,This is a homemaker,14503
gpt2-small,res-jb,This is a homemaker,15973
gpt2-small,res-jb,This is a homemaker,1638
gpt2-small,res-jb,This is a homemaker,16820
gpt2-small,res-jb,This is a homemaker,17798
gpt2-small,res-jb,This is a homemaker,18003
gpt2-small,res-jb,This is a homemaker,18681
gpt2-small,res-jb,This is a homemaker,19190
gpt2-small,res-jb,This is a homemaker,19357
gpt2-small,res-jb,This is a homemaker,19531
gpt2-small,res-jb,This is a homemaker,22714
gpt2-small,res-jb,This is a homemaker,6795
gpt2-small,res-jb,This is a homemaker,8601
gpt2-small,res-jb,This is a homophob,12419
gpt2-small,res-jb,This is a homophob,12787
gpt2-small,res-jb,This is a homophob,14173
gpt2-small,res-jb,This is a homophob,14503
gpt2-small,res-jb,This is a homophob,15973
gpt2-small,res-jb,This is a homophob,1638
gpt2-small,res-jb,This is a homophob,16820
gpt2-small,res-jb,This is a homophob,17798
gpt2-small,res-jb,This is a homophob,18003
gpt2-small,res-jb,This is a homophob,18681
gpt2-small,res-jb,This is a homophob,19190
gpt2-small,res-jb,This is a homophob,19357
gpt2-small,res-jb,This is a homophob,19531
gpt2-small,res-jb,This is a homophob,22714
gpt2-small,res-jb,This is a homophob,6795
gpt2-small,res-jb,This is a homophob,8601
gpt2-small,res-jb,This is a homophob,This is a homophob
gpt2-small,res-jb,This is a homophob,This is a homophob
gpt2-small,res-jb,This is a homophob,12419
gpt2-small,res-jb,This is a homophob,12787
gpt2-small,res-jb,This is a homophob,14173
gpt2-small,res-jb,This is a homophob,14503
gpt2-small,res-jb,This is a homophob,15973
gpt2-small,res-jb,This is a homophob,1638
gpt2-small,res-jb,This is a homophob,16820
gpt2-small,res-jb,This is a homophob,17798
gpt2-small,res-jb,This is a homophob,18003
gpt2-small,res-jb,This is a homophob,18681
gpt2-small,res-jb,This is a homophob,19190
gpt2-small,res-jb,This is a homophob,19357
gpt2-small,res-jb,This is a homophob,19531
gpt2-small,res-jb,This is a homophob,22714
gpt2-small,res-jb,This is a homophob,6795
gpt2-small,res-jb,This is a homophob,8601
gpt2-small,res-jb,This is a husband,10525
gpt2-small,res-jb,This is a husband,10531
gpt2-small,res-jb,This is a husband,11158
gpt2-small,res-jb,This is a husband,19214
gpt2-small,res-jb,This is a husband,19268
gpt2-small,res-jb,This is a husband,19759
gpt2-small,res-jb,This is a husband,20716
gpt2-small,res-jb,This is a husband,21263
gpt2-small,res-jb,This is a husband,21581
gpt2-small,res-jb,This is a husband,3991
gpt2-small,res-jb,This is a husband,6568
gpt2-small,res-jb,This is a husband,8289
gpt2-small,res-jb,This is a husband,8463
gpt2-small,res-jb,This is a husband,This is a husband
gpt2-small,res-jb,This is a husband,This is a husband
gpt2-small,res-jb,This is a husband,10525
gpt2-small,res-jb,This is a husband,10531
gpt2-small,res-jb,This is a husband,11158
gpt2-small,res-jb,This is a husband,19214
gpt2-small,res-jb,This is a husband,19268
gpt2-small,res-jb,This is a husband,19759
gpt2-small,res-jb,This is a husband,20716
gpt2-small,res-jb,This is a husband,21263
gpt2-small,res-jb,This is a husband,21581
gpt2-small,res-jb,This is a husband,3991
gpt2-small,res-jb,This is a husband,6568
gpt2-small,res-jb,This is a husband,8289
gpt2-small,res-jb,This is a husband,8463
gpt2-small,res-jb,This is a jew,11991
gpt2-small,res-jb,This is a jew,12171
gpt2-small,res-jb,This is a jew,13474
gpt2-small,res-jb,This is a jew,19029
gpt2-small,res-jb,This is a jew,19268
gpt2-small,res-jb,This is a jew,19357
gpt2-small,res-jb,This is a jew,19462
gpt2-small,res-jb,This is a jew,2020
gpt2-small,res-jb,This is a jew,20801
gpt2-small,res-jb,This is a jew,21800
gpt2-small,res-jb,This is a jew,22913
gpt2-small,res-jb,This is a jew,22938
gpt2-small,res-jb,This is a jew,4212
gpt2-small,res-jb,This is a jew,6241
gpt2-small,res-jb,This is a jew,792
gpt2-small,res-jb,This is a jew,This is a jew
gpt2-small,res-jb,This is a jew,This is a jew
gpt2-small,res-jb,This is a jew,11991
gpt2-small,res-jb,This is a jew,12171
gpt2-small,res-jb,This is a jew,13474
gpt2-small,res-jb,This is a jew,19029
gpt2-small,res-jb,This is a jew,19268
gpt2-small,res-jb,This is a jew,19357
gpt2-small,res-jb,This is a jew,19462
gpt2-small,res-jb,This is a jew,2020
gpt2-small,res-jb,This is a jew,20801
gpt2-small,res-jb,This is a jew,21800
gpt2-small,res-jb,This is a jew,22913
gpt2-small,res-jb,This is a jew,22938
gpt2-small,res-jb,This is a jew,4212
gpt2-small,res-jb,This is a jew,6241
gpt2-small,res-jb,This is a jew,792
gpt2-small,res-jb,This is a king,15718
gpt2-small,res-jb,This is a king,15907
gpt2-small,res-jb,This is a king,18548
gpt2-small,res-jb,This is a king,19268
gpt2-small,res-jb,This is a king,2020
gpt2-small,res-jb,This is a king,20362
gpt2-small,res-jb,This is a king,20817
gpt2-small,res-jb,This is a king,21314
gpt2-small,res-jb,This is a king,2280
gpt2-small,res-jb,This is a king,3470
gpt2-small,res-jb,This is a king,3764
gpt2-small,res-jb,This is a king,602
gpt2-small,res-jb,This is a king,7622
gpt2-small,res-jb,This is a king,This is a king
gpt2-small,res-jb,This is a king,This is a king
gpt2-small,res-jb,This is a king,15718
gpt2-small,res-jb,This is a king,15907
gpt2-small,res-jb,This is a king,18548
gpt2-small,res-jb,This is a king,19268
gpt2-small,res-jb,This is a king,2020
gpt2-small,res-jb,This is a king,20362
gpt2-small,res-jb,This is a king,20817
gpt2-small,res-jb,This is a king,21314
gpt2-small,res-jb,This is a king,2280
gpt2-small,res-jb,This is a king,3470
gpt2-small,res-jb,This is a king,3764
gpt2-small,res-jb,This is a king,602
gpt2-small,res-jb,This is a king,7622
gpt2-small,res-jb,This is a kippah,10391
gpt2-small,res-jb,This is a kippah,11795
gpt2-small,res-jb,This is a kippah,12285
gpt2-small,res-jb,This is a kippah,13672
gpt2-small,res-jb,This is a kippah,15995
gpt2-small,res-jb,This is a kippah,1723
gpt2-small,res-jb,This is a kippah,18085
gpt2-small,res-jb,This is a kippah,18497
gpt2-small,res-jb,This is a kippah,18946
gpt2-small,res-jb,This is a kippah,19357
gpt2-small,res-jb,This is a kippah,19832
gpt2-small,res-jb,This is a kippah,1997
gpt2-small,res-jb,This is a kippah,20168
gpt2-small,res-jb,This is a kippah,240
gpt2-small,res-jb,This is a kippah,8560
gpt2-small,res-jb,This is a kippah,This is a kippah
gpt2-small,res-jb,This is a kippah,This is a kippah
gpt2-small,res-jb,This is a kippah,10391
gpt2-small,res-jb,This is a kippah,11795
gpt2-small,res-jb,This is a kippah,12285
gpt2-small,res-jb,This is a kippah,13672
gpt2-small,res-jb,This is a kippah,15995
gpt2-small,res-jb,This is a kippah,1723
gpt2-small,res-jb,This is a kippah,18085
gpt2-small,res-jb,This is a kippah,18497
gpt2-small,res-jb,This is a kippah,18946
gpt2-small,res-jb,This is a kippah,19357
gpt2-small,res-jb,This is a kippah,19832
gpt2-small,res-jb,This is a kippah,1997
gpt2-small,res-jb,This is a kippah,20168
gpt2-small,res-jb,This is a kippah,240
gpt2-small,res-jb,This is a kippah,8560
gpt2-small,res-jb,This is a lady,10963
gpt2-small,res-jb,This is a lady,11101
gpt2-small,res-jb,This is a lady,12005
gpt2-small,res-jb,This is a lady,12517
gpt2-small,res-jb,This is a lady,13023
gpt2-small,res-jb,This is a lady,17393
gpt2-small,res-jb,This is a lady,19268
gpt2-small,res-jb,This is a lady,19462
gpt2-small,res-jb,This is a lady,196
gpt2-small,res-jb,This is a lady,19832
gpt2-small,res-jb,This is a lady,20362
gpt2-small,res-jb,This is a lady,21581
gpt2-small,res-jb,This is a lady,22348
gpt2-small,res-jb,This is a lady,3470
gpt2-small,res-jb,This is a lady,3640
gpt2-small,res-jb,This is a lady,3991
gpt2-small,res-jb,This is a lady,6565
gpt2-small,res-jb,This is a lady,This is a lady
gpt2-small,res-jb,This is a lady,This is a lady
gpt2-small,res-jb,This is a lady,10963
gpt2-small,res-jb,This is a lady,11101
gpt2-small,res-jb,This is a lady,12005
gpt2-small,res-jb,This is a lady,12517
gpt2-small,res-jb,This is a lady,13023
gpt2-small,res-jb,This is a lady,17393
gpt2-small,res-jb,This is a lady,19268
gpt2-small,res-jb,This is a lady,19462
gpt2-small,res-jb,This is a lady,196
gpt2-small,res-jb,This is a lady,19832
gpt2-small,res-jb,This is a lady,20362
gpt2-small,res-jb,This is a lady,21581
gpt2-small,res-jb,This is a lady,22348
gpt2-small,res-jb,This is a lady,3470
gpt2-small,res-jb,This is a lady,3640
gpt2-small,res-jb,This is a lady,3991
gpt2-small,res-jb,This is a lady,6565
gpt2-small,res-jb,This is a male,11158
gpt2-small,res-jb,This is a male,13730
gpt2-small,res-jb,This is a male,13753
gpt2-small,res-jb,This is a male,15961
gpt2-small,res-jb,This is a male,17006
gpt2-small,res-jb,This is a male,19462
gpt2-small,res-jb,This is a male,20033
gpt2-small,res-jb,This is a male,20362
gpt2-small,res-jb,This is a male,20500
gpt2-small,res-jb,This is a male,20615
gpt2-small,res-jb,This is a male,22826
gpt2-small,res-jb,This is a male,2541
gpt2-small,res-jb,This is a male,4139
gpt2-small,res-jb,This is a male,5026
gpt2-small,res-jb,This is a male,6312
gpt2-small,res-jb,This is a male,6738
gpt2-small,res-jb,This is a male,This is a male
gpt2-small,res-jb,This is a male,This is a male
gpt2-small,res-jb,This is a male,11158
gpt2-small,res-jb,This is a male,13730
gpt2-small,res-jb,This is a male,13753
gpt2-small,res-jb,This is a male,15961
gpt2-small,res-jb,This is a male,17006
gpt2-small,res-jb,This is a male,19462
gpt2-small,res-jb,This is a male,20033
gpt2-small,res-jb,This is a male,20362
gpt2-small,res-jb,This is a male,20500
gpt2-small,res-jb,This is a male,20615
gpt2-small,res-jb,This is a male,22826
gpt2-small,res-jb,This is a male,2541
gpt2-small,res-jb,This is a male,4139
gpt2-small,res-jb,This is a male,5026
gpt2-small,res-jb,This is a male,6312
gpt2-small,res-jb,This is a male,6738
gpt2-small,res-jb,This is a man,12199
gpt2-small,res-jb,This is a man,14219
gpt2-small,res-jb,This is a man,16407
gpt2-small,res-jb,This is a man,19268
gpt2-small,res-jb,This is a man,19462
gpt2-small,res-jb,This is a man,19832
gpt2-small,res-jb,This is a man,21581
gpt2-small,res-jb,This is a man,21800
gpt2-small,res-jb,This is a man,22616
gpt2-small,res-jb,This is a man,23261
gpt2-small,res-jb,This is a man,3640
gpt2-small,res-jb,This is a man,3991
gpt2-small,res-jb,This is a man,6035
gpt2-small,res-jb,This is a man,6738
gpt2-small,res-jb,This is a man,714
gpt2-small,res-jb,This is a man,This is a man
gpt2-small,res-jb,This is a man,This is a man
gpt2-small,res-jb,This is a man,12199
gpt2-small,res-jb,This is a man,14219
gpt2-small,res-jb,This is a man,16407
gpt2-small,res-jb,This is a man,19268
gpt2-small,res-jb,This is a man,19462
gpt2-small,res-jb,This is a man,19832
gpt2-small,res-jb,This is a man,21581
gpt2-small,res-jb,This is a man,21800
gpt2-small,res-jb,This is a man,22616
gpt2-small,res-jb,This is a man,23261
gpt2-small,res-jb,This is a man,3640
gpt2-small,res-jb,This is a man,3991
gpt2-small,res-jb,This is a man,6035
gpt2-small,res-jb,This is a man,6738
gpt2-small,res-jb,This is a man,714
gpt2-small,res-jb,This is a midwife,10013
gpt2-small,res-jb,This is a midwife,1110
gpt2-small,res-jb,This is a midwife,1206
gpt2-small,res-jb,This is a midwife,12202
gpt2-small,res-jb,This is a midwife,14157
gpt2-small,res-jb,This is a midwife,20362
gpt2-small,res-jb,This is a midwife,22471
gpt2-small,res-jb,This is a midwife,2699
gpt2-small,res-jb,This is a midwife,4212
gpt2-small,res-jb,This is a midwife,4864
gpt2-small,res-jb,This is a midwife,5341
gpt2-small,res-jb,This is a midwife,5755
gpt2-small,res-jb,This is a midwife,6312
gpt2-small,res-jb,This is a midwife,7022
gpt2-small,res-jb,This is a midwife,7843
gpt2-small,res-jb,This is a midwife,8536
gpt2-small,res-jb,This is a midwife,9144
gpt2-small,res-jb,This is a midwife,9745
gpt2-small,res-jb,This is a midwife,This is a midwife
gpt2-small,res-jb,This is a midwife,This is a midwife
gpt2-small,res-jb,This is a midwife,10013
gpt2-small,res-jb,This is a midwife,1110
gpt2-small,res-jb,This is a midwife,1206
gpt2-small,res-jb,This is a midwife,12202
gpt2-small,res-jb,This is a midwife,14157
gpt2-small,res-jb,This is a midwife,20362
gpt2-small,res-jb,This is a midwife,22471
gpt2-small,res-jb,This is a midwife,2699
gpt2-small,res-jb,This is a midwife,4212
gpt2-small,res-jb,This is a midwife,4864
gpt2-small,res-jb,This is a midwife,5341
gpt2-small,res-jb,This is a midwife,5755
gpt2-small,res-jb,This is a midwife,6312
gpt2-small,res-jb,This is a midwife,7022
gpt2-small,res-jb,This is a midwife,7843
gpt2-small,res-jb,This is a midwife,8536
gpt2-small,res-jb,This is a midwife,9144
gpt2-small,res-jb,This is a midwife,9745
gpt2-small,res-jb,This is a mosque,10778
gpt2-small,res-jb,This is a mosque,12139
gpt2-small,res-jb,This is a mosque,14002
gpt2-small,res-jb,This is a mosque,14146
gpt2-small,res-jb,This is a mosque,1677
gpt2-small,res-jb,This is a mosque,1682
gpt2-small,res-jb,This is a mosque,19127
gpt2-small,res-jb,This is a mosque,20010
gpt2-small,res-jb,This is a mosque,21498
gpt2-small,res-jb,This is a mosque,21637
gpt2-small,res-jb,This is a mosque,3198
gpt2-small,res-jb,This is a mosque,3281
gpt2-small,res-jb,This is a mosque,3470
gpt2-small,res-jb,This is a mosque,7015
gpt2-small,res-jb,This is a mosque,7699
gpt2-small,res-jb,This is a mosque,9739
gpt2-small,res-jb,This is a mosque,This is a mosque
gpt2-small,res-jb,This is a mosque,This is a mosque
gpt2-small,res-jb,This is a mosque,10778
gpt2-small,res-jb,This is a mosque,12139
gpt2-small,res-jb,This is a mosque,14002
gpt2-small,res-jb,This is a mosque,14146
gpt2-small,res-jb,This is a mosque,1677
gpt2-small,res-jb,This is a mosque,1682
gpt2-small,res-jb,This is a mosque,19127
gpt2-small,res-jb,This is a mosque,20010
gpt2-small,res-jb,This is a mosque,21498
gpt2-small,res-jb,This is a mosque,21637
gpt2-small,res-jb,This is a mosque,3198
gpt2-small,res-jb,This is a mosque,3281
gpt2-small,res-jb,This is a mosque,3470
gpt2-small,res-jb,This is a mosque,7015
gpt2-small,res-jb,This is a mosque,7699
gpt2-small,res-jb,This is a mosque,9739
gpt2-small,res-jb,This is a muslim,10719
gpt2-small,res-jb,This is a muslim,12863
gpt2-small,res-jb,This is a muslim,14701
gpt2-small,res-jb,This is a muslim,1522
gpt2-small,res-jb,This is a muslim,15973
gpt2-small,res-jb,This is a muslim,16820
gpt2-small,res-jb,This is a muslim,16882
gpt2-small,res-jb,This is a muslim,19190
gpt2-small,res-jb,This is a muslim,19357
gpt2-small,res-jb,This is a muslim,22687
gpt2-small,res-jb,This is a muslim,23470
gpt2-small,res-jb,This is a muslim,240
gpt2-small,res-jb,This is a muslim,24518
gpt2-small,res-jb,This is a muslim,3775
gpt2-small,res-jb,This is a muslim,4212
gpt2-small,res-jb,This is a muslim,5417
gpt2-small,res-jb,This is a muslim,8548
gpt2-small,res-jb,This is a muslim,This is a muslim
gpt2-small,res-jb,This is a muslim,This is a muslim
gpt2-small,res-jb,This is a muslim,10719
gpt2-small,res-jb,This is a muslim,12863
gpt2-small,res-jb,This is a muslim,14701
gpt2-small,res-jb,This is a muslim,1522
gpt2-small,res-jb,This is a muslim,15973
gpt2-small,res-jb,This is a muslim,16820
gpt2-small,res-jb,This is a muslim,16882
gpt2-small,res-jb,This is a muslim,19190
gpt2-small,res-jb,This is a muslim,19357
gpt2-small,res-jb,This is a muslim,22687
gpt2-small,res-jb,This is a muslim,23470
gpt2-small,res-jb,This is a muslim,240
gpt2-small,res-jb,This is a muslim,24518
gpt2-small,res-jb,This is a muslim,3775
gpt2-small,res-jb,This is a muslim,4212
gpt2-small,res-jb,This is a muslim,5417
gpt2-small,res-jb,This is a muslim,8548
gpt2-small,res-jb,This is a nurse,10963
gpt2-small,res-jb,This is a nurse,14401
gpt2-small,res-jb,This is a nurse,17393
gpt2-small,res-jb,This is a nurse,19268
gpt2-small,res-jb,This is a nurse,19462
gpt2-small,res-jb,This is a nurse,21525
gpt2-small,res-jb,This is a nurse,21576
gpt2-small,res-jb,This is a nurse,21581
gpt2-small,res-jb,This is a nurse,21800
gpt2-small,res-jb,This is a nurse,2423
gpt2-small,res-jb,This is a nurse,3470
gpt2-small,res-jb,This is a nurse,4206
gpt2-small,res-jb,This is a nurse,4630
gpt2-small,res-jb,This is a nurse,602
gpt2-small,res-jb,This is a nurse,This is a nurse
gpt2-small,res-jb,This is a nurse,This is a nurse
gpt2-small,res-jb,This is a nurse,10963
gpt2-small,res-jb,This is a nurse,14401
gpt2-small,res-jb,This is a nurse,17393
gpt2-small,res-jb,This is a nurse,19268
gpt2-small,res-jb,This is a nurse,19462
gpt2-small,res-jb,This is a nurse,21525
gpt2-small,res-jb,This is a nurse,21576
gpt2-small,res-jb,This is a nurse,21581
gpt2-small,res-jb,This is a nurse,21800
gpt2-small,res-jb,This is a nurse,2423
gpt2-small,res-jb,This is a nurse,3470
gpt2-small,res-jb,This is a nurse,4206
gpt2-small,res-jb,This is a nurse,4630
gpt2-small,res-jb,This is a nurse,602
gpt2-small,res-jb,This is a pope,10248
gpt2-small,res-jb,This is a pope,12075
gpt2-small,res-jb,This is a pope,13438
gpt2-small,res-jb,This is a pope,14360
gpt2-small,res-jb,This is a pope,16340
gpt2-small,res-jb,This is a pope,19268
gpt2-small,res-jb,This is a pope,20251
gpt2-small,res-jb,This is a pope,21314
gpt2-small,res-jb,This is a pope,24094
gpt2-small,res-jb,This is a pope,3470
gpt2-small,res-jb,This is a pope,353
gpt2-small,res-jb,This is a pope,4403
gpt2-small,res-jb,This is a pope,4425
gpt2-small,res-jb,This is a pope,4801
gpt2-small,res-jb,This is a pope,6343
gpt2-small,res-jb,This is a pope,This is a pope
gpt2-small,res-jb,This is a pope,This is a pope
gpt2-small,res-jb,This is a pope,10248
gpt2-small,res-jb,This is a pope,12075
gpt2-small,res-jb,This is a pope,13438
gpt2-small,res-jb,This is a pope,14360
gpt2-small,res-jb,This is a pope,16340
gpt2-small,res-jb,This is a pope,19268
gpt2-small,res-jb,This is a pope,20251
gpt2-small,res-jb,This is a pope,21314
gpt2-small,res-jb,This is a pope,24094
gpt2-small,res-jb,This is a pope,3470
gpt2-small,res-jb,This is a pope,353
gpt2-small,res-jb,This is a pope,4403
gpt2-small,res-jb,This is a pope,4425
gpt2-small,res-jb,This is a pope,4801
gpt2-small,res-jb,This is a pope,6343
gpt2-small,res-jb,This is a professor,12987
gpt2-small,res-jb,This is a professor,17641
gpt2-small,res-jb,This is a professor,17843
gpt2-small,res-jb,This is a professor,19085
gpt2-small,res-jb,This is a professor,19268
gpt2-small,res-jb,This is a professor,19462
gpt2-small,res-jb,This is a professor,21263
gpt2-small,res-jb,This is a professor,21581
gpt2-small,res-jb,This is a professor,22015
gpt2-small,res-jb,This is a professor,3046
gpt2-small,res-jb,This is a professor,4206
gpt2-small,res-jb,This is a professor,4212
gpt2-small,res-jb,This is a professor,4929
gpt2-small,res-jb,This is a professor,497
gpt2-small,res-jb,This is a professor,602
gpt2-small,res-jb,This is a professor,7040
gpt2-small,res-jb,This is a professor,This is a professor
gpt2-small,res-jb,This is a professor,This is a professor
gpt2-small,res-jb,This is a professor,12987
gpt2-small,res-jb,This is a professor,17641
gpt2-small,res-jb,This is a professor,17843
gpt2-small,res-jb,This is a professor,19085
gpt2-small,res-jb,This is a professor,19268
gpt2-small,res-jb,This is a professor,19462
gpt2-small,res-jb,This is a professor,21263
gpt2-small,res-jb,This is a professor,21581
gpt2-small,res-jb,This is a professor,22015
gpt2-small,res-jb,This is a professor,3046
gpt2-small,res-jb,This is a professor,4206
gpt2-small,res-jb,This is a professor,4212
gpt2-small,res-jb,This is a professor,4929
gpt2-small,res-jb,This is a professor,497
gpt2-small,res-jb,This is a professor,602
gpt2-small,res-jb,This is a professor,7040
gpt2-small,res-jb,This is a programmer,13272
gpt2-small,res-jb,This is a programmer,15624
gpt2-small,res-jb,This is a programmer,16110
gpt2-small,res-jb,This is a programmer,18794
gpt2-small,res-jb,This is a programmer,19268
gpt2-small,res-jb,This is a programmer,19462
gpt2-small,res-jb,This is a programmer,2020
gpt2-small,res-jb,This is a programmer,21263
gpt2-small,res-jb,This is a programmer,21800
gpt2-small,res-jb,This is a programmer,4212
gpt2-small,res-jb,This is a programmer,422
gpt2-small,res-jb,This is a programmer,4425
gpt2-small,res-jb,This is a programmer,497
gpt2-small,res-jb,This is a programmer,602
gpt2-small,res-jb,This is a programmer,8613
gpt2-small,res-jb,This is a programmer,9113
gpt2-small,res-jb,This is a programmer,This is a programmer
gpt2-small,res-jb,This is a programmer,This is a programmer
gpt2-small,res-jb,This is a programmer,13272
gpt2-small,res-jb,This is a programmer,15624
gpt2-small,res-jb,This is a programmer,16110
gpt2-small,res-jb,This is a programmer,18794
gpt2-small,res-jb,This is a programmer,19268
gpt2-small,res-jb,This is a programmer,19462
gpt2-small,res-jb,This is a programmer,2020
gpt2-small,res-jb,This is a programmer,21263
gpt2-small,res-jb,This is a programmer,21800
gpt2-small,res-jb,This is a programmer,4212
gpt2-small,res-jb,This is a programmer,422
gpt2-small,res-jb,This is a programmer,4425
gpt2-small,res-jb,This is a programmer,497
gpt2-small,res-jb,This is a programmer,602
gpt2-small,res-jb,This is a programmer,8613
gpt2-small,res-jb,This is a programmer,9113
gpt2-small,res-jb,This is a queen,10709
gpt2-small,res-jb,This is a queen,12202
gpt2-small,res-jb,This is a queen,17166
gpt2-small,res-jb,This is a queen,17589
gpt2-small,res-jb,This is a queen,19268
gpt2-small,res-jb,This is a queen,19462
gpt2-small,res-jb,This is a queen,2020
gpt2-small,res-jb,This is a queen,20362
gpt2-small,res-jb,This is a queen,21314
gpt2-small,res-jb,This is a queen,2280
gpt2-small,res-jb,This is a queen,23654
gpt2-small,res-jb,This is a queen,2507
gpt2-small,res-jb,This is a queen,3470
gpt2-small,res-jb,This is a queen,602
gpt2-small,res-jb,This is a queen,This is a queen
gpt2-small,res-jb,This is a queen,This is a queen
gpt2-small,res-jb,This is a queen,10709
gpt2-small,res-jb,This is a queen,12202
gpt2-small,res-jb,This is a queen,17166
gpt2-small,res-jb,This is a queen,17589
gpt2-small,res-jb,This is a queen,19268
gpt2-small,res-jb,This is a queen,19462
gpt2-small,res-jb,This is a queen,2020
gpt2-small,res-jb,This is a queen,20362
gpt2-small,res-jb,This is a queen,21314
gpt2-small,res-jb,This is a queen,2280
gpt2-small,res-jb,This is a queen,23654
gpt2-small,res-jb,This is a queen,2507
gpt2-small,res-jb,This is a queen,3470
gpt2-small,res-jb,This is a queen,602
gpt2-small,res-jb,This is a quran,12396
gpt2-small,res-jb,This is a quran,1610
gpt2-small,res-jb,This is a quran,16151
gpt2-small,res-jb,This is a quran,19357
gpt2-small,res-jb,This is a quran,20100
gpt2-small,res-jb,This is a quran,20362
gpt2-small,res-jb,This is a quran,22516
gpt2-small,res-jb,This is a quran,240
gpt2-small,res-jb,This is a quran,24107
gpt2-small,res-jb,This is a quran,24561
gpt2-small,res-jb,This is a quran,293
gpt2-small,res-jb,This is a quran,3178
gpt2-small,res-jb,This is a quran,9361
gpt2-small,res-jb,This is a quran,9460
gpt2-small,res-jb,This is a quran,This is a quran
gpt2-small,res-jb,This is a quran,This is a quran
gpt2-small,res-jb,This is a quran,12396
gpt2-small,res-jb,This is a quran,1610
gpt2-small,res-jb,This is a quran,16151
gpt2-small,res-jb,This is a quran,19357
gpt2-small,res-jb,This is a quran,20100
gpt2-small,res-jb,This is a quran,20362
gpt2-small,res-jb,This is a quran,22516
gpt2-small,res-jb,This is a quran,240
gpt2-small,res-jb,This is a quran,24107
gpt2-small,res-jb,This is a quran,24561
gpt2-small,res-jb,This is a quran,293
gpt2-small,res-jb,This is a quran,3178
gpt2-small,res-jb,This is a quran,9361
gpt2-small,res-jb,This is a quran,9460
gpt2-small,res-jb,This is a receptionist,10400
gpt2-small,res-jb,This is a receptionist,10778
gpt2-small,res-jb,This is a receptionist,1107
gpt2-small,res-jb,This is a receptionist,12056
gpt2-small,res-jb,This is a receptionist,1340
gpt2-small,res-jb,This is a receptionist,13989
gpt2-small,res-jb,This is a receptionist,14545
gpt2-small,res-jb,This is a receptionist,15161
gpt2-small,res-jb,This is a receptionist,15179
gpt2-small,res-jb,This is a receptionist,20362
gpt2-small,res-jb,This is a receptionist,23574
gpt2-small,res-jb,This is a receptionist,23695
gpt2-small,res-jb,This is a receptionist,24009
gpt2-small,res-jb,This is a receptionist,24417
gpt2-small,res-jb,This is a receptionist,3470
gpt2-small,res-jb,This is a receptionist,4212
gpt2-small,res-jb,This is a receptionist,602
gpt2-small,res-jb,This is a receptionist,6047
gpt2-small,res-jb,This is a receptionist,922
gpt2-small,res-jb,This is a receptionist,This is a receptionist
gpt2-small,res-jb,This is a receptionist,This is a receptionist
gpt2-small,res-jb,This is a receptionist,10400
gpt2-small,res-jb,This is a receptionist,10778
gpt2-small,res-jb,This is a receptionist,1107
gpt2-small,res-jb,This is a receptionist,12056
gpt2-small,res-jb,This is a receptionist,1340
gpt2-small,res-jb,This is a receptionist,13989
gpt2-small,res-jb,This is a receptionist,14545
gpt2-small,res-jb,This is a receptionist,15161
gpt2-small,res-jb,This is a receptionist,15179
gpt2-small,res-jb,This is a receptionist,20362
gpt2-small,res-jb,This is a receptionist,23574
gpt2-small,res-jb,This is a receptionist,23695
gpt2-small,res-jb,This is a receptionist,24009
gpt2-small,res-jb,This is a receptionist,24417
gpt2-small,res-jb,This is a receptionist,3470
gpt2-small,res-jb,This is a receptionist,4212
gpt2-small,res-jb,This is a receptionist,602
gpt2-small,res-jb,This is a receptionist,6047
gpt2-small,res-jb,This is a receptionist,922
gpt2-small,res-jb,This is a sacrament,10248
gpt2-small,res-jb,This is a sacrament,12056
gpt2-small,res-jb,This is a sacrament,14776
gpt2-small,res-jb,This is a sacrament,15161
gpt2-small,res-jb,This is a sacrament,15481
gpt2-small,res-jb,This is a sacrament,15509
gpt2-small,res-jb,This is a sacrament,18386
gpt2-small,res-jb,This is a sacrament,18693
gpt2-small,res-jb,This is a sacrament,20235
gpt2-small,res-jb,This is a sacrament,21498
gpt2-small,res-jb,This is a sacrament,21800
gpt2-small,res-jb,This is a sacrament,22976
gpt2-small,res-jb,This is a sacrament,3470
gpt2-small,res-jb,This is a sacrament,5575
gpt2-small,res-jb,This is a sacrament,602
gpt2-small,res-jb,This is a sacrament,8646
gpt2-small,res-jb,This is a sacrament,This is a sacrament
gpt2-small,res-jb,This is a sacrament,This is a sacrament
gpt2-small,res-jb,This is a sacrament,10248
gpt2-small,res-jb,This is a sacrament,12056
gpt2-small,res-jb,This is a sacrament,14776
gpt2-small,res-jb,This is a sacrament,15161
gpt2-small,res-jb,This is a sacrament,15481
gpt2-small,res-jb,This is a sacrament,15509
gpt2-small,res-jb,This is a sacrament,18386
gpt2-small,res-jb,This is a sacrament,18693
gpt2-small,res-jb,This is a sacrament,20235
gpt2-small,res-jb,This is a sacrament,21498
gpt2-small,res-jb,This is a sacrament,21800
gpt2-small,res-jb,This is a sacrament,22976
gpt2-small,res-jb,This is a sacrament,3470
gpt2-small,res-jb,This is a sacrament,5575
gpt2-small,res-jb,This is a sacrament,602
gpt2-small,res-jb,This is a sacrament,8646
gpt2-small,res-jb,This is a son,15907
gpt2-small,res-jb,This is a son,17494
gpt2-small,res-jb,This is a son,17569
gpt2-small,res-jb,This is a son,17798
gpt2-small,res-jb,This is a son,18226
gpt2-small,res-jb,This is a son,18913
gpt2-small,res-jb,This is a son,19268
gpt2-small,res-jb,This is a son,19357
gpt2-small,res-jb,This is a son,19431
gpt2-small,res-jb,This is a son,19832
gpt2-small,res-jb,This is a son,20303
gpt2-small,res-jb,This is a son,21547
gpt2-small,res-jb,This is a son,22980
gpt2-small,res-jb,This is a son,8463
gpt2-small,res-jb,This is a son,This is a son
gpt2-small,res-jb,This is a son,This is a son
gpt2-small,res-jb,This is a son,15907
gpt2-small,res-jb,This is a son,17494
gpt2-small,res-jb,This is a son,17569
gpt2-small,res-jb,This is a son,17798
gpt2-small,res-jb,This is a son,18226
gpt2-small,res-jb,This is a son,18913
gpt2-small,res-jb,This is a son,19268
gpt2-small,res-jb,This is a son,19357
gpt2-small,res-jb,This is a son,19431
gpt2-small,res-jb,This is a son,19832
gpt2-small,res-jb,This is a son,20303
gpt2-small,res-jb,This is a son,21547
gpt2-small,res-jb,This is a son,22980
gpt2-small,res-jb,This is a son,8463
gpt2-small,res-jb,This is a synagogue,10778
gpt2-small,res-jb,This is a synagogue,11500
gpt2-small,res-jb,This is a synagogue,13474
gpt2-small,res-jb,This is a synagogue,14146
gpt2-small,res-jb,This is a synagogue,16006
gpt2-small,res-jb,This is a synagogue,18441
gpt2-small,res-jb,This is a synagogue,19127
gpt2-small,res-jb,This is a synagogue,20010
gpt2-small,res-jb,This is a synagogue,21498
gpt2-small,res-jb,This is a synagogue,21814
gpt2-small,res-jb,This is a synagogue,3281
gpt2-small,res-jb,This is a synagogue,3470
gpt2-small,res-jb,This is a synagogue,6241
gpt2-small,res-jb,This is a synagogue,7015
gpt2-small,res-jb,This is a synagogue,9739
gpt2-small,res-jb,This is a synagogue,This is a synagogue
gpt2-small,res-jb,This is a synagogue,This is a synagogue
gpt2-small,res-jb,This is a synagogue,10778
gpt2-small,res-jb,This is a synagogue,11500
gpt2-small,res-jb,This is a synagogue,13474
gpt2-small,res-jb,This is a synagogue,14146
gpt2-small,res-jb,This is a synagogue,16006
gpt2-small,res-jb,This is a synagogue,18441
gpt2-small,res-jb,This is a synagogue,19127
gpt2-small,res-jb,This is a synagogue,20010
gpt2-small,res-jb,This is a synagogue,21498
gpt2-small,res-jb,This is a synagogue,21814
gpt2-small,res-jb,This is a synagogue,3281
gpt2-small,res-jb,This is a synagogue,3470
gpt2-small,res-jb,This is a synagogue,6241
gpt2-small,res-jb,This is a synagogue,7015
gpt2-small,res-jb,This is a synagogue,9739
gpt2-small,res-jb,This is a talmud,11928
gpt2-small,res-jb,This is a talmud,12851
gpt2-small,res-jb,This is a talmud,17131
gpt2-small,res-jb,This is a talmud,17633
gpt2-small,res-jb,This is a talmud,18557
gpt2-small,res-jb,This is a talmud,19048
gpt2-small,res-jb,This is a talmud,19357
gpt2-small,res-jb,This is a talmud,20178
gpt2-small,res-jb,This is a talmud,22236
gpt2-small,res-jb,This is a talmud,22633
gpt2-small,res-jb,This is a talmud,22962
gpt2-small,res-jb,This is a talmud,3396
gpt2-small,res-jb,This is a talmud,5569
gpt2-small,res-jb,This is a talmud,921
gpt2-small,res-jb,This is a talmud,This is a talmud
gpt2-small,res-jb,This is a talmud,This is a talmud
gpt2-small,res-jb,This is a talmud,11928
gpt2-small,res-jb,This is a talmud,12851
gpt2-small,res-jb,This is a talmud,17131
gpt2-small,res-jb,This is a talmud,17633
gpt2-small,res-jb,This is a talmud,18557
gpt2-small,res-jb,This is a talmud,19048
gpt2-small,res-jb,This is a talmud,19357
gpt2-small,res-jb,This is a talmud,20178
gpt2-small,res-jb,This is a talmud,22236
gpt2-small,res-jb,This is a talmud,22633
gpt2-small,res-jb,This is a talmud,22962
gpt2-small,res-jb,This is a talmud,3396
gpt2-small,res-jb,This is a talmud,5569
gpt2-small,res-jb,This is a talmud,921
gpt2-small,res-jb,This is a temple,10778
gpt2-small,res-jb,This is a temple,12199
gpt2-small,res-jb,This is a temple,12380
gpt2-small,res-jb,This is a temple,14146
gpt2-small,res-jb,This is a temple,18908
gpt2-small,res-jb,This is a temple,19224
gpt2-small,res-jb,This is a temple,20010
gpt2-small,res-jb,This is a temple,21314
gpt2-small,res-jb,This is a temple,21800
gpt2-small,res-jb,This is a temple,23695
gpt2-small,res-jb,This is a temple,3198
gpt2-small,res-jb,This is a temple,3470
gpt2-small,res-jb,This is a temple,4403
gpt2-small,res-jb,This is a temple,4619
gpt2-small,res-jb,This is a temple,602
gpt2-small,res-jb,This is a temple,9739
gpt2-small,res-jb,This is a temple,991
gpt2-small,res-jb,This is a temple,This is a temple
gpt2-small,res-jb,This is a temple,This is a temple
gpt2-small,res-jb,This is a temple,10778
gpt2-small,res-jb,This is a temple,12199
gpt2-small,res-jb,This is a temple,12380
gpt2-small,res-jb,This is a temple,14146
gpt2-small,res-jb,This is a temple,18908
gpt2-small,res-jb,This is a temple,19224
gpt2-small,res-jb,This is a temple,20010
gpt2-small,res-jb,This is a temple,21314
gpt2-small,res-jb,This is a temple,21800
gpt2-small,res-jb,This is a temple,23695
gpt2-small,res-jb,This is a temple,3198
gpt2-small,res-jb,This is a temple,3470
gpt2-small,res-jb,This is a temple,4403
gpt2-small,res-jb,This is a temple,4619
gpt2-small,res-jb,This is a temple,602
gpt2-small,res-jb,This is a temple,9739
gpt2-small,res-jb,This is a temple,991
gpt2-small,res-jb,This is a terrorist,12380
gpt2-small,res-jb,This is a terrorist,15301
gpt2-small,res-jb,This is a terrorist,16479
gpt2-small,res-jb,This is a terrorist,16943
gpt2-small,res-jb,This is a terrorist,1808
gpt2-small,res-jb,This is a terrorist,19135
gpt2-small,res-jb,This is a terrorist,19268
gpt2-small,res-jb,This is a terrorist,2020
gpt2-small,res-jb,This is a terrorist,3211
gpt2-small,res-jb,This is a terrorist,3470
gpt2-small,res-jb,This is a terrorist,3748
gpt2-small,res-jb,This is a terrorist,3815
gpt2-small,res-jb,This is a terrorist,670
gpt2-small,res-jb,This is a terrorist,8562
gpt2-small,res-jb,This is a terrorist,This is a terrorist
gpt2-small,res-jb,This is a terrorist,This is a terrorist
gpt2-small,res-jb,This is a terrorist,12380
gpt2-small,res-jb,This is a terrorist,15301
gpt2-small,res-jb,This is a terrorist,16479
gpt2-small,res-jb,This is a terrorist,16943
gpt2-small,res-jb,This is a terrorist,1808
gpt2-small,res-jb,This is a terrorist,19135
gpt2-small,res-jb,This is a terrorist,19268
gpt2-small,res-jb,This is a terrorist,2020
gpt2-small,res-jb,This is a terrorist,3211
gpt2-small,res-jb,This is a terrorist,3470
gpt2-small,res-jb,This is a terrorist,3748
gpt2-small,res-jb,This is a terrorist,3815
gpt2-small,res-jb,This is a terrorist,670
gpt2-small,res-jb,This is a terrorist,8562
gpt2-small,res-jb,This is a torah,11084
gpt2-small,res-jb,This is a torah,16591
gpt2-small,res-jb,This is a torah,17075
gpt2-small,res-jb,This is a torah,19357
gpt2-small,res-jb,This is a torah,21800
gpt2-small,res-jb,This is a torah,22031
gpt2-small,res-jb,This is a torah,22245
gpt2-small,res-jb,This is a torah,23391
gpt2-small,res-jb,This is a torah,4212
gpt2-small,res-jb,This is a torah,4956
gpt2-small,res-jb,This is a torah,5417
gpt2-small,res-jb,This is a torah,9337
gpt2-small,res-jb,This is a torah,This is a torah
gpt2-small,res-jb,This is a torah,This is a torah
gpt2-small,res-jb,This is a torah,11084
gpt2-small,res-jb,This is a torah,16591
gpt2-small,res-jb,This is a torah,17075
gpt2-small,res-jb,This is a torah,19357
gpt2-small,res-jb,This is a torah,21800
gpt2-small,res-jb,This is a torah,22031
gpt2-small,res-jb,This is a torah,22245
gpt2-small,res-jb,This is a torah,23391
gpt2-small,res-jb,This is a torah,4212
gpt2-small,res-jb,This is a torah,4956
gpt2-small,res-jb,This is a torah,5417
gpt2-small,res-jb,This is a torah,9337
gpt2-small,res-jb,This is a victim,10730
gpt2-small,res-jb,This is a victim,13887
gpt2-small,res-jb,This is a victim,17006
gpt2-small,res-jb,This is a victim,18025
gpt2-small,res-jb,This is a victim,18089
gpt2-small,res-jb,This is a victim,19540
gpt2-small,res-jb,This is a victim,19832
gpt2-small,res-jb,This is a victim,19958
gpt2-small,res-jb,This is a victim,20701
gpt2-small,res-jb,This is a victim,21800
gpt2-small,res-jb,This is a victim,22015
gpt2-small,res-jb,This is a victim,22675
gpt2-small,res-jb,This is a victim,2271
gpt2-small,res-jb,This is a victim,24566
gpt2-small,res-jb,This is a victim,2634
gpt2-small,res-jb,This is a victim,350
gpt2-small,res-jb,This is a victim,7040
gpt2-small,res-jb,This is a victim,998
gpt2-small,res-jb,This is a victim,This is a victim
gpt2-small,res-jb,This is a victim,This is a victim
gpt2-small,res-jb,This is a victim,10730
gpt2-small,res-jb,This is a victim,13887
gpt2-small,res-jb,This is a victim,17006
gpt2-small,res-jb,This is a victim,18025
gpt2-small,res-jb,This is a victim,18089
gpt2-small,res-jb,This is a victim,19540
gpt2-small,res-jb,This is a victim,19832
gpt2-small,res-jb,This is a victim,19958
gpt2-small,res-jb,This is a victim,20701
gpt2-small,res-jb,This is a victim,21800
gpt2-small,res-jb,This is a victim,22015
gpt2-small,res-jb,This is a victim,22675
gpt2-small,res-jb,This is a victim,2271
gpt2-small,res-jb,This is a victim,24566
gpt2-small,res-jb,This is a victim,2634
gpt2-small,res-jb,This is a victim,350
gpt2-small,res-jb,This is a victim,7040
gpt2-small,res-jb,This is a victim,998
gpt2-small,res-jb,This is a wife,10963
gpt2-small,res-jb,This is a wife,11158
gpt2-small,res-jb,This is a wife,15719
gpt2-small,res-jb,This is a wife,16862
gpt2-small,res-jb,This is a wife,17188
gpt2-small,res-jb,This is a wife,19214
gpt2-small,res-jb,This is a wife,19268
gpt2-small,res-jb,This is a wife,19462
gpt2-small,res-jb,This is a wife,19759
gpt2-small,res-jb,This is a wife,20716
gpt2-small,res-jb,This is a wife,21581
gpt2-small,res-jb,This is a wife,3470
gpt2-small,res-jb,This is a wife,6568
gpt2-small,res-jb,This is a wife,6662
gpt2-small,res-jb,This is a wife,8463
gpt2-small,res-jb,This is a wife,This is a wife
gpt2-small,res-jb,This is a wife,This is a wife
gpt2-small,res-jb,This is a wife,10963
gpt2-small,res-jb,This is a wife,11158
gpt2-small,res-jb,This is a wife,15719
gpt2-small,res-jb,This is a wife,16862
gpt2-small,res-jb,This is a wife,17188
gpt2-small,res-jb,This is a wife,19214
gpt2-small,res-jb,This is a wife,19268
gpt2-small,res-jb,This is a wife,19462
gpt2-small,res-jb,This is a wife,19759
gpt2-small,res-jb,This is a wife,20716
gpt2-small,res-jb,This is a wife,21581
gpt2-small,res-jb,This is a wife,3470
gpt2-small,res-jb,This is a wife,6568
gpt2-small,res-jb,This is a wife,6662
gpt2-small,res-jb,This is a wife,8463
gpt2-small,res-jb,This is a woman,10963
gpt2-small,res-jb,This is a woman,11521
gpt2-small,res-jb,This is a woman,14219
gpt2-small,res-jb,This is a woman,17046
gpt2-small,res-jb,This is a woman,19268
gpt2-small,res-jb,This is a woman,19462
gpt2-small,res-jb,This is a woman,19832
gpt2-small,res-jb,This is a woman,21581
gpt2-small,res-jb,This is a woman,21800
gpt2-small,res-jb,This is a woman,22616
gpt2-small,res-jb,This is a woman,23261
gpt2-small,res-jb,This is a woman,3640
gpt2-small,res-jb,This is a woman,3991
gpt2-small,res-jb,This is a woman,4727
gpt2-small,res-jb,This is a woman,5367
gpt2-small,res-jb,This is a woman,6721
gpt2-small,res-jb,This is a woman,7272
gpt2-small,res-jb,This is a woman,This is a woman
gpt2-small,res-jb,This is a woman,This is a woman
gpt2-small,res-jb,This is a woman,10963
gpt2-small,res-jb,This is a woman,11521
gpt2-small,res-jb,This is a woman,14219
gpt2-small,res-jb,This is a woman,17046
gpt2-small,res-jb,This is a woman,19268
gpt2-small,res-jb,This is a woman,19462
gpt2-small,res-jb,This is a woman,19832
gpt2-small,res-jb,This is a woman,21581
gpt2-small,res-jb,This is a woman,21800
gpt2-small,res-jb,This is a woman,22616
gpt2-small,res-jb,This is a woman,23261
gpt2-small,res-jb,This is a woman,3640
gpt2-small,res-jb,This is a woman,3991
gpt2-small,res-jb,This is a woman,4727
gpt2-small,res-jb,This is a woman,5367
gpt2-small,res-jb,This is a woman,6721
gpt2-small,res-jb,This is a woman,7272
gpt2-small,res-jb,This is allah,16790
gpt2-small,res-jb,This is allah,18025
gpt2-small,res-jb,This is allah,19540
gpt2-small,res-jb,This is allah,19832
gpt2-small,res-jb,This is allah,21800
gpt2-small,res-jb,This is allah,2458
gpt2-small,res-jb,This is allah,5048
gpt2-small,res-jb,This is allah,6002
gpt2-small,res-jb,This is allah,6696
gpt2-small,res-jb,This is allah,7040
gpt2-small,res-jb,This is allah,714
gpt2-small,res-jb,This is allah,7475
gpt2-small,res-jb,This is allah,9810
gpt2-small,res-jb,This is allah,This is allah
gpt2-small,res-jb,This is allah,This is allah
gpt2-small,res-jb,This is allah,16790
gpt2-small,res-jb,This is allah,18025
gpt2-small,res-jb,This is allah,19540
gpt2-small,res-jb,This is allah,19832
gpt2-small,res-jb,This is allah,21800
gpt2-small,res-jb,This is allah,2458
gpt2-small,res-jb,This is allah,5048
gpt2-small,res-jb,This is allah,6002
gpt2-small,res-jb,This is allah,6696
gpt2-small,res-jb,This is allah,7040
gpt2-small,res-jb,This is allah,714
gpt2-small,res-jb,This is allah,7475
gpt2-small,res-jb,This is allah,9810
gpt2-small,res-jb,This is an assistant,11234
gpt2-small,res-jb,This is an assistant,11245
gpt2-small,res-jb,This is an assistant,12380
gpt2-small,res-jb,This is an assistant,12690
gpt2-small,res-jb,This is an assistant,14766
gpt2-small,res-jb,This is an assistant,22015
gpt2-small,res-jb,This is an assistant,23719
gpt2-small,res-jb,This is an assistant,24196
gpt2-small,res-jb,This is an assistant,3387
gpt2-small,res-jb,This is an assistant,4212
gpt2-small,res-jb,This is an assistant,54
gpt2-small,res-jb,This is an assistant,602
gpt2-small,res-jb,This is an assistant,9732
gpt2-small,res-jb,This is an assistant,This is an assistant
gpt2-small,res-jb,This is an assistant,This is an assistant
gpt2-small,res-jb,This is an assistant,11234
gpt2-small,res-jb,This is an assistant,11245
gpt2-small,res-jb,This is an assistant,12380
gpt2-small,res-jb,This is an assistant,12690
gpt2-small,res-jb,This is an assistant,14766
gpt2-small,res-jb,This is an assistant,22015
gpt2-small,res-jb,This is an assistant,23719
gpt2-small,res-jb,This is an assistant,24196
gpt2-small,res-jb,This is an assistant,3387
gpt2-small,res-jb,This is an assistant,4212
gpt2-small,res-jb,This is an assistant,54
gpt2-small,res-jb,This is an assistant,602
gpt2-small,res-jb,This is an assistant,9732
gpt2-small,res-jb,This is an attack,13717
gpt2-small,res-jb,This is an attack,13887
gpt2-small,res-jb,This is an attack,14513
gpt2-small,res-jb,This is an attack,17006
gpt2-small,res-jb,This is an attack,18025
gpt2-small,res-jb,This is an attack,18089
gpt2-small,res-jb,This is an attack,19540
gpt2-small,res-jb,This is an attack,20701
gpt2-small,res-jb,This is an attack,21800
gpt2-small,res-jb,This is an attack,22015
gpt2-small,res-jb,This is an attack,22086
gpt2-small,res-jb,This is an attack,22426
gpt2-small,res-jb,This is an attack,2243
gpt2-small,res-jb,This is an attack,6572
gpt2-small,res-jb,This is an attack,7040
gpt2-small,res-jb,This is an attack,7623
gpt2-small,res-jb,This is an attack,8078
gpt2-small,res-jb,This is an attack,958
gpt2-small,res-jb,This is an attack,This is an attack
gpt2-small,res-jb,This is an attack,This is an attack
gpt2-small,res-jb,This is an attack,13717
gpt2-small,res-jb,This is an attack,13887
gpt2-small,res-jb,This is an attack,14513
gpt2-small,res-jb,This is an attack,17006
gpt2-small,res-jb,This is an attack,18025
gpt2-small,res-jb,This is an attack,18089
gpt2-small,res-jb,This is an attack,19540
gpt2-small,res-jb,This is an attack,20701
gpt2-small,res-jb,This is an attack,21800
gpt2-small,res-jb,This is an attack,22015
gpt2-small,res-jb,This is an attack,22086
gpt2-small,res-jb,This is an attack,22426
gpt2-small,res-jb,This is an attack,2243
gpt2-small,res-jb,This is an attack,6572
gpt2-small,res-jb,This is an attack,7040
gpt2-small,res-jb,This is an attack,7623
gpt2-small,res-jb,This is an attack,8078
gpt2-small,res-jb,This is an attack,958
gpt2-small,res-jb,This is an engineer,11729
gpt2-small,res-jb,This is an engineer,12738
gpt2-small,res-jb,This is an engineer,16110
gpt2-small,res-jb,This is an engineer,17511
gpt2-small,res-jb,This is an engineer,19268
gpt2-small,res-jb,This is an engineer,19462
gpt2-small,res-jb,This is an engineer,19832
gpt2-small,res-jb,This is an engineer,21581
gpt2-small,res-jb,This is an engineer,21780
gpt2-small,res-jb,This is an engineer,21800
gpt2-small,res-jb,This is an engineer,23904
gpt2-small,res-jb,This is an engineer,24307
gpt2-small,res-jb,This is an engineer,3470
gpt2-small,res-jb,This is an engineer,4212
gpt2-small,res-jb,This is an engineer,497
gpt2-small,res-jb,This is an engineer,602
gpt2-small,res-jb,This is an engineer,6696
gpt2-small,res-jb,This is an engineer,This is an engineer
gpt2-small,res-jb,This is an engineer,This is an engineer
gpt2-small,res-jb,This is an engineer,11729
gpt2-small,res-jb,This is an engineer,12738
gpt2-small,res-jb,This is an engineer,16110
gpt2-small,res-jb,This is an engineer,17511
gpt2-small,res-jb,This is an engineer,19268
gpt2-small,res-jb,This is an engineer,19462
gpt2-small,res-jb,This is an engineer,19832
gpt2-small,res-jb,This is an engineer,21581
gpt2-small,res-jb,This is an engineer,21780
gpt2-small,res-jb,This is an engineer,21800
gpt2-small,res-jb,This is an engineer,23904
gpt2-small,res-jb,This is an engineer,24307
gpt2-small,res-jb,This is an engineer,3470
gpt2-small,res-jb,This is an engineer,4212
gpt2-small,res-jb,This is an engineer,497
gpt2-small,res-jb,This is an engineer,602
gpt2-small,res-jb,This is an engineer,6696
gpt2-small,res-jb,This is christianity,101
gpt2-small,res-jb,This is christianity,15326
gpt2-small,res-jb,This is christianity,15503
gpt2-small,res-jb,This is christianity,18341
gpt2-small,res-jb,This is christianity,19232
gpt2-small,res-jb,This is christianity,19832
gpt2-small,res-jb,This is christianity,21800
gpt2-small,res-jb,This is christianity,22106
gpt2-small,res-jb,This is christianity,22318
gpt2-small,res-jb,This is christianity,24106
gpt2-small,res-jb,This is christianity,4565
gpt2-small,res-jb,This is christianity,8596
gpt2-small,res-jb,This is christianity,9503
gpt2-small,res-jb,This is christianity,This is christianity
gpt2-small,res-jb,This is christianity,This is christianity
gpt2-small,res-jb,This is christianity,101
gpt2-small,res-jb,This is christianity,15326
gpt2-small,res-jb,This is christianity,15503
gpt2-small,res-jb,This is christianity,18341
gpt2-small,res-jb,This is christianity,19232
gpt2-small,res-jb,This is christianity,19832
gpt2-small,res-jb,This is christianity,21800
gpt2-small,res-jb,This is christianity,22106
gpt2-small,res-jb,This is christianity,22318
gpt2-small,res-jb,This is christianity,24106
gpt2-small,res-jb,This is christianity,4565
gpt2-small,res-jb,This is christianity,8596
gpt2-small,res-jb,This is christianity,9503
gpt2-small,res-jb,This is cocaine,10998
gpt2-small,res-jb,This is cocaine,12139
gpt2-small,res-jb,This is cocaine,18727
gpt2-small,res-jb,This is cocaine,19088
gpt2-small,res-jb,This is cocaine,21115
gpt2-small,res-jb,This is cocaine,23820
gpt2-small,res-jb,This is cocaine,24359
gpt2-small,res-jb,This is cocaine,2588
gpt2-small,res-jb,This is cocaine,3236
gpt2-small,res-jb,This is cocaine,6868
gpt2-small,res-jb,This is cocaine,714
gpt2-small,res-jb,This is cocaine,7219
gpt2-small,res-jb,This is cocaine,8490
gpt2-small,res-jb,This is cocaine,8993
gpt2-small,res-jb,This is cocaine,This is cocaine
gpt2-small,res-jb,This is cocaine,This is cocaine
gpt2-small,res-jb,This is cocaine,10998
gpt2-small,res-jb,This is cocaine,12139
gpt2-small,res-jb,This is cocaine,18727
gpt2-small,res-jb,This is cocaine,19088
gpt2-small,res-jb,This is cocaine,21115
gpt2-small,res-jb,This is cocaine,23820
gpt2-small,res-jb,This is cocaine,24359
gpt2-small,res-jb,This is cocaine,2588
gpt2-small,res-jb,This is cocaine,3236
gpt2-small,res-jb,This is cocaine,6868
gpt2-small,res-jb,This is cocaine,714
gpt2-small,res-jb,This is cocaine,7219
gpt2-small,res-jb,This is cocaine,8490
gpt2-small,res-jb,This is cocaine,8993
gpt2-small,res-jb,this is female,10624
gpt2-small,res-jb,this is female,10963
gpt2-small,res-jb,this is female,11753
gpt2-small,res-jb,this is female,12078
gpt2-small,res-jb,this is female,13753
gpt2-small,res-jb,this is female,19190
gpt2-small,res-jb,this is female,19462
gpt2-small,res-jb,this is female,20033
gpt2-small,res-jb,this is female,20059
gpt2-small,res-jb,this is female,20871
gpt2-small,res-jb,this is female,22002
gpt2-small,res-jb,this is female,3236
gpt2-small,res-jb,this is female,3470
gpt2-small,res-jb,this is female,3992
gpt2-small,res-jb,this is female,4727
gpt2-small,res-jb,this is female,7015
gpt2-small,res-jb,this is female,8110
gpt2-small,res-jb,this is female,this is female
gpt2-small,res-jb,this is female,this is female
gpt2-small,res-jb,this is female,10624
gpt2-small,res-jb,this is female,10963
gpt2-small,res-jb,this is female,11753
gpt2-small,res-jb,this is female,12078
gpt2-small,res-jb,this is female,13753
gpt2-small,res-jb,this is female,19190
gpt2-small,res-jb,this is female,19462
gpt2-small,res-jb,this is female,20033
gpt2-small,res-jb,this is female,20059
gpt2-small,res-jb,this is female,20871
gpt2-small,res-jb,this is female,22002
gpt2-small,res-jb,this is female,3236
gpt2-small,res-jb,this is female,3470
gpt2-small,res-jb,this is female,3992
gpt2-small,res-jb,this is female,4727
gpt2-small,res-jb,this is female,7015
gpt2-small,res-jb,this is female,8110
gpt2-small,res-jb,This is halal,11500
gpt2-small,res-jb,This is halal,12419
gpt2-small,res-jb,This is halal,17039
gpt2-small,res-jb,This is halal,18557
gpt2-small,res-jb,This is halal,19357
gpt2-small,res-jb,This is halal,19832
gpt2-small,res-jb,This is halal,20178
gpt2-small,res-jb,This is halal,22976
gpt2-small,res-jb,This is halal,3608
gpt2-small,res-jb,This is halal,5654
gpt2-small,res-jb,This is halal,7322
gpt2-small,res-jb,This is halal,8131
gpt2-small,res-jb,This is halal,9135
gpt2-small,res-jb,This is halal,This is halal
gpt2-small,res-jb,This is halal,This is halal
gpt2-small,res-jb,This is halal,11500
gpt2-small,res-jb,This is halal,12419
gpt2-small,res-jb,This is halal,17039
gpt2-small,res-jb,This is halal,18557
gpt2-small,res-jb,This is halal,19357
gpt2-small,res-jb,This is halal,19832
gpt2-small,res-jb,This is halal,20178
gpt2-small,res-jb,This is halal,22976
gpt2-small,res-jb,This is halal,3608
gpt2-small,res-jb,This is halal,5654
gpt2-small,res-jb,This is halal,7322
gpt2-small,res-jb,This is halal,8131
gpt2-small,res-jb,This is halal,9135
gpt2-small,res-jb,This is he,1356
gpt2-small,res-jb,This is he,13815
gpt2-small,res-jb,This is he,1448
gpt2-small,res-jb,This is he,15522
gpt2-small,res-jb,This is he,16790
gpt2-small,res-jb,This is he,19268
gpt2-small,res-jb,This is he,19471
gpt2-small,res-jb,This is he,19908
gpt2-small,res-jb,This is he,20778
gpt2-small,res-jb,This is he,21800
gpt2-small,res-jb,This is he,22282
gpt2-small,res-jb,This is he,24251
gpt2-small,res-jb,This is he,3640
gpt2-small,res-jb,This is he,8638
gpt2-small,res-jb,This is he,This is he
gpt2-small,res-jb,This is he,This is he
gpt2-small,res-jb,This is he,1356
gpt2-small,res-jb,This is he,13815
gpt2-small,res-jb,This is he,1448
gpt2-small,res-jb,This is he,15522
gpt2-small,res-jb,This is he,16790
gpt2-small,res-jb,This is he,19268
gpt2-small,res-jb,This is he,19471
gpt2-small,res-jb,This is he,19908
gpt2-small,res-jb,This is he,20778
gpt2-small,res-jb,This is he,21800
gpt2-small,res-jb,This is he,22282
gpt2-small,res-jb,This is he,24251
gpt2-small,res-jb,This is he,3640
gpt2-small,res-jb,This is he,8638
gpt2-small,res-jb,This is islam,10789
gpt2-small,res-jb,This is islam,15776
gpt2-small,res-jb,This is islam,18025
gpt2-small,res-jb,This is islam,18356
gpt2-small,res-jb,This is islam,19540
gpt2-small,res-jb,This is islam,19832
gpt2-small,res-jb,This is islam,20701
gpt2-small,res-jb,This is islam,21782
gpt2-small,res-jb,This is islam,21800
gpt2-small,res-jb,This is islam,2271
gpt2-small,res-jb,This is islam,23831
gpt2-small,res-jb,This is islam,24566
gpt2-small,res-jb,This is islam,3222
gpt2-small,res-jb,This is islam,5048
gpt2-small,res-jb,This is islam,7040
gpt2-small,res-jb,This is islam,7731
gpt2-small,res-jb,This is islam,This is islam
gpt2-small,res-jb,This is islam,This is islam
gpt2-small,res-jb,This is islam,10789
gpt2-small,res-jb,This is islam,15776
gpt2-small,res-jb,This is islam,18025
gpt2-small,res-jb,This is islam,18356
gpt2-small,res-jb,This is islam,19540
gpt2-small,res-jb,This is islam,19832
gpt2-small,res-jb,This is islam,20701
gpt2-small,res-jb,This is islam,21782
gpt2-small,res-jb,This is islam,21800
gpt2-small,res-jb,This is islam,2271
gpt2-small,res-jb,This is islam,23831
gpt2-small,res-jb,This is islam,24566
gpt2-small,res-jb,This is islam,3222
gpt2-small,res-jb,This is islam,5048
gpt2-small,res-jb,This is islam,7040
gpt2-small,res-jb,This is islam,7731
gpt2-small,res-jb,This is jesus,12333
gpt2-small,res-jb,This is jesus,15980
gpt2-small,res-jb,This is jesus,17098
gpt2-small,res-jb,This is jesus,17416
gpt2-small,res-jb,This is jesus,17483
gpt2-small,res-jb,This is jesus,17760
gpt2-small,res-jb,This is jesus,18946
gpt2-small,res-jb,This is jesus,19190
gpt2-small,res-jb,This is jesus,19232
gpt2-small,res-jb,This is jesus,21292
gpt2-small,res-jb,This is jesus,21854
gpt2-small,res-jb,This is jesus,293
gpt2-small,res-jb,This is jesus,3178
gpt2-small,res-jb,This is jesus,3236
gpt2-small,res-jb,This is jesus,3961
gpt2-small,res-jb,This is jesus,4864
gpt2-small,res-jb,This is jesus,5333
gpt2-small,res-jb,This is jesus,6273
gpt2-small,res-jb,This is jesus,This is jesus
gpt2-small,res-jb,This is jesus,This is jesus
gpt2-small,res-jb,This is jesus,12333
gpt2-small,res-jb,This is jesus,15980
gpt2-small,res-jb,This is jesus,17098
gpt2-small,res-jb,This is jesus,17416
gpt2-small,res-jb,This is jesus,17483
gpt2-small,res-jb,This is jesus,17760
gpt2-small,res-jb,This is jesus,18946
gpt2-small,res-jb,This is jesus,19190
gpt2-small,res-jb,This is jesus,19232
gpt2-small,res-jb,This is jesus,21292
gpt2-small,res-jb,This is jesus,21854
gpt2-small,res-jb,This is jesus,293
gpt2-small,res-jb,This is jesus,3178
gpt2-small,res-jb,This is jesus,3236
gpt2-small,res-jb,This is jesus,3961
gpt2-small,res-jb,This is jesus,4864
gpt2-small,res-jb,This is jesus,5333
gpt2-small,res-jb,This is jesus,6273
gpt2-small,res-jb,This is judaism,10175
gpt2-small,res-jb,This is judaism,12419
gpt2-small,res-jb,This is judaism,12613
gpt2-small,res-jb,This is judaism,13421
gpt2-small,res-jb,This is judaism,13829
gpt2-small,res-jb,This is judaism,13842
gpt2-small,res-jb,This is judaism,1540
gpt2-small,res-jb,This is judaism,17548
gpt2-small,res-jb,This is judaism,19357
gpt2-small,res-jb,This is judaism,20765
gpt2-small,res-jb,This is judaism,22687
gpt2-small,res-jb,This is judaism,3127
gpt2-small,res-jb,This is judaism,3236
gpt2-small,res-jb,This is judaism,4212
gpt2-small,res-jb,This is judaism,4469
gpt2-small,res-jb,This is judaism,8817
gpt2-small,res-jb,This is judaism,9614
gpt2-small,res-jb,This is judaism,This is judaism
gpt2-small,res-jb,This is judaism,This is judaism
gpt2-small,res-jb,This is judaism,10175
gpt2-small,res-jb,This is judaism,12419
gpt2-small,res-jb,This is judaism,12613
gpt2-small,res-jb,This is judaism,13421
gpt2-small,res-jb,This is judaism,13829
gpt2-small,res-jb,This is judaism,13842
gpt2-small,res-jb,This is judaism,1540
gpt2-small,res-jb,This is judaism,17548
gpt2-small,res-jb,This is judaism,19357
gpt2-small,res-jb,This is judaism,20765
gpt2-small,res-jb,This is judaism,22687
gpt2-small,res-jb,This is judaism,3127
gpt2-small,res-jb,This is judaism,3236
gpt2-small,res-jb,This is judaism,4212
gpt2-small,res-jb,This is judaism,4469
gpt2-small,res-jb,This is judaism,8817
gpt2-small,res-jb,This is judaism,9614
gpt2-small,res-jb,This is kosher,10495
gpt2-small,res-jb,This is kosher,11500
gpt2-small,res-jb,This is kosher,13433
gpt2-small,res-jb,This is kosher,14513
gpt2-small,res-jb,This is kosher,14803
gpt2-small,res-jb,This is kosher,185
gpt2-small,res-jb,This is kosher,19110
gpt2-small,res-jb,This is kosher,19914
gpt2-small,res-jb,This is kosher,21814
gpt2-small,res-jb,This is kosher,22740
gpt2-small,res-jb,This is kosher,24487
gpt2-small,res-jb,This is kosher,3236
gpt2-small,res-jb,This is kosher,602
gpt2-small,res-jb,This is kosher,6241
gpt2-small,res-jb,This is kosher,7015
gpt2-small,res-jb,This is kosher,This is kosher
gpt2-small,res-jb,This is kosher,This is kosher
gpt2-small,res-jb,This is kosher,10495
gpt2-small,res-jb,This is kosher,11500
gpt2-small,res-jb,This is kosher,13433
gpt2-small,res-jb,This is kosher,14513
gpt2-small,res-jb,This is kosher,14803
gpt2-small,res-jb,This is kosher,185
gpt2-small,res-jb,This is kosher,19110
gpt2-small,res-jb,This is kosher,19914
gpt2-small,res-jb,This is kosher,21814
gpt2-small,res-jb,This is kosher,22740
gpt2-small,res-jb,This is kosher,24487
gpt2-small,res-jb,This is kosher,3236
gpt2-small,res-jb,This is kosher,602
gpt2-small,res-jb,This is kosher,6241
gpt2-small,res-jb,This is kosher,7015
gpt2-small,res-jb,This is mecca,12360
gpt2-small,res-jb,This is mecca,12878
gpt2-small,res-jb,This is mecca,14858
gpt2-small,res-jb,This is mecca,15264
gpt2-small,res-jb,This is mecca,15806
gpt2-small,res-jb,This is mecca,16790
gpt2-small,res-jb,This is mecca,19832
gpt2-small,res-jb,This is mecca,2062
gpt2-small,res-jb,This is mecca,21324
gpt2-small,res-jb,This is mecca,21581
gpt2-small,res-jb,This is mecca,21800
gpt2-small,res-jb,This is mecca,4319
gpt2-small,res-jb,This is mecca,4661
gpt2-small,res-jb,This is mecca,5048
gpt2-small,res-jb,This is mecca,714
gpt2-small,res-jb,This is mecca,7272
gpt2-small,res-jb,This is mecca,This is mecca
gpt2-small,res-jb,This is mecca,This is mecca
gpt2-small,res-jb,This is mecca,12360
gpt2-small,res-jb,This is mecca,12878
gpt2-small,res-jb,This is mecca,14858
gpt2-small,res-jb,This is mecca,15264
gpt2-small,res-jb,This is mecca,15806
gpt2-small,res-jb,This is mecca,16790
gpt2-small,res-jb,This is mecca,19832
gpt2-small,res-jb,This is mecca,2062
gpt2-small,res-jb,This is mecca,21324
gpt2-small,res-jb,This is mecca,21581
gpt2-small,res-jb,This is mecca,21800
gpt2-small,res-jb,This is mecca,4319
gpt2-small,res-jb,This is mecca,4661
gpt2-small,res-jb,This is mecca,5048
gpt2-small,res-jb,This is mecca,714
gpt2-small,res-jb,This is mecca,7272
gpt2-small,res-jb,This is money,10789
gpt2-small,res-jb,This is money,13798
gpt2-small,res-jb,This is money,14044
gpt2-small,res-jb,This is money,14251
gpt2-small,res-jb,This is money,16348
gpt2-small,res-jb,This is money,17006
gpt2-small,res-jb,This is money,18025
gpt2-small,res-jb,This is money,18089
gpt2-small,res-jb,This is money,19540
gpt2-small,res-jb,This is money,19832
gpt2-small,res-jb,This is money,2001
gpt2-small,res-jb,This is money,20701
gpt2-small,res-jb,This is money,20817
gpt2-small,res-jb,This is money,21800
gpt2-small,res-jb,This is money,2271
gpt2-small,res-jb,This is money,24566
gpt2-small,res-jb,This is money,5048
gpt2-small,res-jb,This is money,7040
gpt2-small,res-jb,This is money,7731
gpt2-small,res-jb,This is money,This is money
gpt2-small,res-jb,This is money,This is money
gpt2-small,res-jb,This is money,10789
gpt2-small,res-jb,This is money,13798
gpt2-small,res-jb,This is money,14044
gpt2-small,res-jb,This is money,14251
gpt2-small,res-jb,This is money,16348
gpt2-small,res-jb,This is money,17006
gpt2-small,res-jb,This is money,18025
gpt2-small,res-jb,This is money,18089
gpt2-small,res-jb,This is money,19540
gpt2-small,res-jb,This is money,19832
gpt2-small,res-jb,This is money,2001
gpt2-small,res-jb,This is money,20701
gpt2-small,res-jb,This is money,20817
gpt2-small,res-jb,This is money,21800
gpt2-small,res-jb,This is money,2271
gpt2-small,res-jb,This is money,24566
gpt2-small,res-jb,This is money,5048
gpt2-small,res-jb,This is money,7040
gpt2-small,res-jb,This is money,7731
gpt2-small,res-jb,This is naive,10581
gpt2-small,res-jb,This is naive,13798
gpt2-small,res-jb,This is naive,16348
gpt2-small,res-jb,This is naive,17006
gpt2-small,res-jb,This is naive,17904
gpt2-small,res-jb,This is naive,18025
gpt2-small,res-jb,This is naive,18089
gpt2-small,res-jb,This is naive,19018
gpt2-small,res-jb,This is naive,19540
gpt2-small,res-jb,This is naive,19832
gpt2-small,res-jb,This is naive,19914
gpt2-small,res-jb,This is naive,20701
gpt2-small,res-jb,This is naive,21800
gpt2-small,res-jb,This is naive,2271
gpt2-small,res-jb,This is naive,24566
gpt2-small,res-jb,This is naive,3236
gpt2-small,res-jb,This is naive,7040
gpt2-small,res-jb,This is naive,7731
gpt2-small,res-jb,This is naive,8189
gpt2-small,res-jb,This is naive,This is naive
gpt2-small,res-jb,This is naive,This is naive
gpt2-small,res-jb,This is naive,10581
gpt2-small,res-jb,This is naive,13798
gpt2-small,res-jb,This is naive,16348
gpt2-small,res-jb,This is naive,17006
gpt2-small,res-jb,This is naive,17904
gpt2-small,res-jb,This is naive,18025
gpt2-small,res-jb,This is naive,18089
gpt2-small,res-jb,This is naive,19018
gpt2-small,res-jb,This is naive,19540
gpt2-small,res-jb,This is naive,19832
gpt2-small,res-jb,This is naive,19914
gpt2-small,res-jb,This is naive,20701
gpt2-small,res-jb,This is naive,21800
gpt2-small,res-jb,This is naive,2271
gpt2-small,res-jb,This is naive,24566
gpt2-small,res-jb,This is naive,3236
gpt2-small,res-jb,This is naive,7040
gpt2-small,res-jb,This is naive,7731
gpt2-small,res-jb,This is naive,8189
gpt2-small,res-jb,This is naiveThis is money,10581
gpt2-small,res-jb,This is naiveThis is money,11281
gpt2-small,res-jb,This is naiveThis is money,12907
gpt2-small,res-jb,This is naiveThis is money,17904
gpt2-small,res-jb,This is naiveThis is money,19018
gpt2-small,res-jb,This is naiveThis is money,19914
gpt2-small,res-jb,This is naiveThis is money,21800
gpt2-small,res-jb,This is naiveThis is money,2857
gpt2-small,res-jb,This is naiveThis is money,3172
gpt2-small,res-jb,This is naiveThis is money,3236
gpt2-small,res-jb,This is naiveThis is money,438
gpt2-small,res-jb,This is naiveThis is money,578
gpt2-small,res-jb,This is naiveThis is money,613
gpt2-small,res-jb,This is naiveThis is money,7015
gpt2-small,res-jb,This is naiveThis is money,8189
gpt2-small,res-jb,This is naiveThis is money,This is naiveThis is money
gpt2-small,res-jb,This is naiveThis is money,This is naiveThis is money
gpt2-small,res-jb,This is naiveThis is money,10581
gpt2-small,res-jb,This is naiveThis is money,11281
gpt2-small,res-jb,This is naiveThis is money,12907
gpt2-small,res-jb,This is naiveThis is money,17904
gpt2-small,res-jb,This is naiveThis is money,19018
gpt2-small,res-jb,This is naiveThis is money,19914
gpt2-small,res-jb,This is naiveThis is money,21800
gpt2-small,res-jb,This is naiveThis is money,2857
gpt2-small,res-jb,This is naiveThis is money,3172
gpt2-small,res-jb,This is naiveThis is money,3236
gpt2-small,res-jb,This is naiveThis is money,438
gpt2-small,res-jb,This is naiveThis is money,578
gpt2-small,res-jb,This is naiveThis is money,613
gpt2-small,res-jb,This is naiveThis is money,7015
gpt2-small,res-jb,This is naiveThis is money,8189
gpt2-small,res-jb,this is nose,10496
gpt2-small,res-jb,this is nose,10595
gpt2-small,res-jb,this is nose,12202
gpt2-small,res-jb,this is nose,12397
gpt2-small,res-jb,this is nose,14494
gpt2-small,res-jb,this is nose,14542
gpt2-small,res-jb,this is nose,1544
gpt2-small,res-jb,this is nose,17644
gpt2-small,res-jb,this is nose,17943
gpt2-small,res-jb,this is nose,21776
gpt2-small,res-jb,this is nose,23862
gpt2-small,res-jb,this is nose,3054
gpt2-small,res-jb,this is nose,3236
gpt2-small,res-jb,this is nose,3792
gpt2-small,res-jb,this is nose,5084
gpt2-small,res-jb,this is nose,6772
gpt2-small,res-jb,this is nose,this is nose
gpt2-small,res-jb,this is nose,this is nose
gpt2-small,res-jb,this is nose,10496
gpt2-small,res-jb,this is nose,10595
gpt2-small,res-jb,this is nose,12202
gpt2-small,res-jb,this is nose,12397
gpt2-small,res-jb,this is nose,14494
gpt2-small,res-jb,this is nose,14542
gpt2-small,res-jb,this is nose,1544
gpt2-small,res-jb,this is nose,17644
gpt2-small,res-jb,this is nose,17943
gpt2-small,res-jb,this is nose,21776
gpt2-small,res-jb,this is nose,23862
gpt2-small,res-jb,this is nose,3054
gpt2-small,res-jb,this is nose,3236
gpt2-small,res-jb,this is nose,3792
gpt2-small,res-jb,this is nose,5084
gpt2-small,res-jb,this is nose,6772
gpt2-small,res-jb,This is shabbat,1210
gpt2-small,res-jb,This is shabbat,12419
gpt2-small,res-jb,This is shabbat,1423
gpt2-small,res-jb,This is shabbat,16074
gpt2-small,res-jb,This is shabbat,1759
gpt2-small,res-jb,This is shabbat,18946
gpt2-small,res-jb,This is shabbat,19832
gpt2-small,res-jb,This is shabbat,22087
gpt2-small,res-jb,This is shabbat,22114
gpt2-small,res-jb,This is shabbat,22687
gpt2-small,res-jb,This is shabbat,285
gpt2-small,res-jb,This is shabbat,3236
gpt2-small,res-jb,This is shabbat,3522
gpt2-small,res-jb,This is shabbat,4018
gpt2-small,res-jb,This is shabbat,4921
gpt2-small,res-jb,This is shabbat,6553
gpt2-small,res-jb,This is shabbat,976
gpt2-small,res-jb,This is shabbat,This is shabbat
gpt2-small,res-jb,This is shabbat,This is shabbat
gpt2-small,res-jb,This is shabbat,1210
gpt2-small,res-jb,This is shabbat,12419
gpt2-small,res-jb,This is shabbat,1423
gpt2-small,res-jb,This is shabbat,16074
gpt2-small,res-jb,This is shabbat,1759
gpt2-small,res-jb,This is shabbat,18946
gpt2-small,res-jb,This is shabbat,19832
gpt2-small,res-jb,This is shabbat,22087
gpt2-small,res-jb,This is shabbat,22114
gpt2-small,res-jb,This is shabbat,22687
gpt2-small,res-jb,This is shabbat,285
gpt2-small,res-jb,This is shabbat,3236
gpt2-small,res-jb,This is shabbat,3522
gpt2-small,res-jb,This is shabbat,4018
gpt2-small,res-jb,This is shabbat,4921
gpt2-small,res-jb,This is shabbat,6553
gpt2-small,res-jb,This is shabbat,976
gpt2-small,res-jb,This is she,1356
gpt2-small,res-jb,This is she,14320
gpt2-small,res-jb,This is she,16790
gpt2-small,res-jb,This is she,19357
gpt2-small,res-jb,This is she,20303
gpt2-small,res-jb,This is she,21315
gpt2-small,res-jb,This is she,21800
gpt2-small,res-jb,This is she,24251
gpt2-small,res-jb,This is she,2847
gpt2-small,res-jb,This is she,3236
gpt2-small,res-jb,This is she,3640
gpt2-small,res-jb,This is she,5742
gpt2-small,res-jb,This is she,7015
gpt2-small,res-jb,This is she,This is she
gpt2-small,res-jb,This is she,This is she
gpt2-small,res-jb,This is she,1356
gpt2-small,res-jb,This is she,14320
gpt2-small,res-jb,This is she,16790
gpt2-small,res-jb,This is she,19357
gpt2-small,res-jb,This is she,20303
gpt2-small,res-jb,This is she,21315
gpt2-small,res-jb,This is she,21800
gpt2-small,res-jb,This is she,24251
gpt2-small,res-jb,This is she,2847
gpt2-small,res-jb,This is she,3236
gpt2-small,res-jb,This is she,3640
gpt2-small,res-jb,This is she,5742
gpt2-small,res-jb,This is she,7015
llama3.1-8b,llamascope-res-32k,Das ist ein Jude,14014
llama3.1-8b,llamascope-res-32k,Das ist ein Jude,18735
llama3.1-8b,llamascope-res-32k,Das ist ein Jude,19549
llama3.1-8b,llamascope-res-32k,Das ist ein Jude,21690
llama3.1-8b,llamascope-res-32k,Das ist ein Jude,28372
llama3.1-8b,llamascope-res-32k,Das ist ein Jude,44
llama3.1-8b,llamascope-res-32k,Das ist ein Jude,575
llama3.1-8b,llamascope-res-32k,Das ist ein Jude,8091
llama3.1-8b,llamascope-res-32k,Das ist ein Jude,Das ist ein Jude
llama3.1-8b,llamascope-res-32k,Das ist ein Jude,Das ist ein Jude
llama3.1-8b,llamascope-res-32k,Das ist ein Jude,14014
llama3.1-8b,llamascope-res-32k,Das ist ein Jude,18735
llama3.1-8b,llamascope-res-32k,Das ist ein Jude,19549
llama3.1-8b,llamascope-res-32k,Das ist ein Jude,21690
llama3.1-8b,llamascope-res-32k,Das ist ein Jude,28372
llama3.1-8b,llamascope-res-32k,Das ist ein Jude,44
llama3.1-8b,llamascope-res-32k,Das ist ein Jude,575
llama3.1-8b,llamascope-res-32k,Das ist ein Jude,8091
llama3.1-8b,llamascope-res-32k,Das ist ein Mann,10563
llama3.1-8b,llamascope-res-32k,Das ist ein Mann,11151
llama3.1-8b,llamascope-res-32k,Das ist ein Mann,14014
llama3.1-8b,llamascope-res-32k,Das ist ein Mann,19549
llama3.1-8b,llamascope-res-32k,Das ist ein Mann,21690
llama3.1-8b,llamascope-res-32k,Das ist ein Mann,25445
llama3.1-8b,llamascope-res-32k,Das ist ein Mann,31047
llama3.1-8b,llamascope-res-32k,Das ist ein Mann,44
llama3.1-8b,llamascope-res-32k,Das ist ein Mann,575
llama3.1-8b,llamascope-res-32k,Das ist ein Mann,8091
llama3.1-8b,llamascope-res-32k,Das ist ein Mann,9287
llama3.1-8b,llamascope-res-32k,Das ist ein Mann,Das ist ein Mann
llama3.1-8b,llamascope-res-32k,Das ist ein Mann,Das ist ein Mann
llama3.1-8b,llamascope-res-32k,Das ist ein Mann,10563
llama3.1-8b,llamascope-res-32k,Das ist ein Mann,11151
llama3.1-8b,llamascope-res-32k,Das ist ein Mann,14014
llama3.1-8b,llamascope-res-32k,Das ist ein Mann,19549
llama3.1-8b,llamascope-res-32k,Das ist ein Mann,21690
llama3.1-8b,llamascope-res-32k,Das ist ein Mann,25445
llama3.1-8b,llamascope-res-32k,Das ist ein Mann,31047
llama3.1-8b,llamascope-res-32k,Das ist ein Mann,44
llama3.1-8b,llamascope-res-32k,Das ist ein Mann,575
llama3.1-8b,llamascope-res-32k,Das ist ein Mann,8091
llama3.1-8b,llamascope-res-32k,Das ist ein Mann,9287
llama3.1-8b,llamascope-res-32k,Das ist ein Mädchen,18735
llama3.1-8b,llamascope-res-32k,Das ist ein Mädchen,19549
llama3.1-8b,llamascope-res-32k,Das ist ein Mädchen,21690
llama3.1-8b,llamascope-res-32k,Das ist ein Mädchen,27005
llama3.1-8b,llamascope-res-32k,Das ist ein Mädchen,31047
llama3.1-8b,llamascope-res-32k,Das ist ein Mädchen,44
llama3.1-8b,llamascope-res-32k,Das ist ein Mädchen,575
llama3.1-8b,llamascope-res-32k,Das ist ein Mädchen,6939
llama3.1-8b,llamascope-res-32k,Das ist ein Mädchen,8091
llama3.1-8b,llamascope-res-32k,Das ist ein Mädchen,Das ist ein Mädchen
llama3.1-8b,llamascope-res-32k,Das ist ein Mädchen,Das ist ein Mädchen
llama3.1-8b,llamascope-res-32k,Das ist ein Mädchen,18735
llama3.1-8b,llamascope-res-32k,Das ist ein Mädchen,19549
llama3.1-8b,llamascope-res-32k,Das ist ein Mädchen,21690
llama3.1-8b,llamascope-res-32k,Das ist ein Mädchen,27005
llama3.1-8b,llamascope-res-32k,Das ist ein Mädchen,31047
llama3.1-8b,llamascope-res-32k,Das ist ein Mädchen,44
llama3.1-8b,llamascope-res-32k,Das ist ein Mädchen,575
llama3.1-8b,llamascope-res-32k,Das ist ein Mädchen,6939
llama3.1-8b,llamascope-res-32k,Das ist ein Mädchen,8091
llama3.1-8b,llamascope-res-32k,Das ist ein Opa,1023
llama3.1-8b,llamascope-res-32k,Das ist ein Opa,14427
llama3.1-8b,llamascope-res-32k,Das ist ein Opa,1518
llama3.1-8b,llamascope-res-32k,Das ist ein Opa,15453
llama3.1-8b,llamascope-res-32k,Das ist ein Opa,15842
llama3.1-8b,llamascope-res-32k,Das ist ein Opa,1617
llama3.1-8b,llamascope-res-32k,Das ist ein Opa,20937
llama3.1-8b,llamascope-res-32k,Das ist ein Opa,22969
llama3.1-8b,llamascope-res-32k,Das ist ein Opa,23831
llama3.1-8b,llamascope-res-32k,Das ist ein Opa,2553
llama3.1-8b,llamascope-res-32k,Das ist ein Opa,25539
llama3.1-8b,llamascope-res-32k,Das ist ein Opa,25738
llama3.1-8b,llamascope-res-32k,Das ist ein Opa,319
llama3.1-8b,llamascope-res-32k,Das ist ein Opa,7362
llama3.1-8b,llamascope-res-32k,Das ist ein Opa,9220
llama3.1-8b,llamascope-res-32k,Das ist ein Opa,9520
llama3.1-8b,llamascope-res-32k,Das ist ein Opa,9970
llama3.1-8b,llamascope-res-32k,Das ist ein Opa,Das ist ein Opa
llama3.1-8b,llamascope-res-32k,Das ist ein Opa,Das ist ein Opa
llama3.1-8b,llamascope-res-32k,Das ist ein Opa,1023
llama3.1-8b,llamascope-res-32k,Das ist ein Opa,14427
llama3.1-8b,llamascope-res-32k,Das ist ein Opa,1518
llama3.1-8b,llamascope-res-32k,Das ist ein Opa,15453
llama3.1-8b,llamascope-res-32k,Das ist ein Opa,15842
llama3.1-8b,llamascope-res-32k,Das ist ein Opa,1617
llama3.1-8b,llamascope-res-32k,Das ist ein Opa,20937
llama3.1-8b,llamascope-res-32k,Das ist ein Opa,22969
llama3.1-8b,llamascope-res-32k,Das ist ein Opa,23831
llama3.1-8b,llamascope-res-32k,Das ist ein Opa,2553
llama3.1-8b,llamascope-res-32k,Das ist ein Opa,25539
llama3.1-8b,llamascope-res-32k,Das ist ein Opa,25738
llama3.1-8b,llamascope-res-32k,Das ist ein Opa,319
llama3.1-8b,llamascope-res-32k,Das ist ein Opa,7362
llama3.1-8b,llamascope-res-32k,Das ist ein Opa,9220
llama3.1-8b,llamascope-res-32k,Das ist ein Opa,9520
llama3.1-8b,llamascope-res-32k,Das ist ein Opa,9970
llama3.1-8b,llamascope-res-32k,Das ist eine Frau,11208
llama3.1-8b,llamascope-res-32k,Das ist eine Frau,18735
llama3.1-8b,llamascope-res-32k,Das ist eine Frau,19549
llama3.1-8b,llamascope-res-32k,Das ist eine Frau,19795
llama3.1-8b,llamascope-res-32k,Das ist eine Frau,21690
llama3.1-8b,llamascope-res-32k,Das ist eine Frau,30839
llama3.1-8b,llamascope-res-32k,Das ist eine Frau,31047
llama3.1-8b,llamascope-res-32k,Das ist eine Frau,44
llama3.1-8b,llamascope-res-32k,Das ist eine Frau,575
llama3.1-8b,llamascope-res-32k,Das ist eine Frau,8091
llama3.1-8b,llamascope-res-32k,Das ist eine Frau,Das ist eine Frau
llama3.1-8b,llamascope-res-32k,Das ist eine Frau,Das ist eine Frau
llama3.1-8b,llamascope-res-32k,Das ist eine Frau,11208
llama3.1-8b,llamascope-res-32k,Das ist eine Frau,18735
llama3.1-8b,llamascope-res-32k,Das ist eine Frau,19549
llama3.1-8b,llamascope-res-32k,Das ist eine Frau,19795
llama3.1-8b,llamascope-res-32k,Das ist eine Frau,21690
llama3.1-8b,llamascope-res-32k,Das ist eine Frau,30839
llama3.1-8b,llamascope-res-32k,Das ist eine Frau,31047
llama3.1-8b,llamascope-res-32k,Das ist eine Frau,44
llama3.1-8b,llamascope-res-32k,Das ist eine Frau,575
llama3.1-8b,llamascope-res-32k,Das ist eine Frau,8091
llama3.1-8b,llamascope-res-32k,Das ist eine Oma,14427
llama3.1-8b,llamascope-res-32k,Das ist eine Oma,1518
llama3.1-8b,llamascope-res-32k,Das ist eine Oma,15181
llama3.1-8b,llamascope-res-32k,Das ist eine Oma,15453
llama3.1-8b,llamascope-res-32k,Das ist eine Oma,15842
llama3.1-8b,llamascope-res-32k,Das ist eine Oma,1617
llama3.1-8b,llamascope-res-32k,Das ist eine Oma,20937
llama3.1-8b,llamascope-res-32k,Das ist eine Oma,22969
llama3.1-8b,llamascope-res-32k,Das ist eine Oma,23831
llama3.1-8b,llamascope-res-32k,Das ist eine Oma,2553
llama3.1-8b,llamascope-res-32k,Das ist eine Oma,25539
llama3.1-8b,llamascope-res-32k,Das ist eine Oma,25738
llama3.1-8b,llamascope-res-32k,Das ist eine Oma,319
llama3.1-8b,llamascope-res-32k,Das ist eine Oma,7362
llama3.1-8b,llamascope-res-32k,Das ist eine Oma,9220
llama3.1-8b,llamascope-res-32k,Das ist eine Oma,9520
llama3.1-8b,llamascope-res-32k,Das ist eine Oma,9970
llama3.1-8b,llamascope-res-32k,Das ist eine Oma,Das ist eine Oma
llama3.1-8b,llamascope-res-32k,Das ist eine Oma,Das ist eine Oma
llama3.1-8b,llamascope-res-32k,Das ist eine Oma,14427
llama3.1-8b,llamascope-res-32k,Das ist eine Oma,1518
llama3.1-8b,llamascope-res-32k,Das ist eine Oma,15181
llama3.1-8b,llamascope-res-32k,Das ist eine Oma,15453
llama3.1-8b,llamascope-res-32k,Das ist eine Oma,15842
llama3.1-8b,llamascope-res-32k,Das ist eine Oma,1617
llama3.1-8b,llamascope-res-32k,Das ist eine Oma,20937
llama3.1-8b,llamascope-res-32k,Das ist eine Oma,22969
llama3.1-8b,llamascope-res-32k,Das ist eine Oma,23831
llama3.1-8b,llamascope-res-32k,Das ist eine Oma,2553
llama3.1-8b,llamascope-res-32k,Das ist eine Oma,25539
llama3.1-8b,llamascope-res-32k,Das ist eine Oma,25738
llama3.1-8b,llamascope-res-32k,Das ist eine Oma,319
llama3.1-8b,llamascope-res-32k,Das ist eine Oma,7362
llama3.1-8b,llamascope-res-32k,Das ist eine Oma,9220
llama3.1-8b,llamascope-res-32k,Das ist eine Oma,9520
llama3.1-8b,llamascope-res-32k,Das ist eine Oma,9970
llama3.1-8b,llamascope-res-32k,Das ists ein Junge,17991
llama3.1-8b,llamascope-res-32k,Das ists ein Junge,19264
llama3.1-8b,llamascope-res-32k,Das ists ein Junge,19549
llama3.1-8b,llamascope-res-32k,Das ists ein Junge,1974
llama3.1-8b,llamascope-res-32k,Das ists ein Junge,21690
llama3.1-8b,llamascope-res-32k,Das ists ein Junge,26294
llama3.1-8b,llamascope-res-32k,Das ists ein Junge,27000
llama3.1-8b,llamascope-res-32k,Das ists ein Junge,30289
llama3.1-8b,llamascope-res-32k,Das ists ein Junge,31047
llama3.1-8b,llamascope-res-32k,Das ists ein Junge,575
llama3.1-8b,llamascope-res-32k,Das ists ein Junge,6031
llama3.1-8b,llamascope-res-32k,Das ists ein Junge,8091
llama3.1-8b,llamascope-res-32k,Das ists ein Junge,Das ists ein Junge
llama3.1-8b,llamascope-res-32k,Das ists ein Junge,Das ists ein Junge
llama3.1-8b,llamascope-res-32k,Das ists ein Junge,17991
llama3.1-8b,llamascope-res-32k,Das ists ein Junge,19264
llama3.1-8b,llamascope-res-32k,Das ists ein Junge,19549
llama3.1-8b,llamascope-res-32k,Das ists ein Junge,1974
llama3.1-8b,llamascope-res-32k,Das ists ein Junge,21690
llama3.1-8b,llamascope-res-32k,Das ists ein Junge,26294
llama3.1-8b,llamascope-res-32k,Das ists ein Junge,27000
llama3.1-8b,llamascope-res-32k,Das ists ein Junge,30289
llama3.1-8b,llamascope-res-32k,Das ists ein Junge,31047
llama3.1-8b,llamascope-res-32k,Das ists ein Junge,575
llama3.1-8b,llamascope-res-32k,Das ists ein Junge,6031
llama3.1-8b,llamascope-res-32k,Das ists ein Junge,8091
llama3.1-8b,llamascope-res-32k,il est juif,10130
llama3.1-8b,llamascope-res-32k,il est juif,17209
llama3.1-8b,llamascope-res-32k,il est juif,2026
llama3.1-8b,llamascope-res-32k,il est juif,24216
llama3.1-8b,llamascope-res-32k,il est juif,25016
llama3.1-8b,llamascope-res-32k,il est juif,27851
llama3.1-8b,llamascope-res-32k,il est juif,27900
llama3.1-8b,llamascope-res-32k,il est juif,29422
llama3.1-8b,llamascope-res-32k,il est juif,31714
llama3.1-8b,llamascope-res-32k,il est juif,31916
llama3.1-8b,llamascope-res-32k,il est juif,4880
llama3.1-8b,llamascope-res-32k,il est juif,5870
llama3.1-8b,llamascope-res-32k,il est juif,6581
llama3.1-8b,llamascope-res-32k,il est juif,il est juif
llama3.1-8b,llamascope-res-32k,il est juif,il est juif
llama3.1-8b,llamascope-res-32k,il est juif,10130
llama3.1-8b,llamascope-res-32k,il est juif,17209
llama3.1-8b,llamascope-res-32k,il est juif,2026
llama3.1-8b,llamascope-res-32k,il est juif,24216
llama3.1-8b,llamascope-res-32k,il est juif,25016
llama3.1-8b,llamascope-res-32k,il est juif,27851
llama3.1-8b,llamascope-res-32k,il est juif,27900
llama3.1-8b,llamascope-res-32k,il est juif,29422
llama3.1-8b,llamascope-res-32k,il est juif,31714
llama3.1-8b,llamascope-res-32k,il est juif,31916
llama3.1-8b,llamascope-res-32k,il est juif,4880
llama3.1-8b,llamascope-res-32k,il est juif,5870
llama3.1-8b,llamascope-res-32k,il est juif,6581
llama3.1-8b,llamascope-res-32k,This is a baptsim,17547
llama3.1-8b,llamascope-res-32k,This is a baptsim,18118
llama3.1-8b,llamascope-res-32k,This is a baptsim,18164
llama3.1-8b,llamascope-res-32k,This is a baptsim,18547
llama3.1-8b,llamascope-res-32k,This is a baptsim,19062
llama3.1-8b,llamascope-res-32k,This is a baptsim,19525
llama3.1-8b,llamascope-res-32k,This is a baptsim,20403
llama3.1-8b,llamascope-res-32k,This is a baptsim,21324
llama3.1-8b,llamascope-res-32k,This is a baptsim,22587
llama3.1-8b,llamascope-res-32k,This is a baptsim,22779
llama3.1-8b,llamascope-res-32k,This is a baptsim,25037
llama3.1-8b,llamascope-res-32k,This is a baptsim,26157
llama3.1-8b,llamascope-res-32k,This is a baptsim,26235
llama3.1-8b,llamascope-res-32k,This is a baptsim,27485
llama3.1-8b,llamascope-res-32k,This is a baptsim,32725
llama3.1-8b,llamascope-res-32k,This is a baptsim,6574
llama3.1-8b,llamascope-res-32k,This is a baptsim,This is a baptsim
llama3.1-8b,llamascope-res-32k,This is a baptsim,This is a baptsim
llama3.1-8b,llamascope-res-32k,This is a baptsim,17547
llama3.1-8b,llamascope-res-32k,This is a baptsim,18118
llama3.1-8b,llamascope-res-32k,This is a baptsim,18164
llama3.1-8b,llamascope-res-32k,This is a baptsim,18547
llama3.1-8b,llamascope-res-32k,This is a baptsim,19062
llama3.1-8b,llamascope-res-32k,This is a baptsim,19525
llama3.1-8b,llamascope-res-32k,This is a baptsim,20403
llama3.1-8b,llamascope-res-32k,This is a baptsim,21324
llama3.1-8b,llamascope-res-32k,This is a baptsim,22587
llama3.1-8b,llamascope-res-32k,This is a baptsim,22779
llama3.1-8b,llamascope-res-32k,This is a baptsim,25037
llama3.1-8b,llamascope-res-32k,This is a baptsim,26157
llama3.1-8b,llamascope-res-32k,This is a baptsim,26235
llama3.1-8b,llamascope-res-32k,This is a baptsim,27485
llama3.1-8b,llamascope-res-32k,This is a baptsim,32725
llama3.1-8b,llamascope-res-32k,This is a baptsim,6574
llama3.1-8b,llamascope-res-32k,This is a bible,19914
llama3.1-8b,llamascope-res-32k,This is a bible,2066
llama3.1-8b,llamascope-res-32k,This is a bible,21978
llama3.1-8b,llamascope-res-32k,This is a bible,22682
llama3.1-8b,llamascope-res-32k,This is a bible,2294
llama3.1-8b,llamascope-res-32k,This is a bible,25464
llama3.1-8b,llamascope-res-32k,This is a bible,26383
llama3.1-8b,llamascope-res-32k,This is a bible,28356
llama3.1-8b,llamascope-res-32k,This is a bible,3219
llama3.1-8b,llamascope-res-32k,This is a bible,4922
llama3.1-8b,llamascope-res-32k,This is a bible,580
llama3.1-8b,llamascope-res-32k,This is a bible,6815
llama3.1-8b,llamascope-res-32k,This is a bible,8054
llama3.1-8b,llamascope-res-32k,This is a bible,This is a bible
llama3.1-8b,llamascope-res-32k,This is a bible,This is a bible
llama3.1-8b,llamascope-res-32k,This is a bible,19914
llama3.1-8b,llamascope-res-32k,This is a bible,2066
llama3.1-8b,llamascope-res-32k,This is a bible,21978
llama3.1-8b,llamascope-res-32k,This is a bible,22682
llama3.1-8b,llamascope-res-32k,This is a bible,2294
llama3.1-8b,llamascope-res-32k,This is a bible,25464
llama3.1-8b,llamascope-res-32k,This is a bible,26383
llama3.1-8b,llamascope-res-32k,This is a bible,28356
llama3.1-8b,llamascope-res-32k,This is a bible,3219
llama3.1-8b,llamascope-res-32k,This is a bible,4922
llama3.1-8b,llamascope-res-32k,This is a bible,580
llama3.1-8b,llamascope-res-32k,This is a bible,6815
llama3.1-8b,llamascope-res-32k,This is a bible,8054
llama3.1-8b,llamascope-res-32k,This is a boss,18201
llama3.1-8b,llamascope-res-32k,This is a boss,19105
llama3.1-8b,llamascope-res-32k,This is a boss,20585
llama3.1-8b,llamascope-res-32k,This is a boss,23642
llama3.1-8b,llamascope-res-32k,This is a boss,32705
llama3.1-8b,llamascope-res-32k,This is a boss,3449
llama3.1-8b,llamascope-res-32k,This is a boss,3979
llama3.1-8b,llamascope-res-32k,This is a boss,9115
llama3.1-8b,llamascope-res-32k,This is a boss,961
llama3.1-8b,llamascope-res-32k,This is a boss,This is a boss
llama3.1-8b,llamascope-res-32k,This is a boss,This is a boss
llama3.1-8b,llamascope-res-32k,This is a boss,18201
llama3.1-8b,llamascope-res-32k,This is a boss,19105
llama3.1-8b,llamascope-res-32k,This is a boss,20585
llama3.1-8b,llamascope-res-32k,This is a boss,23642
llama3.1-8b,llamascope-res-32k,This is a boss,32705
llama3.1-8b,llamascope-res-32k,This is a boss,3449
llama3.1-8b,llamascope-res-32k,This is a boss,3979
llama3.1-8b,llamascope-res-32k,This is a boss,9115
llama3.1-8b,llamascope-res-32k,This is a boss,961
llama3.1-8b,llamascope-res-32k,This is a boy,13579
llama3.1-8b,llamascope-res-32k,This is a boy,15125
llama3.1-8b,llamascope-res-32k,This is a boy,19836
llama3.1-8b,llamascope-res-32k,This is a boy,23102
llama3.1-8b,llamascope-res-32k,This is a boy,25410
llama3.1-8b,llamascope-res-32k,This is a boy,26860
llama3.1-8b,llamascope-res-32k,This is a boy,28089
llama3.1-8b,llamascope-res-32k,This is a boy,29185
llama3.1-8b,llamascope-res-32k,This is a boy,32705
llama3.1-8b,llamascope-res-32k,This is a boy,3596
llama3.1-8b,llamascope-res-32k,This is a boy,This is a boy
llama3.1-8b,llamascope-res-32k,This is a boy,This is a boy
llama3.1-8b,llamascope-res-32k,This is a boy,13579
llama3.1-8b,llamascope-res-32k,This is a boy,15125
llama3.1-8b,llamascope-res-32k,This is a boy,19836
llama3.1-8b,llamascope-res-32k,This is a boy,23102
llama3.1-8b,llamascope-res-32k,This is a boy,25410
llama3.1-8b,llamascope-res-32k,This is a boy,26860
llama3.1-8b,llamascope-res-32k,This is a boy,28089
llama3.1-8b,llamascope-res-32k,This is a boy,29185
llama3.1-8b,llamascope-res-32k,This is a boy,32705
llama3.1-8b,llamascope-res-32k,This is a boy,3596
llama3.1-8b,llamascope-res-32k,This is a burka,10150
llama3.1-8b,llamascope-res-32k,This is a burka,10304
llama3.1-8b,llamascope-res-32k,This is a burka,11277
llama3.1-8b,llamascope-res-32k,This is a burka,18545
llama3.1-8b,llamascope-res-32k,This is a burka,19248
llama3.1-8b,llamascope-res-32k,This is a burka,20325
llama3.1-8b,llamascope-res-32k,This is a burka,20749
llama3.1-8b,llamascope-res-32k,This is a burka,21295
llama3.1-8b,llamascope-res-32k,This is a burka,25034
llama3.1-8b,llamascope-res-32k,This is a burka,25721
llama3.1-8b,llamascope-res-32k,This is a burka,2776
llama3.1-8b,llamascope-res-32k,This is a burka,3008
llama3.1-8b,llamascope-res-32k,This is a burka,31174
llama3.1-8b,llamascope-res-32k,This is a burka,31492
llama3.1-8b,llamascope-res-32k,This is a burka,4399
llama3.1-8b,llamascope-res-32k,This is a burka,4694
llama3.1-8b,llamascope-res-32k,This is a burka,This is a burka
llama3.1-8b,llamascope-res-32k,This is a burka,This is a burka
llama3.1-8b,llamascope-res-32k,This is a burka,10150
llama3.1-8b,llamascope-res-32k,This is a burka,10304
llama3.1-8b,llamascope-res-32k,This is a burka,11277
llama3.1-8b,llamascope-res-32k,This is a burka,18545
llama3.1-8b,llamascope-res-32k,This is a burka,19248
llama3.1-8b,llamascope-res-32k,This is a burka,20325
llama3.1-8b,llamascope-res-32k,This is a burka,20749
llama3.1-8b,llamascope-res-32k,This is a burka,21295
llama3.1-8b,llamascope-res-32k,This is a burka,25034
llama3.1-8b,llamascope-res-32k,This is a burka,25721
llama3.1-8b,llamascope-res-32k,This is a burka,2776
llama3.1-8b,llamascope-res-32k,This is a burka,3008
llama3.1-8b,llamascope-res-32k,This is a burka,31174
llama3.1-8b,llamascope-res-32k,This is a burka,31492
llama3.1-8b,llamascope-res-32k,This is a burka,4399
llama3.1-8b,llamascope-res-32k,This is a burka,4694
llama3.1-8b,llamascope-res-32k,This is a christian,14085
llama3.1-8b,llamascope-res-32k,This is a christian,19642
llama3.1-8b,llamascope-res-32k,This is a christian,23587
llama3.1-8b,llamascope-res-32k,This is a christian,29011
llama3.1-8b,llamascope-res-32k,This is a christian,32705
llama3.1-8b,llamascope-res-32k,This is a christian,This is a christian
llama3.1-8b,llamascope-res-32k,This is a christian,This is a christian
llama3.1-8b,llamascope-res-32k,This is a christian,14085
llama3.1-8b,llamascope-res-32k,This is a christian,19642
llama3.1-8b,llamascope-res-32k,This is a christian,23587
llama3.1-8b,llamascope-res-32k,This is a christian,29011
llama3.1-8b,llamascope-res-32k,This is a christian,32705
llama3.1-8b,llamascope-res-32k,This is a church,12064
llama3.1-8b,llamascope-res-32k,This is a church,1466
llama3.1-8b,llamascope-res-32k,This is a church,1472
llama3.1-8b,llamascope-res-32k,This is a church,15895
llama3.1-8b,llamascope-res-32k,This is a church,19609
llama3.1-8b,llamascope-res-32k,This is a church,24648
llama3.1-8b,llamascope-res-32k,This is a church,26540
llama3.1-8b,llamascope-res-32k,This is a church,27799
llama3.1-8b,llamascope-res-32k,This is a church,494
llama3.1-8b,llamascope-res-32k,This is a church,6039
llama3.1-8b,llamascope-res-32k,This is a church,8182
llama3.1-8b,llamascope-res-32k,This is a church,This is a church
llama3.1-8b,llamascope-res-32k,This is a church,This is a church
llama3.1-8b,llamascope-res-32k,This is a church,12064
llama3.1-8b,llamascope-res-32k,This is a church,1466
llama3.1-8b,llamascope-res-32k,This is a church,1472
llama3.1-8b,llamascope-res-32k,This is a church,15895
llama3.1-8b,llamascope-res-32k,This is a church,19609
llama3.1-8b,llamascope-res-32k,This is a church,24648
llama3.1-8b,llamascope-res-32k,This is a church,26540
llama3.1-8b,llamascope-res-32k,This is a church,27799
llama3.1-8b,llamascope-res-32k,This is a church,494
llama3.1-8b,llamascope-res-32k,This is a church,6039
llama3.1-8b,llamascope-res-32k,This is a church,8182
llama3.1-8b,llamascope-res-32k,This is a daughter,10793
llama3.1-8b,llamascope-res-32k,This is a daughter,11227
llama3.1-8b,llamascope-res-32k,This is a daughter,12220
llama3.1-8b,llamascope-res-32k,This is a daughter,12624
llama3.1-8b,llamascope-res-32k,This is a daughter,21329
llama3.1-8b,llamascope-res-32k,This is a daughter,21817
llama3.1-8b,llamascope-res-32k,This is a daughter,23598
llama3.1-8b,llamascope-res-32k,This is a daughter,24002
llama3.1-8b,llamascope-res-32k,This is a daughter,29161
llama3.1-8b,llamascope-res-32k,This is a daughter,32705
llama3.1-8b,llamascope-res-32k,This is a daughter,4870
llama3.1-8b,llamascope-res-32k,This is a daughter,This is a daughter
llama3.1-8b,llamascope-res-32k,This is a daughter,This is a daughter
llama3.1-8b,llamascope-res-32k,This is a daughter,10793
llama3.1-8b,llamascope-res-32k,This is a daughter,11227
llama3.1-8b,llamascope-res-32k,This is a daughter,12220
llama3.1-8b,llamascope-res-32k,This is a daughter,12624
llama3.1-8b,llamascope-res-32k,This is a daughter,21329
llama3.1-8b,llamascope-res-32k,This is a daughter,21817
llama3.1-8b,llamascope-res-32k,This is a daughter,23598
llama3.1-8b,llamascope-res-32k,This is a daughter,24002
llama3.1-8b,llamascope-res-32k,This is a daughter,29161
llama3.1-8b,llamascope-res-32k,This is a daughter,32705
llama3.1-8b,llamascope-res-32k,This is a daughter,4870
llama3.1-8b,llamascope-res-32k,This is a doctor,11059
llama3.1-8b,llamascope-res-32k,This is a doctor,1121
llama3.1-8b,llamascope-res-32k,This is a doctor,11217
llama3.1-8b,llamascope-res-32k,This is a doctor,1741
llama3.1-8b,llamascope-res-32k,This is a doctor,17931
llama3.1-8b,llamascope-res-32k,This is a doctor,19341
llama3.1-8b,llamascope-res-32k,This is a doctor,22668
llama3.1-8b,llamascope-res-32k,This is a doctor,29801
llama3.1-8b,llamascope-res-32k,This is a doctor,30079
llama3.1-8b,llamascope-res-32k,This is a doctor,31886
llama3.1-8b,llamascope-res-32k,This is a doctor,9217
llama3.1-8b,llamascope-res-32k,This is a doctor,This is a doctor
llama3.1-8b,llamascope-res-32k,This is a doctor,This is a doctor
llama3.1-8b,llamascope-res-32k,This is a doctor,11059
llama3.1-8b,llamascope-res-32k,This is a doctor,1121
llama3.1-8b,llamascope-res-32k,This is a doctor,11217
llama3.1-8b,llamascope-res-32k,This is a doctor,1741
llama3.1-8b,llamascope-res-32k,This is a doctor,17931
llama3.1-8b,llamascope-res-32k,This is a doctor,19341
llama3.1-8b,llamascope-res-32k,This is a doctor,22668
llama3.1-8b,llamascope-res-32k,This is a doctor,29801
llama3.1-8b,llamascope-res-32k,This is a doctor,30079
llama3.1-8b,llamascope-res-32k,This is a doctor,31886
llama3.1-8b,llamascope-res-32k,This is a doctor,9217
llama3.1-8b,llamascope-res-32k,This is a firefighter,12064
llama3.1-8b,llamascope-res-32k,This is a firefighter,15314
llama3.1-8b,llamascope-res-32k,This is a firefighter,19341
llama3.1-8b,llamascope-res-32k,This is a firefighter,19555
llama3.1-8b,llamascope-res-32k,This is a firefighter,23235
llama3.1-8b,llamascope-res-32k,This is a firefighter,24227
llama3.1-8b,llamascope-res-32k,This is a firefighter,28010
llama3.1-8b,llamascope-res-32k,This is a firefighter,31886
llama3.1-8b,llamascope-res-32k,This is a firefighter,32705
llama3.1-8b,llamascope-res-32k,This is a firefighter,9747
llama3.1-8b,llamascope-res-32k,This is a firefighter,This is a firefighter
llama3.1-8b,llamascope-res-32k,This is a firefighter,This is a firefighter
llama3.1-8b,llamascope-res-32k,This is a firefighter,12064
llama3.1-8b,llamascope-res-32k,This is a firefighter,15314
llama3.1-8b,llamascope-res-32k,This is a firefighter,19341
llama3.1-8b,llamascope-res-32k,This is a firefighter,19555
llama3.1-8b,llamascope-res-32k,This is a firefighter,23235
llama3.1-8b,llamascope-res-32k,This is a firefighter,24227
llama3.1-8b,llamascope-res-32k,This is a firefighter,28010
llama3.1-8b,llamascope-res-32k,This is a firefighter,31886
llama3.1-8b,llamascope-res-32k,This is a firefighter,32705
llama3.1-8b,llamascope-res-32k,This is a firefighter,9747
llama3.1-8b,llamascope-res-32k,This is a fundamentalist,10425
llama3.1-8b,llamascope-res-32k,This is a fundamentalist,12648
llama3.1-8b,llamascope-res-32k,This is a fundamentalist,17479
llama3.1-8b,llamascope-res-32k,This is a fundamentalist,30754
llama3.1-8b,llamascope-res-32k,This is a fundamentalist,5742
llama3.1-8b,llamascope-res-32k,This is a fundamentalist,7141
llama3.1-8b,llamascope-res-32k,This is a fundamentalist,This is a fundamentalist
llama3.1-8b,llamascope-res-32k,This is a fundamentalist,This is a fundamentalist
llama3.1-8b,llamascope-res-32k,This is a fundamentalist,10425
llama3.1-8b,llamascope-res-32k,This is a fundamentalist,12648
llama3.1-8b,llamascope-res-32k,This is a fundamentalist,17479
llama3.1-8b,llamascope-res-32k,This is a fundamentalist,30754
llama3.1-8b,llamascope-res-32k,This is a fundamentalist,5742
llama3.1-8b,llamascope-res-32k,This is a fundamentalist,7141
llama3.1-8b,llamascope-res-32k,This is a gentleman,13421
llama3.1-8b,llamascope-res-32k,This is a gentleman,20960
llama3.1-8b,llamascope-res-32k,This is a gentleman,26971
llama3.1-8b,llamascope-res-32k,This is a gentleman,29467
llama3.1-8b,llamascope-res-32k,This is a gentleman,30035
llama3.1-8b,llamascope-res-32k,This is a gentleman,30236
llama3.1-8b,llamascope-res-32k,This is a gentleman,31886
llama3.1-8b,llamascope-res-32k,This is a gentleman,6295
llama3.1-8b,llamascope-res-32k,This is a gentleman,This is a gentleman
llama3.1-8b,llamascope-res-32k,This is a gentleman,This is a gentleman
llama3.1-8b,llamascope-res-32k,This is a gentleman,13421
llama3.1-8b,llamascope-res-32k,This is a gentleman,20960
llama3.1-8b,llamascope-res-32k,This is a gentleman,26971
llama3.1-8b,llamascope-res-32k,This is a gentleman,29467
llama3.1-8b,llamascope-res-32k,This is a gentleman,30035
llama3.1-8b,llamascope-res-32k,This is a gentleman,30236
llama3.1-8b,llamascope-res-32k,This is a gentleman,31886
llama3.1-8b,llamascope-res-32k,This is a gentleman,6295
llama3.1-8b,llamascope-res-32k,This is a girl,13579
llama3.1-8b,llamascope-res-32k,This is a girl,15125
llama3.1-8b,llamascope-res-32k,This is a girl,16015
llama3.1-8b,llamascope-res-32k,This is a girl,20327
llama3.1-8b,llamascope-res-32k,This is a girl,20382
llama3.1-8b,llamascope-res-32k,This is a girl,21523
llama3.1-8b,llamascope-res-32k,This is a girl,22716
llama3.1-8b,llamascope-res-32k,This is a girl,26360
llama3.1-8b,llamascope-res-32k,This is a girl,26868
llama3.1-8b,llamascope-res-32k,This is a girl,30581
llama3.1-8b,llamascope-res-32k,This is a girl,4042
llama3.1-8b,llamascope-res-32k,This is a girl,979
llama3.1-8b,llamascope-res-32k,This is a girl,This is a girl
llama3.1-8b,llamascope-res-32k,This is a girl,This is a girl
llama3.1-8b,llamascope-res-32k,This is a girl,13579
llama3.1-8b,llamascope-res-32k,This is a girl,15125
llama3.1-8b,llamascope-res-32k,This is a girl,16015
llama3.1-8b,llamascope-res-32k,This is a girl,20327
llama3.1-8b,llamascope-res-32k,This is a girl,20382
llama3.1-8b,llamascope-res-32k,This is a girl,21523
llama3.1-8b,llamascope-res-32k,This is a girl,22716
llama3.1-8b,llamascope-res-32k,This is a girl,26360
llama3.1-8b,llamascope-res-32k,This is a girl,26868
llama3.1-8b,llamascope-res-32k,This is a girl,30581
llama3.1-8b,llamascope-res-32k,This is a girl,4042
llama3.1-8b,llamascope-res-32k,This is a girl,979
llama3.1-8b,llamascope-res-32k,This is a gospel,12064
llama3.1-8b,llamascope-res-32k,This is a gospel,12137
llama3.1-8b,llamascope-res-32k,This is a gospel,16846
llama3.1-8b,llamascope-res-32k,This is a gospel,2066
llama3.1-8b,llamascope-res-32k,This is a gospel,3932
llama3.1-8b,llamascope-res-32k,This is a gospel,91
llama3.1-8b,llamascope-res-32k,This is a gospel,This is a gospel
llama3.1-8b,llamascope-res-32k,This is a gospel,This is a gospel
llama3.1-8b,llamascope-res-32k,This is a gospel,12064
llama3.1-8b,llamascope-res-32k,This is a gospel,12137
llama3.1-8b,llamascope-res-32k,This is a gospel,16846
llama3.1-8b,llamascope-res-32k,This is a gospel,2066
llama3.1-8b,llamascope-res-32k,This is a gospel,3932
llama3.1-8b,llamascope-res-32k,This is a gospel,91
llama3.1-8b,llamascope-res-32k,This is a grandma,12064
llama3.1-8b,llamascope-res-32k,This is a grandma,15811
llama3.1-8b,llamascope-res-32k,This is a grandma,19062
llama3.1-8b,llamascope-res-32k,This is a grandma,26394
llama3.1-8b,llamascope-res-32k,This is a grandma,27349
llama3.1-8b,llamascope-res-32k,This is a grandma,28907
llama3.1-8b,llamascope-res-32k,This is a grandma,32705
llama3.1-8b,llamascope-res-32k,This is a grandma,3590
llama3.1-8b,llamascope-res-32k,This is a grandma,3732
llama3.1-8b,llamascope-res-32k,This is a grandma,6604
llama3.1-8b,llamascope-res-32k,This is a grandma,7086
llama3.1-8b,llamascope-res-32k,This is a grandma,This is a grandma
llama3.1-8b,llamascope-res-32k,This is a grandma,This is a grandma
llama3.1-8b,llamascope-res-32k,This is a grandma,12064
llama3.1-8b,llamascope-res-32k,This is a grandma,15811
llama3.1-8b,llamascope-res-32k,This is a grandma,19062
llama3.1-8b,llamascope-res-32k,This is a grandma,26394
llama3.1-8b,llamascope-res-32k,This is a grandma,27349
llama3.1-8b,llamascope-res-32k,This is a grandma,28907
llama3.1-8b,llamascope-res-32k,This is a grandma,32705
llama3.1-8b,llamascope-res-32k,This is a grandma,3590
llama3.1-8b,llamascope-res-32k,This is a grandma,3732
llama3.1-8b,llamascope-res-32k,This is a grandma,6604
llama3.1-8b,llamascope-res-32k,This is a grandma,7086
llama3.1-8b,llamascope-res-32k,This is a grandpa,10425
llama3.1-8b,llamascope-res-32k,This is a grandpa,13335
llama3.1-8b,llamascope-res-32k,This is a grandpa,21891
llama3.1-8b,llamascope-res-32k,This is a grandpa,26148
llama3.1-8b,llamascope-res-32k,This is a grandpa,30126
llama3.1-8b,llamascope-res-32k,This is a grandpa,32334
llama3.1-8b,llamascope-res-32k,This is a grandpa,32705
llama3.1-8b,llamascope-res-32k,This is a grandpa,6495
llama3.1-8b,llamascope-res-32k,This is a grandpa,6804
llama3.1-8b,llamascope-res-32k,This is a grandpa,This is a grandpa
llama3.1-8b,llamascope-res-32k,This is a grandpa,This is a grandpa
llama3.1-8b,llamascope-res-32k,This is a grandpa,10425
llama3.1-8b,llamascope-res-32k,This is a grandpa,13335
llama3.1-8b,llamascope-res-32k,This is a grandpa,21891
llama3.1-8b,llamascope-res-32k,This is a grandpa,26148
llama3.1-8b,llamascope-res-32k,This is a grandpa,30126
llama3.1-8b,llamascope-res-32k,This is a grandpa,32334
llama3.1-8b,llamascope-res-32k,This is a grandpa,32705
llama3.1-8b,llamascope-res-32k,This is a grandpa,6495
llama3.1-8b,llamascope-res-32k,This is a grandpa,6804
llama3.1-8b,llamascope-res-32k,This is a hijab,10063
llama3.1-8b,llamascope-res-32k,This is a hijab,14404
llama3.1-8b,llamascope-res-32k,This is a hijab,14650
llama3.1-8b,llamascope-res-32k,This is a hijab,17208
llama3.1-8b,llamascope-res-32k,This is a hijab,19222
llama3.1-8b,llamascope-res-32k,This is a hijab,19559
llama3.1-8b,llamascope-res-32k,This is a hijab,23717
llama3.1-8b,llamascope-res-32k,This is a hijab,23779
llama3.1-8b,llamascope-res-32k,This is a hijab,2774
llama3.1-8b,llamascope-res-32k,This is a hijab,28865
llama3.1-8b,llamascope-res-32k,This is a hijab,30349
llama3.1-8b,llamascope-res-32k,This is a hijab,31602
llama3.1-8b,llamascope-res-32k,This is a hijab,5255
llama3.1-8b,llamascope-res-32k,This is a hijab,9642
llama3.1-8b,llamascope-res-32k,This is a hijab,This is a hijab
llama3.1-8b,llamascope-res-32k,This is a hijab,This is a hijab
llama3.1-8b,llamascope-res-32k,This is a hijab,10063
llama3.1-8b,llamascope-res-32k,This is a hijab,14404
llama3.1-8b,llamascope-res-32k,This is a hijab,14650
llama3.1-8b,llamascope-res-32k,This is a hijab,17208
llama3.1-8b,llamascope-res-32k,This is a hijab,19222
llama3.1-8b,llamascope-res-32k,This is a hijab,19559
llama3.1-8b,llamascope-res-32k,This is a hijab,23717
llama3.1-8b,llamascope-res-32k,This is a hijab,23779
llama3.1-8b,llamascope-res-32k,This is a hijab,2774
llama3.1-8b,llamascope-res-32k,This is a hijab,28865
llama3.1-8b,llamascope-res-32k,This is a hijab,30349
llama3.1-8b,llamascope-res-32k,This is a hijab,31602
llama3.1-8b,llamascope-res-32k,This is a hijab,5255
llama3.1-8b,llamascope-res-32k,This is a hijab,9642
llama3.1-8b,llamascope-res-32k,This is a homemaker,12283
llama3.1-8b,llamascope-res-32k,This is a homemaker,13071
llama3.1-8b,llamascope-res-32k,This is a homemaker,16691
llama3.1-8b,llamascope-res-32k,This is a homemaker,17276
llama3.1-8b,llamascope-res-32k,This is a homemaker,17963
llama3.1-8b,llamascope-res-32k,This is a homemaker,18749
llama3.1-8b,llamascope-res-32k,This is a homemaker,19902
llama3.1-8b,llamascope-res-32k,This is a homemaker,21285
llama3.1-8b,llamascope-res-32k,This is a homemaker,21835
llama3.1-8b,llamascope-res-32k,This is a homemaker,24263
llama3.1-8b,llamascope-res-32k,This is a homemaker,244
llama3.1-8b,llamascope-res-32k,This is a homemaker,25565
llama3.1-8b,llamascope-res-32k,This is a homemaker,31224
llama3.1-8b,llamascope-res-32k,This is a homemaker,32231
llama3.1-8b,llamascope-res-32k,This is a homemaker,6120
llama3.1-8b,llamascope-res-32k,This is a homemaker,8819
llama3.1-8b,llamascope-res-32k,This is a homemaker,This is a homemaker
llama3.1-8b,llamascope-res-32k,This is a homemaker,This is a homemaker
llama3.1-8b,llamascope-res-32k,This is a homemaker,12283
llama3.1-8b,llamascope-res-32k,This is a homemaker,13071
llama3.1-8b,llamascope-res-32k,This is a homemaker,16691
llama3.1-8b,llamascope-res-32k,This is a homemaker,17276
llama3.1-8b,llamascope-res-32k,This is a homemaker,17963
llama3.1-8b,llamascope-res-32k,This is a homemaker,18749
llama3.1-8b,llamascope-res-32k,This is a homemaker,19902
llama3.1-8b,llamascope-res-32k,This is a homemaker,21285
llama3.1-8b,llamascope-res-32k,This is a homemaker,21835
llama3.1-8b,llamascope-res-32k,This is a homemaker,24263
llama3.1-8b,llamascope-res-32k,This is a homemaker,244
llama3.1-8b,llamascope-res-32k,This is a homemaker,25565
llama3.1-8b,llamascope-res-32k,This is a homemaker,31224
llama3.1-8b,llamascope-res-32k,This is a homemaker,32231
llama3.1-8b,llamascope-res-32k,This is a homemaker,6120
llama3.1-8b,llamascope-res-32k,This is a homemaker,8819
llama3.1-8b,llamascope-res-32k,This is a homophob,12283
llama3.1-8b,llamascope-res-32k,This is a homophob,13071
llama3.1-8b,llamascope-res-32k,This is a homophob,16691
llama3.1-8b,llamascope-res-32k,This is a homophob,17276
llama3.1-8b,llamascope-res-32k,This is a homophob,17963
llama3.1-8b,llamascope-res-32k,This is a homophob,18749
llama3.1-8b,llamascope-res-32k,This is a homophob,19902
llama3.1-8b,llamascope-res-32k,This is a homophob,21285
llama3.1-8b,llamascope-res-32k,This is a homophob,21835
llama3.1-8b,llamascope-res-32k,This is a homophob,24263
llama3.1-8b,llamascope-res-32k,This is a homophob,244
llama3.1-8b,llamascope-res-32k,This is a homophob,25565
llama3.1-8b,llamascope-res-32k,This is a homophob,31224
llama3.1-8b,llamascope-res-32k,This is a homophob,32231
llama3.1-8b,llamascope-res-32k,This is a homophob,6120
llama3.1-8b,llamascope-res-32k,This is a homophob,8819
llama3.1-8b,llamascope-res-32k,This is a homophob,This is a homophob
llama3.1-8b,llamascope-res-32k,This is a homophob,This is a homophob
llama3.1-8b,llamascope-res-32k,This is a homophob,12283
llama3.1-8b,llamascope-res-32k,This is a homophob,13071
llama3.1-8b,llamascope-res-32k,This is a homophob,16691
llama3.1-8b,llamascope-res-32k,This is a homophob,17276
llama3.1-8b,llamascope-res-32k,This is a homophob,17963
llama3.1-8b,llamascope-res-32k,This is a homophob,18749
llama3.1-8b,llamascope-res-32k,This is a homophob,19902
llama3.1-8b,llamascope-res-32k,This is a homophob,21285
llama3.1-8b,llamascope-res-32k,This is a homophob,21835
llama3.1-8b,llamascope-res-32k,This is a homophob,24263
llama3.1-8b,llamascope-res-32k,This is a homophob,244
llama3.1-8b,llamascope-res-32k,This is a homophob,25565
llama3.1-8b,llamascope-res-32k,This is a homophob,31224
llama3.1-8b,llamascope-res-32k,This is a homophob,32231
llama3.1-8b,llamascope-res-32k,This is a homophob,6120
llama3.1-8b,llamascope-res-32k,This is a homophob,8819
llama3.1-8b,llamascope-res-32k,This is a husband,10793
llama3.1-8b,llamascope-res-32k,This is a husband,19341
llama3.1-8b,llamascope-res-32k,This is a husband,21334
llama3.1-8b,llamascope-res-32k,This is a husband,22802
llama3.1-8b,llamascope-res-32k,This is a husband,28907
llama3.1-8b,llamascope-res-32k,This is a husband,31886
llama3.1-8b,llamascope-res-32k,This is a husband,This is a husband
llama3.1-8b,llamascope-res-32k,This is a husband,This is a husband
llama3.1-8b,llamascope-res-32k,This is a husband,10793
llama3.1-8b,llamascope-res-32k,This is a husband,19341
llama3.1-8b,llamascope-res-32k,This is a husband,21334
llama3.1-8b,llamascope-res-32k,This is a husband,22802
llama3.1-8b,llamascope-res-32k,This is a husband,28907
llama3.1-8b,llamascope-res-32k,This is a husband,31886
llama3.1-8b,llamascope-res-32k,This is a jew,10323
llama3.1-8b,llamascope-res-32k,This is a jew,12869
llama3.1-8b,llamascope-res-32k,This is a jew,17756
llama3.1-8b,llamascope-res-32k,This is a jew,19627
llama3.1-8b,llamascope-res-32k,This is a jew,20460
llama3.1-8b,llamascope-res-32k,This is a jew,22522
llama3.1-8b,llamascope-res-32k,This is a jew,24861
llama3.1-8b,llamascope-res-32k,This is a jew,282
llama3.1-8b,llamascope-res-32k,This is a jew,32514
llama3.1-8b,llamascope-res-32k,This is a jew,6001
llama3.1-8b,llamascope-res-32k,This is a jew,6522
llama3.1-8b,llamascope-res-32k,This is a jew,6976
llama3.1-8b,llamascope-res-32k,This is a jew,This is a jew
llama3.1-8b,llamascope-res-32k,This is a jew,This is a jew
llama3.1-8b,llamascope-res-32k,This is a jew,10323
llama3.1-8b,llamascope-res-32k,This is a jew,12869
llama3.1-8b,llamascope-res-32k,This is a jew,17756
llama3.1-8b,llamascope-res-32k,This is a jew,19627
llama3.1-8b,llamascope-res-32k,This is a jew,20460
llama3.1-8b,llamascope-res-32k,This is a jew,22522
llama3.1-8b,llamascope-res-32k,This is a jew,24861
llama3.1-8b,llamascope-res-32k,This is a jew,282
llama3.1-8b,llamascope-res-32k,This is a jew,32514
llama3.1-8b,llamascope-res-32k,This is a jew,6001
llama3.1-8b,llamascope-res-32k,This is a jew,6522
llama3.1-8b,llamascope-res-32k,This is a jew,6976
llama3.1-8b,llamascope-res-32k,This is a king,10052
llama3.1-8b,llamascope-res-32k,This is a king,10819
llama3.1-8b,llamascope-res-32k,This is a king,13673
llama3.1-8b,llamascope-res-32k,This is a king,1648
llama3.1-8b,llamascope-res-32k,This is a king,21744
llama3.1-8b,llamascope-res-32k,This is a king,21968
llama3.1-8b,llamascope-res-32k,This is a king,23036
llama3.1-8b,llamascope-res-32k,This is a king,24293
llama3.1-8b,llamascope-res-32k,This is a king,27764
llama3.1-8b,llamascope-res-32k,This is a king,32705
llama3.1-8b,llamascope-res-32k,This is a king,5188
llama3.1-8b,llamascope-res-32k,This is a king,This is a king
llama3.1-8b,llamascope-res-32k,This is a king,This is a king
llama3.1-8b,llamascope-res-32k,This is a king,10052
llama3.1-8b,llamascope-res-32k,This is a king,10819
llama3.1-8b,llamascope-res-32k,This is a king,13673
llama3.1-8b,llamascope-res-32k,This is a king,1648
llama3.1-8b,llamascope-res-32k,This is a king,21744
llama3.1-8b,llamascope-res-32k,This is a king,21968
llama3.1-8b,llamascope-res-32k,This is a king,23036
llama3.1-8b,llamascope-res-32k,This is a king,24293
llama3.1-8b,llamascope-res-32k,This is a king,27764
llama3.1-8b,llamascope-res-32k,This is a king,32705
llama3.1-8b,llamascope-res-32k,This is a king,5188
llama3.1-8b,llamascope-res-32k,This is a kippah,11193
llama3.1-8b,llamascope-res-32k,This is a kippah,11696
llama3.1-8b,llamascope-res-32k,This is a kippah,13815
llama3.1-8b,llamascope-res-32k,This is a kippah,16769
llama3.1-8b,llamascope-res-32k,This is a kippah,20854
llama3.1-8b,llamascope-res-32k,This is a kippah,25433
llama3.1-8b,llamascope-res-32k,This is a kippah,27227
llama3.1-8b,llamascope-res-32k,This is a kippah,28989
llama3.1-8b,llamascope-res-32k,This is a kippah,31856
llama3.1-8b,llamascope-res-32k,This is a kippah,6525
llama3.1-8b,llamascope-res-32k,This is a kippah,7230
llama3.1-8b,llamascope-res-32k,This is a kippah,8231
llama3.1-8b,llamascope-res-32k,This is a kippah,8915
llama3.1-8b,llamascope-res-32k,This is a kippah,9025
llama3.1-8b,llamascope-res-32k,This is a kippah,907
llama3.1-8b,llamascope-res-32k,This is a kippah,This is a kippah
llama3.1-8b,llamascope-res-32k,This is a kippah,This is a kippah
llama3.1-8b,llamascope-res-32k,This is a kippah,11193
llama3.1-8b,llamascope-res-32k,This is a kippah,11696
llama3.1-8b,llamascope-res-32k,This is a kippah,13815
llama3.1-8b,llamascope-res-32k,This is a kippah,16769
llama3.1-8b,llamascope-res-32k,This is a kippah,20854
llama3.1-8b,llamascope-res-32k,This is a kippah,25433
llama3.1-8b,llamascope-res-32k,This is a kippah,27227
llama3.1-8b,llamascope-res-32k,This is a kippah,28989
llama3.1-8b,llamascope-res-32k,This is a kippah,31856
llama3.1-8b,llamascope-res-32k,This is a kippah,6525
llama3.1-8b,llamascope-res-32k,This is a kippah,7230
llama3.1-8b,llamascope-res-32k,This is a kippah,8231
llama3.1-8b,llamascope-res-32k,This is a kippah,8915
llama3.1-8b,llamascope-res-32k,This is a kippah,9025
llama3.1-8b,llamascope-res-32k,This is a kippah,907
llama3.1-8b,llamascope-res-32k,This is a lady,15002
llama3.1-8b,llamascope-res-32k,This is a lady,18788
llama3.1-8b,llamascope-res-32k,This is a lady,21904
llama3.1-8b,llamascope-res-32k,This is a lady,23453
llama3.1-8b,llamascope-res-32k,This is a lady,32392
llama3.1-8b,llamascope-res-32k,This is a lady,32415
llama3.1-8b,llamascope-res-32k,This is a lady,6319
llama3.1-8b,llamascope-res-32k,This is a lady,This is a lady
llama3.1-8b,llamascope-res-32k,This is a lady,This is a lady
llama3.1-8b,llamascope-res-32k,This is a lady,15002
llama3.1-8b,llamascope-res-32k,This is a lady,18788
llama3.1-8b,llamascope-res-32k,This is a lady,21904
llama3.1-8b,llamascope-res-32k,This is a lady,23453
llama3.1-8b,llamascope-res-32k,This is a lady,32392
llama3.1-8b,llamascope-res-32k,This is a lady,32415
llama3.1-8b,llamascope-res-32k,This is a lady,6319
llama3.1-8b,llamascope-res-32k,This is a male,12831
llama3.1-8b,llamascope-res-32k,This is a male,15051
llama3.1-8b,llamascope-res-32k,This is a male,28903
llama3.1-8b,llamascope-res-32k,This is a male,30186
llama3.1-8b,llamascope-res-32k,This is a male,30619
llama3.1-8b,llamascope-res-32k,This is a male,32654
llama3.1-8b,llamascope-res-32k,This is a male,32705
llama3.1-8b,llamascope-res-32k,This is a male,3850
llama3.1-8b,llamascope-res-32k,This is a male,6476
llama3.1-8b,llamascope-res-32k,This is a male,7580
llama3.1-8b,llamascope-res-32k,This is a male,9599
llama3.1-8b,llamascope-res-32k,This is a male,This is a male
llama3.1-8b,llamascope-res-32k,This is a male,This is a male
llama3.1-8b,llamascope-res-32k,This is a male,12831
llama3.1-8b,llamascope-res-32k,This is a male,15051
llama3.1-8b,llamascope-res-32k,This is a male,28903
llama3.1-8b,llamascope-res-32k,This is a male,30186
llama3.1-8b,llamascope-res-32k,This is a male,30619
llama3.1-8b,llamascope-res-32k,This is a male,32654
llama3.1-8b,llamascope-res-32k,This is a male,32705
llama3.1-8b,llamascope-res-32k,This is a male,3850
llama3.1-8b,llamascope-res-32k,This is a male,6476
llama3.1-8b,llamascope-res-32k,This is a male,7580
llama3.1-8b,llamascope-res-32k,This is a male,9599
llama3.1-8b,llamascope-res-32k,This is a man,15681
llama3.1-8b,llamascope-res-32k,This is a man,20960
llama3.1-8b,llamascope-res-32k,This is a man,25073
llama3.1-8b,llamascope-res-32k,This is a man,27679
llama3.1-8b,llamascope-res-32k,This is a man,28437
llama3.1-8b,llamascope-res-32k,This is a man,29984
llama3.1-8b,llamascope-res-32k,This is a man,30822
llama3.1-8b,llamascope-res-32k,This is a man,6006
llama3.1-8b,llamascope-res-32k,This is a man,6718
llama3.1-8b,llamascope-res-32k,This is a man,This is a man
llama3.1-8b,llamascope-res-32k,This is a man,This is a man
llama3.1-8b,llamascope-res-32k,This is a man,15681
llama3.1-8b,llamascope-res-32k,This is a man,20960
llama3.1-8b,llamascope-res-32k,This is a man,25073
llama3.1-8b,llamascope-res-32k,This is a man,27679
llama3.1-8b,llamascope-res-32k,This is a man,28437
llama3.1-8b,llamascope-res-32k,This is a man,29984
llama3.1-8b,llamascope-res-32k,This is a man,30822
llama3.1-8b,llamascope-res-32k,This is a man,6006
llama3.1-8b,llamascope-res-32k,This is a man,6718
llama3.1-8b,llamascope-res-32k,This is a midwife,10087
llama3.1-8b,llamascope-res-32k,This is a midwife,10177
llama3.1-8b,llamascope-res-32k,This is a midwife,10917
llama3.1-8b,llamascope-res-32k,This is a midwife,11648
llama3.1-8b,llamascope-res-32k,This is a midwife,14898
llama3.1-8b,llamascope-res-32k,This is a midwife,23719
llama3.1-8b,llamascope-res-32k,This is a midwife,24780
llama3.1-8b,llamascope-res-32k,This is a midwife,29483
llama3.1-8b,llamascope-res-32k,This is a midwife,31052
llama3.1-8b,llamascope-res-32k,This is a midwife,31795
llama3.1-8b,llamascope-res-32k,This is a midwife,32329
llama3.1-8b,llamascope-res-32k,This is a midwife,32705
llama3.1-8b,llamascope-res-32k,This is a midwife,572
llama3.1-8b,llamascope-res-32k,This is a midwife,7778
llama3.1-8b,llamascope-res-32k,This is a midwife,This is a midwife
llama3.1-8b,llamascope-res-32k,This is a midwife,This is a midwife
llama3.1-8b,llamascope-res-32k,This is a midwife,10087
llama3.1-8b,llamascope-res-32k,This is a midwife,10177
llama3.1-8b,llamascope-res-32k,This is a midwife,10917
llama3.1-8b,llamascope-res-32k,This is a midwife,11648
llama3.1-8b,llamascope-res-32k,This is a midwife,14898
llama3.1-8b,llamascope-res-32k,This is a midwife,23719
llama3.1-8b,llamascope-res-32k,This is a midwife,24780
llama3.1-8b,llamascope-res-32k,This is a midwife,29483
llama3.1-8b,llamascope-res-32k,This is a midwife,31052
llama3.1-8b,llamascope-res-32k,This is a midwife,31795
llama3.1-8b,llamascope-res-32k,This is a midwife,32329
llama3.1-8b,llamascope-res-32k,This is a midwife,32705
llama3.1-8b,llamascope-res-32k,This is a midwife,572
llama3.1-8b,llamascope-res-32k,This is a midwife,7778
llama3.1-8b,llamascope-res-32k,This is a mosque,13009
llama3.1-8b,llamascope-res-32k,This is a mosque,13700
llama3.1-8b,llamascope-res-32k,This is a mosque,25218
llama3.1-8b,llamascope-res-32k,This is a mosque,26566
llama3.1-8b,llamascope-res-32k,This is a mosque,28942
llama3.1-8b,llamascope-res-32k,This is a mosque,494
llama3.1-8b,llamascope-res-32k,This is a mosque,7448
llama3.1-8b,llamascope-res-32k,This is a mosque,This is a mosque
llama3.1-8b,llamascope-res-32k,This is a mosque,This is a mosque
llama3.1-8b,llamascope-res-32k,This is a mosque,13009
llama3.1-8b,llamascope-res-32k,This is a mosque,13700
llama3.1-8b,llamascope-res-32k,This is a mosque,25218
llama3.1-8b,llamascope-res-32k,This is a mosque,26566
llama3.1-8b,llamascope-res-32k,This is a mosque,28942
llama3.1-8b,llamascope-res-32k,This is a mosque,494
llama3.1-8b,llamascope-res-32k,This is a mosque,7448
llama3.1-8b,llamascope-res-32k,This is a muslim,16929
llama3.1-8b,llamascope-res-32k,This is a muslim,20243
llama3.1-8b,llamascope-res-32k,This is a muslim,22024
llama3.1-8b,llamascope-res-32k,This is a muslim,2348
llama3.1-8b,llamascope-res-32k,This is a muslim,23587
llama3.1-8b,llamascope-res-32k,This is a muslim,25290
llama3.1-8b,llamascope-res-32k,This is a muslim,28669
llama3.1-8b,llamascope-res-32k,This is a muslim,32705
llama3.1-8b,llamascope-res-32k,This is a muslim,6925
llama3.1-8b,llamascope-res-32k,This is a muslim,This is a muslim
llama3.1-8b,llamascope-res-32k,This is a muslim,This is a muslim
llama3.1-8b,llamascope-res-32k,This is a muslim,16929
llama3.1-8b,llamascope-res-32k,This is a muslim,20243
llama3.1-8b,llamascope-res-32k,This is a muslim,22024
llama3.1-8b,llamascope-res-32k,This is a muslim,2348
llama3.1-8b,llamascope-res-32k,This is a muslim,23587
llama3.1-8b,llamascope-res-32k,This is a muslim,25290
llama3.1-8b,llamascope-res-32k,This is a muslim,28669
llama3.1-8b,llamascope-res-32k,This is a muslim,32705
llama3.1-8b,llamascope-res-32k,This is a muslim,6925
llama3.1-8b,llamascope-res-32k,This is a nurse,11954
llama3.1-8b,llamascope-res-32k,This is a nurse,13103
llama3.1-8b,llamascope-res-32k,This is a nurse,13515
llama3.1-8b,llamascope-res-32k,This is a nurse,14253
llama3.1-8b,llamascope-res-32k,This is a nurse,16966
llama3.1-8b,llamascope-res-32k,This is a nurse,17730
llama3.1-8b,llamascope-res-32k,This is a nurse,21070
llama3.1-8b,llamascope-res-32k,This is a nurse,22574
llama3.1-8b,llamascope-res-32k,This is a nurse,30287
llama3.1-8b,llamascope-res-32k,This is a nurse,31886
llama3.1-8b,llamascope-res-32k,This is a nurse,6036
llama3.1-8b,llamascope-res-32k,This is a nurse,6090
llama3.1-8b,llamascope-res-32k,This is a nurse,8926
llama3.1-8b,llamascope-res-32k,This is a nurse,9466
llama3.1-8b,llamascope-res-32k,This is a nurse,This is a nurse
llama3.1-8b,llamascope-res-32k,This is a nurse,This is a nurse
llama3.1-8b,llamascope-res-32k,This is a nurse,11954
llama3.1-8b,llamascope-res-32k,This is a nurse,13103
llama3.1-8b,llamascope-res-32k,This is a nurse,13515
llama3.1-8b,llamascope-res-32k,This is a nurse,14253
llama3.1-8b,llamascope-res-32k,This is a nurse,16966
llama3.1-8b,llamascope-res-32k,This is a nurse,17730
llama3.1-8b,llamascope-res-32k,This is a nurse,21070
llama3.1-8b,llamascope-res-32k,This is a nurse,22574
llama3.1-8b,llamascope-res-32k,This is a nurse,30287
llama3.1-8b,llamascope-res-32k,This is a nurse,31886
llama3.1-8b,llamascope-res-32k,This is a nurse,6036
llama3.1-8b,llamascope-res-32k,This is a nurse,6090
llama3.1-8b,llamascope-res-32k,This is a nurse,8926
llama3.1-8b,llamascope-res-32k,This is a nurse,9466
llama3.1-8b,llamascope-res-32k,This is a pope,11355
llama3.1-8b,llamascope-res-32k,This is a pope,11939
llama3.1-8b,llamascope-res-32k,This is a pope,13041
llama3.1-8b,llamascope-res-32k,This is a pope,18281
llama3.1-8b,llamascope-res-32k,This is a pope,20819
llama3.1-8b,llamascope-res-32k,This is a pope,21036
llama3.1-8b,llamascope-res-32k,This is a pope,26199
llama3.1-8b,llamascope-res-32k,This is a pope,30271
llama3.1-8b,llamascope-res-32k,This is a pope,31331
llama3.1-8b,llamascope-res-32k,This is a pope,4934
llama3.1-8b,llamascope-res-32k,This is a pope,This is a pope
llama3.1-8b,llamascope-res-32k,This is a pope,This is a pope
llama3.1-8b,llamascope-res-32k,This is a pope,11355
llama3.1-8b,llamascope-res-32k,This is a pope,11939
llama3.1-8b,llamascope-res-32k,This is a pope,13041
llama3.1-8b,llamascope-res-32k,This is a pope,18281
llama3.1-8b,llamascope-res-32k,This is a pope,20819
llama3.1-8b,llamascope-res-32k,This is a pope,21036
llama3.1-8b,llamascope-res-32k,This is a pope,26199
llama3.1-8b,llamascope-res-32k,This is a pope,30271
llama3.1-8b,llamascope-res-32k,This is a pope,31331
llama3.1-8b,llamascope-res-32k,This is a pope,4934
llama3.1-8b,llamascope-res-32k,This is a professor,19341
llama3.1-8b,llamascope-res-32k,This is a professor,24612
llama3.1-8b,llamascope-res-32k,This is a professor,24956
llama3.1-8b,llamascope-res-32k,This is a professor,26550
llama3.1-8b,llamascope-res-32k,This is a professor,28092
llama3.1-8b,llamascope-res-32k,This is a professor,28496
llama3.1-8b,llamascope-res-32k,This is a professor,3146
llama3.1-8b,llamascope-res-32k,This is a professor,31886
llama3.1-8b,llamascope-res-32k,This is a professor,5209
llama3.1-8b,llamascope-res-32k,This is a professor,7175
llama3.1-8b,llamascope-res-32k,This is a professor,718
llama3.1-8b,llamascope-res-32k,This is a professor,This is a professor
llama3.1-8b,llamascope-res-32k,This is a professor,This is a professor
llama3.1-8b,llamascope-res-32k,This is a professor,19341
llama3.1-8b,llamascope-res-32k,This is a professor,24612
llama3.1-8b,llamascope-res-32k,This is a professor,24956
llama3.1-8b,llamascope-res-32k,This is a professor,26550
llama3.1-8b,llamascope-res-32k,This is a professor,28092
llama3.1-8b,llamascope-res-32k,This is a professor,28496
llama3.1-8b,llamascope-res-32k,This is a professor,3146
llama3.1-8b,llamascope-res-32k,This is a professor,31886
llama3.1-8b,llamascope-res-32k,This is a professor,5209
llama3.1-8b,llamascope-res-32k,This is a professor,7175
llama3.1-8b,llamascope-res-32k,This is a professor,718
llama3.1-8b,llamascope-res-32k,This is a programmer,10494
llama3.1-8b,llamascope-res-32k,This is a programmer,11226
llama3.1-8b,llamascope-res-32k,This is a programmer,12064
llama3.1-8b,llamascope-res-32k,This is a programmer,12514
llama3.1-8b,llamascope-res-32k,This is a programmer,17541
llama3.1-8b,llamascope-res-32k,This is a programmer,19341
llama3.1-8b,llamascope-res-32k,This is a programmer,24227
llama3.1-8b,llamascope-res-32k,This is a programmer,31886
llama3.1-8b,llamascope-res-32k,This is a programmer,6173
llama3.1-8b,llamascope-res-32k,This is a programmer,6590
llama3.1-8b,llamascope-res-32k,This is a programmer,This is a programmer
llama3.1-8b,llamascope-res-32k,This is a programmer,This is a programmer
llama3.1-8b,llamascope-res-32k,This is a programmer,10494
llama3.1-8b,llamascope-res-32k,This is a programmer,11226
llama3.1-8b,llamascope-res-32k,This is a programmer,12064
llama3.1-8b,llamascope-res-32k,This is a programmer,12514
llama3.1-8b,llamascope-res-32k,This is a programmer,17541
llama3.1-8b,llamascope-res-32k,This is a programmer,19341
llama3.1-8b,llamascope-res-32k,This is a programmer,24227
llama3.1-8b,llamascope-res-32k,This is a programmer,31886
llama3.1-8b,llamascope-res-32k,This is a programmer,6173
llama3.1-8b,llamascope-res-32k,This is a programmer,6590
llama3.1-8b,llamascope-res-32k,This is a queen,10299
llama3.1-8b,llamascope-res-32k,This is a queen,12104
llama3.1-8b,llamascope-res-32k,This is a queen,1230
llama3.1-8b,llamascope-res-32k,This is a queen,1321
llama3.1-8b,llamascope-res-32k,This is a queen,16865
llama3.1-8b,llamascope-res-32k,This is a queen,20241
llama3.1-8b,llamascope-res-32k,This is a queen,21553
llama3.1-8b,llamascope-res-32k,This is a queen,22418
llama3.1-8b,llamascope-res-32k,This is a queen,30123
llama3.1-8b,llamascope-res-32k,This is a queen,31735
llama3.1-8b,llamascope-res-32k,This is a queen,32705
llama3.1-8b,llamascope-res-32k,This is a queen,4279
llama3.1-8b,llamascope-res-32k,This is a queen,5399
llama3.1-8b,llamascope-res-32k,This is a queen,9801
llama3.1-8b,llamascope-res-32k,This is a queen,This is a queen
llama3.1-8b,llamascope-res-32k,This is a queen,This is a queen
llama3.1-8b,llamascope-res-32k,This is a queen,10299
llama3.1-8b,llamascope-res-32k,This is a queen,12104
llama3.1-8b,llamascope-res-32k,This is a queen,1230
llama3.1-8b,llamascope-res-32k,This is a queen,1321
llama3.1-8b,llamascope-res-32k,This is a queen,16865
llama3.1-8b,llamascope-res-32k,This is a queen,20241
llama3.1-8b,llamascope-res-32k,This is a queen,21553
llama3.1-8b,llamascope-res-32k,This is a queen,22418
llama3.1-8b,llamascope-res-32k,This is a queen,30123
llama3.1-8b,llamascope-res-32k,This is a queen,31735
llama3.1-8b,llamascope-res-32k,This is a queen,32705
llama3.1-8b,llamascope-res-32k,This is a queen,4279
llama3.1-8b,llamascope-res-32k,This is a queen,5399
llama3.1-8b,llamascope-res-32k,This is a queen,9801
llama3.1-8b,llamascope-res-32k,This is a quran,11289
llama3.1-8b,llamascope-res-32k,This is a quran,11903
llama3.1-8b,llamascope-res-32k,This is a quran,1199
llama3.1-8b,llamascope-res-32k,This is a quran,15235
llama3.1-8b,llamascope-res-32k,This is a quran,19228
llama3.1-8b,llamascope-res-32k,This is a quran,20987
llama3.1-8b,llamascope-res-32k,This is a quran,21669
llama3.1-8b,llamascope-res-32k,This is a quran,27622
llama3.1-8b,llamascope-res-32k,This is a quran,32018
llama3.1-8b,llamascope-res-32k,This is a quran,32058
llama3.1-8b,llamascope-res-32k,This is a quran,32167
llama3.1-8b,llamascope-res-32k,This is a quran,5308
llama3.1-8b,llamascope-res-32k,This is a quran,7346
llama3.1-8b,llamascope-res-32k,This is a quran,9863
llama3.1-8b,llamascope-res-32k,This is a quran,This is a quran
llama3.1-8b,llamascope-res-32k,This is a quran,This is a quran
llama3.1-8b,llamascope-res-32k,This is a quran,11289
llama3.1-8b,llamascope-res-32k,This is a quran,11903
llama3.1-8b,llamascope-res-32k,This is a quran,1199
llama3.1-8b,llamascope-res-32k,This is a quran,15235
llama3.1-8b,llamascope-res-32k,This is a quran,19228
llama3.1-8b,llamascope-res-32k,This is a quran,20987
llama3.1-8b,llamascope-res-32k,This is a quran,21669
llama3.1-8b,llamascope-res-32k,This is a quran,27622
llama3.1-8b,llamascope-res-32k,This is a quran,32018
llama3.1-8b,llamascope-res-32k,This is a quran,32058
llama3.1-8b,llamascope-res-32k,This is a quran,32167
llama3.1-8b,llamascope-res-32k,This is a quran,5308
llama3.1-8b,llamascope-res-32k,This is a quran,7346
llama3.1-8b,llamascope-res-32k,This is a quran,9863
llama3.1-8b,llamascope-res-32k,This is a receptionist,11133
llama3.1-8b,llamascope-res-32k,This is a receptionist,12064
llama3.1-8b,llamascope-res-32k,This is a receptionist,17128
llama3.1-8b,llamascope-res-32k,This is a receptionist,22585
llama3.1-8b,llamascope-res-32k,This is a receptionist,3096
llama3.1-8b,llamascope-res-32k,This is a receptionist,32705
llama3.1-8b,llamascope-res-32k,This is a receptionist,6273
llama3.1-8b,llamascope-res-32k,This is a receptionist,This is a receptionist
llama3.1-8b,llamascope-res-32k,This is a receptionist,This is a receptionist
llama3.1-8b,llamascope-res-32k,This is a receptionist,11133
llama3.1-8b,llamascope-res-32k,This is a receptionist,12064
llama3.1-8b,llamascope-res-32k,This is a receptionist,17128
llama3.1-8b,llamascope-res-32k,This is a receptionist,22585
llama3.1-8b,llamascope-res-32k,This is a receptionist,3096
llama3.1-8b,llamascope-res-32k,This is a receptionist,32705
llama3.1-8b,llamascope-res-32k,This is a receptionist,6273
llama3.1-8b,llamascope-res-32k,This is a sacrament,1070
llama3.1-8b,llamascope-res-32k,This is a sacrament,12209
llama3.1-8b,llamascope-res-32k,This is a sacrament,17867
llama3.1-8b,llamascope-res-32k,This is a sacrament,18743
llama3.1-8b,llamascope-res-32k,This is a sacrament,18999
llama3.1-8b,llamascope-res-32k,This is a sacrament,24074
llama3.1-8b,llamascope-res-32k,This is a sacrament,27694
llama3.1-8b,llamascope-res-32k,This is a sacrament,28168
llama3.1-8b,llamascope-res-32k,This is a sacrament,28551
llama3.1-8b,llamascope-res-32k,This is a sacrament,29769
llama3.1-8b,llamascope-res-32k,This is a sacrament,This is a sacrament
llama3.1-8b,llamascope-res-32k,This is a sacrament,This is a sacrament
llama3.1-8b,llamascope-res-32k,This is a sacrament,1070
llama3.1-8b,llamascope-res-32k,This is a sacrament,12209
llama3.1-8b,llamascope-res-32k,This is a sacrament,17867
llama3.1-8b,llamascope-res-32k,This is a sacrament,18743
llama3.1-8b,llamascope-res-32k,This is a sacrament,18999
llama3.1-8b,llamascope-res-32k,This is a sacrament,24074
llama3.1-8b,llamascope-res-32k,This is a sacrament,27694
llama3.1-8b,llamascope-res-32k,This is a sacrament,28168
llama3.1-8b,llamascope-res-32k,This is a sacrament,28551
llama3.1-8b,llamascope-res-32k,This is a sacrament,29769
llama3.1-8b,llamascope-res-32k,This is a son,10304
llama3.1-8b,llamascope-res-32k,This is a son,13061
llama3.1-8b,llamascope-res-32k,This is a son,17848
llama3.1-8b,llamascope-res-32k,This is a son,20235
llama3.1-8b,llamascope-res-32k,This is a son,24002
llama3.1-8b,llamascope-res-32k,This is a son,24167
llama3.1-8b,llamascope-res-32k,This is a son,25647
llama3.1-8b,llamascope-res-32k,This is a son,25926
llama3.1-8b,llamascope-res-32k,This is a son,8820
llama3.1-8b,llamascope-res-32k,This is a son,This is a son
llama3.1-8b,llamascope-res-32k,This is a son,This is a son
llama3.1-8b,llamascope-res-32k,This is a son,10304
llama3.1-8b,llamascope-res-32k,This is a son,13061
llama3.1-8b,llamascope-res-32k,This is a son,17848
llama3.1-8b,llamascope-res-32k,This is a son,20235
llama3.1-8b,llamascope-res-32k,This is a son,24002
llama3.1-8b,llamascope-res-32k,This is a son,24167
llama3.1-8b,llamascope-res-32k,This is a son,25647
llama3.1-8b,llamascope-res-32k,This is a son,25926
llama3.1-8b,llamascope-res-32k,This is a son,8820
llama3.1-8b,llamascope-res-32k,This is a synagogue,11176
llama3.1-8b,llamascope-res-32k,This is a synagogue,13009
llama3.1-8b,llamascope-res-32k,This is a synagogue,14760
llama3.1-8b,llamascope-res-32k,This is a synagogue,15583
llama3.1-8b,llamascope-res-32k,This is a synagogue,18320
llama3.1-8b,llamascope-res-32k,This is a synagogue,19609
llama3.1-8b,llamascope-res-32k,This is a synagogue,24942
llama3.1-8b,llamascope-res-32k,This is a synagogue,29676
llama3.1-8b,llamascope-res-32k,This is a synagogue,29752
llama3.1-8b,llamascope-res-32k,This is a synagogue,31533
llama3.1-8b,llamascope-res-32k,This is a synagogue,3911
llama3.1-8b,llamascope-res-32k,This is a synagogue,7448
llama3.1-8b,llamascope-res-32k,This is a synagogue,This is a synagogue
llama3.1-8b,llamascope-res-32k,This is a synagogue,This is a synagogue
llama3.1-8b,llamascope-res-32k,This is a synagogue,11176
llama3.1-8b,llamascope-res-32k,This is a synagogue,13009
llama3.1-8b,llamascope-res-32k,This is a synagogue,14760
llama3.1-8b,llamascope-res-32k,This is a synagogue,15583
llama3.1-8b,llamascope-res-32k,This is a synagogue,18320
llama3.1-8b,llamascope-res-32k,This is a synagogue,19609
llama3.1-8b,llamascope-res-32k,This is a synagogue,24942
llama3.1-8b,llamascope-res-32k,This is a synagogue,29676
llama3.1-8b,llamascope-res-32k,This is a synagogue,29752
llama3.1-8b,llamascope-res-32k,This is a synagogue,31533
llama3.1-8b,llamascope-res-32k,This is a synagogue,3911
llama3.1-8b,llamascope-res-32k,This is a synagogue,7448
llama3.1-8b,llamascope-res-32k,This is a talmud,1112
llama3.1-8b,llamascope-res-32k,This is a talmud,12133
llama3.1-8b,llamascope-res-32k,This is a talmud,15496
llama3.1-8b,llamascope-res-32k,This is a talmud,1764
llama3.1-8b,llamascope-res-32k,This is a talmud,20290
llama3.1-8b,llamascope-res-32k,This is a talmud,20403
llama3.1-8b,llamascope-res-32k,This is a talmud,2055
llama3.1-8b,llamascope-res-32k,This is a talmud,27100
llama3.1-8b,llamascope-res-32k,This is a talmud,27199
llama3.1-8b,llamascope-res-32k,This is a talmud,27355
llama3.1-8b,llamascope-res-32k,This is a talmud,30413
llama3.1-8b,llamascope-res-32k,This is a talmud,32347
llama3.1-8b,llamascope-res-32k,This is a talmud,3326
llama3.1-8b,llamascope-res-32k,This is a talmud,577
llama3.1-8b,llamascope-res-32k,This is a talmud,9744
llama3.1-8b,llamascope-res-32k,This is a talmud,This is a talmud
llama3.1-8b,llamascope-res-32k,This is a talmud,This is a talmud
llama3.1-8b,llamascope-res-32k,This is a talmud,1112
llama3.1-8b,llamascope-res-32k,This is a talmud,12133
llama3.1-8b,llamascope-res-32k,This is a talmud,15496
llama3.1-8b,llamascope-res-32k,This is a talmud,1764
llama3.1-8b,llamascope-res-32k,This is a talmud,20290
llama3.1-8b,llamascope-res-32k,This is a talmud,20403
llama3.1-8b,llamascope-res-32k,This is a talmud,2055
llama3.1-8b,llamascope-res-32k,This is a talmud,27100
llama3.1-8b,llamascope-res-32k,This is a talmud,27199
llama3.1-8b,llamascope-res-32k,This is a talmud,27355
llama3.1-8b,llamascope-res-32k,This is a talmud,30413
llama3.1-8b,llamascope-res-32k,This is a talmud,32347
llama3.1-8b,llamascope-res-32k,This is a talmud,3326
llama3.1-8b,llamascope-res-32k,This is a talmud,577
llama3.1-8b,llamascope-res-32k,This is a talmud,9744
llama3.1-8b,llamascope-res-32k,This is a temple,11108
llama3.1-8b,llamascope-res-32k,This is a temple,13215
llama3.1-8b,llamascope-res-32k,This is a temple,19609
llama3.1-8b,llamascope-res-32k,This is a temple,20876
llama3.1-8b,llamascope-res-32k,This is a temple,25218
llama3.1-8b,llamascope-res-32k,This is a temple,25256
llama3.1-8b,llamascope-res-32k,This is a temple,4605
llama3.1-8b,llamascope-res-32k,This is a temple,494
llama3.1-8b,llamascope-res-32k,This is a temple,745
llama3.1-8b,llamascope-res-32k,This is a temple,This is a temple
llama3.1-8b,llamascope-res-32k,This is a temple,This is a temple
llama3.1-8b,llamascope-res-32k,This is a temple,11108
llama3.1-8b,llamascope-res-32k,This is a temple,13215
llama3.1-8b,llamascope-res-32k,This is a temple,19609
llama3.1-8b,llamascope-res-32k,This is a temple,20876
llama3.1-8b,llamascope-res-32k,This is a temple,25218
llama3.1-8b,llamascope-res-32k,This is a temple,25256
llama3.1-8b,llamascope-res-32k,This is a temple,4605
llama3.1-8b,llamascope-res-32k,This is a temple,494
llama3.1-8b,llamascope-res-32k,This is a temple,745
llama3.1-8b,llamascope-res-32k,This is a terrorist,12064
llama3.1-8b,llamascope-res-32k,This is a terrorist,16638
llama3.1-8b,llamascope-res-32k,This is a terrorist,22247
llama3.1-8b,llamascope-res-32k,This is a terrorist,24789
llama3.1-8b,llamascope-res-32k,This is a terrorist,25071
llama3.1-8b,llamascope-res-32k,This is a terrorist,27873
llama3.1-8b,llamascope-res-32k,This is a terrorist,29434
llama3.1-8b,llamascope-res-32k,This is a terrorist,31886
llama3.1-8b,llamascope-res-32k,This is a terrorist,32001
llama3.1-8b,llamascope-res-32k,This is a terrorist,6312
llama3.1-8b,llamascope-res-32k,This is a terrorist,This is a terrorist
llama3.1-8b,llamascope-res-32k,This is a terrorist,This is a terrorist
llama3.1-8b,llamascope-res-32k,This is a terrorist,12064
llama3.1-8b,llamascope-res-32k,This is a terrorist,16638
llama3.1-8b,llamascope-res-32k,This is a terrorist,22247
llama3.1-8b,llamascope-res-32k,This is a terrorist,24789
llama3.1-8b,llamascope-res-32k,This is a terrorist,25071
llama3.1-8b,llamascope-res-32k,This is a terrorist,27873
llama3.1-8b,llamascope-res-32k,This is a terrorist,29434
llama3.1-8b,llamascope-res-32k,This is a terrorist,31886
llama3.1-8b,llamascope-res-32k,This is a terrorist,32001
llama3.1-8b,llamascope-res-32k,This is a terrorist,6312
llama3.1-8b,llamascope-res-32k,This is a torah,10021
llama3.1-8b,llamascope-res-32k,This is a torah,10304
llama3.1-8b,llamascope-res-32k,This is a torah,11268
llama3.1-8b,llamascope-res-32k,This is a torah,1132
llama3.1-8b,llamascope-res-32k,This is a torah,12048
llama3.1-8b,llamascope-res-32k,This is a torah,1364
llama3.1-8b,llamascope-res-32k,This is a torah,14904
llama3.1-8b,llamascope-res-32k,This is a torah,2041
llama3.1-8b,llamascope-res-32k,This is a torah,29343
llama3.1-8b,llamascope-res-32k,This is a torah,30003
llama3.1-8b,llamascope-res-32k,This is a torah,30849
llama3.1-8b,llamascope-res-32k,This is a torah,31318
llama3.1-8b,llamascope-res-32k,This is a torah,This is a torah
llama3.1-8b,llamascope-res-32k,This is a torah,This is a torah
llama3.1-8b,llamascope-res-32k,This is a torah,10021
llama3.1-8b,llamascope-res-32k,This is a torah,10304
llama3.1-8b,llamascope-res-32k,This is a torah,11268
llama3.1-8b,llamascope-res-32k,This is a torah,1132
llama3.1-8b,llamascope-res-32k,This is a torah,12048
llama3.1-8b,llamascope-res-32k,This is a torah,1364
llama3.1-8b,llamascope-res-32k,This is a torah,14904
llama3.1-8b,llamascope-res-32k,This is a torah,2041
llama3.1-8b,llamascope-res-32k,This is a torah,29343
llama3.1-8b,llamascope-res-32k,This is a torah,30003
llama3.1-8b,llamascope-res-32k,This is a torah,30849
llama3.1-8b,llamascope-res-32k,This is a torah,31318
llama3.1-8b,llamascope-res-32k,This is a victim,12648
llama3.1-8b,llamascope-res-32k,This is a victim,18701
llama3.1-8b,llamascope-res-32k,This is a victim,19325
llama3.1-8b,llamascope-res-32k,This is a victim,23320
llama3.1-8b,llamascope-res-32k,This is a victim,27048
llama3.1-8b,llamascope-res-32k,This is a victim,28950
llama3.1-8b,llamascope-res-32k,This is a victim,30911
llama3.1-8b,llamascope-res-32k,This is a victim,31799
llama3.1-8b,llamascope-res-32k,This is a victim,4992
llama3.1-8b,llamascope-res-32k,This is a victim,5552
llama3.1-8b,llamascope-res-32k,This is a victim,5798
llama3.1-8b,llamascope-res-32k,This is a victim,6415
llama3.1-8b,llamascope-res-32k,This is a victim,This is a victim
llama3.1-8b,llamascope-res-32k,This is a victim,This is a victim
llama3.1-8b,llamascope-res-32k,This is a victim,12648
llama3.1-8b,llamascope-res-32k,This is a victim,18701
llama3.1-8b,llamascope-res-32k,This is a victim,19325
llama3.1-8b,llamascope-res-32k,This is a victim,23320
llama3.1-8b,llamascope-res-32k,This is a victim,27048
llama3.1-8b,llamascope-res-32k,This is a victim,28950
llama3.1-8b,llamascope-res-32k,This is a victim,30911
llama3.1-8b,llamascope-res-32k,This is a victim,31799
llama3.1-8b,llamascope-res-32k,This is a victim,4992
llama3.1-8b,llamascope-res-32k,This is a victim,5552
llama3.1-8b,llamascope-res-32k,This is a victim,5798
llama3.1-8b,llamascope-res-32k,This is a victim,6415
llama3.1-8b,llamascope-res-32k,This is a wife,10793
llama3.1-8b,llamascope-res-32k,This is a wife,15811
llama3.1-8b,llamascope-res-32k,This is a wife,21334
llama3.1-8b,llamascope-res-32k,This is a wife,22802
llama3.1-8b,llamascope-res-32k,This is a wife,26845
llama3.1-8b,llamascope-res-32k,This is a wife,28907
llama3.1-8b,llamascope-res-32k,This is a wife,31886
llama3.1-8b,llamascope-res-32k,This is a wife,3590
llama3.1-8b,llamascope-res-32k,This is a wife,This is a wife
llama3.1-8b,llamascope-res-32k,This is a wife,This is a wife
llama3.1-8b,llamascope-res-32k,This is a wife,10793
llama3.1-8b,llamascope-res-32k,This is a wife,15811
llama3.1-8b,llamascope-res-32k,This is a wife,21334
llama3.1-8b,llamascope-res-32k,This is a wife,22802
llama3.1-8b,llamascope-res-32k,This is a wife,26845
llama3.1-8b,llamascope-res-32k,This is a wife,28907
llama3.1-8b,llamascope-res-32k,This is a wife,31886
llama3.1-8b,llamascope-res-32k,This is a wife,3590
llama3.1-8b,llamascope-res-32k,This is a woman,20960
llama3.1-8b,llamascope-res-32k,This is a woman,28740
llama3.1-8b,llamascope-res-32k,This is a woman,9560
llama3.1-8b,llamascope-res-32k,This is a woman,This is a woman
llama3.1-8b,llamascope-res-32k,This is a woman,This is a woman
llama3.1-8b,llamascope-res-32k,This is a woman,20960
llama3.1-8b,llamascope-res-32k,This is a woman,28740
llama3.1-8b,llamascope-res-32k,This is a woman,9560
llama3.1-8b,llamascope-res-32k,This is allah,10005
llama3.1-8b,llamascope-res-32k,This is allah,14245
llama3.1-8b,llamascope-res-32k,This is allah,15918
llama3.1-8b,llamascope-res-32k,This is allah,18701
llama3.1-8b,llamascope-res-32k,This is allah,20756
llama3.1-8b,llamascope-res-32k,This is allah,20881
llama3.1-8b,llamascope-res-32k,This is allah,27588
llama3.1-8b,llamascope-res-32k,This is allah,29374
llama3.1-8b,llamascope-res-32k,This is allah,375
llama3.1-8b,llamascope-res-32k,This is allah,7900
llama3.1-8b,llamascope-res-32k,This is allah,8349
llama3.1-8b,llamascope-res-32k,This is allah,9714
llama3.1-8b,llamascope-res-32k,This is allah,This is allah
llama3.1-8b,llamascope-res-32k,This is allah,This is allah
llama3.1-8b,llamascope-res-32k,This is allah,10005
llama3.1-8b,llamascope-res-32k,This is allah,14245
llama3.1-8b,llamascope-res-32k,This is allah,15918
llama3.1-8b,llamascope-res-32k,This is allah,18701
llama3.1-8b,llamascope-res-32k,This is allah,20756
llama3.1-8b,llamascope-res-32k,This is allah,20881
llama3.1-8b,llamascope-res-32k,This is allah,27588
llama3.1-8b,llamascope-res-32k,This is allah,29374
llama3.1-8b,llamascope-res-32k,This is allah,375
llama3.1-8b,llamascope-res-32k,This is allah,7900
llama3.1-8b,llamascope-res-32k,This is allah,8349
llama3.1-8b,llamascope-res-32k,This is allah,9714
llama3.1-8b,llamascope-res-32k,This is an assistant,11166
llama3.1-8b,llamascope-res-32k,This is an assistant,17336
llama3.1-8b,llamascope-res-32k,This is an assistant,17700
llama3.1-8b,llamascope-res-32k,This is an assistant,18976
llama3.1-8b,llamascope-res-32k,This is an assistant,21126
llama3.1-8b,llamascope-res-32k,This is an assistant,21920
llama3.1-8b,llamascope-res-32k,This is an assistant,26396
llama3.1-8b,llamascope-res-32k,This is an assistant,4934
llama3.1-8b,llamascope-res-32k,This is an assistant,9032
llama3.1-8b,llamascope-res-32k,This is an assistant,9550
llama3.1-8b,llamascope-res-32k,This is an assistant,This is an assistant
llama3.1-8b,llamascope-res-32k,This is an assistant,This is an assistant
llama3.1-8b,llamascope-res-32k,This is an assistant,11166
llama3.1-8b,llamascope-res-32k,This is an assistant,17336
llama3.1-8b,llamascope-res-32k,This is an assistant,17700
llama3.1-8b,llamascope-res-32k,This is an assistant,18976
llama3.1-8b,llamascope-res-32k,This is an assistant,21126
llama3.1-8b,llamascope-res-32k,This is an assistant,21920
llama3.1-8b,llamascope-res-32k,This is an assistant,26396
llama3.1-8b,llamascope-res-32k,This is an assistant,4934
llama3.1-8b,llamascope-res-32k,This is an assistant,9032
llama3.1-8b,llamascope-res-32k,This is an assistant,9550
llama3.1-8b,llamascope-res-32k,This is an attack,10999
llama3.1-8b,llamascope-res-32k,This is an attack,12635
llama3.1-8b,llamascope-res-32k,This is an attack,12648
llama3.1-8b,llamascope-res-32k,This is an attack,18701
llama3.1-8b,llamascope-res-32k,This is an attack,19325
llama3.1-8b,llamascope-res-32k,This is an attack,23320
llama3.1-8b,llamascope-res-32k,This is an attack,24806
llama3.1-8b,llamascope-res-32k,This is an attack,27048
llama3.1-8b,llamascope-res-32k,This is an attack,2804
llama3.1-8b,llamascope-res-32k,This is an attack,30911
llama3.1-8b,llamascope-res-32k,This is an attack,4992
llama3.1-8b,llamascope-res-32k,This is an attack,5798
llama3.1-8b,llamascope-res-32k,This is an attack,6154
llama3.1-8b,llamascope-res-32k,This is an attack,This is an attack
llama3.1-8b,llamascope-res-32k,This is an attack,This is an attack
llama3.1-8b,llamascope-res-32k,This is an attack,10999
llama3.1-8b,llamascope-res-32k,This is an attack,12635
llama3.1-8b,llamascope-res-32k,This is an attack,12648
llama3.1-8b,llamascope-res-32k,This is an attack,18701
llama3.1-8b,llamascope-res-32k,This is an attack,19325
llama3.1-8b,llamascope-res-32k,This is an attack,23320
llama3.1-8b,llamascope-res-32k,This is an attack,24806
llama3.1-8b,llamascope-res-32k,This is an attack,27048
llama3.1-8b,llamascope-res-32k,This is an attack,2804
llama3.1-8b,llamascope-res-32k,This is an attack,30911
llama3.1-8b,llamascope-res-32k,This is an attack,4992
llama3.1-8b,llamascope-res-32k,This is an attack,5798
llama3.1-8b,llamascope-res-32k,This is an attack,6154
llama3.1-8b,llamascope-res-32k,This is an engineer,11297
llama3.1-8b,llamascope-res-32k,This is an engineer,11546
llama3.1-8b,llamascope-res-32k,This is an engineer,12064
llama3.1-8b,llamascope-res-32k,This is an engineer,19341
llama3.1-8b,llamascope-res-32k,This is an engineer,22000
llama3.1-8b,llamascope-res-32k,This is an engineer,24227
llama3.1-8b,llamascope-res-32k,This is an engineer,24250
llama3.1-8b,llamascope-res-32k,This is an engineer,26996
llama3.1-8b,llamascope-res-32k,This is an engineer,31433
llama3.1-8b,llamascope-res-32k,This is an engineer,31886
llama3.1-8b,llamascope-res-32k,This is an engineer,7396
llama3.1-8b,llamascope-res-32k,This is an engineer,This is an engineer
llama3.1-8b,llamascope-res-32k,This is an engineer,This is an engineer
llama3.1-8b,llamascope-res-32k,This is an engineer,11297
llama3.1-8b,llamascope-res-32k,This is an engineer,11546
llama3.1-8b,llamascope-res-32k,This is an engineer,12064
llama3.1-8b,llamascope-res-32k,This is an engineer,19341
llama3.1-8b,llamascope-res-32k,This is an engineer,22000
llama3.1-8b,llamascope-res-32k,This is an engineer,24227
llama3.1-8b,llamascope-res-32k,This is an engineer,24250
llama3.1-8b,llamascope-res-32k,This is an engineer,26996
llama3.1-8b,llamascope-res-32k,This is an engineer,31433
llama3.1-8b,llamascope-res-32k,This is an engineer,31886
llama3.1-8b,llamascope-res-32k,This is an engineer,7396
llama3.1-8b,llamascope-res-32k,This is christianity,1558
llama3.1-8b,llamascope-res-32k,This is christianity,17574
llama3.1-8b,llamascope-res-32k,This is christianity,18379
llama3.1-8b,llamascope-res-32k,This is christianity,19642
llama3.1-8b,llamascope-res-32k,This is christianity,24438
llama3.1-8b,llamascope-res-32k,This is christianity,29011
llama3.1-8b,llamascope-res-32k,This is christianity,76
llama3.1-8b,llamascope-res-32k,This is christianity,This is christianity
llama3.1-8b,llamascope-res-32k,This is christianity,This is christianity
llama3.1-8b,llamascope-res-32k,This is christianity,1558
llama3.1-8b,llamascope-res-32k,This is christianity,17574
llama3.1-8b,llamascope-res-32k,This is christianity,18379
llama3.1-8b,llamascope-res-32k,This is christianity,19642
llama3.1-8b,llamascope-res-32k,This is christianity,24438
llama3.1-8b,llamascope-res-32k,This is christianity,29011
llama3.1-8b,llamascope-res-32k,This is christianity,76
llama3.1-8b,llamascope-res-32k,This is cocaine,18780
llama3.1-8b,llamascope-res-32k,This is cocaine,20408
llama3.1-8b,llamascope-res-32k,This is cocaine,20429
llama3.1-8b,llamascope-res-32k,This is cocaine,23925
llama3.1-8b,llamascope-res-32k,This is cocaine,29651
llama3.1-8b,llamascope-res-32k,This is cocaine,29716
llama3.1-8b,llamascope-res-32k,This is cocaine,32232
llama3.1-8b,llamascope-res-32k,This is cocaine,4742
llama3.1-8b,llamascope-res-32k,This is cocaine,8863
llama3.1-8b,llamascope-res-32k,This is cocaine,This is cocaine
llama3.1-8b,llamascope-res-32k,This is cocaine,This is cocaine
llama3.1-8b,llamascope-res-32k,This is cocaine,18780
llama3.1-8b,llamascope-res-32k,This is cocaine,20408
llama3.1-8b,llamascope-res-32k,This is cocaine,20429
llama3.1-8b,llamascope-res-32k,This is cocaine,23925
llama3.1-8b,llamascope-res-32k,This is cocaine,29651
llama3.1-8b,llamascope-res-32k,This is cocaine,29716
llama3.1-8b,llamascope-res-32k,This is cocaine,32232
llama3.1-8b,llamascope-res-32k,This is cocaine,4742
llama3.1-8b,llamascope-res-32k,This is cocaine,8863
llama3.1-8b,llamascope-res-32k,this is female,12831
llama3.1-8b,llamascope-res-32k,this is female,15051
llama3.1-8b,llamascope-res-32k,this is female,28903
llama3.1-8b,llamascope-res-32k,this is female,30186
llama3.1-8b,llamascope-res-32k,this is female,6476
llama3.1-8b,llamascope-res-32k,this is female,7580
llama3.1-8b,llamascope-res-32k,this is female,9599
llama3.1-8b,llamascope-res-32k,this is female,this is female
llama3.1-8b,llamascope-res-32k,this is female,this is female
llama3.1-8b,llamascope-res-32k,this is female,12831
llama3.1-8b,llamascope-res-32k,this is female,15051
llama3.1-8b,llamascope-res-32k,this is female,28903
llama3.1-8b,llamascope-res-32k,this is female,30186
llama3.1-8b,llamascope-res-32k,this is female,6476
llama3.1-8b,llamascope-res-32k,this is female,7580
llama3.1-8b,llamascope-res-32k,this is female,9599
llama3.1-8b,llamascope-res-32k,This is halal,10282
llama3.1-8b,llamascope-res-32k,This is halal,10304
llama3.1-8b,llamascope-res-32k,This is halal,2132
llama3.1-8b,llamascope-res-32k,This is halal,22714
llama3.1-8b,llamascope-res-32k,This is halal,23454
llama3.1-8b,llamascope-res-32k,This is halal,24643
llama3.1-8b,llamascope-res-32k,This is halal,30054
llama3.1-8b,llamascope-res-32k,This is halal,31698
llama3.1-8b,llamascope-res-32k,This is halal,4248
llama3.1-8b,llamascope-res-32k,This is halal,5508
llama3.1-8b,llamascope-res-32k,This is halal,5553
llama3.1-8b,llamascope-res-32k,This is halal,8221
llama3.1-8b,llamascope-res-32k,This is halal,This is halal
llama3.1-8b,llamascope-res-32k,This is halal,This is halal
llama3.1-8b,llamascope-res-32k,This is halal,10282
llama3.1-8b,llamascope-res-32k,This is halal,10304
llama3.1-8b,llamascope-res-32k,This is halal,2132
llama3.1-8b,llamascope-res-32k,This is halal,22714
llama3.1-8b,llamascope-res-32k,This is halal,23454
llama3.1-8b,llamascope-res-32k,This is halal,24643
llama3.1-8b,llamascope-res-32k,This is halal,30054
llama3.1-8b,llamascope-res-32k,This is halal,31698
llama3.1-8b,llamascope-res-32k,This is halal,4248
llama3.1-8b,llamascope-res-32k,This is halal,5508
llama3.1-8b,llamascope-res-32k,This is halal,5553
llama3.1-8b,llamascope-res-32k,This is halal,8221
llama3.1-8b,llamascope-res-32k,This is he,10576
llama3.1-8b,llamascope-res-32k,This is he,13763
llama3.1-8b,llamascope-res-32k,This is he,1487
llama3.1-8b,llamascope-res-32k,This is he,15268
llama3.1-8b,llamascope-res-32k,This is he,19758
llama3.1-8b,llamascope-res-32k,This is he,27863
llama3.1-8b,llamascope-res-32k,This is he,28094
llama3.1-8b,llamascope-res-32k,This is he,4644
llama3.1-8b,llamascope-res-32k,This is he,4997
llama3.1-8b,llamascope-res-32k,This is he,9320
llama3.1-8b,llamascope-res-32k,This is he,This is he
llama3.1-8b,llamascope-res-32k,This is he,This is he
llama3.1-8b,llamascope-res-32k,This is he,10576
llama3.1-8b,llamascope-res-32k,This is he,13763
llama3.1-8b,llamascope-res-32k,This is he,1487
llama3.1-8b,llamascope-res-32k,This is he,15268
llama3.1-8b,llamascope-res-32k,This is he,19758
llama3.1-8b,llamascope-res-32k,This is he,27863
llama3.1-8b,llamascope-res-32k,This is he,28094
llama3.1-8b,llamascope-res-32k,This is he,4644
llama3.1-8b,llamascope-res-32k,This is he,4997
llama3.1-8b,llamascope-res-32k,This is he,9320
llama3.1-8b,llamascope-res-32k,This is islam,12191
llama3.1-8b,llamascope-res-32k,This is islam,18701
llama3.1-8b,llamascope-res-32k,This is islam,26551
llama3.1-8b,llamascope-res-32k,This is islam,28356
llama3.1-8b,llamascope-res-32k,This is islam,5798
llama3.1-8b,llamascope-res-32k,This is islam,This is islam
llama3.1-8b,llamascope-res-32k,This is islam,This is islam
llama3.1-8b,llamascope-res-32k,This is islam,12191
llama3.1-8b,llamascope-res-32k,This is islam,18701
llama3.1-8b,llamascope-res-32k,This is islam,26551
llama3.1-8b,llamascope-res-32k,This is islam,28356
llama3.1-8b,llamascope-res-32k,This is islam,5798
llama3.1-8b,llamascope-res-32k,This is jesus,12821
llama3.1-8b,llamascope-res-32k,This is jesus,13342
llama3.1-8b,llamascope-res-32k,This is jesus,14202
llama3.1-8b,llamascope-res-32k,This is jesus,14481
llama3.1-8b,llamascope-res-32k,This is jesus,18991
llama3.1-8b,llamascope-res-32k,This is jesus,19569
llama3.1-8b,llamascope-res-32k,This is jesus,24098
llama3.1-8b,llamascope-res-32k,This is jesus,24651
llama3.1-8b,llamascope-res-32k,This is jesus,29084
llama3.1-8b,llamascope-res-32k,This is jesus,29426
llama3.1-8b,llamascope-res-32k,This is jesus,31614
llama3.1-8b,llamascope-res-32k,This is jesus,36
llama3.1-8b,llamascope-res-32k,This is jesus,7316
llama3.1-8b,llamascope-res-32k,This is jesus,8126
llama3.1-8b,llamascope-res-32k,This is jesus,This is jesus
llama3.1-8b,llamascope-res-32k,This is jesus,This is jesus
llama3.1-8b,llamascope-res-32k,This is jesus,12821
llama3.1-8b,llamascope-res-32k,This is jesus,13342
llama3.1-8b,llamascope-res-32k,This is jesus,14202
llama3.1-8b,llamascope-res-32k,This is jesus,14481
llama3.1-8b,llamascope-res-32k,This is jesus,18991
llama3.1-8b,llamascope-res-32k,This is jesus,19569
llama3.1-8b,llamascope-res-32k,This is jesus,24098
llama3.1-8b,llamascope-res-32k,This is jesus,24651
llama3.1-8b,llamascope-res-32k,This is jesus,29084
llama3.1-8b,llamascope-res-32k,This is jesus,29426
llama3.1-8b,llamascope-res-32k,This is jesus,31614
llama3.1-8b,llamascope-res-32k,This is jesus,36
llama3.1-8b,llamascope-res-32k,This is jesus,7316
llama3.1-8b,llamascope-res-32k,This is jesus,8126
llama3.1-8b,llamascope-res-32k,This is judaism,10513
llama3.1-8b,llamascope-res-32k,This is judaism,1369
llama3.1-8b,llamascope-res-32k,This is judaism,17973
llama3.1-8b,llamascope-res-32k,This is judaism,22986
llama3.1-8b,llamascope-res-32k,This is judaism,256
llama3.1-8b,llamascope-res-32k,This is judaism,25822
llama3.1-8b,llamascope-res-32k,This is judaism,25998
llama3.1-8b,llamascope-res-32k,This is judaism,5715
llama3.1-8b,llamascope-res-32k,This is judaism,6805
llama3.1-8b,llamascope-res-32k,This is judaism,This is judaism
llama3.1-8b,llamascope-res-32k,This is judaism,This is judaism
llama3.1-8b,llamascope-res-32k,This is judaism,10513
llama3.1-8b,llamascope-res-32k,This is judaism,1369
llama3.1-8b,llamascope-res-32k,This is judaism,17973
llama3.1-8b,llamascope-res-32k,This is judaism,22986
llama3.1-8b,llamascope-res-32k,This is judaism,256
llama3.1-8b,llamascope-res-32k,This is judaism,25822
llama3.1-8b,llamascope-res-32k,This is judaism,25998
llama3.1-8b,llamascope-res-32k,This is judaism,5715
llama3.1-8b,llamascope-res-32k,This is judaism,6805
llama3.1-8b,llamascope-res-32k,This is kosher,1589
llama3.1-8b,llamascope-res-32k,This is kosher,16615
llama3.1-8b,llamascope-res-32k,This is kosher,18234
llama3.1-8b,llamascope-res-32k,This is kosher,29676
llama3.1-8b,llamascope-res-32k,This is kosher,31533
llama3.1-8b,llamascope-res-32k,This is kosher,6045
llama3.1-8b,llamascope-res-32k,This is kosher,This is kosher
llama3.1-8b,llamascope-res-32k,This is kosher,This is kosher
llama3.1-8b,llamascope-res-32k,This is kosher,1589
llama3.1-8b,llamascope-res-32k,This is kosher,16615
llama3.1-8b,llamascope-res-32k,This is kosher,18234
llama3.1-8b,llamascope-res-32k,This is kosher,29676
llama3.1-8b,llamascope-res-32k,This is kosher,31533
llama3.1-8b,llamascope-res-32k,This is kosher,6045
llama3.1-8b,llamascope-res-32k,This is mecca,11865
llama3.1-8b,llamascope-res-32k,This is mecca,19584
llama3.1-8b,llamascope-res-32k,This is mecca,23771
llama3.1-8b,llamascope-res-32k,This is mecca,29910
llama3.1-8b,llamascope-res-32k,This is mecca,4426
llama3.1-8b,llamascope-res-32k,This is mecca,5717
llama3.1-8b,llamascope-res-32k,This is mecca,7277
llama3.1-8b,llamascope-res-32k,This is mecca,This is mecca
llama3.1-8b,llamascope-res-32k,This is mecca,This is mecca
llama3.1-8b,llamascope-res-32k,This is mecca,11865
llama3.1-8b,llamascope-res-32k,This is mecca,19584
llama3.1-8b,llamascope-res-32k,This is mecca,23771
llama3.1-8b,llamascope-res-32k,This is mecca,29910
llama3.1-8b,llamascope-res-32k,This is mecca,4426
llama3.1-8b,llamascope-res-32k,This is mecca,5717
llama3.1-8b,llamascope-res-32k,This is mecca,7277
llama3.1-8b,llamascope-res-32k,This is money,12648
llama3.1-8b,llamascope-res-32k,This is money,18701
llama3.1-8b,llamascope-res-32k,This is money,19325
llama3.1-8b,llamascope-res-32k,This is money,2166
llama3.1-8b,llamascope-res-32k,This is money,23320
llama3.1-8b,llamascope-res-32k,This is money,27048
llama3.1-8b,llamascope-res-32k,This is money,30911
llama3.1-8b,llamascope-res-32k,This is money,32264
llama3.1-8b,llamascope-res-32k,This is money,32529
llama3.1-8b,llamascope-res-32k,This is money,4992
llama3.1-8b,llamascope-res-32k,This is money,5798
llama3.1-8b,llamascope-res-32k,This is money,6154
llama3.1-8b,llamascope-res-32k,This is money,8932
llama3.1-8b,llamascope-res-32k,This is money,This is money
llama3.1-8b,llamascope-res-32k,This is money,This is money
llama3.1-8b,llamascope-res-32k,This is money,12648
llama3.1-8b,llamascope-res-32k,This is money,18701
llama3.1-8b,llamascope-res-32k,This is money,19325
llama3.1-8b,llamascope-res-32k,This is money,2166
llama3.1-8b,llamascope-res-32k,This is money,23320
llama3.1-8b,llamascope-res-32k,This is money,27048
llama3.1-8b,llamascope-res-32k,This is money,30911
llama3.1-8b,llamascope-res-32k,This is money,32264
llama3.1-8b,llamascope-res-32k,This is money,32529
llama3.1-8b,llamascope-res-32k,This is money,4992
llama3.1-8b,llamascope-res-32k,This is money,5798
llama3.1-8b,llamascope-res-32k,This is money,6154
llama3.1-8b,llamascope-res-32k,This is money,8932
llama3.1-8b,llamascope-res-32k,This is naive,12648
llama3.1-8b,llamascope-res-32k,This is naive,18701
llama3.1-8b,llamascope-res-32k,This is naive,19325
llama3.1-8b,llamascope-res-32k,This is naive,23320
llama3.1-8b,llamascope-res-32k,This is naive,27048
llama3.1-8b,llamascope-res-32k,This is naive,30911
llama3.1-8b,llamascope-res-32k,This is naive,32705
llama3.1-8b,llamascope-res-32k,This is naive,4992
llama3.1-8b,llamascope-res-32k,This is naive,5798
llama3.1-8b,llamascope-res-32k,This is naive,6154
llama3.1-8b,llamascope-res-32k,This is naive,This is naive
llama3.1-8b,llamascope-res-32k,This is naive,This is naive
llama3.1-8b,llamascope-res-32k,This is naive,12648
llama3.1-8b,llamascope-res-32k,This is naive,18701
llama3.1-8b,llamascope-res-32k,This is naive,19325
llama3.1-8b,llamascope-res-32k,This is naive,23320
llama3.1-8b,llamascope-res-32k,This is naive,27048
llama3.1-8b,llamascope-res-32k,This is naive,30911
llama3.1-8b,llamascope-res-32k,This is naive,32705
llama3.1-8b,llamascope-res-32k,This is naive,4992
llama3.1-8b,llamascope-res-32k,This is naive,5798
llama3.1-8b,llamascope-res-32k,This is naive,6154
llama3.1-8b,llamascope-res-32k,This is naiveThis is money,26085
llama3.1-8b,llamascope-res-32k,This is naiveThis is money,6768
llama3.1-8b,llamascope-res-32k,This is naiveThis is money,9466
llama3.1-8b,llamascope-res-32k,This is naiveThis is money,This is naiveThis is money
llama3.1-8b,llamascope-res-32k,This is naiveThis is money,This is naiveThis is money
llama3.1-8b,llamascope-res-32k,This is naiveThis is money,26085
llama3.1-8b,llamascope-res-32k,This is naiveThis is money,6768
llama3.1-8b,llamascope-res-32k,This is naiveThis is money,9466
llama3.1-8b,llamascope-res-32k,this is nose,12658
llama3.1-8b,llamascope-res-32k,this is nose,18305
llama3.1-8b,llamascope-res-32k,this is nose,19945
llama3.1-8b,llamascope-res-32k,this is nose,24019
llama3.1-8b,llamascope-res-32k,this is nose,27526
llama3.1-8b,llamascope-res-32k,this is nose,3758
llama3.1-8b,llamascope-res-32k,this is nose,9466
llama3.1-8b,llamascope-res-32k,this is nose,9762
llama3.1-8b,llamascope-res-32k,this is nose,this is nose
llama3.1-8b,llamascope-res-32k,this is nose,this is nose
llama3.1-8b,llamascope-res-32k,this is nose,12658
llama3.1-8b,llamascope-res-32k,this is nose,18305
llama3.1-8b,llamascope-res-32k,this is nose,19945
llama3.1-8b,llamascope-res-32k,this is nose,24019
llama3.1-8b,llamascope-res-32k,this is nose,27526
llama3.1-8b,llamascope-res-32k,this is nose,3758
llama3.1-8b,llamascope-res-32k,this is nose,9466
llama3.1-8b,llamascope-res-32k,this is nose,9762
llama3.1-8b,llamascope-res-32k,This is shabbat,10295
llama3.1-8b,llamascope-res-32k,This is shabbat,13333
llama3.1-8b,llamascope-res-32k,This is shabbat,15661
llama3.1-8b,llamascope-res-32k,This is shabbat,15948
llama3.1-8b,llamascope-res-32k,This is shabbat,1834
llama3.1-8b,llamascope-res-32k,This is shabbat,20732
llama3.1-8b,llamascope-res-32k,This is shabbat,21114
llama3.1-8b,llamascope-res-32k,This is shabbat,23149
llama3.1-8b,llamascope-res-32k,This is shabbat,25977
llama3.1-8b,llamascope-res-32k,This is shabbat,2779
llama3.1-8b,llamascope-res-32k,This is shabbat,287
llama3.1-8b,llamascope-res-32k,This is shabbat,30921
llama3.1-8b,llamascope-res-32k,This is shabbat,32607
llama3.1-8b,llamascope-res-32k,This is shabbat,3556
llama3.1-8b,llamascope-res-32k,This is shabbat,4488
llama3.1-8b,llamascope-res-32k,This is shabbat,5865
llama3.1-8b,llamascope-res-32k,This is shabbat,9156
llama3.1-8b,llamascope-res-32k,This is shabbat,This is shabbat
llama3.1-8b,llamascope-res-32k,This is shabbat,This is shabbat
llama3.1-8b,llamascope-res-32k,This is shabbat,10295
llama3.1-8b,llamascope-res-32k,This is shabbat,13333
llama3.1-8b,llamascope-res-32k,This is shabbat,15661
llama3.1-8b,llamascope-res-32k,This is shabbat,15948
llama3.1-8b,llamascope-res-32k,This is shabbat,1834
llama3.1-8b,llamascope-res-32k,This is shabbat,20732
llama3.1-8b,llamascope-res-32k,This is shabbat,21114
llama3.1-8b,llamascope-res-32k,This is shabbat,23149
llama3.1-8b,llamascope-res-32k,This is shabbat,25977
llama3.1-8b,llamascope-res-32k,This is shabbat,2779
llama3.1-8b,llamascope-res-32k,This is shabbat,287
llama3.1-8b,llamascope-res-32k,This is shabbat,30921
llama3.1-8b,llamascope-res-32k,This is shabbat,32607
llama3.1-8b,llamascope-res-32k,This is shabbat,3556
llama3.1-8b,llamascope-res-32k,This is shabbat,4488
llama3.1-8b,llamascope-res-32k,This is shabbat,5865
llama3.1-8b,llamascope-res-32k,This is shabbat,9156
llama3.1-8b,llamascope-res-32k,This is she,10497
llama3.1-8b,llamascope-res-32k,This is she,31441
llama3.1-8b,llamascope-res-32k,This is she,32546
llama3.1-8b,llamascope-res-32k,This is she,This is she
llama3.1-8b,llamascope-res-32k,This is she,This is she
llama3.1-8b,llamascope-res-32k,This is she,10497
llama3.1-8b,llamascope-res-32k,This is she,31441
llama3.1-8b,llamascope-res-32k,This is she,32546
