query_term,latent_feature_number,activation_tokens
church,385,"▁of ▁the ▁Bishop ▁of ▁Cork ▁and ▁Ross , ▁and ▁the ▁parish ▁church ▁for ▁the ▁Cathedral ▁parish ▁which ▁includes ▁the ▁areas ▁of ▁B lar ney ▁Street , ▁Sh andon ▁and ▁Blackpool . ▁Bap tis mal ▁records ▁date ▁back ▁to ▁ 1 7 3 1 . ▁The ▁parish ▁boundary ▁had ▁also ▁included ▁the ▁areas ▁of ▁Blackpool , ▁Sunday ’ s ▁Well , ▁Sh anak iel , ▁C log heen , ▁Kerry ▁Pike ▁and ▁Cur ra gh ki pp ane ▁until ▁ 1 9 8 1 . ▁( Both ▁chapels ▁of ▁ease ▁to ▁the ▁Cathedral , ▁The ▁Church ▁of ▁the ▁Most ▁Precious ▁Blood , ▁became ▁the ▁parish ▁church ▁of ▁C log heen / Kerry ▁Pike ▁& ▁The ▁Church ▁of ▁the ▁Ann unciation ▁of ▁the ▁Blessed ▁Virgin ▁Mary ▁became ▁the ▁parish"
church,385,"▁of ▁the ▁Bishop ▁of ▁Cork ▁and ▁Ross , ▁and ▁the ▁parish ▁church ▁for ▁the ▁Cathedral ▁parish ▁which ▁includes ▁the ▁areas ▁of ▁B lar ney ▁Street , ▁Sh andon ▁and ▁Blackpool . ▁Bap tis mal ▁records ▁date ▁back ▁to ▁ 1 7 3 1 . ▁The ▁parish ▁boundary ▁had ▁also ▁included ▁the ▁areas ▁of ▁Blackpool , ▁Sunday ’ s ▁Well , ▁Sh anak iel , ▁C log heen , ▁Kerry ▁Pike ▁and ▁Cur ra gh ki pp ane ▁until ▁ 1 9 8 1 . ▁( Both ▁chapels ▁of ▁ease ▁to ▁the ▁Cathedral , ▁The ▁Church ▁of ▁the ▁Most ▁Precious ▁Blood , ▁became ▁the ▁parish ▁church ▁of ▁C log heen / Kerry ▁Pike ▁& ▁The ▁Church ▁of ▁the ▁Ann unciation ▁of ▁the ▁Blessed ▁Virgin ▁Mary ▁became ▁the ▁parish"
church,385,"▁of ▁the ▁Bishop ▁of ▁Cork ▁and ▁Ross , ▁and ▁the ▁parish ▁church ▁for ▁the ▁Cathedral ▁parish ▁which ▁includes ▁the ▁areas ▁of ▁B lar ney ▁Street , ▁Sh andon ▁and ▁Blackpool . ▁Bap tis mal ▁records ▁date ▁back ▁to ▁ 1 7 3 1 . ▁The ▁parish ▁boundary ▁had ▁also ▁included ▁the ▁areas ▁of ▁Blackpool , ▁Sunday ’ s ▁Well , ▁Sh anak iel , ▁C log heen , ▁Kerry ▁Pike ▁and ▁Cur ra gh ki pp ane ▁until ▁ 1 9 8 1 . ▁( Both ▁chapels ▁of ▁ease ▁to ▁the ▁Cathedral , ▁The ▁Church ▁of ▁the ▁Most ▁Precious ▁Blood , ▁became ▁the ▁parish ▁church ▁of ▁C log heen / Kerry ▁Pike ▁& ▁The ▁Church ▁of ▁the ▁Ann unciation ▁of ▁the ▁Blessed ▁Virgin ▁Mary ▁became ▁the ▁parish"
church,385,"▁of ▁the ▁Bishop ▁of ▁Cork ▁and ▁Ross , ▁and ▁the ▁parish ▁church ▁for ▁the ▁Cathedral ▁parish ▁which ▁includes ▁the ▁areas ▁of ▁B lar ney ▁Street , ▁Sh andon ▁and ▁Blackpool . ▁Bap tis mal ▁records ▁date ▁back ▁to ▁ 1 7 3 1 . ▁The ▁parish ▁boundary ▁had ▁also ▁included ▁the ▁areas ▁of ▁Blackpool , ▁Sunday ’ s ▁Well , ▁Sh anak iel , ▁C log heen , ▁Kerry ▁Pike ▁and ▁Cur ra gh ki pp ane ▁until ▁ 1 9 8 1 . ▁( Both ▁chapels ▁of ▁ease ▁to ▁the ▁Cathedral , ▁The ▁Church ▁of ▁the ▁Most ▁Precious ▁Blood , ▁became ▁the ▁parish ▁church ▁of ▁C log heen / Kerry ▁Pike ▁& ▁The ▁Church ▁of ▁the ▁Ann unciation ▁of ▁the ▁Blessed ▁Virgin ▁Mary ▁became ▁the ▁parish"
church,385,"▁Bill ▁France , ▁Sr . ▁created ▁NASCAR . 1 9 3 6 ▁Programming ▁languages A ▁programming ▁language ▁is ▁a ▁machine - readable ▁artificial ▁language . ▁Programming ▁languages ▁can ▁be ▁used ▁to ▁create ▁programs ▁that ▁specify ▁the ▁behavior ▁of ▁a ▁machine , ▁to ▁express ▁algorithms ▁precisely , ▁or ▁as ▁a ▁mode ▁of ▁human ▁communication . ▁The ▁first ▁programming ▁languages ▁pred ate ▁the ▁modern ▁computer . ▁In ▁mathematical ▁logic ▁and ▁computer ▁science , ▁lambda ▁calculus , ▁also ▁written ▁as ▁λ - calculus , ▁is ▁a ▁formal ▁system ▁designed ▁to ▁investigate ▁function ▁definition , ▁function ▁application ▁and ▁recursion . ▁It ▁was ▁invented ▁by ▁Alonzo ▁Church ▁and ▁Stephen ▁Cole ▁Kle ene ▁in ▁the ▁ 1 9 3 0 s ▁as ▁part ▁of ▁an ▁investigation ▁into ▁the ▁foundations ▁of ▁mathematics , ▁but"
church,385,"▁Gene ▁All ard ▁sued ▁the ▁Church ▁of ▁Scientology ▁for ▁malicious ▁prosecution . ▁Defendant ▁cross - comp lained ▁for ▁conversion . ▁A ▁jury ▁verdict ▁and ▁judgment ▁were ▁entered ▁for ▁All ard ▁on ▁the ▁complaint ▁for ▁$ 5 0 , 0 0 0 ▁in ▁compensatory ▁damages ▁and ▁$ 2 5 0 , 0 0 0 ▁in ▁punitive ▁damages . ▁Judgment ▁was ▁entered ▁for ▁All ard ▁and ▁against ▁the ▁Church ▁of ▁Scientology ▁on ▁the ▁cross - complaint . ▁Defendant - cross ▁complainant ▁appeals ▁from ▁the ▁judgment . 

 FACTS : 
 The ▁evidence ▁in ▁the ▁instant ▁case ▁is ▁very ▁conflicting . ▁We ▁relate ▁those ▁facts ▁supporting ▁the ▁successful ▁party ▁and ▁disregard ▁the ▁contrary ▁showing . ▁( Nest le ▁v . ▁City ▁of ▁Santa ▁Monica , ▁ 6 ▁Cal . 3"
church,385,"▁the ▁expected ▁output 
 Thanks , 
 Amar 

 A : 

 Read ▁the ▁Java Doc ▁for ▁Http Host : 

 Parameters : ▁hostname ▁- ▁the ▁hostname ▁( IP ▁or ▁DNS ▁name ) 

 So ▁you ▁should ▁use ▁just ▁( omit ▁the ▁protocol ▁and ▁context ): 
 Http Host ▁target ▁= ▁new ▁Http Host ( ▁""< JEN KINS _ URL >"" ▁); 

 and ▁then ▁Http Get ▁the ▁/ api / json ▁part . 
 Cheers , 

 <bos> St ▁Andrew ' s ▁Church , ▁Red bourne 

 St ▁Andrew ' s ▁Church ▁is ▁a ▁redundant ▁Anglican ▁church ▁in ▁the ▁village ▁of ▁Red bourne , ▁Lincolnshire , ▁England . ▁▁ It ▁is ▁recorded ▁in ▁the ▁National ▁Heritage ▁List ▁for ▁England ▁as ▁a ▁designated ▁Grade   I ▁listed"
church,385,"▁the ▁expected ▁output 
 Thanks , 
 Amar 

 A : 

 Read ▁the ▁Java Doc ▁for ▁Http Host : 

 Parameters : ▁hostname ▁- ▁the ▁hostname ▁( IP ▁or ▁DNS ▁name ) 

 So ▁you ▁should ▁use ▁just ▁( omit ▁the ▁protocol ▁and ▁context ): 
 Http Host ▁target ▁= ▁new ▁Http Host ( ▁""< JEN KINS _ URL >"" ▁); 

 and ▁then ▁Http Get ▁the ▁/ api / json ▁part . 
 Cheers , 

 <bos> St ▁Andrew ' s ▁Church , ▁Red bourne 

 St ▁Andrew ' s ▁Church ▁is ▁a ▁redundant ▁Anglican ▁church ▁in ▁the ▁village ▁of ▁Red bourne , ▁Lincolnshire , ▁England . ▁▁ It ▁is ▁recorded ▁in ▁the ▁National ▁Heritage ▁List ▁for ▁England ▁as ▁a ▁designated ▁Grade   I ▁listed"
church,385,"▁knew ▁all ▁about ▁that ▁a ▁long ▁time ▁ago . 

 This ▁week ▁saw ▁the ▁end ▁of ▁a ▁long ▁process ▁to ▁launch ▁the ▁Mission ▁Shaped ▁Ministry ▁course ▁in ▁Scotland . ▁The ▁course ▁itself ▁emerged ▁out ▁of ▁the ▁Fresh ▁Expressions initiative ▁of ▁the ▁Church ▁of ▁England ▁and ▁Metho dists ▁to ▁encourage ▁new ▁forms ▁of ▁church ▁– ▁and ▁it ’ s ▁been ▁successful ▁way ▁beyond ▁anyone ’ s ▁wildest ▁dreams ▁in ▁England , ▁Wales , ▁and ▁Ireland . 

 Scotland ▁has ▁had ▁to ▁wait ▁a ▁bit ▁longer , ▁but ▁in ▁September - October ▁this ▁year ▁there ▁will ▁be ▁a ▁six - week ▁t aster ▁( Mission ▁Shaped ▁Intro ) ▁in ▁Edinburgh ▁and ▁Glasgow , ▁and ▁then ▁starting ▁in ▁January ▁ 2 0 1 0 ▁the ▁entire ▁course ▁will ▁be ▁presented"
church,385,"▁knew ▁all ▁about ▁that ▁a ▁long ▁time ▁ago . 

 This ▁week ▁saw ▁the ▁end ▁of ▁a ▁long ▁process ▁to ▁launch ▁the ▁Mission ▁Shaped ▁Ministry ▁course ▁in ▁Scotland . ▁The ▁course ▁itself ▁emerged ▁out ▁of ▁the ▁Fresh ▁Expressions initiative ▁of ▁the ▁Church ▁of ▁England ▁and ▁Metho dists ▁to ▁encourage ▁new ▁forms ▁of ▁church ▁– ▁and ▁it ’ s ▁been ▁successful ▁way ▁beyond ▁anyone ’ s ▁wildest ▁dreams ▁in ▁England , ▁Wales , ▁and ▁Ireland . 

 Scotland ▁has ▁had ▁to ▁wait ▁a ▁bit ▁longer , ▁but ▁in ▁September - October ▁this ▁year ▁there ▁will ▁be ▁a ▁six - week ▁t aster ▁( Mission ▁Shaped ▁Intro ) ▁in ▁Edinburgh ▁and ▁Glasgow , ▁and ▁then ▁starting ▁in ▁January ▁ 2 0 1 0 ▁the ▁entire ▁course ▁will ▁be ▁presented"
church,385,", ▁as ▁a ▁newspaper ▁headline ▁of ▁the ▁time ▁says , ▁wear ▁‘ le athers ▁under ▁his ▁c asso ck ’ ▁– ▁which , ▁obviously , ▁means ▁that ▁he ▁wore ▁a ▁c asso ck ▁over ▁his ▁le athers . ▁When ▁so ▁many ▁are ▁preferring ▁to ▁dispose ▁of ▁c asso cks ▁and ▁other ▁bits ▁of ▁tradition , ▁we ▁might ▁have ▁something ▁to ▁learn ▁from ▁him . 

 This ▁week ▁has ▁certainly ▁been ▁a ▁long ▁time ▁for ▁UK ▁politicians , ▁most ▁notably ▁Gordon ▁Brown , ▁who ▁looks ▁like ▁being ▁on ▁his ▁way ▁out ▁as ▁prime ▁minister . ▁He ▁makes ▁a ▁lot ▁of ▁having ▁been ▁raised ▁in ▁a ▁Church ▁of ▁Scotland ▁man se , ▁and ▁his ▁Presbyterian ▁values ▁and ▁‘ moral ▁compass ’, ▁though ▁the ▁point ▁of ▁all ▁that ▁is ▁probably"
church,385,", ▁as ▁a ▁newspaper ▁headline ▁of ▁the ▁time ▁says , ▁wear ▁‘ le athers ▁under ▁his ▁c asso ck ’ ▁– ▁which , ▁obviously , ▁means ▁that ▁he ▁wore ▁a ▁c asso ck ▁over ▁his ▁le athers . ▁When ▁so ▁many ▁are ▁preferring ▁to ▁dispose ▁of ▁c asso cks ▁and ▁other ▁bits ▁of ▁tradition , ▁we ▁might ▁have ▁something ▁to ▁learn ▁from ▁him . 

 This ▁week ▁has ▁certainly ▁been ▁a ▁long ▁time ▁for ▁UK ▁politicians , ▁most ▁notably ▁Gordon ▁Brown , ▁who ▁looks ▁like ▁being ▁on ▁his ▁way ▁out ▁as ▁prime ▁minister . ▁He ▁makes ▁a ▁lot ▁of ▁having ▁been ▁raised ▁in ▁a ▁Church ▁of ▁Scotland ▁man se , ▁and ▁his ▁Presbyterian ▁values ▁and ▁‘ moral ▁compass ’, ▁though ▁the ▁point ▁of ▁all ▁that ▁is ▁probably"
church,385,"▁in ▁Glasgow ▁and ▁Inverness . ▁The ▁church ▁mice ▁will ▁be ▁involved ▁in ▁Inverness , ▁along ▁with ▁Duncan ▁Mac pher on , ▁minister ▁of ▁Hilton ▁Church , ▁while ▁the ▁Glasgow ▁course ▁will ▁be ▁led ▁by ▁Alan ▁Mc William ▁and ▁David ▁Currie . 

 We ▁took ▁a ▁couple ▁of ▁days ▁off ▁this ▁week , ▁thinking ▁that ▁June ▁might ▁actually ▁be ▁summer ▁in ▁Scotland . ▁How ▁wrong ▁can ▁you ▁be ! ▁It ▁wasn ’ t ▁just ▁all ▁four ▁seasons ▁in ▁the ▁proverbial ▁ 2 4 ▁hours , ▁but ▁all ▁four ▁of ▁them ▁in ▁the ▁space ▁of ▁about ▁ 4 0 ▁minutes . ▁The ▁drive ▁to ▁Glasgow ▁on ▁Monday ▁started ▁in ▁dull , ▁though ▁dry ▁weather ▁as ▁we ▁left ▁rural ▁Aberdeen hire , ▁but ▁by ▁the ▁time ▁we ▁were ▁passing ▁Stirling"
church,385,"▁to ▁the ▁one ▁above ▁the ▁entrance ▁of ▁Abs alon ▁Church ▁on ▁Sø nder ▁Boulevard . ▁The ▁six ▁reliefs ▁on ▁the ▁bronze ▁door ▁show ▁scenes ▁associated ▁with ▁the ▁Passion ▁of ▁Christ . 

 Interior 

 Sund by ▁Cemetery 
 Sund by ▁Cemetery ▁( Danish : ▁Sund by ▁Kirke gård ) ▁was ▁established ▁in ▁ 1 8 7 2 ▁at ▁a ▁site ▁a ▁little ▁to ▁the ▁south ▁of ▁the ▁church ▁and ▁is ▁the ▁main ▁cemetery ▁for ▁Ama ger . ▁It ▁consists ▁of ▁an ▁old ▁and ▁a ▁modern ▁section , ▁located ▁on ▁either ▁side ▁of ▁Kast rup vej , ▁with ▁a ▁combined ▁area ▁of ▁ 1 0 ▁hectares . ▁The ▁old ▁section ▁will ▁be ▁decommission ed ▁in ▁ 2 0 2 0 . 

 References 

 External ▁links 

 ▁Official"
church,385,"▁clergyman ▁and ▁that ▁she ▁knows ▁a ▁couple ▁that ▁was ▁split ▁over ▁the ▁Church ▁of ▁Scientology . 
 ( 5 ) ▁The ▁trial ▁court ' s ▁thorough ▁questioning ▁served ▁the ▁purpose ▁of ▁voir ▁dire , ▁which ▁is ▁to ▁select ▁a ▁fair ▁and ▁impartial ▁jury , ▁not ▁to ▁educate ▁the ▁jurors ▁or ▁to ▁determine ▁the ▁exercise ▁of ▁per emptory ▁challenges . ▁( R ousse au ▁v . ▁West ▁Coast ▁House ▁Movers , ▁ 2 5 6 ▁Cal . ▁App . 2 d ▁ 8 7 8 , ▁ 8 8 2 ▁[ 6 4 ▁Cal . ▁Rptr . ▁ 6 5 5 ].) 

 5 . ▁It ▁was ▁not ▁prejudicial ▁error ▁to ▁direct ▁the ▁jury , ▁in ▁its ▁assessment ▁of ▁the ▁malicious ▁prosecution ▁claim , ▁to ▁disregard ▁evidence ▁that"
church,385,"▁clergyman ▁and ▁that ▁she ▁knows ▁a ▁couple ▁that ▁was ▁split ▁over ▁the ▁Church ▁of ▁Scientology . 
 ( 5 ) ▁The ▁trial ▁court ' s ▁thorough ▁questioning ▁served ▁the ▁purpose ▁of ▁voir ▁dire , ▁which ▁is ▁to ▁select ▁a ▁fair ▁and ▁impartial ▁jury , ▁not ▁to ▁educate ▁the ▁jurors ▁or ▁to ▁determine ▁the ▁exercise ▁of ▁per emptory ▁challenges . ▁( R ousse au ▁v . ▁West ▁Coast ▁House ▁Movers , ▁ 2 5 6 ▁Cal . ▁App . 2 d ▁ 8 7 8 , ▁ 8 8 2 ▁[ 6 4 ▁Cal . ▁Rptr . ▁ 6 5 5 ].) 

 5 . ▁It ▁was ▁not ▁prejudicial ▁error ▁to ▁direct ▁the ▁jury , ▁in ▁its ▁assessment ▁of ▁the ▁malicious ▁prosecution ▁claim , ▁to ▁disregard ▁evidence ▁that"
church,385,"cles iastical ▁hierarchy ,” ▁such ▁as ▁the ▁Roman ▁Catholic ▁church ▁and ▁the ▁Church ▁of ▁England . ▁The ▁“ bis hops ” ▁and ▁other ▁figures ▁in ▁these ▁churches ▁are ▁seen ▁as ▁figures ▁of ▁authority , ▁supposedly ▁given ▁the ▁authority ▁that ▁was ▁vested ▁in ▁Peter ▁in ▁Matthew ▁ 1 6 : 1 9 : 

 “ I ▁will ▁give ▁you ▁the ▁keys ▁of ▁the ▁kingdom ▁of ▁heaven ; ▁and ▁whatever ▁you ▁bind ▁on ▁earth ▁shall ▁have ▁been ▁bound ▁in ▁heaven , ▁and ▁whatever ▁you ▁loose ▁on ▁earth ▁shall ▁have ▁been ▁loo sed ▁in ▁heaven .” 

 Therefore , ▁the ▁members ▁of ▁these ▁denominations ▁look ▁up ▁to ▁these ▁individuals ▁as ▁those ▁holding ▁keys ▁of ▁authority ▁and ▁will ▁believe ▁and ▁do ▁whatever ▁these ▁individuals ▁tell ▁them ▁to ▁do . 

 We"
church,385,"▁attending ▁weekly ▁lessons ▁with ▁the ▁parish ▁priest ▁over ▁a ▁period ▁of ▁six ▁months . ▁I ▁look ▁back ▁on ▁the ▁night ▁that ▁I ▁was ▁confirmed ▁into ▁the ▁Church ▁as ▁one ▁of ▁the ▁happiest ▁and ▁most ▁sacred ▁moments ▁of ▁my ▁life , ▁and ▁though ▁the ▁strength ▁of ▁my ▁faith ▁( and ▁my ▁weekly ▁Mass ▁attendance ) ▁has ▁seen ▁several ▁peaks ▁and ▁rather ▁more ▁lows ▁in ▁the ▁intervening ▁decade , ▁I ▁still ▁consider ▁myself ▁a ▁member ▁of ▁the ▁Church , ▁and ▁I ▁always ▁intend ▁to ▁be . 

 Many ▁people ▁have ▁made ▁similar ▁conversions ▁to ▁the ▁Church , ▁notably ▁two ▁of ▁the ▁current ▁Republican ▁presidential ▁contenders , ▁Newt ▁Ging rich , ▁and ▁Rick ▁Sant orum . ▁It ▁is ▁said ▁that ▁there ▁is ▁no ▁zeal ot ▁like ▁a ▁convert , ▁and"
church,385,"▁attending ▁weekly ▁lessons ▁with ▁the ▁parish ▁priest ▁over ▁a ▁period ▁of ▁six ▁months . ▁I ▁look ▁back ▁on ▁the ▁night ▁that ▁I ▁was ▁confirmed ▁into ▁the ▁Church ▁as ▁one ▁of ▁the ▁happiest ▁and ▁most ▁sacred ▁moments ▁of ▁my ▁life , ▁and ▁though ▁the ▁strength ▁of ▁my ▁faith ▁( and ▁my ▁weekly ▁Mass ▁attendance ) ▁has ▁seen ▁several ▁peaks ▁and ▁rather ▁more ▁lows ▁in ▁the ▁intervening ▁decade , ▁I ▁still ▁consider ▁myself ▁a ▁member ▁of ▁the ▁Church , ▁and ▁I ▁always ▁intend ▁to ▁be . 

 Many ▁people ▁have ▁made ▁similar ▁conversions ▁to ▁the ▁Church , ▁notably ▁two ▁of ▁the ▁current ▁Republican ▁presidential ▁contenders , ▁Newt ▁Ging rich , ▁and ▁Rick ▁Sant orum . ▁It ▁is ▁said ▁that ▁there ▁is ▁no ▁zeal ot ▁like ▁a ▁convert , ▁and"
church,385,"▁attending ▁weekly ▁lessons ▁with ▁the ▁parish ▁priest ▁over ▁a ▁period ▁of ▁six ▁months . ▁I ▁look ▁back ▁on ▁the ▁night ▁that ▁I ▁was ▁confirmed ▁into ▁the ▁Church ▁as ▁one ▁of ▁the ▁happiest ▁and ▁most ▁sacred ▁moments ▁of ▁my ▁life , ▁and ▁though ▁the ▁strength ▁of ▁my ▁faith ▁( and ▁my ▁weekly ▁Mass ▁attendance ) ▁has ▁seen ▁several ▁peaks ▁and ▁rather ▁more ▁lows ▁in ▁the ▁intervening ▁decade , ▁I ▁still ▁consider ▁myself ▁a ▁member ▁of ▁the ▁Church , ▁and ▁I ▁always ▁intend ▁to ▁be . 

 Many ▁people ▁have ▁made ▁similar ▁conversions ▁to ▁the ▁Church , ▁notably ▁two ▁of ▁the ▁current ▁Republican ▁presidential ▁contenders , ▁Newt ▁Ging rich , ▁and ▁Rick ▁Sant orum . ▁It ▁is ▁said ▁that ▁there ▁is ▁no ▁zeal ot ▁like ▁a ▁convert , ▁and"
church,385,"▁of ▁Architecture ▁& ▁Environmental ▁Design 

 Category : Uni versities ▁and ▁colleges ▁in ▁San ▁Luis ▁Obispo ▁County , ▁California 
 Category : Buildings ▁and ▁structures ▁in ▁San ▁Luis ▁Obispo , ▁California 
 Category : California ▁Polytechnic ▁State ▁University 
 Category : Architecture ▁schools ▁in ▁California 
 Category : Landscape ▁architecture ▁schools 
 Category : Educational ▁institutions ▁established ▁in ▁ 1 9 4 8 
 Category : 1 9 4 8 ▁establishments ▁in ▁California <bos> The ▁Path ▁of ▁Den omin ational ism : ▁Authority ▁in ▁the ▁Church 

 Previously ▁we ▁examined ▁the ▁concept ▁of ▁a ▁denomination ▁as ▁being ▁an ▁institution , ▁or ▁an ▁organizational ▁structure ▁that ▁exists ▁independently ▁of ▁any ▁individuals . ▁We ▁saw ▁from ▁the ▁Scriptures ▁that ▁the ▁church ▁that ▁Christ ▁established ▁was ▁not ▁to ▁resemble ▁such"
church,385,"▁influenced ▁by ▁the ▁great ▁"" social ▁gospel "" ▁advocate , ▁Walter ▁Rau chen busch . ▁His ▁experiences ▁there ▁made ▁an ▁indelible ▁impact ▁upon ▁his ▁thinking ▁and ▁his ▁entire ▁career . 

 Family 

 Johnson ▁married ▁Anna ▁E the lyn ▁Gardner ▁on ▁December ▁ 2 5 , ▁ 1 9 1 6 . ▁They ▁had ▁five ▁children : ▁Carolyn ▁Elizabeth ▁Johnson , ▁Morde cai ▁Wyatt ▁Johnson , ▁Jr ., ▁Archer ▁Clement ▁Johnson , ▁William ▁Howard ▁Johnson , ▁and ▁Anna ▁Faith ▁Johnson . 

 Career 

 Following ▁a ▁brief ▁stint ▁as ▁secretary ▁of ▁the ▁western ▁region ▁of ▁the ▁Student ▁YMCA , ▁in ▁ 1 9 1 7 ▁he ▁became ▁pastor ▁of ▁the ▁First ▁Baptist ▁Church ▁in ▁Charleston , ▁West ▁Virginia . ▁▁ He ▁later ▁founded ▁a ▁chapter ▁of ▁the"
church,385,"d ▁ 9 2 0 , ▁ 9 2 5 - 9 2 6 ▁[ 1 0 1 ▁Cal . ▁Rptr . ▁ 5 6 8 , ▁ 4 9 6 ▁P . 2 d ▁ 4 8 0 ].) 
 In ▁March ▁ 1 9 6 9 , ▁L . ▁Gene ▁All ard ▁became ▁involved ▁with ▁the ▁Church ▁of ▁Scientology ▁in ▁Texas . ▁He ▁joined ▁Sea ▁Org ▁in ▁Los ▁Angeles ▁and ▁was ▁sent ▁to ▁San ▁Diego ▁for ▁training . ▁While ▁there , ▁he ▁signed ▁a ▁billion - year ▁contract ▁agreeing ▁to ▁do ▁anything ▁to ▁help ▁Scientology ▁and ▁to ▁help ▁clear ▁the ▁planet ▁of ▁the ▁"" reactive ▁people ."" ▁During ▁this ▁period ▁he ▁learned ▁about ▁written ▁policy ▁directives ▁that ▁were ▁the ▁"" policy "" ▁of ▁the ▁church"
church,385,"▁the ▁nearby ▁site ▁of ▁S ker ry ▁Church yard . 

 Large ▁animals ▁have ▁been ▁reported . 

 S lemish ▁Mountain ▁is ▁open ▁year - round , ▁and ▁on ▁Saint ▁Patrick ' s ▁Day ▁( 1 7 ▁March ), ▁large ▁crowds ▁hike ▁to ▁the ▁top ▁of ▁the ▁mountain ▁as ▁a ▁pilgrimage . ▁The ▁ 1 . 5 - kil ometre ▁round ▁walk ▁to ▁the ▁summit ▁and ▁back ▁takes ▁approximately ▁one ▁hour ▁in ▁good ▁weather . ▁Excellent ▁views ▁can ▁be ▁had ▁of ▁the ▁Antrim ▁and ▁Scottish ▁coasts ▁to ▁the ▁East . ▁Bally mena ▁town , ▁Lough ▁Nea gh ▁and ▁the ▁Sper rin ▁Mountains ▁are ▁all ▁normally ▁visible ▁to ▁the ▁West ▁whilst ▁the ▁Bann ▁Valley ▁and ▁the ▁higher ▁summits ▁of ▁the ▁Antrim ▁Hills ▁can ▁be ▁seen ▁to ▁the ▁North"
church,385,", ▁emanating ▁from ▁L . ▁Ron ▁Hubbard , ▁the ▁founder ▁of ▁the ▁Church ▁of ▁Scientology .[ 1 ] ▁After ▁training ▁on ▁the ▁ship , ▁respondent ▁was ▁assigned ▁to ▁the ▁Advanced ▁Organization ▁in ▁Los ▁Angeles , ▁where ▁he ▁became ▁the ▁director ▁of ▁disbursements . ▁He ▁later ▁became ▁the ▁Flag ▁Banking ▁Officer . 
 * 4 4 4 ▁Alan ▁B oughton , ▁Flag ▁Banking ▁Officer ▁International , ▁was ▁respondent ' s ▁superior . ▁Only ▁respondent ▁and ▁B oughton ▁knew ▁the ▁combination ▁to ▁the ▁safe ▁kept ▁in ▁respondent ' s ▁office . ▁Respondent ▁handled ▁foreign ▁currency , ▁American ▁cash , ▁and ▁various ▁travelers ' ▁checks ▁as ▁part ▁of ▁his ▁job . 
 In ▁May ▁or ▁June ▁ 1 9 6 9 , ▁respondent ▁told ▁B oughton ▁that ▁he ▁wanted ▁to"
church,385,", ▁emanating ▁from ▁L . ▁Ron ▁Hubbard , ▁the ▁founder ▁of ▁the ▁Church ▁of ▁Scientology .[ 1 ] ▁After ▁training ▁on ▁the ▁ship , ▁respondent ▁was ▁assigned ▁to ▁the ▁Advanced ▁Organization ▁in ▁Los ▁Angeles , ▁where ▁he ▁became ▁the ▁director ▁of ▁disbursements . ▁He ▁later ▁became ▁the ▁Flag ▁Banking ▁Officer . 
 * 4 4 4 ▁Alan ▁B oughton , ▁Flag ▁Banking ▁Officer ▁International , ▁was ▁respondent ' s ▁superior . ▁Only ▁respondent ▁and ▁B oughton ▁knew ▁the ▁combination ▁to ▁the ▁safe ▁kept ▁in ▁respondent ' s ▁office . ▁Respondent ▁handled ▁foreign ▁currency , ▁American ▁cash , ▁and ▁various ▁travelers ' ▁checks ▁as ▁part ▁of ▁his ▁job . 
 In ▁May ▁or ▁June ▁ 1 9 6 9 , ▁respondent ▁told ▁B oughton ▁that ▁he ▁wanted ▁to"
church,385,", ▁emanating ▁from ▁L . ▁Ron ▁Hubbard , ▁the ▁founder ▁of ▁the ▁Church ▁of ▁Scientology .[ 1 ] ▁After ▁training ▁on ▁the ▁ship , ▁respondent ▁was ▁assigned ▁to ▁the ▁Advanced ▁Organization ▁in ▁Los ▁Angeles , ▁where ▁he ▁became ▁the ▁director ▁of ▁disbursements . ▁He ▁later ▁became ▁the ▁Flag ▁Banking ▁Officer . 
 * 4 4 4 ▁Alan ▁B oughton , ▁Flag ▁Banking ▁Officer ▁International , ▁was ▁respondent ' s ▁superior . ▁Only ▁respondent ▁and ▁B oughton ▁knew ▁the ▁combination ▁to ▁the ▁safe ▁kept ▁in ▁respondent ' s ▁office . ▁Respondent ▁handled ▁foreign ▁currency , ▁American ▁cash , ▁and ▁various ▁travelers ' ▁checks ▁as ▁part ▁of ▁his ▁job . 
 In ▁May ▁or ▁June ▁ 1 9 6 9 , ▁respondent ▁told ▁B oughton ▁that ▁he ▁wanted ▁to"
church,385,"▁the ▁Nobel ▁Peace ▁Prize . ▁The ▁Committee ▁recognised ▁their ▁"" stru ggle ▁against ▁the ▁suppression ▁of ▁children ▁and ▁young ▁people ▁and ▁for ▁the ▁right ▁of ▁all ▁children ▁to ▁education "". ▁For ▁Paul ▁Bhat ti , ▁they ▁are ▁a ▁"" symbol ▁of ▁hope ▁and ▁an ▁example ▁for ▁everyone ▁in ▁the ▁struggle ▁against ▁fundamental ism ."" 

 Mgr ▁Gi ac into - Bou los ▁Mar cu zzo ▁stressed ▁the ▁importance ▁of ▁education ▁to ▁ensure ▁the ▁future ▁of ▁new ▁generations . ▁The ▁Church ▁is ▁a ▁sign ▁of ▁"" unity "" ▁in ▁a ▁context ▁"" marked ▁by ▁divisions "" ▁and ▁a ▁bridge ▁in ▁inter faith ▁dialogue . ▁The ▁situation ▁has ▁gone ▁from ▁euphoria ▁for ▁peace ▁to ▁resignation ▁over ▁permanent ▁conflict . ▁He ▁appeals ▁to ▁Western ▁Christians ▁to ▁come ▁as ▁pilgrims ▁to"
church,385,"▁deal ▁with ▁you ▁in ▁whatever ▁way ▁is ▁necessary ."" 
 On ▁the ▁night ▁of ▁June ▁ 7 ▁or ▁early ▁morning ▁of ▁June ▁ 8 , ▁ 1 9 6 9 , ▁respondent ▁went ▁to ▁his ▁office ▁at ▁the ▁Church ▁of ▁Scientology ▁and ▁took ▁several ▁documents ▁from ▁the ▁safe . ▁These ▁documents ▁were ▁taken ▁by ▁him ▁to ▁the ▁Internal ▁Revenue ▁Service ▁in ▁Kansas ▁City ; ▁he ▁used ▁them ▁to ▁allege ▁improper ▁changes ▁in ▁the ▁records ▁of ▁the ▁church . ▁He ▁denies ▁that ▁any ▁Swiss ▁francs ▁were ▁in ▁the ▁safe ▁that ▁night ▁or ▁that ▁he ▁took ▁such ▁Swiss ▁francs . ▁Furthermore , ▁respondent ▁denies ▁the ▁allegation ▁that ▁he ▁stole ▁various ▁travelers ' ▁checks ▁from ▁the ▁safe . ▁He ▁admitted ▁that ▁some ▁travelers ' ▁checks ▁had ▁his ▁signature ▁as ▁an"
church,385,"▁what ▁naughty ▁things ▁her ▁employees ▁might ▁be ▁doing ▁with ▁the ▁healthcare ▁coverage ▁that ▁she ▁paid ▁for , ▁because ▁the ▁employees ▁would ▁be ▁paying ▁the ▁premiums ▁and ▁taking ▁their ▁chances ▁that ▁they ▁won ’ t ▁be ▁struck ▁down ▁by ▁lightning ▁for ▁daring ▁to ▁use ▁a ▁condom , ▁or ▁the ▁pill . ▁And ▁I ▁think ▁everyone ▁would ▁sleep ▁better ▁at ▁night ▁as ▁a ▁result . 

 Arizona , ▁you ▁have ▁been ▁te eter ing ▁on ▁the ▁brink ▁for ▁a ▁long ▁time ▁now . ▁But ▁congratulations , ▁you ▁have ▁officially ▁made ▁the ▁list . 

 I ▁decided ▁to ▁join ▁the ▁Roman ▁Catholic ▁church ▁at ▁eighteen ▁years ▁of ▁age , ▁and ▁went ▁through ▁the ▁Church ’ s ▁RC IA ▁programme ▁( the ▁Rite ▁of ▁Catholic ▁Initiation ▁of ▁Adults ), ▁which ▁required"
church,385,"▁National ▁Association ▁for ▁the ▁Advancement ▁of ▁Colored ▁People ▁( NA ACP ). 

 Pres idency ▁of ▁Howard ▁University ▁ 

 On ▁June ▁ 2 6 , ▁ 1 9 2 6 , ▁at ▁the ▁age ▁of ▁ 3 6 , ▁Johnson ▁was ▁unanimously ▁elected ▁the ▁eleventh ▁President ▁of ▁Howard ▁University , ▁becoming ▁the ▁first ▁African ▁American ▁to ▁serve ▁as ▁the ▁permanent ▁head ▁of ▁that ▁institution . ▁Prior ▁to ▁his ▁appointment ▁Johnson ▁had ▁served ▁as ▁Professor ▁of ▁Economics ▁and ▁History ▁at ▁More house ▁College . ▁He ▁had ▁also ▁served ▁as ▁Pastor ▁of ▁the ▁First ▁Baptist ▁Church ▁in ▁Charleston , ▁West ▁Virginia . 

 During ▁his ▁tenure , ▁Johnson ▁appointed ▁Charles ▁Hamilton ▁Houston ▁as ▁dean ▁of ▁the ▁law ▁school , ▁who ▁played ▁a ▁significant ▁role ▁in ▁dismantling ▁the ▁Jim"
church,385,"▁National ▁Association ▁for ▁the ▁Advancement ▁of ▁Colored ▁People ▁( NA ACP ). 

 Pres idency ▁of ▁Howard ▁University ▁ 

 On ▁June ▁ 2 6 , ▁ 1 9 2 6 , ▁at ▁the ▁age ▁of ▁ 3 6 , ▁Johnson ▁was ▁unanimously ▁elected ▁the ▁eleventh ▁President ▁of ▁Howard ▁University , ▁becoming ▁the ▁first ▁African ▁American ▁to ▁serve ▁as ▁the ▁permanent ▁head ▁of ▁that ▁institution . ▁Prior ▁to ▁his ▁appointment ▁Johnson ▁had ▁served ▁as ▁Professor ▁of ▁Economics ▁and ▁History ▁at ▁More house ▁College . ▁He ▁had ▁also ▁served ▁as ▁Pastor ▁of ▁the ▁First ▁Baptist ▁Church ▁in ▁Charleston , ▁West ▁Virginia . 

 During ▁his ▁tenure , ▁Johnson ▁appointed ▁Charles ▁Hamilton ▁Houston ▁as ▁dean ▁of ▁the ▁law ▁school , ▁who ▁played ▁a ▁significant ▁role ▁in ▁dismantling ▁the ▁Jim"
church,385,"▁in ▁an ▁old ▁house ▁in ▁Forest ▁Ranch , ▁California ▁as ▁the ▁eldest ▁of ▁four ▁boys . ▁I ▁would ▁take ▁all ▁day ▁hikes ▁with ▁my ▁cat ▁in ▁the ▁canyon ▁just ▁below ▁our ▁property , ▁and ▁the ▁neighbor ▁kids ▁taught ▁me ▁to ▁shoot ▁a ▁bow ▁and ▁arrow . ▁I ▁always ▁loved ▁reading ▁and ▁wrote ▁short ▁stories , ▁poems , ▁and ▁screen plays ▁that ▁I ▁would ▁force ▁my ▁brothers ▁to ▁star ▁in . ▁A ▁chance ▁encounter ▁with ▁a ▁filmmaker ▁from ▁Cameroon ▁sent ▁me ▁to ▁Paris ▁as ▁his ▁assistant ▁and ▁I ▁stayed ▁on ▁to ▁hitch hike ▁across ▁Europe . ▁Nearly ▁a ▁year ▁later , ▁I ▁found ▁myself ▁outside ▁a ▁Greek ▁Orthodox ▁Church ▁with ▁thirty ▁Albanian ▁and ▁Macedonian ▁migrants ▁as ▁we ▁looked ▁for ▁work ▁picking ▁potatoes . 

 After ▁my ▁next ▁year"
church,385,"(... )) 
 ▁▁▁▁▁▁▁▁ var ▁pulse Data : ▁[ Pulse ] ▁= ▁[ pulse 1 , ▁pulse 2 ] 

 You ▁can ▁sort ▁the ▁array ▁in ▁this ▁way : 
 ▁▁▁▁▁▁▁▁ // Ascending ▁order 
 ▁▁▁▁▁▁▁▁ pulse Data . sort ( by : ▁{$ 0 . startDate ▁< ▁$ 1 . startDate }) 

 <bos> Sund by ▁Church 

 Sund by ▁Church ▁( Danish : ▁Sund by ▁Kirke ) ▁is ▁a ▁Church ▁of ▁Denmark ▁parish ▁church ▁located ▁on ▁Ama ger bro gade ▁in ▁Copenhagen , ▁Denmark . ▁Completed ▁in ▁ 1 8 7 0 ▁to ▁designs ▁by ▁Hans ▁Jør gen ▁Holm , ▁it ▁is ▁the ▁oldest ▁church ▁on ▁the ▁northern ▁part ▁of ▁Ama ger . 

 History 
 ▁ 
 In ▁the ▁middle ▁of ▁the ▁ 1"
church,385,"▁expect ▁the ▁Bishops ▁to ▁make ▁any ▁fuss ▁about ▁that . ▁War ▁and ▁torture ▁seem ▁trivial ▁issues ▁to ▁them , ▁compared ▁with ▁access ▁to ▁contraception ▁or ▁gay ▁rights .” 

 Seriously , ▁maybe ▁I ▁missed ▁this ▁in ▁my ▁RC IA ▁classes . ▁Will ▁a ▁Republican ▁( since ▁they ▁are ▁the ▁ones ▁who ▁claim ▁to ▁have ▁the ▁direct ▁hotline ▁to ▁God ▁these ▁days ) ▁please ▁let ▁me ▁know ▁which ▁of ▁these ▁Church ▁teachings ▁it ▁is ▁okay ▁to ▁brazen ly ▁defy ▁while ▁still ▁declaring ▁myself ▁a ▁proud ▁standard - bearer ▁for ▁the ▁Church , ▁and ▁which ▁are ▁so ▁invio lable ▁that ▁I ▁would ▁be ▁literally ▁declaring ▁war ▁on ▁Catholicism ▁if ▁I ▁dare ▁to ▁dissent ? ▁Thanks . 

 “ The ▁America ▁I ▁know ▁and ▁love ▁is ▁not ▁one ▁in ▁which"
church,385,"▁prob ative 

 force , ▁dragged ▁in ▁by ▁the ▁heels ▁for ▁the ▁sake ▁of ▁its ▁prejudicial ▁effect ,"" ▁United ▁States ▁v . ▁Cross , ▁ 9 2 8 ▁F . 2 d ▁ 1 0 3 0 , 

 1 0 4 8 ▁( 1 1 th ▁Cir . 1 9 9 1 ) ▁( internal ▁quotation ▁omitted ). ▁The ▁Rule ▁carries ▁a ▁"" strong ▁presumption ▁in ▁favor ▁of 

 ad mis sibility ."" ▁United ▁States ▁v . ▁Church , ▁ 9 5 5 ▁F . 2 d ▁ 6 8 8 , ▁ 7 0 3 ▁( 1 1 th ▁Cir . 1 9 9 2 ). ▁Wilson ' s ▁incul p atory 

 co - cons pir ator ▁statements ▁were ▁important ▁pieces ▁of ▁evidence ▁in"
church,385,"▁ 1 9 6 5 ▁in ▁Bally mena . 
 ▁Clo da gh ▁Rodgers , ▁pop ▁singer 

 Politics 
 ▁Roger ▁Case ment , ▁human ▁rights ▁activist ▁in ▁the ▁Congo ▁Free ▁State ▁and ▁Peru , ▁and ▁Irish ▁nationalist , ▁was ▁educated ▁as ▁a ▁youth ▁in ▁this ▁town . ▁His ▁father ▁died ▁and ▁was ▁buried ▁here ; ▁relatives ▁on ▁both ▁sides ▁of ▁his ▁family ▁cared ▁for ▁Roger ▁and ▁his ▁brother ▁Tom ▁when ▁they ▁were ▁orphaned . ▁ 
 ▁James ▁Mc Henry , ▁signatory ▁of ▁the ▁United ▁States ▁Constitution . 
 ▁Ian ▁Paisley , ▁the ▁former ▁First ▁Minister ▁and ▁founder ▁of ▁the ▁Free ▁Presbyterian ▁Church , ▁was ▁raised ▁in ▁Bally mena . 
 ▁Richard ▁Seymour , ▁Marxist ▁writer , ▁activist ▁and ▁owner ▁of ▁the ▁blog ▁Lenin ' s ▁Tomb"
church,385,"▁of ▁persons ▁but ▁in ▁the ▁exercise ▁of ▁its ▁corporate ▁life ▁and ▁worship ▁special ▁qualifications ▁for ▁the ▁discharge ▁of ▁special ▁duties ▁are ▁required ▁and ▁thus ▁the ▁principle ▁of ▁representative ▁selection ▁is ▁recognized . The ▁Methodist ▁Church ▁of ▁the ▁Bahamas ▁recognizes ▁two ▁sacraments ▁namely ▁Baptism ▁and ▁the ▁Lord ' s ▁Supper ▁as ▁of ▁divine ▁appointment ▁and ▁of ▁perpetual ▁obligation ▁of ▁which ▁it ▁is ▁the ▁privilege ▁and ▁duty ▁of ▁members ▁of ▁the ▁Methodist ▁Church ▁of ▁the ▁Bahamas ▁to ▁avail ▁themselves . <bos> Vehicle ▁Safety ▁Quiz 

 The ▁Artic ulate ▁e - Learning ▁Heroes ▁Challenge ▁of ▁the ▁week ▁# 1 5 9 ▁was ▁to ▁design ▁how ▁multiple ▁choice ▁quizzes ▁are ▁used ▁in ▁e - Learning . ▁I ▁decided ▁to ▁use ▁“ show ▁me , ▁tell ▁me ” ▁vehicle ▁safety ▁questions ▁that"
church,385,▁also ▁the ▁Spirit ▁divides ▁gifts ▁severally ▁as ▁the ▁Spirit ▁wills . ▁It ▁is ▁the ▁universal ▁conviction ▁of ▁the ▁Methodist ▁people ▁that ▁the ▁office ▁of ▁Christian ▁ministry ▁depends ▁upon ▁the ▁call ▁of ▁God ▁who ▁besto ws ▁the ▁gifts ▁of ▁the ▁Spirit ▁the ▁grace ▁and ▁the ▁fruit ▁which ▁indicates ▁those ▁whom ▁He ▁has ▁chosen . Those ▁whom ▁the ▁Methodist ▁Church ▁of ▁the ▁Bahamas ▁recognizes ▁as ▁called ▁of ▁God ▁and ▁therefore ▁receives ▁into ▁its ▁ministry ▁shall ▁be ▁ordained ▁by ▁the ▁imposition ▁of ▁hands ▁as ▁expressive ▁of ▁the ▁Church ' s ▁recognition ▁of ▁the ▁minister ' s ▁personal ▁call . The ▁Methodist ▁Church ▁of ▁the ▁Bahamas ▁holds ▁the ▁doctrine ▁of ▁the ▁ministry ▁of ▁all ▁Christians ▁and ▁consequently ▁believes ▁that ▁no ▁ministry ▁exists ▁which ▁belongs ▁exclusively ▁to ▁a ▁particular ▁order ▁or ▁group
church,385,"▁will ▁be ▁activated ▁and ▁unleashed ▁to ▁desec rate ▁churches ▁and ▁force ▁people ▁into ▁unwilling ▁same - sex ▁marriages ▁across ▁the ▁land . 

 If ▁I ▁could ▁talk ▁with ▁Mr . ▁Ging rich ▁and ▁Mr . ▁Sant orum , ▁I ▁would ▁say : ▁the ▁protection ▁of ▁life ▁should ▁not ▁end ▁at ▁the ▁moment ▁of ▁birth . ▁I ▁will ▁never ▁understand ▁my ▁Church ’ s ▁current ▁teaching ▁on ▁contraception ▁– ▁especially ▁when ▁male ▁sexual ▁enhancement ▁drugs , ▁in ▁vitro ▁fertil isation ▁and ▁other ▁techniques ▁that ▁can ▁result ▁in ▁the ▁creation ▁or ▁destruction ▁of ▁a ▁fertili sed ▁embryo ▁are ▁given ▁a ▁free ▁pass , ▁while ▁contraception , ▁the ▁morning - after ▁pill ▁and ▁stem ▁cell ▁research ▁are ▁not . ▁But ▁I ▁can ▁appreciate ▁the ▁consistency ▁of ▁the ▁argument ▁that ▁all"
church,385,"▁divinely ▁appointed ▁mission . The ▁doctrines ▁of ▁the ▁evangelical ▁faith ▁which ▁Method ism ▁has ▁held ▁from ▁the ▁beginning ▁and ▁still ▁holds ▁are ▁based ▁upon ▁the ▁divine ▁revelation ▁recorded ▁in ▁the ▁Holy ▁Scriptures . ▁The ▁Methodist ▁Church ▁of ▁the ▁Bahamas ▁acknowledges ▁this ▁revelation ▁as ▁the ▁supreme ▁rule ▁of ▁faith ▁and ▁practice . ▁These ▁evangelical ▁doctrines ▁to ▁which ▁the ▁preachers ▁of ▁the ▁Methodist ▁Church ▁of ▁the ▁Bahamas ▁both ▁ministers ▁and ▁lay ▁persons ▁are ▁pledged ▁are ▁contained ▁in ▁Wesley ' s ▁Notes ▁on ▁the ▁New ▁Testament ▁and ▁the ▁first ▁four ▁volumes ▁of ▁his ▁sermons . Wesley ' s ▁"" Notes ▁on ▁the ▁New ▁Testament "" ▁and ▁"" The ▁ 4 4 ▁Sermons "" ▁are ▁not ▁intended ▁to ▁impose ▁a ▁system ▁of ▁formal ▁or ▁speculative ▁theology ▁on ▁Methodist ▁preachers , ▁but"
church,385,"▁be ▁touched ▁by ▁them ▁because ▁of ▁the ▁choice . 

 Which ▁is ▁not ▁at ▁all ▁to ▁say ▁that ▁I ▁don ’ t ▁respect ▁people ▁who ▁do ▁wish ▁to ▁be ▁married ▁there . ▁I ▁just ▁wish ▁people ▁would ▁see ▁that ▁it ’ s ▁not ▁the ▁end ▁of ▁the ▁world ▁if ▁they ▁don ’ t . ▁It ’ s ▁not ▁a ▁sin , ▁it ▁won ’ t ▁necessarily ▁cause ▁unhappiness , ▁it ’ s ▁not ▁a ▁sure ▁road ▁to ▁divorce . ▁I ▁also ▁wish ▁that ▁when ▁someone ▁makes ▁the ▁decision ▁to ▁marry ▁elsewhere , ▁their ▁friends ▁and ▁family ▁members ▁and ▁acquaintances ▁from ▁church ▁would ▁embrace ▁the ▁decision ▁and ▁the ▁new ▁family ▁member , ▁without ▁re crimination ▁at ▁a ▁choice ▁that ▁would ▁not ▁have ▁been ▁their ▁own , ▁or ▁hurtful"
church,385,"▁says ▁what ▁he ▁does , ▁not ▁because ▁he ▁wants ▁to ▁cause ▁them ▁pain . ▁Can ’ t ▁we ▁give ▁him ▁a ▁break ? ▁I ▁think ▁this ▁church ▁is ▁big ▁enough ▁for ▁all ▁of ▁us , ▁and ▁the ▁Bot ts , ▁too . 

 This ▁is ▁a ▁hard ▁one . ▁That ▁is ▁why ▁you ▁cant ▁find ▁much . ▁I ▁think ▁each ▁individual ▁marriage ▁has ▁to ▁find ▁for ▁themselves ▁how ▁it ▁works . 

 My ▁husband ▁decided ▁he ▁was ▁done ▁with ▁the ▁church ▁on ▁Sunday . ▁It ▁is ▁hard ▁on ▁a ▁marriage ▁to ▁not ▁be ▁on ▁the ▁same ▁page . ▁It ▁is ▁hard ▁when ▁each ▁of ▁you ▁want ▁to ▁teach ▁your ▁kids ▁different ▁things . ▁I ▁was ▁shocked ▁when ▁he ▁asked ▁if ▁this ▁meant ▁I ▁would ▁leave ▁him ."
church,385,"▁church ▁of ▁Blackpool ) ▁ 

 The ▁cathedral ▁was ▁built ▁during ▁the ▁tenure ▁of ▁Bishop ▁Francis ▁Moy lan . ▁Construction ▁began ▁in ▁ 1 7 9 9 ▁on ▁the ▁site ▁of ▁a ▁former ▁church ▁built ▁in ▁the ▁ 1 7 3 0 s . ▁The ▁cathedral ▁was ▁dedicated ▁on ▁ 2 2 ▁August ▁ 1 8 0 8 ▁by ▁Archbishop ▁Thomas ▁Bray ▁of ▁Cas hel . ▁In ▁his ▁sermon , ▁co adj utor ▁bishop ▁Florence ▁McCarthy ▁D . D . ▁spoke ▁of ▁the ▁"" necess ity ▁of ▁social ▁worship , ▁arguing ▁the ▁point ▁from ▁reason , ▁scripture , ▁and ▁tradition ."" ▁McCarthy ▁died ▁of ▁typhoid ▁in ▁ 1 8 1 0 , ▁contracted ▁while ▁visiting ▁a ▁sick ▁parishi oner . 

 The ▁building ▁was ▁extensively ▁damaged ▁by"
church,385,"▁loving ▁and ▁righteous ▁husband ? ▁Do ▁you ▁have ▁enough ▁faith ▁in ▁yourself ▁to ▁be ▁the ▁spouse ▁that ▁he ▁deserves ? ▁Do ▁you ▁have ▁enough ▁faith ▁that ▁the ▁two ▁of ▁you ▁together ▁can ▁weather ▁the ▁challenges ▁that ▁will ▁come ▁when ▁your ▁kids ▁come ▁home ▁from ▁LDS ▁church ▁repeating ▁some ▁racist ▁folklore ? ▁Do ▁you ▁have ▁enough ▁faith ▁in ▁a ▁God ▁who ▁loves ▁you ▁and ▁who ▁wants ▁you ▁to ▁be ▁happy ? ▁Do ▁you ▁have ▁enough ▁faith ▁to ▁deal ▁with ▁the ▁hurtful ▁and ▁pity ing ▁comments ▁from ▁LDS ▁members ▁about ▁part - member ▁families ? ▁Do ▁you ▁have ▁enough ▁faith ▁to ▁step ▁into ▁the ▁unknown ▁without ▁the ▁support ▁of ▁your ▁family ▁and ▁your ▁church ▁community ? 

 I ▁know ▁you ▁have ▁the ▁g umption ▁to ▁do ▁all ▁of ▁this"
church,385,"▁demonstrate ▁an ▁association ▁between ▁MAR CO ▁expression ▁and ▁the ▁progression ▁and ▁prognosis ▁of ▁HCC . <bos> Ser mons ▁from ▁February ▁ 2 0 1 7 

 In ▁ 2 0 1 7 , ▁our ▁church ’ s ▁theme ▁is ▁“ Magn ify ▁Him .” ▁We ▁can ’ t ▁make ▁God ▁any ▁bigger ▁than ▁he ▁already ▁is , ▁but ▁we ▁can ▁discover ▁how ▁great ▁he ▁really ▁is . ▁When ▁we ▁Magn ify ▁Him , ▁we ▁aren ’ t ▁using ▁a ▁magnifying ▁glass ▁method ▁( making ▁something ▁tiny ▁look ▁huge ); ▁we ▁are ▁using ▁the ▁telescope ▁method ▁( un covering ▁the ▁gigantic ▁nature ▁of ▁something … <bos> Where ▁To ▁Eat 

 Brick ▁Pit , ▁The 

 Restaurant 

 The ▁Brick ▁Pit ▁is ▁known ▁for ▁its ▁moist , ▁tender ▁barbecue"
church,385,"▁protect ▁their ▁children ▁from . ▁I ▁would ▁consider ▁professional ▁counseling ▁to ▁help ▁the ▁two ▁of ▁you ▁come ▁to ▁specific ▁agreement ▁about ▁exactly ▁what ▁you ▁will ▁teach ▁your ▁children , ▁before ▁you ▁decide ▁to ▁have ▁them . ▁As ▁it ▁stands , ▁it ▁still ▁seems ▁to ▁me ▁that ▁raising ▁them ▁as ▁Quakers ▁may ▁be ▁the ▁way ▁to ▁go . 

 thanks ▁for ▁your ▁good ▁wishes , ▁E . ▁and ▁i ▁agree ▁with ▁you ▁re : ▁counseling . ▁but ▁then , ▁i ▁think ▁pre - marriage ▁counseling ▁is ▁a ▁good ▁idea ▁for ▁just ▁about ▁any ▁couple . ▁it ’ s ▁something ▁i ▁think ▁is ▁too ▁often ▁overlooked ▁in ▁our ▁church . ▁i ▁know ▁couples ▁go ▁through ▁a ▁series ▁of ▁interviews ▁with ▁their ▁bishop / stake ▁president , ▁but ▁from ▁what"
church,385,"▁decisions ▁made ▁in ▁that ▁meeting ▁were ▁not ▁of ▁the ▁volition ▁of ▁the ▁elders ▁or ▁the ▁Apostles ▁but ▁of ▁the ▁Holy ▁Spirit . 

 Others ▁may ▁point ▁to ▁ 1 ▁Timothy ▁ 3 : 1 5 , ▁especially ▁in ▁defense ▁of ▁“ collective ▁determination ”: 

 but ▁in ▁case ▁I ▁am ▁delayed , ▁I ▁write ▁so ▁that ▁you ▁will ▁know ▁how ▁one ▁ought ▁to ▁conduct ▁himself ▁in ▁the ▁household ▁of ▁God , ▁which ▁is ▁the ▁church ▁of ▁the ▁living ▁God , ▁the ▁pillar ▁and ▁support ▁of ▁the ▁truth . 

 It ▁is ▁argued ▁that ▁since ▁the ▁church ▁is ▁the ▁pillar ▁and ▁support ▁of ▁the ▁truth , ▁the ▁decisions ▁made ▁by ▁the ▁church ▁are ▁the ▁truth . ▁This ▁verse ▁says ▁no ▁such ▁thing , ▁however – ▁it ▁simply ▁states"
church,385,"▁in ▁that ▁class , ▁and ▁perhaps ▁the ▁offending ▁statement ▁was ▁not ▁made ▁during ▁the ▁time ▁she ▁took ▁it . ▁My ▁bringing ▁up ▁who ▁said ▁it ▁was ▁construed ▁as ▁a ▁criticism ▁of ▁the ▁speaker , ▁and ▁his ▁name ▁just ▁should ▁have ▁been ▁left ▁out . ▁I ▁guess ▁I ▁just ▁wanted ▁to ▁emphasize ▁that ▁this ▁sort ▁of ▁thing ▁goes ▁on ▁in ▁the ▁mainstream ▁church , ▁even ▁at ▁“ The ▁Lord ’ s ▁University ”. 

 I ▁also ▁cannot ▁help ▁but ▁disagree ▁that ▁the ▁statement ▁was ▁made ▁in ▁a ▁passive ▁or ▁hyperbolic ▁sense . ▁Every ▁kid ▁in ▁that ▁classroom ▁heard ▁it , ▁and ▁reacted ▁some ▁way . ▁Maybe ▁some ▁nodded ▁with ▁agreement , ▁knowing ▁in ▁their ▁hearts ▁that ▁their ▁parents ▁also ▁would ▁rather ▁see ▁them ▁dead ▁that ▁married ▁outside ▁the"
church,385,"▁anywhere ▁in ▁a ▁father - daughter ▁relationship . 

 Also , ▁being ▁in ▁an ▁inter faith ▁relationship ▁myself , ▁I ▁couldn ’ t ▁help ▁but ▁go ▁through ▁the ▁laundry ▁list ▁you ▁posted , ▁ame lia , ▁and ▁I ▁am ▁saddened . ▁I ▁feel ▁like ▁I ’ m ▁going ▁to ▁have ▁to ▁grow ▁a ▁thicker ▁skin . 

 In ▁personal ▁experience , ▁I ▁remember ▁the ▁feeling ▁of ▁trying ▁to ▁squ ish ▁myself ▁into ▁the ▁image ▁of ▁what ▁I ▁thought ▁the ▁Mormon ▁men ▁I ▁dated ▁were ▁looking ▁for . ▁In ▁the ▁last ▁couple ▁years , ▁I ’ ve ▁let ▁go ▁and ▁decided ▁to ▁be ▁myself . ▁That ▁allowed ▁me ▁to ▁be ▁open ▁to ▁relationships ▁outside ▁the ▁church , ▁and ▁I ’ m ▁happier ▁than ▁I ’ ve ▁been ▁in"
church,385,"▁equally ▁useful ▁for ▁fleet ▁sailing ▁and ▁for ▁navigation . ▁Likewise , ▁the ▁sta di meter ▁proved ▁useful ▁during ▁the ▁Battle ▁of ▁Manila ▁Bay ▁during ▁the ▁Spanish – American ▁War . ▁U . S . ▁patent ▁# 5 2 3 , 7 2 1 ▁was ▁issued ▁to ▁Fiske ▁on ▁July ▁ 3 1 , ▁ 1 8 9 4 . 

 1 8 9 4 ▁Mou set rap 

 A ▁mou set rap ▁is ▁a ▁specialized ▁type ▁of ▁animal ▁trap ▁designed ▁primarily ▁to ▁catch ▁mice . ▁However , ▁it ▁may ▁also ▁trap ▁other ▁small ▁animals . ▁Mou set ra ps ▁are ▁usually ▁set ▁in ▁an ▁indoor ▁location ▁where ▁there ▁is ▁a ▁suspected ▁infestation ▁of ▁rodents . ▁The ▁first ▁mouse ▁trap ▁was ▁invented ▁by ▁William ▁C . ▁Hooker ▁of"
church,385,"▁( 1 1 ▁percent ). ▁In ▁SY G ▁states , ▁almost ▁ 1 7 ▁percent ▁of ▁white - on - black ▁shootings ▁were ▁ruled ▁to ▁be ▁justified . 

 Those ▁statistics ▁as ▁well ▁as ▁data ▁from ▁prisons ▁tell ▁an ▁inconvenient ▁truth . ▁I ▁think ▁"" Equal ▁Justice "" ▁is ▁the ▁next ▁"" Marriage ▁Equality "" ▁if ▁done ▁correctly . ▁As ▁with ▁LGBT ▁marriage , ▁the ▁country ▁hasn ' t ▁yet ▁realized ▁the ▁extent ▁of ▁our ▁institutional ized ▁discrimination . 

 FL ORI - DU H ▁Defender , ▁okay , ▁if ▁it ▁makes ▁you ▁feel ▁better , ▁Zimmerman ▁is ▁Latino ▁even ▁though ▁he ' s ▁father ▁is ▁NOT . ▁Maybe ▁you ▁should ▁check ▁some ▁of ▁the ▁job ▁applications ▁around ▁town ▁where ▁LATIN OS ▁are ▁asked ▁to ▁mark ▁"""
church,385,"▁for ▁all ▁$ i \ in ▁I $, ▁$ a \ in ▁A $. 

 3 . ▁▁ ${\ sigma ▁} _ i ^ a ( R ^ a ) ▁= ▁R ^{ {\ rho ▁} _ i ( a )}$ ▁for ▁all ▁$ i \ in ▁I $, ▁$ a \ in ▁A $. 

 4 . ▁▁ If ▁$ i , j \ in ▁I $ ▁and ▁$ a \ in ▁A $ ▁such ▁that ▁$ i \ not = j $ ▁and ▁$ m _{ i , j }^ a $ ▁is ▁finite , ▁then ▁$ ({\ rho ▁} _ i {\ rho ▁} _ j )^{ m _{ i , j }^ a }( a )= a $. 

 The ▁axioms ▁( R"
church,385,"▁▁ var ▁packed Uint 6 4 : ▁[ UInt 6 4 ] ▁= ▁[] 

 ▁▁ var ▁packed Sint 3 2 : ▁[ Int 3 2 ] ▁= ▁[] 

 ▁▁ var ▁packed Sint 6 4 : ▁[ Int 6 4 ] ▁= ▁[] 

 ▁▁ var ▁packed Fixed 3 2 : ▁[ UInt 3 2 ] ▁= ▁[] 

 ▁▁ var ▁packed Fixed 6 4 : ▁[ UInt 6 4 ] ▁= ▁[] 

 ▁▁ var ▁packed S fixed 3 2 : ▁[ Int 3 2 ] ▁= ▁[] 

 ▁▁ var ▁packed S fixed 6 4 : ▁[ Int 6 4 ] ▁= ▁[] 

 ▁▁ var ▁packed Float : ▁[ Float ] ▁= ▁[] 

 ▁▁ var ▁packed Double : ▁[ Double ] ▁="
church,385,"▁evacuated ▁by ▁a ▁vacuum ▁pump , ▁is ▁used . ▁The ▁process ▁may ▁be ▁a ▁process ▁of ▁epit axial ▁growth ▁for ▁producing ▁monoc ry stalline ▁film ▁of ▁silicon , ▁in ▁which ▁an ▁amount ▁of ▁dust ▁is ▁produced ▁when ▁the ▁reaction ▁process ▁or ▁a ▁melting ▁and ▁crystallization ▁process ▁take ▁place ▁and ▁the ▁produced ▁dust ▁flows ▁into ▁the ▁vacuum ▁pump ▁together ▁with ▁the ▁existing ▁gas . 
 2 . ▁Description ▁of ▁the ▁Related ▁Arts ▁In ▁general , ▁the ▁process ▁of ▁productions ▁by ▁reaction ▁and ▁the ▁melting ▁and ▁crystallization ▁processes ▁in ▁a ▁vessel ▁for ▁processing ▁under ▁a ▁reduced ▁pressure ▁are ▁carried ▁out ▁in ▁vacuum . ▁Therefore , ▁the ▁specific ▁gravity ▁of ▁the ▁gas ▁which ▁flows ▁into ▁a ▁vacuum ▁pump ▁is ▁very ▁small . ▁When ▁the ▁gas , ▁together ▁with ▁the ▁dust"
jesus,9493,"▁to ▁follow ? Ain ' t ▁karma ▁such ▁a ▁bitch ? ▁Wak ak aka . 

 But ▁wait , ▁I ▁apologise ▁for ▁boring ▁you ▁with ▁this ▁sense ▁of ▁outrage ▁at ▁the ▁blatant ▁double ▁standards ▁because ▁I ▁kept ▁forgetting ▁that ' s ▁UM NO , ▁wak ak aka . 

 And ▁that ' s ▁why , ▁to ▁reiterate , ▁UM NO ▁is ▁a ▁nest ▁of ▁vip ers ▁with ▁mucho ▁Machia vel lian ▁activities ▁and ▁schemes , ▁wak ak aka , ▁which ▁BTW ▁should ▁also ▁include ▁Anwar ' s ▁attempted ▁move ▁against ▁Mahat hir ▁back ▁in ▁ 1 9 9 8 . 

 And ▁to ▁show ▁my ▁argument ▁is ▁true ▁that ▁UM NO ▁blo kes ▁like ▁Ku ▁Li ▁and ▁Anwar ▁( and ▁indeed ▁even ▁Mahat hir ▁himself ) ▁prefer"
jesus,9493,"▁to ▁follow ? Ain ' t ▁karma ▁such ▁a ▁bitch ? ▁Wak ak aka . 

 But ▁wait , ▁I ▁apologise ▁for ▁boring ▁you ▁with ▁this ▁sense ▁of ▁outrage ▁at ▁the ▁blatant ▁double ▁standards ▁because ▁I ▁kept ▁forgetting ▁that ' s ▁UM NO , ▁wak ak aka . 

 And ▁that ' s ▁why , ▁to ▁reiterate , ▁UM NO ▁is ▁a ▁nest ▁of ▁vip ers ▁with ▁mucho ▁Machia vel lian ▁activities ▁and ▁schemes , ▁wak ak aka , ▁which ▁BTW ▁should ▁also ▁include ▁Anwar ' s ▁attempted ▁move ▁against ▁Mahat hir ▁back ▁in ▁ 1 9 9 8 . 

 And ▁to ▁show ▁my ▁argument ▁is ▁true ▁that ▁UM NO ▁blo kes ▁like ▁Ku ▁Li ▁and ▁Anwar ▁( and ▁indeed ▁even ▁Mahat hir ▁himself ) ▁prefer"
jesus,9493,"▁to ▁follow ? Ain ' t ▁karma ▁such ▁a ▁bitch ? ▁Wak ak aka . 

 But ▁wait , ▁I ▁apologise ▁for ▁boring ▁you ▁with ▁this ▁sense ▁of ▁outrage ▁at ▁the ▁blatant ▁double ▁standards ▁because ▁I ▁kept ▁forgetting ▁that ' s ▁UM NO , ▁wak ak aka . 

 And ▁that ' s ▁why , ▁to ▁reiterate , ▁UM NO ▁is ▁a ▁nest ▁of ▁vip ers ▁with ▁mucho ▁Machia vel lian ▁activities ▁and ▁schemes , ▁wak ak aka , ▁which ▁BTW ▁should ▁also ▁include ▁Anwar ' s ▁attempted ▁move ▁against ▁Mahat hir ▁back ▁in ▁ 1 9 9 8 . 

 And ▁to ▁show ▁my ▁argument ▁is ▁true ▁that ▁UM NO ▁blo kes ▁like ▁Ku ▁Li ▁and ▁Anwar ▁( and ▁indeed ▁even ▁Mahat hir ▁himself ) ▁prefer"
jesus,9493,"▁to ▁follow ? Ain ' t ▁karma ▁such ▁a ▁bitch ? ▁Wak ak aka . 

 But ▁wait , ▁I ▁apologise ▁for ▁boring ▁you ▁with ▁this ▁sense ▁of ▁outrage ▁at ▁the ▁blatant ▁double ▁standards ▁because ▁I ▁kept ▁forgetting ▁that ' s ▁UM NO , ▁wak ak aka . 

 And ▁that ' s ▁why , ▁to ▁reiterate , ▁UM NO ▁is ▁a ▁nest ▁of ▁vip ers ▁with ▁mucho ▁Machia vel lian ▁activities ▁and ▁schemes , ▁wak ak aka , ▁which ▁BTW ▁should ▁also ▁include ▁Anwar ' s ▁attempted ▁move ▁against ▁Mahat hir ▁back ▁in ▁ 1 9 9 8 . 

 And ▁to ▁show ▁my ▁argument ▁is ▁true ▁that ▁UM NO ▁blo kes ▁like ▁Ku ▁Li ▁and ▁Anwar ▁( and ▁indeed ▁even ▁Mahat hir ▁himself ) ▁prefer"
jesus,9493,"▁In ▁fact , ▁a ▁book ▁called ▁“ UFO ’ s ▁in ▁the ▁Qur ’ an ” ▁claims ▁that ▁the ▁U . S . ▁government ▁is ▁being ▁run ▁by ▁aliens ▁or ▁evil ▁spirits . ▁That ’ s ▁Skull ▁& ▁Bones . ▁They ▁tell ▁their ▁members ▁they ’ d ▁always ▁be ▁protected ▁from ▁corruption ▁charges . ▁So ▁a ▁Harvard ▁University ▁professor , ▁just ▁because ▁he ▁goes ▁to ▁Harvard , ▁is ▁told ▁he ’ d ▁always ▁be ▁protected ▁from ▁rape ▁accusations , ▁and ▁no ▁matter ▁what ▁crime ▁he ▁commits , ▁it ’ s ▁going ▁to ▁be ▁ok . 

 But ▁this ▁is ▁not ▁the ▁way ▁God ’ s ▁government ▁works . ▁This ▁is ▁not ▁something ▁Jesus ▁would ▁stand ▁for . ▁Cor rupt ▁people ▁are ▁going ▁to ▁hell , ▁and ▁nothing"
jesus,9493,"▁adults ▁ 2 5 - 5 4 ▁and ▁ 1 8 - 4 9 ▁for ▁the ▁night ,"" ▁the ▁network ▁said ▁in ▁a ▁statement . 

 This ▁season ▁is ▁poised ▁to ▁explore ▁some ▁family ▁problems ▁within ▁the ▁large ▁Chapman ▁family ▁— ▁daughter ▁"" Baby "" ▁Ly ssa ▁Chapman ' s ▁March ▁arrest ▁will ▁air ▁on ▁an ▁episode , ▁as ▁will ▁tensions ▁between ▁Chapman ▁and ▁his ▁oldest ▁son , ▁Duane ▁Lee . 

 "" I ▁love ▁you , ▁dad . ▁This ▁is ▁Travis . ▁I ▁want ▁to ▁go ▁home . ▁I ▁don ' t ▁like ▁it ▁here ,"" ▁the ▁boy ▁told ▁his ▁father ▁also ▁named ▁Travis . ▁They ▁gained ▁custody ▁after ▁an ▁audio ▁recording ▁surfaced ▁that ▁allegedly ▁showed ▁the ▁father ▁beating ▁the ▁child ▁with ▁a ▁belt . 

"
jesus,9493,"▁adults ▁ 2 5 - 5 4 ▁and ▁ 1 8 - 4 9 ▁for ▁the ▁night ,"" ▁the ▁network ▁said ▁in ▁a ▁statement . 

 This ▁season ▁is ▁poised ▁to ▁explore ▁some ▁family ▁problems ▁within ▁the ▁large ▁Chapman ▁family ▁— ▁daughter ▁"" Baby "" ▁Ly ssa ▁Chapman ' s ▁March ▁arrest ▁will ▁air ▁on ▁an ▁episode , ▁as ▁will ▁tensions ▁between ▁Chapman ▁and ▁his ▁oldest ▁son , ▁Duane ▁Lee . 

 "" I ▁love ▁you , ▁dad . ▁This ▁is ▁Travis . ▁I ▁want ▁to ▁go ▁home . ▁I ▁don ' t ▁like ▁it ▁here ,"" ▁the ▁boy ▁told ▁his ▁father ▁also ▁named ▁Travis . ▁They ▁gained ▁custody ▁after ▁an ▁audio ▁recording ▁surfaced ▁that ▁allegedly ▁showed ▁the ▁father ▁beating ▁the ▁child ▁with ▁a ▁belt . 

"
jesus,9493,"▁have ▁an ▁entirely ▁different ▁perspective ▁of ▁the ▁memo ▁than ▁the ▁rest ▁of ▁the ▁world . ▁And ▁DDT ▁will ▁be ▁delighted ▁because ▁he ▁gets ▁all ▁his ▁advice ▁from ▁Fox . ▁He ▁told ▁friends ▁that ▁the ▁release ▁of ▁the ▁memo ▁would ▁allow ▁him ▁to ▁argue ▁FBI ▁prejudice ▁against ▁him . ▁Most ▁people , ▁however , ▁as ▁saying , ▁“ That ’ s ▁it ?” ▁The ▁memo . 

 Russia ▁This ▁Week : 

 DDT ▁backed ▁off ▁on ▁his ▁guarantee ▁because ▁lawyers ▁are ▁afraid ▁that ▁he ’ ll ▁lie ▁to ▁them . ▁Seventy - one ▁percent ▁of ▁people ▁in ▁the ▁U . S . ▁agree ▁that ▁he ▁should ▁agree ▁to ▁an ▁interview ▁with ▁Mueller , ▁and ▁ 8 2 ▁percent ▁of ▁them ▁want ▁it ▁under ▁oath — 9 3 ▁percent"
jesus,9493,"▁Mandate ▁of ▁Heaven , ▁wak ak aka . 

 Mand ate ▁of ▁Heaven 

 In ▁this ▁regard , ▁yes , ▁we ▁could ▁say ▁Mahat hir ▁had ▁been ▁treacherous ▁to ▁Ku ▁Li ▁in ▁not ▁keeping ▁his ▁words , ▁an ▁agreement ▁to ▁make ▁the ▁latter ▁as ▁his ▁DPM ▁as ▁Ku ▁Li ▁had ▁willingly ▁given ▁way ▁to ▁him ▁to ▁be ▁deputy ▁president ▁UM NO ▁and ▁of ▁course ▁the ▁PM , ▁but ▁then ▁what ▁do ▁you ▁expect ▁when ▁that ' s ▁UM NO , ▁a ▁veritable ▁nest ▁of ▁vip ers . 

 Nonetheless , ▁why ▁has ▁he ▁( Ma hat hir ) ▁complained ▁about ▁A AB ▁and ▁Najib ▁not ▁keeping ▁their ▁word ▁to ▁him ? ▁Didn ' t ▁he ▁set ▁the ▁example ▁vis - a - vis ▁Ku ▁Li ▁for ▁them"
jesus,9493,"▁obligation ▁to ▁remain ▁in ▁his ▁vehicle ▁--- ▁and ▁he ▁exited ▁his ▁vehicle ▁when ▁Martin ▁disappeared ▁from ▁sight . 

 Zimmer man ▁called ▁the ▁police ▁before ▁Martin ▁jumped ▁him ▁--- ▁and ▁MSNBC ▁deleted ▁parts ▁of ▁the ▁recorded ▁discussion ▁and ▁broadcast ▁it ▁to ▁make ▁it ▁look ▁like ▁Zimmerman ▁was ▁targeting ▁Martin ▁because ▁Martin ▁was ▁black ▁--- ▁rather ▁than ▁tail ing ▁Martin ▁because ▁he ▁was ▁wandering ▁around ▁in ▁the ▁dark ▁in ▁a ▁neighborhood ▁which ▁had ▁recently ▁suffered ▁some ▁break - ins ▁and ▁thwarted ▁other ▁break - ins . 

 This ▁was ▁MSNBC ' s ▁attempt ▁to ▁lynch ▁a ▁straw ▁horse , ▁a ▁so - called ▁"" white "" ▁Hispanic . ▁MSNBC ▁needed ▁a ▁black - white ▁confrontation ▁to ▁promote ▁their ▁own ▁racist , ▁anti - white ▁narrative ▁that ▁America ▁is"
jesus,9493,"▁obligation ▁to ▁remain ▁in ▁his ▁vehicle ▁--- ▁and ▁he ▁exited ▁his ▁vehicle ▁when ▁Martin ▁disappeared ▁from ▁sight . 

 Zimmer man ▁called ▁the ▁police ▁before ▁Martin ▁jumped ▁him ▁--- ▁and ▁MSNBC ▁deleted ▁parts ▁of ▁the ▁recorded ▁discussion ▁and ▁broadcast ▁it ▁to ▁make ▁it ▁look ▁like ▁Zimmerman ▁was ▁targeting ▁Martin ▁because ▁Martin ▁was ▁black ▁--- ▁rather ▁than ▁tail ing ▁Martin ▁because ▁he ▁was ▁wandering ▁around ▁in ▁the ▁dark ▁in ▁a ▁neighborhood ▁which ▁had ▁recently ▁suffered ▁some ▁break - ins ▁and ▁thwarted ▁other ▁break - ins . 

 This ▁was ▁MSNBC ' s ▁attempt ▁to ▁lynch ▁a ▁straw ▁horse , ▁a ▁so - called ▁"" white "" ▁Hispanic . ▁MSNBC ▁needed ▁a ▁black - white ▁confrontation ▁to ▁promote ▁their ▁own ▁racist , ▁anti - white ▁narrative ▁that ▁America ▁is"
jesus,9493,". ▁Israel ’ s ▁identity ▁is ▁now ▁big ▁enough ▁and ▁strong ▁enough ▁to ▁live ▁on ▁beyond ▁that ▁first ▁particular ▁group ▁of ▁people ▁who ▁fled ▁from ▁Egypt . ▁Israel ▁is ▁now ▁an ▁idea , ▁ready ▁to ▁plant ▁itself ▁in ▁the ▁ground ▁and ▁become ▁a ▁nation . ▁That ’ s ▁the ▁scroll ▁of ▁Numbers . 

 DE UTER ONOMY 

 “ Deuter onomy ,” ▁or ▁de var im ▁in ▁Hebrew , ▁is ▁the ▁last ▁of ▁the ▁five ▁sections ▁of ▁Torah . ▁It ▁starts ▁and ▁ends ▁with ▁narrative ▁bits , ▁but ▁the ▁bulk ▁of ▁the ▁book ▁consists ▁of ▁laws ▁and ▁admon itions ▁to ▁the ▁people ▁of ▁Israel , ▁presumably ▁from ▁the ▁priests . ▁There ▁is ▁a ▁lot ▁of ▁new ▁material , ▁but ▁also ▁much ▁that ▁is ▁recycled ▁and ▁expanded ▁from"
jesus,9493,". ▁Israel ’ s ▁identity ▁is ▁now ▁big ▁enough ▁and ▁strong ▁enough ▁to ▁live ▁on ▁beyond ▁that ▁first ▁particular ▁group ▁of ▁people ▁who ▁fled ▁from ▁Egypt . ▁Israel ▁is ▁now ▁an ▁idea , ▁ready ▁to ▁plant ▁itself ▁in ▁the ▁ground ▁and ▁become ▁a ▁nation . ▁That ’ s ▁the ▁scroll ▁of ▁Numbers . 

 DE UTER ONOMY 

 “ Deuter onomy ,” ▁or ▁de var im ▁in ▁Hebrew , ▁is ▁the ▁last ▁of ▁the ▁five ▁sections ▁of ▁Torah . ▁It ▁starts ▁and ▁ends ▁with ▁narrative ▁bits , ▁but ▁the ▁bulk ▁of ▁the ▁book ▁consists ▁of ▁laws ▁and ▁admon itions ▁to ▁the ▁people ▁of ▁Israel , ▁presumably ▁from ▁the ▁priests . ▁There ▁is ▁a ▁lot ▁of ▁new ▁material , ▁but ▁also ▁much ▁that ▁is ▁recycled ▁and ▁expanded ▁from"
jesus,9493,". ▁Israel ’ s ▁identity ▁is ▁now ▁big ▁enough ▁and ▁strong ▁enough ▁to ▁live ▁on ▁beyond ▁that ▁first ▁particular ▁group ▁of ▁people ▁who ▁fled ▁from ▁Egypt . ▁Israel ▁is ▁now ▁an ▁idea , ▁ready ▁to ▁plant ▁itself ▁in ▁the ▁ground ▁and ▁become ▁a ▁nation . ▁That ’ s ▁the ▁scroll ▁of ▁Numbers . 

 DE UTER ONOMY 

 “ Deuter onomy ,” ▁or ▁de var im ▁in ▁Hebrew , ▁is ▁the ▁last ▁of ▁the ▁five ▁sections ▁of ▁Torah . ▁It ▁starts ▁and ▁ends ▁with ▁narrative ▁bits , ▁but ▁the ▁bulk ▁of ▁the ▁book ▁consists ▁of ▁laws ▁and ▁admon itions ▁to ▁the ▁people ▁of ▁Israel , ▁presumably ▁from ▁the ▁priests . ▁There ▁is ▁a ▁lot ▁of ▁new ▁material , ▁but ▁also ▁much ▁that ▁is ▁recycled ▁and ▁expanded ▁from"
jesus,9493,". ▁Israel ’ s ▁identity ▁is ▁now ▁big ▁enough ▁and ▁strong ▁enough ▁to ▁live ▁on ▁beyond ▁that ▁first ▁particular ▁group ▁of ▁people ▁who ▁fled ▁from ▁Egypt . ▁Israel ▁is ▁now ▁an ▁idea , ▁ready ▁to ▁plant ▁itself ▁in ▁the ▁ground ▁and ▁become ▁a ▁nation . ▁That ’ s ▁the ▁scroll ▁of ▁Numbers . 

 DE UTER ONOMY 

 “ Deuter onomy ,” ▁or ▁de var im ▁in ▁Hebrew , ▁is ▁the ▁last ▁of ▁the ▁five ▁sections ▁of ▁Torah . ▁It ▁starts ▁and ▁ends ▁with ▁narrative ▁bits , ▁but ▁the ▁bulk ▁of ▁the ▁book ▁consists ▁of ▁laws ▁and ▁admon itions ▁to ▁the ▁people ▁of ▁Israel , ▁presumably ▁from ▁the ▁priests . ▁There ▁is ▁a ▁lot ▁of ▁new ▁material , ▁but ▁also ▁much ▁that ▁is ▁recycled ▁and ▁expanded ▁from"
jesus,9493,"▁of ▁local ▁Israeli ▁stations : ▁one ▁broadcasts ▁news ▁from ▁Y NET , ▁the ▁other ▁broadcasts ▁them ▁from ▁Channel ▁ 1 0 . ▁Israeli ▁Army ▁Radio ▁general ▁public ▁stations ▁broadcast ▁the ▁same ▁news ▁capsule ▁every ▁hour , ▁and ▁IBA ' s ▁Kol ▁Israel ▁stations ▁broadcast ▁theirs . 

 See ▁also 

 ▁List ▁of ▁news ▁channels 
 ▁Template : Japanese ▁television ▁networks 
 ▁Television ▁news ▁music ▁package 
 ▁List ▁of ▁news ▁presenters 
 ▁United ▁States ▁cable ▁news 
 ▁United ▁States ▁television ▁news 
 ▁Television ▁news ▁screen ▁layout 
 Live ▁streaming ▁world ▁news 

 Footnotes 

 Further ▁reading 

 ▁Charles ▁L . ▁Ponce ▁de ▁Leon , ▁That ' s ▁the ▁Way ▁It ▁Is : ▁A ▁History ▁of ▁Television ▁News ▁in ▁America . ▁Chicago : ▁University ▁of ▁Chicago ▁Press , ▁"
jesus,9493,"▁I ▁am ▁not ▁sure ▁what ▁is ▁to ▁happen ▁with ▁this ▁pair , ▁but ▁I ▁love ▁them ▁together ! ▁Don ’ t ▁know ▁why – maybe ▁it ▁is ▁the ▁older ▁guy ▁thing – the ▁maturity ▁and ▁knowledge ▁that ▁younger ▁males ▁seem ▁to … ▁lack . ▁Ah m . ▁Anyway , ▁the ▁romantic ▁relationships ▁are ▁not ▁nearly ▁as ▁complicated ▁in ▁Vampire ▁Academy ▁as ▁in ▁the ▁Blue ▁Blood s ▁series . ▁Don ’ t ▁get ▁me ▁wrong – love ▁them ▁both ▁and ▁really ▁love ▁the ▁complications ▁as ▁an ▁outside ▁looking ▁in – that ’ s ▁it . ▁🙂 

 ” ’ That ’ s ▁part ▁of ▁it , ▁‘ ▁he ▁said . ▁‘ But ▁also … ▁well , ▁you ▁and ▁I ▁will ▁both ▁be ▁L issa ’ s ▁guardians ▁someday"
jesus,9493,"▁I ▁am ▁not ▁sure ▁what ▁is ▁to ▁happen ▁with ▁this ▁pair , ▁but ▁I ▁love ▁them ▁together ! ▁Don ’ t ▁know ▁why – maybe ▁it ▁is ▁the ▁older ▁guy ▁thing – the ▁maturity ▁and ▁knowledge ▁that ▁younger ▁males ▁seem ▁to … ▁lack . ▁Ah m . ▁Anyway , ▁the ▁romantic ▁relationships ▁are ▁not ▁nearly ▁as ▁complicated ▁in ▁Vampire ▁Academy ▁as ▁in ▁the ▁Blue ▁Blood s ▁series . ▁Don ’ t ▁get ▁me ▁wrong – love ▁them ▁both ▁and ▁really ▁love ▁the ▁complications ▁as ▁an ▁outside ▁looking ▁in – that ’ s ▁it . ▁🙂 

 ” ’ That ’ s ▁part ▁of ▁it , ▁‘ ▁he ▁said . ▁‘ But ▁also … ▁well , ▁you ▁and ▁I ▁will ▁both ▁be ▁L issa ’ s ▁guardians ▁someday"
jesus,9493,"▁open ▁and ▁shut ▁case , ▁this ▁is ▁it ▁..."" 
 [ 9 ] ▁▁ Before ▁Ku hlmann , ▁a ▁change ▁in ▁applicable ▁law ▁seemed ▁to ▁guarantee ▁reconsideration ▁in ▁the ▁Eleventh ▁Circuit . ▁This ▁court ▁is ▁aware ▁of ▁no ▁published ▁case ▁regarding ▁successive ▁petitioners ▁in ▁which ▁the ▁Eleventh ▁Circuit ▁has ▁ever ▁denied ▁reconsideration ▁where ▁there ▁was ▁an ▁intervening ▁change ▁in ▁law ▁which ▁applied ▁retro actively ▁to ▁a ▁prisoner . ▁Cf ▁Young ▁v . ▁Kemp , ▁ 7 5 8 ▁F . 2 d ▁ 5 1 4 ▁( 1 1 th ▁Cir . 1 9 8 5 ); ▁Smith ▁v . ▁Kemp , ▁ 7 1 5 ▁F . 2 d ▁ 1 4 5 9 ▁( 1 1 th ▁Cir . 1 9 8 3 ); ▁Fleming"
jesus,9493,"▁ 2 0 1 1 . 

 This ▁fight ▁took ▁place ▁in ▁Sho oto . 

 “ Ram bo ” ▁almost ▁caught ▁O chi ▁with ▁an ▁ar mbar ▁in ▁the ▁first ▁round . ▁But ▁O chi ▁came ▁back ▁and ▁KO ’ d ▁Kos uke ▁in ▁the ▁second ▁round . ▁That ▁was ▁“ Ram bo ” ‘ s ▁first ▁pro ▁defeat ▁in ▁seven ▁fights . <bos> -- recursive 
 -- require ▁@ babel / register 
 <bos> Accounting 

 Surf ▁Works ▁offer ▁a ▁range ▁of ▁accounting ▁services ▁suitable ▁for ▁all ▁types ▁of ▁business . ▁Below , ▁we ▁have ▁listed ▁packages ▁suitable ▁for ▁sole ▁traders , ▁partnerships ▁and ▁limited ▁companies . ▁The ▁packages ▁can ▁be ▁fully ▁tailored ▁to ▁your ▁requirements ▁by ▁adding ▁extra ▁services ▁to ▁create ▁the ▁exact ▁service"
jesus,9493,"
 is ▁becoming ▁realized ▁while ▁the ▁ideals ▁the ▁Founders ▁stood ▁for ▁seems ▁to ▁be 
 radic ally ▁misunderstood .” 

 “ No , ▁wait 
 a ▁minute .” 

 “ No . ▁These ▁people ? 
 They ▁are ▁afraid . ▁And ▁maybe ▁for 
 too ▁long ▁we ’ ve ▁all ▁just ▁passively ▁accepted ▁that ▁those ▁elected ▁officials ▁embody 
 the ▁ideals ▁they ▁are ▁sworn ▁to ▁uphold . ▁We 
 haven ’ t ▁kept ▁an ▁eye ▁on ▁them . ▁Now ▁their ▁grand standing ▁seems ▁divided ▁on ▁party ▁lines , ▁exacerbated ▁by ▁the ▁tension ▁in ▁the ▁air .” 

 “ That ’ s 
 not ▁the ▁law . ▁That ▁is ▁not ▁what ▁it 
 says . ▁We ▁have ▁a ▁responsibility ▁to ▁the 
 citizens ▁of ▁this ▁country . ▁And"
jesus,9493,"(), 
 ▁▁▁▁ success : ▁function ▁( data ) ▁{ 
 ▁▁▁▁▁▁▁▁ console . log ( data ); 
 ▁▁▁▁ }, 
 ▁▁▁▁ error : ▁function ( jq XHR , ▁textStatus , ▁errorMessage ) ▁{ 
 ▁▁▁▁▁▁▁▁ console . log ( errorMessage ); ▁// ▁Optional 
 ▁▁▁▁ } 
 }); 
 }) 

 and ▁that ' s ▁my ▁AJAX ▁code . ▁But ▁when ▁I ▁click ▁on ▁Search ▁button ▁it ▁redirects ▁me ▁to ▁the ▁new ▁page ▁and ▁nothing ▁in ▁the ▁console ▁log . ▁I ▁do ▁not ▁know ▁what ▁is ▁wrong ▁in ▁my ▁code . 
 I ▁return ▁a ▁JSON ▁from ▁the ▁'/ age / min _ age / max _ age ' ▁page , ▁but ▁the ▁result ▁shows ▁in ▁the ▁new ▁page . 
 How ▁can ▁I ▁fix"
jesus,9493,"(), 
 ▁▁▁▁ success : ▁function ▁( data ) ▁{ 
 ▁▁▁▁▁▁▁▁ console . log ( data ); 
 ▁▁▁▁ }, 
 ▁▁▁▁ error : ▁function ( jq XHR , ▁textStatus , ▁errorMessage ) ▁{ 
 ▁▁▁▁▁▁▁▁ console . log ( errorMessage ); ▁// ▁Optional 
 ▁▁▁▁ } 
 }); 
 }) 

 and ▁that ' s ▁my ▁AJAX ▁code . ▁But ▁when ▁I ▁click ▁on ▁Search ▁button ▁it ▁redirects ▁me ▁to ▁the ▁new ▁page ▁and ▁nothing ▁in ▁the ▁console ▁log . ▁I ▁do ▁not ▁know ▁what ▁is ▁wrong ▁in ▁my ▁code . 
 I ▁return ▁a ▁JSON ▁from ▁the ▁'/ age / min _ age / max _ age ' ▁page , ▁but ▁the ▁result ▁shows ▁in ▁the ▁new ▁page . 
 How ▁can ▁I ▁fix"
jesus,9493,"6 ▁billion ▁versus ▁ 7 4 0 ▁billion ▁total , ▁or ▁ 4 . 7 %. ▁If ▁this ▁doesn ' t ▁scare ▁you ▁wit less , ▁nothing ▁will . ▁Your ▁mind ▁is ▁gone . ▁You ▁have ▁exited ▁the ▁reality ▁highway . ▁You ▁have ▁achieved ▁the ▁nirvana ▁of ▁total ▁mental ▁drift , ▁and ▁you ▁are ▁floating ▁in ▁a ▁warm ▁sea ▁of ▁dis association . ▁There ▁is ▁also ▁WIC , ▁which ▁at ▁ 4 . 8 ▁billion ▁in ▁FY ▁ 2 0 1 2 ▁gets ▁us ▁to ▁more ▁like ▁ 9 . 5 % ▁of ▁basic ▁food ▁expenditures . All ▁this ▁money , ▁and ▁the ▁increasing ▁population ▁is ▁buying ▁less ▁food ▁per ▁capita ? ▁This ▁is ▁Japanese - style ▁deflation . ▁The ▁following ▁BEA - generated ▁chart ▁shows ▁CURRENT"
jesus,9493,"6 ▁billion ▁versus ▁ 7 4 0 ▁billion ▁total , ▁or ▁ 4 . 7 %. ▁If ▁this ▁doesn ' t ▁scare ▁you ▁wit less , ▁nothing ▁will . ▁Your ▁mind ▁is ▁gone . ▁You ▁have ▁exited ▁the ▁reality ▁highway . ▁You ▁have ▁achieved ▁the ▁nirvana ▁of ▁total ▁mental ▁drift , ▁and ▁you ▁are ▁floating ▁in ▁a ▁warm ▁sea ▁of ▁dis association . ▁There ▁is ▁also ▁WIC , ▁which ▁at ▁ 4 . 8 ▁billion ▁in ▁FY ▁ 2 0 1 2 ▁gets ▁us ▁to ▁more ▁like ▁ 9 . 5 % ▁of ▁basic ▁food ▁expenditures . All ▁this ▁money , ▁and ▁the ▁increasing ▁population ▁is ▁buying ▁less ▁food ▁per ▁capita ? ▁This ▁is ▁Japanese - style ▁deflation . ▁The ▁following ▁BEA - generated ▁chart ▁shows ▁CURRENT"
jesus,9493,"▁interpret ▁the ▁meaning ▁of ▁the ▁message . ▁This ▁is ▁privacy ▁in ▁action . 

 And ▁here ' s ▁an ▁excerpt ▁from ▁the ▁First ▁Monday ▁article : 

 Furthermore , ▁many ▁parents ▁reported ▁that ▁they ▁helped ▁their ▁children ▁create ▁their ▁accounts . ▁Among ▁the ▁ 8 4 ▁percent ▁of ▁parents ▁who ▁were ▁aware ▁when ▁their ▁child ▁first ▁created ▁the ▁account , ▁ 6 4 ▁percent ▁helped ▁create ▁the ▁account . ▁Among ▁those ▁who ▁knew ▁that ▁their ▁child ▁joined ▁below ▁the ▁age ▁of ▁ 1 3 ▁— ▁even ▁if ▁the ▁child ▁is ▁now ▁older ▁than ▁ 1 3 ▁— ▁over ▁two – thirds ▁( 6 8 ▁percent ) ▁indicated ▁that ▁they ▁helped ▁their ▁child ▁create ▁the ▁account . ▁Of ▁those ▁with ▁children ▁who ▁are ▁currently ▁under ▁ 1 3"
jesus,9493,"▁steady . ▁They ▁are ▁not ▁very ▁different ▁from ▁the ▁prior ▁year ' s . ▁This ▁is ▁the ▁current ▁release , ▁and ▁with ▁it ▁I ▁gr ump ily ▁concede ▁that ▁claims ▁are ▁in ▁the ▁ 3 8 0 s ▁rather ▁than ▁the ▁ 3 7 0 s ▁where ▁I ▁wanted ▁them ▁to ▁be . ▁While ▁not ▁dire , ▁this ▁is ▁an ▁unfavorable ▁development . All - important ▁inventories ▁to ▁sales ▁ratios ▁- ▁Total ▁business ▁remains ▁where ▁it ▁has ▁been ▁cycling , ▁which ▁obsc ures ▁the ▁unhappy ▁fact ▁that ▁the ▁reason ▁we ▁are ▁seeing ▁the ▁slow ▁down ▁in ▁production - type ▁PM Is ▁is ▁that ▁it ▁is ▁cycling ▁- ▁businesses ▁are ▁not ching ▁down ▁employment ▁in ▁order ▁to ▁keep ▁it ▁cycling . ▁The ▁forward ▁impetus ▁you ▁get ▁by ▁looking"
jesus,9493,"▁ain ' t ▁exactly ▁asking ▁him ▁to ▁play ▁in ▁goal ▁or ▁right ▁back ▁, ▁he ▁may ▁not ▁be ▁as ▁effective ▁in ▁that ▁place ▁but ▁that ' s ▁up ▁to ▁Jose ▁where ▁he ▁gets ▁the ▁best ▁out ▁of ▁the ▁lad ▁. 

 The ▁jury ▁is ▁out ▁on ▁where ▁Pogba ▁should ▁play ▁but ▁that ▁ain ' t ▁Jose ' s ▁, ▁fault ▁for ▁me ▁I ▁think ▁he ▁should ▁be ▁a ▁numb ▁ 1 0 ▁behind ▁in ▁the ▁present ▁side ▁Sanchez , ▁but ▁then ▁Jose ▁is ▁relying ▁to ▁much ▁on ▁Mat ic ▁, ▁has ▁Fell ani ▁injured ▁( ▁and ▁possibly ▁in ▁the ▁departure ▁lounge ) ▁Herrera ▁not ▁good ▁enough ▁but ▁ultimately ▁have ▁to ▁use ▁him ▁the ▁kid ▁who ▁played ▁Sat ▁plus ▁Carrick ▁finished ▁and ▁a ▁makeshift ▁Blind . 

 As"
jesus,9493,"▁ 
 That ▁is ▁my ▁code : 
 ▁▁▁▁ < script ▁type ="" text / javascript ""> ▁▁▁▁▁ 
 ▁▁▁▁ function ▁change Font (_ name ) ▁{ 
 ▁▁▁▁▁▁▁▁ document . body . style . fontFamily ▁= ▁_ name ; 
 ▁▁▁▁▁▁▁▁ document . textarea ▁= ▁_ name ; 
 ▁▁▁▁ } ▁ 
 ▁▁▁▁ </ script > 

 </ head > 
 < body ▁style ="" font - family ""> ▁▁▁ 
 ▁▁▁▁ < form ▁id ="" my form ""> 
 ▁▁▁▁▁▁▁▁ < input ▁type ="" text "" ▁/> ▁ 
 ▁▁▁▁▁▁▁▁ < button > erase </ button > ▁ 
 ▁▁▁▁▁▁▁▁ < select ▁id ="" fs "" ▁on change ="" change Font ( this . value ); ""> 
 ▁▁▁▁▁▁▁▁▁▁▁▁ < option ▁value ="" arial"
jesus,9493,"▁to ▁own ▁a 
 Think pad ▁with ▁a ▁hardware ▁kill ▁switch ▁for ▁WiFi . ▁It ▁was ▁useful , ▁even ▁aside ▁from 
 the ▁privacy ▁benefits .) 

 ~~~ 
 orth ogon 
 I ▁think ▁you ' re ▁neglecting ▁a ▁key ▁detail : ▁alternatives ▁are ▁hardly ▁even ▁on ▁the 
 shel ves , ▁and ▁NO ▁ONE ▁QUESTIONS ▁IT . 

 ▁▁▁▁ 
 ▁▁▁▁ 
 ▁▁▁▁▁▁ > ▁Oh , ▁well , ▁that ' s ▁just ▁ 
 ▁▁▁▁▁▁▁▁ supply ▁and ▁demand , ▁of ▁ 
 ▁▁▁▁▁▁▁▁ course ! 
 ▁▁▁▁ 
 ▁▁▁▁▁▁ > ▁Everyone ▁just ▁W ANTS ▁an ▁ 
 ▁▁▁▁▁▁▁▁ always ▁on ▁internet ▁connection ! 
 ▁▁▁▁ 
 ▁▁▁▁▁▁ > ▁Why ▁would ▁anyone ▁ever ▁remove 
 ▁▁▁▁▁▁▁▁ the ▁battery ▁from ▁their ▁ 
 ▁▁▁▁▁▁▁▁ cell ▁phone ??? 
"
jesus,9493,"1 6 . ▁I ▁don ’ t ▁know ▁when ▁they ▁[ Joseph ▁and ▁Deborah ] ▁were ▁married ▁but ▁probably ▁about ▁ 1 8 3 8 ▁for ▁their ▁oldest ▁son ▁was ▁born ▁about ▁ 1 8 4 0 . ▁That ▁was ▁Uncle ▁Henry . 

 Joseph ▁and ▁Deborah ▁had ▁three ▁children ▁together ▁before ▁she ▁died ▁about ▁ 1 8 5 4 . ▁Joseph ▁married ▁for ▁the ▁third ▁time ▁on ▁November ▁ 1 1 , ▁ 1 8 6 0 ▁to ▁a ▁widow , ▁Mah ala ▁Harper ▁Shelton ▁of ▁Jackson ▁County . ▁The ▁ 1 8 6 0 ▁census ▁list ▁Joseph ▁as ▁age ▁sixty ▁seven ▁with ▁personal ▁property ▁worth ▁$ 1 5 0 0 ▁and ▁real ▁estate ▁worth ▁$ 1 5 0 0 . ▁While ▁he ▁was ▁not ▁a"
jesus,9493,"

 This ▁is ▁my ▁first ▁re - election ▁campaign ▁for ▁Congress . ▁I ’ ve ▁worked ▁hard ▁— ▁really ▁hard ▁— ▁to ▁do ▁the ▁people ’ s ▁work , ▁but ▁I ▁need ▁your ▁help . ▁We ▁can ’ t ▁take ▁this ▁election ▁for ▁granted ▁and ▁I ’ m ▁working ▁hard ▁to ▁earn ▁every ▁vote . ▁I ▁need ▁you . ▁Together , ▁we ▁can ▁be ▁victorious ▁in ▁ 2 0 1 6 . 

 Support ▁is ▁Building 

 I ’ m ▁honored ▁to ▁have ▁recently ▁earned ▁the ▁endorsements ▁of ▁the ▁Michigan ▁State ▁AFL - CIO , ▁United ▁Auto ▁Workers ▁Region ▁ 1 , ▁Michigan ▁Regional ▁Council ▁of ▁Car penters ▁and ▁Mill wrights , ▁American ▁Federation ▁of ▁Teachers - Michigan , ▁Sheet ▁Metal ▁Workers ▁Local ▁ 8 0 ,"
jesus,9493,"</ option > 
 ▁▁ </ opt group > 
 ▁▁ < opt group ▁label =""[ hel ] ""> 
 ▁▁▁▁ < option ▁value ="" 4 ""> hel </ option > 
 ▁▁ </ opt group > 
 </ select > 

 <bos> Q : 

 Trans lating ▁BYTE ▁Reserved 1 [ 2 4 ] ▁to ▁js ctypes 

 This ▁is ▁the ▁MSD N ▁defin tion : 
 typedef ▁struct ▁_ SYSTEM _ BASIC _ INFORMATION ▁{ 
 ▁▁▁▁ BYTE ▁Reserved 1 [ 2 4 ]; 
 ▁▁▁▁ P VOID ▁Reserved 2 [ 4 ]; 
 ▁▁▁▁ C CHAR ▁Number Of Processors ; 
 } ▁SYSTEM _ BASIC _ INFORMATION ; 

 This ▁guy ▁converted ▁it ▁to ▁this ▁in ▁js - ctypes : 
 var ▁SYSTEM _"
jesus,9493,"This ▁is ▁my ▁answer ▁to ▁the ▁original ▁question ▁( https :// mat hover flow . net / a / 3 2 7 0 2 2 / 5 0 2 4 4 ) ▁whether ▁these ▁numbers ▁are ▁integers ▁to ▁begin ▁with , ▁it ▁gives ▁some ▁combinatorial ▁meaning ▁as ▁well : 
 Use ▁the ▁formulas 
 $ F ( n ) ▁= ▁\ frac {\ varphi ^ n ▁-\ psi ^ n }{\ sqrt { 5 }}$, ▁$\ varphi ▁=\ frac { 1 +\ sqrt { 5 }}{ 2 }, ▁\ psi ▁= ▁\ frac { 1 -\ sqrt { 5 }}{ 2 }$. ▁Let ▁$ q =\ frac {\ psi }{\ varphi } ▁= ▁\ frac {\ sqrt { 5 }- 3 }{ 2 }$, ▁so ▁that 
"
jesus,9493,"This ▁is ▁my ▁answer ▁to ▁the ▁original ▁question ▁( https :// mat hover flow . net / a / 3 2 7 0 2 2 / 5 0 2 4 4 ) ▁whether ▁these ▁numbers ▁are ▁integers ▁to ▁begin ▁with , ▁it ▁gives ▁some ▁combinatorial ▁meaning ▁as ▁well : 
 Use ▁the ▁formulas 
 $ F ( n ) ▁= ▁\ frac {\ varphi ^ n ▁-\ psi ^ n }{\ sqrt { 5 }}$, ▁$\ varphi ▁=\ frac { 1 +\ sqrt { 5 }}{ 2 }, ▁\ psi ▁= ▁\ frac { 1 -\ sqrt { 5 }}{ 2 }$. ▁Let ▁$ q =\ frac {\ psi }{\ varphi } ▁= ▁\ frac {\ sqrt { 5 }- 3 }{ 2 }$, ▁so ▁that 
"
jesus,9493,"0 2 ▁▁▁▁▁ 4 ▁▁▁▁▁▁▁▁▁▁▁▁▁▁▁ 0 , 0 3 ▁▁▁▁▁▁▁▁▁▁ CURRENCY ▁▁▁▁▁▁ 2 0 1 4 - 0 7 - 2 3 ▁ 1 0 : 4 5 : 4 1 
 2 1 ▁▁▁▁ 4 0 8 0 0 2 ▁▁▁▁▁ 6 ▁▁▁▁▁▁▁▁▁▁▁▁▁▁▁ 0 , 0 1 5 ▁▁▁▁▁▁▁▁▁ PERCENT UAL ▁▁▁▁ 2 0 1 4 - 0 7 - 2 3 ▁ 1 0 : 4 5 : 1 8 

 What ▁is ▁wrong ▁in ▁my ▁SQL ? 

 A : 

 This ▁is ▁your ▁query : 
 SELECT ▁* 
 FROM ▁( SELECT ▁* 
 ▁▁▁▁▁▁ FROM ▁user _ com ission _ configuration _ history 
 ▁▁▁▁▁▁ ORDER ▁BY ▁on _ date ▁DESC 
 ▁▁▁▁▁ ) ▁AS ▁ordered _ history 
 WHERE ▁user _"
jesus,9493,"▁it ▁moves ▁forward ; ▁read ▁more ▁about ▁that ▁effort ▁here . ▁I ▁haven ' t ▁seen ▁too ▁much ▁technical ▁information ▁flowing ▁from ▁the ▁Open ▁Compute ▁Summit , ▁although ▁James ▁Hamilton ▁of ▁Amazon ▁posted ▁his ▁slides ▁online ▁here : ▁here 

 Meanwhile ▁( was ▁this ▁part ▁of ▁the ▁summit , ▁or ▁independent ?), ▁the ▁team ▁at ▁Anand Tech ▁have ▁done ▁some ▁independent ▁testing ▁of ▁the ▁Open ▁Compute ▁server ▁components ; ▁in ▁their ▁conclusion , ▁they ▁commend ▁the ▁Open ▁Compute ▁work ▁as ▁showing ▁tremendous ▁potential : 

 The ▁Facebook ▁Open ▁Compute ▁servers ▁have ▁made ▁quite ▁an ▁impression ▁on ▁us . ▁Remember , ▁this ▁is ▁Facebook ' s ▁first ▁attempt ▁to ▁build ▁a ▁cloud ▁server ! ▁This ▁server ▁uses ▁very ▁little ▁power ▁when ▁running ▁at ▁low ▁load ▁( see ▁our"
jesus,9493,"▁relationship ▁with ▁both . 

 Here ▁we ▁have ▁a ▁club ▁with ▁a ▁fanbase ▁essentially ▁stretching ▁in ▁a ▁thin ▁strip ▁from ▁Lad broke ▁Grove ▁to ▁Heathrow , ▁and ▁a ▁crowd ▁of ▁ 1 8 , 0 0 0 . ▁Fans ▁of ▁the ▁club ▁are ▁at ▁their ▁happiest ▁when ▁the ▁team ▁is ▁passing ▁the ▁ball , ▁playing ▁attacking ▁attractive ▁football , ▁the ▁players ▁are ▁smiling ▁and ▁the ▁shirt ▁has ▁a ▁clear , ▁broad ▁blue ▁hoop . ▁That ▁is ▁it . ▁With ▁that ▁approach ▁they ▁won ▁the ▁Championship ▁in ▁ 2 0 1 1 , ▁and ▁that ▁strip ▁of ▁West ▁London ▁smiled . ▁A ▁local ▁joyful ▁experience ▁that ▁had ▁nationwide ▁moment ▁in ▁the ▁sun . 

 Yet ▁the ▁promised - land ▁is ▁the ▁global ▁multinational ▁Barclays ▁Premier ▁League , ▁where"
jesus,9493,"▁relationship ▁with ▁both . 

 Here ▁we ▁have ▁a ▁club ▁with ▁a ▁fanbase ▁essentially ▁stretching ▁in ▁a ▁thin ▁strip ▁from ▁Lad broke ▁Grove ▁to ▁Heathrow , ▁and ▁a ▁crowd ▁of ▁ 1 8 , 0 0 0 . ▁Fans ▁of ▁the ▁club ▁are ▁at ▁their ▁happiest ▁when ▁the ▁team ▁is ▁passing ▁the ▁ball , ▁playing ▁attacking ▁attractive ▁football , ▁the ▁players ▁are ▁smiling ▁and ▁the ▁shirt ▁has ▁a ▁clear , ▁broad ▁blue ▁hoop . ▁That ▁is ▁it . ▁With ▁that ▁approach ▁they ▁won ▁the ▁Championship ▁in ▁ 2 0 1 1 , ▁and ▁that ▁strip ▁of ▁West ▁London ▁smiled . ▁A ▁local ▁joyful ▁experience ▁that ▁had ▁nationwide ▁moment ▁in ▁the ▁sun . 

 Yet ▁the ▁promised - land ▁is ▁the ▁global ▁multinational ▁Barclays ▁Premier ▁League , ▁where"
jesus,9493,"This ▁is ▁the ▁users pace ▁part ▁of ▁the ▁Linux ▁Auditing ▁System , ▁which ▁is ▁a ▁more ▁secure ▁way ▁of ▁logging ▁kernel - level ▁events ▁than ▁sys log . ▁Among ▁other ▁things , ▁it ▁records ▁SEL in ux ▁alerts . ▁Strictly ▁speaking , ▁you ▁don ' t ▁need ▁it . 

 ava hi - daemon ▁ 0 : off ▁ 1 : off ▁ 2 : off ▁ 3 : on ▁ 4 : on ▁ 5 : on ▁ 6 : off 

 This ▁is ▁for ▁auto discovery ▁of ▁services ▁on ▁a ▁network ▁— ▁printers ▁being ▁a ▁big ▁example . ▁It ' s ▁not ▁required . 

 cpus peed ▁ 0 : off ▁ 1 : on ▁ 2 : on ▁ 3 : on ▁ 4"
jesus,9493,"▁decrease ▁braking ▁performance ? 

 It ▁would ▁be ▁highly ▁unusual ▁for ▁the ▁use ▁of ▁one ▁pad ▁material ▁to ▁interfere ▁with ▁the ▁efficacy ▁of ▁another ▁material ▁on ▁a ▁standard ▁metal ▁rotor ▁in ▁such ▁a ▁way ▁as ▁to ▁noticeably ▁affect ▁braking ▁performance , ▁particularly ▁if ▁the ▁rotor ▁were ▁thoroughly ▁cleaned ▁beforehand . ▁That ' s ▁my ▁opinion . ▁There ▁may ▁be ▁some ▁kind ▁of ▁materials ▁scientist ▁out ▁there ▁who ▁may ▁know ▁about ▁something ▁going ▁on ▁in ▁the ▁meso - scale ▁that ▁I ▁don ' t ▁who ▁may ▁disagree ▁with ▁what ▁I ▁just ▁said , ▁but ▁I ▁don ' t ▁think ▁so . 

 As ▁far ▁as ▁I ' m ▁concerned ▁there ' s ▁no ▁need ▁to ▁do ▁anything ▁to ▁the ▁rotor ▁when ▁switching ▁between ▁different ▁types ▁of ▁pads ."
jesus,9493,"t ▁understand , ▁but ▁that ' s ▁life . 

 If ▁your ▁horse ▁chestnuts ▁are ▁suffering ▁from ▁leaf ▁miner ▁( brown ▁yellow ▁tinge ▁towards ▁the ▁end ▁of ▁the ▁leaves ▁from ▁the ▁middle ▁of ▁summer ) ▁the ▁best ▁thing ▁for ▁the ▁trees ▁health ▁is ▁to ▁burn ▁the ▁leaves ▁as ▁it ▁will ▁reduce ▁the ▁infestation ▁next ▁year . 

 Otherwise ▁I ▁would ▁advocate ▁composting , ▁you ▁could ▁save ▁yourself ▁a ▁fortune ▁on ▁bark ▁mulch . 

 My ▁big ▁horse ▁che sn ut ▁has ▁leaf ▁miner ▁- ▁seems ▁to ▁cause ▁it ▁no ▁problems ▁whatsoever , ▁masses ▁of ▁con kers ▁this ▁year ! ▁Each ▁autumn ▁I ▁take ▁about ▁ 1 0 ▁bags ▁of ▁leaves ▁to ▁the ▁tip , ▁If ▁I ▁leave ▁the ▁on ▁the ▁lawn ▁they ▁kill ▁the ▁grass . ▁My"
jesus,9493,": 

 "" Are ▁you ▁trying ▁to ▁tell ▁me ▁that ▁if ▁I ▁am ▁not ▁nice ▁to ▁you , ▁you ▁are ▁going ▁to ▁fire ▁me ?"" 

 "" I ' m ▁not ▁doing ▁anything . ▁This ▁is ▁your ▁choice ."" ▁David ▁sat ▁back ▁in ▁his ▁chair ▁looking ▁smug , ▁as ▁if ▁he ▁really ▁thought ▁sh ▁would ▁change ▁her ▁mind . 

 Hon ▁Hoh , ▁a ▁teacher ▁of ▁the ▁Revelation , ▁takes ▁readers ▁on ▁a ▁riveting ▁journey 

 Do ▁each ▁of ▁us ▁play ▁a ▁role ▁in ▁the ▁kingdom ▁of ▁God ? ▁Can ▁the ▁choices ▁we ▁make ▁affect ▁God ’ s ▁timing ▁of ▁future ▁events ? ▁Hon ▁Hoh ▁examines ▁these ▁questions ▁while ▁taking ▁his ▁readers ▁on ▁a ▁riveting ▁adventure ▁in ▁The ▁Trigger : ▁A ▁Novel ▁on ▁the ▁Revelation . ▁Through"
jesus,9493,"▁of ▁hell ▁... ▁cost ▁them ▁a ▁small ▁fortune . ▁I ▁asked ▁the ▁Plant ▁Manager ▁if ▁it ▁was ▁OK ▁if ▁I ▁looked ▁into ▁it ▁... ▁he ▁thought ▁I ▁was ▁crazy ▁but ▁he ▁hum ored ▁me ▁... ▁told ▁me ▁not ▁to ▁hurt ▁myself ▁... ▁I ▁was ▁just ▁a ▁"" bean ▁counter "". ▁It ▁took ▁me ▁and ▁the ▁head ▁of ▁maintenance ▁less ▁than ▁ 1 ▁week ▁to ▁find ▁the ▁problem ▁... ▁and ▁the ▁problem ▁never ▁recur red ▁in ▁the ▁following ▁three ▁years . ▁Done ! ▁I ' ve ▁got ▁dozen ▁of ▁similar ▁stories ▁... ▁all ▁the ▁same . ▁Ordinary ▁scientists ▁can ' t ▁do ▁shit ▁... ▁they ' re ▁there ▁for ▁the ▁paycheck ▁... ▁that ' s ▁it ."" ▁"" Hell , ▁tell ▁me ▁about ▁it . ▁( pause )"
jesus,9493,"▁of ▁course . ▁There ▁is ▁a ▁relatively ▁high ▁current ▁error ▁in ▁this ▁report ▁for ▁each ▁month ' s ▁data , ▁but ▁the ▁three - month ▁totals ▁should ▁have ▁much ▁less ▁variance . ▁Grocery ▁store ▁sales ▁dropped ▁in ▁November ▁in ▁comparison ▁to ▁October , ▁which ▁is ▁a ▁sign ▁that ▁consumers ▁aren ' t ▁that ▁flush . ▁Food ▁spending ▁dropped ▁in ▁Q 4 ▁last ▁year ▁as ▁well ; ▁consumers ▁cut ▁their ▁food ▁expenditures ▁to ▁pay ▁for ▁other ▁spending . ▁This , ▁btw , ▁is ▁the ▁biggest ▁single ▁indicator ▁that ▁we ▁are ▁in ▁a ▁recession , ▁and ▁it ▁is ▁truly ▁an ▁amazing ▁one , ▁due ▁to ▁the ▁continued ▁expansion ▁of ▁the ▁SNAP ▁( food ▁stamp ) ▁program . ▁It ▁is ▁Table ▁ 2 . 3 . 6 , ▁real -"
jesus,9493,"ern 2 mu \ underline {\ mk ern - 2 mu \ smash { K }\ mk ern - 2 mu }\ mk ern 2 mu ▁}_{\ alpha ▁}. ▁▁ \ label { sb acca }\ end { aligned }$$ ▁This ▁is ▁the ▁background ▁field ▁action ▁we ▁are ▁going ▁to ▁work ▁with . ▁It ▁is ▁straightforward ▁to ▁check ▁that ▁( \[ sb acca \] ) ▁satisfies ▁$\ llbracket ▁S , S \ rrbracket ▁= 0 $. 

 #### ▁Separ ating ▁the ▁background ▁and ▁quantum ▁sectors 

 Now ▁we ▁separate ▁the ▁background ▁sector ▁from ▁the ▁quantum ▁sector . ▁To ▁do ▁this ▁properly ▁we ▁need ▁to ▁make ▁further ▁assumptions . 

 First , ▁we ▁assume ▁that ▁there ▁exists ▁a ▁choice ▁of ▁field ▁variables ▁where ▁the ▁functions ▁$ R ^{\"
jesus,9493,"▁nurse ▁manager ▁had ▁skills ▁to ▁understand ▁the ▁feelings ▁of ▁another ▁person ▁and ▁supported ▁him / her ▁by ▁listening ▁sensi tively . ▁Both ▁s / he ▁and ▁his / her ▁personnel ▁trusted ▁each ▁other . ▁Nurses ▁reported ▁that ▁this ▁encouraged ▁the ▁employees ▁to ▁discuss ▁their ▁personal ▁concerns ▁with ▁the ▁nurse ▁manager . ▁""*"" The ▁way ▁to ▁act , ▁pay ▁attention ▁to ▁the ▁employee , ▁do ▁you ▁listen ▁to ▁her ▁or ▁not , ▁that ▁is ▁the ▁basic ▁question ."" *"" 

 On ▁the ▁other ▁hand , ▁supervisors ▁reported ▁that ▁leading ▁could ▁be ▁too ▁solicit ous , ▁in ▁a ▁completely ▁mother ly ▁way . ▁The ▁basis ▁of ▁the ▁leadership ▁style ▁could ▁be ▁supporting ▁the ▁well - being ▁and ▁job ▁satisfaction ▁of ▁the ▁employees ; ▁this ▁might ▁be ▁more ▁important ▁than"
jesus,9493,"▁previously ▁addressed ▁by ▁the ▁appellate ▁courts ▁of ▁this ▁state . ▁However , ▁because ▁proof ▁of ▁self - insurance ▁would ▁prevent ▁an ▁employer ▁from ▁having ▁to ▁pay ▁the ▁double ▁penalty ▁provision , ▁we ▁find ▁that ▁establishing ▁such ▁proof ▁should ▁properly ▁be ▁the ▁employer ' s ▁burden . 
 In ▁Mobile ▁Lin ers , ▁Inc . ▁v . ▁McConnell , ▁ 2 2 0 ▁Ala . ▁ 5 6 2 , ▁ 1 2 6 ▁So . ▁ 6 2 6 ▁( 1 9 3 0 ), ▁our ▁supreme ▁court ▁was ▁confronted ▁with ▁the ▁question ▁of ▁who ▁had ▁the ▁burden ▁of ▁proof ▁with ▁regard ▁to ▁establishing ▁the ▁number ▁of ▁employees ▁regularly ▁employed ▁by ▁an ▁employer . ▁In ▁that ▁situation , ▁the ▁court ▁noted ▁that ▁because ▁the ▁code ▁section ▁concerning"
jesus,9493,". support . constraint . ConstraintLayout > 

 Im ▁also ▁using ▁the ▁latest ▁version ▁of ▁Constraint Layout 
 compile ▁' com . android . support . constraint : constraint - layout : 1 . 0 . 2 ' 

 A : 

 You ▁need ▁to ▁add : 

 android : gravity ="" center "" 

 to ▁the ▁TextView . 
 This ▁is ▁the ▁only ▁certain ▁way ▁to ▁center ▁the ▁text ▁inside ▁a ▁TextView ▁object ▁or ▁one ▁of ▁its ▁subclasses . 
 The ▁android : textAlignment ▁is ▁not ▁working ▁in ▁all ▁the ▁cases ▁and ▁as ▁reported ▁by ▁this ▁answer ▁that ▁it ▁has ▁problems ▁in ▁lower ▁API ▁levels . ▁ 

 <bos> 2 0 1 7 ▁XIX O ▁Ladies ▁Open ▁H ód mez ő vás ár hely ▁– ▁Doubles"
jesus,9493,"▁API ▁is ▁very ▁similar ▁to ▁Flash ▁itself . ▁However , ▁there ▁were ▁some ▁small ▁details ▁that ▁had ▁some ▁impact ▁during ▁development , ▁making ▁me ▁feel ▁somewhat ▁uneasy ▁the ▁whole ▁time ▁I ▁was ▁writing ▁the ▁game . ▁It ▁was , ▁again , ▁the ▁right ▁thing ▁to ▁do , ▁but ▁I ▁should ▁have ▁used ▁Starling ▁more ▁deeply ▁before ▁( which ▁is ▁the ▁con undrum : ▁I ▁used ▁it ▁for ▁Lud um ▁Dare ▁just ▁so ▁I ▁could ▁learn ▁more ▁about ▁it ). 

 Argument ▁and ▁user ▁experience 

 One ▁final ▁aspect ▁of ▁the ▁game ▁that ▁I ▁learned ▁is ▁that ▁making ▁the ▁game ▁obvious ▁for ▁your ▁players ▁goes ▁a ▁long ▁way ▁into ▁making ▁it ▁fun . ▁If ▁you ▁have ▁to ▁spend ▁the ▁longest ▁time ▁explaining ▁things , ▁your ▁game ▁is ▁doing"
jesus,9493,"▁▁▁▁▁▁▁▁▁▁▁▁▁▁▁▁▁▁▁▁▁▁▁▁▁▁▁▁▁▁▁ ▁▁▁▁▁▁▁▁▁▁▁▁▁▁▁▁▁▁▁▁▁▁▁▁▁▁▁▁▁▁▁ ▁▁▁▁▁▁▁▁▁▁▁▁▁▁▁▁▁▁▁▁▁▁▁▁▁▁▁▁▁▁▁ ▁▁▁▁▁▁▁▁▁▁▁▁▁▁▁▁▁▁▁▁▁▁▁▁▁▁▁▁▁▁▁ ▁▁▁▁▁▁▁▁▁▁▁▁▁▁▁▁▁▁▁▁▁▁▁▁▁▁▁▁▁▁▁ ▁▁▁▁▁▁▁▁▁▁▁▁▁▁▁▁▁▁▁▁▁▁▁▁▁▁▁▁▁▁▁ Codes ▁▁▁▁▁▁▁▁▁▁▁▁▁▁▁▁▁▁▁▁▁▁▁▁▁▁▁▁▁▁▁ ▁▁▁▁▁▁▁▁▁▁▁▁▁▁▁▁▁▁▁▁▁▁▁▁▁▁▁▁▁▁▁ ▁▁▁▁▁▁▁▁▁▁▁▁ Sub category ▁▁▁▁▁▁▁▁▁▁▁▁▁▁▁▁▁▁▁▁▁▁▁▁▁▁▁▁▁▁▁ ▁▁▁▁▁▁▁▁▁▁▁▁▁▁▁▁ Category 
 ▁▁ ---------------- ---------------- ---------------- ---------------- ---------------- ---------------- ---------------- ---------------- ---------------- ---------------- ---------------- ---------------- ------ ▁- ---------------- ---------------- ---------------- ---------------- ------------- ▁- ---------------- ---------------- ---------------- -------- ▁- ---------------- ---------------- ---------------- ---------------- - 
 ▁▁ ' In ▁a ▁larger ▁city ▁one ▁has ▁so ▁many ▁other ▁things ▁to ▁keep ▁you ▁busy ▁anyway , ▁so ▁children ▁come ▁significantly ▁later . ▁Yes , ▁but ▁yeah , ▁maybe ▁it \' s ▁time , ▁I ▁thought ▁a ▁little ▁like ▁that , ▁that ▁it \' s ▁about ▁time \' ▁▁▁ City ▁life ▁offers ▁many ▁alternatives ▁to ▁family ▁formation ▁▁▁▁▁▁▁▁▁▁▁▁▁▁▁▁▁▁▁▁▁▁▁▁▁ A ▁consequence ▁of ▁contemporary ▁lifestyles ▁▁▁▁▁▁▁▁▁▁▁▁▁▁▁▁▁▁ Post pon ed ▁parenthood --- a ▁rational ▁adaptation ▁to ▁societal ▁changes 
 ▁▁ '"
jesus,9493,", 1 3 4 ) ▁on ▁December ▁ 1 6 , ▁ 1 9 0 2 . 

 1 9 0 2 ▁Hearing ▁aid 
 ▁A ▁hearing ▁aid ▁is ▁an ▁electro - acoustic ▁body - worn ▁apparatus ▁which ▁typically ▁fits ▁in ▁or ▁behind ▁the ▁wearer ' s ▁ear , ▁and ▁is ▁designed ▁to ▁amplify ▁and ▁modulate ▁sounds ▁for ▁the ▁wearer . ▁Although ▁hearing ▁aids ▁in ▁some ▁form ▁or ▁fashion ▁such ▁as ▁the ▁ear ▁trumpet ▁were ▁developed ▁in ▁previous ▁years , ▁the ▁first ▁electric ▁hearing ▁aid ▁was ▁invented ▁by ▁Miller ▁Reese ▁Hutchison ▁in ▁ 1 9 0 2 . 

 1 9 0 2 ▁Postage ▁meter 
 ▁A ▁postage ▁meter ▁is ▁a ▁mechanical ▁device ▁used ▁to ▁create ▁and ▁apply ▁physical ▁evidence ▁of ▁postage , ▁or ▁fran king ,"
jesus,9493,"▁access ▁technologies ▁( RAT s ) ▁can ▁be ▁present . ▁To ▁access ▁a ▁specific ▁RAT , ▁connection ▁to ▁the ▁specific ▁RAT ▁is ▁established ▁on ▁the ▁basis ▁of ▁a ▁request ▁of ▁the ▁UE ▁and ▁transmission ▁and ▁reception ▁of ▁data ▁are ▁performed . 
 However , ▁the ▁multi - RAT ▁UE ▁cannot ▁simultaneously ▁access ▁multiple ▁RAT s ▁even ▁though ▁the ▁multi - RAT ▁UE ▁has ▁capability ▁to ▁access ▁two ▁or ▁more ▁RAT . ▁That ▁is , ▁current ▁U Es ▁cannot ▁simultaneously ▁transmit ▁and ▁receive ▁data ▁through ▁different ▁RAT s ▁even ▁if ▁the ▁U Es ▁have ▁multi - RAT ▁capability . 
 Conventional ▁multi - RAT ▁has ▁a ▁problem ▁of ▁low ▁system ▁efficiency ▁since ▁the ▁conventional ▁multi - RAT ▁does ▁not ▁require ▁inter working ▁between ▁a ▁wireless ▁LAN ▁and ▁a"
jesus,9493,"▁was ▁more ▁variable ▁than ▁that ▁of ▁Mediterranean ▁r uda ▁pot y virus ▁( Me RV ), ▁which ▁has ▁a ▁similar ▁ecology ▁\[ [@ B 8 7 - viruses - 1 2 - 0 0 1 3 2 ] \] . 

 In ▁summary , ▁the ▁results ▁of ▁the ▁pop gen ▁analyses ▁complement ▁and ▁confirm ▁inferences ▁obtained ▁from ▁phylogenetic ▁analyses ▁of ▁the ▁same ▁ORF ▁sequences ▁( see ▁above ▁in ▁[ Section ▁ 4 . 1 ](# sec 4 dot 1 - viruses - 1 2 - 0 0 1 3 2 ){ ref - type ="" sec "" }). ▁They ▁also ▁suggest ▁that ▁various ▁pop gen ▁estimates , ▁such ▁as ▁ω , ▁F st , ▁and ▁b , ▁might ▁be ▁used ▁as ▁indicators ▁of ▁whether ▁a ▁population ▁of"
jesus,9493,"▁to ▁log ▁* P * ▁scale . ▁Values ▁of ▁log ▁* P * ▁and ▁C log ▁* P * ▁were ▁calculated ▁with ▁the ▁PC ▁programme ▁CS ▁Chem Bio Draw ▁Ultra ▁ 1 3 . 0 ▁( Cambridge Soft , ▁Cambridge , ▁MA , ▁USA ). 

 3 . 5 . ▁Biological ▁Assays 
 ---------------- ------ 

 ### ▁ 3 . 5 . 1 . ▁Anti my cob acterial ▁* In ▁Vitro * ▁Screening 

 My cob acterial ▁screening ▁was ▁performed ▁against ▁four ▁my cob acterial ▁stems ▁(* M . ▁tuberculosis * ▁H 3 7 Rv ▁CN CTC ▁My ▁ 3 3 1 / 8 8 , ▁* M . ▁k ansas ii * ▁CN CTC ▁My ▁ 2 3 5 / 8 0 , ▁* M ."
jesus,343,"▁adults ▁ 2 5 - 5 4 ▁and ▁ 1 8 - 4 9 ▁for ▁the ▁night ,"" ▁the ▁network ▁said ▁in ▁a ▁statement . 

 This ▁season ▁is ▁poised ▁to ▁explore ▁some ▁family ▁problems ▁within ▁the ▁large ▁Chapman ▁family ▁— ▁daughter ▁"" Baby "" ▁Ly ssa ▁Chapman ' s ▁March ▁arrest ▁will ▁air ▁on ▁an ▁episode , ▁as ▁will ▁tensions ▁between ▁Chapman ▁and ▁his ▁oldest ▁son , ▁Duane ▁Lee . 

 "" I ▁love ▁you , ▁dad . ▁This ▁is ▁Travis . ▁I ▁want ▁to ▁go ▁home . ▁I ▁don ' t ▁like ▁it ▁here ,"" ▁the ▁boy ▁told ▁his ▁father ▁also ▁named ▁Travis . ▁They ▁gained ▁custody ▁after ▁an ▁audio ▁recording ▁surfaced ▁that ▁allegedly ▁showed ▁the ▁father ▁beating ▁the ▁child ▁with ▁a ▁belt . 

"
jesus,343,"▁Screen play ▁( William ▁Mon ahan ). ▁Mark ▁Wahl berg ▁was ▁also ▁nominated ▁for ▁the ▁Best ▁Supporting ▁Actor ▁award ▁for ▁his ▁performance , ▁but ▁he ▁lost ▁to ▁Alan ▁Ar kin ▁for ▁his ▁role ▁in ▁Little ▁Miss ▁Sunshine . 

 The ▁film ▁marked ▁the ▁first ▁time ▁Scorsese ▁won ▁an ▁Oscar ▁after ▁six ▁previous ▁losses . ▁Many ▁felt ▁that ▁he ▁deserved ▁it ▁years ▁earlier ▁for ▁prior ▁efforts . ▁Some ▁have ▁even ▁gone ▁further , ▁calling ▁it ▁a ▁Lifetime ▁Achievement ▁Award ▁for ▁a ▁lesser ▁film . ▁Scorsese ▁himself ▁joked ▁that ▁he ▁won ▁because : ▁"" This ▁is ▁the ▁first ▁movie ▁I ' ve ▁done ▁with ▁a ▁plot ."" ▁While ▁accepting ▁the ▁award , ▁Scorsese ▁stated ▁that ▁"" I ▁just ▁want ▁to ▁say , ▁too , ▁that ▁so ▁many ▁people ▁over"
jesus,343,"▁obligation ▁to ▁remain ▁in ▁his ▁vehicle ▁--- ▁and ▁he ▁exited ▁his ▁vehicle ▁when ▁Martin ▁disappeared ▁from ▁sight . 

 Zimmer man ▁called ▁the ▁police ▁before ▁Martin ▁jumped ▁him ▁--- ▁and ▁MSNBC ▁deleted ▁parts ▁of ▁the ▁recorded ▁discussion ▁and ▁broadcast ▁it ▁to ▁make ▁it ▁look ▁like ▁Zimmerman ▁was ▁targeting ▁Martin ▁because ▁Martin ▁was ▁black ▁--- ▁rather ▁than ▁tail ing ▁Martin ▁because ▁he ▁was ▁wandering ▁around ▁in ▁the ▁dark ▁in ▁a ▁neighborhood ▁which ▁had ▁recently ▁suffered ▁some ▁break - ins ▁and ▁thwarted ▁other ▁break - ins . 

 This ▁was ▁MSNBC ' s ▁attempt ▁to ▁lynch ▁a ▁straw ▁horse , ▁a ▁so - called ▁"" white "" ▁Hispanic . ▁MSNBC ▁needed ▁a ▁black - white ▁confrontation ▁to ▁promote ▁their ▁own ▁racist , ▁anti - white ▁narrative ▁that ▁America ▁is"
jesus,343,"As ▁they ▁carry ▁W leh ▁past ▁the ▁crowd , ▁several ▁women ▁begin ▁wailing . ▁Others ▁join ▁in . ▁The ▁cries ▁swell ▁to ▁a ▁chorus . ▁W leh ▁was ▁beloved ▁in ▁this ▁neighborhood . ▁This ▁is ▁the ▁closest ▁thing ▁she ' ll ▁get ▁to ▁a ▁funeral . 

 The ▁hike ▁back ▁up ▁the ▁hill ▁is ▁excruciating . ▁At ▁the ▁top , ▁the ▁men ▁stop ▁under ▁a ▁tree ▁and ▁collapse ▁against ▁it . ▁Kor v ayan ▁says ▁the ▁state ▁of ▁W leh ' s ▁corpse ▁was ▁unn erving . ▁"" When ▁I ▁saw ▁the ▁body ,"" ▁he ▁says , ▁"" my ▁skin ▁creep ed ."" ▁She ▁was ▁lying ▁on ▁a ▁bed , ▁blood ▁leaking ▁from ▁her ▁mouth . 

 The ▁men ▁carry ▁W leh ' s ▁body ▁over ▁to"
jesus,343,"▁explore ▁themes ▁of ▁technological ▁evolution , ▁species ▁diversification ▁and ▁takes ▁the ▁‘ all - powerful ▁creepy ▁child ’ ▁theme ▁to ▁a ▁scary ▁new ▁level . 

 In ▁a ▁land ▁where ▁no ▁stars ▁appear ▁in ▁the ▁night ▁sky , ▁a ▁group ▁of ▁strangers ▁with ▁ancest ries ▁reaching ▁back ▁to ▁an ▁earlier ▁apocalyptic ▁disaster ▁come ▁together ▁to ▁track ▁down ▁a ▁resurrected ▁corpse ▁whose ▁very ▁existence ▁port ends ▁the ▁End ▁of ▁the ▁World . ▁Fragments ▁of ▁a ▁Broken ▁Land : ▁Val arl ▁Undead ▁is ▁an ▁epic ▁tale ▁of ▁greed , ▁dying ▁magic , ▁distorted ▁mon stro sities ▁and ▁a ▁mot ley ▁group ▁of ▁heroes , ▁with ▁a ▁strange ▁and ▁breathless ▁climax ▁you ▁won ’ t ▁easily ▁forget . 

 “ This ▁is ▁a ▁tale ▁of ▁heroes . ▁It ▁includes ▁all"
jesus,343,"0 1 9 - 0 2 </b> , ▁ <i> issue ▁# 7 5 </i> </ p > 
 <h4> Welcome </h4> 
 < p > This ▁is ▁ <i> De jal News </i> , ▁an ▁occasional ▁newsletter ▁from ▁< a ▁href =""/""> De jal </ a >.</ p > 
 < p > <i> <b> If ▁you ▁want ▁to ▁receive ▁these ▁newsletters ▁in ▁your ▁email ▁inbox , ▁head ▁over ▁to ▁the ▁< a ▁href =""/ subscribe /""> De jal News ▁subscribe ▁page </ a > ▁to ▁sign ▁up . </b> </i> </ p > 
 <h4> Time ▁Out ▁tips </h4> 
 < p > So ▁far ▁I ' ve ▁been ▁sticking ▁to ▁my ▁goal ▁of ▁a ▁< a ▁href =""/ blog /""> De jal ▁blog ▁post"
jesus,343,"▁pause ▁at ▁the ▁door ▁and ▁discuss ▁the ▁best ▁way ▁to ▁lift ▁up ▁the ▁body ▁safely ▁and ▁then ▁proceed ▁out ▁of ▁the ▁house . 

 As ▁they ▁carry ▁W leh ▁past ▁the ▁crowd , ▁several ▁women ▁begin ▁wailing . ▁The ▁cries ▁swell ▁to ▁a ▁chorus . ▁W leh ▁was ▁beloved ▁in ▁this ▁neighborhood . ▁This ▁is ▁the ▁closest ▁thing ▁she ' ll ▁get ▁to ▁a ▁funeral . 

 The ▁hike ▁back ▁up ▁the ▁hill ▁is ▁excruciating . ▁At ▁the ▁top , ▁the ▁men ▁stop ▁under ▁a ▁tree ▁and ▁collapse ▁against ▁it . ▁Kor v ayan ▁says ▁the ▁state ▁of ▁W leh ' s ▁corpse ▁was ▁unn erving . 

 KOR V AY AN : ▁Well , ▁when ▁I ▁saw ▁the ▁body , ▁my ▁skin ▁creep ed . 

"
jesus,343,"re ▁here . 
 • ▁A ▁warm ▁welcome . ▁Thank ▁you ▁for ▁choosing ▁us ! 
 • ▁Welcome ! ▁We ▁look ▁forward ▁to ▁serving ▁you . 
 • ▁A ▁warm ▁welcome ▁from ▁all ▁of ▁us . ▁Thank ▁you ▁for ▁the ▁opportunity ▁to ▁serve ▁you . 
 Congratulations 
 • ▁Congratulations ▁on ▁a ▁job ▁well ▁done . 
 • ▁Hoping ▁the ▁best ▁things ▁in ▁life ▁will ▁always ▁be ▁yours . 
 • ▁This ▁is ▁a ▁day ▁to ▁remember . 
 • ▁It ’ s ▁great ▁to ▁see ▁good ▁things ▁happen ▁for ▁someone ▁so ▁deserving . 
 • ▁Congratulations ▁on ▁a ▁well - deserved ▁promotion . 
 • ▁Congratulations ▁on ▁an ▁outstanding ▁accomplishment . 
 • ▁Your ▁achievement ▁is ▁an ▁inspiration . 
 • ▁Kudos ▁to ▁you ! ▁You"
jesus,343,"1 2 ▁Hou gang ▁by - election . ▁He ▁delivered ▁the ▁nomination ▁announcement ▁at ▁ 1 2 . 3 5 ▁pm ▁on ▁ 1 6 ▁May ▁ 2 0 1 2 . 

 P ung gol ▁SMC ▁by - election , ▁ 2 0 1 3 
 This ▁was ▁Yam ' s ▁last ▁appearance ▁as ▁the ▁Returning ▁Officer . 

 Post - elections 

 After ▁GE ▁ 2 0 1 1 
 Yam ' s ▁robotic ▁voice ▁announcing ▁the ▁results ▁for ▁Al jun ied ▁GR C ▁had ▁turned ▁into ▁a ▁mix ▁just ▁within ▁a ▁few ▁hours ▁ensuing ▁the ▁elections . ▁Many ▁have ▁taken ▁clips ▁of ▁his ▁voice ▁and ▁mixed ▁it ▁with ▁various ▁styles ▁of ▁music , ▁from ▁electro ▁to ▁dance , ▁on ▁popular ▁video - sharing ▁website"
jesus,343,"1 2 ▁Hou gang ▁by - election . ▁He ▁delivered ▁the ▁nomination ▁announcement ▁at ▁ 1 2 . 3 5 ▁pm ▁on ▁ 1 6 ▁May ▁ 2 0 1 2 . 

 P ung gol ▁SMC ▁by - election , ▁ 2 0 1 3 
 This ▁was ▁Yam ' s ▁last ▁appearance ▁as ▁the ▁Returning ▁Officer . 

 Post - elections 

 After ▁GE ▁ 2 0 1 1 
 Yam ' s ▁robotic ▁voice ▁announcing ▁the ▁results ▁for ▁Al jun ied ▁GR C ▁had ▁turned ▁into ▁a ▁mix ▁just ▁within ▁a ▁few ▁hours ▁ensuing ▁the ▁elections . ▁Many ▁have ▁taken ▁clips ▁of ▁his ▁voice ▁and ▁mixed ▁it ▁with ▁various ▁styles ▁of ▁music , ▁from ▁electro ▁to ▁dance , ▁on ▁popular ▁video - sharing ▁website"
jesus,343,"at . 1 0 0 8 4 8 4 . r 0 0 4 

 Acceptance ▁letter 

 Diamond 

 Michael ▁S . 

 Section ▁Editor 

 Rey 

 Fé lix ▁A . 

 Associate ▁Editor 

 © ▁ 2 0 2 0 ▁Diamond , ▁Rey 

 2 0 2 0 

 Diamond , ▁Rey 

 This ▁is ▁an ▁open ▁access ▁article ▁distributed ▁under ▁the ▁terms ▁of ▁the 

 Creative ▁Commons ▁Attribution ▁License 

 , ▁which ▁permits ▁unrestricted ▁use , ▁distribution , ▁and ▁reproduction ▁in ▁any ▁medium , ▁provided ▁the ▁original ▁author ▁and ▁source ▁are ▁credited . 

 2 4 ▁Apr ▁ 2 0 2 0 

 Dear ▁Dr . ▁Gong , 

 We ▁are ▁delighted ▁to ▁inform ▁you ▁that ▁your ▁manuscript , ▁\"" A ▁conformation -"
jesus,343,"hour ▁interview ▁named ▁"" Last ▁Call "" ▁on ▁his ▁ 2 0 0 4 ▁Album ▁The ▁College ▁Dropout . ▁Throughout ▁the ▁course ▁of ▁the ▁interview , ▁he ▁frequently ▁interrupts ▁his ▁story ▁to ▁yell ▁"" This ▁is ▁the ▁last ▁call ▁for ▁alcohol !!! "", ▁hence ▁the ▁title . 

 < ▁Fi am ce 
 Kanye ▁was ▁a ▁producer ▁for ▁many ▁no - names ▁in ▁the ▁late ▁ 9 0 ' s , ▁most ▁of ▁whom ▁are ▁not ▁even ▁worth ▁mentioning . ▁We ▁could ▁sit ▁here ▁and ▁list ▁Kanye ' s ▁small - time ▁producing ▁in ▁this ▁time ▁period , ▁but ▁you ' ve ▁never ▁heard ▁of ▁any ▁of ▁these ▁people , ▁we ▁promise . ▁So ▁let ' s ▁save ▁both ▁our ▁time ▁by ▁fast ▁forwarding ▁to ▁ 2"
jesus,343,"▁# 7 4 </i> </ p > 
 <h4> Welcome </h4> 
 < p > This ▁is ▁ <i> De jal News </i> , ▁an ▁occasional ▁newsletter ▁from ▁< a ▁href =""/""> De jal </ a >.</ p > 
 < p > <i> <b> If ▁you ▁want ▁to ▁receive ▁these ▁newsletters ▁in ▁your ▁email ▁inbox , ▁head ▁over ▁to ▁the ▁< a ▁href =""/ subscribe /""> De jal News ▁subscribe ▁page </ a > ▁to ▁sign ▁up . </b> </i> </ p > 
 <h4> De jal News ▁is ▁back ! </h4> 
 < p > The ▁previous ▁issue ▁of ▁ <i> De jal News </i> ▁was ▁a ▁bit ▁over ▁a ▁year ▁ago . ▁I ▁didn ' t ▁intend ▁to ▁take ▁a ▁year ▁off ▁publishing ▁these"
jesus,343,"▁hit ▁with ▁a ▁higher ▁tax ▁next ▁year . ▁By ▁holding ▁back ▁the ▁increase ▁until ▁after ▁the ▁local ▁elections , ▁they ▁obviously ▁thought ▁that ▁the ▁wool ▁could ▁be ▁pulled ▁over ▁voters ’ ▁eyes . 

 “ This ▁is ▁the ▁wrong ▁tax ▁at ▁the ▁wrong ▁time , ▁placing ▁unacceptable ▁numbers ▁of ▁people ▁across ▁the ▁country ▁under ▁unacceptable ▁pressure . ▁At ▁the ▁very ▁least , ▁the ▁Government ▁needs ▁to ▁repeal ▁this ▁under hand ▁section ▁of ▁the ▁legislation ▁and ▁insist ▁that ▁there ▁will ▁be ▁no ▁increases ▁for ▁at ▁least ▁three ▁years .” 

 Hey ▁Miche al ▁Martin , ▁whats ▁this ▁rubbish ▁about ▁you ▁defending ▁ 1 8 0 ▁Garda ▁statements ▁that ▁didn ' t ▁hold ▁up ▁in ▁Court .. ▁What ▁strokes ▁you ▁trying ▁to ▁pulling ▁in ▁saving ▁this ▁broken ▁institutions ▁face"
jesus,343,": 

 "" Are ▁you ▁trying ▁to ▁tell ▁me ▁that ▁if ▁I ▁am ▁not ▁nice ▁to ▁you , ▁you ▁are ▁going ▁to ▁fire ▁me ?"" 

 "" I ' m ▁not ▁doing ▁anything . ▁This ▁is ▁your ▁choice ."" ▁David ▁sat ▁back ▁in ▁his ▁chair ▁looking ▁smug , ▁as ▁if ▁he ▁really ▁thought ▁sh ▁would ▁change ▁her ▁mind . 

 Hon ▁Hoh , ▁a ▁teacher ▁of ▁the ▁Revelation , ▁takes ▁readers ▁on ▁a ▁riveting ▁journey 

 Do ▁each ▁of ▁us ▁play ▁a ▁role ▁in ▁the ▁kingdom ▁of ▁God ? ▁Can ▁the ▁choices ▁we ▁make ▁affect ▁God ’ s ▁timing ▁of ▁future ▁events ? ▁Hon ▁Hoh ▁examines ▁these ▁questions ▁while ▁taking ▁his ▁readers ▁on ▁a ▁riveting ▁adventure ▁in ▁The ▁Trigger : ▁A ▁Novel ▁on ▁the ▁Revelation . ▁Through"
jesus,343,"▁it ▁moves ▁forward ; ▁read ▁more ▁about ▁that ▁effort ▁here . ▁I ▁haven ' t ▁seen ▁too ▁much ▁technical ▁information ▁flowing ▁from ▁the ▁Open ▁Compute ▁Summit , ▁although ▁James ▁Hamilton ▁of ▁Amazon ▁posted ▁his ▁slides ▁online ▁here : ▁here 

 Meanwhile ▁( was ▁this ▁part ▁of ▁the ▁summit , ▁or ▁independent ?), ▁the ▁team ▁at ▁Anand Tech ▁have ▁done ▁some ▁independent ▁testing ▁of ▁the ▁Open ▁Compute ▁server ▁components ; ▁in ▁their ▁conclusion , ▁they ▁commend ▁the ▁Open ▁Compute ▁work ▁as ▁showing ▁tremendous ▁potential : 

 The ▁Facebook ▁Open ▁Compute ▁servers ▁have ▁made ▁quite ▁an ▁impression ▁on ▁us . ▁Remember , ▁this ▁is ▁Facebook ' s ▁first ▁attempt ▁to ▁build ▁a ▁cloud ▁server ! ▁This ▁server ▁uses ▁very ▁little ▁power ▁when ▁running ▁at ▁low ▁load ▁( see ▁our"
jesus,343,"▁interview , ▁he ▁frequently ▁interrupts ▁his ▁story ▁to ▁yell ▁"" This ▁is ▁the ▁last ▁call ▁for ▁alcohol !!! "", ▁hence ▁the ▁title . 

 Controversy 

 What ▁happened ? 

 In ▁the ▁midst ▁of ▁Hurricane ▁Katrina , ▁there ▁was ▁a ▁well ▁publicized ▁event ▁in ▁which ▁Kay ne ▁West ▁accused ▁the ▁president ▁of ▁hating ▁black ▁people . ▁This ▁was ▁untrue . ▁However ▁rumor ▁has ▁it ▁that ▁fellow ▁actor ▁( and ▁rising ▁rap ▁star let ) ▁Hurricane ▁Katrina ▁Jones ▁professed ▁to ▁Kay ne ▁West ▁that ▁he ▁does ▁in ▁fact ▁hate ▁the ▁way ▁black ▁people ▁are ▁sometimes ▁treated , ▁and ▁Mexicans , ▁and ▁Jews , ▁and ▁Arabs . 

 The ▁President ▁later ▁responded ▁to ▁West ' s ▁comments ▁with ▁a ▁note ▁he ▁wrote ▁all ▁by ▁himself , ▁and ▁in ▁early"
jesus,343,"▁( Of ▁course , ▁Amazon ▁isn ' t ▁pulling ▁in ▁the ▁billions ▁that ▁Samsung ▁is . ▁But ▁I ▁think ▁I ▁like ▁their ▁odds ▁in ▁the ▁very ▁long ▁run ▁better .) 

 Eh . 

 Apple ▁doesn ' t ▁make ▁real ▁money ▁on ▁content . ▁Amazon ▁can ' t ▁either . ▁Amazon ▁is ▁building ▁a ▁storefront ▁for ▁your ▁lap . ▁They ▁want ▁you ▁to ▁buy ▁underwear ▁with ▁this ▁thing , ▁and ▁their ▁profit ▁margin ▁is ▁on ▁the ▁Amazon ▁Prime ▁subscription ▁you ▁need ▁to ▁keep ▁in ▁order ▁to ▁make ▁the ▁device ▁useful . ▁This ▁is ▁the ▁carrier ▁model ▁- ▁they ▁subsid ize ▁the ▁hardware ▁and ▁you ▁pay ▁them ▁$ 8 0 / yr ▁to ▁use ▁it . ▁Once ▁you ' re ▁paying ▁the ▁$ 8 0 , ▁you ▁might"
jesus,343,"▁make ▁them ▁easily ▁identifiable ▁against ▁white ▁paper . ▁White ▁envelopes ▁were ▁printed ▁with ▁the ▁C EV M ▁logo ▁and ▁the ▁words ▁' THIS ▁IS ▁A ▁SCIENTIFIC ▁RESEARCH ▁STUDY . ▁THIS ▁IS ▁NOT ▁JUN K ▁MAIL , ▁AN ▁APPEAL ▁FOR ▁DON ATIONS ▁OR ▁MARKET ▁RESEARCH ' ▁to ▁make ▁it ▁distinguishable ▁from ▁marketing ▁mail ings . ▁A ▁pen , ▁chocolate ▁and ▁a ▁return ▁postage ▁paid ▁envelope ▁were ▁included ▁and ▁a ▁prize ▁incentive ▁was ▁offered ▁(£ 5 0 0 ▁towards ▁the ▁continuing ▁professional ▁development ▁course / s ▁of ▁choice ). ▁If ▁participants ▁filled ▁in ▁the ▁online ▁version , ▁they ▁had ▁an ▁extra ▁chance ▁of ▁winning ▁£ 5 0 ▁worth ▁of ▁department ▁store ▁vouchers . 

 The ▁R CVS ▁mailing ▁list ▁was ▁obtained ▁in ▁October ▁ 2 0 1 0 ."
jesus,343,"1 9 6 0 ▁once ▁the ▁White ▁Man ▁put ▁his ▁burden ▁of ▁civiliz ing ▁the ▁un civil isable ▁down . ▁BTW , ▁slavery ▁has ▁never ▁left ▁the ▁areas ▁ruled ▁by ▁mos lems . 

 gates ▁tells ▁the ▁truth ▁for ▁once 

 Sh hh ▁.. ▁keep ▁it ▁quiet ▁ok ? ▁Tribal ▁chiefs ▁who ▁sold ▁off ▁all ▁the ▁slaves ▁to ▁the ▁white ▁man ▁owned ▁a ▁billion ▁slaves ▁too ▁and ▁still ▁do ▁… 

 Joseph 

 If ▁these ▁benevolent ▁black ▁slave ▁owners ▁kept ▁black ▁slaves ▁“ to ▁protect ▁that ▁person ”, ▁what ▁would ▁prevent ▁them ▁from ▁emancip ating ▁them ▁voluntarily ▁even ▁if ▁they ▁stayed ▁with ▁the ▁family . 

 This ▁is ▁the ▁usual ▁noise ▁from ▁the ▁left ; ▁“ If ▁we ▁do ▁it ▁it ▁is ▁not ▁the ▁same ”. 

"
jesus,343,"▁of ▁studies ▁to ▁date ▁may ▁limit ▁the ▁ability ▁to ▁identify ▁general izable ▁information ▁about ▁the ▁effectiveness ▁of ▁specific ▁strategies . ▁Moreover , ▁of ▁the ▁nine ▁studies ▁that ▁met ▁inclusion ▁criteria ▁for ▁this ▁review , ▁four ▁were ▁care ▁delivery ▁interventions ▁tested ▁in ▁trials ▁that ▁were ▁powered ▁on ▁main ▁( clinical ) ▁outcomes . ▁These ▁studies ▁may ▁have ▁been ▁under powered ▁to ▁detect ▁differences ▁in ▁secondary ▁outcomes , ▁such ▁as ▁medication ▁receipt . 

 Despite ▁these ▁limitations , ▁this ▁is ▁the ▁first ▁review ▁to ▁our ▁knowledge ▁conducted ▁with ▁the ▁goal ▁of ▁understanding ▁strategies ▁that ▁may ▁be ▁effective ▁for ▁implementing ▁medication ▁treatment ▁for ▁AUD --- a ▁substantially ▁under utilized ▁treatment . ▁Unfortunately , ▁our ▁review ▁did ▁not ▁reveal ▁which ▁strategies ▁are ▁most ▁effective ▁for ▁implementing ▁AUD ▁medications . ▁However ,"
jesus,343,"

 ###### ▁ 

 Click ▁here ▁for ▁additional ▁data ▁file . 

 1 0 . 1 3 7 1 / journal . pp at . 1 0 0 8 4 8 4 . r 0 0 3 

 Decision ▁Letter ▁ 1 

 Diamond 

 Michael ▁S . 

 Section ▁Editor 

 Rey 

 Fé lix ▁A . 

 Associate ▁Editor 

 © ▁ 2 0 2 0 ▁Diamond , ▁Rey 

 2 0 2 0 

 Diamond , ▁Rey 

 This ▁is ▁an ▁open ▁access ▁article ▁distributed ▁under ▁the ▁terms ▁of ▁the 

 Creative ▁Commons ▁Attribution ▁License 

 , ▁which ▁permits ▁unrestricted ▁use , ▁distribution , ▁and ▁reproduction ▁in ▁any ▁medium , ▁provided ▁the ▁original ▁author ▁and ▁source ▁are ▁credited . 

 1 8 ▁Mar ▁"
jesus,343,"

 ###### ▁ 

 Click ▁here ▁for ▁additional ▁data ▁file . 

 1 0 . 1 3 7 1 / journal . pp at . 1 0 0 8 4 8 4 . r 0 0 3 

 Decision ▁Letter ▁ 1 

 Diamond 

 Michael ▁S . 

 Section ▁Editor 

 Rey 

 Fé lix ▁A . 

 Associate ▁Editor 

 © ▁ 2 0 2 0 ▁Diamond , ▁Rey 

 2 0 2 0 

 Diamond , ▁Rey 

 This ▁is ▁an ▁open ▁access ▁article ▁distributed ▁under ▁the ▁terms ▁of ▁the 

 Creative ▁Commons ▁Attribution ▁License 

 , ▁which ▁permits ▁unrestricted ▁use , ▁distribution , ▁and ▁reproduction ▁in ▁any ▁medium , ▁provided ▁the ▁original ▁author ▁and ▁source ▁are ▁credited . 

 1 8 ▁Mar ▁"
jesus,343,"▁the ▁requirements ▁of ▁section ▁ 7 4 9 1 ( a ); 

 according ly , ▁the ▁burden ▁remains ▁with ▁petitioner ▁to ▁show ▁respondent ’ s 

 determin ations ▁were ▁incorrect . 

 ▁▁▁▁▁▁ This ▁is ▁a ▁dispute ▁over ▁whether ▁petitioner ▁had ▁repor table ▁cancellation ▁of 

 inde b ted ness ▁income ▁that ▁she ▁failed ▁to ▁report ▁on ▁her ▁ 2 0 1 1 ▁tax ▁return . ▁The ▁Code 

 defines ▁income ▁liberally ▁as ▁“ all ▁income ▁from ▁whatever ▁source ▁derived ”. ▁Sec . 

 6 1 ( a ). ▁Specifically , ▁income ▁includes ▁any ▁income ▁from ▁the ▁discharge ▁of 

 inde b ted ness . ▁Sec . ▁ 6 1 ( a )( 1 2 ); ▁sec . ▁ 1 . 6 1 - 1 2"
jesus,343,"TF AP 2 A * ▁in ▁two ▁children ▁affected ▁with ▁congenital ▁catar acts ▁from ▁a ▁cons angu ine ous ▁family ▁of ▁Pakistani ▁decent . ▁This ▁cataract - causing ▁deletion ▁removes ▁the ▁first ▁coding ▁ex ons ▁of ▁* GC NT 2 * ▁isoforms ▁* A * ▁and ▁* B * ▁but ▁leaves ▁the ▁* GC NT 2 C * ▁sequence ▁intact , ▁providing ▁further ▁support ▁for ▁the ▁is oform - specific ▁roles ▁of ▁this ▁gene ; ▁this ▁is ▁the ▁first ▁disruption ▁of ▁* GC NT 2 * ▁reported ▁which ▁does ▁not ▁affect ▁is oform ▁* C *. ▁While ▁the ▁patients ▁do ▁not ▁fit ▁a ▁diagnosis ▁of ▁BO FS , ▁one ▁sibling ▁demonstrates ▁mild ▁overlap ▁with ▁the ▁phenotypic ▁spectrum , ▁and ▁therefore ▁an ▁effect ▁of ▁this ▁deletion ▁on ▁the"
jesus,343,"▁as ▁a ▁new ▁and ▁emerging ▁player ▁in 
 the ▁oil ▁and ▁gas ▁world . 

 "" As ▁V . Ships ' ▁regional ▁office , ▁we ▁possess ▁the ▁necessary ▁skill set 
 and ▁experience ▁to ▁deliver ▁on ▁quality ▁for ▁our ▁offshore ▁clients ▁like 
 Polar cus . ▁As ▁a ▁direct ▁result ▁of ▁this ▁dedication ▁to ▁quality ▁and ▁cost 
 optimis ation , ▁this ▁is ▁our ▁fourth ▁back ▁to ▁back ▁offshore ▁marine 
 services ▁contract ▁in ▁the ▁last ▁three ▁years . 

 "" The ▁vast ▁majority ▁of ▁our ▁crew ▁have ▁been ▁with ▁us ▁in ▁other ▁similar 
 projects ▁in ▁the ▁Black ▁Sea ▁and ▁other ▁parts ▁of ▁the ▁world , ▁so ▁we ▁are 
 confident ▁that ▁they ▁will ▁integrate ▁quickly ▁with ▁Polar cus ▁crew 
 on - board ."" 

"
jesus,343,"▁Leon ’ s ▁grief . ▁If ▁the ▁player ▁empathi zes ▁with ▁Leon ▁( hopefully ▁they ▁do ▁if ▁they ’ ve ▁gotten ▁this ▁far ▁in ▁the ▁game ), ▁when ▁Leon ▁cries ▁out ▁in ▁agony ▁over ▁the ▁death ▁of ▁his ▁friend , ▁the ▁player , ▁too , ▁is ▁motivated ▁seek ▁justice ▁for ▁a ▁lost ▁friend . ▁This ▁is ▁the ▁opposite ▁of ▁Link ’ s ▁silence ▁that ▁I ▁discussed ▁in ▁my ▁last ▁article . ▁Unlike ▁Link , ▁who ▁leaves ▁you ▁to ▁form ▁your ▁experience ▁for ▁yourself , ▁Leon ▁hands ▁you ▁his ▁grief , ▁and ▁in ▁this ▁way ▁motivates ▁you ▁to ▁action . ▁This ▁is ▁good ▁storytelling . ▁Clearly ▁Resident ▁Evil ▁ 4 ▁has ▁nailed ▁the ▁motivational ▁aspect ▁of ▁making ▁a ▁powerful ▁narrative ▁in ▁a ▁game . ▁But ▁at ▁this ▁point"
jesus,343,"▁influenced ▁the ▁emergence ▁of ▁feminism . ▁The ▁Cabinet ▁wives ▁insisted ▁that ▁the ▁interests ▁and ▁honor ▁of ▁all ▁women ▁were ▁at ▁stake . ▁They ▁believed ▁a ▁responsible ▁woman ▁should ▁never ▁accord ▁a ▁man ▁sexual ▁favors ▁without ▁the ▁assurance ▁that ▁went ▁with ▁marriage . ▁A ▁woman ▁who ▁broke ▁that ▁code ▁was ▁dishon orable ▁and ▁unacceptable . ▁Howe ▁notes ▁that ▁this ▁was ▁the ▁feminist ▁spirit ▁that ▁in ▁the ▁next ▁decade ▁shaped ▁the ▁woman ' s ▁rights ▁movement . ▁▁ The ▁aristocratic ▁wives ▁of ▁European ▁diplomats ▁in ▁Washington ▁shrugged ▁the ▁matter ▁off ; ▁they ▁had ▁their ▁national ▁interest ▁to ▁uphold , ▁and ▁had ▁seen ▁how ▁life ▁worked ▁in ▁Paris ▁and ▁London . 

 Legacy 
 Hist orian ▁Robert ▁V . ▁Rem ini ▁says ▁that ▁"" the ▁entire ▁Eaton ▁affair ▁might ▁be"
jesus,343,"▁influenced ▁the ▁emergence ▁of ▁feminism . ▁The ▁Cabinet ▁wives ▁insisted ▁that ▁the ▁interests ▁and ▁honor ▁of ▁all ▁women ▁were ▁at ▁stake . ▁They ▁believed ▁a ▁responsible ▁woman ▁should ▁never ▁accord ▁a ▁man ▁sexual ▁favors ▁without ▁the ▁assurance ▁that ▁went ▁with ▁marriage . ▁A ▁woman ▁who ▁broke ▁that ▁code ▁was ▁dishon orable ▁and ▁unacceptable . ▁Howe ▁notes ▁that ▁this ▁was ▁the ▁feminist ▁spirit ▁that ▁in ▁the ▁next ▁decade ▁shaped ▁the ▁woman ' s ▁rights ▁movement . ▁▁ The ▁aristocratic ▁wives ▁of ▁European ▁diplomats ▁in ▁Washington ▁shrugged ▁the ▁matter ▁off ; ▁they ▁had ▁their ▁national ▁interest ▁to ▁uphold , ▁and ▁had ▁seen ▁how ▁life ▁worked ▁in ▁Paris ▁and ▁London . 

 Legacy 
 Hist orian ▁Robert ▁V . ▁Rem ini ▁says ▁that ▁"" the ▁entire ▁Eaton ▁affair ▁might ▁be"
jesus,343,"▁to ▁help ▁us ▁interested ▁lay - people ▁try ▁to ▁come ▁to ▁grips ▁with ▁what ▁happened , ▁and ▁why , ▁and ▁what ▁does ▁it ▁mean , ▁and ▁how ▁do ▁we ▁make ▁it ▁better ▁in ▁the ▁future . 

 Certainly , ▁it ▁makes ▁me ▁more ▁motivated ▁to ▁return ▁to ▁my ▁own ▁designs , ▁and ▁to ▁study ▁them , ▁and ▁test ▁them , ▁and ▁continue ▁to ▁learn ▁from ▁my ▁own ▁failures ▁and ▁make ▁my ▁future ▁work ▁better . ▁I ▁recommend ▁this ▁article ▁highly ; ▁I ▁think ▁you ' ll ▁find ▁it ▁interesting ▁and ▁well ▁worth ▁your ▁time . 

 This ▁is ▁the ▁second ▁major ▁release ▁since ▁I ▁joined ▁the ▁team , ▁and ▁I ' m ▁quite ▁excited ▁about ▁it . ▁Although ▁I ▁played ▁only ▁a ▁minor ▁role ▁in ▁this ▁release"
jesus,343,"▁Note : ▁I ▁signed ▁up ▁for ▁a ▁month - long ▁Digital ▁Detox ▁project ▁out ▁of ▁Middle bury ▁College ▁and ▁enjoyed ▁the ▁email ▁updates ▁throughout ▁January ▁that ▁got ▁us ▁thinking ▁about ▁our ▁digital ▁lives , ▁and ▁offered ▁small ▁steps ▁and ▁actions ▁to ▁take . ▁I ▁made ▁comics ▁about ▁the ▁concepts ▁as ▁a ▁way ▁to ▁read ▁deeper ▁and ▁think ▁a ▁little ▁more ▁critically ▁about ▁the ▁ways ▁digital ▁devices ▁and ▁platforms ▁are ▁part ▁of ▁our ▁lives . ▁This ▁is ▁the ▁last ▁comic ▁I ▁made ▁for ▁that ▁project . 

 Kevin ’ s ▁Note : ▁I ▁signed ▁up ▁for ▁a ▁month - long ▁Digital ▁Detox ▁project ▁out ▁of ▁Middle bury ▁College ▁and ▁enjoyed ▁the ▁email ▁updates ▁throughout ▁January ▁that ▁got ▁us ▁thinking ▁about ▁our ▁digital ▁lives , ▁and ▁offered ▁small ▁steps"
jesus,343,"▁Note : ▁I ▁signed ▁up ▁for ▁a ▁month - long ▁Digital ▁Detox ▁project ▁out ▁of ▁Middle bury ▁College ▁and ▁enjoyed ▁the ▁email ▁updates ▁throughout ▁January ▁that ▁got ▁us ▁thinking ▁about ▁our ▁digital ▁lives , ▁and ▁offered ▁small ▁steps ▁and ▁actions ▁to ▁take . ▁I ▁made ▁comics ▁about ▁the ▁concepts ▁as ▁a ▁way ▁to ▁read ▁deeper ▁and ▁think ▁a ▁little ▁more ▁critically ▁about ▁the ▁ways ▁digital ▁devices ▁and ▁platforms ▁are ▁part ▁of ▁our ▁lives . ▁This ▁is ▁the ▁last ▁comic ▁I ▁made ▁for ▁that ▁project . 

 Kevin ’ s ▁Note : ▁I ▁signed ▁up ▁for ▁a ▁month - long ▁Digital ▁Detox ▁project ▁out ▁of ▁Middle bury ▁College ▁and ▁enjoyed ▁the ▁email ▁updates ▁throughout ▁January ▁that ▁got ▁us ▁thinking ▁about ▁our ▁digital ▁lives , ▁and ▁offered ▁small ▁steps"
jesus,343,"▁AIDS ▁patients . ▁Last ▁week ' s ▁rec lassification ▁ruling ▁allows 
 doctors ▁greater ▁flexibility ▁to ▁prescribe ▁Marin ol ▁and ▁relaxes ▁record 
 keeping ▁requirements ▁on ▁the ▁drug . 

 Str oup ▁noted , ▁however , ▁that ▁it ▁raises ▁further ▁questions ▁about ▁the 
 future ▁of ▁medical ▁marijuana . ▁"" This ▁decision ▁by ▁the ▁federal ▁government 
 acknowled ges ▁that ▁one ▁of ▁the ▁primary ▁compounds ▁in ▁marijuana , ▁THC , ▁is 
 medic ally ▁valuable ▁and ▁lacks ▁a ▁high ▁potential ▁for ▁abuse ,"" ▁he ▁said . ▁"" Yet , 
 this ▁same ▁government ▁maintains ▁that ▁marijuana ▁must ▁remain ▁crimin ally 
 pro hibited ▁because ▁it ▁has ▁no ▁medical ▁value ▁and ▁a ▁high ▁abuse ▁potential . 
 This ▁is ▁the ▁equivalent ▁of ▁the ▁government ▁endorsing ▁Vitamin ▁C ▁but"
jesus,343,"▁Although ▁early ▁PA ▁without ▁elevated ▁serum ▁level ▁of ▁PSA ▁is ▁common , ▁advanced ▁PA ▁with ▁absence ▁of ▁elevated ▁serum ▁PSA , ▁associated ▁with ▁presence ▁of ▁tissue ▁immun ore active ▁pro static ▁markers ▁are ▁rare . ▁This ▁is ▁the ▁first ▁report ▁of ▁advanced ▁pro static ▁aden ocar cin omas ▁showing ▁loss ▁of ▁tumor ▁cell ▁prostate - specific ▁markers ▁with ▁absence ▁of ▁elevated ▁serum ▁PSA ▁level ▁after ▁hormonal ▁therapy ▁despite ▁tumor ▁progression . <bos> Q : 

 Angular 2 ▁Testing : ▁Service ▁returning ▁function ▁instead ▁of ▁object ▁array 

 I ▁want ▁to ▁write ▁some ▁tests ▁for ▁my ▁service ▁written ▁in ▁Angular ▁ 2 . 1 . 0 : 
 @ Injectable () 
 export ▁class ▁My Service ▁{ 
 ▁▁▁▁ api _ base _ url ▁= ▁' http ://"
jesus,343,"▁works : 

 Issues ▁are ▁raised ▁in ▁the ▁Apache ▁issue - tracking ▁system ; 

 discussion ▁is ▁held ▁in ▁the ▁issue ▁comments ▁and ▁on ▁mailing ▁lists ; 

 various ▁contributors ▁suggest ▁ideas ; 

 someone ▁"" with ▁an ▁itch ▁to ▁scratch "" ▁dives ▁into ▁the ▁problem ▁and ▁constructs ▁a ▁patch ; 

 the ▁patch ▁is ▁proposed ▁by ▁attaching ▁it ▁to ▁the ▁issue - tracking ▁system ; 

 further ▁discussion ▁and ▁testing ▁occurs , ▁now ▁shaped ▁by ▁the ▁concrete ▁nature ▁of ▁the ▁proposed ▁patch ; 

 a ▁commit ter ▁who ▁becomes ▁persuaded ▁of ▁the ▁desirability ▁of ▁the ▁patch ▁commits ▁it ▁to ▁the ▁repository ; 

 eventually ▁a ▁release ▁occurs ▁and ▁the ▁change ▁becomes ▁widely ▁distributed . 

 This ▁is ▁the ▁process ▁as ▁I ▁have ▁seen ▁it ▁and ▁participated"
jesus,343,"▁earlier ▁in ▁the ▁Torah : ▁the ▁Ten ▁Commandments ▁are ▁repeated ▁in ▁a ▁slightly ▁different ▁configuration , ▁the ▁feasts ▁and ▁holidays ▁are ▁revisited , ▁and ▁some ▁of ▁the ▁laws ▁from ▁Exodus ▁and ▁Levi ticus ▁are ▁rest ated . ▁However , ▁it ▁is ▁hard ▁to ▁ignore ▁the ▁very ▁different ▁tone ▁and ▁presentation ▁of ▁the ▁laws ▁in ▁Deuteronomy . ▁While ▁the ▁legal ▁bits ▁in ▁the ▁previous ▁books ▁were ▁written ▁down ▁as ▁literature , ▁the ▁material ▁in ▁Deuteronomy ▁appears ▁to ▁have ▁been ▁designed ▁to ▁be ▁read ▁out ▁loud . ▁A ▁repeated ▁refrain ▁throughout ▁the ▁book ▁is ▁“ Hear , ▁O ▁Israel …” ▁followed ▁by ▁some ▁instruction , ▁blessing , ▁or ▁warning . 

 And ▁speaking ▁of ▁blessing ▁and ▁warning , ▁this ▁is ▁perhaps ▁the ▁main ▁innovation ▁of ▁Deuteronomy . ▁While ▁the"
jesus,343,"▁of ▁PV Y ▁in ▁[ Table ▁ 1 ](# viruses - 1 2 - 0 0 1 3 2 - t 0 0 1 ){ ref - type ="" table ""} ▁is ▁correct , ▁then ▁[ Figure ▁S 1 ](# app 1 - viruses - 1 2 - 0 0 1 3 2 ){ ref - type ="" app ""}, ▁a ▁ML ▁tree ▁of ▁ 3 8 ▁representative ▁ORF ▁sequences , ▁indicates ▁that ▁the ▁long ▁basal ▁branch ▁of ▁the ▁lineage ▁covered ▁the ▁period ▁ 1 5 . 4 -- 1 8 . 8 ▁thousand ▁Y BP . ▁This ▁is ▁the ▁period ▁human ▁progen itors ▁of ▁the ▁Amer indi ans ▁are ▁most ▁likely ▁to ▁have ▁migrated ▁to ▁the ▁Americas ▁(< https :// en . wikipedia . org /"
jesus,343,"▁it ’ s ▁on ▁the ▁bou lev ards , ▁where ▁we ▁add ▁cross ▁traffic ▁and ▁traffic ▁signals . ▁“ it ’ s ▁comparatively ▁easy .” ▁Bea ub ien ▁says ▁of ▁that ▁condition . 

 But ▁when ▁you ▁ramp ▁up ▁to ▁driving ▁in ▁urban ▁centers ▁a ▁whole ▁new ▁set ▁of ▁conditions ▁are ▁encountered . ▁“ Here ▁everything ▁is ▁so ▁compact , ▁cars ▁are ▁coming ▁from ▁every ▁which ▁way ▁and ▁there ’ s ▁all ▁kinds ▁of ▁traffic ▁with ▁pedestrians ▁and ▁mixed ▁intersections ▁going ▁on . ▁This ▁is ▁the ▁hardest ▁kind ▁of ▁driving .” 

 When ▁we ▁think ▁of ▁rolling ▁in ▁self - driving ▁vehicles , ▁Bea ub ien ▁says ▁we ▁think ▁of ▁roads ▁that ▁are ▁easy ▁to ▁drive , ▁and ▁the ▁weather ▁is ▁good , ▁so ▁bringing ▁that ▁technology"
jesus,343,"▁farm . 

 Students ▁here ▁have ▁become ▁independent . ▁Instead ▁of ▁asking ▁Hud ak ▁how ▁to ▁organize ▁the ▁hundreds ▁of ▁flowers ▁they ▁picked , ▁they ▁form ▁an ▁assembly ▁line . ▁Rock ▁music ▁bla res ▁from ▁a ▁boom box ▁as ▁students ▁bundle ▁the ▁blooms ▁into ▁bouquets . 

 The ▁farm , ▁producing ▁more ▁than ▁expected , ▁signs ▁up ▁three ▁more ▁CSA ▁members . 

 The ▁work ▁is ▁a ▁lot ▁hotter ▁than ▁the ▁students ▁expected , ▁too . ▁"" This ▁is ▁a ▁job ▁that ▁most ▁people ▁would ▁kill ▁themselves ▁if ▁they ▁had ,"" ▁says ▁Ring wald , ▁who ▁once ▁nearly ▁quit ▁the ▁farm ▁program . ▁"" In ▁the ▁summertime ▁in ▁the ▁heat , ▁it ' s ▁horrible ▁working ▁out ▁here . ▁With ▁Paul , ▁he ▁keeps ▁our ▁enthusiasm ▁up"
jesus,343,"▁ 2 0 1 1 . 

 This ▁fight ▁took ▁place ▁in ▁Sho oto . 

 “ Ram bo ” ▁almost ▁caught ▁O chi ▁with ▁an ▁ar mbar ▁in ▁the ▁first ▁round . ▁But ▁O chi ▁came ▁back ▁and ▁KO ’ d ▁Kos uke ▁in ▁the ▁second ▁round . ▁That ▁was ▁“ Ram bo ” ‘ s ▁first ▁pro ▁defeat ▁in ▁seven ▁fights . <bos> -- recursive 
 -- require ▁@ babel / register 
 <bos> Accounting 

 Surf ▁Works ▁offer ▁a ▁range ▁of ▁accounting ▁services ▁suitable ▁for ▁all ▁types ▁of ▁business . ▁Below , ▁we ▁have ▁listed ▁packages ▁suitable ▁for ▁sole ▁traders , ▁partnerships ▁and ▁limited ▁companies . ▁The ▁packages ▁can ▁be ▁fully ▁tailored ▁to ▁your ▁requirements ▁by ▁adding ▁extra ▁services ▁to ▁create ▁the ▁exact ▁service"
jesus,343,"▁We 
 ▁▁▁▁▁▁▁ are ▁not ▁talking ▁about ▁a ▁six - year ▁old , ▁who ▁accident ly ▁shoots ▁the 



 ▁▁▁▁▁▁▁▁▁▁▁▁▁▁▁▁▁▁▁▁▁▁▁▁▁▁▁▁▁▁▁ ▁▁▁▁▁▁▁▁▁▁▁▁ - 5 - 
  J - A 0 8 0 3 5 - 1 9 


 at ▁ 1 1 1 - 1 2 . ▁It ▁went ▁on ▁to ▁say , ▁“ As ▁I ▁said ▁before , ▁this ▁was ▁a ▁- ▁- ▁for ▁lack ▁of ▁a 

 better ▁term ▁- ▁- ▁this ▁is ▁the ▁behavior ▁of ▁an ▁adult .” ▁N . T ., ▁Recons ideration ▁Hearing , 

 3 / 7 / 1 8 ▁at ▁ 9 ▁( emphasis ▁added ). ▁It ▁did ▁not ▁say ▁that ▁he ▁was , ▁in ▁fact , ▁an ▁adult . 

 This ▁claim ▁is ▁thus ▁merit less . 

 ▁▁▁▁▁▁▁"
jesus,343,"’ t ▁been ▁actually ▁challenged , ▁but ▁that ’ s ▁not ▁a ▁reason ▁NOT ▁to ▁participate ▁in ▁a ▁meme . 

 The ▁instructions ▁are ▁simple : 

 Enter ▁the ▁fourth ▁directory ▁in ▁your ▁picture ▁stash . 

 Choose ▁the ▁fourth ▁picture ▁in ▁your ▁blog 

 Describe ▁when / why / how ▁you ▁took ▁it . 

 Challenge ▁four ▁people ▁to ▁participate 

 Well , ▁this ▁picture ▁is ▁from ▁New ▁York , ▁close ▁to ▁the ▁W TC ▁ground ▁zero , ▁taken ▁in ▁January ▁ 2 0 0 2 , ▁after ▁the ▁cleaning ▁crew ▁was ▁mostly ▁done ▁with ▁the ▁rubble . ▁This ▁was ▁a ▁cold ▁day , ▁easily ▁fifteen ▁below ▁zero , ▁the ▁chill ▁compounded ▁by ▁stiff ▁winds ▁off ▁the ▁rivers . 

 The ▁camera ▁was ▁a ▁brand ▁new"
jesus,343,"▁to ▁be ▁ 2 . 5 - times ▁lower ▁than ▁that ▁of ▁parent ▁compound ▁RC - 1 2 1 . ▁This ▁is ▁the ▁first ▁report ▁on ▁inhibition ▁of ▁human ▁pancreatic ▁cancer ▁growth ▁in ▁vivo ▁by ▁som at ost atin ▁analogs ▁carrying ▁cytotoxic ▁radicals . <bos> INTRODUCTION ▁{# s 1 } 
 ============ 

 Whilst ▁onco genesis ▁is ▁driven ▁by ▁a ▁multitude ▁of ▁complex , ▁non - programmed ▁molecular ▁events , ▁there ▁are ▁a ▁number ▁of ▁key ▁features ▁of ▁this ▁process , ▁not ▁least ▁of ▁which ▁is ▁the ▁aberrant ▁activation ▁of ▁genes ▁that ▁would ▁normally ▁be ▁silenced ▁in ▁a ▁given ▁tissue ▁context ▁\[ [@ R 1 ] \] . ▁The ▁so ▁called ▁cancer / tes tis ▁( CT ) ▁or ▁cancer ▁germ line ▁( CG ) ▁genes ▁are"
jesus,343,"▁to ▁be ▁ 2 . 5 - times ▁lower ▁than ▁that ▁of ▁parent ▁compound ▁RC - 1 2 1 . ▁This ▁is ▁the ▁first ▁report ▁on ▁inhibition ▁of ▁human ▁pancreatic ▁cancer ▁growth ▁in ▁vivo ▁by ▁som at ost atin ▁analogs ▁carrying ▁cytotoxic ▁radicals . <bos> INTRODUCTION ▁{# s 1 } 
 ============ 

 Whilst ▁onco genesis ▁is ▁driven ▁by ▁a ▁multitude ▁of ▁complex , ▁non - programmed ▁molecular ▁events , ▁there ▁are ▁a ▁number ▁of ▁key ▁features ▁of ▁this ▁process , ▁not ▁least ▁of ▁which ▁is ▁the ▁aberrant ▁activation ▁of ▁genes ▁that ▁would ▁normally ▁be ▁silenced ▁in ▁a ▁given ▁tissue ▁context ▁\[ [@ R 1 ] \] . ▁The ▁so ▁called ▁cancer / tes tis ▁( CT ) ▁or ▁cancer ▁germ line ▁( CG ) ▁genes ▁are"
jesus,343,"s ▁no ▁explicit ▁view ▁policy , ▁make ▁it ▁very ▁restrictive ▁by ▁default . 
 ▁▁▁▁ // ▁This ▁is ▁the ▁correct ▁policy ▁for ▁files ▁dropped ▁onto ▁objects ▁during 
 ▁▁▁▁ // ▁creation , ▁comment ▁and ▁edit ▁flows . 
 ▁▁▁▁ $ view _ policy ▁= ▁$ request -> get Str (' view Policy '); 
 ▁▁▁▁ if ▁(!$ view _ policy ) ▁{ 
 ▁▁▁▁▁▁ $ view _ policy ▁= ▁$ viewer -> get PH ID (); 
 ▁▁▁▁ } 

 ▁▁▁▁ $ is _ chunks ▁= ▁$ request -> get Bool (' query chunks '); 
 ▁▁▁▁ if ▁($ is _ chunks ) ▁{ 
 ▁▁▁▁▁▁ $ params ▁= ▁array ( 
 ▁▁▁▁▁▁▁▁ ' file PH ID ' ▁=> ▁$ file _ ph id , 
 ▁▁▁▁▁▁"
jesus,343,"0 , ▁and ▁TCC ▁is ▁disabled , ▁this ▁is ▁a ▁cont endor 
 ▁▁▁▁▁▁▁▁▁▁▁▁ if ▁(! b TCC ) ▁▁▁ // ▁Is ▁this ▁GPU ▁running ▁the ▁TCC ▁driver ? ▁▁ If ▁so ▁we ▁pass ▁on ▁this 
 ▁▁▁▁▁▁▁▁▁▁▁▁ { 
 ▁▁▁▁▁▁▁▁▁▁▁▁▁▁▁▁ int ▁compute _ perf ▁▁ = ▁multi Processor Count ▁* ▁sm _ per _ multi proc ▁* ▁clock Rate ; 

 ▁▁▁▁▁▁▁▁▁▁▁▁▁▁▁▁ if ▁( compute _ perf ▁▁ > ▁max _ compute _ perf ) 
 ▁▁▁▁▁▁▁▁▁▁▁▁▁▁▁▁ { 
 ▁▁▁▁▁▁▁▁▁▁▁▁▁▁▁▁▁▁▁▁ // ▁If ▁we ▁find ▁GPU ▁with ▁SM ▁major ▁> ▁ 2 , ▁search ▁only ▁these 
 ▁▁▁▁▁▁▁▁▁▁▁▁▁▁▁▁▁▁▁▁ if ▁( best _ SM _ arch ▁> ▁ 2 ) 
 ▁▁▁▁▁▁▁▁▁▁▁▁▁▁▁▁▁▁▁▁ { 
 ▁▁▁▁▁▁▁▁▁▁▁▁▁▁▁▁▁▁▁▁▁▁▁▁ // ▁If ▁our ▁device ▁= ▁dest _ SM _ arch , ▁then ▁we"
jesus,343,"0 ▁and ▁persist ing ▁through ▁ 1 0 . 2 ▁or ▁later 

 I ▁am ▁trying ▁to ▁understand ▁the ▁new ▁tem plating ▁in ▁version ▁ 1 0 . ▁While ▁there ▁is ▁a ▁general ▁documentation ▁page ▁with ▁links ▁to ▁docs ▁for ▁each ▁new ▁function , ▁so ▁far ▁I ▁am ▁unable ▁to ▁find ▁any ▁report ▁generation ▁worked ▁examples ▁of ▁what ▁a ▁user ▁may ▁do ▁after ▁they ▁open ▁File ▁> ▁New ▁> ▁Template ▁Notebook . ▁Additionally ▁when ▁I ▁press ▁the ▁help ▁button ▁on ▁the ▁template ▁notebook ▁it ▁seems ▁there ▁is ▁documentation ▁missing : 

 When ▁you ▁type ▁"" Report Generation "" ▁in ▁the ▁docs ▁this ▁is ▁what ▁you ▁get : 

 Templates ▁were ▁first ▁introduced ▁in ▁the ▁Finance ▁Platform ▁-- ▁which ▁is ▁essentially ▁a ▁version ▁of ▁Mathematica ▁with ▁a ▁few"
jesus,343,"▁first ▁table . 
 Thanks 

 A : 

 this ▁a ▁quick ▁example ▁of ▁how ▁to ▁achieve ▁your ▁requirement ... 
 CREATE ▁TABLE ▁IF ▁NOT ▁EXISTS ▁` feeds ` ▁( 
 ▁▁ ` Feed _ ID ` ▁int ( 1 1 ) ▁NOT ▁NULL , 
 ▁▁ ` Feed _ Name ` ▁varchar ( 3 2 ) ▁NOT ▁NULL , 
 ▁▁ ` Feed _ Url ` ▁varchar ( 2 5 5 ) ▁NOT ▁NULL , 
 ▁▁ PRIMARY ▁KEY ▁(` Feed _ ID `) 
 ) 

 CREATE ▁TABLE ▁IF ▁NOT ▁EXISTS ▁` feed items ` ▁( 
 ▁▁ ` Feed Item _ ID ` ▁int ( 1 1 ) ▁NOT ▁NULL , 
 ▁▁ ` Feed _ ID ` ▁int ( 1 1 ) ▁NOT"
jesus,343,"▁impose ▁clear ▁and ▁significant ▁opportunity ▁costs ▁on ▁Google ’ s ▁standards ▁acti i vities . 

 "" Un related ""? ▁I ▁think ▁that ▁is ▁an ▁overly ▁strong ▁critique . ▁Surely ▁Dart ▁is ▁strongly ▁related . 

 What ▁is ▁the ▁best ▁way , ▁then ? ▁Continue ▁to ▁improve ▁the ▁existing ▁language , ▁or ▁work ▁on ▁building ▁new ▁languages ? ▁Can ▁we ▁really ▁not ▁do ▁both ? ▁After ▁all , ▁Dart ▁is ▁not ▁the ▁only ▁new ▁language ▁built ▁on ▁top ▁of ▁and ▁closely ▁related ▁to ▁JavaScript : ▁consider ▁Coffee Script , ▁for ▁example . ▁It ▁is ▁another ▁new ▁language ▁which ▁is ▁designed ▁for ▁the ▁web , ▁and ▁is ▁implemented ▁by ▁being ▁compiled ▁into ▁JavaScript . ▁Coffee Script ▁is ▁interesting ; ▁it ▁pushes ▁the ▁envelope ▁in ▁other ▁directions , ▁such"
jesus,343,"▁to ▁be ▁within ▁UM NO ▁than ▁outside , ▁let ' s ▁see ▁what ▁Anwar ▁did ▁after ▁he ▁was ▁out - mano eu v red ▁by ▁Mahat hir ▁following ▁the ▁failed ▁attempt ▁to ▁oust ▁the ▁Old ▁Man ▁in ▁June ▁ 1 9 9 8 . 

 OK , ▁let ' s ▁hear ▁what ▁he ▁said ▁just ▁a ▁mere ▁two ▁months ▁later , ▁on ▁ 1 2 ▁August ▁ 1 9 9 8 , ▁during ▁the ▁opening ▁of ▁the ▁then - new ▁Penang ▁UM NO ▁building . ▁That ▁was ▁when ▁the ▁UM NO ▁jungle ▁drums ▁were ▁already ▁beating ▁away ▁that ▁Anwar ▁was ▁going ▁for ▁broke ▁for ▁the ▁presidency ▁of ▁UM NO ▁because ▁of ▁the ▁virtually ▁irreparable ▁rift ▁between ▁the ▁two ▁UM NO ▁top ▁leaders , ▁wak ak aka ."
jesus,343,", ▁field Number : ▁ 1 1 4 ) 
 ▁▁▁▁▁▁ case ▁nil : ▁break 
 ▁▁▁▁▁▁ } 
 ▁▁▁▁▁▁ if ▁let ▁v ▁= ▁_ storage ._ optional Lazy Import Message ▁{ 
 ▁▁▁▁▁▁▁▁ try ▁visitor . visit Singular Message Field ( value : ▁v , ▁field Number : ▁ 1 1 5 ) 
 ▁▁▁▁▁▁ } 
 ▁▁▁▁ } 
 ▁▁▁▁ try ▁unknownFields . traverse ( visitor : ▁& visitor ) 
 ▁▁ } 

 ▁▁ static ▁func ▁== ( lhs : ▁Proto 3 Arena Unit test _ Test All Types , ▁rhs : ▁Proto 3 Arena Unit test _ Test All Types ) ▁-> ▁Bool ▁{ 
 ▁▁▁▁ if ▁lhs ._ storage ▁!== ▁rhs ._ storage ▁{ 
 ▁▁▁▁▁▁ let ▁stor ages AreEqual : ▁Bool"
jesus,343,"▁observed ▁after ▁both ▁CRT ‐ def ib rillation ▁and ▁CRT ‐ p acing , ▁after ▁adjustment ▁for ▁heart ▁failure ▁etiology . Re ‐ inter ventions ▁for ▁left ▁ventricular ▁displacement ▁or ▁ph ren ic ▁nerve ▁stimulation , ▁which ▁were ▁lower ▁with ▁QU AD , ▁were ▁associated ▁with ▁worse ▁outcomes . What ▁Are ▁the ▁Clinical ▁Implications ? The ▁markedly ▁better ▁outcomes ▁after ▁CRT ▁observed ▁with ▁QU AD ▁supports ▁their ▁preferential ▁use ▁over ▁non ‐ QUAD ▁in ▁clinical ▁practice . The ▁relative ▁benefits ▁of ▁CRT ‐ def ib rillation ▁over ▁CRT ‐ p acing ▁requires ▁further ▁evaluation ▁in ▁the ▁QU AD ▁era . 

 Introduction ▁{# jah 3 2 5 8 7 - sec - 0 0 0 8 } 
 ============ 

 Cardiac ▁res ynchron ization ▁therapy ▁( CRT"
jesus,343,"▁for ▁the ▁actuators ▁is ▁conveniently ▁located ▁at ▁ground ▁level ▁enabling ▁the ▁operator ▁to ▁view ▁easily ▁the ▁operation ▁of ▁the ▁hatch ▁closure ▁system . 
 Accordingly , ▁it ▁is ▁an ▁object ▁of ▁the ▁present ▁invention ▁to ▁provide ▁an ▁automatic ▁closure ▁system ▁for ▁the ▁hatch ▁of ▁a ▁bulk ▁carrier ▁that ▁can ▁be ▁operated ▁at ▁ground ▁level ▁without ▁requiring ▁the ▁operator ▁to ▁climb ▁atop ▁the ▁carrier ▁body . 
 Another ▁object ▁of ▁the ▁invention ▁is ▁to ▁provide ▁a ▁hatch ▁closure ▁system ▁for ▁the ▁hatch ▁of ▁a ▁dry ▁bulk ▁transport ▁that ▁can ▁be ▁selectively ▁remotely ▁actuated ▁to ▁provide ▁pressure ▁sealing ▁of ▁the ▁hatch ▁and ▁a ▁fully ▁open ▁position ▁for ▁loading ▁and ▁maintenance . 
 A ▁further ▁object ▁of ▁the ▁invention ▁is ▁to ▁provide ▁an ▁automatic ▁hatch ▁closure ▁system ▁for ▁a ▁mobile"
jesus,343,"7 . 2 , ▁ 1 1 7 . 4 , ▁ 1 1 5 . 7 , ▁ 1 1 4 . 9 , ▁ 4 4 . 3 , ▁ 2 1 . 2 ; ▁Elemental ▁analysis : ▁calc . ▁for ▁C ~ 1 4 ~ H ~ 1 1 ~ N ~ 5 ~ ▁( MW ▁ 2 4 9 . 2 7 ): ▁ 6 7 . 4 6 % ▁C , ▁ 4 . 4 5 % ▁H , ▁ 2 8 . 1 0 % ▁N ; ▁found ▁ 6 7 . 2 1 % ▁C , ▁ 4 . 6 3 % ▁H , ▁ 2 7 . 9 5 % ▁N . 

 * 5 - \[ ( 4"
jesus,343,"qu bit ▁density ▁matrix ▁$\ varrho $. ▁$ U _{\ mathcal { H }' }$ ▁is ▁decomposed ▁to ▁single ▁qubit ▁gates ; ▁here ▁$\ displaystyle 
 U =( 1 /\ sqrt { 2 })(\ mathbb m { 1 }_{ 2 }+ i \ sigma _{ y })$. ▁[] { data - label ="" Fig 3 "" }] ( figure 3 . eps ){ width ="" 8 . 5 cm ""} 

 Note ▁that ▁the ▁network ▁can ▁also ▁be ▁regarded ▁as ▁a ▁one ▁measuring ▁purity ▁of ▁a ▁state ▁as ▁${\ mathrm { Tr }}(\ varrho ▁^{ T _{ B }}) ^ 2 ={\ mathrm { Tr }}\ varrho ▁^ 2 $. ▁Note ▁that ▁the ▁this ▁network ▁is ▁not ▁optimal ▁since ▁an ▁alternative ▁network ▁[@ Estimator ] ▁measuring ▁${\"
