query_term,latent_feature_number,activation_tokens
Opa,13699,"▁Honig glas ▁nicht ▁aus le cken ▁dürfen ▁dürfen . 

 S pri ch : ▁Es ▁wäre ▁besser ▁gewesen , ▁Autor itäts person ▁ 1 ▁hätte ▁es ▁Autor itäts person ▁ 2 ▁nicht ▁gest attet , ▁mir ▁zu ▁gest atten , ▁das ▁Honig glas ▁aus zule cken . 

 A : 

 Ohne ▁Parti zip ien ▁( also ▁nur ▁finite ▁und ▁infinite ▁Verb formen ) ▁können ▁Kon stru ktionen ▁mit ▁Ver ben ▁der ▁Wahrnehmung ▁( z B ▁sehen , ▁hören ) ▁manchmal ▁viele ▁au feinander fol genden ▁Infin itiv formen ▁enthalten . 
 Ein ▁Z itat ▁aus ▁"" Der ▁Prozess "" ▁von ▁Franz ▁Kafka : 

 Als ▁ich ▁mich ▁ein ▁Weil chen ▁wieder ▁so ▁ruhig ▁ver halten ▁hatte , ▁dass ▁man ▁die ▁F liegen ▁an ▁der ▁Wand ▁hätte"
Opa,13699,"▁Honig glas ▁nicht ▁aus le cken ▁dürfen ▁dürfen . 

 S pri ch : ▁Es ▁wäre ▁besser ▁gewesen , ▁Autor itäts person ▁ 1 ▁hätte ▁es ▁Autor itäts person ▁ 2 ▁nicht ▁gest attet , ▁mir ▁zu ▁gest atten , ▁das ▁Honig glas ▁aus zule cken . 

 A : 

 Ohne ▁Parti zip ien ▁( also ▁nur ▁finite ▁und ▁infinite ▁Verb formen ) ▁können ▁Kon stru ktionen ▁mit ▁Ver ben ▁der ▁Wahrnehmung ▁( z B ▁sehen , ▁hören ) ▁manchmal ▁viele ▁au feinander fol genden ▁Infin itiv formen ▁enthalten . 
 Ein ▁Z itat ▁aus ▁"" Der ▁Prozess "" ▁von ▁Franz ▁Kafka : 

 Als ▁ich ▁mich ▁ein ▁Weil chen ▁wieder ▁so ▁ruhig ▁ver halten ▁hatte , ▁dass ▁man ▁die ▁F liegen ▁an ▁der ▁Wand ▁hätte"
Opa,13699,"▁Honig glas ▁nicht ▁aus le cken ▁dürfen ▁dürfen . 

 S pri ch : ▁Es ▁wäre ▁besser ▁gewesen , ▁Autor itäts person ▁ 1 ▁hätte ▁es ▁Autor itäts person ▁ 2 ▁nicht ▁gest attet , ▁mir ▁zu ▁gest atten , ▁das ▁Honig glas ▁aus zule cken . 

 A : 

 Ohne ▁Parti zip ien ▁( also ▁nur ▁finite ▁und ▁infinite ▁Verb formen ) ▁können ▁Kon stru ktionen ▁mit ▁Ver ben ▁der ▁Wahrnehmung ▁( z B ▁sehen , ▁hören ) ▁manchmal ▁viele ▁au feinander fol genden ▁Infin itiv formen ▁enthalten . 
 Ein ▁Z itat ▁aus ▁"" Der ▁Prozess "" ▁von ▁Franz ▁Kafka : 

 Als ▁ich ▁mich ▁ein ▁Weil chen ▁wieder ▁so ▁ruhig ▁ver halten ▁hatte , ▁dass ▁man ▁die ▁F liegen ▁an ▁der ▁Wand ▁hätte"
Opa,13699,"▁Honig glas ▁nicht ▁aus le cken ▁dürfen ▁dürfen . 

 S pri ch : ▁Es ▁wäre ▁besser ▁gewesen , ▁Autor itäts person ▁ 1 ▁hätte ▁es ▁Autor itäts person ▁ 2 ▁nicht ▁gest attet , ▁mir ▁zu ▁gest atten , ▁das ▁Honig glas ▁aus zule cken . 

 A : 

 Ohne ▁Parti zip ien ▁( also ▁nur ▁finite ▁und ▁infinite ▁Verb formen ) ▁können ▁Kon stru ktionen ▁mit ▁Ver ben ▁der ▁Wahrnehmung ▁( z B ▁sehen , ▁hören ) ▁manchmal ▁viele ▁au feinander fol genden ▁Infin itiv formen ▁enthalten . 
 Ein ▁Z itat ▁aus ▁"" Der ▁Prozess "" ▁von ▁Franz ▁Kafka : 

 Als ▁ich ▁mich ▁ein ▁Weil chen ▁wieder ▁so ▁ruhig ▁ver halten ▁hatte , ▁dass ▁man ▁die ▁F liegen ▁an ▁der ▁Wand ▁hätte"
Opa,13699,"▁Honig glas ▁nicht ▁aus le cken ▁dürfen ▁dürfen . 

 S pri ch : ▁Es ▁wäre ▁besser ▁gewesen , ▁Autor itäts person ▁ 1 ▁hätte ▁es ▁Autor itäts person ▁ 2 ▁nicht ▁gest attet , ▁mir ▁zu ▁gest atten , ▁das ▁Honig glas ▁aus zule cken . 

 A : 

 Ohne ▁Parti zip ien ▁( also ▁nur ▁finite ▁und ▁infinite ▁Verb formen ) ▁können ▁Kon stru ktionen ▁mit ▁Ver ben ▁der ▁Wahrnehmung ▁( z B ▁sehen , ▁hören ) ▁manchmal ▁viele ▁au feinander fol genden ▁Infin itiv formen ▁enthalten . 
 Ein ▁Z itat ▁aus ▁"" Der ▁Prozess "" ▁von ▁Franz ▁Kafka : 

 Als ▁ich ▁mich ▁ein ▁Weil chen ▁wieder ▁so ▁ruhig ▁ver halten ▁hatte , ▁dass ▁man ▁die ▁F liegen ▁an ▁der ▁Wand ▁hätte"
Opa,13699,"▁Honig glas ▁nicht ▁aus le cken ▁dürfen ▁dürfen . 

 S pri ch : ▁Es ▁wäre ▁besser ▁gewesen , ▁Autor itäts person ▁ 1 ▁hätte ▁es ▁Autor itäts person ▁ 2 ▁nicht ▁gest attet , ▁mir ▁zu ▁gest atten , ▁das ▁Honig glas ▁aus zule cken . 

 A : 

 Ohne ▁Parti zip ien ▁( also ▁nur ▁finite ▁und ▁infinite ▁Verb formen ) ▁können ▁Kon stru ktionen ▁mit ▁Ver ben ▁der ▁Wahrnehmung ▁( z B ▁sehen , ▁hören ) ▁manchmal ▁viele ▁au feinander fol genden ▁Infin itiv formen ▁enthalten . 
 Ein ▁Z itat ▁aus ▁"" Der ▁Prozess "" ▁von ▁Franz ▁Kafka : 

 Als ▁ich ▁mich ▁ein ▁Weil chen ▁wieder ▁so ▁ruhig ▁ver halten ▁hatte , ▁dass ▁man ▁die ▁F liegen ▁an ▁der ▁Wand ▁hätte"
Opa,13699,"▁Honig glas ▁nicht ▁aus le cken ▁dürfen ▁dürfen . 

 S pri ch : ▁Es ▁wäre ▁besser ▁gewesen , ▁Autor itäts person ▁ 1 ▁hätte ▁es ▁Autor itäts person ▁ 2 ▁nicht ▁gest attet , ▁mir ▁zu ▁gest atten , ▁das ▁Honig glas ▁aus zule cken . 

 A : 

 Ohne ▁Parti zip ien ▁( also ▁nur ▁finite ▁und ▁infinite ▁Verb formen ) ▁können ▁Kon stru ktionen ▁mit ▁Ver ben ▁der ▁Wahrnehmung ▁( z B ▁sehen , ▁hören ) ▁manchmal ▁viele ▁au feinander fol genden ▁Infin itiv formen ▁enthalten . 
 Ein ▁Z itat ▁aus ▁"" Der ▁Prozess "" ▁von ▁Franz ▁Kafka : 

 Als ▁ich ▁mich ▁ein ▁Weil chen ▁wieder ▁so ▁ruhig ▁ver halten ▁hatte , ▁dass ▁man ▁die ▁F liegen ▁an ▁der ▁Wand ▁hätte"
Opa,13699,"▁Honig glas ▁nicht ▁aus le cken ▁dürfen ▁dürfen . 

 S pri ch : ▁Es ▁wäre ▁besser ▁gewesen , ▁Autor itäts person ▁ 1 ▁hätte ▁es ▁Autor itäts person ▁ 2 ▁nicht ▁gest attet , ▁mir ▁zu ▁gest atten , ▁das ▁Honig glas ▁aus zule cken . 

 A : 

 Ohne ▁Parti zip ien ▁( also ▁nur ▁finite ▁und ▁infinite ▁Verb formen ) ▁können ▁Kon stru ktionen ▁mit ▁Ver ben ▁der ▁Wahrnehmung ▁( z B ▁sehen , ▁hören ) ▁manchmal ▁viele ▁au feinander fol genden ▁Infin itiv formen ▁enthalten . 
 Ein ▁Z itat ▁aus ▁"" Der ▁Prozess "" ▁von ▁Franz ▁Kafka : 

 Als ▁ich ▁mich ▁ein ▁Weil chen ▁wieder ▁so ▁ruhig ▁ver halten ▁hatte , ▁dass ▁man ▁die ▁F liegen ▁an ▁der ▁Wand ▁hätte"
Opa,13699,"▁Honig glas ▁nicht ▁aus le cken ▁dürfen ▁dürfen . 

 S pri ch : ▁Es ▁wäre ▁besser ▁gewesen , ▁Autor itäts person ▁ 1 ▁hätte ▁es ▁Autor itäts person ▁ 2 ▁nicht ▁gest attet , ▁mir ▁zu ▁gest atten , ▁das ▁Honig glas ▁aus zule cken . 

 A : 

 Ohne ▁Parti zip ien ▁( also ▁nur ▁finite ▁und ▁infinite ▁Verb formen ) ▁können ▁Kon stru ktionen ▁mit ▁Ver ben ▁der ▁Wahrnehmung ▁( z B ▁sehen , ▁hören ) ▁manchmal ▁viele ▁au feinander fol genden ▁Infin itiv formen ▁enthalten . 
 Ein ▁Z itat ▁aus ▁"" Der ▁Prozess "" ▁von ▁Franz ▁Kafka : 

 Als ▁ich ▁mich ▁ein ▁Weil chen ▁wieder ▁so ▁ruhig ▁ver halten ▁hatte , ▁dass ▁man ▁die ▁F liegen ▁an ▁der ▁Wand ▁hätte"
Opa,13699,"▁mit ▁fünf ▁oder ▁mehr ▁au feinander fol genden ▁Ver ben ▁einge fallen . 

 A : 

 Man ▁kann ▁im ▁Grunde ▁alle ▁verfügb aren ▁Modal ver ben ▁ane inander rei hen , ▁auch ▁wenn ▁pro ▁hinzu gefü gten ▁Modal verb ▁es ▁immer ▁auf wendi ger ▁wird , ▁einen ▁Sitz ▁im ▁Leben ▁für ▁einen ▁solchen ▁Satz ▁zu ▁finden . ▁Aber ▁unmöglich ▁ist ▁es ▁nicht . 

 Ich ▁hätte ▁das ▁Honig glas ▁nicht ▁aus le cken ▁dürfen . 
 Ich ▁hätte ▁das ▁Honig glas ▁nicht ▁aus le cken ▁wollen ▁sollen . 
 [...] 
 Ich ▁hätte ▁das ▁Honig glas ▁nicht ▁aus le cken ▁wollen ▁sollen ▁können ▁dürfen ▁müssen ▁mögen . 

 Nun ▁kann ▁man ▁aber ▁auch ▁die ▁Modal ver ben ▁mehrfach ▁einsetzen : 

 Ich ▁▁ h ätte ▁das"
Opa,13699,"▁mit ▁fünf ▁oder ▁mehr ▁au feinander fol genden ▁Ver ben ▁einge fallen . 

 A : 

 Man ▁kann ▁im ▁Grunde ▁alle ▁verfügb aren ▁Modal ver ben ▁ane inander rei hen , ▁auch ▁wenn ▁pro ▁hinzu gefü gten ▁Modal verb ▁es ▁immer ▁auf wendi ger ▁wird , ▁einen ▁Sitz ▁im ▁Leben ▁für ▁einen ▁solchen ▁Satz ▁zu ▁finden . ▁Aber ▁unmöglich ▁ist ▁es ▁nicht . 

 Ich ▁hätte ▁das ▁Honig glas ▁nicht ▁aus le cken ▁dürfen . 
 Ich ▁hätte ▁das ▁Honig glas ▁nicht ▁aus le cken ▁wollen ▁sollen . 
 [...] 
 Ich ▁hätte ▁das ▁Honig glas ▁nicht ▁aus le cken ▁wollen ▁sollen ▁können ▁dürfen ▁müssen ▁mögen . 

 Nun ▁kann ▁man ▁aber ▁auch ▁die ▁Modal ver ben ▁mehrfach ▁einsetzen : 

 Ich ▁▁ h ätte ▁das"
Opa,13699,"▁mit ▁fünf ▁oder ▁mehr ▁au feinander fol genden ▁Ver ben ▁einge fallen . 

 A : 

 Man ▁kann ▁im ▁Grunde ▁alle ▁verfügb aren ▁Modal ver ben ▁ane inander rei hen , ▁auch ▁wenn ▁pro ▁hinzu gefü gten ▁Modal verb ▁es ▁immer ▁auf wendi ger ▁wird , ▁einen ▁Sitz ▁im ▁Leben ▁für ▁einen ▁solchen ▁Satz ▁zu ▁finden . ▁Aber ▁unmöglich ▁ist ▁es ▁nicht . 

 Ich ▁hätte ▁das ▁Honig glas ▁nicht ▁aus le cken ▁dürfen . 
 Ich ▁hätte ▁das ▁Honig glas ▁nicht ▁aus le cken ▁wollen ▁sollen . 
 [...] 
 Ich ▁hätte ▁das ▁Honig glas ▁nicht ▁aus le cken ▁wollen ▁sollen ▁können ▁dürfen ▁müssen ▁mögen . 

 Nun ▁kann ▁man ▁aber ▁auch ▁die ▁Modal ver ben ▁mehrfach ▁einsetzen : 

 Ich ▁▁ h ätte ▁das"
Opa,13699,"▁mit ▁fünf ▁oder ▁mehr ▁au feinander fol genden ▁Ver ben ▁einge fallen . 

 A : 

 Man ▁kann ▁im ▁Grunde ▁alle ▁verfügb aren ▁Modal ver ben ▁ane inander rei hen , ▁auch ▁wenn ▁pro ▁hinzu gefü gten ▁Modal verb ▁es ▁immer ▁auf wendi ger ▁wird , ▁einen ▁Sitz ▁im ▁Leben ▁für ▁einen ▁solchen ▁Satz ▁zu ▁finden . ▁Aber ▁unmöglich ▁ist ▁es ▁nicht . 

 Ich ▁hätte ▁das ▁Honig glas ▁nicht ▁aus le cken ▁dürfen . 
 Ich ▁hätte ▁das ▁Honig glas ▁nicht ▁aus le cken ▁wollen ▁sollen . 
 [...] 
 Ich ▁hätte ▁das ▁Honig glas ▁nicht ▁aus le cken ▁wollen ▁sollen ▁können ▁dürfen ▁müssen ▁mögen . 

 Nun ▁kann ▁man ▁aber ▁auch ▁die ▁Modal ver ben ▁mehrfach ▁einsetzen : 

 Ich ▁▁ h ätte ▁das"
Opa,13699,"▁mit ▁fünf ▁oder ▁mehr ▁au feinander fol genden ▁Ver ben ▁einge fallen . 

 A : 

 Man ▁kann ▁im ▁Grunde ▁alle ▁verfügb aren ▁Modal ver ben ▁ane inander rei hen , ▁auch ▁wenn ▁pro ▁hinzu gefü gten ▁Modal verb ▁es ▁immer ▁auf wendi ger ▁wird , ▁einen ▁Sitz ▁im ▁Leben ▁für ▁einen ▁solchen ▁Satz ▁zu ▁finden . ▁Aber ▁unmöglich ▁ist ▁es ▁nicht . 

 Ich ▁hätte ▁das ▁Honig glas ▁nicht ▁aus le cken ▁dürfen . 
 Ich ▁hätte ▁das ▁Honig glas ▁nicht ▁aus le cken ▁wollen ▁sollen . 
 [...] 
 Ich ▁hätte ▁das ▁Honig glas ▁nicht ▁aus le cken ▁wollen ▁sollen ▁können ▁dürfen ▁müssen ▁mögen . 

 Nun ▁kann ▁man ▁aber ▁auch ▁die ▁Modal ver ben ▁mehrfach ▁einsetzen : 

 Ich ▁▁ h ätte ▁das"
Opa,13699,"▁mit ▁fünf ▁oder ▁mehr ▁au feinander fol genden ▁Ver ben ▁einge fallen . 

 A : 

 Man ▁kann ▁im ▁Grunde ▁alle ▁verfügb aren ▁Modal ver ben ▁ane inander rei hen , ▁auch ▁wenn ▁pro ▁hinzu gefü gten ▁Modal verb ▁es ▁immer ▁auf wendi ger ▁wird , ▁einen ▁Sitz ▁im ▁Leben ▁für ▁einen ▁solchen ▁Satz ▁zu ▁finden . ▁Aber ▁unmöglich ▁ist ▁es ▁nicht . 

 Ich ▁hätte ▁das ▁Honig glas ▁nicht ▁aus le cken ▁dürfen . 
 Ich ▁hätte ▁das ▁Honig glas ▁nicht ▁aus le cken ▁wollen ▁sollen . 
 [...] 
 Ich ▁hätte ▁das ▁Honig glas ▁nicht ▁aus le cken ▁wollen ▁sollen ▁können ▁dürfen ▁müssen ▁mögen . 

 Nun ▁kann ▁man ▁aber ▁auch ▁die ▁Modal ver ben ▁mehrfach ▁einsetzen : 

 Ich ▁▁ h ätte ▁das"
Opa,13699,"▁mit ▁fünf ▁oder ▁mehr ▁au feinander fol genden ▁Ver ben ▁einge fallen . 

 A : 

 Man ▁kann ▁im ▁Grunde ▁alle ▁verfügb aren ▁Modal ver ben ▁ane inander rei hen , ▁auch ▁wenn ▁pro ▁hinzu gefü gten ▁Modal verb ▁es ▁immer ▁auf wendi ger ▁wird , ▁einen ▁Sitz ▁im ▁Leben ▁für ▁einen ▁solchen ▁Satz ▁zu ▁finden . ▁Aber ▁unmöglich ▁ist ▁es ▁nicht . 

 Ich ▁hätte ▁das ▁Honig glas ▁nicht ▁aus le cken ▁dürfen . 
 Ich ▁hätte ▁das ▁Honig glas ▁nicht ▁aus le cken ▁wollen ▁sollen . 
 [...] 
 Ich ▁hätte ▁das ▁Honig glas ▁nicht ▁aus le cken ▁wollen ▁sollen ▁können ▁dürfen ▁müssen ▁mögen . 

 Nun ▁kann ▁man ▁aber ▁auch ▁die ▁Modal ver ben ▁mehrfach ▁einsetzen : 

 Ich ▁▁ h ätte ▁das"
Opa,13699,"reibe ▁einen ▁Brief ▁( 1 ) 
 Ich ▁habe ▁einen ▁Brief ▁schreiben ▁müssen ▁( 2 ) 
 Der ▁Brief ▁muss ▁geschrieben ▁werden ▁( 3 ) 
 Der ▁Brief ▁hätte ▁geschrieben ▁werden ▁müssen ▁( 4 ) 

 Ein ▁Bek an nter ▁meinte , ▁dass ▁es ▁nicht ▁möglich ▁sei , ▁einen ▁kor rek ten ▁Satz ▁mit ▁mehr ▁als ▁vier ▁au feinander fol genden ▁Ver ben ▁zu ▁form ulieren , ▁aber ▁nach ▁einiger ▁Zeit ▁ist ▁mir ▁ein ▁Satz ▁mit ▁fünf ▁einge fallen : 

 Er ▁war ▁nicht ▁so ▁bl öd , ▁wie ▁man ▁hätte ▁gene igt ▁sein ▁können ▁anzunehmen . 

 Ist ▁das ▁auch ▁mit ▁mehr ▁als ▁fünf ▁Ver ben ▁möglich ? 
 Ich ▁habe ▁jetzt ▁eine ▁We ile ▁darüber ▁nach ged acht , ▁aber ▁mir ▁ist ▁kein ▁anderer ▁Satz"
Opa,13699,"reibe ▁einen ▁Brief ▁( 1 ) 
 Ich ▁habe ▁einen ▁Brief ▁schreiben ▁müssen ▁( 2 ) 
 Der ▁Brief ▁muss ▁geschrieben ▁werden ▁( 3 ) 
 Der ▁Brief ▁hätte ▁geschrieben ▁werden ▁müssen ▁( 4 ) 

 Ein ▁Bek an nter ▁meinte , ▁dass ▁es ▁nicht ▁möglich ▁sei , ▁einen ▁kor rek ten ▁Satz ▁mit ▁mehr ▁als ▁vier ▁au feinander fol genden ▁Ver ben ▁zu ▁form ulieren , ▁aber ▁nach ▁einiger ▁Zeit ▁ist ▁mir ▁ein ▁Satz ▁mit ▁fünf ▁einge fallen : 

 Er ▁war ▁nicht ▁so ▁bl öd , ▁wie ▁man ▁hätte ▁gene igt ▁sein ▁können ▁anzunehmen . 

 Ist ▁das ▁auch ▁mit ▁mehr ▁als ▁fünf ▁Ver ben ▁möglich ? 
 Ich ▁habe ▁jetzt ▁eine ▁We ile ▁darüber ▁nach ged acht , ▁aber ▁mir ▁ist ▁kein ▁anderer ▁Satz"
Opa,13699,"reibe ▁einen ▁Brief ▁( 1 ) 
 Ich ▁habe ▁einen ▁Brief ▁schreiben ▁müssen ▁( 2 ) 
 Der ▁Brief ▁muss ▁geschrieben ▁werden ▁( 3 ) 
 Der ▁Brief ▁hätte ▁geschrieben ▁werden ▁müssen ▁( 4 ) 

 Ein ▁Bek an nter ▁meinte , ▁dass ▁es ▁nicht ▁möglich ▁sei , ▁einen ▁kor rek ten ▁Satz ▁mit ▁mehr ▁als ▁vier ▁au feinander fol genden ▁Ver ben ▁zu ▁form ulieren , ▁aber ▁nach ▁einiger ▁Zeit ▁ist ▁mir ▁ein ▁Satz ▁mit ▁fünf ▁einge fallen : 

 Er ▁war ▁nicht ▁so ▁bl öd , ▁wie ▁man ▁hätte ▁gene igt ▁sein ▁können ▁anzunehmen . 

 Ist ▁das ▁auch ▁mit ▁mehr ▁als ▁fünf ▁Ver ben ▁möglich ? 
 Ich ▁habe ▁jetzt ▁eine ▁We ile ▁darüber ▁nach ged acht , ▁aber ▁mir ▁ist ▁kein ▁anderer ▁Satz"
Opa,13699,"reibe ▁einen ▁Brief ▁( 1 ) 
 Ich ▁habe ▁einen ▁Brief ▁schreiben ▁müssen ▁( 2 ) 
 Der ▁Brief ▁muss ▁geschrieben ▁werden ▁( 3 ) 
 Der ▁Brief ▁hätte ▁geschrieben ▁werden ▁müssen ▁( 4 ) 

 Ein ▁Bek an nter ▁meinte , ▁dass ▁es ▁nicht ▁möglich ▁sei , ▁einen ▁kor rek ten ▁Satz ▁mit ▁mehr ▁als ▁vier ▁au feinander fol genden ▁Ver ben ▁zu ▁form ulieren , ▁aber ▁nach ▁einiger ▁Zeit ▁ist ▁mir ▁ein ▁Satz ▁mit ▁fünf ▁einge fallen : 

 Er ▁war ▁nicht ▁so ▁bl öd , ▁wie ▁man ▁hätte ▁gene igt ▁sein ▁können ▁anzunehmen . 

 Ist ▁das ▁auch ▁mit ▁mehr ▁als ▁fünf ▁Ver ben ▁möglich ? 
 Ich ▁habe ▁jetzt ▁eine ▁We ile ▁darüber ▁nach ged acht , ▁aber ▁mir ▁ist ▁kein ▁anderer ▁Satz"
Opa,13699,"reibe ▁einen ▁Brief ▁( 1 ) 
 Ich ▁habe ▁einen ▁Brief ▁schreiben ▁müssen ▁( 2 ) 
 Der ▁Brief ▁muss ▁geschrieben ▁werden ▁( 3 ) 
 Der ▁Brief ▁hätte ▁geschrieben ▁werden ▁müssen ▁( 4 ) 

 Ein ▁Bek an nter ▁meinte , ▁dass ▁es ▁nicht ▁möglich ▁sei , ▁einen ▁kor rek ten ▁Satz ▁mit ▁mehr ▁als ▁vier ▁au feinander fol genden ▁Ver ben ▁zu ▁form ulieren , ▁aber ▁nach ▁einiger ▁Zeit ▁ist ▁mir ▁ein ▁Satz ▁mit ▁fünf ▁einge fallen : 

 Er ▁war ▁nicht ▁so ▁bl öd , ▁wie ▁man ▁hätte ▁gene igt ▁sein ▁können ▁anzunehmen . 

 Ist ▁das ▁auch ▁mit ▁mehr ▁als ▁fünf ▁Ver ben ▁möglich ? 
 Ich ▁habe ▁jetzt ▁eine ▁We ile ▁darüber ▁nach ged acht , ▁aber ▁mir ▁ist ▁kein ▁anderer ▁Satz"
Opa,13699,"reibe ▁einen ▁Brief ▁( 1 ) 
 Ich ▁habe ▁einen ▁Brief ▁schreiben ▁müssen ▁( 2 ) 
 Der ▁Brief ▁muss ▁geschrieben ▁werden ▁( 3 ) 
 Der ▁Brief ▁hätte ▁geschrieben ▁werden ▁müssen ▁( 4 ) 

 Ein ▁Bek an nter ▁meinte , ▁dass ▁es ▁nicht ▁möglich ▁sei , ▁einen ▁kor rek ten ▁Satz ▁mit ▁mehr ▁als ▁vier ▁au feinander fol genden ▁Ver ben ▁zu ▁form ulieren , ▁aber ▁nach ▁einiger ▁Zeit ▁ist ▁mir ▁ein ▁Satz ▁mit ▁fünf ▁einge fallen : 

 Er ▁war ▁nicht ▁so ▁bl öd , ▁wie ▁man ▁hätte ▁gene igt ▁sein ▁können ▁anzunehmen . 

 Ist ▁das ▁auch ▁mit ▁mehr ▁als ▁fünf ▁Ver ben ▁möglich ? 
 Ich ▁habe ▁jetzt ▁eine ▁We ile ▁darüber ▁nach ged acht , ▁aber ▁mir ▁ist ▁kein ▁anderer ▁Satz"
Opa,13699,"reibe ▁einen ▁Brief ▁( 1 ) 
 Ich ▁habe ▁einen ▁Brief ▁schreiben ▁müssen ▁( 2 ) 
 Der ▁Brief ▁muss ▁geschrieben ▁werden ▁( 3 ) 
 Der ▁Brief ▁hätte ▁geschrieben ▁werden ▁müssen ▁( 4 ) 

 Ein ▁Bek an nter ▁meinte , ▁dass ▁es ▁nicht ▁möglich ▁sei , ▁einen ▁kor rek ten ▁Satz ▁mit ▁mehr ▁als ▁vier ▁au feinander fol genden ▁Ver ben ▁zu ▁form ulieren , ▁aber ▁nach ▁einiger ▁Zeit ▁ist ▁mir ▁ein ▁Satz ▁mit ▁fünf ▁einge fallen : 

 Er ▁war ▁nicht ▁so ▁bl öd , ▁wie ▁man ▁hätte ▁gene igt ▁sein ▁können ▁anzunehmen . 

 Ist ▁das ▁auch ▁mit ▁mehr ▁als ▁fünf ▁Ver ben ▁möglich ? 
 Ich ▁habe ▁jetzt ▁eine ▁We ile ▁darüber ▁nach ged acht , ▁aber ▁mir ▁ist ▁kein ▁anderer ▁Satz"
Opa,13699,"reibe ▁einen ▁Brief ▁( 1 ) 
 Ich ▁habe ▁einen ▁Brief ▁schreiben ▁müssen ▁( 2 ) 
 Der ▁Brief ▁muss ▁geschrieben ▁werden ▁( 3 ) 
 Der ▁Brief ▁hätte ▁geschrieben ▁werden ▁müssen ▁( 4 ) 

 Ein ▁Bek an nter ▁meinte , ▁dass ▁es ▁nicht ▁möglich ▁sei , ▁einen ▁kor rek ten ▁Satz ▁mit ▁mehr ▁als ▁vier ▁au feinander fol genden ▁Ver ben ▁zu ▁form ulieren , ▁aber ▁nach ▁einiger ▁Zeit ▁ist ▁mir ▁ein ▁Satz ▁mit ▁fünf ▁einge fallen : 

 Er ▁war ▁nicht ▁so ▁bl öd , ▁wie ▁man ▁hätte ▁gene igt ▁sein ▁können ▁anzunehmen . 

 Ist ▁das ▁auch ▁mit ▁mehr ▁als ▁fünf ▁Ver ben ▁möglich ? 
 Ich ▁habe ▁jetzt ▁eine ▁We ile ▁darüber ▁nach ged acht , ▁aber ▁mir ▁ist ▁kein ▁anderer ▁Satz"
Opa,13699,"reibe ▁einen ▁Brief ▁( 1 ) 
 Ich ▁habe ▁einen ▁Brief ▁schreiben ▁müssen ▁( 2 ) 
 Der ▁Brief ▁muss ▁geschrieben ▁werden ▁( 3 ) 
 Der ▁Brief ▁hätte ▁geschrieben ▁werden ▁müssen ▁( 4 ) 

 Ein ▁Bek an nter ▁meinte , ▁dass ▁es ▁nicht ▁möglich ▁sei , ▁einen ▁kor rek ten ▁Satz ▁mit ▁mehr ▁als ▁vier ▁au feinander fol genden ▁Ver ben ▁zu ▁form ulieren , ▁aber ▁nach ▁einiger ▁Zeit ▁ist ▁mir ▁ein ▁Satz ▁mit ▁fünf ▁einge fallen : 

 Er ▁war ▁nicht ▁so ▁bl öd , ▁wie ▁man ▁hätte ▁gene igt ▁sein ▁können ▁anzunehmen . 

 Ist ▁das ▁auch ▁mit ▁mehr ▁als ▁fünf ▁Ver ben ▁möglich ? 
 Ich ▁habe ▁jetzt ▁eine ▁We ile ▁darüber ▁nach ged acht , ▁aber ▁mir ▁ist ▁kein ▁anderer ▁Satz"
Opa,13699,"reibe ▁einen ▁Brief ▁( 1 ) 
 Ich ▁habe ▁einen ▁Brief ▁schreiben ▁müssen ▁( 2 ) 
 Der ▁Brief ▁muss ▁geschrieben ▁werden ▁( 3 ) 
 Der ▁Brief ▁hätte ▁geschrieben ▁werden ▁müssen ▁( 4 ) 

 Ein ▁Bek an nter ▁meinte , ▁dass ▁es ▁nicht ▁möglich ▁sei , ▁einen ▁kor rek ten ▁Satz ▁mit ▁mehr ▁als ▁vier ▁au feinander fol genden ▁Ver ben ▁zu ▁form ulieren , ▁aber ▁nach ▁einiger ▁Zeit ▁ist ▁mir ▁ein ▁Satz ▁mit ▁fünf ▁einge fallen : 

 Er ▁war ▁nicht ▁so ▁bl öd , ▁wie ▁man ▁hätte ▁gene igt ▁sein ▁können ▁anzunehmen . 

 Ist ▁das ▁auch ▁mit ▁mehr ▁als ▁fünf ▁Ver ben ▁möglich ? 
 Ich ▁habe ▁jetzt ▁eine ▁We ile ▁darüber ▁nach ged acht , ▁aber ▁mir ▁ist ▁kein ▁anderer ▁Satz"
Opa,13699,"reibe ▁einen ▁Brief ▁( 1 ) 
 Ich ▁habe ▁einen ▁Brief ▁schreiben ▁müssen ▁( 2 ) 
 Der ▁Brief ▁muss ▁geschrieben ▁werden ▁( 3 ) 
 Der ▁Brief ▁hätte ▁geschrieben ▁werden ▁müssen ▁( 4 ) 

 Ein ▁Bek an nter ▁meinte , ▁dass ▁es ▁nicht ▁möglich ▁sei , ▁einen ▁kor rek ten ▁Satz ▁mit ▁mehr ▁als ▁vier ▁au feinander fol genden ▁Ver ben ▁zu ▁form ulieren , ▁aber ▁nach ▁einiger ▁Zeit ▁ist ▁mir ▁ein ▁Satz ▁mit ▁fünf ▁einge fallen : 

 Er ▁war ▁nicht ▁so ▁bl öd , ▁wie ▁man ▁hätte ▁gene igt ▁sein ▁können ▁anzunehmen . 

 Ist ▁das ▁auch ▁mit ▁mehr ▁als ▁fünf ▁Ver ben ▁möglich ? 
 Ich ▁habe ▁jetzt ▁eine ▁We ile ▁darüber ▁nach ged acht , ▁aber ▁mir ▁ist ▁kein ▁anderer ▁Satz"
Opa,13699,"reibe ▁einen ▁Brief ▁( 1 ) 
 Ich ▁habe ▁einen ▁Brief ▁schreiben ▁müssen ▁( 2 ) 
 Der ▁Brief ▁muss ▁geschrieben ▁werden ▁( 3 ) 
 Der ▁Brief ▁hätte ▁geschrieben ▁werden ▁müssen ▁( 4 ) 

 Ein ▁Bek an nter ▁meinte , ▁dass ▁es ▁nicht ▁möglich ▁sei , ▁einen ▁kor rek ten ▁Satz ▁mit ▁mehr ▁als ▁vier ▁au feinander fol genden ▁Ver ben ▁zu ▁form ulieren , ▁aber ▁nach ▁einiger ▁Zeit ▁ist ▁mir ▁ein ▁Satz ▁mit ▁fünf ▁einge fallen : 

 Er ▁war ▁nicht ▁so ▁bl öd , ▁wie ▁man ▁hätte ▁gene igt ▁sein ▁können ▁anzunehmen . 

 Ist ▁das ▁auch ▁mit ▁mehr ▁als ▁fünf ▁Ver ben ▁möglich ? 
 Ich ▁habe ▁jetzt ▁eine ▁We ile ▁darüber ▁nach ged acht , ▁aber ▁mir ▁ist ▁kein ▁anderer ▁Satz"
Opa,13699,"▁können ▁gehen ▁hören , ▁ver nahm ▁ich , ▁dass ... 

 Ich ▁bin ▁aber ▁eher ▁der ▁Meinung , ▁dass ▁die ▁Reihenfolge ▁in ▁diesem ▁Fall ▁eher ▁un idio matisch ▁ist . ▁H ätte ▁gehen ▁hören ▁können ▁f ände ▁ich ▁besser . ▁Man ▁kann ▁sich ▁auch ▁locker ▁eine ▁real istische ▁Situation ▁vorstellen , ▁wo ▁noch ▁ein ▁Modal verb ▁dazu ▁kommt , ▁ohne ▁dass ▁es ▁zu ▁sch rä g ▁klingt , ▁und ▁noch ▁verständ lich ▁wäre , ▁b sp w .: 

 Es ▁war ▁im ▁Raum ▁so ▁le ise , ▁dass ▁man ▁ihn ▁eigentlich ▁hätte ▁at men ▁hören ▁können ▁sollen . 

 A : 

 Man ▁kann ▁deinen ▁Beispiel s atz ▁einfach ▁erweit ern : 

 Er ▁war ▁nicht ▁so ▁bl öd , ▁wie ▁man ▁hätte ▁gene igt ▁gewesen ▁sein"
Opa,13699,"▁können ▁gehen ▁hören , ▁ver nahm ▁ich , ▁dass ... 

 Ich ▁bin ▁aber ▁eher ▁der ▁Meinung , ▁dass ▁die ▁Reihenfolge ▁in ▁diesem ▁Fall ▁eher ▁un idio matisch ▁ist . ▁H ätte ▁gehen ▁hören ▁können ▁f ände ▁ich ▁besser . ▁Man ▁kann ▁sich ▁auch ▁locker ▁eine ▁real istische ▁Situation ▁vorstellen , ▁wo ▁noch ▁ein ▁Modal verb ▁dazu ▁kommt , ▁ohne ▁dass ▁es ▁zu ▁sch rä g ▁klingt , ▁und ▁noch ▁verständ lich ▁wäre , ▁b sp w .: 

 Es ▁war ▁im ▁Raum ▁so ▁le ise , ▁dass ▁man ▁ihn ▁eigentlich ▁hätte ▁at men ▁hören ▁können ▁sollen . 

 A : 

 Man ▁kann ▁deinen ▁Beispiel s atz ▁einfach ▁erweit ern : 

 Er ▁war ▁nicht ▁so ▁bl öd , ▁wie ▁man ▁hätte ▁gene igt ▁gewesen ▁sein"
Opa,13699,"▁können ▁gehen ▁hören , ▁ver nahm ▁ich , ▁dass ... 

 Ich ▁bin ▁aber ▁eher ▁der ▁Meinung , ▁dass ▁die ▁Reihenfolge ▁in ▁diesem ▁Fall ▁eher ▁un idio matisch ▁ist . ▁H ätte ▁gehen ▁hören ▁können ▁f ände ▁ich ▁besser . ▁Man ▁kann ▁sich ▁auch ▁locker ▁eine ▁real istische ▁Situation ▁vorstellen , ▁wo ▁noch ▁ein ▁Modal verb ▁dazu ▁kommt , ▁ohne ▁dass ▁es ▁zu ▁sch rä g ▁klingt , ▁und ▁noch ▁verständ lich ▁wäre , ▁b sp w .: 

 Es ▁war ▁im ▁Raum ▁so ▁le ise , ▁dass ▁man ▁ihn ▁eigentlich ▁hätte ▁at men ▁hören ▁können ▁sollen . 

 A : 

 Man ▁kann ▁deinen ▁Beispiel s atz ▁einfach ▁erweit ern : 

 Er ▁war ▁nicht ▁so ▁bl öd , ▁wie ▁man ▁hätte ▁gene igt ▁gewesen ▁sein"
Opa,13699,"▁können ▁gehen ▁hören , ▁ver nahm ▁ich , ▁dass ... 

 Ich ▁bin ▁aber ▁eher ▁der ▁Meinung , ▁dass ▁die ▁Reihenfolge ▁in ▁diesem ▁Fall ▁eher ▁un idio matisch ▁ist . ▁H ätte ▁gehen ▁hören ▁können ▁f ände ▁ich ▁besser . ▁Man ▁kann ▁sich ▁auch ▁locker ▁eine ▁real istische ▁Situation ▁vorstellen , ▁wo ▁noch ▁ein ▁Modal verb ▁dazu ▁kommt , ▁ohne ▁dass ▁es ▁zu ▁sch rä g ▁klingt , ▁und ▁noch ▁verständ lich ▁wäre , ▁b sp w .: 

 Es ▁war ▁im ▁Raum ▁so ▁le ise , ▁dass ▁man ▁ihn ▁eigentlich ▁hätte ▁at men ▁hören ▁können ▁sollen . 

 A : 

 Man ▁kann ▁deinen ▁Beispiel s atz ▁einfach ▁erweit ern : 

 Er ▁war ▁nicht ▁so ▁bl öd , ▁wie ▁man ▁hätte ▁gene igt ▁gewesen ▁sein"
Opa,13699,"▁können ▁gehen ▁hören , ▁ver nahm ▁ich , ▁dass ... 

 Ich ▁bin ▁aber ▁eher ▁der ▁Meinung , ▁dass ▁die ▁Reihenfolge ▁in ▁diesem ▁Fall ▁eher ▁un idio matisch ▁ist . ▁H ätte ▁gehen ▁hören ▁können ▁f ände ▁ich ▁besser . ▁Man ▁kann ▁sich ▁auch ▁locker ▁eine ▁real istische ▁Situation ▁vorstellen , ▁wo ▁noch ▁ein ▁Modal verb ▁dazu ▁kommt , ▁ohne ▁dass ▁es ▁zu ▁sch rä g ▁klingt , ▁und ▁noch ▁verständ lich ▁wäre , ▁b sp w .: 

 Es ▁war ▁im ▁Raum ▁so ▁le ise , ▁dass ▁man ▁ihn ▁eigentlich ▁hätte ▁at men ▁hören ▁können ▁sollen . 

 A : 

 Man ▁kann ▁deinen ▁Beispiel s atz ▁einfach ▁erweit ern : 

 Er ▁war ▁nicht ▁so ▁bl öd , ▁wie ▁man ▁hätte ▁gene igt ▁gewesen ▁sein"
Opa,13699,"▁können ▁gehen ▁hören , ▁ver nahm ▁ich , ▁dass ... 

 Ich ▁bin ▁aber ▁eher ▁der ▁Meinung , ▁dass ▁die ▁Reihenfolge ▁in ▁diesem ▁Fall ▁eher ▁un idio matisch ▁ist . ▁H ätte ▁gehen ▁hören ▁können ▁f ände ▁ich ▁besser . ▁Man ▁kann ▁sich ▁auch ▁locker ▁eine ▁real istische ▁Situation ▁vorstellen , ▁wo ▁noch ▁ein ▁Modal verb ▁dazu ▁kommt , ▁ohne ▁dass ▁es ▁zu ▁sch rä g ▁klingt , ▁und ▁noch ▁verständ lich ▁wäre , ▁b sp w .: 

 Es ▁war ▁im ▁Raum ▁so ▁le ise , ▁dass ▁man ▁ihn ▁eigentlich ▁hätte ▁at men ▁hören ▁können ▁sollen . 

 A : 

 Man ▁kann ▁deinen ▁Beispiel s atz ▁einfach ▁erweit ern : 

 Er ▁war ▁nicht ▁so ▁bl öd , ▁wie ▁man ▁hätte ▁gene igt ▁gewesen ▁sein"
Opa,13699,"▁können ▁gehen ▁hören , ▁ver nahm ▁ich , ▁dass ... 

 Ich ▁bin ▁aber ▁eher ▁der ▁Meinung , ▁dass ▁die ▁Reihenfolge ▁in ▁diesem ▁Fall ▁eher ▁un idio matisch ▁ist . ▁H ätte ▁gehen ▁hören ▁können ▁f ände ▁ich ▁besser . ▁Man ▁kann ▁sich ▁auch ▁locker ▁eine ▁real istische ▁Situation ▁vorstellen , ▁wo ▁noch ▁ein ▁Modal verb ▁dazu ▁kommt , ▁ohne ▁dass ▁es ▁zu ▁sch rä g ▁klingt , ▁und ▁noch ▁verständ lich ▁wäre , ▁b sp w .: 

 Es ▁war ▁im ▁Raum ▁so ▁le ise , ▁dass ▁man ▁ihn ▁eigentlich ▁hätte ▁at men ▁hören ▁können ▁sollen . 

 A : 

 Man ▁kann ▁deinen ▁Beispiel s atz ▁einfach ▁erweit ern : 

 Er ▁war ▁nicht ▁so ▁bl öd , ▁wie ▁man ▁hätte ▁gene igt ▁gewesen ▁sein"
Opa,13699,"▁können ▁gehen ▁hören , ▁ver nahm ▁ich , ▁dass ... 

 Ich ▁bin ▁aber ▁eher ▁der ▁Meinung , ▁dass ▁die ▁Reihenfolge ▁in ▁diesem ▁Fall ▁eher ▁un idio matisch ▁ist . ▁H ätte ▁gehen ▁hören ▁können ▁f ände ▁ich ▁besser . ▁Man ▁kann ▁sich ▁auch ▁locker ▁eine ▁real istische ▁Situation ▁vorstellen , ▁wo ▁noch ▁ein ▁Modal verb ▁dazu ▁kommt , ▁ohne ▁dass ▁es ▁zu ▁sch rä g ▁klingt , ▁und ▁noch ▁verständ lich ▁wäre , ▁b sp w .: 

 Es ▁war ▁im ▁Raum ▁so ▁le ise , ▁dass ▁man ▁ihn ▁eigentlich ▁hätte ▁at men ▁hören ▁können ▁sollen . 

 A : 

 Man ▁kann ▁deinen ▁Beispiel s atz ▁einfach ▁erweit ern : 

 Er ▁war ▁nicht ▁so ▁bl öd , ▁wie ▁man ▁hätte ▁gene igt ▁gewesen ▁sein"
Opa,13699,"▁können ▁gehen ▁hören , ▁ver nahm ▁ich , ▁dass ... 

 Ich ▁bin ▁aber ▁eher ▁der ▁Meinung , ▁dass ▁die ▁Reihenfolge ▁in ▁diesem ▁Fall ▁eher ▁un idio matisch ▁ist . ▁H ätte ▁gehen ▁hören ▁können ▁f ände ▁ich ▁besser . ▁Man ▁kann ▁sich ▁auch ▁locker ▁eine ▁real istische ▁Situation ▁vorstellen , ▁wo ▁noch ▁ein ▁Modal verb ▁dazu ▁kommt , ▁ohne ▁dass ▁es ▁zu ▁sch rä g ▁klingt , ▁und ▁noch ▁verständ lich ▁wäre , ▁b sp w .: 

 Es ▁war ▁im ▁Raum ▁so ▁le ise , ▁dass ▁man ▁ihn ▁eigentlich ▁hätte ▁at men ▁hören ▁können ▁sollen . 

 A : 

 Man ▁kann ▁deinen ▁Beispiel s atz ▁einfach ▁erweit ern : 

 Er ▁war ▁nicht ▁so ▁bl öd , ▁wie ▁man ▁hätte ▁gene igt ▁gewesen ▁sein"
Opa,13699,"▁können ▁gehen ▁hören , ▁ver nahm ▁ich , ▁dass ... 

 Ich ▁bin ▁aber ▁eher ▁der ▁Meinung , ▁dass ▁die ▁Reihenfolge ▁in ▁diesem ▁Fall ▁eher ▁un idio matisch ▁ist . ▁H ätte ▁gehen ▁hören ▁können ▁f ände ▁ich ▁besser . ▁Man ▁kann ▁sich ▁auch ▁locker ▁eine ▁real istische ▁Situation ▁vorstellen , ▁wo ▁noch ▁ein ▁Modal verb ▁dazu ▁kommt , ▁ohne ▁dass ▁es ▁zu ▁sch rä g ▁klingt , ▁und ▁noch ▁verständ lich ▁wäre , ▁b sp w .: 

 Es ▁war ▁im ▁Raum ▁so ▁le ise , ▁dass ▁man ▁ihn ▁eigentlich ▁hätte ▁at men ▁hören ▁können ▁sollen . 

 A : 

 Man ▁kann ▁deinen ▁Beispiel s atz ▁einfach ▁erweit ern : 

 Er ▁war ▁nicht ▁so ▁bl öd , ▁wie ▁man ▁hätte ▁gene igt ▁gewesen ▁sein"
Opa,13699,"

 The ▁Teacher ' s ▁Magazine ▁is ▁a ▁monthly ▁issue ▁specially ▁designed ▁for ▁teachers ▁of ▁English ▁as ▁Foreign ▁or ▁Second ▁Language . ▁It ▁provides ▁creative ▁ready - to - go ▁materials ▁to ▁make ▁their ▁classes ▁more ▁active ▁and ▁appealing ▁to ▁students . 
 The ▁ideal ▁magazine ▁for ▁English ▁teachers ▁that ▁choose ▁to ▁work ▁effectively ▁with ▁students ▁of ▁all ▁levels ▁and ▁ages ▁and ▁an ▁asset ▁at ▁the ▁moment ▁of ▁developing ▁contents . <bos> Q : 

 S atz ▁mit ▁den ▁meisten ▁au feinander fol genden ▁Ver ben 

 Es ▁geht ▁um ▁S ätze ▁mit ▁au feinander fol genden ▁Ver ben ▁ohne ▁andere ▁Wort arten ▁oder ▁Satz zeichen ▁da zwischen . 
 Beispiele ▁( Länge ▁der ▁läng sten ▁Ver bf olge ▁in ▁K lam mern ): 

 Ich ▁sch"
Opa,13699,"▁returned ▁to ▁Zip f , ▁where ▁he ▁died ▁impoverished ▁and ▁largely ▁unknown ▁in ▁ 1 9 3 1 . 

 References 

 Further ▁reading ▁ 

 Cap us , ▁A .: ▁"" Ges chenke ▁des ▁Himmels "", ▁p .   3 6 - 5 0 ▁in ▁Das ▁Magazin ▁ 3 8 / 2 0 0 7 . ▁In ▁German . 
 De gen , ▁H . R .: ▁"" Edu ard ▁Sp elter ini ▁( 1 8 5 2 – 1 9 3 1 )"", ▁p .   3 9 - 5 7 ▁in ▁Schweizer ▁Flug tech niker ▁und ▁Ballon p ioni ere , ▁Verein ▁für ▁wir tschafts histor ische ▁Studien , ▁Me ilen . ▁. ▁In ▁German . 
 Heim , ▁A .: ▁Die ▁Fahrt ▁der"
Opa,13699,"_ HT ACCESS '] ="" Ver zeich niss chutz ▁entfernen ▁(. htaccess ▁löschen )""; 
 $ lang [' L _ WRONG _ R IGHTS '] ="" Die ▁Datei ▁oder ▁das ▁Ver zeichnis ▁'% s ' ▁ist ▁für ▁mich ▁nicht ▁besch reib bar .< br > 
 Ent weder ▁hat ▁sie / es ▁den ▁falschen ▁Besitzer ▁( Owner ) ▁oder ▁die ▁falschen ▁Rechte ▁( Ch mod ). < br > ▁ 
 Bitte ▁set ze ▁die ▁richtigen ▁Attribute ▁mit ▁De inem ▁FTP - Programm . ▁< br > 
 Die ▁Datei ▁oder ▁das ▁Ver zeichnis ▁benötigt ▁die ▁Rechte ▁% s .< br >""; 
 $ lang [' L _ CANT _ CREATE _ DIR '] ="" Ich ▁kon ntes ▁das ▁Ver zeichnis ▁'% s ' ▁nicht ▁erstellen ."
Opa,13699,"
 $ lang [' L _ HT ACCESS 3 1 '] ="" all geme in ""; 
 $ lang [' L _ HT ACCESS 3 2 '] ="" Achtung ! ▁Die ▁. htaccess ▁hat ▁eine ▁direkte ▁Aus wirkung ▁auf ▁den ▁Browser .< br > Bei ▁fals cher ▁Anwendung ▁sind ▁die ▁Seiten ▁nicht ▁mehr ▁erreichbar .""; 
 $ lang [' L _ PHP BUG '] ="" Bug ▁in ▁z lib ! ▁Keine ▁Kom pression ▁möglich !""; 
 $ lang [' L _ DISABLE DF UN CTIONS '] ="" Ab gesch al tete ▁Funktionen ""; 
 $ lang [' L _ NO GZ POSSIBLE '] ="" Da ▁z lib ▁nicht ▁installiert ▁ist , ▁stehen ▁keine ▁G Zip - Funktionen ▁zur ▁Verfügung !""; 
 $ lang [' L _ DELETE"
Opa,13699,"L _ EN CRY PTION _ TYPE '] ="" Versch lüsse lungs art ""; 
 $ lang [' L _ HT ACC _ CRYPT '] ="" Crypt ▁maximal ▁ 8 ▁Zeichen ▁( Linux ▁und ▁Unix - S ysteme )""; 
 $ lang [' L _ HT ACC _ MD 5 '] ="" MD 5 ▁( Linux ▁und ▁Unix - S ysteme )""; 
 $ lang [' L _ HT ACC _ NO _ EN CRY PTION '] ="" un versch lüssel t ▁( Windows )""; 
 $ lang [' L _ HT ACCESS 8 '] ="" Es ▁besteht ▁bereits ▁ein ▁Ver zeich niss chutz . ▁Wenn ▁Du ▁einen ▁neuen ▁ers tell st , ▁wird ▁der ▁alte ▁übersch rieben !""; 
 $ lang [' L _ HT ACC"
Opa,13699,"▁Senat spr äsident ▁there . 

 Emm inger ▁died ▁in ▁Munich ▁on ▁ 3 0 ▁August ▁ 1 9 5 1 . 

 Publications 
 ▁Die ▁Auf wer tungs frage ▁im ▁auf gel ö sten ▁Reich stage , ▁ 1 9 2 4 

 References 

 External ▁links 
 ▁Erich ▁Emm ming er ▁at ▁the ▁Ak ten ▁der ▁Reichs kan z lei ▁online ▁version ▁( German ) 
 ▁Bio ▁of ▁Erich ▁Emm inger ▁in ▁a ▁datab ank ▁on ▁( Imperial ) ▁Reichstag ▁delegates ▁( German ) 
 ▁More ▁biographical ▁information ▁on ▁Erich ▁Emm inger , ▁Datenbank ▁der ▁deutschen ▁Parla ments ab geordneten ▁( German ) 

 Category : 1 8 8 0 ▁births 
 Category : 1 9 5 1 ▁deaths 
 Category : People ▁from ▁Eich"
Opa,13699,"▁Wasser ▁is ▁right ▁on ▁in ▁terms ▁of ▁diagnosing ▁the ▁problem . ▁This ▁post ▁is ▁to ▁share ▁how ▁I ▁handled ▁it . 
 The ▁problem ▁with ▁any ▁List ▁object ▁coming ▁out ▁as ▁an ▁ArrayList ▁isn ' t ▁horrible , ▁because ▁you ▁can ▁always ▁do ▁something ▁like 
 LinkedList < String > ▁items ▁= ▁new ▁LinkedList <>( 
 ▁▁▁▁ ( List < String >) ▁intent . get Serializable Extra ( KEY )); 

 which ▁will ▁add ▁all ▁the ▁elements ▁of ▁the ▁des erialized ▁list ▁to ▁a ▁new ▁LinkedList . 
 The ▁problem ▁is ▁much ▁worse ▁when ▁it ▁comes ▁to ▁Map , ▁because ▁you ▁may ▁have ▁tried ▁to ▁serialize ▁a ▁LinkedHashMap ▁and ▁have ▁now ▁lost ▁the ▁element ▁ordering . 
 Fortunately , ▁there ' s ▁a ▁( relatively ) ▁painless"
Opa,13699,"das :: make _ tuple ( foo ▁= ▁ 3 , ▁bar ▁= ▁std :: string ("" lol ""))) ▁!= 
 ▁▁▁▁ hash _ value ( elle :: das :: make _ tuple ( foo ▁= ▁ 3 , ▁bar ▁= ▁std :: string ("" bar "")) )); 
 ▁▁ BOOST _ TEST ( 
 ▁▁▁▁ hash _ value ( elle :: das :: make _ tuple ( foo ▁= ▁ 3 , ▁bar ▁= ▁std :: string ("" lol ""))) ▁!= 
 ▁▁▁▁ hash _ value ( elle :: das :: make _ tuple ( bar ▁= ▁std :: string ("" lol ""), ▁foo ▁= ▁ 3 ))); 
 } 

 static 
 void 
 compare () 
 { 
 ▁▁ BOOST _ TEST ( 
"
Opa,13699,"font - variant : small - caps ;""> Haus man , ▁J . A ., ▁and ▁W . K . ▁Ne wey </ span > ▁( 2 0 1 7 ): ▁“ Non parametric ▁Welfare ▁Analysis ,” ▁* Annual ▁Review ▁of ▁Economics * ▁ 9 , ▁ 5 2 1 – 5 4 6 . 

 < span ▁style ="" font - variant : small - caps ;""> Hir ano , ▁K ., ▁G . ▁Imb ens , ▁and ▁G . ▁Rid der </ span > ▁( 2 0 0 3 ): ▁“ Efficient ▁Estimation ▁of ▁Average ▁Treatment ▁Effects ▁Using ▁the ▁Estimated ▁Prop ensity ▁Score ,” ▁* Econ ometrica * ▁ 7 1 : ▁ 1 1 6 1 – 1 1 8 9 . 

 <"
Opa,13699,"5 5 0 3 0 - 1 8 


 im poses ▁after ▁a ▁violation ▁of ▁probation ▁(“ V OP ”). ▁▁▁▁ Id . ▁at ▁ 1 1 2 9 ; ▁Pa . R . C rim . P . 

 7 0 8 ( C )( 2 ). ▁The ▁Supreme ▁Court ▁noted ▁that , ▁“ in ▁a ▁direct ▁review ▁context , ▁Rule 

 7 0 8 ▁operates ▁in ▁a ▁fashion ▁which ▁is ▁not ▁unlike ▁C ronic ; ▁prejudice ▁( or ▁rather ▁the 

 absence ▁of ▁harmless ▁error ) ▁will ▁be ▁presumed ▁from ▁the ▁failure ▁to ▁comply .” ▁Id . 

 at ▁ 1 1 2 9 - 3 0 . 

 ▁▁▁▁▁▁▁▁▁▁▁ Once ▁a ▁Rule ▁ 7 0 8 ▁procedural ▁complaint ▁has ▁been ▁waived , 
 ▁▁▁▁▁"
Opa,13699,"osen oids , ▁such ▁as ▁prostagland ins , ▁throm box anes , ▁leuk otri enes ▁and ▁prost acy cl ins , ▁which ▁are ▁important ▁biological ▁regulators . ▁These ▁e ic osen oids ▁exhibit ▁regulatory ▁effects ▁on ▁lipoprotein ▁metabolism , ▁blood ▁rhe ology , ▁vascular ▁tone , ▁leuk ocyte ▁function , ▁platelet ▁activation ▁and ▁cell ▁growth . ▁The ▁application ▁of ▁arach id onic ▁acid ▁to ▁an ▁infant ' s ▁diet ▁is ▁particularly ▁important ▁due ▁to ▁the ▁rapid ▁body ▁growth ▁of ▁an ▁infant . ▁Arach id onic ▁acid ▁is ▁an ▁important ▁precursor ▁to ▁many ▁of ▁the ▁e icos an oids ▁which ▁regulate ▁cellular ▁metabolism ▁and ▁growth ▁in ▁infants . ▁It ▁is ▁found ▁naturally ▁in ▁human ▁breast ▁milk ▁but ▁not ▁in ▁most ▁infant ▁formula . ▁In ▁an ▁effort ▁to ▁have"
Opa,13699,"▁his ▁laboratory ▁and ▁equipment , ▁and ▁Prof . ▁Stefan ▁Schreiber ▁( Institute ▁of ▁Clinical ▁Molecular ▁Biology , ▁Christian - Al bre chts - University ▁Kiel , ▁Kiel , ▁Germany ) ▁for ▁extensive ▁help ▁in ▁building ▁up ▁sequencing ▁resources ▁in ▁Kiel . ▁Prof . ▁Thomas ▁Bosch ▁( Institute ▁of ▁Zoology , ▁Christian - Al bre chts - University ▁Kiel , ▁Kiel , ▁Germany ) ▁and ▁Dr ▁Georg ▁Hem m rich - Stan isak ▁( Institute ▁of ▁Clinical ▁Molecular ▁Biology , ▁Christian - Al bre chts - University ▁Kiel , ▁Kiel , ▁Germany ) ▁provided ▁help ▁with ▁the ▁initial ▁con tig ▁assembly . ▁We ▁thank ▁Tania ▁K lü ver ▁( Le ib niz ▁Institute ▁of ▁Marine ▁Sciences ▁at ▁Kiel ▁University ▁IF M - GE OM AR , ▁Kiel ,"
Opa,13699,"0 9 ▁in ▁Randolph ▁County . ▁In ▁the ▁late ▁ 1 8 2 0 s , ▁Joseph ▁and ▁Martha , ▁their ▁large ▁family ▁of ▁children , ▁and ▁many ▁of ▁their ▁relatives ▁moved ▁to ▁Jackson ▁County , ▁Alabama . ▁As ▁the ▁Cherokee ▁and ▁other ▁Indian ▁groups ▁were ▁pushed ▁further ▁west , ▁the ▁northeast ▁Alabama ▁region ▁along ▁the ▁Tennessee ▁River ▁became ▁a ▁prime ▁destination ▁for ▁white ▁settlement . ▁Joseph ▁bought ▁land ▁in ▁Jackson ▁County ▁in ▁ 1 8 3 1 ▁and ▁farmed ▁there ▁the ▁rest ▁of ▁his ▁life . ▁Many ▁of ▁his ▁Sanders ▁cousins ▁also ▁moved ▁to ▁Jackson ▁County ▁as ▁did ▁his ▁brother ▁George ▁and ▁his ▁brothers - in - law ▁Francis ▁Sanders ▁and ▁Benjamin ▁Sanders , ▁along ▁with ▁their ▁numerous ▁families . 

 During ▁the ▁late ▁ 1"
Opa,13699,"▁to ▁an ▁un charted ▁island ▁to ▁capture ▁the ▁greatest ▁wonder ▁the ▁world ▁has ▁ever ▁seen . ▁At ▁the ▁center ▁of ▁this ▁ 2 1 st - century ▁re imagining : ▁a ▁ 2 0 - foot ▁high , ▁ 2 , 0 0 0 - pound ▁gorilla ▁brought ▁to ▁life ▁by ▁a ▁team ▁of ▁seamlessly ▁integrated ▁artists ▁and ▁technicians . ▁King ▁Kong ▁is ▁a ▁larger - than - life ▁encounter ▁with ▁a ▁legend ▁that ’ s ▁always ▁been ▁too ▁big ▁to ▁contain .” 

 King ▁Kong ’ s ▁book ▁writer ▁Jack ▁Thorne ▁won ▁the ▁ 2 0 1 7 ▁Olivier ▁Award ▁and ▁the ▁Evening ▁Standard ▁Award ▁for ▁Best ▁Play ▁for ▁Harry ▁Potter ▁and ▁the ▁Cursed ▁Child , ▁which ▁is ▁poised ▁to ▁make ▁its ▁Broadway ▁premiere ▁this ▁spring"
Opa,13699,"▁things ▁including ▁temporary ▁cement ▁residues , ▁saliva ▁and ▁bacteria . ▁We ▁attempt ▁to ▁mimic ▁extreme ▁clinical ▁conditions ▁when ▁the ▁provisional ▁restoration ▁is ▁fractured ▁or ▁dis lod ged ▁before ▁the ▁delivery ▁of ▁the ▁final ▁restoration . ▁In ▁our ▁study , ▁after ▁immediate ▁d entin ▁sealing , ▁teeth ▁were ▁immersed ▁in ▁saline ▁solution ▁without ▁provisional ▁restoration . ▁Thus , ▁the ▁result ▁of ▁shear ▁bond ▁strength ▁in ▁this ▁study ▁shows ▁difference ▁from ▁that ▁of ▁previous ▁studies . 

 In ▁conventional ▁glass - ceramic ▁restorations ▁for ▁prosthesis , ▁the ▁adhesive ▁technique ▁is ▁crucial ▁for ▁successful ▁bonding . ▁Considering ▁limited ▁flex ural ▁strength ▁and ▁the ▁b ritt leness ▁of ▁glass ▁ceramics , ▁final ▁adhesive ▁cement ation ▁with ▁l uting ▁composite ▁resin ▁should ▁be ▁used ▁to ▁improve ▁the ▁fracture ▁resistance . ▁In ▁this"
Opa,13699,"3 * d ▁= ▁ 4 ▁- ▁ 1 9 , ▁ 0 ▁= ▁ 9 * j ▁- ▁ 3 * d ▁+ ▁ 9 3 ▁for ▁j . 
 - 9 
 Solve ▁- 4 ▁= ▁ 6 * d ▁- ▁ 2 * x , ▁ 3 * d ▁- ▁ 1 5 9 5 * x ▁- ▁ 8 ▁= ▁- 1 5 9 6 * x ▁for ▁d . 
 1 
 Solve ▁ 2 * z ▁- ▁ 4 * d ▁- ▁ 5 0 ▁= ▁ 5 * z , ▁- 3 8 * z ▁- ▁ 3 5 5 ▁= ▁d ▁- ▁ 6 * d ▁for ▁z . 
 - 1 0 
 Solve ▁- 3 5 *"
Opa,13699,"_ i =\ frac {\ sigma _ i \ wedge \ sigma _ i +\ sigma _ i \ wedge \ tau _ i -\ tau _ i \ wedge \ sigma _ i -\ tau _ i \ wedge \ tau _ i }{ 2 }=\ frac { 0 +\ sigma _ i \ tau _ i -\ tau _ i \ sigma _ i - 0 }{ 2 }=\ sigma _ i \ wedge \ tau _ i $$ 
 $$\ mu _ i \ wedge \ nu _ j =\ frac {\ sigma _ i \ sigma _ j +\ sigma _ i \ tau _ j -\ tau _ i \ sigma _ j -\ tau _ i \ tau _ j }{"
Mann,2114,"

 “ You ▁must ▁understand , ▁this ▁is ▁one ▁of ▁those ▁moments .” ▁“ What ▁moments ?” ▁“ One ▁of ▁the ▁moments ▁you ▁keep ▁to ▁yourself ,” ▁he ▁said . ▁“ What ▁do ▁you ▁mean ?” ▁I ▁said . ▁“ why ?” ▁“ We ’ re ▁in ▁a ▁war ,” ▁he ▁said . ▁“ The ▁story ▁of ▁this ▁war — dates , ▁names , ▁who ▁started ▁it , ▁why — that ▁belongs ▁to ▁everyone . ▁[ … .] ▁But ▁something ▁like ▁this — this ▁is ▁yours . ▁It ▁belongs ▁only ▁to ▁you . ▁And ▁me . ▁Only ▁to ▁us ” ▁( 5 6 ). ▁This ▁moment , ▁in ▁Té a ▁Obre ht ’ s ▁lyrical ▁first ▁novel , ▁The ▁Tiger ’ s ▁Wife , ▁tells ▁you ▁the"
Mann,2114,"

 “ You ▁must ▁understand , ▁this ▁is ▁one ▁of ▁those ▁moments .” ▁“ What ▁moments ?” ▁“ One ▁of ▁the ▁moments ▁you ▁keep ▁to ▁yourself ,” ▁he ▁said . ▁“ What ▁do ▁you ▁mean ?” ▁I ▁said . ▁“ why ?” ▁“ We ’ re ▁in ▁a ▁war ,” ▁he ▁said . ▁“ The ▁story ▁of ▁this ▁war — dates , ▁names , ▁who ▁started ▁it , ▁why — that ▁belongs ▁to ▁everyone . ▁[ … .] ▁But ▁something ▁like ▁this — this ▁is ▁yours . ▁It ▁belongs ▁only ▁to ▁you . ▁And ▁me . ▁Only ▁to ▁us ” ▁( 5 6 ). ▁This ▁moment , ▁in ▁Té a ▁Obre ht ’ s ▁lyrical ▁first ▁novel , ▁The ▁Tiger ’ s ▁Wife , ▁tells ▁you ▁the"
Mann,2114,"

 “ You ▁must ▁understand , ▁this ▁is ▁one ▁of ▁those ▁moments .” ▁“ What ▁moments ?” ▁“ One ▁of ▁the ▁moments ▁you ▁keep ▁to ▁yourself ,” ▁he ▁said . ▁“ What ▁do ▁you ▁mean ?” ▁I ▁said . ▁“ why ?” ▁“ We ’ re ▁in ▁a ▁war ,” ▁he ▁said . ▁“ The ▁story ▁of ▁this ▁war — dates , ▁names , ▁who ▁started ▁it , ▁why — that ▁belongs ▁to ▁everyone . ▁[ … .] ▁But ▁something ▁like ▁this — this ▁is ▁yours . ▁It ▁belongs ▁only ▁to ▁you . ▁And ▁me . ▁Only ▁to ▁us ” ▁( 5 6 ). ▁This ▁moment , ▁in ▁Té a ▁Obre ht ’ s ▁lyrical ▁first ▁novel , ▁The ▁Tiger ’ s ▁Wife , ▁tells ▁you ▁the"
Mann,2114,"▁in 
 their ▁face ▁and ▁on ▁a ▁gut ▁level . 

 That ' s ▁the ▁reason ▁so ▁many ▁people ▁cover ▁them ▁even ▁when ▁they ▁won ' t ▁take ▁other 
 basic ▁online ▁privacy ▁precautions . 

 ~~~ 
 Sy los 
 Also ▁just ▁in ▁general , ▁people ▁understand ▁what ▁a ▁camera ▁does . ▁It ' s ▁much ▁harder 
 to ▁understand ▁the ▁implications ▁of ▁abstract ▁"" data "" ▁going ▁off ▁onto ▁the ▁internet . 

 ------ 
 rd tsc 
 This ▁is ▁like ▁the ▁coal ▁burning ▁power ▁plant ▁telling ▁you ▁to ▁make ▁sure ▁to ▁sort 
 your ▁recycla bles ▁into ▁appropriate ▁containers , ▁to ▁make ▁the ▁environment ▁cleaner . 

 Also ▁people ▁enjoy ▁and ▁feel ▁good ▁about ▁accomplishing ▁small ▁things . ▁Putting ▁a 
 sticker ▁on ▁your"
Mann,2114,"▁in 
 their ▁face ▁and ▁on ▁a ▁gut ▁level . 

 That ' s ▁the ▁reason ▁so ▁many ▁people ▁cover ▁them ▁even ▁when ▁they ▁won ' t ▁take ▁other 
 basic ▁online ▁privacy ▁precautions . 

 ~~~ 
 Sy los 
 Also ▁just ▁in ▁general , ▁people ▁understand ▁what ▁a ▁camera ▁does . ▁It ' s ▁much ▁harder 
 to ▁understand ▁the ▁implications ▁of ▁abstract ▁"" data "" ▁going ▁off ▁onto ▁the ▁internet . 

 ------ 
 rd tsc 
 This ▁is ▁like ▁the ▁coal ▁burning ▁power ▁plant ▁telling ▁you ▁to ▁make ▁sure ▁to ▁sort 
 your ▁recycla bles ▁into ▁appropriate ▁containers , ▁to ▁make ▁the ▁environment ▁cleaner . 

 Also ▁people ▁enjoy ▁and ▁feel ▁good ▁about ▁accomplishing ▁small ▁things . ▁Putting ▁a 
 sticker ▁on ▁your"
Mann,2114,"▁heck ▁that ▁turns ▁out ▁to ▁be . 

 Maybe ▁I ▁won ' t ▁turn ▁out ▁to ▁be ▁typical , ▁but ▁this ▁doesn ' t ▁strike ▁me ▁as ▁a ▁very ▁ge eky ▁line ▁of ▁thought . ▁The ▁question ▁will ▁probably ▁boil ▁down ▁to ▁how ▁serious ▁Amazon ▁gets ▁about ▁being ▁more ▁than ▁a ▁storefront . 

 The ▁discussion ▁look mark ▁and ▁johnson wax ▁are ▁having ▁is ▁what ▁I ▁find ▁so ▁puzzling ▁about ▁the ▁Kindle ▁strategy : ▁the ▁hardware ▁is ▁a ▁loss ▁leader ▁at ▁worst , ▁break ▁even ▁at ▁best . ▁They ▁can ' t ▁be ▁making ▁a ▁significant ▁amount ▁off ▁digital ▁content ▁either ▁as ▁the ▁lion ' s ▁share ▁of ▁the ▁money ▁paid ▁goes ▁to ▁content ▁owners . ▁So ▁what ▁is ▁the ▁goal ▁of ▁these ▁devices ? 

 I"
Mann,2114,"▁heck ▁that ▁turns ▁out ▁to ▁be . 

 Maybe ▁I ▁won ' t ▁turn ▁out ▁to ▁be ▁typical , ▁but ▁this ▁doesn ' t ▁strike ▁me ▁as ▁a ▁very ▁ge eky ▁line ▁of ▁thought . ▁The ▁question ▁will ▁probably ▁boil ▁down ▁to ▁how ▁serious ▁Amazon ▁gets ▁about ▁being ▁more ▁than ▁a ▁storefront . 

 The ▁discussion ▁look mark ▁and ▁johnson wax ▁are ▁having ▁is ▁what ▁I ▁find ▁so ▁puzzling ▁about ▁the ▁Kindle ▁strategy : ▁the ▁hardware ▁is ▁a ▁loss ▁leader ▁at ▁worst , ▁break ▁even ▁at ▁best . ▁They ▁can ' t ▁be ▁making ▁a ▁significant ▁amount ▁off ▁digital ▁content ▁either ▁as ▁the ▁lion ' s ▁share ▁of ▁the ▁money ▁paid ▁goes ▁to ▁content ▁owners . ▁So ▁what ▁is ▁the ▁goal ▁of ▁these ▁devices ? 

 I"
Mann,2114,"▁heck ▁that ▁turns ▁out ▁to ▁be . 

 Maybe ▁I ▁won ' t ▁turn ▁out ▁to ▁be ▁typical , ▁but ▁this ▁doesn ' t ▁strike ▁me ▁as ▁a ▁very ▁ge eky ▁line ▁of ▁thought . ▁The ▁question ▁will ▁probably ▁boil ▁down ▁to ▁how ▁serious ▁Amazon ▁gets ▁about ▁being ▁more ▁than ▁a ▁storefront . 

 The ▁discussion ▁look mark ▁and ▁johnson wax ▁are ▁having ▁is ▁what ▁I ▁find ▁so ▁puzzling ▁about ▁the ▁Kindle ▁strategy : ▁the ▁hardware ▁is ▁a ▁loss ▁leader ▁at ▁worst , ▁break ▁even ▁at ▁best . ▁They ▁can ' t ▁be ▁making ▁a ▁significant ▁amount ▁off ▁digital ▁content ▁either ▁as ▁the ▁lion ' s ▁share ▁of ▁the ▁money ▁paid ▁goes ▁to ▁content ▁owners . ▁So ▁what ▁is ▁the ▁goal ▁of ▁these ▁devices ? 

 I"
Mann,2114,"▁hardware ▁on / off 
 switch ▁anymore ]). 

 ~~~ 
 j ca dam 
 I ' ve ▁found ▁many ▁of ▁those ▁supposedly ▁' hardware ' ▁wifi ▁kill ▁switches ▁were 
 software ▁controlled ▁( When ▁I ▁installed ▁Linux ▁on ▁an ▁old ▁Dell , ▁it ▁completely 
 ignored ▁the ▁state ▁of ▁the ▁wifi ▁switch ). 

 I ▁want ▁a ▁switch ▁that ▁physically ▁cuts ▁power ▁to ▁a ▁device , ▁but ▁no ... ▁:( 

 ------ 
 H ily in 
 I ▁guess ▁this ▁is ▁just ▁as ▁good ▁place ▁as ▁any ▁to ▁bring ▁this ▁up . ▁In ▁current ▁OS ▁X , 
 you ▁cannot ▁disable ▁your ▁mic . ▁You ▁can ▁turn ▁down ▁the ▁input ▁volume , ▁but ▁never 
 disable . ▁All ▁malware ▁needs ▁to ▁do ▁is ▁raise ▁the ▁input"
Mann,2114,"▁hardware ▁on / off 
 switch ▁anymore ]). 

 ~~~ 
 j ca dam 
 I ' ve ▁found ▁many ▁of ▁those ▁supposedly ▁' hardware ' ▁wifi ▁kill ▁switches ▁were 
 software ▁controlled ▁( When ▁I ▁installed ▁Linux ▁on ▁an ▁old ▁Dell , ▁it ▁completely 
 ignored ▁the ▁state ▁of ▁the ▁wifi ▁switch ). 

 I ▁want ▁a ▁switch ▁that ▁physically ▁cuts ▁power ▁to ▁a ▁device , ▁but ▁no ... ▁:( 

 ------ 
 H ily in 
 I ▁guess ▁this ▁is ▁just ▁as ▁good ▁place ▁as ▁any ▁to ▁bring ▁this ▁up . ▁In ▁current ▁OS ▁X , 
 you ▁cannot ▁disable ▁your ▁mic . ▁You ▁can ▁turn ▁down ▁the ▁input ▁volume , ▁but ▁never 
 disable . ▁All ▁malware ▁needs ▁to ▁do ▁is ▁raise ▁the ▁input"
Mann,2114,"▁trigger ▁symptoms ▁such ▁as ▁trem ours . 

 Member 

 Hmm .. ▁my ▁FIL ▁died ▁of ▁complications ▁of ▁Parkinson ' s , ▁and ▁I ▁have ▁a ▁brother ▁who ' s ▁mentally ▁and ▁phy is cally ▁disabled ▁due ▁to ▁birth ▁defects . ▁I ' m ▁a ▁HUGE ▁animal ▁lover , ▁but ▁I ▁think ▁this ▁is ▁for ▁the ▁greater ▁good , ▁you ▁know ? 

 I ▁mean , ▁come ▁on ! ▁We ▁buy ▁lea ather ▁goods ▁all ▁the ▁time ▁and ▁don ' t ▁think ▁of ▁the ▁cow / deer / al ligator / ost rich / ect ▁it ▁came ▁from !! 

 He hehe ... ▁you ▁know , ▁if ▁that ▁mouse ▁was ▁running ▁loose ▁in ▁your ▁kitchen , ▁I ▁bet ▁you ' d ▁grab ▁a ▁broom ▁and ▁try ▁to"
Mann,2114,"▁trigger ▁symptoms ▁such ▁as ▁trem ours . 

 Member 

 Hmm .. ▁my ▁FIL ▁died ▁of ▁complications ▁of ▁Parkinson ' s , ▁and ▁I ▁have ▁a ▁brother ▁who ' s ▁mentally ▁and ▁phy is cally ▁disabled ▁due ▁to ▁birth ▁defects . ▁I ' m ▁a ▁HUGE ▁animal ▁lover , ▁but ▁I ▁think ▁this ▁is ▁for ▁the ▁greater ▁good , ▁you ▁know ? 

 I ▁mean , ▁come ▁on ! ▁We ▁buy ▁lea ather ▁goods ▁all ▁the ▁time ▁and ▁don ' t ▁think ▁of ▁the ▁cow / deer / al ligator / ost rich / ect ▁it ▁came ▁from !! 

 He hehe ... ▁you ▁know , ▁if ▁that ▁mouse ▁was ▁running ▁loose ▁in ▁your ▁kitchen , ▁I ▁bet ▁you ' d ▁grab ▁a ▁broom ▁and ▁try ▁to"
Mann,2114,"▁trigger ▁symptoms ▁such ▁as ▁trem ours . 

 Member 

 Hmm .. ▁my ▁FIL ▁died ▁of ▁complications ▁of ▁Parkinson ' s , ▁and ▁I ▁have ▁a ▁brother ▁who ' s ▁mentally ▁and ▁phy is cally ▁disabled ▁due ▁to ▁birth ▁defects . ▁I ' m ▁a ▁HUGE ▁animal ▁lover , ▁but ▁I ▁think ▁this ▁is ▁for ▁the ▁greater ▁good , ▁you ▁know ? 

 I ▁mean , ▁come ▁on ! ▁We ▁buy ▁lea ather ▁goods ▁all ▁the ▁time ▁and ▁don ' t ▁think ▁of ▁the ▁cow / deer / al ligator / ost rich / ect ▁it ▁came ▁from !! 

 He hehe ... ▁you ▁know , ▁if ▁that ▁mouse ▁was ▁running ▁loose ▁in ▁your ▁kitchen , ▁I ▁bet ▁you ' d ▁grab ▁a ▁broom ▁and ▁try ▁to"
Mann,2114,"▁on ▁War lord ▁Games ▁Bolt ▁Action ▁as ▁sancti mon ious ▁g its 

 Apologies ▁to ▁regular ▁viewers ▁- ▁this ▁is ▁a ▁bit ▁of ▁a ▁rant . As ▁part ▁of ▁my ▁Bolt ▁Action ▁purchases ▁I ▁got ▁a ▁British ▁machine ▁gun ▁and ▁crew . ▁I ▁couldn ' t ▁quite ▁see ▁from ▁online ▁pictures ▁how ▁it ▁all ▁went ▁together . 

 Luckily ▁in ▁the ▁box ▁there ▁was ▁card ▁which ▁said ▁go ▁to ▁their ▁webpage ▁for ▁instructions . 

 However ▁when ▁I ▁tried ▁to ▁go ▁there ▁I ▁got ▁the ▁message . 

 "" This ▁is ▁somewhat ▁embarrassing ▁isn ' t ▁it . ▁.... ▁Either ▁it ▁as ▁been ▁moved ▁or ▁you ▁typed ▁a ▁wrong ▁address ."" ▁And ▁I ▁thought ▁is ▁this ▁a ▁message ▁for ▁me ▁as ▁if ▁I ' ve ▁made ▁a"
Mann,2114,"▁on ▁War lord ▁Games ▁Bolt ▁Action ▁as ▁sancti mon ious ▁g its 

 Apologies ▁to ▁regular ▁viewers ▁- ▁this ▁is ▁a ▁bit ▁of ▁a ▁rant . As ▁part ▁of ▁my ▁Bolt ▁Action ▁purchases ▁I ▁got ▁a ▁British ▁machine ▁gun ▁and ▁crew . ▁I ▁couldn ' t ▁quite ▁see ▁from ▁online ▁pictures ▁how ▁it ▁all ▁went ▁together . 

 Luckily ▁in ▁the ▁box ▁there ▁was ▁card ▁which ▁said ▁go ▁to ▁their ▁webpage ▁for ▁instructions . 

 However ▁when ▁I ▁tried ▁to ▁go ▁there ▁I ▁got ▁the ▁message . 

 "" This ▁is ▁somewhat ▁embarrassing ▁isn ' t ▁it . ▁.... ▁Either ▁it ▁as ▁been ▁moved ▁or ▁you ▁typed ▁a ▁wrong ▁address ."" ▁And ▁I ▁thought ▁is ▁this ▁a ▁message ▁for ▁me ▁as ▁if ▁I ' ve ▁made ▁a"
Mann,2114,"▁you ’ re ▁“ not ▁a ▁Democrat ” ▁doesn ’ t ▁work ▁well ▁when ▁too ▁many ▁Republicans ▁voting ▁records ▁actually ▁look ▁far ▁more ▁like ▁Pelosi ’ s ▁than ▁they ▁should . 

 Going ▁on ▁offense ▁will ▁also ▁be ▁necessary ▁to ▁effectively ▁combat ▁the ▁left . ▁Republicans ▁will ▁need ▁to ▁stay ▁one ▁step ▁ahead ▁of ▁Democrats ▁at ▁all ▁times . 

 Some ▁chatter ▁on ▁Cap Hill ▁that ▁if ▁Pelosi ▁were ▁to ▁exit ▁(& ▁this ▁is ▁just ▁a ▁theory ), ▁she ▁would ▁time ▁her ▁exit ▁after ▁GOP ers ▁bought ▁ad ▁time ▁& ▁burned ▁$ ▁campaigning ▁against ▁her . ▁Sober ▁GOP ers ▁know ▁a ▁Pelosi ▁exit ▁is ▁bad ▁for ▁them ▁as ▁it ▁ro bs ▁them ▁of ▁a ▁foil . 

 Obviously ▁this ▁is ▁just ▁a ▁theory , ▁but ▁Democrats ▁will"
Mann,2114,"▁ 5 ▁containment ▁for ▁Ol ’ ▁Jer . 

 He ▁will ▁not ▁have ▁a ▁cell mate ▁and ▁will ▁be ▁subjected ▁to ▁heightened ▁supervision ▁and ▁an ▁escort ▁when ▁not ▁in ▁his ▁cell . ▁He ▁will ▁get ▁an ▁hour ▁of ▁individual ▁exercise ▁five ▁days ▁a ▁week ▁and ▁three ▁showers ▁a ▁week ▁— ▁alone , ▁save ▁for ▁the ▁escort . ▁He ▁will ▁eat ▁meals ▁in ▁his ▁cell . ▁All ▁other ▁services , ▁including ▁religion , ▁medications , ▁and ▁treatment ▁programming ▁will ▁be ▁conducted ▁in ▁his ▁cell . 

 All ▁visits ▁will ▁be ▁non - contact . ▁No ▁touching ▁of ▁or ▁by ▁the ▁Tick le ▁Monster . 

 Sand usky ’ s ▁legal ▁representations ▁did ▁not ▁return ▁phone ▁calls . 

 This ▁is ▁close ▁to ▁home ▁for ▁“ Jer ”. ▁His"
Mann,2114,"▁ 5 ▁containment ▁for ▁Ol ’ ▁Jer . 

 He ▁will ▁not ▁have ▁a ▁cell mate ▁and ▁will ▁be ▁subjected ▁to ▁heightened ▁supervision ▁and ▁an ▁escort ▁when ▁not ▁in ▁his ▁cell . ▁He ▁will ▁get ▁an ▁hour ▁of ▁individual ▁exercise ▁five ▁days ▁a ▁week ▁and ▁three ▁showers ▁a ▁week ▁— ▁alone , ▁save ▁for ▁the ▁escort . ▁He ▁will ▁eat ▁meals ▁in ▁his ▁cell . ▁All ▁other ▁services , ▁including ▁religion , ▁medications , ▁and ▁treatment ▁programming ▁will ▁be ▁conducted ▁in ▁his ▁cell . 

 All ▁visits ▁will ▁be ▁non - contact . ▁No ▁touching ▁of ▁or ▁by ▁the ▁Tick le ▁Monster . 

 Sand usky ’ s ▁legal ▁representations ▁did ▁not ▁return ▁phone ▁calls . 

 This ▁is ▁close ▁to ▁home ▁for ▁“ Jer ”. ▁His"
Mann,2114,"▁ 5 ▁containment ▁for ▁Ol ’ ▁Jer . 

 He ▁will ▁not ▁have ▁a ▁cell mate ▁and ▁will ▁be ▁subjected ▁to ▁heightened ▁supervision ▁and ▁an ▁escort ▁when ▁not ▁in ▁his ▁cell . ▁He ▁will ▁get ▁an ▁hour ▁of ▁individual ▁exercise ▁five ▁days ▁a ▁week ▁and ▁three ▁showers ▁a ▁week ▁— ▁alone , ▁save ▁for ▁the ▁escort . ▁He ▁will ▁eat ▁meals ▁in ▁his ▁cell . ▁All ▁other ▁services , ▁including ▁religion , ▁medications , ▁and ▁treatment ▁programming ▁will ▁be ▁conducted ▁in ▁his ▁cell . 

 All ▁visits ▁will ▁be ▁non - contact . ▁No ▁touching ▁of ▁or ▁by ▁the ▁Tick le ▁Monster . 

 Sand usky ’ s ▁legal ▁representations ▁did ▁not ▁return ▁phone ▁calls . 

 This ▁is ▁close ▁to ▁home ▁for ▁“ Jer ”. ▁His"
Mann,2114,"- 2 0 - live - 
 free ) 

 ~~~ 
 bob soap 
 Seriously , ▁downvoted ▁without ▁an ▁explanation ? ▁That ' s ▁quite ▁poor . ▁If ▁something 
 about ▁my ▁post ▁off ends ▁anyone , ▁I ' d ▁love ▁to ▁know ▁about ▁it . 

 ------ 
 man ge letti 
 I ▁swear ▁this ▁is ▁a ▁true ▁story : 

 I ▁worked ▁at ▁Staples ▁when ▁I ▁was ▁ 1 9 , ▁and ▁when ▁I ▁first ▁started ▁I ▁was ▁a ▁"" front ▁end 
 lead "" ▁( read : ▁the ▁only ▁full - time ▁cashier ), ▁so ▁I ▁would ▁work ▁behind ▁the ▁service 
 counter ▁at ▁the ▁front . 

 Once , ▁I ▁was ▁standing ▁up ▁front ▁while ▁there ▁were ▁no ▁customers ▁when ▁all ▁of"
Mann,2114,"- 2 0 - live - 
 free ) 

 ~~~ 
 bob soap 
 Seriously , ▁downvoted ▁without ▁an ▁explanation ? ▁That ' s ▁quite ▁poor . ▁If ▁something 
 about ▁my ▁post ▁off ends ▁anyone , ▁I ' d ▁love ▁to ▁know ▁about ▁it . 

 ------ 
 man ge letti 
 I ▁swear ▁this ▁is ▁a ▁true ▁story : 

 I ▁worked ▁at ▁Staples ▁when ▁I ▁was ▁ 1 9 , ▁and ▁when ▁I ▁first ▁started ▁I ▁was ▁a ▁"" front ▁end 
 lead "" ▁( read : ▁the ▁only ▁full - time ▁cashier ), ▁so ▁I ▁would ▁work ▁behind ▁the ▁service 
 counter ▁at ▁the ▁front . 

 Once , ▁I ▁was ▁standing ▁up ▁front ▁while ▁there ▁were ▁no ▁customers ▁when ▁all ▁of"
Mann,2114,"- 2 0 - live - 
 free ) 

 ~~~ 
 bob soap 
 Seriously , ▁downvoted ▁without ▁an ▁explanation ? ▁That ' s ▁quite ▁poor . ▁If ▁something 
 about ▁my ▁post ▁off ends ▁anyone , ▁I ' d ▁love ▁to ▁know ▁about ▁it . 

 ------ 
 man ge letti 
 I ▁swear ▁this ▁is ▁a ▁true ▁story : 

 I ▁worked ▁at ▁Staples ▁when ▁I ▁was ▁ 1 9 , ▁and ▁when ▁I ▁first ▁started ▁I ▁was ▁a ▁"" front ▁end 
 lead "" ▁( read : ▁the ▁only ▁full - time ▁cashier ), ▁so ▁I ▁would ▁work ▁behind ▁the ▁service 
 counter ▁at ▁the ▁front . 

 Once , ▁I ▁was ▁standing ▁up ▁front ▁while ▁there ▁were ▁no ▁customers ▁when ▁all ▁of"
Mann,2114,"m ▁not ▁Nancy ▁Pelosi ” ▁is ▁not ▁going ▁to ▁cut ▁it ▁in ▁the ▁mid terms . 

 This ▁isn ’ t ▁ 2 0 1 2 . ▁Republicans ▁controlled ▁all ▁three ▁branches ▁coming ▁out ▁of ▁ 2 0 1 6 ▁and ▁conservatives ▁still ▁don ’ t ▁have ▁much ▁to ▁show ▁for ▁it . ▁ 2 0 1 8 ▁can ’ t ▁be ▁about ▁tax ▁cuts ▁alone . ▁The ▁mid terms ▁will ▁be ▁won ▁or ▁lost ▁primarily ▁on ▁whose ▁base ▁turns ▁out . ▁If ▁Republicans ▁cannot ▁energ ize ▁their ▁base , ▁they ▁will ▁stay ▁home ▁and ▁Democrats ▁win . ▁If ▁Republicans ▁give ▁Democrats ▁everything ▁they ▁want , ▁the ▁base ▁stays ▁home ▁and ▁Democrats ▁win . 

 And ▁Republicans ▁will ▁be ▁sent ▁home . 

 Also , ▁merely ▁saying"
Mann,2114,"m ▁not ▁Nancy ▁Pelosi ” ▁is ▁not ▁going ▁to ▁cut ▁it ▁in ▁the ▁mid terms . 

 This ▁isn ’ t ▁ 2 0 1 2 . ▁Republicans ▁controlled ▁all ▁three ▁branches ▁coming ▁out ▁of ▁ 2 0 1 6 ▁and ▁conservatives ▁still ▁don ’ t ▁have ▁much ▁to ▁show ▁for ▁it . ▁ 2 0 1 8 ▁can ’ t ▁be ▁about ▁tax ▁cuts ▁alone . ▁The ▁mid terms ▁will ▁be ▁won ▁or ▁lost ▁primarily ▁on ▁whose ▁base ▁turns ▁out . ▁If ▁Republicans ▁cannot ▁energ ize ▁their ▁base , ▁they ▁will ▁stay ▁home ▁and ▁Democrats ▁win . ▁If ▁Republicans ▁give ▁Democrats ▁everything ▁they ▁want , ▁the ▁base ▁stays ▁home ▁and ▁Democrats ▁win . 

 And ▁Republicans ▁will ▁be ▁sent ▁home . 

 Also , ▁merely ▁saying"
Mann,2114,"1 9 6 0 ▁once ▁the ▁White ▁Man ▁put ▁his ▁burden ▁of ▁civiliz ing ▁the ▁un civil isable ▁down . ▁BTW , ▁slavery ▁has ▁never ▁left ▁the ▁areas ▁ruled ▁by ▁mos lems . 

 gates ▁tells ▁the ▁truth ▁for ▁once 

 Sh hh ▁.. ▁keep ▁it ▁quiet ▁ok ? ▁Tribal ▁chiefs ▁who ▁sold ▁off ▁all ▁the ▁slaves ▁to ▁the ▁white ▁man ▁owned ▁a ▁billion ▁slaves ▁too ▁and ▁still ▁do ▁… 

 Joseph 

 If ▁these ▁benevolent ▁black ▁slave ▁owners ▁kept ▁black ▁slaves ▁“ to ▁protect ▁that ▁person ”, ▁what ▁would ▁prevent ▁them ▁from ▁emancip ating ▁them ▁voluntarily ▁even ▁if ▁they ▁stayed ▁with ▁the ▁family . 

 This ▁is ▁the ▁usual ▁noise ▁from ▁the ▁left ; ▁“ If ▁we ▁do ▁it ▁it ▁is ▁not ▁the ▁same ”. 

"
Mann,2114,"▁that ▁looks ▁at ▁the ▁events ▁leading ▁up ▁to ▁the ▁Second ▁Coming ▁and ▁challenges ▁us ▁all ▁to ▁follow ▁the ▁plans ▁that ▁Christ ▁has ▁for ▁our ▁lives . 

 Monday , ▁April ▁ 4 , ▁ 2 0 1 1 

 It ’ s ▁Monday ! ▁What ▁Are ▁You ▁Reading ▁is ▁where ▁we ▁share ▁what ▁we ▁read ▁this ▁past ▁week , ▁what ▁we ▁hope ▁to ▁read ▁this ▁week …. ▁and ▁anything ▁in ▁between ! ▁D ▁This ▁is ▁a ▁great ▁way ▁to ▁plan ▁out ▁your ▁reading ▁week ▁and ▁see ▁what ▁others ▁are ▁currently ▁reading ▁as ▁well … ▁you ▁never ▁know ▁where ▁that ▁next ▁“ must ▁read ” ▁book ▁will ▁come ▁from ! 

 I ▁love ▁being ▁a ▁part ▁of ▁this ▁and ▁I ▁hope ▁you ▁do ▁too ! ▁As ▁part ▁of"
Mann,2114,"3 0 ▁a . m . ▁woke ▁up ▁by ▁the ▁alarm ▁and ▁some ▁discipline , ▁the ▁wee ▁hours ▁felt ▁gro ggy ▁but ▁I ▁must ▁get ▁ready ▁for ▁the ▁run ▁ 2 ▁hours ▁away . ▁Dra gged ▁myself ▁out ▁of ▁bed , ▁washed ▁up ▁with ▁a ▁half - a wo ken ▁mind , ▁saturated ▁myself ▁with ... ▁Continue ▁Reading ▁→ 

 Wow ... ▁This ▁is ▁beyond ▁my ▁imaginations ▁and ▁the ▁fact ▁that ▁I ▁have ▁made ▁it ▁this ▁far ▁not ▁giving ▁up ▁on ▁anything ▁yet , ▁indeed ▁this ▁is ▁remarkable . ▁Thanks ! ▁A ▁big ▁shout - out ▁to ▁people ▁who ▁read ▁my ▁posts ▁although ▁I ▁had ▁hi at uses ... ▁Continue ▁Reading ▁→ 

 What ▁is ▁life ? ▁A ▁simple ▁rhetorical ▁question ▁that ▁we ▁ask ▁ourselves ▁every ▁time"
Mann,2114,"3 0 ▁a . m . ▁woke ▁up ▁by ▁the ▁alarm ▁and ▁some ▁discipline , ▁the ▁wee ▁hours ▁felt ▁gro ggy ▁but ▁I ▁must ▁get ▁ready ▁for ▁the ▁run ▁ 2 ▁hours ▁away . ▁Dra gged ▁myself ▁out ▁of ▁bed , ▁washed ▁up ▁with ▁a ▁half - a wo ken ▁mind , ▁saturated ▁myself ▁with ... ▁Continue ▁Reading ▁→ 

 Wow ... ▁This ▁is ▁beyond ▁my ▁imaginations ▁and ▁the ▁fact ▁that ▁I ▁have ▁made ▁it ▁this ▁far ▁not ▁giving ▁up ▁on ▁anything ▁yet , ▁indeed ▁this ▁is ▁remarkable . ▁Thanks ! ▁A ▁big ▁shout - out ▁to ▁people ▁who ▁read ▁my ▁posts ▁although ▁I ▁had ▁hi at uses ... ▁Continue ▁Reading ▁→ 

 What ▁is ▁life ? ▁A ▁simple ▁rhetorical ▁question ▁that ▁we ▁ask ▁ourselves ▁every ▁time"
Mann,2114,"▁haven ' t ▁walked ▁out ▁of ▁it . ▁There ▁is ▁so ▁much ▁to ▁say , ▁yet ▁you ▁don ' t ▁know ▁what ▁to ▁say ▁nor ▁how ▁to ▁say ▁it . ▁My ▁only ▁advice : ▁you ▁walk ▁into ▁the ▁movie ▁theater , ▁forget ▁whatever ▁people ▁said ▁on ▁the ▁Internet , ▁and ▁just ▁watch ▁it ▁with ▁your ▁own ▁heart . 

 It ▁is ▁a ▁great ▁movie . 

 3 ▁years ▁ago 

 Don ' t ▁miss . ▁This ▁deserves ▁your ▁attention . 

 9 / 1 0 ▁Zhang ▁Y im ou ▁has ▁crafted ▁a ▁beautifully ▁shot ▁and ▁compelling ▁story ▁set ▁inside ▁horrific ▁events . ▁About ▁all ▁I ▁knew ▁of ▁this ▁movie ▁was ▁it ▁was ▁set ▁in ▁ 1 9 3 7 ▁China ▁and ▁starred ▁Christian ▁Bale . ▁Not ▁knowing"
Mann,2114,"Alexandra 

 Isn ’ t ▁this ▁the ▁guy ▁that ▁had ▁the ▁beer ▁summit ▁with ▁Obama ? 

 Fed ▁Up 

 I ▁would ▁like ▁to ▁recommend ▁a ▁few ▁good ▁books ▁for ▁Am Ren ▁people ▁to ▁read : ▁> ” 4 8 ▁Liberal ▁Lies ▁about ▁American ▁History ” ▁by ▁Larry ▁Schwe ik art . ▁“ The ▁Poli tically ▁Incorrect ▁Guide ▁to ▁the ▁Civil ▁War ” ▁by ▁H . ▁W . ▁Crocker ▁III . ▁Also ▁“ Death ▁By ▁Liberal ism ”, ▁by ▁J . ▁R . ▁Dunn . ▁These ▁books , ▁as ▁a ▁number ▁of ▁others ▁in ▁this ▁genre ▁will ▁certainly ▁open ▁your ▁mind ▁and ▁ref ocus ▁your ▁thinking . 

 ( No , ▁I ▁am ▁not ▁selling ▁them , ▁nor ▁have ▁a ▁financial ▁interest ▁— ▁I ▁am ▁just ▁tired"
Mann,2114,"This ▁is ▁the ▁users pace ▁part ▁of ▁the ▁Linux ▁Auditing ▁System , ▁which ▁is ▁a ▁more ▁secure ▁way ▁of ▁logging ▁kernel - level ▁events ▁than ▁sys log . ▁Among ▁other ▁things , ▁it ▁records ▁SEL in ux ▁alerts . ▁Strictly ▁speaking , ▁you ▁don ' t ▁need ▁it . 

 ava hi - daemon ▁ 0 : off ▁ 1 : off ▁ 2 : off ▁ 3 : on ▁ 4 : on ▁ 5 : on ▁ 6 : off 

 This ▁is ▁for ▁auto discovery ▁of ▁services ▁on ▁a ▁network ▁— ▁printers ▁being ▁a ▁big ▁example . ▁It ' s ▁not ▁required . 

 cpus peed ▁ 0 : off ▁ 1 : on ▁ 2 : on ▁ 3 : on ▁ 4"
Mann,2114,"▁When ▁she ▁looked ▁up ▁at ▁last , ▁she ▁saw ▁that ▁night ▁had ▁fallen ▁over ▁Bethlehem ▁Springs . ▁Her ▁stomach ▁growled , ▁reminding ▁her ▁that ▁she ’ d ▁missed ▁supper . ▁Still , ▁she ▁had ▁little ▁desire ▁to ▁cook . ▁This ▁seemed ▁like ▁a ▁good ▁evening ▁to ▁pay ▁a ▁visit ▁to ▁one ▁of ▁the ▁town ’ s ▁restaurants . 

 Daphne ▁had ▁three ▁choices ▁— ▁the ▁Gold ▁Mountain , ▁which ▁served ▁the ▁most ▁wonderful ▁breakfasts ; ▁the ▁restaurant ▁inside ▁the ▁Washington ▁Hotel ▁where ▁she ▁liked ▁to ▁dine ▁before ▁an ▁evening ▁at ▁the ▁Opera ▁House ; ▁and ▁the ▁South ▁Fork , ▁famous ▁for ▁their ▁pies ▁and ▁home - style ▁fare . ▁She ▁decided ▁on ▁the ▁latter . 

 As ▁she ▁walked ▁briskly ▁along ▁Wall ula ▁Street ▁toward ▁Main ,"
Mann,2114,"▁to ▁have ▁the ▁richest ▁possible ▁boom ▁in ▁the ▁history ▁of ▁civilization . ▁We ▁have ▁the ▁technology ▁to ▁turn ▁the ▁desert ▁green . ▁We ▁can ▁refill ▁the ▁ocean ▁with ▁fish . ▁We ▁can ▁have ▁world ▁peace . ▁And ▁all ▁that ’ s ▁blocking ▁us ▁is ▁a ▁few ▁dozen ▁old ▁men . ▁Please ▁everybody ▁arrest ▁them . ▁What ▁is ▁wrong ▁with ▁you ▁people ? 

 We ▁can ▁have ▁world ▁peace . ▁We ▁can ▁have ▁all ▁these ▁good ▁things . ▁We ’ re ▁just ▁being ▁block ▁by ▁a ▁tiny ▁group ▁of ▁old ▁men ▁who ▁worship ▁Satan . ▁That ’ s ▁a ▁fact . 

 Please , ▁we ▁must ▁save ▁the ▁planet . ▁Thank ▁you . 

 Final ▁thing ▁to ▁say : ▁this ▁is ▁not ▁getting ▁the ▁bad ▁guys . ▁It"
Mann,2114,"▁what ▁we ▁hope ▁to ▁read ▁this ▁week …. ▁and ▁anything ▁in ▁between ! ▁D ▁This ▁is ▁a ▁great ▁way ▁to ▁plan ▁out ▁your ▁reading ▁week ▁and ▁see ▁what ▁others ▁are ▁currently ▁reading ▁as ▁well … ▁you ▁never ▁know ▁where ▁that ▁next ▁“ must ▁read ” ▁book ▁will ▁come ▁from ! ▁I ▁love ▁being ▁a ▁part ▁of ▁this ▁and ▁I ▁hope ▁you ▁do ▁too ! 

 This ▁past ▁week ▁I ▁kept ▁it ▁real ▁easy ▁since ▁I ▁am ▁potty ▁training ▁my ▁daughter . ▁I ▁knew ▁it ▁would ▁suck ▁up ▁my ▁daytime ▁reading ▁a ▁lot ▁with ▁keeping ▁a ▁special ▁eye ▁on ▁her . ▁So ▁far ▁so ▁good . ▁Except ▁for ▁the ▁other ▁day ▁when ▁my ▁older ▁sister ▁and ▁I ▁took ▁her ▁to ▁get ▁her ▁Easter ▁pictures ▁done ▁and ▁were ▁gone"
Mann,2114,"▁what ▁we ▁hope ▁to ▁read ▁this ▁week …. ▁and ▁anything ▁in ▁between ! ▁D ▁This ▁is ▁a ▁great ▁way ▁to ▁plan ▁out ▁your ▁reading ▁week ▁and ▁see ▁what ▁others ▁are ▁currently ▁reading ▁as ▁well … ▁you ▁never ▁know ▁where ▁that ▁next ▁“ must ▁read ” ▁book ▁will ▁come ▁from ! ▁I ▁love ▁being ▁a ▁part ▁of ▁this ▁and ▁I ▁hope ▁you ▁do ▁too ! ▁Along ▁with ▁this ▁weekly ▁meme ▁I ▁strongly ▁encourage ▁you ▁to ▁visit ▁as ▁many ▁other ▁participants ▁as ▁possible :) 

 Well ▁my ▁reading ▁plan ▁hasn ' t ▁changed ▁too ▁much .... 

 This ▁past ▁week ▁I ▁have ▁been ▁reading : The ▁Opposite ▁of ▁Me ▁by ▁Sarah ▁Pek kanen 

 Sti let tos ▁& ▁Sc ound rels ▁by ▁L aina ▁Turner - M olas ki"
Mann,2114,"re ▁not ▁really ▁my ▁thing ▁to ▁be ▁honest . ▁All ▁I ’ ll ▁say ▁is ▁I ▁appreciate ▁the ▁loyalty . ▁So ▁thank ▁you .” 

 • ▁Boy ▁George ▁has ▁been ▁describing ▁his ▁reception ▁when ▁he ▁arrived ▁in ▁prison ▁in ▁ 2 0 0 9 , ▁ready ▁to ▁start ▁a ▁four ▁month ▁sentence . ▁It ▁seems ▁( and ▁this ▁may ▁shock ▁some ▁of ▁you ) ▁that ▁the ▁introduction ▁of ▁a ▁gay ▁pop ▁star ▁to ▁a ▁tense ▁environment ▁did ▁not ▁bring ▁out ▁the ▁best ▁in ▁some ▁of ▁his ▁fellow ▁inmates . ▁( via ▁Pink ▁News ) 

 • ▁This ▁probably ▁won ’ t ▁come ▁as ▁a ▁surprise , ▁but ▁when ▁Dion ne ▁Brom field , ▁Amy ▁Wine house ‘ s ▁god daughter , ▁attempted ▁to ▁pay ▁tribute ▁by ▁singing"
Mann,2114,"Even ▁more ▁clearly ▁this ▁is ▁a ▁wholly ▁logical ▁posture ▁in ▁which ▁to ▁have ▁this ▁action ▁proceed ▁insofar ▁as ▁the ▁additional ▁evidence ▁with ▁respect ▁to ▁the ▁surcharge ▁offer ▁is ▁concerned . ▁We ▁have ▁already ▁explored ▁the ▁evidence ▁at ▁length ▁and ▁found ▁that ▁there ▁was ▁substantial ▁basis ▁in ▁the ▁present ▁record ▁for ▁the ▁Commission ' s ▁conclusions ▁with ▁respect ▁to ▁the ▁Railroad ' s ▁current ▁financial ▁condition ▁and ▁future ▁economic ▁prospects . ▁Even ▁assuming ▁the ▁most ▁recent ▁surcharge ▁offer ▁so ▁substantially ▁alters ▁the ▁Railroad ' s ▁financial ▁prospects ▁as ▁to ▁make ▁abandonment ▁inappropriate , ▁it ▁is ▁nonetheless ▁merely ▁additional ▁evidence ▁which ▁could ▁and ▁should ▁have ▁been ▁presented ▁to ▁the ▁hearing ▁examiner . ▁Thus , ▁we ▁do ▁not ▁think ▁that ▁this ▁evidence ▁can ▁impeach ▁the ▁present ▁validity ▁of ▁the ▁December"
Mann,2114,", ▁“ Did ▁you ▁see ▁where ▁they ▁put ▁the ▁bad gers ? ▁I ▁know www !” 

 This ▁has ▁come ▁up ▁a ▁couple ▁of ▁times ▁in ▁various ▁conversations ▁recently , ▁so ▁I ▁thought ▁I ’ d ▁talk ▁about ▁it ▁here . ▁E books ▁are ▁here ▁to ▁stay , ▁obviously . ▁While ▁there ▁will ▁always ▁be ▁print ▁books ▁too , ▁even ▁if ▁that ▁does ▁eventually ▁reduce ▁to ▁Print - on - Demand ▁and ▁collector ’ s ▁folio ▁editions , ▁ebooks ▁will ▁only ▁continue ▁to ▁gain ▁strength . ▁There ’ s ▁the ▁whole ▁format ▁and ▁DRM ▁thing ▁to ▁still ▁sort ▁out ▁– ▁Amazon ▁aren ’ t ▁about ▁to ▁give ▁up ▁the ▁mobi ▁format ▁any ▁time ▁soon , ▁and ▁a ▁lot ▁of ▁places ▁are ▁struggling ▁with ▁where ▁they ▁stand ▁on"
Mann,2114,"▁farm . 

 Students ▁here ▁have ▁become ▁independent . ▁Instead ▁of ▁asking ▁Hud ak ▁how ▁to ▁organize ▁the ▁hundreds ▁of ▁flowers ▁they ▁picked , ▁they ▁form ▁an ▁assembly ▁line . ▁Rock ▁music ▁bla res ▁from ▁a ▁boom box ▁as ▁students ▁bundle ▁the ▁blooms ▁into ▁bouquets . 

 The ▁farm , ▁producing ▁more ▁than ▁expected , ▁signs ▁up ▁three ▁more ▁CSA ▁members . 

 The ▁work ▁is ▁a ▁lot ▁hotter ▁than ▁the ▁students ▁expected , ▁too . ▁"" This ▁is ▁a ▁job ▁that ▁most ▁people ▁would ▁kill ▁themselves ▁if ▁they ▁had ,"" ▁says ▁Ring wald , ▁who ▁once ▁nearly ▁quit ▁the ▁farm ▁program . ▁"" In ▁the ▁summertime ▁in ▁the ▁heat , ▁it ' s ▁horrible ▁working ▁out ▁here . ▁With ▁Paul , ▁he ▁keeps ▁our ▁enthusiasm ▁up"
Mann,2114,"Quite ▁a ▁few ▁things ▁bug ▁me ▁about ▁this ▁piece . 

 > I ’ m ▁on ▁my ▁annual ▁win - a - trip ▁journey , ▁in ▁which ▁I ▁take ▁a ▁university ▁student 
 with ▁me ▁on ▁a ▁trip ▁to ▁the ▁developing ▁world ▁to ▁cover ▁under reported ▁issues . 

 Firstly , ▁I ▁don ' t ▁think ▁this ▁is ▁' under ▁reported ', ▁I ' ve ▁seen ▁at ▁least ▁two ▁full 
 length ▁documentaries ▁about ▁this ▁procedure ▁in ▁Nepal , ▁the ▁project ▁has ▁its ▁own 
 Facebook ▁page ▁[ 0 ] ▁and ▁a ▁Google ▁search ▁for ▁' Nepal ▁cataract ' ▁turns ▁up ▁lots ▁of 
 trad ▁media ▁results . 

 Secondly , ▁if ▁the ▁author ▁has ▁taken ▁a ▁student ▁to ▁cover ▁things , ▁why ▁aren ' t ▁e"
Mann,2114,"▁government ’ s ▁role ▁in ▁bolster ing ▁the ▁economy . ▁Obama ▁favors ▁public ▁out lays ▁on ▁alternative ▁energy ▁and ▁education , ▁which ▁would ▁not ▁only ▁create ▁jobs ▁but ▁also ▁make ▁us ▁more ▁competitive ▁globally . 

 What ▁is ▁this , ▁“ make ▁us ▁more ▁competitive ▁globally ”? ▁Surely ▁that ▁is ▁the ▁old , ▁dead ▁paradigm . ▁Even ▁as ▁the ▁piece ▁reads ▁its ▁last ▁rites , ▁that ▁Reagan - That cher ▁way ▁of ▁thinking ▁is ▁stirring ▁back ▁to ▁life . ▁If ▁you ▁are ▁going ▁to ▁dispense ▁with ▁market ▁forces , ▁I ▁don ’ t ▁think ▁you ▁can ▁afford ▁to ▁care ▁very ▁much ▁about ▁staying ▁competitive ▁globally . 

 The ▁other ▁piece , ▁much ▁more ▁to ▁my ▁own ▁way ▁of ▁thinking , ▁is ▁by ▁Simon ▁Jenkins . ▁For ▁many"
Mann,2114,"▁ii ) ▁I ▁really ▁don ’ t ▁need ▁to ▁– ▁this ▁is ▁a ▁screening / ranking ▁exercise , ▁after ▁all ! ▁Broad ly ▁speaking , ▁most ▁intrinsic ▁valuations ▁should ▁& ▁do ▁evolve ▁slowly ▁over ▁time . ▁Therefore , ▁once ▁the ▁heavy ▁lifting ▁of ▁the ▁initial ▁valuation ▁phase ▁is ▁done , ▁we ▁then ▁have ▁a ▁framework ▁to ▁quickly ▁& ▁easily ▁keep ▁track ▁of ▁a ▁large ▁number ▁of ▁companies , ▁and ▁the ▁most ▁likely ▁under / over - valued ▁stocks . ▁Even ▁with ▁no ▁input / updates ▁to ▁intrinsic ▁valuation , ▁I ▁think ▁it ’ s ▁reasonable ▁to ▁expect ▁this ▁exercise ▁to ▁be ▁still ▁making ▁a ▁valuable ▁contribution ▁up ▁to ▁ 1 2 - 1 8 ▁months ▁later . ▁Of ▁course , ▁if ▁you ’ re ▁actually ▁contemplating ▁a"
Mann,2114,"▁own ▁dedicated ▁lane ▁or ▁have ▁street ▁lights ▁turn ▁green ▁automatically ▁for ▁the ▁street car ? ▁If ▁that ▁is ▁true ▁then ▁don ’ t ▁even ▁bother ▁with ▁the ▁system , ▁it ’ s ▁going ▁to ▁be ▁no ▁different ▁than ▁the ▁bus ▁in ▁that ▁it ▁will ▁get ▁caught ▁in ▁traffic , ▁like ▁a ▁bus , ▁travel ▁and ▁a ▁low ▁average ▁speed , ▁and ▁not ▁run ▁on ▁a ▁set ▁schedule . 

 # 1 ▁looks ▁best . ▁Conne cts ▁inter modal ▁station ▁with ▁U . S . ▁Bank ▁Center ▁( this ▁is ▁critical , ▁it ’ s ▁the ▁largest ▁office ▁building ▁in ▁the ▁state ), ▁NW ▁Mutual ▁HQ , ▁Fed ▁courthouse , ▁Cathedral ▁Square , ▁Third ▁Ward , ▁M SO E , ▁Met rom arket , ▁Mil . ▁Public ▁Market"
Mann,2114,"▁one ▁size / style ▁fits ▁all . ▁This ▁... 

 Both ▁Male ▁and ▁Female ▁buckles ▁are ▁Dual ▁Adjust . Made ▁for ▁thin ▁ 1 "" ▁( 2 5 mm ) ▁backpack ▁style ▁webbing . ▁S IZING ▁TIP : ▁The ▁size ▁of ▁buckles ▁is ▁measured ▁by ▁the ▁webbing ▁that ▁goes ▁in ▁them , ▁not ▁the ▁O . D . ▁of ▁the ▁buckle . ▁WARNING : ▁This ▁is ▁NOT ▁one ▁size / style ▁fits ▁all . ▁This ▁... 

 Both ▁Male ▁and ▁Female ▁buckles ▁are ▁Dual ▁Adjust . Made ▁for ▁thin ▁ 1 "" ▁( 2 5 mm ) ▁backpack ▁style ▁webbing . ▁S IZING ▁TIP : ▁The ▁size ▁of ▁buckles ▁is ▁measured ▁by ▁the ▁webbing ▁that ▁goes ▁in ▁them , ▁not ▁the ▁O . D . ▁of ▁the"
Mann,2114,"▁ 1 3 1 . ▁These ▁are ▁very ▁low ▁energy ▁particles , ▁well ▁below ▁the ▁Bragg ▁Peak ▁at ▁$\ sim $ 2 0 0 – 8 0 0 ▁keV / A . ▁In ▁this ▁regime ▁dE / dx ▁[* decre ases *] {} ▁with ▁decreasing ▁energy , ▁and ▁the ▁efficiency ▁of ▁ionization ▁is ▁significantly ▁reduced . 

 Lind hard ▁Model ▁for ▁Low - Energy ▁Stopping 
 ---------------- ---------------- ------ 

 The ▁stopping ▁process ▁for ▁such ▁low ▁energy ▁particles ▁in ▁homo atomic [^ 1 ] ▁substances ▁was ▁treated ▁by ▁Lind hard , ▁Schar ff , ▁and ▁Sch io tt   [@ Lind hard 1 9 6 3 ; ▁@ Lind hard - int ] ▁( L SS ). ▁This ▁treatment ▁has ▁stood ▁the ▁test ▁of ▁time ▁and ▁experiment"
Mann,2114,"▁this ▁motorcycle ▁greatly ▁glows ▁a ▁purple ▁color . ▁This ▁allows ▁for ▁the ▁tracking ▁of ▁her ▁location , ▁as ▁well ▁as ▁not ▁being ▁able ▁to ▁blend ▁into ▁the ▁surrounding ▁areas ▁while ▁using . 

 Techno - In vis : 

 Name : ▁Techno - In vis . Rank : ▁D . Type : ▁Utility . Duration : ▁ 3 ▁posts . Cooldown : ▁ 4 ▁posts . Description : ▁When ▁getting ▁her ▁magic ▁implemented ▁into ▁her ▁veins ▁and ▁nerves , ▁she ▁was ▁sure ▁to ▁make ▁sure ▁that ▁this ▁ability ▁was ▁implemented ▁first . ▁This ▁was ▁one ▁of ▁the ▁abilities ▁that ▁convinced ▁her ▁to ▁get ▁the ▁procedure , ▁strictly ▁because ▁it ▁would ▁assist ▁her ▁in ▁all ▁things ▁theft ▁and ▁combat . ▁This ▁ability , ▁Techno - In vis ,"
Mann,2114,"2 0 0 8 / 1 1 / generating - eta gs - for - static - content - 
 using - nginx ) 

 [ 2 ] ▁There ▁are ▁two ▁situations ▁in ▁which ▁it ▁is ▁not ▁( keep ▁in ▁mind ▁that ▁this ▁is ▁for 
 _ static _ ▁content , ▁dynamic ▁is ▁very ▁different ): ▁if ▁somebody ▁will fully ▁touches ▁a 
 file , ▁it ▁will ▁change ▁its ▁Last - Modified ▁but ▁not ▁its ▁checksum , ▁triggering ▁a ▁new 
 send ▁without ▁E Tag ▁but ▁not ▁with ▁it ; ▁and ▁E Tags ▁can ▁be ▁coherent ▁across ▁servers 
 ( even ▁in ▁CD Ns ), ▁the ▁chances ▁of ▁last - modified ▁being ▁exactly ▁the ▁same ▁on ▁all 
 your ▁servers ▁is ▁far ▁smaller . 

 On ▁the"
Mann,2114,"▁think ▁of ▁as ▁trees . 

 Apache ▁Spring , ▁the ▁year - round ▁water ▁source ▁that ▁was ▁the ▁cause ▁of ▁so ▁much ▁strife ▁in ▁the ▁mid - ▁to ▁late - 1 8 0 0 s . 

 Some ▁of ▁the ▁local ▁Son oran ▁Desert ▁vegetation . 

 And ▁here ▁is ▁our ▁goal , ▁the ▁ruins ▁of ▁Fort ▁Bowie ! ▁After ▁the ▁cool ▁shade ▁of ▁the ▁springs ▁area , ▁this ▁last ▁section ▁of ▁the ▁hike ▁up ▁was ▁a ▁difficult ▁one . ▁Thankfully ▁there ▁was ▁a ▁Visitor ’ s ▁Center ▁at ▁the ▁top ▁with ▁air ▁conditioning , ▁and ▁that ▁is ▁where ▁we ▁headed ▁and ▁rested ▁before ▁venturing ▁back ▁out ▁to ▁look ▁at ▁the ▁ruins . ▁Although ▁truthfully , ▁by ▁the ▁time ▁we ▁got ▁there , ▁we ▁had ▁really ▁ceased"
Mann,2114,"ur angers ' ▁weapons . ▁By ▁pressing ▁this ▁Ky utama ' s ▁top ▁button ▁before ▁spinning ▁its ▁ring - like ▁disc , ▁he ▁can ▁perform ▁the ▁▁ finish er . ▁This ▁Ky utama ▁was ▁created ▁when ▁Lucky ▁fought ▁alongside ▁his ▁ancestor , ▁Orion . 

 Special 
 These ▁unique ▁Ky utama ▁possess ▁exclusive ▁attributes . ▁Unlike ▁other ▁Ky uta mas , ▁they ▁are ▁inscribed ▁with ▁letters ▁instead ▁of ▁numbers . 
 ▁KR . ▁: ▁A ▁Kamen ▁Rider - based ▁Ky utama ▁that ▁summons ▁Kamen ▁Rider ▁Ex - Aid . ▁This ▁Ky utama ▁was ▁only ▁used ▁once , ▁as ▁it ▁vanished ▁after ▁Ex - Aid ▁finished ▁his ▁deed . 
 ▁SP . ▁: ▁A ▁Ky utama ▁whose ▁power ▁is ▁unknown , ▁but ▁is ▁placed ▁in ▁the ▁Kyu lette"
Mann,2114,". ▁🙂 

 I ▁find ▁it ▁ironic ▁and ▁sad ▁that ▁this ▁post – calling ▁for ▁tolerance ▁and ▁love – has ▁prompted ▁a ▁string ▁of ▁comments ▁so ▁critical ▁and ▁dis missive ▁of ▁Randy ▁Bott ▁and ▁those ▁who ▁share ▁his ▁view ▁on ▁this ▁topic . 

 Amelia , ▁it ▁sounds ▁like ▁you ▁and ▁j ( wh ) ▁are ▁working ▁this ▁through ▁and ▁are ▁in ▁a ▁good ▁place ▁to ▁build ▁the ▁type ▁of ▁family ▁you ▁envision . ▁Certainly ▁it ▁is ▁possible ▁to ▁build ▁a ▁loving , ▁successful ▁inter faith ▁family – I ▁know ▁many ▁such ▁families ! 

 On ▁the ▁other ▁hand , ▁an ▁inter faith ▁family ▁is ▁not ▁what ▁everyone ▁wants – I ▁know , ▁because ▁it ’ s ▁not ▁what ▁I ▁want . ▁For ▁me , ▁my ▁choice"
Mann,2114,"}{\ left \ vert ▁ 1 ▁- ▁\ bar ▁\ Theta (\ lambda _ M ) ▁\ Theta (\ lambda _ k )\ right \ vert ^ 2 } ▁( 1 ▁- ▁|\ Theta (\ lambda _ k )| ^ 2 ) ▁\ frac {( 1 ▁- ▁|\ lambda _ k |^ 2 )}{ 1 ▁- ▁|\ Theta (\ lambda _ k )| ^ 2 } ▁| k _{\ lambda _ M }^\ Theta (\ lambda _ k )| ^ 2 \\ 
 & ▁\ le ▁▁▁ \ frac { 1 ▁- ▁|\ Theta (\ lambda _ M )| ^ 2 }{\ left \ vert ▁ 1 ▁- ▁\ bar ▁\ Theta (\ lambda _ M ) ▁\ Theta (\ lambda _ k )\ right \ vert"
Mann,2114,"▁ 1 9 , ▁ 1 9 9 5 , ▁Sith on ▁commenced ▁its ▁ferry ▁boat ▁operations ▁in ▁Northern ▁Greece . ▁Within ▁days , ▁the ▁propulsion ▁systems ▁of ▁all ▁four ▁boats ▁began ▁to ▁experience ▁various ▁mechanical ▁problems ▁during ▁operation . ▁The ▁four ▁boats ▁could ▁reach ▁speeds ▁of ▁only ▁ 1 6 ▁knots ▁when ▁empty ▁and ▁approximately ▁ 1 2 ▁to ▁ 1 3 ▁knots ▁when ▁full . 
 On ▁June ▁ 1 , ▁Holiday ▁Mansion ▁advised ▁Mercury ▁that ▁the ▁Mercury ▁propulsion ▁systems ▁installed ▁on ▁Sith on ' s ▁boats ▁were ▁not ▁working ▁properly . ▁On ▁June ▁ 5 , ▁Jim ▁Pud dy ▁of ▁Mercury ' s ▁International ▁Service ▁Department ▁concluded ▁that ▁the ▁boats ▁required ▁a ▁ 2 ▁to ▁ 1 ▁gear ▁drive ▁ratio ▁and ▁that ▁the ▁Bravo"
Mann,2114,"▁heist ▁films 
 Category : 1 9 6 0 s ▁sequel ▁films 
 Category : 1 9 6 0 s ▁spy ▁thriller ▁films 
 Category : German ▁action ▁thriller ▁films 
 Category : German ▁sequel ▁films 
 Category : German ▁spy ▁thriller ▁films 
 Category : German ▁heist ▁films 
 Category : German - language ▁films 
 Category : Films ▁directed ▁by ▁Harald ▁Rein l 
 Category : Films ▁set ▁in ▁the ▁United ▁States 
 Category : Films ▁based ▁on ▁crime ▁novels 
 Category : Films ▁based ▁on ▁German ▁novels 
 Category : Constant in ▁Film ▁films 
 Category : Films ▁shot ▁at ▁Tempel hof ▁Studios <bos> T iran , ▁Iran 

 T iran ▁(, ▁also ▁Roman ized ▁as ▁T ī r ān ; ▁also ▁known ▁as"
Mann,2114,"According ▁to ▁further ▁aspects ▁of ▁the ▁invention , ▁the ▁capability ▁message ▁is ▁transmitted ▁to ▁the ▁remote ▁site ▁from ▁the ▁mobile ▁station , ▁via ▁an ▁interface ▁comprising , ▁for ▁example , ▁point ▁to ▁point ▁or ▁broadcast ▁mechanisms . ▁The ▁capability ▁request ▁message ▁and ▁the ▁capability ▁message ▁can ▁be ▁part ▁of ▁respective ▁ANSI - 1 3 6 ▁R - data ▁messages . 
 According ▁to ▁other ▁aspects ▁of ▁the ▁invention , ▁the ▁capability ▁message ▁is ▁stored ▁in ▁a ▁storage ▁device ▁that ▁can ▁be ▁accessed ▁by ▁the ▁remote ▁site , ▁and ▁receipt ▁of ▁the ▁capability ▁request ▁message ▁at ▁the ▁mobile ▁station ▁is ▁acknowledged . 
 The ▁foregoing ▁and ▁other ▁aspects ▁of ▁the ▁present ▁invention ▁will ▁become ▁apparent ▁from ▁the ▁following ▁detailed ▁description ▁of ▁the ▁invention ▁when ▁considered ▁in ▁conjunction ▁with"
Mann,2114,"1 - 3 8 8 7 7 ) ▁and ▁IP ▁project ▁SC ALA . ▁Figures ▁were ▁prepared ▁with ▁help ▁of ▁Q Circuit ▁package . 

 [ 0 ]{ } 

 M . ▁Hor ode cki , ▁P . ▁Hor ode cki , ▁and ▁R . ▁Hor ode cki , ▁Phys . ▁Lett . ▁A ▁[ ** 2 2 3 ** ]{ }, ▁ 1 ▁( 1 9 9 6 ). 

 A . ▁Peres , ▁Phys . ▁Rev . ▁Lett . ▁[ ** 7 7 ** ]{ }, ▁ 1 4 1 3 ▁( 1 9 9 6 ). 

 Al ber ▁G . ▁[* et ▁al . *] {}, ▁[* Quantum ▁Information : ▁An ▁Introduction ▁To ▁Basic ▁Theoretical ▁Concepts ▁And ▁Experiments , ▁Springer ▁Tra cts ▁in"
Mann,13699,"▁Honig glas ▁nicht ▁aus le cken ▁dürfen ▁dürfen . 

 S pri ch : ▁Es ▁wäre ▁besser ▁gewesen , ▁Autor itäts person ▁ 1 ▁hätte ▁es ▁Autor itäts person ▁ 2 ▁nicht ▁gest attet , ▁mir ▁zu ▁gest atten , ▁das ▁Honig glas ▁aus zule cken . 

 A : 

 Ohne ▁Parti zip ien ▁( also ▁nur ▁finite ▁und ▁infinite ▁Verb formen ) ▁können ▁Kon stru ktionen ▁mit ▁Ver ben ▁der ▁Wahrnehmung ▁( z B ▁sehen , ▁hören ) ▁manchmal ▁viele ▁au feinander fol genden ▁Infin itiv formen ▁enthalten . 
 Ein ▁Z itat ▁aus ▁"" Der ▁Prozess "" ▁von ▁Franz ▁Kafka : 

 Als ▁ich ▁mich ▁ein ▁Weil chen ▁wieder ▁so ▁ruhig ▁ver halten ▁hatte , ▁dass ▁man ▁die ▁F liegen ▁an ▁der ▁Wand ▁hätte"
Mann,13699,"▁Honig glas ▁nicht ▁aus le cken ▁dürfen ▁dürfen . 

 S pri ch : ▁Es ▁wäre ▁besser ▁gewesen , ▁Autor itäts person ▁ 1 ▁hätte ▁es ▁Autor itäts person ▁ 2 ▁nicht ▁gest attet , ▁mir ▁zu ▁gest atten , ▁das ▁Honig glas ▁aus zule cken . 

 A : 

 Ohne ▁Parti zip ien ▁( also ▁nur ▁finite ▁und ▁infinite ▁Verb formen ) ▁können ▁Kon stru ktionen ▁mit ▁Ver ben ▁der ▁Wahrnehmung ▁( z B ▁sehen , ▁hören ) ▁manchmal ▁viele ▁au feinander fol genden ▁Infin itiv formen ▁enthalten . 
 Ein ▁Z itat ▁aus ▁"" Der ▁Prozess "" ▁von ▁Franz ▁Kafka : 

 Als ▁ich ▁mich ▁ein ▁Weil chen ▁wieder ▁so ▁ruhig ▁ver halten ▁hatte , ▁dass ▁man ▁die ▁F liegen ▁an ▁der ▁Wand ▁hätte"
Mann,13699,"▁Honig glas ▁nicht ▁aus le cken ▁dürfen ▁dürfen . 

 S pri ch : ▁Es ▁wäre ▁besser ▁gewesen , ▁Autor itäts person ▁ 1 ▁hätte ▁es ▁Autor itäts person ▁ 2 ▁nicht ▁gest attet , ▁mir ▁zu ▁gest atten , ▁das ▁Honig glas ▁aus zule cken . 

 A : 

 Ohne ▁Parti zip ien ▁( also ▁nur ▁finite ▁und ▁infinite ▁Verb formen ) ▁können ▁Kon stru ktionen ▁mit ▁Ver ben ▁der ▁Wahrnehmung ▁( z B ▁sehen , ▁hören ) ▁manchmal ▁viele ▁au feinander fol genden ▁Infin itiv formen ▁enthalten . 
 Ein ▁Z itat ▁aus ▁"" Der ▁Prozess "" ▁von ▁Franz ▁Kafka : 

 Als ▁ich ▁mich ▁ein ▁Weil chen ▁wieder ▁so ▁ruhig ▁ver halten ▁hatte , ▁dass ▁man ▁die ▁F liegen ▁an ▁der ▁Wand ▁hätte"
Mann,13699,"▁Honig glas ▁nicht ▁aus le cken ▁dürfen ▁dürfen . 

 S pri ch : ▁Es ▁wäre ▁besser ▁gewesen , ▁Autor itäts person ▁ 1 ▁hätte ▁es ▁Autor itäts person ▁ 2 ▁nicht ▁gest attet , ▁mir ▁zu ▁gest atten , ▁das ▁Honig glas ▁aus zule cken . 

 A : 

 Ohne ▁Parti zip ien ▁( also ▁nur ▁finite ▁und ▁infinite ▁Verb formen ) ▁können ▁Kon stru ktionen ▁mit ▁Ver ben ▁der ▁Wahrnehmung ▁( z B ▁sehen , ▁hören ) ▁manchmal ▁viele ▁au feinander fol genden ▁Infin itiv formen ▁enthalten . 
 Ein ▁Z itat ▁aus ▁"" Der ▁Prozess "" ▁von ▁Franz ▁Kafka : 

 Als ▁ich ▁mich ▁ein ▁Weil chen ▁wieder ▁so ▁ruhig ▁ver halten ▁hatte , ▁dass ▁man ▁die ▁F liegen ▁an ▁der ▁Wand ▁hätte"
Mann,13699,"▁Honig glas ▁nicht ▁aus le cken ▁dürfen ▁dürfen . 

 S pri ch : ▁Es ▁wäre ▁besser ▁gewesen , ▁Autor itäts person ▁ 1 ▁hätte ▁es ▁Autor itäts person ▁ 2 ▁nicht ▁gest attet , ▁mir ▁zu ▁gest atten , ▁das ▁Honig glas ▁aus zule cken . 

 A : 

 Ohne ▁Parti zip ien ▁( also ▁nur ▁finite ▁und ▁infinite ▁Verb formen ) ▁können ▁Kon stru ktionen ▁mit ▁Ver ben ▁der ▁Wahrnehmung ▁( z B ▁sehen , ▁hören ) ▁manchmal ▁viele ▁au feinander fol genden ▁Infin itiv formen ▁enthalten . 
 Ein ▁Z itat ▁aus ▁"" Der ▁Prozess "" ▁von ▁Franz ▁Kafka : 

 Als ▁ich ▁mich ▁ein ▁Weil chen ▁wieder ▁so ▁ruhig ▁ver halten ▁hatte , ▁dass ▁man ▁die ▁F liegen ▁an ▁der ▁Wand ▁hätte"
Mann,13699,"▁Honig glas ▁nicht ▁aus le cken ▁dürfen ▁dürfen . 

 S pri ch : ▁Es ▁wäre ▁besser ▁gewesen , ▁Autor itäts person ▁ 1 ▁hätte ▁es ▁Autor itäts person ▁ 2 ▁nicht ▁gest attet , ▁mir ▁zu ▁gest atten , ▁das ▁Honig glas ▁aus zule cken . 

 A : 

 Ohne ▁Parti zip ien ▁( also ▁nur ▁finite ▁und ▁infinite ▁Verb formen ) ▁können ▁Kon stru ktionen ▁mit ▁Ver ben ▁der ▁Wahrnehmung ▁( z B ▁sehen , ▁hören ) ▁manchmal ▁viele ▁au feinander fol genden ▁Infin itiv formen ▁enthalten . 
 Ein ▁Z itat ▁aus ▁"" Der ▁Prozess "" ▁von ▁Franz ▁Kafka : 

 Als ▁ich ▁mich ▁ein ▁Weil chen ▁wieder ▁so ▁ruhig ▁ver halten ▁hatte , ▁dass ▁man ▁die ▁F liegen ▁an ▁der ▁Wand ▁hätte"
Mann,13699,"▁Honig glas ▁nicht ▁aus le cken ▁dürfen ▁dürfen . 

 S pri ch : ▁Es ▁wäre ▁besser ▁gewesen , ▁Autor itäts person ▁ 1 ▁hätte ▁es ▁Autor itäts person ▁ 2 ▁nicht ▁gest attet , ▁mir ▁zu ▁gest atten , ▁das ▁Honig glas ▁aus zule cken . 

 A : 

 Ohne ▁Parti zip ien ▁( also ▁nur ▁finite ▁und ▁infinite ▁Verb formen ) ▁können ▁Kon stru ktionen ▁mit ▁Ver ben ▁der ▁Wahrnehmung ▁( z B ▁sehen , ▁hören ) ▁manchmal ▁viele ▁au feinander fol genden ▁Infin itiv formen ▁enthalten . 
 Ein ▁Z itat ▁aus ▁"" Der ▁Prozess "" ▁von ▁Franz ▁Kafka : 

 Als ▁ich ▁mich ▁ein ▁Weil chen ▁wieder ▁so ▁ruhig ▁ver halten ▁hatte , ▁dass ▁man ▁die ▁F liegen ▁an ▁der ▁Wand ▁hätte"
Mann,13699,"▁Honig glas ▁nicht ▁aus le cken ▁dürfen ▁dürfen . 

 S pri ch : ▁Es ▁wäre ▁besser ▁gewesen , ▁Autor itäts person ▁ 1 ▁hätte ▁es ▁Autor itäts person ▁ 2 ▁nicht ▁gest attet , ▁mir ▁zu ▁gest atten , ▁das ▁Honig glas ▁aus zule cken . 

 A : 

 Ohne ▁Parti zip ien ▁( also ▁nur ▁finite ▁und ▁infinite ▁Verb formen ) ▁können ▁Kon stru ktionen ▁mit ▁Ver ben ▁der ▁Wahrnehmung ▁( z B ▁sehen , ▁hören ) ▁manchmal ▁viele ▁au feinander fol genden ▁Infin itiv formen ▁enthalten . 
 Ein ▁Z itat ▁aus ▁"" Der ▁Prozess "" ▁von ▁Franz ▁Kafka : 

 Als ▁ich ▁mich ▁ein ▁Weil chen ▁wieder ▁so ▁ruhig ▁ver halten ▁hatte , ▁dass ▁man ▁die ▁F liegen ▁an ▁der ▁Wand ▁hätte"
Mann,13699,"▁Honig glas ▁nicht ▁aus le cken ▁dürfen ▁dürfen . 

 S pri ch : ▁Es ▁wäre ▁besser ▁gewesen , ▁Autor itäts person ▁ 1 ▁hätte ▁es ▁Autor itäts person ▁ 2 ▁nicht ▁gest attet , ▁mir ▁zu ▁gest atten , ▁das ▁Honig glas ▁aus zule cken . 

 A : 

 Ohne ▁Parti zip ien ▁( also ▁nur ▁finite ▁und ▁infinite ▁Verb formen ) ▁können ▁Kon stru ktionen ▁mit ▁Ver ben ▁der ▁Wahrnehmung ▁( z B ▁sehen , ▁hören ) ▁manchmal ▁viele ▁au feinander fol genden ▁Infin itiv formen ▁enthalten . 
 Ein ▁Z itat ▁aus ▁"" Der ▁Prozess "" ▁von ▁Franz ▁Kafka : 

 Als ▁ich ▁mich ▁ein ▁Weil chen ▁wieder ▁so ▁ruhig ▁ver halten ▁hatte , ▁dass ▁man ▁die ▁F liegen ▁an ▁der ▁Wand ▁hätte"
Mann,13699,"▁mit ▁fünf ▁oder ▁mehr ▁au feinander fol genden ▁Ver ben ▁einge fallen . 

 A : 

 Man ▁kann ▁im ▁Grunde ▁alle ▁verfügb aren ▁Modal ver ben ▁ane inander rei hen , ▁auch ▁wenn ▁pro ▁hinzu gefü gten ▁Modal verb ▁es ▁immer ▁auf wendi ger ▁wird , ▁einen ▁Sitz ▁im ▁Leben ▁für ▁einen ▁solchen ▁Satz ▁zu ▁finden . ▁Aber ▁unmöglich ▁ist ▁es ▁nicht . 

 Ich ▁hätte ▁das ▁Honig glas ▁nicht ▁aus le cken ▁dürfen . 
 Ich ▁hätte ▁das ▁Honig glas ▁nicht ▁aus le cken ▁wollen ▁sollen . 
 [...] 
 Ich ▁hätte ▁das ▁Honig glas ▁nicht ▁aus le cken ▁wollen ▁sollen ▁können ▁dürfen ▁müssen ▁mögen . 

 Nun ▁kann ▁man ▁aber ▁auch ▁die ▁Modal ver ben ▁mehrfach ▁einsetzen : 

 Ich ▁▁ h ätte ▁das"
Mann,13699,"▁mit ▁fünf ▁oder ▁mehr ▁au feinander fol genden ▁Ver ben ▁einge fallen . 

 A : 

 Man ▁kann ▁im ▁Grunde ▁alle ▁verfügb aren ▁Modal ver ben ▁ane inander rei hen , ▁auch ▁wenn ▁pro ▁hinzu gefü gten ▁Modal verb ▁es ▁immer ▁auf wendi ger ▁wird , ▁einen ▁Sitz ▁im ▁Leben ▁für ▁einen ▁solchen ▁Satz ▁zu ▁finden . ▁Aber ▁unmöglich ▁ist ▁es ▁nicht . 

 Ich ▁hätte ▁das ▁Honig glas ▁nicht ▁aus le cken ▁dürfen . 
 Ich ▁hätte ▁das ▁Honig glas ▁nicht ▁aus le cken ▁wollen ▁sollen . 
 [...] 
 Ich ▁hätte ▁das ▁Honig glas ▁nicht ▁aus le cken ▁wollen ▁sollen ▁können ▁dürfen ▁müssen ▁mögen . 

 Nun ▁kann ▁man ▁aber ▁auch ▁die ▁Modal ver ben ▁mehrfach ▁einsetzen : 

 Ich ▁▁ h ätte ▁das"
Mann,13699,"▁mit ▁fünf ▁oder ▁mehr ▁au feinander fol genden ▁Ver ben ▁einge fallen . 

 A : 

 Man ▁kann ▁im ▁Grunde ▁alle ▁verfügb aren ▁Modal ver ben ▁ane inander rei hen , ▁auch ▁wenn ▁pro ▁hinzu gefü gten ▁Modal verb ▁es ▁immer ▁auf wendi ger ▁wird , ▁einen ▁Sitz ▁im ▁Leben ▁für ▁einen ▁solchen ▁Satz ▁zu ▁finden . ▁Aber ▁unmöglich ▁ist ▁es ▁nicht . 

 Ich ▁hätte ▁das ▁Honig glas ▁nicht ▁aus le cken ▁dürfen . 
 Ich ▁hätte ▁das ▁Honig glas ▁nicht ▁aus le cken ▁wollen ▁sollen . 
 [...] 
 Ich ▁hätte ▁das ▁Honig glas ▁nicht ▁aus le cken ▁wollen ▁sollen ▁können ▁dürfen ▁müssen ▁mögen . 

 Nun ▁kann ▁man ▁aber ▁auch ▁die ▁Modal ver ben ▁mehrfach ▁einsetzen : 

 Ich ▁▁ h ätte ▁das"
Mann,13699,"▁mit ▁fünf ▁oder ▁mehr ▁au feinander fol genden ▁Ver ben ▁einge fallen . 

 A : 

 Man ▁kann ▁im ▁Grunde ▁alle ▁verfügb aren ▁Modal ver ben ▁ane inander rei hen , ▁auch ▁wenn ▁pro ▁hinzu gefü gten ▁Modal verb ▁es ▁immer ▁auf wendi ger ▁wird , ▁einen ▁Sitz ▁im ▁Leben ▁für ▁einen ▁solchen ▁Satz ▁zu ▁finden . ▁Aber ▁unmöglich ▁ist ▁es ▁nicht . 

 Ich ▁hätte ▁das ▁Honig glas ▁nicht ▁aus le cken ▁dürfen . 
 Ich ▁hätte ▁das ▁Honig glas ▁nicht ▁aus le cken ▁wollen ▁sollen . 
 [...] 
 Ich ▁hätte ▁das ▁Honig glas ▁nicht ▁aus le cken ▁wollen ▁sollen ▁können ▁dürfen ▁müssen ▁mögen . 

 Nun ▁kann ▁man ▁aber ▁auch ▁die ▁Modal ver ben ▁mehrfach ▁einsetzen : 

 Ich ▁▁ h ätte ▁das"
Mann,13699,"▁mit ▁fünf ▁oder ▁mehr ▁au feinander fol genden ▁Ver ben ▁einge fallen . 

 A : 

 Man ▁kann ▁im ▁Grunde ▁alle ▁verfügb aren ▁Modal ver ben ▁ane inander rei hen , ▁auch ▁wenn ▁pro ▁hinzu gefü gten ▁Modal verb ▁es ▁immer ▁auf wendi ger ▁wird , ▁einen ▁Sitz ▁im ▁Leben ▁für ▁einen ▁solchen ▁Satz ▁zu ▁finden . ▁Aber ▁unmöglich ▁ist ▁es ▁nicht . 

 Ich ▁hätte ▁das ▁Honig glas ▁nicht ▁aus le cken ▁dürfen . 
 Ich ▁hätte ▁das ▁Honig glas ▁nicht ▁aus le cken ▁wollen ▁sollen . 
 [...] 
 Ich ▁hätte ▁das ▁Honig glas ▁nicht ▁aus le cken ▁wollen ▁sollen ▁können ▁dürfen ▁müssen ▁mögen . 

 Nun ▁kann ▁man ▁aber ▁auch ▁die ▁Modal ver ben ▁mehrfach ▁einsetzen : 

 Ich ▁▁ h ätte ▁das"
Mann,13699,"▁mit ▁fünf ▁oder ▁mehr ▁au feinander fol genden ▁Ver ben ▁einge fallen . 

 A : 

 Man ▁kann ▁im ▁Grunde ▁alle ▁verfügb aren ▁Modal ver ben ▁ane inander rei hen , ▁auch ▁wenn ▁pro ▁hinzu gefü gten ▁Modal verb ▁es ▁immer ▁auf wendi ger ▁wird , ▁einen ▁Sitz ▁im ▁Leben ▁für ▁einen ▁solchen ▁Satz ▁zu ▁finden . ▁Aber ▁unmöglich ▁ist ▁es ▁nicht . 

 Ich ▁hätte ▁das ▁Honig glas ▁nicht ▁aus le cken ▁dürfen . 
 Ich ▁hätte ▁das ▁Honig glas ▁nicht ▁aus le cken ▁wollen ▁sollen . 
 [...] 
 Ich ▁hätte ▁das ▁Honig glas ▁nicht ▁aus le cken ▁wollen ▁sollen ▁können ▁dürfen ▁müssen ▁mögen . 

 Nun ▁kann ▁man ▁aber ▁auch ▁die ▁Modal ver ben ▁mehrfach ▁einsetzen : 

 Ich ▁▁ h ätte ▁das"
Mann,13699,"▁mit ▁fünf ▁oder ▁mehr ▁au feinander fol genden ▁Ver ben ▁einge fallen . 

 A : 

 Man ▁kann ▁im ▁Grunde ▁alle ▁verfügb aren ▁Modal ver ben ▁ane inander rei hen , ▁auch ▁wenn ▁pro ▁hinzu gefü gten ▁Modal verb ▁es ▁immer ▁auf wendi ger ▁wird , ▁einen ▁Sitz ▁im ▁Leben ▁für ▁einen ▁solchen ▁Satz ▁zu ▁finden . ▁Aber ▁unmöglich ▁ist ▁es ▁nicht . 

 Ich ▁hätte ▁das ▁Honig glas ▁nicht ▁aus le cken ▁dürfen . 
 Ich ▁hätte ▁das ▁Honig glas ▁nicht ▁aus le cken ▁wollen ▁sollen . 
 [...] 
 Ich ▁hätte ▁das ▁Honig glas ▁nicht ▁aus le cken ▁wollen ▁sollen ▁können ▁dürfen ▁müssen ▁mögen . 

 Nun ▁kann ▁man ▁aber ▁auch ▁die ▁Modal ver ben ▁mehrfach ▁einsetzen : 

 Ich ▁▁ h ätte ▁das"
Mann,13699,"reibe ▁einen ▁Brief ▁( 1 ) 
 Ich ▁habe ▁einen ▁Brief ▁schreiben ▁müssen ▁( 2 ) 
 Der ▁Brief ▁muss ▁geschrieben ▁werden ▁( 3 ) 
 Der ▁Brief ▁hätte ▁geschrieben ▁werden ▁müssen ▁( 4 ) 

 Ein ▁Bek an nter ▁meinte , ▁dass ▁es ▁nicht ▁möglich ▁sei , ▁einen ▁kor rek ten ▁Satz ▁mit ▁mehr ▁als ▁vier ▁au feinander fol genden ▁Ver ben ▁zu ▁form ulieren , ▁aber ▁nach ▁einiger ▁Zeit ▁ist ▁mir ▁ein ▁Satz ▁mit ▁fünf ▁einge fallen : 

 Er ▁war ▁nicht ▁so ▁bl öd , ▁wie ▁man ▁hätte ▁gene igt ▁sein ▁können ▁anzunehmen . 

 Ist ▁das ▁auch ▁mit ▁mehr ▁als ▁fünf ▁Ver ben ▁möglich ? 
 Ich ▁habe ▁jetzt ▁eine ▁We ile ▁darüber ▁nach ged acht , ▁aber ▁mir ▁ist ▁kein ▁anderer ▁Satz"
Mann,13699,"reibe ▁einen ▁Brief ▁( 1 ) 
 Ich ▁habe ▁einen ▁Brief ▁schreiben ▁müssen ▁( 2 ) 
 Der ▁Brief ▁muss ▁geschrieben ▁werden ▁( 3 ) 
 Der ▁Brief ▁hätte ▁geschrieben ▁werden ▁müssen ▁( 4 ) 

 Ein ▁Bek an nter ▁meinte , ▁dass ▁es ▁nicht ▁möglich ▁sei , ▁einen ▁kor rek ten ▁Satz ▁mit ▁mehr ▁als ▁vier ▁au feinander fol genden ▁Ver ben ▁zu ▁form ulieren , ▁aber ▁nach ▁einiger ▁Zeit ▁ist ▁mir ▁ein ▁Satz ▁mit ▁fünf ▁einge fallen : 

 Er ▁war ▁nicht ▁so ▁bl öd , ▁wie ▁man ▁hätte ▁gene igt ▁sein ▁können ▁anzunehmen . 

 Ist ▁das ▁auch ▁mit ▁mehr ▁als ▁fünf ▁Ver ben ▁möglich ? 
 Ich ▁habe ▁jetzt ▁eine ▁We ile ▁darüber ▁nach ged acht , ▁aber ▁mir ▁ist ▁kein ▁anderer ▁Satz"
Mann,13699,"reibe ▁einen ▁Brief ▁( 1 ) 
 Ich ▁habe ▁einen ▁Brief ▁schreiben ▁müssen ▁( 2 ) 
 Der ▁Brief ▁muss ▁geschrieben ▁werden ▁( 3 ) 
 Der ▁Brief ▁hätte ▁geschrieben ▁werden ▁müssen ▁( 4 ) 

 Ein ▁Bek an nter ▁meinte , ▁dass ▁es ▁nicht ▁möglich ▁sei , ▁einen ▁kor rek ten ▁Satz ▁mit ▁mehr ▁als ▁vier ▁au feinander fol genden ▁Ver ben ▁zu ▁form ulieren , ▁aber ▁nach ▁einiger ▁Zeit ▁ist ▁mir ▁ein ▁Satz ▁mit ▁fünf ▁einge fallen : 

 Er ▁war ▁nicht ▁so ▁bl öd , ▁wie ▁man ▁hätte ▁gene igt ▁sein ▁können ▁anzunehmen . 

 Ist ▁das ▁auch ▁mit ▁mehr ▁als ▁fünf ▁Ver ben ▁möglich ? 
 Ich ▁habe ▁jetzt ▁eine ▁We ile ▁darüber ▁nach ged acht , ▁aber ▁mir ▁ist ▁kein ▁anderer ▁Satz"
Mann,13699,"reibe ▁einen ▁Brief ▁( 1 ) 
 Ich ▁habe ▁einen ▁Brief ▁schreiben ▁müssen ▁( 2 ) 
 Der ▁Brief ▁muss ▁geschrieben ▁werden ▁( 3 ) 
 Der ▁Brief ▁hätte ▁geschrieben ▁werden ▁müssen ▁( 4 ) 

 Ein ▁Bek an nter ▁meinte , ▁dass ▁es ▁nicht ▁möglich ▁sei , ▁einen ▁kor rek ten ▁Satz ▁mit ▁mehr ▁als ▁vier ▁au feinander fol genden ▁Ver ben ▁zu ▁form ulieren , ▁aber ▁nach ▁einiger ▁Zeit ▁ist ▁mir ▁ein ▁Satz ▁mit ▁fünf ▁einge fallen : 

 Er ▁war ▁nicht ▁so ▁bl öd , ▁wie ▁man ▁hätte ▁gene igt ▁sein ▁können ▁anzunehmen . 

 Ist ▁das ▁auch ▁mit ▁mehr ▁als ▁fünf ▁Ver ben ▁möglich ? 
 Ich ▁habe ▁jetzt ▁eine ▁We ile ▁darüber ▁nach ged acht , ▁aber ▁mir ▁ist ▁kein ▁anderer ▁Satz"
Mann,13699,"reibe ▁einen ▁Brief ▁( 1 ) 
 Ich ▁habe ▁einen ▁Brief ▁schreiben ▁müssen ▁( 2 ) 
 Der ▁Brief ▁muss ▁geschrieben ▁werden ▁( 3 ) 
 Der ▁Brief ▁hätte ▁geschrieben ▁werden ▁müssen ▁( 4 ) 

 Ein ▁Bek an nter ▁meinte , ▁dass ▁es ▁nicht ▁möglich ▁sei , ▁einen ▁kor rek ten ▁Satz ▁mit ▁mehr ▁als ▁vier ▁au feinander fol genden ▁Ver ben ▁zu ▁form ulieren , ▁aber ▁nach ▁einiger ▁Zeit ▁ist ▁mir ▁ein ▁Satz ▁mit ▁fünf ▁einge fallen : 

 Er ▁war ▁nicht ▁so ▁bl öd , ▁wie ▁man ▁hätte ▁gene igt ▁sein ▁können ▁anzunehmen . 

 Ist ▁das ▁auch ▁mit ▁mehr ▁als ▁fünf ▁Ver ben ▁möglich ? 
 Ich ▁habe ▁jetzt ▁eine ▁We ile ▁darüber ▁nach ged acht , ▁aber ▁mir ▁ist ▁kein ▁anderer ▁Satz"
Mann,13699,"reibe ▁einen ▁Brief ▁( 1 ) 
 Ich ▁habe ▁einen ▁Brief ▁schreiben ▁müssen ▁( 2 ) 
 Der ▁Brief ▁muss ▁geschrieben ▁werden ▁( 3 ) 
 Der ▁Brief ▁hätte ▁geschrieben ▁werden ▁müssen ▁( 4 ) 

 Ein ▁Bek an nter ▁meinte , ▁dass ▁es ▁nicht ▁möglich ▁sei , ▁einen ▁kor rek ten ▁Satz ▁mit ▁mehr ▁als ▁vier ▁au feinander fol genden ▁Ver ben ▁zu ▁form ulieren , ▁aber ▁nach ▁einiger ▁Zeit ▁ist ▁mir ▁ein ▁Satz ▁mit ▁fünf ▁einge fallen : 

 Er ▁war ▁nicht ▁so ▁bl öd , ▁wie ▁man ▁hätte ▁gene igt ▁sein ▁können ▁anzunehmen . 

 Ist ▁das ▁auch ▁mit ▁mehr ▁als ▁fünf ▁Ver ben ▁möglich ? 
 Ich ▁habe ▁jetzt ▁eine ▁We ile ▁darüber ▁nach ged acht , ▁aber ▁mir ▁ist ▁kein ▁anderer ▁Satz"
Mann,13699,"reibe ▁einen ▁Brief ▁( 1 ) 
 Ich ▁habe ▁einen ▁Brief ▁schreiben ▁müssen ▁( 2 ) 
 Der ▁Brief ▁muss ▁geschrieben ▁werden ▁( 3 ) 
 Der ▁Brief ▁hätte ▁geschrieben ▁werden ▁müssen ▁( 4 ) 

 Ein ▁Bek an nter ▁meinte , ▁dass ▁es ▁nicht ▁möglich ▁sei , ▁einen ▁kor rek ten ▁Satz ▁mit ▁mehr ▁als ▁vier ▁au feinander fol genden ▁Ver ben ▁zu ▁form ulieren , ▁aber ▁nach ▁einiger ▁Zeit ▁ist ▁mir ▁ein ▁Satz ▁mit ▁fünf ▁einge fallen : 

 Er ▁war ▁nicht ▁so ▁bl öd , ▁wie ▁man ▁hätte ▁gene igt ▁sein ▁können ▁anzunehmen . 

 Ist ▁das ▁auch ▁mit ▁mehr ▁als ▁fünf ▁Ver ben ▁möglich ? 
 Ich ▁habe ▁jetzt ▁eine ▁We ile ▁darüber ▁nach ged acht , ▁aber ▁mir ▁ist ▁kein ▁anderer ▁Satz"
Mann,13699,"reibe ▁einen ▁Brief ▁( 1 ) 
 Ich ▁habe ▁einen ▁Brief ▁schreiben ▁müssen ▁( 2 ) 
 Der ▁Brief ▁muss ▁geschrieben ▁werden ▁( 3 ) 
 Der ▁Brief ▁hätte ▁geschrieben ▁werden ▁müssen ▁( 4 ) 

 Ein ▁Bek an nter ▁meinte , ▁dass ▁es ▁nicht ▁möglich ▁sei , ▁einen ▁kor rek ten ▁Satz ▁mit ▁mehr ▁als ▁vier ▁au feinander fol genden ▁Ver ben ▁zu ▁form ulieren , ▁aber ▁nach ▁einiger ▁Zeit ▁ist ▁mir ▁ein ▁Satz ▁mit ▁fünf ▁einge fallen : 

 Er ▁war ▁nicht ▁so ▁bl öd , ▁wie ▁man ▁hätte ▁gene igt ▁sein ▁können ▁anzunehmen . 

 Ist ▁das ▁auch ▁mit ▁mehr ▁als ▁fünf ▁Ver ben ▁möglich ? 
 Ich ▁habe ▁jetzt ▁eine ▁We ile ▁darüber ▁nach ged acht , ▁aber ▁mir ▁ist ▁kein ▁anderer ▁Satz"
Mann,13699,"reibe ▁einen ▁Brief ▁( 1 ) 
 Ich ▁habe ▁einen ▁Brief ▁schreiben ▁müssen ▁( 2 ) 
 Der ▁Brief ▁muss ▁geschrieben ▁werden ▁( 3 ) 
 Der ▁Brief ▁hätte ▁geschrieben ▁werden ▁müssen ▁( 4 ) 

 Ein ▁Bek an nter ▁meinte , ▁dass ▁es ▁nicht ▁möglich ▁sei , ▁einen ▁kor rek ten ▁Satz ▁mit ▁mehr ▁als ▁vier ▁au feinander fol genden ▁Ver ben ▁zu ▁form ulieren , ▁aber ▁nach ▁einiger ▁Zeit ▁ist ▁mir ▁ein ▁Satz ▁mit ▁fünf ▁einge fallen : 

 Er ▁war ▁nicht ▁so ▁bl öd , ▁wie ▁man ▁hätte ▁gene igt ▁sein ▁können ▁anzunehmen . 

 Ist ▁das ▁auch ▁mit ▁mehr ▁als ▁fünf ▁Ver ben ▁möglich ? 
 Ich ▁habe ▁jetzt ▁eine ▁We ile ▁darüber ▁nach ged acht , ▁aber ▁mir ▁ist ▁kein ▁anderer ▁Satz"
Mann,13699,"reibe ▁einen ▁Brief ▁( 1 ) 
 Ich ▁habe ▁einen ▁Brief ▁schreiben ▁müssen ▁( 2 ) 
 Der ▁Brief ▁muss ▁geschrieben ▁werden ▁( 3 ) 
 Der ▁Brief ▁hätte ▁geschrieben ▁werden ▁müssen ▁( 4 ) 

 Ein ▁Bek an nter ▁meinte , ▁dass ▁es ▁nicht ▁möglich ▁sei , ▁einen ▁kor rek ten ▁Satz ▁mit ▁mehr ▁als ▁vier ▁au feinander fol genden ▁Ver ben ▁zu ▁form ulieren , ▁aber ▁nach ▁einiger ▁Zeit ▁ist ▁mir ▁ein ▁Satz ▁mit ▁fünf ▁einge fallen : 

 Er ▁war ▁nicht ▁so ▁bl öd , ▁wie ▁man ▁hätte ▁gene igt ▁sein ▁können ▁anzunehmen . 

 Ist ▁das ▁auch ▁mit ▁mehr ▁als ▁fünf ▁Ver ben ▁möglich ? 
 Ich ▁habe ▁jetzt ▁eine ▁We ile ▁darüber ▁nach ged acht , ▁aber ▁mir ▁ist ▁kein ▁anderer ▁Satz"
Mann,13699,"reibe ▁einen ▁Brief ▁( 1 ) 
 Ich ▁habe ▁einen ▁Brief ▁schreiben ▁müssen ▁( 2 ) 
 Der ▁Brief ▁muss ▁geschrieben ▁werden ▁( 3 ) 
 Der ▁Brief ▁hätte ▁geschrieben ▁werden ▁müssen ▁( 4 ) 

 Ein ▁Bek an nter ▁meinte , ▁dass ▁es ▁nicht ▁möglich ▁sei , ▁einen ▁kor rek ten ▁Satz ▁mit ▁mehr ▁als ▁vier ▁au feinander fol genden ▁Ver ben ▁zu ▁form ulieren , ▁aber ▁nach ▁einiger ▁Zeit ▁ist ▁mir ▁ein ▁Satz ▁mit ▁fünf ▁einge fallen : 

 Er ▁war ▁nicht ▁so ▁bl öd , ▁wie ▁man ▁hätte ▁gene igt ▁sein ▁können ▁anzunehmen . 

 Ist ▁das ▁auch ▁mit ▁mehr ▁als ▁fünf ▁Ver ben ▁möglich ? 
 Ich ▁habe ▁jetzt ▁eine ▁We ile ▁darüber ▁nach ged acht , ▁aber ▁mir ▁ist ▁kein ▁anderer ▁Satz"
Mann,13699,"reibe ▁einen ▁Brief ▁( 1 ) 
 Ich ▁habe ▁einen ▁Brief ▁schreiben ▁müssen ▁( 2 ) 
 Der ▁Brief ▁muss ▁geschrieben ▁werden ▁( 3 ) 
 Der ▁Brief ▁hätte ▁geschrieben ▁werden ▁müssen ▁( 4 ) 

 Ein ▁Bek an nter ▁meinte , ▁dass ▁es ▁nicht ▁möglich ▁sei , ▁einen ▁kor rek ten ▁Satz ▁mit ▁mehr ▁als ▁vier ▁au feinander fol genden ▁Ver ben ▁zu ▁form ulieren , ▁aber ▁nach ▁einiger ▁Zeit ▁ist ▁mir ▁ein ▁Satz ▁mit ▁fünf ▁einge fallen : 

 Er ▁war ▁nicht ▁so ▁bl öd , ▁wie ▁man ▁hätte ▁gene igt ▁sein ▁können ▁anzunehmen . 

 Ist ▁das ▁auch ▁mit ▁mehr ▁als ▁fünf ▁Ver ben ▁möglich ? 
 Ich ▁habe ▁jetzt ▁eine ▁We ile ▁darüber ▁nach ged acht , ▁aber ▁mir ▁ist ▁kein ▁anderer ▁Satz"
Mann,13699,"▁können ▁gehen ▁hören , ▁ver nahm ▁ich , ▁dass ... 

 Ich ▁bin ▁aber ▁eher ▁der ▁Meinung , ▁dass ▁die ▁Reihenfolge ▁in ▁diesem ▁Fall ▁eher ▁un idio matisch ▁ist . ▁H ätte ▁gehen ▁hören ▁können ▁f ände ▁ich ▁besser . ▁Man ▁kann ▁sich ▁auch ▁locker ▁eine ▁real istische ▁Situation ▁vorstellen , ▁wo ▁noch ▁ein ▁Modal verb ▁dazu ▁kommt , ▁ohne ▁dass ▁es ▁zu ▁sch rä g ▁klingt , ▁und ▁noch ▁verständ lich ▁wäre , ▁b sp w .: 

 Es ▁war ▁im ▁Raum ▁so ▁le ise , ▁dass ▁man ▁ihn ▁eigentlich ▁hätte ▁at men ▁hören ▁können ▁sollen . 

 A : 

 Man ▁kann ▁deinen ▁Beispiel s atz ▁einfach ▁erweit ern : 

 Er ▁war ▁nicht ▁so ▁bl öd , ▁wie ▁man ▁hätte ▁gene igt ▁gewesen ▁sein"
Mann,13699,"▁können ▁gehen ▁hören , ▁ver nahm ▁ich , ▁dass ... 

 Ich ▁bin ▁aber ▁eher ▁der ▁Meinung , ▁dass ▁die ▁Reihenfolge ▁in ▁diesem ▁Fall ▁eher ▁un idio matisch ▁ist . ▁H ätte ▁gehen ▁hören ▁können ▁f ände ▁ich ▁besser . ▁Man ▁kann ▁sich ▁auch ▁locker ▁eine ▁real istische ▁Situation ▁vorstellen , ▁wo ▁noch ▁ein ▁Modal verb ▁dazu ▁kommt , ▁ohne ▁dass ▁es ▁zu ▁sch rä g ▁klingt , ▁und ▁noch ▁verständ lich ▁wäre , ▁b sp w .: 

 Es ▁war ▁im ▁Raum ▁so ▁le ise , ▁dass ▁man ▁ihn ▁eigentlich ▁hätte ▁at men ▁hören ▁können ▁sollen . 

 A : 

 Man ▁kann ▁deinen ▁Beispiel s atz ▁einfach ▁erweit ern : 

 Er ▁war ▁nicht ▁so ▁bl öd , ▁wie ▁man ▁hätte ▁gene igt ▁gewesen ▁sein"
Mann,13699,"▁können ▁gehen ▁hören , ▁ver nahm ▁ich , ▁dass ... 

 Ich ▁bin ▁aber ▁eher ▁der ▁Meinung , ▁dass ▁die ▁Reihenfolge ▁in ▁diesem ▁Fall ▁eher ▁un idio matisch ▁ist . ▁H ätte ▁gehen ▁hören ▁können ▁f ände ▁ich ▁besser . ▁Man ▁kann ▁sich ▁auch ▁locker ▁eine ▁real istische ▁Situation ▁vorstellen , ▁wo ▁noch ▁ein ▁Modal verb ▁dazu ▁kommt , ▁ohne ▁dass ▁es ▁zu ▁sch rä g ▁klingt , ▁und ▁noch ▁verständ lich ▁wäre , ▁b sp w .: 

 Es ▁war ▁im ▁Raum ▁so ▁le ise , ▁dass ▁man ▁ihn ▁eigentlich ▁hätte ▁at men ▁hören ▁können ▁sollen . 

 A : 

 Man ▁kann ▁deinen ▁Beispiel s atz ▁einfach ▁erweit ern : 

 Er ▁war ▁nicht ▁so ▁bl öd , ▁wie ▁man ▁hätte ▁gene igt ▁gewesen ▁sein"
Mann,13699,"▁können ▁gehen ▁hören , ▁ver nahm ▁ich , ▁dass ... 

 Ich ▁bin ▁aber ▁eher ▁der ▁Meinung , ▁dass ▁die ▁Reihenfolge ▁in ▁diesem ▁Fall ▁eher ▁un idio matisch ▁ist . ▁H ätte ▁gehen ▁hören ▁können ▁f ände ▁ich ▁besser . ▁Man ▁kann ▁sich ▁auch ▁locker ▁eine ▁real istische ▁Situation ▁vorstellen , ▁wo ▁noch ▁ein ▁Modal verb ▁dazu ▁kommt , ▁ohne ▁dass ▁es ▁zu ▁sch rä g ▁klingt , ▁und ▁noch ▁verständ lich ▁wäre , ▁b sp w .: 

 Es ▁war ▁im ▁Raum ▁so ▁le ise , ▁dass ▁man ▁ihn ▁eigentlich ▁hätte ▁at men ▁hören ▁können ▁sollen . 

 A : 

 Man ▁kann ▁deinen ▁Beispiel s atz ▁einfach ▁erweit ern : 

 Er ▁war ▁nicht ▁so ▁bl öd , ▁wie ▁man ▁hätte ▁gene igt ▁gewesen ▁sein"
Mann,13699,"▁können ▁gehen ▁hören , ▁ver nahm ▁ich , ▁dass ... 

 Ich ▁bin ▁aber ▁eher ▁der ▁Meinung , ▁dass ▁die ▁Reihenfolge ▁in ▁diesem ▁Fall ▁eher ▁un idio matisch ▁ist . ▁H ätte ▁gehen ▁hören ▁können ▁f ände ▁ich ▁besser . ▁Man ▁kann ▁sich ▁auch ▁locker ▁eine ▁real istische ▁Situation ▁vorstellen , ▁wo ▁noch ▁ein ▁Modal verb ▁dazu ▁kommt , ▁ohne ▁dass ▁es ▁zu ▁sch rä g ▁klingt , ▁und ▁noch ▁verständ lich ▁wäre , ▁b sp w .: 

 Es ▁war ▁im ▁Raum ▁so ▁le ise , ▁dass ▁man ▁ihn ▁eigentlich ▁hätte ▁at men ▁hören ▁können ▁sollen . 

 A : 

 Man ▁kann ▁deinen ▁Beispiel s atz ▁einfach ▁erweit ern : 

 Er ▁war ▁nicht ▁so ▁bl öd , ▁wie ▁man ▁hätte ▁gene igt ▁gewesen ▁sein"
Mann,13699,"▁können ▁gehen ▁hören , ▁ver nahm ▁ich , ▁dass ... 

 Ich ▁bin ▁aber ▁eher ▁der ▁Meinung , ▁dass ▁die ▁Reihenfolge ▁in ▁diesem ▁Fall ▁eher ▁un idio matisch ▁ist . ▁H ätte ▁gehen ▁hören ▁können ▁f ände ▁ich ▁besser . ▁Man ▁kann ▁sich ▁auch ▁locker ▁eine ▁real istische ▁Situation ▁vorstellen , ▁wo ▁noch ▁ein ▁Modal verb ▁dazu ▁kommt , ▁ohne ▁dass ▁es ▁zu ▁sch rä g ▁klingt , ▁und ▁noch ▁verständ lich ▁wäre , ▁b sp w .: 

 Es ▁war ▁im ▁Raum ▁so ▁le ise , ▁dass ▁man ▁ihn ▁eigentlich ▁hätte ▁at men ▁hören ▁können ▁sollen . 

 A : 

 Man ▁kann ▁deinen ▁Beispiel s atz ▁einfach ▁erweit ern : 

 Er ▁war ▁nicht ▁so ▁bl öd , ▁wie ▁man ▁hätte ▁gene igt ▁gewesen ▁sein"
Mann,13699,"▁können ▁gehen ▁hören , ▁ver nahm ▁ich , ▁dass ... 

 Ich ▁bin ▁aber ▁eher ▁der ▁Meinung , ▁dass ▁die ▁Reihenfolge ▁in ▁diesem ▁Fall ▁eher ▁un idio matisch ▁ist . ▁H ätte ▁gehen ▁hören ▁können ▁f ände ▁ich ▁besser . ▁Man ▁kann ▁sich ▁auch ▁locker ▁eine ▁real istische ▁Situation ▁vorstellen , ▁wo ▁noch ▁ein ▁Modal verb ▁dazu ▁kommt , ▁ohne ▁dass ▁es ▁zu ▁sch rä g ▁klingt , ▁und ▁noch ▁verständ lich ▁wäre , ▁b sp w .: 

 Es ▁war ▁im ▁Raum ▁so ▁le ise , ▁dass ▁man ▁ihn ▁eigentlich ▁hätte ▁at men ▁hören ▁können ▁sollen . 

 A : 

 Man ▁kann ▁deinen ▁Beispiel s atz ▁einfach ▁erweit ern : 

 Er ▁war ▁nicht ▁so ▁bl öd , ▁wie ▁man ▁hätte ▁gene igt ▁gewesen ▁sein"
Mann,13699,"▁können ▁gehen ▁hören , ▁ver nahm ▁ich , ▁dass ... 

 Ich ▁bin ▁aber ▁eher ▁der ▁Meinung , ▁dass ▁die ▁Reihenfolge ▁in ▁diesem ▁Fall ▁eher ▁un idio matisch ▁ist . ▁H ätte ▁gehen ▁hören ▁können ▁f ände ▁ich ▁besser . ▁Man ▁kann ▁sich ▁auch ▁locker ▁eine ▁real istische ▁Situation ▁vorstellen , ▁wo ▁noch ▁ein ▁Modal verb ▁dazu ▁kommt , ▁ohne ▁dass ▁es ▁zu ▁sch rä g ▁klingt , ▁und ▁noch ▁verständ lich ▁wäre , ▁b sp w .: 

 Es ▁war ▁im ▁Raum ▁so ▁le ise , ▁dass ▁man ▁ihn ▁eigentlich ▁hätte ▁at men ▁hören ▁können ▁sollen . 

 A : 

 Man ▁kann ▁deinen ▁Beispiel s atz ▁einfach ▁erweit ern : 

 Er ▁war ▁nicht ▁so ▁bl öd , ▁wie ▁man ▁hätte ▁gene igt ▁gewesen ▁sein"
Mann,13699,"▁können ▁gehen ▁hören , ▁ver nahm ▁ich , ▁dass ... 

 Ich ▁bin ▁aber ▁eher ▁der ▁Meinung , ▁dass ▁die ▁Reihenfolge ▁in ▁diesem ▁Fall ▁eher ▁un idio matisch ▁ist . ▁H ätte ▁gehen ▁hören ▁können ▁f ände ▁ich ▁besser . ▁Man ▁kann ▁sich ▁auch ▁locker ▁eine ▁real istische ▁Situation ▁vorstellen , ▁wo ▁noch ▁ein ▁Modal verb ▁dazu ▁kommt , ▁ohne ▁dass ▁es ▁zu ▁sch rä g ▁klingt , ▁und ▁noch ▁verständ lich ▁wäre , ▁b sp w .: 

 Es ▁war ▁im ▁Raum ▁so ▁le ise , ▁dass ▁man ▁ihn ▁eigentlich ▁hätte ▁at men ▁hören ▁können ▁sollen . 

 A : 

 Man ▁kann ▁deinen ▁Beispiel s atz ▁einfach ▁erweit ern : 

 Er ▁war ▁nicht ▁so ▁bl öd , ▁wie ▁man ▁hätte ▁gene igt ▁gewesen ▁sein"
Mann,13699,"▁können ▁gehen ▁hören , ▁ver nahm ▁ich , ▁dass ... 

 Ich ▁bin ▁aber ▁eher ▁der ▁Meinung , ▁dass ▁die ▁Reihenfolge ▁in ▁diesem ▁Fall ▁eher ▁un idio matisch ▁ist . ▁H ätte ▁gehen ▁hören ▁können ▁f ände ▁ich ▁besser . ▁Man ▁kann ▁sich ▁auch ▁locker ▁eine ▁real istische ▁Situation ▁vorstellen , ▁wo ▁noch ▁ein ▁Modal verb ▁dazu ▁kommt , ▁ohne ▁dass ▁es ▁zu ▁sch rä g ▁klingt , ▁und ▁noch ▁verständ lich ▁wäre , ▁b sp w .: 

 Es ▁war ▁im ▁Raum ▁so ▁le ise , ▁dass ▁man ▁ihn ▁eigentlich ▁hätte ▁at men ▁hören ▁können ▁sollen . 

 A : 

 Man ▁kann ▁deinen ▁Beispiel s atz ▁einfach ▁erweit ern : 

 Er ▁war ▁nicht ▁so ▁bl öd , ▁wie ▁man ▁hätte ▁gene igt ▁gewesen ▁sein"
Mann,13699,"

 The ▁Teacher ' s ▁Magazine ▁is ▁a ▁monthly ▁issue ▁specially ▁designed ▁for ▁teachers ▁of ▁English ▁as ▁Foreign ▁or ▁Second ▁Language . ▁It ▁provides ▁creative ▁ready - to - go ▁materials ▁to ▁make ▁their ▁classes ▁more ▁active ▁and ▁appealing ▁to ▁students . 
 The ▁ideal ▁magazine ▁for ▁English ▁teachers ▁that ▁choose ▁to ▁work ▁effectively ▁with ▁students ▁of ▁all ▁levels ▁and ▁ages ▁and ▁an ▁asset ▁at ▁the ▁moment ▁of ▁developing ▁contents . <bos> Q : 

 S atz ▁mit ▁den ▁meisten ▁au feinander fol genden ▁Ver ben 

 Es ▁geht ▁um ▁S ätze ▁mit ▁au feinander fol genden ▁Ver ben ▁ohne ▁andere ▁Wort arten ▁oder ▁Satz zeichen ▁da zwischen . 
 Beispiele ▁( Länge ▁der ▁läng sten ▁Ver bf olge ▁in ▁K lam mern ): 

 Ich ▁sch"
Mann,13699,"▁returned ▁to ▁Zip f , ▁where ▁he ▁died ▁impoverished ▁and ▁largely ▁unknown ▁in ▁ 1 9 3 1 . 

 References 

 Further ▁reading ▁ 

 Cap us , ▁A .: ▁"" Ges chenke ▁des ▁Himmels "", ▁p .   3 6 - 5 0 ▁in ▁Das ▁Magazin ▁ 3 8 / 2 0 0 7 . ▁In ▁German . 
 De gen , ▁H . R .: ▁"" Edu ard ▁Sp elter ini ▁( 1 8 5 2 – 1 9 3 1 )"", ▁p .   3 9 - 5 7 ▁in ▁Schweizer ▁Flug tech niker ▁und ▁Ballon p ioni ere , ▁Verein ▁für ▁wir tschafts histor ische ▁Studien , ▁Me ilen . ▁. ▁In ▁German . 
 Heim , ▁A .: ▁Die ▁Fahrt ▁der"
Mann,13699,"_ HT ACCESS '] ="" Ver zeich niss chutz ▁entfernen ▁(. htaccess ▁löschen )""; 
 $ lang [' L _ WRONG _ R IGHTS '] ="" Die ▁Datei ▁oder ▁das ▁Ver zeichnis ▁'% s ' ▁ist ▁für ▁mich ▁nicht ▁besch reib bar .< br > 
 Ent weder ▁hat ▁sie / es ▁den ▁falschen ▁Besitzer ▁( Owner ) ▁oder ▁die ▁falschen ▁Rechte ▁( Ch mod ). < br > ▁ 
 Bitte ▁set ze ▁die ▁richtigen ▁Attribute ▁mit ▁De inem ▁FTP - Programm . ▁< br > 
 Die ▁Datei ▁oder ▁das ▁Ver zeichnis ▁benötigt ▁die ▁Rechte ▁% s .< br >""; 
 $ lang [' L _ CANT _ CREATE _ DIR '] ="" Ich ▁kon ntes ▁das ▁Ver zeichnis ▁'% s ' ▁nicht ▁erstellen ."
Mann,13699,"
 $ lang [' L _ HT ACCESS 3 1 '] ="" all geme in ""; 
 $ lang [' L _ HT ACCESS 3 2 '] ="" Achtung ! ▁Die ▁. htaccess ▁hat ▁eine ▁direkte ▁Aus wirkung ▁auf ▁den ▁Browser .< br > Bei ▁fals cher ▁Anwendung ▁sind ▁die ▁Seiten ▁nicht ▁mehr ▁erreichbar .""; 
 $ lang [' L _ PHP BUG '] ="" Bug ▁in ▁z lib ! ▁Keine ▁Kom pression ▁möglich !""; 
 $ lang [' L _ DISABLE DF UN CTIONS '] ="" Ab gesch al tete ▁Funktionen ""; 
 $ lang [' L _ NO GZ POSSIBLE '] ="" Da ▁z lib ▁nicht ▁installiert ▁ist , ▁stehen ▁keine ▁G Zip - Funktionen ▁zur ▁Verfügung !""; 
 $ lang [' L _ DELETE"
Mann,13699,"L _ EN CRY PTION _ TYPE '] ="" Versch lüsse lungs art ""; 
 $ lang [' L _ HT ACC _ CRYPT '] ="" Crypt ▁maximal ▁ 8 ▁Zeichen ▁( Linux ▁und ▁Unix - S ysteme )""; 
 $ lang [' L _ HT ACC _ MD 5 '] ="" MD 5 ▁( Linux ▁und ▁Unix - S ysteme )""; 
 $ lang [' L _ HT ACC _ NO _ EN CRY PTION '] ="" un versch lüssel t ▁( Windows )""; 
 $ lang [' L _ HT ACCESS 8 '] ="" Es ▁besteht ▁bereits ▁ein ▁Ver zeich niss chutz . ▁Wenn ▁Du ▁einen ▁neuen ▁ers tell st , ▁wird ▁der ▁alte ▁übersch rieben !""; 
 $ lang [' L _ HT ACC"
Mann,13699,"▁Senat spr äsident ▁there . 

 Emm inger ▁died ▁in ▁Munich ▁on ▁ 3 0 ▁August ▁ 1 9 5 1 . 

 Publications 
 ▁Die ▁Auf wer tungs frage ▁im ▁auf gel ö sten ▁Reich stage , ▁ 1 9 2 4 

 References 

 External ▁links 
 ▁Erich ▁Emm ming er ▁at ▁the ▁Ak ten ▁der ▁Reichs kan z lei ▁online ▁version ▁( German ) 
 ▁Bio ▁of ▁Erich ▁Emm inger ▁in ▁a ▁datab ank ▁on ▁( Imperial ) ▁Reichstag ▁delegates ▁( German ) 
 ▁More ▁biographical ▁information ▁on ▁Erich ▁Emm inger , ▁Datenbank ▁der ▁deutschen ▁Parla ments ab geordneten ▁( German ) 

 Category : 1 8 8 0 ▁births 
 Category : 1 9 5 1 ▁deaths 
 Category : People ▁from ▁Eich"
Mann,13699,"▁Wasser ▁is ▁right ▁on ▁in ▁terms ▁of ▁diagnosing ▁the ▁problem . ▁This ▁post ▁is ▁to ▁share ▁how ▁I ▁handled ▁it . 
 The ▁problem ▁with ▁any ▁List ▁object ▁coming ▁out ▁as ▁an ▁ArrayList ▁isn ' t ▁horrible , ▁because ▁you ▁can ▁always ▁do ▁something ▁like 
 LinkedList < String > ▁items ▁= ▁new ▁LinkedList <>( 
 ▁▁▁▁ ( List < String >) ▁intent . get Serializable Extra ( KEY )); 

 which ▁will ▁add ▁all ▁the ▁elements ▁of ▁the ▁des erialized ▁list ▁to ▁a ▁new ▁LinkedList . 
 The ▁problem ▁is ▁much ▁worse ▁when ▁it ▁comes ▁to ▁Map , ▁because ▁you ▁may ▁have ▁tried ▁to ▁serialize ▁a ▁LinkedHashMap ▁and ▁have ▁now ▁lost ▁the ▁element ▁ordering . 
 Fortunately , ▁there ' s ▁a ▁( relatively ) ▁painless"
Mann,13699,"das :: make _ tuple ( foo ▁= ▁ 3 , ▁bar ▁= ▁std :: string ("" lol ""))) ▁!= 
 ▁▁▁▁ hash _ value ( elle :: das :: make _ tuple ( foo ▁= ▁ 3 , ▁bar ▁= ▁std :: string ("" bar "")) )); 
 ▁▁ BOOST _ TEST ( 
 ▁▁▁▁ hash _ value ( elle :: das :: make _ tuple ( foo ▁= ▁ 3 , ▁bar ▁= ▁std :: string ("" lol ""))) ▁!= 
 ▁▁▁▁ hash _ value ( elle :: das :: make _ tuple ( bar ▁= ▁std :: string ("" lol ""), ▁foo ▁= ▁ 3 ))); 
 } 

 static 
 void 
 compare () 
 { 
 ▁▁ BOOST _ TEST ( 
"
Mann,13699,"font - variant : small - caps ;""> Haus man , ▁J . A ., ▁and ▁W . K . ▁Ne wey </ span > ▁( 2 0 1 7 ): ▁“ Non parametric ▁Welfare ▁Analysis ,” ▁* Annual ▁Review ▁of ▁Economics * ▁ 9 , ▁ 5 2 1 – 5 4 6 . 

 < span ▁style ="" font - variant : small - caps ;""> Hir ano , ▁K ., ▁G . ▁Imb ens , ▁and ▁G . ▁Rid der </ span > ▁( 2 0 0 3 ): ▁“ Efficient ▁Estimation ▁of ▁Average ▁Treatment ▁Effects ▁Using ▁the ▁Estimated ▁Prop ensity ▁Score ,” ▁* Econ ometrica * ▁ 7 1 : ▁ 1 1 6 1 – 1 1 8 9 . 

 <"
Mann,13699,"5 5 0 3 0 - 1 8 


 im poses ▁after ▁a ▁violation ▁of ▁probation ▁(“ V OP ”). ▁▁▁▁ Id . ▁at ▁ 1 1 2 9 ; ▁Pa . R . C rim . P . 

 7 0 8 ( C )( 2 ). ▁The ▁Supreme ▁Court ▁noted ▁that , ▁“ in ▁a ▁direct ▁review ▁context , ▁Rule 

 7 0 8 ▁operates ▁in ▁a ▁fashion ▁which ▁is ▁not ▁unlike ▁C ronic ; ▁prejudice ▁( or ▁rather ▁the 

 absence ▁of ▁harmless ▁error ) ▁will ▁be ▁presumed ▁from ▁the ▁failure ▁to ▁comply .” ▁Id . 

 at ▁ 1 1 2 9 - 3 0 . 

 ▁▁▁▁▁▁▁▁▁▁▁ Once ▁a ▁Rule ▁ 7 0 8 ▁procedural ▁complaint ▁has ▁been ▁waived , 
 ▁▁▁▁▁"
Mann,13699,"osen oids , ▁such ▁as ▁prostagland ins , ▁throm box anes , ▁leuk otri enes ▁and ▁prost acy cl ins , ▁which ▁are ▁important ▁biological ▁regulators . ▁These ▁e ic osen oids ▁exhibit ▁regulatory ▁effects ▁on ▁lipoprotein ▁metabolism , ▁blood ▁rhe ology , ▁vascular ▁tone , ▁leuk ocyte ▁function , ▁platelet ▁activation ▁and ▁cell ▁growth . ▁The ▁application ▁of ▁arach id onic ▁acid ▁to ▁an ▁infant ' s ▁diet ▁is ▁particularly ▁important ▁due ▁to ▁the ▁rapid ▁body ▁growth ▁of ▁an ▁infant . ▁Arach id onic ▁acid ▁is ▁an ▁important ▁precursor ▁to ▁many ▁of ▁the ▁e icos an oids ▁which ▁regulate ▁cellular ▁metabolism ▁and ▁growth ▁in ▁infants . ▁It ▁is ▁found ▁naturally ▁in ▁human ▁breast ▁milk ▁but ▁not ▁in ▁most ▁infant ▁formula . ▁In ▁an ▁effort ▁to ▁have"
Mann,13699,"▁his ▁laboratory ▁and ▁equipment , ▁and ▁Prof . ▁Stefan ▁Schreiber ▁( Institute ▁of ▁Clinical ▁Molecular ▁Biology , ▁Christian - Al bre chts - University ▁Kiel , ▁Kiel , ▁Germany ) ▁for ▁extensive ▁help ▁in ▁building ▁up ▁sequencing ▁resources ▁in ▁Kiel . ▁Prof . ▁Thomas ▁Bosch ▁( Institute ▁of ▁Zoology , ▁Christian - Al bre chts - University ▁Kiel , ▁Kiel , ▁Germany ) ▁and ▁Dr ▁Georg ▁Hem m rich - Stan isak ▁( Institute ▁of ▁Clinical ▁Molecular ▁Biology , ▁Christian - Al bre chts - University ▁Kiel , ▁Kiel , ▁Germany ) ▁provided ▁help ▁with ▁the ▁initial ▁con tig ▁assembly . ▁We ▁thank ▁Tania ▁K lü ver ▁( Le ib niz ▁Institute ▁of ▁Marine ▁Sciences ▁at ▁Kiel ▁University ▁IF M - GE OM AR , ▁Kiel ,"
Mann,13699,"0 9 ▁in ▁Randolph ▁County . ▁In ▁the ▁late ▁ 1 8 2 0 s , ▁Joseph ▁and ▁Martha , ▁their ▁large ▁family ▁of ▁children , ▁and ▁many ▁of ▁their ▁relatives ▁moved ▁to ▁Jackson ▁County , ▁Alabama . ▁As ▁the ▁Cherokee ▁and ▁other ▁Indian ▁groups ▁were ▁pushed ▁further ▁west , ▁the ▁northeast ▁Alabama ▁region ▁along ▁the ▁Tennessee ▁River ▁became ▁a ▁prime ▁destination ▁for ▁white ▁settlement . ▁Joseph ▁bought ▁land ▁in ▁Jackson ▁County ▁in ▁ 1 8 3 1 ▁and ▁farmed ▁there ▁the ▁rest ▁of ▁his ▁life . ▁Many ▁of ▁his ▁Sanders ▁cousins ▁also ▁moved ▁to ▁Jackson ▁County ▁as ▁did ▁his ▁brother ▁George ▁and ▁his ▁brothers - in - law ▁Francis ▁Sanders ▁and ▁Benjamin ▁Sanders , ▁along ▁with ▁their ▁numerous ▁families . 

 During ▁the ▁late ▁ 1"
Mann,13699,"▁to ▁an ▁un charted ▁island ▁to ▁capture ▁the ▁greatest ▁wonder ▁the ▁world ▁has ▁ever ▁seen . ▁At ▁the ▁center ▁of ▁this ▁ 2 1 st - century ▁re imagining : ▁a ▁ 2 0 - foot ▁high , ▁ 2 , 0 0 0 - pound ▁gorilla ▁brought ▁to ▁life ▁by ▁a ▁team ▁of ▁seamlessly ▁integrated ▁artists ▁and ▁technicians . ▁King ▁Kong ▁is ▁a ▁larger - than - life ▁encounter ▁with ▁a ▁legend ▁that ’ s ▁always ▁been ▁too ▁big ▁to ▁contain .” 

 King ▁Kong ’ s ▁book ▁writer ▁Jack ▁Thorne ▁won ▁the ▁ 2 0 1 7 ▁Olivier ▁Award ▁and ▁the ▁Evening ▁Standard ▁Award ▁for ▁Best ▁Play ▁for ▁Harry ▁Potter ▁and ▁the ▁Cursed ▁Child , ▁which ▁is ▁poised ▁to ▁make ▁its ▁Broadway ▁premiere ▁this ▁spring"
Mann,13699,"▁things ▁including ▁temporary ▁cement ▁residues , ▁saliva ▁and ▁bacteria . ▁We ▁attempt ▁to ▁mimic ▁extreme ▁clinical ▁conditions ▁when ▁the ▁provisional ▁restoration ▁is ▁fractured ▁or ▁dis lod ged ▁before ▁the ▁delivery ▁of ▁the ▁final ▁restoration . ▁In ▁our ▁study , ▁after ▁immediate ▁d entin ▁sealing , ▁teeth ▁were ▁immersed ▁in ▁saline ▁solution ▁without ▁provisional ▁restoration . ▁Thus , ▁the ▁result ▁of ▁shear ▁bond ▁strength ▁in ▁this ▁study ▁shows ▁difference ▁from ▁that ▁of ▁previous ▁studies . 

 In ▁conventional ▁glass - ceramic ▁restorations ▁for ▁prosthesis , ▁the ▁adhesive ▁technique ▁is ▁crucial ▁for ▁successful ▁bonding . ▁Considering ▁limited ▁flex ural ▁strength ▁and ▁the ▁b ritt leness ▁of ▁glass ▁ceramics , ▁final ▁adhesive ▁cement ation ▁with ▁l uting ▁composite ▁resin ▁should ▁be ▁used ▁to ▁improve ▁the ▁fracture ▁resistance . ▁In ▁this"
Mann,13699,"3 * d ▁= ▁ 4 ▁- ▁ 1 9 , ▁ 0 ▁= ▁ 9 * j ▁- ▁ 3 * d ▁+ ▁ 9 3 ▁for ▁j . 
 - 9 
 Solve ▁- 4 ▁= ▁ 6 * d ▁- ▁ 2 * x , ▁ 3 * d ▁- ▁ 1 5 9 5 * x ▁- ▁ 8 ▁= ▁- 1 5 9 6 * x ▁for ▁d . 
 1 
 Solve ▁ 2 * z ▁- ▁ 4 * d ▁- ▁ 5 0 ▁= ▁ 5 * z , ▁- 3 8 * z ▁- ▁ 3 5 5 ▁= ▁d ▁- ▁ 6 * d ▁for ▁z . 
 - 1 0 
 Solve ▁- 3 5 *"
Mann,13699,"_ i =\ frac {\ sigma _ i \ wedge \ sigma _ i +\ sigma _ i \ wedge \ tau _ i -\ tau _ i \ wedge \ sigma _ i -\ tau _ i \ wedge \ tau _ i }{ 2 }=\ frac { 0 +\ sigma _ i \ tau _ i -\ tau _ i \ sigma _ i - 0 }{ 2 }=\ sigma _ i \ wedge \ tau _ i $$ 
 $$\ mu _ i \ wedge \ nu _ j =\ frac {\ sigma _ i \ sigma _ j +\ sigma _ i \ tau _ j -\ tau _ i \ sigma _ j -\ tau _ i \ tau _ j }{"
Mann,8614,"reibe ▁einen ▁Brief ▁( 1 ) 
 Ich ▁habe ▁einen ▁Brief ▁schreiben ▁müssen ▁( 2 ) 
 Der ▁Brief ▁muss ▁geschrieben ▁werden ▁( 3 ) 
 Der ▁Brief ▁hätte ▁geschrieben ▁werden ▁müssen ▁( 4 ) 

 Ein ▁Bek an nter ▁meinte , ▁dass ▁es ▁nicht ▁möglich ▁sei , ▁einen ▁kor rek ten ▁Satz ▁mit ▁mehr ▁als ▁vier ▁au feinander fol genden ▁Ver ben ▁zu ▁form ulieren , ▁aber ▁nach ▁einiger ▁Zeit ▁ist ▁mir ▁ein ▁Satz ▁mit ▁fünf ▁einge fallen : 

 Er ▁war ▁nicht ▁so ▁bl öd , ▁wie ▁man ▁hätte ▁gene igt ▁sein ▁können ▁anzunehmen . 

 Ist ▁das ▁auch ▁mit ▁mehr ▁als ▁fünf ▁Ver ben ▁möglich ? 
 Ich ▁habe ▁jetzt ▁eine ▁We ile ▁darüber ▁nach ged acht , ▁aber ▁mir ▁ist ▁kein ▁anderer ▁Satz"
Mann,8614,"reibe ▁einen ▁Brief ▁( 1 ) 
 Ich ▁habe ▁einen ▁Brief ▁schreiben ▁müssen ▁( 2 ) 
 Der ▁Brief ▁muss ▁geschrieben ▁werden ▁( 3 ) 
 Der ▁Brief ▁hätte ▁geschrieben ▁werden ▁müssen ▁( 4 ) 

 Ein ▁Bek an nter ▁meinte , ▁dass ▁es ▁nicht ▁möglich ▁sei , ▁einen ▁kor rek ten ▁Satz ▁mit ▁mehr ▁als ▁vier ▁au feinander fol genden ▁Ver ben ▁zu ▁form ulieren , ▁aber ▁nach ▁einiger ▁Zeit ▁ist ▁mir ▁ein ▁Satz ▁mit ▁fünf ▁einge fallen : 

 Er ▁war ▁nicht ▁so ▁bl öd , ▁wie ▁man ▁hätte ▁gene igt ▁sein ▁können ▁anzunehmen . 

 Ist ▁das ▁auch ▁mit ▁mehr ▁als ▁fünf ▁Ver ben ▁möglich ? 
 Ich ▁habe ▁jetzt ▁eine ▁We ile ▁darüber ▁nach ged acht , ▁aber ▁mir ▁ist ▁kein ▁anderer ▁Satz"
Mann,8614,"reibe ▁einen ▁Brief ▁( 1 ) 
 Ich ▁habe ▁einen ▁Brief ▁schreiben ▁müssen ▁( 2 ) 
 Der ▁Brief ▁muss ▁geschrieben ▁werden ▁( 3 ) 
 Der ▁Brief ▁hätte ▁geschrieben ▁werden ▁müssen ▁( 4 ) 

 Ein ▁Bek an nter ▁meinte , ▁dass ▁es ▁nicht ▁möglich ▁sei , ▁einen ▁kor rek ten ▁Satz ▁mit ▁mehr ▁als ▁vier ▁au feinander fol genden ▁Ver ben ▁zu ▁form ulieren , ▁aber ▁nach ▁einiger ▁Zeit ▁ist ▁mir ▁ein ▁Satz ▁mit ▁fünf ▁einge fallen : 

 Er ▁war ▁nicht ▁so ▁bl öd , ▁wie ▁man ▁hätte ▁gene igt ▁sein ▁können ▁anzunehmen . 

 Ist ▁das ▁auch ▁mit ▁mehr ▁als ▁fünf ▁Ver ben ▁möglich ? 
 Ich ▁habe ▁jetzt ▁eine ▁We ile ▁darüber ▁nach ged acht , ▁aber ▁mir ▁ist ▁kein ▁anderer ▁Satz"
Mann,8614,"reibe ▁einen ▁Brief ▁( 1 ) 
 Ich ▁habe ▁einen ▁Brief ▁schreiben ▁müssen ▁( 2 ) 
 Der ▁Brief ▁muss ▁geschrieben ▁werden ▁( 3 ) 
 Der ▁Brief ▁hätte ▁geschrieben ▁werden ▁müssen ▁( 4 ) 

 Ein ▁Bek an nter ▁meinte , ▁dass ▁es ▁nicht ▁möglich ▁sei , ▁einen ▁kor rek ten ▁Satz ▁mit ▁mehr ▁als ▁vier ▁au feinander fol genden ▁Ver ben ▁zu ▁form ulieren , ▁aber ▁nach ▁einiger ▁Zeit ▁ist ▁mir ▁ein ▁Satz ▁mit ▁fünf ▁einge fallen : 

 Er ▁war ▁nicht ▁so ▁bl öd , ▁wie ▁man ▁hätte ▁gene igt ▁sein ▁können ▁anzunehmen . 

 Ist ▁das ▁auch ▁mit ▁mehr ▁als ▁fünf ▁Ver ben ▁möglich ? 
 Ich ▁habe ▁jetzt ▁eine ▁We ile ▁darüber ▁nach ged acht , ▁aber ▁mir ▁ist ▁kein ▁anderer ▁Satz"
Mann,8614,"reibe ▁einen ▁Brief ▁( 1 ) 
 Ich ▁habe ▁einen ▁Brief ▁schreiben ▁müssen ▁( 2 ) 
 Der ▁Brief ▁muss ▁geschrieben ▁werden ▁( 3 ) 
 Der ▁Brief ▁hätte ▁geschrieben ▁werden ▁müssen ▁( 4 ) 

 Ein ▁Bek an nter ▁meinte , ▁dass ▁es ▁nicht ▁möglich ▁sei , ▁einen ▁kor rek ten ▁Satz ▁mit ▁mehr ▁als ▁vier ▁au feinander fol genden ▁Ver ben ▁zu ▁form ulieren , ▁aber ▁nach ▁einiger ▁Zeit ▁ist ▁mir ▁ein ▁Satz ▁mit ▁fünf ▁einge fallen : 

 Er ▁war ▁nicht ▁so ▁bl öd , ▁wie ▁man ▁hätte ▁gene igt ▁sein ▁können ▁anzunehmen . 

 Ist ▁das ▁auch ▁mit ▁mehr ▁als ▁fünf ▁Ver ben ▁möglich ? 
 Ich ▁habe ▁jetzt ▁eine ▁We ile ▁darüber ▁nach ged acht , ▁aber ▁mir ▁ist ▁kein ▁anderer ▁Satz"
Mann,8614,"reibe ▁einen ▁Brief ▁( 1 ) 
 Ich ▁habe ▁einen ▁Brief ▁schreiben ▁müssen ▁( 2 ) 
 Der ▁Brief ▁muss ▁geschrieben ▁werden ▁( 3 ) 
 Der ▁Brief ▁hätte ▁geschrieben ▁werden ▁müssen ▁( 4 ) 

 Ein ▁Bek an nter ▁meinte , ▁dass ▁es ▁nicht ▁möglich ▁sei , ▁einen ▁kor rek ten ▁Satz ▁mit ▁mehr ▁als ▁vier ▁au feinander fol genden ▁Ver ben ▁zu ▁form ulieren , ▁aber ▁nach ▁einiger ▁Zeit ▁ist ▁mir ▁ein ▁Satz ▁mit ▁fünf ▁einge fallen : 

 Er ▁war ▁nicht ▁so ▁bl öd , ▁wie ▁man ▁hätte ▁gene igt ▁sein ▁können ▁anzunehmen . 

 Ist ▁das ▁auch ▁mit ▁mehr ▁als ▁fünf ▁Ver ben ▁möglich ? 
 Ich ▁habe ▁jetzt ▁eine ▁We ile ▁darüber ▁nach ged acht , ▁aber ▁mir ▁ist ▁kein ▁anderer ▁Satz"
Mann,8614,"reibe ▁einen ▁Brief ▁( 1 ) 
 Ich ▁habe ▁einen ▁Brief ▁schreiben ▁müssen ▁( 2 ) 
 Der ▁Brief ▁muss ▁geschrieben ▁werden ▁( 3 ) 
 Der ▁Brief ▁hätte ▁geschrieben ▁werden ▁müssen ▁( 4 ) 

 Ein ▁Bek an nter ▁meinte , ▁dass ▁es ▁nicht ▁möglich ▁sei , ▁einen ▁kor rek ten ▁Satz ▁mit ▁mehr ▁als ▁vier ▁au feinander fol genden ▁Ver ben ▁zu ▁form ulieren , ▁aber ▁nach ▁einiger ▁Zeit ▁ist ▁mir ▁ein ▁Satz ▁mit ▁fünf ▁einge fallen : 

 Er ▁war ▁nicht ▁so ▁bl öd , ▁wie ▁man ▁hätte ▁gene igt ▁sein ▁können ▁anzunehmen . 

 Ist ▁das ▁auch ▁mit ▁mehr ▁als ▁fünf ▁Ver ben ▁möglich ? 
 Ich ▁habe ▁jetzt ▁eine ▁We ile ▁darüber ▁nach ged acht , ▁aber ▁mir ▁ist ▁kein ▁anderer ▁Satz"
Mann,8614,"reibe ▁einen ▁Brief ▁( 1 ) 
 Ich ▁habe ▁einen ▁Brief ▁schreiben ▁müssen ▁( 2 ) 
 Der ▁Brief ▁muss ▁geschrieben ▁werden ▁( 3 ) 
 Der ▁Brief ▁hätte ▁geschrieben ▁werden ▁müssen ▁( 4 ) 

 Ein ▁Bek an nter ▁meinte , ▁dass ▁es ▁nicht ▁möglich ▁sei , ▁einen ▁kor rek ten ▁Satz ▁mit ▁mehr ▁als ▁vier ▁au feinander fol genden ▁Ver ben ▁zu ▁form ulieren , ▁aber ▁nach ▁einiger ▁Zeit ▁ist ▁mir ▁ein ▁Satz ▁mit ▁fünf ▁einge fallen : 

 Er ▁war ▁nicht ▁so ▁bl öd , ▁wie ▁man ▁hätte ▁gene igt ▁sein ▁können ▁anzunehmen . 

 Ist ▁das ▁auch ▁mit ▁mehr ▁als ▁fünf ▁Ver ben ▁möglich ? 
 Ich ▁habe ▁jetzt ▁eine ▁We ile ▁darüber ▁nach ged acht , ▁aber ▁mir ▁ist ▁kein ▁anderer ▁Satz"
Mann,8614,"reibe ▁einen ▁Brief ▁( 1 ) 
 Ich ▁habe ▁einen ▁Brief ▁schreiben ▁müssen ▁( 2 ) 
 Der ▁Brief ▁muss ▁geschrieben ▁werden ▁( 3 ) 
 Der ▁Brief ▁hätte ▁geschrieben ▁werden ▁müssen ▁( 4 ) 

 Ein ▁Bek an nter ▁meinte , ▁dass ▁es ▁nicht ▁möglich ▁sei , ▁einen ▁kor rek ten ▁Satz ▁mit ▁mehr ▁als ▁vier ▁au feinander fol genden ▁Ver ben ▁zu ▁form ulieren , ▁aber ▁nach ▁einiger ▁Zeit ▁ist ▁mir ▁ein ▁Satz ▁mit ▁fünf ▁einge fallen : 

 Er ▁war ▁nicht ▁so ▁bl öd , ▁wie ▁man ▁hätte ▁gene igt ▁sein ▁können ▁anzunehmen . 

 Ist ▁das ▁auch ▁mit ▁mehr ▁als ▁fünf ▁Ver ben ▁möglich ? 
 Ich ▁habe ▁jetzt ▁eine ▁We ile ▁darüber ▁nach ged acht , ▁aber ▁mir ▁ist ▁kein ▁anderer ▁Satz"
Mann,8614,"reibe ▁einen ▁Brief ▁( 1 ) 
 Ich ▁habe ▁einen ▁Brief ▁schreiben ▁müssen ▁( 2 ) 
 Der ▁Brief ▁muss ▁geschrieben ▁werden ▁( 3 ) 
 Der ▁Brief ▁hätte ▁geschrieben ▁werden ▁müssen ▁( 4 ) 

 Ein ▁Bek an nter ▁meinte , ▁dass ▁es ▁nicht ▁möglich ▁sei , ▁einen ▁kor rek ten ▁Satz ▁mit ▁mehr ▁als ▁vier ▁au feinander fol genden ▁Ver ben ▁zu ▁form ulieren , ▁aber ▁nach ▁einiger ▁Zeit ▁ist ▁mir ▁ein ▁Satz ▁mit ▁fünf ▁einge fallen : 

 Er ▁war ▁nicht ▁so ▁bl öd , ▁wie ▁man ▁hätte ▁gene igt ▁sein ▁können ▁anzunehmen . 

 Ist ▁das ▁auch ▁mit ▁mehr ▁als ▁fünf ▁Ver ben ▁möglich ? 
 Ich ▁habe ▁jetzt ▁eine ▁We ile ▁darüber ▁nach ged acht , ▁aber ▁mir ▁ist ▁kein ▁anderer ▁Satz"
Mann,8614,"reibe ▁einen ▁Brief ▁( 1 ) 
 Ich ▁habe ▁einen ▁Brief ▁schreiben ▁müssen ▁( 2 ) 
 Der ▁Brief ▁muss ▁geschrieben ▁werden ▁( 3 ) 
 Der ▁Brief ▁hätte ▁geschrieben ▁werden ▁müssen ▁( 4 ) 

 Ein ▁Bek an nter ▁meinte , ▁dass ▁es ▁nicht ▁möglich ▁sei , ▁einen ▁kor rek ten ▁Satz ▁mit ▁mehr ▁als ▁vier ▁au feinander fol genden ▁Ver ben ▁zu ▁form ulieren , ▁aber ▁nach ▁einiger ▁Zeit ▁ist ▁mir ▁ein ▁Satz ▁mit ▁fünf ▁einge fallen : 

 Er ▁war ▁nicht ▁so ▁bl öd , ▁wie ▁man ▁hätte ▁gene igt ▁sein ▁können ▁anzunehmen . 

 Ist ▁das ▁auch ▁mit ▁mehr ▁als ▁fünf ▁Ver ben ▁möglich ? 
 Ich ▁habe ▁jetzt ▁eine ▁We ile ▁darüber ▁nach ged acht , ▁aber ▁mir ▁ist ▁kein ▁anderer ▁Satz"
Mann,8614,"reibe ▁einen ▁Brief ▁( 1 ) 
 Ich ▁habe ▁einen ▁Brief ▁schreiben ▁müssen ▁( 2 ) 
 Der ▁Brief ▁muss ▁geschrieben ▁werden ▁( 3 ) 
 Der ▁Brief ▁hätte ▁geschrieben ▁werden ▁müssen ▁( 4 ) 

 Ein ▁Bek an nter ▁meinte , ▁dass ▁es ▁nicht ▁möglich ▁sei , ▁einen ▁kor rek ten ▁Satz ▁mit ▁mehr ▁als ▁vier ▁au feinander fol genden ▁Ver ben ▁zu ▁form ulieren , ▁aber ▁nach ▁einiger ▁Zeit ▁ist ▁mir ▁ein ▁Satz ▁mit ▁fünf ▁einge fallen : 

 Er ▁war ▁nicht ▁so ▁bl öd , ▁wie ▁man ▁hätte ▁gene igt ▁sein ▁können ▁anzunehmen . 

 Ist ▁das ▁auch ▁mit ▁mehr ▁als ▁fünf ▁Ver ben ▁möglich ? 
 Ich ▁habe ▁jetzt ▁eine ▁We ile ▁darüber ▁nach ged acht , ▁aber ▁mir ▁ist ▁kein ▁anderer ▁Satz"
Mann,8614,"reibe ▁einen ▁Brief ▁( 1 ) 
 Ich ▁habe ▁einen ▁Brief ▁schreiben ▁müssen ▁( 2 ) 
 Der ▁Brief ▁muss ▁geschrieben ▁werden ▁( 3 ) 
 Der ▁Brief ▁hätte ▁geschrieben ▁werden ▁müssen ▁( 4 ) 

 Ein ▁Bek an nter ▁meinte , ▁dass ▁es ▁nicht ▁möglich ▁sei , ▁einen ▁kor rek ten ▁Satz ▁mit ▁mehr ▁als ▁vier ▁au feinander fol genden ▁Ver ben ▁zu ▁form ulieren , ▁aber ▁nach ▁einiger ▁Zeit ▁ist ▁mir ▁ein ▁Satz ▁mit ▁fünf ▁einge fallen : 

 Er ▁war ▁nicht ▁so ▁bl öd , ▁wie ▁man ▁hätte ▁gene igt ▁sein ▁können ▁anzunehmen . 

 Ist ▁das ▁auch ▁mit ▁mehr ▁als ▁fünf ▁Ver ben ▁möglich ? 
 Ich ▁habe ▁jetzt ▁eine ▁We ile ▁darüber ▁nach ged acht , ▁aber ▁mir ▁ist ▁kein ▁anderer ▁Satz"
Mann,8614,"L _ EN CRY PTION _ TYPE '] ="" Versch lüsse lungs art ""; 
 $ lang [' L _ HT ACC _ CRYPT '] ="" Crypt ▁maximal ▁ 8 ▁Zeichen ▁( Linux ▁und ▁Unix - S ysteme )""; 
 $ lang [' L _ HT ACC _ MD 5 '] ="" MD 5 ▁( Linux ▁und ▁Unix - S ysteme )""; 
 $ lang [' L _ HT ACC _ NO _ EN CRY PTION '] ="" un versch lüssel t ▁( Windows )""; 
 $ lang [' L _ HT ACCESS 8 '] ="" Es ▁besteht ▁bereits ▁ein ▁Ver zeich niss chutz . ▁Wenn ▁Du ▁einen ▁neuen ▁ers tell st , ▁wird ▁der ▁alte ▁übersch rieben !""; 
 $ lang [' L _ HT ACC"
Mann,8614,"L _ EN CRY PTION _ TYPE '] ="" Versch lüsse lungs art ""; 
 $ lang [' L _ HT ACC _ CRYPT '] ="" Crypt ▁maximal ▁ 8 ▁Zeichen ▁( Linux ▁und ▁Unix - S ysteme )""; 
 $ lang [' L _ HT ACC _ MD 5 '] ="" MD 5 ▁( Linux ▁und ▁Unix - S ysteme )""; 
 $ lang [' L _ HT ACC _ NO _ EN CRY PTION '] ="" un versch lüssel t ▁( Windows )""; 
 $ lang [' L _ HT ACCESS 8 '] ="" Es ▁besteht ▁bereits ▁ein ▁Ver zeich niss chutz . ▁Wenn ▁Du ▁einen ▁neuen ▁ers tell st , ▁wird ▁der ▁alte ▁übersch rieben !""; 
 $ lang [' L _ HT ACC"
Mann,8614,"L _ EN CRY PTION _ TYPE '] ="" Versch lüsse lungs art ""; 
 $ lang [' L _ HT ACC _ CRYPT '] ="" Crypt ▁maximal ▁ 8 ▁Zeichen ▁( Linux ▁und ▁Unix - S ysteme )""; 
 $ lang [' L _ HT ACC _ MD 5 '] ="" MD 5 ▁( Linux ▁und ▁Unix - S ysteme )""; 
 $ lang [' L _ HT ACC _ NO _ EN CRY PTION '] ="" un versch lüssel t ▁( Windows )""; 
 $ lang [' L _ HT ACCESS 8 '] ="" Es ▁besteht ▁bereits ▁ein ▁Ver zeich niss chutz . ▁Wenn ▁Du ▁einen ▁neuen ▁ers tell st , ▁wird ▁der ▁alte ▁übersch rieben !""; 
 $ lang [' L _ HT ACC"
Mann,8614,"L _ EN CRY PTION _ TYPE '] ="" Versch lüsse lungs art ""; 
 $ lang [' L _ HT ACC _ CRYPT '] ="" Crypt ▁maximal ▁ 8 ▁Zeichen ▁( Linux ▁und ▁Unix - S ysteme )""; 
 $ lang [' L _ HT ACC _ MD 5 '] ="" MD 5 ▁( Linux ▁und ▁Unix - S ysteme )""; 
 $ lang [' L _ HT ACC _ NO _ EN CRY PTION '] ="" un versch lüssel t ▁( Windows )""; 
 $ lang [' L _ HT ACCESS 8 '] ="" Es ▁besteht ▁bereits ▁ein ▁Ver zeich niss chutz . ▁Wenn ▁Du ▁einen ▁neuen ▁ers tell st , ▁wird ▁der ▁alte ▁übersch rieben !""; 
 $ lang [' L _ HT ACC"
Mann,8614,"▁Honig glas ▁nicht ▁aus le cken ▁dürfen ▁dürfen . 

 S pri ch : ▁Es ▁wäre ▁besser ▁gewesen , ▁Autor itäts person ▁ 1 ▁hätte ▁es ▁Autor itäts person ▁ 2 ▁nicht ▁gest attet , ▁mir ▁zu ▁gest atten , ▁das ▁Honig glas ▁aus zule cken . 

 A : 

 Ohne ▁Parti zip ien ▁( also ▁nur ▁finite ▁und ▁infinite ▁Verb formen ) ▁können ▁Kon stru ktionen ▁mit ▁Ver ben ▁der ▁Wahrnehmung ▁( z B ▁sehen , ▁hören ) ▁manchmal ▁viele ▁au feinander fol genden ▁Infin itiv formen ▁enthalten . 
 Ein ▁Z itat ▁aus ▁"" Der ▁Prozess "" ▁von ▁Franz ▁Kafka : 

 Als ▁ich ▁mich ▁ein ▁Weil chen ▁wieder ▁so ▁ruhig ▁ver halten ▁hatte , ▁dass ▁man ▁die ▁F liegen ▁an ▁der ▁Wand ▁hätte"
Mann,8614,"▁Honig glas ▁nicht ▁aus le cken ▁dürfen ▁dürfen . 

 S pri ch : ▁Es ▁wäre ▁besser ▁gewesen , ▁Autor itäts person ▁ 1 ▁hätte ▁es ▁Autor itäts person ▁ 2 ▁nicht ▁gest attet , ▁mir ▁zu ▁gest atten , ▁das ▁Honig glas ▁aus zule cken . 

 A : 

 Ohne ▁Parti zip ien ▁( also ▁nur ▁finite ▁und ▁infinite ▁Verb formen ) ▁können ▁Kon stru ktionen ▁mit ▁Ver ben ▁der ▁Wahrnehmung ▁( z B ▁sehen , ▁hören ) ▁manchmal ▁viele ▁au feinander fol genden ▁Infin itiv formen ▁enthalten . 
 Ein ▁Z itat ▁aus ▁"" Der ▁Prozess "" ▁von ▁Franz ▁Kafka : 

 Als ▁ich ▁mich ▁ein ▁Weil chen ▁wieder ▁so ▁ruhig ▁ver halten ▁hatte , ▁dass ▁man ▁die ▁F liegen ▁an ▁der ▁Wand ▁hätte"
Mann,8614,"▁Honig glas ▁nicht ▁aus le cken ▁dürfen ▁dürfen . 

 S pri ch : ▁Es ▁wäre ▁besser ▁gewesen , ▁Autor itäts person ▁ 1 ▁hätte ▁es ▁Autor itäts person ▁ 2 ▁nicht ▁gest attet , ▁mir ▁zu ▁gest atten , ▁das ▁Honig glas ▁aus zule cken . 

 A : 

 Ohne ▁Parti zip ien ▁( also ▁nur ▁finite ▁und ▁infinite ▁Verb formen ) ▁können ▁Kon stru ktionen ▁mit ▁Ver ben ▁der ▁Wahrnehmung ▁( z B ▁sehen , ▁hören ) ▁manchmal ▁viele ▁au feinander fol genden ▁Infin itiv formen ▁enthalten . 
 Ein ▁Z itat ▁aus ▁"" Der ▁Prozess "" ▁von ▁Franz ▁Kafka : 

 Als ▁ich ▁mich ▁ein ▁Weil chen ▁wieder ▁so ▁ruhig ▁ver halten ▁hatte , ▁dass ▁man ▁die ▁F liegen ▁an ▁der ▁Wand ▁hätte"
Mann,8614,"▁Honig glas ▁nicht ▁aus le cken ▁dürfen ▁dürfen . 

 S pri ch : ▁Es ▁wäre ▁besser ▁gewesen , ▁Autor itäts person ▁ 1 ▁hätte ▁es ▁Autor itäts person ▁ 2 ▁nicht ▁gest attet , ▁mir ▁zu ▁gest atten , ▁das ▁Honig glas ▁aus zule cken . 

 A : 

 Ohne ▁Parti zip ien ▁( also ▁nur ▁finite ▁und ▁infinite ▁Verb formen ) ▁können ▁Kon stru ktionen ▁mit ▁Ver ben ▁der ▁Wahrnehmung ▁( z B ▁sehen , ▁hören ) ▁manchmal ▁viele ▁au feinander fol genden ▁Infin itiv formen ▁enthalten . 
 Ein ▁Z itat ▁aus ▁"" Der ▁Prozess "" ▁von ▁Franz ▁Kafka : 

 Als ▁ich ▁mich ▁ein ▁Weil chen ▁wieder ▁so ▁ruhig ▁ver halten ▁hatte , ▁dass ▁man ▁die ▁F liegen ▁an ▁der ▁Wand ▁hätte"
Mann,8614,"▁( 1 9 8 6 ) 
 ▁Pas ▁på ▁ry ggen , ▁professor ▁( 1 9 7 7 ) 
 ▁Kun ▁sand heden ▁( 1 9 7 5 ) 
 ▁Den ▁kys ke ▁leve mand ▁( 1 9 7 4 ) 
 ▁Lise ▁kommer ▁til ▁By en ▁( 1 9 4 7 ) 
 ▁En ▁ny ▁dag ▁gry er ▁( 1 9 4 5 ) 
 ▁Most er ▁fra ▁M ols ▁( 1 9 4 3 ) 

 References 

 External ▁links ▁ 
 ▁ 
 ▁ 

 Category : 1 9 1 4 ▁births 
 Category : 2 0 0 9 ▁deaths 
 Category : Danish ▁female ▁singers 
 Category : Danish ▁film ▁actresses 
 Category : Danish ▁musical ▁theatre ▁actresses 
 Category : People ▁from"
Mann,8614,"_ NO _ USERNAME '] ="" Du ▁musst ▁einen ▁Namen ▁ein geben !""; 
 $ lang [' L _ PASS WORDS _ UNE QUAL '] ="" Die ▁Pass wörter ▁sind ▁nicht ▁identi sch ▁oder ▁leer !""; 
 $ lang [' L _ HT ACC _ CONFIRM _ DELETE '] ="" So ll ▁der ▁Ver zeich niss chutz ▁jetzt ▁erstellt ▁werden ?""; 
 $ lang [' L _ HT ACC _ CREATED '] ="" Der ▁Ver zeich niss chutz ▁wurde ▁erstellt .""; 
 $ lang [' L _ HT ACC _ CONTENT '] ="" Inhalt ▁der ▁Datei ""; 
 $ lang [' L _ HT ACC _ CREATE _ ERROR '] ="" Es ▁ist ▁ein ▁Fehler ▁bei ▁der ▁Erstellung ▁des ▁Ver zeich niss ch ut zes ▁auf getreten"
Mann,8614,"_ NO _ USERNAME '] ="" Du ▁musst ▁einen ▁Namen ▁ein geben !""; 
 $ lang [' L _ PASS WORDS _ UNE QUAL '] ="" Die ▁Pass wörter ▁sind ▁nicht ▁identi sch ▁oder ▁leer !""; 
 $ lang [' L _ HT ACC _ CONFIRM _ DELETE '] ="" So ll ▁der ▁Ver zeich niss chutz ▁jetzt ▁erstellt ▁werden ?""; 
 $ lang [' L _ HT ACC _ CREATED '] ="" Der ▁Ver zeich niss chutz ▁wurde ▁erstellt .""; 
 $ lang [' L _ HT ACC _ CONTENT '] ="" Inhalt ▁der ▁Datei ""; 
 $ lang [' L _ HT ACC _ CREATE _ ERROR '] ="" Es ▁ist ▁ein ▁Fehler ▁bei ▁der ▁Erstellung ▁des ▁Ver zeich niss ch ut zes ▁auf getreten"
Mann,8614,"▁können ▁gehen ▁hören , ▁ver nahm ▁ich , ▁dass ... 

 Ich ▁bin ▁aber ▁eher ▁der ▁Meinung , ▁dass ▁die ▁Reihenfolge ▁in ▁diesem ▁Fall ▁eher ▁un idio matisch ▁ist . ▁H ätte ▁gehen ▁hören ▁können ▁f ände ▁ich ▁besser . ▁Man ▁kann ▁sich ▁auch ▁locker ▁eine ▁real istische ▁Situation ▁vorstellen , ▁wo ▁noch ▁ein ▁Modal verb ▁dazu ▁kommt , ▁ohne ▁dass ▁es ▁zu ▁sch rä g ▁klingt , ▁und ▁noch ▁verständ lich ▁wäre , ▁b sp w .: 

 Es ▁war ▁im ▁Raum ▁so ▁le ise , ▁dass ▁man ▁ihn ▁eigentlich ▁hätte ▁at men ▁hören ▁können ▁sollen . 

 A : 

 Man ▁kann ▁deinen ▁Beispiel s atz ▁einfach ▁erweit ern : 

 Er ▁war ▁nicht ▁so ▁bl öd , ▁wie ▁man ▁hätte ▁gene igt ▁gewesen ▁sein"
Mann,8614,"▁können ▁gehen ▁hören , ▁ver nahm ▁ich , ▁dass ... 

 Ich ▁bin ▁aber ▁eher ▁der ▁Meinung , ▁dass ▁die ▁Reihenfolge ▁in ▁diesem ▁Fall ▁eher ▁un idio matisch ▁ist . ▁H ätte ▁gehen ▁hören ▁können ▁f ände ▁ich ▁besser . ▁Man ▁kann ▁sich ▁auch ▁locker ▁eine ▁real istische ▁Situation ▁vorstellen , ▁wo ▁noch ▁ein ▁Modal verb ▁dazu ▁kommt , ▁ohne ▁dass ▁es ▁zu ▁sch rä g ▁klingt , ▁und ▁noch ▁verständ lich ▁wäre , ▁b sp w .: 

 Es ▁war ▁im ▁Raum ▁so ▁le ise , ▁dass ▁man ▁ihn ▁eigentlich ▁hätte ▁at men ▁hören ▁können ▁sollen . 

 A : 

 Man ▁kann ▁deinen ▁Beispiel s atz ▁einfach ▁erweit ern : 

 Er ▁war ▁nicht ▁so ▁bl öd , ▁wie ▁man ▁hätte ▁gene igt ▁gewesen ▁sein"
Mann,8614,"▁können ▁gehen ▁hören , ▁ver nahm ▁ich , ▁dass ... 

 Ich ▁bin ▁aber ▁eher ▁der ▁Meinung , ▁dass ▁die ▁Reihenfolge ▁in ▁diesem ▁Fall ▁eher ▁un idio matisch ▁ist . ▁H ätte ▁gehen ▁hören ▁können ▁f ände ▁ich ▁besser . ▁Man ▁kann ▁sich ▁auch ▁locker ▁eine ▁real istische ▁Situation ▁vorstellen , ▁wo ▁noch ▁ein ▁Modal verb ▁dazu ▁kommt , ▁ohne ▁dass ▁es ▁zu ▁sch rä g ▁klingt , ▁und ▁noch ▁verständ lich ▁wäre , ▁b sp w .: 

 Es ▁war ▁im ▁Raum ▁so ▁le ise , ▁dass ▁man ▁ihn ▁eigentlich ▁hätte ▁at men ▁hören ▁können ▁sollen . 

 A : 

 Man ▁kann ▁deinen ▁Beispiel s atz ▁einfach ▁erweit ern : 

 Er ▁war ▁nicht ▁so ▁bl öd , ▁wie ▁man ▁hätte ▁gene igt ▁gewesen ▁sein"
Mann,8614,"▁können ▁gehen ▁hören , ▁ver nahm ▁ich , ▁dass ... 

 Ich ▁bin ▁aber ▁eher ▁der ▁Meinung , ▁dass ▁die ▁Reihenfolge ▁in ▁diesem ▁Fall ▁eher ▁un idio matisch ▁ist . ▁H ätte ▁gehen ▁hören ▁können ▁f ände ▁ich ▁besser . ▁Man ▁kann ▁sich ▁auch ▁locker ▁eine ▁real istische ▁Situation ▁vorstellen , ▁wo ▁noch ▁ein ▁Modal verb ▁dazu ▁kommt , ▁ohne ▁dass ▁es ▁zu ▁sch rä g ▁klingt , ▁und ▁noch ▁verständ lich ▁wäre , ▁b sp w .: 

 Es ▁war ▁im ▁Raum ▁so ▁le ise , ▁dass ▁man ▁ihn ▁eigentlich ▁hätte ▁at men ▁hören ▁können ▁sollen . 

 A : 

 Man ▁kann ▁deinen ▁Beispiel s atz ▁einfach ▁erweit ern : 

 Er ▁war ▁nicht ▁so ▁bl öd , ▁wie ▁man ▁hätte ▁gene igt ▁gewesen ▁sein"
Mann,8614,"▁können ▁gehen ▁hören , ▁ver nahm ▁ich , ▁dass ... 

 Ich ▁bin ▁aber ▁eher ▁der ▁Meinung , ▁dass ▁die ▁Reihenfolge ▁in ▁diesem ▁Fall ▁eher ▁un idio matisch ▁ist . ▁H ätte ▁gehen ▁hören ▁können ▁f ände ▁ich ▁besser . ▁Man ▁kann ▁sich ▁auch ▁locker ▁eine ▁real istische ▁Situation ▁vorstellen , ▁wo ▁noch ▁ein ▁Modal verb ▁dazu ▁kommt , ▁ohne ▁dass ▁es ▁zu ▁sch rä g ▁klingt , ▁und ▁noch ▁verständ lich ▁wäre , ▁b sp w .: 

 Es ▁war ▁im ▁Raum ▁so ▁le ise , ▁dass ▁man ▁ihn ▁eigentlich ▁hätte ▁at men ▁hören ▁können ▁sollen . 

 A : 

 Man ▁kann ▁deinen ▁Beispiel s atz ▁einfach ▁erweit ern : 

 Er ▁war ▁nicht ▁so ▁bl öd , ▁wie ▁man ▁hätte ▁gene igt ▁gewesen ▁sein"
Mann,8614,"▁können ▁gehen ▁hören , ▁ver nahm ▁ich , ▁dass ... 

 Ich ▁bin ▁aber ▁eher ▁der ▁Meinung , ▁dass ▁die ▁Reihenfolge ▁in ▁diesem ▁Fall ▁eher ▁un idio matisch ▁ist . ▁H ätte ▁gehen ▁hören ▁können ▁f ände ▁ich ▁besser . ▁Man ▁kann ▁sich ▁auch ▁locker ▁eine ▁real istische ▁Situation ▁vorstellen , ▁wo ▁noch ▁ein ▁Modal verb ▁dazu ▁kommt , ▁ohne ▁dass ▁es ▁zu ▁sch rä g ▁klingt , ▁und ▁noch ▁verständ lich ▁wäre , ▁b sp w .: 

 Es ▁war ▁im ▁Raum ▁so ▁le ise , ▁dass ▁man ▁ihn ▁eigentlich ▁hätte ▁at men ▁hören ▁können ▁sollen . 

 A : 

 Man ▁kann ▁deinen ▁Beispiel s atz ▁einfach ▁erweit ern : 

 Er ▁war ▁nicht ▁so ▁bl öd , ▁wie ▁man ▁hätte ▁gene igt ▁gewesen ▁sein"
Mann,8614,"▁können ▁gehen ▁hören , ▁ver nahm ▁ich , ▁dass ... 

 Ich ▁bin ▁aber ▁eher ▁der ▁Meinung , ▁dass ▁die ▁Reihenfolge ▁in ▁diesem ▁Fall ▁eher ▁un idio matisch ▁ist . ▁H ätte ▁gehen ▁hören ▁können ▁f ände ▁ich ▁besser . ▁Man ▁kann ▁sich ▁auch ▁locker ▁eine ▁real istische ▁Situation ▁vorstellen , ▁wo ▁noch ▁ein ▁Modal verb ▁dazu ▁kommt , ▁ohne ▁dass ▁es ▁zu ▁sch rä g ▁klingt , ▁und ▁noch ▁verständ lich ▁wäre , ▁b sp w .: 

 Es ▁war ▁im ▁Raum ▁so ▁le ise , ▁dass ▁man ▁ihn ▁eigentlich ▁hätte ▁at men ▁hören ▁können ▁sollen . 

 A : 

 Man ▁kann ▁deinen ▁Beispiel s atz ▁einfach ▁erweit ern : 

 Er ▁war ▁nicht ▁so ▁bl öd , ▁wie ▁man ▁hätte ▁gene igt ▁gewesen ▁sein"
Mann,8614,"
 $ lang [' L _ HT ACCESS 3 1 '] ="" all geme in ""; 
 $ lang [' L _ HT ACCESS 3 2 '] ="" Achtung ! ▁Die ▁. htaccess ▁hat ▁eine ▁direkte ▁Aus wirkung ▁auf ▁den ▁Browser .< br > Bei ▁fals cher ▁Anwendung ▁sind ▁die ▁Seiten ▁nicht ▁mehr ▁erreichbar .""; 
 $ lang [' L _ PHP BUG '] ="" Bug ▁in ▁z lib ! ▁Keine ▁Kom pression ▁möglich !""; 
 $ lang [' L _ DISABLE DF UN CTIONS '] ="" Ab gesch al tete ▁Funktionen ""; 
 $ lang [' L _ NO GZ POSSIBLE '] ="" Da ▁z lib ▁nicht ▁installiert ▁ist , ▁stehen ▁keine ▁G Zip - Funktionen ▁zur ▁Verfügung !""; 
 $ lang [' L _ DELETE"
Mann,8614,"▁mit ▁fünf ▁oder ▁mehr ▁au feinander fol genden ▁Ver ben ▁einge fallen . 

 A : 

 Man ▁kann ▁im ▁Grunde ▁alle ▁verfügb aren ▁Modal ver ben ▁ane inander rei hen , ▁auch ▁wenn ▁pro ▁hinzu gefü gten ▁Modal verb ▁es ▁immer ▁auf wendi ger ▁wird , ▁einen ▁Sitz ▁im ▁Leben ▁für ▁einen ▁solchen ▁Satz ▁zu ▁finden . ▁Aber ▁unmöglich ▁ist ▁es ▁nicht . 

 Ich ▁hätte ▁das ▁Honig glas ▁nicht ▁aus le cken ▁dürfen . 
 Ich ▁hätte ▁das ▁Honig glas ▁nicht ▁aus le cken ▁wollen ▁sollen . 
 [...] 
 Ich ▁hätte ▁das ▁Honig glas ▁nicht ▁aus le cken ▁wollen ▁sollen ▁können ▁dürfen ▁müssen ▁mögen . 

 Nun ▁kann ▁man ▁aber ▁auch ▁die ▁Modal ver ben ▁mehrfach ▁einsetzen : 

 Ich ▁▁ h ätte ▁das"
Mann,8614,"▁mit ▁fünf ▁oder ▁mehr ▁au feinander fol genden ▁Ver ben ▁einge fallen . 

 A : 

 Man ▁kann ▁im ▁Grunde ▁alle ▁verfügb aren ▁Modal ver ben ▁ane inander rei hen , ▁auch ▁wenn ▁pro ▁hinzu gefü gten ▁Modal verb ▁es ▁immer ▁auf wendi ger ▁wird , ▁einen ▁Sitz ▁im ▁Leben ▁für ▁einen ▁solchen ▁Satz ▁zu ▁finden . ▁Aber ▁unmöglich ▁ist ▁es ▁nicht . 

 Ich ▁hätte ▁das ▁Honig glas ▁nicht ▁aus le cken ▁dürfen . 
 Ich ▁hätte ▁das ▁Honig glas ▁nicht ▁aus le cken ▁wollen ▁sollen . 
 [...] 
 Ich ▁hätte ▁das ▁Honig glas ▁nicht ▁aus le cken ▁wollen ▁sollen ▁können ▁dürfen ▁müssen ▁mögen . 

 Nun ▁kann ▁man ▁aber ▁auch ▁die ▁Modal ver ben ▁mehrfach ▁einsetzen : 

 Ich ▁▁ h ätte ▁das"
Mann,8614,"▁mit ▁fünf ▁oder ▁mehr ▁au feinander fol genden ▁Ver ben ▁einge fallen . 

 A : 

 Man ▁kann ▁im ▁Grunde ▁alle ▁verfügb aren ▁Modal ver ben ▁ane inander rei hen , ▁auch ▁wenn ▁pro ▁hinzu gefü gten ▁Modal verb ▁es ▁immer ▁auf wendi ger ▁wird , ▁einen ▁Sitz ▁im ▁Leben ▁für ▁einen ▁solchen ▁Satz ▁zu ▁finden . ▁Aber ▁unmöglich ▁ist ▁es ▁nicht . 

 Ich ▁hätte ▁das ▁Honig glas ▁nicht ▁aus le cken ▁dürfen . 
 Ich ▁hätte ▁das ▁Honig glas ▁nicht ▁aus le cken ▁wollen ▁sollen . 
 [...] 
 Ich ▁hätte ▁das ▁Honig glas ▁nicht ▁aus le cken ▁wollen ▁sollen ▁können ▁dürfen ▁müssen ▁mögen . 

 Nun ▁kann ▁man ▁aber ▁auch ▁die ▁Modal ver ben ▁mehrfach ▁einsetzen : 

 Ich ▁▁ h ätte ▁das"
Mann,8614,"▁mit ▁fünf ▁oder ▁mehr ▁au feinander fol genden ▁Ver ben ▁einge fallen . 

 A : 

 Man ▁kann ▁im ▁Grunde ▁alle ▁verfügb aren ▁Modal ver ben ▁ane inander rei hen , ▁auch ▁wenn ▁pro ▁hinzu gefü gten ▁Modal verb ▁es ▁immer ▁auf wendi ger ▁wird , ▁einen ▁Sitz ▁im ▁Leben ▁für ▁einen ▁solchen ▁Satz ▁zu ▁finden . ▁Aber ▁unmöglich ▁ist ▁es ▁nicht . 

 Ich ▁hätte ▁das ▁Honig glas ▁nicht ▁aus le cken ▁dürfen . 
 Ich ▁hätte ▁das ▁Honig glas ▁nicht ▁aus le cken ▁wollen ▁sollen . 
 [...] 
 Ich ▁hätte ▁das ▁Honig glas ▁nicht ▁aus le cken ▁wollen ▁sollen ▁können ▁dürfen ▁müssen ▁mögen . 

 Nun ▁kann ▁man ▁aber ▁auch ▁die ▁Modal ver ben ▁mehrfach ▁einsetzen : 

 Ich ▁▁ h ätte ▁das"
Mann,8614,"Ikke ▁av installer "" 
 Str C py ▁$ Page Re install _ NEW _ M UI _ HEADER _ TEXT _ TITLE ▁"" All erede ▁install ert "" 
 Str C py ▁$ Page Re install _ NEW _ M UI _ HEADER _ TEXT _ SUB TITLE ▁"" Vel g ▁hvordan ▁du ▁vil ▁install ere ▁${ APPLICATION _ NAME } ."" 
 Str C py ▁$ Page Re install _ OLD _ Field _ 1 ▁"" En ▁ny ere ▁vers jon ▁av ▁${ APPLICATION _ NAME } ▁er ▁allerede ▁install ert ! ▁Det ▁anbef ales ▁ikke ▁at ▁du ▁install erer ▁en ▁el dre ▁vers jon . ▁Hvis ▁du ▁virkelig ▁ønsker ▁å ▁install ere ▁denne ▁el dre ▁vers jonen , ▁er ▁det ▁bedre ▁å ▁av install"
Mann,8614,"_ HT ACCESS '] ="" Ver zeich niss chutz ▁entfernen ▁(. htaccess ▁löschen )""; 
 $ lang [' L _ WRONG _ R IGHTS '] ="" Die ▁Datei ▁oder ▁das ▁Ver zeichnis ▁'% s ' ▁ist ▁für ▁mich ▁nicht ▁besch reib bar .< br > 
 Ent weder ▁hat ▁sie / es ▁den ▁falschen ▁Besitzer ▁( Owner ) ▁oder ▁die ▁falschen ▁Rechte ▁( Ch mod ). < br > ▁ 
 Bitte ▁set ze ▁die ▁richtigen ▁Attribute ▁mit ▁De inem ▁FTP - Programm . ▁< br > 
 Die ▁Datei ▁oder ▁das ▁Ver zeichnis ▁benötigt ▁die ▁Rechte ▁% s .< br >""; 
 $ lang [' L _ CANT _ CREATE _ DIR '] ="" Ich ▁kon ntes ▁das ▁Ver zeichnis ▁'% s ' ▁nicht ▁erstellen ."
Mann,8614,"_ HT ACCESS '] ="" Ver zeich niss chutz ▁entfernen ▁(. htaccess ▁löschen )""; 
 $ lang [' L _ WRONG _ R IGHTS '] ="" Die ▁Datei ▁oder ▁das ▁Ver zeichnis ▁'% s ' ▁ist ▁für ▁mich ▁nicht ▁besch reib bar .< br > 
 Ent weder ▁hat ▁sie / es ▁den ▁falschen ▁Besitzer ▁( Owner ) ▁oder ▁die ▁falschen ▁Rechte ▁( Ch mod ). < br > ▁ 
 Bitte ▁set ze ▁die ▁richtigen ▁Attribute ▁mit ▁De inem ▁FTP - Programm . ▁< br > 
 Die ▁Datei ▁oder ▁das ▁Ver zeichnis ▁benötigt ▁die ▁Rechte ▁% s .< br >""; 
 $ lang [' L _ CANT _ CREATE _ DIR '] ="" Ich ▁kon ntes ▁das ▁Ver zeichnis ▁'% s ' ▁nicht ▁erstellen ."
Mann,8614,"▁and ▁other ▁Financial ▁Services ▁products ▁are ▁not ▁available ▁on ▁Buy ▁Now ▁Pay ▁Later ▁and ▁will ▁appear ▁on ▁your ▁next ▁statement . 

 Please ▁note , ▁if ▁you ▁have ▁non ▁BN PL ▁purchases ▁on ▁your ▁account ▁you ▁will ▁still ▁need ▁to ▁make ▁at ▁least ▁your ▁minimum ▁payment ▁as ▁detailed ▁on ▁your ▁statement . <bos> Julia ▁K ogan 

 Julia ▁K ogan ▁is ▁an ▁American - French ▁oper atic ▁color atura ▁soprano , ▁writer , ▁and ▁presenter ▁of ▁Ukrainian ▁ancestry . 

 Biography 
 K ogan ' s ▁opera ▁roles ▁have ▁included ▁Queen ▁of ▁the ▁Night ▁in ▁Die ▁Zauber fl öte , ▁Zer bin etta ▁in ▁Ari adne ▁auf ▁Nax os , ▁Blonde ▁in ▁Die ▁Ent führung , ▁Madame ▁Herz ▁in ▁Der ▁Schauspiel direktor , ▁Greta ▁Fio rentino ▁in"
Mann,8614,"End Process _ KILL _ NOT _ FOUND _ TEXT ▁"" F ant ▁ikke ▁pros ess ▁som ▁skulle ▁termin eres !"" 
 Str C py ▁$ Page Re install _ NEW _ Field _ 1 ▁"" En ▁el dre ▁vers jon ▁av ▁${ APPLICATION _ NAME } ▁er ▁install ert ▁på ▁syste met ▁ditt . ▁Det ▁anbef ales ▁at ▁du ▁av installer er ▁den ▁vers jonen ▁før ▁install ering ▁av ▁ny ▁vers jon . ▁Vel g ▁hva ▁du ▁vil ▁gjøre ▁og ▁klik k ▁Neste ▁for ▁å ▁fort sette ."" 
 Str C py ▁$ Page Re install _ NEW _ Field _ 2 ▁"" A vin st aller ▁før ▁install ering "" 
 Str C py ▁$ Page Re install _ NEW _ Field _ 3 ▁"""
Mann,8614,"▁as ▁Richard ▁Strauss ' ▁Ein ▁Helden b len ▁and ▁the ▁symphon ies ▁of ▁Haydn . 

 In ▁recent ▁years , ▁he ▁has ▁been ▁a ▁guest ▁conductor ▁of ▁orchestra s ▁which ▁include ▁the ▁Vancouver ▁Symphony ▁Orchestra , ▁L ' Or chestra ▁Sinf onica ▁di ▁Milano ▁Giuseppe ▁Verdi , ▁the ▁Orchestra ▁della ▁Svizzera ▁italiana , ▁the ▁Saint ▁Petersburg ▁Philharmonic ▁Orchestra , ▁the ▁Baltimore ▁Symphony ▁Orchestra , ▁the ▁Cincinnati ▁Symphony ▁Orchestra , ▁the ▁Calgary ▁Philharmonic ▁Orchestra , ▁the ▁Stavanger ▁Symphony ▁Orchestra , ▁Gew and haus or chester ▁Leipzig , ▁the ▁Polish ▁National ▁Radio ▁Symphony ▁Orchestra , ▁the ▁Slovenian ▁Philharmonic ▁Orchestra , ▁the ▁Bilbao ▁Symphony ▁Orchestra , ▁and ▁the ▁Sao ▁Paulo ▁State ▁Symphony . ▁He ▁was ▁Music ▁Director ▁of ▁the ▁Columbus ▁Symphony ▁Orchestra ▁from ▁ 2 0 0 6 ▁to ▁"
Mann,8614,"▁as ▁Richard ▁Strauss ' ▁Ein ▁Helden b len ▁and ▁the ▁symphon ies ▁of ▁Haydn . 

 In ▁recent ▁years , ▁he ▁has ▁been ▁a ▁guest ▁conductor ▁of ▁orchestra s ▁which ▁include ▁the ▁Vancouver ▁Symphony ▁Orchestra , ▁L ' Or chestra ▁Sinf onica ▁di ▁Milano ▁Giuseppe ▁Verdi , ▁the ▁Orchestra ▁della ▁Svizzera ▁italiana , ▁the ▁Saint ▁Petersburg ▁Philharmonic ▁Orchestra , ▁the ▁Baltimore ▁Symphony ▁Orchestra , ▁the ▁Cincinnati ▁Symphony ▁Orchestra , ▁the ▁Calgary ▁Philharmonic ▁Orchestra , ▁the ▁Stavanger ▁Symphony ▁Orchestra , ▁Gew and haus or chester ▁Leipzig , ▁the ▁Polish ▁National ▁Radio ▁Symphony ▁Orchestra , ▁the ▁Slovenian ▁Philharmonic ▁Orchestra , ▁the ▁Bilbao ▁Symphony ▁Orchestra , ▁and ▁the ▁Sao ▁Paulo ▁State ▁Symphony . ▁He ▁was ▁Music ▁Director ▁of ▁the ▁Columbus ▁Symphony ▁Orchestra ▁from ▁ 2 0 0 6 ▁to ▁"
Mann,8614,"_ INFO _ N ODB '] ="" Daten bank ▁existi ert ▁nicht ""; 
 $ lang [' L _ INFO _ DB DETAIL '] ="" Detail - Information ▁von ▁Datenbank ▁""; 
 $ lang [' L _ INFO _ DB EMPTY '] ="" Die ▁Datenbank ▁ist ▁leer !""; 
 $ lang [' L _ INFO _ REC ORDS '] ="" Dat ens ätze ""; 
 $ lang [' L _ INFO _ SIZE '] ="" Größe ""; 
 $ lang [' L _ INFO _ LAST UPDATE '] ="" let ztes ▁Update ""; 
 $ lang [' L _ INFO _ SUM '] ="" ins gesamt ""; 
 $ lang [' L _ INFO _ OPTIM IZED '] ="" optim iert ""; 
 $ lang [' L"
Mann,8614,"▁ 1 ](# pp at . 1 0 0 8 4 8 4 . g 0 0 1 ){ ref - type ="" fig "" }. ▁The ▁α - carbon ▁atoms ▁of ▁two ▁important ▁patches ▁of ▁residues ▁are ▁shown ▁as ▁blue ▁spheres . ▁C ) ▁The ▁sequence ▁logo ▁plot ▁showing ▁the ▁conservation ▁of ▁the ▁two ▁Rd RP ▁interacting ▁regions , ▁the ▁GTR - linker ▁region ▁( top ▁panel ), ▁and ▁the ▁N LS - helix ▁that ▁is ▁important ▁for ▁both ▁J EV - ▁and ▁D ENV 3 - mode ▁conformational ▁states , ▁the ▁middle ▁and ▁ring ▁finger ▁regions ▁only ▁critical ▁in ▁J EV - mode ▁states ▁( bottom ▁panel ). ▁The ▁triangles ▁indicated ▁key ▁residues ▁involved ▁in ▁the ▁intra - molecular ▁interactions . ▁D ) ▁A ▁schematic"
Mann,8614,"▁as ▁ 3 . 5 ▁ms ▁and ▁ 4 . 0 ▁ms ▁for ▁low ▁resolution ▁scans ▁and ▁high ▁resolution ▁scans , ▁respectively . ▁The ▁selected ▁excitation ▁RF ▁pulse ▁had ▁a ▁time ‐ bandwidth ▁product ▁of ▁ 1 0 , ▁resulting ▁in ▁a ▁reasonably ▁sharp ▁slice ▁profile . ▁The ▁RF ▁pulse ▁phase ▁was ▁fixed ▁to ▁ 0 °. ▁To ▁simplify ▁dictionary ▁calculations , ▁because ▁of ▁the ▁simplification ▁of ▁the ▁magnetization ▁coherence ▁pathways ,[ 4 6 ](# m rm 2 7 5 9 4 - bib - 0 0 4 6 ){ ref - type ="" ref ""} ▁the ▁TR ▁was ▁set ▁to ▁a ▁constant ▁value ▁of ▁ 1 1 ▁ms . 

 A ▁ 3 D ▁dictionary ▁was ▁calculated ▁following ▁the ▁extended ▁phase ▁graph ▁formalism ,[ 2 1"
Mann,8614,"Table ▁S 1 ](# p gen . 1 0 0 4 7 7 5 . s 0 0 8 ){ ref - type ="" supp lementary - material "" }). ▁The ▁only ▁two ▁exceptions ▁are ▁the ▁second ▁replicate ▁sample ▁from ▁Maine ▁which ▁was ▁derived ▁from ▁wild - caught ▁males ▁and ▁the ▁sample ▁from ▁North ▁Carolina ▁which ▁was ▁sampled ▁from ▁the ▁Drosophila ▁Genetic ▁Reference ▁Panel ▁( D GRP ) ▁in bred ▁lines . ▁For ▁the ▁D GRP ▁population , ▁we ▁re sequ enced ▁a ▁pooled ▁sample ▁consisting ▁of ▁one ▁male ▁from ▁each ▁of ▁ 9 2 ▁D GRP ▁strains ▁and ▁used ▁allele ▁frequency ▁estimates ▁from ▁pooled ▁samples ▁when ▁estimating ▁cl inal ity ▁( see ▁[@ p gen . 1 0 0 4 7 7 5 - Wright 1"
Mann,8614,"IC Stepper :: I IC Stepper () ' 
 ../ src / Stepper . h : 4 1 : ▁note : ▁candidates ▁are : ▁I IC Stepper :: I IC Stepper ( I IC Bus &, ▁int , ▁const ▁std :: string &) 
 ../ src / Stepper . h : 3 8 : ▁note : ▁▁▁▁▁▁▁▁▁▁▁▁▁▁▁▁▁ I IC Stepper :: I IC Stepper ( const ▁I IC Stepper &) 
 ../ src / Motor _ control . h : 1 5 : ▁error : ▁no ▁matching ▁function ▁for ▁call ▁to ▁' I IC Stepper :: I IC Stepper () ' 
 ../ src / Stepper . h : 4 1 : ▁note : ▁candidates ▁are : ▁I IC Stepper :: I IC Stepper ( I IC"
Mann,8614,". 
 ▁Bryan ▁Young , ▁Ulster ▁and ▁Ireland ▁international ▁rugby ▁player . 

 Dem ography 
 On ▁Census ▁day ▁( 2 7 ▁March ▁ 2 0 1 1 ) ▁there ▁were ▁ 2 9 , 5 5 1 ▁people ▁living ▁in ▁Bally mena , ▁accounting ▁for ▁ 1 . 6 3 % ▁of ▁the ▁NI ▁total , ▁representing ▁an ▁increase ▁of ▁ 2 . 9 % ▁on ▁the ▁ 2 0 0 1 ▁Census ▁population ▁of ▁ 2 8 , 7 1 7 . ▁Of ▁these : 

 ▁ 1 9 . 2 0 % ▁were ▁aged ▁under ▁ 1 6 ▁years ▁and ▁ 1 7 . 6 1 % ▁were ▁aged ▁ 6 5 ▁and ▁over ; 
 ▁ 5 2 . 0 0 % ▁of"
Mann,8614,"▁about ▁whether ▁the ▁government ▁is ▁in 
 fact ▁pursuing ▁the ▁interest ▁it ▁invokes , ▁rather ▁than ▁dis fav oring ▁a ▁particular ▁speaker ▁or 
 view point .' ▁Williams ▁Yule e , ▁ 1 3 5 ▁S . ▁Ct . ▁at ▁ 1 6 6 8 . 
 ▁▁▁▁▁▁▁▁▁▁▁▁▁▁▁▁▁▁▁▁▁ - 




 ▁▁▁▁▁▁▁▁▁▁▁▁▁▁▁▁▁▁▁▁▁▁▁▁▁▁▁▁▁▁▁ ▁▁▁▁▁▁▁▁▁▁▁ 2 2 
  dis course . ▁The ▁objective ▁is ▁not ▁to ▁keep ▁information ▁hidden ▁from ▁the ▁public ; ▁the 

 objective ▁is ▁to ▁keep ▁the ▁judge ▁from ▁compromising ▁his ▁or ▁her ▁integrity ▁and 

 im parti ality ▁by ▁engaging ▁in ▁deceptive ▁and ▁misleading ▁conduct . 

 ▁▁▁▁▁▁▁▁ Williams - Y ule e ▁presented ▁a ▁very ▁similar ▁situation . ▁While ▁the ▁Florida ▁rules 

 pro hibited ▁a ▁judge ▁from ▁personally ▁soliciting ▁funds , ▁responsible ▁representatives"
Mann,8614,"▁was ▁elected ▁to ▁the ▁National ▁Assembly ▁of ▁Pakistan ▁as ▁a ▁candidate ▁of ▁Pakistan ▁Peoples ▁Party ▁( PPP ) ▁from ▁Constituency ▁NA - 2 2 4 ▁( Bad in - cum - T ando ▁Muhammad ▁Khan - I ) ▁in ▁ 2 0 1 3 ▁Pakistani ▁general ▁election . ▁He ▁received ▁ 1 2 8 , 7 2 3 ▁votes ▁and ▁defeated ▁Ali ▁As ghar ▁Hale poto , ▁a ▁candidate ▁of ▁Pakistan ▁Muslim ▁League ▁( F ) ▁( P ML - F ). 

 References 

 Category : Living ▁people 
 Category : Pakistan ▁Peoples ▁Party ▁politicians 
 Category : Sind hi ▁people 
 Category : Pak istani ▁MN As ▁ 2 0 1 3 – 2 0 1 8 
 Category : People ▁from ▁Sindh 
 Category"
Mann,8614,"▁the ▁fluid ▁by ▁driving ▁a ▁membrane ▁by ▁instantly ▁heating ▁a ▁vapor izing ▁fluid ▁which ▁acts ▁as ▁a ▁working ▁fluid . 
 FIG . ▁ 1 ▁is ▁a ▁vertical ▁sectional ▁view ▁of ▁a ▁fluid ▁jet ting ▁apparatus ▁according ▁to ▁a ▁conventional ▁thermal ▁compression ▁system . ▁The ▁fluid ▁jet ting ▁apparatus ▁of ▁the ▁thermal ▁compression ▁system ▁includes ▁a ▁heat ▁driving ▁part ▁ 1 0 , ▁a ▁membrane ▁ 2 0 , ▁and ▁a ▁nozzle ▁part ▁ 3 0 . 
 A ▁substrate ▁ 1 1 ▁of ▁the ▁heat ▁driving ▁part ▁ 1 0 ▁supports ▁the ▁heat ▁driving ▁part ▁ 1 0 ▁and ▁the ▁whole ▁structure ▁that ▁will ▁be ▁constructed ▁later . ▁An ▁insulated ▁layer ▁ 1 2 ▁is ▁diffused ▁on ▁the ▁substrate ▁ 1 1 . ▁An ▁electrode ▁"
Mann,929,"5 5 – 1 6 0 , ▁ 2 8 6 , ▁ 1 9 8 6 . 

 Richard ▁War lim ont . ▁Über ▁die ▁[ A ]{ } n zahl ▁der ▁[ L ]{ } ösungen ▁von ▁$ x \ sp { n }= 1 $ ▁in ▁der ▁sym metr ischen ▁[ G ]{ } ruppe ▁${ S }\ sb { n }$. ▁, ▁ 3 0 ( 6 ), ▁( 1 9 7 8 ), ▁ 5 9 1 – 5 9 4 . 

 Herbert ▁S . ▁Wil f . ▁, ▁, ▁ 1 5 ( 2 ), ▁( 1 9 8 6 ), ▁[ 2 2 8 - 2 3 2 ]{ }. 
 <bos> Analysis ▁of ▁the ▁mechanism ▁of ▁the ▁vas"
Mann,929,"5 5 – 1 6 0 , ▁ 2 8 6 , ▁ 1 9 8 6 . 

 Richard ▁War lim ont . ▁Über ▁die ▁[ A ]{ } n zahl ▁der ▁[ L ]{ } ösungen ▁von ▁$ x \ sp { n }= 1 $ ▁in ▁der ▁sym metr ischen ▁[ G ]{ } ruppe ▁${ S }\ sb { n }$. ▁, ▁ 3 0 ( 6 ), ▁( 1 9 7 8 ), ▁ 5 9 1 – 5 9 4 . 

 Herbert ▁S . ▁Wil f . ▁, ▁, ▁ 1 5 ( 2 ), ▁( 1 9 8 6 ), ▁[ 2 2 8 - 2 3 2 ]{ }. 
 <bos> Analysis ▁of ▁the ▁mechanism ▁of ▁the ▁vas"
Mann,929,"5 5 – 1 6 0 , ▁ 2 8 6 , ▁ 1 9 8 6 . 

 Richard ▁War lim ont . ▁Über ▁die ▁[ A ]{ } n zahl ▁der ▁[ L ]{ } ösungen ▁von ▁$ x \ sp { n }= 1 $ ▁in ▁der ▁sym metr ischen ▁[ G ]{ } ruppe ▁${ S }\ sb { n }$. ▁, ▁ 3 0 ( 6 ), ▁( 1 9 7 8 ), ▁ 5 9 1 – 5 9 4 . 

 Herbert ▁S . ▁Wil f . ▁, ▁, ▁ 1 5 ( 2 ), ▁( 1 9 8 6 ), ▁[ 2 2 8 - 2 3 2 ]{ }. 
 <bos> Analysis ▁of ▁the ▁mechanism ▁of ▁the ▁vas"
Mann,929,"5 5 – 1 6 0 , ▁ 2 8 6 , ▁ 1 9 8 6 . 

 Richard ▁War lim ont . ▁Über ▁die ▁[ A ]{ } n zahl ▁der ▁[ L ]{ } ösungen ▁von ▁$ x \ sp { n }= 1 $ ▁in ▁der ▁sym metr ischen ▁[ G ]{ } ruppe ▁${ S }\ sb { n }$. ▁, ▁ 3 0 ( 6 ), ▁( 1 9 7 8 ), ▁ 5 9 1 – 5 9 4 . 

 Herbert ▁S . ▁Wil f . ▁, ▁, ▁ 1 5 ( 2 ), ▁( 1 9 8 6 ), ▁[ 2 2 8 - 2 3 2 ]{ }. 
 <bos> Analysis ▁of ▁the ▁mechanism ▁of ▁the ▁vas"
Mann,929,"5 5 – 1 6 0 , ▁ 2 8 6 , ▁ 1 9 8 6 . 

 Richard ▁War lim ont . ▁Über ▁die ▁[ A ]{ } n zahl ▁der ▁[ L ]{ } ösungen ▁von ▁$ x \ sp { n }= 1 $ ▁in ▁der ▁sym metr ischen ▁[ G ]{ } ruppe ▁${ S }\ sb { n }$. ▁, ▁ 3 0 ( 6 ), ▁( 1 9 7 8 ), ▁ 5 9 1 – 5 9 4 . 

 Herbert ▁S . ▁Wil f . ▁, ▁, ▁ 1 5 ( 2 ), ▁( 1 9 8 6 ), ▁[ 2 2 8 - 2 3 2 ]{ }. 
 <bos> Analysis ▁of ▁the ▁mechanism ▁of ▁the ▁vas"
Mann,929,"5 5 – 1 6 0 , ▁ 2 8 6 , ▁ 1 9 8 6 . 

 Richard ▁War lim ont . ▁Über ▁die ▁[ A ]{ } n zahl ▁der ▁[ L ]{ } ösungen ▁von ▁$ x \ sp { n }= 1 $ ▁in ▁der ▁sym metr ischen ▁[ G ]{ } ruppe ▁${ S }\ sb { n }$. ▁, ▁ 3 0 ( 6 ), ▁( 1 9 7 8 ), ▁ 5 9 1 – 5 9 4 . 

 Herbert ▁S . ▁Wil f . ▁, ▁, ▁ 1 5 ( 2 ), ▁( 1 9 8 6 ), ▁[ 2 2 8 - 2 3 2 ]{ }. 
 <bos> Analysis ▁of ▁the ▁mechanism ▁of ▁the ▁vas"
Mann,929,"▁können ▁anzunehmen . 

 <bos> Chinese ▁party ▁cadre ▁jailed ▁for ▁taking ▁bribes 

 BE IJ ING ▁( AP ) ▁— ▁A ▁court ▁in ▁southern ▁China ▁sentenced ▁a ▁former ▁Communist ▁Party ▁cadre ▁who ▁gained ▁notoriety ▁last ▁year ▁for ▁am assing ▁a ▁large ▁number ▁of ▁properties ▁to ▁ 1 1 ▁years ▁and ▁ 6 ▁months ▁in ▁prison ▁on ▁Thursday . 

 Cai ▁Bin , ▁formerly ▁a ▁party ▁official ▁at ▁a ▁local ▁urban ▁management ▁bureau , ▁was ▁convicted ▁of ▁taking ▁ 2 . 7 5 ▁million ▁yuan ▁($ 4 5 0 , 0 0 0 ) ▁in ▁bribes , ▁and ▁the ▁illegal ▁gains ▁were ▁turned ▁over ▁to ▁the ▁state ▁treasury , ▁the ▁party - run ▁People ’ s ▁Daily ▁said ▁on ▁its ▁news ▁site . 

 Investigations ▁against ▁Cai ▁began"
Mann,929,"▁können ▁anzunehmen . 

 <bos> Chinese ▁party ▁cadre ▁jailed ▁for ▁taking ▁bribes 

 BE IJ ING ▁( AP ) ▁— ▁A ▁court ▁in ▁southern ▁China ▁sentenced ▁a ▁former ▁Communist ▁Party ▁cadre ▁who ▁gained ▁notoriety ▁last ▁year ▁for ▁am assing ▁a ▁large ▁number ▁of ▁properties ▁to ▁ 1 1 ▁years ▁and ▁ 6 ▁months ▁in ▁prison ▁on ▁Thursday . 

 Cai ▁Bin , ▁formerly ▁a ▁party ▁official ▁at ▁a ▁local ▁urban ▁management ▁bureau , ▁was ▁convicted ▁of ▁taking ▁ 2 . 7 5 ▁million ▁yuan ▁($ 4 5 0 , 0 0 0 ) ▁in ▁bribes , ▁and ▁the ▁illegal ▁gains ▁were ▁turned ▁over ▁to ▁the ▁state ▁treasury , ▁the ▁party - run ▁People ’ s ▁Daily ▁said ▁on ▁its ▁news ▁site . 

 Investigations ▁against ▁Cai ▁began"
Mann,929,"▁können ▁anzunehmen . 

 <bos> Chinese ▁party ▁cadre ▁jailed ▁for ▁taking ▁bribes 

 BE IJ ING ▁( AP ) ▁— ▁A ▁court ▁in ▁southern ▁China ▁sentenced ▁a ▁former ▁Communist ▁Party ▁cadre ▁who ▁gained ▁notoriety ▁last ▁year ▁for ▁am assing ▁a ▁large ▁number ▁of ▁properties ▁to ▁ 1 1 ▁years ▁and ▁ 6 ▁months ▁in ▁prison ▁on ▁Thursday . 

 Cai ▁Bin , ▁formerly ▁a ▁party ▁official ▁at ▁a ▁local ▁urban ▁management ▁bureau , ▁was ▁convicted ▁of ▁taking ▁ 2 . 7 5 ▁million ▁yuan ▁($ 4 5 0 , 0 0 0 ) ▁in ▁bribes , ▁and ▁the ▁illegal ▁gains ▁were ▁turned ▁over ▁to ▁the ▁state ▁treasury , ▁the ▁party - run ▁People ’ s ▁Daily ▁said ▁on ▁its ▁news ▁site . 

 Investigations ▁against ▁Cai ▁began"
Mann,929,"▁every ▁success ▁in ▁the ▁future ▁and ▁thanks ▁him ▁for ▁delivering ▁the ▁League ▁Cup ▁to ▁Rugby ▁Park ▁in ▁ 2 0 1 2 ."" 

 Shi els ▁landed ▁himself ▁in ▁trouble ▁after ▁claiming ▁Celtic ▁were ▁"" the ▁monster ▁of ▁Scottish ▁football "" ▁following ▁a ▁spat ▁with ▁Neil ▁Lennon , ▁after ▁the ▁Celtic ▁boss ▁bem o aned ▁the ▁fact ▁none ▁of ▁his ▁players ▁had ▁been ▁nominated ▁for ▁the ▁PFA ▁Scotland ▁player ▁of ▁the ▁year ▁award . <bos> Der ▁Ser ios ität : ▁Slot ▁machine ▁gratis ▁online ▁sphinx 

 Slot ▁machine ▁gratis ▁online ▁sphinx ▁Video 

 Slot ▁SPH IN X ▁BONUS ▁RECORD ▁- ▁ 1 5 0 0 € ▁( My ▁Choice ) ▁Needless ▁to ▁note , ▁this ▁newest ▁no ▁deposit ▁casino ▁codes ▁play tech ▁game ▁suggests ▁finding ▁the ▁treasures"
Mann,929,"▁every ▁success ▁in ▁the ▁future ▁and ▁thanks ▁him ▁for ▁delivering ▁the ▁League ▁Cup ▁to ▁Rugby ▁Park ▁in ▁ 2 0 1 2 ."" 

 Shi els ▁landed ▁himself ▁in ▁trouble ▁after ▁claiming ▁Celtic ▁were ▁"" the ▁monster ▁of ▁Scottish ▁football "" ▁following ▁a ▁spat ▁with ▁Neil ▁Lennon , ▁after ▁the ▁Celtic ▁boss ▁bem o aned ▁the ▁fact ▁none ▁of ▁his ▁players ▁had ▁been ▁nominated ▁for ▁the ▁PFA ▁Scotland ▁player ▁of ▁the ▁year ▁award . <bos> Der ▁Ser ios ität : ▁Slot ▁machine ▁gratis ▁online ▁sphinx 

 Slot ▁machine ▁gratis ▁online ▁sphinx ▁Video 

 Slot ▁SPH IN X ▁BONUS ▁RECORD ▁- ▁ 1 5 0 0 € ▁( My ▁Choice ) ▁Needless ▁to ▁note , ▁this ▁newest ▁no ▁deposit ▁casino ▁codes ▁play tech ▁game ▁suggests ▁finding ▁the ▁treasures"
Mann,929,"▁können ▁gehen ▁hören , ▁ver nahm ▁ich , ▁dass ... 

 Ich ▁bin ▁aber ▁eher ▁der ▁Meinung , ▁dass ▁die ▁Reihenfolge ▁in ▁diesem ▁Fall ▁eher ▁un idio matisch ▁ist . ▁H ätte ▁gehen ▁hören ▁können ▁f ände ▁ich ▁besser . ▁Man ▁kann ▁sich ▁auch ▁locker ▁eine ▁real istische ▁Situation ▁vorstellen , ▁wo ▁noch ▁ein ▁Modal verb ▁dazu ▁kommt , ▁ohne ▁dass ▁es ▁zu ▁sch rä g ▁klingt , ▁und ▁noch ▁verständ lich ▁wäre , ▁b sp w .: 

 Es ▁war ▁im ▁Raum ▁so ▁le ise , ▁dass ▁man ▁ihn ▁eigentlich ▁hätte ▁at men ▁hören ▁können ▁sollen . 

 A : 

 Man ▁kann ▁deinen ▁Beispiel s atz ▁einfach ▁erweit ern : 

 Er ▁war ▁nicht ▁so ▁bl öd , ▁wie ▁man ▁hätte ▁gene igt ▁gewesen ▁sein"
Mann,929,"'] ="" Maxim ale ▁Ausführung s zeit ""; 
 $ lang [' L _ PHP _ EXT ENSIONS '] ="" PHP - Er weiter ungen ""; 
 $ lang [' L _ MEMORY '] ="" Spe icher ""; 
 $ lang [' L _ FILE _ MISSING '] ="" kon nte ▁Datei ▁nicht ▁finden ""; 


 ?> <bos> [ Co litis ▁in ▁the ▁non - functioning ▁recto sigmoid ▁after ▁establishment ▁of ▁an ▁end - sigmoid ▁colo st omy ]. 
 In ▁ 1 1 ▁patients ▁with ▁a ▁sigmoid ▁end ▁colo st omy ▁( and ▁one ▁additional ▁patient ▁with ▁an ▁end ▁ile ostomy ), ▁we ▁examined ▁the ▁endoscopic ▁and ▁microscopic ▁aspects ▁of ▁both ▁the ▁dysfunction ed ▁bowel ▁and ▁the ▁colon ▁proximal ▁to ▁the ▁colo st omy . ▁The"
Mann,929,"_ HT ACCESS '] ="" Ver zeich niss chutz ▁entfernen ▁(. htaccess ▁löschen )""; 
 $ lang [' L _ WRONG _ R IGHTS '] ="" Die ▁Datei ▁oder ▁das ▁Ver zeichnis ▁'% s ' ▁ist ▁für ▁mich ▁nicht ▁besch reib bar .< br > 
 Ent weder ▁hat ▁sie / es ▁den ▁falschen ▁Besitzer ▁( Owner ) ▁oder ▁die ▁falschen ▁Rechte ▁( Ch mod ). < br > ▁ 
 Bitte ▁set ze ▁die ▁richtigen ▁Attribute ▁mit ▁De inem ▁FTP - Programm . ▁< br > 
 Die ▁Datei ▁oder ▁das ▁Ver zeichnis ▁benötigt ▁die ▁Rechte ▁% s .< br >""; 
 $ lang [' L _ CANT _ CREATE _ DIR '] ="" Ich ▁kon ntes ▁das ▁Ver zeichnis ▁'% s ' ▁nicht ▁erstellen ."
Mann,929,"_ HT ACCESS '] ="" Ver zeich niss chutz ▁entfernen ▁(. htaccess ▁löschen )""; 
 $ lang [' L _ WRONG _ R IGHTS '] ="" Die ▁Datei ▁oder ▁das ▁Ver zeichnis ▁'% s ' ▁ist ▁für ▁mich ▁nicht ▁besch reib bar .< br > 
 Ent weder ▁hat ▁sie / es ▁den ▁falschen ▁Besitzer ▁( Owner ) ▁oder ▁die ▁falschen ▁Rechte ▁( Ch mod ). < br > ▁ 
 Bitte ▁set ze ▁die ▁richtigen ▁Attribute ▁mit ▁De inem ▁FTP - Programm . ▁< br > 
 Die ▁Datei ▁oder ▁das ▁Ver zeichnis ▁benötigt ▁die ▁Rechte ▁% s .< br >""; 
 $ lang [' L _ CANT _ CREATE _ DIR '] ="" Ich ▁kon ntes ▁das ▁Ver zeichnis ▁'% s ' ▁nicht ▁erstellen ."
Mann,929,"_ HT ACCESS '] ="" Ver zeich niss chutz ▁entfernen ▁(. htaccess ▁löschen )""; 
 $ lang [' L _ WRONG _ R IGHTS '] ="" Die ▁Datei ▁oder ▁das ▁Ver zeichnis ▁'% s ' ▁ist ▁für ▁mich ▁nicht ▁besch reib bar .< br > 
 Ent weder ▁hat ▁sie / es ▁den ▁falschen ▁Besitzer ▁( Owner ) ▁oder ▁die ▁falschen ▁Rechte ▁( Ch mod ). < br > ▁ 
 Bitte ▁set ze ▁die ▁richtigen ▁Attribute ▁mit ▁De inem ▁FTP - Programm . ▁< br > 
 Die ▁Datei ▁oder ▁das ▁Ver zeichnis ▁benötigt ▁die ▁Rechte ▁% s .< br >""; 
 $ lang [' L _ CANT _ CREATE _ DIR '] ="" Ich ▁kon ntes ▁das ▁Ver zeichnis ▁'% s ' ▁nicht ▁erstellen ."
Mann,929,"_ HT ACCESS '] ="" Ver zeich niss chutz ▁entfernen ▁(. htaccess ▁löschen )""; 
 $ lang [' L _ WRONG _ R IGHTS '] ="" Die ▁Datei ▁oder ▁das ▁Ver zeichnis ▁'% s ' ▁ist ▁für ▁mich ▁nicht ▁besch reib bar .< br > 
 Ent weder ▁hat ▁sie / es ▁den ▁falschen ▁Besitzer ▁( Owner ) ▁oder ▁die ▁falschen ▁Rechte ▁( Ch mod ). < br > ▁ 
 Bitte ▁set ze ▁die ▁richtigen ▁Attribute ▁mit ▁De inem ▁FTP - Programm . ▁< br > 
 Die ▁Datei ▁oder ▁das ▁Ver zeichnis ▁benötigt ▁die ▁Rechte ▁% s .< br >""; 
 $ lang [' L _ CANT _ CREATE _ DIR '] ="" Ich ▁kon ntes ▁das ▁Ver zeichnis ▁'% s ' ▁nicht ▁erstellen ."
Mann,929,"_ OPTIM IZE _ DATABASES '] ="" Tab ellen ▁optimieren ""; 
 $ lang [' L _ CHECK _ TABLES '] ="" Tab ellen ▁überprüfen ""; 
 $ lang [' L _ CLEAR _ DATABASE '] ="" Daten bank ▁leeren ""; 
 $ lang [' L _ DELETE _ DATABASE '] ="" Daten bank ▁löschen ""; 
 $ lang [' L _ INFO _ CLE A RED '] ="" wurde ▁gele ert ""; 
 $ lang [' L _ INFO _ DELETED '] ="" wurde ▁gel öscht ""; 
 $ lang [' L _ INFO _ EMPTY DB 1 '] ="" So ll ▁die ▁Datenbank ""; 
 $ lang [' L _ INFO _ EMPTY DB 2 '] ="" ▁wirklich ▁gele ert ▁werden ? ▁( Achtung !"
Mann,929,"_ OPTIM IZE _ DATABASES '] ="" Tab ellen ▁optimieren ""; 
 $ lang [' L _ CHECK _ TABLES '] ="" Tab ellen ▁überprüfen ""; 
 $ lang [' L _ CLEAR _ DATABASE '] ="" Daten bank ▁leeren ""; 
 $ lang [' L _ DELETE _ DATABASE '] ="" Daten bank ▁löschen ""; 
 $ lang [' L _ INFO _ CLE A RED '] ="" wurde ▁gele ert ""; 
 $ lang [' L _ INFO _ DELETED '] ="" wurde ▁gel öscht ""; 
 $ lang [' L _ INFO _ EMPTY DB 1 '] ="" So ll ▁die ▁Datenbank ""; 
 $ lang [' L _ INFO _ EMPTY DB 2 '] ="" ▁wirklich ▁gele ert ▁werden ? ▁( Achtung !"
Mann,929,"_ OPTIM IZE _ DATABASES '] ="" Tab ellen ▁optimieren ""; 
 $ lang [' L _ CHECK _ TABLES '] ="" Tab ellen ▁überprüfen ""; 
 $ lang [' L _ CLEAR _ DATABASE '] ="" Daten bank ▁leeren ""; 
 $ lang [' L _ DELETE _ DATABASE '] ="" Daten bank ▁löschen ""; 
 $ lang [' L _ INFO _ CLE A RED '] ="" wurde ▁gele ert ""; 
 $ lang [' L _ INFO _ DELETED '] ="" wurde ▁gel öscht ""; 
 $ lang [' L _ INFO _ EMPTY DB 1 '] ="" So ll ▁die ▁Datenbank ""; 
 $ lang [' L _ INFO _ EMPTY DB 2 '] ="" ▁wirklich ▁gele ert ▁werden ? ▁( Achtung !"
Mann,929,"_ OPTIM IZE _ DATABASES '] ="" Tab ellen ▁optimieren ""; 
 $ lang [' L _ CHECK _ TABLES '] ="" Tab ellen ▁überprüfen ""; 
 $ lang [' L _ CLEAR _ DATABASE '] ="" Daten bank ▁leeren ""; 
 $ lang [' L _ DELETE _ DATABASE '] ="" Daten bank ▁löschen ""; 
 $ lang [' L _ INFO _ CLE A RED '] ="" wurde ▁gele ert ""; 
 $ lang [' L _ INFO _ DELETED '] ="" wurde ▁gel öscht ""; 
 $ lang [' L _ INFO _ EMPTY DB 1 '] ="" So ll ▁die ▁Datenbank ""; 
 $ lang [' L _ INFO _ EMPTY DB 2 '] ="" ▁wirklich ▁gele ert ▁werden ? ▁( Achtung !"
Mann,929,"_ OPTIM IZE _ DATABASES '] ="" Tab ellen ▁optimieren ""; 
 $ lang [' L _ CHECK _ TABLES '] ="" Tab ellen ▁überprüfen ""; 
 $ lang [' L _ CLEAR _ DATABASE '] ="" Daten bank ▁leeren ""; 
 $ lang [' L _ DELETE _ DATABASE '] ="" Daten bank ▁löschen ""; 
 $ lang [' L _ INFO _ CLE A RED '] ="" wurde ▁gele ert ""; 
 $ lang [' L _ INFO _ DELETED '] ="" wurde ▁gel öscht ""; 
 $ lang [' L _ INFO _ EMPTY DB 1 '] ="" So ll ▁die ▁Datenbank ""; 
 $ lang [' L _ INFO _ EMPTY DB 2 '] ="" ▁wirklich ▁gele ert ▁werden ? ▁( Achtung !"
Mann,929,"_ OPTIM IZE _ DATABASES '] ="" Tab ellen ▁optimieren ""; 
 $ lang [' L _ CHECK _ TABLES '] ="" Tab ellen ▁überprüfen ""; 
 $ lang [' L _ CLEAR _ DATABASE '] ="" Daten bank ▁leeren ""; 
 $ lang [' L _ DELETE _ DATABASE '] ="" Daten bank ▁löschen ""; 
 $ lang [' L _ INFO _ CLE A RED '] ="" wurde ▁gele ert ""; 
 $ lang [' L _ INFO _ DELETED '] ="" wurde ▁gel öscht ""; 
 $ lang [' L _ INFO _ EMPTY DB 1 '] ="" So ll ▁die ▁Datenbank ""; 
 $ lang [' L _ INFO _ EMPTY DB 2 '] ="" ▁wirklich ▁gele ert ▁werden ? ▁( Achtung !"
Mann,929,"▁mit ▁fünf ▁oder ▁mehr ▁au feinander fol genden ▁Ver ben ▁einge fallen . 

 A : 

 Man ▁kann ▁im ▁Grunde ▁alle ▁verfügb aren ▁Modal ver ben ▁ane inander rei hen , ▁auch ▁wenn ▁pro ▁hinzu gefü gten ▁Modal verb ▁es ▁immer ▁auf wendi ger ▁wird , ▁einen ▁Sitz ▁im ▁Leben ▁für ▁einen ▁solchen ▁Satz ▁zu ▁finden . ▁Aber ▁unmöglich ▁ist ▁es ▁nicht . 

 Ich ▁hätte ▁das ▁Honig glas ▁nicht ▁aus le cken ▁dürfen . 
 Ich ▁hätte ▁das ▁Honig glas ▁nicht ▁aus le cken ▁wollen ▁sollen . 
 [...] 
 Ich ▁hätte ▁das ▁Honig glas ▁nicht ▁aus le cken ▁wollen ▁sollen ▁können ▁dürfen ▁müssen ▁mögen . 

 Nun ▁kann ▁man ▁aber ▁auch ▁die ▁Modal ver ben ▁mehrfach ▁einsetzen : 

 Ich ▁▁ h ätte ▁das"
Mann,929,"▁mit ▁fünf ▁oder ▁mehr ▁au feinander fol genden ▁Ver ben ▁einge fallen . 

 A : 

 Man ▁kann ▁im ▁Grunde ▁alle ▁verfügb aren ▁Modal ver ben ▁ane inander rei hen , ▁auch ▁wenn ▁pro ▁hinzu gefü gten ▁Modal verb ▁es ▁immer ▁auf wendi ger ▁wird , ▁einen ▁Sitz ▁im ▁Leben ▁für ▁einen ▁solchen ▁Satz ▁zu ▁finden . ▁Aber ▁unmöglich ▁ist ▁es ▁nicht . 

 Ich ▁hätte ▁das ▁Honig glas ▁nicht ▁aus le cken ▁dürfen . 
 Ich ▁hätte ▁das ▁Honig glas ▁nicht ▁aus le cken ▁wollen ▁sollen . 
 [...] 
 Ich ▁hätte ▁das ▁Honig glas ▁nicht ▁aus le cken ▁wollen ▁sollen ▁können ▁dürfen ▁müssen ▁mögen . 

 Nun ▁kann ▁man ▁aber ▁auch ▁die ▁Modal ver ben ▁mehrfach ▁einsetzen : 

 Ich ▁▁ h ätte ▁das"
Mann,929,"▁mit ▁fünf ▁oder ▁mehr ▁au feinander fol genden ▁Ver ben ▁einge fallen . 

 A : 

 Man ▁kann ▁im ▁Grunde ▁alle ▁verfügb aren ▁Modal ver ben ▁ane inander rei hen , ▁auch ▁wenn ▁pro ▁hinzu gefü gten ▁Modal verb ▁es ▁immer ▁auf wendi ger ▁wird , ▁einen ▁Sitz ▁im ▁Leben ▁für ▁einen ▁solchen ▁Satz ▁zu ▁finden . ▁Aber ▁unmöglich ▁ist ▁es ▁nicht . 

 Ich ▁hätte ▁das ▁Honig glas ▁nicht ▁aus le cken ▁dürfen . 
 Ich ▁hätte ▁das ▁Honig glas ▁nicht ▁aus le cken ▁wollen ▁sollen . 
 [...] 
 Ich ▁hätte ▁das ▁Honig glas ▁nicht ▁aus le cken ▁wollen ▁sollen ▁können ▁dürfen ▁müssen ▁mögen . 

 Nun ▁kann ▁man ▁aber ▁auch ▁die ▁Modal ver ben ▁mehrfach ▁einsetzen : 

 Ich ▁▁ h ätte ▁das"
Mann,929,"▁mit ▁fünf ▁oder ▁mehr ▁au feinander fol genden ▁Ver ben ▁einge fallen . 

 A : 

 Man ▁kann ▁im ▁Grunde ▁alle ▁verfügb aren ▁Modal ver ben ▁ane inander rei hen , ▁auch ▁wenn ▁pro ▁hinzu gefü gten ▁Modal verb ▁es ▁immer ▁auf wendi ger ▁wird , ▁einen ▁Sitz ▁im ▁Leben ▁für ▁einen ▁solchen ▁Satz ▁zu ▁finden . ▁Aber ▁unmöglich ▁ist ▁es ▁nicht . 

 Ich ▁hätte ▁das ▁Honig glas ▁nicht ▁aus le cken ▁dürfen . 
 Ich ▁hätte ▁das ▁Honig glas ▁nicht ▁aus le cken ▁wollen ▁sollen . 
 [...] 
 Ich ▁hätte ▁das ▁Honig glas ▁nicht ▁aus le cken ▁wollen ▁sollen ▁können ▁dürfen ▁müssen ▁mögen . 

 Nun ▁kann ▁man ▁aber ▁auch ▁die ▁Modal ver ben ▁mehrfach ▁einsetzen : 

 Ich ▁▁ h ätte ▁das"
Mann,929,"▁machen ""; 
 $ lang [' L _ HT ACCESS 2 3 '] ="" Ver zeichnis - Listing ""; 
 $ lang [' L _ HT ACCESS 2 4 '] ="" Error - Dokument ""; 
 $ lang [' L _ HT ACCESS 2 5 '] ="" Rewrite ▁aktivieren ""; 
 $ lang [' L _ HT ACCESS 2 6 '] ="" Deny ▁/ ▁Allow ""; 
 $ lang [' L _ HT ACCESS 2 7 '] ="" Redirect ""; 
 $ lang [' L _ HT ACCESS 2 8 '] ="" Error - Log ""; 
 $ lang [' L _ HT ACCESS 2 9 '] ="" weitere ▁Beispiele ▁und ▁Dokumentation ""; 
 $ lang [' L _ HT ACCESS 3 0 '] ="" Provider "";"
Mann,929,"▁machen ""; 
 $ lang [' L _ HT ACCESS 2 3 '] ="" Ver zeichnis - Listing ""; 
 $ lang [' L _ HT ACCESS 2 4 '] ="" Error - Dokument ""; 
 $ lang [' L _ HT ACCESS 2 5 '] ="" Rewrite ▁aktivieren ""; 
 $ lang [' L _ HT ACCESS 2 6 '] ="" Deny ▁/ ▁Allow ""; 
 $ lang [' L _ HT ACCESS 2 7 '] ="" Redirect ""; 
 $ lang [' L _ HT ACCESS 2 8 '] ="" Error - Log ""; 
 $ lang [' L _ HT ACCESS 2 9 '] ="" weitere ▁Beispiele ▁und ▁Dokumentation ""; 
 $ lang [' L _ HT ACCESS 3 0 '] ="" Provider "";"
Mann,929,"▁machen ""; 
 $ lang [' L _ HT ACCESS 2 3 '] ="" Ver zeichnis - Listing ""; 
 $ lang [' L _ HT ACCESS 2 4 '] ="" Error - Dokument ""; 
 $ lang [' L _ HT ACCESS 2 5 '] ="" Rewrite ▁aktivieren ""; 
 $ lang [' L _ HT ACCESS 2 6 '] ="" Deny ▁/ ▁Allow ""; 
 $ lang [' L _ HT ACCESS 2 7 '] ="" Redirect ""; 
 $ lang [' L _ HT ACCESS 2 8 '] ="" Error - Log ""; 
 $ lang [' L _ HT ACCESS 2 9 '] ="" weitere ▁Beispiele ▁und ▁Dokumentation ""; 
 $ lang [' L _ HT ACCESS 3 0 '] ="" Provider "";"
Mann,929,"_ NO _ USERNAME '] ="" Du ▁musst ▁einen ▁Namen ▁ein geben !""; 
 $ lang [' L _ PASS WORDS _ UNE QUAL '] ="" Die ▁Pass wörter ▁sind ▁nicht ▁identi sch ▁oder ▁leer !""; 
 $ lang [' L _ HT ACC _ CONFIRM _ DELETE '] ="" So ll ▁der ▁Ver zeich niss chutz ▁jetzt ▁erstellt ▁werden ?""; 
 $ lang [' L _ HT ACC _ CREATED '] ="" Der ▁Ver zeich niss chutz ▁wurde ▁erstellt .""; 
 $ lang [' L _ HT ACC _ CONTENT '] ="" Inhalt ▁der ▁Datei ""; 
 $ lang [' L _ HT ACC _ CREATE _ ERROR '] ="" Es ▁ist ▁ein ▁Fehler ▁bei ▁der ▁Erstellung ▁des ▁Ver zeich niss ch ut zes ▁auf getreten"
Mann,929,"_ NO _ USERNAME '] ="" Du ▁musst ▁einen ▁Namen ▁ein geben !""; 
 $ lang [' L _ PASS WORDS _ UNE QUAL '] ="" Die ▁Pass wörter ▁sind ▁nicht ▁identi sch ▁oder ▁leer !""; 
 $ lang [' L _ HT ACC _ CONFIRM _ DELETE '] ="" So ll ▁der ▁Ver zeich niss chutz ▁jetzt ▁erstellt ▁werden ?""; 
 $ lang [' L _ HT ACC _ CREATED '] ="" Der ▁Ver zeich niss chutz ▁wurde ▁erstellt .""; 
 $ lang [' L _ HT ACC _ CONTENT '] ="" Inhalt ▁der ▁Datei ""; 
 $ lang [' L _ HT ACC _ CREATE _ ERROR '] ="" Es ▁ist ▁ein ▁Fehler ▁bei ▁der ▁Erstellung ▁des ▁Ver zeich niss ch ut zes ▁auf getreten"
Mann,929,". ▁After ▁receiving ▁a ▁user ▁generated ▁hum med ▁melody , ▁which ▁is ▁the ▁input ▁query , ▁and ▁returns ▁a ▁ranked ▁list ▁of ▁songs ▁that ▁is ▁closest ▁to ▁the ▁user ▁query . 

 See ▁also 
 ▁Ampli FIND 
 ▁Automatic ▁content ▁recognition 
 ▁List ▁of ▁online ▁music ▁databases 
 ▁Music ▁information ▁retrieval 
 ▁Sound ▁recognition 

 References 

 * <bos> <? php 
 $ lang [' L _ NO FTP POSSIBLE '] ="" Es ▁stehen ▁keine ▁FTP - Funktionen ▁zur ▁Verfügung !""; 
 $ lang [' L _ INFO _ LOCATION '] ="" Du ▁befind est ▁dich ▁auf ▁""; 
 $ lang [' L _ INFO _ DATABASES '] ="" Folgende ▁Datenbank ( en ) ▁befinden ▁sich ▁auf ▁dem ▁MySql - Server :""; 
 $ lang [' L"
Mann,929,". ▁After ▁receiving ▁a ▁user ▁generated ▁hum med ▁melody , ▁which ▁is ▁the ▁input ▁query , ▁and ▁returns ▁a ▁ranked ▁list ▁of ▁songs ▁that ▁is ▁closest ▁to ▁the ▁user ▁query . 

 See ▁also 
 ▁Ampli FIND 
 ▁Automatic ▁content ▁recognition 
 ▁List ▁of ▁online ▁music ▁databases 
 ▁Music ▁information ▁retrieval 
 ▁Sound ▁recognition 

 References 

 * <bos> <? php 
 $ lang [' L _ NO FTP POSSIBLE '] ="" Es ▁stehen ▁keine ▁FTP - Funktionen ▁zur ▁Verfügung !""; 
 $ lang [' L _ INFO _ LOCATION '] ="" Du ▁befind est ▁dich ▁auf ▁""; 
 $ lang [' L _ INFO _ DATABASES '] ="" Folgende ▁Datenbank ( en ) ▁befinden ▁sich ▁auf ▁dem ▁MySql - Server :""; 
 $ lang [' L"
Mann,929,". ▁After ▁receiving ▁a ▁user ▁generated ▁hum med ▁melody , ▁which ▁is ▁the ▁input ▁query , ▁and ▁returns ▁a ▁ranked ▁list ▁of ▁songs ▁that ▁is ▁closest ▁to ▁the ▁user ▁query . 

 See ▁also 
 ▁Ampli FIND 
 ▁Automatic ▁content ▁recognition 
 ▁List ▁of ▁online ▁music ▁databases 
 ▁Music ▁information ▁retrieval 
 ▁Sound ▁recognition 

 References 

 * <bos> <? php 
 $ lang [' L _ NO FTP POSSIBLE '] ="" Es ▁stehen ▁keine ▁FTP - Funktionen ▁zur ▁Verfügung !""; 
 $ lang [' L _ INFO _ LOCATION '] ="" Du ▁befind est ▁dich ▁auf ▁""; 
 $ lang [' L _ INFO _ DATABASES '] ="" Folgende ▁Datenbank ( en ) ▁befinden ▁sich ▁auf ▁dem ▁MySql - Server :""; 
 $ lang [' L"
Mann,929,"
 $ lang [' L _ HT ACCESS 3 1 '] ="" all geme in ""; 
 $ lang [' L _ HT ACCESS 3 2 '] ="" Achtung ! ▁Die ▁. htaccess ▁hat ▁eine ▁direkte ▁Aus wirkung ▁auf ▁den ▁Browser .< br > Bei ▁fals cher ▁Anwendung ▁sind ▁die ▁Seiten ▁nicht ▁mehr ▁erreichbar .""; 
 $ lang [' L _ PHP BUG '] ="" Bug ▁in ▁z lib ! ▁Keine ▁Kom pression ▁möglich !""; 
 $ lang [' L _ DISABLE DF UN CTIONS '] ="" Ab gesch al tete ▁Funktionen ""; 
 $ lang [' L _ NO GZ POSSIBLE '] ="" Da ▁z lib ▁nicht ▁installiert ▁ist , ▁stehen ▁keine ▁G Zip - Funktionen ▁zur ▁Verfügung !""; 
 $ lang [' L _ DELETE"
Mann,929,"L _ EN CRY PTION _ TYPE '] ="" Versch lüsse lungs art ""; 
 $ lang [' L _ HT ACC _ CRYPT '] ="" Crypt ▁maximal ▁ 8 ▁Zeichen ▁( Linux ▁und ▁Unix - S ysteme )""; 
 $ lang [' L _ HT ACC _ MD 5 '] ="" MD 5 ▁( Linux ▁und ▁Unix - S ysteme )""; 
 $ lang [' L _ HT ACC _ NO _ EN CRY PTION '] ="" un versch lüssel t ▁( Windows )""; 
 $ lang [' L _ HT ACCESS 8 '] ="" Es ▁besteht ▁bereits ▁ein ▁Ver zeich niss chutz . ▁Wenn ▁Du ▁einen ▁neuen ▁ers tell st , ▁wird ▁der ▁alte ▁übersch rieben !""; 
 $ lang [' L _ HT ACC"
Mann,929,"L _ EN CRY PTION _ TYPE '] ="" Versch lüsse lungs art ""; 
 $ lang [' L _ HT ACC _ CRYPT '] ="" Crypt ▁maximal ▁ 8 ▁Zeichen ▁( Linux ▁und ▁Unix - S ysteme )""; 
 $ lang [' L _ HT ACC _ MD 5 '] ="" MD 5 ▁( Linux ▁und ▁Unix - S ysteme )""; 
 $ lang [' L _ HT ACC _ NO _ EN CRY PTION '] ="" un versch lüssel t ▁( Windows )""; 
 $ lang [' L _ HT ACCESS 8 '] ="" Es ▁besteht ▁bereits ▁ein ▁Ver zeich niss chutz . ▁Wenn ▁Du ▁einen ▁neuen ▁ers tell st , ▁wird ▁der ▁alte ▁übersch rieben !""; 
 $ lang [' L _ HT ACC"
Mann,929,"_ INFO _ N ODB '] ="" Daten bank ▁existi ert ▁nicht ""; 
 $ lang [' L _ INFO _ DB DETAIL '] ="" Detail - Information ▁von ▁Datenbank ▁""; 
 $ lang [' L _ INFO _ DB EMPTY '] ="" Die ▁Datenbank ▁ist ▁leer !""; 
 $ lang [' L _ INFO _ REC ORDS '] ="" Dat ens ätze ""; 
 $ lang [' L _ INFO _ SIZE '] ="" Größe ""; 
 $ lang [' L _ INFO _ LAST UPDATE '] ="" let ztes ▁Update ""; 
 $ lang [' L _ INFO _ SUM '] ="" ins gesamt ""; 
 $ lang [' L _ INFO _ OPTIM IZED '] ="" optim iert ""; 
 $ lang [' L"
Mann,929,"▁Alle ▁Daten ▁gehen ▁unw ider ruf lich ▁verloren )""; 
 $ lang [' L _ INFO _ KILL DB '] ="" ▁wirklich ▁gel öscht ▁werden ? ▁( Achtung ! ▁Alle ▁Daten ▁gehen ▁unw ider ruf lich ▁verloren )""; 
 $ lang [' L _ PROCESS KILL 1 '] ="" Es ▁wird ▁versucht , ▁Prozess ▁""; 
 $ lang [' L _ PROCESS KILL 2 '] ="" zu ▁be enden .""; 
 $ lang [' L _ PROCESS KILL 3 '] ="" Es ▁wird ▁seit ▁""; 
 $ lang [' L _ PROCESS KILL 4 '] ="" ▁Sek unde ( n ) ▁versucht , ▁Prozess ▁""; 
 $ lang [' L _ HT ACC _ CREATE '] ="" Ver zeich niss chutz ▁erstellen ""; 
 $ lang ['"
Mann,929,"reibe ▁einen ▁Brief ▁( 1 ) 
 Ich ▁habe ▁einen ▁Brief ▁schreiben ▁müssen ▁( 2 ) 
 Der ▁Brief ▁muss ▁geschrieben ▁werden ▁( 3 ) 
 Der ▁Brief ▁hätte ▁geschrieben ▁werden ▁müssen ▁( 4 ) 

 Ein ▁Bek an nter ▁meinte , ▁dass ▁es ▁nicht ▁möglich ▁sei , ▁einen ▁kor rek ten ▁Satz ▁mit ▁mehr ▁als ▁vier ▁au feinander fol genden ▁Ver ben ▁zu ▁form ulieren , ▁aber ▁nach ▁einiger ▁Zeit ▁ist ▁mir ▁ein ▁Satz ▁mit ▁fünf ▁einge fallen : 

 Er ▁war ▁nicht ▁so ▁bl öd , ▁wie ▁man ▁hätte ▁gene igt ▁sein ▁können ▁anzunehmen . 

 Ist ▁das ▁auch ▁mit ▁mehr ▁als ▁fünf ▁Ver ben ▁möglich ? 
 Ich ▁habe ▁jetzt ▁eine ▁We ile ▁darüber ▁nach ged acht , ▁aber ▁mir ▁ist ▁kein ▁anderer ▁Satz"
Mann,929,"
 Bitte ▁ers telle ▁es ▁mit ▁De inem ▁FTP - Programm .""; 
 $ lang [' L _ TABLE _ TYPE '] ="" Typ ""; 
 $ lang [' L _ CHECK '] ="" prü fen ""; 
 $ lang [' L _ HT ACC _ SHA 1 '] ="" SHA 1 ▁( alle ▁Systeme )""; 
 $ lang [' L _ OS '] ="" Betrieb ssystem ""; 
 $ lang [' L _ MSD _ VERSION '] ="" MySQL D umper - Version ""; 
 $ lang [' L _ MYSQL _ VERSION '] ="" MySQL - Version ""; 
 $ lang [' L _ PHP _ VERSION '] ="" PHP - Version ""; 
 $ lang [' L _ MAX _ EXEC UTION _ TIME"
Mann,929,"øv ▁igjen "" 
 Str C py ▁$ INIT _ INSTALL ER _ RUNNING ▁"" Inst allas jons program met ▁kjø rer ▁allerede ."" 
 Str C py ▁$ U AC _ UN INSTALL ER _ REQUIRE _ ADMIN ▁"" A vin st allas jons program met ▁kre ver ▁administ ras jons til gang . ▁Pr øv ▁igjen "" 
 Str C py ▁$ U AC _ ERROR _ LOG ON _ SERVICE ▁"" På logging st jen esten ▁kjø rer ▁ikke , ▁av bry ter !"" 
 Str C py ▁$ INIT _ UN INSTALL ER _ RUNNING ▁"" A vin st allas jons program met ▁kjø rer ▁allerede ."" 
 Str C py ▁$ Section Group _ Short cuts ▁"" S nar ve ier """
Mann,929,"▁incorporating ▁weak ▁looking - ahead ▁into ▁PRO LOG ' s ▁S LD ▁resolution ▁gives ▁a ▁sound ▁and ▁complete ▁inference ▁rule ▁whereas ▁standard ▁looking - ahead ▁itself ▁has ▁been ▁shown ▁to ▁be ▁incomplete . ▁Finally , ▁we ▁will ▁show ▁how ▁to ▁use ▁weak ▁looking - ahead ▁in ▁a ▁real - world ▁application ▁to ▁obtain ▁an ▁early ▁search - space ▁pruning ▁while ▁avoiding ▁the ▁control ▁overhead ▁involved ▁by ▁standard ▁looking - ahead . 
 KW ▁- ▁Künst liche ▁Intelligen z 
 CY ▁- ▁Saar brücken 
 PB ▁- ▁Saar ländische ▁Universitäts - ▁und ▁Landes bibliothek 
 AD ▁- ▁Post fach ▁ 1 5 1 1 4 1 , ▁ 6 6 0 4 1 ▁Saar brücken 
 UR ▁- ▁http :// sc id ok . sul b . uni"
Mann,929,"ere ▁g jel dende ▁vers jon ▁først . ▁Vel g ▁hva ▁du ▁vil ▁gjøre ▁og ▁klik k ▁Neste ▁for ▁å ▁fort sette ."" 
 Str C py ▁$ Page Re install _ SAME _ Field _ 1 ▁""${ APPLICATION _ NAME } ▁${ VERSION } ▁er ▁install ert ▁allerede . $\ n $\ n Vel g ▁hva ▁du ▁ønsker ▁å ▁gjøre ▁og ▁klik k ▁Neste ▁for ▁å ▁fort sette ."" 
 Str C py ▁$ Page Re install _ SAME _ Field _ 2 ▁"" Le gg ▁til / installer ▁kompon enter ▁på ▁nytt "" 
 Str C py ▁$ Page Re install _ SAME _ Field _ 3 ▁"" A vin st aller ▁${ APPLICATION _ NAME }"" 
 Str C py ▁$ UN INSTALL ER"
Mann,929,"ere ▁g jel dende ▁vers jon ▁først . ▁Vel g ▁hva ▁du ▁vil ▁gjøre ▁og ▁klik k ▁Neste ▁for ▁å ▁fort sette ."" 
 Str C py ▁$ Page Re install _ SAME _ Field _ 1 ▁""${ APPLICATION _ NAME } ▁${ VERSION } ▁er ▁install ert ▁allerede . $\ n $\ n Vel g ▁hva ▁du ▁ønsker ▁å ▁gjøre ▁og ▁klik k ▁Neste ▁for ▁å ▁fort sette ."" 
 Str C py ▁$ Page Re install _ SAME _ Field _ 2 ▁"" Le gg ▁til / installer ▁kompon enter ▁på ▁nytt "" 
 Str C py ▁$ Page Re install _ SAME _ Field _ 3 ▁"" A vin st aller ▁${ APPLICATION _ NAME }"" 
 Str C py ▁$ UN INSTALL ER"
Mann,929,"End Process _ KILL _ NOT _ FOUND _ TEXT ▁"" F ant ▁ikke ▁pros ess ▁som ▁skulle ▁termin eres !"" 
 Str C py ▁$ Page Re install _ NEW _ Field _ 1 ▁"" En ▁el dre ▁vers jon ▁av ▁${ APPLICATION _ NAME } ▁er ▁install ert ▁på ▁syste met ▁ditt . ▁Det ▁anbef ales ▁at ▁du ▁av installer er ▁den ▁vers jonen ▁før ▁install ering ▁av ▁ny ▁vers jon . ▁Vel g ▁hva ▁du ▁vil ▁gjøre ▁og ▁klik k ▁Neste ▁for ▁å ▁fort sette ."" 
 Str C py ▁$ Page Re install _ NEW _ Field _ 2 ▁"" A vin st aller ▁før ▁install ering "" 
 Str C py ▁$ Page Re install _ NEW _ Field _ 3 ▁"""
Mann,929,"▁▁▁▁ < li ▁class ="" dropdown - header ""> Alle ▁musik sty kker </ li > 
 ▁▁▁▁ < li >< a ▁href =""/ music / all ""> Alle ▁musik sty kker </ a ></ li > 
 ▁▁▁▁ </ template > 
 </ ul > 

 Update ▁angular ▁^ 2 . 0 . 0 
 You ▁can ▁use ▁ng - container ▁and ▁just ▁change ▁# var ▁to ▁let ▁var . ▁ 
 < ng - container > ▁behaves ▁the ▁same ▁as ▁the ▁< template > ▁but ▁allows ▁to ▁use ▁the ▁more ▁common ▁syntax . 
 < ul ▁class ="" dropdown - menu "" ▁role ="" menu ""> 
 ▁▁ < ng - container ▁* ng For ="" let ▁category ▁of ▁categories ""> 
 ▁▁▁▁ < li"
Mann,929,"$ ▁in ▁symmetric ▁groups , ▁* N ors ke ▁Vid . ▁Sel sk .* ▁[ ** 2 5 ** ]{ } ▁( 1 9 5 2 ), ▁ 2 9 – 3 1 . 

 P . ▁Erd [ ő ]{ } s , ▁and ▁P . ▁Tur [ á ]{ } n , ▁, ▁, ▁[ ** 4 ** ]{ }, ▁( 1 9 6 5 ), ▁[ 1 7 5 – 1 8 6 ]{ }. 

 P . ▁Erd [ ő ]{ } s , ▁and ▁P . ▁Tur [ á ]{ } n , ▁, ▁, ▁[ 1 8 ]{ }, ▁( 1 9 6 7 ), ▁[ 3 0 9 – 3 2 0 ]{ }. 

 Lu ▁Gao ▁and ▁Jian ▁Guo"
Mann,929,"3 3 4 0 0 9 5 ), ▁and ▁the ▁Next ▁Generation ▁Super ▁Computing ▁Project ▁and ▁Nanos cience ▁Program ▁from ▁M EXT , ▁Japan . 

 [ 9 9 9 ]{ } ▁J . ▁Bar deen , ▁L . ▁N . ▁Cooper , ▁and ▁J . ▁R . ▁Sch rie ffer , ▁Phys . ▁Rev . ▁** 1 0 8 **, ▁ 1 1 7 5 ▁( 1 9 5 7 ). ▁J . ▁G . ▁Bed nor z ▁and ▁K . ▁A . ▁Müller , ▁Z . ▁Phys . ▁B ▁** 6 4 **, ▁ 1 8 9 ▁( 1 9 8 6 ). ▁A . ▁B . ▁Mig dal , ▁Sov . ▁Phys . ▁JET P ▁** 7 **, ▁ 9 9 6 ▁( 1"
Mann,929,"vir ales * ▁Rd R Ps , ▁including ▁the ▁* Cor onav iri dae * ▁n sp 1 2 ▁and ▁* Ar ter ivi ridae * ▁n sp 9 , ▁contain ▁a ▁\ ~ 2 0 0 - 4 0 0 - residue ▁N - terminal ▁region ▁with ▁the ▁nucle oti dy l transferase ▁( Ni RAN ) ▁function ▁\[ [@ pp at . 1 0 0 8 4 8 4 . ref 0 4 9 ], [@ pp at . 1 0 0 8 4 8 4 . ref 0 5 0 ] \] . ▁Likewise , ▁viral ▁Rd R Ps ▁may ▁evolve ▁from ▁common ▁ancestors ▁comprising ▁only ▁the ▁catalytic ▁module ▁with ▁relative ▁indep endency ▁in ▁carrying ▁out ▁RNA ▁synthesis , ▁similar ▁to ▁the ▁PV ▁"
Mann,929,"▁thus , ▁Di Lorenzo ▁is ▁controlling 

 in ▁the ▁appeal ▁before ▁us . 

 ▁      For ▁the ▁foregoing ▁reasons , ▁the ▁judgment ▁of ▁the ▁circuit ▁court 

 of ▁Stephenson ▁County ▁is ▁reversed , ▁and ▁the ▁cause ▁is ▁remanded ▁for 

 further ▁proceedings . 

 ▁      Reversed ▁and ▁remanded . 

 ▁      GE IGER ▁and ▁R ATH JE , ▁JJ ., ▁concur . 





 <bos> The ▁Teacher ' s ▁Magazine ▁N ° ▁ 2 1 8 

 No viembre ▁ 2 0 1 8 

 This ▁month , ▁The ▁Teacher ’ s ▁Magazine ▁presents ▁the ▁first ▁part ▁of ▁a ▁crazy ▁ABC , ▁with ▁poems ▁to ▁read ▁to ▁children ▁and ▁to ▁use ▁as ▁decoration ▁for ▁the ▁classroom . ▁You ▁will ▁also ▁find ▁activities ▁to ▁work ▁with"
Mann,929,"▁women ▁and ▁ 2 3 9 ▁men ▁suffering ▁from ▁major ▁depression . ▁These ▁somatic ▁symptoms ▁very ▁frequently ▁had ▁an ▁underlying ▁psych opatho logically ▁relevant ▁hypoch ond ri asis , ▁both ▁in ▁women ▁and ▁men . ▁This ▁study ▁confirmed ▁earlier ▁studies ▁showing ▁that ▁depressive ▁disorders ▁with ▁predominantly ▁somatic ▁presentation ▁were ▁likely ▁to ▁be ▁the ▁most ▁common ▁form ▁of ▁depression , ▁both ▁in ▁inpatient ▁and ▁outpatient ▁care .^ [@ ref 1 3 ], [@ ref 1 4 ]^ ▁Hag nell ▁and ▁R ors man ▁stressed ▁the ▁Indic ative ▁significance ▁of ▁somatic ▁symptoms ▁in ▁depressed ▁primary ▁care ▁patients ▁regarding ▁their ▁risk ▁of ▁suicide .^ [@ ref 1 5 ]^ 

 Epide mio logical ▁studies ▁designed ▁to ▁establish ▁prevalence ▁figures ▁for ▁depressive ▁disorders ▁In ▁primary ▁care ▁during ▁recent ▁years ▁have ▁uniformly"
Mann,929,"call ""); 
 ▁▁ // ▁Differenti ate ▁between ▁explicit ▁and ▁implicit ▁calls ▁to ▁std :: string ' s 
 ▁▁ // ▁constructor . ▁An ▁implicitly ▁generated ▁constructor ▁won ' t ▁have ▁a ▁valid 
 ▁▁ // ▁source ▁range ▁for ▁the ▁parenthesis . ▁We ▁do ▁this ▁because ▁the ▁matched ▁expression 
 ▁▁ // ▁for ▁| call | ▁in ▁the ▁explicit ▁case ▁doesn ' t ▁include ▁the ▁closing ▁parenthesis . 
 ▁▁ clang :: Source Range ▁range ▁= ▁call -> getP aren Or Brace Range (); 
 ▁▁ if ▁( range . isValid ()) ▁{ 
 ▁▁▁▁ auto ▁err ▁= 
 ▁▁▁▁▁▁▁▁ replace ments _-> add ( Replacement (* result . Source Manager , ▁literal , ▁"""")); 
 ▁▁▁▁ assert (! err ); 
 ▁▁ } ▁else ▁{ 
"
Mann,929,"▁substantial ▁competent ▁evidence ▁and ▁the ▁conclusions ▁of ▁law ▁are ▁consistent ▁with ▁and ▁supported ▁by ▁the ▁findings ▁of ▁fact . 
 EXHIB ITS ▁ 6 ▁AND ▁ 1 4 ▁THROUGH ▁ 2 0 
 Norma ▁and ▁Sher ryl ▁next ▁argue ▁that ▁the ▁trial ▁court ▁erred ▁in ▁admitting ▁into ▁evidence ▁plaintiff ' s ▁exhibit ▁ 6 ▁and ▁plaintiff ' s ▁exhibits ▁ 1 4 ▁through ▁ 2 0 . ▁This ▁argument ▁is ▁principally ▁based ▁upon ▁the ▁premise ▁that ▁an ▁inadequate ▁foundation ▁was ▁shown . 
 The ▁trial ▁court ▁is ▁possessed ▁of ▁discretion ▁when ▁ruling ▁on ▁admis sibility ▁of ▁evidence . ▁An ▁attack ▁on ▁an ▁evidentiary ▁ruling ▁requires ▁that ▁the ▁party ▁attacking ▁that ▁ruling ▁show ▁that ▁the ▁trial ▁court ▁abused ▁its ▁discretion . ▁An ▁abuse ▁of ▁discretion ▁exists ▁only ▁when"
Frau,9493,"▁to ▁follow ? Ain ' t ▁karma ▁such ▁a ▁bitch ? ▁Wak ak aka . 

 But ▁wait , ▁I ▁apologise ▁for ▁boring ▁you ▁with ▁this ▁sense ▁of ▁outrage ▁at ▁the ▁blatant ▁double ▁standards ▁because ▁I ▁kept ▁forgetting ▁that ' s ▁UM NO , ▁wak ak aka . 

 And ▁that ' s ▁why , ▁to ▁reiterate , ▁UM NO ▁is ▁a ▁nest ▁of ▁vip ers ▁with ▁mucho ▁Machia vel lian ▁activities ▁and ▁schemes , ▁wak ak aka , ▁which ▁BTW ▁should ▁also ▁include ▁Anwar ' s ▁attempted ▁move ▁against ▁Mahat hir ▁back ▁in ▁ 1 9 9 8 . 

 And ▁to ▁show ▁my ▁argument ▁is ▁true ▁that ▁UM NO ▁blo kes ▁like ▁Ku ▁Li ▁and ▁Anwar ▁( and ▁indeed ▁even ▁Mahat hir ▁himself ) ▁prefer"
Frau,9493,"▁to ▁follow ? Ain ' t ▁karma ▁such ▁a ▁bitch ? ▁Wak ak aka . 

 But ▁wait , ▁I ▁apologise ▁for ▁boring ▁you ▁with ▁this ▁sense ▁of ▁outrage ▁at ▁the ▁blatant ▁double ▁standards ▁because ▁I ▁kept ▁forgetting ▁that ' s ▁UM NO , ▁wak ak aka . 

 And ▁that ' s ▁why , ▁to ▁reiterate , ▁UM NO ▁is ▁a ▁nest ▁of ▁vip ers ▁with ▁mucho ▁Machia vel lian ▁activities ▁and ▁schemes , ▁wak ak aka , ▁which ▁BTW ▁should ▁also ▁include ▁Anwar ' s ▁attempted ▁move ▁against ▁Mahat hir ▁back ▁in ▁ 1 9 9 8 . 

 And ▁to ▁show ▁my ▁argument ▁is ▁true ▁that ▁UM NO ▁blo kes ▁like ▁Ku ▁Li ▁and ▁Anwar ▁( and ▁indeed ▁even ▁Mahat hir ▁himself ) ▁prefer"
Frau,9493,"▁to ▁follow ? Ain ' t ▁karma ▁such ▁a ▁bitch ? ▁Wak ak aka . 

 But ▁wait , ▁I ▁apologise ▁for ▁boring ▁you ▁with ▁this ▁sense ▁of ▁outrage ▁at ▁the ▁blatant ▁double ▁standards ▁because ▁I ▁kept ▁forgetting ▁that ' s ▁UM NO , ▁wak ak aka . 

 And ▁that ' s ▁why , ▁to ▁reiterate , ▁UM NO ▁is ▁a ▁nest ▁of ▁vip ers ▁with ▁mucho ▁Machia vel lian ▁activities ▁and ▁schemes , ▁wak ak aka , ▁which ▁BTW ▁should ▁also ▁include ▁Anwar ' s ▁attempted ▁move ▁against ▁Mahat hir ▁back ▁in ▁ 1 9 9 8 . 

 And ▁to ▁show ▁my ▁argument ▁is ▁true ▁that ▁UM NO ▁blo kes ▁like ▁Ku ▁Li ▁and ▁Anwar ▁( and ▁indeed ▁even ▁Mahat hir ▁himself ) ▁prefer"
Frau,9493,"▁to ▁follow ? Ain ' t ▁karma ▁such ▁a ▁bitch ? ▁Wak ak aka . 

 But ▁wait , ▁I ▁apologise ▁for ▁boring ▁you ▁with ▁this ▁sense ▁of ▁outrage ▁at ▁the ▁blatant ▁double ▁standards ▁because ▁I ▁kept ▁forgetting ▁that ' s ▁UM NO , ▁wak ak aka . 

 And ▁that ' s ▁why , ▁to ▁reiterate , ▁UM NO ▁is ▁a ▁nest ▁of ▁vip ers ▁with ▁mucho ▁Machia vel lian ▁activities ▁and ▁schemes , ▁wak ak aka , ▁which ▁BTW ▁should ▁also ▁include ▁Anwar ' s ▁attempted ▁move ▁against ▁Mahat hir ▁back ▁in ▁ 1 9 9 8 . 

 And ▁to ▁show ▁my ▁argument ▁is ▁true ▁that ▁UM NO ▁blo kes ▁like ▁Ku ▁Li ▁and ▁Anwar ▁( and ▁indeed ▁even ▁Mahat hir ▁himself ) ▁prefer"
Frau,9493,"▁In ▁fact , ▁a ▁book ▁called ▁“ UFO ’ s ▁in ▁the ▁Qur ’ an ” ▁claims ▁that ▁the ▁U . S . ▁government ▁is ▁being ▁run ▁by ▁aliens ▁or ▁evil ▁spirits . ▁That ’ s ▁Skull ▁& ▁Bones . ▁They ▁tell ▁their ▁members ▁they ’ d ▁always ▁be ▁protected ▁from ▁corruption ▁charges . ▁So ▁a ▁Harvard ▁University ▁professor , ▁just ▁because ▁he ▁goes ▁to ▁Harvard , ▁is ▁told ▁he ’ d ▁always ▁be ▁protected ▁from ▁rape ▁accusations , ▁and ▁no ▁matter ▁what ▁crime ▁he ▁commits , ▁it ’ s ▁going ▁to ▁be ▁ok . 

 But ▁this ▁is ▁not ▁the ▁way ▁God ’ s ▁government ▁works . ▁This ▁is ▁not ▁something ▁Jesus ▁would ▁stand ▁for . ▁Cor rupt ▁people ▁are ▁going ▁to ▁hell , ▁and ▁nothing"
Frau,9493,"▁adults ▁ 2 5 - 5 4 ▁and ▁ 1 8 - 4 9 ▁for ▁the ▁night ,"" ▁the ▁network ▁said ▁in ▁a ▁statement . 

 This ▁season ▁is ▁poised ▁to ▁explore ▁some ▁family ▁problems ▁within ▁the ▁large ▁Chapman ▁family ▁— ▁daughter ▁"" Baby "" ▁Ly ssa ▁Chapman ' s ▁March ▁arrest ▁will ▁air ▁on ▁an ▁episode , ▁as ▁will ▁tensions ▁between ▁Chapman ▁and ▁his ▁oldest ▁son , ▁Duane ▁Lee . 

 "" I ▁love ▁you , ▁dad . ▁This ▁is ▁Travis . ▁I ▁want ▁to ▁go ▁home . ▁I ▁don ' t ▁like ▁it ▁here ,"" ▁the ▁boy ▁told ▁his ▁father ▁also ▁named ▁Travis . ▁They ▁gained ▁custody ▁after ▁an ▁audio ▁recording ▁surfaced ▁that ▁allegedly ▁showed ▁the ▁father ▁beating ▁the ▁child ▁with ▁a ▁belt . 

"
Frau,9493,"▁adults ▁ 2 5 - 5 4 ▁and ▁ 1 8 - 4 9 ▁for ▁the ▁night ,"" ▁the ▁network ▁said ▁in ▁a ▁statement . 

 This ▁season ▁is ▁poised ▁to ▁explore ▁some ▁family ▁problems ▁within ▁the ▁large ▁Chapman ▁family ▁— ▁daughter ▁"" Baby "" ▁Ly ssa ▁Chapman ' s ▁March ▁arrest ▁will ▁air ▁on ▁an ▁episode , ▁as ▁will ▁tensions ▁between ▁Chapman ▁and ▁his ▁oldest ▁son , ▁Duane ▁Lee . 

 "" I ▁love ▁you , ▁dad . ▁This ▁is ▁Travis . ▁I ▁want ▁to ▁go ▁home . ▁I ▁don ' t ▁like ▁it ▁here ,"" ▁the ▁boy ▁told ▁his ▁father ▁also ▁named ▁Travis . ▁They ▁gained ▁custody ▁after ▁an ▁audio ▁recording ▁surfaced ▁that ▁allegedly ▁showed ▁the ▁father ▁beating ▁the ▁child ▁with ▁a ▁belt . 

"
Frau,9493,"▁have ▁an ▁entirely ▁different ▁perspective ▁of ▁the ▁memo ▁than ▁the ▁rest ▁of ▁the ▁world . ▁And ▁DDT ▁will ▁be ▁delighted ▁because ▁he ▁gets ▁all ▁his ▁advice ▁from ▁Fox . ▁He ▁told ▁friends ▁that ▁the ▁release ▁of ▁the ▁memo ▁would ▁allow ▁him ▁to ▁argue ▁FBI ▁prejudice ▁against ▁him . ▁Most ▁people , ▁however , ▁as ▁saying , ▁“ That ’ s ▁it ?” ▁The ▁memo . 

 Russia ▁This ▁Week : 

 DDT ▁backed ▁off ▁on ▁his ▁guarantee ▁because ▁lawyers ▁are ▁afraid ▁that ▁he ’ ll ▁lie ▁to ▁them . ▁Seventy - one ▁percent ▁of ▁people ▁in ▁the ▁U . S . ▁agree ▁that ▁he ▁should ▁agree ▁to ▁an ▁interview ▁with ▁Mueller , ▁and ▁ 8 2 ▁percent ▁of ▁them ▁want ▁it ▁under ▁oath — 9 3 ▁percent"
Frau,9493,"▁Mandate ▁of ▁Heaven , ▁wak ak aka . 

 Mand ate ▁of ▁Heaven 

 In ▁this ▁regard , ▁yes , ▁we ▁could ▁say ▁Mahat hir ▁had ▁been ▁treacherous ▁to ▁Ku ▁Li ▁in ▁not ▁keeping ▁his ▁words , ▁an ▁agreement ▁to ▁make ▁the ▁latter ▁as ▁his ▁DPM ▁as ▁Ku ▁Li ▁had ▁willingly ▁given ▁way ▁to ▁him ▁to ▁be ▁deputy ▁president ▁UM NO ▁and ▁of ▁course ▁the ▁PM , ▁but ▁then ▁what ▁do ▁you ▁expect ▁when ▁that ' s ▁UM NO , ▁a ▁veritable ▁nest ▁of ▁vip ers . 

 Nonetheless , ▁why ▁has ▁he ▁( Ma hat hir ) ▁complained ▁about ▁A AB ▁and ▁Najib ▁not ▁keeping ▁their ▁word ▁to ▁him ? ▁Didn ' t ▁he ▁set ▁the ▁example ▁vis - a - vis ▁Ku ▁Li ▁for ▁them"
Frau,9493,"▁obligation ▁to ▁remain ▁in ▁his ▁vehicle ▁--- ▁and ▁he ▁exited ▁his ▁vehicle ▁when ▁Martin ▁disappeared ▁from ▁sight . 

 Zimmer man ▁called ▁the ▁police ▁before ▁Martin ▁jumped ▁him ▁--- ▁and ▁MSNBC ▁deleted ▁parts ▁of ▁the ▁recorded ▁discussion ▁and ▁broadcast ▁it ▁to ▁make ▁it ▁look ▁like ▁Zimmerman ▁was ▁targeting ▁Martin ▁because ▁Martin ▁was ▁black ▁--- ▁rather ▁than ▁tail ing ▁Martin ▁because ▁he ▁was ▁wandering ▁around ▁in ▁the ▁dark ▁in ▁a ▁neighborhood ▁which ▁had ▁recently ▁suffered ▁some ▁break - ins ▁and ▁thwarted ▁other ▁break - ins . 

 This ▁was ▁MSNBC ' s ▁attempt ▁to ▁lynch ▁a ▁straw ▁horse , ▁a ▁so - called ▁"" white "" ▁Hispanic . ▁MSNBC ▁needed ▁a ▁black - white ▁confrontation ▁to ▁promote ▁their ▁own ▁racist , ▁anti - white ▁narrative ▁that ▁America ▁is"
Frau,9493,"▁obligation ▁to ▁remain ▁in ▁his ▁vehicle ▁--- ▁and ▁he ▁exited ▁his ▁vehicle ▁when ▁Martin ▁disappeared ▁from ▁sight . 

 Zimmer man ▁called ▁the ▁police ▁before ▁Martin ▁jumped ▁him ▁--- ▁and ▁MSNBC ▁deleted ▁parts ▁of ▁the ▁recorded ▁discussion ▁and ▁broadcast ▁it ▁to ▁make ▁it ▁look ▁like ▁Zimmerman ▁was ▁targeting ▁Martin ▁because ▁Martin ▁was ▁black ▁--- ▁rather ▁than ▁tail ing ▁Martin ▁because ▁he ▁was ▁wandering ▁around ▁in ▁the ▁dark ▁in ▁a ▁neighborhood ▁which ▁had ▁recently ▁suffered ▁some ▁break - ins ▁and ▁thwarted ▁other ▁break - ins . 

 This ▁was ▁MSNBC ' s ▁attempt ▁to ▁lynch ▁a ▁straw ▁horse , ▁a ▁so - called ▁"" white "" ▁Hispanic . ▁MSNBC ▁needed ▁a ▁black - white ▁confrontation ▁to ▁promote ▁their ▁own ▁racist , ▁anti - white ▁narrative ▁that ▁America ▁is"
Frau,9493,". ▁Israel ’ s ▁identity ▁is ▁now ▁big ▁enough ▁and ▁strong ▁enough ▁to ▁live ▁on ▁beyond ▁that ▁first ▁particular ▁group ▁of ▁people ▁who ▁fled ▁from ▁Egypt . ▁Israel ▁is ▁now ▁an ▁idea , ▁ready ▁to ▁plant ▁itself ▁in ▁the ▁ground ▁and ▁become ▁a ▁nation . ▁That ’ s ▁the ▁scroll ▁of ▁Numbers . 

 DE UTER ONOMY 

 “ Deuter onomy ,” ▁or ▁de var im ▁in ▁Hebrew , ▁is ▁the ▁last ▁of ▁the ▁five ▁sections ▁of ▁Torah . ▁It ▁starts ▁and ▁ends ▁with ▁narrative ▁bits , ▁but ▁the ▁bulk ▁of ▁the ▁book ▁consists ▁of ▁laws ▁and ▁admon itions ▁to ▁the ▁people ▁of ▁Israel , ▁presumably ▁from ▁the ▁priests . ▁There ▁is ▁a ▁lot ▁of ▁new ▁material , ▁but ▁also ▁much ▁that ▁is ▁recycled ▁and ▁expanded ▁from"
Frau,9493,". ▁Israel ’ s ▁identity ▁is ▁now ▁big ▁enough ▁and ▁strong ▁enough ▁to ▁live ▁on ▁beyond ▁that ▁first ▁particular ▁group ▁of ▁people ▁who ▁fled ▁from ▁Egypt . ▁Israel ▁is ▁now ▁an ▁idea , ▁ready ▁to ▁plant ▁itself ▁in ▁the ▁ground ▁and ▁become ▁a ▁nation . ▁That ’ s ▁the ▁scroll ▁of ▁Numbers . 

 DE UTER ONOMY 

 “ Deuter onomy ,” ▁or ▁de var im ▁in ▁Hebrew , ▁is ▁the ▁last ▁of ▁the ▁five ▁sections ▁of ▁Torah . ▁It ▁starts ▁and ▁ends ▁with ▁narrative ▁bits , ▁but ▁the ▁bulk ▁of ▁the ▁book ▁consists ▁of ▁laws ▁and ▁admon itions ▁to ▁the ▁people ▁of ▁Israel , ▁presumably ▁from ▁the ▁priests . ▁There ▁is ▁a ▁lot ▁of ▁new ▁material , ▁but ▁also ▁much ▁that ▁is ▁recycled ▁and ▁expanded ▁from"
Frau,9493,". ▁Israel ’ s ▁identity ▁is ▁now ▁big ▁enough ▁and ▁strong ▁enough ▁to ▁live ▁on ▁beyond ▁that ▁first ▁particular ▁group ▁of ▁people ▁who ▁fled ▁from ▁Egypt . ▁Israel ▁is ▁now ▁an ▁idea , ▁ready ▁to ▁plant ▁itself ▁in ▁the ▁ground ▁and ▁become ▁a ▁nation . ▁That ’ s ▁the ▁scroll ▁of ▁Numbers . 

 DE UTER ONOMY 

 “ Deuter onomy ,” ▁or ▁de var im ▁in ▁Hebrew , ▁is ▁the ▁last ▁of ▁the ▁five ▁sections ▁of ▁Torah . ▁It ▁starts ▁and ▁ends ▁with ▁narrative ▁bits , ▁but ▁the ▁bulk ▁of ▁the ▁book ▁consists ▁of ▁laws ▁and ▁admon itions ▁to ▁the ▁people ▁of ▁Israel , ▁presumably ▁from ▁the ▁priests . ▁There ▁is ▁a ▁lot ▁of ▁new ▁material , ▁but ▁also ▁much ▁that ▁is ▁recycled ▁and ▁expanded ▁from"
Frau,9493,". ▁Israel ’ s ▁identity ▁is ▁now ▁big ▁enough ▁and ▁strong ▁enough ▁to ▁live ▁on ▁beyond ▁that ▁first ▁particular ▁group ▁of ▁people ▁who ▁fled ▁from ▁Egypt . ▁Israel ▁is ▁now ▁an ▁idea , ▁ready ▁to ▁plant ▁itself ▁in ▁the ▁ground ▁and ▁become ▁a ▁nation . ▁That ’ s ▁the ▁scroll ▁of ▁Numbers . 

 DE UTER ONOMY 

 “ Deuter onomy ,” ▁or ▁de var im ▁in ▁Hebrew , ▁is ▁the ▁last ▁of ▁the ▁five ▁sections ▁of ▁Torah . ▁It ▁starts ▁and ▁ends ▁with ▁narrative ▁bits , ▁but ▁the ▁bulk ▁of ▁the ▁book ▁consists ▁of ▁laws ▁and ▁admon itions ▁to ▁the ▁people ▁of ▁Israel , ▁presumably ▁from ▁the ▁priests . ▁There ▁is ▁a ▁lot ▁of ▁new ▁material , ▁but ▁also ▁much ▁that ▁is ▁recycled ▁and ▁expanded ▁from"
Frau,9493,"▁of ▁local ▁Israeli ▁stations : ▁one ▁broadcasts ▁news ▁from ▁Y NET , ▁the ▁other ▁broadcasts ▁them ▁from ▁Channel ▁ 1 0 . ▁Israeli ▁Army ▁Radio ▁general ▁public ▁stations ▁broadcast ▁the ▁same ▁news ▁capsule ▁every ▁hour , ▁and ▁IBA ' s ▁Kol ▁Israel ▁stations ▁broadcast ▁theirs . 

 See ▁also 

 ▁List ▁of ▁news ▁channels 
 ▁Template : Japanese ▁television ▁networks 
 ▁Television ▁news ▁music ▁package 
 ▁List ▁of ▁news ▁presenters 
 ▁United ▁States ▁cable ▁news 
 ▁United ▁States ▁television ▁news 
 ▁Television ▁news ▁screen ▁layout 
 Live ▁streaming ▁world ▁news 

 Footnotes 

 Further ▁reading 

 ▁Charles ▁L . ▁Ponce ▁de ▁Leon , ▁That ' s ▁the ▁Way ▁It ▁Is : ▁A ▁History ▁of ▁Television ▁News ▁in ▁America . ▁Chicago : ▁University ▁of ▁Chicago ▁Press , ▁"
Frau,9493,"▁I ▁am ▁not ▁sure ▁what ▁is ▁to ▁happen ▁with ▁this ▁pair , ▁but ▁I ▁love ▁them ▁together ! ▁Don ’ t ▁know ▁why – maybe ▁it ▁is ▁the ▁older ▁guy ▁thing – the ▁maturity ▁and ▁knowledge ▁that ▁younger ▁males ▁seem ▁to … ▁lack . ▁Ah m . ▁Anyway , ▁the ▁romantic ▁relationships ▁are ▁not ▁nearly ▁as ▁complicated ▁in ▁Vampire ▁Academy ▁as ▁in ▁the ▁Blue ▁Blood s ▁series . ▁Don ’ t ▁get ▁me ▁wrong – love ▁them ▁both ▁and ▁really ▁love ▁the ▁complications ▁as ▁an ▁outside ▁looking ▁in – that ’ s ▁it . ▁🙂 

 ” ’ That ’ s ▁part ▁of ▁it , ▁‘ ▁he ▁said . ▁‘ But ▁also … ▁well , ▁you ▁and ▁I ▁will ▁both ▁be ▁L issa ’ s ▁guardians ▁someday"
Frau,9493,"▁I ▁am ▁not ▁sure ▁what ▁is ▁to ▁happen ▁with ▁this ▁pair , ▁but ▁I ▁love ▁them ▁together ! ▁Don ’ t ▁know ▁why – maybe ▁it ▁is ▁the ▁older ▁guy ▁thing – the ▁maturity ▁and ▁knowledge ▁that ▁younger ▁males ▁seem ▁to … ▁lack . ▁Ah m . ▁Anyway , ▁the ▁romantic ▁relationships ▁are ▁not ▁nearly ▁as ▁complicated ▁in ▁Vampire ▁Academy ▁as ▁in ▁the ▁Blue ▁Blood s ▁series . ▁Don ’ t ▁get ▁me ▁wrong – love ▁them ▁both ▁and ▁really ▁love ▁the ▁complications ▁as ▁an ▁outside ▁looking ▁in – that ’ s ▁it . ▁🙂 

 ” ’ That ’ s ▁part ▁of ▁it , ▁‘ ▁he ▁said . ▁‘ But ▁also … ▁well , ▁you ▁and ▁I ▁will ▁both ▁be ▁L issa ’ s ▁guardians ▁someday"
Frau,9493,"▁open ▁and ▁shut ▁case , ▁this ▁is ▁it ▁..."" 
 [ 9 ] ▁▁ Before ▁Ku hlmann , ▁a ▁change ▁in ▁applicable ▁law ▁seemed ▁to ▁guarantee ▁reconsideration ▁in ▁the ▁Eleventh ▁Circuit . ▁This ▁court ▁is ▁aware ▁of ▁no ▁published ▁case ▁regarding ▁successive ▁petitioners ▁in ▁which ▁the ▁Eleventh ▁Circuit ▁has ▁ever ▁denied ▁reconsideration ▁where ▁there ▁was ▁an ▁intervening ▁change ▁in ▁law ▁which ▁applied ▁retro actively ▁to ▁a ▁prisoner . ▁Cf ▁Young ▁v . ▁Kemp , ▁ 7 5 8 ▁F . 2 d ▁ 5 1 4 ▁( 1 1 th ▁Cir . 1 9 8 5 ); ▁Smith ▁v . ▁Kemp , ▁ 7 1 5 ▁F . 2 d ▁ 1 4 5 9 ▁( 1 1 th ▁Cir . 1 9 8 3 ); ▁Fleming"
Frau,9493,"▁ 2 0 1 1 . 

 This ▁fight ▁took ▁place ▁in ▁Sho oto . 

 “ Ram bo ” ▁almost ▁caught ▁O chi ▁with ▁an ▁ar mbar ▁in ▁the ▁first ▁round . ▁But ▁O chi ▁came ▁back ▁and ▁KO ’ d ▁Kos uke ▁in ▁the ▁second ▁round . ▁That ▁was ▁“ Ram bo ” ‘ s ▁first ▁pro ▁defeat ▁in ▁seven ▁fights . <bos> -- recursive 
 -- require ▁@ babel / register 
 <bos> Accounting 

 Surf ▁Works ▁offer ▁a ▁range ▁of ▁accounting ▁services ▁suitable ▁for ▁all ▁types ▁of ▁business . ▁Below , ▁we ▁have ▁listed ▁packages ▁suitable ▁for ▁sole ▁traders , ▁partnerships ▁and ▁limited ▁companies . ▁The ▁packages ▁can ▁be ▁fully ▁tailored ▁to ▁your ▁requirements ▁by ▁adding ▁extra ▁services ▁to ▁create ▁the ▁exact ▁service"
Frau,9493,"
 is ▁becoming ▁realized ▁while ▁the ▁ideals ▁the ▁Founders ▁stood ▁for ▁seems ▁to ▁be 
 radic ally ▁misunderstood .” 

 “ No , ▁wait 
 a ▁minute .” 

 “ No . ▁These ▁people ? 
 They ▁are ▁afraid . ▁And ▁maybe ▁for 
 too ▁long ▁we ’ ve ▁all ▁just ▁passively ▁accepted ▁that ▁those ▁elected ▁officials ▁embody 
 the ▁ideals ▁they ▁are ▁sworn ▁to ▁uphold . ▁We 
 haven ’ t ▁kept ▁an ▁eye ▁on ▁them . ▁Now ▁their ▁grand standing ▁seems ▁divided ▁on ▁party ▁lines , ▁exacerbated ▁by ▁the ▁tension ▁in ▁the ▁air .” 

 “ That ’ s 
 not ▁the ▁law . ▁That ▁is ▁not ▁what ▁it 
 says . ▁We ▁have ▁a ▁responsibility ▁to ▁the 
 citizens ▁of ▁this ▁country . ▁And"
Frau,9493,"(), 
 ▁▁▁▁ success : ▁function ▁( data ) ▁{ 
 ▁▁▁▁▁▁▁▁ console . log ( data ); 
 ▁▁▁▁ }, 
 ▁▁▁▁ error : ▁function ( jq XHR , ▁textStatus , ▁errorMessage ) ▁{ 
 ▁▁▁▁▁▁▁▁ console . log ( errorMessage ); ▁// ▁Optional 
 ▁▁▁▁ } 
 }); 
 }) 

 and ▁that ' s ▁my ▁AJAX ▁code . ▁But ▁when ▁I ▁click ▁on ▁Search ▁button ▁it ▁redirects ▁me ▁to ▁the ▁new ▁page ▁and ▁nothing ▁in ▁the ▁console ▁log . ▁I ▁do ▁not ▁know ▁what ▁is ▁wrong ▁in ▁my ▁code . 
 I ▁return ▁a ▁JSON ▁from ▁the ▁'/ age / min _ age / max _ age ' ▁page , ▁but ▁the ▁result ▁shows ▁in ▁the ▁new ▁page . 
 How ▁can ▁I ▁fix"
Frau,9493,"(), 
 ▁▁▁▁ success : ▁function ▁( data ) ▁{ 
 ▁▁▁▁▁▁▁▁ console . log ( data ); 
 ▁▁▁▁ }, 
 ▁▁▁▁ error : ▁function ( jq XHR , ▁textStatus , ▁errorMessage ) ▁{ 
 ▁▁▁▁▁▁▁▁ console . log ( errorMessage ); ▁// ▁Optional 
 ▁▁▁▁ } 
 }); 
 }) 

 and ▁that ' s ▁my ▁AJAX ▁code . ▁But ▁when ▁I ▁click ▁on ▁Search ▁button ▁it ▁redirects ▁me ▁to ▁the ▁new ▁page ▁and ▁nothing ▁in ▁the ▁console ▁log . ▁I ▁do ▁not ▁know ▁what ▁is ▁wrong ▁in ▁my ▁code . 
 I ▁return ▁a ▁JSON ▁from ▁the ▁'/ age / min _ age / max _ age ' ▁page , ▁but ▁the ▁result ▁shows ▁in ▁the ▁new ▁page . 
 How ▁can ▁I ▁fix"
Frau,9493,"6 ▁billion ▁versus ▁ 7 4 0 ▁billion ▁total , ▁or ▁ 4 . 7 %. ▁If ▁this ▁doesn ' t ▁scare ▁you ▁wit less , ▁nothing ▁will . ▁Your ▁mind ▁is ▁gone . ▁You ▁have ▁exited ▁the ▁reality ▁highway . ▁You ▁have ▁achieved ▁the ▁nirvana ▁of ▁total ▁mental ▁drift , ▁and ▁you ▁are ▁floating ▁in ▁a ▁warm ▁sea ▁of ▁dis association . ▁There ▁is ▁also ▁WIC , ▁which ▁at ▁ 4 . 8 ▁billion ▁in ▁FY ▁ 2 0 1 2 ▁gets ▁us ▁to ▁more ▁like ▁ 9 . 5 % ▁of ▁basic ▁food ▁expenditures . All ▁this ▁money , ▁and ▁the ▁increasing ▁population ▁is ▁buying ▁less ▁food ▁per ▁capita ? ▁This ▁is ▁Japanese - style ▁deflation . ▁The ▁following ▁BEA - generated ▁chart ▁shows ▁CURRENT"
Frau,9493,"6 ▁billion ▁versus ▁ 7 4 0 ▁billion ▁total , ▁or ▁ 4 . 7 %. ▁If ▁this ▁doesn ' t ▁scare ▁you ▁wit less , ▁nothing ▁will . ▁Your ▁mind ▁is ▁gone . ▁You ▁have ▁exited ▁the ▁reality ▁highway . ▁You ▁have ▁achieved ▁the ▁nirvana ▁of ▁total ▁mental ▁drift , ▁and ▁you ▁are ▁floating ▁in ▁a ▁warm ▁sea ▁of ▁dis association . ▁There ▁is ▁also ▁WIC , ▁which ▁at ▁ 4 . 8 ▁billion ▁in ▁FY ▁ 2 0 1 2 ▁gets ▁us ▁to ▁more ▁like ▁ 9 . 5 % ▁of ▁basic ▁food ▁expenditures . All ▁this ▁money , ▁and ▁the ▁increasing ▁population ▁is ▁buying ▁less ▁food ▁per ▁capita ? ▁This ▁is ▁Japanese - style ▁deflation . ▁The ▁following ▁BEA - generated ▁chart ▁shows ▁CURRENT"
Frau,9493,"▁interpret ▁the ▁meaning ▁of ▁the ▁message . ▁This ▁is ▁privacy ▁in ▁action . 

 And ▁here ' s ▁an ▁excerpt ▁from ▁the ▁First ▁Monday ▁article : 

 Furthermore , ▁many ▁parents ▁reported ▁that ▁they ▁helped ▁their ▁children ▁create ▁their ▁accounts . ▁Among ▁the ▁ 8 4 ▁percent ▁of ▁parents ▁who ▁were ▁aware ▁when ▁their ▁child ▁first ▁created ▁the ▁account , ▁ 6 4 ▁percent ▁helped ▁create ▁the ▁account . ▁Among ▁those ▁who ▁knew ▁that ▁their ▁child ▁joined ▁below ▁the ▁age ▁of ▁ 1 3 ▁— ▁even ▁if ▁the ▁child ▁is ▁now ▁older ▁than ▁ 1 3 ▁— ▁over ▁two – thirds ▁( 6 8 ▁percent ) ▁indicated ▁that ▁they ▁helped ▁their ▁child ▁create ▁the ▁account . ▁Of ▁those ▁with ▁children ▁who ▁are ▁currently ▁under ▁ 1 3"
Frau,9493,"▁steady . ▁They ▁are ▁not ▁very ▁different ▁from ▁the ▁prior ▁year ' s . ▁This ▁is ▁the ▁current ▁release , ▁and ▁with ▁it ▁I ▁gr ump ily ▁concede ▁that ▁claims ▁are ▁in ▁the ▁ 3 8 0 s ▁rather ▁than ▁the ▁ 3 7 0 s ▁where ▁I ▁wanted ▁them ▁to ▁be . ▁While ▁not ▁dire , ▁this ▁is ▁an ▁unfavorable ▁development . All - important ▁inventories ▁to ▁sales ▁ratios ▁- ▁Total ▁business ▁remains ▁where ▁it ▁has ▁been ▁cycling , ▁which ▁obsc ures ▁the ▁unhappy ▁fact ▁that ▁the ▁reason ▁we ▁are ▁seeing ▁the ▁slow ▁down ▁in ▁production - type ▁PM Is ▁is ▁that ▁it ▁is ▁cycling ▁- ▁businesses ▁are ▁not ching ▁down ▁employment ▁in ▁order ▁to ▁keep ▁it ▁cycling . ▁The ▁forward ▁impetus ▁you ▁get ▁by ▁looking"
Frau,9493,"▁ain ' t ▁exactly ▁asking ▁him ▁to ▁play ▁in ▁goal ▁or ▁right ▁back ▁, ▁he ▁may ▁not ▁be ▁as ▁effective ▁in ▁that ▁place ▁but ▁that ' s ▁up ▁to ▁Jose ▁where ▁he ▁gets ▁the ▁best ▁out ▁of ▁the ▁lad ▁. 

 The ▁jury ▁is ▁out ▁on ▁where ▁Pogba ▁should ▁play ▁but ▁that ▁ain ' t ▁Jose ' s ▁, ▁fault ▁for ▁me ▁I ▁think ▁he ▁should ▁be ▁a ▁numb ▁ 1 0 ▁behind ▁in ▁the ▁present ▁side ▁Sanchez , ▁but ▁then ▁Jose ▁is ▁relying ▁to ▁much ▁on ▁Mat ic ▁, ▁has ▁Fell ani ▁injured ▁( ▁and ▁possibly ▁in ▁the ▁departure ▁lounge ) ▁Herrera ▁not ▁good ▁enough ▁but ▁ultimately ▁have ▁to ▁use ▁him ▁the ▁kid ▁who ▁played ▁Sat ▁plus ▁Carrick ▁finished ▁and ▁a ▁makeshift ▁Blind . 

 As"
Frau,9493,"▁ 
 That ▁is ▁my ▁code : 
 ▁▁▁▁ < script ▁type ="" text / javascript ""> ▁▁▁▁▁ 
 ▁▁▁▁ function ▁change Font (_ name ) ▁{ 
 ▁▁▁▁▁▁▁▁ document . body . style . fontFamily ▁= ▁_ name ; 
 ▁▁▁▁▁▁▁▁ document . textarea ▁= ▁_ name ; 
 ▁▁▁▁ } ▁ 
 ▁▁▁▁ </ script > 

 </ head > 
 < body ▁style ="" font - family ""> ▁▁▁ 
 ▁▁▁▁ < form ▁id ="" my form ""> 
 ▁▁▁▁▁▁▁▁ < input ▁type ="" text "" ▁/> ▁ 
 ▁▁▁▁▁▁▁▁ < button > erase </ button > ▁ 
 ▁▁▁▁▁▁▁▁ < select ▁id ="" fs "" ▁on change ="" change Font ( this . value ); ""> 
 ▁▁▁▁▁▁▁▁▁▁▁▁ < option ▁value ="" arial"
Frau,9493,"▁to ▁own ▁a 
 Think pad ▁with ▁a ▁hardware ▁kill ▁switch ▁for ▁WiFi . ▁It ▁was ▁useful , ▁even ▁aside ▁from 
 the ▁privacy ▁benefits .) 

 ~~~ 
 orth ogon 
 I ▁think ▁you ' re ▁neglecting ▁a ▁key ▁detail : ▁alternatives ▁are ▁hardly ▁even ▁on ▁the 
 shel ves , ▁and ▁NO ▁ONE ▁QUESTIONS ▁IT . 

 ▁▁▁▁ 
 ▁▁▁▁ 
 ▁▁▁▁▁▁ > ▁Oh , ▁well , ▁that ' s ▁just ▁ 
 ▁▁▁▁▁▁▁▁ supply ▁and ▁demand , ▁of ▁ 
 ▁▁▁▁▁▁▁▁ course ! 
 ▁▁▁▁ 
 ▁▁▁▁▁▁ > ▁Everyone ▁just ▁W ANTS ▁an ▁ 
 ▁▁▁▁▁▁▁▁ always ▁on ▁internet ▁connection ! 
 ▁▁▁▁ 
 ▁▁▁▁▁▁ > ▁Why ▁would ▁anyone ▁ever ▁remove 
 ▁▁▁▁▁▁▁▁ the ▁battery ▁from ▁their ▁ 
 ▁▁▁▁▁▁▁▁ cell ▁phone ??? 
"
Frau,9493,"1 6 . ▁I ▁don ’ t ▁know ▁when ▁they ▁[ Joseph ▁and ▁Deborah ] ▁were ▁married ▁but ▁probably ▁about ▁ 1 8 3 8 ▁for ▁their ▁oldest ▁son ▁was ▁born ▁about ▁ 1 8 4 0 . ▁That ▁was ▁Uncle ▁Henry . 

 Joseph ▁and ▁Deborah ▁had ▁three ▁children ▁together ▁before ▁she ▁died ▁about ▁ 1 8 5 4 . ▁Joseph ▁married ▁for ▁the ▁third ▁time ▁on ▁November ▁ 1 1 , ▁ 1 8 6 0 ▁to ▁a ▁widow , ▁Mah ala ▁Harper ▁Shelton ▁of ▁Jackson ▁County . ▁The ▁ 1 8 6 0 ▁census ▁list ▁Joseph ▁as ▁age ▁sixty ▁seven ▁with ▁personal ▁property ▁worth ▁$ 1 5 0 0 ▁and ▁real ▁estate ▁worth ▁$ 1 5 0 0 . ▁While ▁he ▁was ▁not ▁a"
Frau,9493,"

 This ▁is ▁my ▁first ▁re - election ▁campaign ▁for ▁Congress . ▁I ’ ve ▁worked ▁hard ▁— ▁really ▁hard ▁— ▁to ▁do ▁the ▁people ’ s ▁work , ▁but ▁I ▁need ▁your ▁help . ▁We ▁can ’ t ▁take ▁this ▁election ▁for ▁granted ▁and ▁I ’ m ▁working ▁hard ▁to ▁earn ▁every ▁vote . ▁I ▁need ▁you . ▁Together , ▁we ▁can ▁be ▁victorious ▁in ▁ 2 0 1 6 . 

 Support ▁is ▁Building 

 I ’ m ▁honored ▁to ▁have ▁recently ▁earned ▁the ▁endorsements ▁of ▁the ▁Michigan ▁State ▁AFL - CIO , ▁United ▁Auto ▁Workers ▁Region ▁ 1 , ▁Michigan ▁Regional ▁Council ▁of ▁Car penters ▁and ▁Mill wrights , ▁American ▁Federation ▁of ▁Teachers - Michigan , ▁Sheet ▁Metal ▁Workers ▁Local ▁ 8 0 ,"
Frau,9493,"</ option > 
 ▁▁ </ opt group > 
 ▁▁ < opt group ▁label =""[ hel ] ""> 
 ▁▁▁▁ < option ▁value ="" 4 ""> hel </ option > 
 ▁▁ </ opt group > 
 </ select > 

 <bos> Q : 

 Trans lating ▁BYTE ▁Reserved 1 [ 2 4 ] ▁to ▁js ctypes 

 This ▁is ▁the ▁MSD N ▁defin tion : 
 typedef ▁struct ▁_ SYSTEM _ BASIC _ INFORMATION ▁{ 
 ▁▁▁▁ BYTE ▁Reserved 1 [ 2 4 ]; 
 ▁▁▁▁ P VOID ▁Reserved 2 [ 4 ]; 
 ▁▁▁▁ C CHAR ▁Number Of Processors ; 
 } ▁SYSTEM _ BASIC _ INFORMATION ; 

 This ▁guy ▁converted ▁it ▁to ▁this ▁in ▁js - ctypes : 
 var ▁SYSTEM _"
Frau,9493,"This ▁is ▁my ▁answer ▁to ▁the ▁original ▁question ▁( https :// mat hover flow . net / a / 3 2 7 0 2 2 / 5 0 2 4 4 ) ▁whether ▁these ▁numbers ▁are ▁integers ▁to ▁begin ▁with , ▁it ▁gives ▁some ▁combinatorial ▁meaning ▁as ▁well : 
 Use ▁the ▁formulas 
 $ F ( n ) ▁= ▁\ frac {\ varphi ^ n ▁-\ psi ^ n }{\ sqrt { 5 }}$, ▁$\ varphi ▁=\ frac { 1 +\ sqrt { 5 }}{ 2 }, ▁\ psi ▁= ▁\ frac { 1 -\ sqrt { 5 }}{ 2 }$. ▁Let ▁$ q =\ frac {\ psi }{\ varphi } ▁= ▁\ frac {\ sqrt { 5 }- 3 }{ 2 }$, ▁so ▁that 
"
Frau,9493,"This ▁is ▁my ▁answer ▁to ▁the ▁original ▁question ▁( https :// mat hover flow . net / a / 3 2 7 0 2 2 / 5 0 2 4 4 ) ▁whether ▁these ▁numbers ▁are ▁integers ▁to ▁begin ▁with , ▁it ▁gives ▁some ▁combinatorial ▁meaning ▁as ▁well : 
 Use ▁the ▁formulas 
 $ F ( n ) ▁= ▁\ frac {\ varphi ^ n ▁-\ psi ^ n }{\ sqrt { 5 }}$, ▁$\ varphi ▁=\ frac { 1 +\ sqrt { 5 }}{ 2 }, ▁\ psi ▁= ▁\ frac { 1 -\ sqrt { 5 }}{ 2 }$. ▁Let ▁$ q =\ frac {\ psi }{\ varphi } ▁= ▁\ frac {\ sqrt { 5 }- 3 }{ 2 }$, ▁so ▁that 
"
Frau,9493,"0 2 ▁▁▁▁▁ 4 ▁▁▁▁▁▁▁▁▁▁▁▁▁▁▁ 0 , 0 3 ▁▁▁▁▁▁▁▁▁▁ CURRENCY ▁▁▁▁▁▁ 2 0 1 4 - 0 7 - 2 3 ▁ 1 0 : 4 5 : 4 1 
 2 1 ▁▁▁▁ 4 0 8 0 0 2 ▁▁▁▁▁ 6 ▁▁▁▁▁▁▁▁▁▁▁▁▁▁▁ 0 , 0 1 5 ▁▁▁▁▁▁▁▁▁ PERCENT UAL ▁▁▁▁ 2 0 1 4 - 0 7 - 2 3 ▁ 1 0 : 4 5 : 1 8 

 What ▁is ▁wrong ▁in ▁my ▁SQL ? 

 A : 

 This ▁is ▁your ▁query : 
 SELECT ▁* 
 FROM ▁( SELECT ▁* 
 ▁▁▁▁▁▁ FROM ▁user _ com ission _ configuration _ history 
 ▁▁▁▁▁▁ ORDER ▁BY ▁on _ date ▁DESC 
 ▁▁▁▁▁ ) ▁AS ▁ordered _ history 
 WHERE ▁user _"
Frau,9493,"▁it ▁moves ▁forward ; ▁read ▁more ▁about ▁that ▁effort ▁here . ▁I ▁haven ' t ▁seen ▁too ▁much ▁technical ▁information ▁flowing ▁from ▁the ▁Open ▁Compute ▁Summit , ▁although ▁James ▁Hamilton ▁of ▁Amazon ▁posted ▁his ▁slides ▁online ▁here : ▁here 

 Meanwhile ▁( was ▁this ▁part ▁of ▁the ▁summit , ▁or ▁independent ?), ▁the ▁team ▁at ▁Anand Tech ▁have ▁done ▁some ▁independent ▁testing ▁of ▁the ▁Open ▁Compute ▁server ▁components ; ▁in ▁their ▁conclusion , ▁they ▁commend ▁the ▁Open ▁Compute ▁work ▁as ▁showing ▁tremendous ▁potential : 

 The ▁Facebook ▁Open ▁Compute ▁servers ▁have ▁made ▁quite ▁an ▁impression ▁on ▁us . ▁Remember , ▁this ▁is ▁Facebook ' s ▁first ▁attempt ▁to ▁build ▁a ▁cloud ▁server ! ▁This ▁server ▁uses ▁very ▁little ▁power ▁when ▁running ▁at ▁low ▁load ▁( see ▁our"
Frau,9493,"▁relationship ▁with ▁both . 

 Here ▁we ▁have ▁a ▁club ▁with ▁a ▁fanbase ▁essentially ▁stretching ▁in ▁a ▁thin ▁strip ▁from ▁Lad broke ▁Grove ▁to ▁Heathrow , ▁and ▁a ▁crowd ▁of ▁ 1 8 , 0 0 0 . ▁Fans ▁of ▁the ▁club ▁are ▁at ▁their ▁happiest ▁when ▁the ▁team ▁is ▁passing ▁the ▁ball , ▁playing ▁attacking ▁attractive ▁football , ▁the ▁players ▁are ▁smiling ▁and ▁the ▁shirt ▁has ▁a ▁clear , ▁broad ▁blue ▁hoop . ▁That ▁is ▁it . ▁With ▁that ▁approach ▁they ▁won ▁the ▁Championship ▁in ▁ 2 0 1 1 , ▁and ▁that ▁strip ▁of ▁West ▁London ▁smiled . ▁A ▁local ▁joyful ▁experience ▁that ▁had ▁nationwide ▁moment ▁in ▁the ▁sun . 

 Yet ▁the ▁promised - land ▁is ▁the ▁global ▁multinational ▁Barclays ▁Premier ▁League , ▁where"
Frau,9493,"▁relationship ▁with ▁both . 

 Here ▁we ▁have ▁a ▁club ▁with ▁a ▁fanbase ▁essentially ▁stretching ▁in ▁a ▁thin ▁strip ▁from ▁Lad broke ▁Grove ▁to ▁Heathrow , ▁and ▁a ▁crowd ▁of ▁ 1 8 , 0 0 0 . ▁Fans ▁of ▁the ▁club ▁are ▁at ▁their ▁happiest ▁when ▁the ▁team ▁is ▁passing ▁the ▁ball , ▁playing ▁attacking ▁attractive ▁football , ▁the ▁players ▁are ▁smiling ▁and ▁the ▁shirt ▁has ▁a ▁clear , ▁broad ▁blue ▁hoop . ▁That ▁is ▁it . ▁With ▁that ▁approach ▁they ▁won ▁the ▁Championship ▁in ▁ 2 0 1 1 , ▁and ▁that ▁strip ▁of ▁West ▁London ▁smiled . ▁A ▁local ▁joyful ▁experience ▁that ▁had ▁nationwide ▁moment ▁in ▁the ▁sun . 

 Yet ▁the ▁promised - land ▁is ▁the ▁global ▁multinational ▁Barclays ▁Premier ▁League , ▁where"
Frau,9493,"This ▁is ▁the ▁users pace ▁part ▁of ▁the ▁Linux ▁Auditing ▁System , ▁which ▁is ▁a ▁more ▁secure ▁way ▁of ▁logging ▁kernel - level ▁events ▁than ▁sys log . ▁Among ▁other ▁things , ▁it ▁records ▁SEL in ux ▁alerts . ▁Strictly ▁speaking , ▁you ▁don ' t ▁need ▁it . 

 ava hi - daemon ▁ 0 : off ▁ 1 : off ▁ 2 : off ▁ 3 : on ▁ 4 : on ▁ 5 : on ▁ 6 : off 

 This ▁is ▁for ▁auto discovery ▁of ▁services ▁on ▁a ▁network ▁— ▁printers ▁being ▁a ▁big ▁example . ▁It ' s ▁not ▁required . 

 cpus peed ▁ 0 : off ▁ 1 : on ▁ 2 : on ▁ 3 : on ▁ 4"
Frau,9493,"▁decrease ▁braking ▁performance ? 

 It ▁would ▁be ▁highly ▁unusual ▁for ▁the ▁use ▁of ▁one ▁pad ▁material ▁to ▁interfere ▁with ▁the ▁efficacy ▁of ▁another ▁material ▁on ▁a ▁standard ▁metal ▁rotor ▁in ▁such ▁a ▁way ▁as ▁to ▁noticeably ▁affect ▁braking ▁performance , ▁particularly ▁if ▁the ▁rotor ▁were ▁thoroughly ▁cleaned ▁beforehand . ▁That ' s ▁my ▁opinion . ▁There ▁may ▁be ▁some ▁kind ▁of ▁materials ▁scientist ▁out ▁there ▁who ▁may ▁know ▁about ▁something ▁going ▁on ▁in ▁the ▁meso - scale ▁that ▁I ▁don ' t ▁who ▁may ▁disagree ▁with ▁what ▁I ▁just ▁said , ▁but ▁I ▁don ' t ▁think ▁so . 

 As ▁far ▁as ▁I ' m ▁concerned ▁there ' s ▁no ▁need ▁to ▁do ▁anything ▁to ▁the ▁rotor ▁when ▁switching ▁between ▁different ▁types ▁of ▁pads ."
Frau,9493,"t ▁understand , ▁but ▁that ' s ▁life . 

 If ▁your ▁horse ▁chestnuts ▁are ▁suffering ▁from ▁leaf ▁miner ▁( brown ▁yellow ▁tinge ▁towards ▁the ▁end ▁of ▁the ▁leaves ▁from ▁the ▁middle ▁of ▁summer ) ▁the ▁best ▁thing ▁for ▁the ▁trees ▁health ▁is ▁to ▁burn ▁the ▁leaves ▁as ▁it ▁will ▁reduce ▁the ▁infestation ▁next ▁year . 

 Otherwise ▁I ▁would ▁advocate ▁composting , ▁you ▁could ▁save ▁yourself ▁a ▁fortune ▁on ▁bark ▁mulch . 

 My ▁big ▁horse ▁che sn ut ▁has ▁leaf ▁miner ▁- ▁seems ▁to ▁cause ▁it ▁no ▁problems ▁whatsoever , ▁masses ▁of ▁con kers ▁this ▁year ! ▁Each ▁autumn ▁I ▁take ▁about ▁ 1 0 ▁bags ▁of ▁leaves ▁to ▁the ▁tip , ▁If ▁I ▁leave ▁the ▁on ▁the ▁lawn ▁they ▁kill ▁the ▁grass . ▁My"
Frau,9493,": 

 "" Are ▁you ▁trying ▁to ▁tell ▁me ▁that ▁if ▁I ▁am ▁not ▁nice ▁to ▁you , ▁you ▁are ▁going ▁to ▁fire ▁me ?"" 

 "" I ' m ▁not ▁doing ▁anything . ▁This ▁is ▁your ▁choice ."" ▁David ▁sat ▁back ▁in ▁his ▁chair ▁looking ▁smug , ▁as ▁if ▁he ▁really ▁thought ▁sh ▁would ▁change ▁her ▁mind . 

 Hon ▁Hoh , ▁a ▁teacher ▁of ▁the ▁Revelation , ▁takes ▁readers ▁on ▁a ▁riveting ▁journey 

 Do ▁each ▁of ▁us ▁play ▁a ▁role ▁in ▁the ▁kingdom ▁of ▁God ? ▁Can ▁the ▁choices ▁we ▁make ▁affect ▁God ’ s ▁timing ▁of ▁future ▁events ? ▁Hon ▁Hoh ▁examines ▁these ▁questions ▁while ▁taking ▁his ▁readers ▁on ▁a ▁riveting ▁adventure ▁in ▁The ▁Trigger : ▁A ▁Novel ▁on ▁the ▁Revelation . ▁Through"
Frau,9493,"▁of ▁hell ▁... ▁cost ▁them ▁a ▁small ▁fortune . ▁I ▁asked ▁the ▁Plant ▁Manager ▁if ▁it ▁was ▁OK ▁if ▁I ▁looked ▁into ▁it ▁... ▁he ▁thought ▁I ▁was ▁crazy ▁but ▁he ▁hum ored ▁me ▁... ▁told ▁me ▁not ▁to ▁hurt ▁myself ▁... ▁I ▁was ▁just ▁a ▁"" bean ▁counter "". ▁It ▁took ▁me ▁and ▁the ▁head ▁of ▁maintenance ▁less ▁than ▁ 1 ▁week ▁to ▁find ▁the ▁problem ▁... ▁and ▁the ▁problem ▁never ▁recur red ▁in ▁the ▁following ▁three ▁years . ▁Done ! ▁I ' ve ▁got ▁dozen ▁of ▁similar ▁stories ▁... ▁all ▁the ▁same . ▁Ordinary ▁scientists ▁can ' t ▁do ▁shit ▁... ▁they ' re ▁there ▁for ▁the ▁paycheck ▁... ▁that ' s ▁it ."" ▁"" Hell , ▁tell ▁me ▁about ▁it . ▁( pause )"
Frau,9493,"▁of ▁course . ▁There ▁is ▁a ▁relatively ▁high ▁current ▁error ▁in ▁this ▁report ▁for ▁each ▁month ' s ▁data , ▁but ▁the ▁three - month ▁totals ▁should ▁have ▁much ▁less ▁variance . ▁Grocery ▁store ▁sales ▁dropped ▁in ▁November ▁in ▁comparison ▁to ▁October , ▁which ▁is ▁a ▁sign ▁that ▁consumers ▁aren ' t ▁that ▁flush . ▁Food ▁spending ▁dropped ▁in ▁Q 4 ▁last ▁year ▁as ▁well ; ▁consumers ▁cut ▁their ▁food ▁expenditures ▁to ▁pay ▁for ▁other ▁spending . ▁This , ▁btw , ▁is ▁the ▁biggest ▁single ▁indicator ▁that ▁we ▁are ▁in ▁a ▁recession , ▁and ▁it ▁is ▁truly ▁an ▁amazing ▁one , ▁due ▁to ▁the ▁continued ▁expansion ▁of ▁the ▁SNAP ▁( food ▁stamp ) ▁program . ▁It ▁is ▁Table ▁ 2 . 3 . 6 , ▁real -"
Frau,9493,"ern 2 mu \ underline {\ mk ern - 2 mu \ smash { K }\ mk ern - 2 mu }\ mk ern 2 mu ▁}_{\ alpha ▁}. ▁▁ \ label { sb acca }\ end { aligned }$$ ▁This ▁is ▁the ▁background ▁field ▁action ▁we ▁are ▁going ▁to ▁work ▁with . ▁It ▁is ▁straightforward ▁to ▁check ▁that ▁( \[ sb acca \] ) ▁satisfies ▁$\ llbracket ▁S , S \ rrbracket ▁= 0 $. 

 #### ▁Separ ating ▁the ▁background ▁and ▁quantum ▁sectors 

 Now ▁we ▁separate ▁the ▁background ▁sector ▁from ▁the ▁quantum ▁sector . ▁To ▁do ▁this ▁properly ▁we ▁need ▁to ▁make ▁further ▁assumptions . 

 First , ▁we ▁assume ▁that ▁there ▁exists ▁a ▁choice ▁of ▁field ▁variables ▁where ▁the ▁functions ▁$ R ^{\"
Frau,9493,"▁nurse ▁manager ▁had ▁skills ▁to ▁understand ▁the ▁feelings ▁of ▁another ▁person ▁and ▁supported ▁him / her ▁by ▁listening ▁sensi tively . ▁Both ▁s / he ▁and ▁his / her ▁personnel ▁trusted ▁each ▁other . ▁Nurses ▁reported ▁that ▁this ▁encouraged ▁the ▁employees ▁to ▁discuss ▁their ▁personal ▁concerns ▁with ▁the ▁nurse ▁manager . ▁""*"" The ▁way ▁to ▁act , ▁pay ▁attention ▁to ▁the ▁employee , ▁do ▁you ▁listen ▁to ▁her ▁or ▁not , ▁that ▁is ▁the ▁basic ▁question ."" *"" 

 On ▁the ▁other ▁hand , ▁supervisors ▁reported ▁that ▁leading ▁could ▁be ▁too ▁solicit ous , ▁in ▁a ▁completely ▁mother ly ▁way . ▁The ▁basis ▁of ▁the ▁leadership ▁style ▁could ▁be ▁supporting ▁the ▁well - being ▁and ▁job ▁satisfaction ▁of ▁the ▁employees ; ▁this ▁might ▁be ▁more ▁important ▁than"
Frau,9493,"▁previously ▁addressed ▁by ▁the ▁appellate ▁courts ▁of ▁this ▁state . ▁However , ▁because ▁proof ▁of ▁self - insurance ▁would ▁prevent ▁an ▁employer ▁from ▁having ▁to ▁pay ▁the ▁double ▁penalty ▁provision , ▁we ▁find ▁that ▁establishing ▁such ▁proof ▁should ▁properly ▁be ▁the ▁employer ' s ▁burden . 
 In ▁Mobile ▁Lin ers , ▁Inc . ▁v . ▁McConnell , ▁ 2 2 0 ▁Ala . ▁ 5 6 2 , ▁ 1 2 6 ▁So . ▁ 6 2 6 ▁( 1 9 3 0 ), ▁our ▁supreme ▁court ▁was ▁confronted ▁with ▁the ▁question ▁of ▁who ▁had ▁the ▁burden ▁of ▁proof ▁with ▁regard ▁to ▁establishing ▁the ▁number ▁of ▁employees ▁regularly ▁employed ▁by ▁an ▁employer . ▁In ▁that ▁situation , ▁the ▁court ▁noted ▁that ▁because ▁the ▁code ▁section ▁concerning"
Frau,9493,". support . constraint . ConstraintLayout > 

 Im ▁also ▁using ▁the ▁latest ▁version ▁of ▁Constraint Layout 
 compile ▁' com . android . support . constraint : constraint - layout : 1 . 0 . 2 ' 

 A : 

 You ▁need ▁to ▁add : 

 android : gravity ="" center "" 

 to ▁the ▁TextView . 
 This ▁is ▁the ▁only ▁certain ▁way ▁to ▁center ▁the ▁text ▁inside ▁a ▁TextView ▁object ▁or ▁one ▁of ▁its ▁subclasses . 
 The ▁android : textAlignment ▁is ▁not ▁working ▁in ▁all ▁the ▁cases ▁and ▁as ▁reported ▁by ▁this ▁answer ▁that ▁it ▁has ▁problems ▁in ▁lower ▁API ▁levels . ▁ 

 <bos> 2 0 1 7 ▁XIX O ▁Ladies ▁Open ▁H ód mez ő vás ár hely ▁– ▁Doubles"
Frau,9493,"▁API ▁is ▁very ▁similar ▁to ▁Flash ▁itself . ▁However , ▁there ▁were ▁some ▁small ▁details ▁that ▁had ▁some ▁impact ▁during ▁development , ▁making ▁me ▁feel ▁somewhat ▁uneasy ▁the ▁whole ▁time ▁I ▁was ▁writing ▁the ▁game . ▁It ▁was , ▁again , ▁the ▁right ▁thing ▁to ▁do , ▁but ▁I ▁should ▁have ▁used ▁Starling ▁more ▁deeply ▁before ▁( which ▁is ▁the ▁con undrum : ▁I ▁used ▁it ▁for ▁Lud um ▁Dare ▁just ▁so ▁I ▁could ▁learn ▁more ▁about ▁it ). 

 Argument ▁and ▁user ▁experience 

 One ▁final ▁aspect ▁of ▁the ▁game ▁that ▁I ▁learned ▁is ▁that ▁making ▁the ▁game ▁obvious ▁for ▁your ▁players ▁goes ▁a ▁long ▁way ▁into ▁making ▁it ▁fun . ▁If ▁you ▁have ▁to ▁spend ▁the ▁longest ▁time ▁explaining ▁things , ▁your ▁game ▁is ▁doing"
Frau,9493,"▁▁▁▁▁▁▁▁▁▁▁▁▁▁▁▁▁▁▁▁▁▁▁▁▁▁▁▁▁▁▁ ▁▁▁▁▁▁▁▁▁▁▁▁▁▁▁▁▁▁▁▁▁▁▁▁▁▁▁▁▁▁▁ ▁▁▁▁▁▁▁▁▁▁▁▁▁▁▁▁▁▁▁▁▁▁▁▁▁▁▁▁▁▁▁ ▁▁▁▁▁▁▁▁▁▁▁▁▁▁▁▁▁▁▁▁▁▁▁▁▁▁▁▁▁▁▁ ▁▁▁▁▁▁▁▁▁▁▁▁▁▁▁▁▁▁▁▁▁▁▁▁▁▁▁▁▁▁▁ ▁▁▁▁▁▁▁▁▁▁▁▁▁▁▁▁▁▁▁▁▁▁▁▁▁▁▁▁▁▁▁ Codes ▁▁▁▁▁▁▁▁▁▁▁▁▁▁▁▁▁▁▁▁▁▁▁▁▁▁▁▁▁▁▁ ▁▁▁▁▁▁▁▁▁▁▁▁▁▁▁▁▁▁▁▁▁▁▁▁▁▁▁▁▁▁▁ ▁▁▁▁▁▁▁▁▁▁▁▁ Sub category ▁▁▁▁▁▁▁▁▁▁▁▁▁▁▁▁▁▁▁▁▁▁▁▁▁▁▁▁▁▁▁ ▁▁▁▁▁▁▁▁▁▁▁▁▁▁▁▁ Category 
 ▁▁ ---------------- ---------------- ---------------- ---------------- ---------------- ---------------- ---------------- ---------------- ---------------- ---------------- ---------------- ---------------- ------ ▁- ---------------- ---------------- ---------------- ---------------- ------------- ▁- ---------------- ---------------- ---------------- -------- ▁- ---------------- ---------------- ---------------- ---------------- - 
 ▁▁ ' In ▁a ▁larger ▁city ▁one ▁has ▁so ▁many ▁other ▁things ▁to ▁keep ▁you ▁busy ▁anyway , ▁so ▁children ▁come ▁significantly ▁later . ▁Yes , ▁but ▁yeah , ▁maybe ▁it \' s ▁time , ▁I ▁thought ▁a ▁little ▁like ▁that , ▁that ▁it \' s ▁about ▁time \' ▁▁▁ City ▁life ▁offers ▁many ▁alternatives ▁to ▁family ▁formation ▁▁▁▁▁▁▁▁▁▁▁▁▁▁▁▁▁▁▁▁▁▁▁▁▁ A ▁consequence ▁of ▁contemporary ▁lifestyles ▁▁▁▁▁▁▁▁▁▁▁▁▁▁▁▁▁▁ Post pon ed ▁parenthood --- a ▁rational ▁adaptation ▁to ▁societal ▁changes 
 ▁▁ '"
Frau,9493,", 1 3 4 ) ▁on ▁December ▁ 1 6 , ▁ 1 9 0 2 . 

 1 9 0 2 ▁Hearing ▁aid 
 ▁A ▁hearing ▁aid ▁is ▁an ▁electro - acoustic ▁body - worn ▁apparatus ▁which ▁typically ▁fits ▁in ▁or ▁behind ▁the ▁wearer ' s ▁ear , ▁and ▁is ▁designed ▁to ▁amplify ▁and ▁modulate ▁sounds ▁for ▁the ▁wearer . ▁Although ▁hearing ▁aids ▁in ▁some ▁form ▁or ▁fashion ▁such ▁as ▁the ▁ear ▁trumpet ▁were ▁developed ▁in ▁previous ▁years , ▁the ▁first ▁electric ▁hearing ▁aid ▁was ▁invented ▁by ▁Miller ▁Reese ▁Hutchison ▁in ▁ 1 9 0 2 . 

 1 9 0 2 ▁Postage ▁meter 
 ▁A ▁postage ▁meter ▁is ▁a ▁mechanical ▁device ▁used ▁to ▁create ▁and ▁apply ▁physical ▁evidence ▁of ▁postage , ▁or ▁fran king ,"
Frau,9493,"▁access ▁technologies ▁( RAT s ) ▁can ▁be ▁present . ▁To ▁access ▁a ▁specific ▁RAT , ▁connection ▁to ▁the ▁specific ▁RAT ▁is ▁established ▁on ▁the ▁basis ▁of ▁a ▁request ▁of ▁the ▁UE ▁and ▁transmission ▁and ▁reception ▁of ▁data ▁are ▁performed . 
 However , ▁the ▁multi - RAT ▁UE ▁cannot ▁simultaneously ▁access ▁multiple ▁RAT s ▁even ▁though ▁the ▁multi - RAT ▁UE ▁has ▁capability ▁to ▁access ▁two ▁or ▁more ▁RAT . ▁That ▁is , ▁current ▁U Es ▁cannot ▁simultaneously ▁transmit ▁and ▁receive ▁data ▁through ▁different ▁RAT s ▁even ▁if ▁the ▁U Es ▁have ▁multi - RAT ▁capability . 
 Conventional ▁multi - RAT ▁has ▁a ▁problem ▁of ▁low ▁system ▁efficiency ▁since ▁the ▁conventional ▁multi - RAT ▁does ▁not ▁require ▁inter working ▁between ▁a ▁wireless ▁LAN ▁and ▁a"
Frau,9493,"▁was ▁more ▁variable ▁than ▁that ▁of ▁Mediterranean ▁r uda ▁pot y virus ▁( Me RV ), ▁which ▁has ▁a ▁similar ▁ecology ▁\[ [@ B 8 7 - viruses - 1 2 - 0 0 1 3 2 ] \] . 

 In ▁summary , ▁the ▁results ▁of ▁the ▁pop gen ▁analyses ▁complement ▁and ▁confirm ▁inferences ▁obtained ▁from ▁phylogenetic ▁analyses ▁of ▁the ▁same ▁ORF ▁sequences ▁( see ▁above ▁in ▁[ Section ▁ 4 . 1 ](# sec 4 dot 1 - viruses - 1 2 - 0 0 1 3 2 ){ ref - type ="" sec "" }). ▁They ▁also ▁suggest ▁that ▁various ▁pop gen ▁estimates , ▁such ▁as ▁ω , ▁F st , ▁and ▁b , ▁might ▁be ▁used ▁as ▁indicators ▁of ▁whether ▁a ▁population ▁of"
Frau,9493,"▁to ▁log ▁* P * ▁scale . ▁Values ▁of ▁log ▁* P * ▁and ▁C log ▁* P * ▁were ▁calculated ▁with ▁the ▁PC ▁programme ▁CS ▁Chem Bio Draw ▁Ultra ▁ 1 3 . 0 ▁( Cambridge Soft , ▁Cambridge , ▁MA , ▁USA ). 

 3 . 5 . ▁Biological ▁Assays 
 ---------------- ------ 

 ### ▁ 3 . 5 . 1 . ▁Anti my cob acterial ▁* In ▁Vitro * ▁Screening 

 My cob acterial ▁screening ▁was ▁performed ▁against ▁four ▁my cob acterial ▁stems ▁(* M . ▁tuberculosis * ▁H 3 7 Rv ▁CN CTC ▁My ▁ 3 3 1 / 8 8 , ▁* M . ▁k ansas ii * ▁CN CTC ▁My ▁ 2 3 5 / 8 0 , ▁* M ."
Frau,13699,"▁Honig glas ▁nicht ▁aus le cken ▁dürfen ▁dürfen . 

 S pri ch : ▁Es ▁wäre ▁besser ▁gewesen , ▁Autor itäts person ▁ 1 ▁hätte ▁es ▁Autor itäts person ▁ 2 ▁nicht ▁gest attet , ▁mir ▁zu ▁gest atten , ▁das ▁Honig glas ▁aus zule cken . 

 A : 

 Ohne ▁Parti zip ien ▁( also ▁nur ▁finite ▁und ▁infinite ▁Verb formen ) ▁können ▁Kon stru ktionen ▁mit ▁Ver ben ▁der ▁Wahrnehmung ▁( z B ▁sehen , ▁hören ) ▁manchmal ▁viele ▁au feinander fol genden ▁Infin itiv formen ▁enthalten . 
 Ein ▁Z itat ▁aus ▁"" Der ▁Prozess "" ▁von ▁Franz ▁Kafka : 

 Als ▁ich ▁mich ▁ein ▁Weil chen ▁wieder ▁so ▁ruhig ▁ver halten ▁hatte , ▁dass ▁man ▁die ▁F liegen ▁an ▁der ▁Wand ▁hätte"
Frau,13699,"▁Honig glas ▁nicht ▁aus le cken ▁dürfen ▁dürfen . 

 S pri ch : ▁Es ▁wäre ▁besser ▁gewesen , ▁Autor itäts person ▁ 1 ▁hätte ▁es ▁Autor itäts person ▁ 2 ▁nicht ▁gest attet , ▁mir ▁zu ▁gest atten , ▁das ▁Honig glas ▁aus zule cken . 

 A : 

 Ohne ▁Parti zip ien ▁( also ▁nur ▁finite ▁und ▁infinite ▁Verb formen ) ▁können ▁Kon stru ktionen ▁mit ▁Ver ben ▁der ▁Wahrnehmung ▁( z B ▁sehen , ▁hören ) ▁manchmal ▁viele ▁au feinander fol genden ▁Infin itiv formen ▁enthalten . 
 Ein ▁Z itat ▁aus ▁"" Der ▁Prozess "" ▁von ▁Franz ▁Kafka : 

 Als ▁ich ▁mich ▁ein ▁Weil chen ▁wieder ▁so ▁ruhig ▁ver halten ▁hatte , ▁dass ▁man ▁die ▁F liegen ▁an ▁der ▁Wand ▁hätte"
Frau,13699,"▁Honig glas ▁nicht ▁aus le cken ▁dürfen ▁dürfen . 

 S pri ch : ▁Es ▁wäre ▁besser ▁gewesen , ▁Autor itäts person ▁ 1 ▁hätte ▁es ▁Autor itäts person ▁ 2 ▁nicht ▁gest attet , ▁mir ▁zu ▁gest atten , ▁das ▁Honig glas ▁aus zule cken . 

 A : 

 Ohne ▁Parti zip ien ▁( also ▁nur ▁finite ▁und ▁infinite ▁Verb formen ) ▁können ▁Kon stru ktionen ▁mit ▁Ver ben ▁der ▁Wahrnehmung ▁( z B ▁sehen , ▁hören ) ▁manchmal ▁viele ▁au feinander fol genden ▁Infin itiv formen ▁enthalten . 
 Ein ▁Z itat ▁aus ▁"" Der ▁Prozess "" ▁von ▁Franz ▁Kafka : 

 Als ▁ich ▁mich ▁ein ▁Weil chen ▁wieder ▁so ▁ruhig ▁ver halten ▁hatte , ▁dass ▁man ▁die ▁F liegen ▁an ▁der ▁Wand ▁hätte"
Frau,13699,"▁Honig glas ▁nicht ▁aus le cken ▁dürfen ▁dürfen . 

 S pri ch : ▁Es ▁wäre ▁besser ▁gewesen , ▁Autor itäts person ▁ 1 ▁hätte ▁es ▁Autor itäts person ▁ 2 ▁nicht ▁gest attet , ▁mir ▁zu ▁gest atten , ▁das ▁Honig glas ▁aus zule cken . 

 A : 

 Ohne ▁Parti zip ien ▁( also ▁nur ▁finite ▁und ▁infinite ▁Verb formen ) ▁können ▁Kon stru ktionen ▁mit ▁Ver ben ▁der ▁Wahrnehmung ▁( z B ▁sehen , ▁hören ) ▁manchmal ▁viele ▁au feinander fol genden ▁Infin itiv formen ▁enthalten . 
 Ein ▁Z itat ▁aus ▁"" Der ▁Prozess "" ▁von ▁Franz ▁Kafka : 

 Als ▁ich ▁mich ▁ein ▁Weil chen ▁wieder ▁so ▁ruhig ▁ver halten ▁hatte , ▁dass ▁man ▁die ▁F liegen ▁an ▁der ▁Wand ▁hätte"
Frau,13699,"▁Honig glas ▁nicht ▁aus le cken ▁dürfen ▁dürfen . 

 S pri ch : ▁Es ▁wäre ▁besser ▁gewesen , ▁Autor itäts person ▁ 1 ▁hätte ▁es ▁Autor itäts person ▁ 2 ▁nicht ▁gest attet , ▁mir ▁zu ▁gest atten , ▁das ▁Honig glas ▁aus zule cken . 

 A : 

 Ohne ▁Parti zip ien ▁( also ▁nur ▁finite ▁und ▁infinite ▁Verb formen ) ▁können ▁Kon stru ktionen ▁mit ▁Ver ben ▁der ▁Wahrnehmung ▁( z B ▁sehen , ▁hören ) ▁manchmal ▁viele ▁au feinander fol genden ▁Infin itiv formen ▁enthalten . 
 Ein ▁Z itat ▁aus ▁"" Der ▁Prozess "" ▁von ▁Franz ▁Kafka : 

 Als ▁ich ▁mich ▁ein ▁Weil chen ▁wieder ▁so ▁ruhig ▁ver halten ▁hatte , ▁dass ▁man ▁die ▁F liegen ▁an ▁der ▁Wand ▁hätte"
Frau,13699,"▁Honig glas ▁nicht ▁aus le cken ▁dürfen ▁dürfen . 

 S pri ch : ▁Es ▁wäre ▁besser ▁gewesen , ▁Autor itäts person ▁ 1 ▁hätte ▁es ▁Autor itäts person ▁ 2 ▁nicht ▁gest attet , ▁mir ▁zu ▁gest atten , ▁das ▁Honig glas ▁aus zule cken . 

 A : 

 Ohne ▁Parti zip ien ▁( also ▁nur ▁finite ▁und ▁infinite ▁Verb formen ) ▁können ▁Kon stru ktionen ▁mit ▁Ver ben ▁der ▁Wahrnehmung ▁( z B ▁sehen , ▁hören ) ▁manchmal ▁viele ▁au feinander fol genden ▁Infin itiv formen ▁enthalten . 
 Ein ▁Z itat ▁aus ▁"" Der ▁Prozess "" ▁von ▁Franz ▁Kafka : 

 Als ▁ich ▁mich ▁ein ▁Weil chen ▁wieder ▁so ▁ruhig ▁ver halten ▁hatte , ▁dass ▁man ▁die ▁F liegen ▁an ▁der ▁Wand ▁hätte"
Frau,13699,"▁Honig glas ▁nicht ▁aus le cken ▁dürfen ▁dürfen . 

 S pri ch : ▁Es ▁wäre ▁besser ▁gewesen , ▁Autor itäts person ▁ 1 ▁hätte ▁es ▁Autor itäts person ▁ 2 ▁nicht ▁gest attet , ▁mir ▁zu ▁gest atten , ▁das ▁Honig glas ▁aus zule cken . 

 A : 

 Ohne ▁Parti zip ien ▁( also ▁nur ▁finite ▁und ▁infinite ▁Verb formen ) ▁können ▁Kon stru ktionen ▁mit ▁Ver ben ▁der ▁Wahrnehmung ▁( z B ▁sehen , ▁hören ) ▁manchmal ▁viele ▁au feinander fol genden ▁Infin itiv formen ▁enthalten . 
 Ein ▁Z itat ▁aus ▁"" Der ▁Prozess "" ▁von ▁Franz ▁Kafka : 

 Als ▁ich ▁mich ▁ein ▁Weil chen ▁wieder ▁so ▁ruhig ▁ver halten ▁hatte , ▁dass ▁man ▁die ▁F liegen ▁an ▁der ▁Wand ▁hätte"
Frau,13699,"▁Honig glas ▁nicht ▁aus le cken ▁dürfen ▁dürfen . 

 S pri ch : ▁Es ▁wäre ▁besser ▁gewesen , ▁Autor itäts person ▁ 1 ▁hätte ▁es ▁Autor itäts person ▁ 2 ▁nicht ▁gest attet , ▁mir ▁zu ▁gest atten , ▁das ▁Honig glas ▁aus zule cken . 

 A : 

 Ohne ▁Parti zip ien ▁( also ▁nur ▁finite ▁und ▁infinite ▁Verb formen ) ▁können ▁Kon stru ktionen ▁mit ▁Ver ben ▁der ▁Wahrnehmung ▁( z B ▁sehen , ▁hören ) ▁manchmal ▁viele ▁au feinander fol genden ▁Infin itiv formen ▁enthalten . 
 Ein ▁Z itat ▁aus ▁"" Der ▁Prozess "" ▁von ▁Franz ▁Kafka : 

 Als ▁ich ▁mich ▁ein ▁Weil chen ▁wieder ▁so ▁ruhig ▁ver halten ▁hatte , ▁dass ▁man ▁die ▁F liegen ▁an ▁der ▁Wand ▁hätte"
Frau,13699,"▁Honig glas ▁nicht ▁aus le cken ▁dürfen ▁dürfen . 

 S pri ch : ▁Es ▁wäre ▁besser ▁gewesen , ▁Autor itäts person ▁ 1 ▁hätte ▁es ▁Autor itäts person ▁ 2 ▁nicht ▁gest attet , ▁mir ▁zu ▁gest atten , ▁das ▁Honig glas ▁aus zule cken . 

 A : 

 Ohne ▁Parti zip ien ▁( also ▁nur ▁finite ▁und ▁infinite ▁Verb formen ) ▁können ▁Kon stru ktionen ▁mit ▁Ver ben ▁der ▁Wahrnehmung ▁( z B ▁sehen , ▁hören ) ▁manchmal ▁viele ▁au feinander fol genden ▁Infin itiv formen ▁enthalten . 
 Ein ▁Z itat ▁aus ▁"" Der ▁Prozess "" ▁von ▁Franz ▁Kafka : 

 Als ▁ich ▁mich ▁ein ▁Weil chen ▁wieder ▁so ▁ruhig ▁ver halten ▁hatte , ▁dass ▁man ▁die ▁F liegen ▁an ▁der ▁Wand ▁hätte"
Frau,13699,"▁mit ▁fünf ▁oder ▁mehr ▁au feinander fol genden ▁Ver ben ▁einge fallen . 

 A : 

 Man ▁kann ▁im ▁Grunde ▁alle ▁verfügb aren ▁Modal ver ben ▁ane inander rei hen , ▁auch ▁wenn ▁pro ▁hinzu gefü gten ▁Modal verb ▁es ▁immer ▁auf wendi ger ▁wird , ▁einen ▁Sitz ▁im ▁Leben ▁für ▁einen ▁solchen ▁Satz ▁zu ▁finden . ▁Aber ▁unmöglich ▁ist ▁es ▁nicht . 

 Ich ▁hätte ▁das ▁Honig glas ▁nicht ▁aus le cken ▁dürfen . 
 Ich ▁hätte ▁das ▁Honig glas ▁nicht ▁aus le cken ▁wollen ▁sollen . 
 [...] 
 Ich ▁hätte ▁das ▁Honig glas ▁nicht ▁aus le cken ▁wollen ▁sollen ▁können ▁dürfen ▁müssen ▁mögen . 

 Nun ▁kann ▁man ▁aber ▁auch ▁die ▁Modal ver ben ▁mehrfach ▁einsetzen : 

 Ich ▁▁ h ätte ▁das"
Frau,13699,"▁mit ▁fünf ▁oder ▁mehr ▁au feinander fol genden ▁Ver ben ▁einge fallen . 

 A : 

 Man ▁kann ▁im ▁Grunde ▁alle ▁verfügb aren ▁Modal ver ben ▁ane inander rei hen , ▁auch ▁wenn ▁pro ▁hinzu gefü gten ▁Modal verb ▁es ▁immer ▁auf wendi ger ▁wird , ▁einen ▁Sitz ▁im ▁Leben ▁für ▁einen ▁solchen ▁Satz ▁zu ▁finden . ▁Aber ▁unmöglich ▁ist ▁es ▁nicht . 

 Ich ▁hätte ▁das ▁Honig glas ▁nicht ▁aus le cken ▁dürfen . 
 Ich ▁hätte ▁das ▁Honig glas ▁nicht ▁aus le cken ▁wollen ▁sollen . 
 [...] 
 Ich ▁hätte ▁das ▁Honig glas ▁nicht ▁aus le cken ▁wollen ▁sollen ▁können ▁dürfen ▁müssen ▁mögen . 

 Nun ▁kann ▁man ▁aber ▁auch ▁die ▁Modal ver ben ▁mehrfach ▁einsetzen : 

 Ich ▁▁ h ätte ▁das"
Frau,13699,"▁mit ▁fünf ▁oder ▁mehr ▁au feinander fol genden ▁Ver ben ▁einge fallen . 

 A : 

 Man ▁kann ▁im ▁Grunde ▁alle ▁verfügb aren ▁Modal ver ben ▁ane inander rei hen , ▁auch ▁wenn ▁pro ▁hinzu gefü gten ▁Modal verb ▁es ▁immer ▁auf wendi ger ▁wird , ▁einen ▁Sitz ▁im ▁Leben ▁für ▁einen ▁solchen ▁Satz ▁zu ▁finden . ▁Aber ▁unmöglich ▁ist ▁es ▁nicht . 

 Ich ▁hätte ▁das ▁Honig glas ▁nicht ▁aus le cken ▁dürfen . 
 Ich ▁hätte ▁das ▁Honig glas ▁nicht ▁aus le cken ▁wollen ▁sollen . 
 [...] 
 Ich ▁hätte ▁das ▁Honig glas ▁nicht ▁aus le cken ▁wollen ▁sollen ▁können ▁dürfen ▁müssen ▁mögen . 

 Nun ▁kann ▁man ▁aber ▁auch ▁die ▁Modal ver ben ▁mehrfach ▁einsetzen : 

 Ich ▁▁ h ätte ▁das"
Frau,13699,"▁mit ▁fünf ▁oder ▁mehr ▁au feinander fol genden ▁Ver ben ▁einge fallen . 

 A : 

 Man ▁kann ▁im ▁Grunde ▁alle ▁verfügb aren ▁Modal ver ben ▁ane inander rei hen , ▁auch ▁wenn ▁pro ▁hinzu gefü gten ▁Modal verb ▁es ▁immer ▁auf wendi ger ▁wird , ▁einen ▁Sitz ▁im ▁Leben ▁für ▁einen ▁solchen ▁Satz ▁zu ▁finden . ▁Aber ▁unmöglich ▁ist ▁es ▁nicht . 

 Ich ▁hätte ▁das ▁Honig glas ▁nicht ▁aus le cken ▁dürfen . 
 Ich ▁hätte ▁das ▁Honig glas ▁nicht ▁aus le cken ▁wollen ▁sollen . 
 [...] 
 Ich ▁hätte ▁das ▁Honig glas ▁nicht ▁aus le cken ▁wollen ▁sollen ▁können ▁dürfen ▁müssen ▁mögen . 

 Nun ▁kann ▁man ▁aber ▁auch ▁die ▁Modal ver ben ▁mehrfach ▁einsetzen : 

 Ich ▁▁ h ätte ▁das"
Frau,13699,"▁mit ▁fünf ▁oder ▁mehr ▁au feinander fol genden ▁Ver ben ▁einge fallen . 

 A : 

 Man ▁kann ▁im ▁Grunde ▁alle ▁verfügb aren ▁Modal ver ben ▁ane inander rei hen , ▁auch ▁wenn ▁pro ▁hinzu gefü gten ▁Modal verb ▁es ▁immer ▁auf wendi ger ▁wird , ▁einen ▁Sitz ▁im ▁Leben ▁für ▁einen ▁solchen ▁Satz ▁zu ▁finden . ▁Aber ▁unmöglich ▁ist ▁es ▁nicht . 

 Ich ▁hätte ▁das ▁Honig glas ▁nicht ▁aus le cken ▁dürfen . 
 Ich ▁hätte ▁das ▁Honig glas ▁nicht ▁aus le cken ▁wollen ▁sollen . 
 [...] 
 Ich ▁hätte ▁das ▁Honig glas ▁nicht ▁aus le cken ▁wollen ▁sollen ▁können ▁dürfen ▁müssen ▁mögen . 

 Nun ▁kann ▁man ▁aber ▁auch ▁die ▁Modal ver ben ▁mehrfach ▁einsetzen : 

 Ich ▁▁ h ätte ▁das"
Frau,13699,"▁mit ▁fünf ▁oder ▁mehr ▁au feinander fol genden ▁Ver ben ▁einge fallen . 

 A : 

 Man ▁kann ▁im ▁Grunde ▁alle ▁verfügb aren ▁Modal ver ben ▁ane inander rei hen , ▁auch ▁wenn ▁pro ▁hinzu gefü gten ▁Modal verb ▁es ▁immer ▁auf wendi ger ▁wird , ▁einen ▁Sitz ▁im ▁Leben ▁für ▁einen ▁solchen ▁Satz ▁zu ▁finden . ▁Aber ▁unmöglich ▁ist ▁es ▁nicht . 

 Ich ▁hätte ▁das ▁Honig glas ▁nicht ▁aus le cken ▁dürfen . 
 Ich ▁hätte ▁das ▁Honig glas ▁nicht ▁aus le cken ▁wollen ▁sollen . 
 [...] 
 Ich ▁hätte ▁das ▁Honig glas ▁nicht ▁aus le cken ▁wollen ▁sollen ▁können ▁dürfen ▁müssen ▁mögen . 

 Nun ▁kann ▁man ▁aber ▁auch ▁die ▁Modal ver ben ▁mehrfach ▁einsetzen : 

 Ich ▁▁ h ätte ▁das"
Frau,13699,"▁mit ▁fünf ▁oder ▁mehr ▁au feinander fol genden ▁Ver ben ▁einge fallen . 

 A : 

 Man ▁kann ▁im ▁Grunde ▁alle ▁verfügb aren ▁Modal ver ben ▁ane inander rei hen , ▁auch ▁wenn ▁pro ▁hinzu gefü gten ▁Modal verb ▁es ▁immer ▁auf wendi ger ▁wird , ▁einen ▁Sitz ▁im ▁Leben ▁für ▁einen ▁solchen ▁Satz ▁zu ▁finden . ▁Aber ▁unmöglich ▁ist ▁es ▁nicht . 

 Ich ▁hätte ▁das ▁Honig glas ▁nicht ▁aus le cken ▁dürfen . 
 Ich ▁hätte ▁das ▁Honig glas ▁nicht ▁aus le cken ▁wollen ▁sollen . 
 [...] 
 Ich ▁hätte ▁das ▁Honig glas ▁nicht ▁aus le cken ▁wollen ▁sollen ▁können ▁dürfen ▁müssen ▁mögen . 

 Nun ▁kann ▁man ▁aber ▁auch ▁die ▁Modal ver ben ▁mehrfach ▁einsetzen : 

 Ich ▁▁ h ätte ▁das"
Frau,13699,"reibe ▁einen ▁Brief ▁( 1 ) 
 Ich ▁habe ▁einen ▁Brief ▁schreiben ▁müssen ▁( 2 ) 
 Der ▁Brief ▁muss ▁geschrieben ▁werden ▁( 3 ) 
 Der ▁Brief ▁hätte ▁geschrieben ▁werden ▁müssen ▁( 4 ) 

 Ein ▁Bek an nter ▁meinte , ▁dass ▁es ▁nicht ▁möglich ▁sei , ▁einen ▁kor rek ten ▁Satz ▁mit ▁mehr ▁als ▁vier ▁au feinander fol genden ▁Ver ben ▁zu ▁form ulieren , ▁aber ▁nach ▁einiger ▁Zeit ▁ist ▁mir ▁ein ▁Satz ▁mit ▁fünf ▁einge fallen : 

 Er ▁war ▁nicht ▁so ▁bl öd , ▁wie ▁man ▁hätte ▁gene igt ▁sein ▁können ▁anzunehmen . 

 Ist ▁das ▁auch ▁mit ▁mehr ▁als ▁fünf ▁Ver ben ▁möglich ? 
 Ich ▁habe ▁jetzt ▁eine ▁We ile ▁darüber ▁nach ged acht , ▁aber ▁mir ▁ist ▁kein ▁anderer ▁Satz"
Frau,13699,"reibe ▁einen ▁Brief ▁( 1 ) 
 Ich ▁habe ▁einen ▁Brief ▁schreiben ▁müssen ▁( 2 ) 
 Der ▁Brief ▁muss ▁geschrieben ▁werden ▁( 3 ) 
 Der ▁Brief ▁hätte ▁geschrieben ▁werden ▁müssen ▁( 4 ) 

 Ein ▁Bek an nter ▁meinte , ▁dass ▁es ▁nicht ▁möglich ▁sei , ▁einen ▁kor rek ten ▁Satz ▁mit ▁mehr ▁als ▁vier ▁au feinander fol genden ▁Ver ben ▁zu ▁form ulieren , ▁aber ▁nach ▁einiger ▁Zeit ▁ist ▁mir ▁ein ▁Satz ▁mit ▁fünf ▁einge fallen : 

 Er ▁war ▁nicht ▁so ▁bl öd , ▁wie ▁man ▁hätte ▁gene igt ▁sein ▁können ▁anzunehmen . 

 Ist ▁das ▁auch ▁mit ▁mehr ▁als ▁fünf ▁Ver ben ▁möglich ? 
 Ich ▁habe ▁jetzt ▁eine ▁We ile ▁darüber ▁nach ged acht , ▁aber ▁mir ▁ist ▁kein ▁anderer ▁Satz"
Frau,13699,"reibe ▁einen ▁Brief ▁( 1 ) 
 Ich ▁habe ▁einen ▁Brief ▁schreiben ▁müssen ▁( 2 ) 
 Der ▁Brief ▁muss ▁geschrieben ▁werden ▁( 3 ) 
 Der ▁Brief ▁hätte ▁geschrieben ▁werden ▁müssen ▁( 4 ) 

 Ein ▁Bek an nter ▁meinte , ▁dass ▁es ▁nicht ▁möglich ▁sei , ▁einen ▁kor rek ten ▁Satz ▁mit ▁mehr ▁als ▁vier ▁au feinander fol genden ▁Ver ben ▁zu ▁form ulieren , ▁aber ▁nach ▁einiger ▁Zeit ▁ist ▁mir ▁ein ▁Satz ▁mit ▁fünf ▁einge fallen : 

 Er ▁war ▁nicht ▁so ▁bl öd , ▁wie ▁man ▁hätte ▁gene igt ▁sein ▁können ▁anzunehmen . 

 Ist ▁das ▁auch ▁mit ▁mehr ▁als ▁fünf ▁Ver ben ▁möglich ? 
 Ich ▁habe ▁jetzt ▁eine ▁We ile ▁darüber ▁nach ged acht , ▁aber ▁mir ▁ist ▁kein ▁anderer ▁Satz"
Frau,13699,"reibe ▁einen ▁Brief ▁( 1 ) 
 Ich ▁habe ▁einen ▁Brief ▁schreiben ▁müssen ▁( 2 ) 
 Der ▁Brief ▁muss ▁geschrieben ▁werden ▁( 3 ) 
 Der ▁Brief ▁hätte ▁geschrieben ▁werden ▁müssen ▁( 4 ) 

 Ein ▁Bek an nter ▁meinte , ▁dass ▁es ▁nicht ▁möglich ▁sei , ▁einen ▁kor rek ten ▁Satz ▁mit ▁mehr ▁als ▁vier ▁au feinander fol genden ▁Ver ben ▁zu ▁form ulieren , ▁aber ▁nach ▁einiger ▁Zeit ▁ist ▁mir ▁ein ▁Satz ▁mit ▁fünf ▁einge fallen : 

 Er ▁war ▁nicht ▁so ▁bl öd , ▁wie ▁man ▁hätte ▁gene igt ▁sein ▁können ▁anzunehmen . 

 Ist ▁das ▁auch ▁mit ▁mehr ▁als ▁fünf ▁Ver ben ▁möglich ? 
 Ich ▁habe ▁jetzt ▁eine ▁We ile ▁darüber ▁nach ged acht , ▁aber ▁mir ▁ist ▁kein ▁anderer ▁Satz"
Frau,13699,"reibe ▁einen ▁Brief ▁( 1 ) 
 Ich ▁habe ▁einen ▁Brief ▁schreiben ▁müssen ▁( 2 ) 
 Der ▁Brief ▁muss ▁geschrieben ▁werden ▁( 3 ) 
 Der ▁Brief ▁hätte ▁geschrieben ▁werden ▁müssen ▁( 4 ) 

 Ein ▁Bek an nter ▁meinte , ▁dass ▁es ▁nicht ▁möglich ▁sei , ▁einen ▁kor rek ten ▁Satz ▁mit ▁mehr ▁als ▁vier ▁au feinander fol genden ▁Ver ben ▁zu ▁form ulieren , ▁aber ▁nach ▁einiger ▁Zeit ▁ist ▁mir ▁ein ▁Satz ▁mit ▁fünf ▁einge fallen : 

 Er ▁war ▁nicht ▁so ▁bl öd , ▁wie ▁man ▁hätte ▁gene igt ▁sein ▁können ▁anzunehmen . 

 Ist ▁das ▁auch ▁mit ▁mehr ▁als ▁fünf ▁Ver ben ▁möglich ? 
 Ich ▁habe ▁jetzt ▁eine ▁We ile ▁darüber ▁nach ged acht , ▁aber ▁mir ▁ist ▁kein ▁anderer ▁Satz"
Frau,13699,"reibe ▁einen ▁Brief ▁( 1 ) 
 Ich ▁habe ▁einen ▁Brief ▁schreiben ▁müssen ▁( 2 ) 
 Der ▁Brief ▁muss ▁geschrieben ▁werden ▁( 3 ) 
 Der ▁Brief ▁hätte ▁geschrieben ▁werden ▁müssen ▁( 4 ) 

 Ein ▁Bek an nter ▁meinte , ▁dass ▁es ▁nicht ▁möglich ▁sei , ▁einen ▁kor rek ten ▁Satz ▁mit ▁mehr ▁als ▁vier ▁au feinander fol genden ▁Ver ben ▁zu ▁form ulieren , ▁aber ▁nach ▁einiger ▁Zeit ▁ist ▁mir ▁ein ▁Satz ▁mit ▁fünf ▁einge fallen : 

 Er ▁war ▁nicht ▁so ▁bl öd , ▁wie ▁man ▁hätte ▁gene igt ▁sein ▁können ▁anzunehmen . 

 Ist ▁das ▁auch ▁mit ▁mehr ▁als ▁fünf ▁Ver ben ▁möglich ? 
 Ich ▁habe ▁jetzt ▁eine ▁We ile ▁darüber ▁nach ged acht , ▁aber ▁mir ▁ist ▁kein ▁anderer ▁Satz"
Frau,13699,"reibe ▁einen ▁Brief ▁( 1 ) 
 Ich ▁habe ▁einen ▁Brief ▁schreiben ▁müssen ▁( 2 ) 
 Der ▁Brief ▁muss ▁geschrieben ▁werden ▁( 3 ) 
 Der ▁Brief ▁hätte ▁geschrieben ▁werden ▁müssen ▁( 4 ) 

 Ein ▁Bek an nter ▁meinte , ▁dass ▁es ▁nicht ▁möglich ▁sei , ▁einen ▁kor rek ten ▁Satz ▁mit ▁mehr ▁als ▁vier ▁au feinander fol genden ▁Ver ben ▁zu ▁form ulieren , ▁aber ▁nach ▁einiger ▁Zeit ▁ist ▁mir ▁ein ▁Satz ▁mit ▁fünf ▁einge fallen : 

 Er ▁war ▁nicht ▁so ▁bl öd , ▁wie ▁man ▁hätte ▁gene igt ▁sein ▁können ▁anzunehmen . 

 Ist ▁das ▁auch ▁mit ▁mehr ▁als ▁fünf ▁Ver ben ▁möglich ? 
 Ich ▁habe ▁jetzt ▁eine ▁We ile ▁darüber ▁nach ged acht , ▁aber ▁mir ▁ist ▁kein ▁anderer ▁Satz"
Frau,13699,"reibe ▁einen ▁Brief ▁( 1 ) 
 Ich ▁habe ▁einen ▁Brief ▁schreiben ▁müssen ▁( 2 ) 
 Der ▁Brief ▁muss ▁geschrieben ▁werden ▁( 3 ) 
 Der ▁Brief ▁hätte ▁geschrieben ▁werden ▁müssen ▁( 4 ) 

 Ein ▁Bek an nter ▁meinte , ▁dass ▁es ▁nicht ▁möglich ▁sei , ▁einen ▁kor rek ten ▁Satz ▁mit ▁mehr ▁als ▁vier ▁au feinander fol genden ▁Ver ben ▁zu ▁form ulieren , ▁aber ▁nach ▁einiger ▁Zeit ▁ist ▁mir ▁ein ▁Satz ▁mit ▁fünf ▁einge fallen : 

 Er ▁war ▁nicht ▁so ▁bl öd , ▁wie ▁man ▁hätte ▁gene igt ▁sein ▁können ▁anzunehmen . 

 Ist ▁das ▁auch ▁mit ▁mehr ▁als ▁fünf ▁Ver ben ▁möglich ? 
 Ich ▁habe ▁jetzt ▁eine ▁We ile ▁darüber ▁nach ged acht , ▁aber ▁mir ▁ist ▁kein ▁anderer ▁Satz"
Frau,13699,"reibe ▁einen ▁Brief ▁( 1 ) 
 Ich ▁habe ▁einen ▁Brief ▁schreiben ▁müssen ▁( 2 ) 
 Der ▁Brief ▁muss ▁geschrieben ▁werden ▁( 3 ) 
 Der ▁Brief ▁hätte ▁geschrieben ▁werden ▁müssen ▁( 4 ) 

 Ein ▁Bek an nter ▁meinte , ▁dass ▁es ▁nicht ▁möglich ▁sei , ▁einen ▁kor rek ten ▁Satz ▁mit ▁mehr ▁als ▁vier ▁au feinander fol genden ▁Ver ben ▁zu ▁form ulieren , ▁aber ▁nach ▁einiger ▁Zeit ▁ist ▁mir ▁ein ▁Satz ▁mit ▁fünf ▁einge fallen : 

 Er ▁war ▁nicht ▁so ▁bl öd , ▁wie ▁man ▁hätte ▁gene igt ▁sein ▁können ▁anzunehmen . 

 Ist ▁das ▁auch ▁mit ▁mehr ▁als ▁fünf ▁Ver ben ▁möglich ? 
 Ich ▁habe ▁jetzt ▁eine ▁We ile ▁darüber ▁nach ged acht , ▁aber ▁mir ▁ist ▁kein ▁anderer ▁Satz"
Frau,13699,"reibe ▁einen ▁Brief ▁( 1 ) 
 Ich ▁habe ▁einen ▁Brief ▁schreiben ▁müssen ▁( 2 ) 
 Der ▁Brief ▁muss ▁geschrieben ▁werden ▁( 3 ) 
 Der ▁Brief ▁hätte ▁geschrieben ▁werden ▁müssen ▁( 4 ) 

 Ein ▁Bek an nter ▁meinte , ▁dass ▁es ▁nicht ▁möglich ▁sei , ▁einen ▁kor rek ten ▁Satz ▁mit ▁mehr ▁als ▁vier ▁au feinander fol genden ▁Ver ben ▁zu ▁form ulieren , ▁aber ▁nach ▁einiger ▁Zeit ▁ist ▁mir ▁ein ▁Satz ▁mit ▁fünf ▁einge fallen : 

 Er ▁war ▁nicht ▁so ▁bl öd , ▁wie ▁man ▁hätte ▁gene igt ▁sein ▁können ▁anzunehmen . 

 Ist ▁das ▁auch ▁mit ▁mehr ▁als ▁fünf ▁Ver ben ▁möglich ? 
 Ich ▁habe ▁jetzt ▁eine ▁We ile ▁darüber ▁nach ged acht , ▁aber ▁mir ▁ist ▁kein ▁anderer ▁Satz"
Frau,13699,"reibe ▁einen ▁Brief ▁( 1 ) 
 Ich ▁habe ▁einen ▁Brief ▁schreiben ▁müssen ▁( 2 ) 
 Der ▁Brief ▁muss ▁geschrieben ▁werden ▁( 3 ) 
 Der ▁Brief ▁hätte ▁geschrieben ▁werden ▁müssen ▁( 4 ) 

 Ein ▁Bek an nter ▁meinte , ▁dass ▁es ▁nicht ▁möglich ▁sei , ▁einen ▁kor rek ten ▁Satz ▁mit ▁mehr ▁als ▁vier ▁au feinander fol genden ▁Ver ben ▁zu ▁form ulieren , ▁aber ▁nach ▁einiger ▁Zeit ▁ist ▁mir ▁ein ▁Satz ▁mit ▁fünf ▁einge fallen : 

 Er ▁war ▁nicht ▁so ▁bl öd , ▁wie ▁man ▁hätte ▁gene igt ▁sein ▁können ▁anzunehmen . 

 Ist ▁das ▁auch ▁mit ▁mehr ▁als ▁fünf ▁Ver ben ▁möglich ? 
 Ich ▁habe ▁jetzt ▁eine ▁We ile ▁darüber ▁nach ged acht , ▁aber ▁mir ▁ist ▁kein ▁anderer ▁Satz"
Frau,13699,"reibe ▁einen ▁Brief ▁( 1 ) 
 Ich ▁habe ▁einen ▁Brief ▁schreiben ▁müssen ▁( 2 ) 
 Der ▁Brief ▁muss ▁geschrieben ▁werden ▁( 3 ) 
 Der ▁Brief ▁hätte ▁geschrieben ▁werden ▁müssen ▁( 4 ) 

 Ein ▁Bek an nter ▁meinte , ▁dass ▁es ▁nicht ▁möglich ▁sei , ▁einen ▁kor rek ten ▁Satz ▁mit ▁mehr ▁als ▁vier ▁au feinander fol genden ▁Ver ben ▁zu ▁form ulieren , ▁aber ▁nach ▁einiger ▁Zeit ▁ist ▁mir ▁ein ▁Satz ▁mit ▁fünf ▁einge fallen : 

 Er ▁war ▁nicht ▁so ▁bl öd , ▁wie ▁man ▁hätte ▁gene igt ▁sein ▁können ▁anzunehmen . 

 Ist ▁das ▁auch ▁mit ▁mehr ▁als ▁fünf ▁Ver ben ▁möglich ? 
 Ich ▁habe ▁jetzt ▁eine ▁We ile ▁darüber ▁nach ged acht , ▁aber ▁mir ▁ist ▁kein ▁anderer ▁Satz"
Frau,13699,"▁können ▁gehen ▁hören , ▁ver nahm ▁ich , ▁dass ... 

 Ich ▁bin ▁aber ▁eher ▁der ▁Meinung , ▁dass ▁die ▁Reihenfolge ▁in ▁diesem ▁Fall ▁eher ▁un idio matisch ▁ist . ▁H ätte ▁gehen ▁hören ▁können ▁f ände ▁ich ▁besser . ▁Man ▁kann ▁sich ▁auch ▁locker ▁eine ▁real istische ▁Situation ▁vorstellen , ▁wo ▁noch ▁ein ▁Modal verb ▁dazu ▁kommt , ▁ohne ▁dass ▁es ▁zu ▁sch rä g ▁klingt , ▁und ▁noch ▁verständ lich ▁wäre , ▁b sp w .: 

 Es ▁war ▁im ▁Raum ▁so ▁le ise , ▁dass ▁man ▁ihn ▁eigentlich ▁hätte ▁at men ▁hören ▁können ▁sollen . 

 A : 

 Man ▁kann ▁deinen ▁Beispiel s atz ▁einfach ▁erweit ern : 

 Er ▁war ▁nicht ▁so ▁bl öd , ▁wie ▁man ▁hätte ▁gene igt ▁gewesen ▁sein"
Frau,13699,"▁können ▁gehen ▁hören , ▁ver nahm ▁ich , ▁dass ... 

 Ich ▁bin ▁aber ▁eher ▁der ▁Meinung , ▁dass ▁die ▁Reihenfolge ▁in ▁diesem ▁Fall ▁eher ▁un idio matisch ▁ist . ▁H ätte ▁gehen ▁hören ▁können ▁f ände ▁ich ▁besser . ▁Man ▁kann ▁sich ▁auch ▁locker ▁eine ▁real istische ▁Situation ▁vorstellen , ▁wo ▁noch ▁ein ▁Modal verb ▁dazu ▁kommt , ▁ohne ▁dass ▁es ▁zu ▁sch rä g ▁klingt , ▁und ▁noch ▁verständ lich ▁wäre , ▁b sp w .: 

 Es ▁war ▁im ▁Raum ▁so ▁le ise , ▁dass ▁man ▁ihn ▁eigentlich ▁hätte ▁at men ▁hören ▁können ▁sollen . 

 A : 

 Man ▁kann ▁deinen ▁Beispiel s atz ▁einfach ▁erweit ern : 

 Er ▁war ▁nicht ▁so ▁bl öd , ▁wie ▁man ▁hätte ▁gene igt ▁gewesen ▁sein"
Frau,13699,"▁können ▁gehen ▁hören , ▁ver nahm ▁ich , ▁dass ... 

 Ich ▁bin ▁aber ▁eher ▁der ▁Meinung , ▁dass ▁die ▁Reihenfolge ▁in ▁diesem ▁Fall ▁eher ▁un idio matisch ▁ist . ▁H ätte ▁gehen ▁hören ▁können ▁f ände ▁ich ▁besser . ▁Man ▁kann ▁sich ▁auch ▁locker ▁eine ▁real istische ▁Situation ▁vorstellen , ▁wo ▁noch ▁ein ▁Modal verb ▁dazu ▁kommt , ▁ohne ▁dass ▁es ▁zu ▁sch rä g ▁klingt , ▁und ▁noch ▁verständ lich ▁wäre , ▁b sp w .: 

 Es ▁war ▁im ▁Raum ▁so ▁le ise , ▁dass ▁man ▁ihn ▁eigentlich ▁hätte ▁at men ▁hören ▁können ▁sollen . 

 A : 

 Man ▁kann ▁deinen ▁Beispiel s atz ▁einfach ▁erweit ern : 

 Er ▁war ▁nicht ▁so ▁bl öd , ▁wie ▁man ▁hätte ▁gene igt ▁gewesen ▁sein"
Frau,13699,"▁können ▁gehen ▁hören , ▁ver nahm ▁ich , ▁dass ... 

 Ich ▁bin ▁aber ▁eher ▁der ▁Meinung , ▁dass ▁die ▁Reihenfolge ▁in ▁diesem ▁Fall ▁eher ▁un idio matisch ▁ist . ▁H ätte ▁gehen ▁hören ▁können ▁f ände ▁ich ▁besser . ▁Man ▁kann ▁sich ▁auch ▁locker ▁eine ▁real istische ▁Situation ▁vorstellen , ▁wo ▁noch ▁ein ▁Modal verb ▁dazu ▁kommt , ▁ohne ▁dass ▁es ▁zu ▁sch rä g ▁klingt , ▁und ▁noch ▁verständ lich ▁wäre , ▁b sp w .: 

 Es ▁war ▁im ▁Raum ▁so ▁le ise , ▁dass ▁man ▁ihn ▁eigentlich ▁hätte ▁at men ▁hören ▁können ▁sollen . 

 A : 

 Man ▁kann ▁deinen ▁Beispiel s atz ▁einfach ▁erweit ern : 

 Er ▁war ▁nicht ▁so ▁bl öd , ▁wie ▁man ▁hätte ▁gene igt ▁gewesen ▁sein"
Frau,13699,"▁können ▁gehen ▁hören , ▁ver nahm ▁ich , ▁dass ... 

 Ich ▁bin ▁aber ▁eher ▁der ▁Meinung , ▁dass ▁die ▁Reihenfolge ▁in ▁diesem ▁Fall ▁eher ▁un idio matisch ▁ist . ▁H ätte ▁gehen ▁hören ▁können ▁f ände ▁ich ▁besser . ▁Man ▁kann ▁sich ▁auch ▁locker ▁eine ▁real istische ▁Situation ▁vorstellen , ▁wo ▁noch ▁ein ▁Modal verb ▁dazu ▁kommt , ▁ohne ▁dass ▁es ▁zu ▁sch rä g ▁klingt , ▁und ▁noch ▁verständ lich ▁wäre , ▁b sp w .: 

 Es ▁war ▁im ▁Raum ▁so ▁le ise , ▁dass ▁man ▁ihn ▁eigentlich ▁hätte ▁at men ▁hören ▁können ▁sollen . 

 A : 

 Man ▁kann ▁deinen ▁Beispiel s atz ▁einfach ▁erweit ern : 

 Er ▁war ▁nicht ▁so ▁bl öd , ▁wie ▁man ▁hätte ▁gene igt ▁gewesen ▁sein"
Frau,13699,"▁können ▁gehen ▁hören , ▁ver nahm ▁ich , ▁dass ... 

 Ich ▁bin ▁aber ▁eher ▁der ▁Meinung , ▁dass ▁die ▁Reihenfolge ▁in ▁diesem ▁Fall ▁eher ▁un idio matisch ▁ist . ▁H ätte ▁gehen ▁hören ▁können ▁f ände ▁ich ▁besser . ▁Man ▁kann ▁sich ▁auch ▁locker ▁eine ▁real istische ▁Situation ▁vorstellen , ▁wo ▁noch ▁ein ▁Modal verb ▁dazu ▁kommt , ▁ohne ▁dass ▁es ▁zu ▁sch rä g ▁klingt , ▁und ▁noch ▁verständ lich ▁wäre , ▁b sp w .: 

 Es ▁war ▁im ▁Raum ▁so ▁le ise , ▁dass ▁man ▁ihn ▁eigentlich ▁hätte ▁at men ▁hören ▁können ▁sollen . 

 A : 

 Man ▁kann ▁deinen ▁Beispiel s atz ▁einfach ▁erweit ern : 

 Er ▁war ▁nicht ▁so ▁bl öd , ▁wie ▁man ▁hätte ▁gene igt ▁gewesen ▁sein"
Frau,13699,"▁können ▁gehen ▁hören , ▁ver nahm ▁ich , ▁dass ... 

 Ich ▁bin ▁aber ▁eher ▁der ▁Meinung , ▁dass ▁die ▁Reihenfolge ▁in ▁diesem ▁Fall ▁eher ▁un idio matisch ▁ist . ▁H ätte ▁gehen ▁hören ▁können ▁f ände ▁ich ▁besser . ▁Man ▁kann ▁sich ▁auch ▁locker ▁eine ▁real istische ▁Situation ▁vorstellen , ▁wo ▁noch ▁ein ▁Modal verb ▁dazu ▁kommt , ▁ohne ▁dass ▁es ▁zu ▁sch rä g ▁klingt , ▁und ▁noch ▁verständ lich ▁wäre , ▁b sp w .: 

 Es ▁war ▁im ▁Raum ▁so ▁le ise , ▁dass ▁man ▁ihn ▁eigentlich ▁hätte ▁at men ▁hören ▁können ▁sollen . 

 A : 

 Man ▁kann ▁deinen ▁Beispiel s atz ▁einfach ▁erweit ern : 

 Er ▁war ▁nicht ▁so ▁bl öd , ▁wie ▁man ▁hätte ▁gene igt ▁gewesen ▁sein"
Frau,13699,"▁können ▁gehen ▁hören , ▁ver nahm ▁ich , ▁dass ... 

 Ich ▁bin ▁aber ▁eher ▁der ▁Meinung , ▁dass ▁die ▁Reihenfolge ▁in ▁diesem ▁Fall ▁eher ▁un idio matisch ▁ist . ▁H ätte ▁gehen ▁hören ▁können ▁f ände ▁ich ▁besser . ▁Man ▁kann ▁sich ▁auch ▁locker ▁eine ▁real istische ▁Situation ▁vorstellen , ▁wo ▁noch ▁ein ▁Modal verb ▁dazu ▁kommt , ▁ohne ▁dass ▁es ▁zu ▁sch rä g ▁klingt , ▁und ▁noch ▁verständ lich ▁wäre , ▁b sp w .: 

 Es ▁war ▁im ▁Raum ▁so ▁le ise , ▁dass ▁man ▁ihn ▁eigentlich ▁hätte ▁at men ▁hören ▁können ▁sollen . 

 A : 

 Man ▁kann ▁deinen ▁Beispiel s atz ▁einfach ▁erweit ern : 

 Er ▁war ▁nicht ▁so ▁bl öd , ▁wie ▁man ▁hätte ▁gene igt ▁gewesen ▁sein"
Frau,13699,"▁können ▁gehen ▁hören , ▁ver nahm ▁ich , ▁dass ... 

 Ich ▁bin ▁aber ▁eher ▁der ▁Meinung , ▁dass ▁die ▁Reihenfolge ▁in ▁diesem ▁Fall ▁eher ▁un idio matisch ▁ist . ▁H ätte ▁gehen ▁hören ▁können ▁f ände ▁ich ▁besser . ▁Man ▁kann ▁sich ▁auch ▁locker ▁eine ▁real istische ▁Situation ▁vorstellen , ▁wo ▁noch ▁ein ▁Modal verb ▁dazu ▁kommt , ▁ohne ▁dass ▁es ▁zu ▁sch rä g ▁klingt , ▁und ▁noch ▁verständ lich ▁wäre , ▁b sp w .: 

 Es ▁war ▁im ▁Raum ▁so ▁le ise , ▁dass ▁man ▁ihn ▁eigentlich ▁hätte ▁at men ▁hören ▁können ▁sollen . 

 A : 

 Man ▁kann ▁deinen ▁Beispiel s atz ▁einfach ▁erweit ern : 

 Er ▁war ▁nicht ▁so ▁bl öd , ▁wie ▁man ▁hätte ▁gene igt ▁gewesen ▁sein"
Frau,13699,"▁können ▁gehen ▁hören , ▁ver nahm ▁ich , ▁dass ... 

 Ich ▁bin ▁aber ▁eher ▁der ▁Meinung , ▁dass ▁die ▁Reihenfolge ▁in ▁diesem ▁Fall ▁eher ▁un idio matisch ▁ist . ▁H ätte ▁gehen ▁hören ▁können ▁f ände ▁ich ▁besser . ▁Man ▁kann ▁sich ▁auch ▁locker ▁eine ▁real istische ▁Situation ▁vorstellen , ▁wo ▁noch ▁ein ▁Modal verb ▁dazu ▁kommt , ▁ohne ▁dass ▁es ▁zu ▁sch rä g ▁klingt , ▁und ▁noch ▁verständ lich ▁wäre , ▁b sp w .: 

 Es ▁war ▁im ▁Raum ▁so ▁le ise , ▁dass ▁man ▁ihn ▁eigentlich ▁hätte ▁at men ▁hören ▁können ▁sollen . 

 A : 

 Man ▁kann ▁deinen ▁Beispiel s atz ▁einfach ▁erweit ern : 

 Er ▁war ▁nicht ▁so ▁bl öd , ▁wie ▁man ▁hätte ▁gene igt ▁gewesen ▁sein"
Frau,13699,"

 The ▁Teacher ' s ▁Magazine ▁is ▁a ▁monthly ▁issue ▁specially ▁designed ▁for ▁teachers ▁of ▁English ▁as ▁Foreign ▁or ▁Second ▁Language . ▁It ▁provides ▁creative ▁ready - to - go ▁materials ▁to ▁make ▁their ▁classes ▁more ▁active ▁and ▁appealing ▁to ▁students . 
 The ▁ideal ▁magazine ▁for ▁English ▁teachers ▁that ▁choose ▁to ▁work ▁effectively ▁with ▁students ▁of ▁all ▁levels ▁and ▁ages ▁and ▁an ▁asset ▁at ▁the ▁moment ▁of ▁developing ▁contents . <bos> Q : 

 S atz ▁mit ▁den ▁meisten ▁au feinander fol genden ▁Ver ben 

 Es ▁geht ▁um ▁S ätze ▁mit ▁au feinander fol genden ▁Ver ben ▁ohne ▁andere ▁Wort arten ▁oder ▁Satz zeichen ▁da zwischen . 
 Beispiele ▁( Länge ▁der ▁läng sten ▁Ver bf olge ▁in ▁K lam mern ): 

 Ich ▁sch"
Frau,13699,"▁returned ▁to ▁Zip f , ▁where ▁he ▁died ▁impoverished ▁and ▁largely ▁unknown ▁in ▁ 1 9 3 1 . 

 References 

 Further ▁reading ▁ 

 Cap us , ▁A .: ▁"" Ges chenke ▁des ▁Himmels "", ▁p .   3 6 - 5 0 ▁in ▁Das ▁Magazin ▁ 3 8 / 2 0 0 7 . ▁In ▁German . 
 De gen , ▁H . R .: ▁"" Edu ard ▁Sp elter ini ▁( 1 8 5 2 – 1 9 3 1 )"", ▁p .   3 9 - 5 7 ▁in ▁Schweizer ▁Flug tech niker ▁und ▁Ballon p ioni ere , ▁Verein ▁für ▁wir tschafts histor ische ▁Studien , ▁Me ilen . ▁. ▁In ▁German . 
 Heim , ▁A .: ▁Die ▁Fahrt ▁der"
Frau,13699,"_ HT ACCESS '] ="" Ver zeich niss chutz ▁entfernen ▁(. htaccess ▁löschen )""; 
 $ lang [' L _ WRONG _ R IGHTS '] ="" Die ▁Datei ▁oder ▁das ▁Ver zeichnis ▁'% s ' ▁ist ▁für ▁mich ▁nicht ▁besch reib bar .< br > 
 Ent weder ▁hat ▁sie / es ▁den ▁falschen ▁Besitzer ▁( Owner ) ▁oder ▁die ▁falschen ▁Rechte ▁( Ch mod ). < br > ▁ 
 Bitte ▁set ze ▁die ▁richtigen ▁Attribute ▁mit ▁De inem ▁FTP - Programm . ▁< br > 
 Die ▁Datei ▁oder ▁das ▁Ver zeichnis ▁benötigt ▁die ▁Rechte ▁% s .< br >""; 
 $ lang [' L _ CANT _ CREATE _ DIR '] ="" Ich ▁kon ntes ▁das ▁Ver zeichnis ▁'% s ' ▁nicht ▁erstellen ."
Frau,13699,"
 $ lang [' L _ HT ACCESS 3 1 '] ="" all geme in ""; 
 $ lang [' L _ HT ACCESS 3 2 '] ="" Achtung ! ▁Die ▁. htaccess ▁hat ▁eine ▁direkte ▁Aus wirkung ▁auf ▁den ▁Browser .< br > Bei ▁fals cher ▁Anwendung ▁sind ▁die ▁Seiten ▁nicht ▁mehr ▁erreichbar .""; 
 $ lang [' L _ PHP BUG '] ="" Bug ▁in ▁z lib ! ▁Keine ▁Kom pression ▁möglich !""; 
 $ lang [' L _ DISABLE DF UN CTIONS '] ="" Ab gesch al tete ▁Funktionen ""; 
 $ lang [' L _ NO GZ POSSIBLE '] ="" Da ▁z lib ▁nicht ▁installiert ▁ist , ▁stehen ▁keine ▁G Zip - Funktionen ▁zur ▁Verfügung !""; 
 $ lang [' L _ DELETE"
Frau,13699,"L _ EN CRY PTION _ TYPE '] ="" Versch lüsse lungs art ""; 
 $ lang [' L _ HT ACC _ CRYPT '] ="" Crypt ▁maximal ▁ 8 ▁Zeichen ▁( Linux ▁und ▁Unix - S ysteme )""; 
 $ lang [' L _ HT ACC _ MD 5 '] ="" MD 5 ▁( Linux ▁und ▁Unix - S ysteme )""; 
 $ lang [' L _ HT ACC _ NO _ EN CRY PTION '] ="" un versch lüssel t ▁( Windows )""; 
 $ lang [' L _ HT ACCESS 8 '] ="" Es ▁besteht ▁bereits ▁ein ▁Ver zeich niss chutz . ▁Wenn ▁Du ▁einen ▁neuen ▁ers tell st , ▁wird ▁der ▁alte ▁übersch rieben !""; 
 $ lang [' L _ HT ACC"
Frau,13699,"▁Senat spr äsident ▁there . 

 Emm inger ▁died ▁in ▁Munich ▁on ▁ 3 0 ▁August ▁ 1 9 5 1 . 

 Publications 
 ▁Die ▁Auf wer tungs frage ▁im ▁auf gel ö sten ▁Reich stage , ▁ 1 9 2 4 

 References 

 External ▁links 
 ▁Erich ▁Emm ming er ▁at ▁the ▁Ak ten ▁der ▁Reichs kan z lei ▁online ▁version ▁( German ) 
 ▁Bio ▁of ▁Erich ▁Emm inger ▁in ▁a ▁datab ank ▁on ▁( Imperial ) ▁Reichstag ▁delegates ▁( German ) 
 ▁More ▁biographical ▁information ▁on ▁Erich ▁Emm inger , ▁Datenbank ▁der ▁deutschen ▁Parla ments ab geordneten ▁( German ) 

 Category : 1 8 8 0 ▁births 
 Category : 1 9 5 1 ▁deaths 
 Category : People ▁from ▁Eich"
Frau,13699,"▁Wasser ▁is ▁right ▁on ▁in ▁terms ▁of ▁diagnosing ▁the ▁problem . ▁This ▁post ▁is ▁to ▁share ▁how ▁I ▁handled ▁it . 
 The ▁problem ▁with ▁any ▁List ▁object ▁coming ▁out ▁as ▁an ▁ArrayList ▁isn ' t ▁horrible , ▁because ▁you ▁can ▁always ▁do ▁something ▁like 
 LinkedList < String > ▁items ▁= ▁new ▁LinkedList <>( 
 ▁▁▁▁ ( List < String >) ▁intent . get Serializable Extra ( KEY )); 

 which ▁will ▁add ▁all ▁the ▁elements ▁of ▁the ▁des erialized ▁list ▁to ▁a ▁new ▁LinkedList . 
 The ▁problem ▁is ▁much ▁worse ▁when ▁it ▁comes ▁to ▁Map , ▁because ▁you ▁may ▁have ▁tried ▁to ▁serialize ▁a ▁LinkedHashMap ▁and ▁have ▁now ▁lost ▁the ▁element ▁ordering . 
 Fortunately , ▁there ' s ▁a ▁( relatively ) ▁painless"
Frau,13699,"das :: make _ tuple ( foo ▁= ▁ 3 , ▁bar ▁= ▁std :: string ("" lol ""))) ▁!= 
 ▁▁▁▁ hash _ value ( elle :: das :: make _ tuple ( foo ▁= ▁ 3 , ▁bar ▁= ▁std :: string ("" bar "")) )); 
 ▁▁ BOOST _ TEST ( 
 ▁▁▁▁ hash _ value ( elle :: das :: make _ tuple ( foo ▁= ▁ 3 , ▁bar ▁= ▁std :: string ("" lol ""))) ▁!= 
 ▁▁▁▁ hash _ value ( elle :: das :: make _ tuple ( bar ▁= ▁std :: string ("" lol ""), ▁foo ▁= ▁ 3 ))); 
 } 

 static 
 void 
 compare () 
 { 
 ▁▁ BOOST _ TEST ( 
"
Frau,13699,"font - variant : small - caps ;""> Haus man , ▁J . A ., ▁and ▁W . K . ▁Ne wey </ span > ▁( 2 0 1 7 ): ▁“ Non parametric ▁Welfare ▁Analysis ,” ▁* Annual ▁Review ▁of ▁Economics * ▁ 9 , ▁ 5 2 1 – 5 4 6 . 

 < span ▁style ="" font - variant : small - caps ;""> Hir ano , ▁K ., ▁G . ▁Imb ens , ▁and ▁G . ▁Rid der </ span > ▁( 2 0 0 3 ): ▁“ Efficient ▁Estimation ▁of ▁Average ▁Treatment ▁Effects ▁Using ▁the ▁Estimated ▁Prop ensity ▁Score ,” ▁* Econ ometrica * ▁ 7 1 : ▁ 1 1 6 1 – 1 1 8 9 . 

 <"
Frau,13699,"5 5 0 3 0 - 1 8 


 im poses ▁after ▁a ▁violation ▁of ▁probation ▁(“ V OP ”). ▁▁▁▁ Id . ▁at ▁ 1 1 2 9 ; ▁Pa . R . C rim . P . 

 7 0 8 ( C )( 2 ). ▁The ▁Supreme ▁Court ▁noted ▁that , ▁“ in ▁a ▁direct ▁review ▁context , ▁Rule 

 7 0 8 ▁operates ▁in ▁a ▁fashion ▁which ▁is ▁not ▁unlike ▁C ronic ; ▁prejudice ▁( or ▁rather ▁the 

 absence ▁of ▁harmless ▁error ) ▁will ▁be ▁presumed ▁from ▁the ▁failure ▁to ▁comply .” ▁Id . 

 at ▁ 1 1 2 9 - 3 0 . 

 ▁▁▁▁▁▁▁▁▁▁▁ Once ▁a ▁Rule ▁ 7 0 8 ▁procedural ▁complaint ▁has ▁been ▁waived , 
 ▁▁▁▁▁"
Frau,13699,"osen oids , ▁such ▁as ▁prostagland ins , ▁throm box anes , ▁leuk otri enes ▁and ▁prost acy cl ins , ▁which ▁are ▁important ▁biological ▁regulators . ▁These ▁e ic osen oids ▁exhibit ▁regulatory ▁effects ▁on ▁lipoprotein ▁metabolism , ▁blood ▁rhe ology , ▁vascular ▁tone , ▁leuk ocyte ▁function , ▁platelet ▁activation ▁and ▁cell ▁growth . ▁The ▁application ▁of ▁arach id onic ▁acid ▁to ▁an ▁infant ' s ▁diet ▁is ▁particularly ▁important ▁due ▁to ▁the ▁rapid ▁body ▁growth ▁of ▁an ▁infant . ▁Arach id onic ▁acid ▁is ▁an ▁important ▁precursor ▁to ▁many ▁of ▁the ▁e icos an oids ▁which ▁regulate ▁cellular ▁metabolism ▁and ▁growth ▁in ▁infants . ▁It ▁is ▁found ▁naturally ▁in ▁human ▁breast ▁milk ▁but ▁not ▁in ▁most ▁infant ▁formula . ▁In ▁an ▁effort ▁to ▁have"
Frau,13699,"▁his ▁laboratory ▁and ▁equipment , ▁and ▁Prof . ▁Stefan ▁Schreiber ▁( Institute ▁of ▁Clinical ▁Molecular ▁Biology , ▁Christian - Al bre chts - University ▁Kiel , ▁Kiel , ▁Germany ) ▁for ▁extensive ▁help ▁in ▁building ▁up ▁sequencing ▁resources ▁in ▁Kiel . ▁Prof . ▁Thomas ▁Bosch ▁( Institute ▁of ▁Zoology , ▁Christian - Al bre chts - University ▁Kiel , ▁Kiel , ▁Germany ) ▁and ▁Dr ▁Georg ▁Hem m rich - Stan isak ▁( Institute ▁of ▁Clinical ▁Molecular ▁Biology , ▁Christian - Al bre chts - University ▁Kiel , ▁Kiel , ▁Germany ) ▁provided ▁help ▁with ▁the ▁initial ▁con tig ▁assembly . ▁We ▁thank ▁Tania ▁K lü ver ▁( Le ib niz ▁Institute ▁of ▁Marine ▁Sciences ▁at ▁Kiel ▁University ▁IF M - GE OM AR , ▁Kiel ,"
Frau,13699,"0 9 ▁in ▁Randolph ▁County . ▁In ▁the ▁late ▁ 1 8 2 0 s , ▁Joseph ▁and ▁Martha , ▁their ▁large ▁family ▁of ▁children , ▁and ▁many ▁of ▁their ▁relatives ▁moved ▁to ▁Jackson ▁County , ▁Alabama . ▁As ▁the ▁Cherokee ▁and ▁other ▁Indian ▁groups ▁were ▁pushed ▁further ▁west , ▁the ▁northeast ▁Alabama ▁region ▁along ▁the ▁Tennessee ▁River ▁became ▁a ▁prime ▁destination ▁for ▁white ▁settlement . ▁Joseph ▁bought ▁land ▁in ▁Jackson ▁County ▁in ▁ 1 8 3 1 ▁and ▁farmed ▁there ▁the ▁rest ▁of ▁his ▁life . ▁Many ▁of ▁his ▁Sanders ▁cousins ▁also ▁moved ▁to ▁Jackson ▁County ▁as ▁did ▁his ▁brother ▁George ▁and ▁his ▁brothers - in - law ▁Francis ▁Sanders ▁and ▁Benjamin ▁Sanders , ▁along ▁with ▁their ▁numerous ▁families . 

 During ▁the ▁late ▁ 1"
Frau,13699,"▁to ▁an ▁un charted ▁island ▁to ▁capture ▁the ▁greatest ▁wonder ▁the ▁world ▁has ▁ever ▁seen . ▁At ▁the ▁center ▁of ▁this ▁ 2 1 st - century ▁re imagining : ▁a ▁ 2 0 - foot ▁high , ▁ 2 , 0 0 0 - pound ▁gorilla ▁brought ▁to ▁life ▁by ▁a ▁team ▁of ▁seamlessly ▁integrated ▁artists ▁and ▁technicians . ▁King ▁Kong ▁is ▁a ▁larger - than - life ▁encounter ▁with ▁a ▁legend ▁that ’ s ▁always ▁been ▁too ▁big ▁to ▁contain .” 

 King ▁Kong ’ s ▁book ▁writer ▁Jack ▁Thorne ▁won ▁the ▁ 2 0 1 7 ▁Olivier ▁Award ▁and ▁the ▁Evening ▁Standard ▁Award ▁for ▁Best ▁Play ▁for ▁Harry ▁Potter ▁and ▁the ▁Cursed ▁Child , ▁which ▁is ▁poised ▁to ▁make ▁its ▁Broadway ▁premiere ▁this ▁spring"
Frau,13699,"▁things ▁including ▁temporary ▁cement ▁residues , ▁saliva ▁and ▁bacteria . ▁We ▁attempt ▁to ▁mimic ▁extreme ▁clinical ▁conditions ▁when ▁the ▁provisional ▁restoration ▁is ▁fractured ▁or ▁dis lod ged ▁before ▁the ▁delivery ▁of ▁the ▁final ▁restoration . ▁In ▁our ▁study , ▁after ▁immediate ▁d entin ▁sealing , ▁teeth ▁were ▁immersed ▁in ▁saline ▁solution ▁without ▁provisional ▁restoration . ▁Thus , ▁the ▁result ▁of ▁shear ▁bond ▁strength ▁in ▁this ▁study ▁shows ▁difference ▁from ▁that ▁of ▁previous ▁studies . 

 In ▁conventional ▁glass - ceramic ▁restorations ▁for ▁prosthesis , ▁the ▁adhesive ▁technique ▁is ▁crucial ▁for ▁successful ▁bonding . ▁Considering ▁limited ▁flex ural ▁strength ▁and ▁the ▁b ritt leness ▁of ▁glass ▁ceramics , ▁final ▁adhesive ▁cement ation ▁with ▁l uting ▁composite ▁resin ▁should ▁be ▁used ▁to ▁improve ▁the ▁fracture ▁resistance . ▁In ▁this"
Frau,13699,"3 * d ▁= ▁ 4 ▁- ▁ 1 9 , ▁ 0 ▁= ▁ 9 * j ▁- ▁ 3 * d ▁+ ▁ 9 3 ▁for ▁j . 
 - 9 
 Solve ▁- 4 ▁= ▁ 6 * d ▁- ▁ 2 * x , ▁ 3 * d ▁- ▁ 1 5 9 5 * x ▁- ▁ 8 ▁= ▁- 1 5 9 6 * x ▁for ▁d . 
 1 
 Solve ▁ 2 * z ▁- ▁ 4 * d ▁- ▁ 5 0 ▁= ▁ 5 * z , ▁- 3 8 * z ▁- ▁ 3 5 5 ▁= ▁d ▁- ▁ 6 * d ▁for ▁z . 
 - 1 0 
 Solve ▁- 3 5 *"
Frau,13699,"_ i =\ frac {\ sigma _ i \ wedge \ sigma _ i +\ sigma _ i \ wedge \ tau _ i -\ tau _ i \ wedge \ sigma _ i -\ tau _ i \ wedge \ tau _ i }{ 2 }=\ frac { 0 +\ sigma _ i \ tau _ i -\ tau _ i \ sigma _ i - 0 }{ 2 }=\ sigma _ i \ wedge \ tau _ i $$ 
 $$\ mu _ i \ wedge \ nu _ j =\ frac {\ sigma _ i \ sigma _ j +\ sigma _ i \ tau _ j -\ tau _ i \ sigma _ j -\ tau _ i \ tau _ j }{"
Frau,8614,"reibe ▁einen ▁Brief ▁( 1 ) 
 Ich ▁habe ▁einen ▁Brief ▁schreiben ▁müssen ▁( 2 ) 
 Der ▁Brief ▁muss ▁geschrieben ▁werden ▁( 3 ) 
 Der ▁Brief ▁hätte ▁geschrieben ▁werden ▁müssen ▁( 4 ) 

 Ein ▁Bek an nter ▁meinte , ▁dass ▁es ▁nicht ▁möglich ▁sei , ▁einen ▁kor rek ten ▁Satz ▁mit ▁mehr ▁als ▁vier ▁au feinander fol genden ▁Ver ben ▁zu ▁form ulieren , ▁aber ▁nach ▁einiger ▁Zeit ▁ist ▁mir ▁ein ▁Satz ▁mit ▁fünf ▁einge fallen : 

 Er ▁war ▁nicht ▁so ▁bl öd , ▁wie ▁man ▁hätte ▁gene igt ▁sein ▁können ▁anzunehmen . 

 Ist ▁das ▁auch ▁mit ▁mehr ▁als ▁fünf ▁Ver ben ▁möglich ? 
 Ich ▁habe ▁jetzt ▁eine ▁We ile ▁darüber ▁nach ged acht , ▁aber ▁mir ▁ist ▁kein ▁anderer ▁Satz"
Frau,8614,"reibe ▁einen ▁Brief ▁( 1 ) 
 Ich ▁habe ▁einen ▁Brief ▁schreiben ▁müssen ▁( 2 ) 
 Der ▁Brief ▁muss ▁geschrieben ▁werden ▁( 3 ) 
 Der ▁Brief ▁hätte ▁geschrieben ▁werden ▁müssen ▁( 4 ) 

 Ein ▁Bek an nter ▁meinte , ▁dass ▁es ▁nicht ▁möglich ▁sei , ▁einen ▁kor rek ten ▁Satz ▁mit ▁mehr ▁als ▁vier ▁au feinander fol genden ▁Ver ben ▁zu ▁form ulieren , ▁aber ▁nach ▁einiger ▁Zeit ▁ist ▁mir ▁ein ▁Satz ▁mit ▁fünf ▁einge fallen : 

 Er ▁war ▁nicht ▁so ▁bl öd , ▁wie ▁man ▁hätte ▁gene igt ▁sein ▁können ▁anzunehmen . 

 Ist ▁das ▁auch ▁mit ▁mehr ▁als ▁fünf ▁Ver ben ▁möglich ? 
 Ich ▁habe ▁jetzt ▁eine ▁We ile ▁darüber ▁nach ged acht , ▁aber ▁mir ▁ist ▁kein ▁anderer ▁Satz"
Frau,8614,"reibe ▁einen ▁Brief ▁( 1 ) 
 Ich ▁habe ▁einen ▁Brief ▁schreiben ▁müssen ▁( 2 ) 
 Der ▁Brief ▁muss ▁geschrieben ▁werden ▁( 3 ) 
 Der ▁Brief ▁hätte ▁geschrieben ▁werden ▁müssen ▁( 4 ) 

 Ein ▁Bek an nter ▁meinte , ▁dass ▁es ▁nicht ▁möglich ▁sei , ▁einen ▁kor rek ten ▁Satz ▁mit ▁mehr ▁als ▁vier ▁au feinander fol genden ▁Ver ben ▁zu ▁form ulieren , ▁aber ▁nach ▁einiger ▁Zeit ▁ist ▁mir ▁ein ▁Satz ▁mit ▁fünf ▁einge fallen : 

 Er ▁war ▁nicht ▁so ▁bl öd , ▁wie ▁man ▁hätte ▁gene igt ▁sein ▁können ▁anzunehmen . 

 Ist ▁das ▁auch ▁mit ▁mehr ▁als ▁fünf ▁Ver ben ▁möglich ? 
 Ich ▁habe ▁jetzt ▁eine ▁We ile ▁darüber ▁nach ged acht , ▁aber ▁mir ▁ist ▁kein ▁anderer ▁Satz"
Frau,8614,"reibe ▁einen ▁Brief ▁( 1 ) 
 Ich ▁habe ▁einen ▁Brief ▁schreiben ▁müssen ▁( 2 ) 
 Der ▁Brief ▁muss ▁geschrieben ▁werden ▁( 3 ) 
 Der ▁Brief ▁hätte ▁geschrieben ▁werden ▁müssen ▁( 4 ) 

 Ein ▁Bek an nter ▁meinte , ▁dass ▁es ▁nicht ▁möglich ▁sei , ▁einen ▁kor rek ten ▁Satz ▁mit ▁mehr ▁als ▁vier ▁au feinander fol genden ▁Ver ben ▁zu ▁form ulieren , ▁aber ▁nach ▁einiger ▁Zeit ▁ist ▁mir ▁ein ▁Satz ▁mit ▁fünf ▁einge fallen : 

 Er ▁war ▁nicht ▁so ▁bl öd , ▁wie ▁man ▁hätte ▁gene igt ▁sein ▁können ▁anzunehmen . 

 Ist ▁das ▁auch ▁mit ▁mehr ▁als ▁fünf ▁Ver ben ▁möglich ? 
 Ich ▁habe ▁jetzt ▁eine ▁We ile ▁darüber ▁nach ged acht , ▁aber ▁mir ▁ist ▁kein ▁anderer ▁Satz"
Frau,8614,"reibe ▁einen ▁Brief ▁( 1 ) 
 Ich ▁habe ▁einen ▁Brief ▁schreiben ▁müssen ▁( 2 ) 
 Der ▁Brief ▁muss ▁geschrieben ▁werden ▁( 3 ) 
 Der ▁Brief ▁hätte ▁geschrieben ▁werden ▁müssen ▁( 4 ) 

 Ein ▁Bek an nter ▁meinte , ▁dass ▁es ▁nicht ▁möglich ▁sei , ▁einen ▁kor rek ten ▁Satz ▁mit ▁mehr ▁als ▁vier ▁au feinander fol genden ▁Ver ben ▁zu ▁form ulieren , ▁aber ▁nach ▁einiger ▁Zeit ▁ist ▁mir ▁ein ▁Satz ▁mit ▁fünf ▁einge fallen : 

 Er ▁war ▁nicht ▁so ▁bl öd , ▁wie ▁man ▁hätte ▁gene igt ▁sein ▁können ▁anzunehmen . 

 Ist ▁das ▁auch ▁mit ▁mehr ▁als ▁fünf ▁Ver ben ▁möglich ? 
 Ich ▁habe ▁jetzt ▁eine ▁We ile ▁darüber ▁nach ged acht , ▁aber ▁mir ▁ist ▁kein ▁anderer ▁Satz"
Frau,8614,"reibe ▁einen ▁Brief ▁( 1 ) 
 Ich ▁habe ▁einen ▁Brief ▁schreiben ▁müssen ▁( 2 ) 
 Der ▁Brief ▁muss ▁geschrieben ▁werden ▁( 3 ) 
 Der ▁Brief ▁hätte ▁geschrieben ▁werden ▁müssen ▁( 4 ) 

 Ein ▁Bek an nter ▁meinte , ▁dass ▁es ▁nicht ▁möglich ▁sei , ▁einen ▁kor rek ten ▁Satz ▁mit ▁mehr ▁als ▁vier ▁au feinander fol genden ▁Ver ben ▁zu ▁form ulieren , ▁aber ▁nach ▁einiger ▁Zeit ▁ist ▁mir ▁ein ▁Satz ▁mit ▁fünf ▁einge fallen : 

 Er ▁war ▁nicht ▁so ▁bl öd , ▁wie ▁man ▁hätte ▁gene igt ▁sein ▁können ▁anzunehmen . 

 Ist ▁das ▁auch ▁mit ▁mehr ▁als ▁fünf ▁Ver ben ▁möglich ? 
 Ich ▁habe ▁jetzt ▁eine ▁We ile ▁darüber ▁nach ged acht , ▁aber ▁mir ▁ist ▁kein ▁anderer ▁Satz"
Frau,8614,"reibe ▁einen ▁Brief ▁( 1 ) 
 Ich ▁habe ▁einen ▁Brief ▁schreiben ▁müssen ▁( 2 ) 
 Der ▁Brief ▁muss ▁geschrieben ▁werden ▁( 3 ) 
 Der ▁Brief ▁hätte ▁geschrieben ▁werden ▁müssen ▁( 4 ) 

 Ein ▁Bek an nter ▁meinte , ▁dass ▁es ▁nicht ▁möglich ▁sei , ▁einen ▁kor rek ten ▁Satz ▁mit ▁mehr ▁als ▁vier ▁au feinander fol genden ▁Ver ben ▁zu ▁form ulieren , ▁aber ▁nach ▁einiger ▁Zeit ▁ist ▁mir ▁ein ▁Satz ▁mit ▁fünf ▁einge fallen : 

 Er ▁war ▁nicht ▁so ▁bl öd , ▁wie ▁man ▁hätte ▁gene igt ▁sein ▁können ▁anzunehmen . 

 Ist ▁das ▁auch ▁mit ▁mehr ▁als ▁fünf ▁Ver ben ▁möglich ? 
 Ich ▁habe ▁jetzt ▁eine ▁We ile ▁darüber ▁nach ged acht , ▁aber ▁mir ▁ist ▁kein ▁anderer ▁Satz"
Frau,8614,"reibe ▁einen ▁Brief ▁( 1 ) 
 Ich ▁habe ▁einen ▁Brief ▁schreiben ▁müssen ▁( 2 ) 
 Der ▁Brief ▁muss ▁geschrieben ▁werden ▁( 3 ) 
 Der ▁Brief ▁hätte ▁geschrieben ▁werden ▁müssen ▁( 4 ) 

 Ein ▁Bek an nter ▁meinte , ▁dass ▁es ▁nicht ▁möglich ▁sei , ▁einen ▁kor rek ten ▁Satz ▁mit ▁mehr ▁als ▁vier ▁au feinander fol genden ▁Ver ben ▁zu ▁form ulieren , ▁aber ▁nach ▁einiger ▁Zeit ▁ist ▁mir ▁ein ▁Satz ▁mit ▁fünf ▁einge fallen : 

 Er ▁war ▁nicht ▁so ▁bl öd , ▁wie ▁man ▁hätte ▁gene igt ▁sein ▁können ▁anzunehmen . 

 Ist ▁das ▁auch ▁mit ▁mehr ▁als ▁fünf ▁Ver ben ▁möglich ? 
 Ich ▁habe ▁jetzt ▁eine ▁We ile ▁darüber ▁nach ged acht , ▁aber ▁mir ▁ist ▁kein ▁anderer ▁Satz"
Frau,8614,"reibe ▁einen ▁Brief ▁( 1 ) 
 Ich ▁habe ▁einen ▁Brief ▁schreiben ▁müssen ▁( 2 ) 
 Der ▁Brief ▁muss ▁geschrieben ▁werden ▁( 3 ) 
 Der ▁Brief ▁hätte ▁geschrieben ▁werden ▁müssen ▁( 4 ) 

 Ein ▁Bek an nter ▁meinte , ▁dass ▁es ▁nicht ▁möglich ▁sei , ▁einen ▁kor rek ten ▁Satz ▁mit ▁mehr ▁als ▁vier ▁au feinander fol genden ▁Ver ben ▁zu ▁form ulieren , ▁aber ▁nach ▁einiger ▁Zeit ▁ist ▁mir ▁ein ▁Satz ▁mit ▁fünf ▁einge fallen : 

 Er ▁war ▁nicht ▁so ▁bl öd , ▁wie ▁man ▁hätte ▁gene igt ▁sein ▁können ▁anzunehmen . 

 Ist ▁das ▁auch ▁mit ▁mehr ▁als ▁fünf ▁Ver ben ▁möglich ? 
 Ich ▁habe ▁jetzt ▁eine ▁We ile ▁darüber ▁nach ged acht , ▁aber ▁mir ▁ist ▁kein ▁anderer ▁Satz"
Frau,8614,"reibe ▁einen ▁Brief ▁( 1 ) 
 Ich ▁habe ▁einen ▁Brief ▁schreiben ▁müssen ▁( 2 ) 
 Der ▁Brief ▁muss ▁geschrieben ▁werden ▁( 3 ) 
 Der ▁Brief ▁hätte ▁geschrieben ▁werden ▁müssen ▁( 4 ) 

 Ein ▁Bek an nter ▁meinte , ▁dass ▁es ▁nicht ▁möglich ▁sei , ▁einen ▁kor rek ten ▁Satz ▁mit ▁mehr ▁als ▁vier ▁au feinander fol genden ▁Ver ben ▁zu ▁form ulieren , ▁aber ▁nach ▁einiger ▁Zeit ▁ist ▁mir ▁ein ▁Satz ▁mit ▁fünf ▁einge fallen : 

 Er ▁war ▁nicht ▁so ▁bl öd , ▁wie ▁man ▁hätte ▁gene igt ▁sein ▁können ▁anzunehmen . 

 Ist ▁das ▁auch ▁mit ▁mehr ▁als ▁fünf ▁Ver ben ▁möglich ? 
 Ich ▁habe ▁jetzt ▁eine ▁We ile ▁darüber ▁nach ged acht , ▁aber ▁mir ▁ist ▁kein ▁anderer ▁Satz"
Frau,8614,"reibe ▁einen ▁Brief ▁( 1 ) 
 Ich ▁habe ▁einen ▁Brief ▁schreiben ▁müssen ▁( 2 ) 
 Der ▁Brief ▁muss ▁geschrieben ▁werden ▁( 3 ) 
 Der ▁Brief ▁hätte ▁geschrieben ▁werden ▁müssen ▁( 4 ) 

 Ein ▁Bek an nter ▁meinte , ▁dass ▁es ▁nicht ▁möglich ▁sei , ▁einen ▁kor rek ten ▁Satz ▁mit ▁mehr ▁als ▁vier ▁au feinander fol genden ▁Ver ben ▁zu ▁form ulieren , ▁aber ▁nach ▁einiger ▁Zeit ▁ist ▁mir ▁ein ▁Satz ▁mit ▁fünf ▁einge fallen : 

 Er ▁war ▁nicht ▁so ▁bl öd , ▁wie ▁man ▁hätte ▁gene igt ▁sein ▁können ▁anzunehmen . 

 Ist ▁das ▁auch ▁mit ▁mehr ▁als ▁fünf ▁Ver ben ▁möglich ? 
 Ich ▁habe ▁jetzt ▁eine ▁We ile ▁darüber ▁nach ged acht , ▁aber ▁mir ▁ist ▁kein ▁anderer ▁Satz"
Frau,8614,"reibe ▁einen ▁Brief ▁( 1 ) 
 Ich ▁habe ▁einen ▁Brief ▁schreiben ▁müssen ▁( 2 ) 
 Der ▁Brief ▁muss ▁geschrieben ▁werden ▁( 3 ) 
 Der ▁Brief ▁hätte ▁geschrieben ▁werden ▁müssen ▁( 4 ) 

 Ein ▁Bek an nter ▁meinte , ▁dass ▁es ▁nicht ▁möglich ▁sei , ▁einen ▁kor rek ten ▁Satz ▁mit ▁mehr ▁als ▁vier ▁au feinander fol genden ▁Ver ben ▁zu ▁form ulieren , ▁aber ▁nach ▁einiger ▁Zeit ▁ist ▁mir ▁ein ▁Satz ▁mit ▁fünf ▁einge fallen : 

 Er ▁war ▁nicht ▁so ▁bl öd , ▁wie ▁man ▁hätte ▁gene igt ▁sein ▁können ▁anzunehmen . 

 Ist ▁das ▁auch ▁mit ▁mehr ▁als ▁fünf ▁Ver ben ▁möglich ? 
 Ich ▁habe ▁jetzt ▁eine ▁We ile ▁darüber ▁nach ged acht , ▁aber ▁mir ▁ist ▁kein ▁anderer ▁Satz"
Frau,8614,"reibe ▁einen ▁Brief ▁( 1 ) 
 Ich ▁habe ▁einen ▁Brief ▁schreiben ▁müssen ▁( 2 ) 
 Der ▁Brief ▁muss ▁geschrieben ▁werden ▁( 3 ) 
 Der ▁Brief ▁hätte ▁geschrieben ▁werden ▁müssen ▁( 4 ) 

 Ein ▁Bek an nter ▁meinte , ▁dass ▁es ▁nicht ▁möglich ▁sei , ▁einen ▁kor rek ten ▁Satz ▁mit ▁mehr ▁als ▁vier ▁au feinander fol genden ▁Ver ben ▁zu ▁form ulieren , ▁aber ▁nach ▁einiger ▁Zeit ▁ist ▁mir ▁ein ▁Satz ▁mit ▁fünf ▁einge fallen : 

 Er ▁war ▁nicht ▁so ▁bl öd , ▁wie ▁man ▁hätte ▁gene igt ▁sein ▁können ▁anzunehmen . 

 Ist ▁das ▁auch ▁mit ▁mehr ▁als ▁fünf ▁Ver ben ▁möglich ? 
 Ich ▁habe ▁jetzt ▁eine ▁We ile ▁darüber ▁nach ged acht , ▁aber ▁mir ▁ist ▁kein ▁anderer ▁Satz"
Frau,8614,"L _ EN CRY PTION _ TYPE '] ="" Versch lüsse lungs art ""; 
 $ lang [' L _ HT ACC _ CRYPT '] ="" Crypt ▁maximal ▁ 8 ▁Zeichen ▁( Linux ▁und ▁Unix - S ysteme )""; 
 $ lang [' L _ HT ACC _ MD 5 '] ="" MD 5 ▁( Linux ▁und ▁Unix - S ysteme )""; 
 $ lang [' L _ HT ACC _ NO _ EN CRY PTION '] ="" un versch lüssel t ▁( Windows )""; 
 $ lang [' L _ HT ACCESS 8 '] ="" Es ▁besteht ▁bereits ▁ein ▁Ver zeich niss chutz . ▁Wenn ▁Du ▁einen ▁neuen ▁ers tell st , ▁wird ▁der ▁alte ▁übersch rieben !""; 
 $ lang [' L _ HT ACC"
Frau,8614,"L _ EN CRY PTION _ TYPE '] ="" Versch lüsse lungs art ""; 
 $ lang [' L _ HT ACC _ CRYPT '] ="" Crypt ▁maximal ▁ 8 ▁Zeichen ▁( Linux ▁und ▁Unix - S ysteme )""; 
 $ lang [' L _ HT ACC _ MD 5 '] ="" MD 5 ▁( Linux ▁und ▁Unix - S ysteme )""; 
 $ lang [' L _ HT ACC _ NO _ EN CRY PTION '] ="" un versch lüssel t ▁( Windows )""; 
 $ lang [' L _ HT ACCESS 8 '] ="" Es ▁besteht ▁bereits ▁ein ▁Ver zeich niss chutz . ▁Wenn ▁Du ▁einen ▁neuen ▁ers tell st , ▁wird ▁der ▁alte ▁übersch rieben !""; 
 $ lang [' L _ HT ACC"
Frau,8614,"L _ EN CRY PTION _ TYPE '] ="" Versch lüsse lungs art ""; 
 $ lang [' L _ HT ACC _ CRYPT '] ="" Crypt ▁maximal ▁ 8 ▁Zeichen ▁( Linux ▁und ▁Unix - S ysteme )""; 
 $ lang [' L _ HT ACC _ MD 5 '] ="" MD 5 ▁( Linux ▁und ▁Unix - S ysteme )""; 
 $ lang [' L _ HT ACC _ NO _ EN CRY PTION '] ="" un versch lüssel t ▁( Windows )""; 
 $ lang [' L _ HT ACCESS 8 '] ="" Es ▁besteht ▁bereits ▁ein ▁Ver zeich niss chutz . ▁Wenn ▁Du ▁einen ▁neuen ▁ers tell st , ▁wird ▁der ▁alte ▁übersch rieben !""; 
 $ lang [' L _ HT ACC"
Frau,8614,"L _ EN CRY PTION _ TYPE '] ="" Versch lüsse lungs art ""; 
 $ lang [' L _ HT ACC _ CRYPT '] ="" Crypt ▁maximal ▁ 8 ▁Zeichen ▁( Linux ▁und ▁Unix - S ysteme )""; 
 $ lang [' L _ HT ACC _ MD 5 '] ="" MD 5 ▁( Linux ▁und ▁Unix - S ysteme )""; 
 $ lang [' L _ HT ACC _ NO _ EN CRY PTION '] ="" un versch lüssel t ▁( Windows )""; 
 $ lang [' L _ HT ACCESS 8 '] ="" Es ▁besteht ▁bereits ▁ein ▁Ver zeich niss chutz . ▁Wenn ▁Du ▁einen ▁neuen ▁ers tell st , ▁wird ▁der ▁alte ▁übersch rieben !""; 
 $ lang [' L _ HT ACC"
Frau,8614,"▁Honig glas ▁nicht ▁aus le cken ▁dürfen ▁dürfen . 

 S pri ch : ▁Es ▁wäre ▁besser ▁gewesen , ▁Autor itäts person ▁ 1 ▁hätte ▁es ▁Autor itäts person ▁ 2 ▁nicht ▁gest attet , ▁mir ▁zu ▁gest atten , ▁das ▁Honig glas ▁aus zule cken . 

 A : 

 Ohne ▁Parti zip ien ▁( also ▁nur ▁finite ▁und ▁infinite ▁Verb formen ) ▁können ▁Kon stru ktionen ▁mit ▁Ver ben ▁der ▁Wahrnehmung ▁( z B ▁sehen , ▁hören ) ▁manchmal ▁viele ▁au feinander fol genden ▁Infin itiv formen ▁enthalten . 
 Ein ▁Z itat ▁aus ▁"" Der ▁Prozess "" ▁von ▁Franz ▁Kafka : 

 Als ▁ich ▁mich ▁ein ▁Weil chen ▁wieder ▁so ▁ruhig ▁ver halten ▁hatte , ▁dass ▁man ▁die ▁F liegen ▁an ▁der ▁Wand ▁hätte"
Frau,8614,"▁Honig glas ▁nicht ▁aus le cken ▁dürfen ▁dürfen . 

 S pri ch : ▁Es ▁wäre ▁besser ▁gewesen , ▁Autor itäts person ▁ 1 ▁hätte ▁es ▁Autor itäts person ▁ 2 ▁nicht ▁gest attet , ▁mir ▁zu ▁gest atten , ▁das ▁Honig glas ▁aus zule cken . 

 A : 

 Ohne ▁Parti zip ien ▁( also ▁nur ▁finite ▁und ▁infinite ▁Verb formen ) ▁können ▁Kon stru ktionen ▁mit ▁Ver ben ▁der ▁Wahrnehmung ▁( z B ▁sehen , ▁hören ) ▁manchmal ▁viele ▁au feinander fol genden ▁Infin itiv formen ▁enthalten . 
 Ein ▁Z itat ▁aus ▁"" Der ▁Prozess "" ▁von ▁Franz ▁Kafka : 

 Als ▁ich ▁mich ▁ein ▁Weil chen ▁wieder ▁so ▁ruhig ▁ver halten ▁hatte , ▁dass ▁man ▁die ▁F liegen ▁an ▁der ▁Wand ▁hätte"
Frau,8614,"▁Honig glas ▁nicht ▁aus le cken ▁dürfen ▁dürfen . 

 S pri ch : ▁Es ▁wäre ▁besser ▁gewesen , ▁Autor itäts person ▁ 1 ▁hätte ▁es ▁Autor itäts person ▁ 2 ▁nicht ▁gest attet , ▁mir ▁zu ▁gest atten , ▁das ▁Honig glas ▁aus zule cken . 

 A : 

 Ohne ▁Parti zip ien ▁( also ▁nur ▁finite ▁und ▁infinite ▁Verb formen ) ▁können ▁Kon stru ktionen ▁mit ▁Ver ben ▁der ▁Wahrnehmung ▁( z B ▁sehen , ▁hören ) ▁manchmal ▁viele ▁au feinander fol genden ▁Infin itiv formen ▁enthalten . 
 Ein ▁Z itat ▁aus ▁"" Der ▁Prozess "" ▁von ▁Franz ▁Kafka : 

 Als ▁ich ▁mich ▁ein ▁Weil chen ▁wieder ▁so ▁ruhig ▁ver halten ▁hatte , ▁dass ▁man ▁die ▁F liegen ▁an ▁der ▁Wand ▁hätte"
Frau,8614,"▁Honig glas ▁nicht ▁aus le cken ▁dürfen ▁dürfen . 

 S pri ch : ▁Es ▁wäre ▁besser ▁gewesen , ▁Autor itäts person ▁ 1 ▁hätte ▁es ▁Autor itäts person ▁ 2 ▁nicht ▁gest attet , ▁mir ▁zu ▁gest atten , ▁das ▁Honig glas ▁aus zule cken . 

 A : 

 Ohne ▁Parti zip ien ▁( also ▁nur ▁finite ▁und ▁infinite ▁Verb formen ) ▁können ▁Kon stru ktionen ▁mit ▁Ver ben ▁der ▁Wahrnehmung ▁( z B ▁sehen , ▁hören ) ▁manchmal ▁viele ▁au feinander fol genden ▁Infin itiv formen ▁enthalten . 
 Ein ▁Z itat ▁aus ▁"" Der ▁Prozess "" ▁von ▁Franz ▁Kafka : 

 Als ▁ich ▁mich ▁ein ▁Weil chen ▁wieder ▁so ▁ruhig ▁ver halten ▁hatte , ▁dass ▁man ▁die ▁F liegen ▁an ▁der ▁Wand ▁hätte"
Frau,8614,"▁( 1 9 8 6 ) 
 ▁Pas ▁på ▁ry ggen , ▁professor ▁( 1 9 7 7 ) 
 ▁Kun ▁sand heden ▁( 1 9 7 5 ) 
 ▁Den ▁kys ke ▁leve mand ▁( 1 9 7 4 ) 
 ▁Lise ▁kommer ▁til ▁By en ▁( 1 9 4 7 ) 
 ▁En ▁ny ▁dag ▁gry er ▁( 1 9 4 5 ) 
 ▁Most er ▁fra ▁M ols ▁( 1 9 4 3 ) 

 References 

 External ▁links ▁ 
 ▁ 
 ▁ 

 Category : 1 9 1 4 ▁births 
 Category : 2 0 0 9 ▁deaths 
 Category : Danish ▁female ▁singers 
 Category : Danish ▁film ▁actresses 
 Category : Danish ▁musical ▁theatre ▁actresses 
 Category : People ▁from"
Frau,8614,"_ NO _ USERNAME '] ="" Du ▁musst ▁einen ▁Namen ▁ein geben !""; 
 $ lang [' L _ PASS WORDS _ UNE QUAL '] ="" Die ▁Pass wörter ▁sind ▁nicht ▁identi sch ▁oder ▁leer !""; 
 $ lang [' L _ HT ACC _ CONFIRM _ DELETE '] ="" So ll ▁der ▁Ver zeich niss chutz ▁jetzt ▁erstellt ▁werden ?""; 
 $ lang [' L _ HT ACC _ CREATED '] ="" Der ▁Ver zeich niss chutz ▁wurde ▁erstellt .""; 
 $ lang [' L _ HT ACC _ CONTENT '] ="" Inhalt ▁der ▁Datei ""; 
 $ lang [' L _ HT ACC _ CREATE _ ERROR '] ="" Es ▁ist ▁ein ▁Fehler ▁bei ▁der ▁Erstellung ▁des ▁Ver zeich niss ch ut zes ▁auf getreten"
Frau,8614,"_ NO _ USERNAME '] ="" Du ▁musst ▁einen ▁Namen ▁ein geben !""; 
 $ lang [' L _ PASS WORDS _ UNE QUAL '] ="" Die ▁Pass wörter ▁sind ▁nicht ▁identi sch ▁oder ▁leer !""; 
 $ lang [' L _ HT ACC _ CONFIRM _ DELETE '] ="" So ll ▁der ▁Ver zeich niss chutz ▁jetzt ▁erstellt ▁werden ?""; 
 $ lang [' L _ HT ACC _ CREATED '] ="" Der ▁Ver zeich niss chutz ▁wurde ▁erstellt .""; 
 $ lang [' L _ HT ACC _ CONTENT '] ="" Inhalt ▁der ▁Datei ""; 
 $ lang [' L _ HT ACC _ CREATE _ ERROR '] ="" Es ▁ist ▁ein ▁Fehler ▁bei ▁der ▁Erstellung ▁des ▁Ver zeich niss ch ut zes ▁auf getreten"
Frau,8614,"▁können ▁gehen ▁hören , ▁ver nahm ▁ich , ▁dass ... 

 Ich ▁bin ▁aber ▁eher ▁der ▁Meinung , ▁dass ▁die ▁Reihenfolge ▁in ▁diesem ▁Fall ▁eher ▁un idio matisch ▁ist . ▁H ätte ▁gehen ▁hören ▁können ▁f ände ▁ich ▁besser . ▁Man ▁kann ▁sich ▁auch ▁locker ▁eine ▁real istische ▁Situation ▁vorstellen , ▁wo ▁noch ▁ein ▁Modal verb ▁dazu ▁kommt , ▁ohne ▁dass ▁es ▁zu ▁sch rä g ▁klingt , ▁und ▁noch ▁verständ lich ▁wäre , ▁b sp w .: 

 Es ▁war ▁im ▁Raum ▁so ▁le ise , ▁dass ▁man ▁ihn ▁eigentlich ▁hätte ▁at men ▁hören ▁können ▁sollen . 

 A : 

 Man ▁kann ▁deinen ▁Beispiel s atz ▁einfach ▁erweit ern : 

 Er ▁war ▁nicht ▁so ▁bl öd , ▁wie ▁man ▁hätte ▁gene igt ▁gewesen ▁sein"
Frau,8614,"▁können ▁gehen ▁hören , ▁ver nahm ▁ich , ▁dass ... 

 Ich ▁bin ▁aber ▁eher ▁der ▁Meinung , ▁dass ▁die ▁Reihenfolge ▁in ▁diesem ▁Fall ▁eher ▁un idio matisch ▁ist . ▁H ätte ▁gehen ▁hören ▁können ▁f ände ▁ich ▁besser . ▁Man ▁kann ▁sich ▁auch ▁locker ▁eine ▁real istische ▁Situation ▁vorstellen , ▁wo ▁noch ▁ein ▁Modal verb ▁dazu ▁kommt , ▁ohne ▁dass ▁es ▁zu ▁sch rä g ▁klingt , ▁und ▁noch ▁verständ lich ▁wäre , ▁b sp w .: 

 Es ▁war ▁im ▁Raum ▁so ▁le ise , ▁dass ▁man ▁ihn ▁eigentlich ▁hätte ▁at men ▁hören ▁können ▁sollen . 

 A : 

 Man ▁kann ▁deinen ▁Beispiel s atz ▁einfach ▁erweit ern : 

 Er ▁war ▁nicht ▁so ▁bl öd , ▁wie ▁man ▁hätte ▁gene igt ▁gewesen ▁sein"
Frau,8614,"▁können ▁gehen ▁hören , ▁ver nahm ▁ich , ▁dass ... 

 Ich ▁bin ▁aber ▁eher ▁der ▁Meinung , ▁dass ▁die ▁Reihenfolge ▁in ▁diesem ▁Fall ▁eher ▁un idio matisch ▁ist . ▁H ätte ▁gehen ▁hören ▁können ▁f ände ▁ich ▁besser . ▁Man ▁kann ▁sich ▁auch ▁locker ▁eine ▁real istische ▁Situation ▁vorstellen , ▁wo ▁noch ▁ein ▁Modal verb ▁dazu ▁kommt , ▁ohne ▁dass ▁es ▁zu ▁sch rä g ▁klingt , ▁und ▁noch ▁verständ lich ▁wäre , ▁b sp w .: 

 Es ▁war ▁im ▁Raum ▁so ▁le ise , ▁dass ▁man ▁ihn ▁eigentlich ▁hätte ▁at men ▁hören ▁können ▁sollen . 

 A : 

 Man ▁kann ▁deinen ▁Beispiel s atz ▁einfach ▁erweit ern : 

 Er ▁war ▁nicht ▁so ▁bl öd , ▁wie ▁man ▁hätte ▁gene igt ▁gewesen ▁sein"
Frau,8614,"▁können ▁gehen ▁hören , ▁ver nahm ▁ich , ▁dass ... 

 Ich ▁bin ▁aber ▁eher ▁der ▁Meinung , ▁dass ▁die ▁Reihenfolge ▁in ▁diesem ▁Fall ▁eher ▁un idio matisch ▁ist . ▁H ätte ▁gehen ▁hören ▁können ▁f ände ▁ich ▁besser . ▁Man ▁kann ▁sich ▁auch ▁locker ▁eine ▁real istische ▁Situation ▁vorstellen , ▁wo ▁noch ▁ein ▁Modal verb ▁dazu ▁kommt , ▁ohne ▁dass ▁es ▁zu ▁sch rä g ▁klingt , ▁und ▁noch ▁verständ lich ▁wäre , ▁b sp w .: 

 Es ▁war ▁im ▁Raum ▁so ▁le ise , ▁dass ▁man ▁ihn ▁eigentlich ▁hätte ▁at men ▁hören ▁können ▁sollen . 

 A : 

 Man ▁kann ▁deinen ▁Beispiel s atz ▁einfach ▁erweit ern : 

 Er ▁war ▁nicht ▁so ▁bl öd , ▁wie ▁man ▁hätte ▁gene igt ▁gewesen ▁sein"
Frau,8614,"▁können ▁gehen ▁hören , ▁ver nahm ▁ich , ▁dass ... 

 Ich ▁bin ▁aber ▁eher ▁der ▁Meinung , ▁dass ▁die ▁Reihenfolge ▁in ▁diesem ▁Fall ▁eher ▁un idio matisch ▁ist . ▁H ätte ▁gehen ▁hören ▁können ▁f ände ▁ich ▁besser . ▁Man ▁kann ▁sich ▁auch ▁locker ▁eine ▁real istische ▁Situation ▁vorstellen , ▁wo ▁noch ▁ein ▁Modal verb ▁dazu ▁kommt , ▁ohne ▁dass ▁es ▁zu ▁sch rä g ▁klingt , ▁und ▁noch ▁verständ lich ▁wäre , ▁b sp w .: 

 Es ▁war ▁im ▁Raum ▁so ▁le ise , ▁dass ▁man ▁ihn ▁eigentlich ▁hätte ▁at men ▁hören ▁können ▁sollen . 

 A : 

 Man ▁kann ▁deinen ▁Beispiel s atz ▁einfach ▁erweit ern : 

 Er ▁war ▁nicht ▁so ▁bl öd , ▁wie ▁man ▁hätte ▁gene igt ▁gewesen ▁sein"
Frau,8614,"▁können ▁gehen ▁hören , ▁ver nahm ▁ich , ▁dass ... 

 Ich ▁bin ▁aber ▁eher ▁der ▁Meinung , ▁dass ▁die ▁Reihenfolge ▁in ▁diesem ▁Fall ▁eher ▁un idio matisch ▁ist . ▁H ätte ▁gehen ▁hören ▁können ▁f ände ▁ich ▁besser . ▁Man ▁kann ▁sich ▁auch ▁locker ▁eine ▁real istische ▁Situation ▁vorstellen , ▁wo ▁noch ▁ein ▁Modal verb ▁dazu ▁kommt , ▁ohne ▁dass ▁es ▁zu ▁sch rä g ▁klingt , ▁und ▁noch ▁verständ lich ▁wäre , ▁b sp w .: 

 Es ▁war ▁im ▁Raum ▁so ▁le ise , ▁dass ▁man ▁ihn ▁eigentlich ▁hätte ▁at men ▁hören ▁können ▁sollen . 

 A : 

 Man ▁kann ▁deinen ▁Beispiel s atz ▁einfach ▁erweit ern : 

 Er ▁war ▁nicht ▁so ▁bl öd , ▁wie ▁man ▁hätte ▁gene igt ▁gewesen ▁sein"
Frau,8614,"▁können ▁gehen ▁hören , ▁ver nahm ▁ich , ▁dass ... 

 Ich ▁bin ▁aber ▁eher ▁der ▁Meinung , ▁dass ▁die ▁Reihenfolge ▁in ▁diesem ▁Fall ▁eher ▁un idio matisch ▁ist . ▁H ätte ▁gehen ▁hören ▁können ▁f ände ▁ich ▁besser . ▁Man ▁kann ▁sich ▁auch ▁locker ▁eine ▁real istische ▁Situation ▁vorstellen , ▁wo ▁noch ▁ein ▁Modal verb ▁dazu ▁kommt , ▁ohne ▁dass ▁es ▁zu ▁sch rä g ▁klingt , ▁und ▁noch ▁verständ lich ▁wäre , ▁b sp w .: 

 Es ▁war ▁im ▁Raum ▁so ▁le ise , ▁dass ▁man ▁ihn ▁eigentlich ▁hätte ▁at men ▁hören ▁können ▁sollen . 

 A : 

 Man ▁kann ▁deinen ▁Beispiel s atz ▁einfach ▁erweit ern : 

 Er ▁war ▁nicht ▁so ▁bl öd , ▁wie ▁man ▁hätte ▁gene igt ▁gewesen ▁sein"
Frau,8614,"
 $ lang [' L _ HT ACCESS 3 1 '] ="" all geme in ""; 
 $ lang [' L _ HT ACCESS 3 2 '] ="" Achtung ! ▁Die ▁. htaccess ▁hat ▁eine ▁direkte ▁Aus wirkung ▁auf ▁den ▁Browser .< br > Bei ▁fals cher ▁Anwendung ▁sind ▁die ▁Seiten ▁nicht ▁mehr ▁erreichbar .""; 
 $ lang [' L _ PHP BUG '] ="" Bug ▁in ▁z lib ! ▁Keine ▁Kom pression ▁möglich !""; 
 $ lang [' L _ DISABLE DF UN CTIONS '] ="" Ab gesch al tete ▁Funktionen ""; 
 $ lang [' L _ NO GZ POSSIBLE '] ="" Da ▁z lib ▁nicht ▁installiert ▁ist , ▁stehen ▁keine ▁G Zip - Funktionen ▁zur ▁Verfügung !""; 
 $ lang [' L _ DELETE"
Frau,8614,"▁mit ▁fünf ▁oder ▁mehr ▁au feinander fol genden ▁Ver ben ▁einge fallen . 

 A : 

 Man ▁kann ▁im ▁Grunde ▁alle ▁verfügb aren ▁Modal ver ben ▁ane inander rei hen , ▁auch ▁wenn ▁pro ▁hinzu gefü gten ▁Modal verb ▁es ▁immer ▁auf wendi ger ▁wird , ▁einen ▁Sitz ▁im ▁Leben ▁für ▁einen ▁solchen ▁Satz ▁zu ▁finden . ▁Aber ▁unmöglich ▁ist ▁es ▁nicht . 

 Ich ▁hätte ▁das ▁Honig glas ▁nicht ▁aus le cken ▁dürfen . 
 Ich ▁hätte ▁das ▁Honig glas ▁nicht ▁aus le cken ▁wollen ▁sollen . 
 [...] 
 Ich ▁hätte ▁das ▁Honig glas ▁nicht ▁aus le cken ▁wollen ▁sollen ▁können ▁dürfen ▁müssen ▁mögen . 

 Nun ▁kann ▁man ▁aber ▁auch ▁die ▁Modal ver ben ▁mehrfach ▁einsetzen : 

 Ich ▁▁ h ätte ▁das"
Frau,8614,"▁mit ▁fünf ▁oder ▁mehr ▁au feinander fol genden ▁Ver ben ▁einge fallen . 

 A : 

 Man ▁kann ▁im ▁Grunde ▁alle ▁verfügb aren ▁Modal ver ben ▁ane inander rei hen , ▁auch ▁wenn ▁pro ▁hinzu gefü gten ▁Modal verb ▁es ▁immer ▁auf wendi ger ▁wird , ▁einen ▁Sitz ▁im ▁Leben ▁für ▁einen ▁solchen ▁Satz ▁zu ▁finden . ▁Aber ▁unmöglich ▁ist ▁es ▁nicht . 

 Ich ▁hätte ▁das ▁Honig glas ▁nicht ▁aus le cken ▁dürfen . 
 Ich ▁hätte ▁das ▁Honig glas ▁nicht ▁aus le cken ▁wollen ▁sollen . 
 [...] 
 Ich ▁hätte ▁das ▁Honig glas ▁nicht ▁aus le cken ▁wollen ▁sollen ▁können ▁dürfen ▁müssen ▁mögen . 

 Nun ▁kann ▁man ▁aber ▁auch ▁die ▁Modal ver ben ▁mehrfach ▁einsetzen : 

 Ich ▁▁ h ätte ▁das"
Frau,8614,"▁mit ▁fünf ▁oder ▁mehr ▁au feinander fol genden ▁Ver ben ▁einge fallen . 

 A : 

 Man ▁kann ▁im ▁Grunde ▁alle ▁verfügb aren ▁Modal ver ben ▁ane inander rei hen , ▁auch ▁wenn ▁pro ▁hinzu gefü gten ▁Modal verb ▁es ▁immer ▁auf wendi ger ▁wird , ▁einen ▁Sitz ▁im ▁Leben ▁für ▁einen ▁solchen ▁Satz ▁zu ▁finden . ▁Aber ▁unmöglich ▁ist ▁es ▁nicht . 

 Ich ▁hätte ▁das ▁Honig glas ▁nicht ▁aus le cken ▁dürfen . 
 Ich ▁hätte ▁das ▁Honig glas ▁nicht ▁aus le cken ▁wollen ▁sollen . 
 [...] 
 Ich ▁hätte ▁das ▁Honig glas ▁nicht ▁aus le cken ▁wollen ▁sollen ▁können ▁dürfen ▁müssen ▁mögen . 

 Nun ▁kann ▁man ▁aber ▁auch ▁die ▁Modal ver ben ▁mehrfach ▁einsetzen : 

 Ich ▁▁ h ätte ▁das"
Frau,8614,"▁mit ▁fünf ▁oder ▁mehr ▁au feinander fol genden ▁Ver ben ▁einge fallen . 

 A : 

 Man ▁kann ▁im ▁Grunde ▁alle ▁verfügb aren ▁Modal ver ben ▁ane inander rei hen , ▁auch ▁wenn ▁pro ▁hinzu gefü gten ▁Modal verb ▁es ▁immer ▁auf wendi ger ▁wird , ▁einen ▁Sitz ▁im ▁Leben ▁für ▁einen ▁solchen ▁Satz ▁zu ▁finden . ▁Aber ▁unmöglich ▁ist ▁es ▁nicht . 

 Ich ▁hätte ▁das ▁Honig glas ▁nicht ▁aus le cken ▁dürfen . 
 Ich ▁hätte ▁das ▁Honig glas ▁nicht ▁aus le cken ▁wollen ▁sollen . 
 [...] 
 Ich ▁hätte ▁das ▁Honig glas ▁nicht ▁aus le cken ▁wollen ▁sollen ▁können ▁dürfen ▁müssen ▁mögen . 

 Nun ▁kann ▁man ▁aber ▁auch ▁die ▁Modal ver ben ▁mehrfach ▁einsetzen : 

 Ich ▁▁ h ätte ▁das"
Frau,8614,"Ikke ▁av installer "" 
 Str C py ▁$ Page Re install _ NEW _ M UI _ HEADER _ TEXT _ TITLE ▁"" All erede ▁install ert "" 
 Str C py ▁$ Page Re install _ NEW _ M UI _ HEADER _ TEXT _ SUB TITLE ▁"" Vel g ▁hvordan ▁du ▁vil ▁install ere ▁${ APPLICATION _ NAME } ."" 
 Str C py ▁$ Page Re install _ OLD _ Field _ 1 ▁"" En ▁ny ere ▁vers jon ▁av ▁${ APPLICATION _ NAME } ▁er ▁allerede ▁install ert ! ▁Det ▁anbef ales ▁ikke ▁at ▁du ▁install erer ▁en ▁el dre ▁vers jon . ▁Hvis ▁du ▁virkelig ▁ønsker ▁å ▁install ere ▁denne ▁el dre ▁vers jonen , ▁er ▁det ▁bedre ▁å ▁av install"
Frau,8614,"_ HT ACCESS '] ="" Ver zeich niss chutz ▁entfernen ▁(. htaccess ▁löschen )""; 
 $ lang [' L _ WRONG _ R IGHTS '] ="" Die ▁Datei ▁oder ▁das ▁Ver zeichnis ▁'% s ' ▁ist ▁für ▁mich ▁nicht ▁besch reib bar .< br > 
 Ent weder ▁hat ▁sie / es ▁den ▁falschen ▁Besitzer ▁( Owner ) ▁oder ▁die ▁falschen ▁Rechte ▁( Ch mod ). < br > ▁ 
 Bitte ▁set ze ▁die ▁richtigen ▁Attribute ▁mit ▁De inem ▁FTP - Programm . ▁< br > 
 Die ▁Datei ▁oder ▁das ▁Ver zeichnis ▁benötigt ▁die ▁Rechte ▁% s .< br >""; 
 $ lang [' L _ CANT _ CREATE _ DIR '] ="" Ich ▁kon ntes ▁das ▁Ver zeichnis ▁'% s ' ▁nicht ▁erstellen ."
Frau,8614,"_ HT ACCESS '] ="" Ver zeich niss chutz ▁entfernen ▁(. htaccess ▁löschen )""; 
 $ lang [' L _ WRONG _ R IGHTS '] ="" Die ▁Datei ▁oder ▁das ▁Ver zeichnis ▁'% s ' ▁ist ▁für ▁mich ▁nicht ▁besch reib bar .< br > 
 Ent weder ▁hat ▁sie / es ▁den ▁falschen ▁Besitzer ▁( Owner ) ▁oder ▁die ▁falschen ▁Rechte ▁( Ch mod ). < br > ▁ 
 Bitte ▁set ze ▁die ▁richtigen ▁Attribute ▁mit ▁De inem ▁FTP - Programm . ▁< br > 
 Die ▁Datei ▁oder ▁das ▁Ver zeichnis ▁benötigt ▁die ▁Rechte ▁% s .< br >""; 
 $ lang [' L _ CANT _ CREATE _ DIR '] ="" Ich ▁kon ntes ▁das ▁Ver zeichnis ▁'% s ' ▁nicht ▁erstellen ."
Frau,8614,"▁and ▁other ▁Financial ▁Services ▁products ▁are ▁not ▁available ▁on ▁Buy ▁Now ▁Pay ▁Later ▁and ▁will ▁appear ▁on ▁your ▁next ▁statement . 

 Please ▁note , ▁if ▁you ▁have ▁non ▁BN PL ▁purchases ▁on ▁your ▁account ▁you ▁will ▁still ▁need ▁to ▁make ▁at ▁least ▁your ▁minimum ▁payment ▁as ▁detailed ▁on ▁your ▁statement . <bos> Julia ▁K ogan 

 Julia ▁K ogan ▁is ▁an ▁American - French ▁oper atic ▁color atura ▁soprano , ▁writer , ▁and ▁presenter ▁of ▁Ukrainian ▁ancestry . 

 Biography 
 K ogan ' s ▁opera ▁roles ▁have ▁included ▁Queen ▁of ▁the ▁Night ▁in ▁Die ▁Zauber fl öte , ▁Zer bin etta ▁in ▁Ari adne ▁auf ▁Nax os , ▁Blonde ▁in ▁Die ▁Ent führung , ▁Madame ▁Herz ▁in ▁Der ▁Schauspiel direktor , ▁Greta ▁Fio rentino ▁in"
Frau,8614,"End Process _ KILL _ NOT _ FOUND _ TEXT ▁"" F ant ▁ikke ▁pros ess ▁som ▁skulle ▁termin eres !"" 
 Str C py ▁$ Page Re install _ NEW _ Field _ 1 ▁"" En ▁el dre ▁vers jon ▁av ▁${ APPLICATION _ NAME } ▁er ▁install ert ▁på ▁syste met ▁ditt . ▁Det ▁anbef ales ▁at ▁du ▁av installer er ▁den ▁vers jonen ▁før ▁install ering ▁av ▁ny ▁vers jon . ▁Vel g ▁hva ▁du ▁vil ▁gjøre ▁og ▁klik k ▁Neste ▁for ▁å ▁fort sette ."" 
 Str C py ▁$ Page Re install _ NEW _ Field _ 2 ▁"" A vin st aller ▁før ▁install ering "" 
 Str C py ▁$ Page Re install _ NEW _ Field _ 3 ▁"""
Frau,8614,"▁as ▁Richard ▁Strauss ' ▁Ein ▁Helden b len ▁and ▁the ▁symphon ies ▁of ▁Haydn . 

 In ▁recent ▁years , ▁he ▁has ▁been ▁a ▁guest ▁conductor ▁of ▁orchestra s ▁which ▁include ▁the ▁Vancouver ▁Symphony ▁Orchestra , ▁L ' Or chestra ▁Sinf onica ▁di ▁Milano ▁Giuseppe ▁Verdi , ▁the ▁Orchestra ▁della ▁Svizzera ▁italiana , ▁the ▁Saint ▁Petersburg ▁Philharmonic ▁Orchestra , ▁the ▁Baltimore ▁Symphony ▁Orchestra , ▁the ▁Cincinnati ▁Symphony ▁Orchestra , ▁the ▁Calgary ▁Philharmonic ▁Orchestra , ▁the ▁Stavanger ▁Symphony ▁Orchestra , ▁Gew and haus or chester ▁Leipzig , ▁the ▁Polish ▁National ▁Radio ▁Symphony ▁Orchestra , ▁the ▁Slovenian ▁Philharmonic ▁Orchestra , ▁the ▁Bilbao ▁Symphony ▁Orchestra , ▁and ▁the ▁Sao ▁Paulo ▁State ▁Symphony . ▁He ▁was ▁Music ▁Director ▁of ▁the ▁Columbus ▁Symphony ▁Orchestra ▁from ▁ 2 0 0 6 ▁to ▁"
Frau,8614,"▁as ▁Richard ▁Strauss ' ▁Ein ▁Helden b len ▁and ▁the ▁symphon ies ▁of ▁Haydn . 

 In ▁recent ▁years , ▁he ▁has ▁been ▁a ▁guest ▁conductor ▁of ▁orchestra s ▁which ▁include ▁the ▁Vancouver ▁Symphony ▁Orchestra , ▁L ' Or chestra ▁Sinf onica ▁di ▁Milano ▁Giuseppe ▁Verdi , ▁the ▁Orchestra ▁della ▁Svizzera ▁italiana , ▁the ▁Saint ▁Petersburg ▁Philharmonic ▁Orchestra , ▁the ▁Baltimore ▁Symphony ▁Orchestra , ▁the ▁Cincinnati ▁Symphony ▁Orchestra , ▁the ▁Calgary ▁Philharmonic ▁Orchestra , ▁the ▁Stavanger ▁Symphony ▁Orchestra , ▁Gew and haus or chester ▁Leipzig , ▁the ▁Polish ▁National ▁Radio ▁Symphony ▁Orchestra , ▁the ▁Slovenian ▁Philharmonic ▁Orchestra , ▁the ▁Bilbao ▁Symphony ▁Orchestra , ▁and ▁the ▁Sao ▁Paulo ▁State ▁Symphony . ▁He ▁was ▁Music ▁Director ▁of ▁the ▁Columbus ▁Symphony ▁Orchestra ▁from ▁ 2 0 0 6 ▁to ▁"
Frau,8614,"_ INFO _ N ODB '] ="" Daten bank ▁existi ert ▁nicht ""; 
 $ lang [' L _ INFO _ DB DETAIL '] ="" Detail - Information ▁von ▁Datenbank ▁""; 
 $ lang [' L _ INFO _ DB EMPTY '] ="" Die ▁Datenbank ▁ist ▁leer !""; 
 $ lang [' L _ INFO _ REC ORDS '] ="" Dat ens ätze ""; 
 $ lang [' L _ INFO _ SIZE '] ="" Größe ""; 
 $ lang [' L _ INFO _ LAST UPDATE '] ="" let ztes ▁Update ""; 
 $ lang [' L _ INFO _ SUM '] ="" ins gesamt ""; 
 $ lang [' L _ INFO _ OPTIM IZED '] ="" optim iert ""; 
 $ lang [' L"
Frau,8614,"▁ 1 ](# pp at . 1 0 0 8 4 8 4 . g 0 0 1 ){ ref - type ="" fig "" }. ▁The ▁α - carbon ▁atoms ▁of ▁two ▁important ▁patches ▁of ▁residues ▁are ▁shown ▁as ▁blue ▁spheres . ▁C ) ▁The ▁sequence ▁logo ▁plot ▁showing ▁the ▁conservation ▁of ▁the ▁two ▁Rd RP ▁interacting ▁regions , ▁the ▁GTR - linker ▁region ▁( top ▁panel ), ▁and ▁the ▁N LS - helix ▁that ▁is ▁important ▁for ▁both ▁J EV - ▁and ▁D ENV 3 - mode ▁conformational ▁states , ▁the ▁middle ▁and ▁ring ▁finger ▁regions ▁only ▁critical ▁in ▁J EV - mode ▁states ▁( bottom ▁panel ). ▁The ▁triangles ▁indicated ▁key ▁residues ▁involved ▁in ▁the ▁intra - molecular ▁interactions . ▁D ) ▁A ▁schematic"
Frau,8614,"▁as ▁ 3 . 5 ▁ms ▁and ▁ 4 . 0 ▁ms ▁for ▁low ▁resolution ▁scans ▁and ▁high ▁resolution ▁scans , ▁respectively . ▁The ▁selected ▁excitation ▁RF ▁pulse ▁had ▁a ▁time ‐ bandwidth ▁product ▁of ▁ 1 0 , ▁resulting ▁in ▁a ▁reasonably ▁sharp ▁slice ▁profile . ▁The ▁RF ▁pulse ▁phase ▁was ▁fixed ▁to ▁ 0 °. ▁To ▁simplify ▁dictionary ▁calculations , ▁because ▁of ▁the ▁simplification ▁of ▁the ▁magnetization ▁coherence ▁pathways ,[ 4 6 ](# m rm 2 7 5 9 4 - bib - 0 0 4 6 ){ ref - type ="" ref ""} ▁the ▁TR ▁was ▁set ▁to ▁a ▁constant ▁value ▁of ▁ 1 1 ▁ms . 

 A ▁ 3 D ▁dictionary ▁was ▁calculated ▁following ▁the ▁extended ▁phase ▁graph ▁formalism ,[ 2 1"
Frau,8614,"Table ▁S 1 ](# p gen . 1 0 0 4 7 7 5 . s 0 0 8 ){ ref - type ="" supp lementary - material "" }). ▁The ▁only ▁two ▁exceptions ▁are ▁the ▁second ▁replicate ▁sample ▁from ▁Maine ▁which ▁was ▁derived ▁from ▁wild - caught ▁males ▁and ▁the ▁sample ▁from ▁North ▁Carolina ▁which ▁was ▁sampled ▁from ▁the ▁Drosophila ▁Genetic ▁Reference ▁Panel ▁( D GRP ) ▁in bred ▁lines . ▁For ▁the ▁D GRP ▁population , ▁we ▁re sequ enced ▁a ▁pooled ▁sample ▁consisting ▁of ▁one ▁male ▁from ▁each ▁of ▁ 9 2 ▁D GRP ▁strains ▁and ▁used ▁allele ▁frequency ▁estimates ▁from ▁pooled ▁samples ▁when ▁estimating ▁cl inal ity ▁( see ▁[@ p gen . 1 0 0 4 7 7 5 - Wright 1"
Frau,8614,"IC Stepper :: I IC Stepper () ' 
 ../ src / Stepper . h : 4 1 : ▁note : ▁candidates ▁are : ▁I IC Stepper :: I IC Stepper ( I IC Bus &, ▁int , ▁const ▁std :: string &) 
 ../ src / Stepper . h : 3 8 : ▁note : ▁▁▁▁▁▁▁▁▁▁▁▁▁▁▁▁▁ I IC Stepper :: I IC Stepper ( const ▁I IC Stepper &) 
 ../ src / Motor _ control . h : 1 5 : ▁error : ▁no ▁matching ▁function ▁for ▁call ▁to ▁' I IC Stepper :: I IC Stepper () ' 
 ../ src / Stepper . h : 4 1 : ▁note : ▁candidates ▁are : ▁I IC Stepper :: I IC Stepper ( I IC"
Frau,8614,". 
 ▁Bryan ▁Young , ▁Ulster ▁and ▁Ireland ▁international ▁rugby ▁player . 

 Dem ography 
 On ▁Census ▁day ▁( 2 7 ▁March ▁ 2 0 1 1 ) ▁there ▁were ▁ 2 9 , 5 5 1 ▁people ▁living ▁in ▁Bally mena , ▁accounting ▁for ▁ 1 . 6 3 % ▁of ▁the ▁NI ▁total , ▁representing ▁an ▁increase ▁of ▁ 2 . 9 % ▁on ▁the ▁ 2 0 0 1 ▁Census ▁population ▁of ▁ 2 8 , 7 1 7 . ▁Of ▁these : 

 ▁ 1 9 . 2 0 % ▁were ▁aged ▁under ▁ 1 6 ▁years ▁and ▁ 1 7 . 6 1 % ▁were ▁aged ▁ 6 5 ▁and ▁over ; 
 ▁ 5 2 . 0 0 % ▁of"
Frau,8614,"▁about ▁whether ▁the ▁government ▁is ▁in 
 fact ▁pursuing ▁the ▁interest ▁it ▁invokes , ▁rather ▁than ▁dis fav oring ▁a ▁particular ▁speaker ▁or 
 view point .' ▁Williams ▁Yule e , ▁ 1 3 5 ▁S . ▁Ct . ▁at ▁ 1 6 6 8 . 
 ▁▁▁▁▁▁▁▁▁▁▁▁▁▁▁▁▁▁▁▁▁ - 




 ▁▁▁▁▁▁▁▁▁▁▁▁▁▁▁▁▁▁▁▁▁▁▁▁▁▁▁▁▁▁▁ ▁▁▁▁▁▁▁▁▁▁▁ 2 2 
  dis course . ▁The ▁objective ▁is ▁not ▁to ▁keep ▁information ▁hidden ▁from ▁the ▁public ; ▁the 

 objective ▁is ▁to ▁keep ▁the ▁judge ▁from ▁compromising ▁his ▁or ▁her ▁integrity ▁and 

 im parti ality ▁by ▁engaging ▁in ▁deceptive ▁and ▁misleading ▁conduct . 

 ▁▁▁▁▁▁▁▁ Williams - Y ule e ▁presented ▁a ▁very ▁similar ▁situation . ▁While ▁the ▁Florida ▁rules 

 pro hibited ▁a ▁judge ▁from ▁personally ▁soliciting ▁funds , ▁responsible ▁representatives"
Frau,8614,"▁was ▁elected ▁to ▁the ▁National ▁Assembly ▁of ▁Pakistan ▁as ▁a ▁candidate ▁of ▁Pakistan ▁Peoples ▁Party ▁( PPP ) ▁from ▁Constituency ▁NA - 2 2 4 ▁( Bad in - cum - T ando ▁Muhammad ▁Khan - I ) ▁in ▁ 2 0 1 3 ▁Pakistani ▁general ▁election . ▁He ▁received ▁ 1 2 8 , 7 2 3 ▁votes ▁and ▁defeated ▁Ali ▁As ghar ▁Hale poto , ▁a ▁candidate ▁of ▁Pakistan ▁Muslim ▁League ▁( F ) ▁( P ML - F ). 

 References 

 Category : Living ▁people 
 Category : Pakistan ▁Peoples ▁Party ▁politicians 
 Category : Sind hi ▁people 
 Category : Pak istani ▁MN As ▁ 2 0 1 3 – 2 0 1 8 
 Category : People ▁from ▁Sindh 
 Category"
Frau,8614,"▁the ▁fluid ▁by ▁driving ▁a ▁membrane ▁by ▁instantly ▁heating ▁a ▁vapor izing ▁fluid ▁which ▁acts ▁as ▁a ▁working ▁fluid . 
 FIG . ▁ 1 ▁is ▁a ▁vertical ▁sectional ▁view ▁of ▁a ▁fluid ▁jet ting ▁apparatus ▁according ▁to ▁a ▁conventional ▁thermal ▁compression ▁system . ▁The ▁fluid ▁jet ting ▁apparatus ▁of ▁the ▁thermal ▁compression ▁system ▁includes ▁a ▁heat ▁driving ▁part ▁ 1 0 , ▁a ▁membrane ▁ 2 0 , ▁and ▁a ▁nozzle ▁part ▁ 3 0 . 
 A ▁substrate ▁ 1 1 ▁of ▁the ▁heat ▁driving ▁part ▁ 1 0 ▁supports ▁the ▁heat ▁driving ▁part ▁ 1 0 ▁and ▁the ▁whole ▁structure ▁that ▁will ▁be ▁constructed ▁later . ▁An ▁insulated ▁layer ▁ 1 2 ▁is ▁diffused ▁on ▁the ▁substrate ▁ 1 1 . ▁An ▁electrode ▁"
Mädchen,13699,"▁Honig glas ▁nicht ▁aus le cken ▁dürfen ▁dürfen . 

 S pri ch : ▁Es ▁wäre ▁besser ▁gewesen , ▁Autor itäts person ▁ 1 ▁hätte ▁es ▁Autor itäts person ▁ 2 ▁nicht ▁gest attet , ▁mir ▁zu ▁gest atten , ▁das ▁Honig glas ▁aus zule cken . 

 A : 

 Ohne ▁Parti zip ien ▁( also ▁nur ▁finite ▁und ▁infinite ▁Verb formen ) ▁können ▁Kon stru ktionen ▁mit ▁Ver ben ▁der ▁Wahrnehmung ▁( z B ▁sehen , ▁hören ) ▁manchmal ▁viele ▁au feinander fol genden ▁Infin itiv formen ▁enthalten . 
 Ein ▁Z itat ▁aus ▁"" Der ▁Prozess "" ▁von ▁Franz ▁Kafka : 

 Als ▁ich ▁mich ▁ein ▁Weil chen ▁wieder ▁so ▁ruhig ▁ver halten ▁hatte , ▁dass ▁man ▁die ▁F liegen ▁an ▁der ▁Wand ▁hätte"
Mädchen,13699,"▁Honig glas ▁nicht ▁aus le cken ▁dürfen ▁dürfen . 

 S pri ch : ▁Es ▁wäre ▁besser ▁gewesen , ▁Autor itäts person ▁ 1 ▁hätte ▁es ▁Autor itäts person ▁ 2 ▁nicht ▁gest attet , ▁mir ▁zu ▁gest atten , ▁das ▁Honig glas ▁aus zule cken . 

 A : 

 Ohne ▁Parti zip ien ▁( also ▁nur ▁finite ▁und ▁infinite ▁Verb formen ) ▁können ▁Kon stru ktionen ▁mit ▁Ver ben ▁der ▁Wahrnehmung ▁( z B ▁sehen , ▁hören ) ▁manchmal ▁viele ▁au feinander fol genden ▁Infin itiv formen ▁enthalten . 
 Ein ▁Z itat ▁aus ▁"" Der ▁Prozess "" ▁von ▁Franz ▁Kafka : 

 Als ▁ich ▁mich ▁ein ▁Weil chen ▁wieder ▁so ▁ruhig ▁ver halten ▁hatte , ▁dass ▁man ▁die ▁F liegen ▁an ▁der ▁Wand ▁hätte"
Mädchen,13699,"▁Honig glas ▁nicht ▁aus le cken ▁dürfen ▁dürfen . 

 S pri ch : ▁Es ▁wäre ▁besser ▁gewesen , ▁Autor itäts person ▁ 1 ▁hätte ▁es ▁Autor itäts person ▁ 2 ▁nicht ▁gest attet , ▁mir ▁zu ▁gest atten , ▁das ▁Honig glas ▁aus zule cken . 

 A : 

 Ohne ▁Parti zip ien ▁( also ▁nur ▁finite ▁und ▁infinite ▁Verb formen ) ▁können ▁Kon stru ktionen ▁mit ▁Ver ben ▁der ▁Wahrnehmung ▁( z B ▁sehen , ▁hören ) ▁manchmal ▁viele ▁au feinander fol genden ▁Infin itiv formen ▁enthalten . 
 Ein ▁Z itat ▁aus ▁"" Der ▁Prozess "" ▁von ▁Franz ▁Kafka : 

 Als ▁ich ▁mich ▁ein ▁Weil chen ▁wieder ▁so ▁ruhig ▁ver halten ▁hatte , ▁dass ▁man ▁die ▁F liegen ▁an ▁der ▁Wand ▁hätte"
Mädchen,13699,"▁Honig glas ▁nicht ▁aus le cken ▁dürfen ▁dürfen . 

 S pri ch : ▁Es ▁wäre ▁besser ▁gewesen , ▁Autor itäts person ▁ 1 ▁hätte ▁es ▁Autor itäts person ▁ 2 ▁nicht ▁gest attet , ▁mir ▁zu ▁gest atten , ▁das ▁Honig glas ▁aus zule cken . 

 A : 

 Ohne ▁Parti zip ien ▁( also ▁nur ▁finite ▁und ▁infinite ▁Verb formen ) ▁können ▁Kon stru ktionen ▁mit ▁Ver ben ▁der ▁Wahrnehmung ▁( z B ▁sehen , ▁hören ) ▁manchmal ▁viele ▁au feinander fol genden ▁Infin itiv formen ▁enthalten . 
 Ein ▁Z itat ▁aus ▁"" Der ▁Prozess "" ▁von ▁Franz ▁Kafka : 

 Als ▁ich ▁mich ▁ein ▁Weil chen ▁wieder ▁so ▁ruhig ▁ver halten ▁hatte , ▁dass ▁man ▁die ▁F liegen ▁an ▁der ▁Wand ▁hätte"
Mädchen,13699,"▁Honig glas ▁nicht ▁aus le cken ▁dürfen ▁dürfen . 

 S pri ch : ▁Es ▁wäre ▁besser ▁gewesen , ▁Autor itäts person ▁ 1 ▁hätte ▁es ▁Autor itäts person ▁ 2 ▁nicht ▁gest attet , ▁mir ▁zu ▁gest atten , ▁das ▁Honig glas ▁aus zule cken . 

 A : 

 Ohne ▁Parti zip ien ▁( also ▁nur ▁finite ▁und ▁infinite ▁Verb formen ) ▁können ▁Kon stru ktionen ▁mit ▁Ver ben ▁der ▁Wahrnehmung ▁( z B ▁sehen , ▁hören ) ▁manchmal ▁viele ▁au feinander fol genden ▁Infin itiv formen ▁enthalten . 
 Ein ▁Z itat ▁aus ▁"" Der ▁Prozess "" ▁von ▁Franz ▁Kafka : 

 Als ▁ich ▁mich ▁ein ▁Weil chen ▁wieder ▁so ▁ruhig ▁ver halten ▁hatte , ▁dass ▁man ▁die ▁F liegen ▁an ▁der ▁Wand ▁hätte"
Mädchen,13699,"▁Honig glas ▁nicht ▁aus le cken ▁dürfen ▁dürfen . 

 S pri ch : ▁Es ▁wäre ▁besser ▁gewesen , ▁Autor itäts person ▁ 1 ▁hätte ▁es ▁Autor itäts person ▁ 2 ▁nicht ▁gest attet , ▁mir ▁zu ▁gest atten , ▁das ▁Honig glas ▁aus zule cken . 

 A : 

 Ohne ▁Parti zip ien ▁( also ▁nur ▁finite ▁und ▁infinite ▁Verb formen ) ▁können ▁Kon stru ktionen ▁mit ▁Ver ben ▁der ▁Wahrnehmung ▁( z B ▁sehen , ▁hören ) ▁manchmal ▁viele ▁au feinander fol genden ▁Infin itiv formen ▁enthalten . 
 Ein ▁Z itat ▁aus ▁"" Der ▁Prozess "" ▁von ▁Franz ▁Kafka : 

 Als ▁ich ▁mich ▁ein ▁Weil chen ▁wieder ▁so ▁ruhig ▁ver halten ▁hatte , ▁dass ▁man ▁die ▁F liegen ▁an ▁der ▁Wand ▁hätte"
Mädchen,13699,"▁Honig glas ▁nicht ▁aus le cken ▁dürfen ▁dürfen . 

 S pri ch : ▁Es ▁wäre ▁besser ▁gewesen , ▁Autor itäts person ▁ 1 ▁hätte ▁es ▁Autor itäts person ▁ 2 ▁nicht ▁gest attet , ▁mir ▁zu ▁gest atten , ▁das ▁Honig glas ▁aus zule cken . 

 A : 

 Ohne ▁Parti zip ien ▁( also ▁nur ▁finite ▁und ▁infinite ▁Verb formen ) ▁können ▁Kon stru ktionen ▁mit ▁Ver ben ▁der ▁Wahrnehmung ▁( z B ▁sehen , ▁hören ) ▁manchmal ▁viele ▁au feinander fol genden ▁Infin itiv formen ▁enthalten . 
 Ein ▁Z itat ▁aus ▁"" Der ▁Prozess "" ▁von ▁Franz ▁Kafka : 

 Als ▁ich ▁mich ▁ein ▁Weil chen ▁wieder ▁so ▁ruhig ▁ver halten ▁hatte , ▁dass ▁man ▁die ▁F liegen ▁an ▁der ▁Wand ▁hätte"
Mädchen,13699,"▁Honig glas ▁nicht ▁aus le cken ▁dürfen ▁dürfen . 

 S pri ch : ▁Es ▁wäre ▁besser ▁gewesen , ▁Autor itäts person ▁ 1 ▁hätte ▁es ▁Autor itäts person ▁ 2 ▁nicht ▁gest attet , ▁mir ▁zu ▁gest atten , ▁das ▁Honig glas ▁aus zule cken . 

 A : 

 Ohne ▁Parti zip ien ▁( also ▁nur ▁finite ▁und ▁infinite ▁Verb formen ) ▁können ▁Kon stru ktionen ▁mit ▁Ver ben ▁der ▁Wahrnehmung ▁( z B ▁sehen , ▁hören ) ▁manchmal ▁viele ▁au feinander fol genden ▁Infin itiv formen ▁enthalten . 
 Ein ▁Z itat ▁aus ▁"" Der ▁Prozess "" ▁von ▁Franz ▁Kafka : 

 Als ▁ich ▁mich ▁ein ▁Weil chen ▁wieder ▁so ▁ruhig ▁ver halten ▁hatte , ▁dass ▁man ▁die ▁F liegen ▁an ▁der ▁Wand ▁hätte"
Mädchen,13699,"▁Honig glas ▁nicht ▁aus le cken ▁dürfen ▁dürfen . 

 S pri ch : ▁Es ▁wäre ▁besser ▁gewesen , ▁Autor itäts person ▁ 1 ▁hätte ▁es ▁Autor itäts person ▁ 2 ▁nicht ▁gest attet , ▁mir ▁zu ▁gest atten , ▁das ▁Honig glas ▁aus zule cken . 

 A : 

 Ohne ▁Parti zip ien ▁( also ▁nur ▁finite ▁und ▁infinite ▁Verb formen ) ▁können ▁Kon stru ktionen ▁mit ▁Ver ben ▁der ▁Wahrnehmung ▁( z B ▁sehen , ▁hören ) ▁manchmal ▁viele ▁au feinander fol genden ▁Infin itiv formen ▁enthalten . 
 Ein ▁Z itat ▁aus ▁"" Der ▁Prozess "" ▁von ▁Franz ▁Kafka : 

 Als ▁ich ▁mich ▁ein ▁Weil chen ▁wieder ▁so ▁ruhig ▁ver halten ▁hatte , ▁dass ▁man ▁die ▁F liegen ▁an ▁der ▁Wand ▁hätte"
Mädchen,13699,"▁mit ▁fünf ▁oder ▁mehr ▁au feinander fol genden ▁Ver ben ▁einge fallen . 

 A : 

 Man ▁kann ▁im ▁Grunde ▁alle ▁verfügb aren ▁Modal ver ben ▁ane inander rei hen , ▁auch ▁wenn ▁pro ▁hinzu gefü gten ▁Modal verb ▁es ▁immer ▁auf wendi ger ▁wird , ▁einen ▁Sitz ▁im ▁Leben ▁für ▁einen ▁solchen ▁Satz ▁zu ▁finden . ▁Aber ▁unmöglich ▁ist ▁es ▁nicht . 

 Ich ▁hätte ▁das ▁Honig glas ▁nicht ▁aus le cken ▁dürfen . 
 Ich ▁hätte ▁das ▁Honig glas ▁nicht ▁aus le cken ▁wollen ▁sollen . 
 [...] 
 Ich ▁hätte ▁das ▁Honig glas ▁nicht ▁aus le cken ▁wollen ▁sollen ▁können ▁dürfen ▁müssen ▁mögen . 

 Nun ▁kann ▁man ▁aber ▁auch ▁die ▁Modal ver ben ▁mehrfach ▁einsetzen : 

 Ich ▁▁ h ätte ▁das"
Mädchen,13699,"▁mit ▁fünf ▁oder ▁mehr ▁au feinander fol genden ▁Ver ben ▁einge fallen . 

 A : 

 Man ▁kann ▁im ▁Grunde ▁alle ▁verfügb aren ▁Modal ver ben ▁ane inander rei hen , ▁auch ▁wenn ▁pro ▁hinzu gefü gten ▁Modal verb ▁es ▁immer ▁auf wendi ger ▁wird , ▁einen ▁Sitz ▁im ▁Leben ▁für ▁einen ▁solchen ▁Satz ▁zu ▁finden . ▁Aber ▁unmöglich ▁ist ▁es ▁nicht . 

 Ich ▁hätte ▁das ▁Honig glas ▁nicht ▁aus le cken ▁dürfen . 
 Ich ▁hätte ▁das ▁Honig glas ▁nicht ▁aus le cken ▁wollen ▁sollen . 
 [...] 
 Ich ▁hätte ▁das ▁Honig glas ▁nicht ▁aus le cken ▁wollen ▁sollen ▁können ▁dürfen ▁müssen ▁mögen . 

 Nun ▁kann ▁man ▁aber ▁auch ▁die ▁Modal ver ben ▁mehrfach ▁einsetzen : 

 Ich ▁▁ h ätte ▁das"
Mädchen,13699,"▁mit ▁fünf ▁oder ▁mehr ▁au feinander fol genden ▁Ver ben ▁einge fallen . 

 A : 

 Man ▁kann ▁im ▁Grunde ▁alle ▁verfügb aren ▁Modal ver ben ▁ane inander rei hen , ▁auch ▁wenn ▁pro ▁hinzu gefü gten ▁Modal verb ▁es ▁immer ▁auf wendi ger ▁wird , ▁einen ▁Sitz ▁im ▁Leben ▁für ▁einen ▁solchen ▁Satz ▁zu ▁finden . ▁Aber ▁unmöglich ▁ist ▁es ▁nicht . 

 Ich ▁hätte ▁das ▁Honig glas ▁nicht ▁aus le cken ▁dürfen . 
 Ich ▁hätte ▁das ▁Honig glas ▁nicht ▁aus le cken ▁wollen ▁sollen . 
 [...] 
 Ich ▁hätte ▁das ▁Honig glas ▁nicht ▁aus le cken ▁wollen ▁sollen ▁können ▁dürfen ▁müssen ▁mögen . 

 Nun ▁kann ▁man ▁aber ▁auch ▁die ▁Modal ver ben ▁mehrfach ▁einsetzen : 

 Ich ▁▁ h ätte ▁das"
Mädchen,13699,"▁mit ▁fünf ▁oder ▁mehr ▁au feinander fol genden ▁Ver ben ▁einge fallen . 

 A : 

 Man ▁kann ▁im ▁Grunde ▁alle ▁verfügb aren ▁Modal ver ben ▁ane inander rei hen , ▁auch ▁wenn ▁pro ▁hinzu gefü gten ▁Modal verb ▁es ▁immer ▁auf wendi ger ▁wird , ▁einen ▁Sitz ▁im ▁Leben ▁für ▁einen ▁solchen ▁Satz ▁zu ▁finden . ▁Aber ▁unmöglich ▁ist ▁es ▁nicht . 

 Ich ▁hätte ▁das ▁Honig glas ▁nicht ▁aus le cken ▁dürfen . 
 Ich ▁hätte ▁das ▁Honig glas ▁nicht ▁aus le cken ▁wollen ▁sollen . 
 [...] 
 Ich ▁hätte ▁das ▁Honig glas ▁nicht ▁aus le cken ▁wollen ▁sollen ▁können ▁dürfen ▁müssen ▁mögen . 

 Nun ▁kann ▁man ▁aber ▁auch ▁die ▁Modal ver ben ▁mehrfach ▁einsetzen : 

 Ich ▁▁ h ätte ▁das"
Mädchen,13699,"▁mit ▁fünf ▁oder ▁mehr ▁au feinander fol genden ▁Ver ben ▁einge fallen . 

 A : 

 Man ▁kann ▁im ▁Grunde ▁alle ▁verfügb aren ▁Modal ver ben ▁ane inander rei hen , ▁auch ▁wenn ▁pro ▁hinzu gefü gten ▁Modal verb ▁es ▁immer ▁auf wendi ger ▁wird , ▁einen ▁Sitz ▁im ▁Leben ▁für ▁einen ▁solchen ▁Satz ▁zu ▁finden . ▁Aber ▁unmöglich ▁ist ▁es ▁nicht . 

 Ich ▁hätte ▁das ▁Honig glas ▁nicht ▁aus le cken ▁dürfen . 
 Ich ▁hätte ▁das ▁Honig glas ▁nicht ▁aus le cken ▁wollen ▁sollen . 
 [...] 
 Ich ▁hätte ▁das ▁Honig glas ▁nicht ▁aus le cken ▁wollen ▁sollen ▁können ▁dürfen ▁müssen ▁mögen . 

 Nun ▁kann ▁man ▁aber ▁auch ▁die ▁Modal ver ben ▁mehrfach ▁einsetzen : 

 Ich ▁▁ h ätte ▁das"
Mädchen,13699,"▁mit ▁fünf ▁oder ▁mehr ▁au feinander fol genden ▁Ver ben ▁einge fallen . 

 A : 

 Man ▁kann ▁im ▁Grunde ▁alle ▁verfügb aren ▁Modal ver ben ▁ane inander rei hen , ▁auch ▁wenn ▁pro ▁hinzu gefü gten ▁Modal verb ▁es ▁immer ▁auf wendi ger ▁wird , ▁einen ▁Sitz ▁im ▁Leben ▁für ▁einen ▁solchen ▁Satz ▁zu ▁finden . ▁Aber ▁unmöglich ▁ist ▁es ▁nicht . 

 Ich ▁hätte ▁das ▁Honig glas ▁nicht ▁aus le cken ▁dürfen . 
 Ich ▁hätte ▁das ▁Honig glas ▁nicht ▁aus le cken ▁wollen ▁sollen . 
 [...] 
 Ich ▁hätte ▁das ▁Honig glas ▁nicht ▁aus le cken ▁wollen ▁sollen ▁können ▁dürfen ▁müssen ▁mögen . 

 Nun ▁kann ▁man ▁aber ▁auch ▁die ▁Modal ver ben ▁mehrfach ▁einsetzen : 

 Ich ▁▁ h ätte ▁das"
Mädchen,13699,"▁mit ▁fünf ▁oder ▁mehr ▁au feinander fol genden ▁Ver ben ▁einge fallen . 

 A : 

 Man ▁kann ▁im ▁Grunde ▁alle ▁verfügb aren ▁Modal ver ben ▁ane inander rei hen , ▁auch ▁wenn ▁pro ▁hinzu gefü gten ▁Modal verb ▁es ▁immer ▁auf wendi ger ▁wird , ▁einen ▁Sitz ▁im ▁Leben ▁für ▁einen ▁solchen ▁Satz ▁zu ▁finden . ▁Aber ▁unmöglich ▁ist ▁es ▁nicht . 

 Ich ▁hätte ▁das ▁Honig glas ▁nicht ▁aus le cken ▁dürfen . 
 Ich ▁hätte ▁das ▁Honig glas ▁nicht ▁aus le cken ▁wollen ▁sollen . 
 [...] 
 Ich ▁hätte ▁das ▁Honig glas ▁nicht ▁aus le cken ▁wollen ▁sollen ▁können ▁dürfen ▁müssen ▁mögen . 

 Nun ▁kann ▁man ▁aber ▁auch ▁die ▁Modal ver ben ▁mehrfach ▁einsetzen : 

 Ich ▁▁ h ätte ▁das"
Mädchen,13699,"reibe ▁einen ▁Brief ▁( 1 ) 
 Ich ▁habe ▁einen ▁Brief ▁schreiben ▁müssen ▁( 2 ) 
 Der ▁Brief ▁muss ▁geschrieben ▁werden ▁( 3 ) 
 Der ▁Brief ▁hätte ▁geschrieben ▁werden ▁müssen ▁( 4 ) 

 Ein ▁Bek an nter ▁meinte , ▁dass ▁es ▁nicht ▁möglich ▁sei , ▁einen ▁kor rek ten ▁Satz ▁mit ▁mehr ▁als ▁vier ▁au feinander fol genden ▁Ver ben ▁zu ▁form ulieren , ▁aber ▁nach ▁einiger ▁Zeit ▁ist ▁mir ▁ein ▁Satz ▁mit ▁fünf ▁einge fallen : 

 Er ▁war ▁nicht ▁so ▁bl öd , ▁wie ▁man ▁hätte ▁gene igt ▁sein ▁können ▁anzunehmen . 

 Ist ▁das ▁auch ▁mit ▁mehr ▁als ▁fünf ▁Ver ben ▁möglich ? 
 Ich ▁habe ▁jetzt ▁eine ▁We ile ▁darüber ▁nach ged acht , ▁aber ▁mir ▁ist ▁kein ▁anderer ▁Satz"
Mädchen,13699,"reibe ▁einen ▁Brief ▁( 1 ) 
 Ich ▁habe ▁einen ▁Brief ▁schreiben ▁müssen ▁( 2 ) 
 Der ▁Brief ▁muss ▁geschrieben ▁werden ▁( 3 ) 
 Der ▁Brief ▁hätte ▁geschrieben ▁werden ▁müssen ▁( 4 ) 

 Ein ▁Bek an nter ▁meinte , ▁dass ▁es ▁nicht ▁möglich ▁sei , ▁einen ▁kor rek ten ▁Satz ▁mit ▁mehr ▁als ▁vier ▁au feinander fol genden ▁Ver ben ▁zu ▁form ulieren , ▁aber ▁nach ▁einiger ▁Zeit ▁ist ▁mir ▁ein ▁Satz ▁mit ▁fünf ▁einge fallen : 

 Er ▁war ▁nicht ▁so ▁bl öd , ▁wie ▁man ▁hätte ▁gene igt ▁sein ▁können ▁anzunehmen . 

 Ist ▁das ▁auch ▁mit ▁mehr ▁als ▁fünf ▁Ver ben ▁möglich ? 
 Ich ▁habe ▁jetzt ▁eine ▁We ile ▁darüber ▁nach ged acht , ▁aber ▁mir ▁ist ▁kein ▁anderer ▁Satz"
Mädchen,13699,"reibe ▁einen ▁Brief ▁( 1 ) 
 Ich ▁habe ▁einen ▁Brief ▁schreiben ▁müssen ▁( 2 ) 
 Der ▁Brief ▁muss ▁geschrieben ▁werden ▁( 3 ) 
 Der ▁Brief ▁hätte ▁geschrieben ▁werden ▁müssen ▁( 4 ) 

 Ein ▁Bek an nter ▁meinte , ▁dass ▁es ▁nicht ▁möglich ▁sei , ▁einen ▁kor rek ten ▁Satz ▁mit ▁mehr ▁als ▁vier ▁au feinander fol genden ▁Ver ben ▁zu ▁form ulieren , ▁aber ▁nach ▁einiger ▁Zeit ▁ist ▁mir ▁ein ▁Satz ▁mit ▁fünf ▁einge fallen : 

 Er ▁war ▁nicht ▁so ▁bl öd , ▁wie ▁man ▁hätte ▁gene igt ▁sein ▁können ▁anzunehmen . 

 Ist ▁das ▁auch ▁mit ▁mehr ▁als ▁fünf ▁Ver ben ▁möglich ? 
 Ich ▁habe ▁jetzt ▁eine ▁We ile ▁darüber ▁nach ged acht , ▁aber ▁mir ▁ist ▁kein ▁anderer ▁Satz"
Mädchen,13699,"reibe ▁einen ▁Brief ▁( 1 ) 
 Ich ▁habe ▁einen ▁Brief ▁schreiben ▁müssen ▁( 2 ) 
 Der ▁Brief ▁muss ▁geschrieben ▁werden ▁( 3 ) 
 Der ▁Brief ▁hätte ▁geschrieben ▁werden ▁müssen ▁( 4 ) 

 Ein ▁Bek an nter ▁meinte , ▁dass ▁es ▁nicht ▁möglich ▁sei , ▁einen ▁kor rek ten ▁Satz ▁mit ▁mehr ▁als ▁vier ▁au feinander fol genden ▁Ver ben ▁zu ▁form ulieren , ▁aber ▁nach ▁einiger ▁Zeit ▁ist ▁mir ▁ein ▁Satz ▁mit ▁fünf ▁einge fallen : 

 Er ▁war ▁nicht ▁so ▁bl öd , ▁wie ▁man ▁hätte ▁gene igt ▁sein ▁können ▁anzunehmen . 

 Ist ▁das ▁auch ▁mit ▁mehr ▁als ▁fünf ▁Ver ben ▁möglich ? 
 Ich ▁habe ▁jetzt ▁eine ▁We ile ▁darüber ▁nach ged acht , ▁aber ▁mir ▁ist ▁kein ▁anderer ▁Satz"
Mädchen,13699,"reibe ▁einen ▁Brief ▁( 1 ) 
 Ich ▁habe ▁einen ▁Brief ▁schreiben ▁müssen ▁( 2 ) 
 Der ▁Brief ▁muss ▁geschrieben ▁werden ▁( 3 ) 
 Der ▁Brief ▁hätte ▁geschrieben ▁werden ▁müssen ▁( 4 ) 

 Ein ▁Bek an nter ▁meinte , ▁dass ▁es ▁nicht ▁möglich ▁sei , ▁einen ▁kor rek ten ▁Satz ▁mit ▁mehr ▁als ▁vier ▁au feinander fol genden ▁Ver ben ▁zu ▁form ulieren , ▁aber ▁nach ▁einiger ▁Zeit ▁ist ▁mir ▁ein ▁Satz ▁mit ▁fünf ▁einge fallen : 

 Er ▁war ▁nicht ▁so ▁bl öd , ▁wie ▁man ▁hätte ▁gene igt ▁sein ▁können ▁anzunehmen . 

 Ist ▁das ▁auch ▁mit ▁mehr ▁als ▁fünf ▁Ver ben ▁möglich ? 
 Ich ▁habe ▁jetzt ▁eine ▁We ile ▁darüber ▁nach ged acht , ▁aber ▁mir ▁ist ▁kein ▁anderer ▁Satz"
Mädchen,13699,"reibe ▁einen ▁Brief ▁( 1 ) 
 Ich ▁habe ▁einen ▁Brief ▁schreiben ▁müssen ▁( 2 ) 
 Der ▁Brief ▁muss ▁geschrieben ▁werden ▁( 3 ) 
 Der ▁Brief ▁hätte ▁geschrieben ▁werden ▁müssen ▁( 4 ) 

 Ein ▁Bek an nter ▁meinte , ▁dass ▁es ▁nicht ▁möglich ▁sei , ▁einen ▁kor rek ten ▁Satz ▁mit ▁mehr ▁als ▁vier ▁au feinander fol genden ▁Ver ben ▁zu ▁form ulieren , ▁aber ▁nach ▁einiger ▁Zeit ▁ist ▁mir ▁ein ▁Satz ▁mit ▁fünf ▁einge fallen : 

 Er ▁war ▁nicht ▁so ▁bl öd , ▁wie ▁man ▁hätte ▁gene igt ▁sein ▁können ▁anzunehmen . 

 Ist ▁das ▁auch ▁mit ▁mehr ▁als ▁fünf ▁Ver ben ▁möglich ? 
 Ich ▁habe ▁jetzt ▁eine ▁We ile ▁darüber ▁nach ged acht , ▁aber ▁mir ▁ist ▁kein ▁anderer ▁Satz"
Mädchen,13699,"reibe ▁einen ▁Brief ▁( 1 ) 
 Ich ▁habe ▁einen ▁Brief ▁schreiben ▁müssen ▁( 2 ) 
 Der ▁Brief ▁muss ▁geschrieben ▁werden ▁( 3 ) 
 Der ▁Brief ▁hätte ▁geschrieben ▁werden ▁müssen ▁( 4 ) 

 Ein ▁Bek an nter ▁meinte , ▁dass ▁es ▁nicht ▁möglich ▁sei , ▁einen ▁kor rek ten ▁Satz ▁mit ▁mehr ▁als ▁vier ▁au feinander fol genden ▁Ver ben ▁zu ▁form ulieren , ▁aber ▁nach ▁einiger ▁Zeit ▁ist ▁mir ▁ein ▁Satz ▁mit ▁fünf ▁einge fallen : 

 Er ▁war ▁nicht ▁so ▁bl öd , ▁wie ▁man ▁hätte ▁gene igt ▁sein ▁können ▁anzunehmen . 

 Ist ▁das ▁auch ▁mit ▁mehr ▁als ▁fünf ▁Ver ben ▁möglich ? 
 Ich ▁habe ▁jetzt ▁eine ▁We ile ▁darüber ▁nach ged acht , ▁aber ▁mir ▁ist ▁kein ▁anderer ▁Satz"
Mädchen,13699,"reibe ▁einen ▁Brief ▁( 1 ) 
 Ich ▁habe ▁einen ▁Brief ▁schreiben ▁müssen ▁( 2 ) 
 Der ▁Brief ▁muss ▁geschrieben ▁werden ▁( 3 ) 
 Der ▁Brief ▁hätte ▁geschrieben ▁werden ▁müssen ▁( 4 ) 

 Ein ▁Bek an nter ▁meinte , ▁dass ▁es ▁nicht ▁möglich ▁sei , ▁einen ▁kor rek ten ▁Satz ▁mit ▁mehr ▁als ▁vier ▁au feinander fol genden ▁Ver ben ▁zu ▁form ulieren , ▁aber ▁nach ▁einiger ▁Zeit ▁ist ▁mir ▁ein ▁Satz ▁mit ▁fünf ▁einge fallen : 

 Er ▁war ▁nicht ▁so ▁bl öd , ▁wie ▁man ▁hätte ▁gene igt ▁sein ▁können ▁anzunehmen . 

 Ist ▁das ▁auch ▁mit ▁mehr ▁als ▁fünf ▁Ver ben ▁möglich ? 
 Ich ▁habe ▁jetzt ▁eine ▁We ile ▁darüber ▁nach ged acht , ▁aber ▁mir ▁ist ▁kein ▁anderer ▁Satz"
Mädchen,13699,"reibe ▁einen ▁Brief ▁( 1 ) 
 Ich ▁habe ▁einen ▁Brief ▁schreiben ▁müssen ▁( 2 ) 
 Der ▁Brief ▁muss ▁geschrieben ▁werden ▁( 3 ) 
 Der ▁Brief ▁hätte ▁geschrieben ▁werden ▁müssen ▁( 4 ) 

 Ein ▁Bek an nter ▁meinte , ▁dass ▁es ▁nicht ▁möglich ▁sei , ▁einen ▁kor rek ten ▁Satz ▁mit ▁mehr ▁als ▁vier ▁au feinander fol genden ▁Ver ben ▁zu ▁form ulieren , ▁aber ▁nach ▁einiger ▁Zeit ▁ist ▁mir ▁ein ▁Satz ▁mit ▁fünf ▁einge fallen : 

 Er ▁war ▁nicht ▁so ▁bl öd , ▁wie ▁man ▁hätte ▁gene igt ▁sein ▁können ▁anzunehmen . 

 Ist ▁das ▁auch ▁mit ▁mehr ▁als ▁fünf ▁Ver ben ▁möglich ? 
 Ich ▁habe ▁jetzt ▁eine ▁We ile ▁darüber ▁nach ged acht , ▁aber ▁mir ▁ist ▁kein ▁anderer ▁Satz"
Mädchen,13699,"reibe ▁einen ▁Brief ▁( 1 ) 
 Ich ▁habe ▁einen ▁Brief ▁schreiben ▁müssen ▁( 2 ) 
 Der ▁Brief ▁muss ▁geschrieben ▁werden ▁( 3 ) 
 Der ▁Brief ▁hätte ▁geschrieben ▁werden ▁müssen ▁( 4 ) 

 Ein ▁Bek an nter ▁meinte , ▁dass ▁es ▁nicht ▁möglich ▁sei , ▁einen ▁kor rek ten ▁Satz ▁mit ▁mehr ▁als ▁vier ▁au feinander fol genden ▁Ver ben ▁zu ▁form ulieren , ▁aber ▁nach ▁einiger ▁Zeit ▁ist ▁mir ▁ein ▁Satz ▁mit ▁fünf ▁einge fallen : 

 Er ▁war ▁nicht ▁so ▁bl öd , ▁wie ▁man ▁hätte ▁gene igt ▁sein ▁können ▁anzunehmen . 

 Ist ▁das ▁auch ▁mit ▁mehr ▁als ▁fünf ▁Ver ben ▁möglich ? 
 Ich ▁habe ▁jetzt ▁eine ▁We ile ▁darüber ▁nach ged acht , ▁aber ▁mir ▁ist ▁kein ▁anderer ▁Satz"
Mädchen,13699,"reibe ▁einen ▁Brief ▁( 1 ) 
 Ich ▁habe ▁einen ▁Brief ▁schreiben ▁müssen ▁( 2 ) 
 Der ▁Brief ▁muss ▁geschrieben ▁werden ▁( 3 ) 
 Der ▁Brief ▁hätte ▁geschrieben ▁werden ▁müssen ▁( 4 ) 

 Ein ▁Bek an nter ▁meinte , ▁dass ▁es ▁nicht ▁möglich ▁sei , ▁einen ▁kor rek ten ▁Satz ▁mit ▁mehr ▁als ▁vier ▁au feinander fol genden ▁Ver ben ▁zu ▁form ulieren , ▁aber ▁nach ▁einiger ▁Zeit ▁ist ▁mir ▁ein ▁Satz ▁mit ▁fünf ▁einge fallen : 

 Er ▁war ▁nicht ▁so ▁bl öd , ▁wie ▁man ▁hätte ▁gene igt ▁sein ▁können ▁anzunehmen . 

 Ist ▁das ▁auch ▁mit ▁mehr ▁als ▁fünf ▁Ver ben ▁möglich ? 
 Ich ▁habe ▁jetzt ▁eine ▁We ile ▁darüber ▁nach ged acht , ▁aber ▁mir ▁ist ▁kein ▁anderer ▁Satz"
Mädchen,13699,"reibe ▁einen ▁Brief ▁( 1 ) 
 Ich ▁habe ▁einen ▁Brief ▁schreiben ▁müssen ▁( 2 ) 
 Der ▁Brief ▁muss ▁geschrieben ▁werden ▁( 3 ) 
 Der ▁Brief ▁hätte ▁geschrieben ▁werden ▁müssen ▁( 4 ) 

 Ein ▁Bek an nter ▁meinte , ▁dass ▁es ▁nicht ▁möglich ▁sei , ▁einen ▁kor rek ten ▁Satz ▁mit ▁mehr ▁als ▁vier ▁au feinander fol genden ▁Ver ben ▁zu ▁form ulieren , ▁aber ▁nach ▁einiger ▁Zeit ▁ist ▁mir ▁ein ▁Satz ▁mit ▁fünf ▁einge fallen : 

 Er ▁war ▁nicht ▁so ▁bl öd , ▁wie ▁man ▁hätte ▁gene igt ▁sein ▁können ▁anzunehmen . 

 Ist ▁das ▁auch ▁mit ▁mehr ▁als ▁fünf ▁Ver ben ▁möglich ? 
 Ich ▁habe ▁jetzt ▁eine ▁We ile ▁darüber ▁nach ged acht , ▁aber ▁mir ▁ist ▁kein ▁anderer ▁Satz"
Mädchen,13699,"▁können ▁gehen ▁hören , ▁ver nahm ▁ich , ▁dass ... 

 Ich ▁bin ▁aber ▁eher ▁der ▁Meinung , ▁dass ▁die ▁Reihenfolge ▁in ▁diesem ▁Fall ▁eher ▁un idio matisch ▁ist . ▁H ätte ▁gehen ▁hören ▁können ▁f ände ▁ich ▁besser . ▁Man ▁kann ▁sich ▁auch ▁locker ▁eine ▁real istische ▁Situation ▁vorstellen , ▁wo ▁noch ▁ein ▁Modal verb ▁dazu ▁kommt , ▁ohne ▁dass ▁es ▁zu ▁sch rä g ▁klingt , ▁und ▁noch ▁verständ lich ▁wäre , ▁b sp w .: 

 Es ▁war ▁im ▁Raum ▁so ▁le ise , ▁dass ▁man ▁ihn ▁eigentlich ▁hätte ▁at men ▁hören ▁können ▁sollen . 

 A : 

 Man ▁kann ▁deinen ▁Beispiel s atz ▁einfach ▁erweit ern : 

 Er ▁war ▁nicht ▁so ▁bl öd , ▁wie ▁man ▁hätte ▁gene igt ▁gewesen ▁sein"
Mädchen,13699,"▁können ▁gehen ▁hören , ▁ver nahm ▁ich , ▁dass ... 

 Ich ▁bin ▁aber ▁eher ▁der ▁Meinung , ▁dass ▁die ▁Reihenfolge ▁in ▁diesem ▁Fall ▁eher ▁un idio matisch ▁ist . ▁H ätte ▁gehen ▁hören ▁können ▁f ände ▁ich ▁besser . ▁Man ▁kann ▁sich ▁auch ▁locker ▁eine ▁real istische ▁Situation ▁vorstellen , ▁wo ▁noch ▁ein ▁Modal verb ▁dazu ▁kommt , ▁ohne ▁dass ▁es ▁zu ▁sch rä g ▁klingt , ▁und ▁noch ▁verständ lich ▁wäre , ▁b sp w .: 

 Es ▁war ▁im ▁Raum ▁so ▁le ise , ▁dass ▁man ▁ihn ▁eigentlich ▁hätte ▁at men ▁hören ▁können ▁sollen . 

 A : 

 Man ▁kann ▁deinen ▁Beispiel s atz ▁einfach ▁erweit ern : 

 Er ▁war ▁nicht ▁so ▁bl öd , ▁wie ▁man ▁hätte ▁gene igt ▁gewesen ▁sein"
Mädchen,13699,"▁können ▁gehen ▁hören , ▁ver nahm ▁ich , ▁dass ... 

 Ich ▁bin ▁aber ▁eher ▁der ▁Meinung , ▁dass ▁die ▁Reihenfolge ▁in ▁diesem ▁Fall ▁eher ▁un idio matisch ▁ist . ▁H ätte ▁gehen ▁hören ▁können ▁f ände ▁ich ▁besser . ▁Man ▁kann ▁sich ▁auch ▁locker ▁eine ▁real istische ▁Situation ▁vorstellen , ▁wo ▁noch ▁ein ▁Modal verb ▁dazu ▁kommt , ▁ohne ▁dass ▁es ▁zu ▁sch rä g ▁klingt , ▁und ▁noch ▁verständ lich ▁wäre , ▁b sp w .: 

 Es ▁war ▁im ▁Raum ▁so ▁le ise , ▁dass ▁man ▁ihn ▁eigentlich ▁hätte ▁at men ▁hören ▁können ▁sollen . 

 A : 

 Man ▁kann ▁deinen ▁Beispiel s atz ▁einfach ▁erweit ern : 

 Er ▁war ▁nicht ▁so ▁bl öd , ▁wie ▁man ▁hätte ▁gene igt ▁gewesen ▁sein"
Mädchen,13699,"▁können ▁gehen ▁hören , ▁ver nahm ▁ich , ▁dass ... 

 Ich ▁bin ▁aber ▁eher ▁der ▁Meinung , ▁dass ▁die ▁Reihenfolge ▁in ▁diesem ▁Fall ▁eher ▁un idio matisch ▁ist . ▁H ätte ▁gehen ▁hören ▁können ▁f ände ▁ich ▁besser . ▁Man ▁kann ▁sich ▁auch ▁locker ▁eine ▁real istische ▁Situation ▁vorstellen , ▁wo ▁noch ▁ein ▁Modal verb ▁dazu ▁kommt , ▁ohne ▁dass ▁es ▁zu ▁sch rä g ▁klingt , ▁und ▁noch ▁verständ lich ▁wäre , ▁b sp w .: 

 Es ▁war ▁im ▁Raum ▁so ▁le ise , ▁dass ▁man ▁ihn ▁eigentlich ▁hätte ▁at men ▁hören ▁können ▁sollen . 

 A : 

 Man ▁kann ▁deinen ▁Beispiel s atz ▁einfach ▁erweit ern : 

 Er ▁war ▁nicht ▁so ▁bl öd , ▁wie ▁man ▁hätte ▁gene igt ▁gewesen ▁sein"
Mädchen,13699,"▁können ▁gehen ▁hören , ▁ver nahm ▁ich , ▁dass ... 

 Ich ▁bin ▁aber ▁eher ▁der ▁Meinung , ▁dass ▁die ▁Reihenfolge ▁in ▁diesem ▁Fall ▁eher ▁un idio matisch ▁ist . ▁H ätte ▁gehen ▁hören ▁können ▁f ände ▁ich ▁besser . ▁Man ▁kann ▁sich ▁auch ▁locker ▁eine ▁real istische ▁Situation ▁vorstellen , ▁wo ▁noch ▁ein ▁Modal verb ▁dazu ▁kommt , ▁ohne ▁dass ▁es ▁zu ▁sch rä g ▁klingt , ▁und ▁noch ▁verständ lich ▁wäre , ▁b sp w .: 

 Es ▁war ▁im ▁Raum ▁so ▁le ise , ▁dass ▁man ▁ihn ▁eigentlich ▁hätte ▁at men ▁hören ▁können ▁sollen . 

 A : 

 Man ▁kann ▁deinen ▁Beispiel s atz ▁einfach ▁erweit ern : 

 Er ▁war ▁nicht ▁so ▁bl öd , ▁wie ▁man ▁hätte ▁gene igt ▁gewesen ▁sein"
Mädchen,13699,"▁können ▁gehen ▁hören , ▁ver nahm ▁ich , ▁dass ... 

 Ich ▁bin ▁aber ▁eher ▁der ▁Meinung , ▁dass ▁die ▁Reihenfolge ▁in ▁diesem ▁Fall ▁eher ▁un idio matisch ▁ist . ▁H ätte ▁gehen ▁hören ▁können ▁f ände ▁ich ▁besser . ▁Man ▁kann ▁sich ▁auch ▁locker ▁eine ▁real istische ▁Situation ▁vorstellen , ▁wo ▁noch ▁ein ▁Modal verb ▁dazu ▁kommt , ▁ohne ▁dass ▁es ▁zu ▁sch rä g ▁klingt , ▁und ▁noch ▁verständ lich ▁wäre , ▁b sp w .: 

 Es ▁war ▁im ▁Raum ▁so ▁le ise , ▁dass ▁man ▁ihn ▁eigentlich ▁hätte ▁at men ▁hören ▁können ▁sollen . 

 A : 

 Man ▁kann ▁deinen ▁Beispiel s atz ▁einfach ▁erweit ern : 

 Er ▁war ▁nicht ▁so ▁bl öd , ▁wie ▁man ▁hätte ▁gene igt ▁gewesen ▁sein"
Mädchen,13699,"▁können ▁gehen ▁hören , ▁ver nahm ▁ich , ▁dass ... 

 Ich ▁bin ▁aber ▁eher ▁der ▁Meinung , ▁dass ▁die ▁Reihenfolge ▁in ▁diesem ▁Fall ▁eher ▁un idio matisch ▁ist . ▁H ätte ▁gehen ▁hören ▁können ▁f ände ▁ich ▁besser . ▁Man ▁kann ▁sich ▁auch ▁locker ▁eine ▁real istische ▁Situation ▁vorstellen , ▁wo ▁noch ▁ein ▁Modal verb ▁dazu ▁kommt , ▁ohne ▁dass ▁es ▁zu ▁sch rä g ▁klingt , ▁und ▁noch ▁verständ lich ▁wäre , ▁b sp w .: 

 Es ▁war ▁im ▁Raum ▁so ▁le ise , ▁dass ▁man ▁ihn ▁eigentlich ▁hätte ▁at men ▁hören ▁können ▁sollen . 

 A : 

 Man ▁kann ▁deinen ▁Beispiel s atz ▁einfach ▁erweit ern : 

 Er ▁war ▁nicht ▁so ▁bl öd , ▁wie ▁man ▁hätte ▁gene igt ▁gewesen ▁sein"
Mädchen,13699,"▁können ▁gehen ▁hören , ▁ver nahm ▁ich , ▁dass ... 

 Ich ▁bin ▁aber ▁eher ▁der ▁Meinung , ▁dass ▁die ▁Reihenfolge ▁in ▁diesem ▁Fall ▁eher ▁un idio matisch ▁ist . ▁H ätte ▁gehen ▁hören ▁können ▁f ände ▁ich ▁besser . ▁Man ▁kann ▁sich ▁auch ▁locker ▁eine ▁real istische ▁Situation ▁vorstellen , ▁wo ▁noch ▁ein ▁Modal verb ▁dazu ▁kommt , ▁ohne ▁dass ▁es ▁zu ▁sch rä g ▁klingt , ▁und ▁noch ▁verständ lich ▁wäre , ▁b sp w .: 

 Es ▁war ▁im ▁Raum ▁so ▁le ise , ▁dass ▁man ▁ihn ▁eigentlich ▁hätte ▁at men ▁hören ▁können ▁sollen . 

 A : 

 Man ▁kann ▁deinen ▁Beispiel s atz ▁einfach ▁erweit ern : 

 Er ▁war ▁nicht ▁so ▁bl öd , ▁wie ▁man ▁hätte ▁gene igt ▁gewesen ▁sein"
Mädchen,13699,"▁können ▁gehen ▁hören , ▁ver nahm ▁ich , ▁dass ... 

 Ich ▁bin ▁aber ▁eher ▁der ▁Meinung , ▁dass ▁die ▁Reihenfolge ▁in ▁diesem ▁Fall ▁eher ▁un idio matisch ▁ist . ▁H ätte ▁gehen ▁hören ▁können ▁f ände ▁ich ▁besser . ▁Man ▁kann ▁sich ▁auch ▁locker ▁eine ▁real istische ▁Situation ▁vorstellen , ▁wo ▁noch ▁ein ▁Modal verb ▁dazu ▁kommt , ▁ohne ▁dass ▁es ▁zu ▁sch rä g ▁klingt , ▁und ▁noch ▁verständ lich ▁wäre , ▁b sp w .: 

 Es ▁war ▁im ▁Raum ▁so ▁le ise , ▁dass ▁man ▁ihn ▁eigentlich ▁hätte ▁at men ▁hören ▁können ▁sollen . 

 A : 

 Man ▁kann ▁deinen ▁Beispiel s atz ▁einfach ▁erweit ern : 

 Er ▁war ▁nicht ▁so ▁bl öd , ▁wie ▁man ▁hätte ▁gene igt ▁gewesen ▁sein"
Mädchen,13699,"▁können ▁gehen ▁hören , ▁ver nahm ▁ich , ▁dass ... 

 Ich ▁bin ▁aber ▁eher ▁der ▁Meinung , ▁dass ▁die ▁Reihenfolge ▁in ▁diesem ▁Fall ▁eher ▁un idio matisch ▁ist . ▁H ätte ▁gehen ▁hören ▁können ▁f ände ▁ich ▁besser . ▁Man ▁kann ▁sich ▁auch ▁locker ▁eine ▁real istische ▁Situation ▁vorstellen , ▁wo ▁noch ▁ein ▁Modal verb ▁dazu ▁kommt , ▁ohne ▁dass ▁es ▁zu ▁sch rä g ▁klingt , ▁und ▁noch ▁verständ lich ▁wäre , ▁b sp w .: 

 Es ▁war ▁im ▁Raum ▁so ▁le ise , ▁dass ▁man ▁ihn ▁eigentlich ▁hätte ▁at men ▁hören ▁können ▁sollen . 

 A : 

 Man ▁kann ▁deinen ▁Beispiel s atz ▁einfach ▁erweit ern : 

 Er ▁war ▁nicht ▁so ▁bl öd , ▁wie ▁man ▁hätte ▁gene igt ▁gewesen ▁sein"
Mädchen,13699,"

 The ▁Teacher ' s ▁Magazine ▁is ▁a ▁monthly ▁issue ▁specially ▁designed ▁for ▁teachers ▁of ▁English ▁as ▁Foreign ▁or ▁Second ▁Language . ▁It ▁provides ▁creative ▁ready - to - go ▁materials ▁to ▁make ▁their ▁classes ▁more ▁active ▁and ▁appealing ▁to ▁students . 
 The ▁ideal ▁magazine ▁for ▁English ▁teachers ▁that ▁choose ▁to ▁work ▁effectively ▁with ▁students ▁of ▁all ▁levels ▁and ▁ages ▁and ▁an ▁asset ▁at ▁the ▁moment ▁of ▁developing ▁contents . <bos> Q : 

 S atz ▁mit ▁den ▁meisten ▁au feinander fol genden ▁Ver ben 

 Es ▁geht ▁um ▁S ätze ▁mit ▁au feinander fol genden ▁Ver ben ▁ohne ▁andere ▁Wort arten ▁oder ▁Satz zeichen ▁da zwischen . 
 Beispiele ▁( Länge ▁der ▁läng sten ▁Ver bf olge ▁in ▁K lam mern ): 

 Ich ▁sch"
Mädchen,13699,"▁returned ▁to ▁Zip f , ▁where ▁he ▁died ▁impoverished ▁and ▁largely ▁unknown ▁in ▁ 1 9 3 1 . 

 References 

 Further ▁reading ▁ 

 Cap us , ▁A .: ▁"" Ges chenke ▁des ▁Himmels "", ▁p .   3 6 - 5 0 ▁in ▁Das ▁Magazin ▁ 3 8 / 2 0 0 7 . ▁In ▁German . 
 De gen , ▁H . R .: ▁"" Edu ard ▁Sp elter ini ▁( 1 8 5 2 – 1 9 3 1 )"", ▁p .   3 9 - 5 7 ▁in ▁Schweizer ▁Flug tech niker ▁und ▁Ballon p ioni ere , ▁Verein ▁für ▁wir tschafts histor ische ▁Studien , ▁Me ilen . ▁. ▁In ▁German . 
 Heim , ▁A .: ▁Die ▁Fahrt ▁der"
Mädchen,13699,"_ HT ACCESS '] ="" Ver zeich niss chutz ▁entfernen ▁(. htaccess ▁löschen )""; 
 $ lang [' L _ WRONG _ R IGHTS '] ="" Die ▁Datei ▁oder ▁das ▁Ver zeichnis ▁'% s ' ▁ist ▁für ▁mich ▁nicht ▁besch reib bar .< br > 
 Ent weder ▁hat ▁sie / es ▁den ▁falschen ▁Besitzer ▁( Owner ) ▁oder ▁die ▁falschen ▁Rechte ▁( Ch mod ). < br > ▁ 
 Bitte ▁set ze ▁die ▁richtigen ▁Attribute ▁mit ▁De inem ▁FTP - Programm . ▁< br > 
 Die ▁Datei ▁oder ▁das ▁Ver zeichnis ▁benötigt ▁die ▁Rechte ▁% s .< br >""; 
 $ lang [' L _ CANT _ CREATE _ DIR '] ="" Ich ▁kon ntes ▁das ▁Ver zeichnis ▁'% s ' ▁nicht ▁erstellen ."
Mädchen,13699,"
 $ lang [' L _ HT ACCESS 3 1 '] ="" all geme in ""; 
 $ lang [' L _ HT ACCESS 3 2 '] ="" Achtung ! ▁Die ▁. htaccess ▁hat ▁eine ▁direkte ▁Aus wirkung ▁auf ▁den ▁Browser .< br > Bei ▁fals cher ▁Anwendung ▁sind ▁die ▁Seiten ▁nicht ▁mehr ▁erreichbar .""; 
 $ lang [' L _ PHP BUG '] ="" Bug ▁in ▁z lib ! ▁Keine ▁Kom pression ▁möglich !""; 
 $ lang [' L _ DISABLE DF UN CTIONS '] ="" Ab gesch al tete ▁Funktionen ""; 
 $ lang [' L _ NO GZ POSSIBLE '] ="" Da ▁z lib ▁nicht ▁installiert ▁ist , ▁stehen ▁keine ▁G Zip - Funktionen ▁zur ▁Verfügung !""; 
 $ lang [' L _ DELETE"
Mädchen,13699,"L _ EN CRY PTION _ TYPE '] ="" Versch lüsse lungs art ""; 
 $ lang [' L _ HT ACC _ CRYPT '] ="" Crypt ▁maximal ▁ 8 ▁Zeichen ▁( Linux ▁und ▁Unix - S ysteme )""; 
 $ lang [' L _ HT ACC _ MD 5 '] ="" MD 5 ▁( Linux ▁und ▁Unix - S ysteme )""; 
 $ lang [' L _ HT ACC _ NO _ EN CRY PTION '] ="" un versch lüssel t ▁( Windows )""; 
 $ lang [' L _ HT ACCESS 8 '] ="" Es ▁besteht ▁bereits ▁ein ▁Ver zeich niss chutz . ▁Wenn ▁Du ▁einen ▁neuen ▁ers tell st , ▁wird ▁der ▁alte ▁übersch rieben !""; 
 $ lang [' L _ HT ACC"
Mädchen,13699,"▁Senat spr äsident ▁there . 

 Emm inger ▁died ▁in ▁Munich ▁on ▁ 3 0 ▁August ▁ 1 9 5 1 . 

 Publications 
 ▁Die ▁Auf wer tungs frage ▁im ▁auf gel ö sten ▁Reich stage , ▁ 1 9 2 4 

 References 

 External ▁links 
 ▁Erich ▁Emm ming er ▁at ▁the ▁Ak ten ▁der ▁Reichs kan z lei ▁online ▁version ▁( German ) 
 ▁Bio ▁of ▁Erich ▁Emm inger ▁in ▁a ▁datab ank ▁on ▁( Imperial ) ▁Reichstag ▁delegates ▁( German ) 
 ▁More ▁biographical ▁information ▁on ▁Erich ▁Emm inger , ▁Datenbank ▁der ▁deutschen ▁Parla ments ab geordneten ▁( German ) 

 Category : 1 8 8 0 ▁births 
 Category : 1 9 5 1 ▁deaths 
 Category : People ▁from ▁Eich"
Mädchen,13699,"▁Wasser ▁is ▁right ▁on ▁in ▁terms ▁of ▁diagnosing ▁the ▁problem . ▁This ▁post ▁is ▁to ▁share ▁how ▁I ▁handled ▁it . 
 The ▁problem ▁with ▁any ▁List ▁object ▁coming ▁out ▁as ▁an ▁ArrayList ▁isn ' t ▁horrible , ▁because ▁you ▁can ▁always ▁do ▁something ▁like 
 LinkedList < String > ▁items ▁= ▁new ▁LinkedList <>( 
 ▁▁▁▁ ( List < String >) ▁intent . get Serializable Extra ( KEY )); 

 which ▁will ▁add ▁all ▁the ▁elements ▁of ▁the ▁des erialized ▁list ▁to ▁a ▁new ▁LinkedList . 
 The ▁problem ▁is ▁much ▁worse ▁when ▁it ▁comes ▁to ▁Map , ▁because ▁you ▁may ▁have ▁tried ▁to ▁serialize ▁a ▁LinkedHashMap ▁and ▁have ▁now ▁lost ▁the ▁element ▁ordering . 
 Fortunately , ▁there ' s ▁a ▁( relatively ) ▁painless"
Mädchen,13699,"das :: make _ tuple ( foo ▁= ▁ 3 , ▁bar ▁= ▁std :: string ("" lol ""))) ▁!= 
 ▁▁▁▁ hash _ value ( elle :: das :: make _ tuple ( foo ▁= ▁ 3 , ▁bar ▁= ▁std :: string ("" bar "")) )); 
 ▁▁ BOOST _ TEST ( 
 ▁▁▁▁ hash _ value ( elle :: das :: make _ tuple ( foo ▁= ▁ 3 , ▁bar ▁= ▁std :: string ("" lol ""))) ▁!= 
 ▁▁▁▁ hash _ value ( elle :: das :: make _ tuple ( bar ▁= ▁std :: string ("" lol ""), ▁foo ▁= ▁ 3 ))); 
 } 

 static 
 void 
 compare () 
 { 
 ▁▁ BOOST _ TEST ( 
"
Mädchen,13699,"font - variant : small - caps ;""> Haus man , ▁J . A ., ▁and ▁W . K . ▁Ne wey </ span > ▁( 2 0 1 7 ): ▁“ Non parametric ▁Welfare ▁Analysis ,” ▁* Annual ▁Review ▁of ▁Economics * ▁ 9 , ▁ 5 2 1 – 5 4 6 . 

 < span ▁style ="" font - variant : small - caps ;""> Hir ano , ▁K ., ▁G . ▁Imb ens , ▁and ▁G . ▁Rid der </ span > ▁( 2 0 0 3 ): ▁“ Efficient ▁Estimation ▁of ▁Average ▁Treatment ▁Effects ▁Using ▁the ▁Estimated ▁Prop ensity ▁Score ,” ▁* Econ ometrica * ▁ 7 1 : ▁ 1 1 6 1 – 1 1 8 9 . 

 <"
Mädchen,13699,"5 5 0 3 0 - 1 8 


 im poses ▁after ▁a ▁violation ▁of ▁probation ▁(“ V OP ”). ▁▁▁▁ Id . ▁at ▁ 1 1 2 9 ; ▁Pa . R . C rim . P . 

 7 0 8 ( C )( 2 ). ▁The ▁Supreme ▁Court ▁noted ▁that , ▁“ in ▁a ▁direct ▁review ▁context , ▁Rule 

 7 0 8 ▁operates ▁in ▁a ▁fashion ▁which ▁is ▁not ▁unlike ▁C ronic ; ▁prejudice ▁( or ▁rather ▁the 

 absence ▁of ▁harmless ▁error ) ▁will ▁be ▁presumed ▁from ▁the ▁failure ▁to ▁comply .” ▁Id . 

 at ▁ 1 1 2 9 - 3 0 . 

 ▁▁▁▁▁▁▁▁▁▁▁ Once ▁a ▁Rule ▁ 7 0 8 ▁procedural ▁complaint ▁has ▁been ▁waived , 
 ▁▁▁▁▁"
Mädchen,13699,"osen oids , ▁such ▁as ▁prostagland ins , ▁throm box anes , ▁leuk otri enes ▁and ▁prost acy cl ins , ▁which ▁are ▁important ▁biological ▁regulators . ▁These ▁e ic osen oids ▁exhibit ▁regulatory ▁effects ▁on ▁lipoprotein ▁metabolism , ▁blood ▁rhe ology , ▁vascular ▁tone , ▁leuk ocyte ▁function , ▁platelet ▁activation ▁and ▁cell ▁growth . ▁The ▁application ▁of ▁arach id onic ▁acid ▁to ▁an ▁infant ' s ▁diet ▁is ▁particularly ▁important ▁due ▁to ▁the ▁rapid ▁body ▁growth ▁of ▁an ▁infant . ▁Arach id onic ▁acid ▁is ▁an ▁important ▁precursor ▁to ▁many ▁of ▁the ▁e icos an oids ▁which ▁regulate ▁cellular ▁metabolism ▁and ▁growth ▁in ▁infants . ▁It ▁is ▁found ▁naturally ▁in ▁human ▁breast ▁milk ▁but ▁not ▁in ▁most ▁infant ▁formula . ▁In ▁an ▁effort ▁to ▁have"
Mädchen,13699,"▁his ▁laboratory ▁and ▁equipment , ▁and ▁Prof . ▁Stefan ▁Schreiber ▁( Institute ▁of ▁Clinical ▁Molecular ▁Biology , ▁Christian - Al bre chts - University ▁Kiel , ▁Kiel , ▁Germany ) ▁for ▁extensive ▁help ▁in ▁building ▁up ▁sequencing ▁resources ▁in ▁Kiel . ▁Prof . ▁Thomas ▁Bosch ▁( Institute ▁of ▁Zoology , ▁Christian - Al bre chts - University ▁Kiel , ▁Kiel , ▁Germany ) ▁and ▁Dr ▁Georg ▁Hem m rich - Stan isak ▁( Institute ▁of ▁Clinical ▁Molecular ▁Biology , ▁Christian - Al bre chts - University ▁Kiel , ▁Kiel , ▁Germany ) ▁provided ▁help ▁with ▁the ▁initial ▁con tig ▁assembly . ▁We ▁thank ▁Tania ▁K lü ver ▁( Le ib niz ▁Institute ▁of ▁Marine ▁Sciences ▁at ▁Kiel ▁University ▁IF M - GE OM AR , ▁Kiel ,"
Mädchen,13699,"0 9 ▁in ▁Randolph ▁County . ▁In ▁the ▁late ▁ 1 8 2 0 s , ▁Joseph ▁and ▁Martha , ▁their ▁large ▁family ▁of ▁children , ▁and ▁many ▁of ▁their ▁relatives ▁moved ▁to ▁Jackson ▁County , ▁Alabama . ▁As ▁the ▁Cherokee ▁and ▁other ▁Indian ▁groups ▁were ▁pushed ▁further ▁west , ▁the ▁northeast ▁Alabama ▁region ▁along ▁the ▁Tennessee ▁River ▁became ▁a ▁prime ▁destination ▁for ▁white ▁settlement . ▁Joseph ▁bought ▁land ▁in ▁Jackson ▁County ▁in ▁ 1 8 3 1 ▁and ▁farmed ▁there ▁the ▁rest ▁of ▁his ▁life . ▁Many ▁of ▁his ▁Sanders ▁cousins ▁also ▁moved ▁to ▁Jackson ▁County ▁as ▁did ▁his ▁brother ▁George ▁and ▁his ▁brothers - in - law ▁Francis ▁Sanders ▁and ▁Benjamin ▁Sanders , ▁along ▁with ▁their ▁numerous ▁families . 

 During ▁the ▁late ▁ 1"
Mädchen,13699,"▁to ▁an ▁un charted ▁island ▁to ▁capture ▁the ▁greatest ▁wonder ▁the ▁world ▁has ▁ever ▁seen . ▁At ▁the ▁center ▁of ▁this ▁ 2 1 st - century ▁re imagining : ▁a ▁ 2 0 - foot ▁high , ▁ 2 , 0 0 0 - pound ▁gorilla ▁brought ▁to ▁life ▁by ▁a ▁team ▁of ▁seamlessly ▁integrated ▁artists ▁and ▁technicians . ▁King ▁Kong ▁is ▁a ▁larger - than - life ▁encounter ▁with ▁a ▁legend ▁that ’ s ▁always ▁been ▁too ▁big ▁to ▁contain .” 

 King ▁Kong ’ s ▁book ▁writer ▁Jack ▁Thorne ▁won ▁the ▁ 2 0 1 7 ▁Olivier ▁Award ▁and ▁the ▁Evening ▁Standard ▁Award ▁for ▁Best ▁Play ▁for ▁Harry ▁Potter ▁and ▁the ▁Cursed ▁Child , ▁which ▁is ▁poised ▁to ▁make ▁its ▁Broadway ▁premiere ▁this ▁spring"
Mädchen,13699,"▁things ▁including ▁temporary ▁cement ▁residues , ▁saliva ▁and ▁bacteria . ▁We ▁attempt ▁to ▁mimic ▁extreme ▁clinical ▁conditions ▁when ▁the ▁provisional ▁restoration ▁is ▁fractured ▁or ▁dis lod ged ▁before ▁the ▁delivery ▁of ▁the ▁final ▁restoration . ▁In ▁our ▁study , ▁after ▁immediate ▁d entin ▁sealing , ▁teeth ▁were ▁immersed ▁in ▁saline ▁solution ▁without ▁provisional ▁restoration . ▁Thus , ▁the ▁result ▁of ▁shear ▁bond ▁strength ▁in ▁this ▁study ▁shows ▁difference ▁from ▁that ▁of ▁previous ▁studies . 

 In ▁conventional ▁glass - ceramic ▁restorations ▁for ▁prosthesis , ▁the ▁adhesive ▁technique ▁is ▁crucial ▁for ▁successful ▁bonding . ▁Considering ▁limited ▁flex ural ▁strength ▁and ▁the ▁b ritt leness ▁of ▁glass ▁ceramics , ▁final ▁adhesive ▁cement ation ▁with ▁l uting ▁composite ▁resin ▁should ▁be ▁used ▁to ▁improve ▁the ▁fracture ▁resistance . ▁In ▁this"
Mädchen,13699,"3 * d ▁= ▁ 4 ▁- ▁ 1 9 , ▁ 0 ▁= ▁ 9 * j ▁- ▁ 3 * d ▁+ ▁ 9 3 ▁for ▁j . 
 - 9 
 Solve ▁- 4 ▁= ▁ 6 * d ▁- ▁ 2 * x , ▁ 3 * d ▁- ▁ 1 5 9 5 * x ▁- ▁ 8 ▁= ▁- 1 5 9 6 * x ▁for ▁d . 
 1 
 Solve ▁ 2 * z ▁- ▁ 4 * d ▁- ▁ 5 0 ▁= ▁ 5 * z , ▁- 3 8 * z ▁- ▁ 3 5 5 ▁= ▁d ▁- ▁ 6 * d ▁for ▁z . 
 - 1 0 
 Solve ▁- 3 5 *"
Mädchen,13699,"_ i =\ frac {\ sigma _ i \ wedge \ sigma _ i +\ sigma _ i \ wedge \ tau _ i -\ tau _ i \ wedge \ sigma _ i -\ tau _ i \ wedge \ tau _ i }{ 2 }=\ frac { 0 +\ sigma _ i \ tau _ i -\ tau _ i \ sigma _ i - 0 }{ 2 }=\ sigma _ i \ wedge \ tau _ i $$ 
 $$\ mu _ i \ wedge \ nu _ j =\ frac {\ sigma _ i \ sigma _ j +\ sigma _ i \ tau _ j -\ tau _ i \ sigma _ j -\ tau _ i \ tau _ j }{"
Mädchen,8614,"reibe ▁einen ▁Brief ▁( 1 ) 
 Ich ▁habe ▁einen ▁Brief ▁schreiben ▁müssen ▁( 2 ) 
 Der ▁Brief ▁muss ▁geschrieben ▁werden ▁( 3 ) 
 Der ▁Brief ▁hätte ▁geschrieben ▁werden ▁müssen ▁( 4 ) 

 Ein ▁Bek an nter ▁meinte , ▁dass ▁es ▁nicht ▁möglich ▁sei , ▁einen ▁kor rek ten ▁Satz ▁mit ▁mehr ▁als ▁vier ▁au feinander fol genden ▁Ver ben ▁zu ▁form ulieren , ▁aber ▁nach ▁einiger ▁Zeit ▁ist ▁mir ▁ein ▁Satz ▁mit ▁fünf ▁einge fallen : 

 Er ▁war ▁nicht ▁so ▁bl öd , ▁wie ▁man ▁hätte ▁gene igt ▁sein ▁können ▁anzunehmen . 

 Ist ▁das ▁auch ▁mit ▁mehr ▁als ▁fünf ▁Ver ben ▁möglich ? 
 Ich ▁habe ▁jetzt ▁eine ▁We ile ▁darüber ▁nach ged acht , ▁aber ▁mir ▁ist ▁kein ▁anderer ▁Satz"
Mädchen,8614,"reibe ▁einen ▁Brief ▁( 1 ) 
 Ich ▁habe ▁einen ▁Brief ▁schreiben ▁müssen ▁( 2 ) 
 Der ▁Brief ▁muss ▁geschrieben ▁werden ▁( 3 ) 
 Der ▁Brief ▁hätte ▁geschrieben ▁werden ▁müssen ▁( 4 ) 

 Ein ▁Bek an nter ▁meinte , ▁dass ▁es ▁nicht ▁möglich ▁sei , ▁einen ▁kor rek ten ▁Satz ▁mit ▁mehr ▁als ▁vier ▁au feinander fol genden ▁Ver ben ▁zu ▁form ulieren , ▁aber ▁nach ▁einiger ▁Zeit ▁ist ▁mir ▁ein ▁Satz ▁mit ▁fünf ▁einge fallen : 

 Er ▁war ▁nicht ▁so ▁bl öd , ▁wie ▁man ▁hätte ▁gene igt ▁sein ▁können ▁anzunehmen . 

 Ist ▁das ▁auch ▁mit ▁mehr ▁als ▁fünf ▁Ver ben ▁möglich ? 
 Ich ▁habe ▁jetzt ▁eine ▁We ile ▁darüber ▁nach ged acht , ▁aber ▁mir ▁ist ▁kein ▁anderer ▁Satz"
Mädchen,8614,"reibe ▁einen ▁Brief ▁( 1 ) 
 Ich ▁habe ▁einen ▁Brief ▁schreiben ▁müssen ▁( 2 ) 
 Der ▁Brief ▁muss ▁geschrieben ▁werden ▁( 3 ) 
 Der ▁Brief ▁hätte ▁geschrieben ▁werden ▁müssen ▁( 4 ) 

 Ein ▁Bek an nter ▁meinte , ▁dass ▁es ▁nicht ▁möglich ▁sei , ▁einen ▁kor rek ten ▁Satz ▁mit ▁mehr ▁als ▁vier ▁au feinander fol genden ▁Ver ben ▁zu ▁form ulieren , ▁aber ▁nach ▁einiger ▁Zeit ▁ist ▁mir ▁ein ▁Satz ▁mit ▁fünf ▁einge fallen : 

 Er ▁war ▁nicht ▁so ▁bl öd , ▁wie ▁man ▁hätte ▁gene igt ▁sein ▁können ▁anzunehmen . 

 Ist ▁das ▁auch ▁mit ▁mehr ▁als ▁fünf ▁Ver ben ▁möglich ? 
 Ich ▁habe ▁jetzt ▁eine ▁We ile ▁darüber ▁nach ged acht , ▁aber ▁mir ▁ist ▁kein ▁anderer ▁Satz"
Mädchen,8614,"reibe ▁einen ▁Brief ▁( 1 ) 
 Ich ▁habe ▁einen ▁Brief ▁schreiben ▁müssen ▁( 2 ) 
 Der ▁Brief ▁muss ▁geschrieben ▁werden ▁( 3 ) 
 Der ▁Brief ▁hätte ▁geschrieben ▁werden ▁müssen ▁( 4 ) 

 Ein ▁Bek an nter ▁meinte , ▁dass ▁es ▁nicht ▁möglich ▁sei , ▁einen ▁kor rek ten ▁Satz ▁mit ▁mehr ▁als ▁vier ▁au feinander fol genden ▁Ver ben ▁zu ▁form ulieren , ▁aber ▁nach ▁einiger ▁Zeit ▁ist ▁mir ▁ein ▁Satz ▁mit ▁fünf ▁einge fallen : 

 Er ▁war ▁nicht ▁so ▁bl öd , ▁wie ▁man ▁hätte ▁gene igt ▁sein ▁können ▁anzunehmen . 

 Ist ▁das ▁auch ▁mit ▁mehr ▁als ▁fünf ▁Ver ben ▁möglich ? 
 Ich ▁habe ▁jetzt ▁eine ▁We ile ▁darüber ▁nach ged acht , ▁aber ▁mir ▁ist ▁kein ▁anderer ▁Satz"
Mädchen,8614,"reibe ▁einen ▁Brief ▁( 1 ) 
 Ich ▁habe ▁einen ▁Brief ▁schreiben ▁müssen ▁( 2 ) 
 Der ▁Brief ▁muss ▁geschrieben ▁werden ▁( 3 ) 
 Der ▁Brief ▁hätte ▁geschrieben ▁werden ▁müssen ▁( 4 ) 

 Ein ▁Bek an nter ▁meinte , ▁dass ▁es ▁nicht ▁möglich ▁sei , ▁einen ▁kor rek ten ▁Satz ▁mit ▁mehr ▁als ▁vier ▁au feinander fol genden ▁Ver ben ▁zu ▁form ulieren , ▁aber ▁nach ▁einiger ▁Zeit ▁ist ▁mir ▁ein ▁Satz ▁mit ▁fünf ▁einge fallen : 

 Er ▁war ▁nicht ▁so ▁bl öd , ▁wie ▁man ▁hätte ▁gene igt ▁sein ▁können ▁anzunehmen . 

 Ist ▁das ▁auch ▁mit ▁mehr ▁als ▁fünf ▁Ver ben ▁möglich ? 
 Ich ▁habe ▁jetzt ▁eine ▁We ile ▁darüber ▁nach ged acht , ▁aber ▁mir ▁ist ▁kein ▁anderer ▁Satz"
Mädchen,8614,"reibe ▁einen ▁Brief ▁( 1 ) 
 Ich ▁habe ▁einen ▁Brief ▁schreiben ▁müssen ▁( 2 ) 
 Der ▁Brief ▁muss ▁geschrieben ▁werden ▁( 3 ) 
 Der ▁Brief ▁hätte ▁geschrieben ▁werden ▁müssen ▁( 4 ) 

 Ein ▁Bek an nter ▁meinte , ▁dass ▁es ▁nicht ▁möglich ▁sei , ▁einen ▁kor rek ten ▁Satz ▁mit ▁mehr ▁als ▁vier ▁au feinander fol genden ▁Ver ben ▁zu ▁form ulieren , ▁aber ▁nach ▁einiger ▁Zeit ▁ist ▁mir ▁ein ▁Satz ▁mit ▁fünf ▁einge fallen : 

 Er ▁war ▁nicht ▁so ▁bl öd , ▁wie ▁man ▁hätte ▁gene igt ▁sein ▁können ▁anzunehmen . 

 Ist ▁das ▁auch ▁mit ▁mehr ▁als ▁fünf ▁Ver ben ▁möglich ? 
 Ich ▁habe ▁jetzt ▁eine ▁We ile ▁darüber ▁nach ged acht , ▁aber ▁mir ▁ist ▁kein ▁anderer ▁Satz"
Mädchen,8614,"reibe ▁einen ▁Brief ▁( 1 ) 
 Ich ▁habe ▁einen ▁Brief ▁schreiben ▁müssen ▁( 2 ) 
 Der ▁Brief ▁muss ▁geschrieben ▁werden ▁( 3 ) 
 Der ▁Brief ▁hätte ▁geschrieben ▁werden ▁müssen ▁( 4 ) 

 Ein ▁Bek an nter ▁meinte , ▁dass ▁es ▁nicht ▁möglich ▁sei , ▁einen ▁kor rek ten ▁Satz ▁mit ▁mehr ▁als ▁vier ▁au feinander fol genden ▁Ver ben ▁zu ▁form ulieren , ▁aber ▁nach ▁einiger ▁Zeit ▁ist ▁mir ▁ein ▁Satz ▁mit ▁fünf ▁einge fallen : 

 Er ▁war ▁nicht ▁so ▁bl öd , ▁wie ▁man ▁hätte ▁gene igt ▁sein ▁können ▁anzunehmen . 

 Ist ▁das ▁auch ▁mit ▁mehr ▁als ▁fünf ▁Ver ben ▁möglich ? 
 Ich ▁habe ▁jetzt ▁eine ▁We ile ▁darüber ▁nach ged acht , ▁aber ▁mir ▁ist ▁kein ▁anderer ▁Satz"
Mädchen,8614,"reibe ▁einen ▁Brief ▁( 1 ) 
 Ich ▁habe ▁einen ▁Brief ▁schreiben ▁müssen ▁( 2 ) 
 Der ▁Brief ▁muss ▁geschrieben ▁werden ▁( 3 ) 
 Der ▁Brief ▁hätte ▁geschrieben ▁werden ▁müssen ▁( 4 ) 

 Ein ▁Bek an nter ▁meinte , ▁dass ▁es ▁nicht ▁möglich ▁sei , ▁einen ▁kor rek ten ▁Satz ▁mit ▁mehr ▁als ▁vier ▁au feinander fol genden ▁Ver ben ▁zu ▁form ulieren , ▁aber ▁nach ▁einiger ▁Zeit ▁ist ▁mir ▁ein ▁Satz ▁mit ▁fünf ▁einge fallen : 

 Er ▁war ▁nicht ▁so ▁bl öd , ▁wie ▁man ▁hätte ▁gene igt ▁sein ▁können ▁anzunehmen . 

 Ist ▁das ▁auch ▁mit ▁mehr ▁als ▁fünf ▁Ver ben ▁möglich ? 
 Ich ▁habe ▁jetzt ▁eine ▁We ile ▁darüber ▁nach ged acht , ▁aber ▁mir ▁ist ▁kein ▁anderer ▁Satz"
Mädchen,8614,"reibe ▁einen ▁Brief ▁( 1 ) 
 Ich ▁habe ▁einen ▁Brief ▁schreiben ▁müssen ▁( 2 ) 
 Der ▁Brief ▁muss ▁geschrieben ▁werden ▁( 3 ) 
 Der ▁Brief ▁hätte ▁geschrieben ▁werden ▁müssen ▁( 4 ) 

 Ein ▁Bek an nter ▁meinte , ▁dass ▁es ▁nicht ▁möglich ▁sei , ▁einen ▁kor rek ten ▁Satz ▁mit ▁mehr ▁als ▁vier ▁au feinander fol genden ▁Ver ben ▁zu ▁form ulieren , ▁aber ▁nach ▁einiger ▁Zeit ▁ist ▁mir ▁ein ▁Satz ▁mit ▁fünf ▁einge fallen : 

 Er ▁war ▁nicht ▁so ▁bl öd , ▁wie ▁man ▁hätte ▁gene igt ▁sein ▁können ▁anzunehmen . 

 Ist ▁das ▁auch ▁mit ▁mehr ▁als ▁fünf ▁Ver ben ▁möglich ? 
 Ich ▁habe ▁jetzt ▁eine ▁We ile ▁darüber ▁nach ged acht , ▁aber ▁mir ▁ist ▁kein ▁anderer ▁Satz"
Mädchen,8614,"reibe ▁einen ▁Brief ▁( 1 ) 
 Ich ▁habe ▁einen ▁Brief ▁schreiben ▁müssen ▁( 2 ) 
 Der ▁Brief ▁muss ▁geschrieben ▁werden ▁( 3 ) 
 Der ▁Brief ▁hätte ▁geschrieben ▁werden ▁müssen ▁( 4 ) 

 Ein ▁Bek an nter ▁meinte , ▁dass ▁es ▁nicht ▁möglich ▁sei , ▁einen ▁kor rek ten ▁Satz ▁mit ▁mehr ▁als ▁vier ▁au feinander fol genden ▁Ver ben ▁zu ▁form ulieren , ▁aber ▁nach ▁einiger ▁Zeit ▁ist ▁mir ▁ein ▁Satz ▁mit ▁fünf ▁einge fallen : 

 Er ▁war ▁nicht ▁so ▁bl öd , ▁wie ▁man ▁hätte ▁gene igt ▁sein ▁können ▁anzunehmen . 

 Ist ▁das ▁auch ▁mit ▁mehr ▁als ▁fünf ▁Ver ben ▁möglich ? 
 Ich ▁habe ▁jetzt ▁eine ▁We ile ▁darüber ▁nach ged acht , ▁aber ▁mir ▁ist ▁kein ▁anderer ▁Satz"
Mädchen,8614,"reibe ▁einen ▁Brief ▁( 1 ) 
 Ich ▁habe ▁einen ▁Brief ▁schreiben ▁müssen ▁( 2 ) 
 Der ▁Brief ▁muss ▁geschrieben ▁werden ▁( 3 ) 
 Der ▁Brief ▁hätte ▁geschrieben ▁werden ▁müssen ▁( 4 ) 

 Ein ▁Bek an nter ▁meinte , ▁dass ▁es ▁nicht ▁möglich ▁sei , ▁einen ▁kor rek ten ▁Satz ▁mit ▁mehr ▁als ▁vier ▁au feinander fol genden ▁Ver ben ▁zu ▁form ulieren , ▁aber ▁nach ▁einiger ▁Zeit ▁ist ▁mir ▁ein ▁Satz ▁mit ▁fünf ▁einge fallen : 

 Er ▁war ▁nicht ▁so ▁bl öd , ▁wie ▁man ▁hätte ▁gene igt ▁sein ▁können ▁anzunehmen . 

 Ist ▁das ▁auch ▁mit ▁mehr ▁als ▁fünf ▁Ver ben ▁möglich ? 
 Ich ▁habe ▁jetzt ▁eine ▁We ile ▁darüber ▁nach ged acht , ▁aber ▁mir ▁ist ▁kein ▁anderer ▁Satz"
Mädchen,8614,"reibe ▁einen ▁Brief ▁( 1 ) 
 Ich ▁habe ▁einen ▁Brief ▁schreiben ▁müssen ▁( 2 ) 
 Der ▁Brief ▁muss ▁geschrieben ▁werden ▁( 3 ) 
 Der ▁Brief ▁hätte ▁geschrieben ▁werden ▁müssen ▁( 4 ) 

 Ein ▁Bek an nter ▁meinte , ▁dass ▁es ▁nicht ▁möglich ▁sei , ▁einen ▁kor rek ten ▁Satz ▁mit ▁mehr ▁als ▁vier ▁au feinander fol genden ▁Ver ben ▁zu ▁form ulieren , ▁aber ▁nach ▁einiger ▁Zeit ▁ist ▁mir ▁ein ▁Satz ▁mit ▁fünf ▁einge fallen : 

 Er ▁war ▁nicht ▁so ▁bl öd , ▁wie ▁man ▁hätte ▁gene igt ▁sein ▁können ▁anzunehmen . 

 Ist ▁das ▁auch ▁mit ▁mehr ▁als ▁fünf ▁Ver ben ▁möglich ? 
 Ich ▁habe ▁jetzt ▁eine ▁We ile ▁darüber ▁nach ged acht , ▁aber ▁mir ▁ist ▁kein ▁anderer ▁Satz"
Mädchen,8614,"reibe ▁einen ▁Brief ▁( 1 ) 
 Ich ▁habe ▁einen ▁Brief ▁schreiben ▁müssen ▁( 2 ) 
 Der ▁Brief ▁muss ▁geschrieben ▁werden ▁( 3 ) 
 Der ▁Brief ▁hätte ▁geschrieben ▁werden ▁müssen ▁( 4 ) 

 Ein ▁Bek an nter ▁meinte , ▁dass ▁es ▁nicht ▁möglich ▁sei , ▁einen ▁kor rek ten ▁Satz ▁mit ▁mehr ▁als ▁vier ▁au feinander fol genden ▁Ver ben ▁zu ▁form ulieren , ▁aber ▁nach ▁einiger ▁Zeit ▁ist ▁mir ▁ein ▁Satz ▁mit ▁fünf ▁einge fallen : 

 Er ▁war ▁nicht ▁so ▁bl öd , ▁wie ▁man ▁hätte ▁gene igt ▁sein ▁können ▁anzunehmen . 

 Ist ▁das ▁auch ▁mit ▁mehr ▁als ▁fünf ▁Ver ben ▁möglich ? 
 Ich ▁habe ▁jetzt ▁eine ▁We ile ▁darüber ▁nach ged acht , ▁aber ▁mir ▁ist ▁kein ▁anderer ▁Satz"
Mädchen,8614,"L _ EN CRY PTION _ TYPE '] ="" Versch lüsse lungs art ""; 
 $ lang [' L _ HT ACC _ CRYPT '] ="" Crypt ▁maximal ▁ 8 ▁Zeichen ▁( Linux ▁und ▁Unix - S ysteme )""; 
 $ lang [' L _ HT ACC _ MD 5 '] ="" MD 5 ▁( Linux ▁und ▁Unix - S ysteme )""; 
 $ lang [' L _ HT ACC _ NO _ EN CRY PTION '] ="" un versch lüssel t ▁( Windows )""; 
 $ lang [' L _ HT ACCESS 8 '] ="" Es ▁besteht ▁bereits ▁ein ▁Ver zeich niss chutz . ▁Wenn ▁Du ▁einen ▁neuen ▁ers tell st , ▁wird ▁der ▁alte ▁übersch rieben !""; 
 $ lang [' L _ HT ACC"
Mädchen,8614,"L _ EN CRY PTION _ TYPE '] ="" Versch lüsse lungs art ""; 
 $ lang [' L _ HT ACC _ CRYPT '] ="" Crypt ▁maximal ▁ 8 ▁Zeichen ▁( Linux ▁und ▁Unix - S ysteme )""; 
 $ lang [' L _ HT ACC _ MD 5 '] ="" MD 5 ▁( Linux ▁und ▁Unix - S ysteme )""; 
 $ lang [' L _ HT ACC _ NO _ EN CRY PTION '] ="" un versch lüssel t ▁( Windows )""; 
 $ lang [' L _ HT ACCESS 8 '] ="" Es ▁besteht ▁bereits ▁ein ▁Ver zeich niss chutz . ▁Wenn ▁Du ▁einen ▁neuen ▁ers tell st , ▁wird ▁der ▁alte ▁übersch rieben !""; 
 $ lang [' L _ HT ACC"
Mädchen,8614,"L _ EN CRY PTION _ TYPE '] ="" Versch lüsse lungs art ""; 
 $ lang [' L _ HT ACC _ CRYPT '] ="" Crypt ▁maximal ▁ 8 ▁Zeichen ▁( Linux ▁und ▁Unix - S ysteme )""; 
 $ lang [' L _ HT ACC _ MD 5 '] ="" MD 5 ▁( Linux ▁und ▁Unix - S ysteme )""; 
 $ lang [' L _ HT ACC _ NO _ EN CRY PTION '] ="" un versch lüssel t ▁( Windows )""; 
 $ lang [' L _ HT ACCESS 8 '] ="" Es ▁besteht ▁bereits ▁ein ▁Ver zeich niss chutz . ▁Wenn ▁Du ▁einen ▁neuen ▁ers tell st , ▁wird ▁der ▁alte ▁übersch rieben !""; 
 $ lang [' L _ HT ACC"
Mädchen,8614,"L _ EN CRY PTION _ TYPE '] ="" Versch lüsse lungs art ""; 
 $ lang [' L _ HT ACC _ CRYPT '] ="" Crypt ▁maximal ▁ 8 ▁Zeichen ▁( Linux ▁und ▁Unix - S ysteme )""; 
 $ lang [' L _ HT ACC _ MD 5 '] ="" MD 5 ▁( Linux ▁und ▁Unix - S ysteme )""; 
 $ lang [' L _ HT ACC _ NO _ EN CRY PTION '] ="" un versch lüssel t ▁( Windows )""; 
 $ lang [' L _ HT ACCESS 8 '] ="" Es ▁besteht ▁bereits ▁ein ▁Ver zeich niss chutz . ▁Wenn ▁Du ▁einen ▁neuen ▁ers tell st , ▁wird ▁der ▁alte ▁übersch rieben !""; 
 $ lang [' L _ HT ACC"
Mädchen,8614,"▁Honig glas ▁nicht ▁aus le cken ▁dürfen ▁dürfen . 

 S pri ch : ▁Es ▁wäre ▁besser ▁gewesen , ▁Autor itäts person ▁ 1 ▁hätte ▁es ▁Autor itäts person ▁ 2 ▁nicht ▁gest attet , ▁mir ▁zu ▁gest atten , ▁das ▁Honig glas ▁aus zule cken . 

 A : 

 Ohne ▁Parti zip ien ▁( also ▁nur ▁finite ▁und ▁infinite ▁Verb formen ) ▁können ▁Kon stru ktionen ▁mit ▁Ver ben ▁der ▁Wahrnehmung ▁( z B ▁sehen , ▁hören ) ▁manchmal ▁viele ▁au feinander fol genden ▁Infin itiv formen ▁enthalten . 
 Ein ▁Z itat ▁aus ▁"" Der ▁Prozess "" ▁von ▁Franz ▁Kafka : 

 Als ▁ich ▁mich ▁ein ▁Weil chen ▁wieder ▁so ▁ruhig ▁ver halten ▁hatte , ▁dass ▁man ▁die ▁F liegen ▁an ▁der ▁Wand ▁hätte"
Mädchen,8614,"▁Honig glas ▁nicht ▁aus le cken ▁dürfen ▁dürfen . 

 S pri ch : ▁Es ▁wäre ▁besser ▁gewesen , ▁Autor itäts person ▁ 1 ▁hätte ▁es ▁Autor itäts person ▁ 2 ▁nicht ▁gest attet , ▁mir ▁zu ▁gest atten , ▁das ▁Honig glas ▁aus zule cken . 

 A : 

 Ohne ▁Parti zip ien ▁( also ▁nur ▁finite ▁und ▁infinite ▁Verb formen ) ▁können ▁Kon stru ktionen ▁mit ▁Ver ben ▁der ▁Wahrnehmung ▁( z B ▁sehen , ▁hören ) ▁manchmal ▁viele ▁au feinander fol genden ▁Infin itiv formen ▁enthalten . 
 Ein ▁Z itat ▁aus ▁"" Der ▁Prozess "" ▁von ▁Franz ▁Kafka : 

 Als ▁ich ▁mich ▁ein ▁Weil chen ▁wieder ▁so ▁ruhig ▁ver halten ▁hatte , ▁dass ▁man ▁die ▁F liegen ▁an ▁der ▁Wand ▁hätte"
Mädchen,8614,"▁Honig glas ▁nicht ▁aus le cken ▁dürfen ▁dürfen . 

 S pri ch : ▁Es ▁wäre ▁besser ▁gewesen , ▁Autor itäts person ▁ 1 ▁hätte ▁es ▁Autor itäts person ▁ 2 ▁nicht ▁gest attet , ▁mir ▁zu ▁gest atten , ▁das ▁Honig glas ▁aus zule cken . 

 A : 

 Ohne ▁Parti zip ien ▁( also ▁nur ▁finite ▁und ▁infinite ▁Verb formen ) ▁können ▁Kon stru ktionen ▁mit ▁Ver ben ▁der ▁Wahrnehmung ▁( z B ▁sehen , ▁hören ) ▁manchmal ▁viele ▁au feinander fol genden ▁Infin itiv formen ▁enthalten . 
 Ein ▁Z itat ▁aus ▁"" Der ▁Prozess "" ▁von ▁Franz ▁Kafka : 

 Als ▁ich ▁mich ▁ein ▁Weil chen ▁wieder ▁so ▁ruhig ▁ver halten ▁hatte , ▁dass ▁man ▁die ▁F liegen ▁an ▁der ▁Wand ▁hätte"
Mädchen,8614,"▁Honig glas ▁nicht ▁aus le cken ▁dürfen ▁dürfen . 

 S pri ch : ▁Es ▁wäre ▁besser ▁gewesen , ▁Autor itäts person ▁ 1 ▁hätte ▁es ▁Autor itäts person ▁ 2 ▁nicht ▁gest attet , ▁mir ▁zu ▁gest atten , ▁das ▁Honig glas ▁aus zule cken . 

 A : 

 Ohne ▁Parti zip ien ▁( also ▁nur ▁finite ▁und ▁infinite ▁Verb formen ) ▁können ▁Kon stru ktionen ▁mit ▁Ver ben ▁der ▁Wahrnehmung ▁( z B ▁sehen , ▁hören ) ▁manchmal ▁viele ▁au feinander fol genden ▁Infin itiv formen ▁enthalten . 
 Ein ▁Z itat ▁aus ▁"" Der ▁Prozess "" ▁von ▁Franz ▁Kafka : 

 Als ▁ich ▁mich ▁ein ▁Weil chen ▁wieder ▁so ▁ruhig ▁ver halten ▁hatte , ▁dass ▁man ▁die ▁F liegen ▁an ▁der ▁Wand ▁hätte"
Mädchen,8614,"▁( 1 9 8 6 ) 
 ▁Pas ▁på ▁ry ggen , ▁professor ▁( 1 9 7 7 ) 
 ▁Kun ▁sand heden ▁( 1 9 7 5 ) 
 ▁Den ▁kys ke ▁leve mand ▁( 1 9 7 4 ) 
 ▁Lise ▁kommer ▁til ▁By en ▁( 1 9 4 7 ) 
 ▁En ▁ny ▁dag ▁gry er ▁( 1 9 4 5 ) 
 ▁Most er ▁fra ▁M ols ▁( 1 9 4 3 ) 

 References 

 External ▁links ▁ 
 ▁ 
 ▁ 

 Category : 1 9 1 4 ▁births 
 Category : 2 0 0 9 ▁deaths 
 Category : Danish ▁female ▁singers 
 Category : Danish ▁film ▁actresses 
 Category : Danish ▁musical ▁theatre ▁actresses 
 Category : People ▁from"
Mädchen,8614,"_ NO _ USERNAME '] ="" Du ▁musst ▁einen ▁Namen ▁ein geben !""; 
 $ lang [' L _ PASS WORDS _ UNE QUAL '] ="" Die ▁Pass wörter ▁sind ▁nicht ▁identi sch ▁oder ▁leer !""; 
 $ lang [' L _ HT ACC _ CONFIRM _ DELETE '] ="" So ll ▁der ▁Ver zeich niss chutz ▁jetzt ▁erstellt ▁werden ?""; 
 $ lang [' L _ HT ACC _ CREATED '] ="" Der ▁Ver zeich niss chutz ▁wurde ▁erstellt .""; 
 $ lang [' L _ HT ACC _ CONTENT '] ="" Inhalt ▁der ▁Datei ""; 
 $ lang [' L _ HT ACC _ CREATE _ ERROR '] ="" Es ▁ist ▁ein ▁Fehler ▁bei ▁der ▁Erstellung ▁des ▁Ver zeich niss ch ut zes ▁auf getreten"
Mädchen,8614,"_ NO _ USERNAME '] ="" Du ▁musst ▁einen ▁Namen ▁ein geben !""; 
 $ lang [' L _ PASS WORDS _ UNE QUAL '] ="" Die ▁Pass wörter ▁sind ▁nicht ▁identi sch ▁oder ▁leer !""; 
 $ lang [' L _ HT ACC _ CONFIRM _ DELETE '] ="" So ll ▁der ▁Ver zeich niss chutz ▁jetzt ▁erstellt ▁werden ?""; 
 $ lang [' L _ HT ACC _ CREATED '] ="" Der ▁Ver zeich niss chutz ▁wurde ▁erstellt .""; 
 $ lang [' L _ HT ACC _ CONTENT '] ="" Inhalt ▁der ▁Datei ""; 
 $ lang [' L _ HT ACC _ CREATE _ ERROR '] ="" Es ▁ist ▁ein ▁Fehler ▁bei ▁der ▁Erstellung ▁des ▁Ver zeich niss ch ut zes ▁auf getreten"
Mädchen,8614,"▁können ▁gehen ▁hören , ▁ver nahm ▁ich , ▁dass ... 

 Ich ▁bin ▁aber ▁eher ▁der ▁Meinung , ▁dass ▁die ▁Reihenfolge ▁in ▁diesem ▁Fall ▁eher ▁un idio matisch ▁ist . ▁H ätte ▁gehen ▁hören ▁können ▁f ände ▁ich ▁besser . ▁Man ▁kann ▁sich ▁auch ▁locker ▁eine ▁real istische ▁Situation ▁vorstellen , ▁wo ▁noch ▁ein ▁Modal verb ▁dazu ▁kommt , ▁ohne ▁dass ▁es ▁zu ▁sch rä g ▁klingt , ▁und ▁noch ▁verständ lich ▁wäre , ▁b sp w .: 

 Es ▁war ▁im ▁Raum ▁so ▁le ise , ▁dass ▁man ▁ihn ▁eigentlich ▁hätte ▁at men ▁hören ▁können ▁sollen . 

 A : 

 Man ▁kann ▁deinen ▁Beispiel s atz ▁einfach ▁erweit ern : 

 Er ▁war ▁nicht ▁so ▁bl öd , ▁wie ▁man ▁hätte ▁gene igt ▁gewesen ▁sein"
Mädchen,8614,"▁können ▁gehen ▁hören , ▁ver nahm ▁ich , ▁dass ... 

 Ich ▁bin ▁aber ▁eher ▁der ▁Meinung , ▁dass ▁die ▁Reihenfolge ▁in ▁diesem ▁Fall ▁eher ▁un idio matisch ▁ist . ▁H ätte ▁gehen ▁hören ▁können ▁f ände ▁ich ▁besser . ▁Man ▁kann ▁sich ▁auch ▁locker ▁eine ▁real istische ▁Situation ▁vorstellen , ▁wo ▁noch ▁ein ▁Modal verb ▁dazu ▁kommt , ▁ohne ▁dass ▁es ▁zu ▁sch rä g ▁klingt , ▁und ▁noch ▁verständ lich ▁wäre , ▁b sp w .: 

 Es ▁war ▁im ▁Raum ▁so ▁le ise , ▁dass ▁man ▁ihn ▁eigentlich ▁hätte ▁at men ▁hören ▁können ▁sollen . 

 A : 

 Man ▁kann ▁deinen ▁Beispiel s atz ▁einfach ▁erweit ern : 

 Er ▁war ▁nicht ▁so ▁bl öd , ▁wie ▁man ▁hätte ▁gene igt ▁gewesen ▁sein"
Mädchen,8614,"▁können ▁gehen ▁hören , ▁ver nahm ▁ich , ▁dass ... 

 Ich ▁bin ▁aber ▁eher ▁der ▁Meinung , ▁dass ▁die ▁Reihenfolge ▁in ▁diesem ▁Fall ▁eher ▁un idio matisch ▁ist . ▁H ätte ▁gehen ▁hören ▁können ▁f ände ▁ich ▁besser . ▁Man ▁kann ▁sich ▁auch ▁locker ▁eine ▁real istische ▁Situation ▁vorstellen , ▁wo ▁noch ▁ein ▁Modal verb ▁dazu ▁kommt , ▁ohne ▁dass ▁es ▁zu ▁sch rä g ▁klingt , ▁und ▁noch ▁verständ lich ▁wäre , ▁b sp w .: 

 Es ▁war ▁im ▁Raum ▁so ▁le ise , ▁dass ▁man ▁ihn ▁eigentlich ▁hätte ▁at men ▁hören ▁können ▁sollen . 

 A : 

 Man ▁kann ▁deinen ▁Beispiel s atz ▁einfach ▁erweit ern : 

 Er ▁war ▁nicht ▁so ▁bl öd , ▁wie ▁man ▁hätte ▁gene igt ▁gewesen ▁sein"
Mädchen,8614,"▁können ▁gehen ▁hören , ▁ver nahm ▁ich , ▁dass ... 

 Ich ▁bin ▁aber ▁eher ▁der ▁Meinung , ▁dass ▁die ▁Reihenfolge ▁in ▁diesem ▁Fall ▁eher ▁un idio matisch ▁ist . ▁H ätte ▁gehen ▁hören ▁können ▁f ände ▁ich ▁besser . ▁Man ▁kann ▁sich ▁auch ▁locker ▁eine ▁real istische ▁Situation ▁vorstellen , ▁wo ▁noch ▁ein ▁Modal verb ▁dazu ▁kommt , ▁ohne ▁dass ▁es ▁zu ▁sch rä g ▁klingt , ▁und ▁noch ▁verständ lich ▁wäre , ▁b sp w .: 

 Es ▁war ▁im ▁Raum ▁so ▁le ise , ▁dass ▁man ▁ihn ▁eigentlich ▁hätte ▁at men ▁hören ▁können ▁sollen . 

 A : 

 Man ▁kann ▁deinen ▁Beispiel s atz ▁einfach ▁erweit ern : 

 Er ▁war ▁nicht ▁so ▁bl öd , ▁wie ▁man ▁hätte ▁gene igt ▁gewesen ▁sein"
Mädchen,8614,"▁können ▁gehen ▁hören , ▁ver nahm ▁ich , ▁dass ... 

 Ich ▁bin ▁aber ▁eher ▁der ▁Meinung , ▁dass ▁die ▁Reihenfolge ▁in ▁diesem ▁Fall ▁eher ▁un idio matisch ▁ist . ▁H ätte ▁gehen ▁hören ▁können ▁f ände ▁ich ▁besser . ▁Man ▁kann ▁sich ▁auch ▁locker ▁eine ▁real istische ▁Situation ▁vorstellen , ▁wo ▁noch ▁ein ▁Modal verb ▁dazu ▁kommt , ▁ohne ▁dass ▁es ▁zu ▁sch rä g ▁klingt , ▁und ▁noch ▁verständ lich ▁wäre , ▁b sp w .: 

 Es ▁war ▁im ▁Raum ▁so ▁le ise , ▁dass ▁man ▁ihn ▁eigentlich ▁hätte ▁at men ▁hören ▁können ▁sollen . 

 A : 

 Man ▁kann ▁deinen ▁Beispiel s atz ▁einfach ▁erweit ern : 

 Er ▁war ▁nicht ▁so ▁bl öd , ▁wie ▁man ▁hätte ▁gene igt ▁gewesen ▁sein"
Mädchen,8614,"▁können ▁gehen ▁hören , ▁ver nahm ▁ich , ▁dass ... 

 Ich ▁bin ▁aber ▁eher ▁der ▁Meinung , ▁dass ▁die ▁Reihenfolge ▁in ▁diesem ▁Fall ▁eher ▁un idio matisch ▁ist . ▁H ätte ▁gehen ▁hören ▁können ▁f ände ▁ich ▁besser . ▁Man ▁kann ▁sich ▁auch ▁locker ▁eine ▁real istische ▁Situation ▁vorstellen , ▁wo ▁noch ▁ein ▁Modal verb ▁dazu ▁kommt , ▁ohne ▁dass ▁es ▁zu ▁sch rä g ▁klingt , ▁und ▁noch ▁verständ lich ▁wäre , ▁b sp w .: 

 Es ▁war ▁im ▁Raum ▁so ▁le ise , ▁dass ▁man ▁ihn ▁eigentlich ▁hätte ▁at men ▁hören ▁können ▁sollen . 

 A : 

 Man ▁kann ▁deinen ▁Beispiel s atz ▁einfach ▁erweit ern : 

 Er ▁war ▁nicht ▁so ▁bl öd , ▁wie ▁man ▁hätte ▁gene igt ▁gewesen ▁sein"
Mädchen,8614,"▁können ▁gehen ▁hören , ▁ver nahm ▁ich , ▁dass ... 

 Ich ▁bin ▁aber ▁eher ▁der ▁Meinung , ▁dass ▁die ▁Reihenfolge ▁in ▁diesem ▁Fall ▁eher ▁un idio matisch ▁ist . ▁H ätte ▁gehen ▁hören ▁können ▁f ände ▁ich ▁besser . ▁Man ▁kann ▁sich ▁auch ▁locker ▁eine ▁real istische ▁Situation ▁vorstellen , ▁wo ▁noch ▁ein ▁Modal verb ▁dazu ▁kommt , ▁ohne ▁dass ▁es ▁zu ▁sch rä g ▁klingt , ▁und ▁noch ▁verständ lich ▁wäre , ▁b sp w .: 

 Es ▁war ▁im ▁Raum ▁so ▁le ise , ▁dass ▁man ▁ihn ▁eigentlich ▁hätte ▁at men ▁hören ▁können ▁sollen . 

 A : 

 Man ▁kann ▁deinen ▁Beispiel s atz ▁einfach ▁erweit ern : 

 Er ▁war ▁nicht ▁so ▁bl öd , ▁wie ▁man ▁hätte ▁gene igt ▁gewesen ▁sein"
Mädchen,8614,"
 $ lang [' L _ HT ACCESS 3 1 '] ="" all geme in ""; 
 $ lang [' L _ HT ACCESS 3 2 '] ="" Achtung ! ▁Die ▁. htaccess ▁hat ▁eine ▁direkte ▁Aus wirkung ▁auf ▁den ▁Browser .< br > Bei ▁fals cher ▁Anwendung ▁sind ▁die ▁Seiten ▁nicht ▁mehr ▁erreichbar .""; 
 $ lang [' L _ PHP BUG '] ="" Bug ▁in ▁z lib ! ▁Keine ▁Kom pression ▁möglich !""; 
 $ lang [' L _ DISABLE DF UN CTIONS '] ="" Ab gesch al tete ▁Funktionen ""; 
 $ lang [' L _ NO GZ POSSIBLE '] ="" Da ▁z lib ▁nicht ▁installiert ▁ist , ▁stehen ▁keine ▁G Zip - Funktionen ▁zur ▁Verfügung !""; 
 $ lang [' L _ DELETE"
Mädchen,8614,"▁mit ▁fünf ▁oder ▁mehr ▁au feinander fol genden ▁Ver ben ▁einge fallen . 

 A : 

 Man ▁kann ▁im ▁Grunde ▁alle ▁verfügb aren ▁Modal ver ben ▁ane inander rei hen , ▁auch ▁wenn ▁pro ▁hinzu gefü gten ▁Modal verb ▁es ▁immer ▁auf wendi ger ▁wird , ▁einen ▁Sitz ▁im ▁Leben ▁für ▁einen ▁solchen ▁Satz ▁zu ▁finden . ▁Aber ▁unmöglich ▁ist ▁es ▁nicht . 

 Ich ▁hätte ▁das ▁Honig glas ▁nicht ▁aus le cken ▁dürfen . 
 Ich ▁hätte ▁das ▁Honig glas ▁nicht ▁aus le cken ▁wollen ▁sollen . 
 [...] 
 Ich ▁hätte ▁das ▁Honig glas ▁nicht ▁aus le cken ▁wollen ▁sollen ▁können ▁dürfen ▁müssen ▁mögen . 

 Nun ▁kann ▁man ▁aber ▁auch ▁die ▁Modal ver ben ▁mehrfach ▁einsetzen : 

 Ich ▁▁ h ätte ▁das"
Mädchen,8614,"▁mit ▁fünf ▁oder ▁mehr ▁au feinander fol genden ▁Ver ben ▁einge fallen . 

 A : 

 Man ▁kann ▁im ▁Grunde ▁alle ▁verfügb aren ▁Modal ver ben ▁ane inander rei hen , ▁auch ▁wenn ▁pro ▁hinzu gefü gten ▁Modal verb ▁es ▁immer ▁auf wendi ger ▁wird , ▁einen ▁Sitz ▁im ▁Leben ▁für ▁einen ▁solchen ▁Satz ▁zu ▁finden . ▁Aber ▁unmöglich ▁ist ▁es ▁nicht . 

 Ich ▁hätte ▁das ▁Honig glas ▁nicht ▁aus le cken ▁dürfen . 
 Ich ▁hätte ▁das ▁Honig glas ▁nicht ▁aus le cken ▁wollen ▁sollen . 
 [...] 
 Ich ▁hätte ▁das ▁Honig glas ▁nicht ▁aus le cken ▁wollen ▁sollen ▁können ▁dürfen ▁müssen ▁mögen . 

 Nun ▁kann ▁man ▁aber ▁auch ▁die ▁Modal ver ben ▁mehrfach ▁einsetzen : 

 Ich ▁▁ h ätte ▁das"
Mädchen,8614,"▁mit ▁fünf ▁oder ▁mehr ▁au feinander fol genden ▁Ver ben ▁einge fallen . 

 A : 

 Man ▁kann ▁im ▁Grunde ▁alle ▁verfügb aren ▁Modal ver ben ▁ane inander rei hen , ▁auch ▁wenn ▁pro ▁hinzu gefü gten ▁Modal verb ▁es ▁immer ▁auf wendi ger ▁wird , ▁einen ▁Sitz ▁im ▁Leben ▁für ▁einen ▁solchen ▁Satz ▁zu ▁finden . ▁Aber ▁unmöglich ▁ist ▁es ▁nicht . 

 Ich ▁hätte ▁das ▁Honig glas ▁nicht ▁aus le cken ▁dürfen . 
 Ich ▁hätte ▁das ▁Honig glas ▁nicht ▁aus le cken ▁wollen ▁sollen . 
 [...] 
 Ich ▁hätte ▁das ▁Honig glas ▁nicht ▁aus le cken ▁wollen ▁sollen ▁können ▁dürfen ▁müssen ▁mögen . 

 Nun ▁kann ▁man ▁aber ▁auch ▁die ▁Modal ver ben ▁mehrfach ▁einsetzen : 

 Ich ▁▁ h ätte ▁das"
Mädchen,8614,"▁mit ▁fünf ▁oder ▁mehr ▁au feinander fol genden ▁Ver ben ▁einge fallen . 

 A : 

 Man ▁kann ▁im ▁Grunde ▁alle ▁verfügb aren ▁Modal ver ben ▁ane inander rei hen , ▁auch ▁wenn ▁pro ▁hinzu gefü gten ▁Modal verb ▁es ▁immer ▁auf wendi ger ▁wird , ▁einen ▁Sitz ▁im ▁Leben ▁für ▁einen ▁solchen ▁Satz ▁zu ▁finden . ▁Aber ▁unmöglich ▁ist ▁es ▁nicht . 

 Ich ▁hätte ▁das ▁Honig glas ▁nicht ▁aus le cken ▁dürfen . 
 Ich ▁hätte ▁das ▁Honig glas ▁nicht ▁aus le cken ▁wollen ▁sollen . 
 [...] 
 Ich ▁hätte ▁das ▁Honig glas ▁nicht ▁aus le cken ▁wollen ▁sollen ▁können ▁dürfen ▁müssen ▁mögen . 

 Nun ▁kann ▁man ▁aber ▁auch ▁die ▁Modal ver ben ▁mehrfach ▁einsetzen : 

 Ich ▁▁ h ätte ▁das"
Mädchen,8614,"Ikke ▁av installer "" 
 Str C py ▁$ Page Re install _ NEW _ M UI _ HEADER _ TEXT _ TITLE ▁"" All erede ▁install ert "" 
 Str C py ▁$ Page Re install _ NEW _ M UI _ HEADER _ TEXT _ SUB TITLE ▁"" Vel g ▁hvordan ▁du ▁vil ▁install ere ▁${ APPLICATION _ NAME } ."" 
 Str C py ▁$ Page Re install _ OLD _ Field _ 1 ▁"" En ▁ny ere ▁vers jon ▁av ▁${ APPLICATION _ NAME } ▁er ▁allerede ▁install ert ! ▁Det ▁anbef ales ▁ikke ▁at ▁du ▁install erer ▁en ▁el dre ▁vers jon . ▁Hvis ▁du ▁virkelig ▁ønsker ▁å ▁install ere ▁denne ▁el dre ▁vers jonen , ▁er ▁det ▁bedre ▁å ▁av install"
Mädchen,8614,"_ HT ACCESS '] ="" Ver zeich niss chutz ▁entfernen ▁(. htaccess ▁löschen )""; 
 $ lang [' L _ WRONG _ R IGHTS '] ="" Die ▁Datei ▁oder ▁das ▁Ver zeichnis ▁'% s ' ▁ist ▁für ▁mich ▁nicht ▁besch reib bar .< br > 
 Ent weder ▁hat ▁sie / es ▁den ▁falschen ▁Besitzer ▁( Owner ) ▁oder ▁die ▁falschen ▁Rechte ▁( Ch mod ). < br > ▁ 
 Bitte ▁set ze ▁die ▁richtigen ▁Attribute ▁mit ▁De inem ▁FTP - Programm . ▁< br > 
 Die ▁Datei ▁oder ▁das ▁Ver zeichnis ▁benötigt ▁die ▁Rechte ▁% s .< br >""; 
 $ lang [' L _ CANT _ CREATE _ DIR '] ="" Ich ▁kon ntes ▁das ▁Ver zeichnis ▁'% s ' ▁nicht ▁erstellen ."
Mädchen,8614,"_ HT ACCESS '] ="" Ver zeich niss chutz ▁entfernen ▁(. htaccess ▁löschen )""; 
 $ lang [' L _ WRONG _ R IGHTS '] ="" Die ▁Datei ▁oder ▁das ▁Ver zeichnis ▁'% s ' ▁ist ▁für ▁mich ▁nicht ▁besch reib bar .< br > 
 Ent weder ▁hat ▁sie / es ▁den ▁falschen ▁Besitzer ▁( Owner ) ▁oder ▁die ▁falschen ▁Rechte ▁( Ch mod ). < br > ▁ 
 Bitte ▁set ze ▁die ▁richtigen ▁Attribute ▁mit ▁De inem ▁FTP - Programm . ▁< br > 
 Die ▁Datei ▁oder ▁das ▁Ver zeichnis ▁benötigt ▁die ▁Rechte ▁% s .< br >""; 
 $ lang [' L _ CANT _ CREATE _ DIR '] ="" Ich ▁kon ntes ▁das ▁Ver zeichnis ▁'% s ' ▁nicht ▁erstellen ."
Mädchen,8614,"▁and ▁other ▁Financial ▁Services ▁products ▁are ▁not ▁available ▁on ▁Buy ▁Now ▁Pay ▁Later ▁and ▁will ▁appear ▁on ▁your ▁next ▁statement . 

 Please ▁note , ▁if ▁you ▁have ▁non ▁BN PL ▁purchases ▁on ▁your ▁account ▁you ▁will ▁still ▁need ▁to ▁make ▁at ▁least ▁your ▁minimum ▁payment ▁as ▁detailed ▁on ▁your ▁statement . <bos> Julia ▁K ogan 

 Julia ▁K ogan ▁is ▁an ▁American - French ▁oper atic ▁color atura ▁soprano , ▁writer , ▁and ▁presenter ▁of ▁Ukrainian ▁ancestry . 

 Biography 
 K ogan ' s ▁opera ▁roles ▁have ▁included ▁Queen ▁of ▁the ▁Night ▁in ▁Die ▁Zauber fl öte , ▁Zer bin etta ▁in ▁Ari adne ▁auf ▁Nax os , ▁Blonde ▁in ▁Die ▁Ent führung , ▁Madame ▁Herz ▁in ▁Der ▁Schauspiel direktor , ▁Greta ▁Fio rentino ▁in"
Mädchen,8614,"End Process _ KILL _ NOT _ FOUND _ TEXT ▁"" F ant ▁ikke ▁pros ess ▁som ▁skulle ▁termin eres !"" 
 Str C py ▁$ Page Re install _ NEW _ Field _ 1 ▁"" En ▁el dre ▁vers jon ▁av ▁${ APPLICATION _ NAME } ▁er ▁install ert ▁på ▁syste met ▁ditt . ▁Det ▁anbef ales ▁at ▁du ▁av installer er ▁den ▁vers jonen ▁før ▁install ering ▁av ▁ny ▁vers jon . ▁Vel g ▁hva ▁du ▁vil ▁gjøre ▁og ▁klik k ▁Neste ▁for ▁å ▁fort sette ."" 
 Str C py ▁$ Page Re install _ NEW _ Field _ 2 ▁"" A vin st aller ▁før ▁install ering "" 
 Str C py ▁$ Page Re install _ NEW _ Field _ 3 ▁"""
Mädchen,8614,"▁as ▁Richard ▁Strauss ' ▁Ein ▁Helden b len ▁and ▁the ▁symphon ies ▁of ▁Haydn . 

 In ▁recent ▁years , ▁he ▁has ▁been ▁a ▁guest ▁conductor ▁of ▁orchestra s ▁which ▁include ▁the ▁Vancouver ▁Symphony ▁Orchestra , ▁L ' Or chestra ▁Sinf onica ▁di ▁Milano ▁Giuseppe ▁Verdi , ▁the ▁Orchestra ▁della ▁Svizzera ▁italiana , ▁the ▁Saint ▁Petersburg ▁Philharmonic ▁Orchestra , ▁the ▁Baltimore ▁Symphony ▁Orchestra , ▁the ▁Cincinnati ▁Symphony ▁Orchestra , ▁the ▁Calgary ▁Philharmonic ▁Orchestra , ▁the ▁Stavanger ▁Symphony ▁Orchestra , ▁Gew and haus or chester ▁Leipzig , ▁the ▁Polish ▁National ▁Radio ▁Symphony ▁Orchestra , ▁the ▁Slovenian ▁Philharmonic ▁Orchestra , ▁the ▁Bilbao ▁Symphony ▁Orchestra , ▁and ▁the ▁Sao ▁Paulo ▁State ▁Symphony . ▁He ▁was ▁Music ▁Director ▁of ▁the ▁Columbus ▁Symphony ▁Orchestra ▁from ▁ 2 0 0 6 ▁to ▁"
Mädchen,8614,"▁as ▁Richard ▁Strauss ' ▁Ein ▁Helden b len ▁and ▁the ▁symphon ies ▁of ▁Haydn . 

 In ▁recent ▁years , ▁he ▁has ▁been ▁a ▁guest ▁conductor ▁of ▁orchestra s ▁which ▁include ▁the ▁Vancouver ▁Symphony ▁Orchestra , ▁L ' Or chestra ▁Sinf onica ▁di ▁Milano ▁Giuseppe ▁Verdi , ▁the ▁Orchestra ▁della ▁Svizzera ▁italiana , ▁the ▁Saint ▁Petersburg ▁Philharmonic ▁Orchestra , ▁the ▁Baltimore ▁Symphony ▁Orchestra , ▁the ▁Cincinnati ▁Symphony ▁Orchestra , ▁the ▁Calgary ▁Philharmonic ▁Orchestra , ▁the ▁Stavanger ▁Symphony ▁Orchestra , ▁Gew and haus or chester ▁Leipzig , ▁the ▁Polish ▁National ▁Radio ▁Symphony ▁Orchestra , ▁the ▁Slovenian ▁Philharmonic ▁Orchestra , ▁the ▁Bilbao ▁Symphony ▁Orchestra , ▁and ▁the ▁Sao ▁Paulo ▁State ▁Symphony . ▁He ▁was ▁Music ▁Director ▁of ▁the ▁Columbus ▁Symphony ▁Orchestra ▁from ▁ 2 0 0 6 ▁to ▁"
Mädchen,8614,"_ INFO _ N ODB '] ="" Daten bank ▁existi ert ▁nicht ""; 
 $ lang [' L _ INFO _ DB DETAIL '] ="" Detail - Information ▁von ▁Datenbank ▁""; 
 $ lang [' L _ INFO _ DB EMPTY '] ="" Die ▁Datenbank ▁ist ▁leer !""; 
 $ lang [' L _ INFO _ REC ORDS '] ="" Dat ens ätze ""; 
 $ lang [' L _ INFO _ SIZE '] ="" Größe ""; 
 $ lang [' L _ INFO _ LAST UPDATE '] ="" let ztes ▁Update ""; 
 $ lang [' L _ INFO _ SUM '] ="" ins gesamt ""; 
 $ lang [' L _ INFO _ OPTIM IZED '] ="" optim iert ""; 
 $ lang [' L"
Mädchen,8614,"▁ 1 ](# pp at . 1 0 0 8 4 8 4 . g 0 0 1 ){ ref - type ="" fig "" }. ▁The ▁α - carbon ▁atoms ▁of ▁two ▁important ▁patches ▁of ▁residues ▁are ▁shown ▁as ▁blue ▁spheres . ▁C ) ▁The ▁sequence ▁logo ▁plot ▁showing ▁the ▁conservation ▁of ▁the ▁two ▁Rd RP ▁interacting ▁regions , ▁the ▁GTR - linker ▁region ▁( top ▁panel ), ▁and ▁the ▁N LS - helix ▁that ▁is ▁important ▁for ▁both ▁J EV - ▁and ▁D ENV 3 - mode ▁conformational ▁states , ▁the ▁middle ▁and ▁ring ▁finger ▁regions ▁only ▁critical ▁in ▁J EV - mode ▁states ▁( bottom ▁panel ). ▁The ▁triangles ▁indicated ▁key ▁residues ▁involved ▁in ▁the ▁intra - molecular ▁interactions . ▁D ) ▁A ▁schematic"
Mädchen,8614,"▁as ▁ 3 . 5 ▁ms ▁and ▁ 4 . 0 ▁ms ▁for ▁low ▁resolution ▁scans ▁and ▁high ▁resolution ▁scans , ▁respectively . ▁The ▁selected ▁excitation ▁RF ▁pulse ▁had ▁a ▁time ‐ bandwidth ▁product ▁of ▁ 1 0 , ▁resulting ▁in ▁a ▁reasonably ▁sharp ▁slice ▁profile . ▁The ▁RF ▁pulse ▁phase ▁was ▁fixed ▁to ▁ 0 °. ▁To ▁simplify ▁dictionary ▁calculations , ▁because ▁of ▁the ▁simplification ▁of ▁the ▁magnetization ▁coherence ▁pathways ,[ 4 6 ](# m rm 2 7 5 9 4 - bib - 0 0 4 6 ){ ref - type ="" ref ""} ▁the ▁TR ▁was ▁set ▁to ▁a ▁constant ▁value ▁of ▁ 1 1 ▁ms . 

 A ▁ 3 D ▁dictionary ▁was ▁calculated ▁following ▁the ▁extended ▁phase ▁graph ▁formalism ,[ 2 1"
Mädchen,8614,"Table ▁S 1 ](# p gen . 1 0 0 4 7 7 5 . s 0 0 8 ){ ref - type ="" supp lementary - material "" }). ▁The ▁only ▁two ▁exceptions ▁are ▁the ▁second ▁replicate ▁sample ▁from ▁Maine ▁which ▁was ▁derived ▁from ▁wild - caught ▁males ▁and ▁the ▁sample ▁from ▁North ▁Carolina ▁which ▁was ▁sampled ▁from ▁the ▁Drosophila ▁Genetic ▁Reference ▁Panel ▁( D GRP ) ▁in bred ▁lines . ▁For ▁the ▁D GRP ▁population , ▁we ▁re sequ enced ▁a ▁pooled ▁sample ▁consisting ▁of ▁one ▁male ▁from ▁each ▁of ▁ 9 2 ▁D GRP ▁strains ▁and ▁used ▁allele ▁frequency ▁estimates ▁from ▁pooled ▁samples ▁when ▁estimating ▁cl inal ity ▁( see ▁[@ p gen . 1 0 0 4 7 7 5 - Wright 1"
Mädchen,8614,"IC Stepper :: I IC Stepper () ' 
 ../ src / Stepper . h : 4 1 : ▁note : ▁candidates ▁are : ▁I IC Stepper :: I IC Stepper ( I IC Bus &, ▁int , ▁const ▁std :: string &) 
 ../ src / Stepper . h : 3 8 : ▁note : ▁▁▁▁▁▁▁▁▁▁▁▁▁▁▁▁▁ I IC Stepper :: I IC Stepper ( const ▁I IC Stepper &) 
 ../ src / Motor _ control . h : 1 5 : ▁error : ▁no ▁matching ▁function ▁for ▁call ▁to ▁' I IC Stepper :: I IC Stepper () ' 
 ../ src / Stepper . h : 4 1 : ▁note : ▁candidates ▁are : ▁I IC Stepper :: I IC Stepper ( I IC"
Mädchen,8614,". 
 ▁Bryan ▁Young , ▁Ulster ▁and ▁Ireland ▁international ▁rugby ▁player . 

 Dem ography 
 On ▁Census ▁day ▁( 2 7 ▁March ▁ 2 0 1 1 ) ▁there ▁were ▁ 2 9 , 5 5 1 ▁people ▁living ▁in ▁Bally mena , ▁accounting ▁for ▁ 1 . 6 3 % ▁of ▁the ▁NI ▁total , ▁representing ▁an ▁increase ▁of ▁ 2 . 9 % ▁on ▁the ▁ 2 0 0 1 ▁Census ▁population ▁of ▁ 2 8 , 7 1 7 . ▁Of ▁these : 

 ▁ 1 9 . 2 0 % ▁were ▁aged ▁under ▁ 1 6 ▁years ▁and ▁ 1 7 . 6 1 % ▁were ▁aged ▁ 6 5 ▁and ▁over ; 
 ▁ 5 2 . 0 0 % ▁of"
Mädchen,8614,"▁about ▁whether ▁the ▁government ▁is ▁in 
 fact ▁pursuing ▁the ▁interest ▁it ▁invokes , ▁rather ▁than ▁dis fav oring ▁a ▁particular ▁speaker ▁or 
 view point .' ▁Williams ▁Yule e , ▁ 1 3 5 ▁S . ▁Ct . ▁at ▁ 1 6 6 8 . 
 ▁▁▁▁▁▁▁▁▁▁▁▁▁▁▁▁▁▁▁▁▁ - 




 ▁▁▁▁▁▁▁▁▁▁▁▁▁▁▁▁▁▁▁▁▁▁▁▁▁▁▁▁▁▁▁ ▁▁▁▁▁▁▁▁▁▁▁ 2 2 
  dis course . ▁The ▁objective ▁is ▁not ▁to ▁keep ▁information ▁hidden ▁from ▁the ▁public ; ▁the 

 objective ▁is ▁to ▁keep ▁the ▁judge ▁from ▁compromising ▁his ▁or ▁her ▁integrity ▁and 

 im parti ality ▁by ▁engaging ▁in ▁deceptive ▁and ▁misleading ▁conduct . 

 ▁▁▁▁▁▁▁▁ Williams - Y ule e ▁presented ▁a ▁very ▁similar ▁situation . ▁While ▁the ▁Florida ▁rules 

 pro hibited ▁a ▁judge ▁from ▁personally ▁soliciting ▁funds , ▁responsible ▁representatives"
Mädchen,8614,"▁was ▁elected ▁to ▁the ▁National ▁Assembly ▁of ▁Pakistan ▁as ▁a ▁candidate ▁of ▁Pakistan ▁Peoples ▁Party ▁( PPP ) ▁from ▁Constituency ▁NA - 2 2 4 ▁( Bad in - cum - T ando ▁Muhammad ▁Khan - I ) ▁in ▁ 2 0 1 3 ▁Pakistani ▁general ▁election . ▁He ▁received ▁ 1 2 8 , 7 2 3 ▁votes ▁and ▁defeated ▁Ali ▁As ghar ▁Hale poto , ▁a ▁candidate ▁of ▁Pakistan ▁Muslim ▁League ▁( F ) ▁( P ML - F ). 

 References 

 Category : Living ▁people 
 Category : Pakistan ▁Peoples ▁Party ▁politicians 
 Category : Sind hi ▁people 
 Category : Pak istani ▁MN As ▁ 2 0 1 3 – 2 0 1 8 
 Category : People ▁from ▁Sindh 
 Category"
Mädchen,8614,"▁the ▁fluid ▁by ▁driving ▁a ▁membrane ▁by ▁instantly ▁heating ▁a ▁vapor izing ▁fluid ▁which ▁acts ▁as ▁a ▁working ▁fluid . 
 FIG . ▁ 1 ▁is ▁a ▁vertical ▁sectional ▁view ▁of ▁a ▁fluid ▁jet ting ▁apparatus ▁according ▁to ▁a ▁conventional ▁thermal ▁compression ▁system . ▁The ▁fluid ▁jet ting ▁apparatus ▁of ▁the ▁thermal ▁compression ▁system ▁includes ▁a ▁heat ▁driving ▁part ▁ 1 0 , ▁a ▁membrane ▁ 2 0 , ▁and ▁a ▁nozzle ▁part ▁ 3 0 . 
 A ▁substrate ▁ 1 1 ▁of ▁the ▁heat ▁driving ▁part ▁ 1 0 ▁supports ▁the ▁heat ▁driving ▁part ▁ 1 0 ▁and ▁the ▁whole ▁structure ▁that ▁will ▁be ▁constructed ▁later . ▁An ▁insulated ▁layer ▁ 1 2 ▁is ▁diffused ▁on ▁the ▁substrate ▁ 1 1 . ▁An ▁electrode ▁"
Junge,3725,"reibe ▁einen ▁Brief ▁( 1 ) 
 Ich ▁habe ▁einen ▁Brief ▁schreiben ▁müssen ▁( 2 ) 
 Der ▁Brief ▁muss ▁geschrieben ▁werden ▁( 3 ) 
 Der ▁Brief ▁hätte ▁geschrieben ▁werden ▁müssen ▁( 4 ) 

 Ein ▁Bek an nter ▁meinte , ▁dass ▁es ▁nicht ▁möglich ▁sei , ▁einen ▁kor rek ten ▁Satz ▁mit ▁mehr ▁als ▁vier ▁au feinander fol genden ▁Ver ben ▁zu ▁form ulieren , ▁aber ▁nach ▁einiger ▁Zeit ▁ist ▁mir ▁ein ▁Satz ▁mit ▁fünf ▁einge fallen : 

 Er ▁war ▁nicht ▁so ▁bl öd , ▁wie ▁man ▁hätte ▁gene igt ▁sein ▁können ▁anzunehmen . 

 Ist ▁das ▁auch ▁mit ▁mehr ▁als ▁fünf ▁Ver ben ▁möglich ? 
 Ich ▁habe ▁jetzt ▁eine ▁We ile ▁darüber ▁nach ged acht , ▁aber ▁mir ▁ist ▁kein ▁anderer ▁Satz"
Junge,3725,"reibe ▁einen ▁Brief ▁( 1 ) 
 Ich ▁habe ▁einen ▁Brief ▁schreiben ▁müssen ▁( 2 ) 
 Der ▁Brief ▁muss ▁geschrieben ▁werden ▁( 3 ) 
 Der ▁Brief ▁hätte ▁geschrieben ▁werden ▁müssen ▁( 4 ) 

 Ein ▁Bek an nter ▁meinte , ▁dass ▁es ▁nicht ▁möglich ▁sei , ▁einen ▁kor rek ten ▁Satz ▁mit ▁mehr ▁als ▁vier ▁au feinander fol genden ▁Ver ben ▁zu ▁form ulieren , ▁aber ▁nach ▁einiger ▁Zeit ▁ist ▁mir ▁ein ▁Satz ▁mit ▁fünf ▁einge fallen : 

 Er ▁war ▁nicht ▁so ▁bl öd , ▁wie ▁man ▁hätte ▁gene igt ▁sein ▁können ▁anzunehmen . 

 Ist ▁das ▁auch ▁mit ▁mehr ▁als ▁fünf ▁Ver ben ▁möglich ? 
 Ich ▁habe ▁jetzt ▁eine ▁We ile ▁darüber ▁nach ged acht , ▁aber ▁mir ▁ist ▁kein ▁anderer ▁Satz"
Junge,3725,"reibe ▁einen ▁Brief ▁( 1 ) 
 Ich ▁habe ▁einen ▁Brief ▁schreiben ▁müssen ▁( 2 ) 
 Der ▁Brief ▁muss ▁geschrieben ▁werden ▁( 3 ) 
 Der ▁Brief ▁hätte ▁geschrieben ▁werden ▁müssen ▁( 4 ) 

 Ein ▁Bek an nter ▁meinte , ▁dass ▁es ▁nicht ▁möglich ▁sei , ▁einen ▁kor rek ten ▁Satz ▁mit ▁mehr ▁als ▁vier ▁au feinander fol genden ▁Ver ben ▁zu ▁form ulieren , ▁aber ▁nach ▁einiger ▁Zeit ▁ist ▁mir ▁ein ▁Satz ▁mit ▁fünf ▁einge fallen : 

 Er ▁war ▁nicht ▁so ▁bl öd , ▁wie ▁man ▁hätte ▁gene igt ▁sein ▁können ▁anzunehmen . 

 Ist ▁das ▁auch ▁mit ▁mehr ▁als ▁fünf ▁Ver ben ▁möglich ? 
 Ich ▁habe ▁jetzt ▁eine ▁We ile ▁darüber ▁nach ged acht , ▁aber ▁mir ▁ist ▁kein ▁anderer ▁Satz"
Junge,3725,"reibe ▁einen ▁Brief ▁( 1 ) 
 Ich ▁habe ▁einen ▁Brief ▁schreiben ▁müssen ▁( 2 ) 
 Der ▁Brief ▁muss ▁geschrieben ▁werden ▁( 3 ) 
 Der ▁Brief ▁hätte ▁geschrieben ▁werden ▁müssen ▁( 4 ) 

 Ein ▁Bek an nter ▁meinte , ▁dass ▁es ▁nicht ▁möglich ▁sei , ▁einen ▁kor rek ten ▁Satz ▁mit ▁mehr ▁als ▁vier ▁au feinander fol genden ▁Ver ben ▁zu ▁form ulieren , ▁aber ▁nach ▁einiger ▁Zeit ▁ist ▁mir ▁ein ▁Satz ▁mit ▁fünf ▁einge fallen : 

 Er ▁war ▁nicht ▁so ▁bl öd , ▁wie ▁man ▁hätte ▁gene igt ▁sein ▁können ▁anzunehmen . 

 Ist ▁das ▁auch ▁mit ▁mehr ▁als ▁fünf ▁Ver ben ▁möglich ? 
 Ich ▁habe ▁jetzt ▁eine ▁We ile ▁darüber ▁nach ged acht , ▁aber ▁mir ▁ist ▁kein ▁anderer ▁Satz"
Junge,3725,"reibe ▁einen ▁Brief ▁( 1 ) 
 Ich ▁habe ▁einen ▁Brief ▁schreiben ▁müssen ▁( 2 ) 
 Der ▁Brief ▁muss ▁geschrieben ▁werden ▁( 3 ) 
 Der ▁Brief ▁hätte ▁geschrieben ▁werden ▁müssen ▁( 4 ) 

 Ein ▁Bek an nter ▁meinte , ▁dass ▁es ▁nicht ▁möglich ▁sei , ▁einen ▁kor rek ten ▁Satz ▁mit ▁mehr ▁als ▁vier ▁au feinander fol genden ▁Ver ben ▁zu ▁form ulieren , ▁aber ▁nach ▁einiger ▁Zeit ▁ist ▁mir ▁ein ▁Satz ▁mit ▁fünf ▁einge fallen : 

 Er ▁war ▁nicht ▁so ▁bl öd , ▁wie ▁man ▁hätte ▁gene igt ▁sein ▁können ▁anzunehmen . 

 Ist ▁das ▁auch ▁mit ▁mehr ▁als ▁fünf ▁Ver ben ▁möglich ? 
 Ich ▁habe ▁jetzt ▁eine ▁We ile ▁darüber ▁nach ged acht , ▁aber ▁mir ▁ist ▁kein ▁anderer ▁Satz"
Junge,3725,"▁Honig glas ▁nicht ▁aus le cken ▁dürfen ▁dürfen . 

 S pri ch : ▁Es ▁wäre ▁besser ▁gewesen , ▁Autor itäts person ▁ 1 ▁hätte ▁es ▁Autor itäts person ▁ 2 ▁nicht ▁gest attet , ▁mir ▁zu ▁gest atten , ▁das ▁Honig glas ▁aus zule cken . 

 A : 

 Ohne ▁Parti zip ien ▁( also ▁nur ▁finite ▁und ▁infinite ▁Verb formen ) ▁können ▁Kon stru ktionen ▁mit ▁Ver ben ▁der ▁Wahrnehmung ▁( z B ▁sehen , ▁hören ) ▁manchmal ▁viele ▁au feinander fol genden ▁Infin itiv formen ▁enthalten . 
 Ein ▁Z itat ▁aus ▁"" Der ▁Prozess "" ▁von ▁Franz ▁Kafka : 

 Als ▁ich ▁mich ▁ein ▁Weil chen ▁wieder ▁so ▁ruhig ▁ver halten ▁hatte , ▁dass ▁man ▁die ▁F liegen ▁an ▁der ▁Wand ▁hätte"
Junge,3725,"▁Honig glas ▁nicht ▁aus le cken ▁dürfen ▁dürfen . 

 S pri ch : ▁Es ▁wäre ▁besser ▁gewesen , ▁Autor itäts person ▁ 1 ▁hätte ▁es ▁Autor itäts person ▁ 2 ▁nicht ▁gest attet , ▁mir ▁zu ▁gest atten , ▁das ▁Honig glas ▁aus zule cken . 

 A : 

 Ohne ▁Parti zip ien ▁( also ▁nur ▁finite ▁und ▁infinite ▁Verb formen ) ▁können ▁Kon stru ktionen ▁mit ▁Ver ben ▁der ▁Wahrnehmung ▁( z B ▁sehen , ▁hören ) ▁manchmal ▁viele ▁au feinander fol genden ▁Infin itiv formen ▁enthalten . 
 Ein ▁Z itat ▁aus ▁"" Der ▁Prozess "" ▁von ▁Franz ▁Kafka : 

 Als ▁ich ▁mich ▁ein ▁Weil chen ▁wieder ▁so ▁ruhig ▁ver halten ▁hatte , ▁dass ▁man ▁die ▁F liegen ▁an ▁der ▁Wand ▁hätte"
Junge,3725,"▁Honig glas ▁nicht ▁aus le cken ▁dürfen ▁dürfen . 

 S pri ch : ▁Es ▁wäre ▁besser ▁gewesen , ▁Autor itäts person ▁ 1 ▁hätte ▁es ▁Autor itäts person ▁ 2 ▁nicht ▁gest attet , ▁mir ▁zu ▁gest atten , ▁das ▁Honig glas ▁aus zule cken . 

 A : 

 Ohne ▁Parti zip ien ▁( also ▁nur ▁finite ▁und ▁infinite ▁Verb formen ) ▁können ▁Kon stru ktionen ▁mit ▁Ver ben ▁der ▁Wahrnehmung ▁( z B ▁sehen , ▁hören ) ▁manchmal ▁viele ▁au feinander fol genden ▁Infin itiv formen ▁enthalten . 
 Ein ▁Z itat ▁aus ▁"" Der ▁Prozess "" ▁von ▁Franz ▁Kafka : 

 Als ▁ich ▁mich ▁ein ▁Weil chen ▁wieder ▁so ▁ruhig ▁ver halten ▁hatte , ▁dass ▁man ▁die ▁F liegen ▁an ▁der ▁Wand ▁hätte"
Junge,3725,"▁Honig glas ▁nicht ▁aus le cken ▁dürfen ▁dürfen . 

 S pri ch : ▁Es ▁wäre ▁besser ▁gewesen , ▁Autor itäts person ▁ 1 ▁hätte ▁es ▁Autor itäts person ▁ 2 ▁nicht ▁gest attet , ▁mir ▁zu ▁gest atten , ▁das ▁Honig glas ▁aus zule cken . 

 A : 

 Ohne ▁Parti zip ien ▁( also ▁nur ▁finite ▁und ▁infinite ▁Verb formen ) ▁können ▁Kon stru ktionen ▁mit ▁Ver ben ▁der ▁Wahrnehmung ▁( z B ▁sehen , ▁hören ) ▁manchmal ▁viele ▁au feinander fol genden ▁Infin itiv formen ▁enthalten . 
 Ein ▁Z itat ▁aus ▁"" Der ▁Prozess "" ▁von ▁Franz ▁Kafka : 

 Als ▁ich ▁mich ▁ein ▁Weil chen ▁wieder ▁so ▁ruhig ▁ver halten ▁hatte , ▁dass ▁man ▁die ▁F liegen ▁an ▁der ▁Wand ▁hätte"
Junge,3725,"_ NO _ USERNAME '] ="" Du ▁musst ▁einen ▁Namen ▁ein geben !""; 
 $ lang [' L _ PASS WORDS _ UNE QUAL '] ="" Die ▁Pass wörter ▁sind ▁nicht ▁identi sch ▁oder ▁leer !""; 
 $ lang [' L _ HT ACC _ CONFIRM _ DELETE '] ="" So ll ▁der ▁Ver zeich niss chutz ▁jetzt ▁erstellt ▁werden ?""; 
 $ lang [' L _ HT ACC _ CREATED '] ="" Der ▁Ver zeich niss chutz ▁wurde ▁erstellt .""; 
 $ lang [' L _ HT ACC _ CONTENT '] ="" Inhalt ▁der ▁Datei ""; 
 $ lang [' L _ HT ACC _ CREATE _ ERROR '] ="" Es ▁ist ▁ein ▁Fehler ▁bei ▁der ▁Erstellung ▁des ▁Ver zeich niss ch ut zes ▁auf getreten"
Junge,3725,"_ NO _ USERNAME '] ="" Du ▁musst ▁einen ▁Namen ▁ein geben !""; 
 $ lang [' L _ PASS WORDS _ UNE QUAL '] ="" Die ▁Pass wörter ▁sind ▁nicht ▁identi sch ▁oder ▁leer !""; 
 $ lang [' L _ HT ACC _ CONFIRM _ DELETE '] ="" So ll ▁der ▁Ver zeich niss chutz ▁jetzt ▁erstellt ▁werden ?""; 
 $ lang [' L _ HT ACC _ CREATED '] ="" Der ▁Ver zeich niss chutz ▁wurde ▁erstellt .""; 
 $ lang [' L _ HT ACC _ CONTENT '] ="" Inhalt ▁der ▁Datei ""; 
 $ lang [' L _ HT ACC _ CREATE _ ERROR '] ="" Es ▁ist ▁ein ▁Fehler ▁bei ▁der ▁Erstellung ▁des ▁Ver zeich niss ch ut zes ▁auf getreten"
Junge,3725,"_ NO _ USERNAME '] ="" Du ▁musst ▁einen ▁Namen ▁ein geben !""; 
 $ lang [' L _ PASS WORDS _ UNE QUAL '] ="" Die ▁Pass wörter ▁sind ▁nicht ▁identi sch ▁oder ▁leer !""; 
 $ lang [' L _ HT ACC _ CONFIRM _ DELETE '] ="" So ll ▁der ▁Ver zeich niss chutz ▁jetzt ▁erstellt ▁werden ?""; 
 $ lang [' L _ HT ACC _ CREATED '] ="" Der ▁Ver zeich niss chutz ▁wurde ▁erstellt .""; 
 $ lang [' L _ HT ACC _ CONTENT '] ="" Inhalt ▁der ▁Datei ""; 
 $ lang [' L _ HT ACC _ CREATE _ ERROR '] ="" Es ▁ist ▁ein ▁Fehler ▁bei ▁der ▁Erstellung ▁des ▁Ver zeich niss ch ut zes ▁auf getreten"
Junge,3725,"_ NO _ USERNAME '] ="" Du ▁musst ▁einen ▁Namen ▁ein geben !""; 
 $ lang [' L _ PASS WORDS _ UNE QUAL '] ="" Die ▁Pass wörter ▁sind ▁nicht ▁identi sch ▁oder ▁leer !""; 
 $ lang [' L _ HT ACC _ CONFIRM _ DELETE '] ="" So ll ▁der ▁Ver zeich niss chutz ▁jetzt ▁erstellt ▁werden ?""; 
 $ lang [' L _ HT ACC _ CREATED '] ="" Der ▁Ver zeich niss chutz ▁wurde ▁erstellt .""; 
 $ lang [' L _ HT ACC _ CONTENT '] ="" Inhalt ▁der ▁Datei ""; 
 $ lang [' L _ HT ACC _ CREATE _ ERROR '] ="" Es ▁ist ▁ein ▁Fehler ▁bei ▁der ▁Erstellung ▁des ▁Ver zeich niss ch ut zes ▁auf getreten"
Junge,3725,"_ NO _ USERNAME '] ="" Du ▁musst ▁einen ▁Namen ▁ein geben !""; 
 $ lang [' L _ PASS WORDS _ UNE QUAL '] ="" Die ▁Pass wörter ▁sind ▁nicht ▁identi sch ▁oder ▁leer !""; 
 $ lang [' L _ HT ACC _ CONFIRM _ DELETE '] ="" So ll ▁der ▁Ver zeich niss chutz ▁jetzt ▁erstellt ▁werden ?""; 
 $ lang [' L _ HT ACC _ CREATED '] ="" Der ▁Ver zeich niss chutz ▁wurde ▁erstellt .""; 
 $ lang [' L _ HT ACC _ CONTENT '] ="" Inhalt ▁der ▁Datei ""; 
 $ lang [' L _ HT ACC _ CREATE _ ERROR '] ="" Es ▁ist ▁ein ▁Fehler ▁bei ▁der ▁Erstellung ▁des ▁Ver zeich niss ch ut zes ▁auf getreten"
Junge,3725,"▁können ▁gehen ▁hören , ▁ver nahm ▁ich , ▁dass ... 

 Ich ▁bin ▁aber ▁eher ▁der ▁Meinung , ▁dass ▁die ▁Reihenfolge ▁in ▁diesem ▁Fall ▁eher ▁un idio matisch ▁ist . ▁H ätte ▁gehen ▁hören ▁können ▁f ände ▁ich ▁besser . ▁Man ▁kann ▁sich ▁auch ▁locker ▁eine ▁real istische ▁Situation ▁vorstellen , ▁wo ▁noch ▁ein ▁Modal verb ▁dazu ▁kommt , ▁ohne ▁dass ▁es ▁zu ▁sch rä g ▁klingt , ▁und ▁noch ▁verständ lich ▁wäre , ▁b sp w .: 

 Es ▁war ▁im ▁Raum ▁so ▁le ise , ▁dass ▁man ▁ihn ▁eigentlich ▁hätte ▁at men ▁hören ▁können ▁sollen . 

 A : 

 Man ▁kann ▁deinen ▁Beispiel s atz ▁einfach ▁erweit ern : 

 Er ▁war ▁nicht ▁so ▁bl öd , ▁wie ▁man ▁hätte ▁gene igt ▁gewesen ▁sein"
Junge,3725,"▁können ▁gehen ▁hören , ▁ver nahm ▁ich , ▁dass ... 

 Ich ▁bin ▁aber ▁eher ▁der ▁Meinung , ▁dass ▁die ▁Reihenfolge ▁in ▁diesem ▁Fall ▁eher ▁un idio matisch ▁ist . ▁H ätte ▁gehen ▁hören ▁können ▁f ände ▁ich ▁besser . ▁Man ▁kann ▁sich ▁auch ▁locker ▁eine ▁real istische ▁Situation ▁vorstellen , ▁wo ▁noch ▁ein ▁Modal verb ▁dazu ▁kommt , ▁ohne ▁dass ▁es ▁zu ▁sch rä g ▁klingt , ▁und ▁noch ▁verständ lich ▁wäre , ▁b sp w .: 

 Es ▁war ▁im ▁Raum ▁so ▁le ise , ▁dass ▁man ▁ihn ▁eigentlich ▁hätte ▁at men ▁hören ▁können ▁sollen . 

 A : 

 Man ▁kann ▁deinen ▁Beispiel s atz ▁einfach ▁erweit ern : 

 Er ▁war ▁nicht ▁so ▁bl öd , ▁wie ▁man ▁hätte ▁gene igt ▁gewesen ▁sein"
Junge,3725,"L _ EN CRY PTION _ TYPE '] ="" Versch lüsse lungs art ""; 
 $ lang [' L _ HT ACC _ CRYPT '] ="" Crypt ▁maximal ▁ 8 ▁Zeichen ▁( Linux ▁und ▁Unix - S ysteme )""; 
 $ lang [' L _ HT ACC _ MD 5 '] ="" MD 5 ▁( Linux ▁und ▁Unix - S ysteme )""; 
 $ lang [' L _ HT ACC _ NO _ EN CRY PTION '] ="" un versch lüssel t ▁( Windows )""; 
 $ lang [' L _ HT ACCESS 8 '] ="" Es ▁besteht ▁bereits ▁ein ▁Ver zeich niss chutz . ▁Wenn ▁Du ▁einen ▁neuen ▁ers tell st , ▁wird ▁der ▁alte ▁übersch rieben !""; 
 $ lang [' L _ HT ACC"
Junge,3725,"L _ EN CRY PTION _ TYPE '] ="" Versch lüsse lungs art ""; 
 $ lang [' L _ HT ACC _ CRYPT '] ="" Crypt ▁maximal ▁ 8 ▁Zeichen ▁( Linux ▁und ▁Unix - S ysteme )""; 
 $ lang [' L _ HT ACC _ MD 5 '] ="" MD 5 ▁( Linux ▁und ▁Unix - S ysteme )""; 
 $ lang [' L _ HT ACC _ NO _ EN CRY PTION '] ="" un versch lüssel t ▁( Windows )""; 
 $ lang [' L _ HT ACCESS 8 '] ="" Es ▁besteht ▁bereits ▁ein ▁Ver zeich niss chutz . ▁Wenn ▁Du ▁einen ▁neuen ▁ers tell st , ▁wird ▁der ▁alte ▁übersch rieben !""; 
 $ lang [' L _ HT ACC"
Junge,3725,"9 9 5 ), ▁ 2 2 3 – 2 5 4 . 

 A .   Cor ti , ▁Singular ities ▁of ▁linear ▁systems ▁and ▁$ 3 $- fold ▁bir ational ▁geometry , ▁in ▁* Explicit ▁bir ational ▁geometry ▁of ▁$ 3 $- folds *, ▁ 2 5 9 – 3 1 2 , ▁Cambridge ▁Univ . ▁Press , ▁Cambridge , ▁ 2 0 0 0 . 

 T .   de ▁Fer nex , ▁L .   Ein ▁and ▁M .   Must a ţ ǎ , ▁Multip lici ties ▁and ▁log ▁canonical ▁threshold , ▁preprint ▁ 2 0 0 2 , ▁to ▁appear ▁in ▁J . ▁Algebraic ▁Geom . 

 L .   Ein , ▁Multiplier ▁ideals , ▁vanishing ▁theorem ▁and ▁applications , ▁in"
Junge,3725,"9 9 5 ), ▁ 2 2 3 – 2 5 4 . 

 A .   Cor ti , ▁Singular ities ▁of ▁linear ▁systems ▁and ▁$ 3 $- fold ▁bir ational ▁geometry , ▁in ▁* Explicit ▁bir ational ▁geometry ▁of ▁$ 3 $- folds *, ▁ 2 5 9 – 3 1 2 , ▁Cambridge ▁Univ . ▁Press , ▁Cambridge , ▁ 2 0 0 0 . 

 T .   de ▁Fer nex , ▁L .   Ein ▁and ▁M .   Must a ţ ǎ , ▁Multip lici ties ▁and ▁log ▁canonical ▁threshold , ▁preprint ▁ 2 0 0 2 , ▁to ▁appear ▁in ▁J . ▁Algebraic ▁Geom . 

 L .   Ein , ▁Multiplier ▁ideals , ▁vanishing ▁theorem ▁and ▁applications , ▁in"
Junge,3725,"9 9 5 ), ▁ 2 2 3 – 2 5 4 . 

 A .   Cor ti , ▁Singular ities ▁of ▁linear ▁systems ▁and ▁$ 3 $- fold ▁bir ational ▁geometry , ▁in ▁* Explicit ▁bir ational ▁geometry ▁of ▁$ 3 $- folds *, ▁ 2 5 9 – 3 1 2 , ▁Cambridge ▁Univ . ▁Press , ▁Cambridge , ▁ 2 0 0 0 . 

 T .   de ▁Fer nex , ▁L .   Ein ▁and ▁M .   Must a ţ ǎ , ▁Multip lici ties ▁and ▁log ▁canonical ▁threshold , ▁preprint ▁ 2 0 0 2 , ▁to ▁appear ▁in ▁J . ▁Algebraic ▁Geom . 

 L .   Ein , ▁Multiplier ▁ideals , ▁vanishing ▁theorem ▁and ▁applications , ▁in"
Junge,3725,"9 9 5 ), ▁ 2 2 3 – 2 5 4 . 

 A .   Cor ti , ▁Singular ities ▁of ▁linear ▁systems ▁and ▁$ 3 $- fold ▁bir ational ▁geometry , ▁in ▁* Explicit ▁bir ational ▁geometry ▁of ▁$ 3 $- folds *, ▁ 2 5 9 – 3 1 2 , ▁Cambridge ▁Univ . ▁Press , ▁Cambridge , ▁ 2 0 0 0 . 

 T .   de ▁Fer nex , ▁L .   Ein ▁and ▁M .   Must a ţ ǎ , ▁Multip lici ties ▁and ▁log ▁canonical ▁threshold , ▁preprint ▁ 2 0 0 2 , ▁to ▁appear ▁in ▁J . ▁Algebraic ▁Geom . 

 L .   Ein , ▁Multiplier ▁ideals , ▁vanishing ▁theorem ▁and ▁applications , ▁in"
Junge,3725,"▁* Algebra ic ▁Geometry , ▁Santa ▁Cruz ▁ 1 9 9 5 *, ▁volume ▁** 6 2 ** ▁of ▁Proc . ▁Symp . ▁Pure ▁Math . ▁Amer . ▁Math . ▁Soc ., ▁ 1 9 9 7 , ▁ 2 0 3 – 2 1 9 . 

 L .   Ein , ▁R .   Laz ars feld ▁and ▁M .   Must a ţ ǎ , ▁Contact ▁loci ▁in ▁arc ▁spaces , ▁preprint ▁ 2 0 0 2 . 

 D .   Eisen bud , ▁Com mut ative ▁algebra ▁with ▁a ▁view ▁toward ▁algebraic ▁geometry , ▁Grad . ▁Texts ▁in ▁Math . ▁** 1 5 0 **, ▁Springer , ▁New ▁York , ▁ 1 9 9 5 . 

 H . ▁F len ner"
Junge,3725,"▁* Algebra ic ▁Geometry , ▁Santa ▁Cruz ▁ 1 9 9 5 *, ▁volume ▁** 6 2 ** ▁of ▁Proc . ▁Symp . ▁Pure ▁Math . ▁Amer . ▁Math . ▁Soc ., ▁ 1 9 9 7 , ▁ 2 0 3 – 2 1 9 . 

 L .   Ein , ▁R .   Laz ars feld ▁and ▁M .   Must a ţ ǎ , ▁Contact ▁loci ▁in ▁arc ▁spaces , ▁preprint ▁ 2 0 0 2 . 

 D .   Eisen bud , ▁Com mut ative ▁algebra ▁with ▁a ▁view ▁toward ▁algebraic ▁geometry , ▁Grad . ▁Texts ▁in ▁Math . ▁** 1 5 0 **, ▁Springer , ▁New ▁York , ▁ 1 9 9 5 . 

 H . ▁F len ner"
Junge,3725,"
 In ▁addition ▁to ▁the ▁eight ▁major ▁holidays ▁common ▁to ▁most ▁modern ▁Pag ans , ▁there ▁are ▁a ▁number ▁of ▁minor ▁holidays ▁during ▁the ▁year ▁to ▁commemorate ▁various ▁events . 

 German ic 

 Some ▁of ▁the ▁holidays ▁listed ▁in ▁the ▁"" Run ic ▁Era ▁Cal ender "" ▁of ▁the ▁Á sat rú ▁Alliance : 
 Val i ' s ▁Blot , ▁celebration ▁dedicated ▁to ▁the ▁god ▁Vá li ▁and ▁to ▁love ▁— ▁ 1 4 ▁February 
 Feast ▁of ▁the ▁Ein her jar , ▁celebration ▁to ▁honor ▁kin ▁who ▁died ▁in ▁battle ▁— ▁ 1 1 ▁November 
 An cestors ' ▁Blot , ▁celebration ▁of ▁one ' s ▁own ▁ancestry ▁or ▁the ▁common ▁ancestors ▁of ▁a ▁Germanic ▁ethnicity ▁— ▁ 1 1 ▁November 
 Y gg"
Junge,3725,"
 In ▁addition ▁to ▁the ▁eight ▁major ▁holidays ▁common ▁to ▁most ▁modern ▁Pag ans , ▁there ▁are ▁a ▁number ▁of ▁minor ▁holidays ▁during ▁the ▁year ▁to ▁commemorate ▁various ▁events . 

 German ic 

 Some ▁of ▁the ▁holidays ▁listed ▁in ▁the ▁"" Run ic ▁Era ▁Cal ender "" ▁of ▁the ▁Á sat rú ▁Alliance : 
 Val i ' s ▁Blot , ▁celebration ▁dedicated ▁to ▁the ▁god ▁Vá li ▁and ▁to ▁love ▁— ▁ 1 4 ▁February 
 Feast ▁of ▁the ▁Ein her jar , ▁celebration ▁to ▁honor ▁kin ▁who ▁died ▁in ▁battle ▁— ▁ 1 1 ▁November 
 An cestors ' ▁Blot , ▁celebration ▁of ▁one ' s ▁own ▁ancestry ▁or ▁the ▁common ▁ancestors ▁of ▁a ▁Germanic ▁ethnicity ▁— ▁ 1 1 ▁November 
 Y gg"
Junge,3725,"▁as ▁Richard ▁Strauss ' ▁Ein ▁Helden b len ▁and ▁the ▁symphon ies ▁of ▁Haydn . 

 In ▁recent ▁years , ▁he ▁has ▁been ▁a ▁guest ▁conductor ▁of ▁orchestra s ▁which ▁include ▁the ▁Vancouver ▁Symphony ▁Orchestra , ▁L ' Or chestra ▁Sinf onica ▁di ▁Milano ▁Giuseppe ▁Verdi , ▁the ▁Orchestra ▁della ▁Svizzera ▁italiana , ▁the ▁Saint ▁Petersburg ▁Philharmonic ▁Orchestra , ▁the ▁Baltimore ▁Symphony ▁Orchestra , ▁the ▁Cincinnati ▁Symphony ▁Orchestra , ▁the ▁Calgary ▁Philharmonic ▁Orchestra , ▁the ▁Stavanger ▁Symphony ▁Orchestra , ▁Gew and haus or chester ▁Leipzig , ▁the ▁Polish ▁National ▁Radio ▁Symphony ▁Orchestra , ▁the ▁Slovenian ▁Philharmonic ▁Orchestra , ▁the ▁Bilbao ▁Symphony ▁Orchestra , ▁and ▁the ▁Sao ▁Paulo ▁State ▁Symphony . ▁He ▁was ▁Music ▁Director ▁of ▁the ▁Columbus ▁Symphony ▁Orchestra ▁from ▁ 2 0 0 6 ▁to ▁"
Junge,3725,"▁as ▁Richard ▁Strauss ' ▁Ein ▁Helden b len ▁and ▁the ▁symphon ies ▁of ▁Haydn . 

 In ▁recent ▁years , ▁he ▁has ▁been ▁a ▁guest ▁conductor ▁of ▁orchestra s ▁which ▁include ▁the ▁Vancouver ▁Symphony ▁Orchestra , ▁L ' Or chestra ▁Sinf onica ▁di ▁Milano ▁Giuseppe ▁Verdi , ▁the ▁Orchestra ▁della ▁Svizzera ▁italiana , ▁the ▁Saint ▁Petersburg ▁Philharmonic ▁Orchestra , ▁the ▁Baltimore ▁Symphony ▁Orchestra , ▁the ▁Cincinnati ▁Symphony ▁Orchestra , ▁the ▁Calgary ▁Philharmonic ▁Orchestra , ▁the ▁Stavanger ▁Symphony ▁Orchestra , ▁Gew and haus or chester ▁Leipzig , ▁the ▁Polish ▁National ▁Radio ▁Symphony ▁Orchestra , ▁the ▁Slovenian ▁Philharmonic ▁Orchestra , ▁the ▁Bilbao ▁Symphony ▁Orchestra , ▁and ▁the ▁Sao ▁Paulo ▁State ▁Symphony . ▁He ▁was ▁Music ▁Director ▁of ▁the ▁Columbus ▁Symphony ▁Orchestra ▁from ▁ 2 0 0 6 ▁to ▁"
Junge,3725,"7 - 7 0 4 5 , ▁USA ' 
 - ▁' Department ▁of ▁Mathematics , ▁Harvard ▁University , ▁ 1 ▁Oxford ▁Street , ▁Cambridge , ▁MA ▁ 0 2 1 3 8 , ▁USA ' 
 author : 
 - ▁Tommaso ▁de ▁Fer nex 
 - ▁Lawrence ▁Ein 
 - ▁Mir cea   Must a ţ ǎ 
 title : ▁Bounds ▁for ▁log ▁canonical ▁thresholds ▁with ▁applications ▁to ▁bir ational ▁rigidity 
 --- 

 Introduction ▁{# introduction ▁. un numbered } 
 ============ 

 Let ▁$ X $ ▁be ▁a ▁smooth ▁algebraic ▁variety , ▁defined ▁over ▁an ▁algebra ically ▁closed ▁field ▁of ▁characteristic ▁zero , ▁and ▁let ▁$ V ▁\ subset ▁X $ ▁be ▁a ▁proper ▁closed ▁subs cheme . ▁Our ▁main ▁goal ▁in ▁this ▁paper"
Junge,3725,"n + 1 )\ pi ^ 2 { k _\ text { B } T }_\ eta ^ 2 +\ Delta _\ eta ^ 2 }} .$$ 

 For ▁our ▁numerical ▁results , ▁we ▁have ▁evaluated ▁the ▁sum ▁by ▁taking ▁into ▁account ▁the ▁first ▁ 1 0 . 0 0 0 ▁sum mands . 

 [ 8 7 ]{ } ifx undefined ▁\[ 1 \] [ ▁if x [\ # 1 ]{ } ▁] {} if num ▁\[ 1 \] [ ▁\# 1 first oft wo ▁second oft wo ▁] {} ifx ▁\[ 1 \] [ ▁\# 1 first oft wo ▁second oft wo ▁] {} “ “ \# 1 ” ” @ noop ▁\[ 0 \] [ second oft wo ]{ } sanitize @ url ▁\["
Junge,3725,"n + 1 )\ pi ^ 2 { k _\ text { B } T }_\ eta ^ 2 +\ Delta _\ eta ^ 2 }} .$$ 

 For ▁our ▁numerical ▁results , ▁we ▁have ▁evaluated ▁the ▁sum ▁by ▁taking ▁into ▁account ▁the ▁first ▁ 1 0 . 0 0 0 ▁sum mands . 

 [ 8 7 ]{ } ifx undefined ▁\[ 1 \] [ ▁if x [\ # 1 ]{ } ▁] {} if num ▁\[ 1 \] [ ▁\# 1 first oft wo ▁second oft wo ▁] {} ifx ▁\[ 1 \] [ ▁\# 1 first oft wo ▁second oft wo ▁] {} “ “ \# 1 ” ” @ noop ▁\[ 0 \] [ second oft wo ]{ } sanitize @ url ▁\["
Junge,3725,"n + 1 )\ pi ^ 2 { k _\ text { B } T }_\ eta ^ 2 +\ Delta _\ eta ^ 2 }} .$$ 

 For ▁our ▁numerical ▁results , ▁we ▁have ▁evaluated ▁the ▁sum ▁by ▁taking ▁into ▁account ▁the ▁first ▁ 1 0 . 0 0 0 ▁sum mands . 

 [ 8 7 ]{ } ifx undefined ▁\[ 1 \] [ ▁if x [\ # 1 ]{ } ▁] {} if num ▁\[ 1 \] [ ▁\# 1 first oft wo ▁second oft wo ▁] {} ifx ▁\[ 1 \] [ ▁\# 1 first oft wo ▁second oft wo ▁] {} “ “ \# 1 ” ” @ noop ▁\[ 0 \] [ second oft wo ]{ } sanitize @ url ▁\["
Junge,3725,"n + 1 )\ pi ^ 2 { k _\ text { B } T }_\ eta ^ 2 +\ Delta _\ eta ^ 2 }} .$$ 

 For ▁our ▁numerical ▁results , ▁we ▁have ▁evaluated ▁the ▁sum ▁by ▁taking ▁into ▁account ▁the ▁first ▁ 1 0 . 0 0 0 ▁sum mands . 

 [ 8 7 ]{ } ifx undefined ▁\[ 1 \] [ ▁if x [\ # 1 ]{ } ▁] {} if num ▁\[ 1 \] [ ▁\# 1 first oft wo ▁second oft wo ▁] {} ifx ▁\[ 1 \] [ ▁\# 1 first oft wo ▁second oft wo ▁] {} “ “ \# 1 ” ” @ noop ▁\[ 0 \] [ second oft wo ]{ } sanitize @ url ▁\["
Junge,3725,"n + 1 )\ pi ^ 2 { k _\ text { B } T }_\ eta ^ 2 +\ Delta _\ eta ^ 2 }} .$$ 

 For ▁our ▁numerical ▁results , ▁we ▁have ▁evaluated ▁the ▁sum ▁by ▁taking ▁into ▁account ▁the ▁first ▁ 1 0 . 0 0 0 ▁sum mands . 

 [ 8 7 ]{ } ifx undefined ▁\[ 1 \] [ ▁if x [\ # 1 ]{ } ▁] {} if num ▁\[ 1 \] [ ▁\# 1 first oft wo ▁second oft wo ▁] {} ifx ▁\[ 1 \] [ ▁\# 1 first oft wo ▁second oft wo ▁] {} “ “ \# 1 ” ” @ noop ▁\[ 0 \] [ second oft wo ]{ } sanitize @ url ▁\["
Junge,3725,"ta int "" ▁a ▁subsequent ▁statement ▁made ▁after ▁full ▁warnings ▁and ▁waiver ) ▁as ▁applicable ▁to ▁cases ▁arising ▁under ▁Article ▁I , ▁§ ▁ 1 3 ▁of ▁the ▁Louisiana ▁Constitution , ▁for ▁the ▁sound ▁reasons ▁set ▁forth ▁in ▁the ▁majority ▁opinion ▁of ▁the ▁United ▁States ▁Supreme ▁Court . 
 <bos> Development ▁of ▁a ▁streamlined ▁rat ▁whole ▁embryo ▁culture ▁assay ▁for ▁classifying ▁ter at ogenic ▁potential ▁of ▁pharmaceutical ▁compounds . 
 This ▁study ▁describes ▁a ▁novel ▁rat ▁whole ▁embryo ▁culture ▁( r W EC ) ▁ter at ogenicity ▁assay ▁that ▁applies ▁a ▁simplified ▁experimental ▁design ▁and ▁statistical ▁prediction ▁model , ▁resulting ▁in ▁reduced ▁animal ▁requirements ▁and ▁increased ▁throughput ▁with ▁low ▁prediction ▁error ▁rate ▁for ▁classifying ▁ter at ogenic ▁potential ▁of ▁compounds . ▁A ▁total ▁of ▁ 7 0"
Junge,3725,"▁the ▁charge ▁at ▁the ▁sentencing ▁phase ▁was ▁proper . ▁Thus , ▁the ▁court ▁affirmed ▁both ▁the ▁convictions ▁and ▁the ▁sentences . ▁Messer ▁v . ▁State , ▁ 2 4 7 ▁Ga . ▁ 3 1 6 , ▁ 2 7 6 ▁S . E . 2 d ▁ 1 5 ▁( 1 9 8 1 ). ▁A ▁motion ▁for ▁rehearing ▁was ▁denied ▁on ▁March ▁ 1 8 , ▁ 1 9 8 1 . 
 Petition er ▁subsequently ▁filed ▁a ▁petition ▁for ▁a ▁writ ▁of ▁certiorari ▁in ▁the ▁Supreme ▁Court ▁of ▁the ▁United ▁States ▁challenging ▁the ▁denial ▁of ▁an ▁independent ▁psychiatric ▁examination . ▁This ▁petition ▁was ▁denied ▁on ▁October ▁ 5 , ▁ 1 9 8 1 . ▁Messer ▁v . ▁Georgia , ▁ 4 5 4"
Junge,3725,"▁return ▁ 1 ; ▁od ; ▁return ▁ 2 ; ▁end ;; 
 f ([ 1 , 2 , 3 ]); 
 Where (); 
 Where With Vars (); 
 quit ; 

 f := function () ▁local ▁x ; ▁repeat ▁x := 1 ; ▁until ▁ 1 ; ▁return ▁ 2 ; ▁end ;; 
 f (); 
 Where (); 
 Where With Vars (); 
 quit ; 


 f := function () ▁local ▁x ; ▁Assert ( 0 , ▁ 1 ); ▁return ▁ 2 ; ▁end ;; 
 f (); 
 Where (); 
 Where With Vars (); 
 quit ; 


 f := function () ▁local ▁x ; ▁Assert ( 0 , ▁ 1 , ▁"" hello ""); ▁return ▁ 2 ; ▁end"
Junge,3725,"▁ 2 ; ▁end ;; 
 f (); 
 Where (); 
 Where With Vars (); 
 quit ; 


 f := function () ▁local ▁x ; ▁if ▁x ▁then ▁return ▁ 1 ; ▁fi ; ▁return ▁ 2 ; ▁end ;; 
 f (); 
 Where (); 
 Where With Vars (); 
 quit ; 


 f := function () ▁if ▁ 1 ▁then ▁return ▁ 1 ; ▁fi ; ▁return ▁ 2 ; ▁end ;; 
 f (); 
 Where (); 
 Where With Vars (); 
 quit ; 


 f := function () ▁if ▁ 1 ▁< ▁ 0 ▁then ▁return ▁ 1 ; ▁elif ▁ 1 ▁then ▁return ▁ 2 ; ▁fi ; ▁return ▁ 3 ; ▁end ;; 
 f (); 
"
Junge,3725,"▁dated ▁April ▁ 3 0 , ▁ 1 9 8 5 . ▁Messer ▁v . ▁Kemp , ▁ 7 6 0 ▁F . 2 d ▁ 1 0 8 0 ▁( 1 1 th ▁Cir . ▁ 1 9 8 5 ). ▁Only ▁three ▁issues ▁were ▁raised ▁on ▁appeal ; ▁the ▁denial ▁of ▁the ▁motion ▁for ▁a ▁mist rial , ▁the ▁allegation ▁of ▁ineffective ▁assistance ▁of ▁counsel ▁and ▁the ▁question ▁of ▁whether ▁jury ▁instructions ▁were ▁correct ▁on ▁the ▁kidnapping ▁with ▁bodily ▁injury ▁charge . ▁A ▁petition ▁for ▁rehearing ▁en ▁banc ▁was ▁denied ▁on ▁August ▁ 2 3 , ▁ 1 9 8 5 . ▁Petitioner ▁then ▁filed ▁a ▁petition ▁for ▁a ▁writ ▁of ▁certiorari ▁in ▁the ▁Supreme ▁Court ▁of ▁the ▁United ▁States ▁which ▁was ▁denied ▁on ▁January"
Junge,3725,". 6 ▁acres ▁of ▁the ▁original ▁ 3 0 7 . 5 - acre ▁allotment ▁being ▁allocated ▁to ▁tenants ▁who ▁had ▁thereto fore ▁participated ▁in ▁the ▁gross ▁proceeds ▁of ▁the ▁rice ▁produced ▁from ▁the ▁plaintiffs ' ▁lands . ▁This ▁action , ▁according ▁to ▁the ▁petition , ▁amounted ▁to ▁a ▁taking ▁of ▁the ▁plaintiffs ' ▁property ▁for ▁public ▁use ▁without ▁just ▁compensation , ▁in ▁violation ▁of ▁the ▁Fifth ▁Amendment ▁to ▁the ▁Constitution ▁of ▁the ▁United ▁States ; ▁and ▁the ▁plaintiffs ▁seek ▁to ▁recover ▁$ 6 8 , 2 8 0 ▁as ▁compensation ▁in ▁the ▁present ▁action . 


 3 
 The ▁petition ▁forth right ly ▁states ▁that ▁the ▁"" Plaintiff s ▁have ▁also ▁instituted ▁suit ▁before ▁the ▁United ▁States ▁District ▁Court ▁for ▁the ▁Western ▁District ▁of ▁Louisiana ,"
Junge,3725,"1 ▁( Ala . Civ . App . 1 9 9 5 ). ▁A ▁trial ▁court ' s ▁ruling ▁on ▁a ▁Bat son ▁objection ▁is ▁entitled ▁to ▁great ▁deference , ▁and ▁we ▁will ▁not ▁reverse ▁a ▁judgment ▁because ▁of ▁such ▁a ▁ruling ▁unless ▁it ▁is ▁clearly ▁erroneous . ▁Ex ▁parte ▁Branch , ▁ 5 2 6 ▁So . 2 d ▁ 6 0 9 ▁( Ala . 1 9 8 7 ). ▁In ▁Bat son , ▁the ▁United ▁States ▁Supreme ▁Court ▁held ▁that ▁the ▁Equal ▁Protection ▁Clause ▁of ▁the ▁Fourteenth ▁Amendment ▁to ▁the ▁United ▁States ▁Constitution ▁prohibits ▁a ▁prosecutor ▁in ▁a ▁criminal ▁case ▁from ▁exercising ▁per emptory ▁strikes ▁to ▁remove ▁black ▁potential ▁jurors ▁from ▁a ▁black ▁defendant ' s ▁jury ▁solely ▁on ▁the ▁basis ▁of ▁their ▁race"
Junge,3725,"3 7 3 6 ▁▁▁▁▁▁▁▁▁▁▁▁▁▁▁▁▁▁▁▁▁▁▁▁▁▁▁▁▁▁▁ ▁▁▁▁▁▁▁▁▁▁▁▁▁▁▁▁▁▁▁▁▁▁▁▁▁▁▁▁▁▁ 8 


 clear ▁and ▁convincing ▁evidence ▁that ▁no ▁reasonable ▁fact finder ▁would ▁have ▁found ▁him ▁guilty 

 but ▁for ▁constitutional ▁error ▁at ▁trial . 

 ▁▁▁▁▁▁▁ { ¶ 2 4 } ▁Mc Doug ald ▁does ▁not ▁contend ▁that ▁the ▁United ▁States ▁Supreme ▁Court 

 recognized ▁a ▁new ▁right ▁that ▁applied ▁retro actively ▁to ▁him , ▁so ▁he ▁had ▁to ▁prove ▁that ▁he ▁was 

 un avoid ably ▁prevented ▁from ▁the ▁discovery ▁of ▁the ▁facts ▁upon ▁which ▁he ▁relied ▁to ▁present 

 his ▁ineffective - assistance - of - coun sel ▁claim . ▁“ A ▁defendant ▁is ▁‘ un avoid ably ▁prevented ’ 

 from ▁the ▁discovery ▁of ▁facts ▁if ▁he ▁had ▁no ▁knowledge ▁of ▁the ▁existence ▁of ▁those ▁facts ▁and 

"
Junge,3725,"▁court ▁next ▁characterized ▁the ▁asserted ▁right ▁not ▁as ▁a ▁general ▁right ▁to ▁be ▁free ▁of ▁incarceration ▁without ▁a ▁criminal ▁trial , ▁but ▁as ▁a ▁right ▁to ▁be ▁at ▁large ▁in ▁the ▁United ▁States , ▁the ▁very ▁right ▁denied ▁them ▁by ▁the ▁final ▁orders ▁of ▁removal . ▁The ▁rationale ▁was ▁that ▁their ▁petition ▁in ▁effect ▁was ▁a ▁request ▁to ▁be ▁read mitted ▁to ▁the ▁United ▁States . ▁Id . ▁at ▁ 1 0 5 8 . ▁Although ▁aliens ▁present ▁in ▁the ▁United ▁States ▁are ▁persons ▁for ▁purposes ▁of ▁the ▁Fifth ▁Amendment , ▁the ▁petitioners ' ▁heightened ▁constitutional ▁status ▁was ▁stripped ▁by ▁the ▁final ▁orders ▁of ▁deportation ▁and ▁they ▁stood ▁as ▁applicants ▁for ▁admission , ▁with ▁no ▁greater ▁expectations ▁than ▁first - time ▁applicants . ▁Id . ▁at ▁"
Junge,3725,"▁of ▁the ▁fort ▁before ▁paying ▁the ▁promised ▁money ▁and ▁sending ▁the ▁outs mar ted ▁owner ▁on ▁his ▁way . 

 With ▁Alam ut ▁secured , ▁Hassan ▁knew ▁that ▁it ▁was ▁only ▁a ▁matter ▁of ▁time ▁before ▁the ▁Sel ju ks ▁would ▁come ▁to ▁take ▁it ▁back , ▁and ▁indeed ▁an ▁enraged ▁Sel juk ▁emir ▁came ▁ram paging ▁through ▁the ▁valley ▁in ▁revenge , ▁destroying ▁towns , ▁ra zing ▁crops , ▁and ▁brutally ▁slaugh tering ▁any ▁Ismail is ▁he ▁could ▁find , ▁but ▁Alam ut ▁proved ▁to ▁be ▁just ▁as ▁impenetrable ▁as ▁Hassan ▁had ▁hoped , ▁rep elling ▁the ▁attack ▁and ▁sending ▁the ▁emir ▁home ▁in ▁frustrated ▁defeat . ▁In ▁the ▁aftermath ▁of ▁this ▁attack , ▁with ▁many ▁of ▁the ▁crops ▁and ▁homes ▁in ▁the ▁valley ▁lying ▁in"
Junge,3725,"▁of ▁the ▁Website 

 ▁▁▁▁▁▁ Mr . ▁Kirby ▁next ▁argues ▁that ▁there ▁was ▁insufficient ▁evidence ▁to ▁support ▁his 

 conv iction . ▁More ▁specifically , ▁he ▁argues ▁there ▁was ▁not ▁“ any ▁evidence , ▁much ▁less 

 substantial ▁evidence , ▁produced ▁at ▁trial ▁[ to ▁demonstrate ] ▁that ▁someone ▁other ▁than 

 [ Mr . ▁Kirby ] ▁owned ▁the ▁website .” ▁A plt . ▁Combined ▁Br . ▁at ▁ 1 8 . ▁ 8 ▁In ▁assessing ▁a 


 ▁▁▁▁▁▁ 7 
 ▁▁▁▁▁▁▁▁▁▁▁▁▁▁ Mr . ▁Kirby ▁also ▁briefly ▁argues ▁that ▁we ▁should ▁apply ▁the ▁rule ▁of ▁len ity 
 in ▁this ▁case ▁and ▁constr ue ▁the ▁fraud ▁statute ▁in ▁his ▁favor . ▁First , ▁it ▁appears ▁that ▁Mr . 
 Kirby ▁is ▁raising ▁the ▁rule - of -"
Junge,3725,"▁▁▁▁▁▁▁▁▁▁▁▁▁▁▁▁▁▁▁▁ 0 . 0 ▁▁▁▁▁▁▁▁▁▁▁▁ 9 . 8 ▁▁▁▁▁▁▁▁▁▁▁▁ 
 ▁▁ Men ' s ▁gender ▁beliefs ▁scale ▁score [^ e ^ ](# t 0 0 1 fn 0 0 5 ){ ref - type ="" table - fn ""} ▁▁▁▁▁▁▁▁▁▁▁▁▁▁▁▁▁▁▁▁▁▁▁▁▁▁▁▁▁▁▁ ▁▁▁▁▁▁▁▁▁▁▁▁▁▁▁▁▁▁▁▁▁▁▁▁▁▁▁▁▁▁▁ ▁▁▁▁▁▁▁▁▁▁▁▁▁▁▁▁▁▁▁▁▁▁▁▁▁▁▁▁▁▁▁ ▁▁ 
 ▁▁ Mean ▁( std ▁dev ) ▁▁▁▁▁▁▁▁▁▁▁▁▁▁▁▁▁▁▁▁▁▁▁▁▁▁▁▁▁▁▁ ▁▁▁▁▁▁▁▁▁▁▁▁▁▁▁▁▁▁▁▁▁▁▁▁▁▁▁▁▁▁▁ ▁▁▁▁▁▁▁▁▁▁▁▁▁▁▁▁▁▁▁▁▁▁▁▁▁▁▁▁▁▁▁ ▁▁▁▁▁▁▁▁▁▁▁▁▁▁▁▁▁▁▁▁▁▁▁▁▁▁▁▁ 2 . 0 ▁( 0 . 0 4 ) ▁▁▁▁▁ 2 . 0 ▁( 0 . 0 3 ) ▁▁▁▁▁ 0 . 8 2 0 
 ▁▁ Participation ▁in ▁household ▁decision - making ▁scale ▁score [^ f ^ ](# t 0 0 1 fn 0 0 6 ){ ref - type ="" table - fn ""} ▁▁▁▁▁▁▁▁▁▁▁▁▁▁▁▁▁▁▁▁▁▁▁▁▁▁▁▁▁▁▁ ▁▁▁▁▁▁▁▁▁▁▁▁▁▁▁▁▁▁▁▁▁▁▁▁▁▁▁▁▁▁▁ ▁▁▁▁▁▁▁▁▁▁▁ 
 ▁▁ Mean ▁( std ▁dev ) ▁▁▁▁▁▁▁▁▁▁▁▁▁▁▁▁▁▁▁▁▁▁▁▁▁▁▁▁▁▁▁ ▁▁▁▁▁▁▁▁▁▁▁▁▁▁▁▁▁▁▁▁▁▁▁▁▁▁▁▁▁▁▁ ▁▁▁▁▁▁▁▁▁▁▁▁▁▁▁▁▁▁▁▁▁▁▁▁▁▁▁▁▁▁▁ ▁▁▁▁▁ 1 . 6"
Junge,3725,"▁solution ▁was ▁then ▁cooled ▁to ▁room ▁temperature ▁and ▁stored ▁at ▁ 4 ℃ . 

 The ▁colloidal ▁gold - labeled ▁antigen ▁was ▁prepared ▁according ▁to ▁a ▁previously ▁reported ▁method ▁\[ [@ B 2 3 ] \] . ▁Briefly , ▁ 4 ▁mL ▁of ▁purified ▁protein ▁( 0 . 2 ▁mg / mL ) ▁was ▁incubated ▁with ▁ 8 0 ▁mL ▁of ▁colloidal ▁gold ▁solution ▁for ▁ 3 0 ▁min ▁at ▁room ▁temperature ▁with ▁the ▁pH ▁adjusted ▁to ▁ 9 . 4 . ▁After ▁the ▁addition ▁of ▁ 1 ▁mL ▁of ▁ 3 % ▁casein ▁solution , ▁the ▁mixture ▁was ▁incubated ▁at ▁room ▁temperature ▁for ▁a ▁further ▁ 1 0 ▁min , ▁and ▁the ▁resulting ▁suspension ▁was ▁centrifuged ▁ 2 5 , 0 0 0 ▁× ▁g ▁at"
Junge,3725,", ▁irritability , ▁frequent ▁crying , ▁hurling ▁things ▁about ▁the ▁house , ▁insomnia , ▁low ▁self - esteem , ▁nightmares , ▁fear ▁of ▁teenagers , ▁fear ▁of ▁telephone ▁calls , ▁frequent ▁anxiety , ▁seizures , ▁poor ▁memory , ▁inde cision , ▁unpredictable ▁moods , ▁easily ▁frustrated ▁and ▁overwhelmed , ▁and ▁severely ▁impaired ▁concentration . ▁▁ Assuming ▁these ▁impairments , ▁the ▁vocational ▁expert ▁testified ▁it ▁would ▁be ▁very ▁difficult ▁for ▁the ▁hypothetical ▁woman ▁to ▁return ▁to ▁her ▁past ▁relevant ▁work ▁and ▁that ▁the ▁impairment ▁of ▁her ▁concentration ▁"" would ▁probably ▁preclude ▁all ▁jobs -- skilled ▁and ▁unskilled ▁for ▁this ▁hypothetical ▁person ."" 


 1 6 
 Coo ley ▁attacks ▁the ▁second ▁hypothetical ▁question , ▁in ▁which ▁the ▁vocational ▁expert ▁was ▁asked ▁to ▁assume ▁the ▁same ▁impairments ▁as ▁above"
Junge,2960,"▁können ▁gehen ▁hören , ▁ver nahm ▁ich , ▁dass ... 

 Ich ▁bin ▁aber ▁eher ▁der ▁Meinung , ▁dass ▁die ▁Reihenfolge ▁in ▁diesem ▁Fall ▁eher ▁un idio matisch ▁ist . ▁H ätte ▁gehen ▁hören ▁können ▁f ände ▁ich ▁besser . ▁Man ▁kann ▁sich ▁auch ▁locker ▁eine ▁real istische ▁Situation ▁vorstellen , ▁wo ▁noch ▁ein ▁Modal verb ▁dazu ▁kommt , ▁ohne ▁dass ▁es ▁zu ▁sch rä g ▁klingt , ▁und ▁noch ▁verständ lich ▁wäre , ▁b sp w .: 

 Es ▁war ▁im ▁Raum ▁so ▁le ise , ▁dass ▁man ▁ihn ▁eigentlich ▁hätte ▁at men ▁hören ▁können ▁sollen . 

 A : 

 Man ▁kann ▁deinen ▁Beispiel s atz ▁einfach ▁erweit ern : 

 Er ▁war ▁nicht ▁so ▁bl öd , ▁wie ▁man ▁hätte ▁gene igt ▁gewesen ▁sein"
Junge,2960,"▁können ▁gehen ▁hören , ▁ver nahm ▁ich , ▁dass ... 

 Ich ▁bin ▁aber ▁eher ▁der ▁Meinung , ▁dass ▁die ▁Reihenfolge ▁in ▁diesem ▁Fall ▁eher ▁un idio matisch ▁ist . ▁H ätte ▁gehen ▁hören ▁können ▁f ände ▁ich ▁besser . ▁Man ▁kann ▁sich ▁auch ▁locker ▁eine ▁real istische ▁Situation ▁vorstellen , ▁wo ▁noch ▁ein ▁Modal verb ▁dazu ▁kommt , ▁ohne ▁dass ▁es ▁zu ▁sch rä g ▁klingt , ▁und ▁noch ▁verständ lich ▁wäre , ▁b sp w .: 

 Es ▁war ▁im ▁Raum ▁so ▁le ise , ▁dass ▁man ▁ihn ▁eigentlich ▁hätte ▁at men ▁hören ▁können ▁sollen . 

 A : 

 Man ▁kann ▁deinen ▁Beispiel s atz ▁einfach ▁erweit ern : 

 Er ▁war ▁nicht ▁so ▁bl öd , ▁wie ▁man ▁hätte ▁gene igt ▁gewesen ▁sein"
Junge,2960,"▁können ▁gehen ▁hören , ▁ver nahm ▁ich , ▁dass ... 

 Ich ▁bin ▁aber ▁eher ▁der ▁Meinung , ▁dass ▁die ▁Reihenfolge ▁in ▁diesem ▁Fall ▁eher ▁un idio matisch ▁ist . ▁H ätte ▁gehen ▁hören ▁können ▁f ände ▁ich ▁besser . ▁Man ▁kann ▁sich ▁auch ▁locker ▁eine ▁real istische ▁Situation ▁vorstellen , ▁wo ▁noch ▁ein ▁Modal verb ▁dazu ▁kommt , ▁ohne ▁dass ▁es ▁zu ▁sch rä g ▁klingt , ▁und ▁noch ▁verständ lich ▁wäre , ▁b sp w .: 

 Es ▁war ▁im ▁Raum ▁so ▁le ise , ▁dass ▁man ▁ihn ▁eigentlich ▁hätte ▁at men ▁hören ▁können ▁sollen . 

 A : 

 Man ▁kann ▁deinen ▁Beispiel s atz ▁einfach ▁erweit ern : 

 Er ▁war ▁nicht ▁so ▁bl öd , ▁wie ▁man ▁hätte ▁gene igt ▁gewesen ▁sein"
Junge,2960,"▁können ▁gehen ▁hören , ▁ver nahm ▁ich , ▁dass ... 

 Ich ▁bin ▁aber ▁eher ▁der ▁Meinung , ▁dass ▁die ▁Reihenfolge ▁in ▁diesem ▁Fall ▁eher ▁un idio matisch ▁ist . ▁H ätte ▁gehen ▁hören ▁können ▁f ände ▁ich ▁besser . ▁Man ▁kann ▁sich ▁auch ▁locker ▁eine ▁real istische ▁Situation ▁vorstellen , ▁wo ▁noch ▁ein ▁Modal verb ▁dazu ▁kommt , ▁ohne ▁dass ▁es ▁zu ▁sch rä g ▁klingt , ▁und ▁noch ▁verständ lich ▁wäre , ▁b sp w .: 

 Es ▁war ▁im ▁Raum ▁so ▁le ise , ▁dass ▁man ▁ihn ▁eigentlich ▁hätte ▁at men ▁hören ▁können ▁sollen . 

 A : 

 Man ▁kann ▁deinen ▁Beispiel s atz ▁einfach ▁erweit ern : 

 Er ▁war ▁nicht ▁so ▁bl öd , ▁wie ▁man ▁hätte ▁gene igt ▁gewesen ▁sein"
Junge,2960,"▁können ▁gehen ▁hören , ▁ver nahm ▁ich , ▁dass ... 

 Ich ▁bin ▁aber ▁eher ▁der ▁Meinung , ▁dass ▁die ▁Reihenfolge ▁in ▁diesem ▁Fall ▁eher ▁un idio matisch ▁ist . ▁H ätte ▁gehen ▁hören ▁können ▁f ände ▁ich ▁besser . ▁Man ▁kann ▁sich ▁auch ▁locker ▁eine ▁real istische ▁Situation ▁vorstellen , ▁wo ▁noch ▁ein ▁Modal verb ▁dazu ▁kommt , ▁ohne ▁dass ▁es ▁zu ▁sch rä g ▁klingt , ▁und ▁noch ▁verständ lich ▁wäre , ▁b sp w .: 

 Es ▁war ▁im ▁Raum ▁so ▁le ise , ▁dass ▁man ▁ihn ▁eigentlich ▁hätte ▁at men ▁hören ▁können ▁sollen . 

 A : 

 Man ▁kann ▁deinen ▁Beispiel s atz ▁einfach ▁erweit ern : 

 Er ▁war ▁nicht ▁so ▁bl öd , ▁wie ▁man ▁hätte ▁gene igt ▁gewesen ▁sein"
Junge,2960,"▁können ▁gehen ▁hören , ▁ver nahm ▁ich , ▁dass ... 

 Ich ▁bin ▁aber ▁eher ▁der ▁Meinung , ▁dass ▁die ▁Reihenfolge ▁in ▁diesem ▁Fall ▁eher ▁un idio matisch ▁ist . ▁H ätte ▁gehen ▁hören ▁können ▁f ände ▁ich ▁besser . ▁Man ▁kann ▁sich ▁auch ▁locker ▁eine ▁real istische ▁Situation ▁vorstellen , ▁wo ▁noch ▁ein ▁Modal verb ▁dazu ▁kommt , ▁ohne ▁dass ▁es ▁zu ▁sch rä g ▁klingt , ▁und ▁noch ▁verständ lich ▁wäre , ▁b sp w .: 

 Es ▁war ▁im ▁Raum ▁so ▁le ise , ▁dass ▁man ▁ihn ▁eigentlich ▁hätte ▁at men ▁hören ▁können ▁sollen . 

 A : 

 Man ▁kann ▁deinen ▁Beispiel s atz ▁einfach ▁erweit ern : 

 Er ▁war ▁nicht ▁so ▁bl öd , ▁wie ▁man ▁hätte ▁gene igt ▁gewesen ▁sein"
Junge,2960,"▁können ▁gehen ▁hören , ▁ver nahm ▁ich , ▁dass ... 

 Ich ▁bin ▁aber ▁eher ▁der ▁Meinung , ▁dass ▁die ▁Reihenfolge ▁in ▁diesem ▁Fall ▁eher ▁un idio matisch ▁ist . ▁H ätte ▁gehen ▁hören ▁können ▁f ände ▁ich ▁besser . ▁Man ▁kann ▁sich ▁auch ▁locker ▁eine ▁real istische ▁Situation ▁vorstellen , ▁wo ▁noch ▁ein ▁Modal verb ▁dazu ▁kommt , ▁ohne ▁dass ▁es ▁zu ▁sch rä g ▁klingt , ▁und ▁noch ▁verständ lich ▁wäre , ▁b sp w .: 

 Es ▁war ▁im ▁Raum ▁so ▁le ise , ▁dass ▁man ▁ihn ▁eigentlich ▁hätte ▁at men ▁hören ▁können ▁sollen . 

 A : 

 Man ▁kann ▁deinen ▁Beispiel s atz ▁einfach ▁erweit ern : 

 Er ▁war ▁nicht ▁so ▁bl öd , ▁wie ▁man ▁hätte ▁gene igt ▁gewesen ▁sein"
Junge,2960,"▁können ▁gehen ▁hören , ▁ver nahm ▁ich , ▁dass ... 

 Ich ▁bin ▁aber ▁eher ▁der ▁Meinung , ▁dass ▁die ▁Reihenfolge ▁in ▁diesem ▁Fall ▁eher ▁un idio matisch ▁ist . ▁H ätte ▁gehen ▁hören ▁können ▁f ände ▁ich ▁besser . ▁Man ▁kann ▁sich ▁auch ▁locker ▁eine ▁real istische ▁Situation ▁vorstellen , ▁wo ▁noch ▁ein ▁Modal verb ▁dazu ▁kommt , ▁ohne ▁dass ▁es ▁zu ▁sch rä g ▁klingt , ▁und ▁noch ▁verständ lich ▁wäre , ▁b sp w .: 

 Es ▁war ▁im ▁Raum ▁so ▁le ise , ▁dass ▁man ▁ihn ▁eigentlich ▁hätte ▁at men ▁hören ▁können ▁sollen . 

 A : 

 Man ▁kann ▁deinen ▁Beispiel s atz ▁einfach ▁erweit ern : 

 Er ▁war ▁nicht ▁so ▁bl öd , ▁wie ▁man ▁hätte ▁gene igt ▁gewesen ▁sein"
Junge,2960,"▁können ▁gehen ▁hören , ▁ver nahm ▁ich , ▁dass ... 

 Ich ▁bin ▁aber ▁eher ▁der ▁Meinung , ▁dass ▁die ▁Reihenfolge ▁in ▁diesem ▁Fall ▁eher ▁un idio matisch ▁ist . ▁H ätte ▁gehen ▁hören ▁können ▁f ände ▁ich ▁besser . ▁Man ▁kann ▁sich ▁auch ▁locker ▁eine ▁real istische ▁Situation ▁vorstellen , ▁wo ▁noch ▁ein ▁Modal verb ▁dazu ▁kommt , ▁ohne ▁dass ▁es ▁zu ▁sch rä g ▁klingt , ▁und ▁noch ▁verständ lich ▁wäre , ▁b sp w .: 

 Es ▁war ▁im ▁Raum ▁so ▁le ise , ▁dass ▁man ▁ihn ▁eigentlich ▁hätte ▁at men ▁hören ▁können ▁sollen . 

 A : 

 Man ▁kann ▁deinen ▁Beispiel s atz ▁einfach ▁erweit ern : 

 Er ▁war ▁nicht ▁so ▁bl öd , ▁wie ▁man ▁hätte ▁gene igt ▁gewesen ▁sein"
Junge,2960,"_ HT ACCESS '] ="" Ver zeich niss chutz ▁entfernen ▁(. htaccess ▁löschen )""; 
 $ lang [' L _ WRONG _ R IGHTS '] ="" Die ▁Datei ▁oder ▁das ▁Ver zeichnis ▁'% s ' ▁ist ▁für ▁mich ▁nicht ▁besch reib bar .< br > 
 Ent weder ▁hat ▁sie / es ▁den ▁falschen ▁Besitzer ▁( Owner ) ▁oder ▁die ▁falschen ▁Rechte ▁( Ch mod ). < br > ▁ 
 Bitte ▁set ze ▁die ▁richtigen ▁Attribute ▁mit ▁De inem ▁FTP - Programm . ▁< br > 
 Die ▁Datei ▁oder ▁das ▁Ver zeichnis ▁benötigt ▁die ▁Rechte ▁% s .< br >""; 
 $ lang [' L _ CANT _ CREATE _ DIR '] ="" Ich ▁kon ntes ▁das ▁Ver zeichnis ▁'% s ' ▁nicht ▁erstellen ."
Junge,2960,"_ HT ACCESS '] ="" Ver zeich niss chutz ▁entfernen ▁(. htaccess ▁löschen )""; 
 $ lang [' L _ WRONG _ R IGHTS '] ="" Die ▁Datei ▁oder ▁das ▁Ver zeichnis ▁'% s ' ▁ist ▁für ▁mich ▁nicht ▁besch reib bar .< br > 
 Ent weder ▁hat ▁sie / es ▁den ▁falschen ▁Besitzer ▁( Owner ) ▁oder ▁die ▁falschen ▁Rechte ▁( Ch mod ). < br > ▁ 
 Bitte ▁set ze ▁die ▁richtigen ▁Attribute ▁mit ▁De inem ▁FTP - Programm . ▁< br > 
 Die ▁Datei ▁oder ▁das ▁Ver zeichnis ▁benötigt ▁die ▁Rechte ▁% s .< br >""; 
 $ lang [' L _ CANT _ CREATE _ DIR '] ="" Ich ▁kon ntes ▁das ▁Ver zeichnis ▁'% s ' ▁nicht ▁erstellen ."
Junge,2960,"_ HT ACCESS '] ="" Ver zeich niss chutz ▁entfernen ▁(. htaccess ▁löschen )""; 
 $ lang [' L _ WRONG _ R IGHTS '] ="" Die ▁Datei ▁oder ▁das ▁Ver zeichnis ▁'% s ' ▁ist ▁für ▁mich ▁nicht ▁besch reib bar .< br > 
 Ent weder ▁hat ▁sie / es ▁den ▁falschen ▁Besitzer ▁( Owner ) ▁oder ▁die ▁falschen ▁Rechte ▁( Ch mod ). < br > ▁ 
 Bitte ▁set ze ▁die ▁richtigen ▁Attribute ▁mit ▁De inem ▁FTP - Programm . ▁< br > 
 Die ▁Datei ▁oder ▁das ▁Ver zeichnis ▁benötigt ▁die ▁Rechte ▁% s .< br >""; 
 $ lang [' L _ CANT _ CREATE _ DIR '] ="" Ich ▁kon ntes ▁das ▁Ver zeichnis ▁'% s ' ▁nicht ▁erstellen ."
Junge,2960,"_ HT ACCESS '] ="" Ver zeich niss chutz ▁entfernen ▁(. htaccess ▁löschen )""; 
 $ lang [' L _ WRONG _ R IGHTS '] ="" Die ▁Datei ▁oder ▁das ▁Ver zeichnis ▁'% s ' ▁ist ▁für ▁mich ▁nicht ▁besch reib bar .< br > 
 Ent weder ▁hat ▁sie / es ▁den ▁falschen ▁Besitzer ▁( Owner ) ▁oder ▁die ▁falschen ▁Rechte ▁( Ch mod ). < br > ▁ 
 Bitte ▁set ze ▁die ▁richtigen ▁Attribute ▁mit ▁De inem ▁FTP - Programm . ▁< br > 
 Die ▁Datei ▁oder ▁das ▁Ver zeichnis ▁benötigt ▁die ▁Rechte ▁% s .< br >""; 
 $ lang [' L _ CANT _ CREATE _ DIR '] ="" Ich ▁kon ntes ▁das ▁Ver zeichnis ▁'% s ' ▁nicht ▁erstellen ."
Junge,2960,"_ HT ACCESS '] ="" Ver zeich niss chutz ▁entfernen ▁(. htaccess ▁löschen )""; 
 $ lang [' L _ WRONG _ R IGHTS '] ="" Die ▁Datei ▁oder ▁das ▁Ver zeichnis ▁'% s ' ▁ist ▁für ▁mich ▁nicht ▁besch reib bar .< br > 
 Ent weder ▁hat ▁sie / es ▁den ▁falschen ▁Besitzer ▁( Owner ) ▁oder ▁die ▁falschen ▁Rechte ▁( Ch mod ). < br > ▁ 
 Bitte ▁set ze ▁die ▁richtigen ▁Attribute ▁mit ▁De inem ▁FTP - Programm . ▁< br > 
 Die ▁Datei ▁oder ▁das ▁Ver zeichnis ▁benötigt ▁die ▁Rechte ▁% s .< br >""; 
 $ lang [' L _ CANT _ CREATE _ DIR '] ="" Ich ▁kon ntes ▁das ▁Ver zeichnis ▁'% s ' ▁nicht ▁erstellen ."
Junge,2960,"_ HT ACCESS '] ="" Ver zeich niss chutz ▁entfernen ▁(. htaccess ▁löschen )""; 
 $ lang [' L _ WRONG _ R IGHTS '] ="" Die ▁Datei ▁oder ▁das ▁Ver zeichnis ▁'% s ' ▁ist ▁für ▁mich ▁nicht ▁besch reib bar .< br > 
 Ent weder ▁hat ▁sie / es ▁den ▁falschen ▁Besitzer ▁( Owner ) ▁oder ▁die ▁falschen ▁Rechte ▁( Ch mod ). < br > ▁ 
 Bitte ▁set ze ▁die ▁richtigen ▁Attribute ▁mit ▁De inem ▁FTP - Programm . ▁< br > 
 Die ▁Datei ▁oder ▁das ▁Ver zeichnis ▁benötigt ▁die ▁Rechte ▁% s .< br >""; 
 $ lang [' L _ CANT _ CREATE _ DIR '] ="" Ich ▁kon ntes ▁das ▁Ver zeichnis ▁'% s ' ▁nicht ▁erstellen ."
Junge,2960,"reibe ▁einen ▁Brief ▁( 1 ) 
 Ich ▁habe ▁einen ▁Brief ▁schreiben ▁müssen ▁( 2 ) 
 Der ▁Brief ▁muss ▁geschrieben ▁werden ▁( 3 ) 
 Der ▁Brief ▁hätte ▁geschrieben ▁werden ▁müssen ▁( 4 ) 

 Ein ▁Bek an nter ▁meinte , ▁dass ▁es ▁nicht ▁möglich ▁sei , ▁einen ▁kor rek ten ▁Satz ▁mit ▁mehr ▁als ▁vier ▁au feinander fol genden ▁Ver ben ▁zu ▁form ulieren , ▁aber ▁nach ▁einiger ▁Zeit ▁ist ▁mir ▁ein ▁Satz ▁mit ▁fünf ▁einge fallen : 

 Er ▁war ▁nicht ▁so ▁bl öd , ▁wie ▁man ▁hätte ▁gene igt ▁sein ▁können ▁anzunehmen . 

 Ist ▁das ▁auch ▁mit ▁mehr ▁als ▁fünf ▁Ver ben ▁möglich ? 
 Ich ▁habe ▁jetzt ▁eine ▁We ile ▁darüber ▁nach ged acht , ▁aber ▁mir ▁ist ▁kein ▁anderer ▁Satz"
Junge,2960,"reibe ▁einen ▁Brief ▁( 1 ) 
 Ich ▁habe ▁einen ▁Brief ▁schreiben ▁müssen ▁( 2 ) 
 Der ▁Brief ▁muss ▁geschrieben ▁werden ▁( 3 ) 
 Der ▁Brief ▁hätte ▁geschrieben ▁werden ▁müssen ▁( 4 ) 

 Ein ▁Bek an nter ▁meinte , ▁dass ▁es ▁nicht ▁möglich ▁sei , ▁einen ▁kor rek ten ▁Satz ▁mit ▁mehr ▁als ▁vier ▁au feinander fol genden ▁Ver ben ▁zu ▁form ulieren , ▁aber ▁nach ▁einiger ▁Zeit ▁ist ▁mir ▁ein ▁Satz ▁mit ▁fünf ▁einge fallen : 

 Er ▁war ▁nicht ▁so ▁bl öd , ▁wie ▁man ▁hätte ▁gene igt ▁sein ▁können ▁anzunehmen . 

 Ist ▁das ▁auch ▁mit ▁mehr ▁als ▁fünf ▁Ver ben ▁möglich ? 
 Ich ▁habe ▁jetzt ▁eine ▁We ile ▁darüber ▁nach ged acht , ▁aber ▁mir ▁ist ▁kein ▁anderer ▁Satz"
Junge,2960,"reibe ▁einen ▁Brief ▁( 1 ) 
 Ich ▁habe ▁einen ▁Brief ▁schreiben ▁müssen ▁( 2 ) 
 Der ▁Brief ▁muss ▁geschrieben ▁werden ▁( 3 ) 
 Der ▁Brief ▁hätte ▁geschrieben ▁werden ▁müssen ▁( 4 ) 

 Ein ▁Bek an nter ▁meinte , ▁dass ▁es ▁nicht ▁möglich ▁sei , ▁einen ▁kor rek ten ▁Satz ▁mit ▁mehr ▁als ▁vier ▁au feinander fol genden ▁Ver ben ▁zu ▁form ulieren , ▁aber ▁nach ▁einiger ▁Zeit ▁ist ▁mir ▁ein ▁Satz ▁mit ▁fünf ▁einge fallen : 

 Er ▁war ▁nicht ▁so ▁bl öd , ▁wie ▁man ▁hätte ▁gene igt ▁sein ▁können ▁anzunehmen . 

 Ist ▁das ▁auch ▁mit ▁mehr ▁als ▁fünf ▁Ver ben ▁möglich ? 
 Ich ▁habe ▁jetzt ▁eine ▁We ile ▁darüber ▁nach ged acht , ▁aber ▁mir ▁ist ▁kein ▁anderer ▁Satz"
Junge,2960,"reibe ▁einen ▁Brief ▁( 1 ) 
 Ich ▁habe ▁einen ▁Brief ▁schreiben ▁müssen ▁( 2 ) 
 Der ▁Brief ▁muss ▁geschrieben ▁werden ▁( 3 ) 
 Der ▁Brief ▁hätte ▁geschrieben ▁werden ▁müssen ▁( 4 ) 

 Ein ▁Bek an nter ▁meinte , ▁dass ▁es ▁nicht ▁möglich ▁sei , ▁einen ▁kor rek ten ▁Satz ▁mit ▁mehr ▁als ▁vier ▁au feinander fol genden ▁Ver ben ▁zu ▁form ulieren , ▁aber ▁nach ▁einiger ▁Zeit ▁ist ▁mir ▁ein ▁Satz ▁mit ▁fünf ▁einge fallen : 

 Er ▁war ▁nicht ▁so ▁bl öd , ▁wie ▁man ▁hätte ▁gene igt ▁sein ▁können ▁anzunehmen . 

 Ist ▁das ▁auch ▁mit ▁mehr ▁als ▁fünf ▁Ver ben ▁möglich ? 
 Ich ▁habe ▁jetzt ▁eine ▁We ile ▁darüber ▁nach ged acht , ▁aber ▁mir ▁ist ▁kein ▁anderer ▁Satz"
Junge,2960,"reibe ▁einen ▁Brief ▁( 1 ) 
 Ich ▁habe ▁einen ▁Brief ▁schreiben ▁müssen ▁( 2 ) 
 Der ▁Brief ▁muss ▁geschrieben ▁werden ▁( 3 ) 
 Der ▁Brief ▁hätte ▁geschrieben ▁werden ▁müssen ▁( 4 ) 

 Ein ▁Bek an nter ▁meinte , ▁dass ▁es ▁nicht ▁möglich ▁sei , ▁einen ▁kor rek ten ▁Satz ▁mit ▁mehr ▁als ▁vier ▁au feinander fol genden ▁Ver ben ▁zu ▁form ulieren , ▁aber ▁nach ▁einiger ▁Zeit ▁ist ▁mir ▁ein ▁Satz ▁mit ▁fünf ▁einge fallen : 

 Er ▁war ▁nicht ▁so ▁bl öd , ▁wie ▁man ▁hätte ▁gene igt ▁sein ▁können ▁anzunehmen . 

 Ist ▁das ▁auch ▁mit ▁mehr ▁als ▁fünf ▁Ver ben ▁möglich ? 
 Ich ▁habe ▁jetzt ▁eine ▁We ile ▁darüber ▁nach ged acht , ▁aber ▁mir ▁ist ▁kein ▁anderer ▁Satz"
Junge,2960,"reibe ▁einen ▁Brief ▁( 1 ) 
 Ich ▁habe ▁einen ▁Brief ▁schreiben ▁müssen ▁( 2 ) 
 Der ▁Brief ▁muss ▁geschrieben ▁werden ▁( 3 ) 
 Der ▁Brief ▁hätte ▁geschrieben ▁werden ▁müssen ▁( 4 ) 

 Ein ▁Bek an nter ▁meinte , ▁dass ▁es ▁nicht ▁möglich ▁sei , ▁einen ▁kor rek ten ▁Satz ▁mit ▁mehr ▁als ▁vier ▁au feinander fol genden ▁Ver ben ▁zu ▁form ulieren , ▁aber ▁nach ▁einiger ▁Zeit ▁ist ▁mir ▁ein ▁Satz ▁mit ▁fünf ▁einge fallen : 

 Er ▁war ▁nicht ▁so ▁bl öd , ▁wie ▁man ▁hätte ▁gene igt ▁sein ▁können ▁anzunehmen . 

 Ist ▁das ▁auch ▁mit ▁mehr ▁als ▁fünf ▁Ver ben ▁möglich ? 
 Ich ▁habe ▁jetzt ▁eine ▁We ile ▁darüber ▁nach ged acht , ▁aber ▁mir ▁ist ▁kein ▁anderer ▁Satz"
Junge,2960,"reibe ▁einen ▁Brief ▁( 1 ) 
 Ich ▁habe ▁einen ▁Brief ▁schreiben ▁müssen ▁( 2 ) 
 Der ▁Brief ▁muss ▁geschrieben ▁werden ▁( 3 ) 
 Der ▁Brief ▁hätte ▁geschrieben ▁werden ▁müssen ▁( 4 ) 

 Ein ▁Bek an nter ▁meinte , ▁dass ▁es ▁nicht ▁möglich ▁sei , ▁einen ▁kor rek ten ▁Satz ▁mit ▁mehr ▁als ▁vier ▁au feinander fol genden ▁Ver ben ▁zu ▁form ulieren , ▁aber ▁nach ▁einiger ▁Zeit ▁ist ▁mir ▁ein ▁Satz ▁mit ▁fünf ▁einge fallen : 

 Er ▁war ▁nicht ▁so ▁bl öd , ▁wie ▁man ▁hätte ▁gene igt ▁sein ▁können ▁anzunehmen . 

 Ist ▁das ▁auch ▁mit ▁mehr ▁als ▁fünf ▁Ver ben ▁möglich ? 
 Ich ▁habe ▁jetzt ▁eine ▁We ile ▁darüber ▁nach ged acht , ▁aber ▁mir ▁ist ▁kein ▁anderer ▁Satz"
Junge,2960,"reibe ▁einen ▁Brief ▁( 1 ) 
 Ich ▁habe ▁einen ▁Brief ▁schreiben ▁müssen ▁( 2 ) 
 Der ▁Brief ▁muss ▁geschrieben ▁werden ▁( 3 ) 
 Der ▁Brief ▁hätte ▁geschrieben ▁werden ▁müssen ▁( 4 ) 

 Ein ▁Bek an nter ▁meinte , ▁dass ▁es ▁nicht ▁möglich ▁sei , ▁einen ▁kor rek ten ▁Satz ▁mit ▁mehr ▁als ▁vier ▁au feinander fol genden ▁Ver ben ▁zu ▁form ulieren , ▁aber ▁nach ▁einiger ▁Zeit ▁ist ▁mir ▁ein ▁Satz ▁mit ▁fünf ▁einge fallen : 

 Er ▁war ▁nicht ▁so ▁bl öd , ▁wie ▁man ▁hätte ▁gene igt ▁sein ▁können ▁anzunehmen . 

 Ist ▁das ▁auch ▁mit ▁mehr ▁als ▁fünf ▁Ver ben ▁möglich ? 
 Ich ▁habe ▁jetzt ▁eine ▁We ile ▁darüber ▁nach ged acht , ▁aber ▁mir ▁ist ▁kein ▁anderer ▁Satz"
Junge,2960,"reibe ▁einen ▁Brief ▁( 1 ) 
 Ich ▁habe ▁einen ▁Brief ▁schreiben ▁müssen ▁( 2 ) 
 Der ▁Brief ▁muss ▁geschrieben ▁werden ▁( 3 ) 
 Der ▁Brief ▁hätte ▁geschrieben ▁werden ▁müssen ▁( 4 ) 

 Ein ▁Bek an nter ▁meinte , ▁dass ▁es ▁nicht ▁möglich ▁sei , ▁einen ▁kor rek ten ▁Satz ▁mit ▁mehr ▁als ▁vier ▁au feinander fol genden ▁Ver ben ▁zu ▁form ulieren , ▁aber ▁nach ▁einiger ▁Zeit ▁ist ▁mir ▁ein ▁Satz ▁mit ▁fünf ▁einge fallen : 

 Er ▁war ▁nicht ▁so ▁bl öd , ▁wie ▁man ▁hätte ▁gene igt ▁sein ▁können ▁anzunehmen . 

 Ist ▁das ▁auch ▁mit ▁mehr ▁als ▁fünf ▁Ver ben ▁möglich ? 
 Ich ▁habe ▁jetzt ▁eine ▁We ile ▁darüber ▁nach ged acht , ▁aber ▁mir ▁ist ▁kein ▁anderer ▁Satz"
Junge,2960,"▁mit ▁fünf ▁oder ▁mehr ▁au feinander fol genden ▁Ver ben ▁einge fallen . 

 A : 

 Man ▁kann ▁im ▁Grunde ▁alle ▁verfügb aren ▁Modal ver ben ▁ane inander rei hen , ▁auch ▁wenn ▁pro ▁hinzu gefü gten ▁Modal verb ▁es ▁immer ▁auf wendi ger ▁wird , ▁einen ▁Sitz ▁im ▁Leben ▁für ▁einen ▁solchen ▁Satz ▁zu ▁finden . ▁Aber ▁unmöglich ▁ist ▁es ▁nicht . 

 Ich ▁hätte ▁das ▁Honig glas ▁nicht ▁aus le cken ▁dürfen . 
 Ich ▁hätte ▁das ▁Honig glas ▁nicht ▁aus le cken ▁wollen ▁sollen . 
 [...] 
 Ich ▁hätte ▁das ▁Honig glas ▁nicht ▁aus le cken ▁wollen ▁sollen ▁können ▁dürfen ▁müssen ▁mögen . 

 Nun ▁kann ▁man ▁aber ▁auch ▁die ▁Modal ver ben ▁mehrfach ▁einsetzen : 

 Ich ▁▁ h ätte ▁das"
Junge,2960,"▁mit ▁fünf ▁oder ▁mehr ▁au feinander fol genden ▁Ver ben ▁einge fallen . 

 A : 

 Man ▁kann ▁im ▁Grunde ▁alle ▁verfügb aren ▁Modal ver ben ▁ane inander rei hen , ▁auch ▁wenn ▁pro ▁hinzu gefü gten ▁Modal verb ▁es ▁immer ▁auf wendi ger ▁wird , ▁einen ▁Sitz ▁im ▁Leben ▁für ▁einen ▁solchen ▁Satz ▁zu ▁finden . ▁Aber ▁unmöglich ▁ist ▁es ▁nicht . 

 Ich ▁hätte ▁das ▁Honig glas ▁nicht ▁aus le cken ▁dürfen . 
 Ich ▁hätte ▁das ▁Honig glas ▁nicht ▁aus le cken ▁wollen ▁sollen . 
 [...] 
 Ich ▁hätte ▁das ▁Honig glas ▁nicht ▁aus le cken ▁wollen ▁sollen ▁können ▁dürfen ▁müssen ▁mögen . 

 Nun ▁kann ▁man ▁aber ▁auch ▁die ▁Modal ver ben ▁mehrfach ▁einsetzen : 

 Ich ▁▁ h ätte ▁das"
Junge,2960,"▁mit ▁fünf ▁oder ▁mehr ▁au feinander fol genden ▁Ver ben ▁einge fallen . 

 A : 

 Man ▁kann ▁im ▁Grunde ▁alle ▁verfügb aren ▁Modal ver ben ▁ane inander rei hen , ▁auch ▁wenn ▁pro ▁hinzu gefü gten ▁Modal verb ▁es ▁immer ▁auf wendi ger ▁wird , ▁einen ▁Sitz ▁im ▁Leben ▁für ▁einen ▁solchen ▁Satz ▁zu ▁finden . ▁Aber ▁unmöglich ▁ist ▁es ▁nicht . 

 Ich ▁hätte ▁das ▁Honig glas ▁nicht ▁aus le cken ▁dürfen . 
 Ich ▁hätte ▁das ▁Honig glas ▁nicht ▁aus le cken ▁wollen ▁sollen . 
 [...] 
 Ich ▁hätte ▁das ▁Honig glas ▁nicht ▁aus le cken ▁wollen ▁sollen ▁können ▁dürfen ▁müssen ▁mögen . 

 Nun ▁kann ▁man ▁aber ▁auch ▁die ▁Modal ver ben ▁mehrfach ▁einsetzen : 

 Ich ▁▁ h ätte ▁das"
Junge,2960,"▁mit ▁fünf ▁oder ▁mehr ▁au feinander fol genden ▁Ver ben ▁einge fallen . 

 A : 

 Man ▁kann ▁im ▁Grunde ▁alle ▁verfügb aren ▁Modal ver ben ▁ane inander rei hen , ▁auch ▁wenn ▁pro ▁hinzu gefü gten ▁Modal verb ▁es ▁immer ▁auf wendi ger ▁wird , ▁einen ▁Sitz ▁im ▁Leben ▁für ▁einen ▁solchen ▁Satz ▁zu ▁finden . ▁Aber ▁unmöglich ▁ist ▁es ▁nicht . 

 Ich ▁hätte ▁das ▁Honig glas ▁nicht ▁aus le cken ▁dürfen . 
 Ich ▁hätte ▁das ▁Honig glas ▁nicht ▁aus le cken ▁wollen ▁sollen . 
 [...] 
 Ich ▁hätte ▁das ▁Honig glas ▁nicht ▁aus le cken ▁wollen ▁sollen ▁können ▁dürfen ▁müssen ▁mögen . 

 Nun ▁kann ▁man ▁aber ▁auch ▁die ▁Modal ver ben ▁mehrfach ▁einsetzen : 

 Ich ▁▁ h ätte ▁das"
Junge,2960,"▁mit ▁fünf ▁oder ▁mehr ▁au feinander fol genden ▁Ver ben ▁einge fallen . 

 A : 

 Man ▁kann ▁im ▁Grunde ▁alle ▁verfügb aren ▁Modal ver ben ▁ane inander rei hen , ▁auch ▁wenn ▁pro ▁hinzu gefü gten ▁Modal verb ▁es ▁immer ▁auf wendi ger ▁wird , ▁einen ▁Sitz ▁im ▁Leben ▁für ▁einen ▁solchen ▁Satz ▁zu ▁finden . ▁Aber ▁unmöglich ▁ist ▁es ▁nicht . 

 Ich ▁hätte ▁das ▁Honig glas ▁nicht ▁aus le cken ▁dürfen . 
 Ich ▁hätte ▁das ▁Honig glas ▁nicht ▁aus le cken ▁wollen ▁sollen . 
 [...] 
 Ich ▁hätte ▁das ▁Honig glas ▁nicht ▁aus le cken ▁wollen ▁sollen ▁können ▁dürfen ▁müssen ▁mögen . 

 Nun ▁kann ▁man ▁aber ▁auch ▁die ▁Modal ver ben ▁mehrfach ▁einsetzen : 

 Ich ▁▁ h ätte ▁das"
Junge,2960,"▁mit ▁fünf ▁oder ▁mehr ▁au feinander fol genden ▁Ver ben ▁einge fallen . 

 A : 

 Man ▁kann ▁im ▁Grunde ▁alle ▁verfügb aren ▁Modal ver ben ▁ane inander rei hen , ▁auch ▁wenn ▁pro ▁hinzu gefü gten ▁Modal verb ▁es ▁immer ▁auf wendi ger ▁wird , ▁einen ▁Sitz ▁im ▁Leben ▁für ▁einen ▁solchen ▁Satz ▁zu ▁finden . ▁Aber ▁unmöglich ▁ist ▁es ▁nicht . 

 Ich ▁hätte ▁das ▁Honig glas ▁nicht ▁aus le cken ▁dürfen . 
 Ich ▁hätte ▁das ▁Honig glas ▁nicht ▁aus le cken ▁wollen ▁sollen . 
 [...] 
 Ich ▁hätte ▁das ▁Honig glas ▁nicht ▁aus le cken ▁wollen ▁sollen ▁können ▁dürfen ▁müssen ▁mögen . 

 Nun ▁kann ▁man ▁aber ▁auch ▁die ▁Modal ver ben ▁mehrfach ▁einsetzen : 

 Ich ▁▁ h ätte ▁das"
Junge,2960,"_ phase - tun able _ 2 0 1 8 ; ▁@ d utta _ thermal _ 2 0 1 7 ]. 

 We ▁thank ▁Fred ▁Hu cht ▁for ▁valuable ▁discussions ▁and ▁Stephan ▁Weiss ▁and ▁Sun - Yong ▁Hwang ▁for ▁feedback ▁on ▁the ▁manuscript . ▁We ▁acknowledge ▁financial ▁support ▁from ▁the ▁Ministry ▁of ▁Innovation ▁NRW ▁via ▁the ▁“ Programm ▁zur ▁Förderung ▁der ▁Rückkehr ▁des ▁hoch qual ifiz ierten ▁Forschungs nach w uch ses ▁aus ▁dem ▁Ausland ”. ▁This ▁research ▁was ▁supported ▁in ▁part ▁by ▁the ▁National ▁Science ▁Foundation ▁under ▁Grant ▁No . ▁NSF ▁PHY - 1 7 4 8 9 5 8 . 

 \[ app : RT D \] Real - time ▁diagram matics 
 ================ ================ == 

 ![ \[ fig : di agrams \]"
Junge,2960,"_ phase - tun able _ 2 0 1 8 ; ▁@ d utta _ thermal _ 2 0 1 7 ]. 

 We ▁thank ▁Fred ▁Hu cht ▁for ▁valuable ▁discussions ▁and ▁Stephan ▁Weiss ▁and ▁Sun - Yong ▁Hwang ▁for ▁feedback ▁on ▁the ▁manuscript . ▁We ▁acknowledge ▁financial ▁support ▁from ▁the ▁Ministry ▁of ▁Innovation ▁NRW ▁via ▁the ▁“ Programm ▁zur ▁Förderung ▁der ▁Rückkehr ▁des ▁hoch qual ifiz ierten ▁Forschungs nach w uch ses ▁aus ▁dem ▁Ausland ”. ▁This ▁research ▁was ▁supported ▁in ▁part ▁by ▁the ▁National ▁Science ▁Foundation ▁under ▁Grant ▁No . ▁NSF ▁PHY - 1 7 4 8 9 5 8 . 

 \[ app : RT D \] Real - time ▁diagram matics 
 ================ ================ == 

 ![ \[ fig : di agrams \]"
Junge,2960,"▁Honig glas ▁nicht ▁aus le cken ▁dürfen ▁dürfen . 

 S pri ch : ▁Es ▁wäre ▁besser ▁gewesen , ▁Autor itäts person ▁ 1 ▁hätte ▁es ▁Autor itäts person ▁ 2 ▁nicht ▁gest attet , ▁mir ▁zu ▁gest atten , ▁das ▁Honig glas ▁aus zule cken . 

 A : 

 Ohne ▁Parti zip ien ▁( also ▁nur ▁finite ▁und ▁infinite ▁Verb formen ) ▁können ▁Kon stru ktionen ▁mit ▁Ver ben ▁der ▁Wahrnehmung ▁( z B ▁sehen , ▁hören ) ▁manchmal ▁viele ▁au feinander fol genden ▁Infin itiv formen ▁enthalten . 
 Ein ▁Z itat ▁aus ▁"" Der ▁Prozess "" ▁von ▁Franz ▁Kafka : 

 Als ▁ich ▁mich ▁ein ▁Weil chen ▁wieder ▁so ▁ruhig ▁ver halten ▁hatte , ▁dass ▁man ▁die ▁F liegen ▁an ▁der ▁Wand ▁hätte"
Junge,2960,"▁Honig glas ▁nicht ▁aus le cken ▁dürfen ▁dürfen . 

 S pri ch : ▁Es ▁wäre ▁besser ▁gewesen , ▁Autor itäts person ▁ 1 ▁hätte ▁es ▁Autor itäts person ▁ 2 ▁nicht ▁gest attet , ▁mir ▁zu ▁gest atten , ▁das ▁Honig glas ▁aus zule cken . 

 A : 

 Ohne ▁Parti zip ien ▁( also ▁nur ▁finite ▁und ▁infinite ▁Verb formen ) ▁können ▁Kon stru ktionen ▁mit ▁Ver ben ▁der ▁Wahrnehmung ▁( z B ▁sehen , ▁hören ) ▁manchmal ▁viele ▁au feinander fol genden ▁Infin itiv formen ▁enthalten . 
 Ein ▁Z itat ▁aus ▁"" Der ▁Prozess "" ▁von ▁Franz ▁Kafka : 

 Als ▁ich ▁mich ▁ein ▁Weil chen ▁wieder ▁so ▁ruhig ▁ver halten ▁hatte , ▁dass ▁man ▁die ▁F liegen ▁an ▁der ▁Wand ▁hätte"
Junge,2960,"▁Honig glas ▁nicht ▁aus le cken ▁dürfen ▁dürfen . 

 S pri ch : ▁Es ▁wäre ▁besser ▁gewesen , ▁Autor itäts person ▁ 1 ▁hätte ▁es ▁Autor itäts person ▁ 2 ▁nicht ▁gest attet , ▁mir ▁zu ▁gest atten , ▁das ▁Honig glas ▁aus zule cken . 

 A : 

 Ohne ▁Parti zip ien ▁( also ▁nur ▁finite ▁und ▁infinite ▁Verb formen ) ▁können ▁Kon stru ktionen ▁mit ▁Ver ben ▁der ▁Wahrnehmung ▁( z B ▁sehen , ▁hören ) ▁manchmal ▁viele ▁au feinander fol genden ▁Infin itiv formen ▁enthalten . 
 Ein ▁Z itat ▁aus ▁"" Der ▁Prozess "" ▁von ▁Franz ▁Kafka : 

 Als ▁ich ▁mich ▁ein ▁Weil chen ▁wieder ▁so ▁ruhig ▁ver halten ▁hatte , ▁dass ▁man ▁die ▁F liegen ▁an ▁der ▁Wand ▁hätte"
Junge,2960,"▁Honig glas ▁nicht ▁aus le cken ▁dürfen ▁dürfen . 

 S pri ch : ▁Es ▁wäre ▁besser ▁gewesen , ▁Autor itäts person ▁ 1 ▁hätte ▁es ▁Autor itäts person ▁ 2 ▁nicht ▁gest attet , ▁mir ▁zu ▁gest atten , ▁das ▁Honig glas ▁aus zule cken . 

 A : 

 Ohne ▁Parti zip ien ▁( also ▁nur ▁finite ▁und ▁infinite ▁Verb formen ) ▁können ▁Kon stru ktionen ▁mit ▁Ver ben ▁der ▁Wahrnehmung ▁( z B ▁sehen , ▁hören ) ▁manchmal ▁viele ▁au feinander fol genden ▁Infin itiv formen ▁enthalten . 
 Ein ▁Z itat ▁aus ▁"" Der ▁Prozess "" ▁von ▁Franz ▁Kafka : 

 Als ▁ich ▁mich ▁ein ▁Weil chen ▁wieder ▁so ▁ruhig ▁ver halten ▁hatte , ▁dass ▁man ▁die ▁F liegen ▁an ▁der ▁Wand ▁hätte"
Junge,2960,"▁Honig glas ▁nicht ▁aus le cken ▁dürfen ▁dürfen . 

 S pri ch : ▁Es ▁wäre ▁besser ▁gewesen , ▁Autor itäts person ▁ 1 ▁hätte ▁es ▁Autor itäts person ▁ 2 ▁nicht ▁gest attet , ▁mir ▁zu ▁gest atten , ▁das ▁Honig glas ▁aus zule cken . 

 A : 

 Ohne ▁Parti zip ien ▁( also ▁nur ▁finite ▁und ▁infinite ▁Verb formen ) ▁können ▁Kon stru ktionen ▁mit ▁Ver ben ▁der ▁Wahrnehmung ▁( z B ▁sehen , ▁hören ) ▁manchmal ▁viele ▁au feinander fol genden ▁Infin itiv formen ▁enthalten . 
 Ein ▁Z itat ▁aus ▁"" Der ▁Prozess "" ▁von ▁Franz ▁Kafka : 

 Als ▁ich ▁mich ▁ein ▁Weil chen ▁wieder ▁so ▁ruhig ▁ver halten ▁hatte , ▁dass ▁man ▁die ▁F liegen ▁an ▁der ▁Wand ▁hätte"
Junge,2960,"▁Honig glas ▁nicht ▁aus le cken ▁dürfen ▁dürfen . 

 S pri ch : ▁Es ▁wäre ▁besser ▁gewesen , ▁Autor itäts person ▁ 1 ▁hätte ▁es ▁Autor itäts person ▁ 2 ▁nicht ▁gest attet , ▁mir ▁zu ▁gest atten , ▁das ▁Honig glas ▁aus zule cken . 

 A : 

 Ohne ▁Parti zip ien ▁( also ▁nur ▁finite ▁und ▁infinite ▁Verb formen ) ▁können ▁Kon stru ktionen ▁mit ▁Ver ben ▁der ▁Wahrnehmung ▁( z B ▁sehen , ▁hören ) ▁manchmal ▁viele ▁au feinander fol genden ▁Infin itiv formen ▁enthalten . 
 Ein ▁Z itat ▁aus ▁"" Der ▁Prozess "" ▁von ▁Franz ▁Kafka : 

 Als ▁ich ▁mich ▁ein ▁Weil chen ▁wieder ▁so ▁ruhig ▁ver halten ▁hatte , ▁dass ▁man ▁die ▁F liegen ▁an ▁der ▁Wand ▁hätte"
Junge,2960,"
 $ lang [' L _ HT ACCESS 3 1 '] ="" all geme in ""; 
 $ lang [' L _ HT ACCESS 3 2 '] ="" Achtung ! ▁Die ▁. htaccess ▁hat ▁eine ▁direkte ▁Aus wirkung ▁auf ▁den ▁Browser .< br > Bei ▁fals cher ▁Anwendung ▁sind ▁die ▁Seiten ▁nicht ▁mehr ▁erreichbar .""; 
 $ lang [' L _ PHP BUG '] ="" Bug ▁in ▁z lib ! ▁Keine ▁Kom pression ▁möglich !""; 
 $ lang [' L _ DISABLE DF UN CTIONS '] ="" Ab gesch al tete ▁Funktionen ""; 
 $ lang [' L _ NO GZ POSSIBLE '] ="" Da ▁z lib ▁nicht ▁installiert ▁ist , ▁stehen ▁keine ▁G Zip - Funktionen ▁zur ▁Verfügung !""; 
 $ lang [' L _ DELETE"
Junge,2960,"
 $ lang [' L _ HT ACCESS 3 1 '] ="" all geme in ""; 
 $ lang [' L _ HT ACCESS 3 2 '] ="" Achtung ! ▁Die ▁. htaccess ▁hat ▁eine ▁direkte ▁Aus wirkung ▁auf ▁den ▁Browser .< br > Bei ▁fals cher ▁Anwendung ▁sind ▁die ▁Seiten ▁nicht ▁mehr ▁erreichbar .""; 
 $ lang [' L _ PHP BUG '] ="" Bug ▁in ▁z lib ! ▁Keine ▁Kom pression ▁möglich !""; 
 $ lang [' L _ DISABLE DF UN CTIONS '] ="" Ab gesch al tete ▁Funktionen ""; 
 $ lang [' L _ NO GZ POSSIBLE '] ="" Da ▁z lib ▁nicht ▁installiert ▁ist , ▁stehen ▁keine ▁G Zip - Funktionen ▁zur ▁Verfügung !""; 
 $ lang [' L _ DELETE"
Junge,2960,"
 Bitte ▁ers telle ▁es ▁mit ▁De inem ▁FTP - Programm .""; 
 $ lang [' L _ TABLE _ TYPE '] ="" Typ ""; 
 $ lang [' L _ CHECK '] ="" prü fen ""; 
 $ lang [' L _ HT ACC _ SHA 1 '] ="" SHA 1 ▁( alle ▁Systeme )""; 
 $ lang [' L _ OS '] ="" Betrieb ssystem ""; 
 $ lang [' L _ MSD _ VERSION '] ="" MySQL D umper - Version ""; 
 $ lang [' L _ MYSQL _ VERSION '] ="" MySQL - Version ""; 
 $ lang [' L _ PHP _ VERSION '] ="" PHP - Version ""; 
 $ lang [' L _ MAX _ EXEC UTION _ TIME"
Junge,2960,"L _ EN CRY PTION _ TYPE '] ="" Versch lüsse lungs art ""; 
 $ lang [' L _ HT ACC _ CRYPT '] ="" Crypt ▁maximal ▁ 8 ▁Zeichen ▁( Linux ▁und ▁Unix - S ysteme )""; 
 $ lang [' L _ HT ACC _ MD 5 '] ="" MD 5 ▁( Linux ▁und ▁Unix - S ysteme )""; 
 $ lang [' L _ HT ACC _ NO _ EN CRY PTION '] ="" un versch lüssel t ▁( Windows )""; 
 $ lang [' L _ HT ACCESS 8 '] ="" Es ▁besteht ▁bereits ▁ein ▁Ver zeich niss chutz . ▁Wenn ▁Du ▁einen ▁neuen ▁ers tell st , ▁wird ▁der ▁alte ▁übersch rieben !""; 
 $ lang [' L _ HT ACC"
Junge,2960,"L _ EN CRY PTION _ TYPE '] ="" Versch lüsse lungs art ""; 
 $ lang [' L _ HT ACC _ CRYPT '] ="" Crypt ▁maximal ▁ 8 ▁Zeichen ▁( Linux ▁und ▁Unix - S ysteme )""; 
 $ lang [' L _ HT ACC _ MD 5 '] ="" MD 5 ▁( Linux ▁und ▁Unix - S ysteme )""; 
 $ lang [' L _ HT ACC _ NO _ EN CRY PTION '] ="" un versch lüssel t ▁( Windows )""; 
 $ lang [' L _ HT ACCESS 8 '] ="" Es ▁besteht ▁bereits ▁ein ▁Ver zeich niss chutz . ▁Wenn ▁Du ▁einen ▁neuen ▁ers tell st , ▁wird ▁der ▁alte ▁übersch rieben !""; 
 $ lang [' L _ HT ACC"
Junge,2960,"!< br > Bitte ▁er zeuge ▁die ▁Dateien ▁manuell ▁mit ▁folgen dem ▁Inhalt ""; 
 $ lang [' L _ HT ACC _ PROPOSED '] ="" D ring end ▁empfohlen ""; 
 $ lang [' L _ HT ACC _ EDIT '] ="". htaccess ▁ed itieren ""; 
 $ lang [' L _ HT ACCESS 1 8 '] ="". htaccess ▁erstellen ▁in ▁""; 
 $ lang [' L _ HT ACCESS 1 9 '] ="" Neu ▁laden ▁""; 
 $ lang [' L _ HT ACCESS 2 0 '] ="" Sk ript ▁aus führen ""; 
 $ lang [' L _ HT ACCESS 2 1 '] ="" Handler ▁zu fü gen ""; 
 $ lang [' L _ HT ACCESS 2 2 '] ="" Aus führ bar"
Junge,2960,"▁"" We ga "" ▁über ▁Alpen ▁und ▁Jura ▁am ▁ 3 . ▁Oktober ▁ 1 8 9 8 , ▁Verlag ▁B . ▁Sch wa be , ▁Basel ▁ 1 8 9 9 . ▁In ▁German . 
 Kra mer , ▁Th ., ▁Stad ler , ▁H . ▁( eds .): ▁Edu rad ▁Sp elter ini ▁– ▁Fotograf ien ▁des ▁Ballon p ioni ers , ▁Sche ide gger ▁& ▁Spi ess , ▁ 2 0 0 7 . ▁. ▁In ▁German ▁& ▁English . 
 Spel ter ini , ▁E .: ▁Über ▁den ▁Wolken / Par ▁dessus ▁les ▁nuages , ▁Brunner ▁& ▁Co , ▁Zürich ▁ 1 9 2 8 , ▁with ▁an ▁introduction ▁by ▁A . ▁Heim . ▁In ▁German ▁& ▁French . 

 Category : 1"
Junge,2960,"▁"" We ga "" ▁über ▁Alpen ▁und ▁Jura ▁am ▁ 3 . ▁Oktober ▁ 1 8 9 8 , ▁Verlag ▁B . ▁Sch wa be , ▁Basel ▁ 1 8 9 9 . ▁In ▁German . 
 Kra mer , ▁Th ., ▁Stad ler , ▁H . ▁( eds .): ▁Edu rad ▁Sp elter ini ▁– ▁Fotograf ien ▁des ▁Ballon p ioni ers , ▁Sche ide gger ▁& ▁Spi ess , ▁ 2 0 0 7 . ▁. ▁In ▁German ▁& ▁English . 
 Spel ter ini , ▁E .: ▁Über ▁den ▁Wolken / Par ▁dessus ▁les ▁nuages , ▁Brunner ▁& ▁Co , ▁Zürich ▁ 1 9 2 8 , ▁with ▁an ▁introduction ▁by ▁A . ▁Heim . ▁In ▁German ▁& ▁French . 

 Category : 1"
Junge,2960,"▁Alle ▁Daten ▁gehen ▁unw ider ruf lich ▁verloren )""; 
 $ lang [' L _ INFO _ KILL DB '] ="" ▁wirklich ▁gel öscht ▁werden ? ▁( Achtung ! ▁Alle ▁Daten ▁gehen ▁unw ider ruf lich ▁verloren )""; 
 $ lang [' L _ PROCESS KILL 1 '] ="" Es ▁wird ▁versucht , ▁Prozess ▁""; 
 $ lang [' L _ PROCESS KILL 2 '] ="" zu ▁be enden .""; 
 $ lang [' L _ PROCESS KILL 3 '] ="" Es ▁wird ▁seit ▁""; 
 $ lang [' L _ PROCESS KILL 4 '] ="" ▁Sek unde ( n ) ▁versucht , ▁Prozess ▁""; 
 $ lang [' L _ HT ACC _ CREATE '] ="" Ver zeich niss chutz ▁erstellen ""; 
 $ lang ['"
Junge,2960,"

 The ▁Teacher ' s ▁Magazine ▁is ▁a ▁monthly ▁issue ▁specially ▁designed ▁for ▁teachers ▁of ▁English ▁as ▁Foreign ▁or ▁Second ▁Language . ▁It ▁provides ▁creative ▁ready - to - go ▁materials ▁to ▁make ▁their ▁classes ▁more ▁active ▁and ▁appealing ▁to ▁students . 
 The ▁ideal ▁magazine ▁for ▁English ▁teachers ▁that ▁choose ▁to ▁work ▁effectively ▁with ▁students ▁of ▁all ▁levels ▁and ▁ages ▁and ▁an ▁asset ▁at ▁the ▁moment ▁of ▁developing ▁contents . <bos> Q : 

 S atz ▁mit ▁den ▁meisten ▁au feinander fol genden ▁Ver ben 

 Es ▁geht ▁um ▁S ätze ▁mit ▁au feinander fol genden ▁Ver ben ▁ohne ▁andere ▁Wort arten ▁oder ▁Satz zeichen ▁da zwischen . 
 Beispiele ▁( Länge ▁der ▁läng sten ▁Ver bf olge ▁in ▁K lam mern ): 

 Ich ▁sch"
Junge,2960,"_ INFO _ N ODB '] ="" Daten bank ▁existi ert ▁nicht ""; 
 $ lang [' L _ INFO _ DB DETAIL '] ="" Detail - Information ▁von ▁Datenbank ▁""; 
 $ lang [' L _ INFO _ DB EMPTY '] ="" Die ▁Datenbank ▁ist ▁leer !""; 
 $ lang [' L _ INFO _ REC ORDS '] ="" Dat ens ätze ""; 
 $ lang [' L _ INFO _ SIZE '] ="" Größe ""; 
 $ lang [' L _ INFO _ LAST UPDATE '] ="" let ztes ▁Update ""; 
 $ lang [' L _ INFO _ SUM '] ="" ins gesamt ""; 
 $ lang [' L _ INFO _ OPTIM IZED '] ="" optim iert ""; 
 $ lang [' L"
Junge,2960,"▁machen ""; 
 $ lang [' L _ HT ACCESS 2 3 '] ="" Ver zeichnis - Listing ""; 
 $ lang [' L _ HT ACCESS 2 4 '] ="" Error - Dokument ""; 
 $ lang [' L _ HT ACCESS 2 5 '] ="" Rewrite ▁aktivieren ""; 
 $ lang [' L _ HT ACCESS 2 6 '] ="" Deny ▁/ ▁Allow ""; 
 $ lang [' L _ HT ACCESS 2 7 '] ="" Redirect ""; 
 $ lang [' L _ HT ACCESS 2 8 '] ="" Error - Log ""; 
 $ lang [' L _ HT ACCESS 2 9 '] ="" weitere ▁Beispiele ▁und ▁Dokumentation ""; 
 $ lang [' L _ HT ACCESS 3 0 '] ="" Provider "";"
Junge,2960,") ▁the ▁petition ▁to ▁open ▁was ▁promptly ▁filed ; ▁( 2 ) ▁there ▁was ▁a ▁reasonable ▁excuse ▁for ▁failure ▁to ▁respond ; ▁and ▁( 3 ) ▁a ▁meritorious ▁defense ▁must ▁be ▁shown . ▁Southeastern ▁Pennsylvania ▁Transportation ▁Authority ▁v . ▁Di Antonio , ▁ 1 5 2 ▁Pa . Commonwealth ▁Ct . ▁ 2 3 7 , ▁ 6 1 8 ▁A . 2 d ▁ 1 1 8 2 ▁( 1 9 9 2 ). ▁Appellant ▁cannot ▁meet ▁any ▁part ▁of ▁this ▁test . 
 First , ▁judgment ▁by ▁default ▁for ▁failure ▁to ▁answer ▁the ▁Borough ' s ▁complaint ▁was ▁entered ▁on ▁September ▁ 1 0 , ▁ 1 9 9 3 . ▁Appellant ▁did ▁not ▁file ▁his ▁petition ▁to ▁open ▁until ▁December ▁ 1 3 ,"
Junge,2960,"▁numerical ▁order ▁( the ▁Motif ▁drums ▁were ▁on ▁track ▁ 1 0 , ▁according ▁to ▁their ▁default ▁MIDI ▁channel ) ▁I ▁moved ▁both ▁drum ▁tracks ▁to ▁the ▁top ▁of ▁the ▁track ▁list . ▁The ▁problem ▁was ▁slightly ▁amelior ated , ▁but ▁there ▁was ▁still ▁a ▁distinct ▁fla mming ▁between ▁the ▁part ▁from ▁the ▁Motif ▁and ▁the ▁one ▁from ▁the ▁other ▁module , ▁more ▁than ▁would ▁otherwise ▁be ▁expected ▁from ▁' normal ' ▁MIDI - timing ▁discrepancies . ▁This ▁time , ▁the ▁delay ▁measured ▁on ▁average ▁ 4 0 0 ▁samples , ▁which ▁translates ▁into ▁around ▁nine ▁milliseconds ▁— ▁better , ▁but ▁still ▁per ceptable . ▁This ▁is ▁a ▁potentially ▁serious ▁problem ▁for ▁a ▁multi timb ral ▁synth . 

 As ▁a ▁performance ▁synth , ▁the ▁Motif ▁Rack"
Junge,2960,"9 6 0 ▁( 5 4 6 -- 1 3 0 0 ) ▁▁▁▁▁ 1 4 2 0 ▁( 6 0 9 -- 1 6 1 0 ) ▁▁▁▁▁ 5 9 5 ▁( 4 0 3 -- 9 0 3 ) ▁▁▁▁▁▁ 7 6 8 ▁( 5 7 9 -- 1 3 9 5 ) 
 ▁▁ AUC ~ N ~ ^ a ^ ▁( μ g   h   l ^ − 1 ^) ▁▁▁▁▁ 1 . 9 ▁( 1 . 1 -- 2 . 9 ) ▁▁▁▁▁▁▁ 2 . 4 ▁( 1 . 3 -- 5 . 0 ) ▁▁▁▁▁▁▁ 2 . 6 ▁( 1 . 6 -- 4 . 4 ) ▁▁▁▁▁▁ 2 . 6 ▁( 1 . 3 -- 5 . 1 )"
Junge,2960,"▁than ▁that ▁estimated ▁in ▁Rust ▁( 1 9 8 7 ). ▁The ▁sample ▁used ▁for ▁estimation ▁was ▁$ 1 0 0 0 $ ▁observations ▁for ▁a ▁single ▁decision ▁maker . ▁We ▁carried ▁out ▁$ 1 0 , 0 0 0 $ ▁rep lications . 

 We ▁estimate ▁the ▁conditional ▁choice ▁probabilities ▁by ▁kernel ▁and ▁series ▁non parametric ▁regression ▁and ▁by ▁log it ▁lasso , ▁random ▁forest , ▁and ▁boosted ▁tree ▁machine ▁learning ▁methods . ▁Log it ▁conditional ▁choice ▁probabilities ▁and ▁derivatives ▁were ▁used ▁in ▁the ▁construction ▁of ▁$\ hat {\ lambda }_{ j }$ ▁wherever ▁they ▁appear ▁in ▁order ▁to ▁avoid ▁denominator ▁issues . ▁The ▁unknown ▁conditional ▁expectations ▁in ▁the ▁$\ hat {\ lambda }_{ j }$ ▁were ▁estimated ▁by ▁series ▁regressions ▁throughout . ▁Kernel ▁regression ▁was"
Junge,2960,"} 
 \ label { eq : ps de - contrast } 
 && ▁E \ bigl [ ▁Y ( a _{ 1 } ▁= ▁ 0 , a _{ 2 }) 
 ▁- Y ( a _{ 1 }= ▁ 1 , a _{ 2 }) ▁\ mid 
 \ nonumber \\[ - 8 pt ] 
 \\[ - 8 pt ] 
 &&\ hspace *{ 1 6 pt }{} A _{ 2 }( a _{ 1 } ▁= 1 )= A _{ 2 }( a _{ 1 } ▁= ▁ 0 )= a _ 2 \ bigr ] 
 \ nonumber \ end { aligned }$$ ▁is ▁still ▁well - defined ▁when ▁$ a _{ 2 }= 0 $. ▁As ▁noted ▁by ▁Robins , ▁this"
Oma,9493,"▁to ▁follow ? Ain ' t ▁karma ▁such ▁a ▁bitch ? ▁Wak ak aka . 

 But ▁wait , ▁I ▁apologise ▁for ▁boring ▁you ▁with ▁this ▁sense ▁of ▁outrage ▁at ▁the ▁blatant ▁double ▁standards ▁because ▁I ▁kept ▁forgetting ▁that ' s ▁UM NO , ▁wak ak aka . 

 And ▁that ' s ▁why , ▁to ▁reiterate , ▁UM NO ▁is ▁a ▁nest ▁of ▁vip ers ▁with ▁mucho ▁Machia vel lian ▁activities ▁and ▁schemes , ▁wak ak aka , ▁which ▁BTW ▁should ▁also ▁include ▁Anwar ' s ▁attempted ▁move ▁against ▁Mahat hir ▁back ▁in ▁ 1 9 9 8 . 

 And ▁to ▁show ▁my ▁argument ▁is ▁true ▁that ▁UM NO ▁blo kes ▁like ▁Ku ▁Li ▁and ▁Anwar ▁( and ▁indeed ▁even ▁Mahat hir ▁himself ) ▁prefer"
Oma,9493,"▁to ▁follow ? Ain ' t ▁karma ▁such ▁a ▁bitch ? ▁Wak ak aka . 

 But ▁wait , ▁I ▁apologise ▁for ▁boring ▁you ▁with ▁this ▁sense ▁of ▁outrage ▁at ▁the ▁blatant ▁double ▁standards ▁because ▁I ▁kept ▁forgetting ▁that ' s ▁UM NO , ▁wak ak aka . 

 And ▁that ' s ▁why , ▁to ▁reiterate , ▁UM NO ▁is ▁a ▁nest ▁of ▁vip ers ▁with ▁mucho ▁Machia vel lian ▁activities ▁and ▁schemes , ▁wak ak aka , ▁which ▁BTW ▁should ▁also ▁include ▁Anwar ' s ▁attempted ▁move ▁against ▁Mahat hir ▁back ▁in ▁ 1 9 9 8 . 

 And ▁to ▁show ▁my ▁argument ▁is ▁true ▁that ▁UM NO ▁blo kes ▁like ▁Ku ▁Li ▁and ▁Anwar ▁( and ▁indeed ▁even ▁Mahat hir ▁himself ) ▁prefer"
Oma,9493,"▁to ▁follow ? Ain ' t ▁karma ▁such ▁a ▁bitch ? ▁Wak ak aka . 

 But ▁wait , ▁I ▁apologise ▁for ▁boring ▁you ▁with ▁this ▁sense ▁of ▁outrage ▁at ▁the ▁blatant ▁double ▁standards ▁because ▁I ▁kept ▁forgetting ▁that ' s ▁UM NO , ▁wak ak aka . 

 And ▁that ' s ▁why , ▁to ▁reiterate , ▁UM NO ▁is ▁a ▁nest ▁of ▁vip ers ▁with ▁mucho ▁Machia vel lian ▁activities ▁and ▁schemes , ▁wak ak aka , ▁which ▁BTW ▁should ▁also ▁include ▁Anwar ' s ▁attempted ▁move ▁against ▁Mahat hir ▁back ▁in ▁ 1 9 9 8 . 

 And ▁to ▁show ▁my ▁argument ▁is ▁true ▁that ▁UM NO ▁blo kes ▁like ▁Ku ▁Li ▁and ▁Anwar ▁( and ▁indeed ▁even ▁Mahat hir ▁himself ) ▁prefer"
Oma,9493,"▁to ▁follow ? Ain ' t ▁karma ▁such ▁a ▁bitch ? ▁Wak ak aka . 

 But ▁wait , ▁I ▁apologise ▁for ▁boring ▁you ▁with ▁this ▁sense ▁of ▁outrage ▁at ▁the ▁blatant ▁double ▁standards ▁because ▁I ▁kept ▁forgetting ▁that ' s ▁UM NO , ▁wak ak aka . 

 And ▁that ' s ▁why , ▁to ▁reiterate , ▁UM NO ▁is ▁a ▁nest ▁of ▁vip ers ▁with ▁mucho ▁Machia vel lian ▁activities ▁and ▁schemes , ▁wak ak aka , ▁which ▁BTW ▁should ▁also ▁include ▁Anwar ' s ▁attempted ▁move ▁against ▁Mahat hir ▁back ▁in ▁ 1 9 9 8 . 

 And ▁to ▁show ▁my ▁argument ▁is ▁true ▁that ▁UM NO ▁blo kes ▁like ▁Ku ▁Li ▁and ▁Anwar ▁( and ▁indeed ▁even ▁Mahat hir ▁himself ) ▁prefer"
Oma,9493,"▁In ▁fact , ▁a ▁book ▁called ▁“ UFO ’ s ▁in ▁the ▁Qur ’ an ” ▁claims ▁that ▁the ▁U . S . ▁government ▁is ▁being ▁run ▁by ▁aliens ▁or ▁evil ▁spirits . ▁That ’ s ▁Skull ▁& ▁Bones . ▁They ▁tell ▁their ▁members ▁they ’ d ▁always ▁be ▁protected ▁from ▁corruption ▁charges . ▁So ▁a ▁Harvard ▁University ▁professor , ▁just ▁because ▁he ▁goes ▁to ▁Harvard , ▁is ▁told ▁he ’ d ▁always ▁be ▁protected ▁from ▁rape ▁accusations , ▁and ▁no ▁matter ▁what ▁crime ▁he ▁commits , ▁it ’ s ▁going ▁to ▁be ▁ok . 

 But ▁this ▁is ▁not ▁the ▁way ▁God ’ s ▁government ▁works . ▁This ▁is ▁not ▁something ▁Jesus ▁would ▁stand ▁for . ▁Cor rupt ▁people ▁are ▁going ▁to ▁hell , ▁and ▁nothing"
Oma,9493,"▁adults ▁ 2 5 - 5 4 ▁and ▁ 1 8 - 4 9 ▁for ▁the ▁night ,"" ▁the ▁network ▁said ▁in ▁a ▁statement . 

 This ▁season ▁is ▁poised ▁to ▁explore ▁some ▁family ▁problems ▁within ▁the ▁large ▁Chapman ▁family ▁— ▁daughter ▁"" Baby "" ▁Ly ssa ▁Chapman ' s ▁March ▁arrest ▁will ▁air ▁on ▁an ▁episode , ▁as ▁will ▁tensions ▁between ▁Chapman ▁and ▁his ▁oldest ▁son , ▁Duane ▁Lee . 

 "" I ▁love ▁you , ▁dad . ▁This ▁is ▁Travis . ▁I ▁want ▁to ▁go ▁home . ▁I ▁don ' t ▁like ▁it ▁here ,"" ▁the ▁boy ▁told ▁his ▁father ▁also ▁named ▁Travis . ▁They ▁gained ▁custody ▁after ▁an ▁audio ▁recording ▁surfaced ▁that ▁allegedly ▁showed ▁the ▁father ▁beating ▁the ▁child ▁with ▁a ▁belt . 

"
Oma,9493,"▁adults ▁ 2 5 - 5 4 ▁and ▁ 1 8 - 4 9 ▁for ▁the ▁night ,"" ▁the ▁network ▁said ▁in ▁a ▁statement . 

 This ▁season ▁is ▁poised ▁to ▁explore ▁some ▁family ▁problems ▁within ▁the ▁large ▁Chapman ▁family ▁— ▁daughter ▁"" Baby "" ▁Ly ssa ▁Chapman ' s ▁March ▁arrest ▁will ▁air ▁on ▁an ▁episode , ▁as ▁will ▁tensions ▁between ▁Chapman ▁and ▁his ▁oldest ▁son , ▁Duane ▁Lee . 

 "" I ▁love ▁you , ▁dad . ▁This ▁is ▁Travis . ▁I ▁want ▁to ▁go ▁home . ▁I ▁don ' t ▁like ▁it ▁here ,"" ▁the ▁boy ▁told ▁his ▁father ▁also ▁named ▁Travis . ▁They ▁gained ▁custody ▁after ▁an ▁audio ▁recording ▁surfaced ▁that ▁allegedly ▁showed ▁the ▁father ▁beating ▁the ▁child ▁with ▁a ▁belt . 

"
Oma,9493,"▁have ▁an ▁entirely ▁different ▁perspective ▁of ▁the ▁memo ▁than ▁the ▁rest ▁of ▁the ▁world . ▁And ▁DDT ▁will ▁be ▁delighted ▁because ▁he ▁gets ▁all ▁his ▁advice ▁from ▁Fox . ▁He ▁told ▁friends ▁that ▁the ▁release ▁of ▁the ▁memo ▁would ▁allow ▁him ▁to ▁argue ▁FBI ▁prejudice ▁against ▁him . ▁Most ▁people , ▁however , ▁as ▁saying , ▁“ That ’ s ▁it ?” ▁The ▁memo . 

 Russia ▁This ▁Week : 

 DDT ▁backed ▁off ▁on ▁his ▁guarantee ▁because ▁lawyers ▁are ▁afraid ▁that ▁he ’ ll ▁lie ▁to ▁them . ▁Seventy - one ▁percent ▁of ▁people ▁in ▁the ▁U . S . ▁agree ▁that ▁he ▁should ▁agree ▁to ▁an ▁interview ▁with ▁Mueller , ▁and ▁ 8 2 ▁percent ▁of ▁them ▁want ▁it ▁under ▁oath — 9 3 ▁percent"
Oma,9493,"▁Mandate ▁of ▁Heaven , ▁wak ak aka . 

 Mand ate ▁of ▁Heaven 

 In ▁this ▁regard , ▁yes , ▁we ▁could ▁say ▁Mahat hir ▁had ▁been ▁treacherous ▁to ▁Ku ▁Li ▁in ▁not ▁keeping ▁his ▁words , ▁an ▁agreement ▁to ▁make ▁the ▁latter ▁as ▁his ▁DPM ▁as ▁Ku ▁Li ▁had ▁willingly ▁given ▁way ▁to ▁him ▁to ▁be ▁deputy ▁president ▁UM NO ▁and ▁of ▁course ▁the ▁PM , ▁but ▁then ▁what ▁do ▁you ▁expect ▁when ▁that ' s ▁UM NO , ▁a ▁veritable ▁nest ▁of ▁vip ers . 

 Nonetheless , ▁why ▁has ▁he ▁( Ma hat hir ) ▁complained ▁about ▁A AB ▁and ▁Najib ▁not ▁keeping ▁their ▁word ▁to ▁him ? ▁Didn ' t ▁he ▁set ▁the ▁example ▁vis - a - vis ▁Ku ▁Li ▁for ▁them"
Oma,9493,"▁obligation ▁to ▁remain ▁in ▁his ▁vehicle ▁--- ▁and ▁he ▁exited ▁his ▁vehicle ▁when ▁Martin ▁disappeared ▁from ▁sight . 

 Zimmer man ▁called ▁the ▁police ▁before ▁Martin ▁jumped ▁him ▁--- ▁and ▁MSNBC ▁deleted ▁parts ▁of ▁the ▁recorded ▁discussion ▁and ▁broadcast ▁it ▁to ▁make ▁it ▁look ▁like ▁Zimmerman ▁was ▁targeting ▁Martin ▁because ▁Martin ▁was ▁black ▁--- ▁rather ▁than ▁tail ing ▁Martin ▁because ▁he ▁was ▁wandering ▁around ▁in ▁the ▁dark ▁in ▁a ▁neighborhood ▁which ▁had ▁recently ▁suffered ▁some ▁break - ins ▁and ▁thwarted ▁other ▁break - ins . 

 This ▁was ▁MSNBC ' s ▁attempt ▁to ▁lynch ▁a ▁straw ▁horse , ▁a ▁so - called ▁"" white "" ▁Hispanic . ▁MSNBC ▁needed ▁a ▁black - white ▁confrontation ▁to ▁promote ▁their ▁own ▁racist , ▁anti - white ▁narrative ▁that ▁America ▁is"
Oma,9493,"▁obligation ▁to ▁remain ▁in ▁his ▁vehicle ▁--- ▁and ▁he ▁exited ▁his ▁vehicle ▁when ▁Martin ▁disappeared ▁from ▁sight . 

 Zimmer man ▁called ▁the ▁police ▁before ▁Martin ▁jumped ▁him ▁--- ▁and ▁MSNBC ▁deleted ▁parts ▁of ▁the ▁recorded ▁discussion ▁and ▁broadcast ▁it ▁to ▁make ▁it ▁look ▁like ▁Zimmerman ▁was ▁targeting ▁Martin ▁because ▁Martin ▁was ▁black ▁--- ▁rather ▁than ▁tail ing ▁Martin ▁because ▁he ▁was ▁wandering ▁around ▁in ▁the ▁dark ▁in ▁a ▁neighborhood ▁which ▁had ▁recently ▁suffered ▁some ▁break - ins ▁and ▁thwarted ▁other ▁break - ins . 

 This ▁was ▁MSNBC ' s ▁attempt ▁to ▁lynch ▁a ▁straw ▁horse , ▁a ▁so - called ▁"" white "" ▁Hispanic . ▁MSNBC ▁needed ▁a ▁black - white ▁confrontation ▁to ▁promote ▁their ▁own ▁racist , ▁anti - white ▁narrative ▁that ▁America ▁is"
Oma,9493,". ▁Israel ’ s ▁identity ▁is ▁now ▁big ▁enough ▁and ▁strong ▁enough ▁to ▁live ▁on ▁beyond ▁that ▁first ▁particular ▁group ▁of ▁people ▁who ▁fled ▁from ▁Egypt . ▁Israel ▁is ▁now ▁an ▁idea , ▁ready ▁to ▁plant ▁itself ▁in ▁the ▁ground ▁and ▁become ▁a ▁nation . ▁That ’ s ▁the ▁scroll ▁of ▁Numbers . 

 DE UTER ONOMY 

 “ Deuter onomy ,” ▁or ▁de var im ▁in ▁Hebrew , ▁is ▁the ▁last ▁of ▁the ▁five ▁sections ▁of ▁Torah . ▁It ▁starts ▁and ▁ends ▁with ▁narrative ▁bits , ▁but ▁the ▁bulk ▁of ▁the ▁book ▁consists ▁of ▁laws ▁and ▁admon itions ▁to ▁the ▁people ▁of ▁Israel , ▁presumably ▁from ▁the ▁priests . ▁There ▁is ▁a ▁lot ▁of ▁new ▁material , ▁but ▁also ▁much ▁that ▁is ▁recycled ▁and ▁expanded ▁from"
Oma,9493,". ▁Israel ’ s ▁identity ▁is ▁now ▁big ▁enough ▁and ▁strong ▁enough ▁to ▁live ▁on ▁beyond ▁that ▁first ▁particular ▁group ▁of ▁people ▁who ▁fled ▁from ▁Egypt . ▁Israel ▁is ▁now ▁an ▁idea , ▁ready ▁to ▁plant ▁itself ▁in ▁the ▁ground ▁and ▁become ▁a ▁nation . ▁That ’ s ▁the ▁scroll ▁of ▁Numbers . 

 DE UTER ONOMY 

 “ Deuter onomy ,” ▁or ▁de var im ▁in ▁Hebrew , ▁is ▁the ▁last ▁of ▁the ▁five ▁sections ▁of ▁Torah . ▁It ▁starts ▁and ▁ends ▁with ▁narrative ▁bits , ▁but ▁the ▁bulk ▁of ▁the ▁book ▁consists ▁of ▁laws ▁and ▁admon itions ▁to ▁the ▁people ▁of ▁Israel , ▁presumably ▁from ▁the ▁priests . ▁There ▁is ▁a ▁lot ▁of ▁new ▁material , ▁but ▁also ▁much ▁that ▁is ▁recycled ▁and ▁expanded ▁from"
Oma,9493,". ▁Israel ’ s ▁identity ▁is ▁now ▁big ▁enough ▁and ▁strong ▁enough ▁to ▁live ▁on ▁beyond ▁that ▁first ▁particular ▁group ▁of ▁people ▁who ▁fled ▁from ▁Egypt . ▁Israel ▁is ▁now ▁an ▁idea , ▁ready ▁to ▁plant ▁itself ▁in ▁the ▁ground ▁and ▁become ▁a ▁nation . ▁That ’ s ▁the ▁scroll ▁of ▁Numbers . 

 DE UTER ONOMY 

 “ Deuter onomy ,” ▁or ▁de var im ▁in ▁Hebrew , ▁is ▁the ▁last ▁of ▁the ▁five ▁sections ▁of ▁Torah . ▁It ▁starts ▁and ▁ends ▁with ▁narrative ▁bits , ▁but ▁the ▁bulk ▁of ▁the ▁book ▁consists ▁of ▁laws ▁and ▁admon itions ▁to ▁the ▁people ▁of ▁Israel , ▁presumably ▁from ▁the ▁priests . ▁There ▁is ▁a ▁lot ▁of ▁new ▁material , ▁but ▁also ▁much ▁that ▁is ▁recycled ▁and ▁expanded ▁from"
Oma,9493,". ▁Israel ’ s ▁identity ▁is ▁now ▁big ▁enough ▁and ▁strong ▁enough ▁to ▁live ▁on ▁beyond ▁that ▁first ▁particular ▁group ▁of ▁people ▁who ▁fled ▁from ▁Egypt . ▁Israel ▁is ▁now ▁an ▁idea , ▁ready ▁to ▁plant ▁itself ▁in ▁the ▁ground ▁and ▁become ▁a ▁nation . ▁That ’ s ▁the ▁scroll ▁of ▁Numbers . 

 DE UTER ONOMY 

 “ Deuter onomy ,” ▁or ▁de var im ▁in ▁Hebrew , ▁is ▁the ▁last ▁of ▁the ▁five ▁sections ▁of ▁Torah . ▁It ▁starts ▁and ▁ends ▁with ▁narrative ▁bits , ▁but ▁the ▁bulk ▁of ▁the ▁book ▁consists ▁of ▁laws ▁and ▁admon itions ▁to ▁the ▁people ▁of ▁Israel , ▁presumably ▁from ▁the ▁priests . ▁There ▁is ▁a ▁lot ▁of ▁new ▁material , ▁but ▁also ▁much ▁that ▁is ▁recycled ▁and ▁expanded ▁from"
Oma,9493,"▁of ▁local ▁Israeli ▁stations : ▁one ▁broadcasts ▁news ▁from ▁Y NET , ▁the ▁other ▁broadcasts ▁them ▁from ▁Channel ▁ 1 0 . ▁Israeli ▁Army ▁Radio ▁general ▁public ▁stations ▁broadcast ▁the ▁same ▁news ▁capsule ▁every ▁hour , ▁and ▁IBA ' s ▁Kol ▁Israel ▁stations ▁broadcast ▁theirs . 

 See ▁also 

 ▁List ▁of ▁news ▁channels 
 ▁Template : Japanese ▁television ▁networks 
 ▁Television ▁news ▁music ▁package 
 ▁List ▁of ▁news ▁presenters 
 ▁United ▁States ▁cable ▁news 
 ▁United ▁States ▁television ▁news 
 ▁Television ▁news ▁screen ▁layout 
 Live ▁streaming ▁world ▁news 

 Footnotes 

 Further ▁reading 

 ▁Charles ▁L . ▁Ponce ▁de ▁Leon , ▁That ' s ▁the ▁Way ▁It ▁Is : ▁A ▁History ▁of ▁Television ▁News ▁in ▁America . ▁Chicago : ▁University ▁of ▁Chicago ▁Press , ▁"
Oma,9493,"▁I ▁am ▁not ▁sure ▁what ▁is ▁to ▁happen ▁with ▁this ▁pair , ▁but ▁I ▁love ▁them ▁together ! ▁Don ’ t ▁know ▁why – maybe ▁it ▁is ▁the ▁older ▁guy ▁thing – the ▁maturity ▁and ▁knowledge ▁that ▁younger ▁males ▁seem ▁to … ▁lack . ▁Ah m . ▁Anyway , ▁the ▁romantic ▁relationships ▁are ▁not ▁nearly ▁as ▁complicated ▁in ▁Vampire ▁Academy ▁as ▁in ▁the ▁Blue ▁Blood s ▁series . ▁Don ’ t ▁get ▁me ▁wrong – love ▁them ▁both ▁and ▁really ▁love ▁the ▁complications ▁as ▁an ▁outside ▁looking ▁in – that ’ s ▁it . ▁🙂 

 ” ’ That ’ s ▁part ▁of ▁it , ▁‘ ▁he ▁said . ▁‘ But ▁also … ▁well , ▁you ▁and ▁I ▁will ▁both ▁be ▁L issa ’ s ▁guardians ▁someday"
Oma,9493,"▁I ▁am ▁not ▁sure ▁what ▁is ▁to ▁happen ▁with ▁this ▁pair , ▁but ▁I ▁love ▁them ▁together ! ▁Don ’ t ▁know ▁why – maybe ▁it ▁is ▁the ▁older ▁guy ▁thing – the ▁maturity ▁and ▁knowledge ▁that ▁younger ▁males ▁seem ▁to … ▁lack . ▁Ah m . ▁Anyway , ▁the ▁romantic ▁relationships ▁are ▁not ▁nearly ▁as ▁complicated ▁in ▁Vampire ▁Academy ▁as ▁in ▁the ▁Blue ▁Blood s ▁series . ▁Don ’ t ▁get ▁me ▁wrong – love ▁them ▁both ▁and ▁really ▁love ▁the ▁complications ▁as ▁an ▁outside ▁looking ▁in – that ’ s ▁it . ▁🙂 

 ” ’ That ’ s ▁part ▁of ▁it , ▁‘ ▁he ▁said . ▁‘ But ▁also … ▁well , ▁you ▁and ▁I ▁will ▁both ▁be ▁L issa ’ s ▁guardians ▁someday"
Oma,9493,"▁open ▁and ▁shut ▁case , ▁this ▁is ▁it ▁..."" 
 [ 9 ] ▁▁ Before ▁Ku hlmann , ▁a ▁change ▁in ▁applicable ▁law ▁seemed ▁to ▁guarantee ▁reconsideration ▁in ▁the ▁Eleventh ▁Circuit . ▁This ▁court ▁is ▁aware ▁of ▁no ▁published ▁case ▁regarding ▁successive ▁petitioners ▁in ▁which ▁the ▁Eleventh ▁Circuit ▁has ▁ever ▁denied ▁reconsideration ▁where ▁there ▁was ▁an ▁intervening ▁change ▁in ▁law ▁which ▁applied ▁retro actively ▁to ▁a ▁prisoner . ▁Cf ▁Young ▁v . ▁Kemp , ▁ 7 5 8 ▁F . 2 d ▁ 5 1 4 ▁( 1 1 th ▁Cir . 1 9 8 5 ); ▁Smith ▁v . ▁Kemp , ▁ 7 1 5 ▁F . 2 d ▁ 1 4 5 9 ▁( 1 1 th ▁Cir . 1 9 8 3 ); ▁Fleming"
Oma,9493,"▁ 2 0 1 1 . 

 This ▁fight ▁took ▁place ▁in ▁Sho oto . 

 “ Ram bo ” ▁almost ▁caught ▁O chi ▁with ▁an ▁ar mbar ▁in ▁the ▁first ▁round . ▁But ▁O chi ▁came ▁back ▁and ▁KO ’ d ▁Kos uke ▁in ▁the ▁second ▁round . ▁That ▁was ▁“ Ram bo ” ‘ s ▁first ▁pro ▁defeat ▁in ▁seven ▁fights . <bos> -- recursive 
 -- require ▁@ babel / register 
 <bos> Accounting 

 Surf ▁Works ▁offer ▁a ▁range ▁of ▁accounting ▁services ▁suitable ▁for ▁all ▁types ▁of ▁business . ▁Below , ▁we ▁have ▁listed ▁packages ▁suitable ▁for ▁sole ▁traders , ▁partnerships ▁and ▁limited ▁companies . ▁The ▁packages ▁can ▁be ▁fully ▁tailored ▁to ▁your ▁requirements ▁by ▁adding ▁extra ▁services ▁to ▁create ▁the ▁exact ▁service"
Oma,9493,"
 is ▁becoming ▁realized ▁while ▁the ▁ideals ▁the ▁Founders ▁stood ▁for ▁seems ▁to ▁be 
 radic ally ▁misunderstood .” 

 “ No , ▁wait 
 a ▁minute .” 

 “ No . ▁These ▁people ? 
 They ▁are ▁afraid . ▁And ▁maybe ▁for 
 too ▁long ▁we ’ ve ▁all ▁just ▁passively ▁accepted ▁that ▁those ▁elected ▁officials ▁embody 
 the ▁ideals ▁they ▁are ▁sworn ▁to ▁uphold . ▁We 
 haven ’ t ▁kept ▁an ▁eye ▁on ▁them . ▁Now ▁their ▁grand standing ▁seems ▁divided ▁on ▁party ▁lines , ▁exacerbated ▁by ▁the ▁tension ▁in ▁the ▁air .” 

 “ That ’ s 
 not ▁the ▁law . ▁That ▁is ▁not ▁what ▁it 
 says . ▁We ▁have ▁a ▁responsibility ▁to ▁the 
 citizens ▁of ▁this ▁country . ▁And"
Oma,9493,"(), 
 ▁▁▁▁ success : ▁function ▁( data ) ▁{ 
 ▁▁▁▁▁▁▁▁ console . log ( data ); 
 ▁▁▁▁ }, 
 ▁▁▁▁ error : ▁function ( jq XHR , ▁textStatus , ▁errorMessage ) ▁{ 
 ▁▁▁▁▁▁▁▁ console . log ( errorMessage ); ▁// ▁Optional 
 ▁▁▁▁ } 
 }); 
 }) 

 and ▁that ' s ▁my ▁AJAX ▁code . ▁But ▁when ▁I ▁click ▁on ▁Search ▁button ▁it ▁redirects ▁me ▁to ▁the ▁new ▁page ▁and ▁nothing ▁in ▁the ▁console ▁log . ▁I ▁do ▁not ▁know ▁what ▁is ▁wrong ▁in ▁my ▁code . 
 I ▁return ▁a ▁JSON ▁from ▁the ▁'/ age / min _ age / max _ age ' ▁page , ▁but ▁the ▁result ▁shows ▁in ▁the ▁new ▁page . 
 How ▁can ▁I ▁fix"
Oma,9493,"(), 
 ▁▁▁▁ success : ▁function ▁( data ) ▁{ 
 ▁▁▁▁▁▁▁▁ console . log ( data ); 
 ▁▁▁▁ }, 
 ▁▁▁▁ error : ▁function ( jq XHR , ▁textStatus , ▁errorMessage ) ▁{ 
 ▁▁▁▁▁▁▁▁ console . log ( errorMessage ); ▁// ▁Optional 
 ▁▁▁▁ } 
 }); 
 }) 

 and ▁that ' s ▁my ▁AJAX ▁code . ▁But ▁when ▁I ▁click ▁on ▁Search ▁button ▁it ▁redirects ▁me ▁to ▁the ▁new ▁page ▁and ▁nothing ▁in ▁the ▁console ▁log . ▁I ▁do ▁not ▁know ▁what ▁is ▁wrong ▁in ▁my ▁code . 
 I ▁return ▁a ▁JSON ▁from ▁the ▁'/ age / min _ age / max _ age ' ▁page , ▁but ▁the ▁result ▁shows ▁in ▁the ▁new ▁page . 
 How ▁can ▁I ▁fix"
Oma,9493,"6 ▁billion ▁versus ▁ 7 4 0 ▁billion ▁total , ▁or ▁ 4 . 7 %. ▁If ▁this ▁doesn ' t ▁scare ▁you ▁wit less , ▁nothing ▁will . ▁Your ▁mind ▁is ▁gone . ▁You ▁have ▁exited ▁the ▁reality ▁highway . ▁You ▁have ▁achieved ▁the ▁nirvana ▁of ▁total ▁mental ▁drift , ▁and ▁you ▁are ▁floating ▁in ▁a ▁warm ▁sea ▁of ▁dis association . ▁There ▁is ▁also ▁WIC , ▁which ▁at ▁ 4 . 8 ▁billion ▁in ▁FY ▁ 2 0 1 2 ▁gets ▁us ▁to ▁more ▁like ▁ 9 . 5 % ▁of ▁basic ▁food ▁expenditures . All ▁this ▁money , ▁and ▁the ▁increasing ▁population ▁is ▁buying ▁less ▁food ▁per ▁capita ? ▁This ▁is ▁Japanese - style ▁deflation . ▁The ▁following ▁BEA - generated ▁chart ▁shows ▁CURRENT"
Oma,9493,"6 ▁billion ▁versus ▁ 7 4 0 ▁billion ▁total , ▁or ▁ 4 . 7 %. ▁If ▁this ▁doesn ' t ▁scare ▁you ▁wit less , ▁nothing ▁will . ▁Your ▁mind ▁is ▁gone . ▁You ▁have ▁exited ▁the ▁reality ▁highway . ▁You ▁have ▁achieved ▁the ▁nirvana ▁of ▁total ▁mental ▁drift , ▁and ▁you ▁are ▁floating ▁in ▁a ▁warm ▁sea ▁of ▁dis association . ▁There ▁is ▁also ▁WIC , ▁which ▁at ▁ 4 . 8 ▁billion ▁in ▁FY ▁ 2 0 1 2 ▁gets ▁us ▁to ▁more ▁like ▁ 9 . 5 % ▁of ▁basic ▁food ▁expenditures . All ▁this ▁money , ▁and ▁the ▁increasing ▁population ▁is ▁buying ▁less ▁food ▁per ▁capita ? ▁This ▁is ▁Japanese - style ▁deflation . ▁The ▁following ▁BEA - generated ▁chart ▁shows ▁CURRENT"
Oma,9493,"▁interpret ▁the ▁meaning ▁of ▁the ▁message . ▁This ▁is ▁privacy ▁in ▁action . 

 And ▁here ' s ▁an ▁excerpt ▁from ▁the ▁First ▁Monday ▁article : 

 Furthermore , ▁many ▁parents ▁reported ▁that ▁they ▁helped ▁their ▁children ▁create ▁their ▁accounts . ▁Among ▁the ▁ 8 4 ▁percent ▁of ▁parents ▁who ▁were ▁aware ▁when ▁their ▁child ▁first ▁created ▁the ▁account , ▁ 6 4 ▁percent ▁helped ▁create ▁the ▁account . ▁Among ▁those ▁who ▁knew ▁that ▁their ▁child ▁joined ▁below ▁the ▁age ▁of ▁ 1 3 ▁— ▁even ▁if ▁the ▁child ▁is ▁now ▁older ▁than ▁ 1 3 ▁— ▁over ▁two – thirds ▁( 6 8 ▁percent ) ▁indicated ▁that ▁they ▁helped ▁their ▁child ▁create ▁the ▁account . ▁Of ▁those ▁with ▁children ▁who ▁are ▁currently ▁under ▁ 1 3"
Oma,9493,"▁steady . ▁They ▁are ▁not ▁very ▁different ▁from ▁the ▁prior ▁year ' s . ▁This ▁is ▁the ▁current ▁release , ▁and ▁with ▁it ▁I ▁gr ump ily ▁concede ▁that ▁claims ▁are ▁in ▁the ▁ 3 8 0 s ▁rather ▁than ▁the ▁ 3 7 0 s ▁where ▁I ▁wanted ▁them ▁to ▁be . ▁While ▁not ▁dire , ▁this ▁is ▁an ▁unfavorable ▁development . All - important ▁inventories ▁to ▁sales ▁ratios ▁- ▁Total ▁business ▁remains ▁where ▁it ▁has ▁been ▁cycling , ▁which ▁obsc ures ▁the ▁unhappy ▁fact ▁that ▁the ▁reason ▁we ▁are ▁seeing ▁the ▁slow ▁down ▁in ▁production - type ▁PM Is ▁is ▁that ▁it ▁is ▁cycling ▁- ▁businesses ▁are ▁not ching ▁down ▁employment ▁in ▁order ▁to ▁keep ▁it ▁cycling . ▁The ▁forward ▁impetus ▁you ▁get ▁by ▁looking"
Oma,9493,"▁ain ' t ▁exactly ▁asking ▁him ▁to ▁play ▁in ▁goal ▁or ▁right ▁back ▁, ▁he ▁may ▁not ▁be ▁as ▁effective ▁in ▁that ▁place ▁but ▁that ' s ▁up ▁to ▁Jose ▁where ▁he ▁gets ▁the ▁best ▁out ▁of ▁the ▁lad ▁. 

 The ▁jury ▁is ▁out ▁on ▁where ▁Pogba ▁should ▁play ▁but ▁that ▁ain ' t ▁Jose ' s ▁, ▁fault ▁for ▁me ▁I ▁think ▁he ▁should ▁be ▁a ▁numb ▁ 1 0 ▁behind ▁in ▁the ▁present ▁side ▁Sanchez , ▁but ▁then ▁Jose ▁is ▁relying ▁to ▁much ▁on ▁Mat ic ▁, ▁has ▁Fell ani ▁injured ▁( ▁and ▁possibly ▁in ▁the ▁departure ▁lounge ) ▁Herrera ▁not ▁good ▁enough ▁but ▁ultimately ▁have ▁to ▁use ▁him ▁the ▁kid ▁who ▁played ▁Sat ▁plus ▁Carrick ▁finished ▁and ▁a ▁makeshift ▁Blind . 

 As"
Oma,9493,"▁ 
 That ▁is ▁my ▁code : 
 ▁▁▁▁ < script ▁type ="" text / javascript ""> ▁▁▁▁▁ 
 ▁▁▁▁ function ▁change Font (_ name ) ▁{ 
 ▁▁▁▁▁▁▁▁ document . body . style . fontFamily ▁= ▁_ name ; 
 ▁▁▁▁▁▁▁▁ document . textarea ▁= ▁_ name ; 
 ▁▁▁▁ } ▁ 
 ▁▁▁▁ </ script > 

 </ head > 
 < body ▁style ="" font - family ""> ▁▁▁ 
 ▁▁▁▁ < form ▁id ="" my form ""> 
 ▁▁▁▁▁▁▁▁ < input ▁type ="" text "" ▁/> ▁ 
 ▁▁▁▁▁▁▁▁ < button > erase </ button > ▁ 
 ▁▁▁▁▁▁▁▁ < select ▁id ="" fs "" ▁on change ="" change Font ( this . value ); ""> 
 ▁▁▁▁▁▁▁▁▁▁▁▁ < option ▁value ="" arial"
Oma,9493,"▁to ▁own ▁a 
 Think pad ▁with ▁a ▁hardware ▁kill ▁switch ▁for ▁WiFi . ▁It ▁was ▁useful , ▁even ▁aside ▁from 
 the ▁privacy ▁benefits .) 

 ~~~ 
 orth ogon 
 I ▁think ▁you ' re ▁neglecting ▁a ▁key ▁detail : ▁alternatives ▁are ▁hardly ▁even ▁on ▁the 
 shel ves , ▁and ▁NO ▁ONE ▁QUESTIONS ▁IT . 

 ▁▁▁▁ 
 ▁▁▁▁ 
 ▁▁▁▁▁▁ > ▁Oh , ▁well , ▁that ' s ▁just ▁ 
 ▁▁▁▁▁▁▁▁ supply ▁and ▁demand , ▁of ▁ 
 ▁▁▁▁▁▁▁▁ course ! 
 ▁▁▁▁ 
 ▁▁▁▁▁▁ > ▁Everyone ▁just ▁W ANTS ▁an ▁ 
 ▁▁▁▁▁▁▁▁ always ▁on ▁internet ▁connection ! 
 ▁▁▁▁ 
 ▁▁▁▁▁▁ > ▁Why ▁would ▁anyone ▁ever ▁remove 
 ▁▁▁▁▁▁▁▁ the ▁battery ▁from ▁their ▁ 
 ▁▁▁▁▁▁▁▁ cell ▁phone ??? 
"
Oma,9493,"1 6 . ▁I ▁don ’ t ▁know ▁when ▁they ▁[ Joseph ▁and ▁Deborah ] ▁were ▁married ▁but ▁probably ▁about ▁ 1 8 3 8 ▁for ▁their ▁oldest ▁son ▁was ▁born ▁about ▁ 1 8 4 0 . ▁That ▁was ▁Uncle ▁Henry . 

 Joseph ▁and ▁Deborah ▁had ▁three ▁children ▁together ▁before ▁she ▁died ▁about ▁ 1 8 5 4 . ▁Joseph ▁married ▁for ▁the ▁third ▁time ▁on ▁November ▁ 1 1 , ▁ 1 8 6 0 ▁to ▁a ▁widow , ▁Mah ala ▁Harper ▁Shelton ▁of ▁Jackson ▁County . ▁The ▁ 1 8 6 0 ▁census ▁list ▁Joseph ▁as ▁age ▁sixty ▁seven ▁with ▁personal ▁property ▁worth ▁$ 1 5 0 0 ▁and ▁real ▁estate ▁worth ▁$ 1 5 0 0 . ▁While ▁he ▁was ▁not ▁a"
Oma,9493,"

 This ▁is ▁my ▁first ▁re - election ▁campaign ▁for ▁Congress . ▁I ’ ve ▁worked ▁hard ▁— ▁really ▁hard ▁— ▁to ▁do ▁the ▁people ’ s ▁work , ▁but ▁I ▁need ▁your ▁help . ▁We ▁can ’ t ▁take ▁this ▁election ▁for ▁granted ▁and ▁I ’ m ▁working ▁hard ▁to ▁earn ▁every ▁vote . ▁I ▁need ▁you . ▁Together , ▁we ▁can ▁be ▁victorious ▁in ▁ 2 0 1 6 . 

 Support ▁is ▁Building 

 I ’ m ▁honored ▁to ▁have ▁recently ▁earned ▁the ▁endorsements ▁of ▁the ▁Michigan ▁State ▁AFL - CIO , ▁United ▁Auto ▁Workers ▁Region ▁ 1 , ▁Michigan ▁Regional ▁Council ▁of ▁Car penters ▁and ▁Mill wrights , ▁American ▁Federation ▁of ▁Teachers - Michigan , ▁Sheet ▁Metal ▁Workers ▁Local ▁ 8 0 ,"
Oma,9493,"</ option > 
 ▁▁ </ opt group > 
 ▁▁ < opt group ▁label =""[ hel ] ""> 
 ▁▁▁▁ < option ▁value ="" 4 ""> hel </ option > 
 ▁▁ </ opt group > 
 </ select > 

 <bos> Q : 

 Trans lating ▁BYTE ▁Reserved 1 [ 2 4 ] ▁to ▁js ctypes 

 This ▁is ▁the ▁MSD N ▁defin tion : 
 typedef ▁struct ▁_ SYSTEM _ BASIC _ INFORMATION ▁{ 
 ▁▁▁▁ BYTE ▁Reserved 1 [ 2 4 ]; 
 ▁▁▁▁ P VOID ▁Reserved 2 [ 4 ]; 
 ▁▁▁▁ C CHAR ▁Number Of Processors ; 
 } ▁SYSTEM _ BASIC _ INFORMATION ; 

 This ▁guy ▁converted ▁it ▁to ▁this ▁in ▁js - ctypes : 
 var ▁SYSTEM _"
Oma,9493,"This ▁is ▁my ▁answer ▁to ▁the ▁original ▁question ▁( https :// mat hover flow . net / a / 3 2 7 0 2 2 / 5 0 2 4 4 ) ▁whether ▁these ▁numbers ▁are ▁integers ▁to ▁begin ▁with , ▁it ▁gives ▁some ▁combinatorial ▁meaning ▁as ▁well : 
 Use ▁the ▁formulas 
 $ F ( n ) ▁= ▁\ frac {\ varphi ^ n ▁-\ psi ^ n }{\ sqrt { 5 }}$, ▁$\ varphi ▁=\ frac { 1 +\ sqrt { 5 }}{ 2 }, ▁\ psi ▁= ▁\ frac { 1 -\ sqrt { 5 }}{ 2 }$. ▁Let ▁$ q =\ frac {\ psi }{\ varphi } ▁= ▁\ frac {\ sqrt { 5 }- 3 }{ 2 }$, ▁so ▁that 
"
Oma,9493,"This ▁is ▁my ▁answer ▁to ▁the ▁original ▁question ▁( https :// mat hover flow . net / a / 3 2 7 0 2 2 / 5 0 2 4 4 ) ▁whether ▁these ▁numbers ▁are ▁integers ▁to ▁begin ▁with , ▁it ▁gives ▁some ▁combinatorial ▁meaning ▁as ▁well : 
 Use ▁the ▁formulas 
 $ F ( n ) ▁= ▁\ frac {\ varphi ^ n ▁-\ psi ^ n }{\ sqrt { 5 }}$, ▁$\ varphi ▁=\ frac { 1 +\ sqrt { 5 }}{ 2 }, ▁\ psi ▁= ▁\ frac { 1 -\ sqrt { 5 }}{ 2 }$. ▁Let ▁$ q =\ frac {\ psi }{\ varphi } ▁= ▁\ frac {\ sqrt { 5 }- 3 }{ 2 }$, ▁so ▁that 
"
Oma,9493,"0 2 ▁▁▁▁▁ 4 ▁▁▁▁▁▁▁▁▁▁▁▁▁▁▁ 0 , 0 3 ▁▁▁▁▁▁▁▁▁▁ CURRENCY ▁▁▁▁▁▁ 2 0 1 4 - 0 7 - 2 3 ▁ 1 0 : 4 5 : 4 1 
 2 1 ▁▁▁▁ 4 0 8 0 0 2 ▁▁▁▁▁ 6 ▁▁▁▁▁▁▁▁▁▁▁▁▁▁▁ 0 , 0 1 5 ▁▁▁▁▁▁▁▁▁ PERCENT UAL ▁▁▁▁ 2 0 1 4 - 0 7 - 2 3 ▁ 1 0 : 4 5 : 1 8 

 What ▁is ▁wrong ▁in ▁my ▁SQL ? 

 A : 

 This ▁is ▁your ▁query : 
 SELECT ▁* 
 FROM ▁( SELECT ▁* 
 ▁▁▁▁▁▁ FROM ▁user _ com ission _ configuration _ history 
 ▁▁▁▁▁▁ ORDER ▁BY ▁on _ date ▁DESC 
 ▁▁▁▁▁ ) ▁AS ▁ordered _ history 
 WHERE ▁user _"
Oma,9493,"▁it ▁moves ▁forward ; ▁read ▁more ▁about ▁that ▁effort ▁here . ▁I ▁haven ' t ▁seen ▁too ▁much ▁technical ▁information ▁flowing ▁from ▁the ▁Open ▁Compute ▁Summit , ▁although ▁James ▁Hamilton ▁of ▁Amazon ▁posted ▁his ▁slides ▁online ▁here : ▁here 

 Meanwhile ▁( was ▁this ▁part ▁of ▁the ▁summit , ▁or ▁independent ?), ▁the ▁team ▁at ▁Anand Tech ▁have ▁done ▁some ▁independent ▁testing ▁of ▁the ▁Open ▁Compute ▁server ▁components ; ▁in ▁their ▁conclusion , ▁they ▁commend ▁the ▁Open ▁Compute ▁work ▁as ▁showing ▁tremendous ▁potential : 

 The ▁Facebook ▁Open ▁Compute ▁servers ▁have ▁made ▁quite ▁an ▁impression ▁on ▁us . ▁Remember , ▁this ▁is ▁Facebook ' s ▁first ▁attempt ▁to ▁build ▁a ▁cloud ▁server ! ▁This ▁server ▁uses ▁very ▁little ▁power ▁when ▁running ▁at ▁low ▁load ▁( see ▁our"
Oma,9493,"▁relationship ▁with ▁both . 

 Here ▁we ▁have ▁a ▁club ▁with ▁a ▁fanbase ▁essentially ▁stretching ▁in ▁a ▁thin ▁strip ▁from ▁Lad broke ▁Grove ▁to ▁Heathrow , ▁and ▁a ▁crowd ▁of ▁ 1 8 , 0 0 0 . ▁Fans ▁of ▁the ▁club ▁are ▁at ▁their ▁happiest ▁when ▁the ▁team ▁is ▁passing ▁the ▁ball , ▁playing ▁attacking ▁attractive ▁football , ▁the ▁players ▁are ▁smiling ▁and ▁the ▁shirt ▁has ▁a ▁clear , ▁broad ▁blue ▁hoop . ▁That ▁is ▁it . ▁With ▁that ▁approach ▁they ▁won ▁the ▁Championship ▁in ▁ 2 0 1 1 , ▁and ▁that ▁strip ▁of ▁West ▁London ▁smiled . ▁A ▁local ▁joyful ▁experience ▁that ▁had ▁nationwide ▁moment ▁in ▁the ▁sun . 

 Yet ▁the ▁promised - land ▁is ▁the ▁global ▁multinational ▁Barclays ▁Premier ▁League , ▁where"
Oma,9493,"▁relationship ▁with ▁both . 

 Here ▁we ▁have ▁a ▁club ▁with ▁a ▁fanbase ▁essentially ▁stretching ▁in ▁a ▁thin ▁strip ▁from ▁Lad broke ▁Grove ▁to ▁Heathrow , ▁and ▁a ▁crowd ▁of ▁ 1 8 , 0 0 0 . ▁Fans ▁of ▁the ▁club ▁are ▁at ▁their ▁happiest ▁when ▁the ▁team ▁is ▁passing ▁the ▁ball , ▁playing ▁attacking ▁attractive ▁football , ▁the ▁players ▁are ▁smiling ▁and ▁the ▁shirt ▁has ▁a ▁clear , ▁broad ▁blue ▁hoop . ▁That ▁is ▁it . ▁With ▁that ▁approach ▁they ▁won ▁the ▁Championship ▁in ▁ 2 0 1 1 , ▁and ▁that ▁strip ▁of ▁West ▁London ▁smiled . ▁A ▁local ▁joyful ▁experience ▁that ▁had ▁nationwide ▁moment ▁in ▁the ▁sun . 

 Yet ▁the ▁promised - land ▁is ▁the ▁global ▁multinational ▁Barclays ▁Premier ▁League , ▁where"
Oma,9493,"This ▁is ▁the ▁users pace ▁part ▁of ▁the ▁Linux ▁Auditing ▁System , ▁which ▁is ▁a ▁more ▁secure ▁way ▁of ▁logging ▁kernel - level ▁events ▁than ▁sys log . ▁Among ▁other ▁things , ▁it ▁records ▁SEL in ux ▁alerts . ▁Strictly ▁speaking , ▁you ▁don ' t ▁need ▁it . 

 ava hi - daemon ▁ 0 : off ▁ 1 : off ▁ 2 : off ▁ 3 : on ▁ 4 : on ▁ 5 : on ▁ 6 : off 

 This ▁is ▁for ▁auto discovery ▁of ▁services ▁on ▁a ▁network ▁— ▁printers ▁being ▁a ▁big ▁example . ▁It ' s ▁not ▁required . 

 cpus peed ▁ 0 : off ▁ 1 : on ▁ 2 : on ▁ 3 : on ▁ 4"
Oma,9493,"▁decrease ▁braking ▁performance ? 

 It ▁would ▁be ▁highly ▁unusual ▁for ▁the ▁use ▁of ▁one ▁pad ▁material ▁to ▁interfere ▁with ▁the ▁efficacy ▁of ▁another ▁material ▁on ▁a ▁standard ▁metal ▁rotor ▁in ▁such ▁a ▁way ▁as ▁to ▁noticeably ▁affect ▁braking ▁performance , ▁particularly ▁if ▁the ▁rotor ▁were ▁thoroughly ▁cleaned ▁beforehand . ▁That ' s ▁my ▁opinion . ▁There ▁may ▁be ▁some ▁kind ▁of ▁materials ▁scientist ▁out ▁there ▁who ▁may ▁know ▁about ▁something ▁going ▁on ▁in ▁the ▁meso - scale ▁that ▁I ▁don ' t ▁who ▁may ▁disagree ▁with ▁what ▁I ▁just ▁said , ▁but ▁I ▁don ' t ▁think ▁so . 

 As ▁far ▁as ▁I ' m ▁concerned ▁there ' s ▁no ▁need ▁to ▁do ▁anything ▁to ▁the ▁rotor ▁when ▁switching ▁between ▁different ▁types ▁of ▁pads ."
Oma,9493,"t ▁understand , ▁but ▁that ' s ▁life . 

 If ▁your ▁horse ▁chestnuts ▁are ▁suffering ▁from ▁leaf ▁miner ▁( brown ▁yellow ▁tinge ▁towards ▁the ▁end ▁of ▁the ▁leaves ▁from ▁the ▁middle ▁of ▁summer ) ▁the ▁best ▁thing ▁for ▁the ▁trees ▁health ▁is ▁to ▁burn ▁the ▁leaves ▁as ▁it ▁will ▁reduce ▁the ▁infestation ▁next ▁year . 

 Otherwise ▁I ▁would ▁advocate ▁composting , ▁you ▁could ▁save ▁yourself ▁a ▁fortune ▁on ▁bark ▁mulch . 

 My ▁big ▁horse ▁che sn ut ▁has ▁leaf ▁miner ▁- ▁seems ▁to ▁cause ▁it ▁no ▁problems ▁whatsoever , ▁masses ▁of ▁con kers ▁this ▁year ! ▁Each ▁autumn ▁I ▁take ▁about ▁ 1 0 ▁bags ▁of ▁leaves ▁to ▁the ▁tip , ▁If ▁I ▁leave ▁the ▁on ▁the ▁lawn ▁they ▁kill ▁the ▁grass . ▁My"
Oma,9493,": 

 "" Are ▁you ▁trying ▁to ▁tell ▁me ▁that ▁if ▁I ▁am ▁not ▁nice ▁to ▁you , ▁you ▁are ▁going ▁to ▁fire ▁me ?"" 

 "" I ' m ▁not ▁doing ▁anything . ▁This ▁is ▁your ▁choice ."" ▁David ▁sat ▁back ▁in ▁his ▁chair ▁looking ▁smug , ▁as ▁if ▁he ▁really ▁thought ▁sh ▁would ▁change ▁her ▁mind . 

 Hon ▁Hoh , ▁a ▁teacher ▁of ▁the ▁Revelation , ▁takes ▁readers ▁on ▁a ▁riveting ▁journey 

 Do ▁each ▁of ▁us ▁play ▁a ▁role ▁in ▁the ▁kingdom ▁of ▁God ? ▁Can ▁the ▁choices ▁we ▁make ▁affect ▁God ’ s ▁timing ▁of ▁future ▁events ? ▁Hon ▁Hoh ▁examines ▁these ▁questions ▁while ▁taking ▁his ▁readers ▁on ▁a ▁riveting ▁adventure ▁in ▁The ▁Trigger : ▁A ▁Novel ▁on ▁the ▁Revelation . ▁Through"
Oma,9493,"▁of ▁hell ▁... ▁cost ▁them ▁a ▁small ▁fortune . ▁I ▁asked ▁the ▁Plant ▁Manager ▁if ▁it ▁was ▁OK ▁if ▁I ▁looked ▁into ▁it ▁... ▁he ▁thought ▁I ▁was ▁crazy ▁but ▁he ▁hum ored ▁me ▁... ▁told ▁me ▁not ▁to ▁hurt ▁myself ▁... ▁I ▁was ▁just ▁a ▁"" bean ▁counter "". ▁It ▁took ▁me ▁and ▁the ▁head ▁of ▁maintenance ▁less ▁than ▁ 1 ▁week ▁to ▁find ▁the ▁problem ▁... ▁and ▁the ▁problem ▁never ▁recur red ▁in ▁the ▁following ▁three ▁years . ▁Done ! ▁I ' ve ▁got ▁dozen ▁of ▁similar ▁stories ▁... ▁all ▁the ▁same . ▁Ordinary ▁scientists ▁can ' t ▁do ▁shit ▁... ▁they ' re ▁there ▁for ▁the ▁paycheck ▁... ▁that ' s ▁it ."" ▁"" Hell , ▁tell ▁me ▁about ▁it . ▁( pause )"
Oma,9493,"▁of ▁course . ▁There ▁is ▁a ▁relatively ▁high ▁current ▁error ▁in ▁this ▁report ▁for ▁each ▁month ' s ▁data , ▁but ▁the ▁three - month ▁totals ▁should ▁have ▁much ▁less ▁variance . ▁Grocery ▁store ▁sales ▁dropped ▁in ▁November ▁in ▁comparison ▁to ▁October , ▁which ▁is ▁a ▁sign ▁that ▁consumers ▁aren ' t ▁that ▁flush . ▁Food ▁spending ▁dropped ▁in ▁Q 4 ▁last ▁year ▁as ▁well ; ▁consumers ▁cut ▁their ▁food ▁expenditures ▁to ▁pay ▁for ▁other ▁spending . ▁This , ▁btw , ▁is ▁the ▁biggest ▁single ▁indicator ▁that ▁we ▁are ▁in ▁a ▁recession , ▁and ▁it ▁is ▁truly ▁an ▁amazing ▁one , ▁due ▁to ▁the ▁continued ▁expansion ▁of ▁the ▁SNAP ▁( food ▁stamp ) ▁program . ▁It ▁is ▁Table ▁ 2 . 3 . 6 , ▁real -"
Oma,9493,"ern 2 mu \ underline {\ mk ern - 2 mu \ smash { K }\ mk ern - 2 mu }\ mk ern 2 mu ▁}_{\ alpha ▁}. ▁▁ \ label { sb acca }\ end { aligned }$$ ▁This ▁is ▁the ▁background ▁field ▁action ▁we ▁are ▁going ▁to ▁work ▁with . ▁It ▁is ▁straightforward ▁to ▁check ▁that ▁( \[ sb acca \] ) ▁satisfies ▁$\ llbracket ▁S , S \ rrbracket ▁= 0 $. 

 #### ▁Separ ating ▁the ▁background ▁and ▁quantum ▁sectors 

 Now ▁we ▁separate ▁the ▁background ▁sector ▁from ▁the ▁quantum ▁sector . ▁To ▁do ▁this ▁properly ▁we ▁need ▁to ▁make ▁further ▁assumptions . 

 First , ▁we ▁assume ▁that ▁there ▁exists ▁a ▁choice ▁of ▁field ▁variables ▁where ▁the ▁functions ▁$ R ^{\"
Oma,9493,"▁nurse ▁manager ▁had ▁skills ▁to ▁understand ▁the ▁feelings ▁of ▁another ▁person ▁and ▁supported ▁him / her ▁by ▁listening ▁sensi tively . ▁Both ▁s / he ▁and ▁his / her ▁personnel ▁trusted ▁each ▁other . ▁Nurses ▁reported ▁that ▁this ▁encouraged ▁the ▁employees ▁to ▁discuss ▁their ▁personal ▁concerns ▁with ▁the ▁nurse ▁manager . ▁""*"" The ▁way ▁to ▁act , ▁pay ▁attention ▁to ▁the ▁employee , ▁do ▁you ▁listen ▁to ▁her ▁or ▁not , ▁that ▁is ▁the ▁basic ▁question ."" *"" 

 On ▁the ▁other ▁hand , ▁supervisors ▁reported ▁that ▁leading ▁could ▁be ▁too ▁solicit ous , ▁in ▁a ▁completely ▁mother ly ▁way . ▁The ▁basis ▁of ▁the ▁leadership ▁style ▁could ▁be ▁supporting ▁the ▁well - being ▁and ▁job ▁satisfaction ▁of ▁the ▁employees ; ▁this ▁might ▁be ▁more ▁important ▁than"
Oma,9493,"▁previously ▁addressed ▁by ▁the ▁appellate ▁courts ▁of ▁this ▁state . ▁However , ▁because ▁proof ▁of ▁self - insurance ▁would ▁prevent ▁an ▁employer ▁from ▁having ▁to ▁pay ▁the ▁double ▁penalty ▁provision , ▁we ▁find ▁that ▁establishing ▁such ▁proof ▁should ▁properly ▁be ▁the ▁employer ' s ▁burden . 
 In ▁Mobile ▁Lin ers , ▁Inc . ▁v . ▁McConnell , ▁ 2 2 0 ▁Ala . ▁ 5 6 2 , ▁ 1 2 6 ▁So . ▁ 6 2 6 ▁( 1 9 3 0 ), ▁our ▁supreme ▁court ▁was ▁confronted ▁with ▁the ▁question ▁of ▁who ▁had ▁the ▁burden ▁of ▁proof ▁with ▁regard ▁to ▁establishing ▁the ▁number ▁of ▁employees ▁regularly ▁employed ▁by ▁an ▁employer . ▁In ▁that ▁situation , ▁the ▁court ▁noted ▁that ▁because ▁the ▁code ▁section ▁concerning"
Oma,9493,". support . constraint . ConstraintLayout > 

 Im ▁also ▁using ▁the ▁latest ▁version ▁of ▁Constraint Layout 
 compile ▁' com . android . support . constraint : constraint - layout : 1 . 0 . 2 ' 

 A : 

 You ▁need ▁to ▁add : 

 android : gravity ="" center "" 

 to ▁the ▁TextView . 
 This ▁is ▁the ▁only ▁certain ▁way ▁to ▁center ▁the ▁text ▁inside ▁a ▁TextView ▁object ▁or ▁one ▁of ▁its ▁subclasses . 
 The ▁android : textAlignment ▁is ▁not ▁working ▁in ▁all ▁the ▁cases ▁and ▁as ▁reported ▁by ▁this ▁answer ▁that ▁it ▁has ▁problems ▁in ▁lower ▁API ▁levels . ▁ 

 <bos> 2 0 1 7 ▁XIX O ▁Ladies ▁Open ▁H ód mez ő vás ár hely ▁– ▁Doubles"
Oma,9493,"▁API ▁is ▁very ▁similar ▁to ▁Flash ▁itself . ▁However , ▁there ▁were ▁some ▁small ▁details ▁that ▁had ▁some ▁impact ▁during ▁development , ▁making ▁me ▁feel ▁somewhat ▁uneasy ▁the ▁whole ▁time ▁I ▁was ▁writing ▁the ▁game . ▁It ▁was , ▁again , ▁the ▁right ▁thing ▁to ▁do , ▁but ▁I ▁should ▁have ▁used ▁Starling ▁more ▁deeply ▁before ▁( which ▁is ▁the ▁con undrum : ▁I ▁used ▁it ▁for ▁Lud um ▁Dare ▁just ▁so ▁I ▁could ▁learn ▁more ▁about ▁it ). 

 Argument ▁and ▁user ▁experience 

 One ▁final ▁aspect ▁of ▁the ▁game ▁that ▁I ▁learned ▁is ▁that ▁making ▁the ▁game ▁obvious ▁for ▁your ▁players ▁goes ▁a ▁long ▁way ▁into ▁making ▁it ▁fun . ▁If ▁you ▁have ▁to ▁spend ▁the ▁longest ▁time ▁explaining ▁things , ▁your ▁game ▁is ▁doing"
Oma,9493,"▁▁▁▁▁▁▁▁▁▁▁▁▁▁▁▁▁▁▁▁▁▁▁▁▁▁▁▁▁▁▁ ▁▁▁▁▁▁▁▁▁▁▁▁▁▁▁▁▁▁▁▁▁▁▁▁▁▁▁▁▁▁▁ ▁▁▁▁▁▁▁▁▁▁▁▁▁▁▁▁▁▁▁▁▁▁▁▁▁▁▁▁▁▁▁ ▁▁▁▁▁▁▁▁▁▁▁▁▁▁▁▁▁▁▁▁▁▁▁▁▁▁▁▁▁▁▁ ▁▁▁▁▁▁▁▁▁▁▁▁▁▁▁▁▁▁▁▁▁▁▁▁▁▁▁▁▁▁▁ ▁▁▁▁▁▁▁▁▁▁▁▁▁▁▁▁▁▁▁▁▁▁▁▁▁▁▁▁▁▁▁ Codes ▁▁▁▁▁▁▁▁▁▁▁▁▁▁▁▁▁▁▁▁▁▁▁▁▁▁▁▁▁▁▁ ▁▁▁▁▁▁▁▁▁▁▁▁▁▁▁▁▁▁▁▁▁▁▁▁▁▁▁▁▁▁▁ ▁▁▁▁▁▁▁▁▁▁▁▁ Sub category ▁▁▁▁▁▁▁▁▁▁▁▁▁▁▁▁▁▁▁▁▁▁▁▁▁▁▁▁▁▁▁ ▁▁▁▁▁▁▁▁▁▁▁▁▁▁▁▁ Category 
 ▁▁ ---------------- ---------------- ---------------- ---------------- ---------------- ---------------- ---------------- ---------------- ---------------- ---------------- ---------------- ---------------- ------ ▁- ---------------- ---------------- ---------------- ---------------- ------------- ▁- ---------------- ---------------- ---------------- -------- ▁- ---------------- ---------------- ---------------- ---------------- - 
 ▁▁ ' In ▁a ▁larger ▁city ▁one ▁has ▁so ▁many ▁other ▁things ▁to ▁keep ▁you ▁busy ▁anyway , ▁so ▁children ▁come ▁significantly ▁later . ▁Yes , ▁but ▁yeah , ▁maybe ▁it \' s ▁time , ▁I ▁thought ▁a ▁little ▁like ▁that , ▁that ▁it \' s ▁about ▁time \' ▁▁▁ City ▁life ▁offers ▁many ▁alternatives ▁to ▁family ▁formation ▁▁▁▁▁▁▁▁▁▁▁▁▁▁▁▁▁▁▁▁▁▁▁▁▁ A ▁consequence ▁of ▁contemporary ▁lifestyles ▁▁▁▁▁▁▁▁▁▁▁▁▁▁▁▁▁▁ Post pon ed ▁parenthood --- a ▁rational ▁adaptation ▁to ▁societal ▁changes 
 ▁▁ '"
Oma,9493,", 1 3 4 ) ▁on ▁December ▁ 1 6 , ▁ 1 9 0 2 . 

 1 9 0 2 ▁Hearing ▁aid 
 ▁A ▁hearing ▁aid ▁is ▁an ▁electro - acoustic ▁body - worn ▁apparatus ▁which ▁typically ▁fits ▁in ▁or ▁behind ▁the ▁wearer ' s ▁ear , ▁and ▁is ▁designed ▁to ▁amplify ▁and ▁modulate ▁sounds ▁for ▁the ▁wearer . ▁Although ▁hearing ▁aids ▁in ▁some ▁form ▁or ▁fashion ▁such ▁as ▁the ▁ear ▁trumpet ▁were ▁developed ▁in ▁previous ▁years , ▁the ▁first ▁electric ▁hearing ▁aid ▁was ▁invented ▁by ▁Miller ▁Reese ▁Hutchison ▁in ▁ 1 9 0 2 . 

 1 9 0 2 ▁Postage ▁meter 
 ▁A ▁postage ▁meter ▁is ▁a ▁mechanical ▁device ▁used ▁to ▁create ▁and ▁apply ▁physical ▁evidence ▁of ▁postage , ▁or ▁fran king ,"
Oma,9493,"▁access ▁technologies ▁( RAT s ) ▁can ▁be ▁present . ▁To ▁access ▁a ▁specific ▁RAT , ▁connection ▁to ▁the ▁specific ▁RAT ▁is ▁established ▁on ▁the ▁basis ▁of ▁a ▁request ▁of ▁the ▁UE ▁and ▁transmission ▁and ▁reception ▁of ▁data ▁are ▁performed . 
 However , ▁the ▁multi - RAT ▁UE ▁cannot ▁simultaneously ▁access ▁multiple ▁RAT s ▁even ▁though ▁the ▁multi - RAT ▁UE ▁has ▁capability ▁to ▁access ▁two ▁or ▁more ▁RAT . ▁That ▁is , ▁current ▁U Es ▁cannot ▁simultaneously ▁transmit ▁and ▁receive ▁data ▁through ▁different ▁RAT s ▁even ▁if ▁the ▁U Es ▁have ▁multi - RAT ▁capability . 
 Conventional ▁multi - RAT ▁has ▁a ▁problem ▁of ▁low ▁system ▁efficiency ▁since ▁the ▁conventional ▁multi - RAT ▁does ▁not ▁require ▁inter working ▁between ▁a ▁wireless ▁LAN ▁and ▁a"
Oma,9493,"▁was ▁more ▁variable ▁than ▁that ▁of ▁Mediterranean ▁r uda ▁pot y virus ▁( Me RV ), ▁which ▁has ▁a ▁similar ▁ecology ▁\[ [@ B 8 7 - viruses - 1 2 - 0 0 1 3 2 ] \] . 

 In ▁summary , ▁the ▁results ▁of ▁the ▁pop gen ▁analyses ▁complement ▁and ▁confirm ▁inferences ▁obtained ▁from ▁phylogenetic ▁analyses ▁of ▁the ▁same ▁ORF ▁sequences ▁( see ▁above ▁in ▁[ Section ▁ 4 . 1 ](# sec 4 dot 1 - viruses - 1 2 - 0 0 1 3 2 ){ ref - type ="" sec "" }). ▁They ▁also ▁suggest ▁that ▁various ▁pop gen ▁estimates , ▁such ▁as ▁ω , ▁F st , ▁and ▁b , ▁might ▁be ▁used ▁as ▁indicators ▁of ▁whether ▁a ▁population ▁of"
Oma,9493,"▁to ▁log ▁* P * ▁scale . ▁Values ▁of ▁log ▁* P * ▁and ▁C log ▁* P * ▁were ▁calculated ▁with ▁the ▁PC ▁programme ▁CS ▁Chem Bio Draw ▁Ultra ▁ 1 3 . 0 ▁( Cambridge Soft , ▁Cambridge , ▁MA , ▁USA ). 

 3 . 5 . ▁Biological ▁Assays 
 ---------------- ------ 

 ### ▁ 3 . 5 . 1 . ▁Anti my cob acterial ▁* In ▁Vitro * ▁Screening 

 My cob acterial ▁screening ▁was ▁performed ▁against ▁four ▁my cob acterial ▁stems ▁(* M . ▁tuberculosis * ▁H 3 7 Rv ▁CN CTC ▁My ▁ 3 3 1 / 8 8 , ▁* M . ▁k ansas ii * ▁CN CTC ▁My ▁ 2 3 5 / 8 0 , ▁* M ."
Oma,13699,"▁Honig glas ▁nicht ▁aus le cken ▁dürfen ▁dürfen . 

 S pri ch : ▁Es ▁wäre ▁besser ▁gewesen , ▁Autor itäts person ▁ 1 ▁hätte ▁es ▁Autor itäts person ▁ 2 ▁nicht ▁gest attet , ▁mir ▁zu ▁gest atten , ▁das ▁Honig glas ▁aus zule cken . 

 A : 

 Ohne ▁Parti zip ien ▁( also ▁nur ▁finite ▁und ▁infinite ▁Verb formen ) ▁können ▁Kon stru ktionen ▁mit ▁Ver ben ▁der ▁Wahrnehmung ▁( z B ▁sehen , ▁hören ) ▁manchmal ▁viele ▁au feinander fol genden ▁Infin itiv formen ▁enthalten . 
 Ein ▁Z itat ▁aus ▁"" Der ▁Prozess "" ▁von ▁Franz ▁Kafka : 

 Als ▁ich ▁mich ▁ein ▁Weil chen ▁wieder ▁so ▁ruhig ▁ver halten ▁hatte , ▁dass ▁man ▁die ▁F liegen ▁an ▁der ▁Wand ▁hätte"
Oma,13699,"▁Honig glas ▁nicht ▁aus le cken ▁dürfen ▁dürfen . 

 S pri ch : ▁Es ▁wäre ▁besser ▁gewesen , ▁Autor itäts person ▁ 1 ▁hätte ▁es ▁Autor itäts person ▁ 2 ▁nicht ▁gest attet , ▁mir ▁zu ▁gest atten , ▁das ▁Honig glas ▁aus zule cken . 

 A : 

 Ohne ▁Parti zip ien ▁( also ▁nur ▁finite ▁und ▁infinite ▁Verb formen ) ▁können ▁Kon stru ktionen ▁mit ▁Ver ben ▁der ▁Wahrnehmung ▁( z B ▁sehen , ▁hören ) ▁manchmal ▁viele ▁au feinander fol genden ▁Infin itiv formen ▁enthalten . 
 Ein ▁Z itat ▁aus ▁"" Der ▁Prozess "" ▁von ▁Franz ▁Kafka : 

 Als ▁ich ▁mich ▁ein ▁Weil chen ▁wieder ▁so ▁ruhig ▁ver halten ▁hatte , ▁dass ▁man ▁die ▁F liegen ▁an ▁der ▁Wand ▁hätte"
Oma,13699,"▁Honig glas ▁nicht ▁aus le cken ▁dürfen ▁dürfen . 

 S pri ch : ▁Es ▁wäre ▁besser ▁gewesen , ▁Autor itäts person ▁ 1 ▁hätte ▁es ▁Autor itäts person ▁ 2 ▁nicht ▁gest attet , ▁mir ▁zu ▁gest atten , ▁das ▁Honig glas ▁aus zule cken . 

 A : 

 Ohne ▁Parti zip ien ▁( also ▁nur ▁finite ▁und ▁infinite ▁Verb formen ) ▁können ▁Kon stru ktionen ▁mit ▁Ver ben ▁der ▁Wahrnehmung ▁( z B ▁sehen , ▁hören ) ▁manchmal ▁viele ▁au feinander fol genden ▁Infin itiv formen ▁enthalten . 
 Ein ▁Z itat ▁aus ▁"" Der ▁Prozess "" ▁von ▁Franz ▁Kafka : 

 Als ▁ich ▁mich ▁ein ▁Weil chen ▁wieder ▁so ▁ruhig ▁ver halten ▁hatte , ▁dass ▁man ▁die ▁F liegen ▁an ▁der ▁Wand ▁hätte"
Oma,13699,"▁Honig glas ▁nicht ▁aus le cken ▁dürfen ▁dürfen . 

 S pri ch : ▁Es ▁wäre ▁besser ▁gewesen , ▁Autor itäts person ▁ 1 ▁hätte ▁es ▁Autor itäts person ▁ 2 ▁nicht ▁gest attet , ▁mir ▁zu ▁gest atten , ▁das ▁Honig glas ▁aus zule cken . 

 A : 

 Ohne ▁Parti zip ien ▁( also ▁nur ▁finite ▁und ▁infinite ▁Verb formen ) ▁können ▁Kon stru ktionen ▁mit ▁Ver ben ▁der ▁Wahrnehmung ▁( z B ▁sehen , ▁hören ) ▁manchmal ▁viele ▁au feinander fol genden ▁Infin itiv formen ▁enthalten . 
 Ein ▁Z itat ▁aus ▁"" Der ▁Prozess "" ▁von ▁Franz ▁Kafka : 

 Als ▁ich ▁mich ▁ein ▁Weil chen ▁wieder ▁so ▁ruhig ▁ver halten ▁hatte , ▁dass ▁man ▁die ▁F liegen ▁an ▁der ▁Wand ▁hätte"
Oma,13699,"▁Honig glas ▁nicht ▁aus le cken ▁dürfen ▁dürfen . 

 S pri ch : ▁Es ▁wäre ▁besser ▁gewesen , ▁Autor itäts person ▁ 1 ▁hätte ▁es ▁Autor itäts person ▁ 2 ▁nicht ▁gest attet , ▁mir ▁zu ▁gest atten , ▁das ▁Honig glas ▁aus zule cken . 

 A : 

 Ohne ▁Parti zip ien ▁( also ▁nur ▁finite ▁und ▁infinite ▁Verb formen ) ▁können ▁Kon stru ktionen ▁mit ▁Ver ben ▁der ▁Wahrnehmung ▁( z B ▁sehen , ▁hören ) ▁manchmal ▁viele ▁au feinander fol genden ▁Infin itiv formen ▁enthalten . 
 Ein ▁Z itat ▁aus ▁"" Der ▁Prozess "" ▁von ▁Franz ▁Kafka : 

 Als ▁ich ▁mich ▁ein ▁Weil chen ▁wieder ▁so ▁ruhig ▁ver halten ▁hatte , ▁dass ▁man ▁die ▁F liegen ▁an ▁der ▁Wand ▁hätte"
Oma,13699,"▁Honig glas ▁nicht ▁aus le cken ▁dürfen ▁dürfen . 

 S pri ch : ▁Es ▁wäre ▁besser ▁gewesen , ▁Autor itäts person ▁ 1 ▁hätte ▁es ▁Autor itäts person ▁ 2 ▁nicht ▁gest attet , ▁mir ▁zu ▁gest atten , ▁das ▁Honig glas ▁aus zule cken . 

 A : 

 Ohne ▁Parti zip ien ▁( also ▁nur ▁finite ▁und ▁infinite ▁Verb formen ) ▁können ▁Kon stru ktionen ▁mit ▁Ver ben ▁der ▁Wahrnehmung ▁( z B ▁sehen , ▁hören ) ▁manchmal ▁viele ▁au feinander fol genden ▁Infin itiv formen ▁enthalten . 
 Ein ▁Z itat ▁aus ▁"" Der ▁Prozess "" ▁von ▁Franz ▁Kafka : 

 Als ▁ich ▁mich ▁ein ▁Weil chen ▁wieder ▁so ▁ruhig ▁ver halten ▁hatte , ▁dass ▁man ▁die ▁F liegen ▁an ▁der ▁Wand ▁hätte"
Oma,13699,"▁Honig glas ▁nicht ▁aus le cken ▁dürfen ▁dürfen . 

 S pri ch : ▁Es ▁wäre ▁besser ▁gewesen , ▁Autor itäts person ▁ 1 ▁hätte ▁es ▁Autor itäts person ▁ 2 ▁nicht ▁gest attet , ▁mir ▁zu ▁gest atten , ▁das ▁Honig glas ▁aus zule cken . 

 A : 

 Ohne ▁Parti zip ien ▁( also ▁nur ▁finite ▁und ▁infinite ▁Verb formen ) ▁können ▁Kon stru ktionen ▁mit ▁Ver ben ▁der ▁Wahrnehmung ▁( z B ▁sehen , ▁hören ) ▁manchmal ▁viele ▁au feinander fol genden ▁Infin itiv formen ▁enthalten . 
 Ein ▁Z itat ▁aus ▁"" Der ▁Prozess "" ▁von ▁Franz ▁Kafka : 

 Als ▁ich ▁mich ▁ein ▁Weil chen ▁wieder ▁so ▁ruhig ▁ver halten ▁hatte , ▁dass ▁man ▁die ▁F liegen ▁an ▁der ▁Wand ▁hätte"
Oma,13699,"▁Honig glas ▁nicht ▁aus le cken ▁dürfen ▁dürfen . 

 S pri ch : ▁Es ▁wäre ▁besser ▁gewesen , ▁Autor itäts person ▁ 1 ▁hätte ▁es ▁Autor itäts person ▁ 2 ▁nicht ▁gest attet , ▁mir ▁zu ▁gest atten , ▁das ▁Honig glas ▁aus zule cken . 

 A : 

 Ohne ▁Parti zip ien ▁( also ▁nur ▁finite ▁und ▁infinite ▁Verb formen ) ▁können ▁Kon stru ktionen ▁mit ▁Ver ben ▁der ▁Wahrnehmung ▁( z B ▁sehen , ▁hören ) ▁manchmal ▁viele ▁au feinander fol genden ▁Infin itiv formen ▁enthalten . 
 Ein ▁Z itat ▁aus ▁"" Der ▁Prozess "" ▁von ▁Franz ▁Kafka : 

 Als ▁ich ▁mich ▁ein ▁Weil chen ▁wieder ▁so ▁ruhig ▁ver halten ▁hatte , ▁dass ▁man ▁die ▁F liegen ▁an ▁der ▁Wand ▁hätte"
Oma,13699,"▁Honig glas ▁nicht ▁aus le cken ▁dürfen ▁dürfen . 

 S pri ch : ▁Es ▁wäre ▁besser ▁gewesen , ▁Autor itäts person ▁ 1 ▁hätte ▁es ▁Autor itäts person ▁ 2 ▁nicht ▁gest attet , ▁mir ▁zu ▁gest atten , ▁das ▁Honig glas ▁aus zule cken . 

 A : 

 Ohne ▁Parti zip ien ▁( also ▁nur ▁finite ▁und ▁infinite ▁Verb formen ) ▁können ▁Kon stru ktionen ▁mit ▁Ver ben ▁der ▁Wahrnehmung ▁( z B ▁sehen , ▁hören ) ▁manchmal ▁viele ▁au feinander fol genden ▁Infin itiv formen ▁enthalten . 
 Ein ▁Z itat ▁aus ▁"" Der ▁Prozess "" ▁von ▁Franz ▁Kafka : 

 Als ▁ich ▁mich ▁ein ▁Weil chen ▁wieder ▁so ▁ruhig ▁ver halten ▁hatte , ▁dass ▁man ▁die ▁F liegen ▁an ▁der ▁Wand ▁hätte"
Oma,13699,"▁mit ▁fünf ▁oder ▁mehr ▁au feinander fol genden ▁Ver ben ▁einge fallen . 

 A : 

 Man ▁kann ▁im ▁Grunde ▁alle ▁verfügb aren ▁Modal ver ben ▁ane inander rei hen , ▁auch ▁wenn ▁pro ▁hinzu gefü gten ▁Modal verb ▁es ▁immer ▁auf wendi ger ▁wird , ▁einen ▁Sitz ▁im ▁Leben ▁für ▁einen ▁solchen ▁Satz ▁zu ▁finden . ▁Aber ▁unmöglich ▁ist ▁es ▁nicht . 

 Ich ▁hätte ▁das ▁Honig glas ▁nicht ▁aus le cken ▁dürfen . 
 Ich ▁hätte ▁das ▁Honig glas ▁nicht ▁aus le cken ▁wollen ▁sollen . 
 [...] 
 Ich ▁hätte ▁das ▁Honig glas ▁nicht ▁aus le cken ▁wollen ▁sollen ▁können ▁dürfen ▁müssen ▁mögen . 

 Nun ▁kann ▁man ▁aber ▁auch ▁die ▁Modal ver ben ▁mehrfach ▁einsetzen : 

 Ich ▁▁ h ätte ▁das"
Oma,13699,"▁mit ▁fünf ▁oder ▁mehr ▁au feinander fol genden ▁Ver ben ▁einge fallen . 

 A : 

 Man ▁kann ▁im ▁Grunde ▁alle ▁verfügb aren ▁Modal ver ben ▁ane inander rei hen , ▁auch ▁wenn ▁pro ▁hinzu gefü gten ▁Modal verb ▁es ▁immer ▁auf wendi ger ▁wird , ▁einen ▁Sitz ▁im ▁Leben ▁für ▁einen ▁solchen ▁Satz ▁zu ▁finden . ▁Aber ▁unmöglich ▁ist ▁es ▁nicht . 

 Ich ▁hätte ▁das ▁Honig glas ▁nicht ▁aus le cken ▁dürfen . 
 Ich ▁hätte ▁das ▁Honig glas ▁nicht ▁aus le cken ▁wollen ▁sollen . 
 [...] 
 Ich ▁hätte ▁das ▁Honig glas ▁nicht ▁aus le cken ▁wollen ▁sollen ▁können ▁dürfen ▁müssen ▁mögen . 

 Nun ▁kann ▁man ▁aber ▁auch ▁die ▁Modal ver ben ▁mehrfach ▁einsetzen : 

 Ich ▁▁ h ätte ▁das"
Oma,13699,"▁mit ▁fünf ▁oder ▁mehr ▁au feinander fol genden ▁Ver ben ▁einge fallen . 

 A : 

 Man ▁kann ▁im ▁Grunde ▁alle ▁verfügb aren ▁Modal ver ben ▁ane inander rei hen , ▁auch ▁wenn ▁pro ▁hinzu gefü gten ▁Modal verb ▁es ▁immer ▁auf wendi ger ▁wird , ▁einen ▁Sitz ▁im ▁Leben ▁für ▁einen ▁solchen ▁Satz ▁zu ▁finden . ▁Aber ▁unmöglich ▁ist ▁es ▁nicht . 

 Ich ▁hätte ▁das ▁Honig glas ▁nicht ▁aus le cken ▁dürfen . 
 Ich ▁hätte ▁das ▁Honig glas ▁nicht ▁aus le cken ▁wollen ▁sollen . 
 [...] 
 Ich ▁hätte ▁das ▁Honig glas ▁nicht ▁aus le cken ▁wollen ▁sollen ▁können ▁dürfen ▁müssen ▁mögen . 

 Nun ▁kann ▁man ▁aber ▁auch ▁die ▁Modal ver ben ▁mehrfach ▁einsetzen : 

 Ich ▁▁ h ätte ▁das"
Oma,13699,"▁mit ▁fünf ▁oder ▁mehr ▁au feinander fol genden ▁Ver ben ▁einge fallen . 

 A : 

 Man ▁kann ▁im ▁Grunde ▁alle ▁verfügb aren ▁Modal ver ben ▁ane inander rei hen , ▁auch ▁wenn ▁pro ▁hinzu gefü gten ▁Modal verb ▁es ▁immer ▁auf wendi ger ▁wird , ▁einen ▁Sitz ▁im ▁Leben ▁für ▁einen ▁solchen ▁Satz ▁zu ▁finden . ▁Aber ▁unmöglich ▁ist ▁es ▁nicht . 

 Ich ▁hätte ▁das ▁Honig glas ▁nicht ▁aus le cken ▁dürfen . 
 Ich ▁hätte ▁das ▁Honig glas ▁nicht ▁aus le cken ▁wollen ▁sollen . 
 [...] 
 Ich ▁hätte ▁das ▁Honig glas ▁nicht ▁aus le cken ▁wollen ▁sollen ▁können ▁dürfen ▁müssen ▁mögen . 

 Nun ▁kann ▁man ▁aber ▁auch ▁die ▁Modal ver ben ▁mehrfach ▁einsetzen : 

 Ich ▁▁ h ätte ▁das"
Oma,13699,"▁mit ▁fünf ▁oder ▁mehr ▁au feinander fol genden ▁Ver ben ▁einge fallen . 

 A : 

 Man ▁kann ▁im ▁Grunde ▁alle ▁verfügb aren ▁Modal ver ben ▁ane inander rei hen , ▁auch ▁wenn ▁pro ▁hinzu gefü gten ▁Modal verb ▁es ▁immer ▁auf wendi ger ▁wird , ▁einen ▁Sitz ▁im ▁Leben ▁für ▁einen ▁solchen ▁Satz ▁zu ▁finden . ▁Aber ▁unmöglich ▁ist ▁es ▁nicht . 

 Ich ▁hätte ▁das ▁Honig glas ▁nicht ▁aus le cken ▁dürfen . 
 Ich ▁hätte ▁das ▁Honig glas ▁nicht ▁aus le cken ▁wollen ▁sollen . 
 [...] 
 Ich ▁hätte ▁das ▁Honig glas ▁nicht ▁aus le cken ▁wollen ▁sollen ▁können ▁dürfen ▁müssen ▁mögen . 

 Nun ▁kann ▁man ▁aber ▁auch ▁die ▁Modal ver ben ▁mehrfach ▁einsetzen : 

 Ich ▁▁ h ätte ▁das"
Oma,13699,"▁mit ▁fünf ▁oder ▁mehr ▁au feinander fol genden ▁Ver ben ▁einge fallen . 

 A : 

 Man ▁kann ▁im ▁Grunde ▁alle ▁verfügb aren ▁Modal ver ben ▁ane inander rei hen , ▁auch ▁wenn ▁pro ▁hinzu gefü gten ▁Modal verb ▁es ▁immer ▁auf wendi ger ▁wird , ▁einen ▁Sitz ▁im ▁Leben ▁für ▁einen ▁solchen ▁Satz ▁zu ▁finden . ▁Aber ▁unmöglich ▁ist ▁es ▁nicht . 

 Ich ▁hätte ▁das ▁Honig glas ▁nicht ▁aus le cken ▁dürfen . 
 Ich ▁hätte ▁das ▁Honig glas ▁nicht ▁aus le cken ▁wollen ▁sollen . 
 [...] 
 Ich ▁hätte ▁das ▁Honig glas ▁nicht ▁aus le cken ▁wollen ▁sollen ▁können ▁dürfen ▁müssen ▁mögen . 

 Nun ▁kann ▁man ▁aber ▁auch ▁die ▁Modal ver ben ▁mehrfach ▁einsetzen : 

 Ich ▁▁ h ätte ▁das"
Oma,13699,"▁mit ▁fünf ▁oder ▁mehr ▁au feinander fol genden ▁Ver ben ▁einge fallen . 

 A : 

 Man ▁kann ▁im ▁Grunde ▁alle ▁verfügb aren ▁Modal ver ben ▁ane inander rei hen , ▁auch ▁wenn ▁pro ▁hinzu gefü gten ▁Modal verb ▁es ▁immer ▁auf wendi ger ▁wird , ▁einen ▁Sitz ▁im ▁Leben ▁für ▁einen ▁solchen ▁Satz ▁zu ▁finden . ▁Aber ▁unmöglich ▁ist ▁es ▁nicht . 

 Ich ▁hätte ▁das ▁Honig glas ▁nicht ▁aus le cken ▁dürfen . 
 Ich ▁hätte ▁das ▁Honig glas ▁nicht ▁aus le cken ▁wollen ▁sollen . 
 [...] 
 Ich ▁hätte ▁das ▁Honig glas ▁nicht ▁aus le cken ▁wollen ▁sollen ▁können ▁dürfen ▁müssen ▁mögen . 

 Nun ▁kann ▁man ▁aber ▁auch ▁die ▁Modal ver ben ▁mehrfach ▁einsetzen : 

 Ich ▁▁ h ätte ▁das"
Oma,13699,"reibe ▁einen ▁Brief ▁( 1 ) 
 Ich ▁habe ▁einen ▁Brief ▁schreiben ▁müssen ▁( 2 ) 
 Der ▁Brief ▁muss ▁geschrieben ▁werden ▁( 3 ) 
 Der ▁Brief ▁hätte ▁geschrieben ▁werden ▁müssen ▁( 4 ) 

 Ein ▁Bek an nter ▁meinte , ▁dass ▁es ▁nicht ▁möglich ▁sei , ▁einen ▁kor rek ten ▁Satz ▁mit ▁mehr ▁als ▁vier ▁au feinander fol genden ▁Ver ben ▁zu ▁form ulieren , ▁aber ▁nach ▁einiger ▁Zeit ▁ist ▁mir ▁ein ▁Satz ▁mit ▁fünf ▁einge fallen : 

 Er ▁war ▁nicht ▁so ▁bl öd , ▁wie ▁man ▁hätte ▁gene igt ▁sein ▁können ▁anzunehmen . 

 Ist ▁das ▁auch ▁mit ▁mehr ▁als ▁fünf ▁Ver ben ▁möglich ? 
 Ich ▁habe ▁jetzt ▁eine ▁We ile ▁darüber ▁nach ged acht , ▁aber ▁mir ▁ist ▁kein ▁anderer ▁Satz"
Oma,13699,"reibe ▁einen ▁Brief ▁( 1 ) 
 Ich ▁habe ▁einen ▁Brief ▁schreiben ▁müssen ▁( 2 ) 
 Der ▁Brief ▁muss ▁geschrieben ▁werden ▁( 3 ) 
 Der ▁Brief ▁hätte ▁geschrieben ▁werden ▁müssen ▁( 4 ) 

 Ein ▁Bek an nter ▁meinte , ▁dass ▁es ▁nicht ▁möglich ▁sei , ▁einen ▁kor rek ten ▁Satz ▁mit ▁mehr ▁als ▁vier ▁au feinander fol genden ▁Ver ben ▁zu ▁form ulieren , ▁aber ▁nach ▁einiger ▁Zeit ▁ist ▁mir ▁ein ▁Satz ▁mit ▁fünf ▁einge fallen : 

 Er ▁war ▁nicht ▁so ▁bl öd , ▁wie ▁man ▁hätte ▁gene igt ▁sein ▁können ▁anzunehmen . 

 Ist ▁das ▁auch ▁mit ▁mehr ▁als ▁fünf ▁Ver ben ▁möglich ? 
 Ich ▁habe ▁jetzt ▁eine ▁We ile ▁darüber ▁nach ged acht , ▁aber ▁mir ▁ist ▁kein ▁anderer ▁Satz"
Oma,13699,"reibe ▁einen ▁Brief ▁( 1 ) 
 Ich ▁habe ▁einen ▁Brief ▁schreiben ▁müssen ▁( 2 ) 
 Der ▁Brief ▁muss ▁geschrieben ▁werden ▁( 3 ) 
 Der ▁Brief ▁hätte ▁geschrieben ▁werden ▁müssen ▁( 4 ) 

 Ein ▁Bek an nter ▁meinte , ▁dass ▁es ▁nicht ▁möglich ▁sei , ▁einen ▁kor rek ten ▁Satz ▁mit ▁mehr ▁als ▁vier ▁au feinander fol genden ▁Ver ben ▁zu ▁form ulieren , ▁aber ▁nach ▁einiger ▁Zeit ▁ist ▁mir ▁ein ▁Satz ▁mit ▁fünf ▁einge fallen : 

 Er ▁war ▁nicht ▁so ▁bl öd , ▁wie ▁man ▁hätte ▁gene igt ▁sein ▁können ▁anzunehmen . 

 Ist ▁das ▁auch ▁mit ▁mehr ▁als ▁fünf ▁Ver ben ▁möglich ? 
 Ich ▁habe ▁jetzt ▁eine ▁We ile ▁darüber ▁nach ged acht , ▁aber ▁mir ▁ist ▁kein ▁anderer ▁Satz"
Oma,13699,"reibe ▁einen ▁Brief ▁( 1 ) 
 Ich ▁habe ▁einen ▁Brief ▁schreiben ▁müssen ▁( 2 ) 
 Der ▁Brief ▁muss ▁geschrieben ▁werden ▁( 3 ) 
 Der ▁Brief ▁hätte ▁geschrieben ▁werden ▁müssen ▁( 4 ) 

 Ein ▁Bek an nter ▁meinte , ▁dass ▁es ▁nicht ▁möglich ▁sei , ▁einen ▁kor rek ten ▁Satz ▁mit ▁mehr ▁als ▁vier ▁au feinander fol genden ▁Ver ben ▁zu ▁form ulieren , ▁aber ▁nach ▁einiger ▁Zeit ▁ist ▁mir ▁ein ▁Satz ▁mit ▁fünf ▁einge fallen : 

 Er ▁war ▁nicht ▁so ▁bl öd , ▁wie ▁man ▁hätte ▁gene igt ▁sein ▁können ▁anzunehmen . 

 Ist ▁das ▁auch ▁mit ▁mehr ▁als ▁fünf ▁Ver ben ▁möglich ? 
 Ich ▁habe ▁jetzt ▁eine ▁We ile ▁darüber ▁nach ged acht , ▁aber ▁mir ▁ist ▁kein ▁anderer ▁Satz"
Oma,13699,"reibe ▁einen ▁Brief ▁( 1 ) 
 Ich ▁habe ▁einen ▁Brief ▁schreiben ▁müssen ▁( 2 ) 
 Der ▁Brief ▁muss ▁geschrieben ▁werden ▁( 3 ) 
 Der ▁Brief ▁hätte ▁geschrieben ▁werden ▁müssen ▁( 4 ) 

 Ein ▁Bek an nter ▁meinte , ▁dass ▁es ▁nicht ▁möglich ▁sei , ▁einen ▁kor rek ten ▁Satz ▁mit ▁mehr ▁als ▁vier ▁au feinander fol genden ▁Ver ben ▁zu ▁form ulieren , ▁aber ▁nach ▁einiger ▁Zeit ▁ist ▁mir ▁ein ▁Satz ▁mit ▁fünf ▁einge fallen : 

 Er ▁war ▁nicht ▁so ▁bl öd , ▁wie ▁man ▁hätte ▁gene igt ▁sein ▁können ▁anzunehmen . 

 Ist ▁das ▁auch ▁mit ▁mehr ▁als ▁fünf ▁Ver ben ▁möglich ? 
 Ich ▁habe ▁jetzt ▁eine ▁We ile ▁darüber ▁nach ged acht , ▁aber ▁mir ▁ist ▁kein ▁anderer ▁Satz"
Oma,13699,"reibe ▁einen ▁Brief ▁( 1 ) 
 Ich ▁habe ▁einen ▁Brief ▁schreiben ▁müssen ▁( 2 ) 
 Der ▁Brief ▁muss ▁geschrieben ▁werden ▁( 3 ) 
 Der ▁Brief ▁hätte ▁geschrieben ▁werden ▁müssen ▁( 4 ) 

 Ein ▁Bek an nter ▁meinte , ▁dass ▁es ▁nicht ▁möglich ▁sei , ▁einen ▁kor rek ten ▁Satz ▁mit ▁mehr ▁als ▁vier ▁au feinander fol genden ▁Ver ben ▁zu ▁form ulieren , ▁aber ▁nach ▁einiger ▁Zeit ▁ist ▁mir ▁ein ▁Satz ▁mit ▁fünf ▁einge fallen : 

 Er ▁war ▁nicht ▁so ▁bl öd , ▁wie ▁man ▁hätte ▁gene igt ▁sein ▁können ▁anzunehmen . 

 Ist ▁das ▁auch ▁mit ▁mehr ▁als ▁fünf ▁Ver ben ▁möglich ? 
 Ich ▁habe ▁jetzt ▁eine ▁We ile ▁darüber ▁nach ged acht , ▁aber ▁mir ▁ist ▁kein ▁anderer ▁Satz"
Oma,13699,"reibe ▁einen ▁Brief ▁( 1 ) 
 Ich ▁habe ▁einen ▁Brief ▁schreiben ▁müssen ▁( 2 ) 
 Der ▁Brief ▁muss ▁geschrieben ▁werden ▁( 3 ) 
 Der ▁Brief ▁hätte ▁geschrieben ▁werden ▁müssen ▁( 4 ) 

 Ein ▁Bek an nter ▁meinte , ▁dass ▁es ▁nicht ▁möglich ▁sei , ▁einen ▁kor rek ten ▁Satz ▁mit ▁mehr ▁als ▁vier ▁au feinander fol genden ▁Ver ben ▁zu ▁form ulieren , ▁aber ▁nach ▁einiger ▁Zeit ▁ist ▁mir ▁ein ▁Satz ▁mit ▁fünf ▁einge fallen : 

 Er ▁war ▁nicht ▁so ▁bl öd , ▁wie ▁man ▁hätte ▁gene igt ▁sein ▁können ▁anzunehmen . 

 Ist ▁das ▁auch ▁mit ▁mehr ▁als ▁fünf ▁Ver ben ▁möglich ? 
 Ich ▁habe ▁jetzt ▁eine ▁We ile ▁darüber ▁nach ged acht , ▁aber ▁mir ▁ist ▁kein ▁anderer ▁Satz"
Oma,13699,"reibe ▁einen ▁Brief ▁( 1 ) 
 Ich ▁habe ▁einen ▁Brief ▁schreiben ▁müssen ▁( 2 ) 
 Der ▁Brief ▁muss ▁geschrieben ▁werden ▁( 3 ) 
 Der ▁Brief ▁hätte ▁geschrieben ▁werden ▁müssen ▁( 4 ) 

 Ein ▁Bek an nter ▁meinte , ▁dass ▁es ▁nicht ▁möglich ▁sei , ▁einen ▁kor rek ten ▁Satz ▁mit ▁mehr ▁als ▁vier ▁au feinander fol genden ▁Ver ben ▁zu ▁form ulieren , ▁aber ▁nach ▁einiger ▁Zeit ▁ist ▁mir ▁ein ▁Satz ▁mit ▁fünf ▁einge fallen : 

 Er ▁war ▁nicht ▁so ▁bl öd , ▁wie ▁man ▁hätte ▁gene igt ▁sein ▁können ▁anzunehmen . 

 Ist ▁das ▁auch ▁mit ▁mehr ▁als ▁fünf ▁Ver ben ▁möglich ? 
 Ich ▁habe ▁jetzt ▁eine ▁We ile ▁darüber ▁nach ged acht , ▁aber ▁mir ▁ist ▁kein ▁anderer ▁Satz"
Oma,13699,"reibe ▁einen ▁Brief ▁( 1 ) 
 Ich ▁habe ▁einen ▁Brief ▁schreiben ▁müssen ▁( 2 ) 
 Der ▁Brief ▁muss ▁geschrieben ▁werden ▁( 3 ) 
 Der ▁Brief ▁hätte ▁geschrieben ▁werden ▁müssen ▁( 4 ) 

 Ein ▁Bek an nter ▁meinte , ▁dass ▁es ▁nicht ▁möglich ▁sei , ▁einen ▁kor rek ten ▁Satz ▁mit ▁mehr ▁als ▁vier ▁au feinander fol genden ▁Ver ben ▁zu ▁form ulieren , ▁aber ▁nach ▁einiger ▁Zeit ▁ist ▁mir ▁ein ▁Satz ▁mit ▁fünf ▁einge fallen : 

 Er ▁war ▁nicht ▁so ▁bl öd , ▁wie ▁man ▁hätte ▁gene igt ▁sein ▁können ▁anzunehmen . 

 Ist ▁das ▁auch ▁mit ▁mehr ▁als ▁fünf ▁Ver ben ▁möglich ? 
 Ich ▁habe ▁jetzt ▁eine ▁We ile ▁darüber ▁nach ged acht , ▁aber ▁mir ▁ist ▁kein ▁anderer ▁Satz"
Oma,13699,"reibe ▁einen ▁Brief ▁( 1 ) 
 Ich ▁habe ▁einen ▁Brief ▁schreiben ▁müssen ▁( 2 ) 
 Der ▁Brief ▁muss ▁geschrieben ▁werden ▁( 3 ) 
 Der ▁Brief ▁hätte ▁geschrieben ▁werden ▁müssen ▁( 4 ) 

 Ein ▁Bek an nter ▁meinte , ▁dass ▁es ▁nicht ▁möglich ▁sei , ▁einen ▁kor rek ten ▁Satz ▁mit ▁mehr ▁als ▁vier ▁au feinander fol genden ▁Ver ben ▁zu ▁form ulieren , ▁aber ▁nach ▁einiger ▁Zeit ▁ist ▁mir ▁ein ▁Satz ▁mit ▁fünf ▁einge fallen : 

 Er ▁war ▁nicht ▁so ▁bl öd , ▁wie ▁man ▁hätte ▁gene igt ▁sein ▁können ▁anzunehmen . 

 Ist ▁das ▁auch ▁mit ▁mehr ▁als ▁fünf ▁Ver ben ▁möglich ? 
 Ich ▁habe ▁jetzt ▁eine ▁We ile ▁darüber ▁nach ged acht , ▁aber ▁mir ▁ist ▁kein ▁anderer ▁Satz"
Oma,13699,"reibe ▁einen ▁Brief ▁( 1 ) 
 Ich ▁habe ▁einen ▁Brief ▁schreiben ▁müssen ▁( 2 ) 
 Der ▁Brief ▁muss ▁geschrieben ▁werden ▁( 3 ) 
 Der ▁Brief ▁hätte ▁geschrieben ▁werden ▁müssen ▁( 4 ) 

 Ein ▁Bek an nter ▁meinte , ▁dass ▁es ▁nicht ▁möglich ▁sei , ▁einen ▁kor rek ten ▁Satz ▁mit ▁mehr ▁als ▁vier ▁au feinander fol genden ▁Ver ben ▁zu ▁form ulieren , ▁aber ▁nach ▁einiger ▁Zeit ▁ist ▁mir ▁ein ▁Satz ▁mit ▁fünf ▁einge fallen : 

 Er ▁war ▁nicht ▁so ▁bl öd , ▁wie ▁man ▁hätte ▁gene igt ▁sein ▁können ▁anzunehmen . 

 Ist ▁das ▁auch ▁mit ▁mehr ▁als ▁fünf ▁Ver ben ▁möglich ? 
 Ich ▁habe ▁jetzt ▁eine ▁We ile ▁darüber ▁nach ged acht , ▁aber ▁mir ▁ist ▁kein ▁anderer ▁Satz"
Oma,13699,"reibe ▁einen ▁Brief ▁( 1 ) 
 Ich ▁habe ▁einen ▁Brief ▁schreiben ▁müssen ▁( 2 ) 
 Der ▁Brief ▁muss ▁geschrieben ▁werden ▁( 3 ) 
 Der ▁Brief ▁hätte ▁geschrieben ▁werden ▁müssen ▁( 4 ) 

 Ein ▁Bek an nter ▁meinte , ▁dass ▁es ▁nicht ▁möglich ▁sei , ▁einen ▁kor rek ten ▁Satz ▁mit ▁mehr ▁als ▁vier ▁au feinander fol genden ▁Ver ben ▁zu ▁form ulieren , ▁aber ▁nach ▁einiger ▁Zeit ▁ist ▁mir ▁ein ▁Satz ▁mit ▁fünf ▁einge fallen : 

 Er ▁war ▁nicht ▁so ▁bl öd , ▁wie ▁man ▁hätte ▁gene igt ▁sein ▁können ▁anzunehmen . 

 Ist ▁das ▁auch ▁mit ▁mehr ▁als ▁fünf ▁Ver ben ▁möglich ? 
 Ich ▁habe ▁jetzt ▁eine ▁We ile ▁darüber ▁nach ged acht , ▁aber ▁mir ▁ist ▁kein ▁anderer ▁Satz"
Oma,13699,"▁können ▁gehen ▁hören , ▁ver nahm ▁ich , ▁dass ... 

 Ich ▁bin ▁aber ▁eher ▁der ▁Meinung , ▁dass ▁die ▁Reihenfolge ▁in ▁diesem ▁Fall ▁eher ▁un idio matisch ▁ist . ▁H ätte ▁gehen ▁hören ▁können ▁f ände ▁ich ▁besser . ▁Man ▁kann ▁sich ▁auch ▁locker ▁eine ▁real istische ▁Situation ▁vorstellen , ▁wo ▁noch ▁ein ▁Modal verb ▁dazu ▁kommt , ▁ohne ▁dass ▁es ▁zu ▁sch rä g ▁klingt , ▁und ▁noch ▁verständ lich ▁wäre , ▁b sp w .: 

 Es ▁war ▁im ▁Raum ▁so ▁le ise , ▁dass ▁man ▁ihn ▁eigentlich ▁hätte ▁at men ▁hören ▁können ▁sollen . 

 A : 

 Man ▁kann ▁deinen ▁Beispiel s atz ▁einfach ▁erweit ern : 

 Er ▁war ▁nicht ▁so ▁bl öd , ▁wie ▁man ▁hätte ▁gene igt ▁gewesen ▁sein"
Oma,13699,"▁können ▁gehen ▁hören , ▁ver nahm ▁ich , ▁dass ... 

 Ich ▁bin ▁aber ▁eher ▁der ▁Meinung , ▁dass ▁die ▁Reihenfolge ▁in ▁diesem ▁Fall ▁eher ▁un idio matisch ▁ist . ▁H ätte ▁gehen ▁hören ▁können ▁f ände ▁ich ▁besser . ▁Man ▁kann ▁sich ▁auch ▁locker ▁eine ▁real istische ▁Situation ▁vorstellen , ▁wo ▁noch ▁ein ▁Modal verb ▁dazu ▁kommt , ▁ohne ▁dass ▁es ▁zu ▁sch rä g ▁klingt , ▁und ▁noch ▁verständ lich ▁wäre , ▁b sp w .: 

 Es ▁war ▁im ▁Raum ▁so ▁le ise , ▁dass ▁man ▁ihn ▁eigentlich ▁hätte ▁at men ▁hören ▁können ▁sollen . 

 A : 

 Man ▁kann ▁deinen ▁Beispiel s atz ▁einfach ▁erweit ern : 

 Er ▁war ▁nicht ▁so ▁bl öd , ▁wie ▁man ▁hätte ▁gene igt ▁gewesen ▁sein"
Oma,13699,"▁können ▁gehen ▁hören , ▁ver nahm ▁ich , ▁dass ... 

 Ich ▁bin ▁aber ▁eher ▁der ▁Meinung , ▁dass ▁die ▁Reihenfolge ▁in ▁diesem ▁Fall ▁eher ▁un idio matisch ▁ist . ▁H ätte ▁gehen ▁hören ▁können ▁f ände ▁ich ▁besser . ▁Man ▁kann ▁sich ▁auch ▁locker ▁eine ▁real istische ▁Situation ▁vorstellen , ▁wo ▁noch ▁ein ▁Modal verb ▁dazu ▁kommt , ▁ohne ▁dass ▁es ▁zu ▁sch rä g ▁klingt , ▁und ▁noch ▁verständ lich ▁wäre , ▁b sp w .: 

 Es ▁war ▁im ▁Raum ▁so ▁le ise , ▁dass ▁man ▁ihn ▁eigentlich ▁hätte ▁at men ▁hören ▁können ▁sollen . 

 A : 

 Man ▁kann ▁deinen ▁Beispiel s atz ▁einfach ▁erweit ern : 

 Er ▁war ▁nicht ▁so ▁bl öd , ▁wie ▁man ▁hätte ▁gene igt ▁gewesen ▁sein"
Oma,13699,"▁können ▁gehen ▁hören , ▁ver nahm ▁ich , ▁dass ... 

 Ich ▁bin ▁aber ▁eher ▁der ▁Meinung , ▁dass ▁die ▁Reihenfolge ▁in ▁diesem ▁Fall ▁eher ▁un idio matisch ▁ist . ▁H ätte ▁gehen ▁hören ▁können ▁f ände ▁ich ▁besser . ▁Man ▁kann ▁sich ▁auch ▁locker ▁eine ▁real istische ▁Situation ▁vorstellen , ▁wo ▁noch ▁ein ▁Modal verb ▁dazu ▁kommt , ▁ohne ▁dass ▁es ▁zu ▁sch rä g ▁klingt , ▁und ▁noch ▁verständ lich ▁wäre , ▁b sp w .: 

 Es ▁war ▁im ▁Raum ▁so ▁le ise , ▁dass ▁man ▁ihn ▁eigentlich ▁hätte ▁at men ▁hören ▁können ▁sollen . 

 A : 

 Man ▁kann ▁deinen ▁Beispiel s atz ▁einfach ▁erweit ern : 

 Er ▁war ▁nicht ▁so ▁bl öd , ▁wie ▁man ▁hätte ▁gene igt ▁gewesen ▁sein"
Oma,13699,"▁können ▁gehen ▁hören , ▁ver nahm ▁ich , ▁dass ... 

 Ich ▁bin ▁aber ▁eher ▁der ▁Meinung , ▁dass ▁die ▁Reihenfolge ▁in ▁diesem ▁Fall ▁eher ▁un idio matisch ▁ist . ▁H ätte ▁gehen ▁hören ▁können ▁f ände ▁ich ▁besser . ▁Man ▁kann ▁sich ▁auch ▁locker ▁eine ▁real istische ▁Situation ▁vorstellen , ▁wo ▁noch ▁ein ▁Modal verb ▁dazu ▁kommt , ▁ohne ▁dass ▁es ▁zu ▁sch rä g ▁klingt , ▁und ▁noch ▁verständ lich ▁wäre , ▁b sp w .: 

 Es ▁war ▁im ▁Raum ▁so ▁le ise , ▁dass ▁man ▁ihn ▁eigentlich ▁hätte ▁at men ▁hören ▁können ▁sollen . 

 A : 

 Man ▁kann ▁deinen ▁Beispiel s atz ▁einfach ▁erweit ern : 

 Er ▁war ▁nicht ▁so ▁bl öd , ▁wie ▁man ▁hätte ▁gene igt ▁gewesen ▁sein"
Oma,13699,"▁können ▁gehen ▁hören , ▁ver nahm ▁ich , ▁dass ... 

 Ich ▁bin ▁aber ▁eher ▁der ▁Meinung , ▁dass ▁die ▁Reihenfolge ▁in ▁diesem ▁Fall ▁eher ▁un idio matisch ▁ist . ▁H ätte ▁gehen ▁hören ▁können ▁f ände ▁ich ▁besser . ▁Man ▁kann ▁sich ▁auch ▁locker ▁eine ▁real istische ▁Situation ▁vorstellen , ▁wo ▁noch ▁ein ▁Modal verb ▁dazu ▁kommt , ▁ohne ▁dass ▁es ▁zu ▁sch rä g ▁klingt , ▁und ▁noch ▁verständ lich ▁wäre , ▁b sp w .: 

 Es ▁war ▁im ▁Raum ▁so ▁le ise , ▁dass ▁man ▁ihn ▁eigentlich ▁hätte ▁at men ▁hören ▁können ▁sollen . 

 A : 

 Man ▁kann ▁deinen ▁Beispiel s atz ▁einfach ▁erweit ern : 

 Er ▁war ▁nicht ▁so ▁bl öd , ▁wie ▁man ▁hätte ▁gene igt ▁gewesen ▁sein"
Oma,13699,"▁können ▁gehen ▁hören , ▁ver nahm ▁ich , ▁dass ... 

 Ich ▁bin ▁aber ▁eher ▁der ▁Meinung , ▁dass ▁die ▁Reihenfolge ▁in ▁diesem ▁Fall ▁eher ▁un idio matisch ▁ist . ▁H ätte ▁gehen ▁hören ▁können ▁f ände ▁ich ▁besser . ▁Man ▁kann ▁sich ▁auch ▁locker ▁eine ▁real istische ▁Situation ▁vorstellen , ▁wo ▁noch ▁ein ▁Modal verb ▁dazu ▁kommt , ▁ohne ▁dass ▁es ▁zu ▁sch rä g ▁klingt , ▁und ▁noch ▁verständ lich ▁wäre , ▁b sp w .: 

 Es ▁war ▁im ▁Raum ▁so ▁le ise , ▁dass ▁man ▁ihn ▁eigentlich ▁hätte ▁at men ▁hören ▁können ▁sollen . 

 A : 

 Man ▁kann ▁deinen ▁Beispiel s atz ▁einfach ▁erweit ern : 

 Er ▁war ▁nicht ▁so ▁bl öd , ▁wie ▁man ▁hätte ▁gene igt ▁gewesen ▁sein"
Oma,13699,"▁können ▁gehen ▁hören , ▁ver nahm ▁ich , ▁dass ... 

 Ich ▁bin ▁aber ▁eher ▁der ▁Meinung , ▁dass ▁die ▁Reihenfolge ▁in ▁diesem ▁Fall ▁eher ▁un idio matisch ▁ist . ▁H ätte ▁gehen ▁hören ▁können ▁f ände ▁ich ▁besser . ▁Man ▁kann ▁sich ▁auch ▁locker ▁eine ▁real istische ▁Situation ▁vorstellen , ▁wo ▁noch ▁ein ▁Modal verb ▁dazu ▁kommt , ▁ohne ▁dass ▁es ▁zu ▁sch rä g ▁klingt , ▁und ▁noch ▁verständ lich ▁wäre , ▁b sp w .: 

 Es ▁war ▁im ▁Raum ▁so ▁le ise , ▁dass ▁man ▁ihn ▁eigentlich ▁hätte ▁at men ▁hören ▁können ▁sollen . 

 A : 

 Man ▁kann ▁deinen ▁Beispiel s atz ▁einfach ▁erweit ern : 

 Er ▁war ▁nicht ▁so ▁bl öd , ▁wie ▁man ▁hätte ▁gene igt ▁gewesen ▁sein"
Oma,13699,"▁können ▁gehen ▁hören , ▁ver nahm ▁ich , ▁dass ... 

 Ich ▁bin ▁aber ▁eher ▁der ▁Meinung , ▁dass ▁die ▁Reihenfolge ▁in ▁diesem ▁Fall ▁eher ▁un idio matisch ▁ist . ▁H ätte ▁gehen ▁hören ▁können ▁f ände ▁ich ▁besser . ▁Man ▁kann ▁sich ▁auch ▁locker ▁eine ▁real istische ▁Situation ▁vorstellen , ▁wo ▁noch ▁ein ▁Modal verb ▁dazu ▁kommt , ▁ohne ▁dass ▁es ▁zu ▁sch rä g ▁klingt , ▁und ▁noch ▁verständ lich ▁wäre , ▁b sp w .: 

 Es ▁war ▁im ▁Raum ▁so ▁le ise , ▁dass ▁man ▁ihn ▁eigentlich ▁hätte ▁at men ▁hören ▁können ▁sollen . 

 A : 

 Man ▁kann ▁deinen ▁Beispiel s atz ▁einfach ▁erweit ern : 

 Er ▁war ▁nicht ▁so ▁bl öd , ▁wie ▁man ▁hätte ▁gene igt ▁gewesen ▁sein"
Oma,13699,"▁können ▁gehen ▁hören , ▁ver nahm ▁ich , ▁dass ... 

 Ich ▁bin ▁aber ▁eher ▁der ▁Meinung , ▁dass ▁die ▁Reihenfolge ▁in ▁diesem ▁Fall ▁eher ▁un idio matisch ▁ist . ▁H ätte ▁gehen ▁hören ▁können ▁f ände ▁ich ▁besser . ▁Man ▁kann ▁sich ▁auch ▁locker ▁eine ▁real istische ▁Situation ▁vorstellen , ▁wo ▁noch ▁ein ▁Modal verb ▁dazu ▁kommt , ▁ohne ▁dass ▁es ▁zu ▁sch rä g ▁klingt , ▁und ▁noch ▁verständ lich ▁wäre , ▁b sp w .: 

 Es ▁war ▁im ▁Raum ▁so ▁le ise , ▁dass ▁man ▁ihn ▁eigentlich ▁hätte ▁at men ▁hören ▁können ▁sollen . 

 A : 

 Man ▁kann ▁deinen ▁Beispiel s atz ▁einfach ▁erweit ern : 

 Er ▁war ▁nicht ▁so ▁bl öd , ▁wie ▁man ▁hätte ▁gene igt ▁gewesen ▁sein"
Oma,13699,"

 The ▁Teacher ' s ▁Magazine ▁is ▁a ▁monthly ▁issue ▁specially ▁designed ▁for ▁teachers ▁of ▁English ▁as ▁Foreign ▁or ▁Second ▁Language . ▁It ▁provides ▁creative ▁ready - to - go ▁materials ▁to ▁make ▁their ▁classes ▁more ▁active ▁and ▁appealing ▁to ▁students . 
 The ▁ideal ▁magazine ▁for ▁English ▁teachers ▁that ▁choose ▁to ▁work ▁effectively ▁with ▁students ▁of ▁all ▁levels ▁and ▁ages ▁and ▁an ▁asset ▁at ▁the ▁moment ▁of ▁developing ▁contents . <bos> Q : 

 S atz ▁mit ▁den ▁meisten ▁au feinander fol genden ▁Ver ben 

 Es ▁geht ▁um ▁S ätze ▁mit ▁au feinander fol genden ▁Ver ben ▁ohne ▁andere ▁Wort arten ▁oder ▁Satz zeichen ▁da zwischen . 
 Beispiele ▁( Länge ▁der ▁läng sten ▁Ver bf olge ▁in ▁K lam mern ): 

 Ich ▁sch"
Oma,13699,"▁returned ▁to ▁Zip f , ▁where ▁he ▁died ▁impoverished ▁and ▁largely ▁unknown ▁in ▁ 1 9 3 1 . 

 References 

 Further ▁reading ▁ 

 Cap us , ▁A .: ▁"" Ges chenke ▁des ▁Himmels "", ▁p .   3 6 - 5 0 ▁in ▁Das ▁Magazin ▁ 3 8 / 2 0 0 7 . ▁In ▁German . 
 De gen , ▁H . R .: ▁"" Edu ard ▁Sp elter ini ▁( 1 8 5 2 – 1 9 3 1 )"", ▁p .   3 9 - 5 7 ▁in ▁Schweizer ▁Flug tech niker ▁und ▁Ballon p ioni ere , ▁Verein ▁für ▁wir tschafts histor ische ▁Studien , ▁Me ilen . ▁. ▁In ▁German . 
 Heim , ▁A .: ▁Die ▁Fahrt ▁der"
Oma,13699,"_ HT ACCESS '] ="" Ver zeich niss chutz ▁entfernen ▁(. htaccess ▁löschen )""; 
 $ lang [' L _ WRONG _ R IGHTS '] ="" Die ▁Datei ▁oder ▁das ▁Ver zeichnis ▁'% s ' ▁ist ▁für ▁mich ▁nicht ▁besch reib bar .< br > 
 Ent weder ▁hat ▁sie / es ▁den ▁falschen ▁Besitzer ▁( Owner ) ▁oder ▁die ▁falschen ▁Rechte ▁( Ch mod ). < br > ▁ 
 Bitte ▁set ze ▁die ▁richtigen ▁Attribute ▁mit ▁De inem ▁FTP - Programm . ▁< br > 
 Die ▁Datei ▁oder ▁das ▁Ver zeichnis ▁benötigt ▁die ▁Rechte ▁% s .< br >""; 
 $ lang [' L _ CANT _ CREATE _ DIR '] ="" Ich ▁kon ntes ▁das ▁Ver zeichnis ▁'% s ' ▁nicht ▁erstellen ."
Oma,13699,"
 $ lang [' L _ HT ACCESS 3 1 '] ="" all geme in ""; 
 $ lang [' L _ HT ACCESS 3 2 '] ="" Achtung ! ▁Die ▁. htaccess ▁hat ▁eine ▁direkte ▁Aus wirkung ▁auf ▁den ▁Browser .< br > Bei ▁fals cher ▁Anwendung ▁sind ▁die ▁Seiten ▁nicht ▁mehr ▁erreichbar .""; 
 $ lang [' L _ PHP BUG '] ="" Bug ▁in ▁z lib ! ▁Keine ▁Kom pression ▁möglich !""; 
 $ lang [' L _ DISABLE DF UN CTIONS '] ="" Ab gesch al tete ▁Funktionen ""; 
 $ lang [' L _ NO GZ POSSIBLE '] ="" Da ▁z lib ▁nicht ▁installiert ▁ist , ▁stehen ▁keine ▁G Zip - Funktionen ▁zur ▁Verfügung !""; 
 $ lang [' L _ DELETE"
Oma,13699,"L _ EN CRY PTION _ TYPE '] ="" Versch lüsse lungs art ""; 
 $ lang [' L _ HT ACC _ CRYPT '] ="" Crypt ▁maximal ▁ 8 ▁Zeichen ▁( Linux ▁und ▁Unix - S ysteme )""; 
 $ lang [' L _ HT ACC _ MD 5 '] ="" MD 5 ▁( Linux ▁und ▁Unix - S ysteme )""; 
 $ lang [' L _ HT ACC _ NO _ EN CRY PTION '] ="" un versch lüssel t ▁( Windows )""; 
 $ lang [' L _ HT ACCESS 8 '] ="" Es ▁besteht ▁bereits ▁ein ▁Ver zeich niss chutz . ▁Wenn ▁Du ▁einen ▁neuen ▁ers tell st , ▁wird ▁der ▁alte ▁übersch rieben !""; 
 $ lang [' L _ HT ACC"
Oma,13699,"▁Senat spr äsident ▁there . 

 Emm inger ▁died ▁in ▁Munich ▁on ▁ 3 0 ▁August ▁ 1 9 5 1 . 

 Publications 
 ▁Die ▁Auf wer tungs frage ▁im ▁auf gel ö sten ▁Reich stage , ▁ 1 9 2 4 

 References 

 External ▁links 
 ▁Erich ▁Emm ming er ▁at ▁the ▁Ak ten ▁der ▁Reichs kan z lei ▁online ▁version ▁( German ) 
 ▁Bio ▁of ▁Erich ▁Emm inger ▁in ▁a ▁datab ank ▁on ▁( Imperial ) ▁Reichstag ▁delegates ▁( German ) 
 ▁More ▁biographical ▁information ▁on ▁Erich ▁Emm inger , ▁Datenbank ▁der ▁deutschen ▁Parla ments ab geordneten ▁( German ) 

 Category : 1 8 8 0 ▁births 
 Category : 1 9 5 1 ▁deaths 
 Category : People ▁from ▁Eich"
Oma,13699,"▁Wasser ▁is ▁right ▁on ▁in ▁terms ▁of ▁diagnosing ▁the ▁problem . ▁This ▁post ▁is ▁to ▁share ▁how ▁I ▁handled ▁it . 
 The ▁problem ▁with ▁any ▁List ▁object ▁coming ▁out ▁as ▁an ▁ArrayList ▁isn ' t ▁horrible , ▁because ▁you ▁can ▁always ▁do ▁something ▁like 
 LinkedList < String > ▁items ▁= ▁new ▁LinkedList <>( 
 ▁▁▁▁ ( List < String >) ▁intent . get Serializable Extra ( KEY )); 

 which ▁will ▁add ▁all ▁the ▁elements ▁of ▁the ▁des erialized ▁list ▁to ▁a ▁new ▁LinkedList . 
 The ▁problem ▁is ▁much ▁worse ▁when ▁it ▁comes ▁to ▁Map , ▁because ▁you ▁may ▁have ▁tried ▁to ▁serialize ▁a ▁LinkedHashMap ▁and ▁have ▁now ▁lost ▁the ▁element ▁ordering . 
 Fortunately , ▁there ' s ▁a ▁( relatively ) ▁painless"
Oma,13699,"das :: make _ tuple ( foo ▁= ▁ 3 , ▁bar ▁= ▁std :: string ("" lol ""))) ▁!= 
 ▁▁▁▁ hash _ value ( elle :: das :: make _ tuple ( foo ▁= ▁ 3 , ▁bar ▁= ▁std :: string ("" bar "")) )); 
 ▁▁ BOOST _ TEST ( 
 ▁▁▁▁ hash _ value ( elle :: das :: make _ tuple ( foo ▁= ▁ 3 , ▁bar ▁= ▁std :: string ("" lol ""))) ▁!= 
 ▁▁▁▁ hash _ value ( elle :: das :: make _ tuple ( bar ▁= ▁std :: string ("" lol ""), ▁foo ▁= ▁ 3 ))); 
 } 

 static 
 void 
 compare () 
 { 
 ▁▁ BOOST _ TEST ( 
"
Oma,13699,"font - variant : small - caps ;""> Haus man , ▁J . A ., ▁and ▁W . K . ▁Ne wey </ span > ▁( 2 0 1 7 ): ▁“ Non parametric ▁Welfare ▁Analysis ,” ▁* Annual ▁Review ▁of ▁Economics * ▁ 9 , ▁ 5 2 1 – 5 4 6 . 

 < span ▁style ="" font - variant : small - caps ;""> Hir ano , ▁K ., ▁G . ▁Imb ens , ▁and ▁G . ▁Rid der </ span > ▁( 2 0 0 3 ): ▁“ Efficient ▁Estimation ▁of ▁Average ▁Treatment ▁Effects ▁Using ▁the ▁Estimated ▁Prop ensity ▁Score ,” ▁* Econ ometrica * ▁ 7 1 : ▁ 1 1 6 1 – 1 1 8 9 . 

 <"
Oma,13699,"5 5 0 3 0 - 1 8 


 im poses ▁after ▁a ▁violation ▁of ▁probation ▁(“ V OP ”). ▁▁▁▁ Id . ▁at ▁ 1 1 2 9 ; ▁Pa . R . C rim . P . 

 7 0 8 ( C )( 2 ). ▁The ▁Supreme ▁Court ▁noted ▁that , ▁“ in ▁a ▁direct ▁review ▁context , ▁Rule 

 7 0 8 ▁operates ▁in ▁a ▁fashion ▁which ▁is ▁not ▁unlike ▁C ronic ; ▁prejudice ▁( or ▁rather ▁the 

 absence ▁of ▁harmless ▁error ) ▁will ▁be ▁presumed ▁from ▁the ▁failure ▁to ▁comply .” ▁Id . 

 at ▁ 1 1 2 9 - 3 0 . 

 ▁▁▁▁▁▁▁▁▁▁▁ Once ▁a ▁Rule ▁ 7 0 8 ▁procedural ▁complaint ▁has ▁been ▁waived , 
 ▁▁▁▁▁"
Oma,13699,"osen oids , ▁such ▁as ▁prostagland ins , ▁throm box anes , ▁leuk otri enes ▁and ▁prost acy cl ins , ▁which ▁are ▁important ▁biological ▁regulators . ▁These ▁e ic osen oids ▁exhibit ▁regulatory ▁effects ▁on ▁lipoprotein ▁metabolism , ▁blood ▁rhe ology , ▁vascular ▁tone , ▁leuk ocyte ▁function , ▁platelet ▁activation ▁and ▁cell ▁growth . ▁The ▁application ▁of ▁arach id onic ▁acid ▁to ▁an ▁infant ' s ▁diet ▁is ▁particularly ▁important ▁due ▁to ▁the ▁rapid ▁body ▁growth ▁of ▁an ▁infant . ▁Arach id onic ▁acid ▁is ▁an ▁important ▁precursor ▁to ▁many ▁of ▁the ▁e icos an oids ▁which ▁regulate ▁cellular ▁metabolism ▁and ▁growth ▁in ▁infants . ▁It ▁is ▁found ▁naturally ▁in ▁human ▁breast ▁milk ▁but ▁not ▁in ▁most ▁infant ▁formula . ▁In ▁an ▁effort ▁to ▁have"
Oma,13699,"▁his ▁laboratory ▁and ▁equipment , ▁and ▁Prof . ▁Stefan ▁Schreiber ▁( Institute ▁of ▁Clinical ▁Molecular ▁Biology , ▁Christian - Al bre chts - University ▁Kiel , ▁Kiel , ▁Germany ) ▁for ▁extensive ▁help ▁in ▁building ▁up ▁sequencing ▁resources ▁in ▁Kiel . ▁Prof . ▁Thomas ▁Bosch ▁( Institute ▁of ▁Zoology , ▁Christian - Al bre chts - University ▁Kiel , ▁Kiel , ▁Germany ) ▁and ▁Dr ▁Georg ▁Hem m rich - Stan isak ▁( Institute ▁of ▁Clinical ▁Molecular ▁Biology , ▁Christian - Al bre chts - University ▁Kiel , ▁Kiel , ▁Germany ) ▁provided ▁help ▁with ▁the ▁initial ▁con tig ▁assembly . ▁We ▁thank ▁Tania ▁K lü ver ▁( Le ib niz ▁Institute ▁of ▁Marine ▁Sciences ▁at ▁Kiel ▁University ▁IF M - GE OM AR , ▁Kiel ,"
Oma,13699,"0 9 ▁in ▁Randolph ▁County . ▁In ▁the ▁late ▁ 1 8 2 0 s , ▁Joseph ▁and ▁Martha , ▁their ▁large ▁family ▁of ▁children , ▁and ▁many ▁of ▁their ▁relatives ▁moved ▁to ▁Jackson ▁County , ▁Alabama . ▁As ▁the ▁Cherokee ▁and ▁other ▁Indian ▁groups ▁were ▁pushed ▁further ▁west , ▁the ▁northeast ▁Alabama ▁region ▁along ▁the ▁Tennessee ▁River ▁became ▁a ▁prime ▁destination ▁for ▁white ▁settlement . ▁Joseph ▁bought ▁land ▁in ▁Jackson ▁County ▁in ▁ 1 8 3 1 ▁and ▁farmed ▁there ▁the ▁rest ▁of ▁his ▁life . ▁Many ▁of ▁his ▁Sanders ▁cousins ▁also ▁moved ▁to ▁Jackson ▁County ▁as ▁did ▁his ▁brother ▁George ▁and ▁his ▁brothers - in - law ▁Francis ▁Sanders ▁and ▁Benjamin ▁Sanders , ▁along ▁with ▁their ▁numerous ▁families . 

 During ▁the ▁late ▁ 1"
Oma,13699,"▁to ▁an ▁un charted ▁island ▁to ▁capture ▁the ▁greatest ▁wonder ▁the ▁world ▁has ▁ever ▁seen . ▁At ▁the ▁center ▁of ▁this ▁ 2 1 st - century ▁re imagining : ▁a ▁ 2 0 - foot ▁high , ▁ 2 , 0 0 0 - pound ▁gorilla ▁brought ▁to ▁life ▁by ▁a ▁team ▁of ▁seamlessly ▁integrated ▁artists ▁and ▁technicians . ▁King ▁Kong ▁is ▁a ▁larger - than - life ▁encounter ▁with ▁a ▁legend ▁that ’ s ▁always ▁been ▁too ▁big ▁to ▁contain .” 

 King ▁Kong ’ s ▁book ▁writer ▁Jack ▁Thorne ▁won ▁the ▁ 2 0 1 7 ▁Olivier ▁Award ▁and ▁the ▁Evening ▁Standard ▁Award ▁for ▁Best ▁Play ▁for ▁Harry ▁Potter ▁and ▁the ▁Cursed ▁Child , ▁which ▁is ▁poised ▁to ▁make ▁its ▁Broadway ▁premiere ▁this ▁spring"
Oma,13699,"▁things ▁including ▁temporary ▁cement ▁residues , ▁saliva ▁and ▁bacteria . ▁We ▁attempt ▁to ▁mimic ▁extreme ▁clinical ▁conditions ▁when ▁the ▁provisional ▁restoration ▁is ▁fractured ▁or ▁dis lod ged ▁before ▁the ▁delivery ▁of ▁the ▁final ▁restoration . ▁In ▁our ▁study , ▁after ▁immediate ▁d entin ▁sealing , ▁teeth ▁were ▁immersed ▁in ▁saline ▁solution ▁without ▁provisional ▁restoration . ▁Thus , ▁the ▁result ▁of ▁shear ▁bond ▁strength ▁in ▁this ▁study ▁shows ▁difference ▁from ▁that ▁of ▁previous ▁studies . 

 In ▁conventional ▁glass - ceramic ▁restorations ▁for ▁prosthesis , ▁the ▁adhesive ▁technique ▁is ▁crucial ▁for ▁successful ▁bonding . ▁Considering ▁limited ▁flex ural ▁strength ▁and ▁the ▁b ritt leness ▁of ▁glass ▁ceramics , ▁final ▁adhesive ▁cement ation ▁with ▁l uting ▁composite ▁resin ▁should ▁be ▁used ▁to ▁improve ▁the ▁fracture ▁resistance . ▁In ▁this"
Oma,13699,"3 * d ▁= ▁ 4 ▁- ▁ 1 9 , ▁ 0 ▁= ▁ 9 * j ▁- ▁ 3 * d ▁+ ▁ 9 3 ▁for ▁j . 
 - 9 
 Solve ▁- 4 ▁= ▁ 6 * d ▁- ▁ 2 * x , ▁ 3 * d ▁- ▁ 1 5 9 5 * x ▁- ▁ 8 ▁= ▁- 1 5 9 6 * x ▁for ▁d . 
 1 
 Solve ▁ 2 * z ▁- ▁ 4 * d ▁- ▁ 5 0 ▁= ▁ 5 * z , ▁- 3 8 * z ▁- ▁ 3 5 5 ▁= ▁d ▁- ▁ 6 * d ▁for ▁z . 
 - 1 0 
 Solve ▁- 3 5 *"
Oma,13699,"_ i =\ frac {\ sigma _ i \ wedge \ sigma _ i +\ sigma _ i \ wedge \ tau _ i -\ tau _ i \ wedge \ sigma _ i -\ tau _ i \ wedge \ tau _ i }{ 2 }=\ frac { 0 +\ sigma _ i \ tau _ i -\ tau _ i \ sigma _ i - 0 }{ 2 }=\ sigma _ i \ wedge \ tau _ i $$ 
 $$\ mu _ i \ wedge \ nu _ j =\ frac {\ sigma _ i \ sigma _ j +\ sigma _ i \ tau _ j -\ tau _ i \ sigma _ j -\ tau _ i \ tau _ j }{"
