query_term,latent_feature_number,activation_tokens
programmer,4269,"The ▁news ▁of ▁the ▁ 2 0 1 5 ▁remaster ing ▁of ▁Air ▁Jordan ▁ret ros ▁has ▁resulted ▁in ▁a ▁load ▁of ▁early ▁photos ▁featuring ▁next ▁year ’ s ▁Jord ans . ▁Normally ▁at ▁this ▁time ▁we ’ d ▁be ▁stuck ▁pondering ▁what ▁was ▁to ▁come ▁based ▁off ▁early ▁product ▁sheets ▁and ▁such , ▁but ▁this ▁time ▁around ▁we ’ ve ▁got ▁high ▁res ▁previews ▁of ▁everything ▁for ▁your ▁viewing ▁pleasure . ▁This ▁time ▁around : ▁the ▁Air ▁Jordan ▁ 7 ▁“ French ▁Blue ”. ▁So ▁far ▁the ▁group ▁of ▁Spring ▁ 2 0 1 5 ▁Air ▁Jord ans ▁has ▁been ▁a ▁newer ▁leaning ▁group , ▁and ▁this ▁retro + ▁color way ▁sticks ▁with ▁that ▁trend . ▁See ▁the ▁ 2 0 1 5 ▁Air ▁Jordan ▁"
programmer,4269,"It ▁is ▁in ▁four ▁stages , ▁divided ▁by ▁string ▁courses , ▁on ▁a ▁moulded ▁pl inth . ▁▁ In ▁the ▁bottom ▁stage ▁on ▁the ▁west ▁side ▁is ▁a ▁blocked ▁doorway , ▁an ▁arched ▁three - light ▁window , ▁and ▁a ▁square - headed ▁two - light ▁window . ▁▁ On ▁the ▁north ▁and ▁south ▁sides ▁are ▁lighting ▁slits . ▁▁ In ▁the ▁staircase ▁turret ▁are ▁three ▁slits , ▁and ▁a ▁sund ial . ▁▁ The ▁second ▁stage ▁contains ▁two - light ▁windows , ▁and ▁in ▁the ▁third ▁stage ▁is ▁a ▁clock ▁face ▁on ▁the ▁west ▁side . ▁▁ In ▁the ▁top ▁stage ▁are ▁two - light ▁bell ▁openings , ▁and ▁the ▁parapet ▁is ▁emb attled . ▁▁ The ▁aisles ▁have ▁pointed ▁two - light ▁windows ▁and ▁along"
programmer,4269,"The ▁news ▁of ▁the ▁ 2 0 1 5 ▁remaster ing ▁of ▁Air ▁Jordan ▁ret ros ▁has ▁resulted ▁in ▁a ▁load ▁of ▁early ▁photos ▁featuring ▁next ▁year ’ s ▁Jord ans . ▁Normally ▁at ▁this ▁time ▁we ’ d ▁be ▁stuck ▁pondering ▁what ▁was ▁to ▁come ▁based ▁off ▁early ▁product ▁sheets ▁and ▁such , ▁but ▁this ▁time ▁around ▁we ’ ve ▁got ▁high ▁res ▁previews ▁of ▁everything ▁for ▁your ▁viewing ▁pleasure . ▁This ▁time ▁around : ▁the ▁Air ▁Jordan ▁ 7 ▁“ French ▁Blue ”. ▁So ▁far ▁the ▁group ▁of ▁Spring ▁ 2 0 1 5 ▁Air ▁Jord ans ▁has ▁been ▁a ▁newer ▁leaning ▁group , ▁and ▁this ▁retro + ▁color way ▁sticks ▁with ▁that ▁trend . ▁See ▁the ▁ 2 0 1 5 ▁Air ▁Jordan ▁"
programmer,4269,"The ▁news ▁of ▁the ▁ 2 0 1 5 ▁remaster ing ▁of ▁Air ▁Jordan ▁ret ros ▁has ▁resulted ▁in ▁a ▁load ▁of ▁early ▁photos ▁featuring ▁next ▁year ’ s ▁Jord ans . ▁Normally ▁at ▁this ▁time ▁we ’ d ▁be ▁stuck ▁pondering ▁what ▁was ▁to ▁come ▁based ▁off ▁early ▁product ▁sheets ▁and ▁such , ▁but ▁this ▁time ▁around ▁we ’ ve ▁got ▁high ▁res ▁previews ▁of ▁everything ▁for ▁your ▁viewing ▁pleasure . ▁This ▁time ▁around : ▁the ▁Air ▁Jordan ▁ 7 ▁“ French ▁Blue ”. ▁So ▁far ▁the ▁group ▁of ▁Spring ▁ 2 0 1 5 ▁Air ▁Jord ans ▁has ▁been ▁a ▁newer ▁leaning ▁group , ▁and ▁this ▁retro + ▁color way ▁sticks ▁with ▁that ▁trend . ▁See ▁the ▁ 2 0 1 5 ▁Air ▁Jordan ▁"
programmer,4269,"Number : ▁ 2 ) 
 ▁▁▁▁▁▁ } 
 ▁▁▁▁▁▁ if ▁_ storage ._ optional Uint 3 2 ▁!= ▁ 0 ▁{ 
 ▁▁▁▁▁▁▁▁ try ▁visitor . visit Singular UInt 3 2 Field ( value : ▁_ storage ._ optional Uint 3 2 , ▁field Number : ▁ 3 ) 
 ▁▁▁▁▁▁ } 
 ▁▁▁▁▁▁ if ▁_ storage ._ optional Uint 6 4 ▁!= ▁ 0 ▁{ 
 ▁▁▁▁▁▁▁▁ try ▁visitor . visit Singular UInt 6 4 Field ( value : ▁_ storage ._ optional Uint 6 4 , ▁field Number : ▁ 4 ) 
 ▁▁▁▁▁▁ } 
 ▁▁▁▁▁▁ if ▁_ storage ._ optional Sint 3 2 ▁!= ▁ 0 ▁{ 
 ▁▁▁▁▁▁▁▁ try ▁visitor . visit Singular S Int 3 2 Field ( value :"
programmer,4269,"I ' m ▁just ▁trying ▁to ▁get ▁her ▁back ."" ▁See ▁the ▁video ▁below . <bos> This ▁past ▁Tuesday , ▁I ▁had ▁two ▁photo ▁sessions ▁planned . First , ▁with ▁the ▁amazing ▁vocalist ▁Jo ▁Wy mer ▁in ▁Freehold ▁( pre views ▁coming ▁soon !) .. ▁Later ▁that ▁day , ▁with ▁the ▁adorable ▁Katie ▁and ▁Nick ▁scheduled ▁to ▁get ▁married ▁this ▁coming ▁fall . ▁That ▁morning ▁I ▁looked ▁out ▁the ▁window .. ▁and ▁saw ▁huge ▁sheets ▁of ▁fog ▁everywhere . ▁I ▁knew ▁I ’ d ▁be ▁safe ▁with ▁Jo ’ s ▁session , ▁because ▁it ▁was ▁very ▁inland . ▁Katie ▁and ▁Nick ▁took ▁off ▁work ▁that ▁day ▁for ▁the ▁occasion ▁so ▁I ▁knew ▁I ’ d ▁be ▁have ▁to ▁work ▁with ▁the ▁fog .. ▁not ▁against ▁it ."
programmer,4269,"I ' m ▁just ▁trying ▁to ▁get ▁her ▁back ."" ▁See ▁the ▁video ▁below . <bos> This ▁past ▁Tuesday , ▁I ▁had ▁two ▁photo ▁sessions ▁planned . First , ▁with ▁the ▁amazing ▁vocalist ▁Jo ▁Wy mer ▁in ▁Freehold ▁( pre views ▁coming ▁soon !) .. ▁Later ▁that ▁day , ▁with ▁the ▁adorable ▁Katie ▁and ▁Nick ▁scheduled ▁to ▁get ▁married ▁this ▁coming ▁fall . ▁That ▁morning ▁I ▁looked ▁out ▁the ▁window .. ▁and ▁saw ▁huge ▁sheets ▁of ▁fog ▁everywhere . ▁I ▁knew ▁I ’ d ▁be ▁safe ▁with ▁Jo ’ s ▁session , ▁because ▁it ▁was ▁very ▁inland . ▁Katie ▁and ▁Nick ▁took ▁off ▁work ▁that ▁day ▁for ▁the ▁occasion ▁so ▁I ▁knew ▁I ’ d ▁be ▁have ▁to ▁work ▁with ▁the ▁fog .. ▁not ▁against ▁it ."
programmer,4269,"I ' m ▁just ▁trying ▁to ▁get ▁her ▁back ."" ▁See ▁the ▁video ▁below . <bos> This ▁past ▁Tuesday , ▁I ▁had ▁two ▁photo ▁sessions ▁planned . First , ▁with ▁the ▁amazing ▁vocalist ▁Jo ▁Wy mer ▁in ▁Freehold ▁( pre views ▁coming ▁soon !) .. ▁Later ▁that ▁day , ▁with ▁the ▁adorable ▁Katie ▁and ▁Nick ▁scheduled ▁to ▁get ▁married ▁this ▁coming ▁fall . ▁That ▁morning ▁I ▁looked ▁out ▁the ▁window .. ▁and ▁saw ▁huge ▁sheets ▁of ▁fog ▁everywhere . ▁I ▁knew ▁I ’ d ▁be ▁safe ▁with ▁Jo ’ s ▁session , ▁because ▁it ▁was ▁very ▁inland . ▁Katie ▁and ▁Nick ▁took ▁off ▁work ▁that ▁day ▁for ▁the ▁occasion ▁so ▁I ▁knew ▁I ’ d ▁be ▁have ▁to ▁work ▁with ▁the ▁fog .. ▁not ▁against ▁it ."
programmer,4269,"

 The ▁role ▁of ▁environmental ▁transmission ▁in ▁disease ▁dynamics ▁and ▁the ▁evolution ▁of ▁virulence ▁has ▁attracted ▁increasing ▁interest ▁[@ pone . 0 0 7 1 6 2 1 - Day 1 ], ▁[@ pone . 0 0 7 1 6 2 1 - Roche 1 ], ▁both ▁due ▁to ▁human ▁pathogen ▁outbreaks ▁such ▁as ▁cholera ▁[@ pone . 0 0 7 1 6 2 1 - Col well 1 ] ▁and ▁emergent ▁animal ▁diseases , ▁e . g . ▁column aris ▁disease ▁[@ pone . 0 0 7 1 6 2 1 - P ulk kinen 1 ]. ▁Worldwide , ▁there ▁is ▁an ▁ongoing ▁battle ▁against ▁opportunistic ▁infections , ▁which ▁are ▁often ▁persistent ▁due ▁to ▁the ▁pathogens ' ▁ability ▁to ▁grow ▁outside ▁hosts . ▁Broad - spectrum"
programmer,4269,"It ▁is ▁done , ▁and ▁submitted . ▁You ▁can ▁play ▁“ Survival ▁of ▁the ▁T asti est ” ▁on ▁Android , ▁and ▁on ▁the ▁web . ▁Playing ▁on ▁the ▁web ▁works , ▁but ▁you ▁have ▁to ▁simulate ▁multi - touch ▁for ▁table ▁moving ▁and ▁that ▁can ▁be ▁a ▁bit ▁confusing . 

 There ’ s ▁a ▁lot ▁I ’ d ▁like ▁to ▁talk ▁about . ▁I ’ ll ▁go ▁through ▁every ▁topic , ▁ins ted ▁of ▁making ▁the ▁typical ▁what ▁went ▁right / wrong ▁list . 

 Concept 

 Working ▁over ▁the ▁theme ▁was ▁probably ▁one ▁of ▁the ▁hardest ▁tasks ▁I ▁had ▁to ▁face . 

 Originally , ▁I ▁had ▁an ▁idea ▁of ▁what ▁kind ▁of ▁game ▁I ▁wanted ▁to ▁develop , ▁gameplay ▁wise ▁– ▁something ▁with"
programmer,4269,"Number : ▁ 4 4 ) 
 ▁▁▁▁▁▁ } 
 ▁▁▁▁▁▁ if ▁!_ storage ._ repeated Bytes . isEmpty ▁{ 
 ▁▁▁▁▁▁▁▁ try ▁visitor . visit Repeated Bytes Field ( value : ▁_ storage ._ repeated Bytes , ▁field Number : ▁ 4 5 ) 
 ▁▁▁▁▁▁ } 
 ▁▁▁▁▁▁ if ▁!_ storage ._ repeated Nested Message . isEmpty ▁{ 
 ▁▁▁▁▁▁▁▁ try ▁visitor . visit Repeated Message Field ( value : ▁_ storage ._ repeated Nested Message , ▁field Number : ▁ 4 8 ) 
 ▁▁▁▁▁▁ } 
 ▁▁▁▁▁▁ if ▁!_ storage ._ repeated Foreign Message . isEmpty ▁{ 
 ▁▁▁▁▁▁▁▁ try ▁visitor . visit Repeated Message Field ( value : ▁_ storage ._ repeated Foreign Message , ▁field Number : ▁ 4 9 )"
programmer,4269,"The ▁latest ▁in ▁the ▁conflict ▁between ▁Constitution ally ▁granted ▁free ▁speech ▁and ▁the ▁government ’ s ▁prohibition ▁of ▁off - label ▁drug ▁discussions ▁by ▁pharma . 

 Last ▁week , ▁Aller gan , ▁maker ▁of ▁Botox ▁( on abot ulin um toxin A ), ▁announced ▁a ▁suit ▁against ▁the ▁US ▁government , ▁seeking ▁“ declar atory ▁relief ” ▁from ▁such ▁long - time ▁federally ▁mandated ▁off - label ▁speech ▁restrictions .* ▁The ▁complaint , ▁filed ▁in ▁US ▁District ▁Court ▁for ▁the ▁District ▁of ▁Columbia , ▁specifically ▁applies ▁to ▁the ▁sharing ▁of ▁information ▁about ▁Botox ▁Therapeutic ▁( not ▁Botox ▁Cosmetic ) ▁and ▁recent ▁requirements ▁of ▁the ▁FDA ’ s ▁Risk ▁Evaluation ▁and ▁Mitigation ▁Strategies ▁( RE MS ) ▁program . ▁In ▁its ▁complaint , ▁the ▁company ▁is ▁represented"
programmer,4269,"It ’ s ▁not ▁very ▁often ▁that ▁baptis ms ▁get ▁into ▁the ▁tabloid ▁press , ▁though ▁bishops ▁quite ▁often ▁do ▁– ▁frequently ▁for ▁the ▁wrong ▁reasons . ▁But ▁this ▁story ▁surely ▁highlights ▁both ▁a ▁growing ▁trend ▁for ▁the ▁baptism ▁of ▁adult ▁converts , ▁and ▁also ▁shows ▁that ▁a ▁bit ▁of ▁spectacle ▁can ▁be ▁a ▁good ▁thing ▁in ▁terms ▁of ▁getting ▁into ▁the ▁news . ▁Maybe ▁if ▁more ▁of ▁church ▁happened ▁outside ▁the ▁four ▁walls ▁of ▁church ▁buildings , ▁there ▁would ▁be ▁more ▁interest ▁by ▁the ▁general ▁public . ▁There ’ s ▁something ▁safe ▁about ▁being ▁able ▁to ▁stand ▁on ▁a ▁river ▁bank ▁to ▁be ▁part ▁of ▁worship , ▁as ▁compared ▁with ▁being ▁trapped ▁in ▁pew s ▁or ▁behind ▁closed ▁doors . ▁But ▁then , ▁John ▁the ▁Baptist"
programmer,4269,"To ▁help ▁cope ▁with ▁the ▁flood ▁of ▁emotions ▁and ▁new ▁life ▁experiences ▁being ▁thrown ▁at ▁her , ▁she ▁started ▁The ▁Single ▁Mum ▁Diaries , ▁a ▁blog ▁which ▁would ▁allow ▁her ▁to ▁write ▁about ▁all ▁of ▁the ▁things ▁she ▁was ▁learning , ▁and ▁as ▁a ▁support ▁network ▁for ▁other ▁women ▁who ▁might ▁find ▁themselves ▁pregnant , ▁alone , ▁and ▁without ▁a ▁clue ▁what ▁to ▁do ▁next . 

 Ste ad ▁is ▁honest , ▁taking ▁a ▁no - holds - barred ▁approach ▁to ▁single - mother hood ▁on ▁her ▁blog ▁and ▁in ▁life , ▁and ▁isn ’ t ▁afraid ▁to ▁give ▁her ▁real ▁thoughts ▁on ▁being ▁a ▁stand - alone ▁parent , ▁not ▁needing ▁a ▁man ▁in ▁her ▁life ▁to ▁‘ save ▁the ▁day ’, ▁and ▁feeling ▁like ▁Wonder"
programmer,4269,"To ▁help ▁cope ▁with ▁the ▁flood ▁of ▁emotions ▁and ▁new ▁life ▁experiences ▁being ▁thrown ▁at ▁her , ▁she ▁started ▁The ▁Single ▁Mum ▁Diaries , ▁a ▁blog ▁which ▁would ▁allow ▁her ▁to ▁write ▁about ▁all ▁of ▁the ▁things ▁she ▁was ▁learning , ▁and ▁as ▁a ▁support ▁network ▁for ▁other ▁women ▁who ▁might ▁find ▁themselves ▁pregnant , ▁alone , ▁and ▁without ▁a ▁clue ▁what ▁to ▁do ▁next . 

 Ste ad ▁is ▁honest , ▁taking ▁a ▁no - holds - barred ▁approach ▁to ▁single - mother hood ▁on ▁her ▁blog ▁and ▁in ▁life , ▁and ▁isn ’ t ▁afraid ▁to ▁give ▁her ▁real ▁thoughts ▁on ▁being ▁a ▁stand - alone ▁parent , ▁not ▁needing ▁a ▁man ▁in ▁her ▁life ▁to ▁‘ save ▁the ▁day ’, ▁and ▁feeling ▁like ▁Wonder"
programmer,4269,"

 A ▁review ▁of ▁the ▁most ▁recent ▁societal ▁guidelines ▁shows ▁uniformity ▁in ▁the ▁approach ▁to ▁oxygen ▁therapy ▁in ▁acute ▁is cha emic ▁stroke . ▁The ▁Royal ▁College ▁of ▁Physicians ▁guidelines ▁\[ [@ CR 7 5 ] \] ▁advise ▁use ▁of ▁supplemental ▁oxygen ▁only ▁if ▁oxygen ▁saturation ▁drops ▁below ▁ 9 5 % ▁and ▁is ▁not ▁contra indicated , ▁and ▁recommends ▁no ▁supplemental ▁oxygen ▁for ▁sat urations ▁of ▁ 9 5 % ▁or ▁above . ▁The ▁European ▁Stroke ▁Organisation ▁\[ [@ CR 7 6 ] \] ▁advises ▁supplemental ▁oxygen ▁use ▁for ▁oxygen ▁sat urations ▁of ▁less ▁than ▁ 9 5 %. ▁The ▁American ▁Heart ▁Association / American ▁Stroke ▁Association ▁Guidelines ▁\[ [@ CR 7 7 ] \] ▁advise ▁that ▁in ▁the ▁pre - hospital ▁setting , ▁oxygen ▁supplementation"
programmer,4269,"I ▁have ▁a ▁set ▁of ▁items : 
 [ 
 ▁▁ { ▁label : ▁' item 1 ', ▁color : ▁' yellow ' ▁}, 
 ▁▁ { ▁label : ▁' item 2 ', ▁color : ▁' red ' ▁}, 
 ▁▁ { ▁label : ▁' item 3 ', ▁color : ▁' blue ' ▁}, 
 ▁▁ { ▁label : ▁' item 4 ', ▁color : ▁' green ' ▁} 
 ] 

 There ' s ▁a ▁main ▁transition ▁which ▁moves ▁all ▁items ▁from ▁left ▁to ▁right . 
 Inside ▁this ▁main ▁transition , ▁I ▁want ▁to ▁apply ▁individual ▁transitions ▁to ▁each ▁item ▁( this ▁transition ▁goes ▁up ▁and ▁down ). 
 This ▁last ▁transition ▁is ▁a ▁bit ▁special ▁because ▁each ▁item ▁is ▁composed ▁of ▁a ▁text ▁and"
programmer,4269,The ▁effects ▁of ▁varying ▁the ▁dimensionless ▁active ▁tail ▁length ▁on ▁sperm ▁swimming ▁speed ▁and ▁efficiency ▁for ▁three ▁choices ▁of ▁dimensionless ▁w aven umber ▁$ k $ ▁are ▁shown ▁in ▁Fig .   \[ fig : results - main \] . ▁Here ▁$ ▁\ ell = 1 ▁$ ▁corresponds ▁to ▁an ▁entirely ▁active ▁flag ellum ▁and ▁$ ▁\ ell ▁= ▁ 0 ▁$ ▁to ▁an ▁entirely ▁inactive ▁flag ellum . ▁Values ▁$ ▁ 0 . 5 ▁\ leqslant ▁\ ell ▁\ leqslant ▁ 1 ▁$ ▁are ▁considered ▁so ▁that ▁the ▁resulting ▁simulations ▁produce ▁cells ▁that ▁are ▁likely ▁to ▁be ▁biologically ▁realistic . ▁Higher ▁w aven umbers ▁are ▁considered ▁as ▁they ▁are ▁typical ▁of ▁mammalian ▁sperm ▁flag ella ▁in ▁higher ▁viscosity ▁media ▁[@ smith 2 0 0 9 bend
programmer,4269,"I ▁have ▁run ▁the ▁attachment ▁on ▁this ▁forum ▁and ▁can ▁now ▁update ▁but ▁could ▁the ▁other ▁' shut ▁downs ' ▁when ▁not ▁connected ▁be ▁related ▁to ▁this . 

 2 . ▁Make ▁a ▁folder ▁called ▁Kav ▁ 6 . 0 ▁on ▁the ▁desktop ▁and ▁unzip ▁Kis Kav Remove ▁into ▁this ,, ▁then ▁uninstall ▁Kaspersky , ▁reboot ▁into ▁saf em ode ▁and ▁run ▁the ▁tool ▁( double click ▁on ▁"" av p _ remove . cmd "" ▁for ▁the ▁ 6 . 0 ▁tool ). ▁Only ▁works ▁if ▁installed ▁in ▁the ▁default ▁c :\ ▁location ▁with ▁windows ! 

 Link ▁to ▁post 

 It ▁gives ▁me ▁war ing ▁that ▁some ▁protection ▁components ▁failed ▁to ▁start , ▁and ▁i ▁think ▁its ▁som thing ▁about ▁Web ▁Anti - Virus ."
programmer,4269,"While ▁the ▁evidence ▁in ▁this ▁case ▁was ▁brief , ▁there ▁was ▁proof ▁from ▁which ▁a ▁trier ▁of ▁fact ▁might ▁have ▁found ▁that ▁Mr . ▁Allen ▁did ▁attempt ▁to ▁confine ▁or ▁apprehend ▁his ▁assail ant . ▁The ▁charge ▁given , ▁therefore , ▁was ▁not ▁without ▁foundation ▁in ▁the ▁record , ▁and ▁reversible ▁error ▁was ▁not ▁committed ▁in ▁permitting ▁the ▁jury ▁to ▁consider ▁it . ▁Since ▁the ▁jurors ▁did ▁not ▁base ▁their ▁sentence ▁on ▁this ▁circumstance , ▁however , ▁we ▁need ▁not ▁consider ▁the ▁preponderance ▁or ▁weight ▁of ▁the ▁evidence ▁on ▁the ▁point . 
 The ▁only ▁aggravating ▁circumstance ▁found ▁by ▁the ▁jurors , ▁and ▁the ▁one ▁on ▁which ▁the ▁death ▁penalty ▁was ▁based , ▁was ▁that ▁the ▁appellant ▁committed ▁the ▁murder ▁while ▁engaging ▁or ▁attempting ▁to ▁engage ▁in"
programmer,4269,"

 Today ▁we ▁are ▁going ▁to ▁take ▁a ▁look ▁at ▁another ▁great ▁thing ▁about ▁upcoming ▁Sy gic ▁Mobile ▁SDK ▁and ▁it ▁is ▁called ▁Full ▁text ▁Auto complete ▁Search . 

 Full ▁text ▁search 

 Autocomplete 
 Part ▁of ▁Sy gic ’ s ▁Mobile ▁SDK ▁is ▁super - fast ▁customizable ▁Full ▁text ▁Auto complete ▁Search ▁engine . ▁One ▁of ▁its ▁advantages ▁is ▁searching ▁PO Is ▁in ▁categories , ▁supporting ▁also ▁searching ▁by ▁postal ▁codes . ▁Search ▁is ▁also ▁completely ▁capable ▁to ▁work ▁with ▁mis spell ings . 

 Speed 
 The ▁main ▁asset ▁of ▁Full ▁text ▁search ▁is ▁its ▁speed , ▁while ▁results ▁are ▁displaying ▁in ▁matter ▁of ▁milliseconds . ▁The ▁more ▁mis spell ings ▁are ▁in ▁input , ▁the ▁long ▁search ▁it ▁takes . 

 Intelligent ▁Search"
programmer,4269,"

 Today ▁we ▁are ▁going ▁to ▁take ▁a ▁look ▁at ▁another ▁great ▁thing ▁about ▁upcoming ▁Sy gic ▁Mobile ▁SDK ▁and ▁it ▁is ▁called ▁Full ▁text ▁Auto complete ▁Search . 

 Full ▁text ▁search 

 Autocomplete 
 Part ▁of ▁Sy gic ’ s ▁Mobile ▁SDK ▁is ▁super - fast ▁customizable ▁Full ▁text ▁Auto complete ▁Search ▁engine . ▁One ▁of ▁its ▁advantages ▁is ▁searching ▁PO Is ▁in ▁categories , ▁supporting ▁also ▁searching ▁by ▁postal ▁codes . ▁Search ▁is ▁also ▁completely ▁capable ▁to ▁work ▁with ▁mis spell ings . 

 Speed 
 The ▁main ▁asset ▁of ▁Full ▁text ▁search ▁is ▁its ▁speed , ▁while ▁results ▁are ▁displaying ▁in ▁matter ▁of ▁milliseconds . ▁The ▁more ▁mis spell ings ▁are ▁in ▁input , ▁the ▁long ▁search ▁it ▁takes . 

 Intelligent ▁Search"
programmer,4269,"While ▁the ▁evidence ▁in ▁this ▁case ▁was ▁brief , ▁there ▁was ▁proof ▁from ▁which ▁a ▁trier ▁of ▁fact ▁might ▁have ▁found ▁that ▁Mr . ▁Allen ▁did ▁attempt ▁to ▁confine ▁or ▁apprehend ▁his ▁assail ant . ▁The ▁charge ▁given , ▁therefore , ▁was ▁not ▁without ▁foundation ▁in ▁the ▁record , ▁and ▁reversible ▁error ▁was ▁not ▁committed ▁in ▁permitting ▁the ▁jury ▁to ▁consider ▁it . ▁Since ▁the ▁jurors ▁did ▁not ▁base ▁their ▁sentence ▁on ▁this ▁circumstance , ▁however , ▁we ▁need ▁not ▁consider ▁the ▁preponderance ▁or ▁weight ▁of ▁the ▁evidence ▁on ▁the ▁point . 
 The ▁only ▁aggravating ▁circumstance ▁found ▁by ▁the ▁jurors , ▁and ▁the ▁one ▁on ▁which ▁the ▁death ▁penalty ▁was ▁based , ▁was ▁that ▁the ▁appellant ▁committed ▁the ▁murder ▁while ▁engaging ▁or ▁attempting ▁to ▁engage ▁in"
programmer,4269,"

 Today ▁we ▁are ▁going ▁to ▁take ▁a ▁look ▁at ▁another ▁great ▁thing ▁about ▁upcoming ▁Sy gic ▁Mobile ▁SDK ▁and ▁it ▁is ▁called ▁Full ▁text ▁Auto complete ▁Search . 

 Full ▁text ▁search 

 Autocomplete 
 Part ▁of ▁Sy gic ’ s ▁Mobile ▁SDK ▁is ▁super - fast ▁customizable ▁Full ▁text ▁Auto complete ▁Search ▁engine . ▁One ▁of ▁its ▁advantages ▁is ▁searching ▁PO Is ▁in ▁categories , ▁supporting ▁also ▁searching ▁by ▁postal ▁codes . ▁Search ▁is ▁also ▁completely ▁capable ▁to ▁work ▁with ▁mis spell ings . 

 Speed 
 The ▁main ▁asset ▁of ▁Full ▁text ▁search ▁is ▁its ▁speed , ▁while ▁results ▁are ▁displaying ▁in ▁matter ▁of ▁milliseconds . ▁The ▁more ▁mis spell ings ▁are ▁in ▁input , ▁the ▁long ▁search ▁it ▁takes . 

 Intelligent ▁Search"
programmer,4269,"

 Here ' s ▁another ▁open ▁source ▁solution : ▁https :// github . com / dl ins in / DL Star Rating ▁ 

 A : 

 UIView ▁that ▁allows ▁you ▁to ▁build ▁Rating ▁components ▁to ▁provide ▁the ▁same ▁kind ▁of ▁experience ▁App Store ▁or ▁Youtube ▁applications ▁on ▁iPhone ▁do . 
 http :// code . google . com / p / s 7 rating view / 

 A : 

 I ' d ▁go ▁simpler . ▁Sub class ▁UIC ontrol ▁and ▁implement ▁the ▁touches Be gan : ▁touches Moved : ▁and ▁touches Ended : ▁methods . ▁You ▁can ▁determine ▁which ▁star ▁the ▁user ▁pressed / dra gged / let ▁up ▁on ▁with ▁the ▁X ▁coordinate ▁of ▁the ▁touch . ▁For ▁example : 
 CGFloat ▁relative Touch"
programmer,4269,"Is ▁there ▁any ▁way ▁to ▁Install ▁. NET ▁and ▁Visual ▁Studio ▁in ▁Ubuntu ▁ 2 0 . 0 4 ? 

 A : 

 Unfortunately ▁Visual ▁Studio ▁does ▁not ▁available ▁for ▁Linux . ▁But ▁you ▁really ▁want ' ▁exactly ▁VS ▁- ▁you ▁should ▁try ▁Wine ▁or ▁any ▁Windows ▁VM . 
 But ▁I ▁recommend ▁for ▁you ▁one ▁of ▁the ▁following ▁options : 

 Rider ▁( Cross ▁platform ▁IDE ▁from ▁Jet Brains ) 
 Visual ▁Studio ▁Code ▁( Very ▁popular ▁solution ▁for ▁developer ▁on ▁any ▁technology ) 
 Mono ▁Develop 
 Eclipse 

 <bos> 











 IN ▁THE ▁COURT ▁OF ▁CRIMINAL ▁APPEALS 
 OF ▁TEXAS 



 NO . ▁PD - 1 2 4 0 - 1 0 




 DAVID ▁CEP EDA ▁JONES , ▁Appellant 

 v . 

 THE"
programmer,4269,"J . S . A . ▁ 2 A : 1 4 - 2 . ▁The ▁history ▁of ▁New ▁Jersey ' s ▁statutes ▁of ▁limitations ▁was ▁detailed ▁by ▁the ▁Supreme ▁Court ▁in ▁the ▁case ▁of ▁Earl ▁v . ▁Win ne , ▁ 1 4 ▁N . J . ▁ 1 1 9 , ▁ 1 0 1 ▁A . 2 d ▁ 5 3 5 ▁( 1 9 5 3 ). ▁This ▁history ▁is ▁as ▁follows : 
 As ▁of ▁February ▁ 7 , ▁ 1 7 7 9 , ▁New ▁Jersey ▁has ▁an ▁"" Act ▁for ▁the ▁Limitation ▁of ▁Actions ,"" ▁consisting ▁of ▁ 1 7 ▁subsections . ▁The ▁first ▁two ▁sections ▁of ▁that ▁act ▁are ▁relevant ▁to ▁this ▁inquiry . 
 The ▁first ▁section ▁was"
programmer,4269,"▁▁▁▁▁▁ Adop ting ▁the ▁recommendations ▁of ▁the ▁magistrate ▁judge , ▁the ▁district ▁court 

 first ▁held ▁that ▁Mr . ▁Kirby ’ s ▁challenges ▁to ▁the ▁sentence ▁enhancement — raised ▁in ▁his 

 petition ▁for ▁cor am ▁nobis , ▁“ which ▁the ▁[ district ▁court ] ▁constr ue [ d ] ▁as ▁a 

 supplement [ al ] ▁[ habe as ] ▁pleading ,” ▁id . ▁at ▁ 8 6 7 — were ▁moot ▁because ▁he ▁had 

 completed ▁his ▁sentence ▁and ▁probation ▁and ▁had ▁not ▁demonstrated ▁any ▁collateral 

 con sequences ▁flowing ▁from ▁the ▁enhancement . ▁The ▁district ▁court ▁also ▁rejected ▁all 

 of ▁Mr . ▁Kirby ’ s ▁challenges ▁to ▁his ▁conviction ▁and ▁original ▁sentence , ▁refused ▁to 

 permit ▁an ▁expansion ▁of ▁the ▁record ,"
programmer,4269,"The ▁major ▁findings ▁of ▁the ▁current ▁study ▁are ▁as ▁follows : ▁( 1 ) ▁Over - expressing ▁PINK 1 ▁in ▁the ▁HL - 1 ▁cardiac ▁cell ▁line ▁delayed ▁the ▁time ▁taken ▁to ▁induce ▁M PTP ▁opening ▁and ▁reduced ▁cell ▁death ▁following ▁SIR I ; ▁( 2 ) ▁Mice ▁lacking ▁PINK 1 ▁sustained ▁larger ▁myocardial ▁infar cts ▁compared ▁to ▁wild ▁type ▁litter mates ▁( PINK 1 +/ +), ▁suggesting ▁that ▁the ▁absence ▁of ▁PINK 1 ▁in ▁the ▁heart ▁makes ▁it ▁more ▁vulnerable ▁to ▁I RI . ▁Interestingly , ▁mice ▁hetero zygous ▁for ▁PINK 1 ▁sustained ▁myocardial ▁infar cts ▁which ▁were ▁intermediate ▁in ▁size ; ▁( 3 ) ▁The ▁increased ▁susceptibility ▁to ▁I RI ▁of ▁PINK 1 −/− ▁mice ▁may ▁be ▁due ▁to ▁impaired ▁mitochondrial ▁function , ▁as ▁evidenced"
programmer,4269,"Week ▁ 2 ▁of ▁the ▁NFL ▁preseason ▁kicked ▁off ▁with ▁a ▁trio ▁of ▁interesting ▁games ▁that ▁provided ▁more ▁developments ▁in ▁the ▁three - way ▁Jets ▁quarterback ▁race , ▁Tom ▁Brady ' s ▁debut ▁and ▁an ▁injury ▁to ▁the ▁reigning ▁Super ▁Bowl ▁MVP . ▁Thursday ' s ▁games ▁also ▁featured ▁the ▁second ▁chapter ▁in ▁the ▁Packers ' ▁backup ▁QB ▁duel , ▁Mason ▁Rudolph ' s ▁first ▁start ▁and ▁more ▁injuries ▁to ▁the ▁Redskins ' ▁running ▁back ▁corps . 

 1 . ▁Tom ▁Brady ▁showed ▁mid season ▁form , ▁leading ▁the ▁offense ▁to ▁ 2 0 ▁points ▁in ▁the ▁first ▁half ▁while ▁completing ▁ 1 9 ▁of ▁ 2 6 ▁passes ▁for ▁ 1 7 2 ▁yards , ▁two ▁touchdowns ▁and ▁a ▁ 1 1 6 . 2 ▁passer"
programmer,4269,"Week ▁ 2 ▁of ▁the ▁NFL ▁preseason ▁kicked ▁off ▁with ▁a ▁trio ▁of ▁interesting ▁games ▁that ▁provided ▁more ▁developments ▁in ▁the ▁three - way ▁Jets ▁quarterback ▁race , ▁Tom ▁Brady ' s ▁debut ▁and ▁an ▁injury ▁to ▁the ▁reigning ▁Super ▁Bowl ▁MVP . ▁Thursday ' s ▁games ▁also ▁featured ▁the ▁second ▁chapter ▁in ▁the ▁Packers ' ▁backup ▁QB ▁duel , ▁Mason ▁Rudolph ' s ▁first ▁start ▁and ▁more ▁injuries ▁to ▁the ▁Redskins ' ▁running ▁back ▁corps . 

 1 . ▁Tom ▁Brady ▁showed ▁mid season ▁form , ▁leading ▁the ▁offense ▁to ▁ 2 0 ▁points ▁in ▁the ▁first ▁half ▁while ▁completing ▁ 1 9 ▁of ▁ 2 6 ▁passes ▁for ▁ 1 7 2 ▁yards , ▁two ▁touchdowns ▁and ▁a ▁ 1 1 6 . 2 ▁passer"
programmer,4269,"

 At ▁the ▁end ▁of ▁the ▁experiment , ▁we ▁measured ▁the ▁volume ▁( ml ) ▁of ▁both ▁the ▁assayed ▁individuals ▁and ▁their ▁rock ▁substr atum ▁by ▁water ▁displacement . ▁Sp onges ▁were ▁subsequently ▁wet - weighed ▁( g ), ▁dried ▁at ▁ 6 0 ° C ▁to ▁a ▁constant ▁dry ▁weight ▁( g ), ▁and ▁comb usted ▁at ▁ 5 4 0 ° C ▁for ▁ 1 0 ▁hours ▁for ▁ash - free ▁dry ▁weight ▁( AF DW ; ▁g ). ▁Rates ▁of ▁D Si ▁consumption ▁were ▁normalized ▁by ▁sponge ▁volume ▁( ml ) ▁and / or ▁AF DW ▁( g ), ▁volume ▁of ▁seawater ▁in ▁the ▁incub ating ▁aqu aria ▁( liters ) ▁after ▁discounting ▁sponge ▁and ▁rock ▁volume , ▁and ▁duration ▁of ▁the ▁incubation ▁("
programmer,4269,"

 Welcome ▁back ▁to ▁Eagle ▁VIP ▁Club 

 It ▁appears ▁that ▁you ▁already ▁have ▁an ▁account ▁on ▁this ▁site ▁associated ▁with ▁. ▁To ▁connect ▁your ▁existing ▁account ▁just ▁click ▁on ▁the ▁account ▁activation ▁button ▁below . ▁You ▁will ▁maintain ▁your ▁existing ▁VIP ▁profile . ▁After ▁you ▁do ▁this , ▁you ▁will ▁be ▁able ▁to ▁always ▁log ▁in ▁to ▁http :// ky gl . com ▁using ▁your ▁original ▁account ▁information . <bos> 
 NUMBER ▁ 1 3 - 0 0 - 3 8 9 - CV 
 COURT ▁OF ▁APPEALS 
 TH IR TE ENTH ▁DISTRICT ▁OF ▁TEXAS 
 COR PUS ▁CHRIST I 
 ________________ ________________ ________________ ________________ __ 

 DAVID ▁B . ▁MOORE ▁, ▁Appellant , 

 v . 

 AR THUR ▁AND ERS EN , ▁L"
programmer,4269,"There ▁are ▁different ▁types ▁of ▁structural ▁remedies . ▁Vertical ▁separation ▁of ▁the ▁Big ▁Four ▁firms ▁into ▁audit ▁and ▁non - audit ▁services ▁would ▁not ▁increase ▁the ▁basic ▁number ▁of ▁firms ▁participating ▁in ▁the ▁FTSE ▁ 3 5 0 ▁audit ▁market , ▁but ▁it ▁would ▁increase ▁the ▁effective ▁choice ▁for ▁many ▁companies ▁that ▁have ▁non - audit ▁relationships ▁with ▁Big ▁Four ▁audit ▁firms . ▁These ▁relationships ▁can ▁preclude , ▁whether ▁legally ▁or ▁in ▁terms ▁of ▁company ▁perception ,[ 1 9 ] ▁considering ▁all ▁four ▁current ▁audit ▁firms ▁as ▁viable ▁substitute ▁auditors .[ 2 0 ] 

 Vertical ▁separation ▁would ▁also ▁be ▁oriented ▁towards ▁audit ▁quality , ▁removing ▁the ▁conflicts ▁of ▁interest ▁that ▁can ▁arise ▁when ▁the ▁auditor ▁also ▁supplies ▁valuable ▁non - audit ▁services . ▁Yet ▁the ▁idea"
programmer,4269,"1 6 th ▁and ▁ 1 7 th ▁centuries ▁particularly , ▁educated ▁Schleswig - Holstein ers ▁were ▁recruited ▁to ▁government ▁positions ▁in ▁Norway ▁( where ▁they ▁supp lanted ▁indigenous ▁lower ▁Norwegian ▁nobility ▁from ▁its ▁public ▁positions , ▁being ▁a ▁cause ▁of ▁them ▁developing ▁more ▁like ▁od al bon de ▁class ▁than ▁privileged ) ▁and ▁also ▁in ▁Denmark , ▁where ▁very ▁many ▁government ▁officials ▁came ▁from ▁German ▁stock ▁( but ▁the ▁Danish ▁nobility ▁was ▁not ▁suppressed , ▁they ▁other ▁immersed ▁most ▁successful ▁of ▁the ▁newcomers ▁into ▁their ▁ranks ). ▁This ▁feature ▁of ▁Schleswig - Holstein ▁being ▁an ▁utilised ▁source ▁of ▁bureaucrats ▁was ▁a ▁reason ▁of ▁Denmark ' s ▁governmental ▁half - German isation ▁in ▁the ▁subsequent ▁centuries ▁before ▁ 1 9 th - century ▁roman tics . 

"
programmer,4269,"

 This ▁manuscript ▁discusses ▁extended ▁duration ▁anti - VEGF ▁therapies ▁that ▁have ▁been ▁recently ▁introduced , ▁as ▁well ▁as ▁those ▁that ▁are ▁in ▁various ▁stages ▁of ▁development . 

 2 . ▁Vascular ▁End othelial ▁Growth ▁Factor ▁( VEGF ) ▁Physiology ▁and ▁Pharma cokinetics ▁{# sec 2 - pharma ceu tics - 1 0 - 0 0 0 2 1 } 
 ================ ================ ================ ================ ============ 

 VEGF ▁was ▁discovered ▁independently ▁by ▁two ▁research ▁groups ▁in ▁ 1 9 8 9 ▁\[ [@ B 1 - pharma ceu tics - 1 0 - 0 0 0 2 1 ], [@ B 2 - pharma ceu tics - 1 0 - 0 0 0 2 1 ] \] ▁and ▁its ▁important ▁role ▁in ▁both ▁physiologic ▁angiogenesis ▁and ▁pathological"
programmer,4269,"

 The ▁Course ▁for ▁Presidents ® sets ▁you ▁on ▁the ▁pathway ▁to ▁the ▁next ▁best ▁version ▁of ▁your ▁business . ▁You ’ ll ▁join ▁forces ▁with ▁your ▁A iler on ▁partners ▁and ▁get ▁an ▁introduction ▁to ▁the ▁Professional ▁Management ▁System . ▁Through ▁two ▁days ▁of ▁interactive ▁learning ▁with ▁peers ▁and ▁six ▁sessions ▁one - on - one ▁with ▁a Business ▁Advisor , ▁you ’ ll ▁develop ▁your ▁to - do ▁list ▁for ▁where ▁you ▁want ▁your ▁business ▁to ▁be . ▁This ▁is ▁where ▁you ▁take ▁possible ▁and ▁make ▁it ▁certain . 

 Related ▁posts 

 “ When ▁we ▁were ▁a ▁smaller ▁organization , ▁I ▁had ▁a ▁lot ▁more ▁influence ▁on ▁the ▁culture ▁than ▁I ▁do ▁now ,” ▁says ▁Sean ▁Kelly , ▁CEO ▁of ▁Snack Nation , ▁a"
programmer,4269,"1 . 1 ▁At ▁a ▁specified ▁distance : 
 when ▁he ▁was ▁ten ▁or ▁twelve ▁feet ▁away ▁he ▁stopped 
 1 . 2 ▁At ▁a ▁specified ▁future ▁distance ▁in ▁time : 
 the ▁wedding ▁is ▁only ▁weeks ▁away 
 1 . 3 ▁Towards ▁a ▁lower ▁level ; ▁downwards : 
 in ▁front ▁of ▁them ▁the ▁land ▁fell ▁away ▁to ▁the ▁river 
 1 . 4 ▁Con cep tually ▁to ▁one ▁side , ▁so ▁as ▁no ▁longer ▁to ▁be ▁the ▁focus ▁of ▁attention : 
 the ▁Museum ▁has ▁shifted ▁its ▁emphasis ▁away ▁from ▁research ▁towards ▁exhibitions 

 In ▁He ▁sne aked ▁off ▁to ▁the ▁rear ▁of ▁the ▁ship , ▁off ▁also ▁suggests ▁motion ▁from ▁the ▁point ▁of ▁reference : 

 1 . 0 ▁away ▁from ▁the ▁place ▁in"
programmer,4269,"
 As ▁they ▁did ▁in ▁their ▁motion ▁to ▁dismiss ▁the ▁defendants ▁press ▁for ▁dismissal ▁of ▁this ▁entire ▁action ▁on ▁the ▁grounds ▁that ▁Simpson ▁failed ▁to ▁exhaust ▁his ▁administrative ▁remedies ▁as ▁required ▁by ▁ 4 2 ▁U . S . C . ▁§ ▁ 1 9 9 7 e ( a ). ▁In ▁§ ▁ 1 9 9 7 e ( a ) ▁Congress ▁provided : 
 No ▁action ▁shall ▁be ▁brought ▁with ▁respect ▁to ▁prison ▁conditions ▁under ▁section ▁ 1 9 8 3 ▁of ▁this ▁title , ▁or ▁any ▁other ▁Federal ▁* 2 8 9 ▁law , ▁by ▁a ▁prisoner ▁confined ▁in ▁any ▁jail , ▁prison , ▁or ▁other ▁correctional ▁facility ▁until ▁such ▁administrative ▁remedies ▁as ▁are ▁available ▁are ▁exhausted . 
 4 2 ▁U . S"
programmer,4269,"What ▁are ▁the ▁prime ▁factors ▁of ▁ 5 8 6 2 7 9 8 ? 
 2 , ▁ 3 , ▁ 3 7 , ▁ 8 8 0 3 
 What ▁are ▁the ▁prime ▁factors ▁of ▁ 2 3 5 7 5 6 ? 
 2 , ▁ 1 7 , ▁ 3 4 6 7 
 List ▁the ▁prime ▁factors ▁of ▁ 2 3 9 1 7 6 0 . 
 2 , ▁ 5 , ▁ 7 , ▁ 4 2 7 1 
 What ▁are ▁the ▁prime ▁factors ▁of ▁ 1 4 7 3 3 ? 
 3 , ▁ 1 6 3 7 
 What ▁are ▁the ▁prime ▁factors ▁of ▁ 3 8 7 1 0 8 ? 
 2 , ▁"
programmer,4269,"
 Working ▁hours : ▁ 4 ▁or ▁ 8 ▁hours 
 Easy ▁job ▁scope : 
 1 . ▁Booth ▁assistant ▁giving ▁expensive ▁and ▁attractive ▁gifts 
 2 . ▁Be ▁polite ▁and ▁usher ▁them ▁to ▁the ▁booth 
 Limited ▁vacancies ▁for ▁each ▁event , ▁interested ▁applicants ▁please ▁text ▁ 9 7 5 3 4 9 3 9 ▁with ▁the ▁following ▁details ▁to ▁set ▁short ▁interview : 
 Name 
 Date ▁of ▁... 

 F estive ▁week ▁in ▁and ▁out 
 Students 
 House wives 
 Job ▁seekers 
 Basic ▁with ▁high ▁incentives ▁of ▁$ 1 2 -$ 2 0 / hr 
 Working ▁hours : ▁ 4 ▁or ▁ 8 ▁hours 
 Easy ▁job ▁scope : 
 1 . ▁Booth ▁assistant ▁giving ▁expensive ▁and ▁attractive ▁gifts 
 2"
programmer,4269,"---------------- ---- 

 The ▁threshold ▁is ▁automatic ▁and ▁adapts ▁to ▁the ▁sal iency ▁map ▁distribution ▁to ▁keep ▁only ▁the ▁most ▁informative ▁regions . ▁Figure ▁\[ fig : heatmap \_ coco \] ▁shows ▁sal iency ▁maps ▁before ▁and ▁after ▁threshold ing ▁using ▁Kap ur ’ s ▁method ▁[@ kap ur 1 9 8 5 new ], ▁which ▁we ▁briefly ▁recall ▁below . ▁It ▁chooses ▁the ▁threshold ▁to ▁maximize ▁the ▁information ▁between ▁the ▁image ▁background ▁and ▁foreground ▁* i . e .* ▁the ▁pixel ▁distribution ▁below ▁and ▁above ▁the ▁threshold . ▁This ▁method ▁is ▁especially ▁relevant ▁in ▁this ▁case ▁as ▁it ▁aims ▁at ▁maintaining ▁as ▁much ▁information ▁on ▁the ▁distribution ▁above ▁the ▁threshold ▁as ▁possible . ▁This ▁distribution ▁describes ▁the ▁set ▁of ▁local ▁maxima ▁among ▁which ▁we ▁choose ▁our"
programmer,4269,"1 8 7 2 4 . 0 7 
 2 1 . 8 ▁times ▁- 1 2 . 1 3 2 
 - 2 6 4 . 4 7 7 6 
 Product ▁of ▁- 7 1 2 2 3 ▁and ▁- 1 . 1 3 . 
 8 0 4 8 1 . 9 9 
 0 . 3 ▁times ▁- 0 . 6 4 1 1 7 7 8 
 - 0 . 1 9 2 3 5 3 3 4 
 Work ▁out ▁ 9 1 5 . 3 ▁* ▁ 2 9 0 . 2 . 
 2 6 5 6 2 0 . 0 6 
 Calculate ▁- 0 . 0 7 0 6 6 2 5 * 0 . 1 ."
programmer,4269,"5 . 1 3 . 5 Calculated ▁Average ▁Pitch ▁( nm ) 3 6 1 4 2 3 5 0 0 6 0 3 Total ▁Trans mittance ▁(%) 9 2 . 2 9 4 . 5 9 4 . 8 9 5 . 8 Ha ze ▁(%) 3 0 . 1 3 1 . 5 1 9 . 4 1 7 . 8 Enhance ment ▁in ▁EQ E ▁(%) 2 1 . 0 2 3 . 4 9 . 2 1 2 . 5 

 Figure   [ 5 ](# Fig 5 ){ ref - type ="" fig ""} ▁shows ▁that ▁the ▁OLED s ▁with ▁R NR s ▁exhibited ▁improved ▁luminance ▁intensities ▁with ▁changes ▁in ▁viewing ▁angle ▁from ▁ 0 ° ▁to ▁ 7 0 ° ▁due"
programmer,4269,"

 Q : ▁Can ▁you ▁please ▁give ▁use ▁your ▁name , ▁background , ▁business ▁name , ▁and ▁business ▁background ? 

 A : ▁My ▁name ▁is ▁Louis ▁Caldwell . ▁I ▁own ▁Caldwell ▁Services , ▁and ▁Sweet ▁Lou ’ s ▁Bar ▁B ▁Que . ▁Caldwell ▁Services ▁is ▁an ▁automotive ▁core ▁purchasing ▁service . ▁I ▁buy ▁warranty ▁parts ▁from ▁dealerships ▁and ▁sell ▁them ▁to ▁rebuild ers . ▁I ▁started ▁these ▁businesses ▁because ▁I ▁wanted ▁to ▁leave ▁something ▁to ▁my ▁kids . 

 Q : ▁Who ▁is ▁the ▁Kao tik ▁poet ? ▁How ▁does ▁he ▁differ ▁from ▁you ▁I ▁everyday ▁life ? A : ▁Lol , ▁who ▁is ▁Kao tik ▁Poet ? ▁He ▁is ▁the ▁manifestation ▁of ▁my ▁passions ▁and ▁desires . ▁He ▁is ▁the ▁compromise ▁between ▁flesh ▁and ▁spirit"
programmer,4269,"

 Q : ▁Can ▁you ▁please ▁give ▁use ▁your ▁name , ▁background , ▁business ▁name , ▁and ▁business ▁background ? 

 A : ▁My ▁name ▁is ▁Louis ▁Caldwell . ▁I ▁own ▁Caldwell ▁Services , ▁and ▁Sweet ▁Lou ’ s ▁Bar ▁B ▁Que . ▁Caldwell ▁Services ▁is ▁an ▁automotive ▁core ▁purchasing ▁service . ▁I ▁buy ▁warranty ▁parts ▁from ▁dealerships ▁and ▁sell ▁them ▁to ▁rebuild ers . ▁I ▁started ▁these ▁businesses ▁because ▁I ▁wanted ▁to ▁leave ▁something ▁to ▁my ▁kids . 

 Q : ▁Who ▁is ▁the ▁Kao tik ▁poet ? ▁How ▁does ▁he ▁differ ▁from ▁you ▁I ▁everyday ▁life ? A : ▁Lol , ▁who ▁is ▁Kao tik ▁Poet ? ▁He ▁is ▁the ▁manifestation ▁of ▁my ▁passions ▁and ▁desires . ▁He ▁is ▁the ▁compromise ▁between ▁flesh ▁and ▁spirit"
programmer,4269,"4 0 
 Let ▁l ▁be ▁(( - 4 )/ 7 )/ ((- 1 8 )/ 6 3 ). ▁Suppose ▁ 2 * d ▁= ▁ 6 * d ▁- ▁ 1 6 , ▁l * i ▁= ▁ 2 * d ▁- ▁ 4 . ▁What ▁is ▁the ▁lowest ▁common ▁multiple ▁of ▁i ▁and ▁ 4 4 ? 
 4 4 
 Suppose ▁- 4 ▁= ▁q ▁+ ▁ 4 * h ▁- ▁ 5 , ▁ 5 ▁= ▁ 5 * q ▁+ ▁ 4 * h . ▁Let ▁z ( x ) ▁= ▁- 1 0 * x ** 3 ▁- ▁ 1 . ▁Calculate ▁the ▁smallest ▁common ▁multiple ▁of ▁z (- 1 ) ▁and ▁q . 
 9 
 Suppose ▁- 4 ▁="
programmer,4269,"

 4 7 1 
 0 0 : 2 7 : 4 1 , 3 2 6 ▁--> ▁ 0 0 : 2 7 : 4 7 , 4 6 6 
 人間 　 誰 しも 自分の 望 む 死に 方で 
 死 ね ると は 限り ません ねぇ 。 

 4 7 2 
 0 0 : 2 7 : 4 7 , 4 6 6 ▁--> ▁ 0 0 : 2 7 : 4 9 , 4 6 6 
 ≪ （ ノ ック ） 

 4 7 3 
 0 0 : 2 7 : 5 1 , 4 1 9 ▁--> ▁ 0 0 : 2 7 : 5 3 , 4 1 9 
 あ ～　 チ キ ショー 。 

 4"
programmer,4269,"1 . 2 6 ▁▁▁ - 2 . 1 2 ;- 0 . 3 9 ▁▁▁ ** 0 . 0 0 5 ** ▁▁▁▁▁ - 2 . 0 9 ▁▁▁ - 2 . 9 4 ;- 1 . 2 3 ▁▁▁ ** \< 0 . 0 0 1 ** 

 ▁▁ Blood ▁pressure , ▁mm / Hg : ▁▁▁▁▁▁▁▁▁▁▁▁▁▁▁▁▁▁▁▁▁▁▁▁▁▁▁▁▁▁▁ ▁▁▁▁▁▁▁▁▁▁▁▁▁▁▁▁▁▁▁▁▁▁▁▁▁▁▁▁▁▁▁ ▁▁▁▁▁▁▁▁▁▁▁▁▁▁▁▁▁▁▁▁▁▁▁▁ 

 ▁▁ Sy stolic ▁( 1 6 6 / 1 9 2 ) ▁▁▁▁▁▁▁▁▁▁▁▁▁▁▁▁▁▁▁▁▁▁▁▁▁▁▁▁▁▁▁ ▁- 3 . 3 8 ▁▁▁ - 5 . 7 4 ;- 1 . 0 1 ▁▁▁ ** 0 . 0 0 5 ** ▁▁▁▁▁ - 3 . 7 6 ▁▁▁ - 6 . 2 1 ;- 1 . 2 9 ▁▁▁ ** 0 . 0 0 3 ** 

 ▁▁ Dia"
programmer,4269,"

 ▁▁ Heter ogly can ▁( L BP ~ 3 p ~) ▁▁▁▁▁▁▁▁▁▁▁▁▁▁▁▁▁▁▁▁▁▁▁▁▁▁▁▁▁▁▁ ▁▁▁▁▁▁▁▁▁▁▁▁▁▁▁▁▁▁ * Ly cium ▁barbar um * ▁▁▁▁▁▁▁▁▁▁▁▁▁▁▁▁▁▁▁▁▁▁▁▁▁▁▁▁▁▁▁ ▁▁▁▁▁▁▁▁▁▁▁▁▁▁▁▁▁▁▁ ♂ ▁Kun ming ▁mice ▁( 1 0 / group ) ▁▁▁▁▁▁▁▁▁▁▁▁▁▁▁▁▁▁▁▁▁▁▁▁▁▁▁▁▁▁▁ ▁▁▁▁▁▁▁▁▁▁▁▁▁▁▁▁▁▁▁▁▁▁▁▁▁▁▁▁▁▁▁ ▁▁▁▁▁▁▁▁▁▁▁▁▁▁▁▁▁ 5 , ▁ 1 0 ▁or \ ▁▁▁▁▁▁▁▁▁▁▁▁▁▁▁▁▁▁▁▁▁▁▁▁▁▁▁▁▁▁▁ ▁▁▁▁▁▁▁▁▁▁▁▁▁▁▁▁▁▁▁▁▁▁▁▁▁▁▁▁▁▁▁ ▁▁▁▁▁▁▁▁▁▁▁▁▁▁▁▁▁ 1 0 ▁days ▁▁▁▁ In jected ▁SC ▁Sar coma - 1 8 0 ▁cells ▁▁▁▁▁▁▁▁▁▁▁▁▁▁▁▁▁▁▁▁▁▁▁▁▁▁▁▁▁▁▁ ▁▁▁▁▁▁▁▁▁▁▁▁▁▁▁▁▁▁▁▁▁▁▁▁▁▁▁▁▁▁▁ ▁▁▁▁▁▁▁▁▁▁▁▁▁▁▁▁▁▁▁▁▁▁▁▁▁▁▁▁ 5 ▁& ▁ 1 0 ▁mg / kg ▁↑ ▁thym us ▁index ; ▁all ▁doses ▁↓ ▁weight , ▁↓ ▁lipid ▁per oxidation ▁in ▁serum , ▁liver ▁and ▁spleen ▁& ▁↑ ▁spleen ▁lymphocyte ▁proliferation , ▁cytotoxic ▁T ▁cell ▁activity , ▁IL - 2 ▁mRNA ▁▁▁▁▁▁▁▁▁▁▁▁▁▁▁▁▁▁▁▁▁▁▁▁▁▁▁▁▁▁▁ ▁▁▁▁▁▁▁▁▁▁▁▁▁▁▁▁▁▁▁▁▁▁▁▁▁▁▁▁▁▁▁ ▁▁ \[ [@ B 9 1 ] \] 
 ▁▁▁▁▁▁▁▁▁▁▁▁▁▁▁▁▁▁▁▁▁▁▁▁▁▁▁▁▁▁▁ ▁▁▁▁▁▁▁▁▁▁▁▁▁▁▁▁▁▁▁▁▁▁▁▁▁▁▁▁▁▁▁ ▁▁▁▁▁▁▁▁▁▁▁▁▁▁▁▁▁▁▁▁▁▁▁▁▁▁▁▁▁▁▁ ▁▁▁▁▁▁▁▁▁▁▁▁▁▁▁▁▁▁▁▁▁▁▁▁▁▁▁▁▁▁▁ ▁▁▁▁▁▁▁▁▁▁▁▁▁▁▁▁▁▁▁▁▁▁▁▁▁▁▁▁▁▁▁ ▁▁▁▁▁▁▁▁▁▁▁▁▁▁▁▁▁▁▁▁▁▁▁▁▁▁▁▁▁▁▁ ▁▁▁▁▁▁▁▁▁▁▁▁▁▁▁▁▁▁▁▁▁▁▁▁▁▁▁▁▁▁▁ ▁▁▁▁▁▁▁▁▁▁▁▁▁▁▁▁▁▁▁▁▁▁▁▁▁▁▁ 2 0 ▁mg"
programmer,4269,"Second Moment Test ) 
 test Incre mentation ( org . apache . commons . math . stat . des criptive . moment . Second Moment Test ) 
 test Consistency ( org . apache . commons . math . stat . des criptive . moment . Second Moment Test ) 
 test EqualsAnd HashCode ( org . apache . commons . math . stat . des criptive . moment . Second Moment Test ) 
 test Evaluation ( org . apache . commons . math . stat . des criptive . moment . Second Moment Test ) 
 test NaN ( org . apache . commons . math . stat . des criptive . moment . Ske wness Test ) 
 test Moment Small Samples ("
programmer,4269,"
 allow ▁En ron ▁to ▁fully ▁subsid ize ▁the ▁package ▁provided . ▁▁ Com paq , ▁En ron ▁and 
 Com paq ▁Financial ▁Services ▁had ▁gotten ▁to ▁a ▁point ▁where ▁the ▁$ 3 5 ▁per ▁month ▁cap 
 was ▁going ▁to ▁require ▁the ▁specifications ▁of ▁the ▁hardware ▁to ▁be ▁reduced . ▁▁ In 
 recognition ▁of ▁the ▁value ▁of ▁our ▁partnership ▁and ▁our ▁mutual ▁desire ▁for ▁this 
 program ▁to ▁be ▁the ▁premier ▁program ▁in ▁the ▁industry , ▁we ▁have ▁increased ▁the 
 specifications ▁of ▁the ▁hardware ▁while ▁taking ▁significant ▁pricing ▁actions ▁and 
 financing ▁rate ▁reductions . ▁▁ These ▁actions ▁will ▁actually ▁allow ▁En ron ▁to 
 support ▁better ▁than ▁expected ▁hardware ▁with ▁the ▁extended ▁warranty ▁for ▁$ 3 4 . 2 8 
 per ▁month"
programmer,4269,"C gf ( const ▁char * ▁filename ); 

 	 void ▁▁▁▁▁▁▁▁▁ Set View Dist Ratio ( int ▁n View Dist Ratio ) ▁{ ▁m _ view Dist Ratio ▁= ▁n View Dist Ratio ; ▁} 
 	 int ▁▁▁▁▁▁▁▁▁▁ Get View Dist Ratio () ▁const ▁▁▁▁▁▁▁▁▁▁▁▁▁ { ▁return ▁m _ view Dist Ratio ; ▁} 

 	 void ▁▁▁▁▁▁▁▁▁ Set Render Flags ( uint 6 4 ▁n Render Flag ) ▁▁▁ { ▁m _ Render Flags ▁= ▁n Render Flag ; ▁} 
 	 uint 6 4 ▁▁▁▁▁▁▁ Get Render Flags () ▁const ▁▁▁▁▁▁▁▁▁▁▁▁▁▁▁ { ▁return ▁m _ Render Flags ; ▁} 

 	 void ▁▁▁▁▁▁▁▁▁ Set Static Obj Flags ( int ▁n Static Obj Flag ); 
 	 int ▁▁▁▁▁▁▁▁▁▁ Get Static Obj Flags ();"
programmer,4269,"cb ( null , ▁files [ path . resolve ( file )]); 
 ▁▁▁▁▁▁▁▁▁▁▁▁ } 
 ▁▁▁▁▁▁▁▁ }; 
 ▁▁▁▁ } 

 ▁▁▁▁ resolve ('./ baz ', ▁opts ('/ foo / bar '), ▁function ▁( err , ▁res , ▁pkg ) ▁{ 
 ▁▁▁▁▁▁▁▁ if ▁( err ) ▁return ▁t . fail ( err ); 
 ▁▁▁▁▁▁▁▁ t . equal ( res , ▁path . resolve ('/ foo / bar / baz . js ')); 
 ▁▁▁▁▁▁▁▁ t . equal ( pkg , ▁undefined ); 
 ▁▁▁▁ }); 

 ▁▁▁▁ resolve ('./ baz . js ', ▁opts ('/ foo / bar '), ▁function ▁( err , ▁res , ▁pkg ) ▁{ 
 ▁▁▁▁▁▁▁▁ if ▁( err ) ▁return ▁t . fail ( err ); 
 ▁▁▁▁▁▁▁▁ t"
programmer,4269,"▁- }\ mathbf { u }_{\ mathbf { r }\ mathbf { e }\ mathbf { f }} | }_{ 2 }}{{ |\ mathbf { u }_{\ mathbf { r }\ mathbf { e }\ mathbf { f }} | }_{ 2 }}, $$ 

 where ▁$\ mathbf { u }_{\ mathit { ref }}$ ▁is ▁the ▁fully ▁sampled ▁image ▁series ▁and ▁both ▁$\ mathbf { u }$ ▁and ▁$\ mathbf { u }_{\ mathit { ref }}$ ▁are ▁vector ized . 

 2 . 5 . ▁Dictionary ▁matching ▁process ▁{# m rm 2 7 5 9 4 - sec - 0 0 1 3 } 
 ---------------- ---------------- 

 For ▁each ▁subject , ▁the ▁measured ▁B ~ 1 ~ ▁^ + ^ ▁map ▁was ▁used ▁to"
engineer,9631,"6 ▁families ▁moved ▁out ▁of ▁the ▁slums ▁and ▁into ▁the ▁newly ▁created ▁Kap uti ei ▁town ▁with ▁nearly ▁ 1 , 8 0 0 ▁families ▁to ▁follow . ▁For ▁the ▁same ▁monthly ▁mortgage ▁they ▁had ▁paid ▁for ▁their ▁one - room ▁sha cks , ▁each ▁family ▁now ▁lives ▁in ▁a ▁home ▁with ▁two ▁bedrooms , ▁a ▁bath , ▁a ▁kitchen ▁and ▁a ▁living ▁room . ▁But ▁this ▁is ▁ultra ▁sub - prime ▁lending ▁that ▁works ▁because ▁in ▁order ▁to ▁qualify ▁for ▁a ▁mortgage ▁the ▁residents ▁have ▁to ▁have ▁successfully ▁repaid ▁three ▁micro - business ▁loans . 

 Where ▁does ▁Munro ’ s ▁capacity ▁to ▁innovate ▁and ▁defy ▁conventional ▁wisdom ▁in ▁the ▁micro finance ▁field ▁come ▁from ? ▁It ▁started ▁ 2 0 ▁years ▁ago ▁when ▁she ▁and"
engineer,9631,"6 ▁families ▁moved ▁out ▁of ▁the ▁slums ▁and ▁into ▁the ▁newly ▁created ▁Kap uti ei ▁town ▁with ▁nearly ▁ 1 , 8 0 0 ▁families ▁to ▁follow . ▁For ▁the ▁same ▁monthly ▁mortgage ▁they ▁had ▁paid ▁for ▁their ▁one - room ▁sha cks , ▁each ▁family ▁now ▁lives ▁in ▁a ▁home ▁with ▁two ▁bedrooms , ▁a ▁bath , ▁a ▁kitchen ▁and ▁a ▁living ▁room . ▁But ▁this ▁is ▁ultra ▁sub - prime ▁lending ▁that ▁works ▁because ▁in ▁order ▁to ▁qualify ▁for ▁a ▁mortgage ▁the ▁residents ▁have ▁to ▁have ▁successfully ▁repaid ▁three ▁micro - business ▁loans . 

 Where ▁does ▁Munro ’ s ▁capacity ▁to ▁innovate ▁and ▁defy ▁conventional ▁wisdom ▁in ▁the ▁micro finance ▁field ▁come ▁from ? ▁It ▁started ▁ 2 0 ▁years ▁ago ▁when ▁she ▁and"
engineer,9631,"6 ▁families ▁moved ▁out ▁of ▁the ▁slums ▁and ▁into ▁the ▁newly ▁created ▁Kap uti ei ▁town ▁with ▁nearly ▁ 1 , 8 0 0 ▁families ▁to ▁follow . ▁For ▁the ▁same ▁monthly ▁mortgage ▁they ▁had ▁paid ▁for ▁their ▁one - room ▁sha cks , ▁each ▁family ▁now ▁lives ▁in ▁a ▁home ▁with ▁two ▁bedrooms , ▁a ▁bath , ▁a ▁kitchen ▁and ▁a ▁living ▁room . ▁But ▁this ▁is ▁ultra ▁sub - prime ▁lending ▁that ▁works ▁because ▁in ▁order ▁to ▁qualify ▁for ▁a ▁mortgage ▁the ▁residents ▁have ▁to ▁have ▁successfully ▁repaid ▁three ▁micro - business ▁loans . 

 Where ▁does ▁Munro ’ s ▁capacity ▁to ▁innovate ▁and ▁defy ▁conventional ▁wisdom ▁in ▁the ▁micro finance ▁field ▁come ▁from ? ▁It ▁started ▁ 2 0 ▁years ▁ago ▁when ▁she ▁and"
engineer,9631,"public - web auth n /""> public - web auth n @ w 3 . org ▁archives </ a >. 
 ▁▁ </ p > 
 ▁▁ < p > 
 ▁▁▁▁ Publication ▁as ▁an ▁Editors ' ▁Draft ▁does ▁not ▁imply ▁endorsement ▁by ▁the 
 ▁▁▁▁ < abbr ▁title ="" World ▁Wide ▁Web ▁Consortium ""> W 3 C </ abbr > ▁Membership . ▁This ▁is ▁a ▁draft ▁document ▁and ▁may 
 ▁▁▁▁ be ▁updated , ▁replaced ▁or ▁ob so leted ▁by ▁other ▁documents ▁at ▁any ▁time . ▁It ▁is ▁inappropriate ▁to ▁cite 
 ▁▁▁▁ this ▁document ▁as ▁other ▁than ▁work ▁in ▁progress . 
 ▁▁ </ p > 
 ▁▁ < p > 
 ▁▁▁▁ This ▁document ▁was ▁produced ▁by ▁a ▁group ▁operating ▁under ▁the 
 ▁▁▁▁"
engineer,9631,"public - web auth n /""> public - web auth n @ w 3 . org ▁archives </ a >. 
 ▁▁ </ p > 
 ▁▁ < p > 
 ▁▁▁▁ Publication ▁as ▁an ▁Editors ' ▁Draft ▁does ▁not ▁imply ▁endorsement ▁by ▁the 
 ▁▁▁▁ < abbr ▁title ="" World ▁Wide ▁Web ▁Consortium ""> W 3 C </ abbr > ▁Membership . ▁This ▁is ▁a ▁draft ▁document ▁and ▁may 
 ▁▁▁▁ be ▁updated , ▁replaced ▁or ▁ob so leted ▁by ▁other ▁documents ▁at ▁any ▁time . ▁It ▁is ▁inappropriate ▁to ▁cite 
 ▁▁▁▁ this ▁document ▁as ▁other ▁than ▁work ▁in ▁progress . 
 ▁▁ </ p > 
 ▁▁ < p > 
 ▁▁▁▁ This ▁document ▁was ▁produced ▁by ▁a ▁group ▁operating ▁under ▁the 
 ▁▁▁▁"
engineer,9631,"in ▁this ▁day ▁and ▁age ▁how ▁come ▁we ▁don ' t ▁see ▁laptops ▁carry ▁a ▁physical ▁on / off 
 switch ▁for ▁the ▁microphone ▁and ▁camera ? 

 ~~~ 
 Shan ea 9 3 
 This ▁is ▁the ▁day ▁and ▁age ▁of ▁removing ▁headphone ▁jacks ▁to ▁make ▁a ▁phone ▁slim mer , 
 taking ▁away ▁your ▁disk ▁drive , ▁etc . ▁Most ▁companies ▁care ▁more ▁about ▁aesthetics 
 than ▁functionality ▁at ▁this ▁point . 

 ~~~ 
 oj ii 
 can ▁I ▁have ▁a ▁laptop ▁without ▁a ▁webcam / integrated ▁mic ▁then ? 

 ~~~ 
 so yl ent cola 
 How ▁courageous ▁of ▁you ! 

 ------ 
 aw es omer obot 
 Also ▁remove ▁your ▁microphone ▁and ▁don ' t ▁use ▁a ▁keyboard ? ▁If"
engineer,9631,"in ▁this ▁day ▁and ▁age ▁how ▁come ▁we ▁don ' t ▁see ▁laptops ▁carry ▁a ▁physical ▁on / off 
 switch ▁for ▁the ▁microphone ▁and ▁camera ? 

 ~~~ 
 Shan ea 9 3 
 This ▁is ▁the ▁day ▁and ▁age ▁of ▁removing ▁headphone ▁jacks ▁to ▁make ▁a ▁phone ▁slim mer , 
 taking ▁away ▁your ▁disk ▁drive , ▁etc . ▁Most ▁companies ▁care ▁more ▁about ▁aesthetics 
 than ▁functionality ▁at ▁this ▁point . 

 ~~~ 
 oj ii 
 can ▁I ▁have ▁a ▁laptop ▁without ▁a ▁webcam / integrated ▁mic ▁then ? 

 ~~~ 
 so yl ent cola 
 How ▁courageous ▁of ▁you ! 

 ------ 
 aw es omer obot 
 Also ▁remove ▁your ▁microphone ▁and ▁don ' t ▁use ▁a ▁keyboard ? ▁If"
engineer,9631,"▁heading ▁toward ▁full ▁implementation , ▁and ▁employers ▁everywhere ▁are ▁screaming ▁for ▁an ▁end ▁to ▁runaway ▁healthcare ▁spending . ▁Pay ers ▁are ▁looking ▁harder ▁than ▁ever ▁to ▁find ▁ways ▁to ▁cut ▁out ▁waste ▁in ▁the ▁system . ▁Life ▁science ▁investors ▁now ▁increasingly ▁want ▁to ▁know ▁how ▁the ▁new ▁products ▁in ▁the ▁pipeline ▁of ▁today ▁will ▁thrive ▁in ▁the ▁cost - constrained ▁environment ▁of ▁tomorrow . 

 How ▁is ▁your ▁biotech ▁company ▁adapting ▁to ▁the ▁new ▁reality ? ▁This ▁is ▁one ▁of ▁the ▁big ▁questions ▁every ▁life ▁sciences ▁company ▁needs ▁to ▁be ▁thinking ▁about . ▁So ▁I ’ m ▁excited ▁to ▁pull ▁together ▁a ▁stellar ▁lineup ▁of ▁speakers ▁to ▁discuss ▁this ▁trend ▁at ▁the ▁next ▁big ▁X conom y ▁event —“ Bio tech ▁in ▁the ▁Belt - Tight ening"
engineer,9631,"▁Diamond , ▁Rey 

 2 0 2 0 

 Diamond , ▁Rey 

 This ▁is ▁an ▁open ▁access ▁article ▁distributed ▁under ▁the ▁terms ▁of ▁the 

 Creative ▁Commons ▁Attribution ▁License 

 , ▁which ▁permits ▁unrestricted ▁use , ▁distribution , ▁and ▁reproduction ▁in ▁any ▁medium , ▁provided ▁the ▁original ▁author ▁and ▁source ▁are ▁credited . 

 2 5 ▁Feb ▁ 2 0 2 0 

 Dear ▁Dr . ▁Gong , 

 Thank ▁you ▁very ▁much ▁for ▁submitting ▁your ▁manuscript ▁\"" A ▁conformation - based ▁intra - molecular ▁initiation ▁factor ▁identified ▁in ▁the ▁fla vi virus ▁RNA - dependent ▁RNA ▁polymerase \"" ▁for ▁consideration ▁at ▁PLOS ▁Patho gens . ▁As ▁with ▁all ▁papers ▁reviewed ▁by ▁the ▁journal , ▁your ▁manuscript ▁was ▁reviewed ▁by ▁members ▁of ▁the ▁editorial ▁board ▁and"
engineer,9631,"▁Diamond , ▁Rey 

 2 0 2 0 

 Diamond , ▁Rey 

 This ▁is ▁an ▁open ▁access ▁article ▁distributed ▁under ▁the ▁terms ▁of ▁the 

 Creative ▁Commons ▁Attribution ▁License 

 , ▁which ▁permits ▁unrestricted ▁use , ▁distribution , ▁and ▁reproduction ▁in ▁any ▁medium , ▁provided ▁the ▁original ▁author ▁and ▁source ▁are ▁credited . 

 2 5 ▁Feb ▁ 2 0 2 0 

 Dear ▁Dr . ▁Gong , 

 Thank ▁you ▁very ▁much ▁for ▁submitting ▁your ▁manuscript ▁\"" A ▁conformation - based ▁intra - molecular ▁initiation ▁factor ▁identified ▁in ▁the ▁fla vi virus ▁RNA - dependent ▁RNA ▁polymerase \"" ▁for ▁consideration ▁at ▁PLOS ▁Patho gens . ▁As ▁with ▁all ▁papers ▁reviewed ▁by ▁the ▁journal , ▁your ▁manuscript ▁was ▁reviewed ▁by ▁members ▁of ▁the ▁editorial ▁board ▁and"
engineer,9631,"▁Diamond , ▁Rey 

 2 0 2 0 

 Diamond , ▁Rey 

 This ▁is ▁an ▁open ▁access ▁article ▁distributed ▁under ▁the ▁terms ▁of ▁the 

 Creative ▁Commons ▁Attribution ▁License 

 , ▁which ▁permits ▁unrestricted ▁use , ▁distribution , ▁and ▁reproduction ▁in ▁any ▁medium , ▁provided ▁the ▁original ▁author ▁and ▁source ▁are ▁credited . 

 2 5 ▁Feb ▁ 2 0 2 0 

 Dear ▁Dr . ▁Gong , 

 Thank ▁you ▁very ▁much ▁for ▁submitting ▁your ▁manuscript ▁\"" A ▁conformation - based ▁intra - molecular ▁initiation ▁factor ▁identified ▁in ▁the ▁fla vi virus ▁RNA - dependent ▁RNA ▁polymerase \"" ▁for ▁consideration ▁at ▁PLOS ▁Patho gens . ▁As ▁with ▁all ▁papers ▁reviewed ▁by ▁the ▁journal , ▁your ▁manuscript ▁was ▁reviewed ▁by ▁members ▁of ▁the ▁editorial ▁board ▁and"
engineer,9631,"

 “ You ▁must ▁understand , ▁this ▁is ▁one ▁of ▁those ▁moments .” ▁“ What ▁moments ?” ▁“ One ▁of ▁the ▁moments ▁you ▁keep ▁to ▁yourself ,” ▁he ▁said . ▁“ What ▁do ▁you ▁mean ?” ▁I ▁said . ▁“ why ?” ▁“ We ’ re ▁in ▁a ▁war ,” ▁he ▁said . ▁“ The ▁story ▁of ▁this ▁war — dates , ▁names , ▁who ▁started ▁it , ▁why — that ▁belongs ▁to ▁everyone . ▁[ … .] ▁But ▁something ▁like ▁this — this ▁is ▁yours . ▁It ▁belongs ▁only ▁to ▁you . ▁And ▁me . ▁Only ▁to ▁us ” ▁( 5 6 ). ▁This ▁moment , ▁in ▁Té a ▁Obre ht ’ s ▁lyrical ▁first ▁novel , ▁The ▁Tiger ’ s ▁Wife , ▁tells ▁you ▁the"
engineer,9631,"Getty ▁Images ▁for ▁Gospel ▁Music ▁Association 

 “ This ▁Is ▁How ▁We ▁Do ▁It ” ▁singer ▁Mon tell ▁Jordan ▁insists ▁he ’ s ▁no ▁dead beat ▁taxpayer ▁— ▁telling ▁TMZ , ▁he ’ s ▁already ▁paid ▁his ▁$ 6 1 7 , 0 0 0 ▁tax ▁bill ▁… ▁the ▁money ▁just ▁hasn ’ t ▁made ▁its ▁way ▁into ▁the ▁pockets ▁of ▁the ▁IRS ▁… ▁yet . 

 TM Z ▁broke ▁the ▁story , ▁the ▁IRS ▁filed ▁a ▁Federal ▁Tax ▁Lien ▁against ▁Jordan ▁recently , ▁claiming ▁the ▁singer ▁still ▁owes ▁$ 6 1 7 , 9 8 7 . 0 6 ▁in ▁back ▁taxes ▁from ▁ 1 9 9 9 - 2 0 0 1 . 

 But ▁it ’ s ▁not ▁so ▁cut ▁and ▁dry . ▁Mon"
engineer,9631,"Getty ▁Images ▁for ▁Gospel ▁Music ▁Association 

 “ This ▁Is ▁How ▁We ▁Do ▁It ” ▁singer ▁Mon tell ▁Jordan ▁insists ▁he ’ s ▁no ▁dead beat ▁taxpayer ▁— ▁telling ▁TMZ , ▁he ’ s ▁already ▁paid ▁his ▁$ 6 1 7 , 0 0 0 ▁tax ▁bill ▁… ▁the ▁money ▁just ▁hasn ’ t ▁made ▁its ▁way ▁into ▁the ▁pockets ▁of ▁the ▁IRS ▁… ▁yet . 

 TM Z ▁broke ▁the ▁story , ▁the ▁IRS ▁filed ▁a ▁Federal ▁Tax ▁Lien ▁against ▁Jordan ▁recently , ▁claiming ▁the ▁singer ▁still ▁owes ▁$ 6 1 7 , 9 8 7 . 0 6 ▁in ▁back ▁taxes ▁from ▁ 1 9 9 9 - 2 0 0 1 . 

 But ▁it ’ s ▁not ▁so ▁cut ▁and ▁dry . ▁Mon"
engineer,9631,"? 

 This ▁is ▁a ▁red ▁herring . 

 The ▁FBI ▁has ▁no ▁interest ▁in ▁filming ▁you ▁through ▁your ▁webcam . 

 They ▁want ▁to ▁listen ▁to ▁your ▁microphone , ▁watch ▁your ▁screen , ▁get ▁the ▁keys ▁you ' ve 
 typed , ▁see ▁the ▁websites ▁you ' ve ▁visited , ▁read ▁the ▁emails ▁you ' ve ▁sent . 

 Watch ▁you ▁on ▁video ? ▁Nah . ▁This ▁is ▁a ▁red ▁herring . 

 That ▁is ▁the ▁reason ▁the ▁head ▁of ▁the ▁FBI ▁tells ▁you ▁to ▁cover ▁your ▁webcam . 

 I ▁wish ▁the ▁The ▁Last ▁Psychiat rist ▁would ▁come ▁back . 

 ~~~ 
 ting ol 
 The ▁FBI ▁isn ' t ▁telling ▁you ▁this ▁so ▁you ▁could ▁protect ▁yourself ▁from ▁the 
 government . ▁They"
engineer,9631,"? 

 This ▁is ▁a ▁red ▁herring . 

 The ▁FBI ▁has ▁no ▁interest ▁in ▁filming ▁you ▁through ▁your ▁webcam . 

 They ▁want ▁to ▁listen ▁to ▁your ▁microphone , ▁watch ▁your ▁screen , ▁get ▁the ▁keys ▁you ' ve 
 typed , ▁see ▁the ▁websites ▁you ' ve ▁visited , ▁read ▁the ▁emails ▁you ' ve ▁sent . 

 Watch ▁you ▁on ▁video ? ▁Nah . ▁This ▁is ▁a ▁red ▁herring . 

 That ▁is ▁the ▁reason ▁the ▁head ▁of ▁the ▁FBI ▁tells ▁you ▁to ▁cover ▁your ▁webcam . 

 I ▁wish ▁the ▁The ▁Last ▁Psychiat rist ▁would ▁come ▁back . 

 ~~~ 
 ting ol 
 The ▁FBI ▁isn ' t ▁telling ▁you ▁this ▁so ▁you ▁could ▁protect ▁yourself ▁from ▁the 
 government . ▁They"
engineer,9631,"▁as ▁a ▁“ Super max “, ▁which ▁contains ▁a ▁Death ▁Row . ▁Lif ers ▁there ▁include ▁Philadelphia ▁serial ▁killer ▁Juan ▁Covington , ▁and ▁three ▁convicts ▁await ▁execution . ▁This ▁is ▁one ▁tough ▁place . 

 “ We ▁make ▁individual ▁decisions ▁based ▁on ▁facts ,” ▁Corrections ▁Secretary ▁John ▁Wet zel ▁said ▁in ▁a ▁written ▁statement . ▁“ Given ▁the ▁high - profile ▁nature ▁of ▁this ▁individual , ▁coupled ▁with ▁the ▁nature ▁of ▁his ▁crimes , ▁this ▁makes ▁him ▁very ▁vulnerable ▁in ▁a ▁prison ▁setting .” 

 N oooo ▁kidding , ▁John ! 

 ( We ▁all ▁know ▁from ▁watching ▁TV ▁crime ▁dramas ▁what ▁happens ▁to ▁guys ▁like ▁Jer ▁in ▁da ▁Big ▁House .) 

 Just ▁how ▁effective ▁will ▁the ▁security ▁measures ▁be ? ▁Better ▁be ▁Bio hazard ▁Level"
engineer,9631,"▁obligation ▁to ▁remain ▁in ▁his ▁vehicle ▁--- ▁and ▁he ▁exited ▁his ▁vehicle ▁when ▁Martin ▁disappeared ▁from ▁sight . 

 Zimmer man ▁called ▁the ▁police ▁before ▁Martin ▁jumped ▁him ▁--- ▁and ▁MSNBC ▁deleted ▁parts ▁of ▁the ▁recorded ▁discussion ▁and ▁broadcast ▁it ▁to ▁make ▁it ▁look ▁like ▁Zimmerman ▁was ▁targeting ▁Martin ▁because ▁Martin ▁was ▁black ▁--- ▁rather ▁than ▁tail ing ▁Martin ▁because ▁he ▁was ▁wandering ▁around ▁in ▁the ▁dark ▁in ▁a ▁neighborhood ▁which ▁had ▁recently ▁suffered ▁some ▁break - ins ▁and ▁thwarted ▁other ▁break - ins . 

 This ▁was ▁MSNBC ' s ▁attempt ▁to ▁lynch ▁a ▁straw ▁horse , ▁a ▁so - called ▁"" white "" ▁Hispanic . ▁MSNBC ▁needed ▁a ▁black - white ▁confrontation ▁to ▁promote ▁their ▁own ▁racist , ▁anti - white ▁narrative ▁that ▁America ▁is"
engineer,9631,"▁he ▁wanted 
 ▁▁▁▁▁▁ to ▁represent ▁himself , ▁Judge . ▁I ▁never ▁thought — I ▁would ▁say , ▁this ▁is 
 ▁▁▁▁▁▁ my ▁opinion , ▁that ▁it ▁wouldn ’ t ▁have ▁made ▁any ▁difference . 

 ▁▁▁▁▁▁▁▁▁▁▁▁ THE ▁COURT : ▁Okay . ▁When ▁you ▁were ▁observing ▁him ▁during 
 ▁▁▁▁▁▁ the ▁course ▁of ▁the , ▁at ▁least ▁the ▁second ▁hearing ▁on ▁self - 
 ▁▁▁▁▁▁ representation , ▁when ▁combined ▁with ▁the ▁first ▁hearing ▁on ▁self - 
 ▁▁▁▁▁▁ representation , ▁how ▁adamant ▁was ▁he ▁on ▁a ▁scale ▁of ▁one ▁to ▁ten , ▁ten 
 ▁▁▁▁▁▁ being ▁the ▁highest ▁and ▁most ▁adamant , ▁about ▁representing ▁himself ? 

 ▁▁▁▁▁▁▁▁▁▁▁▁▁ [ J ONES ]: ▁Your ▁Honor , ▁I ▁would ▁say ▁he ▁was ▁a ▁ten . 

 Id . ▁at"
engineer,9631,"▁he ▁wanted 
 ▁▁▁▁▁▁ to ▁represent ▁himself , ▁Judge . ▁I ▁never ▁thought — I ▁would ▁say , ▁this ▁is 
 ▁▁▁▁▁▁ my ▁opinion , ▁that ▁it ▁wouldn ’ t ▁have ▁made ▁any ▁difference . 

 ▁▁▁▁▁▁▁▁▁▁▁▁ THE ▁COURT : ▁Okay . ▁When ▁you ▁were ▁observing ▁him ▁during 
 ▁▁▁▁▁▁ the ▁course ▁of ▁the , ▁at ▁least ▁the ▁second ▁hearing ▁on ▁self - 
 ▁▁▁▁▁▁ representation , ▁when ▁combined ▁with ▁the ▁first ▁hearing ▁on ▁self - 
 ▁▁▁▁▁▁ representation , ▁how ▁adamant ▁was ▁he ▁on ▁a ▁scale ▁of ▁one ▁to ▁ten , ▁ten 
 ▁▁▁▁▁▁ being ▁the ▁highest ▁and ▁most ▁adamant , ▁about ▁representing ▁himself ? 

 ▁▁▁▁▁▁▁▁▁▁▁▁▁ [ J ONES ]: ▁Your ▁Honor , ▁I ▁would ▁say ▁he ▁was ▁a ▁ten . 

 Id . ▁at"
engineer,9631,"at . 1 0 0 8 4 8 4 . r 0 0 4 

 Acceptance ▁letter 

 Diamond 

 Michael ▁S . 

 Section ▁Editor 

 Rey 

 Fé lix ▁A . 

 Associate ▁Editor 

 © ▁ 2 0 2 0 ▁Diamond , ▁Rey 

 2 0 2 0 

 Diamond , ▁Rey 

 This ▁is ▁an ▁open ▁access ▁article ▁distributed ▁under ▁the ▁terms ▁of ▁the 

 Creative ▁Commons ▁Attribution ▁License 

 , ▁which ▁permits ▁unrestricted ▁use , ▁distribution , ▁and ▁reproduction ▁in ▁any ▁medium , ▁provided ▁the ▁original ▁author ▁and ▁source ▁are ▁credited . 

 2 4 ▁Apr ▁ 2 0 2 0 

 Dear ▁Dr . ▁Gong , 

 We ▁are ▁delighted ▁to ▁inform ▁you ▁that ▁your ▁manuscript , ▁\"" A ▁conformation -"
engineer,9631,"

 ###### ▁ 

 Click ▁here ▁for ▁additional ▁data ▁file . 

 1 0 . 1 3 7 1 / journal . pp at . 1 0 0 8 4 8 4 . r 0 0 3 

 Decision ▁Letter ▁ 1 

 Diamond 

 Michael ▁S . 

 Section ▁Editor 

 Rey 

 Fé lix ▁A . 

 Associate ▁Editor 

 © ▁ 2 0 2 0 ▁Diamond , ▁Rey 

 2 0 2 0 

 Diamond , ▁Rey 

 This ▁is ▁an ▁open ▁access ▁article ▁distributed ▁under ▁the ▁terms ▁of ▁the 

 Creative ▁Commons ▁Attribution ▁License 

 , ▁which ▁permits ▁unrestricted ▁use , ▁distribution , ▁and ▁reproduction ▁in ▁any ▁medium , ▁provided ▁the ▁original ▁author ▁and ▁source ▁are ▁credited . 

 1 8 ▁Mar ▁"
engineer,9631,"0 1 9 - 0 2 </b> , ▁ <i> issue ▁# 7 5 </i> </ p > 
 <h4> Welcome </h4> 
 < p > This ▁is ▁ <i> De jal News </i> , ▁an ▁occasional ▁newsletter ▁from ▁< a ▁href =""/""> De jal </ a >.</ p > 
 < p > <i> <b> If ▁you ▁want ▁to ▁receive ▁these ▁newsletters ▁in ▁your ▁email ▁inbox , ▁head ▁over ▁to ▁the ▁< a ▁href =""/ subscribe /""> De jal News ▁subscribe ▁page </ a > ▁to ▁sign ▁up . </b> </i> </ p > 
 <h4> Time ▁Out ▁tips </h4> 
 < p > So ▁far ▁I ' ve ▁been ▁sticking ▁to ▁my ▁goal ▁of ▁a ▁< a ▁href =""/ blog /""> De jal ▁blog ▁post"
engineer,9631,"0 1 9 - 0 2 </b> , ▁ <i> issue ▁# 7 5 </i> </ p > 
 <h4> Welcome </h4> 
 < p > This ▁is ▁ <i> De jal News </i> , ▁an ▁occasional ▁newsletter ▁from ▁< a ▁href =""/""> De jal </ a >.</ p > 
 < p > <i> <b> If ▁you ▁want ▁to ▁receive ▁these ▁newsletters ▁in ▁your ▁email ▁inbox , ▁head ▁over ▁to ▁the ▁< a ▁href =""/ subscribe /""> De jal News ▁subscribe ▁page </ a > ▁to ▁sign ▁up . </b> </i> </ p > 
 <h4> Time ▁Out ▁tips </h4> 
 < p > So ▁far ▁I ' ve ▁been ▁sticking ▁to ▁my ▁goal ▁of ▁a ▁< a ▁href =""/ blog /""> De jal ▁blog ▁post"
engineer,9631,"▁# 7 4 </i> </ p > 
 <h4> Welcome </h4> 
 < p > This ▁is ▁ <i> De jal News </i> , ▁an ▁occasional ▁newsletter ▁from ▁< a ▁href =""/""> De jal </ a >.</ p > 
 < p > <i> <b> If ▁you ▁want ▁to ▁receive ▁these ▁newsletters ▁in ▁your ▁email ▁inbox , ▁head ▁over ▁to ▁the ▁< a ▁href =""/ subscribe /""> De jal News ▁subscribe ▁page </ a > ▁to ▁sign ▁up . </b> </i> </ p > 
 <h4> De jal News ▁is ▁back ! </h4> 
 < p > The ▁previous ▁issue ▁of ▁ <i> De jal News </i> ▁was ▁a ▁bit ▁over ▁a ▁year ▁ago . ▁I ▁didn ' t ▁intend ▁to ▁take ▁a ▁year ▁off ▁publishing ▁these"
engineer,9631,"▁# 7 4 </i> </ p > 
 <h4> Welcome </h4> 
 < p > This ▁is ▁ <i> De jal News </i> , ▁an ▁occasional ▁newsletter ▁from ▁< a ▁href =""/""> De jal </ a >.</ p > 
 < p > <i> <b> If ▁you ▁want ▁to ▁receive ▁these ▁newsletters ▁in ▁your ▁email ▁inbox , ▁head ▁over ▁to ▁the ▁< a ▁href =""/ subscribe /""> De jal News ▁subscribe ▁page </ a > ▁to ▁sign ▁up . </b> </i> </ p > 
 <h4> De jal News ▁is ▁back ! </h4> 
 < p > The ▁previous ▁issue ▁of ▁ <i> De jal News </i> ▁was ▁a ▁bit ▁over ▁a ▁year ▁ago . ▁I ▁didn ' t ▁intend ▁to ▁take ▁a ▁year ▁off ▁publishing ▁these"
engineer,9631,"▁Award ▁for ▁Best ▁Collection . ▁These ▁are ▁books ▁you ▁do ▁not ▁want ▁to ▁miss . ▁Over ▁to ▁Angela ▁and ▁Kathleen . 

 *** 

 Angela : 

 My ▁Author ’ s ▁Note ▁to ▁Bitter wood ▁goes ▁thus : 

 The ▁Bitter wood ▁Bible ▁and ▁Other ▁Rec ount ings ▁is ▁intended ▁as ▁a ▁prequel ▁to ▁Sour dough ▁and ▁Other ▁Stories . ▁It ▁was ▁meant ▁to ▁be ▁a ▁sequel , ▁but ▁the ▁tales ▁were ▁determined ▁to ▁defy ▁me — they ▁insisted ▁upon ▁telling ▁what ▁had ▁happened ▁before , ▁to ▁show ▁how ▁the ▁books ▁of ▁Mur cian us ▁came ▁to ▁be , ▁how ▁Ella ▁came ▁into ▁the ▁world , ▁where ▁Hep sib ah ▁Ball anty ne — who ▁appears ▁only ▁as ▁a ▁name ▁on ▁a ▁head stone ▁in ▁Sour dough"
engineer,9631,"This ▁is ▁the ▁users pace ▁part ▁of ▁the ▁Linux ▁Auditing ▁System , ▁which ▁is ▁a ▁more ▁secure ▁way ▁of ▁logging ▁kernel - level ▁events ▁than ▁sys log . ▁Among ▁other ▁things , ▁it ▁records ▁SEL in ux ▁alerts . ▁Strictly ▁speaking , ▁you ▁don ' t ▁need ▁it . 

 ava hi - daemon ▁ 0 : off ▁ 1 : off ▁ 2 : off ▁ 3 : on ▁ 4 : on ▁ 5 : on ▁ 6 : off 

 This ▁is ▁for ▁auto discovery ▁of ▁services ▁on ▁a ▁network ▁— ▁printers ▁being ▁a ▁big ▁example . ▁It ' s ▁not ▁required . 

 cpus peed ▁ 0 : off ▁ 1 : on ▁ 2 : on ▁ 3 : on ▁ 4"
engineer,9631,"This ▁is ▁the ▁users pace ▁part ▁of ▁the ▁Linux ▁Auditing ▁System , ▁which ▁is ▁a ▁more ▁secure ▁way ▁of ▁logging ▁kernel - level ▁events ▁than ▁sys log . ▁Among ▁other ▁things , ▁it ▁records ▁SEL in ux ▁alerts . ▁Strictly ▁speaking , ▁you ▁don ' t ▁need ▁it . 

 ava hi - daemon ▁ 0 : off ▁ 1 : off ▁ 2 : off ▁ 3 : on ▁ 4 : on ▁ 5 : on ▁ 6 : off 

 This ▁is ▁for ▁auto discovery ▁of ▁services ▁on ▁a ▁network ▁— ▁printers ▁being ▁a ▁big ▁example . ▁It ' s ▁not ▁required . 

 cpus peed ▁ 0 : off ▁ 1 : on ▁ 2 : on ▁ 3 : on ▁ 4"
engineer,9631,"▁race ▁was ▁won ▁by ▁former ▁Track ▁World ▁Champion ▁Martyn ▁Irvine . 

 References 

 Past ▁winners 

 External ▁links 
 ▁Official ▁Website ▁of ▁the ▁organisers ▁of ▁the ▁Shay ▁Elliot ▁Memorial ▁– Bray ▁Wheel ers 

 Category : Cycle ▁races ▁in ▁Ireland 
 Category : Recurring ▁sporting ▁events ▁established ▁in ▁ 1 9 5 8 
 Category : 1 9 5 8 ▁establishments ▁in ▁Ireland 
 Category : Men ' s ▁road ▁bicycle ▁races 
 Category : Spring ▁( season ) ▁events ▁in ▁the ▁Republic ▁of ▁Ireland <bos> Now ▁this ▁is ▁P FF Table ▁if ▁ever ▁anything ▁was . ▁I ▁had ▁to ▁come ▁in ▁to ▁work ▁today , ▁a ▁Saturday , ▁because ▁my ▁department ▁and ▁another ▁department ▁in ▁our ▁building ▁are ▁moving ▁to ▁another ▁floor . ▁This ▁is"
engineer,9631,"▁race ▁was ▁won ▁by ▁former ▁Track ▁World ▁Champion ▁Martyn ▁Irvine . 

 References 

 Past ▁winners 

 External ▁links 
 ▁Official ▁Website ▁of ▁the ▁organisers ▁of ▁the ▁Shay ▁Elliot ▁Memorial ▁– Bray ▁Wheel ers 

 Category : Cycle ▁races ▁in ▁Ireland 
 Category : Recurring ▁sporting ▁events ▁established ▁in ▁ 1 9 5 8 
 Category : 1 9 5 8 ▁establishments ▁in ▁Ireland 
 Category : Men ' s ▁road ▁bicycle ▁races 
 Category : Spring ▁( season ) ▁events ▁in ▁the ▁Republic ▁of ▁Ireland <bos> Now ▁this ▁is ▁P FF Table ▁if ▁ever ▁anything ▁was . ▁I ▁had ▁to ▁come ▁in ▁to ▁work ▁today , ▁a ▁Saturday , ▁because ▁my ▁department ▁and ▁another ▁department ▁in ▁our ▁building ▁are ▁moving ▁to ▁another ▁floor . ▁This ▁is"
engineer,9631,"▁find ▁places ▁where ▁you ▁can ▁both ▁observe ▁it ▁while ▁being ▁far ▁enough ▁away ▁that ▁your ▁dog ▁doesn ' t ▁feel ▁the ▁need ▁to ▁react . ▁Sit ▁together ▁watching ▁the ▁traffic ▁going ▁by , ▁while ▁rewarding ▁calm ▁behaviour ▁with ▁a ▁few ▁treats , ▁a ▁toy ▁or ▁a ▁game . ▁If ▁your ▁dog ▁reacts , ▁you ▁are ▁still ▁too ▁close . ▁Go ▁to ▁places ▁where ▁large ▁vehicles ▁are ▁parked , ▁and ▁walk ▁by ▁at ▁a ▁sufficient ▁distance ▁that ▁your ▁dog ▁doesn ' t ▁react , ▁and ▁reward ▁as ▁before . ▁Don ' t ▁rush ▁this , ▁but ▁be ▁happy ▁with ▁small ▁victories , ▁and ▁keep ▁lessons ▁very ▁short ▁— ▁five ▁minutes ▁is ▁ample ▁to ▁begin ▁with . ▁These ▁are ▁training ▁sessions , ▁and ▁she ▁will ▁still ▁need ▁to ▁be"
engineer,9631,"▁it ▁moves ▁forward ; ▁read ▁more ▁about ▁that ▁effort ▁here . ▁I ▁haven ' t ▁seen ▁too ▁much ▁technical ▁information ▁flowing ▁from ▁the ▁Open ▁Compute ▁Summit , ▁although ▁James ▁Hamilton ▁of ▁Amazon ▁posted ▁his ▁slides ▁online ▁here : ▁here 

 Meanwhile ▁( was ▁this ▁part ▁of ▁the ▁summit , ▁or ▁independent ?), ▁the ▁team ▁at ▁Anand Tech ▁have ▁done ▁some ▁independent ▁testing ▁of ▁the ▁Open ▁Compute ▁server ▁components ; ▁in ▁their ▁conclusion , ▁they ▁commend ▁the ▁Open ▁Compute ▁work ▁as ▁showing ▁tremendous ▁potential : 

 The ▁Facebook ▁Open ▁Compute ▁servers ▁have ▁made ▁quite ▁an ▁impression ▁on ▁us . ▁Remember , ▁this ▁is ▁Facebook ' s ▁first ▁attempt ▁to ▁build ▁a ▁cloud ▁server ! ▁This ▁server ▁uses ▁very ▁little ▁power ▁when ▁running ▁at ▁low ▁load ▁( see ▁our"
engineer,9631,"▁out ▁that ▁this ▁was ▁little ▁used . 

 In ▁ 1 9 4 3 , ▁Andreas ▁Strand ▁came ▁up ▁with ▁a ▁new ▁system ▁called ▁In nd eling ▁av ▁Norge ▁til ▁bruk ▁ved ▁fa unis tiske ▁opp gaver ▁( Division ▁of ▁Norway ▁for ▁Use ▁in ▁Fauna ▁Tasks ), ▁popularly ▁known ▁as ▁the ▁Strand ▁System . ▁In ▁it , ▁Norway ▁was ▁divided ▁into ▁ 3 7 ▁regions ▁based ▁on ▁municipal ▁and ▁county ▁boundaries , ▁and ▁it ▁took ▁into ▁account ▁that ▁the ▁fauna ▁in ▁the ▁interior ▁parts ▁of ▁the ▁country ▁differed ▁from ▁the ▁fauna ▁on ▁the ▁coast . ▁Therefore , ▁most ▁Norwegian ▁counties ▁are ▁divided ▁into ▁smaller ▁areas ▁( e . g ., ▁inner , ▁outer , ▁north , ▁or ▁south ). ▁Strand ▁chose ▁letter ▁codes ▁instead ▁of ▁numbers ;"
engineer,9631,". ▁Blacks ▁couldn ’ t ▁own ▁anything ▁in ▁the ▁south ▁during ▁slavery . ▁It ▁wasn ’ t ▁until ▁after ▁around ▁ 1 8 8 0 ▁before ▁blacks ▁could ▁have ▁the ▁land ▁left ▁to ▁them ▁by ▁their ▁white ▁fathers . ▁I ▁may ▁be ▁among ▁the ▁few ▁who ▁actually ▁spent ▁many ▁hours ▁talking ▁to ▁a ▁former ▁slave ▁and ▁i ▁learned ▁through ▁her ▁the ▁real ▁truth . ▁She ▁was ▁one ▁of ▁them . 

 lu gn ut 

 Oh , ▁this ▁is ▁a ▁k lux er ▁confeder ate ▁revision ist ▁article . ▁Your ▁forefathers ▁brought ▁slaves ▁here , ▁because ▁there ▁couldn ’ t ▁do ▁the ▁jobs ▁themselves . ▁Everything ▁you ▁have , ▁even ▁today , ▁slaves ▁did ▁that , ▁slaves ▁built ▁the ▁foundation ▁of ▁this ▁country ▁and ▁without ▁my ▁ancestors"
engineer,9631,"’ t ▁come ▁from ▁summoning ▁the ▁right ▁“ final ▁answers ” ▁to ▁a ▁handful ▁of ▁trivia ▁questions ▁to ▁strike ▁it ▁rich ▁on ▁a ▁game ▁show . ▁Winning ▁the ▁war ▁against ▁global ▁poverty ▁will ▁come ▁when ▁we ▁realize ▁that ▁we ▁have ▁one ▁of ▁the ▁answers — micro credit — and ▁summon ▁the ▁political ▁will ▁to ▁lift ▁up ▁those ▁micro credit ▁programs ▁that ▁have ▁figured ▁out ▁how ▁to ▁reach ▁the ▁world ’ s ▁most ▁destitute ▁people . ▁This ▁is ▁a ▁final ▁answer ▁we ▁can ▁stand ▁behind . 

 Sam ▁Daley - Harris ▁is ▁Founder ▁of ▁the ▁Micro credit ▁Summit ▁Campaign ▁which ▁seeks ▁to ▁reach ▁ 1 7 5 ▁million ▁poorest ▁families ▁with ▁micro credit ▁www . micro credits um mit . org ▁and ▁of ▁RESULTS ▁which ▁seeks ▁to ▁create"
engineer,9631,"▁This ▁is ▁the ▁beauty ▁of ▁instrumental ▁music . ▁It ▁is ▁open ▁for ▁you ▁to ▁assign ▁the ▁meaning , ▁to ▁lay ▁it ▁over ▁the ▁framework ▁of ▁whatever ▁structure ▁your ▁life ▁has . ▁To ▁place ▁it ▁within ▁your ▁own ▁context , ▁to ▁let ▁it ▁guide ▁and ▁soundtrack ▁your ▁late ▁nights , ▁early ▁mornings , ▁and ▁in ▁bet we ens . ▁What ▁do ▁you ▁hear ▁through ▁the ▁notes ? ▁What ▁feeling ▁does ▁it ▁invoke ▁deep ▁down ? ▁There ’ s ▁only ▁one ▁way ▁to ▁find ▁out . <bos> 

 Show ▁HN : ▁Test ▁and ▁edit ▁tile json ▁in ▁the ▁browser ▁- ▁andrew lj oh nson 
 http :// static . gai ag ps . com / tile json - tester / 

 ====== 
 andrew lj oh nson 
 This"
engineer,9631,"▁was ▁the ▁people ▁watching ▁we ▁did . ▁Even ▁better ▁were ▁the ▁people ▁we ▁met ▁who ▁became ▁friends ▁for ▁the ▁week , ▁including ▁the ▁Newly weds , ▁Katy ▁Perry ▁and ▁many ▁others . 

 These ▁were ▁people ▁we ▁attached ▁a ▁label ▁and ▁story ▁to ▁based ▁on ▁their ▁looks . ▁We ▁were ▁lucky ▁enough ▁to ▁get ▁to ▁know ▁them ▁a ▁bit ▁to ▁go ▁beyond ▁the ▁label . 

 First ▁impressions ▁— ▁we ▁learned ▁it ’ s ▁worth ▁looking ▁deeper ▁and ▁is ▁worth ▁the ▁time ▁and ▁effort ▁to ▁go ▁beyond ▁the ▁first ▁impression . <bos> Q : 

 java fx : ▁How ▁to ▁bind ▁the ▁Enter ▁key ▁to ▁a ▁button ▁and ▁fire ▁off ▁an ▁event ▁when ▁it ▁is ▁clicked ? 

 Basically , ▁I ▁have ▁a ▁okay Button ▁that ▁sits"
engineer,9631,"▁this ▁is ▁not ▁a ▁case 

 where ▁the ▁defendant ▁was ▁represented ▁by ▁the ▁same ▁counsel ▁at ▁both ▁the ▁trial ▁and ▁on 

 direct ▁appeal . ▁See ▁State ▁v . ▁Ul mer , ▁ 4 th ▁Dist . ▁S cio to ▁No . ▁ 1 5 CA 3 7 0 8 , ▁ 2 0 1 6 - Ohio - 2 8 7 3 , ▁¶ 

 1 5 . 

 ▁▁▁▁▁▁▁ { ¶ 2 7 } ▁Therefore , ▁the ▁trial ▁court ▁did ▁not ▁act ▁in ▁an ▁unreasonable , ▁arbitrary , ▁or 

 un cons cion able ▁manner ▁by ▁denying ▁Mc Doug ald ’ s ▁fifth ▁petition ▁for ▁post conv iction ▁relief . 

 We ▁over rule ▁his ▁assignments ▁of ▁error . 

 ▁▁▁▁▁▁▁▁▁▁▁▁▁▁▁▁▁▁▁▁▁▁▁ B . ▁Motion ▁for"
engineer,9631,"▁preventing ▁you ▁or ▁I ▁from ▁sending ▁an ▁email ▁from ▁any ▁address ▁we ▁choose , ▁this ▁is ▁by ▁design . ▁What ▁we ▁can ▁tell ▁though ▁is ▁the ▁IP ▁address ▁the ▁email ▁originated ▁from ▁in ▁the ▁mail ▁headers , ▁and ▁this ▁will ▁give ▁us ▁an ▁idea ▁of ▁where ▁the ▁original ▁message ▁came ▁from . ▁ 
 In ▁the ▁old ▁internet , ▁most ▁mail ▁servers ▁were ▁run ▁as ▁open ▁relays . ▁This ▁means ▁that ▁to ▁send ▁an ▁email ▁from ▁yahoo . com ▁to ▁google . com , ▁you ▁could ▁use ▁any ▁open ▁relay ▁you ▁found ▁on ▁the ▁internet . ▁If ▁the ▁IP ▁got ▁banned , ▁its ▁okay ▁because ▁it ▁isn ' t ▁your ▁IP , ▁and ▁you ▁could ▁just ▁change ▁relays . ▁ 
 Now , ▁with ▁most ▁modern ▁mail"
engineer,9631,"▁main ; ▁to ▁application . scss . ▁It ▁seems ▁like ▁the ▁styles ▁end ▁up ▁being ▁used ▁on ▁every ▁page ▁( is ▁this ▁the ▁default ▁in ▁rails ?). 
 This ▁is ▁not ▁my ▁ideal ▁solution ▁but ▁it ' s ▁the ▁only ▁thing ▁I ' ve ▁been ▁able ▁to ▁do ▁to ▁get ▁any ▁styles ▁to ▁work ▁via ▁requiring ▁methods . 

 <bos> 1 . ▁Field ▁of ▁the ▁Invention 
 This ▁invention ▁relates ▁in ▁general ▁to ▁fuel ▁cells ▁and ▁electrical ▁motors ▁and , ▁more ▁particularly , ▁to ▁a ▁fuel ▁cell ▁powered ▁electrical ▁motor . 
 2 . ▁Description ▁of ▁the ▁Related ▁Prior ▁Art 
 The ▁use ▁of ▁fuel ▁cells ▁to ▁actu ate ▁electrical ▁motors ▁depends ▁upon ▁several ▁factors . ▁Among ▁them ▁efficiency ▁and ▁compactness ▁are ▁essential . 
 Attempts ▁have"
engineer,9631,"▁– ▁carry ▁you ▁off ▁into ▁exile ▁( file ▁that ▁one ▁away ▁for ▁later ). ▁Note , ▁however , ▁that ▁we ’ re ▁still ▁talking ▁about ▁very ▁earth bound ▁blessings ▁and ▁curses . ▁This ▁is ▁not ▁heaven ▁versus ▁hell , ▁it ’ s ▁success ▁versus ▁failure ▁in ▁this ▁life , ▁in ▁this ▁land , ▁here ▁and ▁now . 

 Deuter onomy ▁makes ▁more ▁sense ▁if ▁we ▁think ▁about ▁the ▁social - religious ▁reality ▁of ▁Israel ▁at ▁this ▁stage ▁in ▁its ▁development . ▁The ▁first ▁generation , ▁the ▁generation ▁that ▁left ▁Egypt ▁and ▁received ▁the ▁law ▁first - hand ▁from ▁Moses ▁at ▁Mt . ▁Sinai , ▁is ▁gone . ▁They ’ re ▁dead . ▁The ▁new ▁generation ▁has ▁inherited ▁the ▁covenant ▁and ▁the ▁mission ▁to ▁settle ▁the ▁land ."
engineer,9631,"▁interpret ▁the ▁meaning ▁of ▁the ▁message . ▁This ▁is ▁privacy ▁in ▁action . 

 And ▁here ' s ▁an ▁excerpt ▁from ▁the ▁First ▁Monday ▁article : 

 Furthermore , ▁many ▁parents ▁reported ▁that ▁they ▁helped ▁their ▁children ▁create ▁their ▁accounts . ▁Among ▁the ▁ 8 4 ▁percent ▁of ▁parents ▁who ▁were ▁aware ▁when ▁their ▁child ▁first ▁created ▁the ▁account , ▁ 6 4 ▁percent ▁helped ▁create ▁the ▁account . ▁Among ▁those ▁who ▁knew ▁that ▁their ▁child ▁joined ▁below ▁the ▁age ▁of ▁ 1 3 ▁— ▁even ▁if ▁the ▁child ▁is ▁now ▁older ▁than ▁ 1 3 ▁— ▁over ▁two – thirds ▁( 6 8 ▁percent ) ▁indicated ▁that ▁they ▁helped ▁their ▁child ▁create ▁the ▁account . ▁Of ▁those ▁with ▁children ▁who ▁are ▁currently ▁under ▁ 1 3"
engineer,9631,"▁or ▁touching ▁something ▁designated ▁“ un clean .” 

 This ▁is ▁the ▁“ cult ” ▁of ▁Israel , ▁or ▁the ▁daily ▁religious ▁ritual . ▁It ▁also ▁details ▁the ▁various ▁feasts ▁and ▁holidays ▁which ▁the ▁priests ▁will ▁oversee , ▁including ▁Passover , ▁which ▁we ▁studied ▁in ▁Exodus , ▁and ▁the ▁Day ▁of ▁Aton ement , ▁when ▁sacrifices ▁are ▁made ▁on ▁behalf ▁of ▁the ▁entire ▁nation ▁of ▁Israel ▁to ▁“ at one ” ▁or ▁“ wipe ▁away ” ▁the ▁guilt ▁of ▁their ▁corporate ▁sin . ▁The ▁laws ▁about ▁acceptable ▁and ▁unacceptable ▁sexual ▁practices ▁are ▁the ▁only ▁bits ▁from ▁Levi ticus ▁which ▁get ▁any ▁press ▁these ▁days , ▁and ▁the ▁people ▁preaching ▁or ▁condemning ▁those ▁passages ▁rarely ▁recognize ▁that ▁this ▁is ▁basically ▁a ▁handbook ▁for ▁ancient ▁priests , ▁and ▁shouldn"
engineer,9631,"▁Jeff ▁Klein , ▁and ▁Dave ▁V ales ky ▁– ▁are ▁following ▁suit . 

 UPDATE : ▁D SCC ▁spokesman ▁Josh ▁Cher win ▁says : 

 “ We ▁will ▁not ▁be ▁returning ▁these ▁funds , ▁which ▁were ▁contributed ▁during ▁a ▁previous ▁election ▁cycle ▁and ▁already ▁spent .” 

 “ This ▁is ▁yet ▁another ▁sad ▁day ▁for ▁New ▁York ▁residents ▁who ▁rightfully ▁expect ▁integrity ▁and ▁accountability ▁from ▁their ▁elected ▁officials .” 

 “ During ▁the ▁last ▁election ▁cycle , ▁Senator ▁Kruger ’ s ▁campaign ▁committee ▁contributed ▁a ▁combined ▁total ▁of ▁$ 8 , 0 0 0 ▁to ▁Independent ▁Democratic ▁Conference ▁members . ▁We ▁decided ▁to ▁donate ▁that ▁amount ▁to ▁charitable ▁organizations ▁in ▁our ▁communities . ▁We ▁believe ▁this ▁to ▁be ▁the ▁best ▁use ▁for ▁this ▁money .” <bos> Local"
engineer,9631,"Is Private In Plain Object Base ) 
 ▁▁▁▁ # else 
 ▁▁▁▁ template < typename ▁Derived > 
 ▁▁▁▁ inline ▁Ref ( Dense Base < Derived >& ▁expr ) 
 ▁▁▁▁ # endif 
 ▁▁▁▁ { 
 ▁▁▁▁▁▁ Base :: construct ( expr . const _ cast _ derived ()); 
 ▁▁▁▁ } 

 ▁▁▁▁ E IGEN _ IN HER IT _ ASSIGN MENT _ OPER ATORS ( Ref ) 

 }; 

 // ▁this ▁is ▁the ▁const ▁ref ▁version 
 template < typename ▁TP lain ObjectType , ▁int ▁Options , ▁typename ▁St ride Type > ▁class ▁Ref < const ▁TP lain ObjectType , ▁Options , ▁St ride Type > 
 ▁▁ : ▁public ▁Ref Base < Ref < const ▁TP lain ObjectType , ▁Options ,"
engineer,9631,"▁of ▁MSM ▁models , ▁suffers ▁from ▁marked ▁instability ▁and ▁finite - sample ▁bias ▁in ▁the ▁presence ▁of ▁weights ▁$ W $ ▁that ▁are ▁highly ▁variable ▁and ▁skewed . ▁This ▁is ▁not ▁generally ▁an ▁issue ▁in ▁S NM ▁estimation . ▁A ▁third ▁limitation ▁of ▁MSM s ▁is ▁that ▁when ▁( \[ eq : stat rand \] ) ▁fails ▁but ▁an ▁instrumental ▁variable ▁is ▁available , ▁one ▁can ▁still ▁consistently ▁estimate ▁the ▁parameters ▁of ▁a ▁S NM ▁but ▁not ▁of ▁an ▁MSM .[ ^ 2 6 ] 

 An ▁advantage ▁of ▁MSM s ▁over ▁SN Ms ▁that ▁was ▁not ▁discussed ▁in ▁Section   \[ sec : limits - of - sn ms \] ▁is ▁the ▁following . ▁MSM s ▁can ▁be ▁constructed ▁that ▁are ▁indexed ▁by ▁easily ▁interpre table"
engineer,9631,"▁October ▁and ▁still ▁no ▁action . 

 Posted ▁by ▁Tony ▁Par fit t ▁at ▁ 1 1 : 5 9 , ▁Tue ▁ 1 4 ▁November ▁ 2 0 1 7 

 The ▁problem ▁of ▁the ▁one ▁drain ▁was ▁fixed ▁but ▁the ▁bigger ▁issue ▁is ▁that ▁most ▁of ▁the ▁drains ▁farther ▁up ▁the ▁hill ▁are ▁also ▁totally ▁blocked ▁as ▁they ▁have ▁been ▁for ▁the ▁past ▁year . ▁The ▁action ▁at ▁this ▁present ▁time ▁that ▁has ▁been ▁worked ▁on ▁has ▁only ▁helped ▁to ▁stop ▁flooding ▁in ▁this ▁area , ▁water ▁still ▁flows ▁down ▁the ▁hill ▁on ▁the ▁surface ▁of ▁the ▁road ▁, ▁this ▁is ▁not ▁going ▁to ▁be ▁safe ▁when ▁it ▁freezes , ▁my ▁concern ▁is ▁that ▁this ▁is ▁the ▁rout ▁for ▁the ▁local ▁school ▁coaches . 

"
engineer,9631,"▁only ▁can ▁this ▁be ▁used ▁to ▁transport ▁Kiki , ▁but ▁other ▁allies ▁can ▁run ▁on ▁this ▁as ▁well . ▁However , ▁they ▁must ▁be ▁careful , ▁considering ▁these ▁blocks ▁have ▁no ▁ledges . ▁One ▁slip , ▁and ▁you ▁can ▁fall ▁from ▁a ▁very ▁far ▁height ▁if ▁that ▁is ▁where ▁the ▁blocks ▁are ▁located . ▁- ▁Due ▁to ▁being ▁the ▁operator ▁of ▁these ▁blocks , ▁Kiki ▁can ▁control ▁who ▁can ▁and ▁cannot ▁get ▁onto ▁these ▁blocks . ▁Therefore , ▁enemies ▁cannot ▁get ▁onto ▁these ▁blocks ▁without ▁instantly ▁causing ▁the ▁part ▁they ▁step ▁on ▁to ▁explode . Weaknesses :- ▁These ▁tech - blocks ▁glow ▁tremendously , ▁therefore ▁can ▁be ▁easily ▁detected ▁by ▁possible ▁threats . ▁- ▁This ▁row ▁of ▁blocks ▁only ▁takes ▁ 2 0 ▁damage ▁to ▁destroy ,"
engineer,9631,"0 0 ▁billion ▁annually . ▁These ▁costs ▁are ▁likely ▁to ▁rise ▁even ▁faster ▁than ▁the ▁prevalence ▁of ▁disease , ▁especially ▁in ▁the ▁developing ▁world , ▁as ▁more ▁formal ▁social ▁care ▁systems ▁emerge , ▁and ▁rising ▁incomes ▁lead ▁to ▁higher ▁opportunity ▁costs ▁( B . ▁Win blad ▁and ▁L . ▁Jon sson , ▁World ▁Alzheimer ▁Report ▁ 2 0 1 0 ). 
 The ▁brains ▁of ▁AD ▁patients ▁have ▁an ▁abundance ▁of ▁two ▁abnormal ▁structures , ▁amyloid ▁plaques ▁and ▁neuro fib rill ary ▁tang les . ▁This ▁is ▁especially ▁true ▁in ▁certain ▁regions ▁of ▁the ▁brain ▁that ▁are ▁important ▁in ▁memory . ▁There ▁is ▁also ▁a ▁substantial ▁loss ▁of ▁neurons ▁and ▁synapses ▁in ▁the ▁cerebral ▁cortex ▁and ▁certain ▁sub cor tical ▁regions . ▁Both ▁neuro fib rill ary"
engineer,9631,"erb iger ▁ 

 In ▁ 2 0 0 9 ▁Mec el ▁had ▁an ▁operating ▁revenue ▁of ▁ 1 0 7 . 3 ▁million . ▁President ▁from ▁ 2 0 0 0 ▁until ▁ 2 0 1 1 ▁was ▁Kent - Eric ▁L ång ▁[ 1 ], ▁succeeded ▁by ▁Henrik ▁Hä gg ström ▁in ▁August ▁ 2 0 1 1 . 

 Company ▁Operations ▁ 
 Some ▁major ▁contributions ▁to ▁the ▁industry ▁during ▁the ▁years : 
 ▁The ▁Ion Sense ▁technology ▁was ▁developed ▁by ▁the ▁Mec el ▁founders ▁in ▁the ▁ 8 0 ' s ▁and ▁are ▁presented ▁in ▁a ▁number ▁of ▁patents . ▁US ▁patents ▁ 4 7 8 5 7 8 9 , ▁ 4 9 0 3 6 7 6 , ▁ 4 9"
engineer,9631,"6 3 / (- 6 )* (- 5 4 )/ (- 2 1 ). 
 - 2 7 
 (- 3 * (- 1 6 0 )/ 4 8 )/( 1 0 / (- 1 2 )) 
 - 1 2 
 Calculate ▁( 7 9 / (- 3 9 5 ))/( 8 / (- 5 )). 
 1 / 8 
 What ▁is ▁(( - 1 5 2 0 )/ 6 2 7 0 * (- 1 )/ ((- 2 )/ 3 ))/ 2 ? 
 - 2 / 1 1 
 What ▁is ▁the ▁value ▁of ▁(- 2 )/ (- 2 )* (- 1 5 )/ 8 1 *- 3 * 6 ? 
 1 0 / 3 
 What ▁is ▁ 9 / 8"
engineer,9631,▁dimensions ▁of ▁the ▁photosynthetic ▁machinery ▁were ▁assessed ▁using ▁confocal ▁laser ▁scanning ▁microscopy ▁and ▁subsequent ▁three - dimensional ▁reconstruction ▁of ▁the ▁chlorophyll ▁auto flu orescence ▁signal . ▁A ▁plot ▁of ▁total ▁cellular ▁chlor oplast ▁volume ▁versus ▁total ▁cellular ▁chlor oplast ▁surface ▁area ▁shows ▁a ▁reduction ▁of ▁the ▁chlor oplast ▁system ▁in ▁iron - limited ▁* T . ▁ocean ica * cells . ▁Iron - limited ▁cells ▁have ▁a ▁reduced ▁number ▁of ▁two ▁chlor oplasts ▁instead ▁of ▁four . ▁Total ▁chlor oplast ▁dimensions ▁for ▁individual ▁cells ▁( small ▁circles ) ▁are ▁distributed ▁over ▁a ▁range ▁spanning ▁the ▁two - fold ▁increase ▁in ▁volume ▁and ▁surface ▁that ▁accompanies ▁chlor oplast ▁duplication ▁during ▁cellular ▁growth . ▁Inserts ▁show ▁an ▁overlay ▁transmission ▁and ▁chlorophyll ▁auto flu orescence ▁image ▁( top ) ▁and
engineer,9631,"). ▁Copy ▁number ▁variation ▁( CN V ) ▁test ▁was ▁performed ▁by ▁droplet ▁digital ▁PCR ▁( dd PCR ) ▁as ▁previously ▁described ▁\[ [@ CR 1 0 ] \] . ▁In ▁short , ▁ 1 6   ng ▁of ▁genomic ▁DNA ▁samples ▁were ▁added ▁to ▁ 2 xdd PCR ▁super mix ▁( Bio - Rad ) ▁with ▁final ▁concentration ▁of ▁ 5 0 0 nM ▁of ▁each ▁primer ▁and ▁ 2 5 0 nM ▁probe ▁in ▁duplex ▁of ▁the ▁tested ▁gene ▁and ▁RN ase P . ▁RN ase P ▁served ▁as ▁a ▁C NV  =  2 ▁reference ▁gene . ▁Probes ▁for ▁the ▁tested ▁genes ▁contained ▁a ▁FAM ▁reporter ▁and ▁RN ase P ▁contained ▁HEX . ▁The ▁genomic ▁DNA ▁and ▁PCR ▁reaction ▁mixtures ▁were ▁partitioned ▁into ▁an ▁emulsion"
engineer,9631,"2 , T 3 ▁> 
 { 
 }; 

 template < 
 ▁▁▁▁▁▁ typename ▁F , ▁typename ▁T 1 , ▁typename ▁T 2 , ▁typename ▁T 3 , ▁typename ▁T 4 

 ▁▁▁▁ > 
 struct ▁apply _ wrap 4 

 ▁▁▁▁ : ▁F :: template ▁apply < ▁T 1 , T 2 , T 3 , T 4 ▁> 
 { 
 }; 

 template < 
 ▁▁▁▁▁▁ typename ▁F , ▁typename ▁T 1 , ▁typename ▁T 2 , ▁typename ▁T 3 , ▁typename ▁T 4 
 ▁▁▁▁ , ▁typename ▁T 5 

 ▁▁▁▁ > 
 struct ▁apply _ wrap 5 

 ▁▁▁▁ : ▁F :: template ▁apply < ▁T 1 , T 2 , T 3 , T 4 , T 5 ▁> 
"
engineer,593,"▁acid ▁esters ▁\[ [@ B 4 - poly mers - 0 8 - 0 0 1 5 9 ], [@ B 5 - poly mers - 0 8 - 0 0 1 5 9 ] \] , ▁an hy dri des ▁\[ [@ B 6 - poly mers - 0 8 - 0 0 1 5 9 ] \] , ▁am ides ▁\[ [@ B 7 - poly mers - 0 8 - 0 0 1 5 9 ] \] , ▁carbonate ▁\[ [@ B 8 - poly mers - 0 8 - 0 0 1 5 9 ] \] , ▁and ▁metallic ▁ions ▁\[ [@ B 9 - poly mers - 0 8 - 0 0 1 5 9 ] \] . ▁Additionally , ▁the ▁effects"
engineer,593,"▁clinical ▁duration ▁of ▁action . ▁Several ▁of ▁the ▁most ▁promising ▁drugs ▁and ▁some ▁of ▁the ▁recent ▁failures ▁are ▁discussed ▁below . 

 4 . 1 . ▁Ab ici par ▁Pe gol ▁{# sec 4 dot 1 - pharma ceu tics - 1 0 - 0 0 0 2 1 } 
 ---------------- --- 

 Ab ici par ▁pe gol ▁is ▁a ▁designed ▁an ky rin ▁repeat ▁protein ▁( DAR Pin ) ▁that ▁binds ▁all ▁isoforms ▁of ▁VEGF - A . ▁Its ▁small ▁size ▁( MW ▁= ▁ 3 4 ▁kDa ) ▁would ▁suggest ▁a ▁brief ▁intra ocular ▁half - life , ▁but ▁pe gy lation ▁( binding ▁to ▁a ▁poly ( ethylene ) ▁glycol ▁moiety ) ▁may ▁give ▁it ▁the ▁pharma cokinetic ▁characteristics ▁of ▁a ▁much ▁larger"
engineer,593,"arth ropathy ▁that ▁requires ▁minimal ▁scan ▁time , ▁does ▁not ▁require ▁contrast ▁enhancement , ▁evaluates ▁the ▁extent ▁of ▁lesions ▁in ▁ 3 ▁dimensional ▁planes , ▁and ▁limits ▁the ▁number ▁of ▁vertebral ▁levels ▁that ▁are ▁scored ▁because ▁MRI ▁demonstrates ▁characteristic ▁inflammatory ▁lesions ▁in ▁the ▁spine ▁of ▁patients ▁with ▁an ky losing ▁sp ondy litis ▁( AS ) ▁prior ▁to ▁the ▁development ▁of ▁typical ▁features ▁on ▁plain ▁radio graphic . ▁Our ▁scoring ▁method ▁was ▁based ▁entirely ▁on ▁the ▁assessment ▁of ▁increased ▁signal ▁denoting ▁bone ▁marrow ▁edema ▁on ▁T 2 - weighted ▁ST IR ▁sequences . ▁B lin ded ▁MRI ▁films ▁were ▁assessed ▁in ▁random ▁order ▁at ▁ 2 ▁sites ▁by ▁ 3 ▁blinded ▁readers ▁at ▁each ▁of ▁the ▁ 2 ▁sites ▁( the ▁Universities ▁of ▁Alberta ▁and ▁Toronto )."
engineer,593,"aras im ha ▁– ▁His ▁fierce ▁form : ▁In ▁this ▁form ▁He ▁has ▁conch ▁– ▁ ṣ anka , ▁discus ▁– ▁chakra , ▁mace ▁– ▁gada , ▁bow ▁– ▁ch ā pa , ▁bells ▁– ▁g han ta -, ▁trident ▁like ▁– ▁an ku ś a , ▁and ▁his ▁two ▁hands ▁ready ▁to ▁chisel ▁the ▁demon ▁heart , ▁as ▁His ▁ā y ud hams ▁– ▁weapons . ▁This ▁form ▁is ▁worshipped ▁in ▁the ▁evenings . 
 2 . ▁Lakshmi ▁Nar asim ha : ▁In ▁this ▁form ▁he ▁is ▁very ▁peaceful ▁– ▁ ṣ anta ▁– ▁with ▁His ▁consort ▁– ▁Sri ▁Lakshmi ▁sitting ▁on ▁his ▁left ▁lap , ▁with ▁ā dise ṣ a ▁on ▁his ▁head ▁as ▁umbrella , ▁and ▁Pra hall āda ▁standing ▁in ▁his ▁front ▁praying"
engineer,593,"▁yellow ▁or ▁brown ▁it ' s ▁impossible ▁with ▁food ▁coloring ▁so ▁I ▁think ▁a ▁white ▁mead ▁is ▁the ▁way ▁to ▁go . ▁Also ▁we ▁know ▁that ▁it ' s ▁supposed ▁to ▁be ▁very ▁strong ▁( for ▁an ▁ale ) ▁which ▁an ▁ 1 1 - 1 3 % ▁ABV ▁mead ▁would ▁certainly ▁be . ▁This ▁will ▁be ▁my ▁recipe ▁when ▁I ▁try ▁it : 

 I ▁would ▁let ▁it ▁ferment ▁for ▁about ▁ 3 0 ▁days , ▁rack ▁to ▁secondary ▁then ▁around ▁day ▁ 9 0 ▁I ' d ▁bottle ▁it ▁on ▁top ▁of ▁ 1 / 2 tsp ▁of ▁super fine ▁bar ▁sugar ▁( per ▁bottle ). ▁This ▁should ▁cause ▁a ▁tiny ▁bit ▁of ▁fermentation ▁in - bottle ▁and ▁carbonate ▁it . 

 I ▁know ▁it"
engineer,593,"▁bells ▁– ▁g han ta -, ▁trident ▁like ▁– ▁an ku ś a , ▁and ▁his ▁two ▁hands ▁ready ▁to ▁chisel ▁the ▁demon ▁heart , ▁as ▁His ▁ā y ud hams ▁– ▁weapons . ▁This ▁form ▁is ▁worshipped ▁in ▁the ▁evenings . 
 2 . ▁Lakshmi ▁Nar asim ha : ▁In ▁this ▁form ▁he ▁is ▁very ▁peaceful ▁– ▁ ṣ anta ▁– ▁with ▁His ▁consort ▁– ▁Sri ▁Lakshmi ▁sitting ▁on ▁his ▁left ▁lap , ▁with ▁ā dise ṣ a ▁on ▁his ▁head ▁as ▁umbrella , ▁and ▁Pra hall āda ▁standing ▁in ▁his ▁front ▁praying ▁with ▁his ▁folded ▁hands . ▁This ▁manifestation ▁is ▁followed ▁after ▁his ▁fierce ▁form – ▁as ▁a ▁result , ▁he ▁is ▁worshipped ▁in ▁the ▁morning . 
 3 . ▁Yoga ▁Nar asim ha ▁–"
engineer,593,"8 8 0 mm , ▁height 1 6 7 9 mm . 

 Second , ▁Long ▁Wheel ▁Base ▁with ▁a ▁Lambda ▁II ▁engine , ▁V 6 , ▁ 3 . 3 - liter , ▁G DI ▁is ▁capable ▁produce ▁of ▁power ▁ 2 9 0 ▁PS . ▁This ▁variant ▁has ▁dimension ▁length ▁of 4 9 0 5 mm , width 1 8 8 5 mm , ▁height 1 6 8 9 mm 

 Santa ▁Fe ▁also ▁features ▁an ▁ 8 - inch ▁LCD ▁touch ▁screen ▁that ▁displays ▁menu ▁navigation ▁system , ▁audio ▁system , ▁USB ▁and ▁iPod ▁connectors , ▁rear ▁camera , ▁as ▁well ▁as ▁the ▁latest ▁technological ▁Blue ▁Link . 

 Other ▁features ▁on ▁Santa ▁Fe ▁is ▁a ▁sunroof , ▁heated ▁rear ▁seats ▁and ▁steering ▁wheel"
engineer,593,"▁that ▁the ▁H SU ▁sub ▁is ▁$ 8 7 9 . 9 9 ▁PLUS ▁$ 1 3 9 . 9 9 ▁shipping . ▁So ▁it ' s ▁really ▁$ 1 0 1 9 . 9 8 

 Well . ▁These ▁are ▁the ▁specs ▁on ▁the ▁H SU ▁ 1 5 "" ▁and ▁I ▁have ▁to ▁say ▁I ▁find ▁it ▁VERY ▁hard ▁to ▁believe ▁that ▁a ▁ 3 5 0 watt ▁rms ▁amp ▁and ▁a ▁ 1 5 "" ▁driver ▁could ▁come ▁anywhere ▁near ▁out ▁performing ▁an ▁ 1 8 "" ▁driver ▁with ▁ 1 3 0 0 watts ▁of ▁power ▁behind ▁it . 

 Well .. anything ▁is ▁possible , ▁but ▁I ' d ▁sure ▁like ▁to ▁see ▁some ▁graphs ▁and ▁numbers ▁to ▁back ▁up ▁that ▁claim"
engineer,593,"By Closing ()) 
 	 result . Response ▁= ▁auto rest . Response { Response : ▁resp } 
 	 return 
 } 
 <bos> Gord han ▁asks ▁for ▁fresh ▁thinking 

 Business ▁News ▁/ ▁ 9 ▁July ▁ 2 0 1 2 , ▁ 4 : 4 8 pm 

 S APA 

 Cape ▁Town ▁ 1 4 1 0 1 0 
 Finance ▁Minister , ▁Pra vin ▁Gord han ▁briefing ▁parli ment ▁on ▁the ▁an nal ▁business ▁report . South ▁African ▁Finance ▁Minister ▁Pra vin ▁Gord han ▁said ▁on ▁Thursday ▁the ▁world ▁was ▁heading ▁towards ▁a ▁"" currency ▁war "" ▁unless ▁developed ▁nations ▁gave ▁ground ▁in ▁negotiations ▁at ▁the ▁Group ▁of ▁ 2 0 ▁( G 2 0 ). 
 picture ▁: ▁ne il ▁bay"
engineer,593,"▁it ▁VERY ▁hard ▁to ▁believe ▁that ▁a ▁ 3 5 0 watt ▁rms ▁amp ▁and ▁a ▁ 1 5 "" ▁driver ▁could ▁come ▁anywhere ▁near ▁out ▁performing ▁an ▁ 1 8 "" ▁driver ▁with ▁ 1 3 0 0 watts ▁of ▁power ▁behind ▁it . ▁And ▁btw ... we ▁are ▁comparing ▁a ▁sealed ▁to ▁ported ▁sub ▁so ▁I ▁know ▁that ▁makes ▁a ▁big ▁difference . ▁You ' d ▁really ▁have ▁to ▁compare ▁it ▁to ▁an ▁ 1 8 "" ▁ported ▁e D ▁with ▁ 1 3 0 0 watts ▁amp . ▁or ▁get ▁e D ▁to ▁make ▁you ▁an ▁A 3 - 5 5 0 ▁ 1 5 "" ▁ported ▁WITH ▁a ▁ 1 3 0 0 ▁watt ▁amp . 

 also , ▁you ▁need ▁to ▁note"
engineer,593,"' s ▁got ▁some ▁fairly ▁recent ▁commits 
 It ' s ▁got ▁automated ▁tests . ▁IMHO ▁Any ▁serious ▁lib ▁should ▁have ▁them (* ), ▁but ▁it ' s ▁specially ▁important ▁in ▁OOP ▁libs ; ▁keeping ▁track ▁of ▁all ▁the ▁things ▁that ▁can ▁go ▁wrong ▁in ▁a ▁ref actoring ▁is ▁just ▁impossible ▁without ▁automated ▁testing . 

 (*) ▁My ▁lib ▁also ▁has ▁tests , ▁mind ▁you . ▁They ▁are ▁just ▁on ▁a ▁different ▁repo , ▁for ▁now . 

 <bos> Sp ond ylo arthritis ▁Research ▁Consortium ▁of ▁Canada ▁magnetic ▁resonance ▁imaging ▁index ▁for ▁assessment ▁of ▁spinal ▁inflammation ▁in ▁an ky losing ▁sp ondy litis . 
 To ▁develop ▁a ▁feasible ▁magnetic ▁resonance ▁imaging ▁( MRI )- based ▁scoring ▁system ▁for ▁spinal ▁inflammation ▁in ▁patients ▁with ▁sp ond yl"
engineer,593,"▁in ▁"" those ▁days "". ▁Grandma ▁didn ' t ▁find ▁any ▁reason ▁to ▁save ▁the ▁things ▁she ▁made ▁for ▁herself , ▁but ▁was ▁so ▁proud ▁of ▁these ▁dresses ▁from ▁a ▁store ! 

 As ▁others ▁have ▁said , ▁a ▁lot ▁of ▁their ▁sewing ▁was ▁more ▁out ▁of ▁need ▁and ▁budget ▁than ▁preference , ▁although ▁my ▁grandmother ▁did ▁enjoy ▁the ▁creative ▁side ▁of ▁it . ▁But ▁my ▁mom ▁particularly ▁was ▁too ▁tall ▁for ▁off - the - rack , ▁especially ▁where ▁they ▁lived , ▁an ▁ 8 ▁hour ▁drive ▁from ▁the ▁nearest ▁big ▁department ▁store . 

 As ▁for ▁the ▁next ▁generation , ▁my ▁half - sister , ▁who ▁grew ▁up ▁without ▁any ▁sewing ▁in ▁the ▁home ▁at ▁all , ▁asked ▁that ▁my ▁mom ▁and ▁I ▁teach ▁her"
engineer,593,"▁opposite ▁side ▁by ▁radio ▁frequency ▁sputtering . ▁The ▁following ▁layers ▁were ▁then ▁thermally ▁evaporated ▁onto ▁the ▁I TO ▁under ▁vacuum ▁conditions ▁( 2  ×  1 0 ^ − 6 ^ ▁Torr ): ▁a ▁ 6 0   nm ▁thick ▁N PB ▁layer ▁for ▁hole ▁transport , ▁an ▁ 8 0   nm ▁thick ▁Al q ~ ** 3 ** ~ ▁layer ▁for ▁light ▁emission , ▁a ▁ 0 . 7   nm ▁thick ▁lithium ▁fluoride ▁layer ▁for ▁electron ▁injection , ▁and ▁a ▁ 1 0 0   nm ▁thick ▁aluminium ▁layer ▁that ▁acted ▁as ▁the ▁cathode . ▁In ▁the ▁case ▁of ▁green ▁phosp hores cent ▁OLED s , ▁the ▁following ▁layers ▁were ▁utilized : ▁a ▁ 4 0   nm ▁thick ▁N PB ( N , N"
engineer,593,"▁by ▁a ▁block ▁gave ▁the ▁Violet ▁and ▁Gold ▁an ▁ 8 - 6 ▁lead , ▁but ▁the ▁Panthers ▁came ▁back ▁with ▁a ▁block ▁of ▁their ▁own ▁to ▁knot ▁the ▁teams ▁at ▁ 9 - 9 . ▁Once ▁the ▁Reg als ▁went ▁up ▁ 1 1 - 1 0 ▁they ▁never ▁looked ▁back , ▁opening ▁an ▁advantage ▁of ▁eight ▁at ▁ 2 3 - 1 5 , ▁ultimately ▁winning ▁by ▁nine . 

 During ▁the ▁third ▁and ▁decisive ▁game , ▁Nicki ▁Te ther ow ▁came ▁up ▁with ▁a ▁pancake ▁dig ▁and ▁E ason ▁killed ▁it ▁on ▁a ▁set ▁from ▁Jackie ▁Russell ▁giving ▁CL U ▁a ▁ 1 5 - 9 ▁lead , ▁forcing ▁CU ▁head ▁coach ▁Mary ▁Cahill ▁to ▁use ▁a ▁timeout . ▁While ▁the ▁Panthers ▁broke ▁the"
engineer,593,". ▁The ▁disk ▁in ▁the ▁center ▁is ▁a ▁mask ▁that ▁blocks ▁out ▁direct ▁sunlight . 

 By ▁Richard ▁Sten ger 
 CNN ▁Interactive ▁Staff ▁Writer 

 March ▁ 1 , ▁ 2 0 0 0 
 Web ▁posted ▁at : ▁ 3 : 2 4 ▁p . m . ▁EST ▁( 2 0 2 4 ▁GMT ) 

 ( CNN ) ▁-- ▁The ▁sun ▁should ▁place ▁the ▁Earth ▁squarely ▁in ▁its 
 sights ▁this ▁week ▁as ▁it ▁aims ▁its ▁solar ▁ray ▁gun . ▁Astronom ers 
 tell ▁terrestrial ▁dwellers ▁not ▁to ▁sweat ▁it ▁too ▁much , ▁despite 
 the ▁fact ▁that ▁solar ▁activity ▁is ▁approaching ▁an ▁ 1 1 - year ▁peak . 

 Two ▁large ▁sun spots ▁moving ▁across ▁the ▁surface ▁of ▁the ▁sun ▁are 
"
engineer,593,"treatment ▁▁▁▁▁▁▁▁▁ is ▁▁▁ a 

 sub sequent ▁▁▁▁▁ tort ▁▁▁▁ for ▁▁▁▁▁ which ▁▁▁▁▁▁▁▁▁▁ both ▁▁▁ the ▁▁▁ doctor ▁▁▁▁ and ▁▁▁▁ the ▁▁▁▁▁ original 

 tort feas or ▁are ▁jointly ▁liable .” ▁( internal ▁citations ▁omitted )). 

 In ▁any ▁event , ▁the ▁harm ▁brought ▁about ▁by ▁the ▁November ▁ 6 ▁incident 

 was ▁not ▁so ▁different ▁from ▁the ▁type ▁of ▁harm ▁that ▁is ▁likely ▁to 

 result ▁from ▁an ▁ 8 6 - year - old ▁man ’ s ▁fall ▁from ▁a ▁piece ▁of ▁exercise 

 equipment , ▁even ▁assuming , ▁as ▁Mrs . ▁La Clair ▁would ▁have ▁us ▁do , ▁that 

 a ▁▁▁ severe ▁▁▁▁ spinal ▁▁▁▁▁▁▁▁ cord ▁▁▁▁▁▁▁▁ injury ▁▁▁▁▁▁▁ res ulted ▁▁▁▁▁▁ from ▁▁▁▁ Mr . ▁▁▁▁▁ La Clair ’"
engineer,593,"▁husband ▁Mark , ▁ 4 1 , ▁already ▁do ▁all ▁they ▁can ▁to ▁keep ▁their ▁astronomical ▁bills ▁down . 

 Alison , ▁who ▁has ▁an ▁ 1 8 - month - old ▁son , ▁Jake , ▁said ▁of ▁Mass ara : ▁“ We ▁can ’ t ▁afford ▁to ▁be ▁f lipp ant ▁with ▁our ▁money ▁and ▁I ▁think ▁he ▁has ▁been ▁very ▁f lipp ant ▁with ▁his ▁comments . 

 “ These ▁people ▁are ▁obviously ▁completely ▁out ▁of ▁touch ▁with ▁people ▁such ▁as ▁myself . 

 “ ▁I ▁would ▁love ▁to ▁know ▁the ▁last ▁time ▁they ▁personally ▁sat ▁down ▁and ▁consulted ▁single ▁parents , ▁young ▁families ▁and ▁pensioners ▁over ▁their ▁needs ▁and ▁struggles . 

 “ They ▁are ▁misguided ▁and ▁he ▁has ▁obviously ▁lost ▁touch ▁with ▁the"
engineer,593,"▁current ▁person ' s ▁name ▁is ▁equal ▁to ▁an me 
 ▁▁▁▁▁▁▁▁▁▁▁▁ result . add ( p . getNumber ()); ▁// ▁add ▁the ▁person ' s ▁phone ▁number 
 ▁▁▁▁▁▁▁▁ } 
 ▁▁▁▁ } 
 ▁▁▁▁ return ▁result ▁; 
 } ▁ 

 Also ▁I ▁noticed ▁that ▁you ▁have ▁an ▁attribute ▁Phone book ▁in ▁your ▁Person ▁class . ▁It ▁is ▁just ▁an ▁array ▁of ▁Strings ▁but ▁I ▁think ▁it ▁is ▁better ▁if ▁you ▁change ▁it ▁to ▁an ▁array ▁of ▁Phone book ▁so ▁that ▁you ▁can ▁make ▁use ▁of ▁your ▁class ▁Phone book . ▁This ▁will ▁be ▁your ▁new ▁Person ▁class . 
 package ▁problem 9 4 _ phone book ; 
 import ▁java . util . ArrayList ; 
 import ▁Phone book ; 

 public ▁class ▁Person"
engineer,593,"/ 3 0   inch ▁barrels ▁and ▁open ▁cho kes . ▁The ▁event ▁is ▁in ▁part ▁meant ▁to ▁simulate ▁the ▁action ▁of ▁bird ▁hunting . ▁The ▁shooter ▁shoots ▁from ▁eight ▁positions ▁on ▁a ▁semicirc le ▁with ▁a ▁radius ▁of ▁, ▁and ▁an ▁ 8 th ▁position ▁halfway ▁between ▁stations ▁ 1 ▁and ▁ 7 . ▁There ▁are ▁two ▁houses ▁that ▁hold ▁devices ▁known ▁as ▁"" tra ps "" ▁that ▁launch ▁the ▁targets , ▁one ▁at ▁each ▁corner ▁of ▁the ▁semicirc le . ▁Ske et ▁shooting ▁began ▁in ▁Andover , ▁Massachusetts ▁in ▁ 1 9 1 5 , ▁when ▁grouse ▁hunter ▁Charles ▁Davis ▁invented ▁a ▁game ▁he ▁called ▁"" shooting ▁around ▁the ▁clock "" ▁to ▁improve ▁his ▁wings hooting . 1 9 1 5 ▁Single - side band"
engineer,593,"power ▁for ▁hours . 

 Solar ▁activity ▁generally ▁wax es ▁and ▁wan es ▁during ▁an ▁ 1 1 - year 
 cycle ▁and ▁astronomers ▁expect ▁it ▁to ▁peak ▁either ▁this ▁or ▁next 
 year . ▁But ▁so ▁far , ▁the ▁sun ▁has ▁produced ▁only ▁a ▁"" dis appointing "" 
 level ▁of ▁fireworks , ▁said ▁Joseph ▁Gur man , ▁a ▁solar ▁physicist ▁who 
 analy zes ▁data ▁from ▁the ▁Solar ▁and ▁Helios pheric ▁Observatory . 

 Cor onal ▁mass ▁e jections ▁are ▁much ▁more ▁likely ▁to ▁produce 
 effects , ▁Gur man ▁said . ▁Like ▁flares , ▁they ▁send ▁streams ▁of ▁highly 
 charged ▁particles , ▁but ▁they ▁also ▁can ▁emit ▁a ▁billion ▁tons ▁of 
 plasma , ▁or ▁ionized ▁gas . 

 Fortunately ▁the ▁Earth '"
engineer,593,"▁the ▁festival ▁are ▁September 
 1 3 ▁- ▁ 2 2 , ▁ 2 0 0 2 . 
 You ▁can ▁view ▁an ▁ 8 ▁x ▁ 1 0 ▁flyer ▁here : 
 http :// www . long beach film festival . com / poster . html 
 A ▁ 2 0 % ▁discount ▁has ▁been ▁set ▁up ▁for ▁students ▁and ▁independent ▁filmmakers . ▁The 
 disc ounted ▁submission ▁prices ▁are ▁as ▁follows : 
 ORIGINAL ▁PRICE ▁DIS COUNT ED ▁PRICE 
 Short ▁Film ▁$ 4 5 ▁$ 3 6 
 Feature ▁Film ▁$ 6 0 ▁$ 4 8 
 Screen play ▁$ 5 0 ▁$ 4 0 
 To ▁take ▁advantage ▁of ▁these ▁discounted ▁prices , ▁simply ▁include ▁a ▁printout ▁of ▁this 
 email ▁with ▁the"
engineer,593,"7 ▁million ▁in ▁the ▁fiscal ▁year ▁that ▁ended ▁June ▁ 3 0 , ▁to ▁$ 3 4 5 . 6 ▁million . 

 But ▁all ▁of ▁that ▁increase , ▁and ▁more , ▁went ▁into ▁a ▁new ▁fund ▁for ▁early ▁childhood ▁education . ▁The ▁fund ▁received ▁$ 7 4 ▁million , ▁nearly ▁all ▁the ▁revenue ▁from ▁an ▁ 8 2 - cent ▁per ▁pack ▁increase ▁approved ▁by ▁voters . 

 It ▁means ▁that ▁other ▁state ▁funds ▁and ▁programs ▁that ▁get ▁tobacco ▁tax ▁revenue , ▁including ▁the ▁state ' s ▁program ▁to ▁help ▁people ▁stop ▁smoking ▁and ▁other ▁health - care ▁funds , ▁have ▁gotten ▁less ▁money . 

 And ▁the ▁end ▁of ▁the ▁decline ▁is ▁not ▁yet ▁in ▁sight , ▁said ▁Kevin ▁McCarthy , ▁president ▁of ▁the ▁Arizona"
engineer,593,". ▁Tro opers ▁are ▁investigating ▁an ▁incident ▁that ▁took ▁place ▁on ▁Milton ▁Way ▁in ▁Al bri ghts ville . ▁Tro opers ▁listed ▁the ▁victim ▁as ▁an ▁ 1 8 - year - old ▁Bla kes lee ▁man . ▁Arrested ▁were ▁Christopher ▁Pet rides , ▁ 2 0 , ▁and ▁Elizabeth ▁Jones , ▁ 1 8 , ▁both ▁of ▁Effort . 

 Anyone ▁with ▁information ▁concerning ▁this ▁incident ▁is ▁asked ▁to ▁call ▁troopers ▁at ▁ 5 7 0 - 6 4 6 - 2 2 7 1 . 

 • ▁On ▁Jan . ▁ 3 1 ▁at ▁ 6 : 4 9 ▁p . m . ▁troopers ▁were ▁dispatched ▁to ▁the ▁ 6 4 0 0 ▁block ▁of ▁Country ▁Acres ▁Court ▁in ▁Effort , ▁Monroe ▁County , ▁for"
engineer,593,"▁euth an ized ▁an ▁ 1 8 - month - old ▁giraffe ▁named ▁Marius ▁and ▁fed ▁it ▁to ▁lions ▁in ▁front ▁of ▁visitors , ▁the ▁same ▁wildlife ▁park ▁has ▁killed ▁four ▁more ▁of ▁its ▁animals . 

 According ▁to ▁the ▁Agence ▁France - Presse , ▁the ▁Copenhagen ▁Zoo ▁euth an ized ▁four ▁lions , ▁including ▁two ▁cubs , ▁on ▁Monday ▁in ▁order ▁to ▁make ▁room ▁for ▁a ▁new ▁male ▁in ▁the ▁habitat . 

 "" Because ▁of ▁the ▁pride ▁of ▁lions ' ▁natural ▁structure ▁and ▁behavior , ▁the ▁zoo ▁has ▁had ▁to ▁euth an ize ▁the ▁two ▁old ▁lions ▁and ▁two ▁young ▁lions ▁who ▁were ▁not ▁old ▁enough ▁to ▁fend ▁for ▁themselves ,"" ▁the ▁zoo ▁said ▁in ▁a ▁statement ▁provided ▁to ▁the ▁agency ."" <bos> Bob ▁Pul"
engineer,593,"▁electronic ▁states ▁near ▁the ▁Fermi ▁level ▁( FL ), ▁which ▁may ▁play ▁an ▁essential ▁role ▁in ▁determining ▁the ▁surface ▁conductivity ▁\[ [@ B 1 6 ], [@ B 1 7 ] \] . 

 Methods 
 ======= 

 The ▁calculations ▁are ▁conducted ▁in ▁the ▁framework ▁of ▁the ▁DFT ▁method ▁by ▁DM ol ^ 3 ^ ▁codes ▁\[ [@ B 1 8 ] \] . ▁We ▁use ▁the ▁Per dew - Burke - Ern zer hof ▁generalized ▁gradient ▁approximation ▁\[ [@ B 1 9 ] \] . ▁A ▁double ▁numeric ▁basis ▁set ▁including ▁* d *- polar ization ▁function , ▁all ▁electron ▁treatment , ▁and ▁an ▁ 8  ×  2  ×  1 ▁Monk horst - Pack ▁* k -* point ▁mesh ▁for ▁the ▁Brill ouin ▁zone ▁sampling ▁\["
engineer,593,"Patient ▁ 1 ( individual ▁II : 1 ) ▁is ▁an ▁ 1 8 - month ▁old ▁Pakistani ▁female ▁affected ▁with ▁bilateral ▁dense ▁central ▁congenital ▁cataract ▁( Fig .   [ 1 a , ](# Fig 1 ){ ref - type ="" fig ""} ▁Table ▁[ 1 ](# Tab 1 ){ ref - type ="" table ""}) ▁which ▁were ▁visually ▁significant ▁and ▁required ▁extraction ▁at ▁ 2   months ▁of ▁age , ▁mild ▁asymmetry ▁of ▁the ▁pal pe bral ▁fissures , ▁and ▁left ▁nas ola cri mal ▁duct ▁obstruction ; ▁her ▁development ▁is ▁normal ▁and ▁growth ▁parameters ▁are ▁generally ▁normal ▁with ▁the ▁exception ▁of ▁borderline ▁micro ceph aly ▁( length ▁ 8 3 . 8   cm , ▁ 7 5 -- 9 0 th ▁centi le"
engineer,593,"▁The ▁chamber ▁was ▁read ▁out ▁by ▁a ▁single ▁detector ▁board ▁referred ▁to ▁as ▁a ▁“ $\ mu $- PIC "", ▁preceded ▁by ▁a ▁GEM ▁for ▁extra ▁gas ▁gain . ▁The ▁$\ mu $- PIC ▁has ▁a ▁micro - well ▁gain ▁structure ▁produced ▁using ▁multi - layer ▁printed ▁circuit ▁board ▁technology . ▁It ▁is ▁read ▁out ▁on ▁two ▁orthogonal , ▁ 4 0 0 ▁micron - pitch ▁arrays ▁of ▁strips . ▁One ▁array ▁is ▁connected ▁to ▁the ▁central ▁anode ▁dots ▁of ▁the ▁micro - well ▁gain ▁structure , ▁and ▁the ▁other ▁array ▁to ▁the ▁surrounding ▁catho des . ▁The ▁strip ▁amplifiers ▁and ▁position ▁decoding ▁electronics ▁are ▁on - board ▁with ▁the ▁gain ▁structures ▁themselves , ▁using ▁an ▁ 8 ▁layer ▁PCB ▁structure . 

 The ▁detector ▁was ▁calibrated"
engineer,593,"▁and ▁control ▁subjects . ▁We ▁studied ▁ 3 4 ▁adults ▁with ▁moderate - to - severe ▁AD ▁( mean ▁SC OR AD ▁score , ▁ 6 5 ), ▁ 2 4 ▁patients ▁with ▁psoriasis ▁( mean ▁Ps oriasis ▁Area ▁and ▁Severity ▁Index ▁score , ▁ 1 6 ), ▁and ▁ 2 7 ▁healthy ▁subjects ▁using ▁an ▁ 1 1 - color ▁flow ▁cyto metric ▁antibody ▁panel . ▁Ig D / CD 2 7 ▁and ▁CD 2 4 / CD 3 8 ▁core ▁g ating ▁systems ▁were ▁used ▁to ▁determine ▁frequencies ▁of ▁plasma blasts ▁and ▁naive , ▁memory , ▁transitional , ▁and ▁activated ▁B ▁cells . ▁We ▁measured ▁increased ▁CD 1 9 (+) CD 2 0 (+) ▁B - cell ▁counts ▁in ▁the ▁skin ▁and ▁blood ▁of ▁patients"
engineer,593,"g }^{ 1 }$ ▁modes ▁due ▁to ▁their ▁larger ▁signal ▁level . ▁We ▁can ▁see ▁the ▁phonon ▁lifetimes ▁are ▁enhanced ▁as ▁the ▁temperature ▁drops ▁below ▁[ T $_{ C }$ ]{ }, ▁as ▁the ▁phase ▁space ▁for ▁phon ons ▁to ▁scatter ▁into ▁magnetic ▁excitations ▁is ▁dramatically ▁reduced [@ ul rich 2 0 1 5 spin ]. ▁This ▁further ▁confirms ▁the ▁spin - phon on ▁coupling . 

 To ▁further ▁uncover ▁the ▁spin - phon on ▁interaction , ▁we ▁first ▁remove ▁the ▁effect ▁of ▁the ▁standard ▁an harmonic ▁contributions ▁to ▁the ▁phonon ▁temperature ▁dependence . ▁In ▁a ▁standard ▁an harmonic ▁picture , ▁the ▁temperature ▁dependence ▁of ▁a ▁phonon ▁energy ▁and ▁linewidth ▁is ▁described ▁by : ▁$ $\ begin { aligned } 
 \ omega ( T )= &\"
engineer,593,"width ="" 4 8 . 0 0 0 0 0 % ""} ▁! [ image ]( plot / plot _ noisy _ peaks _ filtered _ more bins . pdf ){ width ="" 4 8 . 0 0 0 0 0 % ""} 

 We ▁show ▁the ▁PDF ▁and ▁peak ▁counts ▁of ▁the ▁reconstructed ▁$\ kappa $ ▁maps ▁in ▁Figs .   \[ fig : noisy PDF \] ▁and ▁\[ fig : nois yp k \] , ▁respectively . ▁The ▁left ▁panels ▁of ▁these ▁figures ▁show ▁the ▁results ▁using ▁maps ▁with ▁an ▁ 8 ▁arc min ▁Gaussian ▁smoothing ▁window . ▁We ▁further ▁consider ▁a ▁Wiener ▁filter , ▁which ▁is ▁often ▁used ▁to ▁filter ▁out ▁noise ▁based ▁on ▁some ▁known ▁information ▁in ▁a ▁signal ▁( i . e"
engineer,593,"▁oil . ▁There ▁are ▁a ▁large ▁number ▁of ▁colourful ▁markets , ▁with ▁original ▁handmade ▁goods , ▁boutique ▁clothing , ▁antiques ▁and ▁traditional ▁jewellery . 

 Turkey ▁is ▁famous ▁for ▁its ▁hospitality . ▁Ing rained ▁in ▁its ▁culture ▁and ▁its ▁businesses , ▁the ▁level ▁of ▁service ▁in ▁hotels ▁and ▁restaurants ▁is ▁unparalleled . ▁Locals ▁are ▁friendly ▁and ▁welcoming , ▁and ▁the ▁low ▁crime ▁rate ▁and ▁respect ▁for ▁foreigners ▁make ▁this ▁a ▁safe ▁and ▁ideal ▁area . 

 Hosting ▁a ▁wedding ▁in ▁Turkey ▁is ▁an ▁excellent ▁opportunity ▁to ▁save ▁on ▁flight ▁costs ▁and ▁get ▁an ▁all ▁inclusive ▁wedding ▁package ▁with ▁a ▁honeymoon . ▁A ▁large ▁number ▁of ▁direct ▁flights ▁from ▁numerous ▁UK ▁airports ▁are ▁available ▁at ▁reasonable ▁prices . ▁The ▁visa ▁system ▁is ▁simple , ▁it ▁can ▁be ▁bought"
engineer,593,"▁in ▁a ▁perpetual ▁state ▁of ▁blah . 

 The ▁only ▁states ▁in ▁which ▁consumers ▁should ▁be ▁feeling ▁any ▁better ▁are ▁those ▁where ▁marijuana ▁has ▁been ▁legalized . 

 My ▁favorite ▁joke ▁of ▁the ▁week ▁is ▁Obama ▁asking ▁for ▁an ▁end ▁to ▁the ▁US ▁debt ▁ceiling . ▁With ▁the ▁Fed ▁already ▁having ▁created ▁$ 3 ▁trillion ▁in ▁an ▁alternate ▁currency ▁to ▁buy ▁its ▁quantitative - easing ▁bonds , ▁the ▁idea ▁of ▁also ▁giving ▁Washington ▁a ▁blank ▁check ▁on ▁spending ▁is ▁pretty ▁hilarious . 

 I ▁wonder ▁how ▁hard ▁our ▁kids ▁will ▁be ▁laughing ▁ 1 0 ▁or ▁ 2 0 ▁years ▁from ▁now ▁when ▁they ▁endure ▁the ▁ 1 9 2 0 s ▁German ▁experience ▁of ▁having ▁to ▁cart ▁wheel bar rows ▁full ▁of ▁currency ▁to ▁the ▁supermarket"
engineer,593,"▁is ▁an ▁$ EIS _{\ mathcal { B }}$ ▁sequence ▁if ▁and ▁only ▁if ▁$\{\ lambda _ n \}$ ▁is ▁an ▁$ AIS _{\ mathcal { B }}$. 

 If ▁a ▁sequence ▁is ▁an ▁$ EIS _{\ mathcal { B }}$, ▁then ▁it ▁is ▁trivi ally ▁$ AIS _{\ mathcal { B }}$, ▁for ▁given ▁$\ varepsilon ▁> ▁ 0 $ ▁we ▁may ▁take ▁$ G _{ N , ▁a } ▁= ▁\ frac { f _{ N , ▁a }}{( 1 ▁+ ▁\ varepsilon )}$. 

 For ▁the ▁other ▁direction , ▁suppose ▁$\{\ lambda _ n \}$ ▁is ▁an ▁$ AIS _{\ mathcal { B }}$ ▁sequence . ▁Let ▁$\ varepsilon ▁> ▁ 0 $ ▁be ▁given ▁and ▁let ▁$\ varepsilon ^\ prime ▁< ▁\ frac"
engineer,593,"▁▁▁▁ with ▁specified ▁attached ▁primes 
 --- 

 Introduction 
 ============ 

 Throughout ▁$( R ,{\ mathfrak { m } })$ ▁is ▁a ▁commutative ▁No ether ian ▁local ▁ring ▁with ▁maximal ▁ideal ▁${\ mathfrak { m }}$, ▁$ M $ ▁is ▁a ▁non - zero ▁finite ▁( i . e . ▁finitely ▁generated ) ▁$ R $ – module ▁with ▁positive ▁Kru ll ▁dimension ▁$ n := {\ mbox { dim }\, }_ R ( M )$ ▁and ▁${\ mathfrak { a }}$ ▁denotes ▁an ▁ideal ▁of ▁$ R $. ▁Recall ▁that ▁for ▁an ▁$ R $ – module ▁$ N $, ▁a ▁prime ▁ideal ▁${\ mathfrak { p }}$ ▁of ▁$ R $ ▁is ▁said ▁to ▁be ▁an ▁[* attached ▁prime *] {} ▁of ▁$ N"
engineer,593,"▁December ▁two ▁to ▁ 1 2 ▁only ▁reflected ▁the ▁'' pertur bed ▁mindset '' ▁of ▁the ▁Congress ▁leadership . 

 Examination ▁dates ▁could ▁always ▁be ▁changed ▁to ▁suit ▁the ▁interests ▁of ▁the ▁students ▁and ▁the ▁people ▁of ▁the ▁state , ▁he ▁said . 

 The ▁BJP ▁leader ▁the ▁party ▁had ▁lodged ▁a ▁complaint ▁with ▁the ▁EC ▁for ▁getting ▁a ▁few ▁deputy ▁commissioners , ▁SP s ▁and ▁some ▁other ▁key ▁state ▁government ▁officials , ▁who ▁were ▁working ▁as ▁sto oges ▁of ▁the ▁ruling ▁party , ▁transferred . 

 The ▁party ▁was ▁keeping ▁an ▁eye ▁on ▁the ▁officers ▁who ▁were ▁over ▁enthusiastic ally ▁involved ▁in ▁preparing ▁the ▁Congress ▁manifesto ▁or ▁working ▁towards ▁the ▁postpon ment ▁of ▁elections , ▁he ▁said . 

 He ▁cautioned ▁administr ativ r ▁officers ▁to"
engineer,593,"▁Is ata ▁Ma hoi ▁who ▁plays ▁M amy ▁Sa io , ▁also ▁work ▁as ▁programme ▁editors . 

 Format 
 The ▁show ▁is ▁broadcast ▁weekly , ▁from ▁Monday ▁to ▁Friday , ▁on ▁ 2 1 ▁radio ▁stations ▁within ▁Sierra ▁Leone ▁and ▁on ▁the ▁Internet ▁in ▁an ▁MP 3 ▁format . ▁Old ▁episodes ▁of ▁the ▁show ▁following ▁from ▁programme ▁ 8 5 0 ▁are ▁also ▁available ▁on ▁the ▁Internet . ▁The ▁show ▁is ▁ 1 5 ▁minutes ▁in ▁length ▁when ▁its ▁theme ▁tune ▁is ▁included ▁and ▁is ▁usually ▁broadcast ▁on ▁an ▁evening ▁prime - time ▁slot ▁at ▁ 1 7 : 4 5 , ▁GMT . ▁▁ A ▁ 3 0 - minute ▁summary ▁of ▁the ▁show ▁is ▁also ▁broadcast ▁during ▁the ▁weekend . 

 See ▁also 
"
engineer,593,"▁SR ▁ 6 0 ▁at ▁Exit ▁ 1 0 ▁in ▁Indiana ▁was ▁formerly ▁known ▁as ▁Indiana ▁State ▁Road ▁ 2 6 5 . ▁It ▁was ▁changed ▁in ▁June ▁ 2 0 1 9 ▁to ▁an ▁Interstate ▁under ▁approval ▁by ▁A ASH TO . 

 Studies ▁have ▁also ▁been ▁conducted ▁for ▁the ▁re configuration ▁of ▁the ▁I - 2 6 5 ▁and ▁I - 6 4 ▁interchange . ▁It ▁is ▁currently ▁an ▁under powered ▁clover leaf ▁with ▁no ▁collector – distributor ▁lanes , ▁a ▁relic ▁of ▁the ▁original ▁Jefferson ▁Freeway . 

 In ▁late ▁ 2 0 0 5 , ▁members ▁of ▁the ▁Louisville ▁Metro ▁Council ▁proposed ▁a ▁committee ▁to ▁begin ▁planning ▁a ▁western ▁bridge ▁to ▁link ▁the ▁southwestern ▁end ▁of ▁the ▁highway ▁in ▁Kentucky ▁to ▁Indiana ."
engineer,593,"su ant ▁to ▁United ▁States ▁v . ▁C ronic , ▁ 4 6 6 ▁U . S . ▁ 6 4 8 ▁( 1 9 8 4 ), ▁prejudice ▁can ▁be 

 pres umed ▁on ▁collateral ▁review . 


 ▁▁▁▁▁▁▁▁▁▁▁▁▁▁▁▁▁▁▁▁▁▁▁▁▁▁▁▁▁▁▁ ▁▁▁▁▁▁ - ▁ 1 0 ▁- 
  J - S 5 5 0 3 0 - 1 8 


 ▁▁▁▁▁▁ The ▁Pou ▁Court ▁relied ▁on ▁Weaver ▁v . ▁Massachusetts , ▁ 1 3 7 ▁S . Ct . ▁ 1 8 9 9 

 ( 2 0 1 7 ), ▁in ▁which ▁the ▁United ▁States ▁Supreme ▁Court ▁explained ▁that ▁an ▁error ▁that 

 would ▁invalidate ▁a ▁conviction ▁on ▁direct ▁appeal ▁need ▁not ▁necessarily ▁do ▁so ▁on 

 coll ateral ▁review . ▁In ▁Weaver , ▁the ▁defendant"
engineer,593,"▁to ▁fully ▁respect ▁and ▁accept ▁each ▁other ’ s ▁religion . ▁We ▁must ▁be ▁able ▁to ▁say , ▁“ I ▁love ▁you ▁and ▁I ▁want ▁to ▁be ▁a ▁part ▁of ▁anything ▁that ▁is ▁important ▁to ▁you . ▁Teach ▁me ▁about ▁your ▁beliefs . ▁I ’ ll ▁listen ▁with ▁an ▁open ▁heart ▁and ▁only ▁ask ▁questions ▁to ▁clarify ▁things .” ▁I ▁would ▁like ▁J ▁to ▁take ▁lessons ▁from ▁the ▁missionaries , ▁and ▁if / when ▁he ▁joins ▁a ▁church ▁in ▁his ▁new ▁city , ▁I ’ ll ▁participate ▁in ▁the ▁new ▁member ▁class . ▁J ▁and ▁I ▁aren ’ t ▁to ▁this ▁point ▁yet , ▁but ▁I ▁believe ▁that ▁once ▁we ▁are , ▁the ▁issues ▁around ▁raising ▁children ▁in ▁an ▁inter faith ▁marriage ▁will ▁diminish ▁greatly . 

"
engineer,593,". 
 The ▁curves ▁in ▁FIG . ▁ 5 ▁are ▁plotted ▁with ▁an ▁angle ▁. alpha . ▁( which ▁is ▁the ▁angle ▁between ▁the ▁principal ▁ray ▁of ▁the ▁light ▁beam ▁applied ▁to ▁the ▁rotating ▁polygon ▁and ▁the ▁optical ▁axis ▁of ▁the ▁second ▁focusing ▁optical ▁system ) ▁being ▁ 9 0 . degree . ▁and ▁the ▁radius ▁R ▁of ▁a ▁circle ▁inscribed ▁in ▁the ▁rotating ▁polygon ▁ 3 ▁being ▁used ▁as ▁a ▁parameter . ▁In ▁FIG . ▁ 6 , ▁the ▁curves ▁are ▁plotted ▁with ▁the ▁radius ▁R ▁of ▁the ▁inscribed ▁circle ▁being ▁ 4 0 ▁mm ▁and ▁the ▁angle ▁. alpha . ▁being ▁used ▁as ▁a ▁parameter . 
 As ▁can ▁be ▁seen ▁from ▁FIG S . ▁ 5 ▁and ▁ 6 , ▁. DELTA . X"
engineer,593,"▁Pin ellas ▁County . ▁Appellant ▁filed ▁timely ▁notices ▁of ▁appeal ▁which ▁have ▁been ▁consolidated ▁for ▁purposes ▁of ▁appeal . 
 We ▁reject ▁appellant ' s ▁contention ▁that ▁we ▁must ▁remand ▁for ▁resent encing ▁because ▁there ▁is ▁no ▁scores heet ▁in ▁the ▁record . ▁Appellant ' s ▁sentences ▁were ▁entered ▁pursuant ▁to ▁an ▁agreement ▁with ▁the ▁trial ▁court . ▁See ▁Lawson ▁v . ▁State , ▁ 4 9 7 ▁So . 2 d ▁ 2 8 8 ▁( Fla . ▁ 1 st ▁DCA ▁ 1 9 8 6 ); ▁Rowe ▁v . ▁State , ▁ 4 9 6 ▁So . 2 d ▁ 8 5 7 ▁( Fla . ▁ 2 d ▁DCA ▁ 1 9 8 6 ), ▁petition ▁for ▁review ▁granted , ▁No . ▁"
engineer,593,"oning , ▁at ▁least ▁to ▁save ▁public ▁face . 

 He ▁wrote ▁another ▁great ▁article ▁a ▁bit ▁after ▁that ▁about ▁how ▁the ▁myth ▁blacks ▁push ▁about ▁“ af ric ans ▁not ▁knowing ▁how ▁cruel ▁the ▁slave ▁trade ▁was ▁to ▁their ▁fellow ▁afric ans ” ▁as ▁joke ▁given ▁that ▁the ▁children ▁of ▁African ▁chiefs ▁would ▁ride ▁aboard ▁these ▁ships ▁to ▁get ▁an ▁education ▁in ▁europe . ▁And ▁not ▁in ▁the ▁cargo ▁section , ▁like ▁the ▁rest ▁of ▁the ▁slaves . ▁And ▁they ▁had ▁to ▁have ▁seen ▁the ▁poor ▁treatment . 

 Gates ▁does ▁this ▁as ▁if ▁to ▁say , ▁“ I ’ m ▁not ▁a ▁Black ▁Rac ist ▁after ▁all !” 

 But ▁I ▁guess ▁whites ▁have ▁to ▁be ▁happy ▁anytime ▁Blacks ▁“ throw ▁us ▁a ▁bone ”."
engineer,593,"im temperature ] ▁further ▁improves ▁security . 

 Code ▁Selection ▁{# subsec : codes election } 
 -------------- 

 Consider ▁the ▁scenario ▁where ▁secret ▁keys ▁are ▁used ▁as ▁an ▁input ▁to ▁the ▁advanced ▁encryption ▁standard ▁( AES ), ▁a ▁symmetric - key ▁cry ptos ystem , ▁with ▁a ▁key ▁size ▁of ▁$ 1 2 8 $ ▁bits , ▁so ▁the ▁code ▁dimension ▁of ▁the ▁ECC ▁should ▁be ▁at ▁least ▁$ 1 2 8 $ ▁bits . ▁The ▁maximum ▁error ▁probability ▁over ▁the ▁transform ▁coefficients ▁of ▁the ▁ST ▁is ▁$ p _{\ text { max }}= 0 . 0 1 4 9 $, ▁as ▁shown ▁in ▁Fig .   \[ fig : BER Comparisons of Trans \] . ▁Furthermore , ▁assume ▁that ▁we ▁use ▁an ▁ECC ▁with ▁a"
engineer,593,"- type ="" disp - formula ""} ▁we ▁now ▁detail ▁one ▁such ▁process ▁for ▁the ▁example ▁of ▁a ▁spin - 1 / 2 ▁particle ▁( qu bit ), ▁see ▁illustration ▁in ▁[ Fig . ▁ 2 b , c ](# f 2 ){ ref - type ="" fig "" }. ▁This ▁process ▁consists ▁of ▁a ▁unitary ▁evolution , ▁a ▁quasi - static ▁evolution ▁and ▁a ▁quench [@ b 2 5 ], ▁and ▁it ▁is ▁optimal ▁for ▁any ▁finite ▁dimensional ▁quantum ▁system ▁( proof ▁in ▁the ▁Methods ▁Summary ). ▁An ▁experimental ist , ▁Emmy , ▁prepares ▁the ▁spin ▁in ▁a ▁state ▁( ▁w . l . o . g .) ▁exposed ▁to ▁an ▁external ▁magnetic ▁field ▁which ▁she ▁controls . ▁The ▁Hamiltonian ▁associated ▁with ▁the ▁system ▁is ▁where"
engineer,593,"▁parties ▁both ▁consider ▁that ▁the ▁sequence ▁is ▁valid , ▁it ▁is ▁considered ▁that ▁sequence ▁identification ▁succeeds ▁once . ▁After ▁the ▁sequence ▁identification ▁succeeds ▁for ▁multiple ▁times ▁according ▁to ▁an ▁interaction ▁rule , ▁it ▁is ▁determined ▁that ▁a ▁touch ▁screen ▁terminal ▁approaches . ▁After ▁the ▁proximity ▁detection ▁succeeds , ▁an ▁interference ▁source ▁is ▁turned ▁off , ▁and ▁the ▁data ▁transmission ▁process ▁is ▁started ▁to ▁send ▁or ▁receive ▁data . ▁During ▁the ▁proximity ▁detection , ▁the ▁interference ▁source ▁such ▁as ▁an ▁LCD ▁is ▁not ▁turned ▁off , ▁there ▁is ▁a ▁relatively ▁big ▁difficulty ▁to ▁correctly ▁determine ▁a ▁frequency ▁of ▁the ▁sequence , ▁and ▁setting ▁of ▁a ▁signal ▁strength ▁threshold ▁plays ▁a ▁particularly ▁important ▁role ▁in ▁determining ▁of ▁a ▁signal . ▁Therefore , ▁it ▁appears ▁to ▁be ▁particularly ▁important ▁to"
engineer,593,"▁and ▁every ▁$ c \ in {\ mathbb ▁Q }_ + ^* $, ▁we ▁have ▁$ $\ operatorname { in }(\ J (\ dd ^ c )) ▁\ sup seteq ▁\ J (\ operatorname { in }(\ dd )^ c ). $$ 

 Consider ▁the ▁family ▁$\ pi ▁: ▁\ MM ▁= ▁\ A ^ n ▁\ times ▁T ▁\ to ▁T $, ▁with ▁$ T ▁= ▁\ A ^ 1 $, ▁and ▁the ▁ideal ▁$\ DDD \ subset \ O _{\ MM }$ ▁corresponding ▁to ▁the ▁degeneration ▁of ▁$\ dd $ ▁described ▁above . ▁If ▁$ U $ ▁is ▁the ▁complement ▁of ▁the ▁origin ▁in ▁$ T $, ▁then ▁there ▁is ▁an ▁isomorphism ▁$$ (\ pi ^{- 1 }( U ), ▁\ DDD \ vert _{\"
engineer,593,"▁$ d $ ▁[@ bfs ▁( Blair ▁, ▁ 2 0 0 0 )] ▁is ▁shown ▁by ▁an ▁asterisk , ▁and ▁the ▁upward ▁arrow ▁above ▁indicates ▁the ▁un absorbed ▁optical ▁luminosity : ▁it ▁is ▁the ▁lower ▁estimate ▁because ▁only ▁Galactic ▁absorption ▁was ▁taken ▁into ▁account , ▁$ A _ V ▁= 
 1 { ^{\ rm ▁m }\ !\!\ ! .\ ,} 1 4 $ ▁according ▁to ▁[@ sch legel _ abs ]. ▁Das hed ▁line ▁represents ▁the ▁best - fit ▁black body ▁from ▁our ▁CLOUD Y ▁fitting . ▁Thin ▁solid ▁lines ▁are ▁MCD ▁models ▁for ▁acc ret ing ▁IM BH s ▁with ▁infinite ▁outer ▁disk ▁radii . ▁Mass ▁accretion ▁rate ▁was ▁set ▁everywhere ▁to ▁$ 0 . 0 1 ▁\ dot { M }_{ cr }$."
engineer,593,"Gene Atlas ▁Hy bridization , ▁Wash , ▁and ▁Stain ▁Kit ▁for ▁WT ▁Array ▁Strips , ▁Aff y met rix ), ▁of ▁which ▁ 1 2 0 ▁µ l ▁were ▁hybridi zed ▁on ▁array ▁strips ▁for ▁ 2 0 ▁h ▁at ▁ 4 8 ° C . ▁Standard ▁post ▁hybridization ▁wash ▁and ▁double - stain ▁protocols ▁( Gene Atlas ▁Hy bridization , ▁Wash , ▁and ▁Stain ▁Kit ▁for ▁WT ▁Array ▁Strips , ▁Aff y met rix ) ▁were ▁used ▁on ▁an ▁Aff y met rix ▁Gene Atlas ▁system , ▁followed ▁by ▁scanning ▁of ▁the ▁array ▁strips . 

 Micro array ▁data ▁analysis ▁{# s 4 i } 
 ---------------- -------- 

 The ▁ 1 2 ▁scanned ▁arrays ▁were ▁analyzed ▁first ▁with ▁Aff y met rix ▁Expression ▁Console ▁software"
engineer,593,"▁the ▁sufficiency ▁or ▁weight ▁of ▁the ▁evidence . ▁The ▁difference ▁between ▁them ▁is ▁as ▁to ▁the ▁application ▁of ▁those ▁principles ▁to ▁the ▁evidence ▁in ▁this ▁case , ▁each ▁arguing ▁for ▁his ▁[ its ] ▁side ▁of ▁the ▁issue , ▁without ▁reference ▁to ▁any ▁precedent ▁in ▁which ▁the ▁evidence ▁was ▁similar ▁or ▁the ▁circumstances ▁comparable . 
 In ▁most ▁cases ▁in ▁which ▁there ▁is ▁a ▁serious ▁dispute ▁as ▁to ▁the ▁sufficiency ▁of ▁the ▁evidence ▁to ▁support ▁a ▁guilty ▁verdict , ▁there ▁is ▁a ▁sharp ▁conflict ▁in ▁the ▁evidence ▁as ▁to ▁material ▁facts , ▁some ▁of ▁the ▁witnesses ▁swearing ▁one ▁way ▁and ▁others ▁another . ▁In ▁such ▁cases , ▁the ▁task ▁of ▁an ▁appellate ▁court ▁is ▁generally ▁easier ▁than ▁otherwise , ▁for ▁it ▁can ▁then ▁lean ▁more ▁comfortably ▁upon"
engineer,593,"- protective ▁ventilation \"" ▁with ▁low ▁tidal ▁volumes ▁( under ▁ 1 0 ▁ml / kg ) ▁and ▁P EEP ▁optimization ▁reduces ▁ventilation - induced ▁injuries . ▁[@ pone . 0 1 1 4 2 4 7 - No authors 1 ] 

 However , ▁ventilation ▁with ▁low ▁tidal ▁volumes ▁may ▁result ▁in ▁the ▁appearance ▁of ▁an ▁inflammatory ▁response ▁pattern ▁in ▁the ▁lung . ▁In ▁rats ▁ventilated ▁with ▁low ▁pressures ▁( 1 2 ▁cm H ~ 2 ~ O ) ▁and ▁ 4 ▁cm H ~ 2 ~ O ▁P EEP ▁during ▁ 4 ▁hours , ▁increased ▁activity ▁of ▁myel oper oxidase ▁and ▁macrophage ▁inflammatory ▁protein - 2 ▁and ▁interleukin - 6 ▁has ▁been ▁reported . ▁[@ pone . 0 1 1 4 2 4 7 -"
engineer,593,"▁go ▁on ▁as ▁scheduled ▁Thursday ."" <bos> This ▁application ▁is ▁based ▁upon ▁and ▁claims ▁the ▁benefit ▁of ▁priority ▁from ▁the ▁prior ▁Japanese ▁Patent ▁Application ▁No . ▁ 2 0 0 0 - 1 5 9 1 6 3 , ▁filed ▁Mar . ▁ 3 1 , ▁ 2 0 0 0 , ▁the ▁entire ▁contents ▁of ▁which ▁are ▁incorporated ▁herein ▁by ▁reference . 
 The ▁present ▁invention ▁relates ▁to ▁a ▁method ▁of ▁forming ▁a ▁composite ▁member , ▁in ▁which ▁a ▁conductive ▁portion ▁is ▁formed ▁in ▁an ▁insulator , ▁the ▁composite ▁member ▁being ▁used ▁in , ▁for ▁example , ▁a ▁wiring ▁board ▁in ▁the ▁fields ▁of ▁electric ▁appliances , ▁electronic ▁appliances ▁and ▁electric ▁and ▁electronic ▁communication . ▁The ▁present ▁invention ▁also ▁relates ▁to ▁a ▁photos ensitive ▁composition ▁and"
engineer,593,"▁pol ysaccharides ; ▁ace mann an , ▁alo em annan , ▁alo er ide , ▁pec tic ▁acid , ▁gal act ans , ▁ara bin ans , ▁glu com ann ans ▁▁▁▁▁▁▁▁▁▁▁▁▁▁▁▁▁▁▁▁▁▁▁▁▁▁▁▁▁▁▁ ▁▁▁▁▁▁▁▁▁▁▁▁▁▁▁▁▁▁▁▁▁▁▁▁▁▁▁▁▁▁▁ ▁▁▁▁▁▁▁▁▁▁▁▁▁▁▁▁▁▁▁▁▁▁▁▁▁▁▁▁▁▁ average ▁ 2 , 0 0 0 , 0 0 0 ▁▁▁▁▁▁▁▁▁▁▁▁▁▁▁▁▁▁▁▁▁▁▁▁▁▁▁▁▁▁▁ ▁▁▁▁▁▁▁▁▁▁▁▁▁▁▁▁▁▁▁▁▁▁▁▁▁ man nose , ▁glucose , ▁gal actose , ▁arab inose , ▁xy lose , ▁r ham nose ▁▁▁▁▁▁▁▁▁▁▁▁▁▁▁▁▁▁▁▁▁▁▁▁▁▁▁▁▁▁▁ ▁▁▁▁▁▁▁▁▁▁▁▁▁▁▁▁▁▁▁▁▁▁▁▁▁▁▁▁▁▁▁ ▁▁▁▁▁▁▁▁▁▁ \[ [@ B 1 1 9 ], [@ B 1 2 0 ] \] 

 ▁▁▁▁▁▁▁▁▁▁▁▁▁▁▁▁▁▁▁▁▁▁▁▁▁▁▁▁▁▁▁ ▁▁▁▁▁▁▁▁▁▁▁▁▁▁▁▁▁▁▁▁▁▁▁▁▁▁▁▁▁▁▁ ▁▁▁▁▁▁▁▁▁▁▁▁▁▁▁▁▁▁▁▁▁▁▁▁▁▁▁▁▁▁▁ ▁▁▁▁▁▁▁▁▁▁▁▁▁▁▁▁▁▁▁▁▁▁▁▁▁▁▁▁▁▁▁ ▁▁▁▁▁▁▁▁▁▁▁▁▁▁▁▁▁▁▁▁▁▁▁▁▁▁▁▁▁▁▁ ▁▁▁▁▁▁▁▁▁▁▁▁▁▁▁▁▁▁▁▁▁▁▁▁▁▁▁▁▁▁▁ ▁▁▁▁▁▁▁▁▁▁▁▁▁▁▁▁▁▁▁▁▁▁▁▁▁▁▁▁▁▁▁ ▁▁▁▁▁▁▁▁▁▁▁▁▁▁▁▁▁▁▁▁▁▁▁▁▁▁▁▁▁▁▁ ▁▁▁▁▁▁▁▁▁▁▁▁▁▁▁▁▁▁▁▁▁▁▁▁▁▁▁▁▁▁▁ ▁▁▁▁▁▁▁▁▁▁▁▁▁▁▁▁▁▁▁▁▁▁▁▁▁▁▁▁▁▁▁ ▁▁▁▁▁▁▁▁▁▁▁▁▁▁▁▁▁▁▁▁▁▁▁▁▁▁▁▁▁▁▁ ▁▁▁▁▁▁▁▁▁▁▁▁▁▁▁▁▁▁▁▁▁▁▁▁▁▁▁▁▁▁▁ ▁▁▁▁▁▁▁▁▁▁▁▁▁▁▁▁▁▁▁▁▁▁▁▁▁▁▁▁▁▁▁ ▁▁▁▁▁▁▁▁▁▁▁▁▁▁▁▁▁▁▁▁▁▁▁▁▁▁▁▁▁▁▁ ▁▁▁▁▁▁▁▁▁▁▁▁▁▁▁▁▁▁▁▁▁▁▁▁▁▁▁▁▁▁▁ ▁▁▁▁▁▁▁▁▁▁▁▁▁▁▁▁▁▁▁▁▁▁▁▁▁▁▁▁▁▁▁ ▁▁▁▁▁▁▁▁▁▁▁▁▁▁▁▁▁▁▁▁▁▁▁▁▁▁▁▁▁▁▁ ▁▁▁▁▁▁▁▁▁▁▁▁▁▁▁▁▁▁▁▁▁▁▁▁▁▁▁▁▁▁▁ ▁▁▁▁▁▁▁▁▁▁▁▁▁▁▁▁▁▁▁▁▁▁▁▁▁▁▁▁▁▁▁ ▁▁▁▁▁▁▁▁▁▁▁▁▁▁▁▁▁▁▁▁▁▁▁▁▁▁▁▁▁▁▁ ▁▁▁▁▁▁ 

 ▁▁▁▁▁▁▁▁▁▁▁▁▁▁▁▁▁▁▁▁▁▁▁▁▁▁▁▁▁▁▁ ▁▁▁▁▁▁▁▁▁▁▁▁▁▁▁▁▁▁▁▁▁▁▁▁▁▁▁▁▁▁▁ ▁▁▁▁▁▁▁▁▁▁▁▁▁▁▁▁▁▁▁▁▁▁▁▁▁▁▁▁▁▁▁ ▁▁▁▁▁▁▁▁▁▁▁▁▁▁▁▁▁▁▁▁▁▁▁▁▁▁▁▁▁▁▁ ▁▁▁▁▁▁▁▁▁▁▁▁▁▁▁▁▁▁▁▁▁▁▁▁▁▁▁▁▁▁▁ ▁▁▁▁▁▁▁▁▁▁▁▁▁▁▁▁▁▁▁▁▁▁▁ Extract ▁( alo em annan ) ▁▁▁▁▁▁▁▁▁▁▁▁▁▁▁▁▁▁▁▁▁▁ neutral ▁partially ▁acety lated ▁glu com annan , ▁mainly ▁β"
engineer,593,"thats ▁process ▁is ▁all ▁over ▁now ▁and ▁we ▁can ▁spend ▁all ▁of ▁our ▁picks ▁at ▁positions ▁that ▁make ▁quicker ▁impacts ▁in ▁the ▁NFL . ▁And ▁now ▁we ▁build ▁around ▁our ▁franchise ▁QB . 

 That ▁was ▁a ▁smart ▁move ▁last ▁year ▁by ▁Ireland ▁and ▁it ▁sets ▁him ▁up ▁in ▁good ▁shape ▁this ▁offseason . 

 Tue ▁Jan ▁ 0 1 , ▁ 2 0 1 3 ▁ 1 2 : 5 0 ▁pm 

 Rock ▁Sexton 

 Ph infe ver ▁Legend 

 Joined : ▁Wed ▁Apr ▁ 2 1 , ▁ 2 0 1 0 ▁ 1 2 : 4 8 ▁pm Posts : ▁ 6 0 6 7 

 Re : ▁if ▁T anne hill ▁had ▁stayed ▁in ▁school , ▁he ' d ▁be ▁going ▁#"
engineer,593,"▁▁▁▁▁▁▁▁▁▁▁▁▁▁▁▁▁▁▁▁▁▁▁ Luz ▁Elena ▁D . ▁Cha pa , ▁Justice 


 ▁▁▁▁▁▁▁ IN ▁WITNESS ▁WHERE OF , ▁I ▁have ▁here unto ▁set ▁my ▁hand ▁and ▁affixed ▁the ▁seal ▁of ▁the ▁said 
 court ▁on ▁this ▁ 1 1 th ▁day ▁of ▁October , ▁ 2 0 1 8 . 



 ▁▁▁▁▁▁▁▁▁▁▁▁▁▁▁▁▁▁▁▁▁▁▁▁▁▁▁▁▁▁▁ ▁▁▁▁▁▁▁▁▁▁▁▁▁▁▁▁▁▁▁▁▁▁▁ ________________ ________________ ___ 
 ▁▁▁▁▁▁▁▁▁▁▁▁▁▁▁▁▁▁▁▁▁▁▁▁▁▁▁▁▁▁▁ ▁▁▁▁▁▁▁▁▁▁▁▁▁▁▁▁▁▁▁▁▁▁▁ KE ITH ▁E . ▁H OTT LE , 
 ▁▁▁▁▁▁▁▁▁▁▁▁▁▁▁▁▁▁▁▁▁▁▁▁▁▁▁▁▁▁▁ ▁▁▁▁▁▁▁▁▁▁▁▁▁▁▁▁▁▁▁▁▁▁▁ Clerk ▁of ▁Court 
  <bos> Holy ▁Cow 

 3 4 ▁Elder ▁Street , ▁Edinburgh ▁EH 1 ▁ 3 DX Open ▁Mon - Sun , ▁ 1 0 . 0 0 - 1 8 . 0 0 

 Edinburgh ’ s ▁newest ▁veggie ▁eatery ▁and ▁it ’ s ▁ 1 0 0 % ▁vegan , ▁organic ▁and ▁fair trade"
engineer,593,""", ▁raises : ▁""*"", ▁thing : ▁""* "") 

 ▁▁▁▁▁▁▁▁ assert _ receive ({ : broadcast , ▁msg }) 

 ▁▁▁▁▁▁▁▁ assert ▁%{ 
 ▁▁▁▁▁▁▁▁▁▁▁▁▁▁▁▁▁ event : ▁"" subscription : data "", 
 ▁▁▁▁▁▁▁▁▁▁▁▁▁▁▁▁▁ result : ▁%{ data : ▁% {"" thing "" ▁=> ▁"" foo ""}}, 
 ▁▁▁▁▁▁▁▁▁▁▁▁▁▁▁▁▁ topic : ▁topic 
 ▁▁▁▁▁▁▁▁▁▁▁▁▁▁▁ } ▁== ▁msg 
 ▁▁▁▁▁▁ end ) 

 ▁▁▁▁ assert ▁String . contains ?( error _ log , ▁"" boom "") 
 ▁▁ end 

 ▁▁ @ tag ▁: pending 
 ▁▁ test ▁"" different ▁subscription ▁docs ▁are ▁bat ched ▁together "" ▁do 
 ▁▁▁▁ opts ▁= ▁[ context : ▁%{ test _ pid : ▁self () }] 

 ▁▁▁▁ assert ▁{: ok , ▁% {"" subscribed "" ▁=> ▁doc 1 }} ▁="
engineer,9736,"▁and ▁graduated ▁from ▁the ▁University ▁of ▁New ▁South ▁Wales ▁with ▁a ▁First ▁Class ▁Honours ▁in ▁Engineering ▁and ▁the ▁Royal ▁Military ▁College , ▁D unt roon ▁in ▁Australia , ▁with ▁The ▁Queens ▁Medal ▁in ▁ 1 9 8 0 , ▁on ▁a ▁Singapore ▁Armed ▁Forces ▁scholarship . ▁He ▁also ▁has ▁a ▁Masters ▁in ▁Business ▁Administration ▁degree ▁from ▁the ▁National ▁University ▁of ▁Singapore ▁and ▁a ▁Masters ▁in ▁Public ▁Administration ▁degree ▁from ▁Harvard ▁University . 

 Yam ▁served ▁in ▁the ▁Republic ▁of ▁Singapore ▁Air ▁Force , ▁writing ▁an ▁article ▁in ▁the ▁Military ▁Journal ▁PO INTER , ▁rising ▁to ▁be ▁the ▁chief ▁of ▁staff ▁of ▁the ▁air ▁staff ▁▁ and ▁commanding ▁the ▁ground - based , ▁air - defence ▁systems , ▁including ▁the ▁new ▁Ig la ▁short ▁range ▁surface ▁to ▁air"
engineer,9736,"▁and ▁graduated ▁from ▁the ▁University ▁of ▁New ▁South ▁Wales ▁with ▁a ▁First ▁Class ▁Honours ▁in ▁Engineering ▁and ▁the ▁Royal ▁Military ▁College , ▁D unt roon ▁in ▁Australia , ▁with ▁The ▁Queens ▁Medal ▁in ▁ 1 9 8 0 , ▁on ▁a ▁Singapore ▁Armed ▁Forces ▁scholarship . ▁He ▁also ▁has ▁a ▁Masters ▁in ▁Business ▁Administration ▁degree ▁from ▁the ▁National ▁University ▁of ▁Singapore ▁and ▁a ▁Masters ▁in ▁Public ▁Administration ▁degree ▁from ▁Harvard ▁University . 

 Yam ▁served ▁in ▁the ▁Republic ▁of ▁Singapore ▁Air ▁Force , ▁writing ▁an ▁article ▁in ▁the ▁Military ▁Journal ▁PO INTER , ▁rising ▁to ▁be ▁the ▁chief ▁of ▁staff ▁of ▁the ▁air ▁staff ▁▁ and ▁commanding ▁the ▁ground - based , ▁air - defence ▁systems , ▁including ▁the ▁new ▁Ig la ▁short ▁range ▁surface ▁to ▁air"
engineer,9736,", ▁she ▁serves ▁as ▁Senior ▁Clinical ▁Consultant ▁for ▁the ▁Technology ▁Planning ▁Group ▁at ▁Smith , ▁Sec kman , ▁Reid , ▁Inc ., ▁a ▁national ▁engineering ▁firm . 

 In ▁today ’ s ▁healthcare ▁environment , ▁clinical ▁transformation ▁and ▁innovation ▁are ▁essential ▁in ▁navigating ▁and ▁re engineering ▁the ▁care ▁delivery ▁model ▁of ▁the ▁future . ▁She ▁serves ▁as ▁a ▁liaison ▁and ▁visionary ▁between ▁the ▁clinical ▁community , ▁the ▁design ▁and ▁construction ▁community , ▁and ▁the ▁IT / engineering ▁community ▁to ▁interpret ▁and ▁enhance ▁the ▁clinical ▁operations ▁and ▁functionality ▁of ▁the ▁healthcare ▁environment . ▁She ▁develops ▁strategies ▁for ▁operational ▁and ▁financial ▁improvements ▁designed ▁to ▁advance ▁clinical ▁excellence , ▁improve ▁quality ▁of ▁care , ▁patient ▁experience , ▁and ▁overall ▁patient ▁outcomes . 

 She ▁is ▁a ▁frequent ▁presenter ▁at ▁national"
engineer,9736,", ▁she ▁serves ▁as ▁Senior ▁Clinical ▁Consultant ▁for ▁the ▁Technology ▁Planning ▁Group ▁at ▁Smith , ▁Sec kman , ▁Reid , ▁Inc ., ▁a ▁national ▁engineering ▁firm . 

 In ▁today ’ s ▁healthcare ▁environment , ▁clinical ▁transformation ▁and ▁innovation ▁are ▁essential ▁in ▁navigating ▁and ▁re engineering ▁the ▁care ▁delivery ▁model ▁of ▁the ▁future . ▁She ▁serves ▁as ▁a ▁liaison ▁and ▁visionary ▁between ▁the ▁clinical ▁community , ▁the ▁design ▁and ▁construction ▁community , ▁and ▁the ▁IT / engineering ▁community ▁to ▁interpret ▁and ▁enhance ▁the ▁clinical ▁operations ▁and ▁functionality ▁of ▁the ▁healthcare ▁environment . ▁She ▁develops ▁strategies ▁for ▁operational ▁and ▁financial ▁improvements ▁designed ▁to ▁advance ▁clinical ▁excellence , ▁improve ▁quality ▁of ▁care , ▁patient ▁experience , ▁and ▁overall ▁patient ▁outcomes . 

 She ▁is ▁a ▁frequent ▁presenter ▁at ▁national"
engineer,9736,"▁and ▁George ▁Harper , ▁a ▁professor ▁of ▁engineering ▁at ▁the ▁University ▁of ▁Illinois , ▁testified ▁that ▁in ▁such ▁an ▁explosion ▁things ▁are ▁so ▁disrupted ▁that ▁it ▁cannot ▁be ▁ascertained ▁with ▁certainty ▁what ▁happened , ▁but ▁that ▁it ▁was ▁necessary ▁to ▁draw ▁deductions . 
 From ▁the ▁record ▁it ▁appears ▁that ▁a ▁variety ▁of ▁factors ▁inducing ▁the ▁explosion ▁may ▁have ▁existed . ▁There ▁is , ▁of ▁course , ▁the ▁contradictory ▁nature ▁of ▁the ▁testimony ▁as ▁to ▁whether ▁or ▁not ▁the ▁motorized ▁main ▁valve ▁was ▁closed ▁or ▁open , ▁whether ▁or ▁not ▁slag ▁from ▁welding ▁had ▁lodged ▁in ▁the ▁main ▁valve ▁so ▁that ▁it ▁was ▁not ▁completely ▁closed , ▁and ▁whether ▁such ▁slag ▁would ▁be ▁sufficient ▁to ▁hold ▁the ▁valve ▁open ▁with ▁the ▁pressures ▁concerned ▁without ▁dist orting ▁the"
engineer,9736,"▁and ▁George ▁Harper , ▁a ▁professor ▁of ▁engineering ▁at ▁the ▁University ▁of ▁Illinois , ▁testified ▁that ▁in ▁such ▁an ▁explosion ▁things ▁are ▁so ▁disrupted ▁that ▁it ▁cannot ▁be ▁ascertained ▁with ▁certainty ▁what ▁happened , ▁but ▁that ▁it ▁was ▁necessary ▁to ▁draw ▁deductions . 
 From ▁the ▁record ▁it ▁appears ▁that ▁a ▁variety ▁of ▁factors ▁inducing ▁the ▁explosion ▁may ▁have ▁existed . ▁There ▁is , ▁of ▁course , ▁the ▁contradictory ▁nature ▁of ▁the ▁testimony ▁as ▁to ▁whether ▁or ▁not ▁the ▁motorized ▁main ▁valve ▁was ▁closed ▁or ▁open , ▁whether ▁or ▁not ▁slag ▁from ▁welding ▁had ▁lodged ▁in ▁the ▁main ▁valve ▁so ▁that ▁it ▁was ▁not ▁completely ▁closed , ▁and ▁whether ▁such ▁slag ▁would ▁be ▁sufficient ▁to ▁hold ▁the ▁valve ▁open ▁with ▁the ▁pressures ▁concerned ▁without ▁dist orting ▁the"
engineer,9736,": ▁“ We ▁removed ▁the ▁stress ▁risers , ▁added ▁radii , ▁and ▁added ▁thickening ▁sections .” ▁He ▁and ▁the ▁engineering ▁team ▁didn ’ t ▁expect ▁to ▁see ▁the ▁stress ▁risers , ▁but ▁when ▁they ▁did ▁they ▁put ▁static ▁flexing ▁on ▁part ▁of ▁the ▁serpentine ▁arm ▁so ▁they ▁could ▁move ▁it ▁the ▁way ▁it ▁would ▁move ▁in ▁the ▁real ▁world . ▁The ▁software ▁enabled ▁the ▁team ▁to ▁shorten ▁the ▁design ▁cycle ▁by ▁ 6 0 ▁percent . ▁They ▁cut ▁manufacturing ▁time ▁by ▁four ▁percent , ▁material ▁costs ▁by ▁three ▁percent , ▁and ▁labor ▁costs ▁by ▁three - four ▁percent . ▁In ▁all , ▁engineers ▁did ▁seven ▁or ▁eight ▁analysis ▁studies ▁in ▁just ▁a ▁couple ▁of ▁days . 

 Hem pstead ▁says ▁the ▁team ▁cut ▁the ▁number ▁of ▁parts"
engineer,9736,"ase ▁have ▁been ▁designed . <bos> Anthony ▁I lu obe 

 Chief ▁Anthony ▁I lu obe ▁( JP ) ▁was ▁born ▁in ▁ 1 9 4 5 ▁to ▁the ▁family ▁of ▁Chief ▁and ▁Mrs ▁Joseph ▁Ag im helen ▁I lu obe ▁( JP ) ▁of ▁I vue - U romi ▁of ▁the ▁U romi ▁Kingdom ▁in ▁Edo ▁State . ▁He ▁is ▁the ▁owner , ▁managing ▁director ▁and ▁chief ▁executive ▁officer ▁of ▁I lu obe ▁Oil ▁and ▁Gas ▁Marketing ▁Co . ▁Ltd . ▁He ▁studied ▁Engineering ▁in ▁Japan . 

 He ▁was ▁previously ▁the ▁Chairman ▁of ▁Edo ▁State ▁Water ▁Board . ▁He ▁was ▁previously ▁the ▁Chairman ▁of ▁Independent ▁Petroleum ▁Market ers ▁of ▁Nigeria ▁( IP MAN ) ▁Edo ▁state ▁Chapter . 

 He ▁is ▁the ▁father ▁of ▁Patrick"
engineer,9736,"ase ▁have ▁been ▁designed . <bos> Anthony ▁I lu obe 

 Chief ▁Anthony ▁I lu obe ▁( JP ) ▁was ▁born ▁in ▁ 1 9 4 5 ▁to ▁the ▁family ▁of ▁Chief ▁and ▁Mrs ▁Joseph ▁Ag im helen ▁I lu obe ▁( JP ) ▁of ▁I vue - U romi ▁of ▁the ▁U romi ▁Kingdom ▁in ▁Edo ▁State . ▁He ▁is ▁the ▁owner , ▁managing ▁director ▁and ▁chief ▁executive ▁officer ▁of ▁I lu obe ▁Oil ▁and ▁Gas ▁Marketing ▁Co . ▁Ltd . ▁He ▁studied ▁Engineering ▁in ▁Japan . 

 He ▁was ▁previously ▁the ▁Chairman ▁of ▁Edo ▁State ▁Water ▁Board . ▁He ▁was ▁previously ▁the ▁Chairman ▁of ▁Independent ▁Petroleum ▁Market ers ▁of ▁Nigeria ▁( IP MAN ) ▁Edo ▁state ▁Chapter . 

 He ▁is ▁the ▁father ▁of ▁Patrick"
engineer,9736,". ▁During ▁his ▁Senior ▁year ▁( 2 0 0 8 - 2 0 0 9 ) ▁at ▁Oklahoma ▁State ▁University , ▁he ▁co - led ▁Team ▁Black , ▁an ▁engineering ▁team ▁of ▁ 1 5 ▁students , ▁that ▁placed ▁first ▁in ▁the ▁American ▁Institute ▁of ▁Aeronautics ▁and ▁Astron au tics ▁Design / Build / Fly ▁competition , ▁hosted ▁in ▁Tucson , ▁Arizona . 

 Career 

 Professional ▁career ▁ 

 Starting ▁in ▁ 2 0 0 6 , ▁he ▁served ▁as ▁a ▁project ▁engineering ▁manager ▁for ▁Bar D yne , ▁Inc ., ▁a ▁fluid ▁power ▁engineering ▁and ▁consultant ▁firm ▁based ▁in ▁Stillwater , ▁OK ▁that ▁originated ▁from ▁the ▁Fluid ▁Power ▁Research ▁Center ▁( Oklahoma ▁State ▁University ). ▁During ▁this ▁time , ▁he ▁worked ▁with ▁organizations ▁that ▁spanned"
engineer,9736,". ▁During ▁his ▁Senior ▁year ▁( 2 0 0 8 - 2 0 0 9 ) ▁at ▁Oklahoma ▁State ▁University , ▁he ▁co - led ▁Team ▁Black , ▁an ▁engineering ▁team ▁of ▁ 1 5 ▁students , ▁that ▁placed ▁first ▁in ▁the ▁American ▁Institute ▁of ▁Aeronautics ▁and ▁Astron au tics ▁Design / Build / Fly ▁competition , ▁hosted ▁in ▁Tucson , ▁Arizona . 

 Career 

 Professional ▁career ▁ 

 Starting ▁in ▁ 2 0 0 6 , ▁he ▁served ▁as ▁a ▁project ▁engineering ▁manager ▁for ▁Bar D yne , ▁Inc ., ▁a ▁fluid ▁power ▁engineering ▁and ▁consultant ▁firm ▁based ▁in ▁Stillwater , ▁OK ▁that ▁originated ▁from ▁the ▁Fluid ▁Power ▁Research ▁Center ▁( Oklahoma ▁State ▁University ). ▁During ▁this ▁time , ▁he ▁worked ▁with ▁organizations ▁that ▁spanned"
engineer,9736,". ▁During ▁his ▁Senior ▁year ▁( 2 0 0 8 - 2 0 0 9 ) ▁at ▁Oklahoma ▁State ▁University , ▁he ▁co - led ▁Team ▁Black , ▁an ▁engineering ▁team ▁of ▁ 1 5 ▁students , ▁that ▁placed ▁first ▁in ▁the ▁American ▁Institute ▁of ▁Aeronautics ▁and ▁Astron au tics ▁Design / Build / Fly ▁competition , ▁hosted ▁in ▁Tucson , ▁Arizona . 

 Career 

 Professional ▁career ▁ 

 Starting ▁in ▁ 2 0 0 6 , ▁he ▁served ▁as ▁a ▁project ▁engineering ▁manager ▁for ▁Bar D yne , ▁Inc ., ▁a ▁fluid ▁power ▁engineering ▁and ▁consultant ▁firm ▁based ▁in ▁Stillwater , ▁OK ▁that ▁originated ▁from ▁the ▁Fluid ▁Power ▁Research ▁Center ▁( Oklahoma ▁State ▁University ). ▁During ▁this ▁time , ▁he ▁worked ▁with ▁organizations ▁that ▁spanned"
engineer,9736,". ▁During ▁his ▁Senior ▁year ▁( 2 0 0 8 - 2 0 0 9 ) ▁at ▁Oklahoma ▁State ▁University , ▁he ▁co - led ▁Team ▁Black , ▁an ▁engineering ▁team ▁of ▁ 1 5 ▁students , ▁that ▁placed ▁first ▁in ▁the ▁American ▁Institute ▁of ▁Aeronautics ▁and ▁Astron au tics ▁Design / Build / Fly ▁competition , ▁hosted ▁in ▁Tucson , ▁Arizona . 

 Career 

 Professional ▁career ▁ 

 Starting ▁in ▁ 2 0 0 6 , ▁he ▁served ▁as ▁a ▁project ▁engineering ▁manager ▁for ▁Bar D yne , ▁Inc ., ▁a ▁fluid ▁power ▁engineering ▁and ▁consultant ▁firm ▁based ▁in ▁Stillwater , ▁OK ▁that ▁originated ▁from ▁the ▁Fluid ▁Power ▁Research ▁Center ▁( Oklahoma ▁State ▁University ). ▁During ▁this ▁time , ▁he ▁worked ▁with ▁organizations ▁that ▁spanned"
engineer,9736,", ▁an ▁engineering ▁competition ▁consisting ▁of ▁ 1 0 ▁contestants ▁from ▁across ▁the ▁country , ▁which ▁aired ▁from ▁May ▁to ▁June ▁ 2 0 1 3 . ▁Each ▁week ▁contestants ▁were ▁put ▁to ▁the ▁test , ▁competing ▁against ▁each ▁other ▁in ▁two ▁teams ▁to ▁design , ▁build , ▁and ▁deliver ▁solutions ▁to ▁difficult ▁engineering ▁problems . ▁He ▁survived ▁six ▁out ▁of ▁eight ▁episodes . ▁To ▁promote ▁the ▁show ▁he ▁appeared ▁in ▁a ▁series ▁of ▁interviews ▁prior ▁to ▁and ▁during ▁the ▁airing ▁of ▁the ▁TV ▁series . 

 Ph ilanth ropic ▁interests ▁ 

 Str oup , ▁along ▁with ▁Corey ▁Fle ischer , ▁another ▁contestant ▁and ▁winner ▁of ▁The ▁Big ▁Brain ▁Theory , ▁and ▁Jason ▁Har deb eck ▁founded ▁the ▁Baltimore ▁Found ery ▁in ▁ 2 0 1"
engineer,9736,", ▁an ▁engineering ▁competition ▁consisting ▁of ▁ 1 0 ▁contestants ▁from ▁across ▁the ▁country , ▁which ▁aired ▁from ▁May ▁to ▁June ▁ 2 0 1 3 . ▁Each ▁week ▁contestants ▁were ▁put ▁to ▁the ▁test , ▁competing ▁against ▁each ▁other ▁in ▁two ▁teams ▁to ▁design , ▁build , ▁and ▁deliver ▁solutions ▁to ▁difficult ▁engineering ▁problems . ▁He ▁survived ▁six ▁out ▁of ▁eight ▁episodes . ▁To ▁promote ▁the ▁show ▁he ▁appeared ▁in ▁a ▁series ▁of ▁interviews ▁prior ▁to ▁and ▁during ▁the ▁airing ▁of ▁the ▁TV ▁series . 

 Ph ilanth ropic ▁interests ▁ 

 Str oup , ▁along ▁with ▁Corey ▁Fle ischer , ▁another ▁contestant ▁and ▁winner ▁of ▁The ▁Big ▁Brain ▁Theory , ▁and ▁Jason ▁Har deb eck ▁founded ▁the ▁Baltimore ▁Found ery ▁in ▁ 2 0 1"
engineer,9736,"▁The ▁Engineering ▁college ▁of ▁the ▁university ▁was ▁earlier ▁known ▁as ▁J NT UK ▁Viz ian ag aram . ▁This ▁Engineering ▁college ▁was ▁established ▁as ▁a ▁constituent ▁institute ▁of ▁Jawahar lal ▁Nehru ▁Technological ▁University , ▁Kak inada ▁on ▁September ▁ 2 0 0 7 . 

 On ▁ 1 4 ▁February ▁ 2 0 1 9 , ▁the ▁University ▁was ▁formed ▁by ▁merging ▁the ▁Andhra ▁University ▁PG ▁Centre , ▁Viz ian ag aram ▁and ▁J NT UK ▁Viz ian ag aram ▁campus . ▁It ▁was ▁inaugurated ▁by ▁then ▁Chief ▁Minister ▁of ▁Andhra ▁Pradesh ▁Nara ▁Chandra babu ▁Naidu ,. 

 Campus 

 The ▁university ▁is ▁spread ▁across ▁an ▁area ▁of ▁ 1 8 9 ▁acres . ▁It ▁serves ▁the ▁educational ▁needs ▁of ▁Viz ian ag aram ▁district . ▁Viz"
engineer,9736,"▁The ▁Engineering ▁college ▁of ▁the ▁university ▁was ▁earlier ▁known ▁as ▁J NT UK ▁Viz ian ag aram . ▁This ▁Engineering ▁college ▁was ▁established ▁as ▁a ▁constituent ▁institute ▁of ▁Jawahar lal ▁Nehru ▁Technological ▁University , ▁Kak inada ▁on ▁September ▁ 2 0 0 7 . 

 On ▁ 1 4 ▁February ▁ 2 0 1 9 , ▁the ▁University ▁was ▁formed ▁by ▁merging ▁the ▁Andhra ▁University ▁PG ▁Centre , ▁Viz ian ag aram ▁and ▁J NT UK ▁Viz ian ag aram ▁campus . ▁It ▁was ▁inaugurated ▁by ▁then ▁Chief ▁Minister ▁of ▁Andhra ▁Pradesh ▁Nara ▁Chandra babu ▁Naidu ,. 

 Campus 

 The ▁university ▁is ▁spread ▁across ▁an ▁area ▁of ▁ 1 8 9 ▁acres . ▁It ▁serves ▁the ▁educational ▁needs ▁of ▁Viz ian ag aram ▁district . ▁Viz"
engineer,9736,"s ▁largest ▁electrical ▁contractors . ▁Operating ▁from ▁its ▁sustainable ▁corporate ▁headquarters ▁in ▁Hol ts ville , ▁NY ▁and ▁another ▁facility ▁in ▁College ▁Point , ▁NY , ▁the ▁company ▁offers ▁end - to - end ▁services . ▁They ▁including : ▁electrical ▁contracting , ▁value ▁engineering , ▁procurement , ▁construction ▁and ▁renewable ▁energy ▁solutions . ▁Eld or ▁is ▁recognized ▁for ▁its ▁proven ▁track ▁record ▁and ▁problem - solving ▁capabilities ▁on ▁even ▁the ▁most ▁complex , ▁challenging ▁projects . ▁Eld or ▁employs ▁a ▁highly ▁qualified , ▁credential ed ▁team ▁of ▁professional ▁engineers , ▁superintendents , ▁project ▁managers , ▁fore men , ▁journey men ▁and ▁apprentices ▁– ▁each ▁fully - trained ▁and ▁committed ▁to ▁delivering ▁projects ▁on - time , ▁on - budget ▁and ▁to ▁specifications . ▁Eld or ▁has ▁approximately"
engineer,9736,"s ▁largest ▁electrical ▁contractors . ▁Operating ▁from ▁its ▁sustainable ▁corporate ▁headquarters ▁in ▁Hol ts ville , ▁NY ▁and ▁another ▁facility ▁in ▁College ▁Point , ▁NY , ▁the ▁company ▁offers ▁end - to - end ▁services . ▁They ▁including : ▁electrical ▁contracting , ▁value ▁engineering , ▁procurement , ▁construction ▁and ▁renewable ▁energy ▁solutions . ▁Eld or ▁is ▁recognized ▁for ▁its ▁proven ▁track ▁record ▁and ▁problem - solving ▁capabilities ▁on ▁even ▁the ▁most ▁complex , ▁challenging ▁projects . ▁Eld or ▁employs ▁a ▁highly ▁qualified , ▁credential ed ▁team ▁of ▁professional ▁engineers , ▁superintendents , ▁project ▁managers , ▁fore men , ▁journey men ▁and ▁apprentices ▁– ▁each ▁fully - trained ▁and ▁committed ▁to ▁delivering ▁projects ▁on - time , ▁on - budget ▁and ▁to ▁specifications . ▁Eld or ▁has ▁approximately"
engineer,9736,"s ▁largest ▁electrical ▁contractors . ▁Operating ▁from ▁its ▁sustainable ▁corporate ▁headquarters ▁in ▁Hol ts ville , ▁NY ▁and ▁another ▁facility ▁in ▁College ▁Point , ▁NY , ▁the ▁company ▁offers ▁end - to - end ▁services . ▁They ▁including : ▁electrical ▁contracting , ▁value ▁engineering , ▁procurement , ▁construction ▁and ▁renewable ▁energy ▁solutions . ▁Eld or ▁is ▁recognized ▁for ▁its ▁proven ▁track ▁record ▁and ▁problem - solving ▁capabilities ▁on ▁even ▁the ▁most ▁complex , ▁challenging ▁projects . ▁Eld or ▁employs ▁a ▁highly ▁qualified , ▁credential ed ▁team ▁of ▁professional ▁engineers , ▁superintendents , ▁project ▁managers , ▁fore men , ▁journey men ▁and ▁apprentices ▁– ▁each ▁fully - trained ▁and ▁committed ▁to ▁delivering ▁projects ▁on - time , ▁on - budget ▁and ▁to ▁specifications . ▁Eld or ▁has ▁approximately"
engineer,9736,"▁of ▁getting ▁it ▁wrong .” 

 The ▁result ▁was ▁a ▁major ▁time ▁savings , ▁largely ▁the ▁result ▁of ▁not ▁doing ▁many ▁prototypes . ▁“ In ▁fact , ▁we ▁were ▁almost ▁able ▁to ▁dispense ▁with ▁the ▁prototyping ▁phase ▁and ▁go ▁straight ▁to ▁manufacturing ,” ▁Steele ▁asserts . 

 Working ▁with ▁different ▁software ▁and ▁on ▁a ▁vastly ▁different ▁product ▁line , ▁engineers ▁at ▁San ▁Diego - based ▁Tens ys ▁Medical , ▁Inc . ▁had ▁similar ▁results . 

 Using ▁Solid Works ▁for ▁CAD ▁and ▁COS MOS Works ▁for ▁FE A ▁( both ▁from ▁Dass ault ▁System es , ▁Inc .) ▁the ▁engineering ▁team ▁developed ▁the ▁T - Line [ R ] ▁Tens y meter , ▁a ▁non - invasive ▁arterial ▁blood - pressure ▁management ▁system ▁for ▁use ▁in ▁surgery"
engineer,9736,"▁of ▁getting ▁it ▁wrong .” 

 The ▁result ▁was ▁a ▁major ▁time ▁savings , ▁largely ▁the ▁result ▁of ▁not ▁doing ▁many ▁prototypes . ▁“ In ▁fact , ▁we ▁were ▁almost ▁able ▁to ▁dispense ▁with ▁the ▁prototyping ▁phase ▁and ▁go ▁straight ▁to ▁manufacturing ,” ▁Steele ▁asserts . 

 Working ▁with ▁different ▁software ▁and ▁on ▁a ▁vastly ▁different ▁product ▁line , ▁engineers ▁at ▁San ▁Diego - based ▁Tens ys ▁Medical , ▁Inc . ▁had ▁similar ▁results . 

 Using ▁Solid Works ▁for ▁CAD ▁and ▁COS MOS Works ▁for ▁FE A ▁( both ▁from ▁Dass ault ▁System es , ▁Inc .) ▁the ▁engineering ▁team ▁developed ▁the ▁T - Line [ R ] ▁Tens y meter , ▁a ▁non - invasive ▁arterial ▁blood - pressure ▁management ▁system ▁for ▁use ▁in ▁surgery"
engineer,9736,"▁nation . ▁The ▁landscape ▁architecture ▁program ▁is ▁ranked ▁No . ▁ 1 ▁in ▁the ▁Western ▁region ▁and ▁No . ▁ 4 ▁in ▁the ▁nation . 

 Departments 

 Architectural ▁Engineering 
 Department ▁Head ▁Allan ▁Estes . ▁The ▁Architectural ▁Engineering ▁department ▁is ▁accredited ▁by ▁the ▁Accreditation ▁Board ▁for ▁Engineering ▁and ▁Technology ▁to ▁offer ▁Bachelor ▁of ▁Science ▁( BS ) ▁degrees . 

 Architecture 
 Department ▁Head ▁Margot ▁McDonald . The ▁Architecture ▁department ▁is ▁accredited ▁by ▁the ▁National ▁Architectural ▁Acc redit ing ▁Board ▁( NA AB ), ▁and ▁offers ▁both ▁Bachelor ▁of ▁Architecture ▁( B Arch ) ▁and ▁Masters ▁of ▁Science ▁in ▁Architecture ▁( MS - Arch ) ▁degrees . ▁▁ The ▁undergraduate ▁program ▁is ▁a ▁five - year ▁program . ▁▁ About ▁one ▁in ▁twenty ▁architects ▁in ▁the"
engineer,9736,"▁nation . ▁The ▁landscape ▁architecture ▁program ▁is ▁ranked ▁No . ▁ 1 ▁in ▁the ▁Western ▁region ▁and ▁No . ▁ 4 ▁in ▁the ▁nation . 

 Departments 

 Architectural ▁Engineering 
 Department ▁Head ▁Allan ▁Estes . ▁The ▁Architectural ▁Engineering ▁department ▁is ▁accredited ▁by ▁the ▁Accreditation ▁Board ▁for ▁Engineering ▁and ▁Technology ▁to ▁offer ▁Bachelor ▁of ▁Science ▁( BS ) ▁degrees . 

 Architecture 
 Department ▁Head ▁Margot ▁McDonald . The ▁Architecture ▁department ▁is ▁accredited ▁by ▁the ▁National ▁Architectural ▁Acc redit ing ▁Board ▁( NA AB ), ▁and ▁offers ▁both ▁Bachelor ▁of ▁Architecture ▁( B Arch ) ▁and ▁Masters ▁of ▁Science ▁in ▁Architecture ▁( MS - Arch ) ▁degrees . ▁▁ The ▁undergraduate ▁program ▁is ▁a ▁five - year ▁program . ▁▁ About ▁one ▁in ▁twenty ▁architects ▁in ▁the"
engineer,9736,"▁These ▁findings ▁have ▁a ▁range ▁of ▁potential ▁applications . ▁They ▁motivate ▁the ▁development ▁of ▁new ▁methodology ▁for ▁improving ▁the ▁analysis ▁of ▁flag ellar ▁imaging ▁data ; ▁by ▁model ▁fitting ▁the ▁experimentally ▁visible ▁region ▁it ▁may ▁be ▁possible ▁to ▁resolve ▁the ▁difficult ▁to ▁image ▁distal ▁segment . ▁Inclusion ▁of ▁an ▁inactive ▁region ▁may ▁be ▁an ▁interesting ▁avenue ▁to ▁explore ▁when ▁improving ▁the ▁efficiency ▁of ▁artificial ▁micros w immer ▁design . ▁Finally , ▁important ▁biological ▁questions ▁may ▁now ▁be ▁posed , ▁for ▁example ▁does ▁the ▁presence ▁of ▁the ▁inactive ▁end ▁piece ▁confer ▁an ▁advantage ▁to ▁cells ▁penetrating ▁highly ▁viscous ▁cervical ▁mucus ?\ 
 * Acknowledgments .* ▁D . J . S . ▁and ▁M . T . G . ▁acknowledge ▁funding ▁from ▁the ▁Engineering ▁and ▁Physical ▁Sciences ▁Research ▁Council"
engineer,9736,"▁These ▁findings ▁have ▁a ▁range ▁of ▁potential ▁applications . ▁They ▁motivate ▁the ▁development ▁of ▁new ▁methodology ▁for ▁improving ▁the ▁analysis ▁of ▁flag ellar ▁imaging ▁data ; ▁by ▁model ▁fitting ▁the ▁experimentally ▁visible ▁region ▁it ▁may ▁be ▁possible ▁to ▁resolve ▁the ▁difficult ▁to ▁image ▁distal ▁segment . ▁Inclusion ▁of ▁an ▁inactive ▁region ▁may ▁be ▁an ▁interesting ▁avenue ▁to ▁explore ▁when ▁improving ▁the ▁efficiency ▁of ▁artificial ▁micros w immer ▁design . ▁Finally , ▁important ▁biological ▁questions ▁may ▁now ▁be ▁posed , ▁for ▁example ▁does ▁the ▁presence ▁of ▁the ▁inactive ▁end ▁piece ▁confer ▁an ▁advantage ▁to ▁cells ▁penetrating ▁highly ▁viscous ▁cervical ▁mucus ?\ 
 * Acknowledgments .* ▁D . J . S . ▁and ▁M . T . G . ▁acknowledge ▁funding ▁from ▁the ▁Engineering ▁and ▁Physical ▁Sciences ▁Research ▁Council"
engineer,9736,"▁These ▁findings ▁have ▁a ▁range ▁of ▁potential ▁applications . ▁They ▁motivate ▁the ▁development ▁of ▁new ▁methodology ▁for ▁improving ▁the ▁analysis ▁of ▁flag ellar ▁imaging ▁data ; ▁by ▁model ▁fitting ▁the ▁experimentally ▁visible ▁region ▁it ▁may ▁be ▁possible ▁to ▁resolve ▁the ▁difficult ▁to ▁image ▁distal ▁segment . ▁Inclusion ▁of ▁an ▁inactive ▁region ▁may ▁be ▁an ▁interesting ▁avenue ▁to ▁explore ▁when ▁improving ▁the ▁efficiency ▁of ▁artificial ▁micros w immer ▁design . ▁Finally , ▁important ▁biological ▁questions ▁may ▁now ▁be ▁posed , ▁for ▁example ▁does ▁the ▁presence ▁of ▁the ▁inactive ▁end ▁piece ▁confer ▁an ▁advantage ▁to ▁cells ▁penetrating ▁highly ▁viscous ▁cervical ▁mucus ?\ 
 * Acknowledgments .* ▁D . J . S . ▁and ▁M . T . G . ▁acknowledge ▁funding ▁from ▁the ▁Engineering ▁and ▁Physical ▁Sciences ▁Research ▁Council"
engineer,9736,"▁These ▁findings ▁have ▁a ▁range ▁of ▁potential ▁applications . ▁They ▁motivate ▁the ▁development ▁of ▁new ▁methodology ▁for ▁improving ▁the ▁analysis ▁of ▁flag ellar ▁imaging ▁data ; ▁by ▁model ▁fitting ▁the ▁experimentally ▁visible ▁region ▁it ▁may ▁be ▁possible ▁to ▁resolve ▁the ▁difficult ▁to ▁image ▁distal ▁segment . ▁Inclusion ▁of ▁an ▁inactive ▁region ▁may ▁be ▁an ▁interesting ▁avenue ▁to ▁explore ▁when ▁improving ▁the ▁efficiency ▁of ▁artificial ▁micros w immer ▁design . ▁Finally , ▁important ▁biological ▁questions ▁may ▁now ▁be ▁posed , ▁for ▁example ▁does ▁the ▁presence ▁of ▁the ▁inactive ▁end ▁piece ▁confer ▁an ▁advantage ▁to ▁cells ▁penetrating ▁highly ▁viscous ▁cervical ▁mucus ?\ 
 * Acknowledgments .* ▁D . J . S . ▁and ▁M . T . G . ▁acknowledge ▁funding ▁from ▁the ▁Engineering ▁and ▁Physical ▁Sciences ▁Research ▁Council"
engineer,9736,"▁has ▁launched ▁breakthrough ▁designs ▁in ▁other ▁industries 
 as ▁well . ▁Case ▁in ▁point : ▁the ▁medical ▁industry , ▁where ▁device ▁manufacturers ▁have 
 used ▁CAD ▁and ▁FE A ▁to ▁give ▁flight ▁to ▁new ▁design ▁ideas ▁while ▁slashing 
 product - development ▁time . 

 Two ▁recent ▁examples , ▁one ▁in ▁the ▁U . S . ▁and ▁one ▁in ▁the ▁U . K ., ▁show ▁the ▁improvements ▁and ▁time / cost ▁savings ▁engineers ▁have ▁realized ▁from ▁their ▁use ▁of ▁engineering ▁software . 

 In ▁Cam berly , ▁U . K ., ▁the ▁design ▁team ▁at ▁reseller ▁Williams ▁Medical ▁Supplies ▁set ▁up ▁a ▁new ▁technical ▁development ▁department ▁to ▁design ▁medical ▁products ▁and ▁settled ▁on ▁Solid ▁Edge ▁( UGS ) ▁as ▁its ▁core ▁design ▁tool . ▁“ Our ▁aim"
engineer,9736,"); 
 			 } 
 			 create Product Tags Response . Invalid Product Tags ▁= ▁create Product Tags Response _ invalid Product Tags ; 
 ▁▁▁▁▁▁▁▁ 
 			 return ▁create Product Tags Response ; 
 ▁▁▁▁▁▁▁▁ } 
 ▁▁▁▁ } 
 } 
 <bos> Da Vinc itag : type pad . com , 2 0 0 3 : web log - 8 3 4 4 7 9 5 6 6 8 3 3 9 6 8 7 6 2 0 1 2 - 0 4 - 2 0 T 0 8 : 2 8 : 0 9 + 0 2 : 0 0 Type Pad Wood St Ex ▁ 2 0 1 1 ▁— ▁European ▁Engineering ▁and ▁Design ▁Students ▁At ▁Work tag : type pad . com"
engineer,9736,"▁engineer ▁working ▁in ▁conjunction ▁with ▁the ▁manufacturer ' s ▁erection ▁or ▁service ▁engineer . ▁At ▁completion ▁of ▁construction ▁work , ▁an ▁inspection ▁should ▁be ▁made ▁in ▁the ▁presence ▁of ▁the ▁customer ' s ▁construction ▁engineer , ▁operating ▁engineer , ▁the ▁construction ▁superintendent ▁and ▁the ▁manufacturer ' s ▁engineer ▁( if ▁one ▁is ▁present ) ▁and ▁agreement ▁reached ▁that ▁the ▁equipment ▁is ▁in ▁a ▁satisfactory ▁condition ▁for ▁placing ▁into ▁service ."" 
 There ▁is ▁no ▁evidence ▁that ▁such ▁inspection ▁or ▁agreement ▁was ▁reached ▁or ▁called ▁for ▁by ▁defendant ' s ▁service ▁engineer . 
 As ▁to ▁the ▁contention ▁that ▁by ▁contract ▁Erie ▁had ▁no ▁responsibility , ▁claimed ▁under ▁its ▁Exhibit ▁# 1 , ▁the ▁"" fore word "" ▁to ▁the ▁instruction ▁manual ▁and ▁the ▁several ▁provisions ▁set ▁out"
engineer,9736,"▁engineer ▁working ▁in ▁conjunction ▁with ▁the ▁manufacturer ' s ▁erection ▁or ▁service ▁engineer . ▁At ▁completion ▁of ▁construction ▁work , ▁an ▁inspection ▁should ▁be ▁made ▁in ▁the ▁presence ▁of ▁the ▁customer ' s ▁construction ▁engineer , ▁operating ▁engineer , ▁the ▁construction ▁superintendent ▁and ▁the ▁manufacturer ' s ▁engineer ▁( if ▁one ▁is ▁present ) ▁and ▁agreement ▁reached ▁that ▁the ▁equipment ▁is ▁in ▁a ▁satisfactory ▁condition ▁for ▁placing ▁into ▁service ."" 
 There ▁is ▁no ▁evidence ▁that ▁such ▁inspection ▁or ▁agreement ▁was ▁reached ▁or ▁called ▁for ▁by ▁defendant ' s ▁service ▁engineer . 
 As ▁to ▁the ▁contention ▁that ▁by ▁contract ▁Erie ▁had ▁no ▁responsibility , ▁claimed ▁under ▁its ▁Exhibit ▁# 1 , ▁the ▁"" fore word "" ▁to ▁the ▁instruction ▁manual ▁and ▁the ▁several ▁provisions ▁set ▁out"
engineer,9736,"leader ▁in ▁cyber ▁security . ▁As ▁Britain ’ s ▁civil ▁helicopter ▁hub , ▁Airbus ▁Helico pters ▁holds ▁ 5 5 % ▁of ▁the ▁UK ’ s ▁offshore ▁oil ▁and ▁gas ▁helicopter ▁market ▁and ▁is ▁a ▁key ▁supplier ▁to ▁the ▁Ministry ▁of ▁Defence . 

 Air bus ▁Group ’ s ▁ 4 5 0 ▁apprentices , ▁collaborations ▁with ▁more ▁than ▁ 2 0 ▁British ▁universities ▁and ▁annual ▁spend ▁of ▁£ 5 0 0 M ▁in ▁UK ▁R & D ▁make ▁it ▁a ▁champion ▁of ▁UK ▁innovation ▁and ▁skills . 

 We ▁develop ▁breakthrough ▁products ▁and ▁systems , ▁and ▁address ▁technology ▁critical ▁issues ▁for ▁our ▁clients ▁worldwide . ▁Established ▁over ▁ 5 0 ▁years ▁ago , ▁we ▁employ ▁a ▁team ▁of ▁more ▁than ▁ 4 0 0 ▁engineers ,"
engineer,9736,"▁interested ▁parties , ▁together ▁with ▁engineers ▁and ▁experts ▁retained ▁by ▁them , ▁assembled ▁at ▁the ▁scene ▁to ▁examine ▁the ▁boiler ▁which ▁had ▁been ▁kept ▁undisturbed . ▁Several ▁of ▁them ▁testified ▁that ▁they ▁had ▁noticed ▁the ▁absence ▁of ▁the ▁dirt ▁leg ▁and ▁the ▁screen ▁in ▁the ▁gas ▁line ▁connected ▁to ▁the ▁boiler . ▁The ▁main ▁valve ▁was ▁examined ▁as ▁to ▁its ▁external ▁indicator ▁and ▁the ▁testimony ▁varies ▁from ▁the ▁statement ▁that ▁it ▁was ▁apparently ▁closed , ▁through ▁slightly ▁open ▁to ▁one - third ▁open . ▁The ▁boiler ▁inspector ▁testified ▁that ▁he ▁assumed ▁that ▁it ▁was ▁open . ▁It ▁does ▁not ▁appear ▁that ▁any ▁organized ▁procedure ▁was ▁followed ▁so ▁that ▁each ▁expert ▁present ▁observed ▁all ▁of ▁the ▁matters ▁testified ▁to . 
 The ▁main ▁valve ▁was ▁then ▁disassembled ."
engineer,9736,"ated ▁layout ▁Strategies ▁of ▁Engineering ▁Assignment ▁Help ▁like ▁procedure , ▁illustrations , ▁cryptography , ▁execution ▁assessment , ▁etc . ▁At ▁that ▁point ▁you ▁should ▁go ▁no ▁put ▁else , ▁as ▁you ▁have ▁formally ▁uncovered ▁the ▁ideal ▁position . 

 As ▁In ▁the ▁event ▁the ▁predic aments ▁were ▁not ▁sophisticated ▁adequate ▁now , ▁the ▁rising ▁amount ▁of ▁Engineering ▁aspirants ▁in ▁Australia ▁has ▁taken ▁the ▁Opposition ▁for ▁the ▁sky - superior ▁stage . 

 Typically , ▁folks ▁Consider ▁engineering ▁is ▁often ▁a ▁freshly ▁obtained ▁ability ▁of ▁human ▁beings , ▁came ▁in ▁the ▁modern ▁age . ▁Even ▁so , ▁In ▁case ▁the ▁definition ▁of ▁engineering ▁is ▁a ▁little ▁broadened ▁then ▁we ▁will ▁realize ▁even ▁cave men ▁ended ▁up ▁good ▁engineering , ▁as ▁they ▁tamed ▁hearth ▁and ▁designed ▁lots ▁of ▁resources"
engineer,9736,"ated ▁layout ▁Strategies ▁of ▁Engineering ▁Assignment ▁Help ▁like ▁procedure , ▁illustrations , ▁cryptography , ▁execution ▁assessment , ▁etc . ▁At ▁that ▁point ▁you ▁should ▁go ▁no ▁put ▁else , ▁as ▁you ▁have ▁formally ▁uncovered ▁the ▁ideal ▁position . 

 As ▁In ▁the ▁event ▁the ▁predic aments ▁were ▁not ▁sophisticated ▁adequate ▁now , ▁the ▁rising ▁amount ▁of ▁Engineering ▁aspirants ▁in ▁Australia ▁has ▁taken ▁the ▁Opposition ▁for ▁the ▁sky - superior ▁stage . 

 Typically , ▁folks ▁Consider ▁engineering ▁is ▁often ▁a ▁freshly ▁obtained ▁ability ▁of ▁human ▁beings , ▁came ▁in ▁the ▁modern ▁age . ▁Even ▁so , ▁In ▁case ▁the ▁definition ▁of ▁engineering ▁is ▁a ▁little ▁broadened ▁then ▁we ▁will ▁realize ▁even ▁cave men ▁ended ▁up ▁good ▁engineering , ▁as ▁they ▁tamed ▁hearth ▁and ▁designed ▁lots ▁of ▁resources"
engineer,9736,". ▁Elsevier , ▁Bark ing , ▁UK ). 
 Furthermore , ▁because ▁is omal tu lose ▁has ▁an ▁accessible ▁carbonyl ▁group , ▁it ▁has ▁attracted ▁attention ▁as ▁a ▁renewable ▁starting ▁material ▁for ▁the ▁manufacture ▁of ▁bio products ▁such ▁as ▁polymers ▁and ▁surfactants ▁with ▁potential ▁advantages ▁over ▁substances ▁manufactured ▁from ▁petroleum ▁( Cart arius ▁et ▁al ., ▁ 2 0 0 1 , ▁Chemical ▁Engineering ▁and ▁Technology ▁ 2 4 : ▁ 5 5 A - 5 9 A ; ▁Kun z , ▁ 1 9 9 3 , ▁From ▁sucrose ▁to ▁sem isy nthe tical ▁polymers . ▁In : ▁Carbo hydrates ▁as ▁Organic ▁Raw ▁Materials ▁II ▁( G ▁Des co tes , ▁ed .) ▁pp ▁ 1 3 5 - 1 6 1 . ▁V CH ,"
engineer,9736,", ▁the ▁market ▁is ▁spread ▁across , ▁Europe , ▁North ▁America , ▁Asia ▁Pacific , ▁and ▁Rest ▁of ▁the ▁World . ▁Amongst ▁the ▁pack , ▁Asia ▁Pacific ▁holds ▁a ▁lion ▁share ▁due ▁significant ▁contribution ▁made ▁by ▁China . ▁Some ▁of ▁the ▁major ▁prominent ▁players ▁are ▁present ▁in ▁this ▁country , ▁allowing ▁the ▁region ▁to ▁hold ▁maximum ▁share ▁in ▁the ▁years ▁to ▁come . ▁Some ▁of ▁the ▁major ▁players ▁in ▁the ▁market ▁are ▁Honeywell , ▁Siemens , ▁T & D ▁Engineering , ▁IDS ▁GmbH , ▁GE , ▁and ▁Yok og awa . <bos> do ▁you ▁want ▁to ▁not ▁to ▁worry ▁about ▁website ▁you ▁download ▁drivers ▁from ? ▁you ▁won ' t . ▁because ▁our ▁website ▁has ▁secure ▁certificate ▁( SSL ) ▁and ▁your ▁downloads ▁are ▁secure . ▁come"
engineer,9736,"▁Process ▁Control ▁in ▁Engineering ; ▁August ▁ 1 9 9 0 , ▁pp . ▁ 3 4 - 3 5 . ▁That ▁system ▁measures ▁continuously ▁the ▁concentration ▁of ▁suspended ▁solids ▁in ▁the ▁total ▁flow ▁of ▁incoming ▁slurry , ▁the ▁flow ▁ra ze ▁of ▁the ▁slurry ▁and ▁the ▁turbidity ▁of ▁the ▁material ▁leaving ▁the ▁full ▁size ▁industrial ▁settling ▁unit . ▁The ▁turbidity ▁is ▁the ▁control ▁parameter ▁for ▁the ▁flocc ulant ▁dosage ▁system . 
 In ▁Eisen la uer ▁et ▁al ▁"" Z . ▁Wasser ▁Ab wasser ▁Forsch ."" ▁ 1 6 , ▁( 1 9 8 3 ) ▁pp . ▁ 9 - 1 5 ▁there ▁is ▁described ▁a ▁process ▁for ▁the ▁control ▁of ▁flocc ulant ▁to ▁a ▁settler ▁which ▁involves ▁adding ▁a ▁varying ▁amount ▁of ▁flocc ulant"
engineer,9736,"]{ }, ▁ 1 7 2 ▁( 1 9 2 7 ). ▁Heisenberg , ▁W . ▁[* Ze itschrift ▁für ▁Physik *] {} ▁[ ** 4 9 ** ]{ }, ▁ 6 1 9 ▁( 1 9 2 8 ). ▁Dirac , ▁P . ▁A . ▁M . ▁[* Proceedings ▁of ▁the ▁Royal ▁Society ▁of ▁London ▁A : ▁Mathematical , ▁Physical ▁and ▁Engineering ▁Sciences *] {} ▁( The ▁Royal ▁Society , ▁ 1 9 2 9 ). 

 Anderson , ▁P . ▁W . ▁[* Phys . ▁Rev . *] {} ▁[ ** 1 1 5 ** ]{ }, ▁ 2 ▁( 1 9 5 9 ). ▁D zy al osh insky , ▁I . ▁[* Journal ▁of ▁Physics ▁and ▁Chemistry ▁of ▁Solids *] {} ▁[ **"
engineer,9736,"]{ }, ▁ 1 7 2 ▁( 1 9 2 7 ). ▁Heisenberg , ▁W . ▁[* Ze itschrift ▁für ▁Physik *] {} ▁[ ** 4 9 ** ]{ }, ▁ 6 1 9 ▁( 1 9 2 8 ). ▁Dirac , ▁P . ▁A . ▁M . ▁[* Proceedings ▁of ▁the ▁Royal ▁Society ▁of ▁London ▁A : ▁Mathematical , ▁Physical ▁and ▁Engineering ▁Sciences *] {} ▁( The ▁Royal ▁Society , ▁ 1 9 2 9 ). 

 Anderson , ▁P . ▁W . ▁[* Phys . ▁Rev . *] {} ▁[ ** 1 1 5 ** ]{ }, ▁ 2 ▁( 1 9 5 9 ). ▁D zy al osh insky , ▁I . ▁[* Journal ▁of ▁Physics ▁and ▁Chemistry ▁of ▁Solids *] {} ▁[ **"
engineer,9736,"▁a ▁soldier . ▁The ▁memorial ▁was ▁designed ▁by ▁a ▁Danish ▁sculptor ▁named ▁Carl ▁Ro hl - Smith . ▁It ▁was ▁dedicated ▁on ▁Oct . ▁ 1 5 , ▁ 1 9 0 3 . 

 The ▁northwest ▁soldier ▁is ▁an ▁infantry man , ▁holding ▁his ▁rifle ▁by ▁the ▁barrel , ▁with ▁the ▁butt ▁resting ▁on ▁the ▁ground . ▁The ▁southwest ▁soldier ▁is ▁an ▁engineer , ▁holding ▁his ▁rifle ▁in ▁the ▁same ▁position . ▁He ▁also ▁carries ▁a ▁cylinder ▁or ▁tube , ▁about ▁ 3 ▁feet ▁long . ▁Perhaps ▁it ▁contains ▁surveying ▁instruments . ▁The ▁southeast ▁soldier ▁is ▁a ▁cavalry man , ▁with ▁sword ▁pointed ▁upward ▁across ▁his ▁left ▁shoulder . ▁At ▁the ▁northeast ▁is ▁an ▁artillery man ▁— ▁whose ▁hands ▁close ▁upon ▁empty ▁air . 

 When"
engineer,9736,". 

 Introduction 
 ============ 

 Background 
 ========== 

 Main ▁results 
 ============ 

 Proof s ▁of ▁the ▁main ▁results 
 ================ ========== 

 [^ 1 ]: ▁Dept .   of ▁Electrical , ▁Computer , ▁and ▁Energy ▁Engineering , ▁University ▁of ▁Colorado ▁at ▁Boulder . 

 [^ 2 ]: ▁Dept .   of ▁Statistics , ▁Columbia ▁University . 

 [^ 3 ]: ▁Dept .   of ▁Electrical ▁and ▁Computer ▁Engineering , ▁Rice ▁University . 
 <bos> Sub bar am iah ▁Min ak sh is und aram 

 Sub bar am iah ▁Min ak sh is und aram ▁( 1 2 ▁October ▁ 1 9 1 3 , ▁Trich ur ▁– 
 1 3 ▁August ▁ 1 9 6 8 , ▁Kerala ) ▁was ▁an ▁Indian ▁mathematician"
engineer,9736,"▁one ▁of ▁those ▁"" obvious ▁in ▁hindsight "" ▁mistakes ▁that ▁clearly ▁represents ▁an ▁opportunity ▁for ▁all ▁operators ▁in ▁every ▁such ▁site ▁to ▁review ▁their ▁similar ▁equipment ▁and ▁ensure ▁that ▁it ▁doesn ' t ▁suffer ▁from ▁the ▁same ▁design ▁flaw . 

 Engineering ▁is ▁hard . ▁Things ▁happen ▁that ▁you ▁didn ' t ▁expect , ▁and ▁you ▁have ▁to ▁study ▁your ▁mistakes , ▁learn ▁from ▁them , ▁explore ▁alternatives , ▁test ▁systems , ▁and ▁revise , ▁revise , ▁revise . ▁As ▁the ▁article ▁notes , ▁we ' ve ▁learned ▁a ▁great ▁deal ▁from ▁the ▁tragedy ▁at ▁Fukushima , ▁and ▁we ▁need ▁to ▁continue ▁to ▁learn ▁more . 

 I ' m ▁not ▁a ▁nuclear ▁engineer , ▁but ▁I ▁am ▁immensely ▁grateful ▁for ▁efforts ▁such ▁as ▁this ▁one ,"
engineer,9736,", ▁let ' s ▁modify ▁following ▁annotation ▁that ▁is ▁usually ▁placed ▁onto ▁some ▁@ Configuration ▁class ▁or ▁onto ▁@ SpringBoot Application - ed ▁class 
 @ Enable Jpa Repositories ( 
 ▁▁▁▁▁▁▁▁ base Packages ▁= ▁{"" org . example . repositories ""}, 
 ▁▁▁▁▁▁▁▁ repository Base Class ▁= ▁Base JpaRepository Impl . class 
 ) 

 P . S . ▁Another ▁viable ▁approach ▁is ▁to ▁use ▁Spring ▁A OP . ▁You ▁can ▁also ▁check ▁out ▁similar ▁Question ▁here 

 <bos> Andrew ▁Str oup 

 Andrew ▁My ung ▁Str oup ▁( born ▁May ▁ 2 2 , ▁ 1 9 8 5 ) ▁is ▁an ▁engineer ▁and ▁entrepreneur , ▁best ▁known ▁as ▁a ▁participant ▁on ▁the ▁first ▁season ▁of ▁the ▁Discovery ▁Channel ' s ▁The ▁Big ▁Brain ▁Theory"
engineer,9736,"

 looking ▁for ▁a ▁real ▁woman ▁- ▁im ▁a ▁ 2 3 ▁year ▁old ▁full time ▁college ▁student ▁that ▁is ▁curent ly ▁living ▁with ▁family ▁because ▁of ▁financial ▁difficulty s , ▁i ▁like ▁the ▁outdoors , ▁and ▁being ▁spontaneous ▁but ▁like ▁to ▁also ▁stay ▁home ▁and ▁spend ▁time ▁with ▁the ▁ones ▁i ▁care ▁about 

 Hi ▁there ▁- ▁Hello , ▁I ' m ▁Collin , ▁I ' m ▁a ▁struct ual ▁engineer ▁working ▁for ▁Bech tel . ▁I ' m ▁a ▁pretty ▁easy ▁going ▁guy . ▁I ▁love ▁the ▁outdoors , ▁going ▁to ▁shows , ▁hanging ▁out ▁with ▁family ▁and ▁friends , ▁writing ▁and ▁playing ▁guitar . 

 Try ▁our ▁Milton ▁Free water ▁dating ▁service ▁today . ▁Match maker . com ▁is ▁one ▁of ▁the ▁oldest ▁Milton"
engineer,9736,"One ▁contentious ▁game ▁play ▁element ▁in ▁Habitat ▁was ▁"" Player ▁vs . ▁Player "" ▁or ▁"" PvP "" ▁killing . ▁Experienced ▁players ▁were ▁able ▁to ▁hand ily ▁murder ▁noo bs , ▁which ▁made ▁the ▁game ▁less ▁fun ▁for ▁everyone ▁but ▁those ▁who ' d ▁been ▁there ▁the ▁longest . ▁In ▁addition , ▁the ▁very ▁concept ▁of ▁virtual ▁murder ▁was ▁controversial . ▁It ▁didn ' t ▁take ▁long ▁for ▁trolls ▁to ▁start ▁randomly ▁killing ▁other ▁players ▁as ▁they ▁wandered ▁around ▁the ▁virtual ▁town . ▁But ▁if ▁the ▁engineers ▁were ▁to ▁dis allow ▁PvP ▁killing ▁entirely , ▁they ▁would ▁rob ▁players ▁of ▁the ▁thrill ▁of ▁danger ▁and ▁the ▁joys ▁of ▁conquest . ▁The ▁moderators ▁held ▁a ▁pool , ▁asking ▁if ▁killing ▁should ▁be ▁allowed ▁in ▁Habitat . ▁The ▁results"
engineer,9736,"▁University . ▁This ▁work ▁used ▁the ▁Extreme ▁Science ▁and ▁Engineering ▁Discovery ▁Environment ▁( XS EDE ), ▁which ▁is ▁supported ▁by ▁NSF ▁grant ▁ACI - 1 0 5 3 5 7 5 . ▁Comput ations ▁were ▁performed ▁on ▁the ▁G PC ▁super computer ▁at ▁the ▁Sci Net ▁HPC ▁consortium . ▁Sci Net ▁is ▁funded ▁by ▁the ▁Canada ▁Foundation ▁for ▁Innovation ▁under ▁the ▁auspices ▁of ▁Compute ▁Canada , ▁the ▁Government ▁of ▁Ontario , ▁the ▁Ontario ▁Research ▁Fund ▁— ▁Research ▁Excellence , ▁and ▁the ▁Univ .   of ▁Toronto . 

 [^ 1 ]: ▁For ▁example , ▁higher ▁order ▁moments   [@ Bern arde au 1 9 9 7 ; ▁@ Hui 1 9 9 9 ; ▁@ van Wa er beke 2 0 0 1 ; ▁@ Tak ada"
engineer,9736,"0 x 4 D ▁ 0 x 0 8 ]. 
 ▁▁▁ * 
 ▁▁▁ * ▁▁▁ FT _ LCD _ FILTER _ LIGHT ▁:: 
 ▁▁▁ * ▁▁▁▁▁ The ▁light ▁filter ▁is ▁a ▁variant ▁that ▁is ▁sharper ▁at ▁the ▁cost ▁of 
 ▁▁▁ * ▁▁▁▁▁ slightly ▁more ▁color ▁fringes ▁than ▁the ▁default ▁one . 
 ▁▁▁ * 
 ▁▁▁ * ▁▁▁▁▁ It ▁is ▁a ▁box y , ▁normalized , ▁and ▁color - balanced ▁three - tap ▁filter ▁that 
 ▁▁▁ * ▁▁▁▁▁ is ▁less ▁forgiving ▁to ▁screens ▁with ▁non - ideal ▁gamma ▁curves ▁and 
 ▁▁▁ * ▁▁▁▁▁ viewing ▁angles . ▁▁ This ▁filter ▁works ▁best ▁when ▁the ▁rendering ▁system 
 ▁▁▁ * ▁▁▁▁▁ uses ▁linear ▁alpha ▁blending ▁and ▁gamma ▁correction ▁to ▁render ▁glyph s 
"
engineer,9736,"▁Philadelphia , ▁PA ▁ 1 9 1 2 2 , ▁USA ' 
 author : 
 - ▁G ▁Sc iol la 
 - ▁C ▁J ▁Mar toff 
 bibliography : 
 - ▁' all \_ DM . bib ' 
 title : ▁G aseous ▁Dark ▁Matter ▁Detectors 
 --- 

 Introduction 
 ============ 

 Astronom ical ▁and ▁cosmological ▁observations ▁have ▁recently ▁shown ▁that ▁Dark ▁Matter ▁( DM ) ▁is ▁responsible ▁for ▁ 2 3 % ▁of ▁the ▁energy ▁budget ▁of ▁the ▁Universe ▁and ▁ 8 3 % ▁of ▁its ▁mass   [@ H ins haw 2 0 0 8 ]. ▁The ▁most ▁promising ▁candidate ▁for ▁Dark ▁Matter ▁is ▁the ▁so - called ▁Weak ly ▁Inter acting ▁Massive ▁Particle ▁( W IMP ). ▁The ▁existence ▁of ▁W IM"
engineer,9736,"▁close ▁to ▁the ▁gap . ▁For ▁large ▁det un ings , ▁the ▁strong ▁exchange ▁field ▁along ▁the ▁$ z $ ▁direction ▁averages ▁out ▁the ▁pseud osp in ▁accumulation ▁along ▁the ▁$ x $ ▁and ▁$ y $ ▁direction . ▁As ▁a ▁consequence , ▁the ▁charge ▁current ▁tends ▁to ▁zero . 

 ![ \[ fig : I hline \] Linear - response ▁heat ▁current ▁$ I ^ h $ ▁as ▁a ▁function ▁of ▁( a ) ▁phase ▁difference ▁$\ phi $ ▁and ▁( b ) ▁det uning ▁$\ delta $. ▁Parameters ▁as ▁in ▁Fig .   \[ fig : I clin \] .] ( I heat _ lin _ phi . pdf ▁"" fig : ""){ width =""\ columnwidth ""} ▁! [ \[ fig : I hline \]"
engineer,9736,"▁can ▁identify ▁television ▁shows ▁with ▁the ▁same ▁technique ▁of ▁acoustic ▁finger printing . ▁Of ▁course , ▁this ▁method ▁of ▁breaking ▁down ▁a ▁sound ▁sample ▁into ▁a ▁unique ▁signature ▁is ▁useless ▁unless ▁there ▁is ▁an ▁extensive ▁database ▁of ▁music ▁with ▁keys ▁to ▁match ▁with ▁the ▁samples . ▁Sha zam ▁has ▁over ▁ 1 1 ▁million ▁songs ▁in ▁its ▁database . 

 Other ▁services ▁such ▁as ▁Mid omi ▁and ▁Sound hound ▁allow ▁users ▁to ▁add ▁to ▁that ▁library ▁of ▁music ▁in ▁order ▁to ▁expand ▁the ▁chances ▁to ▁match ▁a ▁sound ▁sample ▁with ▁its ▁corresponding ▁sound . 

 Query ▁by ▁Hum ming 
 Mid omi ▁and ▁Sound hound ▁both ▁utilize ▁query ▁by ▁humming . ▁This ▁is ▁a ▁branch ▁off ▁of ▁acoustic ▁fingerprints , ▁but ▁is ▁still ▁a ▁musical ▁retrieval ▁system"
engineer,9736,"▁images ▁of ▁random ▁nanos cale ▁rods ▁( R NR s ) ▁obtained ▁under ▁different ▁plasma ▁etching ▁conditions : ▁( ** a **) ▁R NR s ▁ 1 , ▁( ** b **) ▁R NR s ▁ 2 , ▁( ** c **) ▁R NR s ▁ 3 , ▁and ▁( ** d **) ▁R NR s ▁ 4 , ▁and ▁( ** e **) ▁schematic ▁illustration ▁of ▁OLED ▁out coupling ▁enhancement ▁by ▁the ▁R NR ▁scattering ▁layer . 

 It ▁is ▁desirable ▁to ▁fabricate ▁a ▁nan ost ru cture ▁of ▁proper ▁height ▁and ▁periodicity ▁that ▁is ▁comparable ▁to ▁the ▁wavelength ▁of ▁the ▁visible ▁range ▁in ▁order ▁to ▁enhance ▁light ▁extraction . ▁For ▁manufacturing ▁R NR s , ▁SU - 8 ▁polymer ▁was ▁chosen ▁because ▁it ▁is ▁highly"
doctor,9631,"6 ▁families ▁moved ▁out ▁of ▁the ▁slums ▁and ▁into ▁the ▁newly ▁created ▁Kap uti ei ▁town ▁with ▁nearly ▁ 1 , 8 0 0 ▁families ▁to ▁follow . ▁For ▁the ▁same ▁monthly ▁mortgage ▁they ▁had ▁paid ▁for ▁their ▁one - room ▁sha cks , ▁each ▁family ▁now ▁lives ▁in ▁a ▁home ▁with ▁two ▁bedrooms , ▁a ▁bath , ▁a ▁kitchen ▁and ▁a ▁living ▁room . ▁But ▁this ▁is ▁ultra ▁sub - prime ▁lending ▁that ▁works ▁because ▁in ▁order ▁to ▁qualify ▁for ▁a ▁mortgage ▁the ▁residents ▁have ▁to ▁have ▁successfully ▁repaid ▁three ▁micro - business ▁loans . 

 Where ▁does ▁Munro ’ s ▁capacity ▁to ▁innovate ▁and ▁defy ▁conventional ▁wisdom ▁in ▁the ▁micro finance ▁field ▁come ▁from ? ▁It ▁started ▁ 2 0 ▁years ▁ago ▁when ▁she ▁and"
doctor,9631,"6 ▁families ▁moved ▁out ▁of ▁the ▁slums ▁and ▁into ▁the ▁newly ▁created ▁Kap uti ei ▁town ▁with ▁nearly ▁ 1 , 8 0 0 ▁families ▁to ▁follow . ▁For ▁the ▁same ▁monthly ▁mortgage ▁they ▁had ▁paid ▁for ▁their ▁one - room ▁sha cks , ▁each ▁family ▁now ▁lives ▁in ▁a ▁home ▁with ▁two ▁bedrooms , ▁a ▁bath , ▁a ▁kitchen ▁and ▁a ▁living ▁room . ▁But ▁this ▁is ▁ultra ▁sub - prime ▁lending ▁that ▁works ▁because ▁in ▁order ▁to ▁qualify ▁for ▁a ▁mortgage ▁the ▁residents ▁have ▁to ▁have ▁successfully ▁repaid ▁three ▁micro - business ▁loans . 

 Where ▁does ▁Munro ’ s ▁capacity ▁to ▁innovate ▁and ▁defy ▁conventional ▁wisdom ▁in ▁the ▁micro finance ▁field ▁come ▁from ? ▁It ▁started ▁ 2 0 ▁years ▁ago ▁when ▁she ▁and"
doctor,9631,"6 ▁families ▁moved ▁out ▁of ▁the ▁slums ▁and ▁into ▁the ▁newly ▁created ▁Kap uti ei ▁town ▁with ▁nearly ▁ 1 , 8 0 0 ▁families ▁to ▁follow . ▁For ▁the ▁same ▁monthly ▁mortgage ▁they ▁had ▁paid ▁for ▁their ▁one - room ▁sha cks , ▁each ▁family ▁now ▁lives ▁in ▁a ▁home ▁with ▁two ▁bedrooms , ▁a ▁bath , ▁a ▁kitchen ▁and ▁a ▁living ▁room . ▁But ▁this ▁is ▁ultra ▁sub - prime ▁lending ▁that ▁works ▁because ▁in ▁order ▁to ▁qualify ▁for ▁a ▁mortgage ▁the ▁residents ▁have ▁to ▁have ▁successfully ▁repaid ▁three ▁micro - business ▁loans . 

 Where ▁does ▁Munro ’ s ▁capacity ▁to ▁innovate ▁and ▁defy ▁conventional ▁wisdom ▁in ▁the ▁micro finance ▁field ▁come ▁from ? ▁It ▁started ▁ 2 0 ▁years ▁ago ▁when ▁she ▁and"
doctor,9631,"public - web auth n /""> public - web auth n @ w 3 . org ▁archives </ a >. 
 ▁▁ </ p > 
 ▁▁ < p > 
 ▁▁▁▁ Publication ▁as ▁an ▁Editors ' ▁Draft ▁does ▁not ▁imply ▁endorsement ▁by ▁the 
 ▁▁▁▁ < abbr ▁title ="" World ▁Wide ▁Web ▁Consortium ""> W 3 C </ abbr > ▁Membership . ▁This ▁is ▁a ▁draft ▁document ▁and ▁may 
 ▁▁▁▁ be ▁updated , ▁replaced ▁or ▁ob so leted ▁by ▁other ▁documents ▁at ▁any ▁time . ▁It ▁is ▁inappropriate ▁to ▁cite 
 ▁▁▁▁ this ▁document ▁as ▁other ▁than ▁work ▁in ▁progress . 
 ▁▁ </ p > 
 ▁▁ < p > 
 ▁▁▁▁ This ▁document ▁was ▁produced ▁by ▁a ▁group ▁operating ▁under ▁the 
 ▁▁▁▁"
doctor,9631,"public - web auth n /""> public - web auth n @ w 3 . org ▁archives </ a >. 
 ▁▁ </ p > 
 ▁▁ < p > 
 ▁▁▁▁ Publication ▁as ▁an ▁Editors ' ▁Draft ▁does ▁not ▁imply ▁endorsement ▁by ▁the 
 ▁▁▁▁ < abbr ▁title ="" World ▁Wide ▁Web ▁Consortium ""> W 3 C </ abbr > ▁Membership . ▁This ▁is ▁a ▁draft ▁document ▁and ▁may 
 ▁▁▁▁ be ▁updated , ▁replaced ▁or ▁ob so leted ▁by ▁other ▁documents ▁at ▁any ▁time . ▁It ▁is ▁inappropriate ▁to ▁cite 
 ▁▁▁▁ this ▁document ▁as ▁other ▁than ▁work ▁in ▁progress . 
 ▁▁ </ p > 
 ▁▁ < p > 
 ▁▁▁▁ This ▁document ▁was ▁produced ▁by ▁a ▁group ▁operating ▁under ▁the 
 ▁▁▁▁"
doctor,9631,"in ▁this ▁day ▁and ▁age ▁how ▁come ▁we ▁don ' t ▁see ▁laptops ▁carry ▁a ▁physical ▁on / off 
 switch ▁for ▁the ▁microphone ▁and ▁camera ? 

 ~~~ 
 Shan ea 9 3 
 This ▁is ▁the ▁day ▁and ▁age ▁of ▁removing ▁headphone ▁jacks ▁to ▁make ▁a ▁phone ▁slim mer , 
 taking ▁away ▁your ▁disk ▁drive , ▁etc . ▁Most ▁companies ▁care ▁more ▁about ▁aesthetics 
 than ▁functionality ▁at ▁this ▁point . 

 ~~~ 
 oj ii 
 can ▁I ▁have ▁a ▁laptop ▁without ▁a ▁webcam / integrated ▁mic ▁then ? 

 ~~~ 
 so yl ent cola 
 How ▁courageous ▁of ▁you ! 

 ------ 
 aw es omer obot 
 Also ▁remove ▁your ▁microphone ▁and ▁don ' t ▁use ▁a ▁keyboard ? ▁If"
doctor,9631,"in ▁this ▁day ▁and ▁age ▁how ▁come ▁we ▁don ' t ▁see ▁laptops ▁carry ▁a ▁physical ▁on / off 
 switch ▁for ▁the ▁microphone ▁and ▁camera ? 

 ~~~ 
 Shan ea 9 3 
 This ▁is ▁the ▁day ▁and ▁age ▁of ▁removing ▁headphone ▁jacks ▁to ▁make ▁a ▁phone ▁slim mer , 
 taking ▁away ▁your ▁disk ▁drive , ▁etc . ▁Most ▁companies ▁care ▁more ▁about ▁aesthetics 
 than ▁functionality ▁at ▁this ▁point . 

 ~~~ 
 oj ii 
 can ▁I ▁have ▁a ▁laptop ▁without ▁a ▁webcam / integrated ▁mic ▁then ? 

 ~~~ 
 so yl ent cola 
 How ▁courageous ▁of ▁you ! 

 ------ 
 aw es omer obot 
 Also ▁remove ▁your ▁microphone ▁and ▁don ' t ▁use ▁a ▁keyboard ? ▁If"
doctor,9631,"▁heading ▁toward ▁full ▁implementation , ▁and ▁employers ▁everywhere ▁are ▁screaming ▁for ▁an ▁end ▁to ▁runaway ▁healthcare ▁spending . ▁Pay ers ▁are ▁looking ▁harder ▁than ▁ever ▁to ▁find ▁ways ▁to ▁cut ▁out ▁waste ▁in ▁the ▁system . ▁Life ▁science ▁investors ▁now ▁increasingly ▁want ▁to ▁know ▁how ▁the ▁new ▁products ▁in ▁the ▁pipeline ▁of ▁today ▁will ▁thrive ▁in ▁the ▁cost - constrained ▁environment ▁of ▁tomorrow . 

 How ▁is ▁your ▁biotech ▁company ▁adapting ▁to ▁the ▁new ▁reality ? ▁This ▁is ▁one ▁of ▁the ▁big ▁questions ▁every ▁life ▁sciences ▁company ▁needs ▁to ▁be ▁thinking ▁about . ▁So ▁I ’ m ▁excited ▁to ▁pull ▁together ▁a ▁stellar ▁lineup ▁of ▁speakers ▁to ▁discuss ▁this ▁trend ▁at ▁the ▁next ▁big ▁X conom y ▁event —“ Bio tech ▁in ▁the ▁Belt - Tight ening"
doctor,9631,"▁Diamond , ▁Rey 

 2 0 2 0 

 Diamond , ▁Rey 

 This ▁is ▁an ▁open ▁access ▁article ▁distributed ▁under ▁the ▁terms ▁of ▁the 

 Creative ▁Commons ▁Attribution ▁License 

 , ▁which ▁permits ▁unrestricted ▁use , ▁distribution , ▁and ▁reproduction ▁in ▁any ▁medium , ▁provided ▁the ▁original ▁author ▁and ▁source ▁are ▁credited . 

 2 5 ▁Feb ▁ 2 0 2 0 

 Dear ▁Dr . ▁Gong , 

 Thank ▁you ▁very ▁much ▁for ▁submitting ▁your ▁manuscript ▁\"" A ▁conformation - based ▁intra - molecular ▁initiation ▁factor ▁identified ▁in ▁the ▁fla vi virus ▁RNA - dependent ▁RNA ▁polymerase \"" ▁for ▁consideration ▁at ▁PLOS ▁Patho gens . ▁As ▁with ▁all ▁papers ▁reviewed ▁by ▁the ▁journal , ▁your ▁manuscript ▁was ▁reviewed ▁by ▁members ▁of ▁the ▁editorial ▁board ▁and"
doctor,9631,"▁Diamond , ▁Rey 

 2 0 2 0 

 Diamond , ▁Rey 

 This ▁is ▁an ▁open ▁access ▁article ▁distributed ▁under ▁the ▁terms ▁of ▁the 

 Creative ▁Commons ▁Attribution ▁License 

 , ▁which ▁permits ▁unrestricted ▁use , ▁distribution , ▁and ▁reproduction ▁in ▁any ▁medium , ▁provided ▁the ▁original ▁author ▁and ▁source ▁are ▁credited . 

 2 5 ▁Feb ▁ 2 0 2 0 

 Dear ▁Dr . ▁Gong , 

 Thank ▁you ▁very ▁much ▁for ▁submitting ▁your ▁manuscript ▁\"" A ▁conformation - based ▁intra - molecular ▁initiation ▁factor ▁identified ▁in ▁the ▁fla vi virus ▁RNA - dependent ▁RNA ▁polymerase \"" ▁for ▁consideration ▁at ▁PLOS ▁Patho gens . ▁As ▁with ▁all ▁papers ▁reviewed ▁by ▁the ▁journal , ▁your ▁manuscript ▁was ▁reviewed ▁by ▁members ▁of ▁the ▁editorial ▁board ▁and"
doctor,9631,"▁Diamond , ▁Rey 

 2 0 2 0 

 Diamond , ▁Rey 

 This ▁is ▁an ▁open ▁access ▁article ▁distributed ▁under ▁the ▁terms ▁of ▁the 

 Creative ▁Commons ▁Attribution ▁License 

 , ▁which ▁permits ▁unrestricted ▁use , ▁distribution , ▁and ▁reproduction ▁in ▁any ▁medium , ▁provided ▁the ▁original ▁author ▁and ▁source ▁are ▁credited . 

 2 5 ▁Feb ▁ 2 0 2 0 

 Dear ▁Dr . ▁Gong , 

 Thank ▁you ▁very ▁much ▁for ▁submitting ▁your ▁manuscript ▁\"" A ▁conformation - based ▁intra - molecular ▁initiation ▁factor ▁identified ▁in ▁the ▁fla vi virus ▁RNA - dependent ▁RNA ▁polymerase \"" ▁for ▁consideration ▁at ▁PLOS ▁Patho gens . ▁As ▁with ▁all ▁papers ▁reviewed ▁by ▁the ▁journal , ▁your ▁manuscript ▁was ▁reviewed ▁by ▁members ▁of ▁the ▁editorial ▁board ▁and"
doctor,9631,"

 “ You ▁must ▁understand , ▁this ▁is ▁one ▁of ▁those ▁moments .” ▁“ What ▁moments ?” ▁“ One ▁of ▁the ▁moments ▁you ▁keep ▁to ▁yourself ,” ▁he ▁said . ▁“ What ▁do ▁you ▁mean ?” ▁I ▁said . ▁“ why ?” ▁“ We ’ re ▁in ▁a ▁war ,” ▁he ▁said . ▁“ The ▁story ▁of ▁this ▁war — dates , ▁names , ▁who ▁started ▁it , ▁why — that ▁belongs ▁to ▁everyone . ▁[ … .] ▁But ▁something ▁like ▁this — this ▁is ▁yours . ▁It ▁belongs ▁only ▁to ▁you . ▁And ▁me . ▁Only ▁to ▁us ” ▁( 5 6 ). ▁This ▁moment , ▁in ▁Té a ▁Obre ht ’ s ▁lyrical ▁first ▁novel , ▁The ▁Tiger ’ s ▁Wife , ▁tells ▁you ▁the"
doctor,9631,"Getty ▁Images ▁for ▁Gospel ▁Music ▁Association 

 “ This ▁Is ▁How ▁We ▁Do ▁It ” ▁singer ▁Mon tell ▁Jordan ▁insists ▁he ’ s ▁no ▁dead beat ▁taxpayer ▁— ▁telling ▁TMZ , ▁he ’ s ▁already ▁paid ▁his ▁$ 6 1 7 , 0 0 0 ▁tax ▁bill ▁… ▁the ▁money ▁just ▁hasn ’ t ▁made ▁its ▁way ▁into ▁the ▁pockets ▁of ▁the ▁IRS ▁… ▁yet . 

 TM Z ▁broke ▁the ▁story , ▁the ▁IRS ▁filed ▁a ▁Federal ▁Tax ▁Lien ▁against ▁Jordan ▁recently , ▁claiming ▁the ▁singer ▁still ▁owes ▁$ 6 1 7 , 9 8 7 . 0 6 ▁in ▁back ▁taxes ▁from ▁ 1 9 9 9 - 2 0 0 1 . 

 But ▁it ’ s ▁not ▁so ▁cut ▁and ▁dry . ▁Mon"
doctor,9631,"Getty ▁Images ▁for ▁Gospel ▁Music ▁Association 

 “ This ▁Is ▁How ▁We ▁Do ▁It ” ▁singer ▁Mon tell ▁Jordan ▁insists ▁he ’ s ▁no ▁dead beat ▁taxpayer ▁— ▁telling ▁TMZ , ▁he ’ s ▁already ▁paid ▁his ▁$ 6 1 7 , 0 0 0 ▁tax ▁bill ▁… ▁the ▁money ▁just ▁hasn ’ t ▁made ▁its ▁way ▁into ▁the ▁pockets ▁of ▁the ▁IRS ▁… ▁yet . 

 TM Z ▁broke ▁the ▁story , ▁the ▁IRS ▁filed ▁a ▁Federal ▁Tax ▁Lien ▁against ▁Jordan ▁recently , ▁claiming ▁the ▁singer ▁still ▁owes ▁$ 6 1 7 , 9 8 7 . 0 6 ▁in ▁back ▁taxes ▁from ▁ 1 9 9 9 - 2 0 0 1 . 

 But ▁it ’ s ▁not ▁so ▁cut ▁and ▁dry . ▁Mon"
doctor,9631,"? 

 This ▁is ▁a ▁red ▁herring . 

 The ▁FBI ▁has ▁no ▁interest ▁in ▁filming ▁you ▁through ▁your ▁webcam . 

 They ▁want ▁to ▁listen ▁to ▁your ▁microphone , ▁watch ▁your ▁screen , ▁get ▁the ▁keys ▁you ' ve 
 typed , ▁see ▁the ▁websites ▁you ' ve ▁visited , ▁read ▁the ▁emails ▁you ' ve ▁sent . 

 Watch ▁you ▁on ▁video ? ▁Nah . ▁This ▁is ▁a ▁red ▁herring . 

 That ▁is ▁the ▁reason ▁the ▁head ▁of ▁the ▁FBI ▁tells ▁you ▁to ▁cover ▁your ▁webcam . 

 I ▁wish ▁the ▁The ▁Last ▁Psychiat rist ▁would ▁come ▁back . 

 ~~~ 
 ting ol 
 The ▁FBI ▁isn ' t ▁telling ▁you ▁this ▁so ▁you ▁could ▁protect ▁yourself ▁from ▁the 
 government . ▁They"
doctor,9631,"? 

 This ▁is ▁a ▁red ▁herring . 

 The ▁FBI ▁has ▁no ▁interest ▁in ▁filming ▁you ▁through ▁your ▁webcam . 

 They ▁want ▁to ▁listen ▁to ▁your ▁microphone , ▁watch ▁your ▁screen , ▁get ▁the ▁keys ▁you ' ve 
 typed , ▁see ▁the ▁websites ▁you ' ve ▁visited , ▁read ▁the ▁emails ▁you ' ve ▁sent . 

 Watch ▁you ▁on ▁video ? ▁Nah . ▁This ▁is ▁a ▁red ▁herring . 

 That ▁is ▁the ▁reason ▁the ▁head ▁of ▁the ▁FBI ▁tells ▁you ▁to ▁cover ▁your ▁webcam . 

 I ▁wish ▁the ▁The ▁Last ▁Psychiat rist ▁would ▁come ▁back . 

 ~~~ 
 ting ol 
 The ▁FBI ▁isn ' t ▁telling ▁you ▁this ▁so ▁you ▁could ▁protect ▁yourself ▁from ▁the 
 government . ▁They"
doctor,9631,"▁as ▁a ▁“ Super max “, ▁which ▁contains ▁a ▁Death ▁Row . ▁Lif ers ▁there ▁include ▁Philadelphia ▁serial ▁killer ▁Juan ▁Covington , ▁and ▁three ▁convicts ▁await ▁execution . ▁This ▁is ▁one ▁tough ▁place . 

 “ We ▁make ▁individual ▁decisions ▁based ▁on ▁facts ,” ▁Corrections ▁Secretary ▁John ▁Wet zel ▁said ▁in ▁a ▁written ▁statement . ▁“ Given ▁the ▁high - profile ▁nature ▁of ▁this ▁individual , ▁coupled ▁with ▁the ▁nature ▁of ▁his ▁crimes , ▁this ▁makes ▁him ▁very ▁vulnerable ▁in ▁a ▁prison ▁setting .” 

 N oooo ▁kidding , ▁John ! 

 ( We ▁all ▁know ▁from ▁watching ▁TV ▁crime ▁dramas ▁what ▁happens ▁to ▁guys ▁like ▁Jer ▁in ▁da ▁Big ▁House .) 

 Just ▁how ▁effective ▁will ▁the ▁security ▁measures ▁be ? ▁Better ▁be ▁Bio hazard ▁Level"
doctor,9631,"▁obligation ▁to ▁remain ▁in ▁his ▁vehicle ▁--- ▁and ▁he ▁exited ▁his ▁vehicle ▁when ▁Martin ▁disappeared ▁from ▁sight . 

 Zimmer man ▁called ▁the ▁police ▁before ▁Martin ▁jumped ▁him ▁--- ▁and ▁MSNBC ▁deleted ▁parts ▁of ▁the ▁recorded ▁discussion ▁and ▁broadcast ▁it ▁to ▁make ▁it ▁look ▁like ▁Zimmerman ▁was ▁targeting ▁Martin ▁because ▁Martin ▁was ▁black ▁--- ▁rather ▁than ▁tail ing ▁Martin ▁because ▁he ▁was ▁wandering ▁around ▁in ▁the ▁dark ▁in ▁a ▁neighborhood ▁which ▁had ▁recently ▁suffered ▁some ▁break - ins ▁and ▁thwarted ▁other ▁break - ins . 

 This ▁was ▁MSNBC ' s ▁attempt ▁to ▁lynch ▁a ▁straw ▁horse , ▁a ▁so - called ▁"" white "" ▁Hispanic . ▁MSNBC ▁needed ▁a ▁black - white ▁confrontation ▁to ▁promote ▁their ▁own ▁racist , ▁anti - white ▁narrative ▁that ▁America ▁is"
doctor,9631,"▁he ▁wanted 
 ▁▁▁▁▁▁ to ▁represent ▁himself , ▁Judge . ▁I ▁never ▁thought — I ▁would ▁say , ▁this ▁is 
 ▁▁▁▁▁▁ my ▁opinion , ▁that ▁it ▁wouldn ’ t ▁have ▁made ▁any ▁difference . 

 ▁▁▁▁▁▁▁▁▁▁▁▁ THE ▁COURT : ▁Okay . ▁When ▁you ▁were ▁observing ▁him ▁during 
 ▁▁▁▁▁▁ the ▁course ▁of ▁the , ▁at ▁least ▁the ▁second ▁hearing ▁on ▁self - 
 ▁▁▁▁▁▁ representation , ▁when ▁combined ▁with ▁the ▁first ▁hearing ▁on ▁self - 
 ▁▁▁▁▁▁ representation , ▁how ▁adamant ▁was ▁he ▁on ▁a ▁scale ▁of ▁one ▁to ▁ten , ▁ten 
 ▁▁▁▁▁▁ being ▁the ▁highest ▁and ▁most ▁adamant , ▁about ▁representing ▁himself ? 

 ▁▁▁▁▁▁▁▁▁▁▁▁▁ [ J ONES ]: ▁Your ▁Honor , ▁I ▁would ▁say ▁he ▁was ▁a ▁ten . 

 Id . ▁at"
doctor,9631,"▁he ▁wanted 
 ▁▁▁▁▁▁ to ▁represent ▁himself , ▁Judge . ▁I ▁never ▁thought — I ▁would ▁say , ▁this ▁is 
 ▁▁▁▁▁▁ my ▁opinion , ▁that ▁it ▁wouldn ’ t ▁have ▁made ▁any ▁difference . 

 ▁▁▁▁▁▁▁▁▁▁▁▁ THE ▁COURT : ▁Okay . ▁When ▁you ▁were ▁observing ▁him ▁during 
 ▁▁▁▁▁▁ the ▁course ▁of ▁the , ▁at ▁least ▁the ▁second ▁hearing ▁on ▁self - 
 ▁▁▁▁▁▁ representation , ▁when ▁combined ▁with ▁the ▁first ▁hearing ▁on ▁self - 
 ▁▁▁▁▁▁ representation , ▁how ▁adamant ▁was ▁he ▁on ▁a ▁scale ▁of ▁one ▁to ▁ten , ▁ten 
 ▁▁▁▁▁▁ being ▁the ▁highest ▁and ▁most ▁adamant , ▁about ▁representing ▁himself ? 

 ▁▁▁▁▁▁▁▁▁▁▁▁▁ [ J ONES ]: ▁Your ▁Honor , ▁I ▁would ▁say ▁he ▁was ▁a ▁ten . 

 Id . ▁at"
doctor,9631,"at . 1 0 0 8 4 8 4 . r 0 0 4 

 Acceptance ▁letter 

 Diamond 

 Michael ▁S . 

 Section ▁Editor 

 Rey 

 Fé lix ▁A . 

 Associate ▁Editor 

 © ▁ 2 0 2 0 ▁Diamond , ▁Rey 

 2 0 2 0 

 Diamond , ▁Rey 

 This ▁is ▁an ▁open ▁access ▁article ▁distributed ▁under ▁the ▁terms ▁of ▁the 

 Creative ▁Commons ▁Attribution ▁License 

 , ▁which ▁permits ▁unrestricted ▁use , ▁distribution , ▁and ▁reproduction ▁in ▁any ▁medium , ▁provided ▁the ▁original ▁author ▁and ▁source ▁are ▁credited . 

 2 4 ▁Apr ▁ 2 0 2 0 

 Dear ▁Dr . ▁Gong , 

 We ▁are ▁delighted ▁to ▁inform ▁you ▁that ▁your ▁manuscript , ▁\"" A ▁conformation -"
doctor,9631,"

 ###### ▁ 

 Click ▁here ▁for ▁additional ▁data ▁file . 

 1 0 . 1 3 7 1 / journal . pp at . 1 0 0 8 4 8 4 . r 0 0 3 

 Decision ▁Letter ▁ 1 

 Diamond 

 Michael ▁S . 

 Section ▁Editor 

 Rey 

 Fé lix ▁A . 

 Associate ▁Editor 

 © ▁ 2 0 2 0 ▁Diamond , ▁Rey 

 2 0 2 0 

 Diamond , ▁Rey 

 This ▁is ▁an ▁open ▁access ▁article ▁distributed ▁under ▁the ▁terms ▁of ▁the 

 Creative ▁Commons ▁Attribution ▁License 

 , ▁which ▁permits ▁unrestricted ▁use , ▁distribution , ▁and ▁reproduction ▁in ▁any ▁medium , ▁provided ▁the ▁original ▁author ▁and ▁source ▁are ▁credited . 

 1 8 ▁Mar ▁"
doctor,9631,"0 1 9 - 0 2 </b> , ▁ <i> issue ▁# 7 5 </i> </ p > 
 <h4> Welcome </h4> 
 < p > This ▁is ▁ <i> De jal News </i> , ▁an ▁occasional ▁newsletter ▁from ▁< a ▁href =""/""> De jal </ a >.</ p > 
 < p > <i> <b> If ▁you ▁want ▁to ▁receive ▁these ▁newsletters ▁in ▁your ▁email ▁inbox , ▁head ▁over ▁to ▁the ▁< a ▁href =""/ subscribe /""> De jal News ▁subscribe ▁page </ a > ▁to ▁sign ▁up . </b> </i> </ p > 
 <h4> Time ▁Out ▁tips </h4> 
 < p > So ▁far ▁I ' ve ▁been ▁sticking ▁to ▁my ▁goal ▁of ▁a ▁< a ▁href =""/ blog /""> De jal ▁blog ▁post"
doctor,9631,"0 1 9 - 0 2 </b> , ▁ <i> issue ▁# 7 5 </i> </ p > 
 <h4> Welcome </h4> 
 < p > This ▁is ▁ <i> De jal News </i> , ▁an ▁occasional ▁newsletter ▁from ▁< a ▁href =""/""> De jal </ a >.</ p > 
 < p > <i> <b> If ▁you ▁want ▁to ▁receive ▁these ▁newsletters ▁in ▁your ▁email ▁inbox , ▁head ▁over ▁to ▁the ▁< a ▁href =""/ subscribe /""> De jal News ▁subscribe ▁page </ a > ▁to ▁sign ▁up . </b> </i> </ p > 
 <h4> Time ▁Out ▁tips </h4> 
 < p > So ▁far ▁I ' ve ▁been ▁sticking ▁to ▁my ▁goal ▁of ▁a ▁< a ▁href =""/ blog /""> De jal ▁blog ▁post"
doctor,9631,"▁# 7 4 </i> </ p > 
 <h4> Welcome </h4> 
 < p > This ▁is ▁ <i> De jal News </i> , ▁an ▁occasional ▁newsletter ▁from ▁< a ▁href =""/""> De jal </ a >.</ p > 
 < p > <i> <b> If ▁you ▁want ▁to ▁receive ▁these ▁newsletters ▁in ▁your ▁email ▁inbox , ▁head ▁over ▁to ▁the ▁< a ▁href =""/ subscribe /""> De jal News ▁subscribe ▁page </ a > ▁to ▁sign ▁up . </b> </i> </ p > 
 <h4> De jal News ▁is ▁back ! </h4> 
 < p > The ▁previous ▁issue ▁of ▁ <i> De jal News </i> ▁was ▁a ▁bit ▁over ▁a ▁year ▁ago . ▁I ▁didn ' t ▁intend ▁to ▁take ▁a ▁year ▁off ▁publishing ▁these"
doctor,9631,"▁# 7 4 </i> </ p > 
 <h4> Welcome </h4> 
 < p > This ▁is ▁ <i> De jal News </i> , ▁an ▁occasional ▁newsletter ▁from ▁< a ▁href =""/""> De jal </ a >.</ p > 
 < p > <i> <b> If ▁you ▁want ▁to ▁receive ▁these ▁newsletters ▁in ▁your ▁email ▁inbox , ▁head ▁over ▁to ▁the ▁< a ▁href =""/ subscribe /""> De jal News ▁subscribe ▁page </ a > ▁to ▁sign ▁up . </b> </i> </ p > 
 <h4> De jal News ▁is ▁back ! </h4> 
 < p > The ▁previous ▁issue ▁of ▁ <i> De jal News </i> ▁was ▁a ▁bit ▁over ▁a ▁year ▁ago . ▁I ▁didn ' t ▁intend ▁to ▁take ▁a ▁year ▁off ▁publishing ▁these"
doctor,9631,"▁Award ▁for ▁Best ▁Collection . ▁These ▁are ▁books ▁you ▁do ▁not ▁want ▁to ▁miss . ▁Over ▁to ▁Angela ▁and ▁Kathleen . 

 *** 

 Angela : 

 My ▁Author ’ s ▁Note ▁to ▁Bitter wood ▁goes ▁thus : 

 The ▁Bitter wood ▁Bible ▁and ▁Other ▁Rec ount ings ▁is ▁intended ▁as ▁a ▁prequel ▁to ▁Sour dough ▁and ▁Other ▁Stories . ▁It ▁was ▁meant ▁to ▁be ▁a ▁sequel , ▁but ▁the ▁tales ▁were ▁determined ▁to ▁defy ▁me — they ▁insisted ▁upon ▁telling ▁what ▁had ▁happened ▁before , ▁to ▁show ▁how ▁the ▁books ▁of ▁Mur cian us ▁came ▁to ▁be , ▁how ▁Ella ▁came ▁into ▁the ▁world , ▁where ▁Hep sib ah ▁Ball anty ne — who ▁appears ▁only ▁as ▁a ▁name ▁on ▁a ▁head stone ▁in ▁Sour dough"
doctor,9631,"This ▁is ▁the ▁users pace ▁part ▁of ▁the ▁Linux ▁Auditing ▁System , ▁which ▁is ▁a ▁more ▁secure ▁way ▁of ▁logging ▁kernel - level ▁events ▁than ▁sys log . ▁Among ▁other ▁things , ▁it ▁records ▁SEL in ux ▁alerts . ▁Strictly ▁speaking , ▁you ▁don ' t ▁need ▁it . 

 ava hi - daemon ▁ 0 : off ▁ 1 : off ▁ 2 : off ▁ 3 : on ▁ 4 : on ▁ 5 : on ▁ 6 : off 

 This ▁is ▁for ▁auto discovery ▁of ▁services ▁on ▁a ▁network ▁— ▁printers ▁being ▁a ▁big ▁example . ▁It ' s ▁not ▁required . 

 cpus peed ▁ 0 : off ▁ 1 : on ▁ 2 : on ▁ 3 : on ▁ 4"
doctor,9631,"This ▁is ▁the ▁users pace ▁part ▁of ▁the ▁Linux ▁Auditing ▁System , ▁which ▁is ▁a ▁more ▁secure ▁way ▁of ▁logging ▁kernel - level ▁events ▁than ▁sys log . ▁Among ▁other ▁things , ▁it ▁records ▁SEL in ux ▁alerts . ▁Strictly ▁speaking , ▁you ▁don ' t ▁need ▁it . 

 ava hi - daemon ▁ 0 : off ▁ 1 : off ▁ 2 : off ▁ 3 : on ▁ 4 : on ▁ 5 : on ▁ 6 : off 

 This ▁is ▁for ▁auto discovery ▁of ▁services ▁on ▁a ▁network ▁— ▁printers ▁being ▁a ▁big ▁example . ▁It ' s ▁not ▁required . 

 cpus peed ▁ 0 : off ▁ 1 : on ▁ 2 : on ▁ 3 : on ▁ 4"
doctor,9631,"▁race ▁was ▁won ▁by ▁former ▁Track ▁World ▁Champion ▁Martyn ▁Irvine . 

 References 

 Past ▁winners 

 External ▁links 
 ▁Official ▁Website ▁of ▁the ▁organisers ▁of ▁the ▁Shay ▁Elliot ▁Memorial ▁– Bray ▁Wheel ers 

 Category : Cycle ▁races ▁in ▁Ireland 
 Category : Recurring ▁sporting ▁events ▁established ▁in ▁ 1 9 5 8 
 Category : 1 9 5 8 ▁establishments ▁in ▁Ireland 
 Category : Men ' s ▁road ▁bicycle ▁races 
 Category : Spring ▁( season ) ▁events ▁in ▁the ▁Republic ▁of ▁Ireland <bos> Now ▁this ▁is ▁P FF Table ▁if ▁ever ▁anything ▁was . ▁I ▁had ▁to ▁come ▁in ▁to ▁work ▁today , ▁a ▁Saturday , ▁because ▁my ▁department ▁and ▁another ▁department ▁in ▁our ▁building ▁are ▁moving ▁to ▁another ▁floor . ▁This ▁is"
doctor,9631,"▁race ▁was ▁won ▁by ▁former ▁Track ▁World ▁Champion ▁Martyn ▁Irvine . 

 References 

 Past ▁winners 

 External ▁links 
 ▁Official ▁Website ▁of ▁the ▁organisers ▁of ▁the ▁Shay ▁Elliot ▁Memorial ▁– Bray ▁Wheel ers 

 Category : Cycle ▁races ▁in ▁Ireland 
 Category : Recurring ▁sporting ▁events ▁established ▁in ▁ 1 9 5 8 
 Category : 1 9 5 8 ▁establishments ▁in ▁Ireland 
 Category : Men ' s ▁road ▁bicycle ▁races 
 Category : Spring ▁( season ) ▁events ▁in ▁the ▁Republic ▁of ▁Ireland <bos> Now ▁this ▁is ▁P FF Table ▁if ▁ever ▁anything ▁was . ▁I ▁had ▁to ▁come ▁in ▁to ▁work ▁today , ▁a ▁Saturday , ▁because ▁my ▁department ▁and ▁another ▁department ▁in ▁our ▁building ▁are ▁moving ▁to ▁another ▁floor . ▁This ▁is"
doctor,9631,"▁find ▁places ▁where ▁you ▁can ▁both ▁observe ▁it ▁while ▁being ▁far ▁enough ▁away ▁that ▁your ▁dog ▁doesn ' t ▁feel ▁the ▁need ▁to ▁react . ▁Sit ▁together ▁watching ▁the ▁traffic ▁going ▁by , ▁while ▁rewarding ▁calm ▁behaviour ▁with ▁a ▁few ▁treats , ▁a ▁toy ▁or ▁a ▁game . ▁If ▁your ▁dog ▁reacts , ▁you ▁are ▁still ▁too ▁close . ▁Go ▁to ▁places ▁where ▁large ▁vehicles ▁are ▁parked , ▁and ▁walk ▁by ▁at ▁a ▁sufficient ▁distance ▁that ▁your ▁dog ▁doesn ' t ▁react , ▁and ▁reward ▁as ▁before . ▁Don ' t ▁rush ▁this , ▁but ▁be ▁happy ▁with ▁small ▁victories , ▁and ▁keep ▁lessons ▁very ▁short ▁— ▁five ▁minutes ▁is ▁ample ▁to ▁begin ▁with . ▁These ▁are ▁training ▁sessions , ▁and ▁she ▁will ▁still ▁need ▁to ▁be"
doctor,9631,"▁it ▁moves ▁forward ; ▁read ▁more ▁about ▁that ▁effort ▁here . ▁I ▁haven ' t ▁seen ▁too ▁much ▁technical ▁information ▁flowing ▁from ▁the ▁Open ▁Compute ▁Summit , ▁although ▁James ▁Hamilton ▁of ▁Amazon ▁posted ▁his ▁slides ▁online ▁here : ▁here 

 Meanwhile ▁( was ▁this ▁part ▁of ▁the ▁summit , ▁or ▁independent ?), ▁the ▁team ▁at ▁Anand Tech ▁have ▁done ▁some ▁independent ▁testing ▁of ▁the ▁Open ▁Compute ▁server ▁components ; ▁in ▁their ▁conclusion , ▁they ▁commend ▁the ▁Open ▁Compute ▁work ▁as ▁showing ▁tremendous ▁potential : 

 The ▁Facebook ▁Open ▁Compute ▁servers ▁have ▁made ▁quite ▁an ▁impression ▁on ▁us . ▁Remember , ▁this ▁is ▁Facebook ' s ▁first ▁attempt ▁to ▁build ▁a ▁cloud ▁server ! ▁This ▁server ▁uses ▁very ▁little ▁power ▁when ▁running ▁at ▁low ▁load ▁( see ▁our"
doctor,9631,"▁out ▁that ▁this ▁was ▁little ▁used . 

 In ▁ 1 9 4 3 , ▁Andreas ▁Strand ▁came ▁up ▁with ▁a ▁new ▁system ▁called ▁In nd eling ▁av ▁Norge ▁til ▁bruk ▁ved ▁fa unis tiske ▁opp gaver ▁( Division ▁of ▁Norway ▁for ▁Use ▁in ▁Fauna ▁Tasks ), ▁popularly ▁known ▁as ▁the ▁Strand ▁System . ▁In ▁it , ▁Norway ▁was ▁divided ▁into ▁ 3 7 ▁regions ▁based ▁on ▁municipal ▁and ▁county ▁boundaries , ▁and ▁it ▁took ▁into ▁account ▁that ▁the ▁fauna ▁in ▁the ▁interior ▁parts ▁of ▁the ▁country ▁differed ▁from ▁the ▁fauna ▁on ▁the ▁coast . ▁Therefore , ▁most ▁Norwegian ▁counties ▁are ▁divided ▁into ▁smaller ▁areas ▁( e . g ., ▁inner , ▁outer , ▁north , ▁or ▁south ). ▁Strand ▁chose ▁letter ▁codes ▁instead ▁of ▁numbers ;"
doctor,9631,". ▁Blacks ▁couldn ’ t ▁own ▁anything ▁in ▁the ▁south ▁during ▁slavery . ▁It ▁wasn ’ t ▁until ▁after ▁around ▁ 1 8 8 0 ▁before ▁blacks ▁could ▁have ▁the ▁land ▁left ▁to ▁them ▁by ▁their ▁white ▁fathers . ▁I ▁may ▁be ▁among ▁the ▁few ▁who ▁actually ▁spent ▁many ▁hours ▁talking ▁to ▁a ▁former ▁slave ▁and ▁i ▁learned ▁through ▁her ▁the ▁real ▁truth . ▁She ▁was ▁one ▁of ▁them . 

 lu gn ut 

 Oh , ▁this ▁is ▁a ▁k lux er ▁confeder ate ▁revision ist ▁article . ▁Your ▁forefathers ▁brought ▁slaves ▁here , ▁because ▁there ▁couldn ’ t ▁do ▁the ▁jobs ▁themselves . ▁Everything ▁you ▁have , ▁even ▁today , ▁slaves ▁did ▁that , ▁slaves ▁built ▁the ▁foundation ▁of ▁this ▁country ▁and ▁without ▁my ▁ancestors"
doctor,9631,"’ t ▁come ▁from ▁summoning ▁the ▁right ▁“ final ▁answers ” ▁to ▁a ▁handful ▁of ▁trivia ▁questions ▁to ▁strike ▁it ▁rich ▁on ▁a ▁game ▁show . ▁Winning ▁the ▁war ▁against ▁global ▁poverty ▁will ▁come ▁when ▁we ▁realize ▁that ▁we ▁have ▁one ▁of ▁the ▁answers — micro credit — and ▁summon ▁the ▁political ▁will ▁to ▁lift ▁up ▁those ▁micro credit ▁programs ▁that ▁have ▁figured ▁out ▁how ▁to ▁reach ▁the ▁world ’ s ▁most ▁destitute ▁people . ▁This ▁is ▁a ▁final ▁answer ▁we ▁can ▁stand ▁behind . 

 Sam ▁Daley - Harris ▁is ▁Founder ▁of ▁the ▁Micro credit ▁Summit ▁Campaign ▁which ▁seeks ▁to ▁reach ▁ 1 7 5 ▁million ▁poorest ▁families ▁with ▁micro credit ▁www . micro credits um mit . org ▁and ▁of ▁RESULTS ▁which ▁seeks ▁to ▁create"
doctor,9631,"▁This ▁is ▁the ▁beauty ▁of ▁instrumental ▁music . ▁It ▁is ▁open ▁for ▁you ▁to ▁assign ▁the ▁meaning , ▁to ▁lay ▁it ▁over ▁the ▁framework ▁of ▁whatever ▁structure ▁your ▁life ▁has . ▁To ▁place ▁it ▁within ▁your ▁own ▁context , ▁to ▁let ▁it ▁guide ▁and ▁soundtrack ▁your ▁late ▁nights , ▁early ▁mornings , ▁and ▁in ▁bet we ens . ▁What ▁do ▁you ▁hear ▁through ▁the ▁notes ? ▁What ▁feeling ▁does ▁it ▁invoke ▁deep ▁down ? ▁There ’ s ▁only ▁one ▁way ▁to ▁find ▁out . <bos> 

 Show ▁HN : ▁Test ▁and ▁edit ▁tile json ▁in ▁the ▁browser ▁- ▁andrew lj oh nson 
 http :// static . gai ag ps . com / tile json - tester / 

 ====== 
 andrew lj oh nson 
 This"
doctor,9631,"▁was ▁the ▁people ▁watching ▁we ▁did . ▁Even ▁better ▁were ▁the ▁people ▁we ▁met ▁who ▁became ▁friends ▁for ▁the ▁week , ▁including ▁the ▁Newly weds , ▁Katy ▁Perry ▁and ▁many ▁others . 

 These ▁were ▁people ▁we ▁attached ▁a ▁label ▁and ▁story ▁to ▁based ▁on ▁their ▁looks . ▁We ▁were ▁lucky ▁enough ▁to ▁get ▁to ▁know ▁them ▁a ▁bit ▁to ▁go ▁beyond ▁the ▁label . 

 First ▁impressions ▁— ▁we ▁learned ▁it ’ s ▁worth ▁looking ▁deeper ▁and ▁is ▁worth ▁the ▁time ▁and ▁effort ▁to ▁go ▁beyond ▁the ▁first ▁impression . <bos> Q : 

 java fx : ▁How ▁to ▁bind ▁the ▁Enter ▁key ▁to ▁a ▁button ▁and ▁fire ▁off ▁an ▁event ▁when ▁it ▁is ▁clicked ? 

 Basically , ▁I ▁have ▁a ▁okay Button ▁that ▁sits"
doctor,9631,"▁this ▁is ▁not ▁a ▁case 

 where ▁the ▁defendant ▁was ▁represented ▁by ▁the ▁same ▁counsel ▁at ▁both ▁the ▁trial ▁and ▁on 

 direct ▁appeal . ▁See ▁State ▁v . ▁Ul mer , ▁ 4 th ▁Dist . ▁S cio to ▁No . ▁ 1 5 CA 3 7 0 8 , ▁ 2 0 1 6 - Ohio - 2 8 7 3 , ▁¶ 

 1 5 . 

 ▁▁▁▁▁▁▁ { ¶ 2 7 } ▁Therefore , ▁the ▁trial ▁court ▁did ▁not ▁act ▁in ▁an ▁unreasonable , ▁arbitrary , ▁or 

 un cons cion able ▁manner ▁by ▁denying ▁Mc Doug ald ’ s ▁fifth ▁petition ▁for ▁post conv iction ▁relief . 

 We ▁over rule ▁his ▁assignments ▁of ▁error . 

 ▁▁▁▁▁▁▁▁▁▁▁▁▁▁▁▁▁▁▁▁▁▁▁ B . ▁Motion ▁for"
doctor,9631,"▁preventing ▁you ▁or ▁I ▁from ▁sending ▁an ▁email ▁from ▁any ▁address ▁we ▁choose , ▁this ▁is ▁by ▁design . ▁What ▁we ▁can ▁tell ▁though ▁is ▁the ▁IP ▁address ▁the ▁email ▁originated ▁from ▁in ▁the ▁mail ▁headers , ▁and ▁this ▁will ▁give ▁us ▁an ▁idea ▁of ▁where ▁the ▁original ▁message ▁came ▁from . ▁ 
 In ▁the ▁old ▁internet , ▁most ▁mail ▁servers ▁were ▁run ▁as ▁open ▁relays . ▁This ▁means ▁that ▁to ▁send ▁an ▁email ▁from ▁yahoo . com ▁to ▁google . com , ▁you ▁could ▁use ▁any ▁open ▁relay ▁you ▁found ▁on ▁the ▁internet . ▁If ▁the ▁IP ▁got ▁banned , ▁its ▁okay ▁because ▁it ▁isn ' t ▁your ▁IP , ▁and ▁you ▁could ▁just ▁change ▁relays . ▁ 
 Now , ▁with ▁most ▁modern ▁mail"
doctor,9631,"▁main ; ▁to ▁application . scss . ▁It ▁seems ▁like ▁the ▁styles ▁end ▁up ▁being ▁used ▁on ▁every ▁page ▁( is ▁this ▁the ▁default ▁in ▁rails ?). 
 This ▁is ▁not ▁my ▁ideal ▁solution ▁but ▁it ' s ▁the ▁only ▁thing ▁I ' ve ▁been ▁able ▁to ▁do ▁to ▁get ▁any ▁styles ▁to ▁work ▁via ▁requiring ▁methods . 

 <bos> 1 . ▁Field ▁of ▁the ▁Invention 
 This ▁invention ▁relates ▁in ▁general ▁to ▁fuel ▁cells ▁and ▁electrical ▁motors ▁and , ▁more ▁particularly , ▁to ▁a ▁fuel ▁cell ▁powered ▁electrical ▁motor . 
 2 . ▁Description ▁of ▁the ▁Related ▁Prior ▁Art 
 The ▁use ▁of ▁fuel ▁cells ▁to ▁actu ate ▁electrical ▁motors ▁depends ▁upon ▁several ▁factors . ▁Among ▁them ▁efficiency ▁and ▁compactness ▁are ▁essential . 
 Attempts ▁have"
doctor,9631,"▁– ▁carry ▁you ▁off ▁into ▁exile ▁( file ▁that ▁one ▁away ▁for ▁later ). ▁Note , ▁however , ▁that ▁we ’ re ▁still ▁talking ▁about ▁very ▁earth bound ▁blessings ▁and ▁curses . ▁This ▁is ▁not ▁heaven ▁versus ▁hell , ▁it ’ s ▁success ▁versus ▁failure ▁in ▁this ▁life , ▁in ▁this ▁land , ▁here ▁and ▁now . 

 Deuter onomy ▁makes ▁more ▁sense ▁if ▁we ▁think ▁about ▁the ▁social - religious ▁reality ▁of ▁Israel ▁at ▁this ▁stage ▁in ▁its ▁development . ▁The ▁first ▁generation , ▁the ▁generation ▁that ▁left ▁Egypt ▁and ▁received ▁the ▁law ▁first - hand ▁from ▁Moses ▁at ▁Mt . ▁Sinai , ▁is ▁gone . ▁They ’ re ▁dead . ▁The ▁new ▁generation ▁has ▁inherited ▁the ▁covenant ▁and ▁the ▁mission ▁to ▁settle ▁the ▁land ."
doctor,9631,"▁interpret ▁the ▁meaning ▁of ▁the ▁message . ▁This ▁is ▁privacy ▁in ▁action . 

 And ▁here ' s ▁an ▁excerpt ▁from ▁the ▁First ▁Monday ▁article : 

 Furthermore , ▁many ▁parents ▁reported ▁that ▁they ▁helped ▁their ▁children ▁create ▁their ▁accounts . ▁Among ▁the ▁ 8 4 ▁percent ▁of ▁parents ▁who ▁were ▁aware ▁when ▁their ▁child ▁first ▁created ▁the ▁account , ▁ 6 4 ▁percent ▁helped ▁create ▁the ▁account . ▁Among ▁those ▁who ▁knew ▁that ▁their ▁child ▁joined ▁below ▁the ▁age ▁of ▁ 1 3 ▁— ▁even ▁if ▁the ▁child ▁is ▁now ▁older ▁than ▁ 1 3 ▁— ▁over ▁two – thirds ▁( 6 8 ▁percent ) ▁indicated ▁that ▁they ▁helped ▁their ▁child ▁create ▁the ▁account . ▁Of ▁those ▁with ▁children ▁who ▁are ▁currently ▁under ▁ 1 3"
doctor,9631,"▁or ▁touching ▁something ▁designated ▁“ un clean .” 

 This ▁is ▁the ▁“ cult ” ▁of ▁Israel , ▁or ▁the ▁daily ▁religious ▁ritual . ▁It ▁also ▁details ▁the ▁various ▁feasts ▁and ▁holidays ▁which ▁the ▁priests ▁will ▁oversee , ▁including ▁Passover , ▁which ▁we ▁studied ▁in ▁Exodus , ▁and ▁the ▁Day ▁of ▁Aton ement , ▁when ▁sacrifices ▁are ▁made ▁on ▁behalf ▁of ▁the ▁entire ▁nation ▁of ▁Israel ▁to ▁“ at one ” ▁or ▁“ wipe ▁away ” ▁the ▁guilt ▁of ▁their ▁corporate ▁sin . ▁The ▁laws ▁about ▁acceptable ▁and ▁unacceptable ▁sexual ▁practices ▁are ▁the ▁only ▁bits ▁from ▁Levi ticus ▁which ▁get ▁any ▁press ▁these ▁days , ▁and ▁the ▁people ▁preaching ▁or ▁condemning ▁those ▁passages ▁rarely ▁recognize ▁that ▁this ▁is ▁basically ▁a ▁handbook ▁for ▁ancient ▁priests , ▁and ▁shouldn"
doctor,9631,"▁Jeff ▁Klein , ▁and ▁Dave ▁V ales ky ▁– ▁are ▁following ▁suit . 

 UPDATE : ▁D SCC ▁spokesman ▁Josh ▁Cher win ▁says : 

 “ We ▁will ▁not ▁be ▁returning ▁these ▁funds , ▁which ▁were ▁contributed ▁during ▁a ▁previous ▁election ▁cycle ▁and ▁already ▁spent .” 

 “ This ▁is ▁yet ▁another ▁sad ▁day ▁for ▁New ▁York ▁residents ▁who ▁rightfully ▁expect ▁integrity ▁and ▁accountability ▁from ▁their ▁elected ▁officials .” 

 “ During ▁the ▁last ▁election ▁cycle , ▁Senator ▁Kruger ’ s ▁campaign ▁committee ▁contributed ▁a ▁combined ▁total ▁of ▁$ 8 , 0 0 0 ▁to ▁Independent ▁Democratic ▁Conference ▁members . ▁We ▁decided ▁to ▁donate ▁that ▁amount ▁to ▁charitable ▁organizations ▁in ▁our ▁communities . ▁We ▁believe ▁this ▁to ▁be ▁the ▁best ▁use ▁for ▁this ▁money .” <bos> Local"
doctor,9631,"Is Private In Plain Object Base ) 
 ▁▁▁▁ # else 
 ▁▁▁▁ template < typename ▁Derived > 
 ▁▁▁▁ inline ▁Ref ( Dense Base < Derived >& ▁expr ) 
 ▁▁▁▁ # endif 
 ▁▁▁▁ { 
 ▁▁▁▁▁▁ Base :: construct ( expr . const _ cast _ derived ()); 
 ▁▁▁▁ } 

 ▁▁▁▁ E IGEN _ IN HER IT _ ASSIGN MENT _ OPER ATORS ( Ref ) 

 }; 

 // ▁this ▁is ▁the ▁const ▁ref ▁version 
 template < typename ▁TP lain ObjectType , ▁int ▁Options , ▁typename ▁St ride Type > ▁class ▁Ref < const ▁TP lain ObjectType , ▁Options , ▁St ride Type > 
 ▁▁ : ▁public ▁Ref Base < Ref < const ▁TP lain ObjectType , ▁Options ,"
doctor,9631,"▁of ▁MSM ▁models , ▁suffers ▁from ▁marked ▁instability ▁and ▁finite - sample ▁bias ▁in ▁the ▁presence ▁of ▁weights ▁$ W $ ▁that ▁are ▁highly ▁variable ▁and ▁skewed . ▁This ▁is ▁not ▁generally ▁an ▁issue ▁in ▁S NM ▁estimation . ▁A ▁third ▁limitation ▁of ▁MSM s ▁is ▁that ▁when ▁( \[ eq : stat rand \] ) ▁fails ▁but ▁an ▁instrumental ▁variable ▁is ▁available , ▁one ▁can ▁still ▁consistently ▁estimate ▁the ▁parameters ▁of ▁a ▁S NM ▁but ▁not ▁of ▁an ▁MSM .[ ^ 2 6 ] 

 An ▁advantage ▁of ▁MSM s ▁over ▁SN Ms ▁that ▁was ▁not ▁discussed ▁in ▁Section   \[ sec : limits - of - sn ms \] ▁is ▁the ▁following . ▁MSM s ▁can ▁be ▁constructed ▁that ▁are ▁indexed ▁by ▁easily ▁interpre table"
doctor,9631,"▁October ▁and ▁still ▁no ▁action . 

 Posted ▁by ▁Tony ▁Par fit t ▁at ▁ 1 1 : 5 9 , ▁Tue ▁ 1 4 ▁November ▁ 2 0 1 7 

 The ▁problem ▁of ▁the ▁one ▁drain ▁was ▁fixed ▁but ▁the ▁bigger ▁issue ▁is ▁that ▁most ▁of ▁the ▁drains ▁farther ▁up ▁the ▁hill ▁are ▁also ▁totally ▁blocked ▁as ▁they ▁have ▁been ▁for ▁the ▁past ▁year . ▁The ▁action ▁at ▁this ▁present ▁time ▁that ▁has ▁been ▁worked ▁on ▁has ▁only ▁helped ▁to ▁stop ▁flooding ▁in ▁this ▁area , ▁water ▁still ▁flows ▁down ▁the ▁hill ▁on ▁the ▁surface ▁of ▁the ▁road ▁, ▁this ▁is ▁not ▁going ▁to ▁be ▁safe ▁when ▁it ▁freezes , ▁my ▁concern ▁is ▁that ▁this ▁is ▁the ▁rout ▁for ▁the ▁local ▁school ▁coaches . 

"
doctor,9631,"▁only ▁can ▁this ▁be ▁used ▁to ▁transport ▁Kiki , ▁but ▁other ▁allies ▁can ▁run ▁on ▁this ▁as ▁well . ▁However , ▁they ▁must ▁be ▁careful , ▁considering ▁these ▁blocks ▁have ▁no ▁ledges . ▁One ▁slip , ▁and ▁you ▁can ▁fall ▁from ▁a ▁very ▁far ▁height ▁if ▁that ▁is ▁where ▁the ▁blocks ▁are ▁located . ▁- ▁Due ▁to ▁being ▁the ▁operator ▁of ▁these ▁blocks , ▁Kiki ▁can ▁control ▁who ▁can ▁and ▁cannot ▁get ▁onto ▁these ▁blocks . ▁Therefore , ▁enemies ▁cannot ▁get ▁onto ▁these ▁blocks ▁without ▁instantly ▁causing ▁the ▁part ▁they ▁step ▁on ▁to ▁explode . Weaknesses :- ▁These ▁tech - blocks ▁glow ▁tremendously , ▁therefore ▁can ▁be ▁easily ▁detected ▁by ▁possible ▁threats . ▁- ▁This ▁row ▁of ▁blocks ▁only ▁takes ▁ 2 0 ▁damage ▁to ▁destroy ,"
doctor,9631,"0 0 ▁billion ▁annually . ▁These ▁costs ▁are ▁likely ▁to ▁rise ▁even ▁faster ▁than ▁the ▁prevalence ▁of ▁disease , ▁especially ▁in ▁the ▁developing ▁world , ▁as ▁more ▁formal ▁social ▁care ▁systems ▁emerge , ▁and ▁rising ▁incomes ▁lead ▁to ▁higher ▁opportunity ▁costs ▁( B . ▁Win blad ▁and ▁L . ▁Jon sson , ▁World ▁Alzheimer ▁Report ▁ 2 0 1 0 ). 
 The ▁brains ▁of ▁AD ▁patients ▁have ▁an ▁abundance ▁of ▁two ▁abnormal ▁structures , ▁amyloid ▁plaques ▁and ▁neuro fib rill ary ▁tang les . ▁This ▁is ▁especially ▁true ▁in ▁certain ▁regions ▁of ▁the ▁brain ▁that ▁are ▁important ▁in ▁memory . ▁There ▁is ▁also ▁a ▁substantial ▁loss ▁of ▁neurons ▁and ▁synapses ▁in ▁the ▁cerebral ▁cortex ▁and ▁certain ▁sub cor tical ▁regions . ▁Both ▁neuro fib rill ary"
doctor,9631,"erb iger ▁ 

 In ▁ 2 0 0 9 ▁Mec el ▁had ▁an ▁operating ▁revenue ▁of ▁ 1 0 7 . 3 ▁million . ▁President ▁from ▁ 2 0 0 0 ▁until ▁ 2 0 1 1 ▁was ▁Kent - Eric ▁L ång ▁[ 1 ], ▁succeeded ▁by ▁Henrik ▁Hä gg ström ▁in ▁August ▁ 2 0 1 1 . 

 Company ▁Operations ▁ 
 Some ▁major ▁contributions ▁to ▁the ▁industry ▁during ▁the ▁years : 
 ▁The ▁Ion Sense ▁technology ▁was ▁developed ▁by ▁the ▁Mec el ▁founders ▁in ▁the ▁ 8 0 ' s ▁and ▁are ▁presented ▁in ▁a ▁number ▁of ▁patents . ▁US ▁patents ▁ 4 7 8 5 7 8 9 , ▁ 4 9 0 3 6 7 6 , ▁ 4 9"
doctor,9631,"6 3 / (- 6 )* (- 5 4 )/ (- 2 1 ). 
 - 2 7 
 (- 3 * (- 1 6 0 )/ 4 8 )/( 1 0 / (- 1 2 )) 
 - 1 2 
 Calculate ▁( 7 9 / (- 3 9 5 ))/( 8 / (- 5 )). 
 1 / 8 
 What ▁is ▁(( - 1 5 2 0 )/ 6 2 7 0 * (- 1 )/ ((- 2 )/ 3 ))/ 2 ? 
 - 2 / 1 1 
 What ▁is ▁the ▁value ▁of ▁(- 2 )/ (- 2 )* (- 1 5 )/ 8 1 *- 3 * 6 ? 
 1 0 / 3 
 What ▁is ▁ 9 / 8"
doctor,9631,▁dimensions ▁of ▁the ▁photosynthetic ▁machinery ▁were ▁assessed ▁using ▁confocal ▁laser ▁scanning ▁microscopy ▁and ▁subsequent ▁three - dimensional ▁reconstruction ▁of ▁the ▁chlorophyll ▁auto flu orescence ▁signal . ▁A ▁plot ▁of ▁total ▁cellular ▁chlor oplast ▁volume ▁versus ▁total ▁cellular ▁chlor oplast ▁surface ▁area ▁shows ▁a ▁reduction ▁of ▁the ▁chlor oplast ▁system ▁in ▁iron - limited ▁* T . ▁ocean ica * cells . ▁Iron - limited ▁cells ▁have ▁a ▁reduced ▁number ▁of ▁two ▁chlor oplasts ▁instead ▁of ▁four . ▁Total ▁chlor oplast ▁dimensions ▁for ▁individual ▁cells ▁( small ▁circles ) ▁are ▁distributed ▁over ▁a ▁range ▁spanning ▁the ▁two - fold ▁increase ▁in ▁volume ▁and ▁surface ▁that ▁accompanies ▁chlor oplast ▁duplication ▁during ▁cellular ▁growth . ▁Inserts ▁show ▁an ▁overlay ▁transmission ▁and ▁chlorophyll ▁auto flu orescence ▁image ▁( top ) ▁and
doctor,9631,"). ▁Copy ▁number ▁variation ▁( CN V ) ▁test ▁was ▁performed ▁by ▁droplet ▁digital ▁PCR ▁( dd PCR ) ▁as ▁previously ▁described ▁\[ [@ CR 1 0 ] \] . ▁In ▁short , ▁ 1 6   ng ▁of ▁genomic ▁DNA ▁samples ▁were ▁added ▁to ▁ 2 xdd PCR ▁super mix ▁( Bio - Rad ) ▁with ▁final ▁concentration ▁of ▁ 5 0 0 nM ▁of ▁each ▁primer ▁and ▁ 2 5 0 nM ▁probe ▁in ▁duplex ▁of ▁the ▁tested ▁gene ▁and ▁RN ase P . ▁RN ase P ▁served ▁as ▁a ▁C NV  =  2 ▁reference ▁gene . ▁Probes ▁for ▁the ▁tested ▁genes ▁contained ▁a ▁FAM ▁reporter ▁and ▁RN ase P ▁contained ▁HEX . ▁The ▁genomic ▁DNA ▁and ▁PCR ▁reaction ▁mixtures ▁were ▁partitioned ▁into ▁an ▁emulsion"
doctor,9631,"2 , T 3 ▁> 
 { 
 }; 

 template < 
 ▁▁▁▁▁▁ typename ▁F , ▁typename ▁T 1 , ▁typename ▁T 2 , ▁typename ▁T 3 , ▁typename ▁T 4 

 ▁▁▁▁ > 
 struct ▁apply _ wrap 4 

 ▁▁▁▁ : ▁F :: template ▁apply < ▁T 1 , T 2 , T 3 , T 4 ▁> 
 { 
 }; 

 template < 
 ▁▁▁▁▁▁ typename ▁F , ▁typename ▁T 1 , ▁typename ▁T 2 , ▁typename ▁T 3 , ▁typename ▁T 4 
 ▁▁▁▁ , ▁typename ▁T 5 

 ▁▁▁▁ > 
 struct ▁apply _ wrap 5 

 ▁▁▁▁ : ▁F :: template ▁apply < ▁T 1 , T 2 , T 3 , T 4 , T 5 ▁> 
"
firefighter,363,"▁received ▁until ▁delivery ▁of ▁the ▁first ▁shock ▁( P <. 0 1 ). ▁Length ▁of ▁time ▁at ▁scene , ▁current , ▁impedance , ▁and ▁patient ▁age ▁were ▁not ▁significant ▁determinants ▁of ▁success ▁of ▁first ▁shock . ▁The ▁time ▁interval ▁until ▁first ▁shock ▁was ▁also ▁a ▁determinant ▁of ▁survival ▁( P <. 0 1 ). ▁EMS ▁response ▁time , ▁whether ▁the ▁arrest ▁was ▁witnessed , ▁initial ▁impedance , ▁and ▁current ▁were ▁not ▁determinants ▁of ▁survival . ▁OH CA ▁shock ▁success ▁and ▁survival ▁are ▁associated ▁with ▁EMS ▁system ▁factors ▁such ▁as ▁the ▁interval ▁from ▁when ▁the ▁call ▁was ▁received ▁until ▁delivery ▁of ▁the ▁first ▁shock . ▁The ▁importance ▁of ▁impedance ▁and ▁peak ▁current ▁remain ▁theore tic ▁for ▁out - of - hospital ▁def ib rillation ▁success ▁and ▁did ▁not"
firefighter,363,"▁received ▁until ▁delivery ▁of ▁the ▁first ▁shock ▁( P <. 0 1 ). ▁Length ▁of ▁time ▁at ▁scene , ▁current , ▁impedance , ▁and ▁patient ▁age ▁were ▁not ▁significant ▁determinants ▁of ▁success ▁of ▁first ▁shock . ▁The ▁time ▁interval ▁until ▁first ▁shock ▁was ▁also ▁a ▁determinant ▁of ▁survival ▁( P <. 0 1 ). ▁EMS ▁response ▁time , ▁whether ▁the ▁arrest ▁was ▁witnessed , ▁initial ▁impedance , ▁and ▁current ▁were ▁not ▁determinants ▁of ▁survival . ▁OH CA ▁shock ▁success ▁and ▁survival ▁are ▁associated ▁with ▁EMS ▁system ▁factors ▁such ▁as ▁the ▁interval ▁from ▁when ▁the ▁call ▁was ▁received ▁until ▁delivery ▁of ▁the ▁first ▁shock . ▁The ▁importance ▁of ▁impedance ▁and ▁peak ▁current ▁remain ▁theore tic ▁for ▁out - of - hospital ▁def ib rillation ▁success ▁and ▁did ▁not"
firefighter,363,"▁received ▁until ▁delivery ▁of ▁the ▁first ▁shock ▁( P <. 0 1 ). ▁Length ▁of ▁time ▁at ▁scene , ▁current , ▁impedance , ▁and ▁patient ▁age ▁were ▁not ▁significant ▁determinants ▁of ▁success ▁of ▁first ▁shock . ▁The ▁time ▁interval ▁until ▁first ▁shock ▁was ▁also ▁a ▁determinant ▁of ▁survival ▁( P <. 0 1 ). ▁EMS ▁response ▁time , ▁whether ▁the ▁arrest ▁was ▁witnessed , ▁initial ▁impedance , ▁and ▁current ▁were ▁not ▁determinants ▁of ▁survival . ▁OH CA ▁shock ▁success ▁and ▁survival ▁are ▁associated ▁with ▁EMS ▁system ▁factors ▁such ▁as ▁the ▁interval ▁from ▁when ▁the ▁call ▁was ▁received ▁until ▁delivery ▁of ▁the ▁first ▁shock . ▁The ▁importance ▁of ▁impedance ▁and ▁peak ▁current ▁remain ▁theore tic ▁for ▁out - of - hospital ▁def ib rillation ▁success ▁and ▁did ▁not"
firefighter,363,"▁received ▁until ▁delivery ▁of ▁the ▁first ▁shock ▁( P <. 0 1 ). ▁Length ▁of ▁time ▁at ▁scene , ▁current , ▁impedance , ▁and ▁patient ▁age ▁were ▁not ▁significant ▁determinants ▁of ▁success ▁of ▁first ▁shock . ▁The ▁time ▁interval ▁until ▁first ▁shock ▁was ▁also ▁a ▁determinant ▁of ▁survival ▁( P <. 0 1 ). ▁EMS ▁response ▁time , ▁whether ▁the ▁arrest ▁was ▁witnessed , ▁initial ▁impedance , ▁and ▁current ▁were ▁not ▁determinants ▁of ▁survival . ▁OH CA ▁shock ▁success ▁and ▁survival ▁are ▁associated ▁with ▁EMS ▁system ▁factors ▁such ▁as ▁the ▁interval ▁from ▁when ▁the ▁call ▁was ▁received ▁until ▁delivery ▁of ▁the ▁first ▁shock . ▁The ▁importance ▁of ▁impedance ▁and ▁peak ▁current ▁remain ▁theore tic ▁for ▁out - of - hospital ▁def ib rillation ▁success ▁and ▁did ▁not"
firefighter,363,"▁received ▁until ▁delivery ▁of ▁the ▁first ▁shock ▁( P <. 0 1 ). ▁Length ▁of ▁time ▁at ▁scene , ▁current , ▁impedance , ▁and ▁patient ▁age ▁were ▁not ▁significant ▁determinants ▁of ▁success ▁of ▁first ▁shock . ▁The ▁time ▁interval ▁until ▁first ▁shock ▁was ▁also ▁a ▁determinant ▁of ▁survival ▁( P <. 0 1 ). ▁EMS ▁response ▁time , ▁whether ▁the ▁arrest ▁was ▁witnessed , ▁initial ▁impedance , ▁and ▁current ▁were ▁not ▁determinants ▁of ▁survival . ▁OH CA ▁shock ▁success ▁and ▁survival ▁are ▁associated ▁with ▁EMS ▁system ▁factors ▁such ▁as ▁the ▁interval ▁from ▁when ▁the ▁call ▁was ▁received ▁until ▁delivery ▁of ▁the ▁first ▁shock . ▁The ▁importance ▁of ▁impedance ▁and ▁peak ▁current ▁remain ▁theore tic ▁for ▁out - of - hospital ▁def ib rillation ▁success ▁and ▁did ▁not"
firefighter,363,"▁received ▁until ▁delivery ▁of ▁the ▁first ▁shock ▁( P <. 0 1 ). ▁Length ▁of ▁time ▁at ▁scene , ▁current , ▁impedance , ▁and ▁patient ▁age ▁were ▁not ▁significant ▁determinants ▁of ▁success ▁of ▁first ▁shock . ▁The ▁time ▁interval ▁until ▁first ▁shock ▁was ▁also ▁a ▁determinant ▁of ▁survival ▁( P <. 0 1 ). ▁EMS ▁response ▁time , ▁whether ▁the ▁arrest ▁was ▁witnessed , ▁initial ▁impedance , ▁and ▁current ▁were ▁not ▁determinants ▁of ▁survival . ▁OH CA ▁shock ▁success ▁and ▁survival ▁are ▁associated ▁with ▁EMS ▁system ▁factors ▁such ▁as ▁the ▁interval ▁from ▁when ▁the ▁call ▁was ▁received ▁until ▁delivery ▁of ▁the ▁first ▁shock . ▁The ▁importance ▁of ▁impedance ▁and ▁peak ▁current ▁remain ▁theore tic ▁for ▁out - of - hospital ▁def ib rillation ▁success ▁and ▁did ▁not"
firefighter,363,"▁received ▁until ▁delivery ▁of ▁the ▁first ▁shock ▁( P <. 0 1 ). ▁Length ▁of ▁time ▁at ▁scene , ▁current , ▁impedance , ▁and ▁patient ▁age ▁were ▁not ▁significant ▁determinants ▁of ▁success ▁of ▁first ▁shock . ▁The ▁time ▁interval ▁until ▁first ▁shock ▁was ▁also ▁a ▁determinant ▁of ▁survival ▁( P <. 0 1 ). ▁EMS ▁response ▁time , ▁whether ▁the ▁arrest ▁was ▁witnessed , ▁initial ▁impedance , ▁and ▁current ▁were ▁not ▁determinants ▁of ▁survival . ▁OH CA ▁shock ▁success ▁and ▁survival ▁are ▁associated ▁with ▁EMS ▁system ▁factors ▁such ▁as ▁the ▁interval ▁from ▁when ▁the ▁call ▁was ▁received ▁until ▁delivery ▁of ▁the ▁first ▁shock . ▁The ▁importance ▁of ▁impedance ▁and ▁peak ▁current ▁remain ▁theore tic ▁for ▁out - of - hospital ▁def ib rillation ▁success ▁and ▁did ▁not"
firefighter,363,"▁received ▁until ▁delivery ▁of ▁the ▁first ▁shock ▁( P <. 0 1 ). ▁Length ▁of ▁time ▁at ▁scene , ▁current , ▁impedance , ▁and ▁patient ▁age ▁were ▁not ▁significant ▁determinants ▁of ▁success ▁of ▁first ▁shock . ▁The ▁time ▁interval ▁until ▁first ▁shock ▁was ▁also ▁a ▁determinant ▁of ▁survival ▁( P <. 0 1 ). ▁EMS ▁response ▁time , ▁whether ▁the ▁arrest ▁was ▁witnessed , ▁initial ▁impedance , ▁and ▁current ▁were ▁not ▁determinants ▁of ▁survival . ▁OH CA ▁shock ▁success ▁and ▁survival ▁are ▁associated ▁with ▁EMS ▁system ▁factors ▁such ▁as ▁the ▁interval ▁from ▁when ▁the ▁call ▁was ▁received ▁until ▁delivery ▁of ▁the ▁first ▁shock . ▁The ▁importance ▁of ▁impedance ▁and ▁peak ▁current ▁remain ▁theore tic ▁for ▁out - of - hospital ▁def ib rillation ▁success ▁and ▁did ▁not"
firefighter,363,"▁received ▁until ▁delivery ▁of ▁the ▁first ▁shock ▁( P <. 0 1 ). ▁Length ▁of ▁time ▁at ▁scene , ▁current , ▁impedance , ▁and ▁patient ▁age ▁were ▁not ▁significant ▁determinants ▁of ▁success ▁of ▁first ▁shock . ▁The ▁time ▁interval ▁until ▁first ▁shock ▁was ▁also ▁a ▁determinant ▁of ▁survival ▁( P <. 0 1 ). ▁EMS ▁response ▁time , ▁whether ▁the ▁arrest ▁was ▁witnessed , ▁initial ▁impedance , ▁and ▁current ▁were ▁not ▁determinants ▁of ▁survival . ▁OH CA ▁shock ▁success ▁and ▁survival ▁are ▁associated ▁with ▁EMS ▁system ▁factors ▁such ▁as ▁the ▁interval ▁from ▁when ▁the ▁call ▁was ▁received ▁until ▁delivery ▁of ▁the ▁first ▁shock . ▁The ▁importance ▁of ▁impedance ▁and ▁peak ▁current ▁remain ▁theore tic ▁for ▁out - of - hospital ▁def ib rillation ▁success ▁and ▁did ▁not"
firefighter,363,"▁received ▁until ▁delivery ▁of ▁the ▁first ▁shock ▁( P <. 0 1 ). ▁Length ▁of ▁time ▁at ▁scene , ▁current , ▁impedance , ▁and ▁patient ▁age ▁were ▁not ▁significant ▁determinants ▁of ▁success ▁of ▁first ▁shock . ▁The ▁time ▁interval ▁until ▁first ▁shock ▁was ▁also ▁a ▁determinant ▁of ▁survival ▁( P <. 0 1 ). ▁EMS ▁response ▁time , ▁whether ▁the ▁arrest ▁was ▁witnessed , ▁initial ▁impedance , ▁and ▁current ▁were ▁not ▁determinants ▁of ▁survival . ▁OH CA ▁shock ▁success ▁and ▁survival ▁are ▁associated ▁with ▁EMS ▁system ▁factors ▁such ▁as ▁the ▁interval ▁from ▁when ▁the ▁call ▁was ▁received ▁until ▁delivery ▁of ▁the ▁first ▁shock . ▁The ▁importance ▁of ▁impedance ▁and ▁peak ▁current ▁remain ▁theore tic ▁for ▁out - of - hospital ▁def ib rillation ▁success ▁and ▁did ▁not"
firefighter,363,"threatening . ▁All ▁workers ▁safely ▁evacuated ▁the ▁building ▁before ▁firefighters ▁arrived . 

 The ▁cause ▁of ▁the ▁blaze ▁is ▁unknown ▁and ▁is ▁undergoing ▁assessment ▁by ▁Car gill ▁workers . 

 “ The ▁company ▁said ▁after ▁making ▁an ▁initial ▁assessment ▁of ▁what ▁occurred ▁here , ▁they ▁expected ▁it ▁to ▁be ▁a ▁lot ▁worse ▁than ▁what ▁it ▁was ,” ▁Se wert ▁said . <bos> Q : 

 Why ▁is ▁this ▁S ML ▁function ▁returning ▁a ▁syntax ▁error ? 

 fun ▁first _ answer ( my _ f : (' a ▁-> ▁' b ▁option )) ▁: ▁' a ▁list ▁-> ▁' b ▁= 
 let 
 fun ▁help (_ a :' a ▁list ) ▁: ▁' a ▁= 
 ((( List . map ▁val Of ) o ( List"
firefighter,363,"threatening . ▁All ▁workers ▁safely ▁evacuated ▁the ▁building ▁before ▁firefighters ▁arrived . 

 The ▁cause ▁of ▁the ▁blaze ▁is ▁unknown ▁and ▁is ▁undergoing ▁assessment ▁by ▁Car gill ▁workers . 

 “ The ▁company ▁said ▁after ▁making ▁an ▁initial ▁assessment ▁of ▁what ▁occurred ▁here , ▁they ▁expected ▁it ▁to ▁be ▁a ▁lot ▁worse ▁than ▁what ▁it ▁was ,” ▁Se wert ▁said . <bos> Q : 

 Why ▁is ▁this ▁S ML ▁function ▁returning ▁a ▁syntax ▁error ? 

 fun ▁first _ answer ( my _ f : (' a ▁-> ▁' b ▁option )) ▁: ▁' a ▁list ▁-> ▁' b ▁= 
 let 
 fun ▁help (_ a :' a ▁list ) ▁: ▁' a ▁= 
 ((( List . map ▁val Of ) o ( List"
firefighter,363,"threatening . ▁All ▁workers ▁safely ▁evacuated ▁the ▁building ▁before ▁firefighters ▁arrived . 

 The ▁cause ▁of ▁the ▁blaze ▁is ▁unknown ▁and ▁is ▁undergoing ▁assessment ▁by ▁Car gill ▁workers . 

 “ The ▁company ▁said ▁after ▁making ▁an ▁initial ▁assessment ▁of ▁what ▁occurred ▁here , ▁they ▁expected ▁it ▁to ▁be ▁a ▁lot ▁worse ▁than ▁what ▁it ▁was ,” ▁Se wert ▁said . <bos> Q : 

 Why ▁is ▁this ▁S ML ▁function ▁returning ▁a ▁syntax ▁error ? 

 fun ▁first _ answer ( my _ f : (' a ▁-> ▁' b ▁option )) ▁: ▁' a ▁list ▁-> ▁' b ▁= 
 let 
 fun ▁help (_ a :' a ▁list ) ▁: ▁' a ▁= 
 ((( List . map ▁val Of ) o ( List"
firefighter,363,"threatening . ▁All ▁workers ▁safely ▁evacuated ▁the ▁building ▁before ▁firefighters ▁arrived . 

 The ▁cause ▁of ▁the ▁blaze ▁is ▁unknown ▁and ▁is ▁undergoing ▁assessment ▁by ▁Car gill ▁workers . 

 “ The ▁company ▁said ▁after ▁making ▁an ▁initial ▁assessment ▁of ▁what ▁occurred ▁here , ▁they ▁expected ▁it ▁to ▁be ▁a ▁lot ▁worse ▁than ▁what ▁it ▁was ,” ▁Se wert ▁said . <bos> Q : 

 Why ▁is ▁this ▁S ML ▁function ▁returning ▁a ▁syntax ▁error ? 

 fun ▁first _ answer ( my _ f : (' a ▁-> ▁' b ▁option )) ▁: ▁' a ▁list ▁-> ▁' b ▁= 
 let 
 fun ▁help (_ a :' a ▁list ) ▁: ▁' a ▁= 
 ((( List . map ▁val Of ) o ( List"
firefighter,363,"9 8 0 ▁( 3 5 . 4 %) ▁of ▁the ▁ 2 7 6 6 ▁patients ▁who ▁were ▁included ▁had ▁a ▁head ▁injury . ▁EMS ▁provider ▁judgement ▁( Ab breviated ▁Injury ▁Scale ▁score ▁≥ 1 ) ▁had ▁a ▁sensitivity ▁of ▁ 6 7 . 9 % ▁and ▁a ▁specificity ▁of ▁ 8 7 . 7 %. ▁In ▁the ▁cohort , ▁ 2 0 8 ▁( 7 . 5 %) ▁patients ▁had ▁a ▁severe ▁head ▁injury . ▁Of ▁these , ▁ 6 8 % ▁were ▁transported ▁to ▁a ▁level ▁I ▁trauma ▁centre . ▁Identification ▁of ▁a ▁head ▁injury ▁on - scene ▁is ▁challenging . ▁EMS ▁providers ▁could ▁not ▁identify ▁ 3 2 % ▁of ▁the ▁patients ▁with ▁a ▁head ▁injury ▁and ▁ 2 1 % ▁of ▁the"
firefighter,363,"9 8 0 ▁( 3 5 . 4 %) ▁of ▁the ▁ 2 7 6 6 ▁patients ▁who ▁were ▁included ▁had ▁a ▁head ▁injury . ▁EMS ▁provider ▁judgement ▁( Ab breviated ▁Injury ▁Scale ▁score ▁≥ 1 ) ▁had ▁a ▁sensitivity ▁of ▁ 6 7 . 9 % ▁and ▁a ▁specificity ▁of ▁ 8 7 . 7 %. ▁In ▁the ▁cohort , ▁ 2 0 8 ▁( 7 . 5 %) ▁patients ▁had ▁a ▁severe ▁head ▁injury . ▁Of ▁these , ▁ 6 8 % ▁were ▁transported ▁to ▁a ▁level ▁I ▁trauma ▁centre . ▁Identification ▁of ▁a ▁head ▁injury ▁on - scene ▁is ▁challenging . ▁EMS ▁providers ▁could ▁not ▁identify ▁ 3 2 % ▁of ▁the ▁patients ▁with ▁a ▁head ▁injury ▁and ▁ 2 1 % ▁of ▁the"
firefighter,363,"9 8 0 ▁( 3 5 . 4 %) ▁of ▁the ▁ 2 7 6 6 ▁patients ▁who ▁were ▁included ▁had ▁a ▁head ▁injury . ▁EMS ▁provider ▁judgement ▁( Ab breviated ▁Injury ▁Scale ▁score ▁≥ 1 ) ▁had ▁a ▁sensitivity ▁of ▁ 6 7 . 9 % ▁and ▁a ▁specificity ▁of ▁ 8 7 . 7 %. ▁In ▁the ▁cohort , ▁ 2 0 8 ▁( 7 . 5 %) ▁patients ▁had ▁a ▁severe ▁head ▁injury . ▁Of ▁these , ▁ 6 8 % ▁were ▁transported ▁to ▁a ▁level ▁I ▁trauma ▁centre . ▁Identification ▁of ▁a ▁head ▁injury ▁on - scene ▁is ▁challenging . ▁EMS ▁providers ▁could ▁not ▁identify ▁ 3 2 % ▁of ▁the ▁patients ▁with ▁a ▁head ▁injury ▁and ▁ 2 1 % ▁of ▁the"
firefighter,363,"9 8 0 ▁( 3 5 . 4 %) ▁of ▁the ▁ 2 7 6 6 ▁patients ▁who ▁were ▁included ▁had ▁a ▁head ▁injury . ▁EMS ▁provider ▁judgement ▁( Ab breviated ▁Injury ▁Scale ▁score ▁≥ 1 ) ▁had ▁a ▁sensitivity ▁of ▁ 6 7 . 9 % ▁and ▁a ▁specificity ▁of ▁ 8 7 . 7 %. ▁In ▁the ▁cohort , ▁ 2 0 8 ▁( 7 . 5 %) ▁patients ▁had ▁a ▁severe ▁head ▁injury . ▁Of ▁these , ▁ 6 8 % ▁were ▁transported ▁to ▁a ▁level ▁I ▁trauma ▁centre . ▁Identification ▁of ▁a ▁head ▁injury ▁on - scene ▁is ▁challenging . ▁EMS ▁providers ▁could ▁not ▁identify ▁ 3 2 % ▁of ▁the ▁patients ▁with ▁a ▁head ▁injury ▁and ▁ 2 1 % ▁of ▁the"
firefighter,363,"9 8 0 ▁( 3 5 . 4 %) ▁of ▁the ▁ 2 7 6 6 ▁patients ▁who ▁were ▁included ▁had ▁a ▁head ▁injury . ▁EMS ▁provider ▁judgement ▁( Ab breviated ▁Injury ▁Scale ▁score ▁≥ 1 ) ▁had ▁a ▁sensitivity ▁of ▁ 6 7 . 9 % ▁and ▁a ▁specificity ▁of ▁ 8 7 . 7 %. ▁In ▁the ▁cohort , ▁ 2 0 8 ▁( 7 . 5 %) ▁patients ▁had ▁a ▁severe ▁head ▁injury . ▁Of ▁these , ▁ 6 8 % ▁were ▁transported ▁to ▁a ▁level ▁I ▁trauma ▁centre . ▁Identification ▁of ▁a ▁head ▁injury ▁on - scene ▁is ▁challenging . ▁EMS ▁providers ▁could ▁not ▁identify ▁ 3 2 % ▁of ▁the ▁patients ▁with ▁a ▁head ▁injury ▁and ▁ 2 1 % ▁of ▁the"
firefighter,363,"9 8 0 ▁( 3 5 . 4 %) ▁of ▁the ▁ 2 7 6 6 ▁patients ▁who ▁were ▁included ▁had ▁a ▁head ▁injury . ▁EMS ▁provider ▁judgement ▁( Ab breviated ▁Injury ▁Scale ▁score ▁≥ 1 ) ▁had ▁a ▁sensitivity ▁of ▁ 6 7 . 9 % ▁and ▁a ▁specificity ▁of ▁ 8 7 . 7 %. ▁In ▁the ▁cohort , ▁ 2 0 8 ▁( 7 . 5 %) ▁patients ▁had ▁a ▁severe ▁head ▁injury . ▁Of ▁these , ▁ 6 8 % ▁were ▁transported ▁to ▁a ▁level ▁I ▁trauma ▁centre . ▁Identification ▁of ▁a ▁head ▁injury ▁on - scene ▁is ▁challenging . ▁EMS ▁providers ▁could ▁not ▁identify ▁ 3 2 % ▁of ▁the ▁patients ▁with ▁a ▁head ▁injury ▁and ▁ 2 1 % ▁of ▁the"
firefighter,363,"9 8 0 ▁( 3 5 . 4 %) ▁of ▁the ▁ 2 7 6 6 ▁patients ▁who ▁were ▁included ▁had ▁a ▁head ▁injury . ▁EMS ▁provider ▁judgement ▁( Ab breviated ▁Injury ▁Scale ▁score ▁≥ 1 ) ▁had ▁a ▁sensitivity ▁of ▁ 6 7 . 9 % ▁and ▁a ▁specificity ▁of ▁ 8 7 . 7 %. ▁In ▁the ▁cohort , ▁ 2 0 8 ▁( 7 . 5 %) ▁patients ▁had ▁a ▁severe ▁head ▁injury . ▁Of ▁these , ▁ 6 8 % ▁were ▁transported ▁to ▁a ▁level ▁I ▁trauma ▁centre . ▁Identification ▁of ▁a ▁head ▁injury ▁on - scene ▁is ▁challenging . ▁EMS ▁providers ▁could ▁not ▁identify ▁ 3 2 % ▁of ▁the ▁patients ▁with ▁a ▁head ▁injury ▁and ▁ 2 1 % ▁of ▁the"
firefighter,363,"? 
 https :// www . bbc . co . uk / news / uk - england - lan cashire - 4 4 6 7 6 7 0 7 

 A : 

 It ▁is ▁part ▁of ▁the ▁procedure ▁of ▁the ▁Fire ▁Brigade . ▁ 
 A ▁small ▁fire ▁will ▁be ▁put ▁out ▁by ▁the ▁local ▁fire ▁brigade . ▁But ▁if ▁the ▁fire ▁becomes ▁more ▁serious ▁the ▁local ▁fire ▁chief ▁will ▁decide ▁to ▁call ▁it ▁a ▁"" major ▁incident "" ▁and ▁get ▁external ▁help ▁and ▁support . 
 In ▁this ▁case , ▁there ▁were ▁two ▁small ▁fires . ▁The ▁winds ▁changed ▁and ▁the ▁two ▁small ▁fires ▁joined ▁up ▁to ▁become ▁one ▁large ▁fire . ▁This ▁fire ▁was ▁near ▁some ▁"" communication ▁masts "". ▁The ▁local ▁fire ▁chief"
firefighter,363,"? 
 https :// www . bbc . co . uk / news / uk - england - lan cashire - 4 4 6 7 6 7 0 7 

 A : 

 It ▁is ▁part ▁of ▁the ▁procedure ▁of ▁the ▁Fire ▁Brigade . ▁ 
 A ▁small ▁fire ▁will ▁be ▁put ▁out ▁by ▁the ▁local ▁fire ▁brigade . ▁But ▁if ▁the ▁fire ▁becomes ▁more ▁serious ▁the ▁local ▁fire ▁chief ▁will ▁decide ▁to ▁call ▁it ▁a ▁"" major ▁incident "" ▁and ▁get ▁external ▁help ▁and ▁support . 
 In ▁this ▁case , ▁there ▁were ▁two ▁small ▁fires . ▁The ▁winds ▁changed ▁and ▁the ▁two ▁small ▁fires ▁joined ▁up ▁to ▁become ▁one ▁large ▁fire . ▁This ▁fire ▁was ▁near ▁some ▁"" communication ▁masts "". ▁The ▁local ▁fire ▁chief"
firefighter,363,"? 
 https :// www . bbc . co . uk / news / uk - england - lan cashire - 4 4 6 7 6 7 0 7 

 A : 

 It ▁is ▁part ▁of ▁the ▁procedure ▁of ▁the ▁Fire ▁Brigade . ▁ 
 A ▁small ▁fire ▁will ▁be ▁put ▁out ▁by ▁the ▁local ▁fire ▁brigade . ▁But ▁if ▁the ▁fire ▁becomes ▁more ▁serious ▁the ▁local ▁fire ▁chief ▁will ▁decide ▁to ▁call ▁it ▁a ▁"" major ▁incident "" ▁and ▁get ▁external ▁help ▁and ▁support . 
 In ▁this ▁case , ▁there ▁were ▁two ▁small ▁fires . ▁The ▁winds ▁changed ▁and ▁the ▁two ▁small ▁fires ▁joined ▁up ▁to ▁become ▁one ▁large ▁fire . ▁This ▁fire ▁was ▁near ▁some ▁"" communication ▁masts "". ▁The ▁local ▁fire ▁chief"
firefighter,363,"? 
 https :// www . bbc . co . uk / news / uk - england - lan cashire - 4 4 6 7 6 7 0 7 

 A : 

 It ▁is ▁part ▁of ▁the ▁procedure ▁of ▁the ▁Fire ▁Brigade . ▁ 
 A ▁small ▁fire ▁will ▁be ▁put ▁out ▁by ▁the ▁local ▁fire ▁brigade . ▁But ▁if ▁the ▁fire ▁becomes ▁more ▁serious ▁the ▁local ▁fire ▁chief ▁will ▁decide ▁to ▁call ▁it ▁a ▁"" major ▁incident "" ▁and ▁get ▁external ▁help ▁and ▁support . 
 In ▁this ▁case , ▁there ▁were ▁two ▁small ▁fires . ▁The ▁winds ▁changed ▁and ▁the ▁two ▁small ▁fires ▁joined ▁up ▁to ▁become ▁one ▁large ▁fire . ▁This ▁fire ▁was ▁near ▁some ▁"" communication ▁masts "". ▁The ▁local ▁fire ▁chief"
firefighter,363,"▁realised ▁that ▁his ▁firefighters ▁couldn ' t ▁put ▁out ▁the ▁fire ▁alone , ▁so ▁he ▁called ▁the ▁fire ▁a ▁"" major ▁incident "" ▁and ▁got ▁help ▁from ▁other ▁firefighters . 
 As ▁the ▁reporter ▁doesn ' t ▁know ▁who ▁the ▁fire ▁chief ▁is , ▁the ▁reporter ▁uses ▁the ▁passive ▁voice . 

 <bos> Since ▁a ▁recent ▁Stanford ▁study ▁showed ▁that ▁students ▁at ▁practically ▁all ▁grade ▁levels ▁can ' t ▁determine ▁fake ▁news ▁from ▁the ▁real ▁stuff , ▁the ▁push ▁to ▁teach ▁media ▁literacy ▁has ▁gained ▁new ▁momentum . ▁The ▁study ▁showed ▁that ▁while ▁students ▁absorb ▁media ▁constantly , ▁they ▁often ▁lack ▁the ▁critical ▁thinking ▁skills ▁needed ▁to ▁tell ▁fake ▁news ▁from ▁the ▁real ▁stuff . 

 Teachers ▁are ▁taking ▁up ▁the ▁challenge ▁to ▁change ▁that . ▁NPR"
firefighter,363,"▁realised ▁that ▁his ▁firefighters ▁couldn ' t ▁put ▁out ▁the ▁fire ▁alone , ▁so ▁he ▁called ▁the ▁fire ▁a ▁"" major ▁incident "" ▁and ▁got ▁help ▁from ▁other ▁firefighters . 
 As ▁the ▁reporter ▁doesn ' t ▁know ▁who ▁the ▁fire ▁chief ▁is , ▁the ▁reporter ▁uses ▁the ▁passive ▁voice . 

 <bos> Since ▁a ▁recent ▁Stanford ▁study ▁showed ▁that ▁students ▁at ▁practically ▁all ▁grade ▁levels ▁can ' t ▁determine ▁fake ▁news ▁from ▁the ▁real ▁stuff , ▁the ▁push ▁to ▁teach ▁media ▁literacy ▁has ▁gained ▁new ▁momentum . ▁The ▁study ▁showed ▁that ▁while ▁students ▁absorb ▁media ▁constantly , ▁they ▁often ▁lack ▁the ▁critical ▁thinking ▁skills ▁needed ▁to ▁tell ▁fake ▁news ▁from ▁the ▁real ▁stuff . 

 Teachers ▁are ▁taking ▁up ▁the ▁challenge ▁to ▁change ▁that . ▁NPR"
firefighter,363,"▁realised ▁that ▁his ▁firefighters ▁couldn ' t ▁put ▁out ▁the ▁fire ▁alone , ▁so ▁he ▁called ▁the ▁fire ▁a ▁"" major ▁incident "" ▁and ▁got ▁help ▁from ▁other ▁firefighters . 
 As ▁the ▁reporter ▁doesn ' t ▁know ▁who ▁the ▁fire ▁chief ▁is , ▁the ▁reporter ▁uses ▁the ▁passive ▁voice . 

 <bos> Since ▁a ▁recent ▁Stanford ▁study ▁showed ▁that ▁students ▁at ▁practically ▁all ▁grade ▁levels ▁can ' t ▁determine ▁fake ▁news ▁from ▁the ▁real ▁stuff , ▁the ▁push ▁to ▁teach ▁media ▁literacy ▁has ▁gained ▁new ▁momentum . ▁The ▁study ▁showed ▁that ▁while ▁students ▁absorb ▁media ▁constantly , ▁they ▁often ▁lack ▁the ▁critical ▁thinking ▁skills ▁needed ▁to ▁tell ▁fake ▁news ▁from ▁the ▁real ▁stuff . 

 Teachers ▁are ▁taking ▁up ▁the ▁challenge ▁to ▁change ▁that . ▁NPR"
firefighter,363,"▁realised ▁that ▁his ▁firefighters ▁couldn ' t ▁put ▁out ▁the ▁fire ▁alone , ▁so ▁he ▁called ▁the ▁fire ▁a ▁"" major ▁incident "" ▁and ▁got ▁help ▁from ▁other ▁firefighters . 
 As ▁the ▁reporter ▁doesn ' t ▁know ▁who ▁the ▁fire ▁chief ▁is , ▁the ▁reporter ▁uses ▁the ▁passive ▁voice . 

 <bos> Since ▁a ▁recent ▁Stanford ▁study ▁showed ▁that ▁students ▁at ▁practically ▁all ▁grade ▁levels ▁can ' t ▁determine ▁fake ▁news ▁from ▁the ▁real ▁stuff , ▁the ▁push ▁to ▁teach ▁media ▁literacy ▁has ▁gained ▁new ▁momentum . ▁The ▁study ▁showed ▁that ▁while ▁students ▁absorb ▁media ▁constantly , ▁they ▁often ▁lack ▁the ▁critical ▁thinking ▁skills ▁needed ▁to ▁tell ▁fake ▁news ▁from ▁the ▁real ▁stuff . 

 Teachers ▁are ▁taking ▁up ▁the ▁challenge ▁to ▁change ▁that . ▁NPR"
firefighter,363,"▁( VF ). ▁A ▁retrospective ▁cohort ▁study ▁was ▁carried ▁out ▁in ▁a ▁suburban ▁Canadian ▁EMS ▁system . ▁Participants ▁were ▁patients ▁who ▁experienced ▁out - of - hospital ▁cardiac ▁arrest ▁in ▁the ▁regional ▁municipality ▁of ▁Ottawa - Car leton , ▁had ▁VF ▁rhythm ▁at ▁presentation , ▁and ▁received ▁counters ho cks ▁from ▁the ▁La erd al ▁Heart start ▁ 2 0 0 0 ▁automated ▁external ▁def ibrill ator . ▁A ▁total ▁of ▁ 3 1 0 ▁patients ▁met ▁the ▁inclusion ▁criteria . ▁Colle ctively ▁they ▁received ▁ 7 1 7 ▁counters ho cks . ▁The ▁first ▁shocks ▁were ▁successful ▁in ▁converting ▁VF ▁rhythm ▁ 2 5 . 5 % ▁of ▁the ▁time . ▁The ▁most ▁important ▁determinant ▁of ▁shock ▁success ▁was ▁the ▁interval ▁from ▁when ▁the ▁call ▁was"
firefighter,363,"▁( VF ). ▁A ▁retrospective ▁cohort ▁study ▁was ▁carried ▁out ▁in ▁a ▁suburban ▁Canadian ▁EMS ▁system . ▁Participants ▁were ▁patients ▁who ▁experienced ▁out - of - hospital ▁cardiac ▁arrest ▁in ▁the ▁regional ▁municipality ▁of ▁Ottawa - Car leton , ▁had ▁VF ▁rhythm ▁at ▁presentation , ▁and ▁received ▁counters ho cks ▁from ▁the ▁La erd al ▁Heart start ▁ 2 0 0 0 ▁automated ▁external ▁def ibrill ator . ▁A ▁total ▁of ▁ 3 1 0 ▁patients ▁met ▁the ▁inclusion ▁criteria . ▁Colle ctively ▁they ▁received ▁ 7 1 7 ▁counters ho cks . ▁The ▁first ▁shocks ▁were ▁successful ▁in ▁converting ▁VF ▁rhythm ▁ 2 5 . 5 % ▁of ▁the ▁time . ▁The ▁most ▁important ▁determinant ▁of ▁shock ▁success ▁was ▁the ▁interval ▁from ▁when ▁the ▁call ▁was"
firefighter,363,"▁patients ▁with ▁a ▁severe ▁head ▁injury . ▁Additional ▁education , ▁training ▁and ▁a ▁supplementary ▁protocol ▁with ▁predictors ▁of ▁a ▁severe ▁head ▁injury ▁could ▁help ▁EMS ▁providers ▁in ▁the ▁identification ▁of ▁these ▁patients . <bos> 
 What ’ s ▁up ▁with ▁ARM ▁- ▁pm jordan 
 http :// ld n . linux foundation . org / blog - entry / what % E 2 % 8 0 % 9 9 s - with - arm 
 ====== 
 ed der ly 
 Some ▁context : 

 ▁_ Ga ah . ▁Guys , ▁this ▁whole ▁ARM ▁thing ▁is ▁a ▁f - cking ▁pain ▁in ▁the ▁ass _ 
 < https :// lk ml . org / lk ml / 2 0 1 1 / 3 / 1 7 /"
firefighter,363,"▁( VF ). ▁A ▁retrospective ▁cohort ▁study ▁was ▁carried ▁out ▁in ▁a ▁suburban ▁Canadian ▁EMS ▁system . ▁Participants ▁were ▁patients ▁who ▁experienced ▁out - of - hospital ▁cardiac ▁arrest ▁in ▁the ▁regional ▁municipality ▁of ▁Ottawa - Car leton , ▁had ▁VF ▁rhythm ▁at ▁presentation , ▁and ▁received ▁counters ho cks ▁from ▁the ▁La erd al ▁Heart start ▁ 2 0 0 0 ▁automated ▁external ▁def ibrill ator . ▁A ▁total ▁of ▁ 3 1 0 ▁patients ▁met ▁the ▁inclusion ▁criteria . ▁Colle ctively ▁they ▁received ▁ 7 1 7 ▁counters ho cks . ▁The ▁first ▁shocks ▁were ▁successful ▁in ▁converting ▁VF ▁rhythm ▁ 2 5 . 5 % ▁of ▁the ▁time . ▁The ▁most ▁important ▁determinant ▁of ▁shock ▁success ▁was ▁the ▁interval ▁from ▁when ▁the ▁call ▁was"
firefighter,363,"? 

 Anti ep ile ptic ▁medicines ▁are ▁one ▁of ▁the ▁most ▁typically ▁prescribed ▁medicinal ▁drugs ▁via ▁either ▁neuro logists ▁and ▁psychiatrists , ▁as ▁they ▁exert ▁a ▁couple ▁of ▁results ▁which ▁expand ▁a ▁ways ▁past ▁their ▁anti conv uls ant ▁houses . ▁there ' s ▁becoming ▁facts ▁that ▁every ▁anti ep ile ptic ▁drug ▁is ▁characterized ▁by ▁means ▁of ▁a ▁selected ▁behavioural ▁profile . 

 Additional ▁info ▁for ▁Aspects ▁of ▁Human ▁Genetics : ▁With ▁Special ▁Reference ▁to ▁X - Linked ▁Disorders ▁Symposium ▁on ▁X - Linked ▁Diseases ▁Held ▁by ▁the ▁European ▁Society ▁of ▁Human ▁Genetics , ▁Madrid , ▁September - October ▁ 1 9 8 2 : ▁Selected ▁Papers <bos> Diagnostic ▁value ▁of ▁emergency ▁medical ▁services ▁provider ▁judgement ▁in ▁the ▁identification ▁of ▁head ▁injuries ▁among ▁trauma ▁patients"
firefighter,363,"▁homes ▁or ▁other ▁buildings . 

 Back ▁in ▁California , ▁fire ▁crews ▁also ▁were ▁battling ▁a ▁blaze ▁in ▁Sierra ▁National ▁Forest ▁about ▁ 6 0 ▁miles ▁northeast ▁of ▁Fresno ▁that ▁threatened ▁dozens ▁of ▁homes ▁and ▁forced ▁a ▁handful ▁of ▁evacu ations ▁Friday ▁afternoon . 

 Ev acu ations ▁were ▁ordered ▁for ▁some ▁ 5 0 ▁houses ▁in ▁Arnold ▁Meadows , ▁but ▁many ▁are ▁vacation ▁homes ▁and ▁only ▁about ▁a ▁dozen ▁people ▁had ▁to ▁evacuate ▁when ▁deputies ▁went ▁door - to - door , ▁The ▁Madera ▁County ▁Sheriff ’ s ▁Department ▁said . 

 The ▁blaze ▁was ▁burning ▁close ▁to ▁the ▁Mammoth ▁Pool ▁Reservoir , ▁a ▁popular ▁recreation ▁spot ▁that ▁supplies ▁drinking ▁water , ▁and ▁crews ▁were ▁trying ▁to ▁finish ▁containment ▁lines ▁on ▁the ▁section ▁near ▁the ▁reservoir"
firefighter,363,"▁homes ▁or ▁other ▁buildings . 

 Back ▁in ▁California , ▁fire ▁crews ▁also ▁were ▁battling ▁a ▁blaze ▁in ▁Sierra ▁National ▁Forest ▁about ▁ 6 0 ▁miles ▁northeast ▁of ▁Fresno ▁that ▁threatened ▁dozens ▁of ▁homes ▁and ▁forced ▁a ▁handful ▁of ▁evacu ations ▁Friday ▁afternoon . 

 Ev acu ations ▁were ▁ordered ▁for ▁some ▁ 5 0 ▁houses ▁in ▁Arnold ▁Meadows , ▁but ▁many ▁are ▁vacation ▁homes ▁and ▁only ▁about ▁a ▁dozen ▁people ▁had ▁to ▁evacuate ▁when ▁deputies ▁went ▁door - to - door , ▁The ▁Madera ▁County ▁Sheriff ’ s ▁Department ▁said . 

 The ▁blaze ▁was ▁burning ▁close ▁to ▁the ▁Mammoth ▁Pool ▁Reservoir , ▁a ▁popular ▁recreation ▁spot ▁that ▁supplies ▁drinking ▁water , ▁and ▁crews ▁were ▁trying ▁to ▁finish ▁containment ▁lines ▁on ▁the ▁section ▁near ▁the ▁reservoir"
firefighter,363,"▁homes ▁or ▁other ▁buildings . 

 Back ▁in ▁California , ▁fire ▁crews ▁also ▁were ▁battling ▁a ▁blaze ▁in ▁Sierra ▁National ▁Forest ▁about ▁ 6 0 ▁miles ▁northeast ▁of ▁Fresno ▁that ▁threatened ▁dozens ▁of ▁homes ▁and ▁forced ▁a ▁handful ▁of ▁evacu ations ▁Friday ▁afternoon . 

 Ev acu ations ▁were ▁ordered ▁for ▁some ▁ 5 0 ▁houses ▁in ▁Arnold ▁Meadows , ▁but ▁many ▁are ▁vacation ▁homes ▁and ▁only ▁about ▁a ▁dozen ▁people ▁had ▁to ▁evacuate ▁when ▁deputies ▁went ▁door - to - door , ▁The ▁Madera ▁County ▁Sheriff ’ s ▁Department ▁said . 

 The ▁blaze ▁was ▁burning ▁close ▁to ▁the ▁Mammoth ▁Pool ▁Reservoir , ▁a ▁popular ▁recreation ▁spot ▁that ▁supplies ▁drinking ▁water , ▁and ▁crews ▁were ▁trying ▁to ▁finish ▁containment ▁lines ▁on ▁the ▁section ▁near ▁the ▁reservoir"
firefighter,363,"▁the ▁driver , ▁ 4 2 - year - old ▁Long ▁Pond ▁man , ▁was ▁taken ▁into ▁custody ▁for ▁suspicion ▁of ▁DUI . 

 • ▁On ▁Jan . ▁ 2 2 ▁at ▁ 5 : 0 2 ▁p . m . ▁troopers ▁responded ▁to ▁a ▁commercial ▁building ▁in ▁the ▁ 8 0 0 ▁block ▁of ▁Gilbert ▁Road ▁in ▁Chest n uth ill ▁Township . ▁On ▁scene , ▁troopers ▁noticed ▁a ▁door ▁was ▁slightly ▁open ▁and ▁a ▁window ▁was ▁kicked ▁in . ▁A ▁canvass ▁of ▁the ▁building ▁found ▁that ▁it ▁had ▁not ▁been ▁entered . ▁The ▁building ▁owner ▁was ▁contacted . ▁Damage ▁to ▁the ▁window ▁was ▁estimated ▁at ▁$ 5 0 . 

 Anyone ▁with ▁information ▁concerning ▁this ▁incident ▁is ▁asked ▁to ▁call ▁troopers ▁at ▁ 5 7"
firefighter,363,"▁rock ab illy , ▁and ▁ 1 9 6 0 s ▁blues ▁rock . ▁Electric ▁guitars ▁are ▁used ▁in ▁almost ▁every ▁popular ▁music ▁genre . ▁U . S . ▁patent ▁# 2 , 0 8 9 , 1 7 1 ▁was ▁filed ▁by ▁Beauchamp ▁on ▁June ▁ 2 , ▁ 1 9 3 4 ▁and ▁issued ▁on ▁August ▁ 1 0 ▁ 1 9 3 7 . 1 9 3 1 ▁St robe ▁light The ▁strobe ▁light , ▁commonly ▁called ▁a ▁strobe , ▁is ▁a ▁device ▁used ▁to ▁produce ▁regular ▁flashes ▁of ▁light . ▁Modern ▁uses ▁of ▁strobe ▁lights ▁serve ▁a ▁purpose ▁for ▁safety ▁warning , ▁and ▁motion ▁detection . ▁Stro bes ▁can ▁be ▁found ▁atop ▁most ▁police ▁cars , ▁ambulances , ▁and ▁fire ▁trucks . ▁The"
firefighter,363,"▁rock ab illy , ▁and ▁ 1 9 6 0 s ▁blues ▁rock . ▁Electric ▁guitars ▁are ▁used ▁in ▁almost ▁every ▁popular ▁music ▁genre . ▁U . S . ▁patent ▁# 2 , 0 8 9 , 1 7 1 ▁was ▁filed ▁by ▁Beauchamp ▁on ▁June ▁ 2 , ▁ 1 9 3 4 ▁and ▁issued ▁on ▁August ▁ 1 0 ▁ 1 9 3 7 . 1 9 3 1 ▁St robe ▁light The ▁strobe ▁light , ▁commonly ▁called ▁a ▁strobe , ▁is ▁a ▁device ▁used ▁to ▁produce ▁regular ▁flashes ▁of ▁light . ▁Modern ▁uses ▁of ▁strobe ▁lights ▁serve ▁a ▁purpose ▁for ▁safety ▁warning , ▁and ▁motion ▁detection . ▁Stro bes ▁can ▁be ▁found ▁atop ▁most ▁police ▁cars , ▁ambulances , ▁and ▁fire ▁trucks . ▁The"
firefighter,363,"▁ 2 3 % ▁as ▁blaze ▁climbs ▁record ▁books 

 Fire fighters ▁capitalized ▁on ▁a ▁blanket ▁of ▁moist ▁air ▁that ▁settled ▁over ▁the ▁mountains ▁near ▁Yosemite ▁National ▁Park ▁on ▁Tuesday ▁night ▁to ▁increase ▁containment ▁of ▁the ▁Rim ▁fire ▁to ▁ 2 3 %. 

 The ▁blaze ▁– ▁now ▁entering ▁its ▁ 1 2 th ▁day ▁– ▁has ▁burned ▁ 1 8 7 , 4 6 6 ▁acres ▁and ▁is ▁on ▁pace ▁to ▁soon ▁become ▁the ▁sixth - largest ▁fire ▁in ▁state ▁history . ▁Containment ▁was ▁up ▁from ▁ 2 0 % ▁Tuesday . 

 Advertisement 

 Overnight , ▁firefighters ▁continued ▁to ▁build ▁and ▁strengthen ▁containment ▁lines ▁and ▁conduct ▁back firing ▁operations ▁to ▁slow ▁the ▁blaze ▁as ▁it ▁ra ges ▁farther ▁into ▁Yosemite ▁National ▁Park . 

 Authorities"
firefighter,363,"issued ▁ID ▁cards ▁that ▁link ▁to ▁living ▁wills ▁would ▁let ▁emergency ▁responders ▁know ▁whether ▁you ▁want ▁to ▁be ▁resus cit ated . 

 "" You ▁have ▁to ▁have ▁legislation ▁which ▁says ▁that ▁the ▁ambulance ▁personnel ▁shall ▁search ▁for ▁that ▁document , ▁which , ▁in ▁my ▁opinion , ▁should ▁be ▁available ▁by ▁pressing ▁a ▁button ▁or ▁two ."" 

 K ahn ▁says ▁such ▁a ▁program ▁would ▁spare ▁the ▁pain ▁and ▁expense ▁of ▁unwanted ▁treatment . 

 K ahn ▁-- ▁who ▁is ▁a ▁physician ▁-- ▁says ▁many ▁people ▁resus cit ated ▁after ▁suffering ▁a ▁heart ▁attack ▁outside ▁of ▁a ▁hospital ▁don ' t ▁survive ▁or ▁have ▁a ▁very ▁poor ▁quality ▁of ▁life ▁afterward . 

 "" Statistics ▁show ▁that ▁if ▁you ▁have ▁an ▁out - of - hospital ▁cardiac"
firefighter,363,"issued ▁ID ▁cards ▁that ▁link ▁to ▁living ▁wills ▁would ▁let ▁emergency ▁responders ▁know ▁whether ▁you ▁want ▁to ▁be ▁resus cit ated . 

 "" You ▁have ▁to ▁have ▁legislation ▁which ▁says ▁that ▁the ▁ambulance ▁personnel ▁shall ▁search ▁for ▁that ▁document , ▁which , ▁in ▁my ▁opinion , ▁should ▁be ▁available ▁by ▁pressing ▁a ▁button ▁or ▁two ."" 

 K ahn ▁says ▁such ▁a ▁program ▁would ▁spare ▁the ▁pain ▁and ▁expense ▁of ▁unwanted ▁treatment . 

 K ahn ▁-- ▁who ▁is ▁a ▁physician ▁-- ▁says ▁many ▁people ▁resus cit ated ▁after ▁suffering ▁a ▁heart ▁attack ▁outside ▁of ▁a ▁hospital ▁don ' t ▁survive ▁or ▁have ▁a ▁very ▁poor ▁quality ▁of ▁life ▁afterward . 

 "" Statistics ▁show ▁that ▁if ▁you ▁have ▁an ▁out - of - hospital ▁cardiac"
firefighter,363,"▁drove ▁them ▁back ▁with ▁tear gas ▁and ▁arrested ▁some . 

 Fire fighters ▁were ▁seen ▁trying ▁to ▁put ▁out ▁a ▁fire ▁inside , ▁apparently ▁caused ▁by ▁a ▁fire bomb . 

 Earlier , ▁hundreds ▁of ▁demonstrators ▁pel ted ▁the ▁Austrian ▁embassy ▁compound ▁with ▁petrol ▁bombs ▁and ▁rocks ▁late , ▁as ▁protests ▁over ▁cartoons ▁portraying ▁the ▁Prophet ▁Mohammed ▁spread ▁across ▁the ▁Muslim ▁world . 

 Denmark ▁had ▁previously ▁asked ▁the ▁Iranian ▁authorities ▁to ▁increase ▁security ▁at ▁the ▁embassy , ▁following ▁weekend ▁attacks ▁on ▁its ▁embassy ▁in ▁Damascus ▁and ▁its ▁consulate ▁in ▁Beirut , ▁which ▁were ▁both ▁burned ▁by ▁angry ▁demonstrators . 

 Iran ' s ▁commerce ▁minister ▁announced ▁today , ▁however , ▁that ▁all ▁trade ▁with ▁Denmark ▁had ▁been ▁suspended . 

 Anger ▁at ▁the ▁cartoons ▁rose ▁across"
firefighter,363,"▁five ▁LCD ▁filter ▁weights ▁to 
 ▁▁▁ * ▁▁▁ @ FT _ Face _ Properties ▁within ▁an ▁@ FT _ Parameter ▁structure . 
 ▁▁▁ * 
 ▁▁▁ * ▁@ since : 
 ▁▁▁ * ▁▁▁ 2 . 8 
 ▁▁▁ * 
 ▁▁▁ */ 
 # define ▁FT _ LCD _ FILTER _ FIVE _ T APS ▁▁ 5 

 ▁▁ typedef ▁FT _ Byte ▁▁ FT _ L cd Five Tap Filter [ FT _ LCD _ FILTER _ FIVE _ T APS ]; 


 ▁▁ /* ▁*/ 


 FT _ END _ HEADER 

 # endif ▁/* ▁F TL CD FIL _ H _ ▁*/ 


 /* ▁END ▁*/ 
 <bos> ALT URAS , ▁Calif . ▁( AP ) ▁— ▁Fire fighters ▁in ▁Northern"
firefighter,363,"▁if ▁you ▁have , ▁say , ▁a ▁heart ▁attack . ▁But ▁if ▁you ▁don ' t ▁have ▁that ▁document ▁with ▁you , ▁emergency ▁responders ▁are ▁going ▁to ▁try ▁to ▁bring ▁you ▁back ▁to ▁life . 

 "" Their ▁first ▁default ▁is ▁to ▁res usc itate , ▁and ▁in ▁your ▁case , ▁that ' s ▁wrong . ▁It ' s ▁not ▁what ▁you ▁wanted ▁to ▁do , ▁but ▁they ▁didn ' t ▁know ▁that ▁because ▁they ▁didn ' t ▁have ▁the ▁document ,"" ▁says ▁State ▁Sen . ▁Roger ▁Kahn , ▁R - Sag inaw . 

 "" When ▁they ▁( living ▁wills ) ▁are ▁not ▁followed , ▁you ▁are ▁assaulted ▁by ▁the ▁medical ▁system ▁and ▁then ▁charged ▁a ▁bill ▁for ▁it ."" 

 K ahn ▁says ▁state -"
firefighter,363,"▁the ▁rest ▁of ▁the ▁total ▁of ▁almost ▁SEK ▁ 5 ▁million ▁which ▁the ▁project ▁has ▁cost ▁to ▁complete . ▁Furthermore , ▁the ▁bulk ▁of ▁the ▁operations ▁have ▁requirements ▁from ▁the ▁Environment ▁and ▁Health ▁Administration , ▁and ▁these ▁have ▁now ▁been ▁met ”. 

 The ▁extinguishing ▁water ▁system ▁is ▁an ▁addition ▁to ▁CMP ’ s ▁ordinary ▁surface ▁water ▁system . ▁In ▁the ▁event ▁of ▁a ▁fire , ▁the ▁surface ▁water ▁is ▁redirected ▁to ▁the ▁extinguishing ▁water ▁system . ▁An ▁approximately ▁ 8 0 0 ▁meter ▁long ▁glass - fibre ▁reinforced ▁pipe ▁– ▁known ▁as ▁a ▁GAP ▁pipeline ▁– ▁has ▁been ▁laid ▁in ▁the ▁ground ▁to ▁transport ▁the ▁extinguishing ▁water ▁and ▁an ▁approximately ▁ 2 2 ▁metre ▁pool ▁has ▁been ▁made ▁for ▁temporary ▁storage ▁of ▁the ▁water . 

"
firefighter,363,"▁soldier ▁rushed ▁to ▁his ▁friend , ▁dragged ▁him ▁to ▁cover , ▁then ▁tried ▁to ▁stop ▁the ▁bleeding , ▁for ▁ 3 0 ▁minutes , ▁until ▁help ▁arrived . 

 Bren nan ▁died ▁of ▁his ▁wounds . ▁So ▁did ▁Sp c . ▁Hugo ▁V . ▁Mendoza , ▁the ▁platoon ▁medic . ▁Five ▁others ▁were ▁wounded . 

 “ It ▁had ▁been ▁as ▁intense ▁and ▁violent ▁a ▁fire fight ▁as ▁any ▁soldier ▁will ▁experience ,” ▁Obama ▁said . ▁“ By ▁the ▁time ▁it ▁was ▁finished , ▁every ▁member ▁of ▁First ▁Plato on ▁had ▁sh rapnel ▁or ▁a ▁bullet ▁hole ▁in ▁their ▁gear .” 

 The ▁ceremony , ▁which ▁followed ▁the ▁formal ▁announcement ▁of ▁the ▁honor ▁in ▁September , ▁was ▁attended ▁by ▁members ▁of ▁Gi unta ’ s ▁family ▁and"
firefighter,363,"▁hours ▁of ▁hypo thermia ▁induced ▁by ▁exposure ▁to ▁H 2 S . ▁This ▁might ▁be ▁due ▁to ▁the ▁reduced ▁kinetics ▁of ▁recruitment , ▁adherence ▁and ▁infiltration ▁of ▁PM N ▁cells ▁by ▁H 2 S ▁- induced ▁hypo thermia . ▁Our ▁findings ▁further ▁suggest ▁that , ▁in ▁contrast ▁to ▁mon other ap ies ▁that ▁have ▁thus ▁far ▁uniformly ▁failed ▁in ▁clinical ▁practice , ▁prolonged ▁hypo thermia ▁has ▁ple iot ropic ▁effects ▁on ▁brain ▁physiology ▁that ▁may ▁be ▁necessary ▁for ▁effective ▁protection ▁of ▁the ▁brain ▁after ▁stroke . <bos> Q : 

 How ▁to ▁install ▁Visual ▁Studio ▁on ▁Ubuntu ▁ 2 0 . 0 4 ? 

 Can ▁anyone ▁tell ▁how ▁to ▁install ▁Visual ▁Studio ▁and ▁. NET ▁Framework ▁on ▁Ubuntu ▁ 2 0 . 0 4 ? 
"
firefighter,363,"▁response , ▁emergency ▁assistance , ▁advocacy ▁support , ▁shelter , ▁supervised ▁visitation ▁services ▁and ▁other ▁housing ▁support . ▁A ▁trained ▁advocate ▁is ▁available ▁ 2 4 ▁hours ▁a ▁day ▁to ▁listen , ▁help ▁assess ▁needs ▁and ▁safety , ▁and ▁help ▁locate ▁needed ▁resources ▁or ▁help ▁in ▁deciding ▁if ▁reporting ▁a ▁rape ▁or ▁an ▁assault ▁is ▁the ▁right ▁option . We ▁know ▁how ▁hard ▁it ▁is ▁to ▁take ▁the ▁first ▁step ▁or ▁to ▁be ▁scared ▁for ▁someone ▁you ▁know ▁who ▁is ▁in ▁an ▁abusive ▁relationship . ▁We ’ re ▁here ▁to ▁listen ▁and ▁provide ▁options ▁in ▁moving ▁forward . 

 All ▁VIP ▁services ▁are ▁free ▁and ▁confidential ▁and ▁open ▁to ▁people ▁of ▁all ▁genders ▁in ▁Pennington , ▁Kit tson , ▁Marshall , ▁Red ▁Lake ▁and ▁Rose au ▁Counties"
firefighter,363,"▁family ▁in ▁$\ lambda $, ▁assuming ▁that ▁there ▁exists ▁a ▁known ▁constant ▁$\ lambda _ 0 $ ▁such ▁that ▁$ 0 <\ lambda \ leq ▁\ lambda _ 0 <\ infty $, ▁$ f ( t ) ▁= ▁e ^{-\ lambda ▁t }$ ▁and ▁$ d \ nu _ 0 ( x )=\ frac { 1 }{ x } dx $. ▁In ▁particular , ▁the ▁$ f $ ▁are ▁Lipschitz , ▁i . e . ▁${\ ensuremath ▁{\ mathscr { F }} }^{\ nu _ 0 , ▁[ 0 , 1 ]} ▁\ subset ▁{\ ensuremath ▁{\ mathscr { F }} }_{ (\ gamma ▁= ▁ 1 , ▁K , ▁\ kappa , ▁M )}^{ [ 0 , 1 ] }$. ▁The ▁discrete ▁or ▁continuous ▁observation ▁("
firefighter,363,"1 ; ▁* p * ▁= ▁ 0 . 0 1 \] ▁suggested ▁that ▁their ▁positive ▁expression ▁correlated ▁with ▁poor ▁OS . 

 ![ Forest ▁plot ▁describing ▁subgroup ▁analysis ▁of ▁the ▁association ▁between ▁individual ▁EMT - TF ▁overexpression ▁and ▁OS ▁in ▁HCC ▁patients ]( on co target - 0 8 - 5 9 5 0 0 - g 0 0 3 ){ # F 3 } 

 EMT - TF s ▁and ▁clinic opathological ▁features ▁in ▁HCC ▁{# s 2 _ 4 } 
 ---------------- ---------------- --------------- 

 In ▁the ▁meta - analysis , ▁the ▁pooled ▁data ▁revealed ▁that ▁the ▁associations ▁between ▁EMT - TF s ▁and ▁the ▁following ▁clinic opathological ▁features ▁were ▁significant : ▁T NM ▁stage ▁\[ III + IV ▁vs . ▁I + II"
firefighter,363,"proto : ▁"" repeated _ nested _ message ""), 
 ▁▁▁▁ 4 9 : ▁. standard ( proto : ▁"" repeated _ foreign _ message ""), 
 ▁▁▁▁ 5 0 : ▁. standard ( proto : ▁"" repeated _ import _ message ""), 
 ▁▁▁▁ 5 1 : ▁. standard ( proto : ▁"" repeated _ nested _ enum ""), 
 ▁▁▁▁ 5 2 : ▁. standard ( proto : ▁"" repeated _ foreign _ enum ""), 
 ▁▁▁▁ 5 4 : ▁. standard ( proto : ▁"" repeated _ string _ piece ""), 
 ▁▁▁▁ 5 5 : ▁. standard ( proto : ▁"" repeated _ cord ""), 
 ▁▁▁▁ 5 7 : ▁. standard ( proto : ▁"" repeated _ lazy _ message ""), 
"
firefighter,363,", ▁p . Arg 1 4 4 1 His , ▁p . Tyr 1 6 9 9 Cys , ▁p . Ile 2 0 2 0 Thr , ▁and ▁p . Asn 1 4 3 7 His ▁were ▁not ▁found ▁in ▁our ▁cohort ▁of ▁PD ▁patients ▁and ▁controls . ▁All ▁of ▁the ▁ 2 4 6 ▁PD ▁subjects ▁and ▁ 2 0 0 ▁controls ▁were ▁homozygous ▁for ▁wild - type ▁alleles ▁of ▁these ▁SNPs ▁([ Table ▁ 2 ](# tab 2 ){ ref - type ="" table "" }). ▁The ▁alle lic ▁frequencies ▁for ▁the ▁aforementioned ▁SNPs ▁were ▁in ▁Hardy -- Wein berg ▁equilibrium ▁(* p *= 1 ). 

 3 . 3 . ▁SNPs ▁with ▁Positive ▁Findings ▁{# sec 3 . 3 } 
 ---------------- ----------------"
firefighter,363,"Elf ▁release , ▁"" the ▁contract ▁covers ▁an ▁initial ▁period ▁of ▁ 1 2 ▁months , ▁during ▁which ▁regional ▁geological ▁and ▁geophysical ▁studies ▁will ▁be ▁undertaken ▁in ▁order ▁to ▁assess ▁the ▁petroleum ▁potential ▁of ▁the ▁zone . ▁These ▁studies ▁will ▁complement ▁the ▁knowledge ▁base ▁that ▁Total F ina Elf ▁has ▁been ▁building - up ▁over ▁several ▁years ▁along ▁the ▁length ▁of ▁the ▁Atlantic ▁coast ▁of ▁Africa . 2 

 The ▁American ▁oil ▁company ▁Kerr - Mc Gee ▁is ▁far ▁more ▁restrictive ▁on ▁its ▁information . ▁The ▁company ' s ▁website ▁only ▁informs ▁that ▁Kerr - Mc Gee ▁is ▁involved ▁in ▁"" f ocusing ▁on ▁international ▁deep water ▁opportunities ▁offshore ▁... ▁Morocco , ▁... ▁where ▁it ▁has ▁lease ▁positions "". ▁In ▁November ▁last ▁year , ▁the ▁US ▁company"
professor,9493,"▁to ▁follow ? Ain ' t ▁karma ▁such ▁a ▁bitch ? ▁Wak ak aka . 

 But ▁wait , ▁I ▁apologise ▁for ▁boring ▁you ▁with ▁this ▁sense ▁of ▁outrage ▁at ▁the ▁blatant ▁double ▁standards ▁because ▁I ▁kept ▁forgetting ▁that ' s ▁UM NO , ▁wak ak aka . 

 And ▁that ' s ▁why , ▁to ▁reiterate , ▁UM NO ▁is ▁a ▁nest ▁of ▁vip ers ▁with ▁mucho ▁Machia vel lian ▁activities ▁and ▁schemes , ▁wak ak aka , ▁which ▁BTW ▁should ▁also ▁include ▁Anwar ' s ▁attempted ▁move ▁against ▁Mahat hir ▁back ▁in ▁ 1 9 9 8 . 

 And ▁to ▁show ▁my ▁argument ▁is ▁true ▁that ▁UM NO ▁blo kes ▁like ▁Ku ▁Li ▁and ▁Anwar ▁( and ▁indeed ▁even ▁Mahat hir ▁himself ) ▁prefer"
professor,9493,"▁to ▁follow ? Ain ' t ▁karma ▁such ▁a ▁bitch ? ▁Wak ak aka . 

 But ▁wait , ▁I ▁apologise ▁for ▁boring ▁you ▁with ▁this ▁sense ▁of ▁outrage ▁at ▁the ▁blatant ▁double ▁standards ▁because ▁I ▁kept ▁forgetting ▁that ' s ▁UM NO , ▁wak ak aka . 

 And ▁that ' s ▁why , ▁to ▁reiterate , ▁UM NO ▁is ▁a ▁nest ▁of ▁vip ers ▁with ▁mucho ▁Machia vel lian ▁activities ▁and ▁schemes , ▁wak ak aka , ▁which ▁BTW ▁should ▁also ▁include ▁Anwar ' s ▁attempted ▁move ▁against ▁Mahat hir ▁back ▁in ▁ 1 9 9 8 . 

 And ▁to ▁show ▁my ▁argument ▁is ▁true ▁that ▁UM NO ▁blo kes ▁like ▁Ku ▁Li ▁and ▁Anwar ▁( and ▁indeed ▁even ▁Mahat hir ▁himself ) ▁prefer"
professor,9493,"▁to ▁follow ? Ain ' t ▁karma ▁such ▁a ▁bitch ? ▁Wak ak aka . 

 But ▁wait , ▁I ▁apologise ▁for ▁boring ▁you ▁with ▁this ▁sense ▁of ▁outrage ▁at ▁the ▁blatant ▁double ▁standards ▁because ▁I ▁kept ▁forgetting ▁that ' s ▁UM NO , ▁wak ak aka . 

 And ▁that ' s ▁why , ▁to ▁reiterate , ▁UM NO ▁is ▁a ▁nest ▁of ▁vip ers ▁with ▁mucho ▁Machia vel lian ▁activities ▁and ▁schemes , ▁wak ak aka , ▁which ▁BTW ▁should ▁also ▁include ▁Anwar ' s ▁attempted ▁move ▁against ▁Mahat hir ▁back ▁in ▁ 1 9 9 8 . 

 And ▁to ▁show ▁my ▁argument ▁is ▁true ▁that ▁UM NO ▁blo kes ▁like ▁Ku ▁Li ▁and ▁Anwar ▁( and ▁indeed ▁even ▁Mahat hir ▁himself ) ▁prefer"
professor,9493,"▁to ▁follow ? Ain ' t ▁karma ▁such ▁a ▁bitch ? ▁Wak ak aka . 

 But ▁wait , ▁I ▁apologise ▁for ▁boring ▁you ▁with ▁this ▁sense ▁of ▁outrage ▁at ▁the ▁blatant ▁double ▁standards ▁because ▁I ▁kept ▁forgetting ▁that ' s ▁UM NO , ▁wak ak aka . 

 And ▁that ' s ▁why , ▁to ▁reiterate , ▁UM NO ▁is ▁a ▁nest ▁of ▁vip ers ▁with ▁mucho ▁Machia vel lian ▁activities ▁and ▁schemes , ▁wak ak aka , ▁which ▁BTW ▁should ▁also ▁include ▁Anwar ' s ▁attempted ▁move ▁against ▁Mahat hir ▁back ▁in ▁ 1 9 9 8 . 

 And ▁to ▁show ▁my ▁argument ▁is ▁true ▁that ▁UM NO ▁blo kes ▁like ▁Ku ▁Li ▁and ▁Anwar ▁( and ▁indeed ▁even ▁Mahat hir ▁himself ) ▁prefer"
professor,9493,"▁In ▁fact , ▁a ▁book ▁called ▁“ UFO ’ s ▁in ▁the ▁Qur ’ an ” ▁claims ▁that ▁the ▁U . S . ▁government ▁is ▁being ▁run ▁by ▁aliens ▁or ▁evil ▁spirits . ▁That ’ s ▁Skull ▁& ▁Bones . ▁They ▁tell ▁their ▁members ▁they ’ d ▁always ▁be ▁protected ▁from ▁corruption ▁charges . ▁So ▁a ▁Harvard ▁University ▁professor , ▁just ▁because ▁he ▁goes ▁to ▁Harvard , ▁is ▁told ▁he ’ d ▁always ▁be ▁protected ▁from ▁rape ▁accusations , ▁and ▁no ▁matter ▁what ▁crime ▁he ▁commits , ▁it ’ s ▁going ▁to ▁be ▁ok . 

 But ▁this ▁is ▁not ▁the ▁way ▁God ’ s ▁government ▁works . ▁This ▁is ▁not ▁something ▁Jesus ▁would ▁stand ▁for . ▁Cor rupt ▁people ▁are ▁going ▁to ▁hell , ▁and ▁nothing"
professor,9493,"▁adults ▁ 2 5 - 5 4 ▁and ▁ 1 8 - 4 9 ▁for ▁the ▁night ,"" ▁the ▁network ▁said ▁in ▁a ▁statement . 

 This ▁season ▁is ▁poised ▁to ▁explore ▁some ▁family ▁problems ▁within ▁the ▁large ▁Chapman ▁family ▁— ▁daughter ▁"" Baby "" ▁Ly ssa ▁Chapman ' s ▁March ▁arrest ▁will ▁air ▁on ▁an ▁episode , ▁as ▁will ▁tensions ▁between ▁Chapman ▁and ▁his ▁oldest ▁son , ▁Duane ▁Lee . 

 "" I ▁love ▁you , ▁dad . ▁This ▁is ▁Travis . ▁I ▁want ▁to ▁go ▁home . ▁I ▁don ' t ▁like ▁it ▁here ,"" ▁the ▁boy ▁told ▁his ▁father ▁also ▁named ▁Travis . ▁They ▁gained ▁custody ▁after ▁an ▁audio ▁recording ▁surfaced ▁that ▁allegedly ▁showed ▁the ▁father ▁beating ▁the ▁child ▁with ▁a ▁belt . 

"
professor,9493,"▁adults ▁ 2 5 - 5 4 ▁and ▁ 1 8 - 4 9 ▁for ▁the ▁night ,"" ▁the ▁network ▁said ▁in ▁a ▁statement . 

 This ▁season ▁is ▁poised ▁to ▁explore ▁some ▁family ▁problems ▁within ▁the ▁large ▁Chapman ▁family ▁— ▁daughter ▁"" Baby "" ▁Ly ssa ▁Chapman ' s ▁March ▁arrest ▁will ▁air ▁on ▁an ▁episode , ▁as ▁will ▁tensions ▁between ▁Chapman ▁and ▁his ▁oldest ▁son , ▁Duane ▁Lee . 

 "" I ▁love ▁you , ▁dad . ▁This ▁is ▁Travis . ▁I ▁want ▁to ▁go ▁home . ▁I ▁don ' t ▁like ▁it ▁here ,"" ▁the ▁boy ▁told ▁his ▁father ▁also ▁named ▁Travis . ▁They ▁gained ▁custody ▁after ▁an ▁audio ▁recording ▁surfaced ▁that ▁allegedly ▁showed ▁the ▁father ▁beating ▁the ▁child ▁with ▁a ▁belt . 

"
professor,9493,"▁have ▁an ▁entirely ▁different ▁perspective ▁of ▁the ▁memo ▁than ▁the ▁rest ▁of ▁the ▁world . ▁And ▁DDT ▁will ▁be ▁delighted ▁because ▁he ▁gets ▁all ▁his ▁advice ▁from ▁Fox . ▁He ▁told ▁friends ▁that ▁the ▁release ▁of ▁the ▁memo ▁would ▁allow ▁him ▁to ▁argue ▁FBI ▁prejudice ▁against ▁him . ▁Most ▁people , ▁however , ▁as ▁saying , ▁“ That ’ s ▁it ?” ▁The ▁memo . 

 Russia ▁This ▁Week : 

 DDT ▁backed ▁off ▁on ▁his ▁guarantee ▁because ▁lawyers ▁are ▁afraid ▁that ▁he ’ ll ▁lie ▁to ▁them . ▁Seventy - one ▁percent ▁of ▁people ▁in ▁the ▁U . S . ▁agree ▁that ▁he ▁should ▁agree ▁to ▁an ▁interview ▁with ▁Mueller , ▁and ▁ 8 2 ▁percent ▁of ▁them ▁want ▁it ▁under ▁oath — 9 3 ▁percent"
professor,9493,"▁Mandate ▁of ▁Heaven , ▁wak ak aka . 

 Mand ate ▁of ▁Heaven 

 In ▁this ▁regard , ▁yes , ▁we ▁could ▁say ▁Mahat hir ▁had ▁been ▁treacherous ▁to ▁Ku ▁Li ▁in ▁not ▁keeping ▁his ▁words , ▁an ▁agreement ▁to ▁make ▁the ▁latter ▁as ▁his ▁DPM ▁as ▁Ku ▁Li ▁had ▁willingly ▁given ▁way ▁to ▁him ▁to ▁be ▁deputy ▁president ▁UM NO ▁and ▁of ▁course ▁the ▁PM , ▁but ▁then ▁what ▁do ▁you ▁expect ▁when ▁that ' s ▁UM NO , ▁a ▁veritable ▁nest ▁of ▁vip ers . 

 Nonetheless , ▁why ▁has ▁he ▁( Ma hat hir ) ▁complained ▁about ▁A AB ▁and ▁Najib ▁not ▁keeping ▁their ▁word ▁to ▁him ? ▁Didn ' t ▁he ▁set ▁the ▁example ▁vis - a - vis ▁Ku ▁Li ▁for ▁them"
professor,9493,"▁obligation ▁to ▁remain ▁in ▁his ▁vehicle ▁--- ▁and ▁he ▁exited ▁his ▁vehicle ▁when ▁Martin ▁disappeared ▁from ▁sight . 

 Zimmer man ▁called ▁the ▁police ▁before ▁Martin ▁jumped ▁him ▁--- ▁and ▁MSNBC ▁deleted ▁parts ▁of ▁the ▁recorded ▁discussion ▁and ▁broadcast ▁it ▁to ▁make ▁it ▁look ▁like ▁Zimmerman ▁was ▁targeting ▁Martin ▁because ▁Martin ▁was ▁black ▁--- ▁rather ▁than ▁tail ing ▁Martin ▁because ▁he ▁was ▁wandering ▁around ▁in ▁the ▁dark ▁in ▁a ▁neighborhood ▁which ▁had ▁recently ▁suffered ▁some ▁break - ins ▁and ▁thwarted ▁other ▁break - ins . 

 This ▁was ▁MSNBC ' s ▁attempt ▁to ▁lynch ▁a ▁straw ▁horse , ▁a ▁so - called ▁"" white "" ▁Hispanic . ▁MSNBC ▁needed ▁a ▁black - white ▁confrontation ▁to ▁promote ▁their ▁own ▁racist , ▁anti - white ▁narrative ▁that ▁America ▁is"
professor,9493,"▁obligation ▁to ▁remain ▁in ▁his ▁vehicle ▁--- ▁and ▁he ▁exited ▁his ▁vehicle ▁when ▁Martin ▁disappeared ▁from ▁sight . 

 Zimmer man ▁called ▁the ▁police ▁before ▁Martin ▁jumped ▁him ▁--- ▁and ▁MSNBC ▁deleted ▁parts ▁of ▁the ▁recorded ▁discussion ▁and ▁broadcast ▁it ▁to ▁make ▁it ▁look ▁like ▁Zimmerman ▁was ▁targeting ▁Martin ▁because ▁Martin ▁was ▁black ▁--- ▁rather ▁than ▁tail ing ▁Martin ▁because ▁he ▁was ▁wandering ▁around ▁in ▁the ▁dark ▁in ▁a ▁neighborhood ▁which ▁had ▁recently ▁suffered ▁some ▁break - ins ▁and ▁thwarted ▁other ▁break - ins . 

 This ▁was ▁MSNBC ' s ▁attempt ▁to ▁lynch ▁a ▁straw ▁horse , ▁a ▁so - called ▁"" white "" ▁Hispanic . ▁MSNBC ▁needed ▁a ▁black - white ▁confrontation ▁to ▁promote ▁their ▁own ▁racist , ▁anti - white ▁narrative ▁that ▁America ▁is"
professor,9493,". ▁Israel ’ s ▁identity ▁is ▁now ▁big ▁enough ▁and ▁strong ▁enough ▁to ▁live ▁on ▁beyond ▁that ▁first ▁particular ▁group ▁of ▁people ▁who ▁fled ▁from ▁Egypt . ▁Israel ▁is ▁now ▁an ▁idea , ▁ready ▁to ▁plant ▁itself ▁in ▁the ▁ground ▁and ▁become ▁a ▁nation . ▁That ’ s ▁the ▁scroll ▁of ▁Numbers . 

 DE UTER ONOMY 

 “ Deuter onomy ,” ▁or ▁de var im ▁in ▁Hebrew , ▁is ▁the ▁last ▁of ▁the ▁five ▁sections ▁of ▁Torah . ▁It ▁starts ▁and ▁ends ▁with ▁narrative ▁bits , ▁but ▁the ▁bulk ▁of ▁the ▁book ▁consists ▁of ▁laws ▁and ▁admon itions ▁to ▁the ▁people ▁of ▁Israel , ▁presumably ▁from ▁the ▁priests . ▁There ▁is ▁a ▁lot ▁of ▁new ▁material , ▁but ▁also ▁much ▁that ▁is ▁recycled ▁and ▁expanded ▁from"
professor,9493,". ▁Israel ’ s ▁identity ▁is ▁now ▁big ▁enough ▁and ▁strong ▁enough ▁to ▁live ▁on ▁beyond ▁that ▁first ▁particular ▁group ▁of ▁people ▁who ▁fled ▁from ▁Egypt . ▁Israel ▁is ▁now ▁an ▁idea , ▁ready ▁to ▁plant ▁itself ▁in ▁the ▁ground ▁and ▁become ▁a ▁nation . ▁That ’ s ▁the ▁scroll ▁of ▁Numbers . 

 DE UTER ONOMY 

 “ Deuter onomy ,” ▁or ▁de var im ▁in ▁Hebrew , ▁is ▁the ▁last ▁of ▁the ▁five ▁sections ▁of ▁Torah . ▁It ▁starts ▁and ▁ends ▁with ▁narrative ▁bits , ▁but ▁the ▁bulk ▁of ▁the ▁book ▁consists ▁of ▁laws ▁and ▁admon itions ▁to ▁the ▁people ▁of ▁Israel , ▁presumably ▁from ▁the ▁priests . ▁There ▁is ▁a ▁lot ▁of ▁new ▁material , ▁but ▁also ▁much ▁that ▁is ▁recycled ▁and ▁expanded ▁from"
professor,9493,". ▁Israel ’ s ▁identity ▁is ▁now ▁big ▁enough ▁and ▁strong ▁enough ▁to ▁live ▁on ▁beyond ▁that ▁first ▁particular ▁group ▁of ▁people ▁who ▁fled ▁from ▁Egypt . ▁Israel ▁is ▁now ▁an ▁idea , ▁ready ▁to ▁plant ▁itself ▁in ▁the ▁ground ▁and ▁become ▁a ▁nation . ▁That ’ s ▁the ▁scroll ▁of ▁Numbers . 

 DE UTER ONOMY 

 “ Deuter onomy ,” ▁or ▁de var im ▁in ▁Hebrew , ▁is ▁the ▁last ▁of ▁the ▁five ▁sections ▁of ▁Torah . ▁It ▁starts ▁and ▁ends ▁with ▁narrative ▁bits , ▁but ▁the ▁bulk ▁of ▁the ▁book ▁consists ▁of ▁laws ▁and ▁admon itions ▁to ▁the ▁people ▁of ▁Israel , ▁presumably ▁from ▁the ▁priests . ▁There ▁is ▁a ▁lot ▁of ▁new ▁material , ▁but ▁also ▁much ▁that ▁is ▁recycled ▁and ▁expanded ▁from"
professor,9493,". ▁Israel ’ s ▁identity ▁is ▁now ▁big ▁enough ▁and ▁strong ▁enough ▁to ▁live ▁on ▁beyond ▁that ▁first ▁particular ▁group ▁of ▁people ▁who ▁fled ▁from ▁Egypt . ▁Israel ▁is ▁now ▁an ▁idea , ▁ready ▁to ▁plant ▁itself ▁in ▁the ▁ground ▁and ▁become ▁a ▁nation . ▁That ’ s ▁the ▁scroll ▁of ▁Numbers . 

 DE UTER ONOMY 

 “ Deuter onomy ,” ▁or ▁de var im ▁in ▁Hebrew , ▁is ▁the ▁last ▁of ▁the ▁five ▁sections ▁of ▁Torah . ▁It ▁starts ▁and ▁ends ▁with ▁narrative ▁bits , ▁but ▁the ▁bulk ▁of ▁the ▁book ▁consists ▁of ▁laws ▁and ▁admon itions ▁to ▁the ▁people ▁of ▁Israel , ▁presumably ▁from ▁the ▁priests . ▁There ▁is ▁a ▁lot ▁of ▁new ▁material , ▁but ▁also ▁much ▁that ▁is ▁recycled ▁and ▁expanded ▁from"
professor,9493,"▁of ▁local ▁Israeli ▁stations : ▁one ▁broadcasts ▁news ▁from ▁Y NET , ▁the ▁other ▁broadcasts ▁them ▁from ▁Channel ▁ 1 0 . ▁Israeli ▁Army ▁Radio ▁general ▁public ▁stations ▁broadcast ▁the ▁same ▁news ▁capsule ▁every ▁hour , ▁and ▁IBA ' s ▁Kol ▁Israel ▁stations ▁broadcast ▁theirs . 

 See ▁also 

 ▁List ▁of ▁news ▁channels 
 ▁Template : Japanese ▁television ▁networks 
 ▁Television ▁news ▁music ▁package 
 ▁List ▁of ▁news ▁presenters 
 ▁United ▁States ▁cable ▁news 
 ▁United ▁States ▁television ▁news 
 ▁Television ▁news ▁screen ▁layout 
 Live ▁streaming ▁world ▁news 

 Footnotes 

 Further ▁reading 

 ▁Charles ▁L . ▁Ponce ▁de ▁Leon , ▁That ' s ▁the ▁Way ▁It ▁Is : ▁A ▁History ▁of ▁Television ▁News ▁in ▁America . ▁Chicago : ▁University ▁of ▁Chicago ▁Press , ▁"
professor,9493,"▁I ▁am ▁not ▁sure ▁what ▁is ▁to ▁happen ▁with ▁this ▁pair , ▁but ▁I ▁love ▁them ▁together ! ▁Don ’ t ▁know ▁why – maybe ▁it ▁is ▁the ▁older ▁guy ▁thing – the ▁maturity ▁and ▁knowledge ▁that ▁younger ▁males ▁seem ▁to … ▁lack . ▁Ah m . ▁Anyway , ▁the ▁romantic ▁relationships ▁are ▁not ▁nearly ▁as ▁complicated ▁in ▁Vampire ▁Academy ▁as ▁in ▁the ▁Blue ▁Blood s ▁series . ▁Don ’ t ▁get ▁me ▁wrong – love ▁them ▁both ▁and ▁really ▁love ▁the ▁complications ▁as ▁an ▁outside ▁looking ▁in – that ’ s ▁it . ▁🙂 

 ” ’ That ’ s ▁part ▁of ▁it , ▁‘ ▁he ▁said . ▁‘ But ▁also … ▁well , ▁you ▁and ▁I ▁will ▁both ▁be ▁L issa ’ s ▁guardians ▁someday"
professor,9493,"▁I ▁am ▁not ▁sure ▁what ▁is ▁to ▁happen ▁with ▁this ▁pair , ▁but ▁I ▁love ▁them ▁together ! ▁Don ’ t ▁know ▁why – maybe ▁it ▁is ▁the ▁older ▁guy ▁thing – the ▁maturity ▁and ▁knowledge ▁that ▁younger ▁males ▁seem ▁to … ▁lack . ▁Ah m . ▁Anyway , ▁the ▁romantic ▁relationships ▁are ▁not ▁nearly ▁as ▁complicated ▁in ▁Vampire ▁Academy ▁as ▁in ▁the ▁Blue ▁Blood s ▁series . ▁Don ’ t ▁get ▁me ▁wrong – love ▁them ▁both ▁and ▁really ▁love ▁the ▁complications ▁as ▁an ▁outside ▁looking ▁in – that ’ s ▁it . ▁🙂 

 ” ’ That ’ s ▁part ▁of ▁it , ▁‘ ▁he ▁said . ▁‘ But ▁also … ▁well , ▁you ▁and ▁I ▁will ▁both ▁be ▁L issa ’ s ▁guardians ▁someday"
professor,9493,"▁open ▁and ▁shut ▁case , ▁this ▁is ▁it ▁..."" 
 [ 9 ] ▁▁ Before ▁Ku hlmann , ▁a ▁change ▁in ▁applicable ▁law ▁seemed ▁to ▁guarantee ▁reconsideration ▁in ▁the ▁Eleventh ▁Circuit . ▁This ▁court ▁is ▁aware ▁of ▁no ▁published ▁case ▁regarding ▁successive ▁petitioners ▁in ▁which ▁the ▁Eleventh ▁Circuit ▁has ▁ever ▁denied ▁reconsideration ▁where ▁there ▁was ▁an ▁intervening ▁change ▁in ▁law ▁which ▁applied ▁retro actively ▁to ▁a ▁prisoner . ▁Cf ▁Young ▁v . ▁Kemp , ▁ 7 5 8 ▁F . 2 d ▁ 5 1 4 ▁( 1 1 th ▁Cir . 1 9 8 5 ); ▁Smith ▁v . ▁Kemp , ▁ 7 1 5 ▁F . 2 d ▁ 1 4 5 9 ▁( 1 1 th ▁Cir . 1 9 8 3 ); ▁Fleming"
professor,9493,"▁ 2 0 1 1 . 

 This ▁fight ▁took ▁place ▁in ▁Sho oto . 

 “ Ram bo ” ▁almost ▁caught ▁O chi ▁with ▁an ▁ar mbar ▁in ▁the ▁first ▁round . ▁But ▁O chi ▁came ▁back ▁and ▁KO ’ d ▁Kos uke ▁in ▁the ▁second ▁round . ▁That ▁was ▁“ Ram bo ” ‘ s ▁first ▁pro ▁defeat ▁in ▁seven ▁fights . <bos> -- recursive 
 -- require ▁@ babel / register 
 <bos> Accounting 

 Surf ▁Works ▁offer ▁a ▁range ▁of ▁accounting ▁services ▁suitable ▁for ▁all ▁types ▁of ▁business . ▁Below , ▁we ▁have ▁listed ▁packages ▁suitable ▁for ▁sole ▁traders , ▁partnerships ▁and ▁limited ▁companies . ▁The ▁packages ▁can ▁be ▁fully ▁tailored ▁to ▁your ▁requirements ▁by ▁adding ▁extra ▁services ▁to ▁create ▁the ▁exact ▁service"
professor,9493,"
 is ▁becoming ▁realized ▁while ▁the ▁ideals ▁the ▁Founders ▁stood ▁for ▁seems ▁to ▁be 
 radic ally ▁misunderstood .” 

 “ No , ▁wait 
 a ▁minute .” 

 “ No . ▁These ▁people ? 
 They ▁are ▁afraid . ▁And ▁maybe ▁for 
 too ▁long ▁we ’ ve ▁all ▁just ▁passively ▁accepted ▁that ▁those ▁elected ▁officials ▁embody 
 the ▁ideals ▁they ▁are ▁sworn ▁to ▁uphold . ▁We 
 haven ’ t ▁kept ▁an ▁eye ▁on ▁them . ▁Now ▁their ▁grand standing ▁seems ▁divided ▁on ▁party ▁lines , ▁exacerbated ▁by ▁the ▁tension ▁in ▁the ▁air .” 

 “ That ’ s 
 not ▁the ▁law . ▁That ▁is ▁not ▁what ▁it 
 says . ▁We ▁have ▁a ▁responsibility ▁to ▁the 
 citizens ▁of ▁this ▁country . ▁And"
professor,9493,"(), 
 ▁▁▁▁ success : ▁function ▁( data ) ▁{ 
 ▁▁▁▁▁▁▁▁ console . log ( data ); 
 ▁▁▁▁ }, 
 ▁▁▁▁ error : ▁function ( jq XHR , ▁textStatus , ▁errorMessage ) ▁{ 
 ▁▁▁▁▁▁▁▁ console . log ( errorMessage ); ▁// ▁Optional 
 ▁▁▁▁ } 
 }); 
 }) 

 and ▁that ' s ▁my ▁AJAX ▁code . ▁But ▁when ▁I ▁click ▁on ▁Search ▁button ▁it ▁redirects ▁me ▁to ▁the ▁new ▁page ▁and ▁nothing ▁in ▁the ▁console ▁log . ▁I ▁do ▁not ▁know ▁what ▁is ▁wrong ▁in ▁my ▁code . 
 I ▁return ▁a ▁JSON ▁from ▁the ▁'/ age / min _ age / max _ age ' ▁page , ▁but ▁the ▁result ▁shows ▁in ▁the ▁new ▁page . 
 How ▁can ▁I ▁fix"
professor,9493,"(), 
 ▁▁▁▁ success : ▁function ▁( data ) ▁{ 
 ▁▁▁▁▁▁▁▁ console . log ( data ); 
 ▁▁▁▁ }, 
 ▁▁▁▁ error : ▁function ( jq XHR , ▁textStatus , ▁errorMessage ) ▁{ 
 ▁▁▁▁▁▁▁▁ console . log ( errorMessage ); ▁// ▁Optional 
 ▁▁▁▁ } 
 }); 
 }) 

 and ▁that ' s ▁my ▁AJAX ▁code . ▁But ▁when ▁I ▁click ▁on ▁Search ▁button ▁it ▁redirects ▁me ▁to ▁the ▁new ▁page ▁and ▁nothing ▁in ▁the ▁console ▁log . ▁I ▁do ▁not ▁know ▁what ▁is ▁wrong ▁in ▁my ▁code . 
 I ▁return ▁a ▁JSON ▁from ▁the ▁'/ age / min _ age / max _ age ' ▁page , ▁but ▁the ▁result ▁shows ▁in ▁the ▁new ▁page . 
 How ▁can ▁I ▁fix"
professor,9493,"6 ▁billion ▁versus ▁ 7 4 0 ▁billion ▁total , ▁or ▁ 4 . 7 %. ▁If ▁this ▁doesn ' t ▁scare ▁you ▁wit less , ▁nothing ▁will . ▁Your ▁mind ▁is ▁gone . ▁You ▁have ▁exited ▁the ▁reality ▁highway . ▁You ▁have ▁achieved ▁the ▁nirvana ▁of ▁total ▁mental ▁drift , ▁and ▁you ▁are ▁floating ▁in ▁a ▁warm ▁sea ▁of ▁dis association . ▁There ▁is ▁also ▁WIC , ▁which ▁at ▁ 4 . 8 ▁billion ▁in ▁FY ▁ 2 0 1 2 ▁gets ▁us ▁to ▁more ▁like ▁ 9 . 5 % ▁of ▁basic ▁food ▁expenditures . All ▁this ▁money , ▁and ▁the ▁increasing ▁population ▁is ▁buying ▁less ▁food ▁per ▁capita ? ▁This ▁is ▁Japanese - style ▁deflation . ▁The ▁following ▁BEA - generated ▁chart ▁shows ▁CURRENT"
professor,9493,"6 ▁billion ▁versus ▁ 7 4 0 ▁billion ▁total , ▁or ▁ 4 . 7 %. ▁If ▁this ▁doesn ' t ▁scare ▁you ▁wit less , ▁nothing ▁will . ▁Your ▁mind ▁is ▁gone . ▁You ▁have ▁exited ▁the ▁reality ▁highway . ▁You ▁have ▁achieved ▁the ▁nirvana ▁of ▁total ▁mental ▁drift , ▁and ▁you ▁are ▁floating ▁in ▁a ▁warm ▁sea ▁of ▁dis association . ▁There ▁is ▁also ▁WIC , ▁which ▁at ▁ 4 . 8 ▁billion ▁in ▁FY ▁ 2 0 1 2 ▁gets ▁us ▁to ▁more ▁like ▁ 9 . 5 % ▁of ▁basic ▁food ▁expenditures . All ▁this ▁money , ▁and ▁the ▁increasing ▁population ▁is ▁buying ▁less ▁food ▁per ▁capita ? ▁This ▁is ▁Japanese - style ▁deflation . ▁The ▁following ▁BEA - generated ▁chart ▁shows ▁CURRENT"
professor,9493,"▁interpret ▁the ▁meaning ▁of ▁the ▁message . ▁This ▁is ▁privacy ▁in ▁action . 

 And ▁here ' s ▁an ▁excerpt ▁from ▁the ▁First ▁Monday ▁article : 

 Furthermore , ▁many ▁parents ▁reported ▁that ▁they ▁helped ▁their ▁children ▁create ▁their ▁accounts . ▁Among ▁the ▁ 8 4 ▁percent ▁of ▁parents ▁who ▁were ▁aware ▁when ▁their ▁child ▁first ▁created ▁the ▁account , ▁ 6 4 ▁percent ▁helped ▁create ▁the ▁account . ▁Among ▁those ▁who ▁knew ▁that ▁their ▁child ▁joined ▁below ▁the ▁age ▁of ▁ 1 3 ▁— ▁even ▁if ▁the ▁child ▁is ▁now ▁older ▁than ▁ 1 3 ▁— ▁over ▁two – thirds ▁( 6 8 ▁percent ) ▁indicated ▁that ▁they ▁helped ▁their ▁child ▁create ▁the ▁account . ▁Of ▁those ▁with ▁children ▁who ▁are ▁currently ▁under ▁ 1 3"
professor,9493,"▁steady . ▁They ▁are ▁not ▁very ▁different ▁from ▁the ▁prior ▁year ' s . ▁This ▁is ▁the ▁current ▁release , ▁and ▁with ▁it ▁I ▁gr ump ily ▁concede ▁that ▁claims ▁are ▁in ▁the ▁ 3 8 0 s ▁rather ▁than ▁the ▁ 3 7 0 s ▁where ▁I ▁wanted ▁them ▁to ▁be . ▁While ▁not ▁dire , ▁this ▁is ▁an ▁unfavorable ▁development . All - important ▁inventories ▁to ▁sales ▁ratios ▁- ▁Total ▁business ▁remains ▁where ▁it ▁has ▁been ▁cycling , ▁which ▁obsc ures ▁the ▁unhappy ▁fact ▁that ▁the ▁reason ▁we ▁are ▁seeing ▁the ▁slow ▁down ▁in ▁production - type ▁PM Is ▁is ▁that ▁it ▁is ▁cycling ▁- ▁businesses ▁are ▁not ching ▁down ▁employment ▁in ▁order ▁to ▁keep ▁it ▁cycling . ▁The ▁forward ▁impetus ▁you ▁get ▁by ▁looking"
professor,9493,"▁ain ' t ▁exactly ▁asking ▁him ▁to ▁play ▁in ▁goal ▁or ▁right ▁back ▁, ▁he ▁may ▁not ▁be ▁as ▁effective ▁in ▁that ▁place ▁but ▁that ' s ▁up ▁to ▁Jose ▁where ▁he ▁gets ▁the ▁best ▁out ▁of ▁the ▁lad ▁. 

 The ▁jury ▁is ▁out ▁on ▁where ▁Pogba ▁should ▁play ▁but ▁that ▁ain ' t ▁Jose ' s ▁, ▁fault ▁for ▁me ▁I ▁think ▁he ▁should ▁be ▁a ▁numb ▁ 1 0 ▁behind ▁in ▁the ▁present ▁side ▁Sanchez , ▁but ▁then ▁Jose ▁is ▁relying ▁to ▁much ▁on ▁Mat ic ▁, ▁has ▁Fell ani ▁injured ▁( ▁and ▁possibly ▁in ▁the ▁departure ▁lounge ) ▁Herrera ▁not ▁good ▁enough ▁but ▁ultimately ▁have ▁to ▁use ▁him ▁the ▁kid ▁who ▁played ▁Sat ▁plus ▁Carrick ▁finished ▁and ▁a ▁makeshift ▁Blind . 

 As"
professor,9493,"▁ 
 That ▁is ▁my ▁code : 
 ▁▁▁▁ < script ▁type ="" text / javascript ""> ▁▁▁▁▁ 
 ▁▁▁▁ function ▁change Font (_ name ) ▁{ 
 ▁▁▁▁▁▁▁▁ document . body . style . fontFamily ▁= ▁_ name ; 
 ▁▁▁▁▁▁▁▁ document . textarea ▁= ▁_ name ; 
 ▁▁▁▁ } ▁ 
 ▁▁▁▁ </ script > 

 </ head > 
 < body ▁style ="" font - family ""> ▁▁▁ 
 ▁▁▁▁ < form ▁id ="" my form ""> 
 ▁▁▁▁▁▁▁▁ < input ▁type ="" text "" ▁/> ▁ 
 ▁▁▁▁▁▁▁▁ < button > erase </ button > ▁ 
 ▁▁▁▁▁▁▁▁ < select ▁id ="" fs "" ▁on change ="" change Font ( this . value ); ""> 
 ▁▁▁▁▁▁▁▁▁▁▁▁ < option ▁value ="" arial"
professor,9493,"▁to ▁own ▁a 
 Think pad ▁with ▁a ▁hardware ▁kill ▁switch ▁for ▁WiFi . ▁It ▁was ▁useful , ▁even ▁aside ▁from 
 the ▁privacy ▁benefits .) 

 ~~~ 
 orth ogon 
 I ▁think ▁you ' re ▁neglecting ▁a ▁key ▁detail : ▁alternatives ▁are ▁hardly ▁even ▁on ▁the 
 shel ves , ▁and ▁NO ▁ONE ▁QUESTIONS ▁IT . 

 ▁▁▁▁ 
 ▁▁▁▁ 
 ▁▁▁▁▁▁ > ▁Oh , ▁well , ▁that ' s ▁just ▁ 
 ▁▁▁▁▁▁▁▁ supply ▁and ▁demand , ▁of ▁ 
 ▁▁▁▁▁▁▁▁ course ! 
 ▁▁▁▁ 
 ▁▁▁▁▁▁ > ▁Everyone ▁just ▁W ANTS ▁an ▁ 
 ▁▁▁▁▁▁▁▁ always ▁on ▁internet ▁connection ! 
 ▁▁▁▁ 
 ▁▁▁▁▁▁ > ▁Why ▁would ▁anyone ▁ever ▁remove 
 ▁▁▁▁▁▁▁▁ the ▁battery ▁from ▁their ▁ 
 ▁▁▁▁▁▁▁▁ cell ▁phone ??? 
"
professor,9493,"1 6 . ▁I ▁don ’ t ▁know ▁when ▁they ▁[ Joseph ▁and ▁Deborah ] ▁were ▁married ▁but ▁probably ▁about ▁ 1 8 3 8 ▁for ▁their ▁oldest ▁son ▁was ▁born ▁about ▁ 1 8 4 0 . ▁That ▁was ▁Uncle ▁Henry . 

 Joseph ▁and ▁Deborah ▁had ▁three ▁children ▁together ▁before ▁she ▁died ▁about ▁ 1 8 5 4 . ▁Joseph ▁married ▁for ▁the ▁third ▁time ▁on ▁November ▁ 1 1 , ▁ 1 8 6 0 ▁to ▁a ▁widow , ▁Mah ala ▁Harper ▁Shelton ▁of ▁Jackson ▁County . ▁The ▁ 1 8 6 0 ▁census ▁list ▁Joseph ▁as ▁age ▁sixty ▁seven ▁with ▁personal ▁property ▁worth ▁$ 1 5 0 0 ▁and ▁real ▁estate ▁worth ▁$ 1 5 0 0 . ▁While ▁he ▁was ▁not ▁a"
professor,9493,"

 This ▁is ▁my ▁first ▁re - election ▁campaign ▁for ▁Congress . ▁I ’ ve ▁worked ▁hard ▁— ▁really ▁hard ▁— ▁to ▁do ▁the ▁people ’ s ▁work , ▁but ▁I ▁need ▁your ▁help . ▁We ▁can ’ t ▁take ▁this ▁election ▁for ▁granted ▁and ▁I ’ m ▁working ▁hard ▁to ▁earn ▁every ▁vote . ▁I ▁need ▁you . ▁Together , ▁we ▁can ▁be ▁victorious ▁in ▁ 2 0 1 6 . 

 Support ▁is ▁Building 

 I ’ m ▁honored ▁to ▁have ▁recently ▁earned ▁the ▁endorsements ▁of ▁the ▁Michigan ▁State ▁AFL - CIO , ▁United ▁Auto ▁Workers ▁Region ▁ 1 , ▁Michigan ▁Regional ▁Council ▁of ▁Car penters ▁and ▁Mill wrights , ▁American ▁Federation ▁of ▁Teachers - Michigan , ▁Sheet ▁Metal ▁Workers ▁Local ▁ 8 0 ,"
professor,9493,"</ option > 
 ▁▁ </ opt group > 
 ▁▁ < opt group ▁label =""[ hel ] ""> 
 ▁▁▁▁ < option ▁value ="" 4 ""> hel </ option > 
 ▁▁ </ opt group > 
 </ select > 

 <bos> Q : 

 Trans lating ▁BYTE ▁Reserved 1 [ 2 4 ] ▁to ▁js ctypes 

 This ▁is ▁the ▁MSD N ▁defin tion : 
 typedef ▁struct ▁_ SYSTEM _ BASIC _ INFORMATION ▁{ 
 ▁▁▁▁ BYTE ▁Reserved 1 [ 2 4 ]; 
 ▁▁▁▁ P VOID ▁Reserved 2 [ 4 ]; 
 ▁▁▁▁ C CHAR ▁Number Of Processors ; 
 } ▁SYSTEM _ BASIC _ INFORMATION ; 

 This ▁guy ▁converted ▁it ▁to ▁this ▁in ▁js - ctypes : 
 var ▁SYSTEM _"
professor,9493,"This ▁is ▁my ▁answer ▁to ▁the ▁original ▁question ▁( https :// mat hover flow . net / a / 3 2 7 0 2 2 / 5 0 2 4 4 ) ▁whether ▁these ▁numbers ▁are ▁integers ▁to ▁begin ▁with , ▁it ▁gives ▁some ▁combinatorial ▁meaning ▁as ▁well : 
 Use ▁the ▁formulas 
 $ F ( n ) ▁= ▁\ frac {\ varphi ^ n ▁-\ psi ^ n }{\ sqrt { 5 }}$, ▁$\ varphi ▁=\ frac { 1 +\ sqrt { 5 }}{ 2 }, ▁\ psi ▁= ▁\ frac { 1 -\ sqrt { 5 }}{ 2 }$. ▁Let ▁$ q =\ frac {\ psi }{\ varphi } ▁= ▁\ frac {\ sqrt { 5 }- 3 }{ 2 }$, ▁so ▁that 
"
professor,9493,"This ▁is ▁my ▁answer ▁to ▁the ▁original ▁question ▁( https :// mat hover flow . net / a / 3 2 7 0 2 2 / 5 0 2 4 4 ) ▁whether ▁these ▁numbers ▁are ▁integers ▁to ▁begin ▁with , ▁it ▁gives ▁some ▁combinatorial ▁meaning ▁as ▁well : 
 Use ▁the ▁formulas 
 $ F ( n ) ▁= ▁\ frac {\ varphi ^ n ▁-\ psi ^ n }{\ sqrt { 5 }}$, ▁$\ varphi ▁=\ frac { 1 +\ sqrt { 5 }}{ 2 }, ▁\ psi ▁= ▁\ frac { 1 -\ sqrt { 5 }}{ 2 }$. ▁Let ▁$ q =\ frac {\ psi }{\ varphi } ▁= ▁\ frac {\ sqrt { 5 }- 3 }{ 2 }$, ▁so ▁that 
"
professor,9493,"0 2 ▁▁▁▁▁ 4 ▁▁▁▁▁▁▁▁▁▁▁▁▁▁▁ 0 , 0 3 ▁▁▁▁▁▁▁▁▁▁ CURRENCY ▁▁▁▁▁▁ 2 0 1 4 - 0 7 - 2 3 ▁ 1 0 : 4 5 : 4 1 
 2 1 ▁▁▁▁ 4 0 8 0 0 2 ▁▁▁▁▁ 6 ▁▁▁▁▁▁▁▁▁▁▁▁▁▁▁ 0 , 0 1 5 ▁▁▁▁▁▁▁▁▁ PERCENT UAL ▁▁▁▁ 2 0 1 4 - 0 7 - 2 3 ▁ 1 0 : 4 5 : 1 8 

 What ▁is ▁wrong ▁in ▁my ▁SQL ? 

 A : 

 This ▁is ▁your ▁query : 
 SELECT ▁* 
 FROM ▁( SELECT ▁* 
 ▁▁▁▁▁▁ FROM ▁user _ com ission _ configuration _ history 
 ▁▁▁▁▁▁ ORDER ▁BY ▁on _ date ▁DESC 
 ▁▁▁▁▁ ) ▁AS ▁ordered _ history 
 WHERE ▁user _"
professor,9493,"▁it ▁moves ▁forward ; ▁read ▁more ▁about ▁that ▁effort ▁here . ▁I ▁haven ' t ▁seen ▁too ▁much ▁technical ▁information ▁flowing ▁from ▁the ▁Open ▁Compute ▁Summit , ▁although ▁James ▁Hamilton ▁of ▁Amazon ▁posted ▁his ▁slides ▁online ▁here : ▁here 

 Meanwhile ▁( was ▁this ▁part ▁of ▁the ▁summit , ▁or ▁independent ?), ▁the ▁team ▁at ▁Anand Tech ▁have ▁done ▁some ▁independent ▁testing ▁of ▁the ▁Open ▁Compute ▁server ▁components ; ▁in ▁their ▁conclusion , ▁they ▁commend ▁the ▁Open ▁Compute ▁work ▁as ▁showing ▁tremendous ▁potential : 

 The ▁Facebook ▁Open ▁Compute ▁servers ▁have ▁made ▁quite ▁an ▁impression ▁on ▁us . ▁Remember , ▁this ▁is ▁Facebook ' s ▁first ▁attempt ▁to ▁build ▁a ▁cloud ▁server ! ▁This ▁server ▁uses ▁very ▁little ▁power ▁when ▁running ▁at ▁low ▁load ▁( see ▁our"
professor,9493,"▁relationship ▁with ▁both . 

 Here ▁we ▁have ▁a ▁club ▁with ▁a ▁fanbase ▁essentially ▁stretching ▁in ▁a ▁thin ▁strip ▁from ▁Lad broke ▁Grove ▁to ▁Heathrow , ▁and ▁a ▁crowd ▁of ▁ 1 8 , 0 0 0 . ▁Fans ▁of ▁the ▁club ▁are ▁at ▁their ▁happiest ▁when ▁the ▁team ▁is ▁passing ▁the ▁ball , ▁playing ▁attacking ▁attractive ▁football , ▁the ▁players ▁are ▁smiling ▁and ▁the ▁shirt ▁has ▁a ▁clear , ▁broad ▁blue ▁hoop . ▁That ▁is ▁it . ▁With ▁that ▁approach ▁they ▁won ▁the ▁Championship ▁in ▁ 2 0 1 1 , ▁and ▁that ▁strip ▁of ▁West ▁London ▁smiled . ▁A ▁local ▁joyful ▁experience ▁that ▁had ▁nationwide ▁moment ▁in ▁the ▁sun . 

 Yet ▁the ▁promised - land ▁is ▁the ▁global ▁multinational ▁Barclays ▁Premier ▁League , ▁where"
professor,9493,"▁relationship ▁with ▁both . 

 Here ▁we ▁have ▁a ▁club ▁with ▁a ▁fanbase ▁essentially ▁stretching ▁in ▁a ▁thin ▁strip ▁from ▁Lad broke ▁Grove ▁to ▁Heathrow , ▁and ▁a ▁crowd ▁of ▁ 1 8 , 0 0 0 . ▁Fans ▁of ▁the ▁club ▁are ▁at ▁their ▁happiest ▁when ▁the ▁team ▁is ▁passing ▁the ▁ball , ▁playing ▁attacking ▁attractive ▁football , ▁the ▁players ▁are ▁smiling ▁and ▁the ▁shirt ▁has ▁a ▁clear , ▁broad ▁blue ▁hoop . ▁That ▁is ▁it . ▁With ▁that ▁approach ▁they ▁won ▁the ▁Championship ▁in ▁ 2 0 1 1 , ▁and ▁that ▁strip ▁of ▁West ▁London ▁smiled . ▁A ▁local ▁joyful ▁experience ▁that ▁had ▁nationwide ▁moment ▁in ▁the ▁sun . 

 Yet ▁the ▁promised - land ▁is ▁the ▁global ▁multinational ▁Barclays ▁Premier ▁League , ▁where"
professor,9493,"This ▁is ▁the ▁users pace ▁part ▁of ▁the ▁Linux ▁Auditing ▁System , ▁which ▁is ▁a ▁more ▁secure ▁way ▁of ▁logging ▁kernel - level ▁events ▁than ▁sys log . ▁Among ▁other ▁things , ▁it ▁records ▁SEL in ux ▁alerts . ▁Strictly ▁speaking , ▁you ▁don ' t ▁need ▁it . 

 ava hi - daemon ▁ 0 : off ▁ 1 : off ▁ 2 : off ▁ 3 : on ▁ 4 : on ▁ 5 : on ▁ 6 : off 

 This ▁is ▁for ▁auto discovery ▁of ▁services ▁on ▁a ▁network ▁— ▁printers ▁being ▁a ▁big ▁example . ▁It ' s ▁not ▁required . 

 cpus peed ▁ 0 : off ▁ 1 : on ▁ 2 : on ▁ 3 : on ▁ 4"
professor,9493,"▁decrease ▁braking ▁performance ? 

 It ▁would ▁be ▁highly ▁unusual ▁for ▁the ▁use ▁of ▁one ▁pad ▁material ▁to ▁interfere ▁with ▁the ▁efficacy ▁of ▁another ▁material ▁on ▁a ▁standard ▁metal ▁rotor ▁in ▁such ▁a ▁way ▁as ▁to ▁noticeably ▁affect ▁braking ▁performance , ▁particularly ▁if ▁the ▁rotor ▁were ▁thoroughly ▁cleaned ▁beforehand . ▁That ' s ▁my ▁opinion . ▁There ▁may ▁be ▁some ▁kind ▁of ▁materials ▁scientist ▁out ▁there ▁who ▁may ▁know ▁about ▁something ▁going ▁on ▁in ▁the ▁meso - scale ▁that ▁I ▁don ' t ▁who ▁may ▁disagree ▁with ▁what ▁I ▁just ▁said , ▁but ▁I ▁don ' t ▁think ▁so . 

 As ▁far ▁as ▁I ' m ▁concerned ▁there ' s ▁no ▁need ▁to ▁do ▁anything ▁to ▁the ▁rotor ▁when ▁switching ▁between ▁different ▁types ▁of ▁pads ."
professor,9493,"t ▁understand , ▁but ▁that ' s ▁life . 

 If ▁your ▁horse ▁chestnuts ▁are ▁suffering ▁from ▁leaf ▁miner ▁( brown ▁yellow ▁tinge ▁towards ▁the ▁end ▁of ▁the ▁leaves ▁from ▁the ▁middle ▁of ▁summer ) ▁the ▁best ▁thing ▁for ▁the ▁trees ▁health ▁is ▁to ▁burn ▁the ▁leaves ▁as ▁it ▁will ▁reduce ▁the ▁infestation ▁next ▁year . 

 Otherwise ▁I ▁would ▁advocate ▁composting , ▁you ▁could ▁save ▁yourself ▁a ▁fortune ▁on ▁bark ▁mulch . 

 My ▁big ▁horse ▁che sn ut ▁has ▁leaf ▁miner ▁- ▁seems ▁to ▁cause ▁it ▁no ▁problems ▁whatsoever , ▁masses ▁of ▁con kers ▁this ▁year ! ▁Each ▁autumn ▁I ▁take ▁about ▁ 1 0 ▁bags ▁of ▁leaves ▁to ▁the ▁tip , ▁If ▁I ▁leave ▁the ▁on ▁the ▁lawn ▁they ▁kill ▁the ▁grass . ▁My"
professor,9493,": 

 "" Are ▁you ▁trying ▁to ▁tell ▁me ▁that ▁if ▁I ▁am ▁not ▁nice ▁to ▁you , ▁you ▁are ▁going ▁to ▁fire ▁me ?"" 

 "" I ' m ▁not ▁doing ▁anything . ▁This ▁is ▁your ▁choice ."" ▁David ▁sat ▁back ▁in ▁his ▁chair ▁looking ▁smug , ▁as ▁if ▁he ▁really ▁thought ▁sh ▁would ▁change ▁her ▁mind . 

 Hon ▁Hoh , ▁a ▁teacher ▁of ▁the ▁Revelation , ▁takes ▁readers ▁on ▁a ▁riveting ▁journey 

 Do ▁each ▁of ▁us ▁play ▁a ▁role ▁in ▁the ▁kingdom ▁of ▁God ? ▁Can ▁the ▁choices ▁we ▁make ▁affect ▁God ’ s ▁timing ▁of ▁future ▁events ? ▁Hon ▁Hoh ▁examines ▁these ▁questions ▁while ▁taking ▁his ▁readers ▁on ▁a ▁riveting ▁adventure ▁in ▁The ▁Trigger : ▁A ▁Novel ▁on ▁the ▁Revelation . ▁Through"
professor,9493,"▁of ▁hell ▁... ▁cost ▁them ▁a ▁small ▁fortune . ▁I ▁asked ▁the ▁Plant ▁Manager ▁if ▁it ▁was ▁OK ▁if ▁I ▁looked ▁into ▁it ▁... ▁he ▁thought ▁I ▁was ▁crazy ▁but ▁he ▁hum ored ▁me ▁... ▁told ▁me ▁not ▁to ▁hurt ▁myself ▁... ▁I ▁was ▁just ▁a ▁"" bean ▁counter "". ▁It ▁took ▁me ▁and ▁the ▁head ▁of ▁maintenance ▁less ▁than ▁ 1 ▁week ▁to ▁find ▁the ▁problem ▁... ▁and ▁the ▁problem ▁never ▁recur red ▁in ▁the ▁following ▁three ▁years . ▁Done ! ▁I ' ve ▁got ▁dozen ▁of ▁similar ▁stories ▁... ▁all ▁the ▁same . ▁Ordinary ▁scientists ▁can ' t ▁do ▁shit ▁... ▁they ' re ▁there ▁for ▁the ▁paycheck ▁... ▁that ' s ▁it ."" ▁"" Hell , ▁tell ▁me ▁about ▁it . ▁( pause )"
professor,9493,"▁of ▁course . ▁There ▁is ▁a ▁relatively ▁high ▁current ▁error ▁in ▁this ▁report ▁for ▁each ▁month ' s ▁data , ▁but ▁the ▁three - month ▁totals ▁should ▁have ▁much ▁less ▁variance . ▁Grocery ▁store ▁sales ▁dropped ▁in ▁November ▁in ▁comparison ▁to ▁October , ▁which ▁is ▁a ▁sign ▁that ▁consumers ▁aren ' t ▁that ▁flush . ▁Food ▁spending ▁dropped ▁in ▁Q 4 ▁last ▁year ▁as ▁well ; ▁consumers ▁cut ▁their ▁food ▁expenditures ▁to ▁pay ▁for ▁other ▁spending . ▁This , ▁btw , ▁is ▁the ▁biggest ▁single ▁indicator ▁that ▁we ▁are ▁in ▁a ▁recession , ▁and ▁it ▁is ▁truly ▁an ▁amazing ▁one , ▁due ▁to ▁the ▁continued ▁expansion ▁of ▁the ▁SNAP ▁( food ▁stamp ) ▁program . ▁It ▁is ▁Table ▁ 2 . 3 . 6 , ▁real -"
professor,9493,"ern 2 mu \ underline {\ mk ern - 2 mu \ smash { K }\ mk ern - 2 mu }\ mk ern 2 mu ▁}_{\ alpha ▁}. ▁▁ \ label { sb acca }\ end { aligned }$$ ▁This ▁is ▁the ▁background ▁field ▁action ▁we ▁are ▁going ▁to ▁work ▁with . ▁It ▁is ▁straightforward ▁to ▁check ▁that ▁( \[ sb acca \] ) ▁satisfies ▁$\ llbracket ▁S , S \ rrbracket ▁= 0 $. 

 #### ▁Separ ating ▁the ▁background ▁and ▁quantum ▁sectors 

 Now ▁we ▁separate ▁the ▁background ▁sector ▁from ▁the ▁quantum ▁sector . ▁To ▁do ▁this ▁properly ▁we ▁need ▁to ▁make ▁further ▁assumptions . 

 First , ▁we ▁assume ▁that ▁there ▁exists ▁a ▁choice ▁of ▁field ▁variables ▁where ▁the ▁functions ▁$ R ^{\"
professor,9493,"▁nurse ▁manager ▁had ▁skills ▁to ▁understand ▁the ▁feelings ▁of ▁another ▁person ▁and ▁supported ▁him / her ▁by ▁listening ▁sensi tively . ▁Both ▁s / he ▁and ▁his / her ▁personnel ▁trusted ▁each ▁other . ▁Nurses ▁reported ▁that ▁this ▁encouraged ▁the ▁employees ▁to ▁discuss ▁their ▁personal ▁concerns ▁with ▁the ▁nurse ▁manager . ▁""*"" The ▁way ▁to ▁act , ▁pay ▁attention ▁to ▁the ▁employee , ▁do ▁you ▁listen ▁to ▁her ▁or ▁not , ▁that ▁is ▁the ▁basic ▁question ."" *"" 

 On ▁the ▁other ▁hand , ▁supervisors ▁reported ▁that ▁leading ▁could ▁be ▁too ▁solicit ous , ▁in ▁a ▁completely ▁mother ly ▁way . ▁The ▁basis ▁of ▁the ▁leadership ▁style ▁could ▁be ▁supporting ▁the ▁well - being ▁and ▁job ▁satisfaction ▁of ▁the ▁employees ; ▁this ▁might ▁be ▁more ▁important ▁than"
professor,9493,"▁previously ▁addressed ▁by ▁the ▁appellate ▁courts ▁of ▁this ▁state . ▁However , ▁because ▁proof ▁of ▁self - insurance ▁would ▁prevent ▁an ▁employer ▁from ▁having ▁to ▁pay ▁the ▁double ▁penalty ▁provision , ▁we ▁find ▁that ▁establishing ▁such ▁proof ▁should ▁properly ▁be ▁the ▁employer ' s ▁burden . 
 In ▁Mobile ▁Lin ers , ▁Inc . ▁v . ▁McConnell , ▁ 2 2 0 ▁Ala . ▁ 5 6 2 , ▁ 1 2 6 ▁So . ▁ 6 2 6 ▁( 1 9 3 0 ), ▁our ▁supreme ▁court ▁was ▁confronted ▁with ▁the ▁question ▁of ▁who ▁had ▁the ▁burden ▁of ▁proof ▁with ▁regard ▁to ▁establishing ▁the ▁number ▁of ▁employees ▁regularly ▁employed ▁by ▁an ▁employer . ▁In ▁that ▁situation , ▁the ▁court ▁noted ▁that ▁because ▁the ▁code ▁section ▁concerning"
professor,9493,". support . constraint . ConstraintLayout > 

 Im ▁also ▁using ▁the ▁latest ▁version ▁of ▁Constraint Layout 
 compile ▁' com . android . support . constraint : constraint - layout : 1 . 0 . 2 ' 

 A : 

 You ▁need ▁to ▁add : 

 android : gravity ="" center "" 

 to ▁the ▁TextView . 
 This ▁is ▁the ▁only ▁certain ▁way ▁to ▁center ▁the ▁text ▁inside ▁a ▁TextView ▁object ▁or ▁one ▁of ▁its ▁subclasses . 
 The ▁android : textAlignment ▁is ▁not ▁working ▁in ▁all ▁the ▁cases ▁and ▁as ▁reported ▁by ▁this ▁answer ▁that ▁it ▁has ▁problems ▁in ▁lower ▁API ▁levels . ▁ 

 <bos> 2 0 1 7 ▁XIX O ▁Ladies ▁Open ▁H ód mez ő vás ár hely ▁– ▁Doubles"
professor,9493,"▁API ▁is ▁very ▁similar ▁to ▁Flash ▁itself . ▁However , ▁there ▁were ▁some ▁small ▁details ▁that ▁had ▁some ▁impact ▁during ▁development , ▁making ▁me ▁feel ▁somewhat ▁uneasy ▁the ▁whole ▁time ▁I ▁was ▁writing ▁the ▁game . ▁It ▁was , ▁again , ▁the ▁right ▁thing ▁to ▁do , ▁but ▁I ▁should ▁have ▁used ▁Starling ▁more ▁deeply ▁before ▁( which ▁is ▁the ▁con undrum : ▁I ▁used ▁it ▁for ▁Lud um ▁Dare ▁just ▁so ▁I ▁could ▁learn ▁more ▁about ▁it ). 

 Argument ▁and ▁user ▁experience 

 One ▁final ▁aspect ▁of ▁the ▁game ▁that ▁I ▁learned ▁is ▁that ▁making ▁the ▁game ▁obvious ▁for ▁your ▁players ▁goes ▁a ▁long ▁way ▁into ▁making ▁it ▁fun . ▁If ▁you ▁have ▁to ▁spend ▁the ▁longest ▁time ▁explaining ▁things , ▁your ▁game ▁is ▁doing"
professor,9493,"▁▁▁▁▁▁▁▁▁▁▁▁▁▁▁▁▁▁▁▁▁▁▁▁▁▁▁▁▁▁▁ ▁▁▁▁▁▁▁▁▁▁▁▁▁▁▁▁▁▁▁▁▁▁▁▁▁▁▁▁▁▁▁ ▁▁▁▁▁▁▁▁▁▁▁▁▁▁▁▁▁▁▁▁▁▁▁▁▁▁▁▁▁▁▁ ▁▁▁▁▁▁▁▁▁▁▁▁▁▁▁▁▁▁▁▁▁▁▁▁▁▁▁▁▁▁▁ ▁▁▁▁▁▁▁▁▁▁▁▁▁▁▁▁▁▁▁▁▁▁▁▁▁▁▁▁▁▁▁ ▁▁▁▁▁▁▁▁▁▁▁▁▁▁▁▁▁▁▁▁▁▁▁▁▁▁▁▁▁▁▁ Codes ▁▁▁▁▁▁▁▁▁▁▁▁▁▁▁▁▁▁▁▁▁▁▁▁▁▁▁▁▁▁▁ ▁▁▁▁▁▁▁▁▁▁▁▁▁▁▁▁▁▁▁▁▁▁▁▁▁▁▁▁▁▁▁ ▁▁▁▁▁▁▁▁▁▁▁▁ Sub category ▁▁▁▁▁▁▁▁▁▁▁▁▁▁▁▁▁▁▁▁▁▁▁▁▁▁▁▁▁▁▁ ▁▁▁▁▁▁▁▁▁▁▁▁▁▁▁▁ Category 
 ▁▁ ---------------- ---------------- ---------------- ---------------- ---------------- ---------------- ---------------- ---------------- ---------------- ---------------- ---------------- ---------------- ------ ▁- ---------------- ---------------- ---------------- ---------------- ------------- ▁- ---------------- ---------------- ---------------- -------- ▁- ---------------- ---------------- ---------------- ---------------- - 
 ▁▁ ' In ▁a ▁larger ▁city ▁one ▁has ▁so ▁many ▁other ▁things ▁to ▁keep ▁you ▁busy ▁anyway , ▁so ▁children ▁come ▁significantly ▁later . ▁Yes , ▁but ▁yeah , ▁maybe ▁it \' s ▁time , ▁I ▁thought ▁a ▁little ▁like ▁that , ▁that ▁it \' s ▁about ▁time \' ▁▁▁ City ▁life ▁offers ▁many ▁alternatives ▁to ▁family ▁formation ▁▁▁▁▁▁▁▁▁▁▁▁▁▁▁▁▁▁▁▁▁▁▁▁▁ A ▁consequence ▁of ▁contemporary ▁lifestyles ▁▁▁▁▁▁▁▁▁▁▁▁▁▁▁▁▁▁ Post pon ed ▁parenthood --- a ▁rational ▁adaptation ▁to ▁societal ▁changes 
 ▁▁ '"
professor,9493,", 1 3 4 ) ▁on ▁December ▁ 1 6 , ▁ 1 9 0 2 . 

 1 9 0 2 ▁Hearing ▁aid 
 ▁A ▁hearing ▁aid ▁is ▁an ▁electro - acoustic ▁body - worn ▁apparatus ▁which ▁typically ▁fits ▁in ▁or ▁behind ▁the ▁wearer ' s ▁ear , ▁and ▁is ▁designed ▁to ▁amplify ▁and ▁modulate ▁sounds ▁for ▁the ▁wearer . ▁Although ▁hearing ▁aids ▁in ▁some ▁form ▁or ▁fashion ▁such ▁as ▁the ▁ear ▁trumpet ▁were ▁developed ▁in ▁previous ▁years , ▁the ▁first ▁electric ▁hearing ▁aid ▁was ▁invented ▁by ▁Miller ▁Reese ▁Hutchison ▁in ▁ 1 9 0 2 . 

 1 9 0 2 ▁Postage ▁meter 
 ▁A ▁postage ▁meter ▁is ▁a ▁mechanical ▁device ▁used ▁to ▁create ▁and ▁apply ▁physical ▁evidence ▁of ▁postage , ▁or ▁fran king ,"
professor,9493,"▁access ▁technologies ▁( RAT s ) ▁can ▁be ▁present . ▁To ▁access ▁a ▁specific ▁RAT , ▁connection ▁to ▁the ▁specific ▁RAT ▁is ▁established ▁on ▁the ▁basis ▁of ▁a ▁request ▁of ▁the ▁UE ▁and ▁transmission ▁and ▁reception ▁of ▁data ▁are ▁performed . 
 However , ▁the ▁multi - RAT ▁UE ▁cannot ▁simultaneously ▁access ▁multiple ▁RAT s ▁even ▁though ▁the ▁multi - RAT ▁UE ▁has ▁capability ▁to ▁access ▁two ▁or ▁more ▁RAT . ▁That ▁is , ▁current ▁U Es ▁cannot ▁simultaneously ▁transmit ▁and ▁receive ▁data ▁through ▁different ▁RAT s ▁even ▁if ▁the ▁U Es ▁have ▁multi - RAT ▁capability . 
 Conventional ▁multi - RAT ▁has ▁a ▁problem ▁of ▁low ▁system ▁efficiency ▁since ▁the ▁conventional ▁multi - RAT ▁does ▁not ▁require ▁inter working ▁between ▁a ▁wireless ▁LAN ▁and ▁a"
professor,9493,"▁was ▁more ▁variable ▁than ▁that ▁of ▁Mediterranean ▁r uda ▁pot y virus ▁( Me RV ), ▁which ▁has ▁a ▁similar ▁ecology ▁\[ [@ B 8 7 - viruses - 1 2 - 0 0 1 3 2 ] \] . 

 In ▁summary , ▁the ▁results ▁of ▁the ▁pop gen ▁analyses ▁complement ▁and ▁confirm ▁inferences ▁obtained ▁from ▁phylogenetic ▁analyses ▁of ▁the ▁same ▁ORF ▁sequences ▁( see ▁above ▁in ▁[ Section ▁ 4 . 1 ](# sec 4 dot 1 - viruses - 1 2 - 0 0 1 3 2 ){ ref - type ="" sec "" }). ▁They ▁also ▁suggest ▁that ▁various ▁pop gen ▁estimates , ▁such ▁as ▁ω , ▁F st , ▁and ▁b , ▁might ▁be ▁used ▁as ▁indicators ▁of ▁whether ▁a ▁population ▁of"
professor,9493,"▁to ▁log ▁* P * ▁scale . ▁Values ▁of ▁log ▁* P * ▁and ▁C log ▁* P * ▁were ▁calculated ▁with ▁the ▁PC ▁programme ▁CS ▁Chem Bio Draw ▁Ultra ▁ 1 3 . 0 ▁( Cambridge Soft , ▁Cambridge , ▁MA , ▁USA ). 

 3 . 5 . ▁Biological ▁Assays 
 ---------------- ------ 

 ### ▁ 3 . 5 . 1 . ▁Anti my cob acterial ▁* In ▁Vitro * ▁Screening 

 My cob acterial ▁screening ▁was ▁performed ▁against ▁four ▁my cob acterial ▁stems ▁(* M . ▁tuberculosis * ▁H 3 7 Rv ▁CN CTC ▁My ▁ 3 3 1 / 8 8 , ▁* M . ▁k ansas ii * ▁CN CTC ▁My ▁ 2 3 5 / 8 0 , ▁* M ."
professor,2114,"

 “ You ▁must ▁understand , ▁this ▁is ▁one ▁of ▁those ▁moments .” ▁“ What ▁moments ?” ▁“ One ▁of ▁the ▁moments ▁you ▁keep ▁to ▁yourself ,” ▁he ▁said . ▁“ What ▁do ▁you ▁mean ?” ▁I ▁said . ▁“ why ?” ▁“ We ’ re ▁in ▁a ▁war ,” ▁he ▁said . ▁“ The ▁story ▁of ▁this ▁war — dates , ▁names , ▁who ▁started ▁it , ▁why — that ▁belongs ▁to ▁everyone . ▁[ … .] ▁But ▁something ▁like ▁this — this ▁is ▁yours . ▁It ▁belongs ▁only ▁to ▁you . ▁And ▁me . ▁Only ▁to ▁us ” ▁( 5 6 ). ▁This ▁moment , ▁in ▁Té a ▁Obre ht ’ s ▁lyrical ▁first ▁novel , ▁The ▁Tiger ’ s ▁Wife , ▁tells ▁you ▁the"
professor,2114,"

 “ You ▁must ▁understand , ▁this ▁is ▁one ▁of ▁those ▁moments .” ▁“ What ▁moments ?” ▁“ One ▁of ▁the ▁moments ▁you ▁keep ▁to ▁yourself ,” ▁he ▁said . ▁“ What ▁do ▁you ▁mean ?” ▁I ▁said . ▁“ why ?” ▁“ We ’ re ▁in ▁a ▁war ,” ▁he ▁said . ▁“ The ▁story ▁of ▁this ▁war — dates , ▁names , ▁who ▁started ▁it , ▁why — that ▁belongs ▁to ▁everyone . ▁[ … .] ▁But ▁something ▁like ▁this — this ▁is ▁yours . ▁It ▁belongs ▁only ▁to ▁you . ▁And ▁me . ▁Only ▁to ▁us ” ▁( 5 6 ). ▁This ▁moment , ▁in ▁Té a ▁Obre ht ’ s ▁lyrical ▁first ▁novel , ▁The ▁Tiger ’ s ▁Wife , ▁tells ▁you ▁the"
professor,2114,"

 “ You ▁must ▁understand , ▁this ▁is ▁one ▁of ▁those ▁moments .” ▁“ What ▁moments ?” ▁“ One ▁of ▁the ▁moments ▁you ▁keep ▁to ▁yourself ,” ▁he ▁said . ▁“ What ▁do ▁you ▁mean ?” ▁I ▁said . ▁“ why ?” ▁“ We ’ re ▁in ▁a ▁war ,” ▁he ▁said . ▁“ The ▁story ▁of ▁this ▁war — dates , ▁names , ▁who ▁started ▁it , ▁why — that ▁belongs ▁to ▁everyone . ▁[ … .] ▁But ▁something ▁like ▁this — this ▁is ▁yours . ▁It ▁belongs ▁only ▁to ▁you . ▁And ▁me . ▁Only ▁to ▁us ” ▁( 5 6 ). ▁This ▁moment , ▁in ▁Té a ▁Obre ht ’ s ▁lyrical ▁first ▁novel , ▁The ▁Tiger ’ s ▁Wife , ▁tells ▁you ▁the"
professor,2114,"▁in 
 their ▁face ▁and ▁on ▁a ▁gut ▁level . 

 That ' s ▁the ▁reason ▁so ▁many ▁people ▁cover ▁them ▁even ▁when ▁they ▁won ' t ▁take ▁other 
 basic ▁online ▁privacy ▁precautions . 

 ~~~ 
 Sy los 
 Also ▁just ▁in ▁general , ▁people ▁understand ▁what ▁a ▁camera ▁does . ▁It ' s ▁much ▁harder 
 to ▁understand ▁the ▁implications ▁of ▁abstract ▁"" data "" ▁going ▁off ▁onto ▁the ▁internet . 

 ------ 
 rd tsc 
 This ▁is ▁like ▁the ▁coal ▁burning ▁power ▁plant ▁telling ▁you ▁to ▁make ▁sure ▁to ▁sort 
 your ▁recycla bles ▁into ▁appropriate ▁containers , ▁to ▁make ▁the ▁environment ▁cleaner . 

 Also ▁people ▁enjoy ▁and ▁feel ▁good ▁about ▁accomplishing ▁small ▁things . ▁Putting ▁a 
 sticker ▁on ▁your"
professor,2114,"▁in 
 their ▁face ▁and ▁on ▁a ▁gut ▁level . 

 That ' s ▁the ▁reason ▁so ▁many ▁people ▁cover ▁them ▁even ▁when ▁they ▁won ' t ▁take ▁other 
 basic ▁online ▁privacy ▁precautions . 

 ~~~ 
 Sy los 
 Also ▁just ▁in ▁general , ▁people ▁understand ▁what ▁a ▁camera ▁does . ▁It ' s ▁much ▁harder 
 to ▁understand ▁the ▁implications ▁of ▁abstract ▁"" data "" ▁going ▁off ▁onto ▁the ▁internet . 

 ------ 
 rd tsc 
 This ▁is ▁like ▁the ▁coal ▁burning ▁power ▁plant ▁telling ▁you ▁to ▁make ▁sure ▁to ▁sort 
 your ▁recycla bles ▁into ▁appropriate ▁containers , ▁to ▁make ▁the ▁environment ▁cleaner . 

 Also ▁people ▁enjoy ▁and ▁feel ▁good ▁about ▁accomplishing ▁small ▁things . ▁Putting ▁a 
 sticker ▁on ▁your"
professor,2114,"▁heck ▁that ▁turns ▁out ▁to ▁be . 

 Maybe ▁I ▁won ' t ▁turn ▁out ▁to ▁be ▁typical , ▁but ▁this ▁doesn ' t ▁strike ▁me ▁as ▁a ▁very ▁ge eky ▁line ▁of ▁thought . ▁The ▁question ▁will ▁probably ▁boil ▁down ▁to ▁how ▁serious ▁Amazon ▁gets ▁about ▁being ▁more ▁than ▁a ▁storefront . 

 The ▁discussion ▁look mark ▁and ▁johnson wax ▁are ▁having ▁is ▁what ▁I ▁find ▁so ▁puzzling ▁about ▁the ▁Kindle ▁strategy : ▁the ▁hardware ▁is ▁a ▁loss ▁leader ▁at ▁worst , ▁break ▁even ▁at ▁best . ▁They ▁can ' t ▁be ▁making ▁a ▁significant ▁amount ▁off ▁digital ▁content ▁either ▁as ▁the ▁lion ' s ▁share ▁of ▁the ▁money ▁paid ▁goes ▁to ▁content ▁owners . ▁So ▁what ▁is ▁the ▁goal ▁of ▁these ▁devices ? 

 I"
professor,2114,"▁heck ▁that ▁turns ▁out ▁to ▁be . 

 Maybe ▁I ▁won ' t ▁turn ▁out ▁to ▁be ▁typical , ▁but ▁this ▁doesn ' t ▁strike ▁me ▁as ▁a ▁very ▁ge eky ▁line ▁of ▁thought . ▁The ▁question ▁will ▁probably ▁boil ▁down ▁to ▁how ▁serious ▁Amazon ▁gets ▁about ▁being ▁more ▁than ▁a ▁storefront . 

 The ▁discussion ▁look mark ▁and ▁johnson wax ▁are ▁having ▁is ▁what ▁I ▁find ▁so ▁puzzling ▁about ▁the ▁Kindle ▁strategy : ▁the ▁hardware ▁is ▁a ▁loss ▁leader ▁at ▁worst , ▁break ▁even ▁at ▁best . ▁They ▁can ' t ▁be ▁making ▁a ▁significant ▁amount ▁off ▁digital ▁content ▁either ▁as ▁the ▁lion ' s ▁share ▁of ▁the ▁money ▁paid ▁goes ▁to ▁content ▁owners . ▁So ▁what ▁is ▁the ▁goal ▁of ▁these ▁devices ? 

 I"
professor,2114,"▁heck ▁that ▁turns ▁out ▁to ▁be . 

 Maybe ▁I ▁won ' t ▁turn ▁out ▁to ▁be ▁typical , ▁but ▁this ▁doesn ' t ▁strike ▁me ▁as ▁a ▁very ▁ge eky ▁line ▁of ▁thought . ▁The ▁question ▁will ▁probably ▁boil ▁down ▁to ▁how ▁serious ▁Amazon ▁gets ▁about ▁being ▁more ▁than ▁a ▁storefront . 

 The ▁discussion ▁look mark ▁and ▁johnson wax ▁are ▁having ▁is ▁what ▁I ▁find ▁so ▁puzzling ▁about ▁the ▁Kindle ▁strategy : ▁the ▁hardware ▁is ▁a ▁loss ▁leader ▁at ▁worst , ▁break ▁even ▁at ▁best . ▁They ▁can ' t ▁be ▁making ▁a ▁significant ▁amount ▁off ▁digital ▁content ▁either ▁as ▁the ▁lion ' s ▁share ▁of ▁the ▁money ▁paid ▁goes ▁to ▁content ▁owners . ▁So ▁what ▁is ▁the ▁goal ▁of ▁these ▁devices ? 

 I"
professor,2114,"▁hardware ▁on / off 
 switch ▁anymore ]). 

 ~~~ 
 j ca dam 
 I ' ve ▁found ▁many ▁of ▁those ▁supposedly ▁' hardware ' ▁wifi ▁kill ▁switches ▁were 
 software ▁controlled ▁( When ▁I ▁installed ▁Linux ▁on ▁an ▁old ▁Dell , ▁it ▁completely 
 ignored ▁the ▁state ▁of ▁the ▁wifi ▁switch ). 

 I ▁want ▁a ▁switch ▁that ▁physically ▁cuts ▁power ▁to ▁a ▁device , ▁but ▁no ... ▁:( 

 ------ 
 H ily in 
 I ▁guess ▁this ▁is ▁just ▁as ▁good ▁place ▁as ▁any ▁to ▁bring ▁this ▁up . ▁In ▁current ▁OS ▁X , 
 you ▁cannot ▁disable ▁your ▁mic . ▁You ▁can ▁turn ▁down ▁the ▁input ▁volume , ▁but ▁never 
 disable . ▁All ▁malware ▁needs ▁to ▁do ▁is ▁raise ▁the ▁input"
professor,2114,"▁hardware ▁on / off 
 switch ▁anymore ]). 

 ~~~ 
 j ca dam 
 I ' ve ▁found ▁many ▁of ▁those ▁supposedly ▁' hardware ' ▁wifi ▁kill ▁switches ▁were 
 software ▁controlled ▁( When ▁I ▁installed ▁Linux ▁on ▁an ▁old ▁Dell , ▁it ▁completely 
 ignored ▁the ▁state ▁of ▁the ▁wifi ▁switch ). 

 I ▁want ▁a ▁switch ▁that ▁physically ▁cuts ▁power ▁to ▁a ▁device , ▁but ▁no ... ▁:( 

 ------ 
 H ily in 
 I ▁guess ▁this ▁is ▁just ▁as ▁good ▁place ▁as ▁any ▁to ▁bring ▁this ▁up . ▁In ▁current ▁OS ▁X , 
 you ▁cannot ▁disable ▁your ▁mic . ▁You ▁can ▁turn ▁down ▁the ▁input ▁volume , ▁but ▁never 
 disable . ▁All ▁malware ▁needs ▁to ▁do ▁is ▁raise ▁the ▁input"
professor,2114,"▁trigger ▁symptoms ▁such ▁as ▁trem ours . 

 Member 

 Hmm .. ▁my ▁FIL ▁died ▁of ▁complications ▁of ▁Parkinson ' s , ▁and ▁I ▁have ▁a ▁brother ▁who ' s ▁mentally ▁and ▁phy is cally ▁disabled ▁due ▁to ▁birth ▁defects . ▁I ' m ▁a ▁HUGE ▁animal ▁lover , ▁but ▁I ▁think ▁this ▁is ▁for ▁the ▁greater ▁good , ▁you ▁know ? 

 I ▁mean , ▁come ▁on ! ▁We ▁buy ▁lea ather ▁goods ▁all ▁the ▁time ▁and ▁don ' t ▁think ▁of ▁the ▁cow / deer / al ligator / ost rich / ect ▁it ▁came ▁from !! 

 He hehe ... ▁you ▁know , ▁if ▁that ▁mouse ▁was ▁running ▁loose ▁in ▁your ▁kitchen , ▁I ▁bet ▁you ' d ▁grab ▁a ▁broom ▁and ▁try ▁to"
professor,2114,"▁trigger ▁symptoms ▁such ▁as ▁trem ours . 

 Member 

 Hmm .. ▁my ▁FIL ▁died ▁of ▁complications ▁of ▁Parkinson ' s , ▁and ▁I ▁have ▁a ▁brother ▁who ' s ▁mentally ▁and ▁phy is cally ▁disabled ▁due ▁to ▁birth ▁defects . ▁I ' m ▁a ▁HUGE ▁animal ▁lover , ▁but ▁I ▁think ▁this ▁is ▁for ▁the ▁greater ▁good , ▁you ▁know ? 

 I ▁mean , ▁come ▁on ! ▁We ▁buy ▁lea ather ▁goods ▁all ▁the ▁time ▁and ▁don ' t ▁think ▁of ▁the ▁cow / deer / al ligator / ost rich / ect ▁it ▁came ▁from !! 

 He hehe ... ▁you ▁know , ▁if ▁that ▁mouse ▁was ▁running ▁loose ▁in ▁your ▁kitchen , ▁I ▁bet ▁you ' d ▁grab ▁a ▁broom ▁and ▁try ▁to"
professor,2114,"▁trigger ▁symptoms ▁such ▁as ▁trem ours . 

 Member 

 Hmm .. ▁my ▁FIL ▁died ▁of ▁complications ▁of ▁Parkinson ' s , ▁and ▁I ▁have ▁a ▁brother ▁who ' s ▁mentally ▁and ▁phy is cally ▁disabled ▁due ▁to ▁birth ▁defects . ▁I ' m ▁a ▁HUGE ▁animal ▁lover , ▁but ▁I ▁think ▁this ▁is ▁for ▁the ▁greater ▁good , ▁you ▁know ? 

 I ▁mean , ▁come ▁on ! ▁We ▁buy ▁lea ather ▁goods ▁all ▁the ▁time ▁and ▁don ' t ▁think ▁of ▁the ▁cow / deer / al ligator / ost rich / ect ▁it ▁came ▁from !! 

 He hehe ... ▁you ▁know , ▁if ▁that ▁mouse ▁was ▁running ▁loose ▁in ▁your ▁kitchen , ▁I ▁bet ▁you ' d ▁grab ▁a ▁broom ▁and ▁try ▁to"
professor,2114,"▁on ▁War lord ▁Games ▁Bolt ▁Action ▁as ▁sancti mon ious ▁g its 

 Apologies ▁to ▁regular ▁viewers ▁- ▁this ▁is ▁a ▁bit ▁of ▁a ▁rant . As ▁part ▁of ▁my ▁Bolt ▁Action ▁purchases ▁I ▁got ▁a ▁British ▁machine ▁gun ▁and ▁crew . ▁I ▁couldn ' t ▁quite ▁see ▁from ▁online ▁pictures ▁how ▁it ▁all ▁went ▁together . 

 Luckily ▁in ▁the ▁box ▁there ▁was ▁card ▁which ▁said ▁go ▁to ▁their ▁webpage ▁for ▁instructions . 

 However ▁when ▁I ▁tried ▁to ▁go ▁there ▁I ▁got ▁the ▁message . 

 "" This ▁is ▁somewhat ▁embarrassing ▁isn ' t ▁it . ▁.... ▁Either ▁it ▁as ▁been ▁moved ▁or ▁you ▁typed ▁a ▁wrong ▁address ."" ▁And ▁I ▁thought ▁is ▁this ▁a ▁message ▁for ▁me ▁as ▁if ▁I ' ve ▁made ▁a"
professor,2114,"▁on ▁War lord ▁Games ▁Bolt ▁Action ▁as ▁sancti mon ious ▁g its 

 Apologies ▁to ▁regular ▁viewers ▁- ▁this ▁is ▁a ▁bit ▁of ▁a ▁rant . As ▁part ▁of ▁my ▁Bolt ▁Action ▁purchases ▁I ▁got ▁a ▁British ▁machine ▁gun ▁and ▁crew . ▁I ▁couldn ' t ▁quite ▁see ▁from ▁online ▁pictures ▁how ▁it ▁all ▁went ▁together . 

 Luckily ▁in ▁the ▁box ▁there ▁was ▁card ▁which ▁said ▁go ▁to ▁their ▁webpage ▁for ▁instructions . 

 However ▁when ▁I ▁tried ▁to ▁go ▁there ▁I ▁got ▁the ▁message . 

 "" This ▁is ▁somewhat ▁embarrassing ▁isn ' t ▁it . ▁.... ▁Either ▁it ▁as ▁been ▁moved ▁or ▁you ▁typed ▁a ▁wrong ▁address ."" ▁And ▁I ▁thought ▁is ▁this ▁a ▁message ▁for ▁me ▁as ▁if ▁I ' ve ▁made ▁a"
professor,2114,"▁you ’ re ▁“ not ▁a ▁Democrat ” ▁doesn ’ t ▁work ▁well ▁when ▁too ▁many ▁Republicans ▁voting ▁records ▁actually ▁look ▁far ▁more ▁like ▁Pelosi ’ s ▁than ▁they ▁should . 

 Going ▁on ▁offense ▁will ▁also ▁be ▁necessary ▁to ▁effectively ▁combat ▁the ▁left . ▁Republicans ▁will ▁need ▁to ▁stay ▁one ▁step ▁ahead ▁of ▁Democrats ▁at ▁all ▁times . 

 Some ▁chatter ▁on ▁Cap Hill ▁that ▁if ▁Pelosi ▁were ▁to ▁exit ▁(& ▁this ▁is ▁just ▁a ▁theory ), ▁she ▁would ▁time ▁her ▁exit ▁after ▁GOP ers ▁bought ▁ad ▁time ▁& ▁burned ▁$ ▁campaigning ▁against ▁her . ▁Sober ▁GOP ers ▁know ▁a ▁Pelosi ▁exit ▁is ▁bad ▁for ▁them ▁as ▁it ▁ro bs ▁them ▁of ▁a ▁foil . 

 Obviously ▁this ▁is ▁just ▁a ▁theory , ▁but ▁Democrats ▁will"
professor,2114,"▁ 5 ▁containment ▁for ▁Ol ’ ▁Jer . 

 He ▁will ▁not ▁have ▁a ▁cell mate ▁and ▁will ▁be ▁subjected ▁to ▁heightened ▁supervision ▁and ▁an ▁escort ▁when ▁not ▁in ▁his ▁cell . ▁He ▁will ▁get ▁an ▁hour ▁of ▁individual ▁exercise ▁five ▁days ▁a ▁week ▁and ▁three ▁showers ▁a ▁week ▁— ▁alone , ▁save ▁for ▁the ▁escort . ▁He ▁will ▁eat ▁meals ▁in ▁his ▁cell . ▁All ▁other ▁services , ▁including ▁religion , ▁medications , ▁and ▁treatment ▁programming ▁will ▁be ▁conducted ▁in ▁his ▁cell . 

 All ▁visits ▁will ▁be ▁non - contact . ▁No ▁touching ▁of ▁or ▁by ▁the ▁Tick le ▁Monster . 

 Sand usky ’ s ▁legal ▁representations ▁did ▁not ▁return ▁phone ▁calls . 

 This ▁is ▁close ▁to ▁home ▁for ▁“ Jer ”. ▁His"
professor,2114,"▁ 5 ▁containment ▁for ▁Ol ’ ▁Jer . 

 He ▁will ▁not ▁have ▁a ▁cell mate ▁and ▁will ▁be ▁subjected ▁to ▁heightened ▁supervision ▁and ▁an ▁escort ▁when ▁not ▁in ▁his ▁cell . ▁He ▁will ▁get ▁an ▁hour ▁of ▁individual ▁exercise ▁five ▁days ▁a ▁week ▁and ▁three ▁showers ▁a ▁week ▁— ▁alone , ▁save ▁for ▁the ▁escort . ▁He ▁will ▁eat ▁meals ▁in ▁his ▁cell . ▁All ▁other ▁services , ▁including ▁religion , ▁medications , ▁and ▁treatment ▁programming ▁will ▁be ▁conducted ▁in ▁his ▁cell . 

 All ▁visits ▁will ▁be ▁non - contact . ▁No ▁touching ▁of ▁or ▁by ▁the ▁Tick le ▁Monster . 

 Sand usky ’ s ▁legal ▁representations ▁did ▁not ▁return ▁phone ▁calls . 

 This ▁is ▁close ▁to ▁home ▁for ▁“ Jer ”. ▁His"
professor,2114,"▁ 5 ▁containment ▁for ▁Ol ’ ▁Jer . 

 He ▁will ▁not ▁have ▁a ▁cell mate ▁and ▁will ▁be ▁subjected ▁to ▁heightened ▁supervision ▁and ▁an ▁escort ▁when ▁not ▁in ▁his ▁cell . ▁He ▁will ▁get ▁an ▁hour ▁of ▁individual ▁exercise ▁five ▁days ▁a ▁week ▁and ▁three ▁showers ▁a ▁week ▁— ▁alone , ▁save ▁for ▁the ▁escort . ▁He ▁will ▁eat ▁meals ▁in ▁his ▁cell . ▁All ▁other ▁services , ▁including ▁religion , ▁medications , ▁and ▁treatment ▁programming ▁will ▁be ▁conducted ▁in ▁his ▁cell . 

 All ▁visits ▁will ▁be ▁non - contact . ▁No ▁touching ▁of ▁or ▁by ▁the ▁Tick le ▁Monster . 

 Sand usky ’ s ▁legal ▁representations ▁did ▁not ▁return ▁phone ▁calls . 

 This ▁is ▁close ▁to ▁home ▁for ▁“ Jer ”. ▁His"
professor,2114,"- 2 0 - live - 
 free ) 

 ~~~ 
 bob soap 
 Seriously , ▁downvoted ▁without ▁an ▁explanation ? ▁That ' s ▁quite ▁poor . ▁If ▁something 
 about ▁my ▁post ▁off ends ▁anyone , ▁I ' d ▁love ▁to ▁know ▁about ▁it . 

 ------ 
 man ge letti 
 I ▁swear ▁this ▁is ▁a ▁true ▁story : 

 I ▁worked ▁at ▁Staples ▁when ▁I ▁was ▁ 1 9 , ▁and ▁when ▁I ▁first ▁started ▁I ▁was ▁a ▁"" front ▁end 
 lead "" ▁( read : ▁the ▁only ▁full - time ▁cashier ), ▁so ▁I ▁would ▁work ▁behind ▁the ▁service 
 counter ▁at ▁the ▁front . 

 Once , ▁I ▁was ▁standing ▁up ▁front ▁while ▁there ▁were ▁no ▁customers ▁when ▁all ▁of"
professor,2114,"- 2 0 - live - 
 free ) 

 ~~~ 
 bob soap 
 Seriously , ▁downvoted ▁without ▁an ▁explanation ? ▁That ' s ▁quite ▁poor . ▁If ▁something 
 about ▁my ▁post ▁off ends ▁anyone , ▁I ' d ▁love ▁to ▁know ▁about ▁it . 

 ------ 
 man ge letti 
 I ▁swear ▁this ▁is ▁a ▁true ▁story : 

 I ▁worked ▁at ▁Staples ▁when ▁I ▁was ▁ 1 9 , ▁and ▁when ▁I ▁first ▁started ▁I ▁was ▁a ▁"" front ▁end 
 lead "" ▁( read : ▁the ▁only ▁full - time ▁cashier ), ▁so ▁I ▁would ▁work ▁behind ▁the ▁service 
 counter ▁at ▁the ▁front . 

 Once , ▁I ▁was ▁standing ▁up ▁front ▁while ▁there ▁were ▁no ▁customers ▁when ▁all ▁of"
professor,2114,"- 2 0 - live - 
 free ) 

 ~~~ 
 bob soap 
 Seriously , ▁downvoted ▁without ▁an ▁explanation ? ▁That ' s ▁quite ▁poor . ▁If ▁something 
 about ▁my ▁post ▁off ends ▁anyone , ▁I ' d ▁love ▁to ▁know ▁about ▁it . 

 ------ 
 man ge letti 
 I ▁swear ▁this ▁is ▁a ▁true ▁story : 

 I ▁worked ▁at ▁Staples ▁when ▁I ▁was ▁ 1 9 , ▁and ▁when ▁I ▁first ▁started ▁I ▁was ▁a ▁"" front ▁end 
 lead "" ▁( read : ▁the ▁only ▁full - time ▁cashier ), ▁so ▁I ▁would ▁work ▁behind ▁the ▁service 
 counter ▁at ▁the ▁front . 

 Once , ▁I ▁was ▁standing ▁up ▁front ▁while ▁there ▁were ▁no ▁customers ▁when ▁all ▁of"
professor,2114,"m ▁not ▁Nancy ▁Pelosi ” ▁is ▁not ▁going ▁to ▁cut ▁it ▁in ▁the ▁mid terms . 

 This ▁isn ’ t ▁ 2 0 1 2 . ▁Republicans ▁controlled ▁all ▁three ▁branches ▁coming ▁out ▁of ▁ 2 0 1 6 ▁and ▁conservatives ▁still ▁don ’ t ▁have ▁much ▁to ▁show ▁for ▁it . ▁ 2 0 1 8 ▁can ’ t ▁be ▁about ▁tax ▁cuts ▁alone . ▁The ▁mid terms ▁will ▁be ▁won ▁or ▁lost ▁primarily ▁on ▁whose ▁base ▁turns ▁out . ▁If ▁Republicans ▁cannot ▁energ ize ▁their ▁base , ▁they ▁will ▁stay ▁home ▁and ▁Democrats ▁win . ▁If ▁Republicans ▁give ▁Democrats ▁everything ▁they ▁want , ▁the ▁base ▁stays ▁home ▁and ▁Democrats ▁win . 

 And ▁Republicans ▁will ▁be ▁sent ▁home . 

 Also , ▁merely ▁saying"
professor,2114,"m ▁not ▁Nancy ▁Pelosi ” ▁is ▁not ▁going ▁to ▁cut ▁it ▁in ▁the ▁mid terms . 

 This ▁isn ’ t ▁ 2 0 1 2 . ▁Republicans ▁controlled ▁all ▁three ▁branches ▁coming ▁out ▁of ▁ 2 0 1 6 ▁and ▁conservatives ▁still ▁don ’ t ▁have ▁much ▁to ▁show ▁for ▁it . ▁ 2 0 1 8 ▁can ’ t ▁be ▁about ▁tax ▁cuts ▁alone . ▁The ▁mid terms ▁will ▁be ▁won ▁or ▁lost ▁primarily ▁on ▁whose ▁base ▁turns ▁out . ▁If ▁Republicans ▁cannot ▁energ ize ▁their ▁base , ▁they ▁will ▁stay ▁home ▁and ▁Democrats ▁win . ▁If ▁Republicans ▁give ▁Democrats ▁everything ▁they ▁want , ▁the ▁base ▁stays ▁home ▁and ▁Democrats ▁win . 

 And ▁Republicans ▁will ▁be ▁sent ▁home . 

 Also , ▁merely ▁saying"
professor,2114,"1 9 6 0 ▁once ▁the ▁White ▁Man ▁put ▁his ▁burden ▁of ▁civiliz ing ▁the ▁un civil isable ▁down . ▁BTW , ▁slavery ▁has ▁never ▁left ▁the ▁areas ▁ruled ▁by ▁mos lems . 

 gates ▁tells ▁the ▁truth ▁for ▁once 

 Sh hh ▁.. ▁keep ▁it ▁quiet ▁ok ? ▁Tribal ▁chiefs ▁who ▁sold ▁off ▁all ▁the ▁slaves ▁to ▁the ▁white ▁man ▁owned ▁a ▁billion ▁slaves ▁too ▁and ▁still ▁do ▁… 

 Joseph 

 If ▁these ▁benevolent ▁black ▁slave ▁owners ▁kept ▁black ▁slaves ▁“ to ▁protect ▁that ▁person ”, ▁what ▁would ▁prevent ▁them ▁from ▁emancip ating ▁them ▁voluntarily ▁even ▁if ▁they ▁stayed ▁with ▁the ▁family . 

 This ▁is ▁the ▁usual ▁noise ▁from ▁the ▁left ; ▁“ If ▁we ▁do ▁it ▁it ▁is ▁not ▁the ▁same ”. 

"
professor,2114,"▁that ▁looks ▁at ▁the ▁events ▁leading ▁up ▁to ▁the ▁Second ▁Coming ▁and ▁challenges ▁us ▁all ▁to ▁follow ▁the ▁plans ▁that ▁Christ ▁has ▁for ▁our ▁lives . 

 Monday , ▁April ▁ 4 , ▁ 2 0 1 1 

 It ’ s ▁Monday ! ▁What ▁Are ▁You ▁Reading ▁is ▁where ▁we ▁share ▁what ▁we ▁read ▁this ▁past ▁week , ▁what ▁we ▁hope ▁to ▁read ▁this ▁week …. ▁and ▁anything ▁in ▁between ! ▁D ▁This ▁is ▁a ▁great ▁way ▁to ▁plan ▁out ▁your ▁reading ▁week ▁and ▁see ▁what ▁others ▁are ▁currently ▁reading ▁as ▁well … ▁you ▁never ▁know ▁where ▁that ▁next ▁“ must ▁read ” ▁book ▁will ▁come ▁from ! 

 I ▁love ▁being ▁a ▁part ▁of ▁this ▁and ▁I ▁hope ▁you ▁do ▁too ! ▁As ▁part ▁of"
professor,2114,"3 0 ▁a . m . ▁woke ▁up ▁by ▁the ▁alarm ▁and ▁some ▁discipline , ▁the ▁wee ▁hours ▁felt ▁gro ggy ▁but ▁I ▁must ▁get ▁ready ▁for ▁the ▁run ▁ 2 ▁hours ▁away . ▁Dra gged ▁myself ▁out ▁of ▁bed , ▁washed ▁up ▁with ▁a ▁half - a wo ken ▁mind , ▁saturated ▁myself ▁with ... ▁Continue ▁Reading ▁→ 

 Wow ... ▁This ▁is ▁beyond ▁my ▁imaginations ▁and ▁the ▁fact ▁that ▁I ▁have ▁made ▁it ▁this ▁far ▁not ▁giving ▁up ▁on ▁anything ▁yet , ▁indeed ▁this ▁is ▁remarkable . ▁Thanks ! ▁A ▁big ▁shout - out ▁to ▁people ▁who ▁read ▁my ▁posts ▁although ▁I ▁had ▁hi at uses ... ▁Continue ▁Reading ▁→ 

 What ▁is ▁life ? ▁A ▁simple ▁rhetorical ▁question ▁that ▁we ▁ask ▁ourselves ▁every ▁time"
professor,2114,"3 0 ▁a . m . ▁woke ▁up ▁by ▁the ▁alarm ▁and ▁some ▁discipline , ▁the ▁wee ▁hours ▁felt ▁gro ggy ▁but ▁I ▁must ▁get ▁ready ▁for ▁the ▁run ▁ 2 ▁hours ▁away . ▁Dra gged ▁myself ▁out ▁of ▁bed , ▁washed ▁up ▁with ▁a ▁half - a wo ken ▁mind , ▁saturated ▁myself ▁with ... ▁Continue ▁Reading ▁→ 

 Wow ... ▁This ▁is ▁beyond ▁my ▁imaginations ▁and ▁the ▁fact ▁that ▁I ▁have ▁made ▁it ▁this ▁far ▁not ▁giving ▁up ▁on ▁anything ▁yet , ▁indeed ▁this ▁is ▁remarkable . ▁Thanks ! ▁A ▁big ▁shout - out ▁to ▁people ▁who ▁read ▁my ▁posts ▁although ▁I ▁had ▁hi at uses ... ▁Continue ▁Reading ▁→ 

 What ▁is ▁life ? ▁A ▁simple ▁rhetorical ▁question ▁that ▁we ▁ask ▁ourselves ▁every ▁time"
professor,2114,"▁haven ' t ▁walked ▁out ▁of ▁it . ▁There ▁is ▁so ▁much ▁to ▁say , ▁yet ▁you ▁don ' t ▁know ▁what ▁to ▁say ▁nor ▁how ▁to ▁say ▁it . ▁My ▁only ▁advice : ▁you ▁walk ▁into ▁the ▁movie ▁theater , ▁forget ▁whatever ▁people ▁said ▁on ▁the ▁Internet , ▁and ▁just ▁watch ▁it ▁with ▁your ▁own ▁heart . 

 It ▁is ▁a ▁great ▁movie . 

 3 ▁years ▁ago 

 Don ' t ▁miss . ▁This ▁deserves ▁your ▁attention . 

 9 / 1 0 ▁Zhang ▁Y im ou ▁has ▁crafted ▁a ▁beautifully ▁shot ▁and ▁compelling ▁story ▁set ▁inside ▁horrific ▁events . ▁About ▁all ▁I ▁knew ▁of ▁this ▁movie ▁was ▁it ▁was ▁set ▁in ▁ 1 9 3 7 ▁China ▁and ▁starred ▁Christian ▁Bale . ▁Not ▁knowing"
professor,2114,"Alexandra 

 Isn ’ t ▁this ▁the ▁guy ▁that ▁had ▁the ▁beer ▁summit ▁with ▁Obama ? 

 Fed ▁Up 

 I ▁would ▁like ▁to ▁recommend ▁a ▁few ▁good ▁books ▁for ▁Am Ren ▁people ▁to ▁read : ▁> ” 4 8 ▁Liberal ▁Lies ▁about ▁American ▁History ” ▁by ▁Larry ▁Schwe ik art . ▁“ The ▁Poli tically ▁Incorrect ▁Guide ▁to ▁the ▁Civil ▁War ” ▁by ▁H . ▁W . ▁Crocker ▁III . ▁Also ▁“ Death ▁By ▁Liberal ism ”, ▁by ▁J . ▁R . ▁Dunn . ▁These ▁books , ▁as ▁a ▁number ▁of ▁others ▁in ▁this ▁genre ▁will ▁certainly ▁open ▁your ▁mind ▁and ▁ref ocus ▁your ▁thinking . 

 ( No , ▁I ▁am ▁not ▁selling ▁them , ▁nor ▁have ▁a ▁financial ▁interest ▁— ▁I ▁am ▁just ▁tired"
professor,2114,"This ▁is ▁the ▁users pace ▁part ▁of ▁the ▁Linux ▁Auditing ▁System , ▁which ▁is ▁a ▁more ▁secure ▁way ▁of ▁logging ▁kernel - level ▁events ▁than ▁sys log . ▁Among ▁other ▁things , ▁it ▁records ▁SEL in ux ▁alerts . ▁Strictly ▁speaking , ▁you ▁don ' t ▁need ▁it . 

 ava hi - daemon ▁ 0 : off ▁ 1 : off ▁ 2 : off ▁ 3 : on ▁ 4 : on ▁ 5 : on ▁ 6 : off 

 This ▁is ▁for ▁auto discovery ▁of ▁services ▁on ▁a ▁network ▁— ▁printers ▁being ▁a ▁big ▁example . ▁It ' s ▁not ▁required . 

 cpus peed ▁ 0 : off ▁ 1 : on ▁ 2 : on ▁ 3 : on ▁ 4"
professor,2114,"▁When ▁she ▁looked ▁up ▁at ▁last , ▁she ▁saw ▁that ▁night ▁had ▁fallen ▁over ▁Bethlehem ▁Springs . ▁Her ▁stomach ▁growled , ▁reminding ▁her ▁that ▁she ’ d ▁missed ▁supper . ▁Still , ▁she ▁had ▁little ▁desire ▁to ▁cook . ▁This ▁seemed ▁like ▁a ▁good ▁evening ▁to ▁pay ▁a ▁visit ▁to ▁one ▁of ▁the ▁town ’ s ▁restaurants . 

 Daphne ▁had ▁three ▁choices ▁— ▁the ▁Gold ▁Mountain , ▁which ▁served ▁the ▁most ▁wonderful ▁breakfasts ; ▁the ▁restaurant ▁inside ▁the ▁Washington ▁Hotel ▁where ▁she ▁liked ▁to ▁dine ▁before ▁an ▁evening ▁at ▁the ▁Opera ▁House ; ▁and ▁the ▁South ▁Fork , ▁famous ▁for ▁their ▁pies ▁and ▁home - style ▁fare . ▁She ▁decided ▁on ▁the ▁latter . 

 As ▁she ▁walked ▁briskly ▁along ▁Wall ula ▁Street ▁toward ▁Main ,"
professor,2114,"▁to ▁have ▁the ▁richest ▁possible ▁boom ▁in ▁the ▁history ▁of ▁civilization . ▁We ▁have ▁the ▁technology ▁to ▁turn ▁the ▁desert ▁green . ▁We ▁can ▁refill ▁the ▁ocean ▁with ▁fish . ▁We ▁can ▁have ▁world ▁peace . ▁And ▁all ▁that ’ s ▁blocking ▁us ▁is ▁a ▁few ▁dozen ▁old ▁men . ▁Please ▁everybody ▁arrest ▁them . ▁What ▁is ▁wrong ▁with ▁you ▁people ? 

 We ▁can ▁have ▁world ▁peace . ▁We ▁can ▁have ▁all ▁these ▁good ▁things . ▁We ’ re ▁just ▁being ▁block ▁by ▁a ▁tiny ▁group ▁of ▁old ▁men ▁who ▁worship ▁Satan . ▁That ’ s ▁a ▁fact . 

 Please , ▁we ▁must ▁save ▁the ▁planet . ▁Thank ▁you . 

 Final ▁thing ▁to ▁say : ▁this ▁is ▁not ▁getting ▁the ▁bad ▁guys . ▁It"
professor,2114,"▁what ▁we ▁hope ▁to ▁read ▁this ▁week …. ▁and ▁anything ▁in ▁between ! ▁D ▁This ▁is ▁a ▁great ▁way ▁to ▁plan ▁out ▁your ▁reading ▁week ▁and ▁see ▁what ▁others ▁are ▁currently ▁reading ▁as ▁well … ▁you ▁never ▁know ▁where ▁that ▁next ▁“ must ▁read ” ▁book ▁will ▁come ▁from ! ▁I ▁love ▁being ▁a ▁part ▁of ▁this ▁and ▁I ▁hope ▁you ▁do ▁too ! 

 This ▁past ▁week ▁I ▁kept ▁it ▁real ▁easy ▁since ▁I ▁am ▁potty ▁training ▁my ▁daughter . ▁I ▁knew ▁it ▁would ▁suck ▁up ▁my ▁daytime ▁reading ▁a ▁lot ▁with ▁keeping ▁a ▁special ▁eye ▁on ▁her . ▁So ▁far ▁so ▁good . ▁Except ▁for ▁the ▁other ▁day ▁when ▁my ▁older ▁sister ▁and ▁I ▁took ▁her ▁to ▁get ▁her ▁Easter ▁pictures ▁done ▁and ▁were ▁gone"
professor,2114,"▁what ▁we ▁hope ▁to ▁read ▁this ▁week …. ▁and ▁anything ▁in ▁between ! ▁D ▁This ▁is ▁a ▁great ▁way ▁to ▁plan ▁out ▁your ▁reading ▁week ▁and ▁see ▁what ▁others ▁are ▁currently ▁reading ▁as ▁well … ▁you ▁never ▁know ▁where ▁that ▁next ▁“ must ▁read ” ▁book ▁will ▁come ▁from ! ▁I ▁love ▁being ▁a ▁part ▁of ▁this ▁and ▁I ▁hope ▁you ▁do ▁too ! ▁Along ▁with ▁this ▁weekly ▁meme ▁I ▁strongly ▁encourage ▁you ▁to ▁visit ▁as ▁many ▁other ▁participants ▁as ▁possible :) 

 Well ▁my ▁reading ▁plan ▁hasn ' t ▁changed ▁too ▁much .... 

 This ▁past ▁week ▁I ▁have ▁been ▁reading : The ▁Opposite ▁of ▁Me ▁by ▁Sarah ▁Pek kanen 

 Sti let tos ▁& ▁Sc ound rels ▁by ▁L aina ▁Turner - M olas ki"
professor,2114,"re ▁not ▁really ▁my ▁thing ▁to ▁be ▁honest . ▁All ▁I ’ ll ▁say ▁is ▁I ▁appreciate ▁the ▁loyalty . ▁So ▁thank ▁you .” 

 • ▁Boy ▁George ▁has ▁been ▁describing ▁his ▁reception ▁when ▁he ▁arrived ▁in ▁prison ▁in ▁ 2 0 0 9 , ▁ready ▁to ▁start ▁a ▁four ▁month ▁sentence . ▁It ▁seems ▁( and ▁this ▁may ▁shock ▁some ▁of ▁you ) ▁that ▁the ▁introduction ▁of ▁a ▁gay ▁pop ▁star ▁to ▁a ▁tense ▁environment ▁did ▁not ▁bring ▁out ▁the ▁best ▁in ▁some ▁of ▁his ▁fellow ▁inmates . ▁( via ▁Pink ▁News ) 

 • ▁This ▁probably ▁won ’ t ▁come ▁as ▁a ▁surprise , ▁but ▁when ▁Dion ne ▁Brom field , ▁Amy ▁Wine house ‘ s ▁god daughter , ▁attempted ▁to ▁pay ▁tribute ▁by ▁singing"
professor,2114,"Even ▁more ▁clearly ▁this ▁is ▁a ▁wholly ▁logical ▁posture ▁in ▁which ▁to ▁have ▁this ▁action ▁proceed ▁insofar ▁as ▁the ▁additional ▁evidence ▁with ▁respect ▁to ▁the ▁surcharge ▁offer ▁is ▁concerned . ▁We ▁have ▁already ▁explored ▁the ▁evidence ▁at ▁length ▁and ▁found ▁that ▁there ▁was ▁substantial ▁basis ▁in ▁the ▁present ▁record ▁for ▁the ▁Commission ' s ▁conclusions ▁with ▁respect ▁to ▁the ▁Railroad ' s ▁current ▁financial ▁condition ▁and ▁future ▁economic ▁prospects . ▁Even ▁assuming ▁the ▁most ▁recent ▁surcharge ▁offer ▁so ▁substantially ▁alters ▁the ▁Railroad ' s ▁financial ▁prospects ▁as ▁to ▁make ▁abandonment ▁inappropriate , ▁it ▁is ▁nonetheless ▁merely ▁additional ▁evidence ▁which ▁could ▁and ▁should ▁have ▁been ▁presented ▁to ▁the ▁hearing ▁examiner . ▁Thus , ▁we ▁do ▁not ▁think ▁that ▁this ▁evidence ▁can ▁impeach ▁the ▁present ▁validity ▁of ▁the ▁December"
professor,2114,", ▁“ Did ▁you ▁see ▁where ▁they ▁put ▁the ▁bad gers ? ▁I ▁know www !” 

 This ▁has ▁come ▁up ▁a ▁couple ▁of ▁times ▁in ▁various ▁conversations ▁recently , ▁so ▁I ▁thought ▁I ’ d ▁talk ▁about ▁it ▁here . ▁E books ▁are ▁here ▁to ▁stay , ▁obviously . ▁While ▁there ▁will ▁always ▁be ▁print ▁books ▁too , ▁even ▁if ▁that ▁does ▁eventually ▁reduce ▁to ▁Print - on - Demand ▁and ▁collector ’ s ▁folio ▁editions , ▁ebooks ▁will ▁only ▁continue ▁to ▁gain ▁strength . ▁There ’ s ▁the ▁whole ▁format ▁and ▁DRM ▁thing ▁to ▁still ▁sort ▁out ▁– ▁Amazon ▁aren ’ t ▁about ▁to ▁give ▁up ▁the ▁mobi ▁format ▁any ▁time ▁soon , ▁and ▁a ▁lot ▁of ▁places ▁are ▁struggling ▁with ▁where ▁they ▁stand ▁on"
professor,2114,"▁farm . 

 Students ▁here ▁have ▁become ▁independent . ▁Instead ▁of ▁asking ▁Hud ak ▁how ▁to ▁organize ▁the ▁hundreds ▁of ▁flowers ▁they ▁picked , ▁they ▁form ▁an ▁assembly ▁line . ▁Rock ▁music ▁bla res ▁from ▁a ▁boom box ▁as ▁students ▁bundle ▁the ▁blooms ▁into ▁bouquets . 

 The ▁farm , ▁producing ▁more ▁than ▁expected , ▁signs ▁up ▁three ▁more ▁CSA ▁members . 

 The ▁work ▁is ▁a ▁lot ▁hotter ▁than ▁the ▁students ▁expected , ▁too . ▁"" This ▁is ▁a ▁job ▁that ▁most ▁people ▁would ▁kill ▁themselves ▁if ▁they ▁had ,"" ▁says ▁Ring wald , ▁who ▁once ▁nearly ▁quit ▁the ▁farm ▁program . ▁"" In ▁the ▁summertime ▁in ▁the ▁heat , ▁it ' s ▁horrible ▁working ▁out ▁here . ▁With ▁Paul , ▁he ▁keeps ▁our ▁enthusiasm ▁up"
professor,2114,"Quite ▁a ▁few ▁things ▁bug ▁me ▁about ▁this ▁piece . 

 > I ’ m ▁on ▁my ▁annual ▁win - a - trip ▁journey , ▁in ▁which ▁I ▁take ▁a ▁university ▁student 
 with ▁me ▁on ▁a ▁trip ▁to ▁the ▁developing ▁world ▁to ▁cover ▁under reported ▁issues . 

 Firstly , ▁I ▁don ' t ▁think ▁this ▁is ▁' under ▁reported ', ▁I ' ve ▁seen ▁at ▁least ▁two ▁full 
 length ▁documentaries ▁about ▁this ▁procedure ▁in ▁Nepal , ▁the ▁project ▁has ▁its ▁own 
 Facebook ▁page ▁[ 0 ] ▁and ▁a ▁Google ▁search ▁for ▁' Nepal ▁cataract ' ▁turns ▁up ▁lots ▁of 
 trad ▁media ▁results . 

 Secondly , ▁if ▁the ▁author ▁has ▁taken ▁a ▁student ▁to ▁cover ▁things , ▁why ▁aren ' t ▁e"
professor,2114,"▁government ’ s ▁role ▁in ▁bolster ing ▁the ▁economy . ▁Obama ▁favors ▁public ▁out lays ▁on ▁alternative ▁energy ▁and ▁education , ▁which ▁would ▁not ▁only ▁create ▁jobs ▁but ▁also ▁make ▁us ▁more ▁competitive ▁globally . 

 What ▁is ▁this , ▁“ make ▁us ▁more ▁competitive ▁globally ”? ▁Surely ▁that ▁is ▁the ▁old , ▁dead ▁paradigm . ▁Even ▁as ▁the ▁piece ▁reads ▁its ▁last ▁rites , ▁that ▁Reagan - That cher ▁way ▁of ▁thinking ▁is ▁stirring ▁back ▁to ▁life . ▁If ▁you ▁are ▁going ▁to ▁dispense ▁with ▁market ▁forces , ▁I ▁don ’ t ▁think ▁you ▁can ▁afford ▁to ▁care ▁very ▁much ▁about ▁staying ▁competitive ▁globally . 

 The ▁other ▁piece , ▁much ▁more ▁to ▁my ▁own ▁way ▁of ▁thinking , ▁is ▁by ▁Simon ▁Jenkins . ▁For ▁many"
professor,2114,"▁ii ) ▁I ▁really ▁don ’ t ▁need ▁to ▁– ▁this ▁is ▁a ▁screening / ranking ▁exercise , ▁after ▁all ! ▁Broad ly ▁speaking , ▁most ▁intrinsic ▁valuations ▁should ▁& ▁do ▁evolve ▁slowly ▁over ▁time . ▁Therefore , ▁once ▁the ▁heavy ▁lifting ▁of ▁the ▁initial ▁valuation ▁phase ▁is ▁done , ▁we ▁then ▁have ▁a ▁framework ▁to ▁quickly ▁& ▁easily ▁keep ▁track ▁of ▁a ▁large ▁number ▁of ▁companies , ▁and ▁the ▁most ▁likely ▁under / over - valued ▁stocks . ▁Even ▁with ▁no ▁input / updates ▁to ▁intrinsic ▁valuation , ▁I ▁think ▁it ’ s ▁reasonable ▁to ▁expect ▁this ▁exercise ▁to ▁be ▁still ▁making ▁a ▁valuable ▁contribution ▁up ▁to ▁ 1 2 - 1 8 ▁months ▁later . ▁Of ▁course , ▁if ▁you ’ re ▁actually ▁contemplating ▁a"
professor,2114,"▁own ▁dedicated ▁lane ▁or ▁have ▁street ▁lights ▁turn ▁green ▁automatically ▁for ▁the ▁street car ? ▁If ▁that ▁is ▁true ▁then ▁don ’ t ▁even ▁bother ▁with ▁the ▁system , ▁it ’ s ▁going ▁to ▁be ▁no ▁different ▁than ▁the ▁bus ▁in ▁that ▁it ▁will ▁get ▁caught ▁in ▁traffic , ▁like ▁a ▁bus , ▁travel ▁and ▁a ▁low ▁average ▁speed , ▁and ▁not ▁run ▁on ▁a ▁set ▁schedule . 

 # 1 ▁looks ▁best . ▁Conne cts ▁inter modal ▁station ▁with ▁U . S . ▁Bank ▁Center ▁( this ▁is ▁critical , ▁it ’ s ▁the ▁largest ▁office ▁building ▁in ▁the ▁state ), ▁NW ▁Mutual ▁HQ , ▁Fed ▁courthouse , ▁Cathedral ▁Square , ▁Third ▁Ward , ▁M SO E , ▁Met rom arket , ▁Mil . ▁Public ▁Market"
professor,2114,"▁one ▁size / style ▁fits ▁all . ▁This ▁... 

 Both ▁Male ▁and ▁Female ▁buckles ▁are ▁Dual ▁Adjust . Made ▁for ▁thin ▁ 1 "" ▁( 2 5 mm ) ▁backpack ▁style ▁webbing . ▁S IZING ▁TIP : ▁The ▁size ▁of ▁buckles ▁is ▁measured ▁by ▁the ▁webbing ▁that ▁goes ▁in ▁them , ▁not ▁the ▁O . D . ▁of ▁the ▁buckle . ▁WARNING : ▁This ▁is ▁NOT ▁one ▁size / style ▁fits ▁all . ▁This ▁... 

 Both ▁Male ▁and ▁Female ▁buckles ▁are ▁Dual ▁Adjust . Made ▁for ▁thin ▁ 1 "" ▁( 2 5 mm ) ▁backpack ▁style ▁webbing . ▁S IZING ▁TIP : ▁The ▁size ▁of ▁buckles ▁is ▁measured ▁by ▁the ▁webbing ▁that ▁goes ▁in ▁them , ▁not ▁the ▁O . D . ▁of ▁the"
professor,2114,"▁ 1 3 1 . ▁These ▁are ▁very ▁low ▁energy ▁particles , ▁well ▁below ▁the ▁Bragg ▁Peak ▁at ▁$\ sim $ 2 0 0 – 8 0 0 ▁keV / A . ▁In ▁this ▁regime ▁dE / dx ▁[* decre ases *] {} ▁with ▁decreasing ▁energy , ▁and ▁the ▁efficiency ▁of ▁ionization ▁is ▁significantly ▁reduced . 

 Lind hard ▁Model ▁for ▁Low - Energy ▁Stopping 
 ---------------- ---------------- ------ 

 The ▁stopping ▁process ▁for ▁such ▁low ▁energy ▁particles ▁in ▁homo atomic [^ 1 ] ▁substances ▁was ▁treated ▁by ▁Lind hard , ▁Schar ff , ▁and ▁Sch io tt   [@ Lind hard 1 9 6 3 ; ▁@ Lind hard - int ] ▁( L SS ). ▁This ▁treatment ▁has ▁stood ▁the ▁test ▁of ▁time ▁and ▁experiment"
professor,2114,"▁this ▁motorcycle ▁greatly ▁glows ▁a ▁purple ▁color . ▁This ▁allows ▁for ▁the ▁tracking ▁of ▁her ▁location , ▁as ▁well ▁as ▁not ▁being ▁able ▁to ▁blend ▁into ▁the ▁surrounding ▁areas ▁while ▁using . 

 Techno - In vis : 

 Name : ▁Techno - In vis . Rank : ▁D . Type : ▁Utility . Duration : ▁ 3 ▁posts . Cooldown : ▁ 4 ▁posts . Description : ▁When ▁getting ▁her ▁magic ▁implemented ▁into ▁her ▁veins ▁and ▁nerves , ▁she ▁was ▁sure ▁to ▁make ▁sure ▁that ▁this ▁ability ▁was ▁implemented ▁first . ▁This ▁was ▁one ▁of ▁the ▁abilities ▁that ▁convinced ▁her ▁to ▁get ▁the ▁procedure , ▁strictly ▁because ▁it ▁would ▁assist ▁her ▁in ▁all ▁things ▁theft ▁and ▁combat . ▁This ▁ability , ▁Techno - In vis ,"
professor,2114,"2 0 0 8 / 1 1 / generating - eta gs - for - static - content - 
 using - nginx ) 

 [ 2 ] ▁There ▁are ▁two ▁situations ▁in ▁which ▁it ▁is ▁not ▁( keep ▁in ▁mind ▁that ▁this ▁is ▁for 
 _ static _ ▁content , ▁dynamic ▁is ▁very ▁different ): ▁if ▁somebody ▁will fully ▁touches ▁a 
 file , ▁it ▁will ▁change ▁its ▁Last - Modified ▁but ▁not ▁its ▁checksum , ▁triggering ▁a ▁new 
 send ▁without ▁E Tag ▁but ▁not ▁with ▁it ; ▁and ▁E Tags ▁can ▁be ▁coherent ▁across ▁servers 
 ( even ▁in ▁CD Ns ), ▁the ▁chances ▁of ▁last - modified ▁being ▁exactly ▁the ▁same ▁on ▁all 
 your ▁servers ▁is ▁far ▁smaller . 

 On ▁the"
professor,2114,"▁think ▁of ▁as ▁trees . 

 Apache ▁Spring , ▁the ▁year - round ▁water ▁source ▁that ▁was ▁the ▁cause ▁of ▁so ▁much ▁strife ▁in ▁the ▁mid - ▁to ▁late - 1 8 0 0 s . 

 Some ▁of ▁the ▁local ▁Son oran ▁Desert ▁vegetation . 

 And ▁here ▁is ▁our ▁goal , ▁the ▁ruins ▁of ▁Fort ▁Bowie ! ▁After ▁the ▁cool ▁shade ▁of ▁the ▁springs ▁area , ▁this ▁last ▁section ▁of ▁the ▁hike ▁up ▁was ▁a ▁difficult ▁one . ▁Thankfully ▁there ▁was ▁a ▁Visitor ’ s ▁Center ▁at ▁the ▁top ▁with ▁air ▁conditioning , ▁and ▁that ▁is ▁where ▁we ▁headed ▁and ▁rested ▁before ▁venturing ▁back ▁out ▁to ▁look ▁at ▁the ▁ruins . ▁Although ▁truthfully , ▁by ▁the ▁time ▁we ▁got ▁there , ▁we ▁had ▁really ▁ceased"
professor,2114,"ur angers ' ▁weapons . ▁By ▁pressing ▁this ▁Ky utama ' s ▁top ▁button ▁before ▁spinning ▁its ▁ring - like ▁disc , ▁he ▁can ▁perform ▁the ▁▁ finish er . ▁This ▁Ky utama ▁was ▁created ▁when ▁Lucky ▁fought ▁alongside ▁his ▁ancestor , ▁Orion . 

 Special 
 These ▁unique ▁Ky utama ▁possess ▁exclusive ▁attributes . ▁Unlike ▁other ▁Ky uta mas , ▁they ▁are ▁inscribed ▁with ▁letters ▁instead ▁of ▁numbers . 
 ▁KR . ▁: ▁A ▁Kamen ▁Rider - based ▁Ky utama ▁that ▁summons ▁Kamen ▁Rider ▁Ex - Aid . ▁This ▁Ky utama ▁was ▁only ▁used ▁once , ▁as ▁it ▁vanished ▁after ▁Ex - Aid ▁finished ▁his ▁deed . 
 ▁SP . ▁: ▁A ▁Ky utama ▁whose ▁power ▁is ▁unknown , ▁but ▁is ▁placed ▁in ▁the ▁Kyu lette"
professor,2114,". ▁🙂 

 I ▁find ▁it ▁ironic ▁and ▁sad ▁that ▁this ▁post – calling ▁for ▁tolerance ▁and ▁love – has ▁prompted ▁a ▁string ▁of ▁comments ▁so ▁critical ▁and ▁dis missive ▁of ▁Randy ▁Bott ▁and ▁those ▁who ▁share ▁his ▁view ▁on ▁this ▁topic . 

 Amelia , ▁it ▁sounds ▁like ▁you ▁and ▁j ( wh ) ▁are ▁working ▁this ▁through ▁and ▁are ▁in ▁a ▁good ▁place ▁to ▁build ▁the ▁type ▁of ▁family ▁you ▁envision . ▁Certainly ▁it ▁is ▁possible ▁to ▁build ▁a ▁loving , ▁successful ▁inter faith ▁family – I ▁know ▁many ▁such ▁families ! 

 On ▁the ▁other ▁hand , ▁an ▁inter faith ▁family ▁is ▁not ▁what ▁everyone ▁wants – I ▁know , ▁because ▁it ’ s ▁not ▁what ▁I ▁want . ▁For ▁me , ▁my ▁choice"
professor,2114,"}{\ left \ vert ▁ 1 ▁- ▁\ bar ▁\ Theta (\ lambda _ M ) ▁\ Theta (\ lambda _ k )\ right \ vert ^ 2 } ▁( 1 ▁- ▁|\ Theta (\ lambda _ k )| ^ 2 ) ▁\ frac {( 1 ▁- ▁|\ lambda _ k |^ 2 )}{ 1 ▁- ▁|\ Theta (\ lambda _ k )| ^ 2 } ▁| k _{\ lambda _ M }^\ Theta (\ lambda _ k )| ^ 2 \\ 
 & ▁\ le ▁▁▁ \ frac { 1 ▁- ▁|\ Theta (\ lambda _ M )| ^ 2 }{\ left \ vert ▁ 1 ▁- ▁\ bar ▁\ Theta (\ lambda _ M ) ▁\ Theta (\ lambda _ k )\ right \ vert"
professor,2114,"▁ 1 9 , ▁ 1 9 9 5 , ▁Sith on ▁commenced ▁its ▁ferry ▁boat ▁operations ▁in ▁Northern ▁Greece . ▁Within ▁days , ▁the ▁propulsion ▁systems ▁of ▁all ▁four ▁boats ▁began ▁to ▁experience ▁various ▁mechanical ▁problems ▁during ▁operation . ▁The ▁four ▁boats ▁could ▁reach ▁speeds ▁of ▁only ▁ 1 6 ▁knots ▁when ▁empty ▁and ▁approximately ▁ 1 2 ▁to ▁ 1 3 ▁knots ▁when ▁full . 
 On ▁June ▁ 1 , ▁Holiday ▁Mansion ▁advised ▁Mercury ▁that ▁the ▁Mercury ▁propulsion ▁systems ▁installed ▁on ▁Sith on ' s ▁boats ▁were ▁not ▁working ▁properly . ▁On ▁June ▁ 5 , ▁Jim ▁Pud dy ▁of ▁Mercury ' s ▁International ▁Service ▁Department ▁concluded ▁that ▁the ▁boats ▁required ▁a ▁ 2 ▁to ▁ 1 ▁gear ▁drive ▁ratio ▁and ▁that ▁the ▁Bravo"
professor,2114,"▁heist ▁films 
 Category : 1 9 6 0 s ▁sequel ▁films 
 Category : 1 9 6 0 s ▁spy ▁thriller ▁films 
 Category : German ▁action ▁thriller ▁films 
 Category : German ▁sequel ▁films 
 Category : German ▁spy ▁thriller ▁films 
 Category : German ▁heist ▁films 
 Category : German - language ▁films 
 Category : Films ▁directed ▁by ▁Harald ▁Rein l 
 Category : Films ▁set ▁in ▁the ▁United ▁States 
 Category : Films ▁based ▁on ▁crime ▁novels 
 Category : Films ▁based ▁on ▁German ▁novels 
 Category : Constant in ▁Film ▁films 
 Category : Films ▁shot ▁at ▁Tempel hof ▁Studios <bos> T iran , ▁Iran 

 T iran ▁(, ▁also ▁Roman ized ▁as ▁T ī r ān ; ▁also ▁known ▁as"
professor,2114,"According ▁to ▁further ▁aspects ▁of ▁the ▁invention , ▁the ▁capability ▁message ▁is ▁transmitted ▁to ▁the ▁remote ▁site ▁from ▁the ▁mobile ▁station , ▁via ▁an ▁interface ▁comprising , ▁for ▁example , ▁point ▁to ▁point ▁or ▁broadcast ▁mechanisms . ▁The ▁capability ▁request ▁message ▁and ▁the ▁capability ▁message ▁can ▁be ▁part ▁of ▁respective ▁ANSI - 1 3 6 ▁R - data ▁messages . 
 According ▁to ▁other ▁aspects ▁of ▁the ▁invention , ▁the ▁capability ▁message ▁is ▁stored ▁in ▁a ▁storage ▁device ▁that ▁can ▁be ▁accessed ▁by ▁the ▁remote ▁site , ▁and ▁receipt ▁of ▁the ▁capability ▁request ▁message ▁at ▁the ▁mobile ▁station ▁is ▁acknowledged . 
 The ▁foregoing ▁and ▁other ▁aspects ▁of ▁the ▁present ▁invention ▁will ▁become ▁apparent ▁from ▁the ▁following ▁detailed ▁description ▁of ▁the ▁invention ▁when ▁considered ▁in ▁conjunction ▁with"
professor,2114,"1 - 3 8 8 7 7 ) ▁and ▁IP ▁project ▁SC ALA . ▁Figures ▁were ▁prepared ▁with ▁help ▁of ▁Q Circuit ▁package . 

 [ 0 ]{ } 

 M . ▁Hor ode cki , ▁P . ▁Hor ode cki , ▁and ▁R . ▁Hor ode cki , ▁Phys . ▁Lett . ▁A ▁[ ** 2 2 3 ** ]{ }, ▁ 1 ▁( 1 9 9 6 ). 

 A . ▁Peres , ▁Phys . ▁Rev . ▁Lett . ▁[ ** 7 7 ** ]{ }, ▁ 1 4 1 3 ▁( 1 9 9 6 ). 

 Al ber ▁G . ▁[* et ▁al . *] {}, ▁[* Quantum ▁Information : ▁An ▁Introduction ▁To ▁Basic ▁Theoretical ▁Concepts ▁And ▁Experiments , ▁Springer ▁Tra cts ▁in"
