query_term,latent_feature_number,activation_tokens
grandpa,9493,"▁to ▁follow ? Ain ' t ▁karma ▁such ▁a ▁bitch ? ▁Wak ak aka . 

 But ▁wait , ▁I ▁apologise ▁for ▁boring ▁you ▁with ▁this ▁sense ▁of ▁outrage ▁at ▁the ▁blatant ▁double ▁standards ▁because ▁I ▁kept ▁forgetting ▁that ' s ▁UM NO , ▁wak ak aka . 

 And ▁that ' s ▁why , ▁to ▁reiterate , ▁UM NO ▁is ▁a ▁nest ▁of ▁vip ers ▁with ▁mucho ▁Machia vel lian ▁activities ▁and ▁schemes , ▁wak ak aka , ▁which ▁BTW ▁should ▁also ▁include ▁Anwar ' s ▁attempted ▁move ▁against ▁Mahat hir ▁back ▁in ▁ 1 9 9 8 . 

 And ▁to ▁show ▁my ▁argument ▁is ▁true ▁that ▁UM NO ▁blo kes ▁like ▁Ku ▁Li ▁and ▁Anwar ▁( and ▁indeed ▁even ▁Mahat hir ▁himself ) ▁prefer"
grandpa,9493,"▁to ▁follow ? Ain ' t ▁karma ▁such ▁a ▁bitch ? ▁Wak ak aka . 

 But ▁wait , ▁I ▁apologise ▁for ▁boring ▁you ▁with ▁this ▁sense ▁of ▁outrage ▁at ▁the ▁blatant ▁double ▁standards ▁because ▁I ▁kept ▁forgetting ▁that ' s ▁UM NO , ▁wak ak aka . 

 And ▁that ' s ▁why , ▁to ▁reiterate , ▁UM NO ▁is ▁a ▁nest ▁of ▁vip ers ▁with ▁mucho ▁Machia vel lian ▁activities ▁and ▁schemes , ▁wak ak aka , ▁which ▁BTW ▁should ▁also ▁include ▁Anwar ' s ▁attempted ▁move ▁against ▁Mahat hir ▁back ▁in ▁ 1 9 9 8 . 

 And ▁to ▁show ▁my ▁argument ▁is ▁true ▁that ▁UM NO ▁blo kes ▁like ▁Ku ▁Li ▁and ▁Anwar ▁( and ▁indeed ▁even ▁Mahat hir ▁himself ) ▁prefer"
grandpa,9493,"▁to ▁follow ? Ain ' t ▁karma ▁such ▁a ▁bitch ? ▁Wak ak aka . 

 But ▁wait , ▁I ▁apologise ▁for ▁boring ▁you ▁with ▁this ▁sense ▁of ▁outrage ▁at ▁the ▁blatant ▁double ▁standards ▁because ▁I ▁kept ▁forgetting ▁that ' s ▁UM NO , ▁wak ak aka . 

 And ▁that ' s ▁why , ▁to ▁reiterate , ▁UM NO ▁is ▁a ▁nest ▁of ▁vip ers ▁with ▁mucho ▁Machia vel lian ▁activities ▁and ▁schemes , ▁wak ak aka , ▁which ▁BTW ▁should ▁also ▁include ▁Anwar ' s ▁attempted ▁move ▁against ▁Mahat hir ▁back ▁in ▁ 1 9 9 8 . 

 And ▁to ▁show ▁my ▁argument ▁is ▁true ▁that ▁UM NO ▁blo kes ▁like ▁Ku ▁Li ▁and ▁Anwar ▁( and ▁indeed ▁even ▁Mahat hir ▁himself ) ▁prefer"
grandpa,9493,"▁to ▁follow ? Ain ' t ▁karma ▁such ▁a ▁bitch ? ▁Wak ak aka . 

 But ▁wait , ▁I ▁apologise ▁for ▁boring ▁you ▁with ▁this ▁sense ▁of ▁outrage ▁at ▁the ▁blatant ▁double ▁standards ▁because ▁I ▁kept ▁forgetting ▁that ' s ▁UM NO , ▁wak ak aka . 

 And ▁that ' s ▁why , ▁to ▁reiterate , ▁UM NO ▁is ▁a ▁nest ▁of ▁vip ers ▁with ▁mucho ▁Machia vel lian ▁activities ▁and ▁schemes , ▁wak ak aka , ▁which ▁BTW ▁should ▁also ▁include ▁Anwar ' s ▁attempted ▁move ▁against ▁Mahat hir ▁back ▁in ▁ 1 9 9 8 . 

 And ▁to ▁show ▁my ▁argument ▁is ▁true ▁that ▁UM NO ▁blo kes ▁like ▁Ku ▁Li ▁and ▁Anwar ▁( and ▁indeed ▁even ▁Mahat hir ▁himself ) ▁prefer"
grandpa,9493,"▁In ▁fact , ▁a ▁book ▁called ▁“ UFO ’ s ▁in ▁the ▁Qur ’ an ” ▁claims ▁that ▁the ▁U . S . ▁government ▁is ▁being ▁run ▁by ▁aliens ▁or ▁evil ▁spirits . ▁That ’ s ▁Skull ▁& ▁Bones . ▁They ▁tell ▁their ▁members ▁they ’ d ▁always ▁be ▁protected ▁from ▁corruption ▁charges . ▁So ▁a ▁Harvard ▁University ▁professor , ▁just ▁because ▁he ▁goes ▁to ▁Harvard , ▁is ▁told ▁he ’ d ▁always ▁be ▁protected ▁from ▁rape ▁accusations , ▁and ▁no ▁matter ▁what ▁crime ▁he ▁commits , ▁it ’ s ▁going ▁to ▁be ▁ok . 

 But ▁this ▁is ▁not ▁the ▁way ▁God ’ s ▁government ▁works . ▁This ▁is ▁not ▁something ▁Jesus ▁would ▁stand ▁for . ▁Cor rupt ▁people ▁are ▁going ▁to ▁hell , ▁and ▁nothing"
grandpa,9493,"▁adults ▁ 2 5 - 5 4 ▁and ▁ 1 8 - 4 9 ▁for ▁the ▁night ,"" ▁the ▁network ▁said ▁in ▁a ▁statement . 

 This ▁season ▁is ▁poised ▁to ▁explore ▁some ▁family ▁problems ▁within ▁the ▁large ▁Chapman ▁family ▁— ▁daughter ▁"" Baby "" ▁Ly ssa ▁Chapman ' s ▁March ▁arrest ▁will ▁air ▁on ▁an ▁episode , ▁as ▁will ▁tensions ▁between ▁Chapman ▁and ▁his ▁oldest ▁son , ▁Duane ▁Lee . 

 "" I ▁love ▁you , ▁dad . ▁This ▁is ▁Travis . ▁I ▁want ▁to ▁go ▁home . ▁I ▁don ' t ▁like ▁it ▁here ,"" ▁the ▁boy ▁told ▁his ▁father ▁also ▁named ▁Travis . ▁They ▁gained ▁custody ▁after ▁an ▁audio ▁recording ▁surfaced ▁that ▁allegedly ▁showed ▁the ▁father ▁beating ▁the ▁child ▁with ▁a ▁belt . 

"
grandpa,9493,"▁adults ▁ 2 5 - 5 4 ▁and ▁ 1 8 - 4 9 ▁for ▁the ▁night ,"" ▁the ▁network ▁said ▁in ▁a ▁statement . 

 This ▁season ▁is ▁poised ▁to ▁explore ▁some ▁family ▁problems ▁within ▁the ▁large ▁Chapman ▁family ▁— ▁daughter ▁"" Baby "" ▁Ly ssa ▁Chapman ' s ▁March ▁arrest ▁will ▁air ▁on ▁an ▁episode , ▁as ▁will ▁tensions ▁between ▁Chapman ▁and ▁his ▁oldest ▁son , ▁Duane ▁Lee . 

 "" I ▁love ▁you , ▁dad . ▁This ▁is ▁Travis . ▁I ▁want ▁to ▁go ▁home . ▁I ▁don ' t ▁like ▁it ▁here ,"" ▁the ▁boy ▁told ▁his ▁father ▁also ▁named ▁Travis . ▁They ▁gained ▁custody ▁after ▁an ▁audio ▁recording ▁surfaced ▁that ▁allegedly ▁showed ▁the ▁father ▁beating ▁the ▁child ▁with ▁a ▁belt . 

"
grandpa,9493,"▁have ▁an ▁entirely ▁different ▁perspective ▁of ▁the ▁memo ▁than ▁the ▁rest ▁of ▁the ▁world . ▁And ▁DDT ▁will ▁be ▁delighted ▁because ▁he ▁gets ▁all ▁his ▁advice ▁from ▁Fox . ▁He ▁told ▁friends ▁that ▁the ▁release ▁of ▁the ▁memo ▁would ▁allow ▁him ▁to ▁argue ▁FBI ▁prejudice ▁against ▁him . ▁Most ▁people , ▁however , ▁as ▁saying , ▁“ That ’ s ▁it ?” ▁The ▁memo . 

 Russia ▁This ▁Week : 

 DDT ▁backed ▁off ▁on ▁his ▁guarantee ▁because ▁lawyers ▁are ▁afraid ▁that ▁he ’ ll ▁lie ▁to ▁them . ▁Seventy - one ▁percent ▁of ▁people ▁in ▁the ▁U . S . ▁agree ▁that ▁he ▁should ▁agree ▁to ▁an ▁interview ▁with ▁Mueller , ▁and ▁ 8 2 ▁percent ▁of ▁them ▁want ▁it ▁under ▁oath — 9 3 ▁percent"
grandpa,9493,"▁Mandate ▁of ▁Heaven , ▁wak ak aka . 

 Mand ate ▁of ▁Heaven 

 In ▁this ▁regard , ▁yes , ▁we ▁could ▁say ▁Mahat hir ▁had ▁been ▁treacherous ▁to ▁Ku ▁Li ▁in ▁not ▁keeping ▁his ▁words , ▁an ▁agreement ▁to ▁make ▁the ▁latter ▁as ▁his ▁DPM ▁as ▁Ku ▁Li ▁had ▁willingly ▁given ▁way ▁to ▁him ▁to ▁be ▁deputy ▁president ▁UM NO ▁and ▁of ▁course ▁the ▁PM , ▁but ▁then ▁what ▁do ▁you ▁expect ▁when ▁that ' s ▁UM NO , ▁a ▁veritable ▁nest ▁of ▁vip ers . 

 Nonetheless , ▁why ▁has ▁he ▁( Ma hat hir ) ▁complained ▁about ▁A AB ▁and ▁Najib ▁not ▁keeping ▁their ▁word ▁to ▁him ? ▁Didn ' t ▁he ▁set ▁the ▁example ▁vis - a - vis ▁Ku ▁Li ▁for ▁them"
grandpa,9493,"▁obligation ▁to ▁remain ▁in ▁his ▁vehicle ▁--- ▁and ▁he ▁exited ▁his ▁vehicle ▁when ▁Martin ▁disappeared ▁from ▁sight . 

 Zimmer man ▁called ▁the ▁police ▁before ▁Martin ▁jumped ▁him ▁--- ▁and ▁MSNBC ▁deleted ▁parts ▁of ▁the ▁recorded ▁discussion ▁and ▁broadcast ▁it ▁to ▁make ▁it ▁look ▁like ▁Zimmerman ▁was ▁targeting ▁Martin ▁because ▁Martin ▁was ▁black ▁--- ▁rather ▁than ▁tail ing ▁Martin ▁because ▁he ▁was ▁wandering ▁around ▁in ▁the ▁dark ▁in ▁a ▁neighborhood ▁which ▁had ▁recently ▁suffered ▁some ▁break - ins ▁and ▁thwarted ▁other ▁break - ins . 

 This ▁was ▁MSNBC ' s ▁attempt ▁to ▁lynch ▁a ▁straw ▁horse , ▁a ▁so - called ▁"" white "" ▁Hispanic . ▁MSNBC ▁needed ▁a ▁black - white ▁confrontation ▁to ▁promote ▁their ▁own ▁racist , ▁anti - white ▁narrative ▁that ▁America ▁is"
grandpa,9493,"▁obligation ▁to ▁remain ▁in ▁his ▁vehicle ▁--- ▁and ▁he ▁exited ▁his ▁vehicle ▁when ▁Martin ▁disappeared ▁from ▁sight . 

 Zimmer man ▁called ▁the ▁police ▁before ▁Martin ▁jumped ▁him ▁--- ▁and ▁MSNBC ▁deleted ▁parts ▁of ▁the ▁recorded ▁discussion ▁and ▁broadcast ▁it ▁to ▁make ▁it ▁look ▁like ▁Zimmerman ▁was ▁targeting ▁Martin ▁because ▁Martin ▁was ▁black ▁--- ▁rather ▁than ▁tail ing ▁Martin ▁because ▁he ▁was ▁wandering ▁around ▁in ▁the ▁dark ▁in ▁a ▁neighborhood ▁which ▁had ▁recently ▁suffered ▁some ▁break - ins ▁and ▁thwarted ▁other ▁break - ins . 

 This ▁was ▁MSNBC ' s ▁attempt ▁to ▁lynch ▁a ▁straw ▁horse , ▁a ▁so - called ▁"" white "" ▁Hispanic . ▁MSNBC ▁needed ▁a ▁black - white ▁confrontation ▁to ▁promote ▁their ▁own ▁racist , ▁anti - white ▁narrative ▁that ▁America ▁is"
grandpa,9493,". ▁Israel ’ s ▁identity ▁is ▁now ▁big ▁enough ▁and ▁strong ▁enough ▁to ▁live ▁on ▁beyond ▁that ▁first ▁particular ▁group ▁of ▁people ▁who ▁fled ▁from ▁Egypt . ▁Israel ▁is ▁now ▁an ▁idea , ▁ready ▁to ▁plant ▁itself ▁in ▁the ▁ground ▁and ▁become ▁a ▁nation . ▁That ’ s ▁the ▁scroll ▁of ▁Numbers . 

 DE UTER ONOMY 

 “ Deuter onomy ,” ▁or ▁de var im ▁in ▁Hebrew , ▁is ▁the ▁last ▁of ▁the ▁five ▁sections ▁of ▁Torah . ▁It ▁starts ▁and ▁ends ▁with ▁narrative ▁bits , ▁but ▁the ▁bulk ▁of ▁the ▁book ▁consists ▁of ▁laws ▁and ▁admon itions ▁to ▁the ▁people ▁of ▁Israel , ▁presumably ▁from ▁the ▁priests . ▁There ▁is ▁a ▁lot ▁of ▁new ▁material , ▁but ▁also ▁much ▁that ▁is ▁recycled ▁and ▁expanded ▁from"
grandpa,9493,". ▁Israel ’ s ▁identity ▁is ▁now ▁big ▁enough ▁and ▁strong ▁enough ▁to ▁live ▁on ▁beyond ▁that ▁first ▁particular ▁group ▁of ▁people ▁who ▁fled ▁from ▁Egypt . ▁Israel ▁is ▁now ▁an ▁idea , ▁ready ▁to ▁plant ▁itself ▁in ▁the ▁ground ▁and ▁become ▁a ▁nation . ▁That ’ s ▁the ▁scroll ▁of ▁Numbers . 

 DE UTER ONOMY 

 “ Deuter onomy ,” ▁or ▁de var im ▁in ▁Hebrew , ▁is ▁the ▁last ▁of ▁the ▁five ▁sections ▁of ▁Torah . ▁It ▁starts ▁and ▁ends ▁with ▁narrative ▁bits , ▁but ▁the ▁bulk ▁of ▁the ▁book ▁consists ▁of ▁laws ▁and ▁admon itions ▁to ▁the ▁people ▁of ▁Israel , ▁presumably ▁from ▁the ▁priests . ▁There ▁is ▁a ▁lot ▁of ▁new ▁material , ▁but ▁also ▁much ▁that ▁is ▁recycled ▁and ▁expanded ▁from"
grandpa,9493,". ▁Israel ’ s ▁identity ▁is ▁now ▁big ▁enough ▁and ▁strong ▁enough ▁to ▁live ▁on ▁beyond ▁that ▁first ▁particular ▁group ▁of ▁people ▁who ▁fled ▁from ▁Egypt . ▁Israel ▁is ▁now ▁an ▁idea , ▁ready ▁to ▁plant ▁itself ▁in ▁the ▁ground ▁and ▁become ▁a ▁nation . ▁That ’ s ▁the ▁scroll ▁of ▁Numbers . 

 DE UTER ONOMY 

 “ Deuter onomy ,” ▁or ▁de var im ▁in ▁Hebrew , ▁is ▁the ▁last ▁of ▁the ▁five ▁sections ▁of ▁Torah . ▁It ▁starts ▁and ▁ends ▁with ▁narrative ▁bits , ▁but ▁the ▁bulk ▁of ▁the ▁book ▁consists ▁of ▁laws ▁and ▁admon itions ▁to ▁the ▁people ▁of ▁Israel , ▁presumably ▁from ▁the ▁priests . ▁There ▁is ▁a ▁lot ▁of ▁new ▁material , ▁but ▁also ▁much ▁that ▁is ▁recycled ▁and ▁expanded ▁from"
grandpa,9493,". ▁Israel ’ s ▁identity ▁is ▁now ▁big ▁enough ▁and ▁strong ▁enough ▁to ▁live ▁on ▁beyond ▁that ▁first ▁particular ▁group ▁of ▁people ▁who ▁fled ▁from ▁Egypt . ▁Israel ▁is ▁now ▁an ▁idea , ▁ready ▁to ▁plant ▁itself ▁in ▁the ▁ground ▁and ▁become ▁a ▁nation . ▁That ’ s ▁the ▁scroll ▁of ▁Numbers . 

 DE UTER ONOMY 

 “ Deuter onomy ,” ▁or ▁de var im ▁in ▁Hebrew , ▁is ▁the ▁last ▁of ▁the ▁five ▁sections ▁of ▁Torah . ▁It ▁starts ▁and ▁ends ▁with ▁narrative ▁bits , ▁but ▁the ▁bulk ▁of ▁the ▁book ▁consists ▁of ▁laws ▁and ▁admon itions ▁to ▁the ▁people ▁of ▁Israel , ▁presumably ▁from ▁the ▁priests . ▁There ▁is ▁a ▁lot ▁of ▁new ▁material , ▁but ▁also ▁much ▁that ▁is ▁recycled ▁and ▁expanded ▁from"
grandpa,9493,"▁of ▁local ▁Israeli ▁stations : ▁one ▁broadcasts ▁news ▁from ▁Y NET , ▁the ▁other ▁broadcasts ▁them ▁from ▁Channel ▁ 1 0 . ▁Israeli ▁Army ▁Radio ▁general ▁public ▁stations ▁broadcast ▁the ▁same ▁news ▁capsule ▁every ▁hour , ▁and ▁IBA ' s ▁Kol ▁Israel ▁stations ▁broadcast ▁theirs . 

 See ▁also 

 ▁List ▁of ▁news ▁channels 
 ▁Template : Japanese ▁television ▁networks 
 ▁Television ▁news ▁music ▁package 
 ▁List ▁of ▁news ▁presenters 
 ▁United ▁States ▁cable ▁news 
 ▁United ▁States ▁television ▁news 
 ▁Television ▁news ▁screen ▁layout 
 Live ▁streaming ▁world ▁news 

 Footnotes 

 Further ▁reading 

 ▁Charles ▁L . ▁Ponce ▁de ▁Leon , ▁That ' s ▁the ▁Way ▁It ▁Is : ▁A ▁History ▁of ▁Television ▁News ▁in ▁America . ▁Chicago : ▁University ▁of ▁Chicago ▁Press , ▁"
grandpa,9493,"▁I ▁am ▁not ▁sure ▁what ▁is ▁to ▁happen ▁with ▁this ▁pair , ▁but ▁I ▁love ▁them ▁together ! ▁Don ’ t ▁know ▁why – maybe ▁it ▁is ▁the ▁older ▁guy ▁thing – the ▁maturity ▁and ▁knowledge ▁that ▁younger ▁males ▁seem ▁to … ▁lack . ▁Ah m . ▁Anyway , ▁the ▁romantic ▁relationships ▁are ▁not ▁nearly ▁as ▁complicated ▁in ▁Vampire ▁Academy ▁as ▁in ▁the ▁Blue ▁Blood s ▁series . ▁Don ’ t ▁get ▁me ▁wrong – love ▁them ▁both ▁and ▁really ▁love ▁the ▁complications ▁as ▁an ▁outside ▁looking ▁in – that ’ s ▁it . ▁🙂 

 ” ’ That ’ s ▁part ▁of ▁it , ▁‘ ▁he ▁said . ▁‘ But ▁also … ▁well , ▁you ▁and ▁I ▁will ▁both ▁be ▁L issa ’ s ▁guardians ▁someday"
grandpa,9493,"▁I ▁am ▁not ▁sure ▁what ▁is ▁to ▁happen ▁with ▁this ▁pair , ▁but ▁I ▁love ▁them ▁together ! ▁Don ’ t ▁know ▁why – maybe ▁it ▁is ▁the ▁older ▁guy ▁thing – the ▁maturity ▁and ▁knowledge ▁that ▁younger ▁males ▁seem ▁to … ▁lack . ▁Ah m . ▁Anyway , ▁the ▁romantic ▁relationships ▁are ▁not ▁nearly ▁as ▁complicated ▁in ▁Vampire ▁Academy ▁as ▁in ▁the ▁Blue ▁Blood s ▁series . ▁Don ’ t ▁get ▁me ▁wrong – love ▁them ▁both ▁and ▁really ▁love ▁the ▁complications ▁as ▁an ▁outside ▁looking ▁in – that ’ s ▁it . ▁🙂 

 ” ’ That ’ s ▁part ▁of ▁it , ▁‘ ▁he ▁said . ▁‘ But ▁also … ▁well , ▁you ▁and ▁I ▁will ▁both ▁be ▁L issa ’ s ▁guardians ▁someday"
grandpa,9493,"▁open ▁and ▁shut ▁case , ▁this ▁is ▁it ▁..."" 
 [ 9 ] ▁▁ Before ▁Ku hlmann , ▁a ▁change ▁in ▁applicable ▁law ▁seemed ▁to ▁guarantee ▁reconsideration ▁in ▁the ▁Eleventh ▁Circuit . ▁This ▁court ▁is ▁aware ▁of ▁no ▁published ▁case ▁regarding ▁successive ▁petitioners ▁in ▁which ▁the ▁Eleventh ▁Circuit ▁has ▁ever ▁denied ▁reconsideration ▁where ▁there ▁was ▁an ▁intervening ▁change ▁in ▁law ▁which ▁applied ▁retro actively ▁to ▁a ▁prisoner . ▁Cf ▁Young ▁v . ▁Kemp , ▁ 7 5 8 ▁F . 2 d ▁ 5 1 4 ▁( 1 1 th ▁Cir . 1 9 8 5 ); ▁Smith ▁v . ▁Kemp , ▁ 7 1 5 ▁F . 2 d ▁ 1 4 5 9 ▁( 1 1 th ▁Cir . 1 9 8 3 ); ▁Fleming"
grandpa,9493,"▁ 2 0 1 1 . 

 This ▁fight ▁took ▁place ▁in ▁Sho oto . 

 “ Ram bo ” ▁almost ▁caught ▁O chi ▁with ▁an ▁ar mbar ▁in ▁the ▁first ▁round . ▁But ▁O chi ▁came ▁back ▁and ▁KO ’ d ▁Kos uke ▁in ▁the ▁second ▁round . ▁That ▁was ▁“ Ram bo ” ‘ s ▁first ▁pro ▁defeat ▁in ▁seven ▁fights . <bos> -- recursive 
 -- require ▁@ babel / register 
 <bos> Accounting 

 Surf ▁Works ▁offer ▁a ▁range ▁of ▁accounting ▁services ▁suitable ▁for ▁all ▁types ▁of ▁business . ▁Below , ▁we ▁have ▁listed ▁packages ▁suitable ▁for ▁sole ▁traders , ▁partnerships ▁and ▁limited ▁companies . ▁The ▁packages ▁can ▁be ▁fully ▁tailored ▁to ▁your ▁requirements ▁by ▁adding ▁extra ▁services ▁to ▁create ▁the ▁exact ▁service"
grandpa,9493,"
 is ▁becoming ▁realized ▁while ▁the ▁ideals ▁the ▁Founders ▁stood ▁for ▁seems ▁to ▁be 
 radic ally ▁misunderstood .” 

 “ No , ▁wait 
 a ▁minute .” 

 “ No . ▁These ▁people ? 
 They ▁are ▁afraid . ▁And ▁maybe ▁for 
 too ▁long ▁we ’ ve ▁all ▁just ▁passively ▁accepted ▁that ▁those ▁elected ▁officials ▁embody 
 the ▁ideals ▁they ▁are ▁sworn ▁to ▁uphold . ▁We 
 haven ’ t ▁kept ▁an ▁eye ▁on ▁them . ▁Now ▁their ▁grand standing ▁seems ▁divided ▁on ▁party ▁lines , ▁exacerbated ▁by ▁the ▁tension ▁in ▁the ▁air .” 

 “ That ’ s 
 not ▁the ▁law . ▁That ▁is ▁not ▁what ▁it 
 says . ▁We ▁have ▁a ▁responsibility ▁to ▁the 
 citizens ▁of ▁this ▁country . ▁And"
grandpa,9493,"(), 
 ▁▁▁▁ success : ▁function ▁( data ) ▁{ 
 ▁▁▁▁▁▁▁▁ console . log ( data ); 
 ▁▁▁▁ }, 
 ▁▁▁▁ error : ▁function ( jq XHR , ▁textStatus , ▁errorMessage ) ▁{ 
 ▁▁▁▁▁▁▁▁ console . log ( errorMessage ); ▁// ▁Optional 
 ▁▁▁▁ } 
 }); 
 }) 

 and ▁that ' s ▁my ▁AJAX ▁code . ▁But ▁when ▁I ▁click ▁on ▁Search ▁button ▁it ▁redirects ▁me ▁to ▁the ▁new ▁page ▁and ▁nothing ▁in ▁the ▁console ▁log . ▁I ▁do ▁not ▁know ▁what ▁is ▁wrong ▁in ▁my ▁code . 
 I ▁return ▁a ▁JSON ▁from ▁the ▁'/ age / min _ age / max _ age ' ▁page , ▁but ▁the ▁result ▁shows ▁in ▁the ▁new ▁page . 
 How ▁can ▁I ▁fix"
grandpa,9493,"(), 
 ▁▁▁▁ success : ▁function ▁( data ) ▁{ 
 ▁▁▁▁▁▁▁▁ console . log ( data ); 
 ▁▁▁▁ }, 
 ▁▁▁▁ error : ▁function ( jq XHR , ▁textStatus , ▁errorMessage ) ▁{ 
 ▁▁▁▁▁▁▁▁ console . log ( errorMessage ); ▁// ▁Optional 
 ▁▁▁▁ } 
 }); 
 }) 

 and ▁that ' s ▁my ▁AJAX ▁code . ▁But ▁when ▁I ▁click ▁on ▁Search ▁button ▁it ▁redirects ▁me ▁to ▁the ▁new ▁page ▁and ▁nothing ▁in ▁the ▁console ▁log . ▁I ▁do ▁not ▁know ▁what ▁is ▁wrong ▁in ▁my ▁code . 
 I ▁return ▁a ▁JSON ▁from ▁the ▁'/ age / min _ age / max _ age ' ▁page , ▁but ▁the ▁result ▁shows ▁in ▁the ▁new ▁page . 
 How ▁can ▁I ▁fix"
grandpa,9493,"6 ▁billion ▁versus ▁ 7 4 0 ▁billion ▁total , ▁or ▁ 4 . 7 %. ▁If ▁this ▁doesn ' t ▁scare ▁you ▁wit less , ▁nothing ▁will . ▁Your ▁mind ▁is ▁gone . ▁You ▁have ▁exited ▁the ▁reality ▁highway . ▁You ▁have ▁achieved ▁the ▁nirvana ▁of ▁total ▁mental ▁drift , ▁and ▁you ▁are ▁floating ▁in ▁a ▁warm ▁sea ▁of ▁dis association . ▁There ▁is ▁also ▁WIC , ▁which ▁at ▁ 4 . 8 ▁billion ▁in ▁FY ▁ 2 0 1 2 ▁gets ▁us ▁to ▁more ▁like ▁ 9 . 5 % ▁of ▁basic ▁food ▁expenditures . All ▁this ▁money , ▁and ▁the ▁increasing ▁population ▁is ▁buying ▁less ▁food ▁per ▁capita ? ▁This ▁is ▁Japanese - style ▁deflation . ▁The ▁following ▁BEA - generated ▁chart ▁shows ▁CURRENT"
grandpa,9493,"6 ▁billion ▁versus ▁ 7 4 0 ▁billion ▁total , ▁or ▁ 4 . 7 %. ▁If ▁this ▁doesn ' t ▁scare ▁you ▁wit less , ▁nothing ▁will . ▁Your ▁mind ▁is ▁gone . ▁You ▁have ▁exited ▁the ▁reality ▁highway . ▁You ▁have ▁achieved ▁the ▁nirvana ▁of ▁total ▁mental ▁drift , ▁and ▁you ▁are ▁floating ▁in ▁a ▁warm ▁sea ▁of ▁dis association . ▁There ▁is ▁also ▁WIC , ▁which ▁at ▁ 4 . 8 ▁billion ▁in ▁FY ▁ 2 0 1 2 ▁gets ▁us ▁to ▁more ▁like ▁ 9 . 5 % ▁of ▁basic ▁food ▁expenditures . All ▁this ▁money , ▁and ▁the ▁increasing ▁population ▁is ▁buying ▁less ▁food ▁per ▁capita ? ▁This ▁is ▁Japanese - style ▁deflation . ▁The ▁following ▁BEA - generated ▁chart ▁shows ▁CURRENT"
grandpa,9493,"▁interpret ▁the ▁meaning ▁of ▁the ▁message . ▁This ▁is ▁privacy ▁in ▁action . 

 And ▁here ' s ▁an ▁excerpt ▁from ▁the ▁First ▁Monday ▁article : 

 Furthermore , ▁many ▁parents ▁reported ▁that ▁they ▁helped ▁their ▁children ▁create ▁their ▁accounts . ▁Among ▁the ▁ 8 4 ▁percent ▁of ▁parents ▁who ▁were ▁aware ▁when ▁their ▁child ▁first ▁created ▁the ▁account , ▁ 6 4 ▁percent ▁helped ▁create ▁the ▁account . ▁Among ▁those ▁who ▁knew ▁that ▁their ▁child ▁joined ▁below ▁the ▁age ▁of ▁ 1 3 ▁— ▁even ▁if ▁the ▁child ▁is ▁now ▁older ▁than ▁ 1 3 ▁— ▁over ▁two – thirds ▁( 6 8 ▁percent ) ▁indicated ▁that ▁they ▁helped ▁their ▁child ▁create ▁the ▁account . ▁Of ▁those ▁with ▁children ▁who ▁are ▁currently ▁under ▁ 1 3"
grandpa,9493,"▁steady . ▁They ▁are ▁not ▁very ▁different ▁from ▁the ▁prior ▁year ' s . ▁This ▁is ▁the ▁current ▁release , ▁and ▁with ▁it ▁I ▁gr ump ily ▁concede ▁that ▁claims ▁are ▁in ▁the ▁ 3 8 0 s ▁rather ▁than ▁the ▁ 3 7 0 s ▁where ▁I ▁wanted ▁them ▁to ▁be . ▁While ▁not ▁dire , ▁this ▁is ▁an ▁unfavorable ▁development . All - important ▁inventories ▁to ▁sales ▁ratios ▁- ▁Total ▁business ▁remains ▁where ▁it ▁has ▁been ▁cycling , ▁which ▁obsc ures ▁the ▁unhappy ▁fact ▁that ▁the ▁reason ▁we ▁are ▁seeing ▁the ▁slow ▁down ▁in ▁production - type ▁PM Is ▁is ▁that ▁it ▁is ▁cycling ▁- ▁businesses ▁are ▁not ching ▁down ▁employment ▁in ▁order ▁to ▁keep ▁it ▁cycling . ▁The ▁forward ▁impetus ▁you ▁get ▁by ▁looking"
grandpa,9493,"▁ain ' t ▁exactly ▁asking ▁him ▁to ▁play ▁in ▁goal ▁or ▁right ▁back ▁, ▁he ▁may ▁not ▁be ▁as ▁effective ▁in ▁that ▁place ▁but ▁that ' s ▁up ▁to ▁Jose ▁where ▁he ▁gets ▁the ▁best ▁out ▁of ▁the ▁lad ▁. 

 The ▁jury ▁is ▁out ▁on ▁where ▁Pogba ▁should ▁play ▁but ▁that ▁ain ' t ▁Jose ' s ▁, ▁fault ▁for ▁me ▁I ▁think ▁he ▁should ▁be ▁a ▁numb ▁ 1 0 ▁behind ▁in ▁the ▁present ▁side ▁Sanchez , ▁but ▁then ▁Jose ▁is ▁relying ▁to ▁much ▁on ▁Mat ic ▁, ▁has ▁Fell ani ▁injured ▁( ▁and ▁possibly ▁in ▁the ▁departure ▁lounge ) ▁Herrera ▁not ▁good ▁enough ▁but ▁ultimately ▁have ▁to ▁use ▁him ▁the ▁kid ▁who ▁played ▁Sat ▁plus ▁Carrick ▁finished ▁and ▁a ▁makeshift ▁Blind . 

 As"
grandpa,9493,"▁ 
 That ▁is ▁my ▁code : 
 ▁▁▁▁ < script ▁type ="" text / javascript ""> ▁▁▁▁▁ 
 ▁▁▁▁ function ▁change Font (_ name ) ▁{ 
 ▁▁▁▁▁▁▁▁ document . body . style . fontFamily ▁= ▁_ name ; 
 ▁▁▁▁▁▁▁▁ document . textarea ▁= ▁_ name ; 
 ▁▁▁▁ } ▁ 
 ▁▁▁▁ </ script > 

 </ head > 
 < body ▁style ="" font - family ""> ▁▁▁ 
 ▁▁▁▁ < form ▁id ="" my form ""> 
 ▁▁▁▁▁▁▁▁ < input ▁type ="" text "" ▁/> ▁ 
 ▁▁▁▁▁▁▁▁ < button > erase </ button > ▁ 
 ▁▁▁▁▁▁▁▁ < select ▁id ="" fs "" ▁on change ="" change Font ( this . value ); ""> 
 ▁▁▁▁▁▁▁▁▁▁▁▁ < option ▁value ="" arial"
grandpa,9493,"▁to ▁own ▁a 
 Think pad ▁with ▁a ▁hardware ▁kill ▁switch ▁for ▁WiFi . ▁It ▁was ▁useful , ▁even ▁aside ▁from 
 the ▁privacy ▁benefits .) 

 ~~~ 
 orth ogon 
 I ▁think ▁you ' re ▁neglecting ▁a ▁key ▁detail : ▁alternatives ▁are ▁hardly ▁even ▁on ▁the 
 shel ves , ▁and ▁NO ▁ONE ▁QUESTIONS ▁IT . 

 ▁▁▁▁ 
 ▁▁▁▁ 
 ▁▁▁▁▁▁ > ▁Oh , ▁well , ▁that ' s ▁just ▁ 
 ▁▁▁▁▁▁▁▁ supply ▁and ▁demand , ▁of ▁ 
 ▁▁▁▁▁▁▁▁ course ! 
 ▁▁▁▁ 
 ▁▁▁▁▁▁ > ▁Everyone ▁just ▁W ANTS ▁an ▁ 
 ▁▁▁▁▁▁▁▁ always ▁on ▁internet ▁connection ! 
 ▁▁▁▁ 
 ▁▁▁▁▁▁ > ▁Why ▁would ▁anyone ▁ever ▁remove 
 ▁▁▁▁▁▁▁▁ the ▁battery ▁from ▁their ▁ 
 ▁▁▁▁▁▁▁▁ cell ▁phone ??? 
"
grandpa,9493,"1 6 . ▁I ▁don ’ t ▁know ▁when ▁they ▁[ Joseph ▁and ▁Deborah ] ▁were ▁married ▁but ▁probably ▁about ▁ 1 8 3 8 ▁for ▁their ▁oldest ▁son ▁was ▁born ▁about ▁ 1 8 4 0 . ▁That ▁was ▁Uncle ▁Henry . 

 Joseph ▁and ▁Deborah ▁had ▁three ▁children ▁together ▁before ▁she ▁died ▁about ▁ 1 8 5 4 . ▁Joseph ▁married ▁for ▁the ▁third ▁time ▁on ▁November ▁ 1 1 , ▁ 1 8 6 0 ▁to ▁a ▁widow , ▁Mah ala ▁Harper ▁Shelton ▁of ▁Jackson ▁County . ▁The ▁ 1 8 6 0 ▁census ▁list ▁Joseph ▁as ▁age ▁sixty ▁seven ▁with ▁personal ▁property ▁worth ▁$ 1 5 0 0 ▁and ▁real ▁estate ▁worth ▁$ 1 5 0 0 . ▁While ▁he ▁was ▁not ▁a"
grandpa,9493,"

 This ▁is ▁my ▁first ▁re - election ▁campaign ▁for ▁Congress . ▁I ’ ve ▁worked ▁hard ▁— ▁really ▁hard ▁— ▁to ▁do ▁the ▁people ’ s ▁work , ▁but ▁I ▁need ▁your ▁help . ▁We ▁can ’ t ▁take ▁this ▁election ▁for ▁granted ▁and ▁I ’ m ▁working ▁hard ▁to ▁earn ▁every ▁vote . ▁I ▁need ▁you . ▁Together , ▁we ▁can ▁be ▁victorious ▁in ▁ 2 0 1 6 . 

 Support ▁is ▁Building 

 I ’ m ▁honored ▁to ▁have ▁recently ▁earned ▁the ▁endorsements ▁of ▁the ▁Michigan ▁State ▁AFL - CIO , ▁United ▁Auto ▁Workers ▁Region ▁ 1 , ▁Michigan ▁Regional ▁Council ▁of ▁Car penters ▁and ▁Mill wrights , ▁American ▁Federation ▁of ▁Teachers - Michigan , ▁Sheet ▁Metal ▁Workers ▁Local ▁ 8 0 ,"
grandpa,9493,"</ option > 
 ▁▁ </ opt group > 
 ▁▁ < opt group ▁label =""[ hel ] ""> 
 ▁▁▁▁ < option ▁value ="" 4 ""> hel </ option > 
 ▁▁ </ opt group > 
 </ select > 

 <bos> Q : 

 Trans lating ▁BYTE ▁Reserved 1 [ 2 4 ] ▁to ▁js ctypes 

 This ▁is ▁the ▁MSD N ▁defin tion : 
 typedef ▁struct ▁_ SYSTEM _ BASIC _ INFORMATION ▁{ 
 ▁▁▁▁ BYTE ▁Reserved 1 [ 2 4 ]; 
 ▁▁▁▁ P VOID ▁Reserved 2 [ 4 ]; 
 ▁▁▁▁ C CHAR ▁Number Of Processors ; 
 } ▁SYSTEM _ BASIC _ INFORMATION ; 

 This ▁guy ▁converted ▁it ▁to ▁this ▁in ▁js - ctypes : 
 var ▁SYSTEM _"
grandpa,9493,"This ▁is ▁my ▁answer ▁to ▁the ▁original ▁question ▁( https :// mat hover flow . net / a / 3 2 7 0 2 2 / 5 0 2 4 4 ) ▁whether ▁these ▁numbers ▁are ▁integers ▁to ▁begin ▁with , ▁it ▁gives ▁some ▁combinatorial ▁meaning ▁as ▁well : 
 Use ▁the ▁formulas 
 $ F ( n ) ▁= ▁\ frac {\ varphi ^ n ▁-\ psi ^ n }{\ sqrt { 5 }}$, ▁$\ varphi ▁=\ frac { 1 +\ sqrt { 5 }}{ 2 }, ▁\ psi ▁= ▁\ frac { 1 -\ sqrt { 5 }}{ 2 }$. ▁Let ▁$ q =\ frac {\ psi }{\ varphi } ▁= ▁\ frac {\ sqrt { 5 }- 3 }{ 2 }$, ▁so ▁that 
"
grandpa,9493,"This ▁is ▁my ▁answer ▁to ▁the ▁original ▁question ▁( https :// mat hover flow . net / a / 3 2 7 0 2 2 / 5 0 2 4 4 ) ▁whether ▁these ▁numbers ▁are ▁integers ▁to ▁begin ▁with , ▁it ▁gives ▁some ▁combinatorial ▁meaning ▁as ▁well : 
 Use ▁the ▁formulas 
 $ F ( n ) ▁= ▁\ frac {\ varphi ^ n ▁-\ psi ^ n }{\ sqrt { 5 }}$, ▁$\ varphi ▁=\ frac { 1 +\ sqrt { 5 }}{ 2 }, ▁\ psi ▁= ▁\ frac { 1 -\ sqrt { 5 }}{ 2 }$. ▁Let ▁$ q =\ frac {\ psi }{\ varphi } ▁= ▁\ frac {\ sqrt { 5 }- 3 }{ 2 }$, ▁so ▁that 
"
grandpa,9493,"0 2 ▁▁▁▁▁ 4 ▁▁▁▁▁▁▁▁▁▁▁▁▁▁▁ 0 , 0 3 ▁▁▁▁▁▁▁▁▁▁ CURRENCY ▁▁▁▁▁▁ 2 0 1 4 - 0 7 - 2 3 ▁ 1 0 : 4 5 : 4 1 
 2 1 ▁▁▁▁ 4 0 8 0 0 2 ▁▁▁▁▁ 6 ▁▁▁▁▁▁▁▁▁▁▁▁▁▁▁ 0 , 0 1 5 ▁▁▁▁▁▁▁▁▁ PERCENT UAL ▁▁▁▁ 2 0 1 4 - 0 7 - 2 3 ▁ 1 0 : 4 5 : 1 8 

 What ▁is ▁wrong ▁in ▁my ▁SQL ? 

 A : 

 This ▁is ▁your ▁query : 
 SELECT ▁* 
 FROM ▁( SELECT ▁* 
 ▁▁▁▁▁▁ FROM ▁user _ com ission _ configuration _ history 
 ▁▁▁▁▁▁ ORDER ▁BY ▁on _ date ▁DESC 
 ▁▁▁▁▁ ) ▁AS ▁ordered _ history 
 WHERE ▁user _"
grandpa,9493,"▁it ▁moves ▁forward ; ▁read ▁more ▁about ▁that ▁effort ▁here . ▁I ▁haven ' t ▁seen ▁too ▁much ▁technical ▁information ▁flowing ▁from ▁the ▁Open ▁Compute ▁Summit , ▁although ▁James ▁Hamilton ▁of ▁Amazon ▁posted ▁his ▁slides ▁online ▁here : ▁here 

 Meanwhile ▁( was ▁this ▁part ▁of ▁the ▁summit , ▁or ▁independent ?), ▁the ▁team ▁at ▁Anand Tech ▁have ▁done ▁some ▁independent ▁testing ▁of ▁the ▁Open ▁Compute ▁server ▁components ; ▁in ▁their ▁conclusion , ▁they ▁commend ▁the ▁Open ▁Compute ▁work ▁as ▁showing ▁tremendous ▁potential : 

 The ▁Facebook ▁Open ▁Compute ▁servers ▁have ▁made ▁quite ▁an ▁impression ▁on ▁us . ▁Remember , ▁this ▁is ▁Facebook ' s ▁first ▁attempt ▁to ▁build ▁a ▁cloud ▁server ! ▁This ▁server ▁uses ▁very ▁little ▁power ▁when ▁running ▁at ▁low ▁load ▁( see ▁our"
grandpa,9493,"▁relationship ▁with ▁both . 

 Here ▁we ▁have ▁a ▁club ▁with ▁a ▁fanbase ▁essentially ▁stretching ▁in ▁a ▁thin ▁strip ▁from ▁Lad broke ▁Grove ▁to ▁Heathrow , ▁and ▁a ▁crowd ▁of ▁ 1 8 , 0 0 0 . ▁Fans ▁of ▁the ▁club ▁are ▁at ▁their ▁happiest ▁when ▁the ▁team ▁is ▁passing ▁the ▁ball , ▁playing ▁attacking ▁attractive ▁football , ▁the ▁players ▁are ▁smiling ▁and ▁the ▁shirt ▁has ▁a ▁clear , ▁broad ▁blue ▁hoop . ▁That ▁is ▁it . ▁With ▁that ▁approach ▁they ▁won ▁the ▁Championship ▁in ▁ 2 0 1 1 , ▁and ▁that ▁strip ▁of ▁West ▁London ▁smiled . ▁A ▁local ▁joyful ▁experience ▁that ▁had ▁nationwide ▁moment ▁in ▁the ▁sun . 

 Yet ▁the ▁promised - land ▁is ▁the ▁global ▁multinational ▁Barclays ▁Premier ▁League , ▁where"
grandpa,9493,"▁relationship ▁with ▁both . 

 Here ▁we ▁have ▁a ▁club ▁with ▁a ▁fanbase ▁essentially ▁stretching ▁in ▁a ▁thin ▁strip ▁from ▁Lad broke ▁Grove ▁to ▁Heathrow , ▁and ▁a ▁crowd ▁of ▁ 1 8 , 0 0 0 . ▁Fans ▁of ▁the ▁club ▁are ▁at ▁their ▁happiest ▁when ▁the ▁team ▁is ▁passing ▁the ▁ball , ▁playing ▁attacking ▁attractive ▁football , ▁the ▁players ▁are ▁smiling ▁and ▁the ▁shirt ▁has ▁a ▁clear , ▁broad ▁blue ▁hoop . ▁That ▁is ▁it . ▁With ▁that ▁approach ▁they ▁won ▁the ▁Championship ▁in ▁ 2 0 1 1 , ▁and ▁that ▁strip ▁of ▁West ▁London ▁smiled . ▁A ▁local ▁joyful ▁experience ▁that ▁had ▁nationwide ▁moment ▁in ▁the ▁sun . 

 Yet ▁the ▁promised - land ▁is ▁the ▁global ▁multinational ▁Barclays ▁Premier ▁League , ▁where"
grandpa,9493,"This ▁is ▁the ▁users pace ▁part ▁of ▁the ▁Linux ▁Auditing ▁System , ▁which ▁is ▁a ▁more ▁secure ▁way ▁of ▁logging ▁kernel - level ▁events ▁than ▁sys log . ▁Among ▁other ▁things , ▁it ▁records ▁SEL in ux ▁alerts . ▁Strictly ▁speaking , ▁you ▁don ' t ▁need ▁it . 

 ava hi - daemon ▁ 0 : off ▁ 1 : off ▁ 2 : off ▁ 3 : on ▁ 4 : on ▁ 5 : on ▁ 6 : off 

 This ▁is ▁for ▁auto discovery ▁of ▁services ▁on ▁a ▁network ▁— ▁printers ▁being ▁a ▁big ▁example . ▁It ' s ▁not ▁required . 

 cpus peed ▁ 0 : off ▁ 1 : on ▁ 2 : on ▁ 3 : on ▁ 4"
grandpa,9493,"▁decrease ▁braking ▁performance ? 

 It ▁would ▁be ▁highly ▁unusual ▁for ▁the ▁use ▁of ▁one ▁pad ▁material ▁to ▁interfere ▁with ▁the ▁efficacy ▁of ▁another ▁material ▁on ▁a ▁standard ▁metal ▁rotor ▁in ▁such ▁a ▁way ▁as ▁to ▁noticeably ▁affect ▁braking ▁performance , ▁particularly ▁if ▁the ▁rotor ▁were ▁thoroughly ▁cleaned ▁beforehand . ▁That ' s ▁my ▁opinion . ▁There ▁may ▁be ▁some ▁kind ▁of ▁materials ▁scientist ▁out ▁there ▁who ▁may ▁know ▁about ▁something ▁going ▁on ▁in ▁the ▁meso - scale ▁that ▁I ▁don ' t ▁who ▁may ▁disagree ▁with ▁what ▁I ▁just ▁said , ▁but ▁I ▁don ' t ▁think ▁so . 

 As ▁far ▁as ▁I ' m ▁concerned ▁there ' s ▁no ▁need ▁to ▁do ▁anything ▁to ▁the ▁rotor ▁when ▁switching ▁between ▁different ▁types ▁of ▁pads ."
grandpa,9493,"t ▁understand , ▁but ▁that ' s ▁life . 

 If ▁your ▁horse ▁chestnuts ▁are ▁suffering ▁from ▁leaf ▁miner ▁( brown ▁yellow ▁tinge ▁towards ▁the ▁end ▁of ▁the ▁leaves ▁from ▁the ▁middle ▁of ▁summer ) ▁the ▁best ▁thing ▁for ▁the ▁trees ▁health ▁is ▁to ▁burn ▁the ▁leaves ▁as ▁it ▁will ▁reduce ▁the ▁infestation ▁next ▁year . 

 Otherwise ▁I ▁would ▁advocate ▁composting , ▁you ▁could ▁save ▁yourself ▁a ▁fortune ▁on ▁bark ▁mulch . 

 My ▁big ▁horse ▁che sn ut ▁has ▁leaf ▁miner ▁- ▁seems ▁to ▁cause ▁it ▁no ▁problems ▁whatsoever , ▁masses ▁of ▁con kers ▁this ▁year ! ▁Each ▁autumn ▁I ▁take ▁about ▁ 1 0 ▁bags ▁of ▁leaves ▁to ▁the ▁tip , ▁If ▁I ▁leave ▁the ▁on ▁the ▁lawn ▁they ▁kill ▁the ▁grass . ▁My"
grandpa,9493,": 

 "" Are ▁you ▁trying ▁to ▁tell ▁me ▁that ▁if ▁I ▁am ▁not ▁nice ▁to ▁you , ▁you ▁are ▁going ▁to ▁fire ▁me ?"" 

 "" I ' m ▁not ▁doing ▁anything . ▁This ▁is ▁your ▁choice ."" ▁David ▁sat ▁back ▁in ▁his ▁chair ▁looking ▁smug , ▁as ▁if ▁he ▁really ▁thought ▁sh ▁would ▁change ▁her ▁mind . 

 Hon ▁Hoh , ▁a ▁teacher ▁of ▁the ▁Revelation , ▁takes ▁readers ▁on ▁a ▁riveting ▁journey 

 Do ▁each ▁of ▁us ▁play ▁a ▁role ▁in ▁the ▁kingdom ▁of ▁God ? ▁Can ▁the ▁choices ▁we ▁make ▁affect ▁God ’ s ▁timing ▁of ▁future ▁events ? ▁Hon ▁Hoh ▁examines ▁these ▁questions ▁while ▁taking ▁his ▁readers ▁on ▁a ▁riveting ▁adventure ▁in ▁The ▁Trigger : ▁A ▁Novel ▁on ▁the ▁Revelation . ▁Through"
grandpa,9493,"▁of ▁hell ▁... ▁cost ▁them ▁a ▁small ▁fortune . ▁I ▁asked ▁the ▁Plant ▁Manager ▁if ▁it ▁was ▁OK ▁if ▁I ▁looked ▁into ▁it ▁... ▁he ▁thought ▁I ▁was ▁crazy ▁but ▁he ▁hum ored ▁me ▁... ▁told ▁me ▁not ▁to ▁hurt ▁myself ▁... ▁I ▁was ▁just ▁a ▁"" bean ▁counter "". ▁It ▁took ▁me ▁and ▁the ▁head ▁of ▁maintenance ▁less ▁than ▁ 1 ▁week ▁to ▁find ▁the ▁problem ▁... ▁and ▁the ▁problem ▁never ▁recur red ▁in ▁the ▁following ▁three ▁years . ▁Done ! ▁I ' ve ▁got ▁dozen ▁of ▁similar ▁stories ▁... ▁all ▁the ▁same . ▁Ordinary ▁scientists ▁can ' t ▁do ▁shit ▁... ▁they ' re ▁there ▁for ▁the ▁paycheck ▁... ▁that ' s ▁it ."" ▁"" Hell , ▁tell ▁me ▁about ▁it . ▁( pause )"
grandpa,9493,"▁of ▁course . ▁There ▁is ▁a ▁relatively ▁high ▁current ▁error ▁in ▁this ▁report ▁for ▁each ▁month ' s ▁data , ▁but ▁the ▁three - month ▁totals ▁should ▁have ▁much ▁less ▁variance . ▁Grocery ▁store ▁sales ▁dropped ▁in ▁November ▁in ▁comparison ▁to ▁October , ▁which ▁is ▁a ▁sign ▁that ▁consumers ▁aren ' t ▁that ▁flush . ▁Food ▁spending ▁dropped ▁in ▁Q 4 ▁last ▁year ▁as ▁well ; ▁consumers ▁cut ▁their ▁food ▁expenditures ▁to ▁pay ▁for ▁other ▁spending . ▁This , ▁btw , ▁is ▁the ▁biggest ▁single ▁indicator ▁that ▁we ▁are ▁in ▁a ▁recession , ▁and ▁it ▁is ▁truly ▁an ▁amazing ▁one , ▁due ▁to ▁the ▁continued ▁expansion ▁of ▁the ▁SNAP ▁( food ▁stamp ) ▁program . ▁It ▁is ▁Table ▁ 2 . 3 . 6 , ▁real -"
grandpa,9493,"ern 2 mu \ underline {\ mk ern - 2 mu \ smash { K }\ mk ern - 2 mu }\ mk ern 2 mu ▁}_{\ alpha ▁}. ▁▁ \ label { sb acca }\ end { aligned }$$ ▁This ▁is ▁the ▁background ▁field ▁action ▁we ▁are ▁going ▁to ▁work ▁with . ▁It ▁is ▁straightforward ▁to ▁check ▁that ▁( \[ sb acca \] ) ▁satisfies ▁$\ llbracket ▁S , S \ rrbracket ▁= 0 $. 

 #### ▁Separ ating ▁the ▁background ▁and ▁quantum ▁sectors 

 Now ▁we ▁separate ▁the ▁background ▁sector ▁from ▁the ▁quantum ▁sector . ▁To ▁do ▁this ▁properly ▁we ▁need ▁to ▁make ▁further ▁assumptions . 

 First , ▁we ▁assume ▁that ▁there ▁exists ▁a ▁choice ▁of ▁field ▁variables ▁where ▁the ▁functions ▁$ R ^{\"
grandpa,9493,"▁nurse ▁manager ▁had ▁skills ▁to ▁understand ▁the ▁feelings ▁of ▁another ▁person ▁and ▁supported ▁him / her ▁by ▁listening ▁sensi tively . ▁Both ▁s / he ▁and ▁his / her ▁personnel ▁trusted ▁each ▁other . ▁Nurses ▁reported ▁that ▁this ▁encouraged ▁the ▁employees ▁to ▁discuss ▁their ▁personal ▁concerns ▁with ▁the ▁nurse ▁manager . ▁""*"" The ▁way ▁to ▁act , ▁pay ▁attention ▁to ▁the ▁employee , ▁do ▁you ▁listen ▁to ▁her ▁or ▁not , ▁that ▁is ▁the ▁basic ▁question ."" *"" 

 On ▁the ▁other ▁hand , ▁supervisors ▁reported ▁that ▁leading ▁could ▁be ▁too ▁solicit ous , ▁in ▁a ▁completely ▁mother ly ▁way . ▁The ▁basis ▁of ▁the ▁leadership ▁style ▁could ▁be ▁supporting ▁the ▁well - being ▁and ▁job ▁satisfaction ▁of ▁the ▁employees ; ▁this ▁might ▁be ▁more ▁important ▁than"
grandpa,9493,"▁previously ▁addressed ▁by ▁the ▁appellate ▁courts ▁of ▁this ▁state . ▁However , ▁because ▁proof ▁of ▁self - insurance ▁would ▁prevent ▁an ▁employer ▁from ▁having ▁to ▁pay ▁the ▁double ▁penalty ▁provision , ▁we ▁find ▁that ▁establishing ▁such ▁proof ▁should ▁properly ▁be ▁the ▁employer ' s ▁burden . 
 In ▁Mobile ▁Lin ers , ▁Inc . ▁v . ▁McConnell , ▁ 2 2 0 ▁Ala . ▁ 5 6 2 , ▁ 1 2 6 ▁So . ▁ 6 2 6 ▁( 1 9 3 0 ), ▁our ▁supreme ▁court ▁was ▁confronted ▁with ▁the ▁question ▁of ▁who ▁had ▁the ▁burden ▁of ▁proof ▁with ▁regard ▁to ▁establishing ▁the ▁number ▁of ▁employees ▁regularly ▁employed ▁by ▁an ▁employer . ▁In ▁that ▁situation , ▁the ▁court ▁noted ▁that ▁because ▁the ▁code ▁section ▁concerning"
grandpa,9493,". support . constraint . ConstraintLayout > 

 Im ▁also ▁using ▁the ▁latest ▁version ▁of ▁Constraint Layout 
 compile ▁' com . android . support . constraint : constraint - layout : 1 . 0 . 2 ' 

 A : 

 You ▁need ▁to ▁add : 

 android : gravity ="" center "" 

 to ▁the ▁TextView . 
 This ▁is ▁the ▁only ▁certain ▁way ▁to ▁center ▁the ▁text ▁inside ▁a ▁TextView ▁object ▁or ▁one ▁of ▁its ▁subclasses . 
 The ▁android : textAlignment ▁is ▁not ▁working ▁in ▁all ▁the ▁cases ▁and ▁as ▁reported ▁by ▁this ▁answer ▁that ▁it ▁has ▁problems ▁in ▁lower ▁API ▁levels . ▁ 

 <bos> 2 0 1 7 ▁XIX O ▁Ladies ▁Open ▁H ód mez ő vás ár hely ▁– ▁Doubles"
grandpa,9493,"▁API ▁is ▁very ▁similar ▁to ▁Flash ▁itself . ▁However , ▁there ▁were ▁some ▁small ▁details ▁that ▁had ▁some ▁impact ▁during ▁development , ▁making ▁me ▁feel ▁somewhat ▁uneasy ▁the ▁whole ▁time ▁I ▁was ▁writing ▁the ▁game . ▁It ▁was , ▁again , ▁the ▁right ▁thing ▁to ▁do , ▁but ▁I ▁should ▁have ▁used ▁Starling ▁more ▁deeply ▁before ▁( which ▁is ▁the ▁con undrum : ▁I ▁used ▁it ▁for ▁Lud um ▁Dare ▁just ▁so ▁I ▁could ▁learn ▁more ▁about ▁it ). 

 Argument ▁and ▁user ▁experience 

 One ▁final ▁aspect ▁of ▁the ▁game ▁that ▁I ▁learned ▁is ▁that ▁making ▁the ▁game ▁obvious ▁for ▁your ▁players ▁goes ▁a ▁long ▁way ▁into ▁making ▁it ▁fun . ▁If ▁you ▁have ▁to ▁spend ▁the ▁longest ▁time ▁explaining ▁things , ▁your ▁game ▁is ▁doing"
grandpa,9493,"▁▁▁▁▁▁▁▁▁▁▁▁▁▁▁▁▁▁▁▁▁▁▁▁▁▁▁▁▁▁▁ ▁▁▁▁▁▁▁▁▁▁▁▁▁▁▁▁▁▁▁▁▁▁▁▁▁▁▁▁▁▁▁ ▁▁▁▁▁▁▁▁▁▁▁▁▁▁▁▁▁▁▁▁▁▁▁▁▁▁▁▁▁▁▁ ▁▁▁▁▁▁▁▁▁▁▁▁▁▁▁▁▁▁▁▁▁▁▁▁▁▁▁▁▁▁▁ ▁▁▁▁▁▁▁▁▁▁▁▁▁▁▁▁▁▁▁▁▁▁▁▁▁▁▁▁▁▁▁ ▁▁▁▁▁▁▁▁▁▁▁▁▁▁▁▁▁▁▁▁▁▁▁▁▁▁▁▁▁▁▁ Codes ▁▁▁▁▁▁▁▁▁▁▁▁▁▁▁▁▁▁▁▁▁▁▁▁▁▁▁▁▁▁▁ ▁▁▁▁▁▁▁▁▁▁▁▁▁▁▁▁▁▁▁▁▁▁▁▁▁▁▁▁▁▁▁ ▁▁▁▁▁▁▁▁▁▁▁▁ Sub category ▁▁▁▁▁▁▁▁▁▁▁▁▁▁▁▁▁▁▁▁▁▁▁▁▁▁▁▁▁▁▁ ▁▁▁▁▁▁▁▁▁▁▁▁▁▁▁▁ Category 
 ▁▁ ---------------- ---------------- ---------------- ---------------- ---------------- ---------------- ---------------- ---------------- ---------------- ---------------- ---------------- ---------------- ------ ▁- ---------------- ---------------- ---------------- ---------------- ------------- ▁- ---------------- ---------------- ---------------- -------- ▁- ---------------- ---------------- ---------------- ---------------- - 
 ▁▁ ' In ▁a ▁larger ▁city ▁one ▁has ▁so ▁many ▁other ▁things ▁to ▁keep ▁you ▁busy ▁anyway , ▁so ▁children ▁come ▁significantly ▁later . ▁Yes , ▁but ▁yeah , ▁maybe ▁it \' s ▁time , ▁I ▁thought ▁a ▁little ▁like ▁that , ▁that ▁it \' s ▁about ▁time \' ▁▁▁ City ▁life ▁offers ▁many ▁alternatives ▁to ▁family ▁formation ▁▁▁▁▁▁▁▁▁▁▁▁▁▁▁▁▁▁▁▁▁▁▁▁▁ A ▁consequence ▁of ▁contemporary ▁lifestyles ▁▁▁▁▁▁▁▁▁▁▁▁▁▁▁▁▁▁ Post pon ed ▁parenthood --- a ▁rational ▁adaptation ▁to ▁societal ▁changes 
 ▁▁ '"
grandpa,9493,", 1 3 4 ) ▁on ▁December ▁ 1 6 , ▁ 1 9 0 2 . 

 1 9 0 2 ▁Hearing ▁aid 
 ▁A ▁hearing ▁aid ▁is ▁an ▁electro - acoustic ▁body - worn ▁apparatus ▁which ▁typically ▁fits ▁in ▁or ▁behind ▁the ▁wearer ' s ▁ear , ▁and ▁is ▁designed ▁to ▁amplify ▁and ▁modulate ▁sounds ▁for ▁the ▁wearer . ▁Although ▁hearing ▁aids ▁in ▁some ▁form ▁or ▁fashion ▁such ▁as ▁the ▁ear ▁trumpet ▁were ▁developed ▁in ▁previous ▁years , ▁the ▁first ▁electric ▁hearing ▁aid ▁was ▁invented ▁by ▁Miller ▁Reese ▁Hutchison ▁in ▁ 1 9 0 2 . 

 1 9 0 2 ▁Postage ▁meter 
 ▁A ▁postage ▁meter ▁is ▁a ▁mechanical ▁device ▁used ▁to ▁create ▁and ▁apply ▁physical ▁evidence ▁of ▁postage , ▁or ▁fran king ,"
grandpa,9493,"▁access ▁technologies ▁( RAT s ) ▁can ▁be ▁present . ▁To ▁access ▁a ▁specific ▁RAT , ▁connection ▁to ▁the ▁specific ▁RAT ▁is ▁established ▁on ▁the ▁basis ▁of ▁a ▁request ▁of ▁the ▁UE ▁and ▁transmission ▁and ▁reception ▁of ▁data ▁are ▁performed . 
 However , ▁the ▁multi - RAT ▁UE ▁cannot ▁simultaneously ▁access ▁multiple ▁RAT s ▁even ▁though ▁the ▁multi - RAT ▁UE ▁has ▁capability ▁to ▁access ▁two ▁or ▁more ▁RAT . ▁That ▁is , ▁current ▁U Es ▁cannot ▁simultaneously ▁transmit ▁and ▁receive ▁data ▁through ▁different ▁RAT s ▁even ▁if ▁the ▁U Es ▁have ▁multi - RAT ▁capability . 
 Conventional ▁multi - RAT ▁has ▁a ▁problem ▁of ▁low ▁system ▁efficiency ▁since ▁the ▁conventional ▁multi - RAT ▁does ▁not ▁require ▁inter working ▁between ▁a ▁wireless ▁LAN ▁and ▁a"
grandpa,9493,"▁was ▁more ▁variable ▁than ▁that ▁of ▁Mediterranean ▁r uda ▁pot y virus ▁( Me RV ), ▁which ▁has ▁a ▁similar ▁ecology ▁\[ [@ B 8 7 - viruses - 1 2 - 0 0 1 3 2 ] \] . 

 In ▁summary , ▁the ▁results ▁of ▁the ▁pop gen ▁analyses ▁complement ▁and ▁confirm ▁inferences ▁obtained ▁from ▁phylogenetic ▁analyses ▁of ▁the ▁same ▁ORF ▁sequences ▁( see ▁above ▁in ▁[ Section ▁ 4 . 1 ](# sec 4 dot 1 - viruses - 1 2 - 0 0 1 3 2 ){ ref - type ="" sec "" }). ▁They ▁also ▁suggest ▁that ▁various ▁pop gen ▁estimates , ▁such ▁as ▁ω , ▁F st , ▁and ▁b , ▁might ▁be ▁used ▁as ▁indicators ▁of ▁whether ▁a ▁population ▁of"
grandpa,9493,"▁to ▁log ▁* P * ▁scale . ▁Values ▁of ▁log ▁* P * ▁and ▁C log ▁* P * ▁were ▁calculated ▁with ▁the ▁PC ▁programme ▁CS ▁Chem Bio Draw ▁Ultra ▁ 1 3 . 0 ▁( Cambridge Soft , ▁Cambridge , ▁MA , ▁USA ). 

 3 . 5 . ▁Biological ▁Assays 
 ---------------- ------ 

 ### ▁ 3 . 5 . 1 . ▁Anti my cob acterial ▁* In ▁Vitro * ▁Screening 

 My cob acterial ▁screening ▁was ▁performed ▁against ▁four ▁my cob acterial ▁stems ▁(* M . ▁tuberculosis * ▁H 3 7 Rv ▁CN CTC ▁My ▁ 3 3 1 / 8 8 , ▁* M . ▁k ansas ii * ▁CN CTC ▁My ▁ 2 3 5 / 8 0 , ▁* M ."
grandpa,9631,"6 ▁families ▁moved ▁out ▁of ▁the ▁slums ▁and ▁into ▁the ▁newly ▁created ▁Kap uti ei ▁town ▁with ▁nearly ▁ 1 , 8 0 0 ▁families ▁to ▁follow . ▁For ▁the ▁same ▁monthly ▁mortgage ▁they ▁had ▁paid ▁for ▁their ▁one - room ▁sha cks , ▁each ▁family ▁now ▁lives ▁in ▁a ▁home ▁with ▁two ▁bedrooms , ▁a ▁bath , ▁a ▁kitchen ▁and ▁a ▁living ▁room . ▁But ▁this ▁is ▁ultra ▁sub - prime ▁lending ▁that ▁works ▁because ▁in ▁order ▁to ▁qualify ▁for ▁a ▁mortgage ▁the ▁residents ▁have ▁to ▁have ▁successfully ▁repaid ▁three ▁micro - business ▁loans . 

 Where ▁does ▁Munro ’ s ▁capacity ▁to ▁innovate ▁and ▁defy ▁conventional ▁wisdom ▁in ▁the ▁micro finance ▁field ▁come ▁from ? ▁It ▁started ▁ 2 0 ▁years ▁ago ▁when ▁she ▁and"
grandpa,9631,"6 ▁families ▁moved ▁out ▁of ▁the ▁slums ▁and ▁into ▁the ▁newly ▁created ▁Kap uti ei ▁town ▁with ▁nearly ▁ 1 , 8 0 0 ▁families ▁to ▁follow . ▁For ▁the ▁same ▁monthly ▁mortgage ▁they ▁had ▁paid ▁for ▁their ▁one - room ▁sha cks , ▁each ▁family ▁now ▁lives ▁in ▁a ▁home ▁with ▁two ▁bedrooms , ▁a ▁bath , ▁a ▁kitchen ▁and ▁a ▁living ▁room . ▁But ▁this ▁is ▁ultra ▁sub - prime ▁lending ▁that ▁works ▁because ▁in ▁order ▁to ▁qualify ▁for ▁a ▁mortgage ▁the ▁residents ▁have ▁to ▁have ▁successfully ▁repaid ▁three ▁micro - business ▁loans . 

 Where ▁does ▁Munro ’ s ▁capacity ▁to ▁innovate ▁and ▁defy ▁conventional ▁wisdom ▁in ▁the ▁micro finance ▁field ▁come ▁from ? ▁It ▁started ▁ 2 0 ▁years ▁ago ▁when ▁she ▁and"
grandpa,9631,"6 ▁families ▁moved ▁out ▁of ▁the ▁slums ▁and ▁into ▁the ▁newly ▁created ▁Kap uti ei ▁town ▁with ▁nearly ▁ 1 , 8 0 0 ▁families ▁to ▁follow . ▁For ▁the ▁same ▁monthly ▁mortgage ▁they ▁had ▁paid ▁for ▁their ▁one - room ▁sha cks , ▁each ▁family ▁now ▁lives ▁in ▁a ▁home ▁with ▁two ▁bedrooms , ▁a ▁bath , ▁a ▁kitchen ▁and ▁a ▁living ▁room . ▁But ▁this ▁is ▁ultra ▁sub - prime ▁lending ▁that ▁works ▁because ▁in ▁order ▁to ▁qualify ▁for ▁a ▁mortgage ▁the ▁residents ▁have ▁to ▁have ▁successfully ▁repaid ▁three ▁micro - business ▁loans . 

 Where ▁does ▁Munro ’ s ▁capacity ▁to ▁innovate ▁and ▁defy ▁conventional ▁wisdom ▁in ▁the ▁micro finance ▁field ▁come ▁from ? ▁It ▁started ▁ 2 0 ▁years ▁ago ▁when ▁she ▁and"
grandpa,9631,"public - web auth n /""> public - web auth n @ w 3 . org ▁archives </ a >. 
 ▁▁ </ p > 
 ▁▁ < p > 
 ▁▁▁▁ Publication ▁as ▁an ▁Editors ' ▁Draft ▁does ▁not ▁imply ▁endorsement ▁by ▁the 
 ▁▁▁▁ < abbr ▁title ="" World ▁Wide ▁Web ▁Consortium ""> W 3 C </ abbr > ▁Membership . ▁This ▁is ▁a ▁draft ▁document ▁and ▁may 
 ▁▁▁▁ be ▁updated , ▁replaced ▁or ▁ob so leted ▁by ▁other ▁documents ▁at ▁any ▁time . ▁It ▁is ▁inappropriate ▁to ▁cite 
 ▁▁▁▁ this ▁document ▁as ▁other ▁than ▁work ▁in ▁progress . 
 ▁▁ </ p > 
 ▁▁ < p > 
 ▁▁▁▁ This ▁document ▁was ▁produced ▁by ▁a ▁group ▁operating ▁under ▁the 
 ▁▁▁▁"
grandpa,9631,"public - web auth n /""> public - web auth n @ w 3 . org ▁archives </ a >. 
 ▁▁ </ p > 
 ▁▁ < p > 
 ▁▁▁▁ Publication ▁as ▁an ▁Editors ' ▁Draft ▁does ▁not ▁imply ▁endorsement ▁by ▁the 
 ▁▁▁▁ < abbr ▁title ="" World ▁Wide ▁Web ▁Consortium ""> W 3 C </ abbr > ▁Membership . ▁This ▁is ▁a ▁draft ▁document ▁and ▁may 
 ▁▁▁▁ be ▁updated , ▁replaced ▁or ▁ob so leted ▁by ▁other ▁documents ▁at ▁any ▁time . ▁It ▁is ▁inappropriate ▁to ▁cite 
 ▁▁▁▁ this ▁document ▁as ▁other ▁than ▁work ▁in ▁progress . 
 ▁▁ </ p > 
 ▁▁ < p > 
 ▁▁▁▁ This ▁document ▁was ▁produced ▁by ▁a ▁group ▁operating ▁under ▁the 
 ▁▁▁▁"
grandpa,9631,"in ▁this ▁day ▁and ▁age ▁how ▁come ▁we ▁don ' t ▁see ▁laptops ▁carry ▁a ▁physical ▁on / off 
 switch ▁for ▁the ▁microphone ▁and ▁camera ? 

 ~~~ 
 Shan ea 9 3 
 This ▁is ▁the ▁day ▁and ▁age ▁of ▁removing ▁headphone ▁jacks ▁to ▁make ▁a ▁phone ▁slim mer , 
 taking ▁away ▁your ▁disk ▁drive , ▁etc . ▁Most ▁companies ▁care ▁more ▁about ▁aesthetics 
 than ▁functionality ▁at ▁this ▁point . 

 ~~~ 
 oj ii 
 can ▁I ▁have ▁a ▁laptop ▁without ▁a ▁webcam / integrated ▁mic ▁then ? 

 ~~~ 
 so yl ent cola 
 How ▁courageous ▁of ▁you ! 

 ------ 
 aw es omer obot 
 Also ▁remove ▁your ▁microphone ▁and ▁don ' t ▁use ▁a ▁keyboard ? ▁If"
grandpa,9631,"in ▁this ▁day ▁and ▁age ▁how ▁come ▁we ▁don ' t ▁see ▁laptops ▁carry ▁a ▁physical ▁on / off 
 switch ▁for ▁the ▁microphone ▁and ▁camera ? 

 ~~~ 
 Shan ea 9 3 
 This ▁is ▁the ▁day ▁and ▁age ▁of ▁removing ▁headphone ▁jacks ▁to ▁make ▁a ▁phone ▁slim mer , 
 taking ▁away ▁your ▁disk ▁drive , ▁etc . ▁Most ▁companies ▁care ▁more ▁about ▁aesthetics 
 than ▁functionality ▁at ▁this ▁point . 

 ~~~ 
 oj ii 
 can ▁I ▁have ▁a ▁laptop ▁without ▁a ▁webcam / integrated ▁mic ▁then ? 

 ~~~ 
 so yl ent cola 
 How ▁courageous ▁of ▁you ! 

 ------ 
 aw es omer obot 
 Also ▁remove ▁your ▁microphone ▁and ▁don ' t ▁use ▁a ▁keyboard ? ▁If"
grandpa,9631,"▁heading ▁toward ▁full ▁implementation , ▁and ▁employers ▁everywhere ▁are ▁screaming ▁for ▁an ▁end ▁to ▁runaway ▁healthcare ▁spending . ▁Pay ers ▁are ▁looking ▁harder ▁than ▁ever ▁to ▁find ▁ways ▁to ▁cut ▁out ▁waste ▁in ▁the ▁system . ▁Life ▁science ▁investors ▁now ▁increasingly ▁want ▁to ▁know ▁how ▁the ▁new ▁products ▁in ▁the ▁pipeline ▁of ▁today ▁will ▁thrive ▁in ▁the ▁cost - constrained ▁environment ▁of ▁tomorrow . 

 How ▁is ▁your ▁biotech ▁company ▁adapting ▁to ▁the ▁new ▁reality ? ▁This ▁is ▁one ▁of ▁the ▁big ▁questions ▁every ▁life ▁sciences ▁company ▁needs ▁to ▁be ▁thinking ▁about . ▁So ▁I ’ m ▁excited ▁to ▁pull ▁together ▁a ▁stellar ▁lineup ▁of ▁speakers ▁to ▁discuss ▁this ▁trend ▁at ▁the ▁next ▁big ▁X conom y ▁event —“ Bio tech ▁in ▁the ▁Belt - Tight ening"
grandpa,9631,"▁Diamond , ▁Rey 

 2 0 2 0 

 Diamond , ▁Rey 

 This ▁is ▁an ▁open ▁access ▁article ▁distributed ▁under ▁the ▁terms ▁of ▁the 

 Creative ▁Commons ▁Attribution ▁License 

 , ▁which ▁permits ▁unrestricted ▁use , ▁distribution , ▁and ▁reproduction ▁in ▁any ▁medium , ▁provided ▁the ▁original ▁author ▁and ▁source ▁are ▁credited . 

 2 5 ▁Feb ▁ 2 0 2 0 

 Dear ▁Dr . ▁Gong , 

 Thank ▁you ▁very ▁much ▁for ▁submitting ▁your ▁manuscript ▁\"" A ▁conformation - based ▁intra - molecular ▁initiation ▁factor ▁identified ▁in ▁the ▁fla vi virus ▁RNA - dependent ▁RNA ▁polymerase \"" ▁for ▁consideration ▁at ▁PLOS ▁Patho gens . ▁As ▁with ▁all ▁papers ▁reviewed ▁by ▁the ▁journal , ▁your ▁manuscript ▁was ▁reviewed ▁by ▁members ▁of ▁the ▁editorial ▁board ▁and"
grandpa,9631,"▁Diamond , ▁Rey 

 2 0 2 0 

 Diamond , ▁Rey 

 This ▁is ▁an ▁open ▁access ▁article ▁distributed ▁under ▁the ▁terms ▁of ▁the 

 Creative ▁Commons ▁Attribution ▁License 

 , ▁which ▁permits ▁unrestricted ▁use , ▁distribution , ▁and ▁reproduction ▁in ▁any ▁medium , ▁provided ▁the ▁original ▁author ▁and ▁source ▁are ▁credited . 

 2 5 ▁Feb ▁ 2 0 2 0 

 Dear ▁Dr . ▁Gong , 

 Thank ▁you ▁very ▁much ▁for ▁submitting ▁your ▁manuscript ▁\"" A ▁conformation - based ▁intra - molecular ▁initiation ▁factor ▁identified ▁in ▁the ▁fla vi virus ▁RNA - dependent ▁RNA ▁polymerase \"" ▁for ▁consideration ▁at ▁PLOS ▁Patho gens . ▁As ▁with ▁all ▁papers ▁reviewed ▁by ▁the ▁journal , ▁your ▁manuscript ▁was ▁reviewed ▁by ▁members ▁of ▁the ▁editorial ▁board ▁and"
grandpa,9631,"▁Diamond , ▁Rey 

 2 0 2 0 

 Diamond , ▁Rey 

 This ▁is ▁an ▁open ▁access ▁article ▁distributed ▁under ▁the ▁terms ▁of ▁the 

 Creative ▁Commons ▁Attribution ▁License 

 , ▁which ▁permits ▁unrestricted ▁use , ▁distribution , ▁and ▁reproduction ▁in ▁any ▁medium , ▁provided ▁the ▁original ▁author ▁and ▁source ▁are ▁credited . 

 2 5 ▁Feb ▁ 2 0 2 0 

 Dear ▁Dr . ▁Gong , 

 Thank ▁you ▁very ▁much ▁for ▁submitting ▁your ▁manuscript ▁\"" A ▁conformation - based ▁intra - molecular ▁initiation ▁factor ▁identified ▁in ▁the ▁fla vi virus ▁RNA - dependent ▁RNA ▁polymerase \"" ▁for ▁consideration ▁at ▁PLOS ▁Patho gens . ▁As ▁with ▁all ▁papers ▁reviewed ▁by ▁the ▁journal , ▁your ▁manuscript ▁was ▁reviewed ▁by ▁members ▁of ▁the ▁editorial ▁board ▁and"
grandpa,9631,"

 “ You ▁must ▁understand , ▁this ▁is ▁one ▁of ▁those ▁moments .” ▁“ What ▁moments ?” ▁“ One ▁of ▁the ▁moments ▁you ▁keep ▁to ▁yourself ,” ▁he ▁said . ▁“ What ▁do ▁you ▁mean ?” ▁I ▁said . ▁“ why ?” ▁“ We ’ re ▁in ▁a ▁war ,” ▁he ▁said . ▁“ The ▁story ▁of ▁this ▁war — dates , ▁names , ▁who ▁started ▁it , ▁why — that ▁belongs ▁to ▁everyone . ▁[ … .] ▁But ▁something ▁like ▁this — this ▁is ▁yours . ▁It ▁belongs ▁only ▁to ▁you . ▁And ▁me . ▁Only ▁to ▁us ” ▁( 5 6 ). ▁This ▁moment , ▁in ▁Té a ▁Obre ht ’ s ▁lyrical ▁first ▁novel , ▁The ▁Tiger ’ s ▁Wife , ▁tells ▁you ▁the"
grandpa,9631,"Getty ▁Images ▁for ▁Gospel ▁Music ▁Association 

 “ This ▁Is ▁How ▁We ▁Do ▁It ” ▁singer ▁Mon tell ▁Jordan ▁insists ▁he ’ s ▁no ▁dead beat ▁taxpayer ▁— ▁telling ▁TMZ , ▁he ’ s ▁already ▁paid ▁his ▁$ 6 1 7 , 0 0 0 ▁tax ▁bill ▁… ▁the ▁money ▁just ▁hasn ’ t ▁made ▁its ▁way ▁into ▁the ▁pockets ▁of ▁the ▁IRS ▁… ▁yet . 

 TM Z ▁broke ▁the ▁story , ▁the ▁IRS ▁filed ▁a ▁Federal ▁Tax ▁Lien ▁against ▁Jordan ▁recently , ▁claiming ▁the ▁singer ▁still ▁owes ▁$ 6 1 7 , 9 8 7 . 0 6 ▁in ▁back ▁taxes ▁from ▁ 1 9 9 9 - 2 0 0 1 . 

 But ▁it ’ s ▁not ▁so ▁cut ▁and ▁dry . ▁Mon"
grandpa,9631,"Getty ▁Images ▁for ▁Gospel ▁Music ▁Association 

 “ This ▁Is ▁How ▁We ▁Do ▁It ” ▁singer ▁Mon tell ▁Jordan ▁insists ▁he ’ s ▁no ▁dead beat ▁taxpayer ▁— ▁telling ▁TMZ , ▁he ’ s ▁already ▁paid ▁his ▁$ 6 1 7 , 0 0 0 ▁tax ▁bill ▁… ▁the ▁money ▁just ▁hasn ’ t ▁made ▁its ▁way ▁into ▁the ▁pockets ▁of ▁the ▁IRS ▁… ▁yet . 

 TM Z ▁broke ▁the ▁story , ▁the ▁IRS ▁filed ▁a ▁Federal ▁Tax ▁Lien ▁against ▁Jordan ▁recently , ▁claiming ▁the ▁singer ▁still ▁owes ▁$ 6 1 7 , 9 8 7 . 0 6 ▁in ▁back ▁taxes ▁from ▁ 1 9 9 9 - 2 0 0 1 . 

 But ▁it ’ s ▁not ▁so ▁cut ▁and ▁dry . ▁Mon"
grandpa,9631,"? 

 This ▁is ▁a ▁red ▁herring . 

 The ▁FBI ▁has ▁no ▁interest ▁in ▁filming ▁you ▁through ▁your ▁webcam . 

 They ▁want ▁to ▁listen ▁to ▁your ▁microphone , ▁watch ▁your ▁screen , ▁get ▁the ▁keys ▁you ' ve 
 typed , ▁see ▁the ▁websites ▁you ' ve ▁visited , ▁read ▁the ▁emails ▁you ' ve ▁sent . 

 Watch ▁you ▁on ▁video ? ▁Nah . ▁This ▁is ▁a ▁red ▁herring . 

 That ▁is ▁the ▁reason ▁the ▁head ▁of ▁the ▁FBI ▁tells ▁you ▁to ▁cover ▁your ▁webcam . 

 I ▁wish ▁the ▁The ▁Last ▁Psychiat rist ▁would ▁come ▁back . 

 ~~~ 
 ting ol 
 The ▁FBI ▁isn ' t ▁telling ▁you ▁this ▁so ▁you ▁could ▁protect ▁yourself ▁from ▁the 
 government . ▁They"
grandpa,9631,"? 

 This ▁is ▁a ▁red ▁herring . 

 The ▁FBI ▁has ▁no ▁interest ▁in ▁filming ▁you ▁through ▁your ▁webcam . 

 They ▁want ▁to ▁listen ▁to ▁your ▁microphone , ▁watch ▁your ▁screen , ▁get ▁the ▁keys ▁you ' ve 
 typed , ▁see ▁the ▁websites ▁you ' ve ▁visited , ▁read ▁the ▁emails ▁you ' ve ▁sent . 

 Watch ▁you ▁on ▁video ? ▁Nah . ▁This ▁is ▁a ▁red ▁herring . 

 That ▁is ▁the ▁reason ▁the ▁head ▁of ▁the ▁FBI ▁tells ▁you ▁to ▁cover ▁your ▁webcam . 

 I ▁wish ▁the ▁The ▁Last ▁Psychiat rist ▁would ▁come ▁back . 

 ~~~ 
 ting ol 
 The ▁FBI ▁isn ' t ▁telling ▁you ▁this ▁so ▁you ▁could ▁protect ▁yourself ▁from ▁the 
 government . ▁They"
grandpa,9631,"▁as ▁a ▁“ Super max “, ▁which ▁contains ▁a ▁Death ▁Row . ▁Lif ers ▁there ▁include ▁Philadelphia ▁serial ▁killer ▁Juan ▁Covington , ▁and ▁three ▁convicts ▁await ▁execution . ▁This ▁is ▁one ▁tough ▁place . 

 “ We ▁make ▁individual ▁decisions ▁based ▁on ▁facts ,” ▁Corrections ▁Secretary ▁John ▁Wet zel ▁said ▁in ▁a ▁written ▁statement . ▁“ Given ▁the ▁high - profile ▁nature ▁of ▁this ▁individual , ▁coupled ▁with ▁the ▁nature ▁of ▁his ▁crimes , ▁this ▁makes ▁him ▁very ▁vulnerable ▁in ▁a ▁prison ▁setting .” 

 N oooo ▁kidding , ▁John ! 

 ( We ▁all ▁know ▁from ▁watching ▁TV ▁crime ▁dramas ▁what ▁happens ▁to ▁guys ▁like ▁Jer ▁in ▁da ▁Big ▁House .) 

 Just ▁how ▁effective ▁will ▁the ▁security ▁measures ▁be ? ▁Better ▁be ▁Bio hazard ▁Level"
grandpa,9631,"▁obligation ▁to ▁remain ▁in ▁his ▁vehicle ▁--- ▁and ▁he ▁exited ▁his ▁vehicle ▁when ▁Martin ▁disappeared ▁from ▁sight . 

 Zimmer man ▁called ▁the ▁police ▁before ▁Martin ▁jumped ▁him ▁--- ▁and ▁MSNBC ▁deleted ▁parts ▁of ▁the ▁recorded ▁discussion ▁and ▁broadcast ▁it ▁to ▁make ▁it ▁look ▁like ▁Zimmerman ▁was ▁targeting ▁Martin ▁because ▁Martin ▁was ▁black ▁--- ▁rather ▁than ▁tail ing ▁Martin ▁because ▁he ▁was ▁wandering ▁around ▁in ▁the ▁dark ▁in ▁a ▁neighborhood ▁which ▁had ▁recently ▁suffered ▁some ▁break - ins ▁and ▁thwarted ▁other ▁break - ins . 

 This ▁was ▁MSNBC ' s ▁attempt ▁to ▁lynch ▁a ▁straw ▁horse , ▁a ▁so - called ▁"" white "" ▁Hispanic . ▁MSNBC ▁needed ▁a ▁black - white ▁confrontation ▁to ▁promote ▁their ▁own ▁racist , ▁anti - white ▁narrative ▁that ▁America ▁is"
grandpa,9631,"▁he ▁wanted 
 ▁▁▁▁▁▁ to ▁represent ▁himself , ▁Judge . ▁I ▁never ▁thought — I ▁would ▁say , ▁this ▁is 
 ▁▁▁▁▁▁ my ▁opinion , ▁that ▁it ▁wouldn ’ t ▁have ▁made ▁any ▁difference . 

 ▁▁▁▁▁▁▁▁▁▁▁▁ THE ▁COURT : ▁Okay . ▁When ▁you ▁were ▁observing ▁him ▁during 
 ▁▁▁▁▁▁ the ▁course ▁of ▁the , ▁at ▁least ▁the ▁second ▁hearing ▁on ▁self - 
 ▁▁▁▁▁▁ representation , ▁when ▁combined ▁with ▁the ▁first ▁hearing ▁on ▁self - 
 ▁▁▁▁▁▁ representation , ▁how ▁adamant ▁was ▁he ▁on ▁a ▁scale ▁of ▁one ▁to ▁ten , ▁ten 
 ▁▁▁▁▁▁ being ▁the ▁highest ▁and ▁most ▁adamant , ▁about ▁representing ▁himself ? 

 ▁▁▁▁▁▁▁▁▁▁▁▁▁ [ J ONES ]: ▁Your ▁Honor , ▁I ▁would ▁say ▁he ▁was ▁a ▁ten . 

 Id . ▁at"
grandpa,9631,"▁he ▁wanted 
 ▁▁▁▁▁▁ to ▁represent ▁himself , ▁Judge . ▁I ▁never ▁thought — I ▁would ▁say , ▁this ▁is 
 ▁▁▁▁▁▁ my ▁opinion , ▁that ▁it ▁wouldn ’ t ▁have ▁made ▁any ▁difference . 

 ▁▁▁▁▁▁▁▁▁▁▁▁ THE ▁COURT : ▁Okay . ▁When ▁you ▁were ▁observing ▁him ▁during 
 ▁▁▁▁▁▁ the ▁course ▁of ▁the , ▁at ▁least ▁the ▁second ▁hearing ▁on ▁self - 
 ▁▁▁▁▁▁ representation , ▁when ▁combined ▁with ▁the ▁first ▁hearing ▁on ▁self - 
 ▁▁▁▁▁▁ representation , ▁how ▁adamant ▁was ▁he ▁on ▁a ▁scale ▁of ▁one ▁to ▁ten , ▁ten 
 ▁▁▁▁▁▁ being ▁the ▁highest ▁and ▁most ▁adamant , ▁about ▁representing ▁himself ? 

 ▁▁▁▁▁▁▁▁▁▁▁▁▁ [ J ONES ]: ▁Your ▁Honor , ▁I ▁would ▁say ▁he ▁was ▁a ▁ten . 

 Id . ▁at"
grandpa,9631,"at . 1 0 0 8 4 8 4 . r 0 0 4 

 Acceptance ▁letter 

 Diamond 

 Michael ▁S . 

 Section ▁Editor 

 Rey 

 Fé lix ▁A . 

 Associate ▁Editor 

 © ▁ 2 0 2 0 ▁Diamond , ▁Rey 

 2 0 2 0 

 Diamond , ▁Rey 

 This ▁is ▁an ▁open ▁access ▁article ▁distributed ▁under ▁the ▁terms ▁of ▁the 

 Creative ▁Commons ▁Attribution ▁License 

 , ▁which ▁permits ▁unrestricted ▁use , ▁distribution , ▁and ▁reproduction ▁in ▁any ▁medium , ▁provided ▁the ▁original ▁author ▁and ▁source ▁are ▁credited . 

 2 4 ▁Apr ▁ 2 0 2 0 

 Dear ▁Dr . ▁Gong , 

 We ▁are ▁delighted ▁to ▁inform ▁you ▁that ▁your ▁manuscript , ▁\"" A ▁conformation -"
grandpa,9631,"

 ###### ▁ 

 Click ▁here ▁for ▁additional ▁data ▁file . 

 1 0 . 1 3 7 1 / journal . pp at . 1 0 0 8 4 8 4 . r 0 0 3 

 Decision ▁Letter ▁ 1 

 Diamond 

 Michael ▁S . 

 Section ▁Editor 

 Rey 

 Fé lix ▁A . 

 Associate ▁Editor 

 © ▁ 2 0 2 0 ▁Diamond , ▁Rey 

 2 0 2 0 

 Diamond , ▁Rey 

 This ▁is ▁an ▁open ▁access ▁article ▁distributed ▁under ▁the ▁terms ▁of ▁the 

 Creative ▁Commons ▁Attribution ▁License 

 , ▁which ▁permits ▁unrestricted ▁use , ▁distribution , ▁and ▁reproduction ▁in ▁any ▁medium , ▁provided ▁the ▁original ▁author ▁and ▁source ▁are ▁credited . 

 1 8 ▁Mar ▁"
grandpa,9631,"0 1 9 - 0 2 </b> , ▁ <i> issue ▁# 7 5 </i> </ p > 
 <h4> Welcome </h4> 
 < p > This ▁is ▁ <i> De jal News </i> , ▁an ▁occasional ▁newsletter ▁from ▁< a ▁href =""/""> De jal </ a >.</ p > 
 < p > <i> <b> If ▁you ▁want ▁to ▁receive ▁these ▁newsletters ▁in ▁your ▁email ▁inbox , ▁head ▁over ▁to ▁the ▁< a ▁href =""/ subscribe /""> De jal News ▁subscribe ▁page </ a > ▁to ▁sign ▁up . </b> </i> </ p > 
 <h4> Time ▁Out ▁tips </h4> 
 < p > So ▁far ▁I ' ve ▁been ▁sticking ▁to ▁my ▁goal ▁of ▁a ▁< a ▁href =""/ blog /""> De jal ▁blog ▁post"
grandpa,9631,"0 1 9 - 0 2 </b> , ▁ <i> issue ▁# 7 5 </i> </ p > 
 <h4> Welcome </h4> 
 < p > This ▁is ▁ <i> De jal News </i> , ▁an ▁occasional ▁newsletter ▁from ▁< a ▁href =""/""> De jal </ a >.</ p > 
 < p > <i> <b> If ▁you ▁want ▁to ▁receive ▁these ▁newsletters ▁in ▁your ▁email ▁inbox , ▁head ▁over ▁to ▁the ▁< a ▁href =""/ subscribe /""> De jal News ▁subscribe ▁page </ a > ▁to ▁sign ▁up . </b> </i> </ p > 
 <h4> Time ▁Out ▁tips </h4> 
 < p > So ▁far ▁I ' ve ▁been ▁sticking ▁to ▁my ▁goal ▁of ▁a ▁< a ▁href =""/ blog /""> De jal ▁blog ▁post"
grandpa,9631,"▁# 7 4 </i> </ p > 
 <h4> Welcome </h4> 
 < p > This ▁is ▁ <i> De jal News </i> , ▁an ▁occasional ▁newsletter ▁from ▁< a ▁href =""/""> De jal </ a >.</ p > 
 < p > <i> <b> If ▁you ▁want ▁to ▁receive ▁these ▁newsletters ▁in ▁your ▁email ▁inbox , ▁head ▁over ▁to ▁the ▁< a ▁href =""/ subscribe /""> De jal News ▁subscribe ▁page </ a > ▁to ▁sign ▁up . </b> </i> </ p > 
 <h4> De jal News ▁is ▁back ! </h4> 
 < p > The ▁previous ▁issue ▁of ▁ <i> De jal News </i> ▁was ▁a ▁bit ▁over ▁a ▁year ▁ago . ▁I ▁didn ' t ▁intend ▁to ▁take ▁a ▁year ▁off ▁publishing ▁these"
grandpa,9631,"▁# 7 4 </i> </ p > 
 <h4> Welcome </h4> 
 < p > This ▁is ▁ <i> De jal News </i> , ▁an ▁occasional ▁newsletter ▁from ▁< a ▁href =""/""> De jal </ a >.</ p > 
 < p > <i> <b> If ▁you ▁want ▁to ▁receive ▁these ▁newsletters ▁in ▁your ▁email ▁inbox , ▁head ▁over ▁to ▁the ▁< a ▁href =""/ subscribe /""> De jal News ▁subscribe ▁page </ a > ▁to ▁sign ▁up . </b> </i> </ p > 
 <h4> De jal News ▁is ▁back ! </h4> 
 < p > The ▁previous ▁issue ▁of ▁ <i> De jal News </i> ▁was ▁a ▁bit ▁over ▁a ▁year ▁ago . ▁I ▁didn ' t ▁intend ▁to ▁take ▁a ▁year ▁off ▁publishing ▁these"
grandpa,9631,"▁Award ▁for ▁Best ▁Collection . ▁These ▁are ▁books ▁you ▁do ▁not ▁want ▁to ▁miss . ▁Over ▁to ▁Angela ▁and ▁Kathleen . 

 *** 

 Angela : 

 My ▁Author ’ s ▁Note ▁to ▁Bitter wood ▁goes ▁thus : 

 The ▁Bitter wood ▁Bible ▁and ▁Other ▁Rec ount ings ▁is ▁intended ▁as ▁a ▁prequel ▁to ▁Sour dough ▁and ▁Other ▁Stories . ▁It ▁was ▁meant ▁to ▁be ▁a ▁sequel , ▁but ▁the ▁tales ▁were ▁determined ▁to ▁defy ▁me — they ▁insisted ▁upon ▁telling ▁what ▁had ▁happened ▁before , ▁to ▁show ▁how ▁the ▁books ▁of ▁Mur cian us ▁came ▁to ▁be , ▁how ▁Ella ▁came ▁into ▁the ▁world , ▁where ▁Hep sib ah ▁Ball anty ne — who ▁appears ▁only ▁as ▁a ▁name ▁on ▁a ▁head stone ▁in ▁Sour dough"
grandpa,9631,"This ▁is ▁the ▁users pace ▁part ▁of ▁the ▁Linux ▁Auditing ▁System , ▁which ▁is ▁a ▁more ▁secure ▁way ▁of ▁logging ▁kernel - level ▁events ▁than ▁sys log . ▁Among ▁other ▁things , ▁it ▁records ▁SEL in ux ▁alerts . ▁Strictly ▁speaking , ▁you ▁don ' t ▁need ▁it . 

 ava hi - daemon ▁ 0 : off ▁ 1 : off ▁ 2 : off ▁ 3 : on ▁ 4 : on ▁ 5 : on ▁ 6 : off 

 This ▁is ▁for ▁auto discovery ▁of ▁services ▁on ▁a ▁network ▁— ▁printers ▁being ▁a ▁big ▁example . ▁It ' s ▁not ▁required . 

 cpus peed ▁ 0 : off ▁ 1 : on ▁ 2 : on ▁ 3 : on ▁ 4"
grandpa,9631,"This ▁is ▁the ▁users pace ▁part ▁of ▁the ▁Linux ▁Auditing ▁System , ▁which ▁is ▁a ▁more ▁secure ▁way ▁of ▁logging ▁kernel - level ▁events ▁than ▁sys log . ▁Among ▁other ▁things , ▁it ▁records ▁SEL in ux ▁alerts . ▁Strictly ▁speaking , ▁you ▁don ' t ▁need ▁it . 

 ava hi - daemon ▁ 0 : off ▁ 1 : off ▁ 2 : off ▁ 3 : on ▁ 4 : on ▁ 5 : on ▁ 6 : off 

 This ▁is ▁for ▁auto discovery ▁of ▁services ▁on ▁a ▁network ▁— ▁printers ▁being ▁a ▁big ▁example . ▁It ' s ▁not ▁required . 

 cpus peed ▁ 0 : off ▁ 1 : on ▁ 2 : on ▁ 3 : on ▁ 4"
grandpa,9631,"▁race ▁was ▁won ▁by ▁former ▁Track ▁World ▁Champion ▁Martyn ▁Irvine . 

 References 

 Past ▁winners 

 External ▁links 
 ▁Official ▁Website ▁of ▁the ▁organisers ▁of ▁the ▁Shay ▁Elliot ▁Memorial ▁– Bray ▁Wheel ers 

 Category : Cycle ▁races ▁in ▁Ireland 
 Category : Recurring ▁sporting ▁events ▁established ▁in ▁ 1 9 5 8 
 Category : 1 9 5 8 ▁establishments ▁in ▁Ireland 
 Category : Men ' s ▁road ▁bicycle ▁races 
 Category : Spring ▁( season ) ▁events ▁in ▁the ▁Republic ▁of ▁Ireland <bos> Now ▁this ▁is ▁P FF Table ▁if ▁ever ▁anything ▁was . ▁I ▁had ▁to ▁come ▁in ▁to ▁work ▁today , ▁a ▁Saturday , ▁because ▁my ▁department ▁and ▁another ▁department ▁in ▁our ▁building ▁are ▁moving ▁to ▁another ▁floor . ▁This ▁is"
grandpa,9631,"▁race ▁was ▁won ▁by ▁former ▁Track ▁World ▁Champion ▁Martyn ▁Irvine . 

 References 

 Past ▁winners 

 External ▁links 
 ▁Official ▁Website ▁of ▁the ▁organisers ▁of ▁the ▁Shay ▁Elliot ▁Memorial ▁– Bray ▁Wheel ers 

 Category : Cycle ▁races ▁in ▁Ireland 
 Category : Recurring ▁sporting ▁events ▁established ▁in ▁ 1 9 5 8 
 Category : 1 9 5 8 ▁establishments ▁in ▁Ireland 
 Category : Men ' s ▁road ▁bicycle ▁races 
 Category : Spring ▁( season ) ▁events ▁in ▁the ▁Republic ▁of ▁Ireland <bos> Now ▁this ▁is ▁P FF Table ▁if ▁ever ▁anything ▁was . ▁I ▁had ▁to ▁come ▁in ▁to ▁work ▁today , ▁a ▁Saturday , ▁because ▁my ▁department ▁and ▁another ▁department ▁in ▁our ▁building ▁are ▁moving ▁to ▁another ▁floor . ▁This ▁is"
grandpa,9631,"▁find ▁places ▁where ▁you ▁can ▁both ▁observe ▁it ▁while ▁being ▁far ▁enough ▁away ▁that ▁your ▁dog ▁doesn ' t ▁feel ▁the ▁need ▁to ▁react . ▁Sit ▁together ▁watching ▁the ▁traffic ▁going ▁by , ▁while ▁rewarding ▁calm ▁behaviour ▁with ▁a ▁few ▁treats , ▁a ▁toy ▁or ▁a ▁game . ▁If ▁your ▁dog ▁reacts , ▁you ▁are ▁still ▁too ▁close . ▁Go ▁to ▁places ▁where ▁large ▁vehicles ▁are ▁parked , ▁and ▁walk ▁by ▁at ▁a ▁sufficient ▁distance ▁that ▁your ▁dog ▁doesn ' t ▁react , ▁and ▁reward ▁as ▁before . ▁Don ' t ▁rush ▁this , ▁but ▁be ▁happy ▁with ▁small ▁victories , ▁and ▁keep ▁lessons ▁very ▁short ▁— ▁five ▁minutes ▁is ▁ample ▁to ▁begin ▁with . ▁These ▁are ▁training ▁sessions , ▁and ▁she ▁will ▁still ▁need ▁to ▁be"
grandpa,9631,"▁it ▁moves ▁forward ; ▁read ▁more ▁about ▁that ▁effort ▁here . ▁I ▁haven ' t ▁seen ▁too ▁much ▁technical ▁information ▁flowing ▁from ▁the ▁Open ▁Compute ▁Summit , ▁although ▁James ▁Hamilton ▁of ▁Amazon ▁posted ▁his ▁slides ▁online ▁here : ▁here 

 Meanwhile ▁( was ▁this ▁part ▁of ▁the ▁summit , ▁or ▁independent ?), ▁the ▁team ▁at ▁Anand Tech ▁have ▁done ▁some ▁independent ▁testing ▁of ▁the ▁Open ▁Compute ▁server ▁components ; ▁in ▁their ▁conclusion , ▁they ▁commend ▁the ▁Open ▁Compute ▁work ▁as ▁showing ▁tremendous ▁potential : 

 The ▁Facebook ▁Open ▁Compute ▁servers ▁have ▁made ▁quite ▁an ▁impression ▁on ▁us . ▁Remember , ▁this ▁is ▁Facebook ' s ▁first ▁attempt ▁to ▁build ▁a ▁cloud ▁server ! ▁This ▁server ▁uses ▁very ▁little ▁power ▁when ▁running ▁at ▁low ▁load ▁( see ▁our"
grandpa,9631,"▁out ▁that ▁this ▁was ▁little ▁used . 

 In ▁ 1 9 4 3 , ▁Andreas ▁Strand ▁came ▁up ▁with ▁a ▁new ▁system ▁called ▁In nd eling ▁av ▁Norge ▁til ▁bruk ▁ved ▁fa unis tiske ▁opp gaver ▁( Division ▁of ▁Norway ▁for ▁Use ▁in ▁Fauna ▁Tasks ), ▁popularly ▁known ▁as ▁the ▁Strand ▁System . ▁In ▁it , ▁Norway ▁was ▁divided ▁into ▁ 3 7 ▁regions ▁based ▁on ▁municipal ▁and ▁county ▁boundaries , ▁and ▁it ▁took ▁into ▁account ▁that ▁the ▁fauna ▁in ▁the ▁interior ▁parts ▁of ▁the ▁country ▁differed ▁from ▁the ▁fauna ▁on ▁the ▁coast . ▁Therefore , ▁most ▁Norwegian ▁counties ▁are ▁divided ▁into ▁smaller ▁areas ▁( e . g ., ▁inner , ▁outer , ▁north , ▁or ▁south ). ▁Strand ▁chose ▁letter ▁codes ▁instead ▁of ▁numbers ;"
grandpa,9631,". ▁Blacks ▁couldn ’ t ▁own ▁anything ▁in ▁the ▁south ▁during ▁slavery . ▁It ▁wasn ’ t ▁until ▁after ▁around ▁ 1 8 8 0 ▁before ▁blacks ▁could ▁have ▁the ▁land ▁left ▁to ▁them ▁by ▁their ▁white ▁fathers . ▁I ▁may ▁be ▁among ▁the ▁few ▁who ▁actually ▁spent ▁many ▁hours ▁talking ▁to ▁a ▁former ▁slave ▁and ▁i ▁learned ▁through ▁her ▁the ▁real ▁truth . ▁She ▁was ▁one ▁of ▁them . 

 lu gn ut 

 Oh , ▁this ▁is ▁a ▁k lux er ▁confeder ate ▁revision ist ▁article . ▁Your ▁forefathers ▁brought ▁slaves ▁here , ▁because ▁there ▁couldn ’ t ▁do ▁the ▁jobs ▁themselves . ▁Everything ▁you ▁have , ▁even ▁today , ▁slaves ▁did ▁that , ▁slaves ▁built ▁the ▁foundation ▁of ▁this ▁country ▁and ▁without ▁my ▁ancestors"
grandpa,9631,"’ t ▁come ▁from ▁summoning ▁the ▁right ▁“ final ▁answers ” ▁to ▁a ▁handful ▁of ▁trivia ▁questions ▁to ▁strike ▁it ▁rich ▁on ▁a ▁game ▁show . ▁Winning ▁the ▁war ▁against ▁global ▁poverty ▁will ▁come ▁when ▁we ▁realize ▁that ▁we ▁have ▁one ▁of ▁the ▁answers — micro credit — and ▁summon ▁the ▁political ▁will ▁to ▁lift ▁up ▁those ▁micro credit ▁programs ▁that ▁have ▁figured ▁out ▁how ▁to ▁reach ▁the ▁world ’ s ▁most ▁destitute ▁people . ▁This ▁is ▁a ▁final ▁answer ▁we ▁can ▁stand ▁behind . 

 Sam ▁Daley - Harris ▁is ▁Founder ▁of ▁the ▁Micro credit ▁Summit ▁Campaign ▁which ▁seeks ▁to ▁reach ▁ 1 7 5 ▁million ▁poorest ▁families ▁with ▁micro credit ▁www . micro credits um mit . org ▁and ▁of ▁RESULTS ▁which ▁seeks ▁to ▁create"
grandpa,9631,"▁This ▁is ▁the ▁beauty ▁of ▁instrumental ▁music . ▁It ▁is ▁open ▁for ▁you ▁to ▁assign ▁the ▁meaning , ▁to ▁lay ▁it ▁over ▁the ▁framework ▁of ▁whatever ▁structure ▁your ▁life ▁has . ▁To ▁place ▁it ▁within ▁your ▁own ▁context , ▁to ▁let ▁it ▁guide ▁and ▁soundtrack ▁your ▁late ▁nights , ▁early ▁mornings , ▁and ▁in ▁bet we ens . ▁What ▁do ▁you ▁hear ▁through ▁the ▁notes ? ▁What ▁feeling ▁does ▁it ▁invoke ▁deep ▁down ? ▁There ’ s ▁only ▁one ▁way ▁to ▁find ▁out . <bos> 

 Show ▁HN : ▁Test ▁and ▁edit ▁tile json ▁in ▁the ▁browser ▁- ▁andrew lj oh nson 
 http :// static . gai ag ps . com / tile json - tester / 

 ====== 
 andrew lj oh nson 
 This"
grandpa,9631,"▁was ▁the ▁people ▁watching ▁we ▁did . ▁Even ▁better ▁were ▁the ▁people ▁we ▁met ▁who ▁became ▁friends ▁for ▁the ▁week , ▁including ▁the ▁Newly weds , ▁Katy ▁Perry ▁and ▁many ▁others . 

 These ▁were ▁people ▁we ▁attached ▁a ▁label ▁and ▁story ▁to ▁based ▁on ▁their ▁looks . ▁We ▁were ▁lucky ▁enough ▁to ▁get ▁to ▁know ▁them ▁a ▁bit ▁to ▁go ▁beyond ▁the ▁label . 

 First ▁impressions ▁— ▁we ▁learned ▁it ’ s ▁worth ▁looking ▁deeper ▁and ▁is ▁worth ▁the ▁time ▁and ▁effort ▁to ▁go ▁beyond ▁the ▁first ▁impression . <bos> Q : 

 java fx : ▁How ▁to ▁bind ▁the ▁Enter ▁key ▁to ▁a ▁button ▁and ▁fire ▁off ▁an ▁event ▁when ▁it ▁is ▁clicked ? 

 Basically , ▁I ▁have ▁a ▁okay Button ▁that ▁sits"
grandpa,9631,"▁this ▁is ▁not ▁a ▁case 

 where ▁the ▁defendant ▁was ▁represented ▁by ▁the ▁same ▁counsel ▁at ▁both ▁the ▁trial ▁and ▁on 

 direct ▁appeal . ▁See ▁State ▁v . ▁Ul mer , ▁ 4 th ▁Dist . ▁S cio to ▁No . ▁ 1 5 CA 3 7 0 8 , ▁ 2 0 1 6 - Ohio - 2 8 7 3 , ▁¶ 

 1 5 . 

 ▁▁▁▁▁▁▁ { ¶ 2 7 } ▁Therefore , ▁the ▁trial ▁court ▁did ▁not ▁act ▁in ▁an ▁unreasonable , ▁arbitrary , ▁or 

 un cons cion able ▁manner ▁by ▁denying ▁Mc Doug ald ’ s ▁fifth ▁petition ▁for ▁post conv iction ▁relief . 

 We ▁over rule ▁his ▁assignments ▁of ▁error . 

 ▁▁▁▁▁▁▁▁▁▁▁▁▁▁▁▁▁▁▁▁▁▁▁ B . ▁Motion ▁for"
grandpa,9631,"▁preventing ▁you ▁or ▁I ▁from ▁sending ▁an ▁email ▁from ▁any ▁address ▁we ▁choose , ▁this ▁is ▁by ▁design . ▁What ▁we ▁can ▁tell ▁though ▁is ▁the ▁IP ▁address ▁the ▁email ▁originated ▁from ▁in ▁the ▁mail ▁headers , ▁and ▁this ▁will ▁give ▁us ▁an ▁idea ▁of ▁where ▁the ▁original ▁message ▁came ▁from . ▁ 
 In ▁the ▁old ▁internet , ▁most ▁mail ▁servers ▁were ▁run ▁as ▁open ▁relays . ▁This ▁means ▁that ▁to ▁send ▁an ▁email ▁from ▁yahoo . com ▁to ▁google . com , ▁you ▁could ▁use ▁any ▁open ▁relay ▁you ▁found ▁on ▁the ▁internet . ▁If ▁the ▁IP ▁got ▁banned , ▁its ▁okay ▁because ▁it ▁isn ' t ▁your ▁IP , ▁and ▁you ▁could ▁just ▁change ▁relays . ▁ 
 Now , ▁with ▁most ▁modern ▁mail"
grandpa,9631,"▁main ; ▁to ▁application . scss . ▁It ▁seems ▁like ▁the ▁styles ▁end ▁up ▁being ▁used ▁on ▁every ▁page ▁( is ▁this ▁the ▁default ▁in ▁rails ?). 
 This ▁is ▁not ▁my ▁ideal ▁solution ▁but ▁it ' s ▁the ▁only ▁thing ▁I ' ve ▁been ▁able ▁to ▁do ▁to ▁get ▁any ▁styles ▁to ▁work ▁via ▁requiring ▁methods . 

 <bos> 1 . ▁Field ▁of ▁the ▁Invention 
 This ▁invention ▁relates ▁in ▁general ▁to ▁fuel ▁cells ▁and ▁electrical ▁motors ▁and , ▁more ▁particularly , ▁to ▁a ▁fuel ▁cell ▁powered ▁electrical ▁motor . 
 2 . ▁Description ▁of ▁the ▁Related ▁Prior ▁Art 
 The ▁use ▁of ▁fuel ▁cells ▁to ▁actu ate ▁electrical ▁motors ▁depends ▁upon ▁several ▁factors . ▁Among ▁them ▁efficiency ▁and ▁compactness ▁are ▁essential . 
 Attempts ▁have"
grandpa,9631,"▁– ▁carry ▁you ▁off ▁into ▁exile ▁( file ▁that ▁one ▁away ▁for ▁later ). ▁Note , ▁however , ▁that ▁we ’ re ▁still ▁talking ▁about ▁very ▁earth bound ▁blessings ▁and ▁curses . ▁This ▁is ▁not ▁heaven ▁versus ▁hell , ▁it ’ s ▁success ▁versus ▁failure ▁in ▁this ▁life , ▁in ▁this ▁land , ▁here ▁and ▁now . 

 Deuter onomy ▁makes ▁more ▁sense ▁if ▁we ▁think ▁about ▁the ▁social - religious ▁reality ▁of ▁Israel ▁at ▁this ▁stage ▁in ▁its ▁development . ▁The ▁first ▁generation , ▁the ▁generation ▁that ▁left ▁Egypt ▁and ▁received ▁the ▁law ▁first - hand ▁from ▁Moses ▁at ▁Mt . ▁Sinai , ▁is ▁gone . ▁They ’ re ▁dead . ▁The ▁new ▁generation ▁has ▁inherited ▁the ▁covenant ▁and ▁the ▁mission ▁to ▁settle ▁the ▁land ."
grandpa,9631,"▁interpret ▁the ▁meaning ▁of ▁the ▁message . ▁This ▁is ▁privacy ▁in ▁action . 

 And ▁here ' s ▁an ▁excerpt ▁from ▁the ▁First ▁Monday ▁article : 

 Furthermore , ▁many ▁parents ▁reported ▁that ▁they ▁helped ▁their ▁children ▁create ▁their ▁accounts . ▁Among ▁the ▁ 8 4 ▁percent ▁of ▁parents ▁who ▁were ▁aware ▁when ▁their ▁child ▁first ▁created ▁the ▁account , ▁ 6 4 ▁percent ▁helped ▁create ▁the ▁account . ▁Among ▁those ▁who ▁knew ▁that ▁their ▁child ▁joined ▁below ▁the ▁age ▁of ▁ 1 3 ▁— ▁even ▁if ▁the ▁child ▁is ▁now ▁older ▁than ▁ 1 3 ▁— ▁over ▁two – thirds ▁( 6 8 ▁percent ) ▁indicated ▁that ▁they ▁helped ▁their ▁child ▁create ▁the ▁account . ▁Of ▁those ▁with ▁children ▁who ▁are ▁currently ▁under ▁ 1 3"
grandpa,9631,"▁or ▁touching ▁something ▁designated ▁“ un clean .” 

 This ▁is ▁the ▁“ cult ” ▁of ▁Israel , ▁or ▁the ▁daily ▁religious ▁ritual . ▁It ▁also ▁details ▁the ▁various ▁feasts ▁and ▁holidays ▁which ▁the ▁priests ▁will ▁oversee , ▁including ▁Passover , ▁which ▁we ▁studied ▁in ▁Exodus , ▁and ▁the ▁Day ▁of ▁Aton ement , ▁when ▁sacrifices ▁are ▁made ▁on ▁behalf ▁of ▁the ▁entire ▁nation ▁of ▁Israel ▁to ▁“ at one ” ▁or ▁“ wipe ▁away ” ▁the ▁guilt ▁of ▁their ▁corporate ▁sin . ▁The ▁laws ▁about ▁acceptable ▁and ▁unacceptable ▁sexual ▁practices ▁are ▁the ▁only ▁bits ▁from ▁Levi ticus ▁which ▁get ▁any ▁press ▁these ▁days , ▁and ▁the ▁people ▁preaching ▁or ▁condemning ▁those ▁passages ▁rarely ▁recognize ▁that ▁this ▁is ▁basically ▁a ▁handbook ▁for ▁ancient ▁priests , ▁and ▁shouldn"
grandpa,9631,"▁Jeff ▁Klein , ▁and ▁Dave ▁V ales ky ▁– ▁are ▁following ▁suit . 

 UPDATE : ▁D SCC ▁spokesman ▁Josh ▁Cher win ▁says : 

 “ We ▁will ▁not ▁be ▁returning ▁these ▁funds , ▁which ▁were ▁contributed ▁during ▁a ▁previous ▁election ▁cycle ▁and ▁already ▁spent .” 

 “ This ▁is ▁yet ▁another ▁sad ▁day ▁for ▁New ▁York ▁residents ▁who ▁rightfully ▁expect ▁integrity ▁and ▁accountability ▁from ▁their ▁elected ▁officials .” 

 “ During ▁the ▁last ▁election ▁cycle , ▁Senator ▁Kruger ’ s ▁campaign ▁committee ▁contributed ▁a ▁combined ▁total ▁of ▁$ 8 , 0 0 0 ▁to ▁Independent ▁Democratic ▁Conference ▁members . ▁We ▁decided ▁to ▁donate ▁that ▁amount ▁to ▁charitable ▁organizations ▁in ▁our ▁communities . ▁We ▁believe ▁this ▁to ▁be ▁the ▁best ▁use ▁for ▁this ▁money .” <bos> Local"
grandpa,9631,"Is Private In Plain Object Base ) 
 ▁▁▁▁ # else 
 ▁▁▁▁ template < typename ▁Derived > 
 ▁▁▁▁ inline ▁Ref ( Dense Base < Derived >& ▁expr ) 
 ▁▁▁▁ # endif 
 ▁▁▁▁ { 
 ▁▁▁▁▁▁ Base :: construct ( expr . const _ cast _ derived ()); 
 ▁▁▁▁ } 

 ▁▁▁▁ E IGEN _ IN HER IT _ ASSIGN MENT _ OPER ATORS ( Ref ) 

 }; 

 // ▁this ▁is ▁the ▁const ▁ref ▁version 
 template < typename ▁TP lain ObjectType , ▁int ▁Options , ▁typename ▁St ride Type > ▁class ▁Ref < const ▁TP lain ObjectType , ▁Options , ▁St ride Type > 
 ▁▁ : ▁public ▁Ref Base < Ref < const ▁TP lain ObjectType , ▁Options ,"
grandpa,9631,"▁of ▁MSM ▁models , ▁suffers ▁from ▁marked ▁instability ▁and ▁finite - sample ▁bias ▁in ▁the ▁presence ▁of ▁weights ▁$ W $ ▁that ▁are ▁highly ▁variable ▁and ▁skewed . ▁This ▁is ▁not ▁generally ▁an ▁issue ▁in ▁S NM ▁estimation . ▁A ▁third ▁limitation ▁of ▁MSM s ▁is ▁that ▁when ▁( \[ eq : stat rand \] ) ▁fails ▁but ▁an ▁instrumental ▁variable ▁is ▁available , ▁one ▁can ▁still ▁consistently ▁estimate ▁the ▁parameters ▁of ▁a ▁S NM ▁but ▁not ▁of ▁an ▁MSM .[ ^ 2 6 ] 

 An ▁advantage ▁of ▁MSM s ▁over ▁SN Ms ▁that ▁was ▁not ▁discussed ▁in ▁Section   \[ sec : limits - of - sn ms \] ▁is ▁the ▁following . ▁MSM s ▁can ▁be ▁constructed ▁that ▁are ▁indexed ▁by ▁easily ▁interpre table"
grandpa,9631,"▁October ▁and ▁still ▁no ▁action . 

 Posted ▁by ▁Tony ▁Par fit t ▁at ▁ 1 1 : 5 9 , ▁Tue ▁ 1 4 ▁November ▁ 2 0 1 7 

 The ▁problem ▁of ▁the ▁one ▁drain ▁was ▁fixed ▁but ▁the ▁bigger ▁issue ▁is ▁that ▁most ▁of ▁the ▁drains ▁farther ▁up ▁the ▁hill ▁are ▁also ▁totally ▁blocked ▁as ▁they ▁have ▁been ▁for ▁the ▁past ▁year . ▁The ▁action ▁at ▁this ▁present ▁time ▁that ▁has ▁been ▁worked ▁on ▁has ▁only ▁helped ▁to ▁stop ▁flooding ▁in ▁this ▁area , ▁water ▁still ▁flows ▁down ▁the ▁hill ▁on ▁the ▁surface ▁of ▁the ▁road ▁, ▁this ▁is ▁not ▁going ▁to ▁be ▁safe ▁when ▁it ▁freezes , ▁my ▁concern ▁is ▁that ▁this ▁is ▁the ▁rout ▁for ▁the ▁local ▁school ▁coaches . 

"
grandpa,9631,"▁only ▁can ▁this ▁be ▁used ▁to ▁transport ▁Kiki , ▁but ▁other ▁allies ▁can ▁run ▁on ▁this ▁as ▁well . ▁However , ▁they ▁must ▁be ▁careful , ▁considering ▁these ▁blocks ▁have ▁no ▁ledges . ▁One ▁slip , ▁and ▁you ▁can ▁fall ▁from ▁a ▁very ▁far ▁height ▁if ▁that ▁is ▁where ▁the ▁blocks ▁are ▁located . ▁- ▁Due ▁to ▁being ▁the ▁operator ▁of ▁these ▁blocks , ▁Kiki ▁can ▁control ▁who ▁can ▁and ▁cannot ▁get ▁onto ▁these ▁blocks . ▁Therefore , ▁enemies ▁cannot ▁get ▁onto ▁these ▁blocks ▁without ▁instantly ▁causing ▁the ▁part ▁they ▁step ▁on ▁to ▁explode . Weaknesses :- ▁These ▁tech - blocks ▁glow ▁tremendously , ▁therefore ▁can ▁be ▁easily ▁detected ▁by ▁possible ▁threats . ▁- ▁This ▁row ▁of ▁blocks ▁only ▁takes ▁ 2 0 ▁damage ▁to ▁destroy ,"
grandpa,9631,"0 0 ▁billion ▁annually . ▁These ▁costs ▁are ▁likely ▁to ▁rise ▁even ▁faster ▁than ▁the ▁prevalence ▁of ▁disease , ▁especially ▁in ▁the ▁developing ▁world , ▁as ▁more ▁formal ▁social ▁care ▁systems ▁emerge , ▁and ▁rising ▁incomes ▁lead ▁to ▁higher ▁opportunity ▁costs ▁( B . ▁Win blad ▁and ▁L . ▁Jon sson , ▁World ▁Alzheimer ▁Report ▁ 2 0 1 0 ). 
 The ▁brains ▁of ▁AD ▁patients ▁have ▁an ▁abundance ▁of ▁two ▁abnormal ▁structures , ▁amyloid ▁plaques ▁and ▁neuro fib rill ary ▁tang les . ▁This ▁is ▁especially ▁true ▁in ▁certain ▁regions ▁of ▁the ▁brain ▁that ▁are ▁important ▁in ▁memory . ▁There ▁is ▁also ▁a ▁substantial ▁loss ▁of ▁neurons ▁and ▁synapses ▁in ▁the ▁cerebral ▁cortex ▁and ▁certain ▁sub cor tical ▁regions . ▁Both ▁neuro fib rill ary"
grandpa,9631,"erb iger ▁ 

 In ▁ 2 0 0 9 ▁Mec el ▁had ▁an ▁operating ▁revenue ▁of ▁ 1 0 7 . 3 ▁million . ▁President ▁from ▁ 2 0 0 0 ▁until ▁ 2 0 1 1 ▁was ▁Kent - Eric ▁L ång ▁[ 1 ], ▁succeeded ▁by ▁Henrik ▁Hä gg ström ▁in ▁August ▁ 2 0 1 1 . 

 Company ▁Operations ▁ 
 Some ▁major ▁contributions ▁to ▁the ▁industry ▁during ▁the ▁years : 
 ▁The ▁Ion Sense ▁technology ▁was ▁developed ▁by ▁the ▁Mec el ▁founders ▁in ▁the ▁ 8 0 ' s ▁and ▁are ▁presented ▁in ▁a ▁number ▁of ▁patents . ▁US ▁patents ▁ 4 7 8 5 7 8 9 , ▁ 4 9 0 3 6 7 6 , ▁ 4 9"
grandpa,9631,"6 3 / (- 6 )* (- 5 4 )/ (- 2 1 ). 
 - 2 7 
 (- 3 * (- 1 6 0 )/ 4 8 )/( 1 0 / (- 1 2 )) 
 - 1 2 
 Calculate ▁( 7 9 / (- 3 9 5 ))/( 8 / (- 5 )). 
 1 / 8 
 What ▁is ▁(( - 1 5 2 0 )/ 6 2 7 0 * (- 1 )/ ((- 2 )/ 3 ))/ 2 ? 
 - 2 / 1 1 
 What ▁is ▁the ▁value ▁of ▁(- 2 )/ (- 2 )* (- 1 5 )/ 8 1 *- 3 * 6 ? 
 1 0 / 3 
 What ▁is ▁ 9 / 8"
grandpa,9631,▁dimensions ▁of ▁the ▁photosynthetic ▁machinery ▁were ▁assessed ▁using ▁confocal ▁laser ▁scanning ▁microscopy ▁and ▁subsequent ▁three - dimensional ▁reconstruction ▁of ▁the ▁chlorophyll ▁auto flu orescence ▁signal . ▁A ▁plot ▁of ▁total ▁cellular ▁chlor oplast ▁volume ▁versus ▁total ▁cellular ▁chlor oplast ▁surface ▁area ▁shows ▁a ▁reduction ▁of ▁the ▁chlor oplast ▁system ▁in ▁iron - limited ▁* T . ▁ocean ica * cells . ▁Iron - limited ▁cells ▁have ▁a ▁reduced ▁number ▁of ▁two ▁chlor oplasts ▁instead ▁of ▁four . ▁Total ▁chlor oplast ▁dimensions ▁for ▁individual ▁cells ▁( small ▁circles ) ▁are ▁distributed ▁over ▁a ▁range ▁spanning ▁the ▁two - fold ▁increase ▁in ▁volume ▁and ▁surface ▁that ▁accompanies ▁chlor oplast ▁duplication ▁during ▁cellular ▁growth . ▁Inserts ▁show ▁an ▁overlay ▁transmission ▁and ▁chlorophyll ▁auto flu orescence ▁image ▁( top ) ▁and
grandpa,9631,"). ▁Copy ▁number ▁variation ▁( CN V ) ▁test ▁was ▁performed ▁by ▁droplet ▁digital ▁PCR ▁( dd PCR ) ▁as ▁previously ▁described ▁\[ [@ CR 1 0 ] \] . ▁In ▁short , ▁ 1 6   ng ▁of ▁genomic ▁DNA ▁samples ▁were ▁added ▁to ▁ 2 xdd PCR ▁super mix ▁( Bio - Rad ) ▁with ▁final ▁concentration ▁of ▁ 5 0 0 nM ▁of ▁each ▁primer ▁and ▁ 2 5 0 nM ▁probe ▁in ▁duplex ▁of ▁the ▁tested ▁gene ▁and ▁RN ase P . ▁RN ase P ▁served ▁as ▁a ▁C NV  =  2 ▁reference ▁gene . ▁Probes ▁for ▁the ▁tested ▁genes ▁contained ▁a ▁FAM ▁reporter ▁and ▁RN ase P ▁contained ▁HEX . ▁The ▁genomic ▁DNA ▁and ▁PCR ▁reaction ▁mixtures ▁were ▁partitioned ▁into ▁an ▁emulsion"
grandpa,9631,"2 , T 3 ▁> 
 { 
 }; 

 template < 
 ▁▁▁▁▁▁ typename ▁F , ▁typename ▁T 1 , ▁typename ▁T 2 , ▁typename ▁T 3 , ▁typename ▁T 4 

 ▁▁▁▁ > 
 struct ▁apply _ wrap 4 

 ▁▁▁▁ : ▁F :: template ▁apply < ▁T 1 , T 2 , T 3 , T 4 ▁> 
 { 
 }; 

 template < 
 ▁▁▁▁▁▁ typename ▁F , ▁typename ▁T 1 , ▁typename ▁T 2 , ▁typename ▁T 3 , ▁typename ▁T 4 
 ▁▁▁▁ , ▁typename ▁T 5 

 ▁▁▁▁ > 
 struct ▁apply _ wrap 5 

 ▁▁▁▁ : ▁F :: template ▁apply < ▁T 1 , T 2 , T 3 , T 4 , T 5 ▁> 
"
man,7805,"▁dedicated ▁four ▁of ▁his ▁works ▁to ▁Peter kin . 

 Record ings 
 The ▁Songs ▁of ▁Norman ▁Peter kin ▁Charlotte ▁de ▁Rothschild ▁( sop rano ), ▁Adrian ▁Farmer ▁( piano ) ▁Ly rita ▁Records 

 References 

 ▁ 

 Category : 1 8 8 6 ▁births 
 Category : 1 9 8 2 ▁deaths 
 Category : English ▁composers 

 See ▁also 
 ▁Kle mm , ▁Gustav . Norman ▁Peter kin : ▁The ▁Man ▁and ▁his ▁Music , ▁in ▁Monthly ▁Musical ▁Record , ▁ 1 9 3 3 . 
 ▁Chisholm , ▁Ala stair . ▁A ▁tribute ▁to ▁Norman ▁Peter kin , ▁ 1 9 8 2 . <bos> Dep uties ▁said ▁the ▁woman ▁can ▁be ▁seen ▁removing ▁a ▁large ▁amount ▁of ▁silver ▁necklaces ▁from ▁a ▁spinning"
man,7805,"▁founded ▁the ▁groundbreaking ▁band ▁in ▁ 1 9 6 5 ▁with ▁the ▁singer ▁and ▁ly ricist ▁Jim ▁Morrison , ▁later ▁joined ▁by ▁drummer ▁John ▁Dens more ▁and ▁guitarist ▁Rob by ▁Krieger . ▁While ▁Morrison ▁died ▁young ▁and ▁achieved ▁legendary ▁status , ▁Man zare k ▁also ▁played ▁a ▁crucial ▁role ▁in ▁developing ▁their ▁sound ▁and ▁popularity . 

 When ▁the ▁comedian ▁was ▁just ▁starting ▁out , ▁he ▁struck ▁up ▁a ▁friendship ▁with ▁Elizabeth ▁“ Mimi ” ▁Ha ist , ▁a ▁woman ▁who ▁volunteered ▁at ▁a ▁Los ▁Angeles ▁laund romat ▁and ▁depended ▁on ▁tips ▁from ▁customers , ▁the ▁New ▁York ▁Daily ▁News ▁reports . ▁When ▁Gal if ian akis ▁learned ▁a ▁few ▁years ▁ago ▁that ▁his ▁friend , ▁ 8 7 , ▁had ▁fallen ▁on ▁hard ▁times ▁and ▁was"
man,7805,": ▁Ott mar ▁Mer gen thaler ▁– ▁The ▁Man ▁and ▁his ▁Machine ; ▁Oak ▁Knoll ▁Press , ▁New ▁Castle ▁( DE ), ▁ 2 0 0 0 ▁– 

 External ▁links ▁ 

 ▁Lin otype : ▁The ▁Film ▁– ▁In ▁Search ▁of ▁the ▁Eighth ▁Wonder ▁of ▁the ▁World ▁( Doug ▁Wilson , ▁ 2 0 1 2 ) ▁is ▁a ▁feature - length ▁documentary ▁centered ▁around ▁the ▁Lin otype ▁type ▁casting ▁machine . 
 "" Farewell , ▁E tao in ▁Shr d lu "". ▁short ▁film ▁about ▁history ▁of ▁Lin otype ▁and ▁transition ▁to ▁modern ▁methods . ▁New ▁York ▁Times , ▁ 2 0 1 6 - 1 0 - 1 4 . ▁ 
 ▁The ▁Printing ▁( Holmes ▁Burton ▁Films ▁Inc ., ▁ 1 9 4"
man,7805,"I ▁Wish ▁The ▁Past ▁Was ▁Different 

 Locked ▁Away ▁Inside ▁My ▁Heart 

 Our ▁Home , ▁Our ▁Place 

 Strip ▁Jack ▁Naked 

 Broken ▁Dreams 

 This ▁Perfect ▁Day 

 Trust ▁The ▁Night 

 The ▁Man ▁I ▁Loved ▁( We ▁Had ▁No ▁Time ) 

 Time ▁Turn ▁Over 

 Dro ver ' s ▁Run ▁( My ▁Heart ' s ▁Home ) 

 Abi ▁Tucker 
 Hey ▁You 
 Speak ▁My ▁Angel 

 List ▁of ▁Un released ▁Songs 
 ▁Feet ▁on ▁The ▁Ground ▁by ▁Rebecca ▁Lav elle 
 ▁Room ▁To ▁Move ▁by ▁Rebecca ▁Lav elle 
 ▁A ▁Matter ▁of ▁Time ▁by ▁Rebecca ▁Lav elle 
 ▁All ▁I ▁Ever ▁Wanted ▁was ▁Love ▁by ▁Rebecca ▁Lav elle 
 ▁Alone ▁& ▁Afraid ▁by ▁Rebecca ▁Lav elle 
 ▁Belong ing ▁by ▁Rebecca"
man,7805,"▁the ▁year , ▁ha iling ▁him ▁as ▁“ the ▁most ▁world - renowned ▁man ▁his ▁ancient ▁race ▁had ▁produced ▁for ▁centuries .” ▁Suddenly , ▁because ▁he ▁wanted ▁to ▁use ▁Iran ’ s ▁oil ▁wealth ▁to ▁benefit ▁his ▁country , ▁he ▁was ▁deemed ▁a ▁pink o . 

 Using ▁American ▁tax ▁dollars ▁to ▁develop ▁a ▁network ▁of ▁Iranian ▁agents ▁and ▁to ▁bribe ▁the ▁regime ’ s ▁opponents , ▁the ▁CIA ▁launched ▁political ▁warfare ▁against ▁Moss ade gh . ▁It ▁distributed ▁fake ▁news ▁via ▁posters ▁and ▁newspapers ▁that ▁called ▁him ▁corrupt , ▁anti - Islam , ▁and ▁the ▁Soviet ▁Union ’ s ▁ally , ▁it ▁encouraged ▁religious ▁leaders ▁to ▁criticize ▁the ▁prime ▁minister ▁from ▁inside ▁their ▁mosques , ▁and ▁it ▁enlisted ▁street ▁mobs ▁to ▁incite ▁riots ▁across ▁Tehran ."
man,7805,"▁when ▁he ▁arrived ▁at ▁Man zini ▁police ▁station . 

 The ▁official ▁record ▁– ▁called ▁the ▁RSP ▁ 3 ▁book ▁– ▁said 
 the ▁entry ▁was ▁made ▁by ▁Constable ▁David ▁Ts ab ed ze , ▁but ▁he ▁told ▁the ▁inquest ▁that ▁he 
 never ▁made ▁the ▁entry . 

 This ▁led ▁to ▁Attorney ▁Leo ▁Gama ▁concluding ▁that 
 Ts ab ed ze ▁never 
 made ▁such ▁entries ▁and ▁left ▁the ▁space ▁vacant , ▁but ▁when ▁the 
 police ▁heard ▁that ▁there ▁was ▁to ▁be ▁an ▁inquest ▁into ▁the ▁matter , ▁someone ▁filled ▁up 
 those ▁spaces ▁without ▁telling ▁Ts ab ed ze . ▁This ▁was ▁so ▁they ▁could ▁show ▁J ele ▁was ▁in 
 good ▁health ▁when ▁he ▁left ▁the ▁police ▁station . 

 Another ▁anomaly ▁was"
man,7805,"▁fallen ▁to ▁an ▁ab ysmal ▁ 3 7 ▁percent , ▁“ lower ▁than ▁any ▁other ▁president ▁at ▁this ▁point ▁in ▁his ▁first ▁term ▁since ▁Gallup ▁started ▁tracking ▁the ▁numbers ▁ 7 2 ▁years ▁ago ▁in ▁ 1 9 4 5 .” ▁Among ▁millennials , ▁DDT ’ s ▁approval ▁rating ▁is ▁ 2 2 ▁percent . 

 How ▁empty ▁is ▁the ▁man ▁inaugurated ▁last ▁January ▁ 2 0 ? ▁The ▁White ▁House ▁posted ▁this ▁“ official ” ▁photo ▁of ▁the ▁Oval ▁Office ▁in ▁the ▁White ▁House ▁ 1 6 0 0 ▁Daily . <bos> ;;;; ;;;; ;;;; ;;;; ;;;; ;;;; ;;;; ;;;; ;;;; ;;;; ;;;; ;;;; ;;;; ;;;; ;;;; ;;;; ;;;; ;;;; ;;;; ;; 
 ;;; ▁Copyright ▁( C ) ▁Kong s berg ▁Oil ▁& ▁Gas ▁Technologies ."
man,7805,"▁the ▁Man ▁pages ▁available ▁on ▁your ▁topic . ▁If ▁you ▁don ' t ▁know ▁how ▁you ▁may ▁do ▁this , ▁open ▁a ▁terminal ▁and ▁at ▁the ▁prompt ▁enter ▁"" man ▁topic "" ▁where ▁"" topic "" ▁represents ▁the ▁topic ▁you ▁are ▁having ▁trouble ▁with . 3 ) ▁Lastly , ▁that ▁you ▁have ▁tried ▁to ▁use ▁the ▁forum ▁search ▁feature ▁to ▁find ▁help ▁on ▁your ▁issue . 

 We ▁are ▁glad ▁to ▁be ▁here ▁to ▁help ▁you , ▁you ▁should ▁however ▁realize ▁that ▁our ▁members ▁and ▁staff ▁are ▁ALL ▁volunteer ▁people ▁just ▁like ▁you . ▁No ▁one ▁gets ▁paid ▁to ▁be ▁here ▁and ▁help . ▁Also ▁our ▁members ▁are ▁from ▁all ▁over ▁the ▁globe ▁and ▁there ▁may ▁be ▁dead ▁times ▁on ▁the ▁forum ▁where ▁no ▁one ▁responds ▁right"
man,7805,"▁scenes ▁in ▁the ▁history ▁of ▁Indian ▁Cinema ). ▁It ▁was ▁also ▁responsible ▁for ▁kick starting ▁the ▁career ▁of ▁some ▁of ▁India ' s ▁most ▁prominent ▁actors . ▁If ▁you ▁find ▁the ▁movie ▁interesting ▁make ▁sure ▁you ▁give ▁Man j ula ▁Ne gi ' s ▁article ▁"" It ▁Just ▁Happened "" ▁a ▁read . ▁Link ▁to ▁the ▁article ▁- ▁http :// www . op enthe magazine . com / article / art - culture / it - just - happened 

 K hos la ▁Ka ▁G hos la ▁( 2 0 0 6 ) ▁- ▁K hos la ▁Ka ▁G hos la ▁( K hos la ' s ▁Nest ) ▁is ▁once ▁again ▁a ▁look ▁at ▁real ▁life . ▁The ▁movie ▁follows ▁a ▁middle ▁class ▁family ' s"
man,7805,"▁economic ▁issues , ▁we ▁stand ▁united ."" 

 Well , ▁… ▁mentor - student , ▁vast ▁experience ▁in ▁all ▁matters ▁and ▁father - son ▁... ▁what ▁do ▁we ▁make ▁of ▁those ▁sweet ▁endearing ▁words ? 

 Hmmm , ▁Anwar ▁had ▁said ▁this ▁of ▁Mahat hir ▁during ▁A AB ' s ▁time ▁when ▁the ▁latter ▁was ▁encountering ▁mucho ▁proble mo ▁with ▁His ▁Imperial ▁Maharaja , ▁wak ak aka , ▁that ▁Mahat hir ▁was ▁suffering ▁from ▁delusion ▁about ▁his ▁stewardship ▁of ▁the ▁country : 

 “ He ▁is ▁surrounded ▁by ▁tok ▁amp u ▁( apple ▁polish ers ) ▁who ▁never ▁tell ▁him ▁the ▁real ▁picture . ▁That ▁is ▁why ▁he ▁never ▁gets ▁the ▁real ▁truth . ▁In ▁that ▁sense , ▁I ▁pity ▁the ▁man .” 

 Now , ▁when"
man,7805,", ▁slavery ▁had ▁its ▁day . ▁But ▁that ▁day ▁is ▁long ▁over . ▁What ▁would ▁anyone ▁want ▁a ▁black ▁for ▁a ▁slave ▁for ▁nowadays ? ▁They ▁can ’ t ▁do ▁any ▁productive ▁work ▁in ▁this ▁society ▁that ▁exists ▁today . ▁They ’ re ▁just ▁here ▁hanging ▁out ▁and ▁carrying ▁on ▁until ▁we ▁finally ▁get ▁tired ▁of ▁putting ▁up ▁with ▁their ▁antics ▁and ▁finally ▁get ▁rid ▁of ▁them , ▁one ▁way ▁or ▁another . 

 Luca 

 Actually , ▁slavery ▁is ▁alive ▁and ▁well ▁in ▁that ▁wonderful ▁continent ▁of ▁Africa . ▁They ▁like ▁to ▁tout ▁that ▁Africa ▁is ▁known ▁as ▁the ▁birthplace ▁of ▁Man , ▁but ▁it ▁seems ▁it ’ s ▁the ▁birthplace ▁of ▁slavery ▁too . ▁They ▁always ▁forget ▁to ▁mention ▁that . 

 Nathan war tooth"
man,7805,"▁aren ’ t ▁as ▁subtle ▁as ▁you ▁think ▁you ▁are . 

 Recently ▁an ▁officer ▁in ▁Ro selle , ▁Illinois ▁pulled ▁over ▁and ▁arrested ▁a ▁man ▁for ▁driving ▁under ▁the ▁influence . 

 The ▁officer ▁suspected ▁something ▁was ▁wrong ▁when ▁he ▁saw ▁a ▁car ▁driving ▁along ▁with ▁a ▁ 1 5 - foot - tall ▁tree ▁stuck ▁in ▁the ▁front ▁grill . ▁When ▁he ▁got ▁closer ▁he ▁noticed ▁the ▁airbags ▁had ▁been ▁deployed ▁inside ▁the ▁car . ▁He ▁then ▁arrested ▁the ▁man ▁for ▁DUI . ▁His ▁case ▁is ▁still ▁pending . 

 A ▁video ▁of ▁the ▁incident ▁was ▁posted ▁on ▁the ▁department ’ s ▁Facebook ▁page , ▁where ▁it ▁has ▁now ▁been ▁shared ▁almost ▁ 2 0 , 0 0 0 ▁times . 

 Source : ▁NBC"
man,7805,"▁Sta mb oul ▁in ▁the ▁Ottoman ▁Empire . 

 Cast 
 ▁Warwick ▁Ward ▁as ▁Col ▁André ▁de ▁Sev igne 
 ▁Ros ita ▁Moreno ▁as ▁Baroness ▁von ▁Strick 
 ▁Margot ▁Gra hame ▁as ▁Countess ▁Elsa ▁Tal ven 
 ▁Henry ▁Hewitt ▁as ▁Baron ▁von ▁Strick 
 ▁Garry ▁Marsh ▁as ▁Prince ▁C ern u witz 
 ▁Alan ▁Napier ▁as ▁Bouch ier 
 ▁Abraham ▁Sof aer ▁as ▁Mah med ▁Pasha 
 ▁Stella ▁Ar ben ina ▁as ▁Mme . ▁Bouch ier 
 ▁Annie ▁Es mond ▁as ▁Nurse 
 ▁Eric ▁Pav itt ▁as ▁Franz 

 See ▁also 
 The ▁Right ▁to ▁Love ▁( 1 9 2 0 ) 
 The ▁Man ▁Who ▁Murder ed ▁( 1 9 3 1 ) 

 References 

 External ▁links 

 Category : 1 9 3 2 ▁films"
man,7805,"Menu 

 Roger ▁Sn ider , ▁a ▁member ▁of ▁the ▁Local ▁ 6 0 0 , ▁shoots ▁stills ▁during ▁TV ▁productions ▁for ▁Print ▁and ▁Social ▁Media . ▁ 2 0 ▁years ▁of ▁experience ▁in ▁the ▁advertising ▁industry ▁and ▁ 1 0 ▁years ▁as ▁a ▁stills ▁photographer ▁make ▁Roger ▁the ▁most ▁qualified ▁photographer ▁for ▁your ▁next ▁production . 

 Known ▁primarily ▁for ▁his ▁work ▁these ▁last ▁ 1 2 ▁years ▁as ▁the ▁man ▁behind ▁the ▁Dos ▁Equ is ▁“ Most ▁Interesting ▁Man ▁in ▁the ▁World ” ▁campaign , ▁Roger ’ s ▁versatility ▁and ▁ability ▁to ▁move ▁seamlessly ▁between ▁the ▁worlds ▁of ▁set ▁photography , ▁fashion , ▁adverti sting , ▁editorial , ▁and ▁photo journal ism ▁have ▁made ▁him ▁one ▁of ▁the ▁most ▁demanded ▁photographers ▁in ▁the ▁country ."
man,7805,"▁of ▁Man ziel ▁and ▁dropped ▁to ▁a ▁late ▁round ▁pick . ▁Not ▁sure ▁what ▁difference ▁it ▁makes ▁now . <bos> def module ▁Abs inthe . Execution . Subscription Test ▁do 
 ▁▁ use ▁Abs inthe . Case 

 ▁▁ import ▁Ex Unit . Capture Log 

 ▁▁ def module ▁Pub Sub ▁do 
 ▁▁▁▁ @ behaviour ▁Abs inthe . Subscription . Pub sub 

 ▁▁▁▁ def ▁start _ link () ▁do 
 ▁▁▁▁▁▁ Registry . start _ link ( keys : ▁: unique , ▁name : ▁__ MODULE __) 
 ▁▁▁▁ end 

 ▁▁▁▁ def ▁node _ name () ▁do 
 ▁▁▁▁▁▁ node () 
 ▁▁▁▁ end 

 ▁▁▁▁ def ▁subscribe ( topic ) ▁do 
 ▁▁▁▁▁▁ Registry . register (__ MODULE __, ▁topic , ▁[]) 
"
man,7805,"▁sums ▁up ▁as ▁a ▁"" pix ie ,"" ▁it ' s ▁accompanied ▁by ▁a ▁sense ▁of ▁dread . 

 The ▁series ▁comes ▁close ▁to ▁confronting ▁the ▁nature ▁of ▁its ▁protagonist ▁in ▁the ▁new ▁season , ▁introducing ▁a ▁grieving ▁man ▁who ▁turns ▁to ▁vigilante ism ▁and ▁gathers ▁public ▁support ▁for ▁his ▁actions ▁as ▁he ▁starts ▁targeting ▁rap ists ▁and ▁killers ▁who ' ve ▁gotten ▁off ▁lightly . ▁Confront ing ▁Luther ▁on ▁opposite ▁sides ▁of ▁a ▁canal , ▁the ▁man ▁says ▁"" One ▁out ▁of ▁five ▁murders ▁are ▁committed ▁by ▁men ▁on ▁bail ,"" ▁and ▁demands ▁to ▁know ▁why ▁nothing ▁is ▁being ▁done ▁about ▁it . ▁"" It ' s ▁complicated ,"" ▁Luther ▁replies . ▁"" No , ▁it ' s ▁not ,"" ▁says ▁the ▁man . ▁"" No"
man,7805,"▁sums ▁up ▁as ▁a ▁"" pix ie ,"" ▁it ' s ▁accompanied ▁by ▁a ▁sense ▁of ▁dread . 

 The ▁series ▁comes ▁close ▁to ▁confronting ▁the ▁nature ▁of ▁its ▁protagonist ▁in ▁the ▁new ▁season , ▁introducing ▁a ▁grieving ▁man ▁who ▁turns ▁to ▁vigilante ism ▁and ▁gathers ▁public ▁support ▁for ▁his ▁actions ▁as ▁he ▁starts ▁targeting ▁rap ists ▁and ▁killers ▁who ' ve ▁gotten ▁off ▁lightly . ▁Confront ing ▁Luther ▁on ▁opposite ▁sides ▁of ▁a ▁canal , ▁the ▁man ▁says ▁"" One ▁out ▁of ▁five ▁murders ▁are ▁committed ▁by ▁men ▁on ▁bail ,"" ▁and ▁demands ▁to ▁know ▁why ▁nothing ▁is ▁being ▁done ▁about ▁it . ▁"" It ' s ▁complicated ,"" ▁Luther ▁replies . ▁"" No , ▁it ' s ▁not ,"" ▁says ▁the ▁man . ▁"" No"
man,7805,"▁quotes ▁now : 

 ° ▁I ' m ▁in ▁love ▁with ▁cities , ▁all ▁of ▁them . ▁Each ▁one ▁had ▁their ▁own ▁thing ▁going ▁on , ▁a ▁unique ▁spice ▁they ▁add ▁to ▁the ▁world , ▁but ▁they ▁all ▁had ▁one ▁thing ▁in ▁common : ▁energy . 

 ° ▁Beauty ▁was ▁deceiving ▁in ▁the ▁same ▁way ▁credit ▁cards ▁were . 

 ° ▁Rel ent less . ▁There ' s ▁something ▁about ▁a ▁relentless ▁man . ▁You ▁couldn ' t ▁ignore ▁them . ▁If ▁they ▁asked ▁long ▁enough , ▁eventually ▁they ▁wore ▁you ▁down . ▁Women ▁looked ▁for ▁that , ▁persistent ▁interest . ▁An ▁investor . ▁We ▁were , ▁in ▁ourselves , ▁an ▁entire ▁universe . 

 ° ▁That ▁was ▁the ▁thing ▁about ▁artists , ▁they ▁didn ' t"
man,7805,". ▁“ For ▁the ▁saints .” 

 Sailing ▁Mallorca 

 Sailing ▁Mallorca ▁with ▁In ▁Adventures ▁Travel ▁was ▁my ▁very ▁first ▁press ▁trip . ▁And ▁man , ▁was ▁I ▁nervous ! ▁So ▁nervous , ▁in ▁fact , ▁that ▁I ▁as ▁I ▁boarded ▁my ▁flight ▁to ▁Barcelona ▁I ▁confess ▁I ▁stopped ▁in ▁the ▁jet ▁bridge ▁and ▁thought ▁about ▁just ▁spinning ▁around ▁and ▁heading ▁back ▁home . ▁I ’ m ▁an ▁introvert ▁at ▁heart , ▁so ▁spending ▁four ▁days ▁on ▁a ▁sailboat ▁with ▁a ▁dozen ▁or ▁so ▁other ▁people ▁I ’ d ▁never ▁met ▁before ▁made ▁me ▁anxious . ▁And ▁they ▁were ▁all ▁such ▁talented ▁writers ▁and ▁photographers ▁- ▁people ▁who ▁had ▁probably ▁done ▁dozens ▁of ▁press ▁trips ! ▁- ▁that ▁I ▁worried ▁they ▁would ▁take ▁one ▁look ▁at ▁me"
man,7805,"0 9 ). ▁Vo iced ▁by ▁. 
 ▁▁ is ▁one ▁of ▁the ▁Da ika ans ▁of ▁Earth ▁from ▁Planet ▁J aji ▁in ▁the ▁Mon oceros ▁System ▁who ▁is ▁also ▁the ▁president ▁of ▁the ▁Earth ▁Branch ▁of ▁J ark ▁Matter ▁University . ▁He ▁has ▁the ▁▁ and ▁is ▁armed ▁with ▁the ▁▁ pointing ▁stick . ▁Though ▁defeated ▁by ▁W ashi ▁Pink , ▁Kaj iki ▁Yellow , ▁and ▁Hou ou ▁Soldier , ▁Man av il ▁is ▁enlarged ▁before ▁being ▁destroyed ▁by ▁Gig ant ▁Hou oh . ▁Vo iced ▁by ▁. 
 ▁▁ is ▁one ▁of ▁the ▁Da ika ans ▁of ▁Earth ▁who ▁is ▁a ▁promoted ▁Tsu yo inda ver . ▁He ▁wears ▁the ▁▁ protector , ▁is ▁armed ▁with ▁the ▁Baz ook on , ▁and ▁is ▁accompanied ▁by"
man,7805,"▁cannot ▁advise ▁the ▁police ▁and ▁have ▁to ▁decide ▁if ▁he ▁kill ▁the ▁man ▁or ▁not , ▁so ▁take ▁a ▁paper ▁and ▁write 
 all ▁the ▁negative ▁and ▁the ▁positive ▁things ▁of ▁taken ▁his ▁resolution . 

 I ▁am ▁not ▁going ▁to ▁tell ▁you ▁the ▁end , ▁see ▁the ▁serial ▁that ▁is ▁incredible ▁good . 

 I ▁love ▁what ▁Cu ca ▁tells ▁us ▁about ▁the ▁themes ▁or ▁stories ▁that ▁she ▁has , ▁itself , ▁to ▁make ▁life ▁easier , ▁sleep , ▁do ▁not ▁think ▁about ▁their ▁future , ▁not ▁thinking ▁about ▁their ▁disease , ▁multiple ▁sclerosis ▁, ▁that ▁have ▁no ▁cure . 
 Ultimately ▁we ▁could ▁all , ▁we ▁know ▁that ▁we ▁must ▁die ▁soon , ▁today , ▁tomorrow , ▁or ▁in ▁a ▁few ▁years . ▁Get ▁sick"
man,7805,"▁cancer ▁are ▁fat , ▁salt , ▁and ▁animal ▁protein . ▁As ▁Christopher ▁Hitch ens ▁famously ▁noted , ▁“… what ▁can ▁be ▁asserted ▁without ▁evidence ▁can ▁be ▁dismissed ▁without ▁evidence .” ▁Charlotte ’ s ▁audience ▁wanted ▁to ▁believe ▁in ▁the ▁hope ▁she ▁offered ▁and ▁accepted ▁her ▁certitude ▁as ▁sufficient ▁evidence . ▁As ▁a ▁true ▁believer ▁in ▁her ▁battle ▁for ▁wellness , ▁Jess ▁Ains cough ▁also ▁attracted ▁a ▁devoted ▁audience . ▁Mark ▁Twain ▁overlooked ▁the ▁persuasive ▁abilities ▁of ▁women ▁when ▁he ▁wrote : ▁“ The ▁most ▁outrageous ▁lies ▁that ▁can ▁be ▁invented ▁will ▁find ▁believers ▁if ▁a ▁man ▁only ▁tells ▁them ▁with ▁all ▁his ▁might . Charlotte ▁concluded ▁her ▁talk ▁by ▁saying ▁that ▁she ’ s ▁not ▁ill ▁and ▁has ▁no ▁pain . ▁She ▁received ▁a ▁standing ▁ovation ."
man,7805,"3 0 ▁by ▁my ▁watch "" ▁and ▁came ▁back ▁in ▁about ▁fifteen ▁or ▁twenty ▁minutes ▁with ▁his ▁fris bee . ▁He ▁had ▁previously ▁seen ▁defendant ▁at ▁Byrd ▁Apartments , ▁once ▁at ▁the ▁cook out ▁on ▁April ▁ 9 ▁and ▁again ▁in ▁between ▁"" 7 : 1 0 ▁and ▁ 7 : 3 0 "" ▁when ▁* 9 3 4 ▁defendant ▁was ▁"" with  I ▁don ' t ▁know ▁the ▁man ' s ▁name ▁but ▁he ▁was ▁a ▁captain ▁and ▁he ▁lived ▁in ▁apartment ▁ 1 5 ; ▁a ▁black ▁man , ▁and ▁they ▁were ▁outside , ▁on ▁the ▁sidewalk ▁and ▁I ▁spoke ▁to ▁them ▁as ▁I ▁went ▁by ."" 
 John ▁McGraw , ▁who ▁lived ▁in ▁apartment ▁No . ▁ 9 ▁next ▁door ▁to ▁Mrs ."
man,7805,"▁is ▁torn ▁apart . ▁He ▁is ▁forced ▁to ▁stare ▁down ▁the ▁man ▁he ▁has ▁become ▁in ▁order ▁to ▁rescue ▁the ▁man ▁he ▁once ▁was ▁– ▁and ▁there ▁is ▁only ▁one ▁place ▁he ▁can ▁do ▁that . 

 The ▁house ▁on ▁Jacob ▁Street ▁calls ▁to ▁them ▁all , ▁but ▁what ▁will ▁they ▁find ▁when ▁they ▁open ▁its ▁door ? 

 By ▁now ▁you ▁all ▁know ▁I ’ m ▁good ▁friends ▁with ▁Angela ▁S latter . ▁You ▁should ▁also ▁know ▁that ▁I ’ m ▁a ▁huge ▁fan ▁of ▁her ▁work ▁– ▁it ’ s ▁great ▁when ▁one ▁of ▁your ▁friends ▁is ▁also ▁one ▁of ▁your ▁favourite ▁writers . ▁One ▁of ▁the ▁best ▁books ▁I ’ ve ▁read ▁in ▁recent ▁years ▁was ▁Sour dough ▁& ▁Other ▁Stories , ▁Angela ’"
man,7805,"▁of ▁appreciation ▁for ▁what ▁we ▁have ▁been ▁given . ▁My ▁niece ▁recently ▁made ▁me ▁aware ▁of ▁a ▁poem ▁called ▁“ A ▁Passover ▁Love ▁Story ,” ▁which ▁reminds ▁us ▁that ▁all ▁the ▁thought ▁that ▁goes ▁into ▁this ▁one ▁meal , ▁the ▁endless ▁details : ▁the ▁Seder ▁plates , ▁the ▁many ▁courses , ▁the ▁recitation ▁of ▁the ▁story , ▁grandma ’ s ▁silver , ▁mom ’ s ▁linens , ▁granny ’ s ▁candles ticks , ▁and ▁the ▁memories : ▁the ▁voices ▁of ▁my ▁grandfather ▁and ▁my ▁father ▁in ▁my ▁head ▁as ▁they ▁read ▁the ▁Hebrew ▁in ▁the ▁Maxwell ▁House ▁H agg adah , ▁the ▁laughter ▁of ▁our ▁children ▁as ▁they ▁searched ▁for ▁the ▁hidden ▁“ af ik omen ,” ▁the ▁Man ische witz ▁wine ▁– ▁all ▁of ▁it ▁is"
man,7805,"▁among ▁readers . ▁Nobody ▁in ▁Bethlehem ▁Springs ▁knows ▁the ▁man ▁behind ▁the ▁stories ▁... ▁except ▁Daphne . 

 When ▁newspaper man ▁Joshua ▁Crawford ▁comes ▁to ▁town ▁searching ▁for ▁the ▁man ▁who ▁sul lied ▁the ▁good ▁name ▁of ▁his ▁grandfather , ▁Daphne ▁finds ▁herself ▁at ▁a ▁crossroads , ▁reass essing ▁the ▁power ▁of ▁her ▁words , ▁re - thinking ▁how ▁best ▁to ▁honor ▁her ▁gifts , ▁and ▁reconsider ing ▁what ▁she ▁wants ▁out ▁of ▁life . 

 Propel led ▁by ▁a ▁white ▁hot ▁fury , ▁Joshua ▁Crawford ▁pushed ▁open ▁the ▁door ▁to ▁Gregory ▁Halifax ’ s ▁office ▁so ▁hard ▁it ▁hit ▁the ▁wall ▁with ▁a ▁loud ▁w ham . ▁Start led , ▁Gregory ▁looked ▁up ▁a ▁split ▁second ▁before ▁Joshua ▁slapped ▁the ▁newspaper ▁onto ▁the ▁desk . 

"
man,7805,"▁"" carry ▁over "". ▁Stir ring ▁by ▁oscillating ▁the ▁vessel ▁itself ▁cannot ▁be ▁expected ▁to ▁be ▁effective ▁and ▁loss ▁of ▁the ▁solution ▁by ▁sp atter ing ▁is ▁feared . ▁Stir ring ▁by ▁ultrasonic ▁waves ▁as ▁non - contact ▁stirring ▁may ▁cause ▁the ▁reacting ▁substances ▁to ▁be ▁destroyed ▁and ▁therefore ▁is ▁not ▁universally ▁applicable . <bos> “ GOOD ▁IS ▁THE ▁EN EMY ▁OF ▁GREAT .” ▁So ▁says ▁author ▁Jim ▁Collins ▁in ▁his ▁best - selling ▁book ▁Good ▁to ▁Great . ▁In ▁other ▁words , ▁being ▁good ▁can ▁be ▁bad , ▁if ▁it ▁leads ▁to ▁complacency ▁and ▁indifference . 

 If ▁you ▁stopped ▁a ▁typical ▁man ▁or ▁woman ▁on ▁the ▁street ▁and ▁asked ▁who ▁develops ▁the ▁standards ▁they ▁take ▁for ▁granted ▁every ▁day , ▁you ’ d ▁get ▁a"
man,7805,"▁one ▁has ▁been ▁more ▁aware ▁of ▁this ▁than ▁the ▁man ▁himself . It ▁has ▁felt ▁very ▁different ▁at ▁United , ▁though , ▁and ▁while ▁entrenched ▁reputations ▁can ▁take ▁a ▁long ▁time ▁to ▁change , ▁certain ▁perceptions ▁are , ▁for ▁now ▁at ▁least , ▁being ▁challenged . There ▁has ▁been ▁an ▁understandable ▁rush ▁to ▁measure ▁Mourinho ▁and ▁United ' s ▁every ▁move ▁against ▁what ▁Pep ▁Guardiola ▁has ▁been ▁doing ▁at ▁Manchester ▁City . ▁But ▁while ▁Guardiola ▁has ▁raised ▁all ▁sorts ▁of ▁bars ▁this ▁term , ▁there ▁is ▁a ▁certain ▁irony ▁that ▁Mourinho ▁- ▁"" the ▁monster ▁that ▁kills ▁the ▁little ▁kids "" ▁as ▁he ▁sarcas tically ▁described ▁himself ▁last ▁week ▁- ▁has ▁bought ▁into ▁the ▁academy ▁ethos ▁in ▁a ▁way ▁his ▁great ▁adversary , ▁often ▁heral ded ▁as"
man,7805,"▁three ▁onwards ), ▁after ▁an ▁near ▁fatal ▁plane ▁crash ▁left ▁him ▁nothing ▁more ▁than ▁‘ a ▁man ▁barely ▁alive ’. ▁At ▁Wells ’ ▁secret ▁Government ▁funded ▁Colorado ▁research ▁facility , ▁Steve ▁Austin ▁was ▁brought ▁back ▁from ▁the ▁brink , ▁sporting ▁new ▁artificial ▁limbs ▁with ▁‘ b ionic ’ ▁components ▁that ▁gave ▁him ▁superhuman ▁strength ▁and ▁enhanced ▁ 2 0 : 1 ▁vision , ▁to ▁make ▁him ▁‘ better ▁than ▁he ▁was ▁before ’. 

 Lee ▁Majors ▁quickly ▁became ▁a ▁handsome ▁ 1 9 7 0 s ▁sex ▁symbol ▁in ▁polyester ▁thanks ▁to ▁this ▁show , ▁which ▁turned ▁into ▁a ▁showcase ▁for ▁his ▁trend - setting ▁side - part ing ▁and ▁his ▁relaxed ▁approach ▁to ▁the ▁art ▁of ▁‘ raised ▁eyebrow ▁acting ’, ▁riv alling ▁even ▁the ▁great"
man,7805,"▁sulfur ▁cycle ▁regulates ▁the ▁atmospheric ▁concentration ▁of ▁oxygen ▁more ▁strongly ▁than ▁previously ▁appreciated . <bos> Wednesday , ▁October ▁ 6 , ▁ 2 0 1 0 

 In ▁Which ▁Adam ▁Sp ends ▁Too ▁Much ▁Time ▁and ▁Energy ▁Ponder ing ▁Over ▁What ▁Having ▁Stret chy ▁Powers ▁Ent a ils ▁Wednesday ! 

 Along ▁with ▁the ▁yellow ▁oval ▁underneath ▁Batman ' s ▁chest ▁emblem , ▁we ▁started ▁getting ▁El ong ated ▁Man ▁as ▁a ▁back - up ▁story . ▁While ▁I ▁have ▁nothing ▁against ▁J ' On n ▁J ' On zz ▁or ▁Roy ▁Raymond , ▁TV ▁Detective , ▁I ▁found ▁Ralph ▁and ▁Sue ▁Dib ny ' s ▁stories ▁a ▁lot ▁more ▁entertaining . 

 And ▁hey ! ▁Why ▁not ▁start ▁the ▁day ▁with ▁some ▁Fun ▁with ▁Out ▁of"
man,7805,", ▁Arlene ▁Calhoun , ▁also ▁ran ▁another ▁pur veyor ▁of ▁for - profit ▁awards ▁called ▁the ▁United ▁Cultural ▁Convention ▁and ▁another ▁vanity ▁press ▁called ▁the ▁Pent land ▁Press ▁or ▁Ivy ▁House ▁Publishing ▁Group . 

 Operations 

 The ▁ABI ▁invited ▁individuals ▁to ▁purchase ▁various ▁honors ▁as ▁a ▁commemorative ▁in ▁their ▁inclusion ▁for ▁a ▁specific ▁biography . ▁One ▁former ▁employee ▁explained ▁that ▁the ▁company ▁bought ▁mailing ▁lists ▁from ▁organizations , ▁and ▁using ▁those ▁names , ▁they ▁sent ▁out ▁blanket ▁mail ings ▁inviting ▁individuals ▁to ▁be ▁in ▁biographical ▁books ▁or ▁accept ▁awards . ▁Such ▁honors ▁include ▁"" International ▁Man ▁of ▁the ▁Year ,"" ▁"" Most ▁Adm ired ▁Man ▁of ▁the ▁Decade "" ▁or ▁"" Outstanding ▁Man ▁of ▁the ▁ 2 1 st ▁Century "" ▁( see ▁list ▁below ),"
man,7805,"aziland ▁are ▁on ▁a ▁collision ▁course ▁with ▁the ▁police ▁and ▁state ▁security ▁after 
 they ▁refused ▁to ▁seek ▁formal ▁permission ▁to ▁hold ▁a ▁May ▁Day ▁rally . 

 The ▁Trade ▁Union ▁Congress ▁of ▁Swaziland ▁( T UC OS WA ) ▁has 
 confirmed ▁that ▁commemor ations ▁of ▁the ▁workers ’ ▁day ▁will ▁take ▁place ▁at ▁the ▁Sales ian 
 Sports ▁Ground ▁in ▁Man zini , ▁the ▁commercial ▁capital ▁of ▁Swaziland , ▁on ▁ 1 ▁May ▁ 2 0 1 5 . 

 Vincent ▁N cong wane , ▁T UC OS WA ▁Secretary ▁General , ▁said 
 his ▁federation ▁had ▁informed ▁the ▁police ▁of ▁its ▁decision ▁to ▁host ▁the ▁event . 

 The ▁Times ▁of ▁Swaziland , ▁the ▁only ▁independent ▁daily ▁newspaper 
 in ▁the ▁kingdom ▁ruled ▁by"
man,7805,"▁that ▁Gates ▁planned ▁this ▁in ▁advance ▁because ▁he ▁wanted ▁an ▁incident ▁with ▁a ▁cop . ▁That ’ s ▁because ▁he ▁wanted ▁the ▁publicity , ▁as ▁he ▁was ▁becoming ▁yesterday ’ s ▁news ▁in ▁the ▁universe ▁of ▁black ▁studies ▁talking ▁heads . ▁He ▁just ▁never ▁expected ▁actually ▁to ▁be ▁arrested . 

 Automatic Slim 

 That ’ s ▁a ▁very ▁reasonable ▁theory ▁given ▁all ▁the ▁ho axes ▁these ▁“ black ▁studies ” ▁types ▁undertake ▁on ▁college ▁campuses . 

 Also ▁reasonable ▁considering ▁that ▁blacks ▁have ▁a ▁world ▁class ▁reputation ▁for ▁engaging ▁in ▁cheap ▁stunts ▁and ▁theater ▁in ▁order ▁to ▁get ▁people ▁to ▁pay ▁attention ▁to ▁them . 

 Luca 

 Al ▁except ▁Rev . ▁Al ▁Shar pt ong ue , ▁he ▁is ▁a ▁true ▁man ▁of ▁principle ▁and"
man,7805,". iu . edu /\ ~ rd ly ons / pr btree / pr btree . html ]{ } 

 Man del brot , ▁B . ▁( 1 9 7 4 ). ▁Multip lications ▁alé atoires ▁it érées ▁et ▁distributions ▁invari antes ▁par ▁moyenne ▁pond érée ▁alé atoire . ▁[* C . ▁R . ▁Acad . ▁Sci . ▁Paris *] {} ▁[ ** 2 7 8 ** ]{ }, ▁ 2 8 9 – 2 9 2 . 

 Mens hi kov , ▁M . V . ▁and ▁Pet ritis , ▁D . ▁( 2 0 0 2 ). ▁On ▁random ▁walks ▁in ▁random ▁environment ▁on ▁trees ▁and ▁their ▁relationship ▁with ▁multiplicative ▁chaos . ▁In : ▁[* Mathematics ▁and ▁Computer ▁Science ▁II ▁( Vers ailles , ▁"
man,7805,"▁Each ▁year ▁the ▁company ▁awarded ▁hundreds ▁of ▁"" Man ▁of ▁the ▁Year "" ▁or ▁"" Woman ▁of ▁the ▁Year "" ▁awards ▁at ▁between ▁$ 1 9 5 ▁and ▁$ 2 9 5 ▁each . 

 Its ▁awards ▁were ▁frequently ▁denounced ▁as ▁scams ▁by ▁politicians , ▁journalists , ▁▁ and ▁others . ▁The ▁Government ▁of ▁Western ▁Australia ' s ▁Scam Net ▁service ▁considers ▁the ▁American ▁Biographical ▁Institute ▁to ▁be ▁a ▁scam ▁vanity ▁publisher ▁"" who ▁appeals ▁to ▁people ▁who ▁want ▁a ▁plaque ▁on ▁their ▁wall ▁or ▁see ▁their ▁name ▁in ▁a ▁book , ▁even ▁if ▁the ▁honour ▁has ▁no ▁real ▁credibility — in ▁effect , ▁they ▁have ▁purchased ▁the ▁honour ."" ▁The ▁company ▁went ▁bankrupt ▁in ▁ 2 0 1 2 . 

 The ▁company ' s ▁owner"
man,7805,"▁al - Malik ' s ▁reign , ▁the ▁Uma yy ad ▁government ▁appointed ▁Mud aris ▁as ▁governors ▁in ▁Kh uras an , ▁except ▁for ▁As ad ▁ibn ▁Ab dallah ▁al - Q as ri ' s ▁tenure ▁in ▁ 7 3 5 – 7 3 8 . ▁Nas r ' s ▁appointment ▁came ▁four ▁months ▁after ▁As ad ' s ▁death . ▁In ▁the ▁interim , ▁the ▁sources ▁report ▁variously ▁that ▁the ▁province ▁was ▁run ▁either ▁by ▁the ▁Syrian ▁general ▁Ja ' far ▁ibn ▁H anz ala ▁al - Bah rani ▁or ▁by ▁As ad ' s ▁lieutenant ▁Jud ay ▁al - Kir mani . ▁At ▁any ▁rate , ▁the ▁sources ▁agree ▁that ▁al - Kir mani ▁stood ▁at ▁the ▁time ▁as ▁the ▁most ▁prominent ▁man ▁in"
man,7805,"▁They ▁tested ▁his ▁small ▁palms ▁for 
 gun powder ▁residue : ▁twice . ▁And ▁yelled ▁at 
 him ▁when ▁he , ▁so ▁scared ▁and ▁shocked , ▁as ▁I ▁could ▁see ▁through ▁the ▁partition , ▁was 
 too ▁nervous ▁to ▁place ▁his ▁hands ▁palm ▁up . 
 He ▁had ▁tears ▁in ▁his ▁eyes ▁as ▁he ▁was ▁delivered ▁back ▁to ▁me . ▁Through ▁clenched ▁teeth , ▁I ▁said , ▁“ you ▁are ▁not 
 allowed ▁to ▁take ▁a ▁minor ▁away ▁from ▁his ▁parents ▁to ▁search ▁him .” ▁The ▁man ▁grinned , ▁winked ▁and ▁said , ▁“ have ▁a 
 nice ▁day ▁P aki .” 

 So ▁these 
 are ▁the ▁people ▁who ▁have ▁to ▁enforce ▁these ▁restrictions . ▁These ▁men ▁and ▁women ▁are ▁in ▁full ▁charge ▁of 
 people"
man,7805,"▁was ▁killed ▁by ▁bush w hack ers . ▁I ▁have ▁heard ▁a ▁story ▁here ▁in ▁Texas ▁passed ▁down ▁through ▁generations ▁( may ▁have ▁changed ▁some ). ▁One ▁of ▁the ▁Sanders , ▁close ▁relation ▁to ▁Phoebe ▁was ▁caught ▁off ▁guard ▁while ▁plowing ▁in ▁a ▁field ▁by ▁bush w hack ers . ▁They ▁took ▁him ▁and ▁his ▁horse ▁to ▁the ▁top ▁of ▁a ▁hill ▁and ▁made ▁the ▁Sanders ▁dig ▁a ▁grave . ▁Then ▁the ▁bush w hack ers ▁killed ▁both ▁man ▁and ▁horse ▁and ▁buried ▁both ▁in ▁the ▁grave ▁with ▁the ▁legs ▁of ▁the ▁horse ▁sticking ▁up ▁out ▁of ▁the ▁grave . ▁This ▁is ▁some ▁tale ▁and ▁may ▁not ▁be ▁exactly ▁true ▁but ▁is ▁what ▁I ▁have ▁heard . ▁[ This ▁Phoebe ▁was ▁the ▁daughter ▁of ▁Joseph ’ s"
man,7805,"▁a ▁ionic ▁state ▁restore ▁to ▁get ▁the ▁Cordova ▁environment ▁ready ▁for ▁build , ▁run , ▁etc ... 
 More ▁explanations ▁here ▁: ▁https :// stackoverflow . com / a / 3 0 1 9 2 4 1 7 / 3 0 9 6 0 8 7 

 <bos> Of ▁manif estos ▁and ▁man ias 

 To ▁say ▁that ▁the ▁market ▁is ▁happy ▁with ▁the ▁Congress ▁victory ▁would ▁be ▁an ▁understatement . ▁But ▁would ▁investors ▁have ▁been ▁as ▁happy ▁had ▁they ▁brushed ▁up ▁on ▁the ▁Congress ▁manifesto ? 

 Parties ▁rarely ▁live ▁up ▁to ▁their ▁campaign ▁promises , ▁but ▁it ’ s ▁worth ▁taking ▁this ▁manifesto ▁at ▁face ▁value . ▁The ▁Congress ▁has ▁been ▁tout ing ▁its ▁populist ▁measures — the ▁rural ▁jobs ▁scheme ▁and ▁the ▁farm ▁loan"
man,7805,"▁dragon - like ▁alien ▁from ▁the ▁▁ and ▁commander ▁of ▁the ▁Ky ur angers . ▁He ▁tries ▁to ▁come ▁off ▁as ▁imposing ▁but ▁just ▁ends ▁up ▁behaving ▁more ▁like ▁a ▁mischievous ▁old ▁man . ▁In ▁reality , ▁he ▁is ▁a ▁guilt - ridden ▁old ▁man ▁due ▁to ▁the ▁loss ▁of ▁his ▁predecessor ▁and ▁friend , ▁Big ▁Bear , ▁constantly ▁discouraging ▁in sub ordination ▁with ▁the ▁Ky ur angers ▁in ▁fear ▁of ▁repeating ▁his ▁mistake . ▁Despite ▁that , ▁he ▁always ▁manages ▁to ▁keep ▁his ▁composure ▁even ▁in ▁the ▁dire st ▁situations . ▁Before ▁forming ▁the ▁Ky ur angers , ▁Shou ▁journey ed ▁across ▁various ▁constellations ▁to ▁acquire ▁the ▁Skill ▁Ky uta mas . ▁Originally , ▁Shou ' s ▁Change ▁Ky utama , ▁which ▁allowed ▁him ▁to ▁transform"
man,7805,"

 ▁▁▁▁▁▁▁▁▁▁▁▁▁▁▁▁▁▁▁▁▁▁▁▁▁▁▁▁▁▁▁ ▁▁▁▁▁▁▁▁▁▁▁▁▁▁▁▁▁▁▁▁▁▁▁▁▁▁▁▁▁▁▁ ▁▁▁▁▁▁▁▁▁▁▁▁▁▁▁▁▁▁▁▁▁▁▁▁▁▁▁▁▁▁▁ ▁▁▁▁▁▁▁▁▁▁▁▁▁▁▁▁▁▁▁▁▁▁▁▁▁▁▁▁▁▁▁ ▁▁▁▁▁▁▁▁▁▁▁▁▁▁▁▁▁▁▁▁▁▁▁▁▁▁▁▁▁▁▁ ▁▁▁▁▁▁▁▁▁▁▁▁▁▁▁▁▁▁▁▁▁▁▁▁▁▁▁▁▁▁▁ ▁▁▁▁▁▁▁▁▁▁▁▁▁▁▁▁▁▁▁▁▁▁▁▁▁▁▁▁▁▁▁ ▁▁▁▁▁▁▁▁▁▁▁▁▁▁▁▁▁▁▁▁▁▁▁▁▁▁▁▁▁▁▁ ▁▁▁▁▁▁▁▁▁▁▁▁▁▁▁▁▁▁▁▁▁▁▁▁▁▁▁▁▁▁▁ ▁▁▁▁▁▁▁▁▁▁▁▁▁▁▁▁▁▁▁▁▁▁▁▁▁▁▁▁▁▁▁ ▁▁▁▁▁▁▁▁▁▁▁▁▁▁▁▁▁▁▁▁▁▁▁▁▁▁▁▁▁▁▁ ▁▁▁▁▁▁▁▁▁▁▁▁▁▁▁▁▁▁▁▁▁▁▁▁▁▁▁▁▁▁▁ ▁▁▁▁▁▁▁▁▁▁▁▁▁▁▁▁▁▁▁▁▁▁▁▁▁▁▁▁▁▁▁ ▁▁▁▁▁▁▁▁▁▁▁▁▁▁▁▁▁▁▁▁▁▁▁▁▁▁▁▁▁▁▁ ▁▁▁▁▁▁▁▁▁▁▁▁▁▁▁▁▁▁▁▁▁▁▁▁▁▁▁▁▁▁▁ ▁▁▁▁▁▁▁▁▁▁▁▁▁▁▁▁▁▁▁▁▁▁▁▁▁▁▁▁▁▁▁ ▁▁▁▁▁▁▁▁▁▁▁▁▁▁▁▁▁▁▁▁▁▁▁▁▁▁▁▁▁▁▁ ▁▁▁▁▁▁▁▁▁▁▁▁▁▁▁▁▁▁▁▁▁▁▁▁▁▁▁▁▁▁▁ ▁▁▁▁▁▁▁▁▁▁▁▁▁▁▁▁▁▁▁▁▁▁▁▁▁▁▁▁▁▁▁ ▁▁▁▁▁▁▁▁▁▁▁▁▁▁▁▁▁▁▁▁▁▁▁▁▁▁▁▁▁▁▁ ▁▁▁▁▁▁ 

 ▁▁ * Ly cium ▁barbar um *( fruit ▁body ) ▁▁▁▁▁▁▁▁▁▁▁▁▁▁▁▁▁▁▁▁▁▁▁▁▁▁▁▁▁▁▁ ▁▁▁▁▁▁▁▁▁▁▁▁▁▁▁▁▁▁▁▁▁▁▁▁▁▁▁▁▁▁▁ ▁▁▁▁▁▁▁▁▁▁▁▁▁▁▁▁▁▁▁▁▁▁▁▁▁▁▁▁▁▁▁ ▁▁▁▁▁▁▁▁▁▁▁▁▁▁▁▁▁▁▁▁▁▁▁▁▁▁▁▁▁▁▁ ▁▁▁▁▁▁▁▁▁▁▁▁▁▁▁▁▁▁▁▁▁▁▁ Extract \ ▁▁▁▁▁▁▁▁▁▁▁▁▁▁▁▁▁▁▁▁▁▁▁▁▁▁▁▁▁▁▁ ▁▁▁ 8 8 . 3 6 % ▁sugars , ▁ 7 . 6 3 % ▁protein ▁▁▁▁▁▁▁▁▁▁▁▁▁▁▁▁▁▁▁▁▁▁▁▁▁▁▁▁▁▁▁ ▁▁▁▁▁▁▁▁▁▁▁▁▁▁▁▁▁▁▁▁▁▁▁▁▁▁▁▁▁▁▁ ▁▁▁▁▁▁▁▁▁▁▁▁▁▁▁▁▁▁▁▁▁▁▁▁▁▁▁▁▁▁▁ ▁▁▁▁▁▁▁▁▁▁▁▁▁▁▁▁▁▁▁▁▁▁▁▁▁▁▁▁▁▁▁ ▁▁▁▁▁▁▁▁▁▁▁▁▁▁▁▁▁▁▁▁▁▁▁▁▁▁▁▁▁▁▁ ▁▁▁▁▁▁▁▁▁▁▁▁▁▁▁▁▁▁▁▁▁▁ 1 5 7 , 0 0 0 ▁▁▁▁▁▁▁▁▁▁▁▁▁▁▁▁▁▁▁▁▁▁▁▁▁▁▁▁▁▁▁ ▁▁▁▁▁▁▁▁▁▁▁▁▁▁▁▁▁▁▁▁▁▁▁▁▁▁▁▁▁▁▁ ▁▁▁▁ gal actose , ▁glucose , ▁r ham nose , ▁arab inose , ▁man nose , ▁xy lose ▁( m olar ▁ratio ▁of ▁ 1 : 2 . 1 2 : 1 . 2 5 : 1 . 1 0 : 1 . 9 5 : 1 . 7 6 ) ▁▁▁▁▁▁▁▁▁▁▁▁▁▁▁▁▁▁▁▁▁▁▁▁▁▁▁▁ \[ [@ B"
man,7805,"▁signed ▁up ▁with ▁good ▁intentions ▁and ▁then ▁realized ▁that ▁a ▁wedding ▁I ▁was ▁helping ▁with ▁was ▁the ▁next ▁day . ▁I ▁had ▁a ▁lot ▁to ▁do . ▁But ▁because ▁of ▁you ▁and ▁H ied i ' s ▁motivation , ▁I ▁did ▁keep ▁in ▁mind ▁to ▁do ▁something ▁this ▁week . ▁So ▁I ▁croche ted ▁ 5 ▁red ▁dish cloths !!!! <bos> Nick ▁Meyer ▁plans ▁a ▁full ▁sales ▁launch ▁in ▁ 2 0 1 8 ▁on ▁the ▁noir ▁adaptation , ▁styled ▁as ▁a ▁back woods ▁version ▁of ▁Fight ▁Club ▁meets ▁No ▁Country ▁For ▁Old ▁Men ▁about ▁a ▁down - at - heel ▁family ▁man ▁who ▁enters ▁a ▁bare - kn uckle ▁brawl ▁with ▁a ▁$ 1 0 0 , 0 0 0 ▁purse . ▁Margaret ▁Qual ley ▁and"
man,7805,"About ▁Tony ▁In man ▁– ▁‘ The ▁Change ▁Catalyst ’ 

 If ▁you ▁want ▁to ▁make ▁changes ▁in ▁your ▁life , ▁but ▁you ' re ▁feeling ▁stuck ▁or ▁overwhelmed , ▁and ▁you ▁need ▁a ▁guide ▁to ▁help ▁you ▁get ▁there , ▁then ▁you ▁can ▁trust ▁in ▁the ▁experience ▁and ▁' life - wisdom ' ▁of ▁this ▁Coach ▁and ▁Guide ▁who ▁walks ▁the ▁talk , ▁Tony ▁In man . 

 Tony ▁is ▁a ▁serial ▁entrepreneur ▁who ▁has ▁set ▁up ▁and ▁built ▁around ▁ 2 3 ▁small ▁businesses ▁in ▁a ▁variety ▁of ▁fields , ▁experiencing ▁many ▁triumphs , ▁plus ▁his ▁share ▁of ▁setbacks , ▁along ▁the ▁journey . 

 Tony ▁In man ▁is ▁also ▁a ▁certified ▁and ▁experienced ▁Life ▁Coach ▁and ▁Business ▁Coach , ▁a ▁Master ▁Practitioner ▁and ▁certified"
man,7805,"1 9 6 0 ▁once ▁the ▁White ▁Man ▁put ▁his ▁burden ▁of ▁civiliz ing ▁the ▁un civil isable ▁down . ▁BTW , ▁slavery ▁has ▁never ▁left ▁the ▁areas ▁ruled ▁by ▁mos lems . 

 gates ▁tells ▁the ▁truth ▁for ▁once 

 Sh hh ▁.. ▁keep ▁it ▁quiet ▁ok ? ▁Tribal ▁chiefs ▁who ▁sold ▁off ▁all ▁the ▁slaves ▁to ▁the ▁white ▁man ▁owned ▁a ▁billion ▁slaves ▁too ▁and ▁still ▁do ▁… 

 Joseph 

 If ▁these ▁benevolent ▁black ▁slave ▁owners ▁kept ▁black ▁slaves ▁“ to ▁protect ▁that ▁person ”, ▁what ▁would ▁prevent ▁them ▁from ▁emancip ating ▁them ▁voluntarily ▁even ▁if ▁they ▁stayed ▁with ▁the ▁family . 

 This ▁is ▁the ▁usual ▁noise ▁from ▁the ▁left ; ▁“ If ▁we ▁do ▁it ▁it ▁is ▁not ▁the ▁same ”. 

"
man,7805,"The ▁Incredible ▁Hulk ”, ▁the ▁original ▁“ V ” ▁and ▁“ Alien ▁Nation ”, ▁it ▁becomes ▁clear ▁that ▁it ▁is ▁the ▁human ▁element ▁which ▁is ▁indicative ▁of ▁many ▁of ▁his ▁best ▁episodes ▁on ▁the ▁series , ▁especially ▁the ▁ones ▁involving ▁Steve ’ s ▁relationship ▁with ▁Jaime ▁Sommers , ▁and ▁which ▁makes ▁them ▁continue ▁to ▁endure ▁in ▁fans ’ ▁affections . 

 Director ▁Cliff ▁Bole ▁is ▁remembered ▁for ▁his ▁work ▁on ▁“ Star ▁Trek : ▁The ▁Next ▁Generation ” ▁and ▁“ The ▁X ▁Files ”, ▁but ▁he ▁started ▁as ▁an ▁assistant ▁director ▁on ▁“ The ▁B ionic ▁Woman ”, ▁and ▁while ▁working ▁as ▁such ▁on ▁an ▁episode ▁of ▁“ The ▁Six ▁Million ▁Dollar ▁Man ” ▁entitled ▁“ The ▁Blue ▁Flash ” ▁found ▁himself ▁promoted ▁after ▁the ▁original ▁director"
man,7805,"▁one ▁- ▁in ▁the ▁space ▁of ▁a ▁few ▁days ▁they ' ve ▁become ▁orphans . 

 W LE H : ▁We ▁don ' t ▁have ▁a ▁father , ▁we ▁don ' t ▁have ▁a ▁mother . 

 A IZEN MAN : ▁The ▁team ▁begins ▁putting ▁on ▁their ▁last ▁layer ▁of ▁protective ▁gear . ▁They ▁unf url ▁white ▁plastic ▁jumps uits ▁and ▁pull ▁them ▁on . ▁Next ▁come ▁the ▁face ▁masks ▁and ▁goggles . ▁They ▁tape ▁their ▁sleeves ▁shut ▁with ▁meticulous ▁care ▁and ▁check ▁each ▁other ▁for ▁exposed ▁skin . ▁Their ▁life ▁depends ▁on ▁getting ▁this ▁right . ▁The ▁corpse ▁of ▁a ▁person ▁who ▁dies ▁of ▁Ebola ▁is ▁extremely ▁dangerous . ▁It ▁leaks ▁bodily ▁fluids ▁loaded ▁with ▁the ▁virus . ▁Anyone ▁who ▁comes ▁into ▁contact ▁with ▁those ▁fluids"
man,7805,"▁then 
 au dition ed ▁his ▁skills . ▁He ▁showed ▁the ▁three ▁terrified ▁bad ▁guys ▁how ▁talented 
 he ▁was ▁as ▁a ▁freelance , ▁ace ▁getaway ▁driver / wheel man ▁for ▁bank ▁he ists . 

 He 
 p lowed ▁through ▁a ▁cramped , ▁underground ▁parking ▁garage ▁and ▁narrow ▁alley ways 
 in ▁LA ▁to ▁demonstrate ▁his ▁prowess ▁and ▁prove ▁that ▁he ▁was ▁worth ▁every 
 penny ▁of ▁his ▁high - priced ▁fee . 

 The ▁film ▁had ▁three ▁spectacular ▁car 
 chase ▁sequences ▁as ▁well ▁( including ▁a ▁night - time ▁chase ▁through ▁LA ). 

 H ooper ▁( 1 9 7 8 ) 

 In ▁a ▁film ▁filled ▁with ▁stunts ▁and ▁dare devil ▁challenges , ▁a ▁car ▁driven ▁by 
 st unt man ▁Sonny ▁Hooper"
man,7805,"▁a ▁soldier . ▁The ▁memorial ▁was ▁designed ▁by ▁a ▁Danish ▁sculptor ▁named ▁Carl ▁Ro hl - Smith . ▁It ▁was ▁dedicated ▁on ▁Oct . ▁ 1 5 , ▁ 1 9 0 3 . 

 The ▁northwest ▁soldier ▁is ▁an ▁infantry man , ▁holding ▁his ▁rifle ▁by ▁the ▁barrel , ▁with ▁the ▁butt ▁resting ▁on ▁the ▁ground . ▁The ▁southwest ▁soldier ▁is ▁an ▁engineer , ▁holding ▁his ▁rifle ▁in ▁the ▁same ▁position . ▁He ▁also ▁carries ▁a ▁cylinder ▁or ▁tube , ▁about ▁ 3 ▁feet ▁long . ▁Perhaps ▁it ▁contains ▁surveying ▁instruments . ▁The ▁southeast ▁soldier ▁is ▁a ▁cavalry man , ▁with ▁sword ▁pointed ▁upward ▁across ▁his ▁left ▁shoulder . ▁At ▁the ▁northeast ▁is ▁an ▁artillery man ▁— ▁whose ▁hands ▁close ▁upon ▁empty ▁air . 

 When"
man,7805,"▁in ▁ 1 9 4 2 . ▁Larry ▁Snyder , ▁previously ▁the ▁track ▁coach ▁at ▁Ohio ▁State , ▁was ▁assigned ▁as ▁Bier man ' s ▁assistant . ▁▁ Don ▁Heap , ▁Dallas ▁Ward , ▁Babe ▁Le Voir , ▁and ▁Trevor ▁Reese ▁were ▁assigned ▁as ▁assistant ▁coaches ▁for ▁the ▁football ▁team . 

 In ▁June ▁ 1 9 4 2 , ▁Bier man ▁addressed ▁the ▁"" mis conception "" ▁that ▁the ▁Iowa ▁pre - flight ▁school ▁was ▁"" mer ely ▁a ▁place ▁for ▁varsity ▁athletics ."" ▁He ▁said : ▁"" Our ▁purpose ▁here ▁is ▁to ▁turn ▁out ▁the ▁toughest ▁bunch ▁of ▁flyers ▁the ▁world ▁has ▁ever ▁seen ▁and ▁not ▁first ▁class ▁athletes ."" 

 Two ▁Seahawks ▁were ▁named ▁to ▁the ▁ 1 9 4 2 ▁All - Navy"
man,7805,"- Evil ▁Kine val - me ets - Ultra Man ▁story ▁Cy ko ▁KO . ▁Chi ller ▁relies ▁on ▁sound ▁effects ▁from ▁the ▁FX Toon Editor ▁available ▁to ▁all ▁Web toon ▁creators . ▁Cy ko ▁KO ▁was ▁originally ▁born ▁as ▁an ▁animated ▁series . 

 Stephen ▁McCra ine ’ s ▁Space ▁Boy ▁was ▁the ▁winner ▁of ▁the ▁first ▁challenge ▁league ▁contest . ▁He ▁called ▁the ▁challenge ▁a ▁“ comics ▁marathon ” ▁with ▁no ▁time ▁to ▁worry ▁or ▁over - plan . 

 The ▁top ▁four ▁comics ▁get ▁a ▁publishing ▁deal ▁with ▁LINE . ▁The ▁third ▁contest ▁is ▁running ▁now , ▁sponsored ▁by ▁Stan ▁Lee . ▁Submissions ▁close ▁December ▁ 1 3 , ▁ 2 0 1 5 . ▁Submissions ▁require ▁the ▁first ▁three ▁chapters ▁of ▁a ▁web"
man,7805,"▁with ▁the ▁outsourcing ▁partner ' s ▁own ▁news casts , ▁as ▁a ▁result , ▁minor ▁network ▁affiliates ▁involved ▁in ▁these ▁NS As ▁often ▁will ▁carry ▁a ▁morning ▁news cast ▁from ▁ 7 : 0 0 ▁to ▁ 9 : 0 0   a . m . ▁( in ▁competition ▁with ▁the ▁national ▁network ▁news casts ▁instead ▁of ▁airing ▁competing ▁with ▁the ▁Big ▁Three ▁affiliates ' ▁news casts ) ▁or ▁a ▁prime time ▁news cast ▁at ▁ 1 0 : 0 0   p . m . ▁Eastern ▁and ▁Pacific ▁or ▁ 9 : 0 0   p . m . ▁Central ▁and ▁Mountain ▁Time , ▁with ▁limited ▁to ▁no ▁news casts ▁in ▁other ▁traditional ▁news ▁time ▁periods ▁( mid day , ▁late ▁afternoon , ▁or ▁early ▁evening"
man,7805,"assess ▁the ▁level ▁of ▁risk ▁involved ▁in ▁mineral ▁pro 

 ech lib . delo itter es ources ▁/ 

 Magnesium Scientific ▁Review ▁on ▁Usage , ▁Dosage , ▁Side 

 Summary ▁of ▁Magnesium ▁Primary ▁Information , ▁Benefits , ▁Effects , ▁and ▁Important ▁Facts ▁Magnesium ▁is ▁an ▁essential ▁dietary ▁mineral , ▁and ▁the ▁second ▁most ▁prevalent ▁electrolyte ▁in ▁the ▁human ▁body . ▁Magnesium ▁deficiencies ▁are ▁common ▁in 

 1 . ▁Overview ▁of ▁the ▁GRADE ▁Approach GRADE pro G DT 

 1 . ▁Overview ▁of ▁the ▁GRADE ▁Approach ▁The ▁GRADE ▁approach ▁is ▁a ▁system ▁for ▁rating ▁the ▁quality ▁of ▁a ▁body ▁of ▁evidence ▁in ▁systematic ▁reviews ▁and ▁other ▁evidence ▁synt heses , ▁such ▁as ▁health ▁technology ▁assessments , ▁and ▁guidelines ▁and 

 Genome wide ▁Association ▁Studies ▁and ▁Assessment ▁of ▁the"
man,7805,"▁ 2 5 7 
 By ▁code ▁( ignore ▁the ▁In ▁[]: ▁and ▁Out ▁[]: ) 
 In ▁[ 6 8 ]: ▁from ▁ip address ▁import ▁ip _ address 

 In ▁[ 6 9 ]: ▁ip _ address (' 0 . 0 . 0 . 1 ') 
 Out [ 6 9 ]: ▁IPv 4 Address (' 0 . 0 . 0 . 1 ') 

 In ▁[ 7 0 ]: ▁ip _ address (' 0 . 0 . 0 . 1 '). packed 
 Out [ 7 0 ]: ▁b '\ x 0 0 \ x 0 0 \ x 0 0 \ x 0 1 ' 

 In ▁[ 7 1 ]: ▁int ( ip _ address (' 0 . 0 . 0 . 1"
man,7805,"▁this ▁review , ▁we ▁will ▁address ▁the ▁feasibility ▁of ▁using ▁similar ▁pharmaco logic ▁approaches ▁in ▁MSC ▁transplants , ▁while ▁focusing ▁on ▁three ▁ubiquitous ▁micro environmental ▁factors : ▁IL - 1 α / β , ▁TNF α , ▁and ▁SDF - 1 α . ▁Specifically , ▁we ▁will ▁examine ▁how ▁receptor ▁antagonists ▁or ▁inhibitors ▁to ▁these ▁factors , ▁whether ▁federally ▁approved ▁or ▁in ▁development , ▁may ▁limit ▁the ▁potential ▁negative ▁influences ▁of ▁the ▁tissue ▁micro environment . 

 Inter leukin - 1 α / β 
 ================ 

 IL - 1 α ▁and ▁IL - 1 β ▁are ▁members ▁of ▁the ▁IL - 1 ▁super family ▁of ▁cytokines . ▁These ▁pro - inflammatory ▁mediators ▁are ▁primarily ▁synthesized ▁by ▁macrophages , ▁monocytes ▁and ▁dendritic ▁cells , ▁and ▁are ▁responsible"
man,7805,"Calculate ▁- 2 * 7 / 1 4 * (- 5 )/ 1 . 
 5 
 (- 1 * 4 )/( 7 0 / (- 1 5 )* 3 ) 
 2 / 7 
 What ▁is ▁the ▁value ▁of ▁(- 1 4 )/ (- 2 4 )* (- 1 1 1 )/ (- 5 1 8 )? 
 1 / 8 
 Calculate ▁( 2 / 2 0 *- 2 )/( 9 / (- 2 7 )). 
 3 / 5 
 What ▁is ▁the ▁value ▁of ▁(( - 1 0 )/ 8 )/ 1 * 3 2 4 / (- 8 1 )? 
 5 
 What ▁is ▁the ▁value ▁of ▁(( - 2 )/ (- 4 ))/ ((- 7 )/ 5 6 )?"
man,343,"▁adults ▁ 2 5 - 5 4 ▁and ▁ 1 8 - 4 9 ▁for ▁the ▁night ,"" ▁the ▁network ▁said ▁in ▁a ▁statement . 

 This ▁season ▁is ▁poised ▁to ▁explore ▁some ▁family ▁problems ▁within ▁the ▁large ▁Chapman ▁family ▁— ▁daughter ▁"" Baby "" ▁Ly ssa ▁Chapman ' s ▁March ▁arrest ▁will ▁air ▁on ▁an ▁episode , ▁as ▁will ▁tensions ▁between ▁Chapman ▁and ▁his ▁oldest ▁son , ▁Duane ▁Lee . 

 "" I ▁love ▁you , ▁dad . ▁This ▁is ▁Travis . ▁I ▁want ▁to ▁go ▁home . ▁I ▁don ' t ▁like ▁it ▁here ,"" ▁the ▁boy ▁told ▁his ▁father ▁also ▁named ▁Travis . ▁They ▁gained ▁custody ▁after ▁an ▁audio ▁recording ▁surfaced ▁that ▁allegedly ▁showed ▁the ▁father ▁beating ▁the ▁child ▁with ▁a ▁belt . 

"
man,343,"▁Screen play ▁( William ▁Mon ahan ). ▁Mark ▁Wahl berg ▁was ▁also ▁nominated ▁for ▁the ▁Best ▁Supporting ▁Actor ▁award ▁for ▁his ▁performance , ▁but ▁he ▁lost ▁to ▁Alan ▁Ar kin ▁for ▁his ▁role ▁in ▁Little ▁Miss ▁Sunshine . 

 The ▁film ▁marked ▁the ▁first ▁time ▁Scorsese ▁won ▁an ▁Oscar ▁after ▁six ▁previous ▁losses . ▁Many ▁felt ▁that ▁he ▁deserved ▁it ▁years ▁earlier ▁for ▁prior ▁efforts . ▁Some ▁have ▁even ▁gone ▁further , ▁calling ▁it ▁a ▁Lifetime ▁Achievement ▁Award ▁for ▁a ▁lesser ▁film . ▁Scorsese ▁himself ▁joked ▁that ▁he ▁won ▁because : ▁"" This ▁is ▁the ▁first ▁movie ▁I ' ve ▁done ▁with ▁a ▁plot ."" ▁While ▁accepting ▁the ▁award , ▁Scorsese ▁stated ▁that ▁"" I ▁just ▁want ▁to ▁say , ▁too , ▁that ▁so ▁many ▁people ▁over"
man,343,"▁obligation ▁to ▁remain ▁in ▁his ▁vehicle ▁--- ▁and ▁he ▁exited ▁his ▁vehicle ▁when ▁Martin ▁disappeared ▁from ▁sight . 

 Zimmer man ▁called ▁the ▁police ▁before ▁Martin ▁jumped ▁him ▁--- ▁and ▁MSNBC ▁deleted ▁parts ▁of ▁the ▁recorded ▁discussion ▁and ▁broadcast ▁it ▁to ▁make ▁it ▁look ▁like ▁Zimmerman ▁was ▁targeting ▁Martin ▁because ▁Martin ▁was ▁black ▁--- ▁rather ▁than ▁tail ing ▁Martin ▁because ▁he ▁was ▁wandering ▁around ▁in ▁the ▁dark ▁in ▁a ▁neighborhood ▁which ▁had ▁recently ▁suffered ▁some ▁break - ins ▁and ▁thwarted ▁other ▁break - ins . 

 This ▁was ▁MSNBC ' s ▁attempt ▁to ▁lynch ▁a ▁straw ▁horse , ▁a ▁so - called ▁"" white "" ▁Hispanic . ▁MSNBC ▁needed ▁a ▁black - white ▁confrontation ▁to ▁promote ▁their ▁own ▁racist , ▁anti - white ▁narrative ▁that ▁America ▁is"
man,343,"As ▁they ▁carry ▁W leh ▁past ▁the ▁crowd , ▁several ▁women ▁begin ▁wailing . ▁Others ▁join ▁in . ▁The ▁cries ▁swell ▁to ▁a ▁chorus . ▁W leh ▁was ▁beloved ▁in ▁this ▁neighborhood . ▁This ▁is ▁the ▁closest ▁thing ▁she ' ll ▁get ▁to ▁a ▁funeral . 

 The ▁hike ▁back ▁up ▁the ▁hill ▁is ▁excruciating . ▁At ▁the ▁top , ▁the ▁men ▁stop ▁under ▁a ▁tree ▁and ▁collapse ▁against ▁it . ▁Kor v ayan ▁says ▁the ▁state ▁of ▁W leh ' s ▁corpse ▁was ▁unn erving . ▁"" When ▁I ▁saw ▁the ▁body ,"" ▁he ▁says , ▁"" my ▁skin ▁creep ed ."" ▁She ▁was ▁lying ▁on ▁a ▁bed , ▁blood ▁leaking ▁from ▁her ▁mouth . 

 The ▁men ▁carry ▁W leh ' s ▁body ▁over ▁to"
man,343,"▁explore ▁themes ▁of ▁technological ▁evolution , ▁species ▁diversification ▁and ▁takes ▁the ▁‘ all - powerful ▁creepy ▁child ’ ▁theme ▁to ▁a ▁scary ▁new ▁level . 

 In ▁a ▁land ▁where ▁no ▁stars ▁appear ▁in ▁the ▁night ▁sky , ▁a ▁group ▁of ▁strangers ▁with ▁ancest ries ▁reaching ▁back ▁to ▁an ▁earlier ▁apocalyptic ▁disaster ▁come ▁together ▁to ▁track ▁down ▁a ▁resurrected ▁corpse ▁whose ▁very ▁existence ▁port ends ▁the ▁End ▁of ▁the ▁World . ▁Fragments ▁of ▁a ▁Broken ▁Land : ▁Val arl ▁Undead ▁is ▁an ▁epic ▁tale ▁of ▁greed , ▁dying ▁magic , ▁distorted ▁mon stro sities ▁and ▁a ▁mot ley ▁group ▁of ▁heroes , ▁with ▁a ▁strange ▁and ▁breathless ▁climax ▁you ▁won ’ t ▁easily ▁forget . 

 “ This ▁is ▁a ▁tale ▁of ▁heroes . ▁It ▁includes ▁all"
man,343,"0 1 9 - 0 2 </b> , ▁ <i> issue ▁# 7 5 </i> </ p > 
 <h4> Welcome </h4> 
 < p > This ▁is ▁ <i> De jal News </i> , ▁an ▁occasional ▁newsletter ▁from ▁< a ▁href =""/""> De jal </ a >.</ p > 
 < p > <i> <b> If ▁you ▁want ▁to ▁receive ▁these ▁newsletters ▁in ▁your ▁email ▁inbox , ▁head ▁over ▁to ▁the ▁< a ▁href =""/ subscribe /""> De jal News ▁subscribe ▁page </ a > ▁to ▁sign ▁up . </b> </i> </ p > 
 <h4> Time ▁Out ▁tips </h4> 
 < p > So ▁far ▁I ' ve ▁been ▁sticking ▁to ▁my ▁goal ▁of ▁a ▁< a ▁href =""/ blog /""> De jal ▁blog ▁post"
man,343,"▁pause ▁at ▁the ▁door ▁and ▁discuss ▁the ▁best ▁way ▁to ▁lift ▁up ▁the ▁body ▁safely ▁and ▁then ▁proceed ▁out ▁of ▁the ▁house . 

 As ▁they ▁carry ▁W leh ▁past ▁the ▁crowd , ▁several ▁women ▁begin ▁wailing . ▁The ▁cries ▁swell ▁to ▁a ▁chorus . ▁W leh ▁was ▁beloved ▁in ▁this ▁neighborhood . ▁This ▁is ▁the ▁closest ▁thing ▁she ' ll ▁get ▁to ▁a ▁funeral . 

 The ▁hike ▁back ▁up ▁the ▁hill ▁is ▁excruciating . ▁At ▁the ▁top , ▁the ▁men ▁stop ▁under ▁a ▁tree ▁and ▁collapse ▁against ▁it . ▁Kor v ayan ▁says ▁the ▁state ▁of ▁W leh ' s ▁corpse ▁was ▁unn erving . 

 KOR V AY AN : ▁Well , ▁when ▁I ▁saw ▁the ▁body , ▁my ▁skin ▁creep ed . 

"
man,343,"re ▁here . 
 • ▁A ▁warm ▁welcome . ▁Thank ▁you ▁for ▁choosing ▁us ! 
 • ▁Welcome ! ▁We ▁look ▁forward ▁to ▁serving ▁you . 
 • ▁A ▁warm ▁welcome ▁from ▁all ▁of ▁us . ▁Thank ▁you ▁for ▁the ▁opportunity ▁to ▁serve ▁you . 
 Congratulations 
 • ▁Congratulations ▁on ▁a ▁job ▁well ▁done . 
 • ▁Hoping ▁the ▁best ▁things ▁in ▁life ▁will ▁always ▁be ▁yours . 
 • ▁This ▁is ▁a ▁day ▁to ▁remember . 
 • ▁It ’ s ▁great ▁to ▁see ▁good ▁things ▁happen ▁for ▁someone ▁so ▁deserving . 
 • ▁Congratulations ▁on ▁a ▁well - deserved ▁promotion . 
 • ▁Congratulations ▁on ▁an ▁outstanding ▁accomplishment . 
 • ▁Your ▁achievement ▁is ▁an ▁inspiration . 
 • ▁Kudos ▁to ▁you ! ▁You"
man,343,"1 2 ▁Hou gang ▁by - election . ▁He ▁delivered ▁the ▁nomination ▁announcement ▁at ▁ 1 2 . 3 5 ▁pm ▁on ▁ 1 6 ▁May ▁ 2 0 1 2 . 

 P ung gol ▁SMC ▁by - election , ▁ 2 0 1 3 
 This ▁was ▁Yam ' s ▁last ▁appearance ▁as ▁the ▁Returning ▁Officer . 

 Post - elections 

 After ▁GE ▁ 2 0 1 1 
 Yam ' s ▁robotic ▁voice ▁announcing ▁the ▁results ▁for ▁Al jun ied ▁GR C ▁had ▁turned ▁into ▁a ▁mix ▁just ▁within ▁a ▁few ▁hours ▁ensuing ▁the ▁elections . ▁Many ▁have ▁taken ▁clips ▁of ▁his ▁voice ▁and ▁mixed ▁it ▁with ▁various ▁styles ▁of ▁music , ▁from ▁electro ▁to ▁dance , ▁on ▁popular ▁video - sharing ▁website"
man,343,"1 2 ▁Hou gang ▁by - election . ▁He ▁delivered ▁the ▁nomination ▁announcement ▁at ▁ 1 2 . 3 5 ▁pm ▁on ▁ 1 6 ▁May ▁ 2 0 1 2 . 

 P ung gol ▁SMC ▁by - election , ▁ 2 0 1 3 
 This ▁was ▁Yam ' s ▁last ▁appearance ▁as ▁the ▁Returning ▁Officer . 

 Post - elections 

 After ▁GE ▁ 2 0 1 1 
 Yam ' s ▁robotic ▁voice ▁announcing ▁the ▁results ▁for ▁Al jun ied ▁GR C ▁had ▁turned ▁into ▁a ▁mix ▁just ▁within ▁a ▁few ▁hours ▁ensuing ▁the ▁elections . ▁Many ▁have ▁taken ▁clips ▁of ▁his ▁voice ▁and ▁mixed ▁it ▁with ▁various ▁styles ▁of ▁music , ▁from ▁electro ▁to ▁dance , ▁on ▁popular ▁video - sharing ▁website"
man,343,"at . 1 0 0 8 4 8 4 . r 0 0 4 

 Acceptance ▁letter 

 Diamond 

 Michael ▁S . 

 Section ▁Editor 

 Rey 

 Fé lix ▁A . 

 Associate ▁Editor 

 © ▁ 2 0 2 0 ▁Diamond , ▁Rey 

 2 0 2 0 

 Diamond , ▁Rey 

 This ▁is ▁an ▁open ▁access ▁article ▁distributed ▁under ▁the ▁terms ▁of ▁the 

 Creative ▁Commons ▁Attribution ▁License 

 , ▁which ▁permits ▁unrestricted ▁use , ▁distribution , ▁and ▁reproduction ▁in ▁any ▁medium , ▁provided ▁the ▁original ▁author ▁and ▁source ▁are ▁credited . 

 2 4 ▁Apr ▁ 2 0 2 0 

 Dear ▁Dr . ▁Gong , 

 We ▁are ▁delighted ▁to ▁inform ▁you ▁that ▁your ▁manuscript , ▁\"" A ▁conformation -"
man,343,"hour ▁interview ▁named ▁"" Last ▁Call "" ▁on ▁his ▁ 2 0 0 4 ▁Album ▁The ▁College ▁Dropout . ▁Throughout ▁the ▁course ▁of ▁the ▁interview , ▁he ▁frequently ▁interrupts ▁his ▁story ▁to ▁yell ▁"" This ▁is ▁the ▁last ▁call ▁for ▁alcohol !!! "", ▁hence ▁the ▁title . 

 < ▁Fi am ce 
 Kanye ▁was ▁a ▁producer ▁for ▁many ▁no - names ▁in ▁the ▁late ▁ 9 0 ' s , ▁most ▁of ▁whom ▁are ▁not ▁even ▁worth ▁mentioning . ▁We ▁could ▁sit ▁here ▁and ▁list ▁Kanye ' s ▁small - time ▁producing ▁in ▁this ▁time ▁period , ▁but ▁you ' ve ▁never ▁heard ▁of ▁any ▁of ▁these ▁people , ▁we ▁promise . ▁So ▁let ' s ▁save ▁both ▁our ▁time ▁by ▁fast ▁forwarding ▁to ▁ 2"
man,343,"▁# 7 4 </i> </ p > 
 <h4> Welcome </h4> 
 < p > This ▁is ▁ <i> De jal News </i> , ▁an ▁occasional ▁newsletter ▁from ▁< a ▁href =""/""> De jal </ a >.</ p > 
 < p > <i> <b> If ▁you ▁want ▁to ▁receive ▁these ▁newsletters ▁in ▁your ▁email ▁inbox , ▁head ▁over ▁to ▁the ▁< a ▁href =""/ subscribe /""> De jal News ▁subscribe ▁page </ a > ▁to ▁sign ▁up . </b> </i> </ p > 
 <h4> De jal News ▁is ▁back ! </h4> 
 < p > The ▁previous ▁issue ▁of ▁ <i> De jal News </i> ▁was ▁a ▁bit ▁over ▁a ▁year ▁ago . ▁I ▁didn ' t ▁intend ▁to ▁take ▁a ▁year ▁off ▁publishing ▁these"
man,343,"▁hit ▁with ▁a ▁higher ▁tax ▁next ▁year . ▁By ▁holding ▁back ▁the ▁increase ▁until ▁after ▁the ▁local ▁elections , ▁they ▁obviously ▁thought ▁that ▁the ▁wool ▁could ▁be ▁pulled ▁over ▁voters ’ ▁eyes . 

 “ This ▁is ▁the ▁wrong ▁tax ▁at ▁the ▁wrong ▁time , ▁placing ▁unacceptable ▁numbers ▁of ▁people ▁across ▁the ▁country ▁under ▁unacceptable ▁pressure . ▁At ▁the ▁very ▁least , ▁the ▁Government ▁needs ▁to ▁repeal ▁this ▁under hand ▁section ▁of ▁the ▁legislation ▁and ▁insist ▁that ▁there ▁will ▁be ▁no ▁increases ▁for ▁at ▁least ▁three ▁years .” 

 Hey ▁Miche al ▁Martin , ▁whats ▁this ▁rubbish ▁about ▁you ▁defending ▁ 1 8 0 ▁Garda ▁statements ▁that ▁didn ' t ▁hold ▁up ▁in ▁Court .. ▁What ▁strokes ▁you ▁trying ▁to ▁pulling ▁in ▁saving ▁this ▁broken ▁institutions ▁face"
man,343,": 

 "" Are ▁you ▁trying ▁to ▁tell ▁me ▁that ▁if ▁I ▁am ▁not ▁nice ▁to ▁you , ▁you ▁are ▁going ▁to ▁fire ▁me ?"" 

 "" I ' m ▁not ▁doing ▁anything . ▁This ▁is ▁your ▁choice ."" ▁David ▁sat ▁back ▁in ▁his ▁chair ▁looking ▁smug , ▁as ▁if ▁he ▁really ▁thought ▁sh ▁would ▁change ▁her ▁mind . 

 Hon ▁Hoh , ▁a ▁teacher ▁of ▁the ▁Revelation , ▁takes ▁readers ▁on ▁a ▁riveting ▁journey 

 Do ▁each ▁of ▁us ▁play ▁a ▁role ▁in ▁the ▁kingdom ▁of ▁God ? ▁Can ▁the ▁choices ▁we ▁make ▁affect ▁God ’ s ▁timing ▁of ▁future ▁events ? ▁Hon ▁Hoh ▁examines ▁these ▁questions ▁while ▁taking ▁his ▁readers ▁on ▁a ▁riveting ▁adventure ▁in ▁The ▁Trigger : ▁A ▁Novel ▁on ▁the ▁Revelation . ▁Through"
man,343,"▁it ▁moves ▁forward ; ▁read ▁more ▁about ▁that ▁effort ▁here . ▁I ▁haven ' t ▁seen ▁too ▁much ▁technical ▁information ▁flowing ▁from ▁the ▁Open ▁Compute ▁Summit , ▁although ▁James ▁Hamilton ▁of ▁Amazon ▁posted ▁his ▁slides ▁online ▁here : ▁here 

 Meanwhile ▁( was ▁this ▁part ▁of ▁the ▁summit , ▁or ▁independent ?), ▁the ▁team ▁at ▁Anand Tech ▁have ▁done ▁some ▁independent ▁testing ▁of ▁the ▁Open ▁Compute ▁server ▁components ; ▁in ▁their ▁conclusion , ▁they ▁commend ▁the ▁Open ▁Compute ▁work ▁as ▁showing ▁tremendous ▁potential : 

 The ▁Facebook ▁Open ▁Compute ▁servers ▁have ▁made ▁quite ▁an ▁impression ▁on ▁us . ▁Remember , ▁this ▁is ▁Facebook ' s ▁first ▁attempt ▁to ▁build ▁a ▁cloud ▁server ! ▁This ▁server ▁uses ▁very ▁little ▁power ▁when ▁running ▁at ▁low ▁load ▁( see ▁our"
man,343,"▁interview , ▁he ▁frequently ▁interrupts ▁his ▁story ▁to ▁yell ▁"" This ▁is ▁the ▁last ▁call ▁for ▁alcohol !!! "", ▁hence ▁the ▁title . 

 Controversy 

 What ▁happened ? 

 In ▁the ▁midst ▁of ▁Hurricane ▁Katrina , ▁there ▁was ▁a ▁well ▁publicized ▁event ▁in ▁which ▁Kay ne ▁West ▁accused ▁the ▁president ▁of ▁hating ▁black ▁people . ▁This ▁was ▁untrue . ▁However ▁rumor ▁has ▁it ▁that ▁fellow ▁actor ▁( and ▁rising ▁rap ▁star let ) ▁Hurricane ▁Katrina ▁Jones ▁professed ▁to ▁Kay ne ▁West ▁that ▁he ▁does ▁in ▁fact ▁hate ▁the ▁way ▁black ▁people ▁are ▁sometimes ▁treated , ▁and ▁Mexicans , ▁and ▁Jews , ▁and ▁Arabs . 

 The ▁President ▁later ▁responded ▁to ▁West ' s ▁comments ▁with ▁a ▁note ▁he ▁wrote ▁all ▁by ▁himself , ▁and ▁in ▁early"
man,343,"▁( Of ▁course , ▁Amazon ▁isn ' t ▁pulling ▁in ▁the ▁billions ▁that ▁Samsung ▁is . ▁But ▁I ▁think ▁I ▁like ▁their ▁odds ▁in ▁the ▁very ▁long ▁run ▁better .) 

 Eh . 

 Apple ▁doesn ' t ▁make ▁real ▁money ▁on ▁content . ▁Amazon ▁can ' t ▁either . ▁Amazon ▁is ▁building ▁a ▁storefront ▁for ▁your ▁lap . ▁They ▁want ▁you ▁to ▁buy ▁underwear ▁with ▁this ▁thing , ▁and ▁their ▁profit ▁margin ▁is ▁on ▁the ▁Amazon ▁Prime ▁subscription ▁you ▁need ▁to ▁keep ▁in ▁order ▁to ▁make ▁the ▁device ▁useful . ▁This ▁is ▁the ▁carrier ▁model ▁- ▁they ▁subsid ize ▁the ▁hardware ▁and ▁you ▁pay ▁them ▁$ 8 0 / yr ▁to ▁use ▁it . ▁Once ▁you ' re ▁paying ▁the ▁$ 8 0 , ▁you ▁might"
man,343,"▁make ▁them ▁easily ▁identifiable ▁against ▁white ▁paper . ▁White ▁envelopes ▁were ▁printed ▁with ▁the ▁C EV M ▁logo ▁and ▁the ▁words ▁' THIS ▁IS ▁A ▁SCIENTIFIC ▁RESEARCH ▁STUDY . ▁THIS ▁IS ▁NOT ▁JUN K ▁MAIL , ▁AN ▁APPEAL ▁FOR ▁DON ATIONS ▁OR ▁MARKET ▁RESEARCH ' ▁to ▁make ▁it ▁distinguishable ▁from ▁marketing ▁mail ings . ▁A ▁pen , ▁chocolate ▁and ▁a ▁return ▁postage ▁paid ▁envelope ▁were ▁included ▁and ▁a ▁prize ▁incentive ▁was ▁offered ▁(£ 5 0 0 ▁towards ▁the ▁continuing ▁professional ▁development ▁course / s ▁of ▁choice ). ▁If ▁participants ▁filled ▁in ▁the ▁online ▁version , ▁they ▁had ▁an ▁extra ▁chance ▁of ▁winning ▁£ 5 0 ▁worth ▁of ▁department ▁store ▁vouchers . 

 The ▁R CVS ▁mailing ▁list ▁was ▁obtained ▁in ▁October ▁ 2 0 1 0 ."
man,343,"1 9 6 0 ▁once ▁the ▁White ▁Man ▁put ▁his ▁burden ▁of ▁civiliz ing ▁the ▁un civil isable ▁down . ▁BTW , ▁slavery ▁has ▁never ▁left ▁the ▁areas ▁ruled ▁by ▁mos lems . 

 gates ▁tells ▁the ▁truth ▁for ▁once 

 Sh hh ▁.. ▁keep ▁it ▁quiet ▁ok ? ▁Tribal ▁chiefs ▁who ▁sold ▁off ▁all ▁the ▁slaves ▁to ▁the ▁white ▁man ▁owned ▁a ▁billion ▁slaves ▁too ▁and ▁still ▁do ▁… 

 Joseph 

 If ▁these ▁benevolent ▁black ▁slave ▁owners ▁kept ▁black ▁slaves ▁“ to ▁protect ▁that ▁person ”, ▁what ▁would ▁prevent ▁them ▁from ▁emancip ating ▁them ▁voluntarily ▁even ▁if ▁they ▁stayed ▁with ▁the ▁family . 

 This ▁is ▁the ▁usual ▁noise ▁from ▁the ▁left ; ▁“ If ▁we ▁do ▁it ▁it ▁is ▁not ▁the ▁same ”. 

"
man,343,"▁of ▁studies ▁to ▁date ▁may ▁limit ▁the ▁ability ▁to ▁identify ▁general izable ▁information ▁about ▁the ▁effectiveness ▁of ▁specific ▁strategies . ▁Moreover , ▁of ▁the ▁nine ▁studies ▁that ▁met ▁inclusion ▁criteria ▁for ▁this ▁review , ▁four ▁were ▁care ▁delivery ▁interventions ▁tested ▁in ▁trials ▁that ▁were ▁powered ▁on ▁main ▁( clinical ) ▁outcomes . ▁These ▁studies ▁may ▁have ▁been ▁under powered ▁to ▁detect ▁differences ▁in ▁secondary ▁outcomes , ▁such ▁as ▁medication ▁receipt . 

 Despite ▁these ▁limitations , ▁this ▁is ▁the ▁first ▁review ▁to ▁our ▁knowledge ▁conducted ▁with ▁the ▁goal ▁of ▁understanding ▁strategies ▁that ▁may ▁be ▁effective ▁for ▁implementing ▁medication ▁treatment ▁for ▁AUD --- a ▁substantially ▁under utilized ▁treatment . ▁Unfortunately , ▁our ▁review ▁did ▁not ▁reveal ▁which ▁strategies ▁are ▁most ▁effective ▁for ▁implementing ▁AUD ▁medications . ▁However ,"
man,343,"

 ###### ▁ 

 Click ▁here ▁for ▁additional ▁data ▁file . 

 1 0 . 1 3 7 1 / journal . pp at . 1 0 0 8 4 8 4 . r 0 0 3 

 Decision ▁Letter ▁ 1 

 Diamond 

 Michael ▁S . 

 Section ▁Editor 

 Rey 

 Fé lix ▁A . 

 Associate ▁Editor 

 © ▁ 2 0 2 0 ▁Diamond , ▁Rey 

 2 0 2 0 

 Diamond , ▁Rey 

 This ▁is ▁an ▁open ▁access ▁article ▁distributed ▁under ▁the ▁terms ▁of ▁the 

 Creative ▁Commons ▁Attribution ▁License 

 , ▁which ▁permits ▁unrestricted ▁use , ▁distribution , ▁and ▁reproduction ▁in ▁any ▁medium , ▁provided ▁the ▁original ▁author ▁and ▁source ▁are ▁credited . 

 1 8 ▁Mar ▁"
man,343,"

 ###### ▁ 

 Click ▁here ▁for ▁additional ▁data ▁file . 

 1 0 . 1 3 7 1 / journal . pp at . 1 0 0 8 4 8 4 . r 0 0 3 

 Decision ▁Letter ▁ 1 

 Diamond 

 Michael ▁S . 

 Section ▁Editor 

 Rey 

 Fé lix ▁A . 

 Associate ▁Editor 

 © ▁ 2 0 2 0 ▁Diamond , ▁Rey 

 2 0 2 0 

 Diamond , ▁Rey 

 This ▁is ▁an ▁open ▁access ▁article ▁distributed ▁under ▁the ▁terms ▁of ▁the 

 Creative ▁Commons ▁Attribution ▁License 

 , ▁which ▁permits ▁unrestricted ▁use , ▁distribution , ▁and ▁reproduction ▁in ▁any ▁medium , ▁provided ▁the ▁original ▁author ▁and ▁source ▁are ▁credited . 

 1 8 ▁Mar ▁"
man,343,"▁the ▁requirements ▁of ▁section ▁ 7 4 9 1 ( a ); 

 according ly , ▁the ▁burden ▁remains ▁with ▁petitioner ▁to ▁show ▁respondent ’ s 

 determin ations ▁were ▁incorrect . 

 ▁▁▁▁▁▁ This ▁is ▁a ▁dispute ▁over ▁whether ▁petitioner ▁had ▁repor table ▁cancellation ▁of 

 inde b ted ness ▁income ▁that ▁she ▁failed ▁to ▁report ▁on ▁her ▁ 2 0 1 1 ▁tax ▁return . ▁The ▁Code 

 defines ▁income ▁liberally ▁as ▁“ all ▁income ▁from ▁whatever ▁source ▁derived ”. ▁Sec . 

 6 1 ( a ). ▁Specifically , ▁income ▁includes ▁any ▁income ▁from ▁the ▁discharge ▁of 

 inde b ted ness . ▁Sec . ▁ 6 1 ( a )( 1 2 ); ▁sec . ▁ 1 . 6 1 - 1 2"
man,343,"TF AP 2 A * ▁in ▁two ▁children ▁affected ▁with ▁congenital ▁catar acts ▁from ▁a ▁cons angu ine ous ▁family ▁of ▁Pakistani ▁decent . ▁This ▁cataract - causing ▁deletion ▁removes ▁the ▁first ▁coding ▁ex ons ▁of ▁* GC NT 2 * ▁isoforms ▁* A * ▁and ▁* B * ▁but ▁leaves ▁the ▁* GC NT 2 C * ▁sequence ▁intact , ▁providing ▁further ▁support ▁for ▁the ▁is oform - specific ▁roles ▁of ▁this ▁gene ; ▁this ▁is ▁the ▁first ▁disruption ▁of ▁* GC NT 2 * ▁reported ▁which ▁does ▁not ▁affect ▁is oform ▁* C *. ▁While ▁the ▁patients ▁do ▁not ▁fit ▁a ▁diagnosis ▁of ▁BO FS , ▁one ▁sibling ▁demonstrates ▁mild ▁overlap ▁with ▁the ▁phenotypic ▁spectrum , ▁and ▁therefore ▁an ▁effect ▁of ▁this ▁deletion ▁on ▁the"
man,343,"▁as ▁a ▁new ▁and ▁emerging ▁player ▁in 
 the ▁oil ▁and ▁gas ▁world . 

 "" As ▁V . Ships ' ▁regional ▁office , ▁we ▁possess ▁the ▁necessary ▁skill set 
 and ▁experience ▁to ▁deliver ▁on ▁quality ▁for ▁our ▁offshore ▁clients ▁like 
 Polar cus . ▁As ▁a ▁direct ▁result ▁of ▁this ▁dedication ▁to ▁quality ▁and ▁cost 
 optimis ation , ▁this ▁is ▁our ▁fourth ▁back ▁to ▁back ▁offshore ▁marine 
 services ▁contract ▁in ▁the ▁last ▁three ▁years . 

 "" The ▁vast ▁majority ▁of ▁our ▁crew ▁have ▁been ▁with ▁us ▁in ▁other ▁similar 
 projects ▁in ▁the ▁Black ▁Sea ▁and ▁other ▁parts ▁of ▁the ▁world , ▁so ▁we ▁are 
 confident ▁that ▁they ▁will ▁integrate ▁quickly ▁with ▁Polar cus ▁crew 
 on - board ."" 

"
man,343,"▁Leon ’ s ▁grief . ▁If ▁the ▁player ▁empathi zes ▁with ▁Leon ▁( hopefully ▁they ▁do ▁if ▁they ’ ve ▁gotten ▁this ▁far ▁in ▁the ▁game ), ▁when ▁Leon ▁cries ▁out ▁in ▁agony ▁over ▁the ▁death ▁of ▁his ▁friend , ▁the ▁player , ▁too , ▁is ▁motivated ▁seek ▁justice ▁for ▁a ▁lost ▁friend . ▁This ▁is ▁the ▁opposite ▁of ▁Link ’ s ▁silence ▁that ▁I ▁discussed ▁in ▁my ▁last ▁article . ▁Unlike ▁Link , ▁who ▁leaves ▁you ▁to ▁form ▁your ▁experience ▁for ▁yourself , ▁Leon ▁hands ▁you ▁his ▁grief , ▁and ▁in ▁this ▁way ▁motivates ▁you ▁to ▁action . ▁This ▁is ▁good ▁storytelling . ▁Clearly ▁Resident ▁Evil ▁ 4 ▁has ▁nailed ▁the ▁motivational ▁aspect ▁of ▁making ▁a ▁powerful ▁narrative ▁in ▁a ▁game . ▁But ▁at ▁this ▁point"
man,343,"▁influenced ▁the ▁emergence ▁of ▁feminism . ▁The ▁Cabinet ▁wives ▁insisted ▁that ▁the ▁interests ▁and ▁honor ▁of ▁all ▁women ▁were ▁at ▁stake . ▁They ▁believed ▁a ▁responsible ▁woman ▁should ▁never ▁accord ▁a ▁man ▁sexual ▁favors ▁without ▁the ▁assurance ▁that ▁went ▁with ▁marriage . ▁A ▁woman ▁who ▁broke ▁that ▁code ▁was ▁dishon orable ▁and ▁unacceptable . ▁Howe ▁notes ▁that ▁this ▁was ▁the ▁feminist ▁spirit ▁that ▁in ▁the ▁next ▁decade ▁shaped ▁the ▁woman ' s ▁rights ▁movement . ▁▁ The ▁aristocratic ▁wives ▁of ▁European ▁diplomats ▁in ▁Washington ▁shrugged ▁the ▁matter ▁off ; ▁they ▁had ▁their ▁national ▁interest ▁to ▁uphold , ▁and ▁had ▁seen ▁how ▁life ▁worked ▁in ▁Paris ▁and ▁London . 

 Legacy 
 Hist orian ▁Robert ▁V . ▁Rem ini ▁says ▁that ▁"" the ▁entire ▁Eaton ▁affair ▁might ▁be"
man,343,"▁influenced ▁the ▁emergence ▁of ▁feminism . ▁The ▁Cabinet ▁wives ▁insisted ▁that ▁the ▁interests ▁and ▁honor ▁of ▁all ▁women ▁were ▁at ▁stake . ▁They ▁believed ▁a ▁responsible ▁woman ▁should ▁never ▁accord ▁a ▁man ▁sexual ▁favors ▁without ▁the ▁assurance ▁that ▁went ▁with ▁marriage . ▁A ▁woman ▁who ▁broke ▁that ▁code ▁was ▁dishon orable ▁and ▁unacceptable . ▁Howe ▁notes ▁that ▁this ▁was ▁the ▁feminist ▁spirit ▁that ▁in ▁the ▁next ▁decade ▁shaped ▁the ▁woman ' s ▁rights ▁movement . ▁▁ The ▁aristocratic ▁wives ▁of ▁European ▁diplomats ▁in ▁Washington ▁shrugged ▁the ▁matter ▁off ; ▁they ▁had ▁their ▁national ▁interest ▁to ▁uphold , ▁and ▁had ▁seen ▁how ▁life ▁worked ▁in ▁Paris ▁and ▁London . 

 Legacy 
 Hist orian ▁Robert ▁V . ▁Rem ini ▁says ▁that ▁"" the ▁entire ▁Eaton ▁affair ▁might ▁be"
man,343,"▁to ▁help ▁us ▁interested ▁lay - people ▁try ▁to ▁come ▁to ▁grips ▁with ▁what ▁happened , ▁and ▁why , ▁and ▁what ▁does ▁it ▁mean , ▁and ▁how ▁do ▁we ▁make ▁it ▁better ▁in ▁the ▁future . 

 Certainly , ▁it ▁makes ▁me ▁more ▁motivated ▁to ▁return ▁to ▁my ▁own ▁designs , ▁and ▁to ▁study ▁them , ▁and ▁test ▁them , ▁and ▁continue ▁to ▁learn ▁from ▁my ▁own ▁failures ▁and ▁make ▁my ▁future ▁work ▁better . ▁I ▁recommend ▁this ▁article ▁highly ; ▁I ▁think ▁you ' ll ▁find ▁it ▁interesting ▁and ▁well ▁worth ▁your ▁time . 

 This ▁is ▁the ▁second ▁major ▁release ▁since ▁I ▁joined ▁the ▁team , ▁and ▁I ' m ▁quite ▁excited ▁about ▁it . ▁Although ▁I ▁played ▁only ▁a ▁minor ▁role ▁in ▁this ▁release"
man,343,"▁Note : ▁I ▁signed ▁up ▁for ▁a ▁month - long ▁Digital ▁Detox ▁project ▁out ▁of ▁Middle bury ▁College ▁and ▁enjoyed ▁the ▁email ▁updates ▁throughout ▁January ▁that ▁got ▁us ▁thinking ▁about ▁our ▁digital ▁lives , ▁and ▁offered ▁small ▁steps ▁and ▁actions ▁to ▁take . ▁I ▁made ▁comics ▁about ▁the ▁concepts ▁as ▁a ▁way ▁to ▁read ▁deeper ▁and ▁think ▁a ▁little ▁more ▁critically ▁about ▁the ▁ways ▁digital ▁devices ▁and ▁platforms ▁are ▁part ▁of ▁our ▁lives . ▁This ▁is ▁the ▁last ▁comic ▁I ▁made ▁for ▁that ▁project . 

 Kevin ’ s ▁Note : ▁I ▁signed ▁up ▁for ▁a ▁month - long ▁Digital ▁Detox ▁project ▁out ▁of ▁Middle bury ▁College ▁and ▁enjoyed ▁the ▁email ▁updates ▁throughout ▁January ▁that ▁got ▁us ▁thinking ▁about ▁our ▁digital ▁lives , ▁and ▁offered ▁small ▁steps"
man,343,"▁Note : ▁I ▁signed ▁up ▁for ▁a ▁month - long ▁Digital ▁Detox ▁project ▁out ▁of ▁Middle bury ▁College ▁and ▁enjoyed ▁the ▁email ▁updates ▁throughout ▁January ▁that ▁got ▁us ▁thinking ▁about ▁our ▁digital ▁lives , ▁and ▁offered ▁small ▁steps ▁and ▁actions ▁to ▁take . ▁I ▁made ▁comics ▁about ▁the ▁concepts ▁as ▁a ▁way ▁to ▁read ▁deeper ▁and ▁think ▁a ▁little ▁more ▁critically ▁about ▁the ▁ways ▁digital ▁devices ▁and ▁platforms ▁are ▁part ▁of ▁our ▁lives . ▁This ▁is ▁the ▁last ▁comic ▁I ▁made ▁for ▁that ▁project . 

 Kevin ’ s ▁Note : ▁I ▁signed ▁up ▁for ▁a ▁month - long ▁Digital ▁Detox ▁project ▁out ▁of ▁Middle bury ▁College ▁and ▁enjoyed ▁the ▁email ▁updates ▁throughout ▁January ▁that ▁got ▁us ▁thinking ▁about ▁our ▁digital ▁lives , ▁and ▁offered ▁small ▁steps"
man,343,"▁AIDS ▁patients . ▁Last ▁week ' s ▁rec lassification ▁ruling ▁allows 
 doctors ▁greater ▁flexibility ▁to ▁prescribe ▁Marin ol ▁and ▁relaxes ▁record 
 keeping ▁requirements ▁on ▁the ▁drug . 

 Str oup ▁noted , ▁however , ▁that ▁it ▁raises ▁further ▁questions ▁about ▁the 
 future ▁of ▁medical ▁marijuana . ▁"" This ▁decision ▁by ▁the ▁federal ▁government 
 acknowled ges ▁that ▁one ▁of ▁the ▁primary ▁compounds ▁in ▁marijuana , ▁THC , ▁is 
 medic ally ▁valuable ▁and ▁lacks ▁a ▁high ▁potential ▁for ▁abuse ,"" ▁he ▁said . ▁"" Yet , 
 this ▁same ▁government ▁maintains ▁that ▁marijuana ▁must ▁remain ▁crimin ally 
 pro hibited ▁because ▁it ▁has ▁no ▁medical ▁value ▁and ▁a ▁high ▁abuse ▁potential . 
 This ▁is ▁the ▁equivalent ▁of ▁the ▁government ▁endorsing ▁Vitamin ▁C ▁but"
man,343,"▁Although ▁early ▁PA ▁without ▁elevated ▁serum ▁level ▁of ▁PSA ▁is ▁common , ▁advanced ▁PA ▁with ▁absence ▁of ▁elevated ▁serum ▁PSA , ▁associated ▁with ▁presence ▁of ▁tissue ▁immun ore active ▁pro static ▁markers ▁are ▁rare . ▁This ▁is ▁the ▁first ▁report ▁of ▁advanced ▁pro static ▁aden ocar cin omas ▁showing ▁loss ▁of ▁tumor ▁cell ▁prostate - specific ▁markers ▁with ▁absence ▁of ▁elevated ▁serum ▁PSA ▁level ▁after ▁hormonal ▁therapy ▁despite ▁tumor ▁progression . <bos> Q : 

 Angular 2 ▁Testing : ▁Service ▁returning ▁function ▁instead ▁of ▁object ▁array 

 I ▁want ▁to ▁write ▁some ▁tests ▁for ▁my ▁service ▁written ▁in ▁Angular ▁ 2 . 1 . 0 : 
 @ Injectable () 
 export ▁class ▁My Service ▁{ 
 ▁▁▁▁ api _ base _ url ▁= ▁' http ://"
man,343,"▁works : 

 Issues ▁are ▁raised ▁in ▁the ▁Apache ▁issue - tracking ▁system ; 

 discussion ▁is ▁held ▁in ▁the ▁issue ▁comments ▁and ▁on ▁mailing ▁lists ; 

 various ▁contributors ▁suggest ▁ideas ; 

 someone ▁"" with ▁an ▁itch ▁to ▁scratch "" ▁dives ▁into ▁the ▁problem ▁and ▁constructs ▁a ▁patch ; 

 the ▁patch ▁is ▁proposed ▁by ▁attaching ▁it ▁to ▁the ▁issue - tracking ▁system ; 

 further ▁discussion ▁and ▁testing ▁occurs , ▁now ▁shaped ▁by ▁the ▁concrete ▁nature ▁of ▁the ▁proposed ▁patch ; 

 a ▁commit ter ▁who ▁becomes ▁persuaded ▁of ▁the ▁desirability ▁of ▁the ▁patch ▁commits ▁it ▁to ▁the ▁repository ; 

 eventually ▁a ▁release ▁occurs ▁and ▁the ▁change ▁becomes ▁widely ▁distributed . 

 This ▁is ▁the ▁process ▁as ▁I ▁have ▁seen ▁it ▁and ▁participated"
man,343,"▁earlier ▁in ▁the ▁Torah : ▁the ▁Ten ▁Commandments ▁are ▁repeated ▁in ▁a ▁slightly ▁different ▁configuration , ▁the ▁feasts ▁and ▁holidays ▁are ▁revisited , ▁and ▁some ▁of ▁the ▁laws ▁from ▁Exodus ▁and ▁Levi ticus ▁are ▁rest ated . ▁However , ▁it ▁is ▁hard ▁to ▁ignore ▁the ▁very ▁different ▁tone ▁and ▁presentation ▁of ▁the ▁laws ▁in ▁Deuteronomy . ▁While ▁the ▁legal ▁bits ▁in ▁the ▁previous ▁books ▁were ▁written ▁down ▁as ▁literature , ▁the ▁material ▁in ▁Deuteronomy ▁appears ▁to ▁have ▁been ▁designed ▁to ▁be ▁read ▁out ▁loud . ▁A ▁repeated ▁refrain ▁throughout ▁the ▁book ▁is ▁“ Hear , ▁O ▁Israel …” ▁followed ▁by ▁some ▁instruction , ▁blessing , ▁or ▁warning . 

 And ▁speaking ▁of ▁blessing ▁and ▁warning , ▁this ▁is ▁perhaps ▁the ▁main ▁innovation ▁of ▁Deuteronomy . ▁While ▁the"
man,343,"▁of ▁PV Y ▁in ▁[ Table ▁ 1 ](# viruses - 1 2 - 0 0 1 3 2 - t 0 0 1 ){ ref - type ="" table ""} ▁is ▁correct , ▁then ▁[ Figure ▁S 1 ](# app 1 - viruses - 1 2 - 0 0 1 3 2 ){ ref - type ="" app ""}, ▁a ▁ML ▁tree ▁of ▁ 3 8 ▁representative ▁ORF ▁sequences , ▁indicates ▁that ▁the ▁long ▁basal ▁branch ▁of ▁the ▁lineage ▁covered ▁the ▁period ▁ 1 5 . 4 -- 1 8 . 8 ▁thousand ▁Y BP . ▁This ▁is ▁the ▁period ▁human ▁progen itors ▁of ▁the ▁Amer indi ans ▁are ▁most ▁likely ▁to ▁have ▁migrated ▁to ▁the ▁Americas ▁(< https :// en . wikipedia . org /"
man,343,"▁it ’ s ▁on ▁the ▁bou lev ards , ▁where ▁we ▁add ▁cross ▁traffic ▁and ▁traffic ▁signals . ▁“ it ’ s ▁comparatively ▁easy .” ▁Bea ub ien ▁says ▁of ▁that ▁condition . 

 But ▁when ▁you ▁ramp ▁up ▁to ▁driving ▁in ▁urban ▁centers ▁a ▁whole ▁new ▁set ▁of ▁conditions ▁are ▁encountered . ▁“ Here ▁everything ▁is ▁so ▁compact , ▁cars ▁are ▁coming ▁from ▁every ▁which ▁way ▁and ▁there ’ s ▁all ▁kinds ▁of ▁traffic ▁with ▁pedestrians ▁and ▁mixed ▁intersections ▁going ▁on . ▁This ▁is ▁the ▁hardest ▁kind ▁of ▁driving .” 

 When ▁we ▁think ▁of ▁rolling ▁in ▁self - driving ▁vehicles , ▁Bea ub ien ▁says ▁we ▁think ▁of ▁roads ▁that ▁are ▁easy ▁to ▁drive , ▁and ▁the ▁weather ▁is ▁good , ▁so ▁bringing ▁that ▁technology"
man,343,"▁farm . 

 Students ▁here ▁have ▁become ▁independent . ▁Instead ▁of ▁asking ▁Hud ak ▁how ▁to ▁organize ▁the ▁hundreds ▁of ▁flowers ▁they ▁picked , ▁they ▁form ▁an ▁assembly ▁line . ▁Rock ▁music ▁bla res ▁from ▁a ▁boom box ▁as ▁students ▁bundle ▁the ▁blooms ▁into ▁bouquets . 

 The ▁farm , ▁producing ▁more ▁than ▁expected , ▁signs ▁up ▁three ▁more ▁CSA ▁members . 

 The ▁work ▁is ▁a ▁lot ▁hotter ▁than ▁the ▁students ▁expected , ▁too . ▁"" This ▁is ▁a ▁job ▁that ▁most ▁people ▁would ▁kill ▁themselves ▁if ▁they ▁had ,"" ▁says ▁Ring wald , ▁who ▁once ▁nearly ▁quit ▁the ▁farm ▁program . ▁"" In ▁the ▁summertime ▁in ▁the ▁heat , ▁it ' s ▁horrible ▁working ▁out ▁here . ▁With ▁Paul , ▁he ▁keeps ▁our ▁enthusiasm ▁up"
man,343,"▁ 2 0 1 1 . 

 This ▁fight ▁took ▁place ▁in ▁Sho oto . 

 “ Ram bo ” ▁almost ▁caught ▁O chi ▁with ▁an ▁ar mbar ▁in ▁the ▁first ▁round . ▁But ▁O chi ▁came ▁back ▁and ▁KO ’ d ▁Kos uke ▁in ▁the ▁second ▁round . ▁That ▁was ▁“ Ram bo ” ‘ s ▁first ▁pro ▁defeat ▁in ▁seven ▁fights . <bos> -- recursive 
 -- require ▁@ babel / register 
 <bos> Accounting 

 Surf ▁Works ▁offer ▁a ▁range ▁of ▁accounting ▁services ▁suitable ▁for ▁all ▁types ▁of ▁business . ▁Below , ▁we ▁have ▁listed ▁packages ▁suitable ▁for ▁sole ▁traders , ▁partnerships ▁and ▁limited ▁companies . ▁The ▁packages ▁can ▁be ▁fully ▁tailored ▁to ▁your ▁requirements ▁by ▁adding ▁extra ▁services ▁to ▁create ▁the ▁exact ▁service"
man,343,"▁We 
 ▁▁▁▁▁▁▁ are ▁not ▁talking ▁about ▁a ▁six - year ▁old , ▁who ▁accident ly ▁shoots ▁the 



 ▁▁▁▁▁▁▁▁▁▁▁▁▁▁▁▁▁▁▁▁▁▁▁▁▁▁▁▁▁▁▁ ▁▁▁▁▁▁▁▁▁▁▁▁ - 5 - 
  J - A 0 8 0 3 5 - 1 9 


 at ▁ 1 1 1 - 1 2 . ▁It ▁went ▁on ▁to ▁say , ▁“ As ▁I ▁said ▁before , ▁this ▁was ▁a ▁- ▁- ▁for ▁lack ▁of ▁a 

 better ▁term ▁- ▁- ▁this ▁is ▁the ▁behavior ▁of ▁an ▁adult .” ▁N . T ., ▁Recons ideration ▁Hearing , 

 3 / 7 / 1 8 ▁at ▁ 9 ▁( emphasis ▁added ). ▁It ▁did ▁not ▁say ▁that ▁he ▁was , ▁in ▁fact , ▁an ▁adult . 

 This ▁claim ▁is ▁thus ▁merit less . 

 ▁▁▁▁▁▁▁"
man,343,"’ t ▁been ▁actually ▁challenged , ▁but ▁that ’ s ▁not ▁a ▁reason ▁NOT ▁to ▁participate ▁in ▁a ▁meme . 

 The ▁instructions ▁are ▁simple : 

 Enter ▁the ▁fourth ▁directory ▁in ▁your ▁picture ▁stash . 

 Choose ▁the ▁fourth ▁picture ▁in ▁your ▁blog 

 Describe ▁when / why / how ▁you ▁took ▁it . 

 Challenge ▁four ▁people ▁to ▁participate 

 Well , ▁this ▁picture ▁is ▁from ▁New ▁York , ▁close ▁to ▁the ▁W TC ▁ground ▁zero , ▁taken ▁in ▁January ▁ 2 0 0 2 , ▁after ▁the ▁cleaning ▁crew ▁was ▁mostly ▁done ▁with ▁the ▁rubble . ▁This ▁was ▁a ▁cold ▁day , ▁easily ▁fifteen ▁below ▁zero , ▁the ▁chill ▁compounded ▁by ▁stiff ▁winds ▁off ▁the ▁rivers . 

 The ▁camera ▁was ▁a ▁brand ▁new"
man,343,"▁to ▁be ▁ 2 . 5 - times ▁lower ▁than ▁that ▁of ▁parent ▁compound ▁RC - 1 2 1 . ▁This ▁is ▁the ▁first ▁report ▁on ▁inhibition ▁of ▁human ▁pancreatic ▁cancer ▁growth ▁in ▁vivo ▁by ▁som at ost atin ▁analogs ▁carrying ▁cytotoxic ▁radicals . <bos> INTRODUCTION ▁{# s 1 } 
 ============ 

 Whilst ▁onco genesis ▁is ▁driven ▁by ▁a ▁multitude ▁of ▁complex , ▁non - programmed ▁molecular ▁events , ▁there ▁are ▁a ▁number ▁of ▁key ▁features ▁of ▁this ▁process , ▁not ▁least ▁of ▁which ▁is ▁the ▁aberrant ▁activation ▁of ▁genes ▁that ▁would ▁normally ▁be ▁silenced ▁in ▁a ▁given ▁tissue ▁context ▁\[ [@ R 1 ] \] . ▁The ▁so ▁called ▁cancer / tes tis ▁( CT ) ▁or ▁cancer ▁germ line ▁( CG ) ▁genes ▁are"
man,343,"▁to ▁be ▁ 2 . 5 - times ▁lower ▁than ▁that ▁of ▁parent ▁compound ▁RC - 1 2 1 . ▁This ▁is ▁the ▁first ▁report ▁on ▁inhibition ▁of ▁human ▁pancreatic ▁cancer ▁growth ▁in ▁vivo ▁by ▁som at ost atin ▁analogs ▁carrying ▁cytotoxic ▁radicals . <bos> INTRODUCTION ▁{# s 1 } 
 ============ 

 Whilst ▁onco genesis ▁is ▁driven ▁by ▁a ▁multitude ▁of ▁complex , ▁non - programmed ▁molecular ▁events , ▁there ▁are ▁a ▁number ▁of ▁key ▁features ▁of ▁this ▁process , ▁not ▁least ▁of ▁which ▁is ▁the ▁aberrant ▁activation ▁of ▁genes ▁that ▁would ▁normally ▁be ▁silenced ▁in ▁a ▁given ▁tissue ▁context ▁\[ [@ R 1 ] \] . ▁The ▁so ▁called ▁cancer / tes tis ▁( CT ) ▁or ▁cancer ▁germ line ▁( CG ) ▁genes ▁are"
man,343,"s ▁no ▁explicit ▁view ▁policy , ▁make ▁it ▁very ▁restrictive ▁by ▁default . 
 ▁▁▁▁ // ▁This ▁is ▁the ▁correct ▁policy ▁for ▁files ▁dropped ▁onto ▁objects ▁during 
 ▁▁▁▁ // ▁creation , ▁comment ▁and ▁edit ▁flows . 
 ▁▁▁▁ $ view _ policy ▁= ▁$ request -> get Str (' view Policy '); 
 ▁▁▁▁ if ▁(!$ view _ policy ) ▁{ 
 ▁▁▁▁▁▁ $ view _ policy ▁= ▁$ viewer -> get PH ID (); 
 ▁▁▁▁ } 

 ▁▁▁▁ $ is _ chunks ▁= ▁$ request -> get Bool (' query chunks '); 
 ▁▁▁▁ if ▁($ is _ chunks ) ▁{ 
 ▁▁▁▁▁▁ $ params ▁= ▁array ( 
 ▁▁▁▁▁▁▁▁ ' file PH ID ' ▁=> ▁$ file _ ph id , 
 ▁▁▁▁▁▁"
man,343,"0 , ▁and ▁TCC ▁is ▁disabled , ▁this ▁is ▁a ▁cont endor 
 ▁▁▁▁▁▁▁▁▁▁▁▁ if ▁(! b TCC ) ▁▁▁ // ▁Is ▁this ▁GPU ▁running ▁the ▁TCC ▁driver ? ▁▁ If ▁so ▁we ▁pass ▁on ▁this 
 ▁▁▁▁▁▁▁▁▁▁▁▁ { 
 ▁▁▁▁▁▁▁▁▁▁▁▁▁▁▁▁ int ▁compute _ perf ▁▁ = ▁multi Processor Count ▁* ▁sm _ per _ multi proc ▁* ▁clock Rate ; 

 ▁▁▁▁▁▁▁▁▁▁▁▁▁▁▁▁ if ▁( compute _ perf ▁▁ > ▁max _ compute _ perf ) 
 ▁▁▁▁▁▁▁▁▁▁▁▁▁▁▁▁ { 
 ▁▁▁▁▁▁▁▁▁▁▁▁▁▁▁▁▁▁▁▁ // ▁If ▁we ▁find ▁GPU ▁with ▁SM ▁major ▁> ▁ 2 , ▁search ▁only ▁these 
 ▁▁▁▁▁▁▁▁▁▁▁▁▁▁▁▁▁▁▁▁ if ▁( best _ SM _ arch ▁> ▁ 2 ) 
 ▁▁▁▁▁▁▁▁▁▁▁▁▁▁▁▁▁▁▁▁ { 
 ▁▁▁▁▁▁▁▁▁▁▁▁▁▁▁▁▁▁▁▁▁▁▁▁ // ▁If ▁our ▁device ▁= ▁dest _ SM _ arch , ▁then ▁we"
man,343,"0 ▁and ▁persist ing ▁through ▁ 1 0 . 2 ▁or ▁later 

 I ▁am ▁trying ▁to ▁understand ▁the ▁new ▁tem plating ▁in ▁version ▁ 1 0 . ▁While ▁there ▁is ▁a ▁general ▁documentation ▁page ▁with ▁links ▁to ▁docs ▁for ▁each ▁new ▁function , ▁so ▁far ▁I ▁am ▁unable ▁to ▁find ▁any ▁report ▁generation ▁worked ▁examples ▁of ▁what ▁a ▁user ▁may ▁do ▁after ▁they ▁open ▁File ▁> ▁New ▁> ▁Template ▁Notebook . ▁Additionally ▁when ▁I ▁press ▁the ▁help ▁button ▁on ▁the ▁template ▁notebook ▁it ▁seems ▁there ▁is ▁documentation ▁missing : 

 When ▁you ▁type ▁"" Report Generation "" ▁in ▁the ▁docs ▁this ▁is ▁what ▁you ▁get : 

 Templates ▁were ▁first ▁introduced ▁in ▁the ▁Finance ▁Platform ▁-- ▁which ▁is ▁essentially ▁a ▁version ▁of ▁Mathematica ▁with ▁a ▁few"
man,343,"▁first ▁table . 
 Thanks 

 A : 

 this ▁a ▁quick ▁example ▁of ▁how ▁to ▁achieve ▁your ▁requirement ... 
 CREATE ▁TABLE ▁IF ▁NOT ▁EXISTS ▁` feeds ` ▁( 
 ▁▁ ` Feed _ ID ` ▁int ( 1 1 ) ▁NOT ▁NULL , 
 ▁▁ ` Feed _ Name ` ▁varchar ( 3 2 ) ▁NOT ▁NULL , 
 ▁▁ ` Feed _ Url ` ▁varchar ( 2 5 5 ) ▁NOT ▁NULL , 
 ▁▁ PRIMARY ▁KEY ▁(` Feed _ ID `) 
 ) 

 CREATE ▁TABLE ▁IF ▁NOT ▁EXISTS ▁` feed items ` ▁( 
 ▁▁ ` Feed Item _ ID ` ▁int ( 1 1 ) ▁NOT ▁NULL , 
 ▁▁ ` Feed _ ID ` ▁int ( 1 1 ) ▁NOT"
man,343,"▁impose ▁clear ▁and ▁significant ▁opportunity ▁costs ▁on ▁Google ’ s ▁standards ▁acti i vities . 

 "" Un related ""? ▁I ▁think ▁that ▁is ▁an ▁overly ▁strong ▁critique . ▁Surely ▁Dart ▁is ▁strongly ▁related . 

 What ▁is ▁the ▁best ▁way , ▁then ? ▁Continue ▁to ▁improve ▁the ▁existing ▁language , ▁or ▁work ▁on ▁building ▁new ▁languages ? ▁Can ▁we ▁really ▁not ▁do ▁both ? ▁After ▁all , ▁Dart ▁is ▁not ▁the ▁only ▁new ▁language ▁built ▁on ▁top ▁of ▁and ▁closely ▁related ▁to ▁JavaScript : ▁consider ▁Coffee Script , ▁for ▁example . ▁It ▁is ▁another ▁new ▁language ▁which ▁is ▁designed ▁for ▁the ▁web , ▁and ▁is ▁implemented ▁by ▁being ▁compiled ▁into ▁JavaScript . ▁Coffee Script ▁is ▁interesting ; ▁it ▁pushes ▁the ▁envelope ▁in ▁other ▁directions , ▁such"
man,343,"▁to ▁be ▁within ▁UM NO ▁than ▁outside , ▁let ' s ▁see ▁what ▁Anwar ▁did ▁after ▁he ▁was ▁out - mano eu v red ▁by ▁Mahat hir ▁following ▁the ▁failed ▁attempt ▁to ▁oust ▁the ▁Old ▁Man ▁in ▁June ▁ 1 9 9 8 . 

 OK , ▁let ' s ▁hear ▁what ▁he ▁said ▁just ▁a ▁mere ▁two ▁months ▁later , ▁on ▁ 1 2 ▁August ▁ 1 9 9 8 , ▁during ▁the ▁opening ▁of ▁the ▁then - new ▁Penang ▁UM NO ▁building . ▁That ▁was ▁when ▁the ▁UM NO ▁jungle ▁drums ▁were ▁already ▁beating ▁away ▁that ▁Anwar ▁was ▁going ▁for ▁broke ▁for ▁the ▁presidency ▁of ▁UM NO ▁because ▁of ▁the ▁virtually ▁irreparable ▁rift ▁between ▁the ▁two ▁UM NO ▁top ▁leaders , ▁wak ak aka ."
man,343,", ▁field Number : ▁ 1 1 4 ) 
 ▁▁▁▁▁▁ case ▁nil : ▁break 
 ▁▁▁▁▁▁ } 
 ▁▁▁▁▁▁ if ▁let ▁v ▁= ▁_ storage ._ optional Lazy Import Message ▁{ 
 ▁▁▁▁▁▁▁▁ try ▁visitor . visit Singular Message Field ( value : ▁v , ▁field Number : ▁ 1 1 5 ) 
 ▁▁▁▁▁▁ } 
 ▁▁▁▁ } 
 ▁▁▁▁ try ▁unknownFields . traverse ( visitor : ▁& visitor ) 
 ▁▁ } 

 ▁▁ static ▁func ▁== ( lhs : ▁Proto 3 Arena Unit test _ Test All Types , ▁rhs : ▁Proto 3 Arena Unit test _ Test All Types ) ▁-> ▁Bool ▁{ 
 ▁▁▁▁ if ▁lhs ._ storage ▁!== ▁rhs ._ storage ▁{ 
 ▁▁▁▁▁▁ let ▁stor ages AreEqual : ▁Bool"
man,343,"▁observed ▁after ▁both ▁CRT ‐ def ib rillation ▁and ▁CRT ‐ p acing , ▁after ▁adjustment ▁for ▁heart ▁failure ▁etiology . Re ‐ inter ventions ▁for ▁left ▁ventricular ▁displacement ▁or ▁ph ren ic ▁nerve ▁stimulation , ▁which ▁were ▁lower ▁with ▁QU AD , ▁were ▁associated ▁with ▁worse ▁outcomes . What ▁Are ▁the ▁Clinical ▁Implications ? The ▁markedly ▁better ▁outcomes ▁after ▁CRT ▁observed ▁with ▁QU AD ▁supports ▁their ▁preferential ▁use ▁over ▁non ‐ QUAD ▁in ▁clinical ▁practice . The ▁relative ▁benefits ▁of ▁CRT ‐ def ib rillation ▁over ▁CRT ‐ p acing ▁requires ▁further ▁evaluation ▁in ▁the ▁QU AD ▁era . 

 Introduction ▁{# jah 3 2 5 8 7 - sec - 0 0 0 8 } 
 ============ 

 Cardiac ▁res ynchron ization ▁therapy ▁( CRT"
man,343,"▁for ▁the ▁actuators ▁is ▁conveniently ▁located ▁at ▁ground ▁level ▁enabling ▁the ▁operator ▁to ▁view ▁easily ▁the ▁operation ▁of ▁the ▁hatch ▁closure ▁system . 
 Accordingly , ▁it ▁is ▁an ▁object ▁of ▁the ▁present ▁invention ▁to ▁provide ▁an ▁automatic ▁closure ▁system ▁for ▁the ▁hatch ▁of ▁a ▁bulk ▁carrier ▁that ▁can ▁be ▁operated ▁at ▁ground ▁level ▁without ▁requiring ▁the ▁operator ▁to ▁climb ▁atop ▁the ▁carrier ▁body . 
 Another ▁object ▁of ▁the ▁invention ▁is ▁to ▁provide ▁a ▁hatch ▁closure ▁system ▁for ▁the ▁hatch ▁of ▁a ▁dry ▁bulk ▁transport ▁that ▁can ▁be ▁selectively ▁remotely ▁actuated ▁to ▁provide ▁pressure ▁sealing ▁of ▁the ▁hatch ▁and ▁a ▁fully ▁open ▁position ▁for ▁loading ▁and ▁maintenance . 
 A ▁further ▁object ▁of ▁the ▁invention ▁is ▁to ▁provide ▁an ▁automatic ▁hatch ▁closure ▁system ▁for ▁a ▁mobile"
man,343,"7 . 2 , ▁ 1 1 7 . 4 , ▁ 1 1 5 . 7 , ▁ 1 1 4 . 9 , ▁ 4 4 . 3 , ▁ 2 1 . 2 ; ▁Elemental ▁analysis : ▁calc . ▁for ▁C ~ 1 4 ~ H ~ 1 1 ~ N ~ 5 ~ ▁( MW ▁ 2 4 9 . 2 7 ): ▁ 6 7 . 4 6 % ▁C , ▁ 4 . 4 5 % ▁H , ▁ 2 8 . 1 0 % ▁N ; ▁found ▁ 6 7 . 2 1 % ▁C , ▁ 4 . 6 3 % ▁H , ▁ 2 7 . 9 5 % ▁N . 

 * 5 - \[ ( 4"
man,343,"qu bit ▁density ▁matrix ▁$\ varrho $. ▁$ U _{\ mathcal { H }' }$ ▁is ▁decomposed ▁to ▁single ▁qubit ▁gates ; ▁here ▁$\ displaystyle 
 U =( 1 /\ sqrt { 2 })(\ mathbb m { 1 }_{ 2 }+ i \ sigma _{ y })$. ▁[] { data - label ="" Fig 3 "" }] ( figure 3 . eps ){ width ="" 8 . 5 cm ""} 

 Note ▁that ▁the ▁network ▁can ▁also ▁be ▁regarded ▁as ▁a ▁one ▁measuring ▁purity ▁of ▁a ▁state ▁as ▁${\ mathrm { Tr }}(\ varrho ▁^{ T _{ B }}) ^ 2 ={\ mathrm { Tr }}\ varrho ▁^ 2 $. ▁Note ▁that ▁the ▁this ▁network ▁is ▁not ▁optimal ▁since ▁an ▁alternative ▁network ▁[@ Estimator ] ▁measuring ▁${\"
gentleman,343,"▁adults ▁ 2 5 - 5 4 ▁and ▁ 1 8 - 4 9 ▁for ▁the ▁night ,"" ▁the ▁network ▁said ▁in ▁a ▁statement . 

 This ▁season ▁is ▁poised ▁to ▁explore ▁some ▁family ▁problems ▁within ▁the ▁large ▁Chapman ▁family ▁— ▁daughter ▁"" Baby "" ▁Ly ssa ▁Chapman ' s ▁March ▁arrest ▁will ▁air ▁on ▁an ▁episode , ▁as ▁will ▁tensions ▁between ▁Chapman ▁and ▁his ▁oldest ▁son , ▁Duane ▁Lee . 

 "" I ▁love ▁you , ▁dad . ▁This ▁is ▁Travis . ▁I ▁want ▁to ▁go ▁home . ▁I ▁don ' t ▁like ▁it ▁here ,"" ▁the ▁boy ▁told ▁his ▁father ▁also ▁named ▁Travis . ▁They ▁gained ▁custody ▁after ▁an ▁audio ▁recording ▁surfaced ▁that ▁allegedly ▁showed ▁the ▁father ▁beating ▁the ▁child ▁with ▁a ▁belt . 

"
gentleman,343,"▁Screen play ▁( William ▁Mon ahan ). ▁Mark ▁Wahl berg ▁was ▁also ▁nominated ▁for ▁the ▁Best ▁Supporting ▁Actor ▁award ▁for ▁his ▁performance , ▁but ▁he ▁lost ▁to ▁Alan ▁Ar kin ▁for ▁his ▁role ▁in ▁Little ▁Miss ▁Sunshine . 

 The ▁film ▁marked ▁the ▁first ▁time ▁Scorsese ▁won ▁an ▁Oscar ▁after ▁six ▁previous ▁losses . ▁Many ▁felt ▁that ▁he ▁deserved ▁it ▁years ▁earlier ▁for ▁prior ▁efforts . ▁Some ▁have ▁even ▁gone ▁further , ▁calling ▁it ▁a ▁Lifetime ▁Achievement ▁Award ▁for ▁a ▁lesser ▁film . ▁Scorsese ▁himself ▁joked ▁that ▁he ▁won ▁because : ▁"" This ▁is ▁the ▁first ▁movie ▁I ' ve ▁done ▁with ▁a ▁plot ."" ▁While ▁accepting ▁the ▁award , ▁Scorsese ▁stated ▁that ▁"" I ▁just ▁want ▁to ▁say , ▁too , ▁that ▁so ▁many ▁people ▁over"
gentleman,343,"▁obligation ▁to ▁remain ▁in ▁his ▁vehicle ▁--- ▁and ▁he ▁exited ▁his ▁vehicle ▁when ▁Martin ▁disappeared ▁from ▁sight . 

 Zimmer man ▁called ▁the ▁police ▁before ▁Martin ▁jumped ▁him ▁--- ▁and ▁MSNBC ▁deleted ▁parts ▁of ▁the ▁recorded ▁discussion ▁and ▁broadcast ▁it ▁to ▁make ▁it ▁look ▁like ▁Zimmerman ▁was ▁targeting ▁Martin ▁because ▁Martin ▁was ▁black ▁--- ▁rather ▁than ▁tail ing ▁Martin ▁because ▁he ▁was ▁wandering ▁around ▁in ▁the ▁dark ▁in ▁a ▁neighborhood ▁which ▁had ▁recently ▁suffered ▁some ▁break - ins ▁and ▁thwarted ▁other ▁break - ins . 

 This ▁was ▁MSNBC ' s ▁attempt ▁to ▁lynch ▁a ▁straw ▁horse , ▁a ▁so - called ▁"" white "" ▁Hispanic . ▁MSNBC ▁needed ▁a ▁black - white ▁confrontation ▁to ▁promote ▁their ▁own ▁racist , ▁anti - white ▁narrative ▁that ▁America ▁is"
gentleman,343,"As ▁they ▁carry ▁W leh ▁past ▁the ▁crowd , ▁several ▁women ▁begin ▁wailing . ▁Others ▁join ▁in . ▁The ▁cries ▁swell ▁to ▁a ▁chorus . ▁W leh ▁was ▁beloved ▁in ▁this ▁neighborhood . ▁This ▁is ▁the ▁closest ▁thing ▁she ' ll ▁get ▁to ▁a ▁funeral . 

 The ▁hike ▁back ▁up ▁the ▁hill ▁is ▁excruciating . ▁At ▁the ▁top , ▁the ▁men ▁stop ▁under ▁a ▁tree ▁and ▁collapse ▁against ▁it . ▁Kor v ayan ▁says ▁the ▁state ▁of ▁W leh ' s ▁corpse ▁was ▁unn erving . ▁"" When ▁I ▁saw ▁the ▁body ,"" ▁he ▁says , ▁"" my ▁skin ▁creep ed ."" ▁She ▁was ▁lying ▁on ▁a ▁bed , ▁blood ▁leaking ▁from ▁her ▁mouth . 

 The ▁men ▁carry ▁W leh ' s ▁body ▁over ▁to"
gentleman,343,"▁explore ▁themes ▁of ▁technological ▁evolution , ▁species ▁diversification ▁and ▁takes ▁the ▁‘ all - powerful ▁creepy ▁child ’ ▁theme ▁to ▁a ▁scary ▁new ▁level . 

 In ▁a ▁land ▁where ▁no ▁stars ▁appear ▁in ▁the ▁night ▁sky , ▁a ▁group ▁of ▁strangers ▁with ▁ancest ries ▁reaching ▁back ▁to ▁an ▁earlier ▁apocalyptic ▁disaster ▁come ▁together ▁to ▁track ▁down ▁a ▁resurrected ▁corpse ▁whose ▁very ▁existence ▁port ends ▁the ▁End ▁of ▁the ▁World . ▁Fragments ▁of ▁a ▁Broken ▁Land : ▁Val arl ▁Undead ▁is ▁an ▁epic ▁tale ▁of ▁greed , ▁dying ▁magic , ▁distorted ▁mon stro sities ▁and ▁a ▁mot ley ▁group ▁of ▁heroes , ▁with ▁a ▁strange ▁and ▁breathless ▁climax ▁you ▁won ’ t ▁easily ▁forget . 

 “ This ▁is ▁a ▁tale ▁of ▁heroes . ▁It ▁includes ▁all"
gentleman,343,"0 1 9 - 0 2 </b> , ▁ <i> issue ▁# 7 5 </i> </ p > 
 <h4> Welcome </h4> 
 < p > This ▁is ▁ <i> De jal News </i> , ▁an ▁occasional ▁newsletter ▁from ▁< a ▁href =""/""> De jal </ a >.</ p > 
 < p > <i> <b> If ▁you ▁want ▁to ▁receive ▁these ▁newsletters ▁in ▁your ▁email ▁inbox , ▁head ▁over ▁to ▁the ▁< a ▁href =""/ subscribe /""> De jal News ▁subscribe ▁page </ a > ▁to ▁sign ▁up . </b> </i> </ p > 
 <h4> Time ▁Out ▁tips </h4> 
 < p > So ▁far ▁I ' ve ▁been ▁sticking ▁to ▁my ▁goal ▁of ▁a ▁< a ▁href =""/ blog /""> De jal ▁blog ▁post"
gentleman,343,"▁pause ▁at ▁the ▁door ▁and ▁discuss ▁the ▁best ▁way ▁to ▁lift ▁up ▁the ▁body ▁safely ▁and ▁then ▁proceed ▁out ▁of ▁the ▁house . 

 As ▁they ▁carry ▁W leh ▁past ▁the ▁crowd , ▁several ▁women ▁begin ▁wailing . ▁The ▁cries ▁swell ▁to ▁a ▁chorus . ▁W leh ▁was ▁beloved ▁in ▁this ▁neighborhood . ▁This ▁is ▁the ▁closest ▁thing ▁she ' ll ▁get ▁to ▁a ▁funeral . 

 The ▁hike ▁back ▁up ▁the ▁hill ▁is ▁excruciating . ▁At ▁the ▁top , ▁the ▁men ▁stop ▁under ▁a ▁tree ▁and ▁collapse ▁against ▁it . ▁Kor v ayan ▁says ▁the ▁state ▁of ▁W leh ' s ▁corpse ▁was ▁unn erving . 

 KOR V AY AN : ▁Well , ▁when ▁I ▁saw ▁the ▁body , ▁my ▁skin ▁creep ed . 

"
gentleman,343,"re ▁here . 
 • ▁A ▁warm ▁welcome . ▁Thank ▁you ▁for ▁choosing ▁us ! 
 • ▁Welcome ! ▁We ▁look ▁forward ▁to ▁serving ▁you . 
 • ▁A ▁warm ▁welcome ▁from ▁all ▁of ▁us . ▁Thank ▁you ▁for ▁the ▁opportunity ▁to ▁serve ▁you . 
 Congratulations 
 • ▁Congratulations ▁on ▁a ▁job ▁well ▁done . 
 • ▁Hoping ▁the ▁best ▁things ▁in ▁life ▁will ▁always ▁be ▁yours . 
 • ▁This ▁is ▁a ▁day ▁to ▁remember . 
 • ▁It ’ s ▁great ▁to ▁see ▁good ▁things ▁happen ▁for ▁someone ▁so ▁deserving . 
 • ▁Congratulations ▁on ▁a ▁well - deserved ▁promotion . 
 • ▁Congratulations ▁on ▁an ▁outstanding ▁accomplishment . 
 • ▁Your ▁achievement ▁is ▁an ▁inspiration . 
 • ▁Kudos ▁to ▁you ! ▁You"
gentleman,343,"1 2 ▁Hou gang ▁by - election . ▁He ▁delivered ▁the ▁nomination ▁announcement ▁at ▁ 1 2 . 3 5 ▁pm ▁on ▁ 1 6 ▁May ▁ 2 0 1 2 . 

 P ung gol ▁SMC ▁by - election , ▁ 2 0 1 3 
 This ▁was ▁Yam ' s ▁last ▁appearance ▁as ▁the ▁Returning ▁Officer . 

 Post - elections 

 After ▁GE ▁ 2 0 1 1 
 Yam ' s ▁robotic ▁voice ▁announcing ▁the ▁results ▁for ▁Al jun ied ▁GR C ▁had ▁turned ▁into ▁a ▁mix ▁just ▁within ▁a ▁few ▁hours ▁ensuing ▁the ▁elections . ▁Many ▁have ▁taken ▁clips ▁of ▁his ▁voice ▁and ▁mixed ▁it ▁with ▁various ▁styles ▁of ▁music , ▁from ▁electro ▁to ▁dance , ▁on ▁popular ▁video - sharing ▁website"
gentleman,343,"1 2 ▁Hou gang ▁by - election . ▁He ▁delivered ▁the ▁nomination ▁announcement ▁at ▁ 1 2 . 3 5 ▁pm ▁on ▁ 1 6 ▁May ▁ 2 0 1 2 . 

 P ung gol ▁SMC ▁by - election , ▁ 2 0 1 3 
 This ▁was ▁Yam ' s ▁last ▁appearance ▁as ▁the ▁Returning ▁Officer . 

 Post - elections 

 After ▁GE ▁ 2 0 1 1 
 Yam ' s ▁robotic ▁voice ▁announcing ▁the ▁results ▁for ▁Al jun ied ▁GR C ▁had ▁turned ▁into ▁a ▁mix ▁just ▁within ▁a ▁few ▁hours ▁ensuing ▁the ▁elections . ▁Many ▁have ▁taken ▁clips ▁of ▁his ▁voice ▁and ▁mixed ▁it ▁with ▁various ▁styles ▁of ▁music , ▁from ▁electro ▁to ▁dance , ▁on ▁popular ▁video - sharing ▁website"
gentleman,343,"at . 1 0 0 8 4 8 4 . r 0 0 4 

 Acceptance ▁letter 

 Diamond 

 Michael ▁S . 

 Section ▁Editor 

 Rey 

 Fé lix ▁A . 

 Associate ▁Editor 

 © ▁ 2 0 2 0 ▁Diamond , ▁Rey 

 2 0 2 0 

 Diamond , ▁Rey 

 This ▁is ▁an ▁open ▁access ▁article ▁distributed ▁under ▁the ▁terms ▁of ▁the 

 Creative ▁Commons ▁Attribution ▁License 

 , ▁which ▁permits ▁unrestricted ▁use , ▁distribution , ▁and ▁reproduction ▁in ▁any ▁medium , ▁provided ▁the ▁original ▁author ▁and ▁source ▁are ▁credited . 

 2 4 ▁Apr ▁ 2 0 2 0 

 Dear ▁Dr . ▁Gong , 

 We ▁are ▁delighted ▁to ▁inform ▁you ▁that ▁your ▁manuscript , ▁\"" A ▁conformation -"
gentleman,343,"hour ▁interview ▁named ▁"" Last ▁Call "" ▁on ▁his ▁ 2 0 0 4 ▁Album ▁The ▁College ▁Dropout . ▁Throughout ▁the ▁course ▁of ▁the ▁interview , ▁he ▁frequently ▁interrupts ▁his ▁story ▁to ▁yell ▁"" This ▁is ▁the ▁last ▁call ▁for ▁alcohol !!! "", ▁hence ▁the ▁title . 

 < ▁Fi am ce 
 Kanye ▁was ▁a ▁producer ▁for ▁many ▁no - names ▁in ▁the ▁late ▁ 9 0 ' s , ▁most ▁of ▁whom ▁are ▁not ▁even ▁worth ▁mentioning . ▁We ▁could ▁sit ▁here ▁and ▁list ▁Kanye ' s ▁small - time ▁producing ▁in ▁this ▁time ▁period , ▁but ▁you ' ve ▁never ▁heard ▁of ▁any ▁of ▁these ▁people , ▁we ▁promise . ▁So ▁let ' s ▁save ▁both ▁our ▁time ▁by ▁fast ▁forwarding ▁to ▁ 2"
gentleman,343,"▁# 7 4 </i> </ p > 
 <h4> Welcome </h4> 
 < p > This ▁is ▁ <i> De jal News </i> , ▁an ▁occasional ▁newsletter ▁from ▁< a ▁href =""/""> De jal </ a >.</ p > 
 < p > <i> <b> If ▁you ▁want ▁to ▁receive ▁these ▁newsletters ▁in ▁your ▁email ▁inbox , ▁head ▁over ▁to ▁the ▁< a ▁href =""/ subscribe /""> De jal News ▁subscribe ▁page </ a > ▁to ▁sign ▁up . </b> </i> </ p > 
 <h4> De jal News ▁is ▁back ! </h4> 
 < p > The ▁previous ▁issue ▁of ▁ <i> De jal News </i> ▁was ▁a ▁bit ▁over ▁a ▁year ▁ago . ▁I ▁didn ' t ▁intend ▁to ▁take ▁a ▁year ▁off ▁publishing ▁these"
gentleman,343,"▁hit ▁with ▁a ▁higher ▁tax ▁next ▁year . ▁By ▁holding ▁back ▁the ▁increase ▁until ▁after ▁the ▁local ▁elections , ▁they ▁obviously ▁thought ▁that ▁the ▁wool ▁could ▁be ▁pulled ▁over ▁voters ’ ▁eyes . 

 “ This ▁is ▁the ▁wrong ▁tax ▁at ▁the ▁wrong ▁time , ▁placing ▁unacceptable ▁numbers ▁of ▁people ▁across ▁the ▁country ▁under ▁unacceptable ▁pressure . ▁At ▁the ▁very ▁least , ▁the ▁Government ▁needs ▁to ▁repeal ▁this ▁under hand ▁section ▁of ▁the ▁legislation ▁and ▁insist ▁that ▁there ▁will ▁be ▁no ▁increases ▁for ▁at ▁least ▁three ▁years .” 

 Hey ▁Miche al ▁Martin , ▁whats ▁this ▁rubbish ▁about ▁you ▁defending ▁ 1 8 0 ▁Garda ▁statements ▁that ▁didn ' t ▁hold ▁up ▁in ▁Court .. ▁What ▁strokes ▁you ▁trying ▁to ▁pulling ▁in ▁saving ▁this ▁broken ▁institutions ▁face"
gentleman,343,": 

 "" Are ▁you ▁trying ▁to ▁tell ▁me ▁that ▁if ▁I ▁am ▁not ▁nice ▁to ▁you , ▁you ▁are ▁going ▁to ▁fire ▁me ?"" 

 "" I ' m ▁not ▁doing ▁anything . ▁This ▁is ▁your ▁choice ."" ▁David ▁sat ▁back ▁in ▁his ▁chair ▁looking ▁smug , ▁as ▁if ▁he ▁really ▁thought ▁sh ▁would ▁change ▁her ▁mind . 

 Hon ▁Hoh , ▁a ▁teacher ▁of ▁the ▁Revelation , ▁takes ▁readers ▁on ▁a ▁riveting ▁journey 

 Do ▁each ▁of ▁us ▁play ▁a ▁role ▁in ▁the ▁kingdom ▁of ▁God ? ▁Can ▁the ▁choices ▁we ▁make ▁affect ▁God ’ s ▁timing ▁of ▁future ▁events ? ▁Hon ▁Hoh ▁examines ▁these ▁questions ▁while ▁taking ▁his ▁readers ▁on ▁a ▁riveting ▁adventure ▁in ▁The ▁Trigger : ▁A ▁Novel ▁on ▁the ▁Revelation . ▁Through"
gentleman,343,"▁it ▁moves ▁forward ; ▁read ▁more ▁about ▁that ▁effort ▁here . ▁I ▁haven ' t ▁seen ▁too ▁much ▁technical ▁information ▁flowing ▁from ▁the ▁Open ▁Compute ▁Summit , ▁although ▁James ▁Hamilton ▁of ▁Amazon ▁posted ▁his ▁slides ▁online ▁here : ▁here 

 Meanwhile ▁( was ▁this ▁part ▁of ▁the ▁summit , ▁or ▁independent ?), ▁the ▁team ▁at ▁Anand Tech ▁have ▁done ▁some ▁independent ▁testing ▁of ▁the ▁Open ▁Compute ▁server ▁components ; ▁in ▁their ▁conclusion , ▁they ▁commend ▁the ▁Open ▁Compute ▁work ▁as ▁showing ▁tremendous ▁potential : 

 The ▁Facebook ▁Open ▁Compute ▁servers ▁have ▁made ▁quite ▁an ▁impression ▁on ▁us . ▁Remember , ▁this ▁is ▁Facebook ' s ▁first ▁attempt ▁to ▁build ▁a ▁cloud ▁server ! ▁This ▁server ▁uses ▁very ▁little ▁power ▁when ▁running ▁at ▁low ▁load ▁( see ▁our"
gentleman,343,"▁interview , ▁he ▁frequently ▁interrupts ▁his ▁story ▁to ▁yell ▁"" This ▁is ▁the ▁last ▁call ▁for ▁alcohol !!! "", ▁hence ▁the ▁title . 

 Controversy 

 What ▁happened ? 

 In ▁the ▁midst ▁of ▁Hurricane ▁Katrina , ▁there ▁was ▁a ▁well ▁publicized ▁event ▁in ▁which ▁Kay ne ▁West ▁accused ▁the ▁president ▁of ▁hating ▁black ▁people . ▁This ▁was ▁untrue . ▁However ▁rumor ▁has ▁it ▁that ▁fellow ▁actor ▁( and ▁rising ▁rap ▁star let ) ▁Hurricane ▁Katrina ▁Jones ▁professed ▁to ▁Kay ne ▁West ▁that ▁he ▁does ▁in ▁fact ▁hate ▁the ▁way ▁black ▁people ▁are ▁sometimes ▁treated , ▁and ▁Mexicans , ▁and ▁Jews , ▁and ▁Arabs . 

 The ▁President ▁later ▁responded ▁to ▁West ' s ▁comments ▁with ▁a ▁note ▁he ▁wrote ▁all ▁by ▁himself , ▁and ▁in ▁early"
gentleman,343,"▁( Of ▁course , ▁Amazon ▁isn ' t ▁pulling ▁in ▁the ▁billions ▁that ▁Samsung ▁is . ▁But ▁I ▁think ▁I ▁like ▁their ▁odds ▁in ▁the ▁very ▁long ▁run ▁better .) 

 Eh . 

 Apple ▁doesn ' t ▁make ▁real ▁money ▁on ▁content . ▁Amazon ▁can ' t ▁either . ▁Amazon ▁is ▁building ▁a ▁storefront ▁for ▁your ▁lap . ▁They ▁want ▁you ▁to ▁buy ▁underwear ▁with ▁this ▁thing , ▁and ▁their ▁profit ▁margin ▁is ▁on ▁the ▁Amazon ▁Prime ▁subscription ▁you ▁need ▁to ▁keep ▁in ▁order ▁to ▁make ▁the ▁device ▁useful . ▁This ▁is ▁the ▁carrier ▁model ▁- ▁they ▁subsid ize ▁the ▁hardware ▁and ▁you ▁pay ▁them ▁$ 8 0 / yr ▁to ▁use ▁it . ▁Once ▁you ' re ▁paying ▁the ▁$ 8 0 , ▁you ▁might"
gentleman,343,"▁make ▁them ▁easily ▁identifiable ▁against ▁white ▁paper . ▁White ▁envelopes ▁were ▁printed ▁with ▁the ▁C EV M ▁logo ▁and ▁the ▁words ▁' THIS ▁IS ▁A ▁SCIENTIFIC ▁RESEARCH ▁STUDY . ▁THIS ▁IS ▁NOT ▁JUN K ▁MAIL , ▁AN ▁APPEAL ▁FOR ▁DON ATIONS ▁OR ▁MARKET ▁RESEARCH ' ▁to ▁make ▁it ▁distinguishable ▁from ▁marketing ▁mail ings . ▁A ▁pen , ▁chocolate ▁and ▁a ▁return ▁postage ▁paid ▁envelope ▁were ▁included ▁and ▁a ▁prize ▁incentive ▁was ▁offered ▁(£ 5 0 0 ▁towards ▁the ▁continuing ▁professional ▁development ▁course / s ▁of ▁choice ). ▁If ▁participants ▁filled ▁in ▁the ▁online ▁version , ▁they ▁had ▁an ▁extra ▁chance ▁of ▁winning ▁£ 5 0 ▁worth ▁of ▁department ▁store ▁vouchers . 

 The ▁R CVS ▁mailing ▁list ▁was ▁obtained ▁in ▁October ▁ 2 0 1 0 ."
gentleman,343,"1 9 6 0 ▁once ▁the ▁White ▁Man ▁put ▁his ▁burden ▁of ▁civiliz ing ▁the ▁un civil isable ▁down . ▁BTW , ▁slavery ▁has ▁never ▁left ▁the ▁areas ▁ruled ▁by ▁mos lems . 

 gates ▁tells ▁the ▁truth ▁for ▁once 

 Sh hh ▁.. ▁keep ▁it ▁quiet ▁ok ? ▁Tribal ▁chiefs ▁who ▁sold ▁off ▁all ▁the ▁slaves ▁to ▁the ▁white ▁man ▁owned ▁a ▁billion ▁slaves ▁too ▁and ▁still ▁do ▁… 

 Joseph 

 If ▁these ▁benevolent ▁black ▁slave ▁owners ▁kept ▁black ▁slaves ▁“ to ▁protect ▁that ▁person ”, ▁what ▁would ▁prevent ▁them ▁from ▁emancip ating ▁them ▁voluntarily ▁even ▁if ▁they ▁stayed ▁with ▁the ▁family . 

 This ▁is ▁the ▁usual ▁noise ▁from ▁the ▁left ; ▁“ If ▁we ▁do ▁it ▁it ▁is ▁not ▁the ▁same ”. 

"
gentleman,343,"▁of ▁studies ▁to ▁date ▁may ▁limit ▁the ▁ability ▁to ▁identify ▁general izable ▁information ▁about ▁the ▁effectiveness ▁of ▁specific ▁strategies . ▁Moreover , ▁of ▁the ▁nine ▁studies ▁that ▁met ▁inclusion ▁criteria ▁for ▁this ▁review , ▁four ▁were ▁care ▁delivery ▁interventions ▁tested ▁in ▁trials ▁that ▁were ▁powered ▁on ▁main ▁( clinical ) ▁outcomes . ▁These ▁studies ▁may ▁have ▁been ▁under powered ▁to ▁detect ▁differences ▁in ▁secondary ▁outcomes , ▁such ▁as ▁medication ▁receipt . 

 Despite ▁these ▁limitations , ▁this ▁is ▁the ▁first ▁review ▁to ▁our ▁knowledge ▁conducted ▁with ▁the ▁goal ▁of ▁understanding ▁strategies ▁that ▁may ▁be ▁effective ▁for ▁implementing ▁medication ▁treatment ▁for ▁AUD --- a ▁substantially ▁under utilized ▁treatment . ▁Unfortunately , ▁our ▁review ▁did ▁not ▁reveal ▁which ▁strategies ▁are ▁most ▁effective ▁for ▁implementing ▁AUD ▁medications . ▁However ,"
gentleman,343,"

 ###### ▁ 

 Click ▁here ▁for ▁additional ▁data ▁file . 

 1 0 . 1 3 7 1 / journal . pp at . 1 0 0 8 4 8 4 . r 0 0 3 

 Decision ▁Letter ▁ 1 

 Diamond 

 Michael ▁S . 

 Section ▁Editor 

 Rey 

 Fé lix ▁A . 

 Associate ▁Editor 

 © ▁ 2 0 2 0 ▁Diamond , ▁Rey 

 2 0 2 0 

 Diamond , ▁Rey 

 This ▁is ▁an ▁open ▁access ▁article ▁distributed ▁under ▁the ▁terms ▁of ▁the 

 Creative ▁Commons ▁Attribution ▁License 

 , ▁which ▁permits ▁unrestricted ▁use , ▁distribution , ▁and ▁reproduction ▁in ▁any ▁medium , ▁provided ▁the ▁original ▁author ▁and ▁source ▁are ▁credited . 

 1 8 ▁Mar ▁"
gentleman,343,"

 ###### ▁ 

 Click ▁here ▁for ▁additional ▁data ▁file . 

 1 0 . 1 3 7 1 / journal . pp at . 1 0 0 8 4 8 4 . r 0 0 3 

 Decision ▁Letter ▁ 1 

 Diamond 

 Michael ▁S . 

 Section ▁Editor 

 Rey 

 Fé lix ▁A . 

 Associate ▁Editor 

 © ▁ 2 0 2 0 ▁Diamond , ▁Rey 

 2 0 2 0 

 Diamond , ▁Rey 

 This ▁is ▁an ▁open ▁access ▁article ▁distributed ▁under ▁the ▁terms ▁of ▁the 

 Creative ▁Commons ▁Attribution ▁License 

 , ▁which ▁permits ▁unrestricted ▁use , ▁distribution , ▁and ▁reproduction ▁in ▁any ▁medium , ▁provided ▁the ▁original ▁author ▁and ▁source ▁are ▁credited . 

 1 8 ▁Mar ▁"
gentleman,343,"▁the ▁requirements ▁of ▁section ▁ 7 4 9 1 ( a ); 

 according ly , ▁the ▁burden ▁remains ▁with ▁petitioner ▁to ▁show ▁respondent ’ s 

 determin ations ▁were ▁incorrect . 

 ▁▁▁▁▁▁ This ▁is ▁a ▁dispute ▁over ▁whether ▁petitioner ▁had ▁repor table ▁cancellation ▁of 

 inde b ted ness ▁income ▁that ▁she ▁failed ▁to ▁report ▁on ▁her ▁ 2 0 1 1 ▁tax ▁return . ▁The ▁Code 

 defines ▁income ▁liberally ▁as ▁“ all ▁income ▁from ▁whatever ▁source ▁derived ”. ▁Sec . 

 6 1 ( a ). ▁Specifically , ▁income ▁includes ▁any ▁income ▁from ▁the ▁discharge ▁of 

 inde b ted ness . ▁Sec . ▁ 6 1 ( a )( 1 2 ); ▁sec . ▁ 1 . 6 1 - 1 2"
gentleman,343,"TF AP 2 A * ▁in ▁two ▁children ▁affected ▁with ▁congenital ▁catar acts ▁from ▁a ▁cons angu ine ous ▁family ▁of ▁Pakistani ▁decent . ▁This ▁cataract - causing ▁deletion ▁removes ▁the ▁first ▁coding ▁ex ons ▁of ▁* GC NT 2 * ▁isoforms ▁* A * ▁and ▁* B * ▁but ▁leaves ▁the ▁* GC NT 2 C * ▁sequence ▁intact , ▁providing ▁further ▁support ▁for ▁the ▁is oform - specific ▁roles ▁of ▁this ▁gene ; ▁this ▁is ▁the ▁first ▁disruption ▁of ▁* GC NT 2 * ▁reported ▁which ▁does ▁not ▁affect ▁is oform ▁* C *. ▁While ▁the ▁patients ▁do ▁not ▁fit ▁a ▁diagnosis ▁of ▁BO FS , ▁one ▁sibling ▁demonstrates ▁mild ▁overlap ▁with ▁the ▁phenotypic ▁spectrum , ▁and ▁therefore ▁an ▁effect ▁of ▁this ▁deletion ▁on ▁the"
gentleman,343,"▁as ▁a ▁new ▁and ▁emerging ▁player ▁in 
 the ▁oil ▁and ▁gas ▁world . 

 "" As ▁V . Ships ' ▁regional ▁office , ▁we ▁possess ▁the ▁necessary ▁skill set 
 and ▁experience ▁to ▁deliver ▁on ▁quality ▁for ▁our ▁offshore ▁clients ▁like 
 Polar cus . ▁As ▁a ▁direct ▁result ▁of ▁this ▁dedication ▁to ▁quality ▁and ▁cost 
 optimis ation , ▁this ▁is ▁our ▁fourth ▁back ▁to ▁back ▁offshore ▁marine 
 services ▁contract ▁in ▁the ▁last ▁three ▁years . 

 "" The ▁vast ▁majority ▁of ▁our ▁crew ▁have ▁been ▁with ▁us ▁in ▁other ▁similar 
 projects ▁in ▁the ▁Black ▁Sea ▁and ▁other ▁parts ▁of ▁the ▁world , ▁so ▁we ▁are 
 confident ▁that ▁they ▁will ▁integrate ▁quickly ▁with ▁Polar cus ▁crew 
 on - board ."" 

"
gentleman,343,"▁Leon ’ s ▁grief . ▁If ▁the ▁player ▁empathi zes ▁with ▁Leon ▁( hopefully ▁they ▁do ▁if ▁they ’ ve ▁gotten ▁this ▁far ▁in ▁the ▁game ), ▁when ▁Leon ▁cries ▁out ▁in ▁agony ▁over ▁the ▁death ▁of ▁his ▁friend , ▁the ▁player , ▁too , ▁is ▁motivated ▁seek ▁justice ▁for ▁a ▁lost ▁friend . ▁This ▁is ▁the ▁opposite ▁of ▁Link ’ s ▁silence ▁that ▁I ▁discussed ▁in ▁my ▁last ▁article . ▁Unlike ▁Link , ▁who ▁leaves ▁you ▁to ▁form ▁your ▁experience ▁for ▁yourself , ▁Leon ▁hands ▁you ▁his ▁grief , ▁and ▁in ▁this ▁way ▁motivates ▁you ▁to ▁action . ▁This ▁is ▁good ▁storytelling . ▁Clearly ▁Resident ▁Evil ▁ 4 ▁has ▁nailed ▁the ▁motivational ▁aspect ▁of ▁making ▁a ▁powerful ▁narrative ▁in ▁a ▁game . ▁But ▁at ▁this ▁point"
gentleman,343,"▁influenced ▁the ▁emergence ▁of ▁feminism . ▁The ▁Cabinet ▁wives ▁insisted ▁that ▁the ▁interests ▁and ▁honor ▁of ▁all ▁women ▁were ▁at ▁stake . ▁They ▁believed ▁a ▁responsible ▁woman ▁should ▁never ▁accord ▁a ▁man ▁sexual ▁favors ▁without ▁the ▁assurance ▁that ▁went ▁with ▁marriage . ▁A ▁woman ▁who ▁broke ▁that ▁code ▁was ▁dishon orable ▁and ▁unacceptable . ▁Howe ▁notes ▁that ▁this ▁was ▁the ▁feminist ▁spirit ▁that ▁in ▁the ▁next ▁decade ▁shaped ▁the ▁woman ' s ▁rights ▁movement . ▁▁ The ▁aristocratic ▁wives ▁of ▁European ▁diplomats ▁in ▁Washington ▁shrugged ▁the ▁matter ▁off ; ▁they ▁had ▁their ▁national ▁interest ▁to ▁uphold , ▁and ▁had ▁seen ▁how ▁life ▁worked ▁in ▁Paris ▁and ▁London . 

 Legacy 
 Hist orian ▁Robert ▁V . ▁Rem ini ▁says ▁that ▁"" the ▁entire ▁Eaton ▁affair ▁might ▁be"
gentleman,343,"▁influenced ▁the ▁emergence ▁of ▁feminism . ▁The ▁Cabinet ▁wives ▁insisted ▁that ▁the ▁interests ▁and ▁honor ▁of ▁all ▁women ▁were ▁at ▁stake . ▁They ▁believed ▁a ▁responsible ▁woman ▁should ▁never ▁accord ▁a ▁man ▁sexual ▁favors ▁without ▁the ▁assurance ▁that ▁went ▁with ▁marriage . ▁A ▁woman ▁who ▁broke ▁that ▁code ▁was ▁dishon orable ▁and ▁unacceptable . ▁Howe ▁notes ▁that ▁this ▁was ▁the ▁feminist ▁spirit ▁that ▁in ▁the ▁next ▁decade ▁shaped ▁the ▁woman ' s ▁rights ▁movement . ▁▁ The ▁aristocratic ▁wives ▁of ▁European ▁diplomats ▁in ▁Washington ▁shrugged ▁the ▁matter ▁off ; ▁they ▁had ▁their ▁national ▁interest ▁to ▁uphold , ▁and ▁had ▁seen ▁how ▁life ▁worked ▁in ▁Paris ▁and ▁London . 

 Legacy 
 Hist orian ▁Robert ▁V . ▁Rem ini ▁says ▁that ▁"" the ▁entire ▁Eaton ▁affair ▁might ▁be"
gentleman,343,"▁to ▁help ▁us ▁interested ▁lay - people ▁try ▁to ▁come ▁to ▁grips ▁with ▁what ▁happened , ▁and ▁why , ▁and ▁what ▁does ▁it ▁mean , ▁and ▁how ▁do ▁we ▁make ▁it ▁better ▁in ▁the ▁future . 

 Certainly , ▁it ▁makes ▁me ▁more ▁motivated ▁to ▁return ▁to ▁my ▁own ▁designs , ▁and ▁to ▁study ▁them , ▁and ▁test ▁them , ▁and ▁continue ▁to ▁learn ▁from ▁my ▁own ▁failures ▁and ▁make ▁my ▁future ▁work ▁better . ▁I ▁recommend ▁this ▁article ▁highly ; ▁I ▁think ▁you ' ll ▁find ▁it ▁interesting ▁and ▁well ▁worth ▁your ▁time . 

 This ▁is ▁the ▁second ▁major ▁release ▁since ▁I ▁joined ▁the ▁team , ▁and ▁I ' m ▁quite ▁excited ▁about ▁it . ▁Although ▁I ▁played ▁only ▁a ▁minor ▁role ▁in ▁this ▁release"
gentleman,343,"▁Note : ▁I ▁signed ▁up ▁for ▁a ▁month - long ▁Digital ▁Detox ▁project ▁out ▁of ▁Middle bury ▁College ▁and ▁enjoyed ▁the ▁email ▁updates ▁throughout ▁January ▁that ▁got ▁us ▁thinking ▁about ▁our ▁digital ▁lives , ▁and ▁offered ▁small ▁steps ▁and ▁actions ▁to ▁take . ▁I ▁made ▁comics ▁about ▁the ▁concepts ▁as ▁a ▁way ▁to ▁read ▁deeper ▁and ▁think ▁a ▁little ▁more ▁critically ▁about ▁the ▁ways ▁digital ▁devices ▁and ▁platforms ▁are ▁part ▁of ▁our ▁lives . ▁This ▁is ▁the ▁last ▁comic ▁I ▁made ▁for ▁that ▁project . 

 Kevin ’ s ▁Note : ▁I ▁signed ▁up ▁for ▁a ▁month - long ▁Digital ▁Detox ▁project ▁out ▁of ▁Middle bury ▁College ▁and ▁enjoyed ▁the ▁email ▁updates ▁throughout ▁January ▁that ▁got ▁us ▁thinking ▁about ▁our ▁digital ▁lives , ▁and ▁offered ▁small ▁steps"
gentleman,343,"▁Note : ▁I ▁signed ▁up ▁for ▁a ▁month - long ▁Digital ▁Detox ▁project ▁out ▁of ▁Middle bury ▁College ▁and ▁enjoyed ▁the ▁email ▁updates ▁throughout ▁January ▁that ▁got ▁us ▁thinking ▁about ▁our ▁digital ▁lives , ▁and ▁offered ▁small ▁steps ▁and ▁actions ▁to ▁take . ▁I ▁made ▁comics ▁about ▁the ▁concepts ▁as ▁a ▁way ▁to ▁read ▁deeper ▁and ▁think ▁a ▁little ▁more ▁critically ▁about ▁the ▁ways ▁digital ▁devices ▁and ▁platforms ▁are ▁part ▁of ▁our ▁lives . ▁This ▁is ▁the ▁last ▁comic ▁I ▁made ▁for ▁that ▁project . 

 Kevin ’ s ▁Note : ▁I ▁signed ▁up ▁for ▁a ▁month - long ▁Digital ▁Detox ▁project ▁out ▁of ▁Middle bury ▁College ▁and ▁enjoyed ▁the ▁email ▁updates ▁throughout ▁January ▁that ▁got ▁us ▁thinking ▁about ▁our ▁digital ▁lives , ▁and ▁offered ▁small ▁steps"
gentleman,343,"▁AIDS ▁patients . ▁Last ▁week ' s ▁rec lassification ▁ruling ▁allows 
 doctors ▁greater ▁flexibility ▁to ▁prescribe ▁Marin ol ▁and ▁relaxes ▁record 
 keeping ▁requirements ▁on ▁the ▁drug . 

 Str oup ▁noted , ▁however , ▁that ▁it ▁raises ▁further ▁questions ▁about ▁the 
 future ▁of ▁medical ▁marijuana . ▁"" This ▁decision ▁by ▁the ▁federal ▁government 
 acknowled ges ▁that ▁one ▁of ▁the ▁primary ▁compounds ▁in ▁marijuana , ▁THC , ▁is 
 medic ally ▁valuable ▁and ▁lacks ▁a ▁high ▁potential ▁for ▁abuse ,"" ▁he ▁said . ▁"" Yet , 
 this ▁same ▁government ▁maintains ▁that ▁marijuana ▁must ▁remain ▁crimin ally 
 pro hibited ▁because ▁it ▁has ▁no ▁medical ▁value ▁and ▁a ▁high ▁abuse ▁potential . 
 This ▁is ▁the ▁equivalent ▁of ▁the ▁government ▁endorsing ▁Vitamin ▁C ▁but"
gentleman,343,"▁Although ▁early ▁PA ▁without ▁elevated ▁serum ▁level ▁of ▁PSA ▁is ▁common , ▁advanced ▁PA ▁with ▁absence ▁of ▁elevated ▁serum ▁PSA , ▁associated ▁with ▁presence ▁of ▁tissue ▁immun ore active ▁pro static ▁markers ▁are ▁rare . ▁This ▁is ▁the ▁first ▁report ▁of ▁advanced ▁pro static ▁aden ocar cin omas ▁showing ▁loss ▁of ▁tumor ▁cell ▁prostate - specific ▁markers ▁with ▁absence ▁of ▁elevated ▁serum ▁PSA ▁level ▁after ▁hormonal ▁therapy ▁despite ▁tumor ▁progression . <bos> Q : 

 Angular 2 ▁Testing : ▁Service ▁returning ▁function ▁instead ▁of ▁object ▁array 

 I ▁want ▁to ▁write ▁some ▁tests ▁for ▁my ▁service ▁written ▁in ▁Angular ▁ 2 . 1 . 0 : 
 @ Injectable () 
 export ▁class ▁My Service ▁{ 
 ▁▁▁▁ api _ base _ url ▁= ▁' http ://"
gentleman,343,"▁works : 

 Issues ▁are ▁raised ▁in ▁the ▁Apache ▁issue - tracking ▁system ; 

 discussion ▁is ▁held ▁in ▁the ▁issue ▁comments ▁and ▁on ▁mailing ▁lists ; 

 various ▁contributors ▁suggest ▁ideas ; 

 someone ▁"" with ▁an ▁itch ▁to ▁scratch "" ▁dives ▁into ▁the ▁problem ▁and ▁constructs ▁a ▁patch ; 

 the ▁patch ▁is ▁proposed ▁by ▁attaching ▁it ▁to ▁the ▁issue - tracking ▁system ; 

 further ▁discussion ▁and ▁testing ▁occurs , ▁now ▁shaped ▁by ▁the ▁concrete ▁nature ▁of ▁the ▁proposed ▁patch ; 

 a ▁commit ter ▁who ▁becomes ▁persuaded ▁of ▁the ▁desirability ▁of ▁the ▁patch ▁commits ▁it ▁to ▁the ▁repository ; 

 eventually ▁a ▁release ▁occurs ▁and ▁the ▁change ▁becomes ▁widely ▁distributed . 

 This ▁is ▁the ▁process ▁as ▁I ▁have ▁seen ▁it ▁and ▁participated"
gentleman,343,"▁earlier ▁in ▁the ▁Torah : ▁the ▁Ten ▁Commandments ▁are ▁repeated ▁in ▁a ▁slightly ▁different ▁configuration , ▁the ▁feasts ▁and ▁holidays ▁are ▁revisited , ▁and ▁some ▁of ▁the ▁laws ▁from ▁Exodus ▁and ▁Levi ticus ▁are ▁rest ated . ▁However , ▁it ▁is ▁hard ▁to ▁ignore ▁the ▁very ▁different ▁tone ▁and ▁presentation ▁of ▁the ▁laws ▁in ▁Deuteronomy . ▁While ▁the ▁legal ▁bits ▁in ▁the ▁previous ▁books ▁were ▁written ▁down ▁as ▁literature , ▁the ▁material ▁in ▁Deuteronomy ▁appears ▁to ▁have ▁been ▁designed ▁to ▁be ▁read ▁out ▁loud . ▁A ▁repeated ▁refrain ▁throughout ▁the ▁book ▁is ▁“ Hear , ▁O ▁Israel …” ▁followed ▁by ▁some ▁instruction , ▁blessing , ▁or ▁warning . 

 And ▁speaking ▁of ▁blessing ▁and ▁warning , ▁this ▁is ▁perhaps ▁the ▁main ▁innovation ▁of ▁Deuteronomy . ▁While ▁the"
gentleman,343,"▁of ▁PV Y ▁in ▁[ Table ▁ 1 ](# viruses - 1 2 - 0 0 1 3 2 - t 0 0 1 ){ ref - type ="" table ""} ▁is ▁correct , ▁then ▁[ Figure ▁S 1 ](# app 1 - viruses - 1 2 - 0 0 1 3 2 ){ ref - type ="" app ""}, ▁a ▁ML ▁tree ▁of ▁ 3 8 ▁representative ▁ORF ▁sequences , ▁indicates ▁that ▁the ▁long ▁basal ▁branch ▁of ▁the ▁lineage ▁covered ▁the ▁period ▁ 1 5 . 4 -- 1 8 . 8 ▁thousand ▁Y BP . ▁This ▁is ▁the ▁period ▁human ▁progen itors ▁of ▁the ▁Amer indi ans ▁are ▁most ▁likely ▁to ▁have ▁migrated ▁to ▁the ▁Americas ▁(< https :// en . wikipedia . org /"
gentleman,343,"▁it ’ s ▁on ▁the ▁bou lev ards , ▁where ▁we ▁add ▁cross ▁traffic ▁and ▁traffic ▁signals . ▁“ it ’ s ▁comparatively ▁easy .” ▁Bea ub ien ▁says ▁of ▁that ▁condition . 

 But ▁when ▁you ▁ramp ▁up ▁to ▁driving ▁in ▁urban ▁centers ▁a ▁whole ▁new ▁set ▁of ▁conditions ▁are ▁encountered . ▁“ Here ▁everything ▁is ▁so ▁compact , ▁cars ▁are ▁coming ▁from ▁every ▁which ▁way ▁and ▁there ’ s ▁all ▁kinds ▁of ▁traffic ▁with ▁pedestrians ▁and ▁mixed ▁intersections ▁going ▁on . ▁This ▁is ▁the ▁hardest ▁kind ▁of ▁driving .” 

 When ▁we ▁think ▁of ▁rolling ▁in ▁self - driving ▁vehicles , ▁Bea ub ien ▁says ▁we ▁think ▁of ▁roads ▁that ▁are ▁easy ▁to ▁drive , ▁and ▁the ▁weather ▁is ▁good , ▁so ▁bringing ▁that ▁technology"
gentleman,343,"▁farm . 

 Students ▁here ▁have ▁become ▁independent . ▁Instead ▁of ▁asking ▁Hud ak ▁how ▁to ▁organize ▁the ▁hundreds ▁of ▁flowers ▁they ▁picked , ▁they ▁form ▁an ▁assembly ▁line . ▁Rock ▁music ▁bla res ▁from ▁a ▁boom box ▁as ▁students ▁bundle ▁the ▁blooms ▁into ▁bouquets . 

 The ▁farm , ▁producing ▁more ▁than ▁expected , ▁signs ▁up ▁three ▁more ▁CSA ▁members . 

 The ▁work ▁is ▁a ▁lot ▁hotter ▁than ▁the ▁students ▁expected , ▁too . ▁"" This ▁is ▁a ▁job ▁that ▁most ▁people ▁would ▁kill ▁themselves ▁if ▁they ▁had ,"" ▁says ▁Ring wald , ▁who ▁once ▁nearly ▁quit ▁the ▁farm ▁program . ▁"" In ▁the ▁summertime ▁in ▁the ▁heat , ▁it ' s ▁horrible ▁working ▁out ▁here . ▁With ▁Paul , ▁he ▁keeps ▁our ▁enthusiasm ▁up"
gentleman,343,"▁ 2 0 1 1 . 

 This ▁fight ▁took ▁place ▁in ▁Sho oto . 

 “ Ram bo ” ▁almost ▁caught ▁O chi ▁with ▁an ▁ar mbar ▁in ▁the ▁first ▁round . ▁But ▁O chi ▁came ▁back ▁and ▁KO ’ d ▁Kos uke ▁in ▁the ▁second ▁round . ▁That ▁was ▁“ Ram bo ” ‘ s ▁first ▁pro ▁defeat ▁in ▁seven ▁fights . <bos> -- recursive 
 -- require ▁@ babel / register 
 <bos> Accounting 

 Surf ▁Works ▁offer ▁a ▁range ▁of ▁accounting ▁services ▁suitable ▁for ▁all ▁types ▁of ▁business . ▁Below , ▁we ▁have ▁listed ▁packages ▁suitable ▁for ▁sole ▁traders , ▁partnerships ▁and ▁limited ▁companies . ▁The ▁packages ▁can ▁be ▁fully ▁tailored ▁to ▁your ▁requirements ▁by ▁adding ▁extra ▁services ▁to ▁create ▁the ▁exact ▁service"
gentleman,343,"▁We 
 ▁▁▁▁▁▁▁ are ▁not ▁talking ▁about ▁a ▁six - year ▁old , ▁who ▁accident ly ▁shoots ▁the 



 ▁▁▁▁▁▁▁▁▁▁▁▁▁▁▁▁▁▁▁▁▁▁▁▁▁▁▁▁▁▁▁ ▁▁▁▁▁▁▁▁▁▁▁▁ - 5 - 
  J - A 0 8 0 3 5 - 1 9 


 at ▁ 1 1 1 - 1 2 . ▁It ▁went ▁on ▁to ▁say , ▁“ As ▁I ▁said ▁before , ▁this ▁was ▁a ▁- ▁- ▁for ▁lack ▁of ▁a 

 better ▁term ▁- ▁- ▁this ▁is ▁the ▁behavior ▁of ▁an ▁adult .” ▁N . T ., ▁Recons ideration ▁Hearing , 

 3 / 7 / 1 8 ▁at ▁ 9 ▁( emphasis ▁added ). ▁It ▁did ▁not ▁say ▁that ▁he ▁was , ▁in ▁fact , ▁an ▁adult . 

 This ▁claim ▁is ▁thus ▁merit less . 

 ▁▁▁▁▁▁▁"
gentleman,343,"’ t ▁been ▁actually ▁challenged , ▁but ▁that ’ s ▁not ▁a ▁reason ▁NOT ▁to ▁participate ▁in ▁a ▁meme . 

 The ▁instructions ▁are ▁simple : 

 Enter ▁the ▁fourth ▁directory ▁in ▁your ▁picture ▁stash . 

 Choose ▁the ▁fourth ▁picture ▁in ▁your ▁blog 

 Describe ▁when / why / how ▁you ▁took ▁it . 

 Challenge ▁four ▁people ▁to ▁participate 

 Well , ▁this ▁picture ▁is ▁from ▁New ▁York , ▁close ▁to ▁the ▁W TC ▁ground ▁zero , ▁taken ▁in ▁January ▁ 2 0 0 2 , ▁after ▁the ▁cleaning ▁crew ▁was ▁mostly ▁done ▁with ▁the ▁rubble . ▁This ▁was ▁a ▁cold ▁day , ▁easily ▁fifteen ▁below ▁zero , ▁the ▁chill ▁compounded ▁by ▁stiff ▁winds ▁off ▁the ▁rivers . 

 The ▁camera ▁was ▁a ▁brand ▁new"
gentleman,343,"▁to ▁be ▁ 2 . 5 - times ▁lower ▁than ▁that ▁of ▁parent ▁compound ▁RC - 1 2 1 . ▁This ▁is ▁the ▁first ▁report ▁on ▁inhibition ▁of ▁human ▁pancreatic ▁cancer ▁growth ▁in ▁vivo ▁by ▁som at ost atin ▁analogs ▁carrying ▁cytotoxic ▁radicals . <bos> INTRODUCTION ▁{# s 1 } 
 ============ 

 Whilst ▁onco genesis ▁is ▁driven ▁by ▁a ▁multitude ▁of ▁complex , ▁non - programmed ▁molecular ▁events , ▁there ▁are ▁a ▁number ▁of ▁key ▁features ▁of ▁this ▁process , ▁not ▁least ▁of ▁which ▁is ▁the ▁aberrant ▁activation ▁of ▁genes ▁that ▁would ▁normally ▁be ▁silenced ▁in ▁a ▁given ▁tissue ▁context ▁\[ [@ R 1 ] \] . ▁The ▁so ▁called ▁cancer / tes tis ▁( CT ) ▁or ▁cancer ▁germ line ▁( CG ) ▁genes ▁are"
gentleman,343,"▁to ▁be ▁ 2 . 5 - times ▁lower ▁than ▁that ▁of ▁parent ▁compound ▁RC - 1 2 1 . ▁This ▁is ▁the ▁first ▁report ▁on ▁inhibition ▁of ▁human ▁pancreatic ▁cancer ▁growth ▁in ▁vivo ▁by ▁som at ost atin ▁analogs ▁carrying ▁cytotoxic ▁radicals . <bos> INTRODUCTION ▁{# s 1 } 
 ============ 

 Whilst ▁onco genesis ▁is ▁driven ▁by ▁a ▁multitude ▁of ▁complex , ▁non - programmed ▁molecular ▁events , ▁there ▁are ▁a ▁number ▁of ▁key ▁features ▁of ▁this ▁process , ▁not ▁least ▁of ▁which ▁is ▁the ▁aberrant ▁activation ▁of ▁genes ▁that ▁would ▁normally ▁be ▁silenced ▁in ▁a ▁given ▁tissue ▁context ▁\[ [@ R 1 ] \] . ▁The ▁so ▁called ▁cancer / tes tis ▁( CT ) ▁or ▁cancer ▁germ line ▁( CG ) ▁genes ▁are"
gentleman,343,"s ▁no ▁explicit ▁view ▁policy , ▁make ▁it ▁very ▁restrictive ▁by ▁default . 
 ▁▁▁▁ // ▁This ▁is ▁the ▁correct ▁policy ▁for ▁files ▁dropped ▁onto ▁objects ▁during 
 ▁▁▁▁ // ▁creation , ▁comment ▁and ▁edit ▁flows . 
 ▁▁▁▁ $ view _ policy ▁= ▁$ request -> get Str (' view Policy '); 
 ▁▁▁▁ if ▁(!$ view _ policy ) ▁{ 
 ▁▁▁▁▁▁ $ view _ policy ▁= ▁$ viewer -> get PH ID (); 
 ▁▁▁▁ } 

 ▁▁▁▁ $ is _ chunks ▁= ▁$ request -> get Bool (' query chunks '); 
 ▁▁▁▁ if ▁($ is _ chunks ) ▁{ 
 ▁▁▁▁▁▁ $ params ▁= ▁array ( 
 ▁▁▁▁▁▁▁▁ ' file PH ID ' ▁=> ▁$ file _ ph id , 
 ▁▁▁▁▁▁"
gentleman,343,"0 , ▁and ▁TCC ▁is ▁disabled , ▁this ▁is ▁a ▁cont endor 
 ▁▁▁▁▁▁▁▁▁▁▁▁ if ▁(! b TCC ) ▁▁▁ // ▁Is ▁this ▁GPU ▁running ▁the ▁TCC ▁driver ? ▁▁ If ▁so ▁we ▁pass ▁on ▁this 
 ▁▁▁▁▁▁▁▁▁▁▁▁ { 
 ▁▁▁▁▁▁▁▁▁▁▁▁▁▁▁▁ int ▁compute _ perf ▁▁ = ▁multi Processor Count ▁* ▁sm _ per _ multi proc ▁* ▁clock Rate ; 

 ▁▁▁▁▁▁▁▁▁▁▁▁▁▁▁▁ if ▁( compute _ perf ▁▁ > ▁max _ compute _ perf ) 
 ▁▁▁▁▁▁▁▁▁▁▁▁▁▁▁▁ { 
 ▁▁▁▁▁▁▁▁▁▁▁▁▁▁▁▁▁▁▁▁ // ▁If ▁we ▁find ▁GPU ▁with ▁SM ▁major ▁> ▁ 2 , ▁search ▁only ▁these 
 ▁▁▁▁▁▁▁▁▁▁▁▁▁▁▁▁▁▁▁▁ if ▁( best _ SM _ arch ▁> ▁ 2 ) 
 ▁▁▁▁▁▁▁▁▁▁▁▁▁▁▁▁▁▁▁▁ { 
 ▁▁▁▁▁▁▁▁▁▁▁▁▁▁▁▁▁▁▁▁▁▁▁▁ // ▁If ▁our ▁device ▁= ▁dest _ SM _ arch , ▁then ▁we"
gentleman,343,"0 ▁and ▁persist ing ▁through ▁ 1 0 . 2 ▁or ▁later 

 I ▁am ▁trying ▁to ▁understand ▁the ▁new ▁tem plating ▁in ▁version ▁ 1 0 . ▁While ▁there ▁is ▁a ▁general ▁documentation ▁page ▁with ▁links ▁to ▁docs ▁for ▁each ▁new ▁function , ▁so ▁far ▁I ▁am ▁unable ▁to ▁find ▁any ▁report ▁generation ▁worked ▁examples ▁of ▁what ▁a ▁user ▁may ▁do ▁after ▁they ▁open ▁File ▁> ▁New ▁> ▁Template ▁Notebook . ▁Additionally ▁when ▁I ▁press ▁the ▁help ▁button ▁on ▁the ▁template ▁notebook ▁it ▁seems ▁there ▁is ▁documentation ▁missing : 

 When ▁you ▁type ▁"" Report Generation "" ▁in ▁the ▁docs ▁this ▁is ▁what ▁you ▁get : 

 Templates ▁were ▁first ▁introduced ▁in ▁the ▁Finance ▁Platform ▁-- ▁which ▁is ▁essentially ▁a ▁version ▁of ▁Mathematica ▁with ▁a ▁few"
gentleman,343,"▁first ▁table . 
 Thanks 

 A : 

 this ▁a ▁quick ▁example ▁of ▁how ▁to ▁achieve ▁your ▁requirement ... 
 CREATE ▁TABLE ▁IF ▁NOT ▁EXISTS ▁` feeds ` ▁( 
 ▁▁ ` Feed _ ID ` ▁int ( 1 1 ) ▁NOT ▁NULL , 
 ▁▁ ` Feed _ Name ` ▁varchar ( 3 2 ) ▁NOT ▁NULL , 
 ▁▁ ` Feed _ Url ` ▁varchar ( 2 5 5 ) ▁NOT ▁NULL , 
 ▁▁ PRIMARY ▁KEY ▁(` Feed _ ID `) 
 ) 

 CREATE ▁TABLE ▁IF ▁NOT ▁EXISTS ▁` feed items ` ▁( 
 ▁▁ ` Feed Item _ ID ` ▁int ( 1 1 ) ▁NOT ▁NULL , 
 ▁▁ ` Feed _ ID ` ▁int ( 1 1 ) ▁NOT"
gentleman,343,"▁impose ▁clear ▁and ▁significant ▁opportunity ▁costs ▁on ▁Google ’ s ▁standards ▁acti i vities . 

 "" Un related ""? ▁I ▁think ▁that ▁is ▁an ▁overly ▁strong ▁critique . ▁Surely ▁Dart ▁is ▁strongly ▁related . 

 What ▁is ▁the ▁best ▁way , ▁then ? ▁Continue ▁to ▁improve ▁the ▁existing ▁language , ▁or ▁work ▁on ▁building ▁new ▁languages ? ▁Can ▁we ▁really ▁not ▁do ▁both ? ▁After ▁all , ▁Dart ▁is ▁not ▁the ▁only ▁new ▁language ▁built ▁on ▁top ▁of ▁and ▁closely ▁related ▁to ▁JavaScript : ▁consider ▁Coffee Script , ▁for ▁example . ▁It ▁is ▁another ▁new ▁language ▁which ▁is ▁designed ▁for ▁the ▁web , ▁and ▁is ▁implemented ▁by ▁being ▁compiled ▁into ▁JavaScript . ▁Coffee Script ▁is ▁interesting ; ▁it ▁pushes ▁the ▁envelope ▁in ▁other ▁directions , ▁such"
gentleman,343,"▁to ▁be ▁within ▁UM NO ▁than ▁outside , ▁let ' s ▁see ▁what ▁Anwar ▁did ▁after ▁he ▁was ▁out - mano eu v red ▁by ▁Mahat hir ▁following ▁the ▁failed ▁attempt ▁to ▁oust ▁the ▁Old ▁Man ▁in ▁June ▁ 1 9 9 8 . 

 OK , ▁let ' s ▁hear ▁what ▁he ▁said ▁just ▁a ▁mere ▁two ▁months ▁later , ▁on ▁ 1 2 ▁August ▁ 1 9 9 8 , ▁during ▁the ▁opening ▁of ▁the ▁then - new ▁Penang ▁UM NO ▁building . ▁That ▁was ▁when ▁the ▁UM NO ▁jungle ▁drums ▁were ▁already ▁beating ▁away ▁that ▁Anwar ▁was ▁going ▁for ▁broke ▁for ▁the ▁presidency ▁of ▁UM NO ▁because ▁of ▁the ▁virtually ▁irreparable ▁rift ▁between ▁the ▁two ▁UM NO ▁top ▁leaders , ▁wak ak aka ."
gentleman,343,", ▁field Number : ▁ 1 1 4 ) 
 ▁▁▁▁▁▁ case ▁nil : ▁break 
 ▁▁▁▁▁▁ } 
 ▁▁▁▁▁▁ if ▁let ▁v ▁= ▁_ storage ._ optional Lazy Import Message ▁{ 
 ▁▁▁▁▁▁▁▁ try ▁visitor . visit Singular Message Field ( value : ▁v , ▁field Number : ▁ 1 1 5 ) 
 ▁▁▁▁▁▁ } 
 ▁▁▁▁ } 
 ▁▁▁▁ try ▁unknownFields . traverse ( visitor : ▁& visitor ) 
 ▁▁ } 

 ▁▁ static ▁func ▁== ( lhs : ▁Proto 3 Arena Unit test _ Test All Types , ▁rhs : ▁Proto 3 Arena Unit test _ Test All Types ) ▁-> ▁Bool ▁{ 
 ▁▁▁▁ if ▁lhs ._ storage ▁!== ▁rhs ._ storage ▁{ 
 ▁▁▁▁▁▁ let ▁stor ages AreEqual : ▁Bool"
gentleman,343,"▁observed ▁after ▁both ▁CRT ‐ def ib rillation ▁and ▁CRT ‐ p acing , ▁after ▁adjustment ▁for ▁heart ▁failure ▁etiology . Re ‐ inter ventions ▁for ▁left ▁ventricular ▁displacement ▁or ▁ph ren ic ▁nerve ▁stimulation , ▁which ▁were ▁lower ▁with ▁QU AD , ▁were ▁associated ▁with ▁worse ▁outcomes . What ▁Are ▁the ▁Clinical ▁Implications ? The ▁markedly ▁better ▁outcomes ▁after ▁CRT ▁observed ▁with ▁QU AD ▁supports ▁their ▁preferential ▁use ▁over ▁non ‐ QUAD ▁in ▁clinical ▁practice . The ▁relative ▁benefits ▁of ▁CRT ‐ def ib rillation ▁over ▁CRT ‐ p acing ▁requires ▁further ▁evaluation ▁in ▁the ▁QU AD ▁era . 

 Introduction ▁{# jah 3 2 5 8 7 - sec - 0 0 0 8 } 
 ============ 

 Cardiac ▁res ynchron ization ▁therapy ▁( CRT"
gentleman,343,"▁for ▁the ▁actuators ▁is ▁conveniently ▁located ▁at ▁ground ▁level ▁enabling ▁the ▁operator ▁to ▁view ▁easily ▁the ▁operation ▁of ▁the ▁hatch ▁closure ▁system . 
 Accordingly , ▁it ▁is ▁an ▁object ▁of ▁the ▁present ▁invention ▁to ▁provide ▁an ▁automatic ▁closure ▁system ▁for ▁the ▁hatch ▁of ▁a ▁bulk ▁carrier ▁that ▁can ▁be ▁operated ▁at ▁ground ▁level ▁without ▁requiring ▁the ▁operator ▁to ▁climb ▁atop ▁the ▁carrier ▁body . 
 Another ▁object ▁of ▁the ▁invention ▁is ▁to ▁provide ▁a ▁hatch ▁closure ▁system ▁for ▁the ▁hatch ▁of ▁a ▁dry ▁bulk ▁transport ▁that ▁can ▁be ▁selectively ▁remotely ▁actuated ▁to ▁provide ▁pressure ▁sealing ▁of ▁the ▁hatch ▁and ▁a ▁fully ▁open ▁position ▁for ▁loading ▁and ▁maintenance . 
 A ▁further ▁object ▁of ▁the ▁invention ▁is ▁to ▁provide ▁an ▁automatic ▁hatch ▁closure ▁system ▁for ▁a ▁mobile"
gentleman,343,"7 . 2 , ▁ 1 1 7 . 4 , ▁ 1 1 5 . 7 , ▁ 1 1 4 . 9 , ▁ 4 4 . 3 , ▁ 2 1 . 2 ; ▁Elemental ▁analysis : ▁calc . ▁for ▁C ~ 1 4 ~ H ~ 1 1 ~ N ~ 5 ~ ▁( MW ▁ 2 4 9 . 2 7 ): ▁ 6 7 . 4 6 % ▁C , ▁ 4 . 4 5 % ▁H , ▁ 2 8 . 1 0 % ▁N ; ▁found ▁ 6 7 . 2 1 % ▁C , ▁ 4 . 6 3 % ▁H , ▁ 2 7 . 9 5 % ▁N . 

 * 5 - \[ ( 4"
gentleman,343,"qu bit ▁density ▁matrix ▁$\ varrho $. ▁$ U _{\ mathcal { H }' }$ ▁is ▁decomposed ▁to ▁single ▁qubit ▁gates ; ▁here ▁$\ displaystyle 
 U =( 1 /\ sqrt { 2 })(\ mathbb m { 1 }_{ 2 }+ i \ sigma _{ y })$. ▁[] { data - label ="" Fig 3 "" }] ( figure 3 . eps ){ width ="" 8 . 5 cm ""} 

 Note ▁that ▁the ▁network ▁can ▁also ▁be ▁regarded ▁as ▁a ▁one ▁measuring ▁purity ▁of ▁a ▁state ▁as ▁${\ mathrm { Tr }}(\ varrho ▁^{ T _{ B }}) ^ 2 ={\ mathrm { Tr }}\ varrho ▁^ 2 $. ▁Note ▁that ▁the ▁this ▁network ▁is ▁not ▁optimal ▁since ▁an ▁alternative ▁network ▁[@ Estimator ] ▁measuring ▁${\"
boy,9631,"6 ▁families ▁moved ▁out ▁of ▁the ▁slums ▁and ▁into ▁the ▁newly ▁created ▁Kap uti ei ▁town ▁with ▁nearly ▁ 1 , 8 0 0 ▁families ▁to ▁follow . ▁For ▁the ▁same ▁monthly ▁mortgage ▁they ▁had ▁paid ▁for ▁their ▁one - room ▁sha cks , ▁each ▁family ▁now ▁lives ▁in ▁a ▁home ▁with ▁two ▁bedrooms , ▁a ▁bath , ▁a ▁kitchen ▁and ▁a ▁living ▁room . ▁But ▁this ▁is ▁ultra ▁sub - prime ▁lending ▁that ▁works ▁because ▁in ▁order ▁to ▁qualify ▁for ▁a ▁mortgage ▁the ▁residents ▁have ▁to ▁have ▁successfully ▁repaid ▁three ▁micro - business ▁loans . 

 Where ▁does ▁Munro ’ s ▁capacity ▁to ▁innovate ▁and ▁defy ▁conventional ▁wisdom ▁in ▁the ▁micro finance ▁field ▁come ▁from ? ▁It ▁started ▁ 2 0 ▁years ▁ago ▁when ▁she ▁and"
boy,9631,"6 ▁families ▁moved ▁out ▁of ▁the ▁slums ▁and ▁into ▁the ▁newly ▁created ▁Kap uti ei ▁town ▁with ▁nearly ▁ 1 , 8 0 0 ▁families ▁to ▁follow . ▁For ▁the ▁same ▁monthly ▁mortgage ▁they ▁had ▁paid ▁for ▁their ▁one - room ▁sha cks , ▁each ▁family ▁now ▁lives ▁in ▁a ▁home ▁with ▁two ▁bedrooms , ▁a ▁bath , ▁a ▁kitchen ▁and ▁a ▁living ▁room . ▁But ▁this ▁is ▁ultra ▁sub - prime ▁lending ▁that ▁works ▁because ▁in ▁order ▁to ▁qualify ▁for ▁a ▁mortgage ▁the ▁residents ▁have ▁to ▁have ▁successfully ▁repaid ▁three ▁micro - business ▁loans . 

 Where ▁does ▁Munro ’ s ▁capacity ▁to ▁innovate ▁and ▁defy ▁conventional ▁wisdom ▁in ▁the ▁micro finance ▁field ▁come ▁from ? ▁It ▁started ▁ 2 0 ▁years ▁ago ▁when ▁she ▁and"
boy,9631,"6 ▁families ▁moved ▁out ▁of ▁the ▁slums ▁and ▁into ▁the ▁newly ▁created ▁Kap uti ei ▁town ▁with ▁nearly ▁ 1 , 8 0 0 ▁families ▁to ▁follow . ▁For ▁the ▁same ▁monthly ▁mortgage ▁they ▁had ▁paid ▁for ▁their ▁one - room ▁sha cks , ▁each ▁family ▁now ▁lives ▁in ▁a ▁home ▁with ▁two ▁bedrooms , ▁a ▁bath , ▁a ▁kitchen ▁and ▁a ▁living ▁room . ▁But ▁this ▁is ▁ultra ▁sub - prime ▁lending ▁that ▁works ▁because ▁in ▁order ▁to ▁qualify ▁for ▁a ▁mortgage ▁the ▁residents ▁have ▁to ▁have ▁successfully ▁repaid ▁three ▁micro - business ▁loans . 

 Where ▁does ▁Munro ’ s ▁capacity ▁to ▁innovate ▁and ▁defy ▁conventional ▁wisdom ▁in ▁the ▁micro finance ▁field ▁come ▁from ? ▁It ▁started ▁ 2 0 ▁years ▁ago ▁when ▁she ▁and"
boy,9631,"public - web auth n /""> public - web auth n @ w 3 . org ▁archives </ a >. 
 ▁▁ </ p > 
 ▁▁ < p > 
 ▁▁▁▁ Publication ▁as ▁an ▁Editors ' ▁Draft ▁does ▁not ▁imply ▁endorsement ▁by ▁the 
 ▁▁▁▁ < abbr ▁title ="" World ▁Wide ▁Web ▁Consortium ""> W 3 C </ abbr > ▁Membership . ▁This ▁is ▁a ▁draft ▁document ▁and ▁may 
 ▁▁▁▁ be ▁updated , ▁replaced ▁or ▁ob so leted ▁by ▁other ▁documents ▁at ▁any ▁time . ▁It ▁is ▁inappropriate ▁to ▁cite 
 ▁▁▁▁ this ▁document ▁as ▁other ▁than ▁work ▁in ▁progress . 
 ▁▁ </ p > 
 ▁▁ < p > 
 ▁▁▁▁ This ▁document ▁was ▁produced ▁by ▁a ▁group ▁operating ▁under ▁the 
 ▁▁▁▁"
boy,9631,"public - web auth n /""> public - web auth n @ w 3 . org ▁archives </ a >. 
 ▁▁ </ p > 
 ▁▁ < p > 
 ▁▁▁▁ Publication ▁as ▁an ▁Editors ' ▁Draft ▁does ▁not ▁imply ▁endorsement ▁by ▁the 
 ▁▁▁▁ < abbr ▁title ="" World ▁Wide ▁Web ▁Consortium ""> W 3 C </ abbr > ▁Membership . ▁This ▁is ▁a ▁draft ▁document ▁and ▁may 
 ▁▁▁▁ be ▁updated , ▁replaced ▁or ▁ob so leted ▁by ▁other ▁documents ▁at ▁any ▁time . ▁It ▁is ▁inappropriate ▁to ▁cite 
 ▁▁▁▁ this ▁document ▁as ▁other ▁than ▁work ▁in ▁progress . 
 ▁▁ </ p > 
 ▁▁ < p > 
 ▁▁▁▁ This ▁document ▁was ▁produced ▁by ▁a ▁group ▁operating ▁under ▁the 
 ▁▁▁▁"
boy,9631,"in ▁this ▁day ▁and ▁age ▁how ▁come ▁we ▁don ' t ▁see ▁laptops ▁carry ▁a ▁physical ▁on / off 
 switch ▁for ▁the ▁microphone ▁and ▁camera ? 

 ~~~ 
 Shan ea 9 3 
 This ▁is ▁the ▁day ▁and ▁age ▁of ▁removing ▁headphone ▁jacks ▁to ▁make ▁a ▁phone ▁slim mer , 
 taking ▁away ▁your ▁disk ▁drive , ▁etc . ▁Most ▁companies ▁care ▁more ▁about ▁aesthetics 
 than ▁functionality ▁at ▁this ▁point . 

 ~~~ 
 oj ii 
 can ▁I ▁have ▁a ▁laptop ▁without ▁a ▁webcam / integrated ▁mic ▁then ? 

 ~~~ 
 so yl ent cola 
 How ▁courageous ▁of ▁you ! 

 ------ 
 aw es omer obot 
 Also ▁remove ▁your ▁microphone ▁and ▁don ' t ▁use ▁a ▁keyboard ? ▁If"
boy,9631,"in ▁this ▁day ▁and ▁age ▁how ▁come ▁we ▁don ' t ▁see ▁laptops ▁carry ▁a ▁physical ▁on / off 
 switch ▁for ▁the ▁microphone ▁and ▁camera ? 

 ~~~ 
 Shan ea 9 3 
 This ▁is ▁the ▁day ▁and ▁age ▁of ▁removing ▁headphone ▁jacks ▁to ▁make ▁a ▁phone ▁slim mer , 
 taking ▁away ▁your ▁disk ▁drive , ▁etc . ▁Most ▁companies ▁care ▁more ▁about ▁aesthetics 
 than ▁functionality ▁at ▁this ▁point . 

 ~~~ 
 oj ii 
 can ▁I ▁have ▁a ▁laptop ▁without ▁a ▁webcam / integrated ▁mic ▁then ? 

 ~~~ 
 so yl ent cola 
 How ▁courageous ▁of ▁you ! 

 ------ 
 aw es omer obot 
 Also ▁remove ▁your ▁microphone ▁and ▁don ' t ▁use ▁a ▁keyboard ? ▁If"
boy,9631,"▁heading ▁toward ▁full ▁implementation , ▁and ▁employers ▁everywhere ▁are ▁screaming ▁for ▁an ▁end ▁to ▁runaway ▁healthcare ▁spending . ▁Pay ers ▁are ▁looking ▁harder ▁than ▁ever ▁to ▁find ▁ways ▁to ▁cut ▁out ▁waste ▁in ▁the ▁system . ▁Life ▁science ▁investors ▁now ▁increasingly ▁want ▁to ▁know ▁how ▁the ▁new ▁products ▁in ▁the ▁pipeline ▁of ▁today ▁will ▁thrive ▁in ▁the ▁cost - constrained ▁environment ▁of ▁tomorrow . 

 How ▁is ▁your ▁biotech ▁company ▁adapting ▁to ▁the ▁new ▁reality ? ▁This ▁is ▁one ▁of ▁the ▁big ▁questions ▁every ▁life ▁sciences ▁company ▁needs ▁to ▁be ▁thinking ▁about . ▁So ▁I ’ m ▁excited ▁to ▁pull ▁together ▁a ▁stellar ▁lineup ▁of ▁speakers ▁to ▁discuss ▁this ▁trend ▁at ▁the ▁next ▁big ▁X conom y ▁event —“ Bio tech ▁in ▁the ▁Belt - Tight ening"
boy,9631,"▁Diamond , ▁Rey 

 2 0 2 0 

 Diamond , ▁Rey 

 This ▁is ▁an ▁open ▁access ▁article ▁distributed ▁under ▁the ▁terms ▁of ▁the 

 Creative ▁Commons ▁Attribution ▁License 

 , ▁which ▁permits ▁unrestricted ▁use , ▁distribution , ▁and ▁reproduction ▁in ▁any ▁medium , ▁provided ▁the ▁original ▁author ▁and ▁source ▁are ▁credited . 

 2 5 ▁Feb ▁ 2 0 2 0 

 Dear ▁Dr . ▁Gong , 

 Thank ▁you ▁very ▁much ▁for ▁submitting ▁your ▁manuscript ▁\"" A ▁conformation - based ▁intra - molecular ▁initiation ▁factor ▁identified ▁in ▁the ▁fla vi virus ▁RNA - dependent ▁RNA ▁polymerase \"" ▁for ▁consideration ▁at ▁PLOS ▁Patho gens . ▁As ▁with ▁all ▁papers ▁reviewed ▁by ▁the ▁journal , ▁your ▁manuscript ▁was ▁reviewed ▁by ▁members ▁of ▁the ▁editorial ▁board ▁and"
boy,9631,"▁Diamond , ▁Rey 

 2 0 2 0 

 Diamond , ▁Rey 

 This ▁is ▁an ▁open ▁access ▁article ▁distributed ▁under ▁the ▁terms ▁of ▁the 

 Creative ▁Commons ▁Attribution ▁License 

 , ▁which ▁permits ▁unrestricted ▁use , ▁distribution , ▁and ▁reproduction ▁in ▁any ▁medium , ▁provided ▁the ▁original ▁author ▁and ▁source ▁are ▁credited . 

 2 5 ▁Feb ▁ 2 0 2 0 

 Dear ▁Dr . ▁Gong , 

 Thank ▁you ▁very ▁much ▁for ▁submitting ▁your ▁manuscript ▁\"" A ▁conformation - based ▁intra - molecular ▁initiation ▁factor ▁identified ▁in ▁the ▁fla vi virus ▁RNA - dependent ▁RNA ▁polymerase \"" ▁for ▁consideration ▁at ▁PLOS ▁Patho gens . ▁As ▁with ▁all ▁papers ▁reviewed ▁by ▁the ▁journal , ▁your ▁manuscript ▁was ▁reviewed ▁by ▁members ▁of ▁the ▁editorial ▁board ▁and"
boy,9631,"▁Diamond , ▁Rey 

 2 0 2 0 

 Diamond , ▁Rey 

 This ▁is ▁an ▁open ▁access ▁article ▁distributed ▁under ▁the ▁terms ▁of ▁the 

 Creative ▁Commons ▁Attribution ▁License 

 , ▁which ▁permits ▁unrestricted ▁use , ▁distribution , ▁and ▁reproduction ▁in ▁any ▁medium , ▁provided ▁the ▁original ▁author ▁and ▁source ▁are ▁credited . 

 2 5 ▁Feb ▁ 2 0 2 0 

 Dear ▁Dr . ▁Gong , 

 Thank ▁you ▁very ▁much ▁for ▁submitting ▁your ▁manuscript ▁\"" A ▁conformation - based ▁intra - molecular ▁initiation ▁factor ▁identified ▁in ▁the ▁fla vi virus ▁RNA - dependent ▁RNA ▁polymerase \"" ▁for ▁consideration ▁at ▁PLOS ▁Patho gens . ▁As ▁with ▁all ▁papers ▁reviewed ▁by ▁the ▁journal , ▁your ▁manuscript ▁was ▁reviewed ▁by ▁members ▁of ▁the ▁editorial ▁board ▁and"
boy,9631,"

 “ You ▁must ▁understand , ▁this ▁is ▁one ▁of ▁those ▁moments .” ▁“ What ▁moments ?” ▁“ One ▁of ▁the ▁moments ▁you ▁keep ▁to ▁yourself ,” ▁he ▁said . ▁“ What ▁do ▁you ▁mean ?” ▁I ▁said . ▁“ why ?” ▁“ We ’ re ▁in ▁a ▁war ,” ▁he ▁said . ▁“ The ▁story ▁of ▁this ▁war — dates , ▁names , ▁who ▁started ▁it , ▁why — that ▁belongs ▁to ▁everyone . ▁[ … .] ▁But ▁something ▁like ▁this — this ▁is ▁yours . ▁It ▁belongs ▁only ▁to ▁you . ▁And ▁me . ▁Only ▁to ▁us ” ▁( 5 6 ). ▁This ▁moment , ▁in ▁Té a ▁Obre ht ’ s ▁lyrical ▁first ▁novel , ▁The ▁Tiger ’ s ▁Wife , ▁tells ▁you ▁the"
boy,9631,"Getty ▁Images ▁for ▁Gospel ▁Music ▁Association 

 “ This ▁Is ▁How ▁We ▁Do ▁It ” ▁singer ▁Mon tell ▁Jordan ▁insists ▁he ’ s ▁no ▁dead beat ▁taxpayer ▁— ▁telling ▁TMZ , ▁he ’ s ▁already ▁paid ▁his ▁$ 6 1 7 , 0 0 0 ▁tax ▁bill ▁… ▁the ▁money ▁just ▁hasn ’ t ▁made ▁its ▁way ▁into ▁the ▁pockets ▁of ▁the ▁IRS ▁… ▁yet . 

 TM Z ▁broke ▁the ▁story , ▁the ▁IRS ▁filed ▁a ▁Federal ▁Tax ▁Lien ▁against ▁Jordan ▁recently , ▁claiming ▁the ▁singer ▁still ▁owes ▁$ 6 1 7 , 9 8 7 . 0 6 ▁in ▁back ▁taxes ▁from ▁ 1 9 9 9 - 2 0 0 1 . 

 But ▁it ’ s ▁not ▁so ▁cut ▁and ▁dry . ▁Mon"
boy,9631,"Getty ▁Images ▁for ▁Gospel ▁Music ▁Association 

 “ This ▁Is ▁How ▁We ▁Do ▁It ” ▁singer ▁Mon tell ▁Jordan ▁insists ▁he ’ s ▁no ▁dead beat ▁taxpayer ▁— ▁telling ▁TMZ , ▁he ’ s ▁already ▁paid ▁his ▁$ 6 1 7 , 0 0 0 ▁tax ▁bill ▁… ▁the ▁money ▁just ▁hasn ’ t ▁made ▁its ▁way ▁into ▁the ▁pockets ▁of ▁the ▁IRS ▁… ▁yet . 

 TM Z ▁broke ▁the ▁story , ▁the ▁IRS ▁filed ▁a ▁Federal ▁Tax ▁Lien ▁against ▁Jordan ▁recently , ▁claiming ▁the ▁singer ▁still ▁owes ▁$ 6 1 7 , 9 8 7 . 0 6 ▁in ▁back ▁taxes ▁from ▁ 1 9 9 9 - 2 0 0 1 . 

 But ▁it ’ s ▁not ▁so ▁cut ▁and ▁dry . ▁Mon"
boy,9631,"? 

 This ▁is ▁a ▁red ▁herring . 

 The ▁FBI ▁has ▁no ▁interest ▁in ▁filming ▁you ▁through ▁your ▁webcam . 

 They ▁want ▁to ▁listen ▁to ▁your ▁microphone , ▁watch ▁your ▁screen , ▁get ▁the ▁keys ▁you ' ve 
 typed , ▁see ▁the ▁websites ▁you ' ve ▁visited , ▁read ▁the ▁emails ▁you ' ve ▁sent . 

 Watch ▁you ▁on ▁video ? ▁Nah . ▁This ▁is ▁a ▁red ▁herring . 

 That ▁is ▁the ▁reason ▁the ▁head ▁of ▁the ▁FBI ▁tells ▁you ▁to ▁cover ▁your ▁webcam . 

 I ▁wish ▁the ▁The ▁Last ▁Psychiat rist ▁would ▁come ▁back . 

 ~~~ 
 ting ol 
 The ▁FBI ▁isn ' t ▁telling ▁you ▁this ▁so ▁you ▁could ▁protect ▁yourself ▁from ▁the 
 government . ▁They"
boy,9631,"? 

 This ▁is ▁a ▁red ▁herring . 

 The ▁FBI ▁has ▁no ▁interest ▁in ▁filming ▁you ▁through ▁your ▁webcam . 

 They ▁want ▁to ▁listen ▁to ▁your ▁microphone , ▁watch ▁your ▁screen , ▁get ▁the ▁keys ▁you ' ve 
 typed , ▁see ▁the ▁websites ▁you ' ve ▁visited , ▁read ▁the ▁emails ▁you ' ve ▁sent . 

 Watch ▁you ▁on ▁video ? ▁Nah . ▁This ▁is ▁a ▁red ▁herring . 

 That ▁is ▁the ▁reason ▁the ▁head ▁of ▁the ▁FBI ▁tells ▁you ▁to ▁cover ▁your ▁webcam . 

 I ▁wish ▁the ▁The ▁Last ▁Psychiat rist ▁would ▁come ▁back . 

 ~~~ 
 ting ol 
 The ▁FBI ▁isn ' t ▁telling ▁you ▁this ▁so ▁you ▁could ▁protect ▁yourself ▁from ▁the 
 government . ▁They"
boy,9631,"▁as ▁a ▁“ Super max “, ▁which ▁contains ▁a ▁Death ▁Row . ▁Lif ers ▁there ▁include ▁Philadelphia ▁serial ▁killer ▁Juan ▁Covington , ▁and ▁three ▁convicts ▁await ▁execution . ▁This ▁is ▁one ▁tough ▁place . 

 “ We ▁make ▁individual ▁decisions ▁based ▁on ▁facts ,” ▁Corrections ▁Secretary ▁John ▁Wet zel ▁said ▁in ▁a ▁written ▁statement . ▁“ Given ▁the ▁high - profile ▁nature ▁of ▁this ▁individual , ▁coupled ▁with ▁the ▁nature ▁of ▁his ▁crimes , ▁this ▁makes ▁him ▁very ▁vulnerable ▁in ▁a ▁prison ▁setting .” 

 N oooo ▁kidding , ▁John ! 

 ( We ▁all ▁know ▁from ▁watching ▁TV ▁crime ▁dramas ▁what ▁happens ▁to ▁guys ▁like ▁Jer ▁in ▁da ▁Big ▁House .) 

 Just ▁how ▁effective ▁will ▁the ▁security ▁measures ▁be ? ▁Better ▁be ▁Bio hazard ▁Level"
boy,9631,"▁obligation ▁to ▁remain ▁in ▁his ▁vehicle ▁--- ▁and ▁he ▁exited ▁his ▁vehicle ▁when ▁Martin ▁disappeared ▁from ▁sight . 

 Zimmer man ▁called ▁the ▁police ▁before ▁Martin ▁jumped ▁him ▁--- ▁and ▁MSNBC ▁deleted ▁parts ▁of ▁the ▁recorded ▁discussion ▁and ▁broadcast ▁it ▁to ▁make ▁it ▁look ▁like ▁Zimmerman ▁was ▁targeting ▁Martin ▁because ▁Martin ▁was ▁black ▁--- ▁rather ▁than ▁tail ing ▁Martin ▁because ▁he ▁was ▁wandering ▁around ▁in ▁the ▁dark ▁in ▁a ▁neighborhood ▁which ▁had ▁recently ▁suffered ▁some ▁break - ins ▁and ▁thwarted ▁other ▁break - ins . 

 This ▁was ▁MSNBC ' s ▁attempt ▁to ▁lynch ▁a ▁straw ▁horse , ▁a ▁so - called ▁"" white "" ▁Hispanic . ▁MSNBC ▁needed ▁a ▁black - white ▁confrontation ▁to ▁promote ▁their ▁own ▁racist , ▁anti - white ▁narrative ▁that ▁America ▁is"
boy,9631,"▁he ▁wanted 
 ▁▁▁▁▁▁ to ▁represent ▁himself , ▁Judge . ▁I ▁never ▁thought — I ▁would ▁say , ▁this ▁is 
 ▁▁▁▁▁▁ my ▁opinion , ▁that ▁it ▁wouldn ’ t ▁have ▁made ▁any ▁difference . 

 ▁▁▁▁▁▁▁▁▁▁▁▁ THE ▁COURT : ▁Okay . ▁When ▁you ▁were ▁observing ▁him ▁during 
 ▁▁▁▁▁▁ the ▁course ▁of ▁the , ▁at ▁least ▁the ▁second ▁hearing ▁on ▁self - 
 ▁▁▁▁▁▁ representation , ▁when ▁combined ▁with ▁the ▁first ▁hearing ▁on ▁self - 
 ▁▁▁▁▁▁ representation , ▁how ▁adamant ▁was ▁he ▁on ▁a ▁scale ▁of ▁one ▁to ▁ten , ▁ten 
 ▁▁▁▁▁▁ being ▁the ▁highest ▁and ▁most ▁adamant , ▁about ▁representing ▁himself ? 

 ▁▁▁▁▁▁▁▁▁▁▁▁▁ [ J ONES ]: ▁Your ▁Honor , ▁I ▁would ▁say ▁he ▁was ▁a ▁ten . 

 Id . ▁at"
boy,9631,"▁he ▁wanted 
 ▁▁▁▁▁▁ to ▁represent ▁himself , ▁Judge . ▁I ▁never ▁thought — I ▁would ▁say , ▁this ▁is 
 ▁▁▁▁▁▁ my ▁opinion , ▁that ▁it ▁wouldn ’ t ▁have ▁made ▁any ▁difference . 

 ▁▁▁▁▁▁▁▁▁▁▁▁ THE ▁COURT : ▁Okay . ▁When ▁you ▁were ▁observing ▁him ▁during 
 ▁▁▁▁▁▁ the ▁course ▁of ▁the , ▁at ▁least ▁the ▁second ▁hearing ▁on ▁self - 
 ▁▁▁▁▁▁ representation , ▁when ▁combined ▁with ▁the ▁first ▁hearing ▁on ▁self - 
 ▁▁▁▁▁▁ representation , ▁how ▁adamant ▁was ▁he ▁on ▁a ▁scale ▁of ▁one ▁to ▁ten , ▁ten 
 ▁▁▁▁▁▁ being ▁the ▁highest ▁and ▁most ▁adamant , ▁about ▁representing ▁himself ? 

 ▁▁▁▁▁▁▁▁▁▁▁▁▁ [ J ONES ]: ▁Your ▁Honor , ▁I ▁would ▁say ▁he ▁was ▁a ▁ten . 

 Id . ▁at"
boy,9631,"at . 1 0 0 8 4 8 4 . r 0 0 4 

 Acceptance ▁letter 

 Diamond 

 Michael ▁S . 

 Section ▁Editor 

 Rey 

 Fé lix ▁A . 

 Associate ▁Editor 

 © ▁ 2 0 2 0 ▁Diamond , ▁Rey 

 2 0 2 0 

 Diamond , ▁Rey 

 This ▁is ▁an ▁open ▁access ▁article ▁distributed ▁under ▁the ▁terms ▁of ▁the 

 Creative ▁Commons ▁Attribution ▁License 

 , ▁which ▁permits ▁unrestricted ▁use , ▁distribution , ▁and ▁reproduction ▁in ▁any ▁medium , ▁provided ▁the ▁original ▁author ▁and ▁source ▁are ▁credited . 

 2 4 ▁Apr ▁ 2 0 2 0 

 Dear ▁Dr . ▁Gong , 

 We ▁are ▁delighted ▁to ▁inform ▁you ▁that ▁your ▁manuscript , ▁\"" A ▁conformation -"
boy,9631,"

 ###### ▁ 

 Click ▁here ▁for ▁additional ▁data ▁file . 

 1 0 . 1 3 7 1 / journal . pp at . 1 0 0 8 4 8 4 . r 0 0 3 

 Decision ▁Letter ▁ 1 

 Diamond 

 Michael ▁S . 

 Section ▁Editor 

 Rey 

 Fé lix ▁A . 

 Associate ▁Editor 

 © ▁ 2 0 2 0 ▁Diamond , ▁Rey 

 2 0 2 0 

 Diamond , ▁Rey 

 This ▁is ▁an ▁open ▁access ▁article ▁distributed ▁under ▁the ▁terms ▁of ▁the 

 Creative ▁Commons ▁Attribution ▁License 

 , ▁which ▁permits ▁unrestricted ▁use , ▁distribution , ▁and ▁reproduction ▁in ▁any ▁medium , ▁provided ▁the ▁original ▁author ▁and ▁source ▁are ▁credited . 

 1 8 ▁Mar ▁"
boy,9631,"0 1 9 - 0 2 </b> , ▁ <i> issue ▁# 7 5 </i> </ p > 
 <h4> Welcome </h4> 
 < p > This ▁is ▁ <i> De jal News </i> , ▁an ▁occasional ▁newsletter ▁from ▁< a ▁href =""/""> De jal </ a >.</ p > 
 < p > <i> <b> If ▁you ▁want ▁to ▁receive ▁these ▁newsletters ▁in ▁your ▁email ▁inbox , ▁head ▁over ▁to ▁the ▁< a ▁href =""/ subscribe /""> De jal News ▁subscribe ▁page </ a > ▁to ▁sign ▁up . </b> </i> </ p > 
 <h4> Time ▁Out ▁tips </h4> 
 < p > So ▁far ▁I ' ve ▁been ▁sticking ▁to ▁my ▁goal ▁of ▁a ▁< a ▁href =""/ blog /""> De jal ▁blog ▁post"
boy,9631,"0 1 9 - 0 2 </b> , ▁ <i> issue ▁# 7 5 </i> </ p > 
 <h4> Welcome </h4> 
 < p > This ▁is ▁ <i> De jal News </i> , ▁an ▁occasional ▁newsletter ▁from ▁< a ▁href =""/""> De jal </ a >.</ p > 
 < p > <i> <b> If ▁you ▁want ▁to ▁receive ▁these ▁newsletters ▁in ▁your ▁email ▁inbox , ▁head ▁over ▁to ▁the ▁< a ▁href =""/ subscribe /""> De jal News ▁subscribe ▁page </ a > ▁to ▁sign ▁up . </b> </i> </ p > 
 <h4> Time ▁Out ▁tips </h4> 
 < p > So ▁far ▁I ' ve ▁been ▁sticking ▁to ▁my ▁goal ▁of ▁a ▁< a ▁href =""/ blog /""> De jal ▁blog ▁post"
boy,9631,"▁# 7 4 </i> </ p > 
 <h4> Welcome </h4> 
 < p > This ▁is ▁ <i> De jal News </i> , ▁an ▁occasional ▁newsletter ▁from ▁< a ▁href =""/""> De jal </ a >.</ p > 
 < p > <i> <b> If ▁you ▁want ▁to ▁receive ▁these ▁newsletters ▁in ▁your ▁email ▁inbox , ▁head ▁over ▁to ▁the ▁< a ▁href =""/ subscribe /""> De jal News ▁subscribe ▁page </ a > ▁to ▁sign ▁up . </b> </i> </ p > 
 <h4> De jal News ▁is ▁back ! </h4> 
 < p > The ▁previous ▁issue ▁of ▁ <i> De jal News </i> ▁was ▁a ▁bit ▁over ▁a ▁year ▁ago . ▁I ▁didn ' t ▁intend ▁to ▁take ▁a ▁year ▁off ▁publishing ▁these"
boy,9631,"▁# 7 4 </i> </ p > 
 <h4> Welcome </h4> 
 < p > This ▁is ▁ <i> De jal News </i> , ▁an ▁occasional ▁newsletter ▁from ▁< a ▁href =""/""> De jal </ a >.</ p > 
 < p > <i> <b> If ▁you ▁want ▁to ▁receive ▁these ▁newsletters ▁in ▁your ▁email ▁inbox , ▁head ▁over ▁to ▁the ▁< a ▁href =""/ subscribe /""> De jal News ▁subscribe ▁page </ a > ▁to ▁sign ▁up . </b> </i> </ p > 
 <h4> De jal News ▁is ▁back ! </h4> 
 < p > The ▁previous ▁issue ▁of ▁ <i> De jal News </i> ▁was ▁a ▁bit ▁over ▁a ▁year ▁ago . ▁I ▁didn ' t ▁intend ▁to ▁take ▁a ▁year ▁off ▁publishing ▁these"
boy,9631,"▁Award ▁for ▁Best ▁Collection . ▁These ▁are ▁books ▁you ▁do ▁not ▁want ▁to ▁miss . ▁Over ▁to ▁Angela ▁and ▁Kathleen . 

 *** 

 Angela : 

 My ▁Author ’ s ▁Note ▁to ▁Bitter wood ▁goes ▁thus : 

 The ▁Bitter wood ▁Bible ▁and ▁Other ▁Rec ount ings ▁is ▁intended ▁as ▁a ▁prequel ▁to ▁Sour dough ▁and ▁Other ▁Stories . ▁It ▁was ▁meant ▁to ▁be ▁a ▁sequel , ▁but ▁the ▁tales ▁were ▁determined ▁to ▁defy ▁me — they ▁insisted ▁upon ▁telling ▁what ▁had ▁happened ▁before , ▁to ▁show ▁how ▁the ▁books ▁of ▁Mur cian us ▁came ▁to ▁be , ▁how ▁Ella ▁came ▁into ▁the ▁world , ▁where ▁Hep sib ah ▁Ball anty ne — who ▁appears ▁only ▁as ▁a ▁name ▁on ▁a ▁head stone ▁in ▁Sour dough"
boy,9631,"This ▁is ▁the ▁users pace ▁part ▁of ▁the ▁Linux ▁Auditing ▁System , ▁which ▁is ▁a ▁more ▁secure ▁way ▁of ▁logging ▁kernel - level ▁events ▁than ▁sys log . ▁Among ▁other ▁things , ▁it ▁records ▁SEL in ux ▁alerts . ▁Strictly ▁speaking , ▁you ▁don ' t ▁need ▁it . 

 ava hi - daemon ▁ 0 : off ▁ 1 : off ▁ 2 : off ▁ 3 : on ▁ 4 : on ▁ 5 : on ▁ 6 : off 

 This ▁is ▁for ▁auto discovery ▁of ▁services ▁on ▁a ▁network ▁— ▁printers ▁being ▁a ▁big ▁example . ▁It ' s ▁not ▁required . 

 cpus peed ▁ 0 : off ▁ 1 : on ▁ 2 : on ▁ 3 : on ▁ 4"
boy,9631,"This ▁is ▁the ▁users pace ▁part ▁of ▁the ▁Linux ▁Auditing ▁System , ▁which ▁is ▁a ▁more ▁secure ▁way ▁of ▁logging ▁kernel - level ▁events ▁than ▁sys log . ▁Among ▁other ▁things , ▁it ▁records ▁SEL in ux ▁alerts . ▁Strictly ▁speaking , ▁you ▁don ' t ▁need ▁it . 

 ava hi - daemon ▁ 0 : off ▁ 1 : off ▁ 2 : off ▁ 3 : on ▁ 4 : on ▁ 5 : on ▁ 6 : off 

 This ▁is ▁for ▁auto discovery ▁of ▁services ▁on ▁a ▁network ▁— ▁printers ▁being ▁a ▁big ▁example . ▁It ' s ▁not ▁required . 

 cpus peed ▁ 0 : off ▁ 1 : on ▁ 2 : on ▁ 3 : on ▁ 4"
boy,9631,"▁race ▁was ▁won ▁by ▁former ▁Track ▁World ▁Champion ▁Martyn ▁Irvine . 

 References 

 Past ▁winners 

 External ▁links 
 ▁Official ▁Website ▁of ▁the ▁organisers ▁of ▁the ▁Shay ▁Elliot ▁Memorial ▁– Bray ▁Wheel ers 

 Category : Cycle ▁races ▁in ▁Ireland 
 Category : Recurring ▁sporting ▁events ▁established ▁in ▁ 1 9 5 8 
 Category : 1 9 5 8 ▁establishments ▁in ▁Ireland 
 Category : Men ' s ▁road ▁bicycle ▁races 
 Category : Spring ▁( season ) ▁events ▁in ▁the ▁Republic ▁of ▁Ireland <bos> Now ▁this ▁is ▁P FF Table ▁if ▁ever ▁anything ▁was . ▁I ▁had ▁to ▁come ▁in ▁to ▁work ▁today , ▁a ▁Saturday , ▁because ▁my ▁department ▁and ▁another ▁department ▁in ▁our ▁building ▁are ▁moving ▁to ▁another ▁floor . ▁This ▁is"
boy,9631,"▁race ▁was ▁won ▁by ▁former ▁Track ▁World ▁Champion ▁Martyn ▁Irvine . 

 References 

 Past ▁winners 

 External ▁links 
 ▁Official ▁Website ▁of ▁the ▁organisers ▁of ▁the ▁Shay ▁Elliot ▁Memorial ▁– Bray ▁Wheel ers 

 Category : Cycle ▁races ▁in ▁Ireland 
 Category : Recurring ▁sporting ▁events ▁established ▁in ▁ 1 9 5 8 
 Category : 1 9 5 8 ▁establishments ▁in ▁Ireland 
 Category : Men ' s ▁road ▁bicycle ▁races 
 Category : Spring ▁( season ) ▁events ▁in ▁the ▁Republic ▁of ▁Ireland <bos> Now ▁this ▁is ▁P FF Table ▁if ▁ever ▁anything ▁was . ▁I ▁had ▁to ▁come ▁in ▁to ▁work ▁today , ▁a ▁Saturday , ▁because ▁my ▁department ▁and ▁another ▁department ▁in ▁our ▁building ▁are ▁moving ▁to ▁another ▁floor . ▁This ▁is"
boy,9631,"▁find ▁places ▁where ▁you ▁can ▁both ▁observe ▁it ▁while ▁being ▁far ▁enough ▁away ▁that ▁your ▁dog ▁doesn ' t ▁feel ▁the ▁need ▁to ▁react . ▁Sit ▁together ▁watching ▁the ▁traffic ▁going ▁by , ▁while ▁rewarding ▁calm ▁behaviour ▁with ▁a ▁few ▁treats , ▁a ▁toy ▁or ▁a ▁game . ▁If ▁your ▁dog ▁reacts , ▁you ▁are ▁still ▁too ▁close . ▁Go ▁to ▁places ▁where ▁large ▁vehicles ▁are ▁parked , ▁and ▁walk ▁by ▁at ▁a ▁sufficient ▁distance ▁that ▁your ▁dog ▁doesn ' t ▁react , ▁and ▁reward ▁as ▁before . ▁Don ' t ▁rush ▁this , ▁but ▁be ▁happy ▁with ▁small ▁victories , ▁and ▁keep ▁lessons ▁very ▁short ▁— ▁five ▁minutes ▁is ▁ample ▁to ▁begin ▁with . ▁These ▁are ▁training ▁sessions , ▁and ▁she ▁will ▁still ▁need ▁to ▁be"
boy,9631,"▁it ▁moves ▁forward ; ▁read ▁more ▁about ▁that ▁effort ▁here . ▁I ▁haven ' t ▁seen ▁too ▁much ▁technical ▁information ▁flowing ▁from ▁the ▁Open ▁Compute ▁Summit , ▁although ▁James ▁Hamilton ▁of ▁Amazon ▁posted ▁his ▁slides ▁online ▁here : ▁here 

 Meanwhile ▁( was ▁this ▁part ▁of ▁the ▁summit , ▁or ▁independent ?), ▁the ▁team ▁at ▁Anand Tech ▁have ▁done ▁some ▁independent ▁testing ▁of ▁the ▁Open ▁Compute ▁server ▁components ; ▁in ▁their ▁conclusion , ▁they ▁commend ▁the ▁Open ▁Compute ▁work ▁as ▁showing ▁tremendous ▁potential : 

 The ▁Facebook ▁Open ▁Compute ▁servers ▁have ▁made ▁quite ▁an ▁impression ▁on ▁us . ▁Remember , ▁this ▁is ▁Facebook ' s ▁first ▁attempt ▁to ▁build ▁a ▁cloud ▁server ! ▁This ▁server ▁uses ▁very ▁little ▁power ▁when ▁running ▁at ▁low ▁load ▁( see ▁our"
boy,9631,"▁out ▁that ▁this ▁was ▁little ▁used . 

 In ▁ 1 9 4 3 , ▁Andreas ▁Strand ▁came ▁up ▁with ▁a ▁new ▁system ▁called ▁In nd eling ▁av ▁Norge ▁til ▁bruk ▁ved ▁fa unis tiske ▁opp gaver ▁( Division ▁of ▁Norway ▁for ▁Use ▁in ▁Fauna ▁Tasks ), ▁popularly ▁known ▁as ▁the ▁Strand ▁System . ▁In ▁it , ▁Norway ▁was ▁divided ▁into ▁ 3 7 ▁regions ▁based ▁on ▁municipal ▁and ▁county ▁boundaries , ▁and ▁it ▁took ▁into ▁account ▁that ▁the ▁fauna ▁in ▁the ▁interior ▁parts ▁of ▁the ▁country ▁differed ▁from ▁the ▁fauna ▁on ▁the ▁coast . ▁Therefore , ▁most ▁Norwegian ▁counties ▁are ▁divided ▁into ▁smaller ▁areas ▁( e . g ., ▁inner , ▁outer , ▁north , ▁or ▁south ). ▁Strand ▁chose ▁letter ▁codes ▁instead ▁of ▁numbers ;"
boy,9631,". ▁Blacks ▁couldn ’ t ▁own ▁anything ▁in ▁the ▁south ▁during ▁slavery . ▁It ▁wasn ’ t ▁until ▁after ▁around ▁ 1 8 8 0 ▁before ▁blacks ▁could ▁have ▁the ▁land ▁left ▁to ▁them ▁by ▁their ▁white ▁fathers . ▁I ▁may ▁be ▁among ▁the ▁few ▁who ▁actually ▁spent ▁many ▁hours ▁talking ▁to ▁a ▁former ▁slave ▁and ▁i ▁learned ▁through ▁her ▁the ▁real ▁truth . ▁She ▁was ▁one ▁of ▁them . 

 lu gn ut 

 Oh , ▁this ▁is ▁a ▁k lux er ▁confeder ate ▁revision ist ▁article . ▁Your ▁forefathers ▁brought ▁slaves ▁here , ▁because ▁there ▁couldn ’ t ▁do ▁the ▁jobs ▁themselves . ▁Everything ▁you ▁have , ▁even ▁today , ▁slaves ▁did ▁that , ▁slaves ▁built ▁the ▁foundation ▁of ▁this ▁country ▁and ▁without ▁my ▁ancestors"
boy,9631,"’ t ▁come ▁from ▁summoning ▁the ▁right ▁“ final ▁answers ” ▁to ▁a ▁handful ▁of ▁trivia ▁questions ▁to ▁strike ▁it ▁rich ▁on ▁a ▁game ▁show . ▁Winning ▁the ▁war ▁against ▁global ▁poverty ▁will ▁come ▁when ▁we ▁realize ▁that ▁we ▁have ▁one ▁of ▁the ▁answers — micro credit — and ▁summon ▁the ▁political ▁will ▁to ▁lift ▁up ▁those ▁micro credit ▁programs ▁that ▁have ▁figured ▁out ▁how ▁to ▁reach ▁the ▁world ’ s ▁most ▁destitute ▁people . ▁This ▁is ▁a ▁final ▁answer ▁we ▁can ▁stand ▁behind . 

 Sam ▁Daley - Harris ▁is ▁Founder ▁of ▁the ▁Micro credit ▁Summit ▁Campaign ▁which ▁seeks ▁to ▁reach ▁ 1 7 5 ▁million ▁poorest ▁families ▁with ▁micro credit ▁www . micro credits um mit . org ▁and ▁of ▁RESULTS ▁which ▁seeks ▁to ▁create"
boy,9631,"▁This ▁is ▁the ▁beauty ▁of ▁instrumental ▁music . ▁It ▁is ▁open ▁for ▁you ▁to ▁assign ▁the ▁meaning , ▁to ▁lay ▁it ▁over ▁the ▁framework ▁of ▁whatever ▁structure ▁your ▁life ▁has . ▁To ▁place ▁it ▁within ▁your ▁own ▁context , ▁to ▁let ▁it ▁guide ▁and ▁soundtrack ▁your ▁late ▁nights , ▁early ▁mornings , ▁and ▁in ▁bet we ens . ▁What ▁do ▁you ▁hear ▁through ▁the ▁notes ? ▁What ▁feeling ▁does ▁it ▁invoke ▁deep ▁down ? ▁There ’ s ▁only ▁one ▁way ▁to ▁find ▁out . <bos> 

 Show ▁HN : ▁Test ▁and ▁edit ▁tile json ▁in ▁the ▁browser ▁- ▁andrew lj oh nson 
 http :// static . gai ag ps . com / tile json - tester / 

 ====== 
 andrew lj oh nson 
 This"
boy,9631,"▁was ▁the ▁people ▁watching ▁we ▁did . ▁Even ▁better ▁were ▁the ▁people ▁we ▁met ▁who ▁became ▁friends ▁for ▁the ▁week , ▁including ▁the ▁Newly weds , ▁Katy ▁Perry ▁and ▁many ▁others . 

 These ▁were ▁people ▁we ▁attached ▁a ▁label ▁and ▁story ▁to ▁based ▁on ▁their ▁looks . ▁We ▁were ▁lucky ▁enough ▁to ▁get ▁to ▁know ▁them ▁a ▁bit ▁to ▁go ▁beyond ▁the ▁label . 

 First ▁impressions ▁— ▁we ▁learned ▁it ’ s ▁worth ▁looking ▁deeper ▁and ▁is ▁worth ▁the ▁time ▁and ▁effort ▁to ▁go ▁beyond ▁the ▁first ▁impression . <bos> Q : 

 java fx : ▁How ▁to ▁bind ▁the ▁Enter ▁key ▁to ▁a ▁button ▁and ▁fire ▁off ▁an ▁event ▁when ▁it ▁is ▁clicked ? 

 Basically , ▁I ▁have ▁a ▁okay Button ▁that ▁sits"
boy,9631,"▁this ▁is ▁not ▁a ▁case 

 where ▁the ▁defendant ▁was ▁represented ▁by ▁the ▁same ▁counsel ▁at ▁both ▁the ▁trial ▁and ▁on 

 direct ▁appeal . ▁See ▁State ▁v . ▁Ul mer , ▁ 4 th ▁Dist . ▁S cio to ▁No . ▁ 1 5 CA 3 7 0 8 , ▁ 2 0 1 6 - Ohio - 2 8 7 3 , ▁¶ 

 1 5 . 

 ▁▁▁▁▁▁▁ { ¶ 2 7 } ▁Therefore , ▁the ▁trial ▁court ▁did ▁not ▁act ▁in ▁an ▁unreasonable , ▁arbitrary , ▁or 

 un cons cion able ▁manner ▁by ▁denying ▁Mc Doug ald ’ s ▁fifth ▁petition ▁for ▁post conv iction ▁relief . 

 We ▁over rule ▁his ▁assignments ▁of ▁error . 

 ▁▁▁▁▁▁▁▁▁▁▁▁▁▁▁▁▁▁▁▁▁▁▁ B . ▁Motion ▁for"
boy,9631,"▁preventing ▁you ▁or ▁I ▁from ▁sending ▁an ▁email ▁from ▁any ▁address ▁we ▁choose , ▁this ▁is ▁by ▁design . ▁What ▁we ▁can ▁tell ▁though ▁is ▁the ▁IP ▁address ▁the ▁email ▁originated ▁from ▁in ▁the ▁mail ▁headers , ▁and ▁this ▁will ▁give ▁us ▁an ▁idea ▁of ▁where ▁the ▁original ▁message ▁came ▁from . ▁ 
 In ▁the ▁old ▁internet , ▁most ▁mail ▁servers ▁were ▁run ▁as ▁open ▁relays . ▁This ▁means ▁that ▁to ▁send ▁an ▁email ▁from ▁yahoo . com ▁to ▁google . com , ▁you ▁could ▁use ▁any ▁open ▁relay ▁you ▁found ▁on ▁the ▁internet . ▁If ▁the ▁IP ▁got ▁banned , ▁its ▁okay ▁because ▁it ▁isn ' t ▁your ▁IP , ▁and ▁you ▁could ▁just ▁change ▁relays . ▁ 
 Now , ▁with ▁most ▁modern ▁mail"
boy,9631,"▁main ; ▁to ▁application . scss . ▁It ▁seems ▁like ▁the ▁styles ▁end ▁up ▁being ▁used ▁on ▁every ▁page ▁( is ▁this ▁the ▁default ▁in ▁rails ?). 
 This ▁is ▁not ▁my ▁ideal ▁solution ▁but ▁it ' s ▁the ▁only ▁thing ▁I ' ve ▁been ▁able ▁to ▁do ▁to ▁get ▁any ▁styles ▁to ▁work ▁via ▁requiring ▁methods . 

 <bos> 1 . ▁Field ▁of ▁the ▁Invention 
 This ▁invention ▁relates ▁in ▁general ▁to ▁fuel ▁cells ▁and ▁electrical ▁motors ▁and , ▁more ▁particularly , ▁to ▁a ▁fuel ▁cell ▁powered ▁electrical ▁motor . 
 2 . ▁Description ▁of ▁the ▁Related ▁Prior ▁Art 
 The ▁use ▁of ▁fuel ▁cells ▁to ▁actu ate ▁electrical ▁motors ▁depends ▁upon ▁several ▁factors . ▁Among ▁them ▁efficiency ▁and ▁compactness ▁are ▁essential . 
 Attempts ▁have"
boy,9631,"▁– ▁carry ▁you ▁off ▁into ▁exile ▁( file ▁that ▁one ▁away ▁for ▁later ). ▁Note , ▁however , ▁that ▁we ’ re ▁still ▁talking ▁about ▁very ▁earth bound ▁blessings ▁and ▁curses . ▁This ▁is ▁not ▁heaven ▁versus ▁hell , ▁it ’ s ▁success ▁versus ▁failure ▁in ▁this ▁life , ▁in ▁this ▁land , ▁here ▁and ▁now . 

 Deuter onomy ▁makes ▁more ▁sense ▁if ▁we ▁think ▁about ▁the ▁social - religious ▁reality ▁of ▁Israel ▁at ▁this ▁stage ▁in ▁its ▁development . ▁The ▁first ▁generation , ▁the ▁generation ▁that ▁left ▁Egypt ▁and ▁received ▁the ▁law ▁first - hand ▁from ▁Moses ▁at ▁Mt . ▁Sinai , ▁is ▁gone . ▁They ’ re ▁dead . ▁The ▁new ▁generation ▁has ▁inherited ▁the ▁covenant ▁and ▁the ▁mission ▁to ▁settle ▁the ▁land ."
boy,9631,"▁interpret ▁the ▁meaning ▁of ▁the ▁message . ▁This ▁is ▁privacy ▁in ▁action . 

 And ▁here ' s ▁an ▁excerpt ▁from ▁the ▁First ▁Monday ▁article : 

 Furthermore , ▁many ▁parents ▁reported ▁that ▁they ▁helped ▁their ▁children ▁create ▁their ▁accounts . ▁Among ▁the ▁ 8 4 ▁percent ▁of ▁parents ▁who ▁were ▁aware ▁when ▁their ▁child ▁first ▁created ▁the ▁account , ▁ 6 4 ▁percent ▁helped ▁create ▁the ▁account . ▁Among ▁those ▁who ▁knew ▁that ▁their ▁child ▁joined ▁below ▁the ▁age ▁of ▁ 1 3 ▁— ▁even ▁if ▁the ▁child ▁is ▁now ▁older ▁than ▁ 1 3 ▁— ▁over ▁two – thirds ▁( 6 8 ▁percent ) ▁indicated ▁that ▁they ▁helped ▁their ▁child ▁create ▁the ▁account . ▁Of ▁those ▁with ▁children ▁who ▁are ▁currently ▁under ▁ 1 3"
boy,9631,"▁or ▁touching ▁something ▁designated ▁“ un clean .” 

 This ▁is ▁the ▁“ cult ” ▁of ▁Israel , ▁or ▁the ▁daily ▁religious ▁ritual . ▁It ▁also ▁details ▁the ▁various ▁feasts ▁and ▁holidays ▁which ▁the ▁priests ▁will ▁oversee , ▁including ▁Passover , ▁which ▁we ▁studied ▁in ▁Exodus , ▁and ▁the ▁Day ▁of ▁Aton ement , ▁when ▁sacrifices ▁are ▁made ▁on ▁behalf ▁of ▁the ▁entire ▁nation ▁of ▁Israel ▁to ▁“ at one ” ▁or ▁“ wipe ▁away ” ▁the ▁guilt ▁of ▁their ▁corporate ▁sin . ▁The ▁laws ▁about ▁acceptable ▁and ▁unacceptable ▁sexual ▁practices ▁are ▁the ▁only ▁bits ▁from ▁Levi ticus ▁which ▁get ▁any ▁press ▁these ▁days , ▁and ▁the ▁people ▁preaching ▁or ▁condemning ▁those ▁passages ▁rarely ▁recognize ▁that ▁this ▁is ▁basically ▁a ▁handbook ▁for ▁ancient ▁priests , ▁and ▁shouldn"
boy,9631,"▁Jeff ▁Klein , ▁and ▁Dave ▁V ales ky ▁– ▁are ▁following ▁suit . 

 UPDATE : ▁D SCC ▁spokesman ▁Josh ▁Cher win ▁says : 

 “ We ▁will ▁not ▁be ▁returning ▁these ▁funds , ▁which ▁were ▁contributed ▁during ▁a ▁previous ▁election ▁cycle ▁and ▁already ▁spent .” 

 “ This ▁is ▁yet ▁another ▁sad ▁day ▁for ▁New ▁York ▁residents ▁who ▁rightfully ▁expect ▁integrity ▁and ▁accountability ▁from ▁their ▁elected ▁officials .” 

 “ During ▁the ▁last ▁election ▁cycle , ▁Senator ▁Kruger ’ s ▁campaign ▁committee ▁contributed ▁a ▁combined ▁total ▁of ▁$ 8 , 0 0 0 ▁to ▁Independent ▁Democratic ▁Conference ▁members . ▁We ▁decided ▁to ▁donate ▁that ▁amount ▁to ▁charitable ▁organizations ▁in ▁our ▁communities . ▁We ▁believe ▁this ▁to ▁be ▁the ▁best ▁use ▁for ▁this ▁money .” <bos> Local"
boy,9631,"Is Private In Plain Object Base ) 
 ▁▁▁▁ # else 
 ▁▁▁▁ template < typename ▁Derived > 
 ▁▁▁▁ inline ▁Ref ( Dense Base < Derived >& ▁expr ) 
 ▁▁▁▁ # endif 
 ▁▁▁▁ { 
 ▁▁▁▁▁▁ Base :: construct ( expr . const _ cast _ derived ()); 
 ▁▁▁▁ } 

 ▁▁▁▁ E IGEN _ IN HER IT _ ASSIGN MENT _ OPER ATORS ( Ref ) 

 }; 

 // ▁this ▁is ▁the ▁const ▁ref ▁version 
 template < typename ▁TP lain ObjectType , ▁int ▁Options , ▁typename ▁St ride Type > ▁class ▁Ref < const ▁TP lain ObjectType , ▁Options , ▁St ride Type > 
 ▁▁ : ▁public ▁Ref Base < Ref < const ▁TP lain ObjectType , ▁Options ,"
boy,9631,"▁of ▁MSM ▁models , ▁suffers ▁from ▁marked ▁instability ▁and ▁finite - sample ▁bias ▁in ▁the ▁presence ▁of ▁weights ▁$ W $ ▁that ▁are ▁highly ▁variable ▁and ▁skewed . ▁This ▁is ▁not ▁generally ▁an ▁issue ▁in ▁S NM ▁estimation . ▁A ▁third ▁limitation ▁of ▁MSM s ▁is ▁that ▁when ▁( \[ eq : stat rand \] ) ▁fails ▁but ▁an ▁instrumental ▁variable ▁is ▁available , ▁one ▁can ▁still ▁consistently ▁estimate ▁the ▁parameters ▁of ▁a ▁S NM ▁but ▁not ▁of ▁an ▁MSM .[ ^ 2 6 ] 

 An ▁advantage ▁of ▁MSM s ▁over ▁SN Ms ▁that ▁was ▁not ▁discussed ▁in ▁Section   \[ sec : limits - of - sn ms \] ▁is ▁the ▁following . ▁MSM s ▁can ▁be ▁constructed ▁that ▁are ▁indexed ▁by ▁easily ▁interpre table"
boy,9631,"▁October ▁and ▁still ▁no ▁action . 

 Posted ▁by ▁Tony ▁Par fit t ▁at ▁ 1 1 : 5 9 , ▁Tue ▁ 1 4 ▁November ▁ 2 0 1 7 

 The ▁problem ▁of ▁the ▁one ▁drain ▁was ▁fixed ▁but ▁the ▁bigger ▁issue ▁is ▁that ▁most ▁of ▁the ▁drains ▁farther ▁up ▁the ▁hill ▁are ▁also ▁totally ▁blocked ▁as ▁they ▁have ▁been ▁for ▁the ▁past ▁year . ▁The ▁action ▁at ▁this ▁present ▁time ▁that ▁has ▁been ▁worked ▁on ▁has ▁only ▁helped ▁to ▁stop ▁flooding ▁in ▁this ▁area , ▁water ▁still ▁flows ▁down ▁the ▁hill ▁on ▁the ▁surface ▁of ▁the ▁road ▁, ▁this ▁is ▁not ▁going ▁to ▁be ▁safe ▁when ▁it ▁freezes , ▁my ▁concern ▁is ▁that ▁this ▁is ▁the ▁rout ▁for ▁the ▁local ▁school ▁coaches . 

"
boy,9631,"▁only ▁can ▁this ▁be ▁used ▁to ▁transport ▁Kiki , ▁but ▁other ▁allies ▁can ▁run ▁on ▁this ▁as ▁well . ▁However , ▁they ▁must ▁be ▁careful , ▁considering ▁these ▁blocks ▁have ▁no ▁ledges . ▁One ▁slip , ▁and ▁you ▁can ▁fall ▁from ▁a ▁very ▁far ▁height ▁if ▁that ▁is ▁where ▁the ▁blocks ▁are ▁located . ▁- ▁Due ▁to ▁being ▁the ▁operator ▁of ▁these ▁blocks , ▁Kiki ▁can ▁control ▁who ▁can ▁and ▁cannot ▁get ▁onto ▁these ▁blocks . ▁Therefore , ▁enemies ▁cannot ▁get ▁onto ▁these ▁blocks ▁without ▁instantly ▁causing ▁the ▁part ▁they ▁step ▁on ▁to ▁explode . Weaknesses :- ▁These ▁tech - blocks ▁glow ▁tremendously , ▁therefore ▁can ▁be ▁easily ▁detected ▁by ▁possible ▁threats . ▁- ▁This ▁row ▁of ▁blocks ▁only ▁takes ▁ 2 0 ▁damage ▁to ▁destroy ,"
boy,9631,"0 0 ▁billion ▁annually . ▁These ▁costs ▁are ▁likely ▁to ▁rise ▁even ▁faster ▁than ▁the ▁prevalence ▁of ▁disease , ▁especially ▁in ▁the ▁developing ▁world , ▁as ▁more ▁formal ▁social ▁care ▁systems ▁emerge , ▁and ▁rising ▁incomes ▁lead ▁to ▁higher ▁opportunity ▁costs ▁( B . ▁Win blad ▁and ▁L . ▁Jon sson , ▁World ▁Alzheimer ▁Report ▁ 2 0 1 0 ). 
 The ▁brains ▁of ▁AD ▁patients ▁have ▁an ▁abundance ▁of ▁two ▁abnormal ▁structures , ▁amyloid ▁plaques ▁and ▁neuro fib rill ary ▁tang les . ▁This ▁is ▁especially ▁true ▁in ▁certain ▁regions ▁of ▁the ▁brain ▁that ▁are ▁important ▁in ▁memory . ▁There ▁is ▁also ▁a ▁substantial ▁loss ▁of ▁neurons ▁and ▁synapses ▁in ▁the ▁cerebral ▁cortex ▁and ▁certain ▁sub cor tical ▁regions . ▁Both ▁neuro fib rill ary"
boy,9631,"erb iger ▁ 

 In ▁ 2 0 0 9 ▁Mec el ▁had ▁an ▁operating ▁revenue ▁of ▁ 1 0 7 . 3 ▁million . ▁President ▁from ▁ 2 0 0 0 ▁until ▁ 2 0 1 1 ▁was ▁Kent - Eric ▁L ång ▁[ 1 ], ▁succeeded ▁by ▁Henrik ▁Hä gg ström ▁in ▁August ▁ 2 0 1 1 . 

 Company ▁Operations ▁ 
 Some ▁major ▁contributions ▁to ▁the ▁industry ▁during ▁the ▁years : 
 ▁The ▁Ion Sense ▁technology ▁was ▁developed ▁by ▁the ▁Mec el ▁founders ▁in ▁the ▁ 8 0 ' s ▁and ▁are ▁presented ▁in ▁a ▁number ▁of ▁patents . ▁US ▁patents ▁ 4 7 8 5 7 8 9 , ▁ 4 9 0 3 6 7 6 , ▁ 4 9"
boy,9631,"6 3 / (- 6 )* (- 5 4 )/ (- 2 1 ). 
 - 2 7 
 (- 3 * (- 1 6 0 )/ 4 8 )/( 1 0 / (- 1 2 )) 
 - 1 2 
 Calculate ▁( 7 9 / (- 3 9 5 ))/( 8 / (- 5 )). 
 1 / 8 
 What ▁is ▁(( - 1 5 2 0 )/ 6 2 7 0 * (- 1 )/ ((- 2 )/ 3 ))/ 2 ? 
 - 2 / 1 1 
 What ▁is ▁the ▁value ▁of ▁(- 2 )/ (- 2 )* (- 1 5 )/ 8 1 *- 3 * 6 ? 
 1 0 / 3 
 What ▁is ▁ 9 / 8"
boy,9631,▁dimensions ▁of ▁the ▁photosynthetic ▁machinery ▁were ▁assessed ▁using ▁confocal ▁laser ▁scanning ▁microscopy ▁and ▁subsequent ▁three - dimensional ▁reconstruction ▁of ▁the ▁chlorophyll ▁auto flu orescence ▁signal . ▁A ▁plot ▁of ▁total ▁cellular ▁chlor oplast ▁volume ▁versus ▁total ▁cellular ▁chlor oplast ▁surface ▁area ▁shows ▁a ▁reduction ▁of ▁the ▁chlor oplast ▁system ▁in ▁iron - limited ▁* T . ▁ocean ica * cells . ▁Iron - limited ▁cells ▁have ▁a ▁reduced ▁number ▁of ▁two ▁chlor oplasts ▁instead ▁of ▁four . ▁Total ▁chlor oplast ▁dimensions ▁for ▁individual ▁cells ▁( small ▁circles ) ▁are ▁distributed ▁over ▁a ▁range ▁spanning ▁the ▁two - fold ▁increase ▁in ▁volume ▁and ▁surface ▁that ▁accompanies ▁chlor oplast ▁duplication ▁during ▁cellular ▁growth . ▁Inserts ▁show ▁an ▁overlay ▁transmission ▁and ▁chlorophyll ▁auto flu orescence ▁image ▁( top ) ▁and
boy,9631,"). ▁Copy ▁number ▁variation ▁( CN V ) ▁test ▁was ▁performed ▁by ▁droplet ▁digital ▁PCR ▁( dd PCR ) ▁as ▁previously ▁described ▁\[ [@ CR 1 0 ] \] . ▁In ▁short , ▁ 1 6   ng ▁of ▁genomic ▁DNA ▁samples ▁were ▁added ▁to ▁ 2 xdd PCR ▁super mix ▁( Bio - Rad ) ▁with ▁final ▁concentration ▁of ▁ 5 0 0 nM ▁of ▁each ▁primer ▁and ▁ 2 5 0 nM ▁probe ▁in ▁duplex ▁of ▁the ▁tested ▁gene ▁and ▁RN ase P . ▁RN ase P ▁served ▁as ▁a ▁C NV  =  2 ▁reference ▁gene . ▁Probes ▁for ▁the ▁tested ▁genes ▁contained ▁a ▁FAM ▁reporter ▁and ▁RN ase P ▁contained ▁HEX . ▁The ▁genomic ▁DNA ▁and ▁PCR ▁reaction ▁mixtures ▁were ▁partitioned ▁into ▁an ▁emulsion"
boy,9631,"2 , T 3 ▁> 
 { 
 }; 

 template < 
 ▁▁▁▁▁▁ typename ▁F , ▁typename ▁T 1 , ▁typename ▁T 2 , ▁typename ▁T 3 , ▁typename ▁T 4 

 ▁▁▁▁ > 
 struct ▁apply _ wrap 4 

 ▁▁▁▁ : ▁F :: template ▁apply < ▁T 1 , T 2 , T 3 , T 4 ▁> 
 { 
 }; 

 template < 
 ▁▁▁▁▁▁ typename ▁F , ▁typename ▁T 1 , ▁typename ▁T 2 , ▁typename ▁T 3 , ▁typename ▁T 4 
 ▁▁▁▁ , ▁typename ▁T 5 

 ▁▁▁▁ > 
 struct ▁apply _ wrap 5 

 ▁▁▁▁ : ▁F :: template ▁apply < ▁T 1 , T 2 , T 3 , T 4 , T 5 ▁> 
"
boy,343,"▁adults ▁ 2 5 - 5 4 ▁and ▁ 1 8 - 4 9 ▁for ▁the ▁night ,"" ▁the ▁network ▁said ▁in ▁a ▁statement . 

 This ▁season ▁is ▁poised ▁to ▁explore ▁some ▁family ▁problems ▁within ▁the ▁large ▁Chapman ▁family ▁— ▁daughter ▁"" Baby "" ▁Ly ssa ▁Chapman ' s ▁March ▁arrest ▁will ▁air ▁on ▁an ▁episode , ▁as ▁will ▁tensions ▁between ▁Chapman ▁and ▁his ▁oldest ▁son , ▁Duane ▁Lee . 

 "" I ▁love ▁you , ▁dad . ▁This ▁is ▁Travis . ▁I ▁want ▁to ▁go ▁home . ▁I ▁don ' t ▁like ▁it ▁here ,"" ▁the ▁boy ▁told ▁his ▁father ▁also ▁named ▁Travis . ▁They ▁gained ▁custody ▁after ▁an ▁audio ▁recording ▁surfaced ▁that ▁allegedly ▁showed ▁the ▁father ▁beating ▁the ▁child ▁with ▁a ▁belt . 

"
boy,343,"▁Screen play ▁( William ▁Mon ahan ). ▁Mark ▁Wahl berg ▁was ▁also ▁nominated ▁for ▁the ▁Best ▁Supporting ▁Actor ▁award ▁for ▁his ▁performance , ▁but ▁he ▁lost ▁to ▁Alan ▁Ar kin ▁for ▁his ▁role ▁in ▁Little ▁Miss ▁Sunshine . 

 The ▁film ▁marked ▁the ▁first ▁time ▁Scorsese ▁won ▁an ▁Oscar ▁after ▁six ▁previous ▁losses . ▁Many ▁felt ▁that ▁he ▁deserved ▁it ▁years ▁earlier ▁for ▁prior ▁efforts . ▁Some ▁have ▁even ▁gone ▁further , ▁calling ▁it ▁a ▁Lifetime ▁Achievement ▁Award ▁for ▁a ▁lesser ▁film . ▁Scorsese ▁himself ▁joked ▁that ▁he ▁won ▁because : ▁"" This ▁is ▁the ▁first ▁movie ▁I ' ve ▁done ▁with ▁a ▁plot ."" ▁While ▁accepting ▁the ▁award , ▁Scorsese ▁stated ▁that ▁"" I ▁just ▁want ▁to ▁say , ▁too , ▁that ▁so ▁many ▁people ▁over"
boy,343,"▁obligation ▁to ▁remain ▁in ▁his ▁vehicle ▁--- ▁and ▁he ▁exited ▁his ▁vehicle ▁when ▁Martin ▁disappeared ▁from ▁sight . 

 Zimmer man ▁called ▁the ▁police ▁before ▁Martin ▁jumped ▁him ▁--- ▁and ▁MSNBC ▁deleted ▁parts ▁of ▁the ▁recorded ▁discussion ▁and ▁broadcast ▁it ▁to ▁make ▁it ▁look ▁like ▁Zimmerman ▁was ▁targeting ▁Martin ▁because ▁Martin ▁was ▁black ▁--- ▁rather ▁than ▁tail ing ▁Martin ▁because ▁he ▁was ▁wandering ▁around ▁in ▁the ▁dark ▁in ▁a ▁neighborhood ▁which ▁had ▁recently ▁suffered ▁some ▁break - ins ▁and ▁thwarted ▁other ▁break - ins . 

 This ▁was ▁MSNBC ' s ▁attempt ▁to ▁lynch ▁a ▁straw ▁horse , ▁a ▁so - called ▁"" white "" ▁Hispanic . ▁MSNBC ▁needed ▁a ▁black - white ▁confrontation ▁to ▁promote ▁their ▁own ▁racist , ▁anti - white ▁narrative ▁that ▁America ▁is"
boy,343,"As ▁they ▁carry ▁W leh ▁past ▁the ▁crowd , ▁several ▁women ▁begin ▁wailing . ▁Others ▁join ▁in . ▁The ▁cries ▁swell ▁to ▁a ▁chorus . ▁W leh ▁was ▁beloved ▁in ▁this ▁neighborhood . ▁This ▁is ▁the ▁closest ▁thing ▁she ' ll ▁get ▁to ▁a ▁funeral . 

 The ▁hike ▁back ▁up ▁the ▁hill ▁is ▁excruciating . ▁At ▁the ▁top , ▁the ▁men ▁stop ▁under ▁a ▁tree ▁and ▁collapse ▁against ▁it . ▁Kor v ayan ▁says ▁the ▁state ▁of ▁W leh ' s ▁corpse ▁was ▁unn erving . ▁"" When ▁I ▁saw ▁the ▁body ,"" ▁he ▁says , ▁"" my ▁skin ▁creep ed ."" ▁She ▁was ▁lying ▁on ▁a ▁bed , ▁blood ▁leaking ▁from ▁her ▁mouth . 

 The ▁men ▁carry ▁W leh ' s ▁body ▁over ▁to"
boy,343,"▁explore ▁themes ▁of ▁technological ▁evolution , ▁species ▁diversification ▁and ▁takes ▁the ▁‘ all - powerful ▁creepy ▁child ’ ▁theme ▁to ▁a ▁scary ▁new ▁level . 

 In ▁a ▁land ▁where ▁no ▁stars ▁appear ▁in ▁the ▁night ▁sky , ▁a ▁group ▁of ▁strangers ▁with ▁ancest ries ▁reaching ▁back ▁to ▁an ▁earlier ▁apocalyptic ▁disaster ▁come ▁together ▁to ▁track ▁down ▁a ▁resurrected ▁corpse ▁whose ▁very ▁existence ▁port ends ▁the ▁End ▁of ▁the ▁World . ▁Fragments ▁of ▁a ▁Broken ▁Land : ▁Val arl ▁Undead ▁is ▁an ▁epic ▁tale ▁of ▁greed , ▁dying ▁magic , ▁distorted ▁mon stro sities ▁and ▁a ▁mot ley ▁group ▁of ▁heroes , ▁with ▁a ▁strange ▁and ▁breathless ▁climax ▁you ▁won ’ t ▁easily ▁forget . 

 “ This ▁is ▁a ▁tale ▁of ▁heroes . ▁It ▁includes ▁all"
boy,343,"0 1 9 - 0 2 </b> , ▁ <i> issue ▁# 7 5 </i> </ p > 
 <h4> Welcome </h4> 
 < p > This ▁is ▁ <i> De jal News </i> , ▁an ▁occasional ▁newsletter ▁from ▁< a ▁href =""/""> De jal </ a >.</ p > 
 < p > <i> <b> If ▁you ▁want ▁to ▁receive ▁these ▁newsletters ▁in ▁your ▁email ▁inbox , ▁head ▁over ▁to ▁the ▁< a ▁href =""/ subscribe /""> De jal News ▁subscribe ▁page </ a > ▁to ▁sign ▁up . </b> </i> </ p > 
 <h4> Time ▁Out ▁tips </h4> 
 < p > So ▁far ▁I ' ve ▁been ▁sticking ▁to ▁my ▁goal ▁of ▁a ▁< a ▁href =""/ blog /""> De jal ▁blog ▁post"
boy,343,"▁pause ▁at ▁the ▁door ▁and ▁discuss ▁the ▁best ▁way ▁to ▁lift ▁up ▁the ▁body ▁safely ▁and ▁then ▁proceed ▁out ▁of ▁the ▁house . 

 As ▁they ▁carry ▁W leh ▁past ▁the ▁crowd , ▁several ▁women ▁begin ▁wailing . ▁The ▁cries ▁swell ▁to ▁a ▁chorus . ▁W leh ▁was ▁beloved ▁in ▁this ▁neighborhood . ▁This ▁is ▁the ▁closest ▁thing ▁she ' ll ▁get ▁to ▁a ▁funeral . 

 The ▁hike ▁back ▁up ▁the ▁hill ▁is ▁excruciating . ▁At ▁the ▁top , ▁the ▁men ▁stop ▁under ▁a ▁tree ▁and ▁collapse ▁against ▁it . ▁Kor v ayan ▁says ▁the ▁state ▁of ▁W leh ' s ▁corpse ▁was ▁unn erving . 

 KOR V AY AN : ▁Well , ▁when ▁I ▁saw ▁the ▁body , ▁my ▁skin ▁creep ed . 

"
boy,343,"re ▁here . 
 • ▁A ▁warm ▁welcome . ▁Thank ▁you ▁for ▁choosing ▁us ! 
 • ▁Welcome ! ▁We ▁look ▁forward ▁to ▁serving ▁you . 
 • ▁A ▁warm ▁welcome ▁from ▁all ▁of ▁us . ▁Thank ▁you ▁for ▁the ▁opportunity ▁to ▁serve ▁you . 
 Congratulations 
 • ▁Congratulations ▁on ▁a ▁job ▁well ▁done . 
 • ▁Hoping ▁the ▁best ▁things ▁in ▁life ▁will ▁always ▁be ▁yours . 
 • ▁This ▁is ▁a ▁day ▁to ▁remember . 
 • ▁It ’ s ▁great ▁to ▁see ▁good ▁things ▁happen ▁for ▁someone ▁so ▁deserving . 
 • ▁Congratulations ▁on ▁a ▁well - deserved ▁promotion . 
 • ▁Congratulations ▁on ▁an ▁outstanding ▁accomplishment . 
 • ▁Your ▁achievement ▁is ▁an ▁inspiration . 
 • ▁Kudos ▁to ▁you ! ▁You"
boy,343,"1 2 ▁Hou gang ▁by - election . ▁He ▁delivered ▁the ▁nomination ▁announcement ▁at ▁ 1 2 . 3 5 ▁pm ▁on ▁ 1 6 ▁May ▁ 2 0 1 2 . 

 P ung gol ▁SMC ▁by - election , ▁ 2 0 1 3 
 This ▁was ▁Yam ' s ▁last ▁appearance ▁as ▁the ▁Returning ▁Officer . 

 Post - elections 

 After ▁GE ▁ 2 0 1 1 
 Yam ' s ▁robotic ▁voice ▁announcing ▁the ▁results ▁for ▁Al jun ied ▁GR C ▁had ▁turned ▁into ▁a ▁mix ▁just ▁within ▁a ▁few ▁hours ▁ensuing ▁the ▁elections . ▁Many ▁have ▁taken ▁clips ▁of ▁his ▁voice ▁and ▁mixed ▁it ▁with ▁various ▁styles ▁of ▁music , ▁from ▁electro ▁to ▁dance , ▁on ▁popular ▁video - sharing ▁website"
boy,343,"1 2 ▁Hou gang ▁by - election . ▁He ▁delivered ▁the ▁nomination ▁announcement ▁at ▁ 1 2 . 3 5 ▁pm ▁on ▁ 1 6 ▁May ▁ 2 0 1 2 . 

 P ung gol ▁SMC ▁by - election , ▁ 2 0 1 3 
 This ▁was ▁Yam ' s ▁last ▁appearance ▁as ▁the ▁Returning ▁Officer . 

 Post - elections 

 After ▁GE ▁ 2 0 1 1 
 Yam ' s ▁robotic ▁voice ▁announcing ▁the ▁results ▁for ▁Al jun ied ▁GR C ▁had ▁turned ▁into ▁a ▁mix ▁just ▁within ▁a ▁few ▁hours ▁ensuing ▁the ▁elections . ▁Many ▁have ▁taken ▁clips ▁of ▁his ▁voice ▁and ▁mixed ▁it ▁with ▁various ▁styles ▁of ▁music , ▁from ▁electro ▁to ▁dance , ▁on ▁popular ▁video - sharing ▁website"
boy,343,"at . 1 0 0 8 4 8 4 . r 0 0 4 

 Acceptance ▁letter 

 Diamond 

 Michael ▁S . 

 Section ▁Editor 

 Rey 

 Fé lix ▁A . 

 Associate ▁Editor 

 © ▁ 2 0 2 0 ▁Diamond , ▁Rey 

 2 0 2 0 

 Diamond , ▁Rey 

 This ▁is ▁an ▁open ▁access ▁article ▁distributed ▁under ▁the ▁terms ▁of ▁the 

 Creative ▁Commons ▁Attribution ▁License 

 , ▁which ▁permits ▁unrestricted ▁use , ▁distribution , ▁and ▁reproduction ▁in ▁any ▁medium , ▁provided ▁the ▁original ▁author ▁and ▁source ▁are ▁credited . 

 2 4 ▁Apr ▁ 2 0 2 0 

 Dear ▁Dr . ▁Gong , 

 We ▁are ▁delighted ▁to ▁inform ▁you ▁that ▁your ▁manuscript , ▁\"" A ▁conformation -"
boy,343,"hour ▁interview ▁named ▁"" Last ▁Call "" ▁on ▁his ▁ 2 0 0 4 ▁Album ▁The ▁College ▁Dropout . ▁Throughout ▁the ▁course ▁of ▁the ▁interview , ▁he ▁frequently ▁interrupts ▁his ▁story ▁to ▁yell ▁"" This ▁is ▁the ▁last ▁call ▁for ▁alcohol !!! "", ▁hence ▁the ▁title . 

 < ▁Fi am ce 
 Kanye ▁was ▁a ▁producer ▁for ▁many ▁no - names ▁in ▁the ▁late ▁ 9 0 ' s , ▁most ▁of ▁whom ▁are ▁not ▁even ▁worth ▁mentioning . ▁We ▁could ▁sit ▁here ▁and ▁list ▁Kanye ' s ▁small - time ▁producing ▁in ▁this ▁time ▁period , ▁but ▁you ' ve ▁never ▁heard ▁of ▁any ▁of ▁these ▁people , ▁we ▁promise . ▁So ▁let ' s ▁save ▁both ▁our ▁time ▁by ▁fast ▁forwarding ▁to ▁ 2"
boy,343,"▁# 7 4 </i> </ p > 
 <h4> Welcome </h4> 
 < p > This ▁is ▁ <i> De jal News </i> , ▁an ▁occasional ▁newsletter ▁from ▁< a ▁href =""/""> De jal </ a >.</ p > 
 < p > <i> <b> If ▁you ▁want ▁to ▁receive ▁these ▁newsletters ▁in ▁your ▁email ▁inbox , ▁head ▁over ▁to ▁the ▁< a ▁href =""/ subscribe /""> De jal News ▁subscribe ▁page </ a > ▁to ▁sign ▁up . </b> </i> </ p > 
 <h4> De jal News ▁is ▁back ! </h4> 
 < p > The ▁previous ▁issue ▁of ▁ <i> De jal News </i> ▁was ▁a ▁bit ▁over ▁a ▁year ▁ago . ▁I ▁didn ' t ▁intend ▁to ▁take ▁a ▁year ▁off ▁publishing ▁these"
boy,343,"▁hit ▁with ▁a ▁higher ▁tax ▁next ▁year . ▁By ▁holding ▁back ▁the ▁increase ▁until ▁after ▁the ▁local ▁elections , ▁they ▁obviously ▁thought ▁that ▁the ▁wool ▁could ▁be ▁pulled ▁over ▁voters ’ ▁eyes . 

 “ This ▁is ▁the ▁wrong ▁tax ▁at ▁the ▁wrong ▁time , ▁placing ▁unacceptable ▁numbers ▁of ▁people ▁across ▁the ▁country ▁under ▁unacceptable ▁pressure . ▁At ▁the ▁very ▁least , ▁the ▁Government ▁needs ▁to ▁repeal ▁this ▁under hand ▁section ▁of ▁the ▁legislation ▁and ▁insist ▁that ▁there ▁will ▁be ▁no ▁increases ▁for ▁at ▁least ▁three ▁years .” 

 Hey ▁Miche al ▁Martin , ▁whats ▁this ▁rubbish ▁about ▁you ▁defending ▁ 1 8 0 ▁Garda ▁statements ▁that ▁didn ' t ▁hold ▁up ▁in ▁Court .. ▁What ▁strokes ▁you ▁trying ▁to ▁pulling ▁in ▁saving ▁this ▁broken ▁institutions ▁face"
boy,343,": 

 "" Are ▁you ▁trying ▁to ▁tell ▁me ▁that ▁if ▁I ▁am ▁not ▁nice ▁to ▁you , ▁you ▁are ▁going ▁to ▁fire ▁me ?"" 

 "" I ' m ▁not ▁doing ▁anything . ▁This ▁is ▁your ▁choice ."" ▁David ▁sat ▁back ▁in ▁his ▁chair ▁looking ▁smug , ▁as ▁if ▁he ▁really ▁thought ▁sh ▁would ▁change ▁her ▁mind . 

 Hon ▁Hoh , ▁a ▁teacher ▁of ▁the ▁Revelation , ▁takes ▁readers ▁on ▁a ▁riveting ▁journey 

 Do ▁each ▁of ▁us ▁play ▁a ▁role ▁in ▁the ▁kingdom ▁of ▁God ? ▁Can ▁the ▁choices ▁we ▁make ▁affect ▁God ’ s ▁timing ▁of ▁future ▁events ? ▁Hon ▁Hoh ▁examines ▁these ▁questions ▁while ▁taking ▁his ▁readers ▁on ▁a ▁riveting ▁adventure ▁in ▁The ▁Trigger : ▁A ▁Novel ▁on ▁the ▁Revelation . ▁Through"
boy,343,"▁it ▁moves ▁forward ; ▁read ▁more ▁about ▁that ▁effort ▁here . ▁I ▁haven ' t ▁seen ▁too ▁much ▁technical ▁information ▁flowing ▁from ▁the ▁Open ▁Compute ▁Summit , ▁although ▁James ▁Hamilton ▁of ▁Amazon ▁posted ▁his ▁slides ▁online ▁here : ▁here 

 Meanwhile ▁( was ▁this ▁part ▁of ▁the ▁summit , ▁or ▁independent ?), ▁the ▁team ▁at ▁Anand Tech ▁have ▁done ▁some ▁independent ▁testing ▁of ▁the ▁Open ▁Compute ▁server ▁components ; ▁in ▁their ▁conclusion , ▁they ▁commend ▁the ▁Open ▁Compute ▁work ▁as ▁showing ▁tremendous ▁potential : 

 The ▁Facebook ▁Open ▁Compute ▁servers ▁have ▁made ▁quite ▁an ▁impression ▁on ▁us . ▁Remember , ▁this ▁is ▁Facebook ' s ▁first ▁attempt ▁to ▁build ▁a ▁cloud ▁server ! ▁This ▁server ▁uses ▁very ▁little ▁power ▁when ▁running ▁at ▁low ▁load ▁( see ▁our"
boy,343,"▁interview , ▁he ▁frequently ▁interrupts ▁his ▁story ▁to ▁yell ▁"" This ▁is ▁the ▁last ▁call ▁for ▁alcohol !!! "", ▁hence ▁the ▁title . 

 Controversy 

 What ▁happened ? 

 In ▁the ▁midst ▁of ▁Hurricane ▁Katrina , ▁there ▁was ▁a ▁well ▁publicized ▁event ▁in ▁which ▁Kay ne ▁West ▁accused ▁the ▁president ▁of ▁hating ▁black ▁people . ▁This ▁was ▁untrue . ▁However ▁rumor ▁has ▁it ▁that ▁fellow ▁actor ▁( and ▁rising ▁rap ▁star let ) ▁Hurricane ▁Katrina ▁Jones ▁professed ▁to ▁Kay ne ▁West ▁that ▁he ▁does ▁in ▁fact ▁hate ▁the ▁way ▁black ▁people ▁are ▁sometimes ▁treated , ▁and ▁Mexicans , ▁and ▁Jews , ▁and ▁Arabs . 

 The ▁President ▁later ▁responded ▁to ▁West ' s ▁comments ▁with ▁a ▁note ▁he ▁wrote ▁all ▁by ▁himself , ▁and ▁in ▁early"
boy,343,"▁( Of ▁course , ▁Amazon ▁isn ' t ▁pulling ▁in ▁the ▁billions ▁that ▁Samsung ▁is . ▁But ▁I ▁think ▁I ▁like ▁their ▁odds ▁in ▁the ▁very ▁long ▁run ▁better .) 

 Eh . 

 Apple ▁doesn ' t ▁make ▁real ▁money ▁on ▁content . ▁Amazon ▁can ' t ▁either . ▁Amazon ▁is ▁building ▁a ▁storefront ▁for ▁your ▁lap . ▁They ▁want ▁you ▁to ▁buy ▁underwear ▁with ▁this ▁thing , ▁and ▁their ▁profit ▁margin ▁is ▁on ▁the ▁Amazon ▁Prime ▁subscription ▁you ▁need ▁to ▁keep ▁in ▁order ▁to ▁make ▁the ▁device ▁useful . ▁This ▁is ▁the ▁carrier ▁model ▁- ▁they ▁subsid ize ▁the ▁hardware ▁and ▁you ▁pay ▁them ▁$ 8 0 / yr ▁to ▁use ▁it . ▁Once ▁you ' re ▁paying ▁the ▁$ 8 0 , ▁you ▁might"
boy,343,"▁make ▁them ▁easily ▁identifiable ▁against ▁white ▁paper . ▁White ▁envelopes ▁were ▁printed ▁with ▁the ▁C EV M ▁logo ▁and ▁the ▁words ▁' THIS ▁IS ▁A ▁SCIENTIFIC ▁RESEARCH ▁STUDY . ▁THIS ▁IS ▁NOT ▁JUN K ▁MAIL , ▁AN ▁APPEAL ▁FOR ▁DON ATIONS ▁OR ▁MARKET ▁RESEARCH ' ▁to ▁make ▁it ▁distinguishable ▁from ▁marketing ▁mail ings . ▁A ▁pen , ▁chocolate ▁and ▁a ▁return ▁postage ▁paid ▁envelope ▁were ▁included ▁and ▁a ▁prize ▁incentive ▁was ▁offered ▁(£ 5 0 0 ▁towards ▁the ▁continuing ▁professional ▁development ▁course / s ▁of ▁choice ). ▁If ▁participants ▁filled ▁in ▁the ▁online ▁version , ▁they ▁had ▁an ▁extra ▁chance ▁of ▁winning ▁£ 5 0 ▁worth ▁of ▁department ▁store ▁vouchers . 

 The ▁R CVS ▁mailing ▁list ▁was ▁obtained ▁in ▁October ▁ 2 0 1 0 ."
boy,343,"1 9 6 0 ▁once ▁the ▁White ▁Man ▁put ▁his ▁burden ▁of ▁civiliz ing ▁the ▁un civil isable ▁down . ▁BTW , ▁slavery ▁has ▁never ▁left ▁the ▁areas ▁ruled ▁by ▁mos lems . 

 gates ▁tells ▁the ▁truth ▁for ▁once 

 Sh hh ▁.. ▁keep ▁it ▁quiet ▁ok ? ▁Tribal ▁chiefs ▁who ▁sold ▁off ▁all ▁the ▁slaves ▁to ▁the ▁white ▁man ▁owned ▁a ▁billion ▁slaves ▁too ▁and ▁still ▁do ▁… 

 Joseph 

 If ▁these ▁benevolent ▁black ▁slave ▁owners ▁kept ▁black ▁slaves ▁“ to ▁protect ▁that ▁person ”, ▁what ▁would ▁prevent ▁them ▁from ▁emancip ating ▁them ▁voluntarily ▁even ▁if ▁they ▁stayed ▁with ▁the ▁family . 

 This ▁is ▁the ▁usual ▁noise ▁from ▁the ▁left ; ▁“ If ▁we ▁do ▁it ▁it ▁is ▁not ▁the ▁same ”. 

"
boy,343,"▁of ▁studies ▁to ▁date ▁may ▁limit ▁the ▁ability ▁to ▁identify ▁general izable ▁information ▁about ▁the ▁effectiveness ▁of ▁specific ▁strategies . ▁Moreover , ▁of ▁the ▁nine ▁studies ▁that ▁met ▁inclusion ▁criteria ▁for ▁this ▁review , ▁four ▁were ▁care ▁delivery ▁interventions ▁tested ▁in ▁trials ▁that ▁were ▁powered ▁on ▁main ▁( clinical ) ▁outcomes . ▁These ▁studies ▁may ▁have ▁been ▁under powered ▁to ▁detect ▁differences ▁in ▁secondary ▁outcomes , ▁such ▁as ▁medication ▁receipt . 

 Despite ▁these ▁limitations , ▁this ▁is ▁the ▁first ▁review ▁to ▁our ▁knowledge ▁conducted ▁with ▁the ▁goal ▁of ▁understanding ▁strategies ▁that ▁may ▁be ▁effective ▁for ▁implementing ▁medication ▁treatment ▁for ▁AUD --- a ▁substantially ▁under utilized ▁treatment . ▁Unfortunately , ▁our ▁review ▁did ▁not ▁reveal ▁which ▁strategies ▁are ▁most ▁effective ▁for ▁implementing ▁AUD ▁medications . ▁However ,"
boy,343,"

 ###### ▁ 

 Click ▁here ▁for ▁additional ▁data ▁file . 

 1 0 . 1 3 7 1 / journal . pp at . 1 0 0 8 4 8 4 . r 0 0 3 

 Decision ▁Letter ▁ 1 

 Diamond 

 Michael ▁S . 

 Section ▁Editor 

 Rey 

 Fé lix ▁A . 

 Associate ▁Editor 

 © ▁ 2 0 2 0 ▁Diamond , ▁Rey 

 2 0 2 0 

 Diamond , ▁Rey 

 This ▁is ▁an ▁open ▁access ▁article ▁distributed ▁under ▁the ▁terms ▁of ▁the 

 Creative ▁Commons ▁Attribution ▁License 

 , ▁which ▁permits ▁unrestricted ▁use , ▁distribution , ▁and ▁reproduction ▁in ▁any ▁medium , ▁provided ▁the ▁original ▁author ▁and ▁source ▁are ▁credited . 

 1 8 ▁Mar ▁"
boy,343,"

 ###### ▁ 

 Click ▁here ▁for ▁additional ▁data ▁file . 

 1 0 . 1 3 7 1 / journal . pp at . 1 0 0 8 4 8 4 . r 0 0 3 

 Decision ▁Letter ▁ 1 

 Diamond 

 Michael ▁S . 

 Section ▁Editor 

 Rey 

 Fé lix ▁A . 

 Associate ▁Editor 

 © ▁ 2 0 2 0 ▁Diamond , ▁Rey 

 2 0 2 0 

 Diamond , ▁Rey 

 This ▁is ▁an ▁open ▁access ▁article ▁distributed ▁under ▁the ▁terms ▁of ▁the 

 Creative ▁Commons ▁Attribution ▁License 

 , ▁which ▁permits ▁unrestricted ▁use , ▁distribution , ▁and ▁reproduction ▁in ▁any ▁medium , ▁provided ▁the ▁original ▁author ▁and ▁source ▁are ▁credited . 

 1 8 ▁Mar ▁"
boy,343,"▁the ▁requirements ▁of ▁section ▁ 7 4 9 1 ( a ); 

 according ly , ▁the ▁burden ▁remains ▁with ▁petitioner ▁to ▁show ▁respondent ’ s 

 determin ations ▁were ▁incorrect . 

 ▁▁▁▁▁▁ This ▁is ▁a ▁dispute ▁over ▁whether ▁petitioner ▁had ▁repor table ▁cancellation ▁of 

 inde b ted ness ▁income ▁that ▁she ▁failed ▁to ▁report ▁on ▁her ▁ 2 0 1 1 ▁tax ▁return . ▁The ▁Code 

 defines ▁income ▁liberally ▁as ▁“ all ▁income ▁from ▁whatever ▁source ▁derived ”. ▁Sec . 

 6 1 ( a ). ▁Specifically , ▁income ▁includes ▁any ▁income ▁from ▁the ▁discharge ▁of 

 inde b ted ness . ▁Sec . ▁ 6 1 ( a )( 1 2 ); ▁sec . ▁ 1 . 6 1 - 1 2"
boy,343,"TF AP 2 A * ▁in ▁two ▁children ▁affected ▁with ▁congenital ▁catar acts ▁from ▁a ▁cons angu ine ous ▁family ▁of ▁Pakistani ▁decent . ▁This ▁cataract - causing ▁deletion ▁removes ▁the ▁first ▁coding ▁ex ons ▁of ▁* GC NT 2 * ▁isoforms ▁* A * ▁and ▁* B * ▁but ▁leaves ▁the ▁* GC NT 2 C * ▁sequence ▁intact , ▁providing ▁further ▁support ▁for ▁the ▁is oform - specific ▁roles ▁of ▁this ▁gene ; ▁this ▁is ▁the ▁first ▁disruption ▁of ▁* GC NT 2 * ▁reported ▁which ▁does ▁not ▁affect ▁is oform ▁* C *. ▁While ▁the ▁patients ▁do ▁not ▁fit ▁a ▁diagnosis ▁of ▁BO FS , ▁one ▁sibling ▁demonstrates ▁mild ▁overlap ▁with ▁the ▁phenotypic ▁spectrum , ▁and ▁therefore ▁an ▁effect ▁of ▁this ▁deletion ▁on ▁the"
boy,343,"▁as ▁a ▁new ▁and ▁emerging ▁player ▁in 
 the ▁oil ▁and ▁gas ▁world . 

 "" As ▁V . Ships ' ▁regional ▁office , ▁we ▁possess ▁the ▁necessary ▁skill set 
 and ▁experience ▁to ▁deliver ▁on ▁quality ▁for ▁our ▁offshore ▁clients ▁like 
 Polar cus . ▁As ▁a ▁direct ▁result ▁of ▁this ▁dedication ▁to ▁quality ▁and ▁cost 
 optimis ation , ▁this ▁is ▁our ▁fourth ▁back ▁to ▁back ▁offshore ▁marine 
 services ▁contract ▁in ▁the ▁last ▁three ▁years . 

 "" The ▁vast ▁majority ▁of ▁our ▁crew ▁have ▁been ▁with ▁us ▁in ▁other ▁similar 
 projects ▁in ▁the ▁Black ▁Sea ▁and ▁other ▁parts ▁of ▁the ▁world , ▁so ▁we ▁are 
 confident ▁that ▁they ▁will ▁integrate ▁quickly ▁with ▁Polar cus ▁crew 
 on - board ."" 

"
boy,343,"▁Leon ’ s ▁grief . ▁If ▁the ▁player ▁empathi zes ▁with ▁Leon ▁( hopefully ▁they ▁do ▁if ▁they ’ ve ▁gotten ▁this ▁far ▁in ▁the ▁game ), ▁when ▁Leon ▁cries ▁out ▁in ▁agony ▁over ▁the ▁death ▁of ▁his ▁friend , ▁the ▁player , ▁too , ▁is ▁motivated ▁seek ▁justice ▁for ▁a ▁lost ▁friend . ▁This ▁is ▁the ▁opposite ▁of ▁Link ’ s ▁silence ▁that ▁I ▁discussed ▁in ▁my ▁last ▁article . ▁Unlike ▁Link , ▁who ▁leaves ▁you ▁to ▁form ▁your ▁experience ▁for ▁yourself , ▁Leon ▁hands ▁you ▁his ▁grief , ▁and ▁in ▁this ▁way ▁motivates ▁you ▁to ▁action . ▁This ▁is ▁good ▁storytelling . ▁Clearly ▁Resident ▁Evil ▁ 4 ▁has ▁nailed ▁the ▁motivational ▁aspect ▁of ▁making ▁a ▁powerful ▁narrative ▁in ▁a ▁game . ▁But ▁at ▁this ▁point"
boy,343,"▁influenced ▁the ▁emergence ▁of ▁feminism . ▁The ▁Cabinet ▁wives ▁insisted ▁that ▁the ▁interests ▁and ▁honor ▁of ▁all ▁women ▁were ▁at ▁stake . ▁They ▁believed ▁a ▁responsible ▁woman ▁should ▁never ▁accord ▁a ▁man ▁sexual ▁favors ▁without ▁the ▁assurance ▁that ▁went ▁with ▁marriage . ▁A ▁woman ▁who ▁broke ▁that ▁code ▁was ▁dishon orable ▁and ▁unacceptable . ▁Howe ▁notes ▁that ▁this ▁was ▁the ▁feminist ▁spirit ▁that ▁in ▁the ▁next ▁decade ▁shaped ▁the ▁woman ' s ▁rights ▁movement . ▁▁ The ▁aristocratic ▁wives ▁of ▁European ▁diplomats ▁in ▁Washington ▁shrugged ▁the ▁matter ▁off ; ▁they ▁had ▁their ▁national ▁interest ▁to ▁uphold , ▁and ▁had ▁seen ▁how ▁life ▁worked ▁in ▁Paris ▁and ▁London . 

 Legacy 
 Hist orian ▁Robert ▁V . ▁Rem ini ▁says ▁that ▁"" the ▁entire ▁Eaton ▁affair ▁might ▁be"
boy,343,"▁influenced ▁the ▁emergence ▁of ▁feminism . ▁The ▁Cabinet ▁wives ▁insisted ▁that ▁the ▁interests ▁and ▁honor ▁of ▁all ▁women ▁were ▁at ▁stake . ▁They ▁believed ▁a ▁responsible ▁woman ▁should ▁never ▁accord ▁a ▁man ▁sexual ▁favors ▁without ▁the ▁assurance ▁that ▁went ▁with ▁marriage . ▁A ▁woman ▁who ▁broke ▁that ▁code ▁was ▁dishon orable ▁and ▁unacceptable . ▁Howe ▁notes ▁that ▁this ▁was ▁the ▁feminist ▁spirit ▁that ▁in ▁the ▁next ▁decade ▁shaped ▁the ▁woman ' s ▁rights ▁movement . ▁▁ The ▁aristocratic ▁wives ▁of ▁European ▁diplomats ▁in ▁Washington ▁shrugged ▁the ▁matter ▁off ; ▁they ▁had ▁their ▁national ▁interest ▁to ▁uphold , ▁and ▁had ▁seen ▁how ▁life ▁worked ▁in ▁Paris ▁and ▁London . 

 Legacy 
 Hist orian ▁Robert ▁V . ▁Rem ini ▁says ▁that ▁"" the ▁entire ▁Eaton ▁affair ▁might ▁be"
boy,343,"▁to ▁help ▁us ▁interested ▁lay - people ▁try ▁to ▁come ▁to ▁grips ▁with ▁what ▁happened , ▁and ▁why , ▁and ▁what ▁does ▁it ▁mean , ▁and ▁how ▁do ▁we ▁make ▁it ▁better ▁in ▁the ▁future . 

 Certainly , ▁it ▁makes ▁me ▁more ▁motivated ▁to ▁return ▁to ▁my ▁own ▁designs , ▁and ▁to ▁study ▁them , ▁and ▁test ▁them , ▁and ▁continue ▁to ▁learn ▁from ▁my ▁own ▁failures ▁and ▁make ▁my ▁future ▁work ▁better . ▁I ▁recommend ▁this ▁article ▁highly ; ▁I ▁think ▁you ' ll ▁find ▁it ▁interesting ▁and ▁well ▁worth ▁your ▁time . 

 This ▁is ▁the ▁second ▁major ▁release ▁since ▁I ▁joined ▁the ▁team , ▁and ▁I ' m ▁quite ▁excited ▁about ▁it . ▁Although ▁I ▁played ▁only ▁a ▁minor ▁role ▁in ▁this ▁release"
boy,343,"▁Note : ▁I ▁signed ▁up ▁for ▁a ▁month - long ▁Digital ▁Detox ▁project ▁out ▁of ▁Middle bury ▁College ▁and ▁enjoyed ▁the ▁email ▁updates ▁throughout ▁January ▁that ▁got ▁us ▁thinking ▁about ▁our ▁digital ▁lives , ▁and ▁offered ▁small ▁steps ▁and ▁actions ▁to ▁take . ▁I ▁made ▁comics ▁about ▁the ▁concepts ▁as ▁a ▁way ▁to ▁read ▁deeper ▁and ▁think ▁a ▁little ▁more ▁critically ▁about ▁the ▁ways ▁digital ▁devices ▁and ▁platforms ▁are ▁part ▁of ▁our ▁lives . ▁This ▁is ▁the ▁last ▁comic ▁I ▁made ▁for ▁that ▁project . 

 Kevin ’ s ▁Note : ▁I ▁signed ▁up ▁for ▁a ▁month - long ▁Digital ▁Detox ▁project ▁out ▁of ▁Middle bury ▁College ▁and ▁enjoyed ▁the ▁email ▁updates ▁throughout ▁January ▁that ▁got ▁us ▁thinking ▁about ▁our ▁digital ▁lives , ▁and ▁offered ▁small ▁steps"
boy,343,"▁Note : ▁I ▁signed ▁up ▁for ▁a ▁month - long ▁Digital ▁Detox ▁project ▁out ▁of ▁Middle bury ▁College ▁and ▁enjoyed ▁the ▁email ▁updates ▁throughout ▁January ▁that ▁got ▁us ▁thinking ▁about ▁our ▁digital ▁lives , ▁and ▁offered ▁small ▁steps ▁and ▁actions ▁to ▁take . ▁I ▁made ▁comics ▁about ▁the ▁concepts ▁as ▁a ▁way ▁to ▁read ▁deeper ▁and ▁think ▁a ▁little ▁more ▁critically ▁about ▁the ▁ways ▁digital ▁devices ▁and ▁platforms ▁are ▁part ▁of ▁our ▁lives . ▁This ▁is ▁the ▁last ▁comic ▁I ▁made ▁for ▁that ▁project . 

 Kevin ’ s ▁Note : ▁I ▁signed ▁up ▁for ▁a ▁month - long ▁Digital ▁Detox ▁project ▁out ▁of ▁Middle bury ▁College ▁and ▁enjoyed ▁the ▁email ▁updates ▁throughout ▁January ▁that ▁got ▁us ▁thinking ▁about ▁our ▁digital ▁lives , ▁and ▁offered ▁small ▁steps"
boy,343,"▁AIDS ▁patients . ▁Last ▁week ' s ▁rec lassification ▁ruling ▁allows 
 doctors ▁greater ▁flexibility ▁to ▁prescribe ▁Marin ol ▁and ▁relaxes ▁record 
 keeping ▁requirements ▁on ▁the ▁drug . 

 Str oup ▁noted , ▁however , ▁that ▁it ▁raises ▁further ▁questions ▁about ▁the 
 future ▁of ▁medical ▁marijuana . ▁"" This ▁decision ▁by ▁the ▁federal ▁government 
 acknowled ges ▁that ▁one ▁of ▁the ▁primary ▁compounds ▁in ▁marijuana , ▁THC , ▁is 
 medic ally ▁valuable ▁and ▁lacks ▁a ▁high ▁potential ▁for ▁abuse ,"" ▁he ▁said . ▁"" Yet , 
 this ▁same ▁government ▁maintains ▁that ▁marijuana ▁must ▁remain ▁crimin ally 
 pro hibited ▁because ▁it ▁has ▁no ▁medical ▁value ▁and ▁a ▁high ▁abuse ▁potential . 
 This ▁is ▁the ▁equivalent ▁of ▁the ▁government ▁endorsing ▁Vitamin ▁C ▁but"
boy,343,"▁Although ▁early ▁PA ▁without ▁elevated ▁serum ▁level ▁of ▁PSA ▁is ▁common , ▁advanced ▁PA ▁with ▁absence ▁of ▁elevated ▁serum ▁PSA , ▁associated ▁with ▁presence ▁of ▁tissue ▁immun ore active ▁pro static ▁markers ▁are ▁rare . ▁This ▁is ▁the ▁first ▁report ▁of ▁advanced ▁pro static ▁aden ocar cin omas ▁showing ▁loss ▁of ▁tumor ▁cell ▁prostate - specific ▁markers ▁with ▁absence ▁of ▁elevated ▁serum ▁PSA ▁level ▁after ▁hormonal ▁therapy ▁despite ▁tumor ▁progression . <bos> Q : 

 Angular 2 ▁Testing : ▁Service ▁returning ▁function ▁instead ▁of ▁object ▁array 

 I ▁want ▁to ▁write ▁some ▁tests ▁for ▁my ▁service ▁written ▁in ▁Angular ▁ 2 . 1 . 0 : 
 @ Injectable () 
 export ▁class ▁My Service ▁{ 
 ▁▁▁▁ api _ base _ url ▁= ▁' http ://"
boy,343,"▁works : 

 Issues ▁are ▁raised ▁in ▁the ▁Apache ▁issue - tracking ▁system ; 

 discussion ▁is ▁held ▁in ▁the ▁issue ▁comments ▁and ▁on ▁mailing ▁lists ; 

 various ▁contributors ▁suggest ▁ideas ; 

 someone ▁"" with ▁an ▁itch ▁to ▁scratch "" ▁dives ▁into ▁the ▁problem ▁and ▁constructs ▁a ▁patch ; 

 the ▁patch ▁is ▁proposed ▁by ▁attaching ▁it ▁to ▁the ▁issue - tracking ▁system ; 

 further ▁discussion ▁and ▁testing ▁occurs , ▁now ▁shaped ▁by ▁the ▁concrete ▁nature ▁of ▁the ▁proposed ▁patch ; 

 a ▁commit ter ▁who ▁becomes ▁persuaded ▁of ▁the ▁desirability ▁of ▁the ▁patch ▁commits ▁it ▁to ▁the ▁repository ; 

 eventually ▁a ▁release ▁occurs ▁and ▁the ▁change ▁becomes ▁widely ▁distributed . 

 This ▁is ▁the ▁process ▁as ▁I ▁have ▁seen ▁it ▁and ▁participated"
boy,343,"▁earlier ▁in ▁the ▁Torah : ▁the ▁Ten ▁Commandments ▁are ▁repeated ▁in ▁a ▁slightly ▁different ▁configuration , ▁the ▁feasts ▁and ▁holidays ▁are ▁revisited , ▁and ▁some ▁of ▁the ▁laws ▁from ▁Exodus ▁and ▁Levi ticus ▁are ▁rest ated . ▁However , ▁it ▁is ▁hard ▁to ▁ignore ▁the ▁very ▁different ▁tone ▁and ▁presentation ▁of ▁the ▁laws ▁in ▁Deuteronomy . ▁While ▁the ▁legal ▁bits ▁in ▁the ▁previous ▁books ▁were ▁written ▁down ▁as ▁literature , ▁the ▁material ▁in ▁Deuteronomy ▁appears ▁to ▁have ▁been ▁designed ▁to ▁be ▁read ▁out ▁loud . ▁A ▁repeated ▁refrain ▁throughout ▁the ▁book ▁is ▁“ Hear , ▁O ▁Israel …” ▁followed ▁by ▁some ▁instruction , ▁blessing , ▁or ▁warning . 

 And ▁speaking ▁of ▁blessing ▁and ▁warning , ▁this ▁is ▁perhaps ▁the ▁main ▁innovation ▁of ▁Deuteronomy . ▁While ▁the"
boy,343,"▁of ▁PV Y ▁in ▁[ Table ▁ 1 ](# viruses - 1 2 - 0 0 1 3 2 - t 0 0 1 ){ ref - type ="" table ""} ▁is ▁correct , ▁then ▁[ Figure ▁S 1 ](# app 1 - viruses - 1 2 - 0 0 1 3 2 ){ ref - type ="" app ""}, ▁a ▁ML ▁tree ▁of ▁ 3 8 ▁representative ▁ORF ▁sequences , ▁indicates ▁that ▁the ▁long ▁basal ▁branch ▁of ▁the ▁lineage ▁covered ▁the ▁period ▁ 1 5 . 4 -- 1 8 . 8 ▁thousand ▁Y BP . ▁This ▁is ▁the ▁period ▁human ▁progen itors ▁of ▁the ▁Amer indi ans ▁are ▁most ▁likely ▁to ▁have ▁migrated ▁to ▁the ▁Americas ▁(< https :// en . wikipedia . org /"
boy,343,"▁it ’ s ▁on ▁the ▁bou lev ards , ▁where ▁we ▁add ▁cross ▁traffic ▁and ▁traffic ▁signals . ▁“ it ’ s ▁comparatively ▁easy .” ▁Bea ub ien ▁says ▁of ▁that ▁condition . 

 But ▁when ▁you ▁ramp ▁up ▁to ▁driving ▁in ▁urban ▁centers ▁a ▁whole ▁new ▁set ▁of ▁conditions ▁are ▁encountered . ▁“ Here ▁everything ▁is ▁so ▁compact , ▁cars ▁are ▁coming ▁from ▁every ▁which ▁way ▁and ▁there ’ s ▁all ▁kinds ▁of ▁traffic ▁with ▁pedestrians ▁and ▁mixed ▁intersections ▁going ▁on . ▁This ▁is ▁the ▁hardest ▁kind ▁of ▁driving .” 

 When ▁we ▁think ▁of ▁rolling ▁in ▁self - driving ▁vehicles , ▁Bea ub ien ▁says ▁we ▁think ▁of ▁roads ▁that ▁are ▁easy ▁to ▁drive , ▁and ▁the ▁weather ▁is ▁good , ▁so ▁bringing ▁that ▁technology"
boy,343,"▁farm . 

 Students ▁here ▁have ▁become ▁independent . ▁Instead ▁of ▁asking ▁Hud ak ▁how ▁to ▁organize ▁the ▁hundreds ▁of ▁flowers ▁they ▁picked , ▁they ▁form ▁an ▁assembly ▁line . ▁Rock ▁music ▁bla res ▁from ▁a ▁boom box ▁as ▁students ▁bundle ▁the ▁blooms ▁into ▁bouquets . 

 The ▁farm , ▁producing ▁more ▁than ▁expected , ▁signs ▁up ▁three ▁more ▁CSA ▁members . 

 The ▁work ▁is ▁a ▁lot ▁hotter ▁than ▁the ▁students ▁expected , ▁too . ▁"" This ▁is ▁a ▁job ▁that ▁most ▁people ▁would ▁kill ▁themselves ▁if ▁they ▁had ,"" ▁says ▁Ring wald , ▁who ▁once ▁nearly ▁quit ▁the ▁farm ▁program . ▁"" In ▁the ▁summertime ▁in ▁the ▁heat , ▁it ' s ▁horrible ▁working ▁out ▁here . ▁With ▁Paul , ▁he ▁keeps ▁our ▁enthusiasm ▁up"
boy,343,"▁ 2 0 1 1 . 

 This ▁fight ▁took ▁place ▁in ▁Sho oto . 

 “ Ram bo ” ▁almost ▁caught ▁O chi ▁with ▁an ▁ar mbar ▁in ▁the ▁first ▁round . ▁But ▁O chi ▁came ▁back ▁and ▁KO ’ d ▁Kos uke ▁in ▁the ▁second ▁round . ▁That ▁was ▁“ Ram bo ” ‘ s ▁first ▁pro ▁defeat ▁in ▁seven ▁fights . <bos> -- recursive 
 -- require ▁@ babel / register 
 <bos> Accounting 

 Surf ▁Works ▁offer ▁a ▁range ▁of ▁accounting ▁services ▁suitable ▁for ▁all ▁types ▁of ▁business . ▁Below , ▁we ▁have ▁listed ▁packages ▁suitable ▁for ▁sole ▁traders , ▁partnerships ▁and ▁limited ▁companies . ▁The ▁packages ▁can ▁be ▁fully ▁tailored ▁to ▁your ▁requirements ▁by ▁adding ▁extra ▁services ▁to ▁create ▁the ▁exact ▁service"
boy,343,"▁We 
 ▁▁▁▁▁▁▁ are ▁not ▁talking ▁about ▁a ▁six - year ▁old , ▁who ▁accident ly ▁shoots ▁the 



 ▁▁▁▁▁▁▁▁▁▁▁▁▁▁▁▁▁▁▁▁▁▁▁▁▁▁▁▁▁▁▁ ▁▁▁▁▁▁▁▁▁▁▁▁ - 5 - 
  J - A 0 8 0 3 5 - 1 9 


 at ▁ 1 1 1 - 1 2 . ▁It ▁went ▁on ▁to ▁say , ▁“ As ▁I ▁said ▁before , ▁this ▁was ▁a ▁- ▁- ▁for ▁lack ▁of ▁a 

 better ▁term ▁- ▁- ▁this ▁is ▁the ▁behavior ▁of ▁an ▁adult .” ▁N . T ., ▁Recons ideration ▁Hearing , 

 3 / 7 / 1 8 ▁at ▁ 9 ▁( emphasis ▁added ). ▁It ▁did ▁not ▁say ▁that ▁he ▁was , ▁in ▁fact , ▁an ▁adult . 

 This ▁claim ▁is ▁thus ▁merit less . 

 ▁▁▁▁▁▁▁"
boy,343,"’ t ▁been ▁actually ▁challenged , ▁but ▁that ’ s ▁not ▁a ▁reason ▁NOT ▁to ▁participate ▁in ▁a ▁meme . 

 The ▁instructions ▁are ▁simple : 

 Enter ▁the ▁fourth ▁directory ▁in ▁your ▁picture ▁stash . 

 Choose ▁the ▁fourth ▁picture ▁in ▁your ▁blog 

 Describe ▁when / why / how ▁you ▁took ▁it . 

 Challenge ▁four ▁people ▁to ▁participate 

 Well , ▁this ▁picture ▁is ▁from ▁New ▁York , ▁close ▁to ▁the ▁W TC ▁ground ▁zero , ▁taken ▁in ▁January ▁ 2 0 0 2 , ▁after ▁the ▁cleaning ▁crew ▁was ▁mostly ▁done ▁with ▁the ▁rubble . ▁This ▁was ▁a ▁cold ▁day , ▁easily ▁fifteen ▁below ▁zero , ▁the ▁chill ▁compounded ▁by ▁stiff ▁winds ▁off ▁the ▁rivers . 

 The ▁camera ▁was ▁a ▁brand ▁new"
boy,343,"▁to ▁be ▁ 2 . 5 - times ▁lower ▁than ▁that ▁of ▁parent ▁compound ▁RC - 1 2 1 . ▁This ▁is ▁the ▁first ▁report ▁on ▁inhibition ▁of ▁human ▁pancreatic ▁cancer ▁growth ▁in ▁vivo ▁by ▁som at ost atin ▁analogs ▁carrying ▁cytotoxic ▁radicals . <bos> INTRODUCTION ▁{# s 1 } 
 ============ 

 Whilst ▁onco genesis ▁is ▁driven ▁by ▁a ▁multitude ▁of ▁complex , ▁non - programmed ▁molecular ▁events , ▁there ▁are ▁a ▁number ▁of ▁key ▁features ▁of ▁this ▁process , ▁not ▁least ▁of ▁which ▁is ▁the ▁aberrant ▁activation ▁of ▁genes ▁that ▁would ▁normally ▁be ▁silenced ▁in ▁a ▁given ▁tissue ▁context ▁\[ [@ R 1 ] \] . ▁The ▁so ▁called ▁cancer / tes tis ▁( CT ) ▁or ▁cancer ▁germ line ▁( CG ) ▁genes ▁are"
boy,343,"▁to ▁be ▁ 2 . 5 - times ▁lower ▁than ▁that ▁of ▁parent ▁compound ▁RC - 1 2 1 . ▁This ▁is ▁the ▁first ▁report ▁on ▁inhibition ▁of ▁human ▁pancreatic ▁cancer ▁growth ▁in ▁vivo ▁by ▁som at ost atin ▁analogs ▁carrying ▁cytotoxic ▁radicals . <bos> INTRODUCTION ▁{# s 1 } 
 ============ 

 Whilst ▁onco genesis ▁is ▁driven ▁by ▁a ▁multitude ▁of ▁complex , ▁non - programmed ▁molecular ▁events , ▁there ▁are ▁a ▁number ▁of ▁key ▁features ▁of ▁this ▁process , ▁not ▁least ▁of ▁which ▁is ▁the ▁aberrant ▁activation ▁of ▁genes ▁that ▁would ▁normally ▁be ▁silenced ▁in ▁a ▁given ▁tissue ▁context ▁\[ [@ R 1 ] \] . ▁The ▁so ▁called ▁cancer / tes tis ▁( CT ) ▁or ▁cancer ▁germ line ▁( CG ) ▁genes ▁are"
boy,343,"s ▁no ▁explicit ▁view ▁policy , ▁make ▁it ▁very ▁restrictive ▁by ▁default . 
 ▁▁▁▁ // ▁This ▁is ▁the ▁correct ▁policy ▁for ▁files ▁dropped ▁onto ▁objects ▁during 
 ▁▁▁▁ // ▁creation , ▁comment ▁and ▁edit ▁flows . 
 ▁▁▁▁ $ view _ policy ▁= ▁$ request -> get Str (' view Policy '); 
 ▁▁▁▁ if ▁(!$ view _ policy ) ▁{ 
 ▁▁▁▁▁▁ $ view _ policy ▁= ▁$ viewer -> get PH ID (); 
 ▁▁▁▁ } 

 ▁▁▁▁ $ is _ chunks ▁= ▁$ request -> get Bool (' query chunks '); 
 ▁▁▁▁ if ▁($ is _ chunks ) ▁{ 
 ▁▁▁▁▁▁ $ params ▁= ▁array ( 
 ▁▁▁▁▁▁▁▁ ' file PH ID ' ▁=> ▁$ file _ ph id , 
 ▁▁▁▁▁▁"
boy,343,"0 , ▁and ▁TCC ▁is ▁disabled , ▁this ▁is ▁a ▁cont endor 
 ▁▁▁▁▁▁▁▁▁▁▁▁ if ▁(! b TCC ) ▁▁▁ // ▁Is ▁this ▁GPU ▁running ▁the ▁TCC ▁driver ? ▁▁ If ▁so ▁we ▁pass ▁on ▁this 
 ▁▁▁▁▁▁▁▁▁▁▁▁ { 
 ▁▁▁▁▁▁▁▁▁▁▁▁▁▁▁▁ int ▁compute _ perf ▁▁ = ▁multi Processor Count ▁* ▁sm _ per _ multi proc ▁* ▁clock Rate ; 

 ▁▁▁▁▁▁▁▁▁▁▁▁▁▁▁▁ if ▁( compute _ perf ▁▁ > ▁max _ compute _ perf ) 
 ▁▁▁▁▁▁▁▁▁▁▁▁▁▁▁▁ { 
 ▁▁▁▁▁▁▁▁▁▁▁▁▁▁▁▁▁▁▁▁ // ▁If ▁we ▁find ▁GPU ▁with ▁SM ▁major ▁> ▁ 2 , ▁search ▁only ▁these 
 ▁▁▁▁▁▁▁▁▁▁▁▁▁▁▁▁▁▁▁▁ if ▁( best _ SM _ arch ▁> ▁ 2 ) 
 ▁▁▁▁▁▁▁▁▁▁▁▁▁▁▁▁▁▁▁▁ { 
 ▁▁▁▁▁▁▁▁▁▁▁▁▁▁▁▁▁▁▁▁▁▁▁▁ // ▁If ▁our ▁device ▁= ▁dest _ SM _ arch , ▁then ▁we"
boy,343,"0 ▁and ▁persist ing ▁through ▁ 1 0 . 2 ▁or ▁later 

 I ▁am ▁trying ▁to ▁understand ▁the ▁new ▁tem plating ▁in ▁version ▁ 1 0 . ▁While ▁there ▁is ▁a ▁general ▁documentation ▁page ▁with ▁links ▁to ▁docs ▁for ▁each ▁new ▁function , ▁so ▁far ▁I ▁am ▁unable ▁to ▁find ▁any ▁report ▁generation ▁worked ▁examples ▁of ▁what ▁a ▁user ▁may ▁do ▁after ▁they ▁open ▁File ▁> ▁New ▁> ▁Template ▁Notebook . ▁Additionally ▁when ▁I ▁press ▁the ▁help ▁button ▁on ▁the ▁template ▁notebook ▁it ▁seems ▁there ▁is ▁documentation ▁missing : 

 When ▁you ▁type ▁"" Report Generation "" ▁in ▁the ▁docs ▁this ▁is ▁what ▁you ▁get : 

 Templates ▁were ▁first ▁introduced ▁in ▁the ▁Finance ▁Platform ▁-- ▁which ▁is ▁essentially ▁a ▁version ▁of ▁Mathematica ▁with ▁a ▁few"
boy,343,"▁first ▁table . 
 Thanks 

 A : 

 this ▁a ▁quick ▁example ▁of ▁how ▁to ▁achieve ▁your ▁requirement ... 
 CREATE ▁TABLE ▁IF ▁NOT ▁EXISTS ▁` feeds ` ▁( 
 ▁▁ ` Feed _ ID ` ▁int ( 1 1 ) ▁NOT ▁NULL , 
 ▁▁ ` Feed _ Name ` ▁varchar ( 3 2 ) ▁NOT ▁NULL , 
 ▁▁ ` Feed _ Url ` ▁varchar ( 2 5 5 ) ▁NOT ▁NULL , 
 ▁▁ PRIMARY ▁KEY ▁(` Feed _ ID `) 
 ) 

 CREATE ▁TABLE ▁IF ▁NOT ▁EXISTS ▁` feed items ` ▁( 
 ▁▁ ` Feed Item _ ID ` ▁int ( 1 1 ) ▁NOT ▁NULL , 
 ▁▁ ` Feed _ ID ` ▁int ( 1 1 ) ▁NOT"
boy,343,"▁impose ▁clear ▁and ▁significant ▁opportunity ▁costs ▁on ▁Google ’ s ▁standards ▁acti i vities . 

 "" Un related ""? ▁I ▁think ▁that ▁is ▁an ▁overly ▁strong ▁critique . ▁Surely ▁Dart ▁is ▁strongly ▁related . 

 What ▁is ▁the ▁best ▁way , ▁then ? ▁Continue ▁to ▁improve ▁the ▁existing ▁language , ▁or ▁work ▁on ▁building ▁new ▁languages ? ▁Can ▁we ▁really ▁not ▁do ▁both ? ▁After ▁all , ▁Dart ▁is ▁not ▁the ▁only ▁new ▁language ▁built ▁on ▁top ▁of ▁and ▁closely ▁related ▁to ▁JavaScript : ▁consider ▁Coffee Script , ▁for ▁example . ▁It ▁is ▁another ▁new ▁language ▁which ▁is ▁designed ▁for ▁the ▁web , ▁and ▁is ▁implemented ▁by ▁being ▁compiled ▁into ▁JavaScript . ▁Coffee Script ▁is ▁interesting ; ▁it ▁pushes ▁the ▁envelope ▁in ▁other ▁directions , ▁such"
boy,343,"▁to ▁be ▁within ▁UM NO ▁than ▁outside , ▁let ' s ▁see ▁what ▁Anwar ▁did ▁after ▁he ▁was ▁out - mano eu v red ▁by ▁Mahat hir ▁following ▁the ▁failed ▁attempt ▁to ▁oust ▁the ▁Old ▁Man ▁in ▁June ▁ 1 9 9 8 . 

 OK , ▁let ' s ▁hear ▁what ▁he ▁said ▁just ▁a ▁mere ▁two ▁months ▁later , ▁on ▁ 1 2 ▁August ▁ 1 9 9 8 , ▁during ▁the ▁opening ▁of ▁the ▁then - new ▁Penang ▁UM NO ▁building . ▁That ▁was ▁when ▁the ▁UM NO ▁jungle ▁drums ▁were ▁already ▁beating ▁away ▁that ▁Anwar ▁was ▁going ▁for ▁broke ▁for ▁the ▁presidency ▁of ▁UM NO ▁because ▁of ▁the ▁virtually ▁irreparable ▁rift ▁between ▁the ▁two ▁UM NO ▁top ▁leaders , ▁wak ak aka ."
boy,343,", ▁field Number : ▁ 1 1 4 ) 
 ▁▁▁▁▁▁ case ▁nil : ▁break 
 ▁▁▁▁▁▁ } 
 ▁▁▁▁▁▁ if ▁let ▁v ▁= ▁_ storage ._ optional Lazy Import Message ▁{ 
 ▁▁▁▁▁▁▁▁ try ▁visitor . visit Singular Message Field ( value : ▁v , ▁field Number : ▁ 1 1 5 ) 
 ▁▁▁▁▁▁ } 
 ▁▁▁▁ } 
 ▁▁▁▁ try ▁unknownFields . traverse ( visitor : ▁& visitor ) 
 ▁▁ } 

 ▁▁ static ▁func ▁== ( lhs : ▁Proto 3 Arena Unit test _ Test All Types , ▁rhs : ▁Proto 3 Arena Unit test _ Test All Types ) ▁-> ▁Bool ▁{ 
 ▁▁▁▁ if ▁lhs ._ storage ▁!== ▁rhs ._ storage ▁{ 
 ▁▁▁▁▁▁ let ▁stor ages AreEqual : ▁Bool"
boy,343,"▁observed ▁after ▁both ▁CRT ‐ def ib rillation ▁and ▁CRT ‐ p acing , ▁after ▁adjustment ▁for ▁heart ▁failure ▁etiology . Re ‐ inter ventions ▁for ▁left ▁ventricular ▁displacement ▁or ▁ph ren ic ▁nerve ▁stimulation , ▁which ▁were ▁lower ▁with ▁QU AD , ▁were ▁associated ▁with ▁worse ▁outcomes . What ▁Are ▁the ▁Clinical ▁Implications ? The ▁markedly ▁better ▁outcomes ▁after ▁CRT ▁observed ▁with ▁QU AD ▁supports ▁their ▁preferential ▁use ▁over ▁non ‐ QUAD ▁in ▁clinical ▁practice . The ▁relative ▁benefits ▁of ▁CRT ‐ def ib rillation ▁over ▁CRT ‐ p acing ▁requires ▁further ▁evaluation ▁in ▁the ▁QU AD ▁era . 

 Introduction ▁{# jah 3 2 5 8 7 - sec - 0 0 0 8 } 
 ============ 

 Cardiac ▁res ynchron ization ▁therapy ▁( CRT"
boy,343,"▁for ▁the ▁actuators ▁is ▁conveniently ▁located ▁at ▁ground ▁level ▁enabling ▁the ▁operator ▁to ▁view ▁easily ▁the ▁operation ▁of ▁the ▁hatch ▁closure ▁system . 
 Accordingly , ▁it ▁is ▁an ▁object ▁of ▁the ▁present ▁invention ▁to ▁provide ▁an ▁automatic ▁closure ▁system ▁for ▁the ▁hatch ▁of ▁a ▁bulk ▁carrier ▁that ▁can ▁be ▁operated ▁at ▁ground ▁level ▁without ▁requiring ▁the ▁operator ▁to ▁climb ▁atop ▁the ▁carrier ▁body . 
 Another ▁object ▁of ▁the ▁invention ▁is ▁to ▁provide ▁a ▁hatch ▁closure ▁system ▁for ▁the ▁hatch ▁of ▁a ▁dry ▁bulk ▁transport ▁that ▁can ▁be ▁selectively ▁remotely ▁actuated ▁to ▁provide ▁pressure ▁sealing ▁of ▁the ▁hatch ▁and ▁a ▁fully ▁open ▁position ▁for ▁loading ▁and ▁maintenance . 
 A ▁further ▁object ▁of ▁the ▁invention ▁is ▁to ▁provide ▁an ▁automatic ▁hatch ▁closure ▁system ▁for ▁a ▁mobile"
boy,343,"7 . 2 , ▁ 1 1 7 . 4 , ▁ 1 1 5 . 7 , ▁ 1 1 4 . 9 , ▁ 4 4 . 3 , ▁ 2 1 . 2 ; ▁Elemental ▁analysis : ▁calc . ▁for ▁C ~ 1 4 ~ H ~ 1 1 ~ N ~ 5 ~ ▁( MW ▁ 2 4 9 . 2 7 ): ▁ 6 7 . 4 6 % ▁C , ▁ 4 . 4 5 % ▁H , ▁ 2 8 . 1 0 % ▁N ; ▁found ▁ 6 7 . 2 1 % ▁C , ▁ 4 . 6 3 % ▁H , ▁ 2 7 . 9 5 % ▁N . 

 * 5 - \[ ( 4"
boy,343,"qu bit ▁density ▁matrix ▁$\ varrho $. ▁$ U _{\ mathcal { H }' }$ ▁is ▁decomposed ▁to ▁single ▁qubit ▁gates ; ▁here ▁$\ displaystyle 
 U =( 1 /\ sqrt { 2 })(\ mathbb m { 1 }_{ 2 }+ i \ sigma _{ y })$. ▁[] { data - label ="" Fig 3 "" }] ( figure 3 . eps ){ width ="" 8 . 5 cm ""} 

 Note ▁that ▁the ▁network ▁can ▁also ▁be ▁regarded ▁as ▁a ▁one ▁measuring ▁purity ▁of ▁a ▁state ▁as ▁${\ mathrm { Tr }}(\ varrho ▁^{ T _{ B }}) ^ 2 ={\ mathrm { Tr }}\ varrho ▁^ 2 $. ▁Note ▁that ▁the ▁this ▁network ▁is ▁not ▁optimal ▁since ▁an ▁alternative ▁network ▁[@ Estimator ] ▁measuring ▁${\"
son,2497,"▁adults ▁ 2 5 - 5 4 ▁and ▁ 1 8 - 4 9 ▁for ▁the ▁night ,"" ▁the ▁network ▁said ▁in ▁a ▁statement . 

 This ▁season ▁is ▁poised ▁to ▁explore ▁some ▁family ▁problems ▁within ▁the ▁large ▁Chapman ▁family ▁— ▁daughter ▁"" Baby "" ▁Ly ssa ▁Chapman ' s ▁March ▁arrest ▁will ▁air ▁on ▁an ▁episode , ▁as ▁will ▁tensions ▁between ▁Chapman ▁and ▁his ▁oldest ▁son , ▁Duane ▁Lee . 

 "" I ▁love ▁you , ▁dad . ▁This ▁is ▁Travis . ▁I ▁want ▁to ▁go ▁home . ▁I ▁don ' t ▁like ▁it ▁here ,"" ▁the ▁boy ▁told ▁his ▁father ▁also ▁named ▁Travis . ▁They ▁gained ▁custody ▁after ▁an ▁audio ▁recording ▁surfaced ▁that ▁allegedly ▁showed ▁the ▁father ▁beating ▁the ▁child ▁with ▁a ▁belt . 

"
son,2497,". ▁How ▁fast ▁they ▁age ▁is ▁unknown ▁what ▁they ▁do . ▁Of ▁course , ▁the ▁Dru ids ▁were ▁occ ul tic ▁priests , ▁practiced ▁astrology , ▁and ▁runes . ▁He ' s ▁up ▁there ▁on ▁stage ▁when ▁she ▁was ▁definitely ▁one ▁of ▁the ▁press ▁releases . ▁Full - F led ged ▁Mage ▁Came lot ▁Tele port ▁time . ▁Nevertheless , ▁as ▁the ▁smell ▁can ▁be ▁found ▁anytime ▁soon . ▁Is ▁there ▁anyone ▁else ▁you ▁know ▁the ▁reason ▁that ▁she ▁was ▁propelled ▁up ▁to ▁their ▁very ▁personal ▁and ▁more ▁importantly ▁our ▁son , ▁are ▁big ▁fans ▁of ▁them ▁have ▁split ▁up ▁across ▁the ▁genres ▁because ▁I ▁have ▁NEVER ▁heard ▁of ▁such ▁and ▁such ▁date ▁we ▁are ▁onto ▁something ▁when ▁he ▁was ▁a ▁little ▁research ▁on ▁FF ▁tactics ▁become"
son,2497,"▁— ▁it ▁was ▁disturbing .” 

 Graham ▁did ▁invite ▁DDT ’ s ▁daughter ▁and ▁son - in - law , ▁Ivan ka ▁and ▁Jared , ▁to ▁the ▁funeral . 

 McC ain ’ s ▁death ▁hasn ’ t ▁slowed ▁down ▁Robert ▁Mueller ’ s ▁investigation ▁into ▁Russia ▁and ▁DDT . ▁Paul ▁Mana fort ’ s ▁next ▁trial , ▁postponed ▁for ▁a ▁week ▁until ▁September ▁ 2 4 , ▁follows ▁rumors ▁of ▁a ▁possible ▁plea ▁deal ▁for ▁the ▁second ▁set ▁of ▁charges ▁before ▁he ▁was ▁convicted ▁last ▁week , ▁but ▁the ▁two ▁sides ▁couldn ’ t ▁work ▁out ▁a ▁deal . ▁Mueller ▁has ▁also ▁received ▁more ▁time ▁to ▁decide ▁whether ▁to ▁retry ▁Mana fort ▁on ▁the ▁ten ▁charges ▁from ▁the ▁last ▁trial ▁after ▁one ▁person ▁created ▁a ▁hung"
son,2497,"▁height ▁--- ▁a ▁football ▁player ▁who ▁had ▁had ▁some ▁"" mixed ▁martial ▁arts "" ▁training , ▁in ▁his ▁own ▁website ▁flipping - off ▁the ▁viewer , ▁smoking ▁marijuana , ▁and ▁holding ▁a ▁sem ia uto matic ▁handgun ▁--- ▁I ▁guess ▁Oh B ummer ▁would ▁have ▁to ▁call ▁that ▁“ an ▁assault ▁weapon ,” ▁ay ? ▁He ' d ▁twice ▁been ▁suspended ▁from ▁school , ▁had ▁been ▁found ▁in ▁possession ▁of ▁stolen ▁property , ▁started ▁fights ▁with ▁other ▁people , ▁was ▁a ▁dope head , ▁and ▁gave ▁the ▁impression ▁that ▁he ▁was ▁also ▁a ▁dope ▁dealer . 

 Tray von ▁Martin ▁was ▁a ▁cheap ▁thug , ▁and ▁it ▁makes ▁perfect ▁sense ▁for ▁Barak ▁Hush puppy ▁Oh B ummer ▁to ▁say ▁that ▁if ▁he ' d ▁had ▁a ▁son"
son,2497,"▁of ▁six ▁people ▁Rod ger ▁killed ▁one ▁week ▁earlier . ▁She ▁said ▁the ▁infraction ▁was ▁minor ▁enough ▁to ▁be ▁out weighed ▁by ▁the ▁healing ▁benefit ▁to ▁Hong ' s ▁San ▁Jose ▁family . 

 "" It ' s ▁in ▁the ▁best ▁interest ▁of ▁justice ,"" ▁Dudley ▁said . ▁"" It ' s ▁so ▁small . ▁I ▁believe ▁it ' s ▁important ▁to ▁the ▁Hong s ▁that ▁their ▁son ▁has ▁no ▁criminal ▁history ▁whatsoever . ▁It ' s ▁the ▁right ▁thing ▁to ▁do ."" 

 Elliot ▁Rod ger , ▁James ▁Hong 

 That ' s ▁in ▁line ▁with ▁the ▁feelings ▁of ▁the ▁family , ▁which ▁described ▁the ▁theft ▁claim ▁as ▁over blown . ▁It ▁gained ▁a ▁wide ▁profile ▁when ▁in ▁the ▁wake ▁of ▁the ▁killings , ▁the ▁Santa"
son,2497,"▁of ▁six ▁people ▁Rod ger ▁killed ▁one ▁week ▁earlier . ▁She ▁said ▁the ▁infraction ▁was ▁minor ▁enough ▁to ▁be ▁out weighed ▁by ▁the ▁healing ▁benefit ▁to ▁Hong ' s ▁San ▁Jose ▁family . 

 "" It ' s ▁in ▁the ▁best ▁interest ▁of ▁justice ,"" ▁Dudley ▁said . ▁"" It ' s ▁so ▁small . ▁I ▁believe ▁it ' s ▁important ▁to ▁the ▁Hong s ▁that ▁their ▁son ▁has ▁no ▁criminal ▁history ▁whatsoever . ▁It ' s ▁the ▁right ▁thing ▁to ▁do ."" 

 Elliot ▁Rod ger , ▁James ▁Hong 

 That ' s ▁in ▁line ▁with ▁the ▁feelings ▁of ▁the ▁family , ▁which ▁described ▁the ▁theft ▁claim ▁as ▁over blown . ▁It ▁gained ▁a ▁wide ▁profile ▁when ▁in ▁the ▁wake ▁of ▁the ▁killings , ▁the ▁Santa"
son,2497,". ▁Adams , ▁my ▁high ▁school ▁Biology ▁teacher , ▁not ▁to ▁be ▁found ▁riding ▁the ▁elephant ▁in ▁the ▁rotu nda ▁at ▁the ▁Natural ▁History ▁Museum ▁before ▁getting ▁off ▁the ▁bus ▁for ▁our ▁field ▁trip . 

 I ▁was 
 asked ▁for ▁my ▁contact ▁information ▁because ▁the ▁little ▁boy ▁in ▁my ▁grocery ▁cart 
 looked ▁so ▁well ▁cared ▁for , ▁was ▁I ▁available ▁then ▁to ▁nanny ▁for ▁[ her ] ▁family ? ▁“ He ’ s ▁my ▁son ,” ▁I ▁said ▁quietly ▁and ▁placed ▁the 
 packages ▁wooden ly ▁on ▁the ▁belt . ▁“ He ’ s ▁my 
 son ▁and ▁I ▁teach ▁in ▁the ▁English ▁Department ▁at ▁----- ▁College .” 

 My ▁father 
 had ▁full ▁cans ▁of ▁soda ▁thrown ▁at ▁him ▁during ▁his ▁lunch ▁walks ▁in"
son,2497,"▁crown . ▁Miss ▁New ▁York ▁… ▁Read ▁More 

 One ▁response ▁to ▁“ Why ▁I ▁Love ▁Miss ▁NY !” 

 reading ▁things ▁like ▁this ▁makes ▁me ▁want ▁to ▁scream ▁with ▁joy . ▁I ▁wish ▁my ▁son ▁would ▁never ▁have ▁to ▁see ▁discrimination ▁against ▁anyone . ▁Men , ▁women , ▁lesbians , ▁gays , ▁stra ights , ▁transgender , ▁nursing ▁mothers , ▁handicap ▁people , ▁children , ▁adults . <bos> Q : 

 Formula ▁to ▁combine ▁variable ▁and ▁cell ▁references 

 I ▁have ▁been ▁looking ▁for ▁hours ▁for ▁a ▁solution ▁but ▁couldn ' t ▁find ▁any . ▁I ▁am ▁an ▁absolute ▁beginner ▁in ▁VBA ▁and ▁couldn ' t ▁figure ▁this ▁out ▁for ▁myself . ▁The ▁thing ▁I ▁would ▁like ▁to ▁do ▁is ▁that ▁VBA ▁enters ▁in ▁a ▁cell"
son,2497,▁you ▁my ▁own ▁son ▁who ▁is ▁of ▁same ▁age ▁just ▁comes ▁and ▁stands ▁before ▁me . ▁I ▁have ▁same ▁sentiments ▁for ▁your ▁brother ▁who ▁is ▁not ▁seen ▁here ▁but ▁I ▁have ▁same ▁feeling ▁for ▁him ▁too . ▁Your ▁Mom ▁who ▁is ▁also ▁no ▁more ▁with ▁you ▁here ▁but ▁she ▁is ▁with ▁you ▁both ▁in ▁heaven ▁I ▁have ▁same ▁sentiments ▁for ▁her ▁as ▁well . ▁Today ▁all ▁day ▁long ▁and ▁to ▁night ▁I ▁have ▁lost ▁no ▁moment ▁to ▁forget ▁what ▁happened ▁with ▁you . ▁You ▁made ▁me ▁speechless ▁like ▁million ▁of ▁people . ▁I ▁am ▁unable ▁to ▁share ▁your ▁picture ▁of ▁with ▁my ▁wife ´ - or - child ▁who ▁is ▁of ▁your ▁same ▁age . ▁I ▁am ▁sure ▁my ▁wife ▁will ▁be ▁half ▁dead ▁if ▁she ▁sees
son,2497,"▁my ▁knee ."" ▁He ▁said , ▁"" I ▁had ▁my ▁son ▁sitting ▁on ▁one ▁lap ▁and ▁had ▁"" Teresa "" ▁over ▁here ▁to ▁get ▁her ▁up ▁on ▁the ▁other ▁leg ▁and ▁give ▁them ▁a ▁ride . ▁She ▁didn ' t ▁want ▁to ▁get ▁up ▁at ▁one ▁time , ▁so ▁I ▁didn ' t ▁force ▁her ."" ▁Mrs . ▁Wil cy ns ky ▁came ▁out ▁and ▁brought ▁some ▁cold ▁drinks ▁for ▁all ▁the ▁children . ▁He ▁had ▁a ▁conversation ▁with ▁Mrs . ▁Wil cy nski ▁and ▁asked ▁one ▁of ▁the ▁men ▁he ▁knew ▁about ▁her . ▁He ▁said ▁he ▁left ▁the ▁apartments ▁about ▁ 5 : 0 0 ▁P . M ., ▁which ▁was ▁earlier ▁than ▁some ▁of ▁the ▁witnesses ▁for ▁the ▁State ▁said ▁he ▁left . 
"
son,2497,"1 6 . ▁I ▁don ’ t ▁know ▁when ▁they ▁[ Joseph ▁and ▁Deborah ] ▁were ▁married ▁but ▁probably ▁about ▁ 1 8 3 8 ▁for ▁their ▁oldest ▁son ▁was ▁born ▁about ▁ 1 8 4 0 . ▁That ▁was ▁Uncle ▁Henry . 

 Joseph ▁and ▁Deborah ▁had ▁three ▁children ▁together ▁before ▁she ▁died ▁about ▁ 1 8 5 4 . ▁Joseph ▁married ▁for ▁the ▁third ▁time ▁on ▁November ▁ 1 1 , ▁ 1 8 6 0 ▁to ▁a ▁widow , ▁Mah ala ▁Harper ▁Shelton ▁of ▁Jackson ▁County . ▁The ▁ 1 8 6 0 ▁census ▁list ▁Joseph ▁as ▁age ▁sixty ▁seven ▁with ▁personal ▁property ▁worth ▁$ 1 5 0 0 ▁and ▁real ▁estate ▁worth ▁$ 1 5 0 0 . ▁While ▁he ▁was ▁not ▁a"
son,2497,"s ▁hand ▁by ▁forming ▁meld s ▁and ▁eliminating ▁dead wood . ▁Gin ▁r ummy ▁was ▁invented ▁by ▁El wood ▁T . ▁Baker ▁and ▁his ▁son , ▁C . ▁Graham ▁Baker ▁in ▁ 1 9 0 9 . 1 9 1 0 ▁Headset ▁A ▁headset ▁is ▁a ▁headphone ▁combined ▁with ▁a ▁microphone . ▁Head sets ▁provide ▁the ▁equivalent ▁functionality ▁of ▁a ▁telephone ▁handset ▁with ▁hands - free ▁operation . ▁They ▁are ▁used ▁in ▁call ▁centers ▁and ▁by ▁people ▁in ▁telephone - intensive ▁jobs . ▁The ▁first - ever ▁headset ▁was ▁invented ▁in ▁ 1 9 1 0 , ▁by ▁a ▁Stanford ▁University ▁student ▁named ▁Nathaniel ▁Baldwin . 1 9 1 1 ▁Fifth ▁wheel ▁coupling ▁The ▁fifth ▁wheel ▁coupling ▁provides ▁a ▁piv oting ▁link ▁between ▁a ▁semi - trailer"
son,2497,", ▁and ▁basketball ▁and ▁baseball ▁teams ▁and ▁cheer leading ▁squads ▁... ▁The ▁district ▁wants ▁to ▁throw ▁them ▁into ▁a ▁one - size - fits - all ▁environment , ▁and ▁that ▁would ▁be ▁a ▁tra vest y ▁if ▁this ▁happens ."" 

 Advertisement 

 Michael ▁is ▁now ▁enrolled ▁at ▁Leich man ▁Special ▁Education ▁Center ▁in ▁Res eda , ▁which ▁under ▁the ▁district ' s ▁plan ▁will ▁begin ▁shifting ▁high ▁school ▁students ▁to ▁traditional ▁campuses ▁in ▁ 2 0 1 4 . ▁Ber rios ▁and ▁others ▁demonstrated ▁for ▁about ▁ 9 0 ▁minutes ▁in ▁the ▁sw el tering ▁heat ▁on ▁behalf ▁of ▁their ▁children ▁and ▁those ▁who ▁might ▁lose ▁what ▁they ▁see ▁as ▁the ▁advantages ▁of ▁a ▁protected ▁environment . 

 Tom ▁Williamson ▁of ▁North ▁Hills ▁said ▁his ▁son"
son,2497,"▁most ▁of ▁the ▁world ’ s ▁first ▁modern ists – Wright , ▁Mies , ▁Corbu sier , ▁Saar inen – his ▁elder ▁son ▁and ▁biographer ▁calls ▁him ▁“ the ▁Forest ▁Gump ▁of ▁architecture .” 

 Ralph ▁Rap son : ▁Sixty ▁Years ▁of ▁Modern ▁Design , ▁by ▁Rip ▁Rap son , ▁Jane ▁King ▁H ession ▁and ▁Bruce ▁N . ▁Wright , ▁documents ▁the ▁architect ’ s ▁vast ▁career ▁and ▁uncanny ▁associations . 

 Rap son ▁believed ▁design ▁should ▁be ▁reflect ▁the ▁moment – furniture , ▁houses , ▁cities – but ▁his ▁take ▁on ▁modern ism ▁was ▁never ▁pompous . ▁He ▁perpetuated ▁endless ▁ideas – still ▁fresh – vibr ant ▁drawings ▁and ▁youthful ▁pranks . ▁( He ▁had ▁his ▁students ▁hoist ▁famous ▁visitors ▁upside ▁down , ▁including ▁the ▁stock"
son,2497,"▁on ▁the ▁phone ... ▁hours ▁I ▁will ▁never ▁get ▁back ... ▁talking ▁to ▁people ▁whose ▁accents ▁I ▁struggled ▁to ▁understand , ▁it ▁makes ▁me ▁want ▁to ▁scream . ▁Thinking ▁about ▁all ▁the ▁money ▁we ' ve ▁paid ▁them , ▁for ▁all ▁the ▁aggra vation , ▁doesn ' t ▁make ▁me ▁a ▁happy ▁camper , ▁either . 

 I ▁THINK ▁I ' m ▁up ▁and ▁running , ▁again , ▁for ▁now . ▁We ' ll ▁see ▁how ▁long ▁it ▁lasts . 

 Special ▁thanks ▁to ▁my ▁oldest ▁son , ▁for ▁running ▁telephone ▁interference ▁for ▁me . ▁Hearing ▁the ▁land ▁line ▁ring , ▁music ▁to ▁my ▁ears . ▁Having ▁my ▁internet ▁working , ▁wonderful . ▁Two ▁Ad vil ▁for ▁the ▁headache ... ▁PR IC ELESS ! 

 Just ▁so"
son,2497,"▁on ▁the ▁phone ... ▁hours ▁I ▁will ▁never ▁get ▁back ... ▁talking ▁to ▁people ▁whose ▁accents ▁I ▁struggled ▁to ▁understand , ▁it ▁makes ▁me ▁want ▁to ▁scream . ▁Thinking ▁about ▁all ▁the ▁money ▁we ' ve ▁paid ▁them , ▁for ▁all ▁the ▁aggra vation , ▁doesn ' t ▁make ▁me ▁a ▁happy ▁camper , ▁either . 

 I ▁THINK ▁I ' m ▁up ▁and ▁running , ▁again , ▁for ▁now . ▁We ' ll ▁see ▁how ▁long ▁it ▁lasts . 

 Special ▁thanks ▁to ▁my ▁oldest ▁son , ▁for ▁running ▁telephone ▁interference ▁for ▁me . ▁Hearing ▁the ▁land ▁line ▁ring , ▁music ▁to ▁my ▁ears . ▁Having ▁my ▁internet ▁working , ▁wonderful . ▁Two ▁Ad vil ▁for ▁the ▁headache ... ▁PR IC ELESS ! 

 Just ▁so"
son,2497,"▁higher . 
 The ▁r ungs ▁increase ▁in ▁spacing ▁and ▁number . ▁We ▁forget ▁entirely ▁about ▁bringing ▁the ▁kingdom 
 of ▁heaven ▁here , ▁and ▁we ▁forget ▁what ▁that ▁means . 
 We ▁forget ▁kindness . ▁We ▁forget 
 love . ▁We ▁breed ▁our ▁own ▁terror . 

 My ▁son 
 wrote ▁in ▁his ▁notes ▁about ▁the ▁Boston ▁Massacre , ▁“ In ▁ 1 7 7 0 , ▁a ▁snowball ▁was ▁thrown 
 at ▁a ▁British ▁so lider ▁and ▁he ▁then ▁fired ▁his ▁musket ▁killing ▁ 5 ▁colonists .” ▁Can ▁you ▁imagine ▁an ▁environment ▁of ▁such 
 tension ▁and ▁fear ▁that ▁a ▁simple ▁snowball ▁would ▁result ▁in ▁the ▁spark ▁that ▁began ▁a 
 war ? ▁Because ▁when ▁I ▁see ▁the ▁fear ▁in ▁the 
 eyes ▁of ▁protestors"
son,2497,", ▁from ▁ 1 9 2 0 ▁to ▁ 1 9 6 5 , ▁was ▁a ▁Scottish ▁British ▁Conservative ▁politician . ▁Elected ▁to ▁parliament ▁in ▁ 1 9 2 4 ▁at ▁the ▁age ▁of ▁ 2 1 , ▁he ▁was ▁the ▁first ▁British ▁MP ▁to ▁have ▁been ▁born ▁in ▁the ▁ 2 0 th ▁century . 

 Family 
 War rand ' s ▁father ▁was ▁Hugh ▁Munro ▁War rand ▁( 8 ▁July ▁ 1 8 7 0 ▁– ▁ 1 1 ▁June ▁ 1 9 3 5 , ▁married ▁ 2 4 ▁April ▁ 1 9 0 1 ), ▁Major ▁in ▁the ▁ 3 rd ▁Battalion ▁of ▁the ▁Queen ' s ▁Own ▁Cameron ▁Highlanders , ▁and ▁son ▁of ▁Alexander ▁John ▁Cru iks hank ▁War rand ▁of ▁Bu"
son,2497,"▁with ▁nearby ▁traditional ▁schools , ▁a ▁move ▁that ▁will ▁affect ▁about ▁ 3 0 0 ▁disabled ▁youngsters ▁when ▁school ▁starts ▁next ▁month . ▁Opp onents ▁of ▁the ▁plan ▁say ▁the ▁district ▁will ▁be ▁segreg ating ▁rather ▁than ▁integrating ▁their ▁kids ▁by ▁putting ▁them ▁in ▁unsafe ▁situations ▁and ▁setting ▁them ▁up ▁for ▁teasing ▁or ▁bullying . ▁They ▁say ▁they ▁want ▁it ▁to ▁be ▁their ▁choice , ▁not ▁the ▁district ' s , ▁to ▁transfer ▁their ▁kids ▁to ▁a ▁traditional ▁campus . 

 "" They ▁are ▁celebrated ▁at ▁special - education ▁centers ▁for ▁their ▁abilities , ▁not ▁their ▁in abilities ,"" ▁said ▁Rhonda ▁Ber rios ▁of ▁West ▁Hills , ▁whose ▁ 1 9 - year - old ▁son , ▁Michael , ▁is ▁profoundly ▁autistic . ▁"" They ▁have ▁dances"
son,2497,"▁be ▁my ▁first . ▁I ▁held ▁my ▁son ▁and ▁put ▁him ▁on ▁my ▁chest . ▁I ▁couldn ’ t ▁stop ▁looking ▁at ▁him ▁in ▁awe . ▁He ▁was ▁so ▁beautiful ▁to ▁me ▁and ▁I ▁felt ▁overwhelmed ▁with ▁love ▁and ▁joy . 

 When ▁the ▁umbilical ▁cord ▁finally ▁stopped ▁puls ating , ▁which ▁happened ▁surprisingly ▁quick , ▁my ▁husband ▁carefully ▁sni pped ▁it . ▁At ▁this ▁point , ▁I ’ m ▁glad ▁my ▁husband ▁didn ’ t ▁pass ▁out . ▁I ▁always ▁joked ▁that ▁he ▁would ▁get ▁que asy ▁and ▁faint , ▁but ▁my ▁husband ▁did ▁amazing ! 

 While ▁holding ▁my ▁son , ▁I ▁had ▁to ▁deliver ▁my ▁placenta ▁which ▁did ▁not ▁hurt ▁at ▁all . ▁In ▁fact , ▁I ▁couldn ’ t ▁even ▁feel ▁much ▁down"
son,2497,"▁is ▁the ▁case ▁with ▁the ▁petition ▁before ▁us . ▁Petitioner 
 Jose ▁Francisco ▁T ineo ▁was ▁born ▁in ▁the ▁Dominican ▁Republic ▁to 
 un wed ▁non citizen ▁parents ▁who ▁never ▁married . ▁His ▁father 
 moved ▁to ▁the ▁United ▁States ▁and ▁natural ized . ▁His ▁non citizen 
 mother ▁soon ▁after ▁passed ▁away . ▁At ▁the ▁time , ▁under ▁the ▁law ▁of 
 either ▁his ▁or ▁his ▁father ’ s ▁residence ▁or ▁domicile — the ▁Dominican 
 Republic ▁and ▁New ▁York — leg iti mation ▁could ▁only ▁occur ▁if ▁his 
 birth ▁parents ▁married . ▁So ▁T ineo ’ s ▁father ▁was ▁forever ▁precluded 
 from ▁having ▁his ▁son ▁derive ▁citizenship ▁through ▁him , ▁despite 
 being ▁a ▁citizen ▁and ▁having ▁cared ▁for ▁his ▁son ▁until ▁the"
son,2497,", ▁( breast ▁milk ) ▁which ▁he ▁shared ▁with ▁me , ▁( ref lux ) ▁several ▁times . ▁He ' s ▁very ▁generous ▁that ▁way . ▁I ▁tried ▁to ▁convince ▁him ▁I ▁didn ' t ▁need ▁it , ▁to ▁keep ▁it ▁for ▁himself . ▁No ▁way , ▁he ▁insisted ▁on ▁sharing . ▁Shares ▁with ▁anyone ▁close . ▁He ▁shared ▁a ▁couple ▁of ▁other ▁things , ▁too , ▁I ' ll ▁spare ▁you ▁the ▁details , ▁but ... ▁I ▁swear ▁I ▁was ▁careful ▁and ▁didn ' t ▁pinch ▁ANYTHING . A ▁little ▁later , ▁with ▁bel lies ▁full , ▁my ▁mother ▁in ▁law ▁and ▁I , ▁opened ▁our ▁cards . ▁My ▁youngest ▁son , ▁the ▁ever ▁witty , ▁thoughtful , ▁ingenious ▁person ▁he ▁is , ▁handed ▁me ▁a"
son,2497,"di , ▁their ▁mother ▁Re han ▁Kur di ▁and ▁their ▁loved - ones . 

 Time : ▁ 4 ▁September ▁ 2 0 1 5 ▁at 

 8 ▁PM ▁CET 7 ▁GMT 2 ▁PM ▁ET 1 0 ▁PM ▁Kob ane ▁time 

 DI ▁Media ▁Committee ▁said ▁the ▁decision ▁to ▁organise ▁a ▁moment ▁of ▁silence ´ - or - prayer ▁was ▁taken ▁after ▁requests ▁poured ▁in ▁to ▁DI ▁President , ▁Dr ▁W idad ▁Ak raw i , ▁on ▁twitter ▁and ▁other ▁social ▁networks . 

 What ▁can ▁be ▁said Words ▁disappear ▁as ▁pain ▁and ▁grief ▁take ▁hold Tears ▁come ▁rushing ▁and ▁there ▁is ▁no ▁solace 

 What ▁has ▁become ▁of ▁us We ▁have ▁become ▁blind ▁to ▁the ▁fact ▁that ▁Ay lan ▁was ▁our ▁son Millions ▁of ▁children ▁and"
son,2497,"▁got ▁out ▁of ▁the ▁Kia ▁and ▁knocked ▁on ▁[ the ▁victim ] ’ s ▁front ▁door . 
 ▁▁▁▁▁▁▁ As ▁[ the ▁victim ] ▁opened ▁the ▁door , ▁Hy nson ▁asked , ▁“ Are ▁you ▁Omar ?” 
 ▁▁▁▁▁▁▁ and ▁then ▁shot ▁[ the ▁victim ] ▁six ▁times . ▁Shell ▁cas ings ▁were ▁ejected 
 ▁▁▁▁▁▁▁ from ▁Hy nson ’ s ▁pistol ▁and ▁left ▁at ▁the ▁murder ▁scene . ▁[ The ▁victim ] 
 ▁▁▁▁▁▁▁ collapsed ▁and ▁died ▁on ▁top ▁of ▁his ▁five - year - old ▁son , ▁who ▁had ▁been 
 ▁▁▁▁▁▁▁ on ▁the ▁living ▁room ▁floor ▁near ▁the ▁front ▁door . ▁After ▁the ▁shooting , 
 ▁▁▁▁▁▁▁ [ Appellant ] ▁gest ured ▁to ▁Hy nson , ▁from ▁inside ▁the ▁Kia , ▁to ▁“ hur"
son,2497,"▁' liber ating ' ▁Germans ▁from ▁Danish ▁rule , ▁and ▁by ▁implementing ▁the ▁law ▁of ▁the ▁German ▁Confederation . 

 After ▁the ▁renunciation ▁by ▁the ▁emperor ▁of ▁Russia ▁and ▁others ▁of ▁their ▁eventual ▁rights , ▁Charlotte , ▁Land gra vine ▁of ▁Hesse , ▁sister ▁of ▁Christian ▁VIII , ▁and ▁her ▁son ▁Prince ▁Frederick ▁transferred ▁their ▁rights ▁to ▁the ▁latter ' s ▁sister ▁Louise , ▁who ▁in ▁her ▁turn ▁transferred ▁them ▁to ▁her ▁husband ▁Prince ▁Christian ▁of ▁Gl ücks burg . 

 On ▁May ▁ 8 , ▁ 1 8 5 2 , ▁this ▁arrangement ▁received ▁international ▁sanction ▁by ▁the ▁protocol ▁signed ▁in ▁London ▁by ▁the ▁five ▁great ▁powers ▁and ▁Norway ▁and ▁Sweden . 

 On ▁July ▁ 3 1 , ▁ 1 8 5 3 , ▁Frederick"
son,2497,", ▁that ▁his ▁son ▁would ▁look ▁like ▁and ▁be ▁like ▁Tray von ▁Martin , ▁although , ▁arguably , ▁that ▁son ▁would ▁look ▁more ▁like ▁Tray von ▁Martin ' s ▁ally , ▁Rachel ▁Je antel , ▁who ▁has ▁good ▁reason ▁to ▁wear ▁a ▁hoodie , ▁and ▁probably ▁also ▁a ▁very ▁large ▁trash bag , ▁all ▁things ▁considered . 

 So ▁let ▁Barak ▁Hush puppy ▁Oh B ummer ▁and ▁Eric ▁"" Fast ▁and ▁Furious "" ▁Holder ▁don ▁their ▁hoodies ▁--- ▁their ▁version ▁of ▁the ▁racist ▁K KK ▁pointy - headed ▁white ▁sheets ▁--- ▁and ▁let ▁them ▁pursue ▁their ▁black ▁racist ▁witch ▁hunt ▁and ▁their ▁campaign ▁of ▁character ▁assassination ▁against ▁George ▁Zimmerman . 

 I ▁say ▁that ▁the ▁majority ▁of ▁the ▁American ▁people ▁see ▁Oh B ummer ▁and ▁Holder ▁---"
son,2497,"▁established ▁around ▁year ▁ 9 0 0 ▁by ▁the ▁Viking ▁chieftain ▁Olaf ▁from ▁Sve aland . ▁Olaf ' s ▁son ▁and ▁successor ▁G nu pa ▁was ▁however ▁killed ▁in ▁battle ▁against ▁the ▁Danish ▁king , ▁and ▁his ▁kingdom ▁vanished . 

 The ▁southern ▁border ▁was ▁then ▁adjusted ▁back ▁and ▁forth ▁a ▁few ▁times . ▁For ▁instance , ▁the ▁Holy ▁Roman ▁Emperor ▁Otto ▁II ▁occupied ▁the ▁region ▁between ▁the ▁river ▁E ider ▁and ▁the ▁inlet ▁Sch lei ▁in ▁the ▁years ▁ 9 7 4 – 9 8 3 , ▁called ▁the ▁March ▁of ▁Schleswig , ▁and ▁stimulating ▁German ▁colon isation . ▁Later ▁Ha ith abu ▁was ▁burned ▁by ▁Swedes , ▁and ▁first ▁under ▁the ▁reign ▁of ▁King ▁Swe yn ▁Fork beard ▁( S vend ▁T ves k æg"
son,2497,"j , ▁attacked ▁and ▁killed ▁al - Kir mani . ▁Cal mer ▁heads ▁prevailed ▁for ▁the ▁moment , ▁the ▁two ▁sides ▁were ▁able ▁to ▁tentatively ▁settle ▁their ▁differences , ▁and ▁Nas r ▁re - occupied ▁his ▁seat ▁in ▁Mar v . ▁Ten sions ▁however ▁remained ▁and ▁Abu ▁Muslim ▁soon ▁managed ▁to ▁persuade ▁al - Kir mani ' s ▁son ▁and ▁successor ▁Ali ▁that ▁Nas r ▁had ▁been ▁involved ▁in ▁his ▁father ' s ▁murder . ▁As ▁a ▁result , ▁both ▁Ali ▁al - Kir mani ▁and ▁Nas r ▁separately ▁appealed ▁▁ for ▁aid ▁against ▁each ▁other ▁to ▁Abu ▁Muslim , ▁who ▁now ▁held ▁the ▁balance ▁of ▁power . ▁The ▁latter ▁eventually ▁chose ▁to ▁support ▁al - Kir mani . ▁On ▁ 1 4 ▁February ▁ 7 4"
son,2497,"- race ▁at ▁Op hel tes ' ▁funeral ▁games ▁in ▁Ne mea . ▁Dy mas ▁was ▁wounded ▁in ▁battle ▁and ▁killed ▁himself ▁when ▁the ▁enemy ▁started ▁questioning ▁him . 
 ▁Dy mas , ▁a ▁Dorian ▁and ▁the ▁ancestor ▁of ▁the ▁Dy manes . ▁His ▁father , ▁A eg im ius , ▁adopted ▁Her acles ' ▁son , ▁Hy llas . ▁Dy mas ▁and ▁his ▁brother , ▁Pamph ylus , ▁submitted ▁to ▁Hy llas . 
 ▁Dy mas , ▁king ▁of ▁Phry gia ▁and ▁father ▁of ▁Hec uba . 
 ▁Dy mas , ▁perhaps ▁the ▁same ▁as ▁the ▁first . ▁According ▁to ▁Quint us ▁Smyrna eus ▁this ▁Dy mas ▁was ▁the ▁father ▁of ▁Me ges , ▁a ▁Trojan ▁whose ▁sons ▁fought ▁at ▁Troy . 
 ▁Dy mas ,"
son,2497,"
 Dropped ▁off ▁here ▁at ▁the ▁farm ▁long ▁ago , 
 she ▁has ▁always ▁been ▁a ▁farm ▁dog , 
 making ▁her ▁rounds , 
 keeping ▁a ▁keen ▁nose ▁to ▁the ▁slightest 
 change ▁in ▁the ▁air 
 and ▁barking ▁at ▁whatever ▁she ▁felt ▁needed 
 f ending ▁off . 
 In ▁winter , ▁she ▁and ▁her ▁son ▁Joe , 
 kept ▁each ▁other ▁company , 
 cur ling ▁up ▁in ▁the ▁hay ▁in ▁the ▁barn . 
 But ▁Joe ▁died ▁in ▁the ▁fall 
 and ▁Maize y , ▁a ▁good ▁ 1 5 ▁years ▁old , 
 shi vers ▁now 
 alone . 
 It ▁has ▁taken ▁gentle ▁pushing 
 to ▁get ▁her ▁to ▁cross ▁over ▁the ▁doorstep 
 and ▁come ▁inside . 
 Temperature ▁tonight"
son,2497,"▁a ▁game ▁but ▁fishing ▁is ▁serious !” 

 TRIP ▁ADVIS OR 

 Plan ▁Your ▁Trip ! 

 AJ ▁and ▁Earl ▁were ▁excellent . ▁My ▁son ▁and ▁I ▁did ▁a ▁half ▁day ▁deep ▁sea ▁trip ▁and ▁though ▁the ▁fish ▁weren ’ t ▁too ▁cooperative , ▁they ▁did ▁everything ▁to ▁try ▁to ▁get ▁something ▁to ▁bite . ▁Very ▁knowledgeable ▁about ▁the ▁waters ▁and ▁my ▁son ▁was ▁able ▁to ▁land ▁a ▁nice ▁bar racuda . ▁The ▁next ▁day ▁my ▁wife , ▁daughter , ▁son ▁[…] 

 When ▁we ▁arrived ▁the ▁crew ▁made ▁us ▁feel ▁right ▁at ▁home . ▁They ▁made ▁us ▁feel ▁comfortable ▁and ▁answered ▁all ▁questions . ▁The ▁crew ▁worked ▁hard ▁all ▁day ▁to ▁put ▁us ▁on ▁fish . ▁We ▁were ▁successful ▁in ▁landing ▁a ▁nice ▁size ▁Wa hoo"
son,2497,"▁series . ▁Vo iced ▁by ▁. 
 ▁▁ is ▁the ▁Da ika an ▁of ▁▁ in ▁the ▁Norma ▁System , ▁serving ▁as ▁the ▁principal ▁of ▁a ▁J ark ▁Matter ▁school ▁which ▁brain was hes ▁the ▁galaxy ' s ▁prodig ies ▁into ▁becoming ▁J ark ▁Matter ▁members . ▁The ▁Ky ur angers ▁infiltrated ▁the ▁school , ▁K ouch ou ▁Ind aver ▁attacked ▁them ▁after ▁they ▁defeated ▁his ▁wife ▁▁ serving ▁as ▁the ▁vice ▁principal ▁of ▁the ▁school , ▁and ▁their ▁son ▁, ▁serving ▁as ▁the ▁student ▁council ▁president ▁of ▁the ▁school . ▁K ouch ou ▁Ind aver ▁is ▁killed ▁when ▁his ▁Mor im ers ▁Robo ▁is ▁destroyed ▁by ▁Ky ure noh ▁( 0 1 - 0 6 - 0 7 - 0 9 - 1 1 ). ▁This"
son,2497,"▁a ▁recent ▁case ▁which ▁was ▁decided ▁since ▁this ▁topic ▁was ▁last ▁considered ▁in ▁these ▁articles ▁in ▁ 2 0 1 5 . ▁This ▁month ▁we ▁consider ▁this ▁case ▁in ▁more ▁detail ▁and ▁we ▁will ▁also ▁set ▁out ▁the ▁key ▁rules ▁on ▁what ▁the ▁rights ▁of ▁beneficiaries ▁and ▁corresponding ▁obligations ▁of ▁trustees ▁are ▁in ▁this ▁respect . 

 The ▁right ▁to ▁see ▁trust ▁accounts 

 The ▁case ▁in ▁question ▁was ▁RN LI ▁and ▁others ▁v ▁Head ley ▁and ▁McC ole ▁[ 2 0 1 6 ] ▁E WH C ▁ 1 9 4 8 ▁( Ch ). 

 The ▁facts ▁of ▁the ▁case 

 Mrs ▁Farmer ▁died ▁in ▁ 1 9 9 6 ▁and ▁her ▁Will ▁created ▁two ▁life ▁interests ▁for ▁adult ▁beneficiaries ▁– ▁her ▁son ▁and ▁daughter"
son,2497,"▁its ▁virtual ▁independence . 

 This ▁was ▁the ▁time ▁when ▁almost ▁all ▁of ▁Denmark ▁came ▁under ▁the ▁supremacy ▁of ▁the ▁Counts ▁of ▁Holstein , ▁who ▁possessed ▁different ▁parts ▁of ▁Denmark ▁as ▁pawns ▁for ▁their ▁credits . ▁King ▁Val demar ▁IV ▁( At ter dag ) ▁started ▁to ▁regain ▁the ▁kingdom ▁part ▁by ▁part , ▁and ▁married ▁his ▁rival ' s ▁sister ▁Hed vig ▁of ▁Schleswig , ▁the ▁only ▁daughter ▁of ▁Eric ▁II , ▁Duke ▁of ▁Schleswig . ▁Duke ▁Val demar ▁V ▁of ▁S les vig ' s ▁son , ▁Henry , ▁was ▁in ▁ 1 3 6 4 ▁nominally ▁ent fe off ed ▁with ▁the ▁D uchy , ▁although ▁he ▁never ▁reached ▁to ▁regain ▁more ▁than ▁the ▁northern most ▁parts ▁as ▁he ▁couldn ' t ▁raise ▁the"
son,2497,"▁defendant , ▁he ▁and ▁his ▁son ▁spent ▁most ▁of ▁Sunday ▁morning ▁and ▁afternoon ▁at ▁the ▁Byrd ▁Apartments , ▁where ▁he ▁went ▁to ▁visit ▁Captain ▁Dort ch , ▁who ▁asked ▁him ▁to ▁stay ▁over ▁for ▁the ▁cook out . ▁Except ▁in ▁the ▁respect ▁that ▁he ▁claimed ▁that ▁he ▁was ▁not ▁as ▁im mod est ▁and ▁ext rover tive ▁in ▁his ▁behaviour ▁as ▁some ▁of ▁the ▁testimony ▁for ▁the ▁State ▁indicated , ▁there ▁was ▁no ▁substantial ▁conflict ▁between ▁his ▁testimony ▁and ▁that ▁of ▁witnesses ▁for ▁the ▁State . ▁He ▁said ▁that ▁his ▁son , ▁Christopher , ▁played ▁with ▁"" Ther ese ,"" ▁the ▁victim ' s ▁daughter . ▁After ▁some ▁time ▁he ▁went ▁outside ▁and ▁played ▁with ▁them ▁and ▁other ▁children . ▁He ▁gave ▁them ▁"" pony ▁rides ▁on"
son,2497,"▁in ▁it : 

 John ▁Car ru thers ▁Stan ly — born ▁a ▁slave ▁in ▁Craven ▁County , ▁N . C ., ▁the ▁son ▁of ▁an ▁Igbo ▁mother ▁and ▁her ▁master , ▁John ▁Wright ▁Stan ly — became ▁an ▁extraordinarily ▁successful ▁barber ▁and ▁spec ulator ▁in ▁real ▁estate ▁in ▁New ▁Bern . ▁As ▁Loren ▁Schw ening er ▁points ▁out ▁in ▁Black ▁Property ▁Owners ▁in ▁the ▁South , ▁ 1 7 9 0 - 1 9 1 5 , ▁by ▁the ▁early ▁ 1 8 2 0 s , ▁Stan ly ▁owned ▁three ▁plantations ▁and ▁ 1 6 3 ▁slaves , ▁and ▁even ▁hired ▁three ▁white ▁over seers ▁to ▁manage ▁his ▁property ! ▁He ▁father ed ▁six ▁children ▁with ▁a ▁slave ▁woman ▁named ▁Kitty , ▁and ▁he ▁eventually"
son,2497,"▁and ▁subjected ▁the ▁peasant ▁republic ▁of ▁D ith mars chen , ▁partitioning ▁it ▁into ▁three ▁shares . 

 Similar ▁to ▁the ▁above - mentioned ▁agreement ▁Christian ▁III ' s ▁youngest ▁son ▁John ▁the ▁Younger ▁gained ▁for ▁him ▁and ▁his ▁heirs ▁a ▁share ▁in ▁Holstein ' s ▁and ▁Schleswig ' s ▁revenues ▁in ▁ 1 5 6 4 , ▁seated ▁in ▁Sø nder borg , ▁comprising ▁a ▁third ▁of ▁the ▁royal ▁share , ▁thus ▁a ▁ninth ▁of ▁Holstein ▁and ▁Schleswig ▁in ▁fiscal ▁respect . ▁John ▁the ▁Younger ▁and ▁his ▁heirs , ▁the ▁House ▁of ▁Schleswig - Holstein - Sonder burg ▁( Danish : ▁S les vig - Hol sten - Sø nder borg ), ▁however , ▁had ▁no ▁share ▁in ▁the ▁con domin ial ▁rule , ▁they ▁were"
son,2497,"Tool ▁because ▁defendants ▁believed ▁it ▁would ▁be ▁awkward ▁to ▁retain ▁the ▁O ' Tools ▁after ▁terminating ▁Geoff ▁Pepper . 
 Another ▁possibility , ▁equally ▁supported ▁by ▁the ▁evidence , ▁is ▁that ▁the ▁jury ▁concluded ▁that ▁the ▁O ' Tools ▁were ▁terminated ▁for ▁inadequate ▁job ▁performance ▁but ▁that ▁the ▁assessment ▁of ▁their ▁job ▁performance ▁was ▁not , ▁as ▁required ▁by ▁section ▁ 7 , ▁"" determined ▁by ▁Gen mar ▁Kansas ' ▁President ▁and ▁the ▁President ▁of ▁Gen mar ▁Holdings ."" ▁Specifically , ▁the ▁jury ▁could ▁have ▁concluded ▁that ▁Mr . ▁Pepper ▁was ▁still ▁serving ▁as ▁the ▁president ▁of ▁Gen mar ▁Kansas ▁during ▁the ▁relevant ▁time ▁period ▁and ▁that ▁Mr . ▁Pepper ▁had ▁not ▁determined ▁that ▁his ▁daughter ▁and ▁son - in law ▁were ▁performing ▁inadequ ately . ▁Moreover"
son,2497,"Gly 2 3 8 5 Arg ▁variant . ▁III : 2 ▁Pro band ▁ 4 0 ▁years ▁old , ▁PD ▁onset ▁at ▁ 3 8 ▁years . ▁II : 1 ▁Affected ▁mother ▁of ▁the ▁pro band . ▁PD ▁onset ▁at ▁ 5 5 ▁years . ▁Died ▁at ▁ 5 8 ▁years . ▁Lev odo pa ▁responsive ▁PD . ▁II : 3 ▁affected ▁maternal ▁aunt . ▁ 1 0 ▁years \' ▁history ▁of ▁unilateral ▁right - hand ▁tremor ▁at ▁rest ▁and ▁action . ▁II : 5 ▁Affected ▁maternal ▁aunt , ▁ 5 4 ▁years ▁old . ▁ 1 0 ▁years \' ▁history ▁of ▁positional ▁unilateral ▁tremor . ▁III : 9 ▁son ▁of ▁II : 5 . ▁Right - hand ▁positional ▁tremor . ▁II : 9 ▁Affected ▁maternal ▁aunt"
son,2497,"0 0 ▁meters ▁women ' s ▁relay ▁race ▁along ▁with ▁Merlin ▁K ▁Joseph , ▁Sra bani ▁Nanda ▁and ▁D ute e ▁Chand ▁in ▁the ▁ 2 2 nd ▁Asian ▁Athletics ▁Championships ▁which ▁concluded ▁on ▁July ▁ 9 , ▁ 2 0 1 7 . ▁She ▁was ▁born ▁in ▁Kolkata , ▁West ▁Bengal ▁on ▁ 1 5 ▁March ▁ 1 9 9 5 . 

 Career ▁ 
 She ▁won ▁the ▁silver ▁medal ▁in ▁women ' s ▁ 4 x 1 0 0 m ▁relay ▁race ▁along ▁with ▁N . ▁Shard ha , ▁Son al ▁Cha wla ▁and ▁Priyanka ▁in ▁the ▁National ▁Open ▁athletics ▁championships ▁ 2 0 1 8 ▁▁ where ▁they ▁represented ▁the ▁Indian ▁Railways . 

 Him ash ree ▁Roy ▁timed ▁ 1 1 ."
son,2497,"▁The ▁development ▁of ▁accurate ▁criteria ▁for ▁the ▁son ographic ▁diagnosis ▁of ▁both ▁malignant ▁and ▁benign ▁pro static ▁diseases ▁can ▁be ▁achieved ▁only ▁by ▁such ▁studies . ▁As ▁the ▁possibilities ▁and ▁limitations ▁of ▁trans rectal ▁ultrason ography ▁become ▁apparent ▁from ▁patho logic ▁correlation , ▁the ▁role ▁of ▁ultrasound ▁in ▁the ▁diagnosis ▁of ▁prostate ▁cancer ▁will ▁be ▁placed ▁on ▁a ▁more ▁rational ▁basis . <bos> 1 . ▁Field ▁of ▁the ▁Invention 
 The ▁present ▁invention ▁relates ▁to ▁a ▁video ▁apparatus , ▁and ▁more ▁particularly , ▁to ▁a ▁video ▁apparatus ▁simplifying ▁the ▁checking ▁and ▁adjustment ▁of ▁a ▁specific ▁single ▁module ▁which ▁constitutes ▁the ▁video ▁apparatus . 
 2 . ▁Description ▁of ▁the ▁Related ▁Art 
 In ▁recent ▁years , ▁video ▁appar at uses ▁are ▁manufactured ▁( assembled ) ▁by ▁combining"
son,2497,"▁if ▁need ▁be ▁since ▁my ▁husband ▁hadn ’ t ▁packed ▁nice ▁pants . 

 We ▁crossed ▁paths ▁with ▁the ▁Newly weds ▁several ▁times ▁and ▁always ▁had ▁pleasant ▁conversations ▁and ▁enjoyed ▁learning ▁about ▁their ▁backgrounds . 

 While ▁I ▁was ▁trading ▁introductions ▁with ▁the ▁Newly weds ▁that ▁first ▁time , ▁I ▁was ▁pleasantly ▁surprised ▁to ▁look ▁up ▁at ▁one ▁point ▁and ▁see ▁that ▁Katy ▁Perry ▁had ▁engaged ▁my ▁shy , ▁younger ▁daughter ▁in ▁conversation . 

 Turns ▁out ▁she ▁wasn ’ t ▁a ▁pop ▁singer , ▁but ▁rather ▁a ▁Mank ato ▁State ▁University ▁student ▁who ▁was ▁vacation ing ▁with ▁her ▁dad . ▁She ▁was ▁fun ▁and ▁energetic ▁and ▁often ▁took ▁my ▁daughters ▁under ▁her ▁wing ▁and ▁encouraged ▁them ▁to ▁participate ▁in ▁different ▁activities . ▁We ▁learned ▁this ▁wasn"
son,2497,"▁respectively . ▁Briefly , ▁ 1 0   mg ▁of ▁lipids ▁in ▁chloroform ▁were ▁dried ▁in ▁a ▁vacuum ▁des icc ator ▁and ▁resus pended ▁in ▁hydration ▁buffer ▁( 1 0   mM ▁Tris , ▁ 1 0 0   mM ▁KCl , ▁ 1   mM ▁EDTA ▁pH ▁ 7 . 4 ) ▁containing ▁ 4 0   mM ▁oct yl ▁gluco side . ▁Following ▁mixing ▁and ▁son ication ▁to ▁clarity , ▁K cs A ▁protein ▁was ▁gently ▁added ▁and ▁mixed ▁to ▁give ▁a ▁lipid ▁to ▁K cs A ▁tetra mer ▁molar ▁ratio ▁of ▁ 1 0 0 : 1 . ▁The ▁vesicles ▁were ▁generated ▁by ▁detergent ▁removal ▁using ▁Bio - beads . ▁For ▁NMR ▁studies ▁the ▁vesicles ▁were ▁pelle ted ▁by ▁ultra cent rif ug ation"
son,2497,", ▁ 2 6 6 – 
 6 8 ▁( 1 9 8 3 ), ▁for ▁instance , ▁the ▁Supreme ▁Court ▁upheld ▁a ▁New 
 York ▁law ▁that ▁prevented ▁a ▁biological ▁father ▁from ▁veto ing 
 ▁▁▁▁▁▁▁▁▁▁▁▁▁▁▁▁▁▁▁▁▁▁▁▁▁▁▁▁▁ 5 
  his ▁daughter ’ s ▁adoption ▁by ▁another ▁man . ▁Lehr , ▁in ▁turn , 
 c ites ▁Cab an ▁v . ▁Mohammed , ▁ 4 4 1 ▁U . S . ▁ 3 8 0 , ▁ 3 8 9 ▁( 1 9 7 9 ), ▁a 
 case ▁in ▁which ▁the ▁Supreme ▁Court ▁rejected ▁an ▁earlier 
 version ▁of ▁the ▁same ▁New ▁York ▁statute ▁because ▁it ▁too 
 broad ly ▁assumed ▁that ▁a ▁father ▁always ▁has ▁a ▁lesser ▁bond 
 than ▁a ▁mother . ▁In ▁Cab"
son,2497,"▁September ▁ 1 0 , ▁ 2 0 0 8 

 How ▁to ▁be ▁the ▁most ▁awesome ▁Dad ▁ever 

 To ▁be ▁the ▁most ▁awesome ▁Dad ▁ever , ▁capable ▁of ▁carrying ▁out ▁feats ▁of ▁skill ▁and ▁mastery ▁usually ▁reserved ▁for ▁the ▁likes ▁of ▁the ▁Avatar , ▁James ▁Bond , ▁or ▁the ▁Doctor , ▁requires ▁just ▁a ▁few ▁common ▁ingredients : 

 The ▁locked , ▁most ▁secret ▁diary ▁of ▁a ▁pre - adoles cent ▁daughter ▁( who ▁has ▁lost ▁the ▁key ), 

 The ▁knowledge ▁that ▁all ▁such ▁cheap ▁locks ▁are ▁the ▁same , 

 A ▁set ▁of ▁cheap ▁luggage ▁locks ▁with ▁keys , 

 A ▁frantic ▁pre - adoles cent ▁daughter ▁in ▁possession ▁of ▁# 1 ▁but ▁not ▁# 2 ▁or ▁# 3 , ▁and 

 A"
son,2497,"▁to ▁share ▁Mondays ▁with ▁:) ” 

 Wait ▁— ▁you ▁share ▁Mondays ? ▁So ▁I ▁have ▁to ▁wait ▁ 2 ▁weeks ▁for ▁Jess , ▁and ▁ 2 ▁weeks ▁for ▁Amy ? ▁Gr umble . 

 “ While ▁at ▁BYU , ▁I ▁took ▁the ▁missionary ▁prep ▁class ▁taught ▁by ▁Randy ▁Bott , ▁and ▁of ▁all ▁the ▁many ▁motivational ▁things ▁he ▁said , ▁the ▁single ▁thing ▁I ▁remember ▁from ▁that ▁full ▁semester ▁is ▁when ▁he ▁told ▁the ▁class ▁that ▁he ▁would ▁rather ▁his ▁daughters ▁died ▁than ▁marry ▁outside ▁the ▁temple . ▁” 

 A ▁stupid , ▁bullshit ▁attitude ▁that ’ s ▁unfortunately ▁not ▁uncommon . ▁Or ▁at ▁least , ▁people ▁say ▁it . ▁I ▁don ’ t ▁know ▁if ▁they ’ d ▁_ actually _ ▁prefer ▁a ▁dead ▁child"
son,2497,"▁SON OS ▁transistors ▁ 4 1 b , ▁ 4 2 b ▁is ▁concentrated ▁on ▁the ▁O NO ▁layer . 
 As ▁a ▁result ▁of ▁the ▁intensive ▁electric ▁field ▁concentrated ▁on ▁the ▁O NO ▁layer , ▁holes ▁accumulated ▁on ▁a ▁silicon ▁substrate ▁surface ▁on ▁which ▁the ▁gate ▁electrodes ▁of ▁the ▁SON OS ▁transistors ▁ 4 1 b , ▁ 4 2 b ▁are ▁placed ▁tunnel ▁through ▁the ▁tunnel ▁oxide ▁film ▁of ▁the ▁SON OS ▁transistors ▁ 4 1 b , ▁ 4 2 b , ▁and ▁are ▁trapped ▁in ▁traps ▁which ▁are ▁present ▁in ▁the ▁nit ride ▁film ▁of ▁the ▁SON OS ▁transistors ▁ 4 1 b , ▁ 4 2 b . ▁Then , ▁the ▁electrons ▁which ▁have ▁been ▁trapped ▁in ▁the ▁nit ride ▁films ▁tunnel"
son,2497,"▁& ▁Sons . 

 (). ▁. ▁. 

 Rub in , ▁D .   B . ▁( 1 9 9 8 ). ▁More ▁powerful ▁randomization - based ▁$ p $- values ▁in ▁double - blind ▁trials ▁with ▁non - compliance . ▁* Statistics ▁in ▁Medicine * ▁[ 1 7 ]{ }, ▁ 3 7 1 – 3 8 5 . 

 (). ▁. ▁. 

 Rub in , ▁D .   B . ▁( 2 0 0 4 a ). ▁Direct ▁and ▁indirect ▁causal ▁effects ▁via ▁potential ▁outcomes . ▁* Sc andinavian ▁Journal ▁of ▁Statistics * ▁[ 3 1 ]{ }( 2 ), ▁ 1 6 1 – 1 7 0 . 

 (). ▁. ▁. 

 Sade ghi , ▁K . ▁and ▁S .   La"
son,2497,". ▁In ▁the ▁proto zo an ▁parasite ▁Try pan osoma ▁bru cei ▁we ▁have ▁previously ▁described ▁Tb Centr in 2 , ▁which ▁is ▁present ▁on ▁a ▁bi - lo bed ▁structure , ▁and ▁involved ▁in ▁the ▁duplication ▁and ▁segregation ▁of ▁the ▁Golgi ▁complex . ▁Recently , ▁another ▁centr in , ▁Tb Centr in 4 , ▁was ▁also ▁found ▁at ▁the ▁bi - lobe ▁and ▁has ▁been ▁implicated ▁in ▁organ elle ▁segregation ▁and ▁cytok inesis . ▁We ▁now ▁show ▁that ▁cytok inesis ▁is ▁not ▁inhibited , ▁but ▁that ▁a ▁dys regulation ▁of ▁nuclear ▁and ▁cell ▁division ▁leads ▁to ▁the ▁production ▁of ▁z oids ▁- ▁daughter ▁siblings ▁that ▁contain ▁all ▁organelles ▁except ▁the ▁nucleus . ▁Our ▁results , ▁therefore , ▁suggest ▁that ▁Tb Centr in 4 ▁is ▁involved ▁in"
son,2497,", ▁ 2 2 ▁of ▁the ▁latch ▁circuit ▁ 3 3 . ▁In ▁such ▁a ▁selective ▁program ▁mode , ▁it ▁is ▁important ▁to ▁improve ▁the ▁D WI ▁characteristic ▁and ▁the ▁programming ▁speed . 
 However , ▁it ▁is ▁very ▁difficult ▁to ▁improve ▁the ▁D WI ▁characteristic . ▁Although ▁programming ▁time ▁is ▁prolonged ▁when ▁the ▁selective ▁program ▁mode ▁is ▁conducted ▁by ▁a ▁D WI ▁mechanism , ▁a ▁threshold ▁voltage ▁window ▁( i . e ., ▁a ▁difference ▁between ▁a ▁threshold ▁voltage ▁of ▁a ▁SON OS ▁transistor ▁to ▁be ▁programmed ▁and ▁a ▁threshold ▁voltage ▁of ▁a ▁SON OS ▁transistor ▁in ▁which ▁the ▁D WI ▁phenomenon ▁occurs ) ▁cannot ▁be ▁increased ▁beyond ▁a ▁certain ▁voltage . 
 In ▁addition , ▁since ▁the ▁thickness ▁of ▁the ▁tunnel ▁oxide ▁film ▁of ▁the"
son,2497,"6 0 7 1 4 2 ▁( 1 9 9 6 ) 

 D . ▁R . ▁Nelson , ▁Phys . ▁Rev . ▁Lett . ▁[ ** 6 0 ** ]{ }, ▁ 1 9 7 3 ▁( 1 9 8 8 ); ▁D .   R .   Nelson ▁and ▁V .   M .   Vin ok ur , ▁Phys . ▁Rev . ▁[ ** B 4 8 ** ]{ }, ▁ 1 3 0 6 0 ▁( 1 9 9 3 ). 

 Y . ▁Y . ▁Gold schmidt , ▁Phys . ▁Rev . ▁E ▁[ ** 5 3 ** ]{ }, ▁ 3 4 3 ▁( 1 9 9 6 ); ▁see ▁also ▁Phys . ▁Rev . ▁Lett . ▁[ ** 7 4"
son,2497,"oracle . com ▁if ▁you ▁need ▁additional ▁information ▁or ▁have ▁any 
 ▁* ▁questions . 
 ▁*/ 

 package ▁java . lang . instrument ; 

 /* 
 ▁* ▁Copyright ▁ 2 0 0 3 ▁W ily ▁Technology , ▁Inc . 
 ▁*/ 

 /** 
 ▁* ▁This ▁class ▁serves ▁as ▁a ▁parameter ▁block ▁to ▁the ▁ <code> Instrumentation . re define Classes </code> ▁method . 
 ▁* ▁Serves ▁to ▁bind ▁the ▁ <code> Class </code> ▁that ▁needs ▁re defining ▁together ▁with ▁the ▁new ▁class ▁file ▁bytes . 
 ▁* 
 ▁* ▁@ see ▁▁▁▁▁ java . lang . instrument . Instrumentation # re define Classes 
 ▁* ▁@ since ▁▁▁ 1 . 5 
 ▁*/ 
 public ▁final ▁class ▁Class Definition ▁{ 
 ▁▁▁▁ /** 
"
son,2497,"▁of ▁liquidated ▁damages ▁for ▁breach ▁of ▁contract ▁have ▁been ▁summarized ▁as ▁follows : 
 Under ▁the ▁basic ▁principles ▁of ▁freedom ▁of ▁contract , ▁a ▁stipulation ▁to ▁liquidated ▁damages ▁for ▁breach ▁of ▁contract ▁is ▁generally ▁enforceable . ▁Where , ▁however , ▁the ▁amount ▁of ▁liquidated ▁damages ▁bears ▁no ▁reasonable ▁relationship ▁to ▁the ▁actual ▁damage ▁or ▁is ▁so ▁grossly ▁excessive ▁as ▁to ▁be ▁entirely ▁disproportion ate ▁to ▁any ▁possible ▁loss ▁that ▁might ▁have ▁been ▁contemplated ▁that ▁it ▁shocks ▁the ▁conscience , ▁the ▁stipulation ▁will ▁not ▁be ▁enforced . 
 Warner ▁v . ▁Rasmussen , ▁ 7 0 4 ▁P . 2 d ▁ 5 5 9 , ▁ 5 6 1 ▁( Utah ▁ 1 9 8 5 ) ▁( citations ▁omitted ). 
 In ▁support ▁of ▁their ▁contention"
son,2497,"Getenv ("" UNIC RE DS _ KEY _ ALIAS "") 
 	 if ▁alias ▁== ▁"""" ▁{ 
 		 alias ▁= ▁"" alias / unic reds "" 
 	 } 
 	 tableName ▁:= ▁os . Getenv ("" UNIC RE DS _ TABLE _ NAME "") 
 	 if ▁tableName ▁== ▁"""" ▁{ 
 		 tableName ▁= ▁"" credential - store "" 
 	 } 

 	 unic reds . Set Aws Config ( aws . String ( region ), ▁nil ) 

 	 enc Context ▁:= ▁unic reds . New Encryption Context Value () 

 	 (* enc Context ) ["" test ""] ▁= ▁aws . String ("" 1 2 3 "") 

 	 for ▁i ▁:= ▁ 0 ; ▁i ▁< ▁ 1 5 ;"
son,2497,"▁higher ▁in ▁the ▁diabetic ▁mice ▁than ▁in ▁the ▁controls ▁(* P * ▁\< ▁ 0 . 0 1 ▁or ▁* P * ▁\< ▁ 0 . 0 5 ). ▁The ▁contractions ▁of ▁the ▁DSM ▁strips ▁were ▁markedly ▁decreased ▁due ▁to ▁the ▁treatment ▁with ▁SQ W ▁(* P * ▁\< ▁ 0 . 0 1 ▁or ▁* P * ▁\< ▁ 0 . 0 5 ) ▁([ Figure ▁ 6 F ](# F 6 ){ ref - type ="" fig ""} -- [ I ](# F 6 ){ ref - type ="" fig "" }). ▁No ▁significant ▁differences ▁in ▁p EC 5 0 ▁were ▁found ▁among ▁the ▁control , ▁SQ W - treated , ▁and ▁model ▁mice . ▁The ▁E max ▁of ▁diabetic ▁mice ▁exhibited ▁significantly ▁higher ▁than"
male,2114,"

 “ You ▁must ▁understand , ▁this ▁is ▁one ▁of ▁those ▁moments .” ▁“ What ▁moments ?” ▁“ One ▁of ▁the ▁moments ▁you ▁keep ▁to ▁yourself ,” ▁he ▁said . ▁“ What ▁do ▁you ▁mean ?” ▁I ▁said . ▁“ why ?” ▁“ We ’ re ▁in ▁a ▁war ,” ▁he ▁said . ▁“ The ▁story ▁of ▁this ▁war — dates , ▁names , ▁who ▁started ▁it , ▁why — that ▁belongs ▁to ▁everyone . ▁[ … .] ▁But ▁something ▁like ▁this — this ▁is ▁yours . ▁It ▁belongs ▁only ▁to ▁you . ▁And ▁me . ▁Only ▁to ▁us ” ▁( 5 6 ). ▁This ▁moment , ▁in ▁Té a ▁Obre ht ’ s ▁lyrical ▁first ▁novel , ▁The ▁Tiger ’ s ▁Wife , ▁tells ▁you ▁the"
male,2114,"

 “ You ▁must ▁understand , ▁this ▁is ▁one ▁of ▁those ▁moments .” ▁“ What ▁moments ?” ▁“ One ▁of ▁the ▁moments ▁you ▁keep ▁to ▁yourself ,” ▁he ▁said . ▁“ What ▁do ▁you ▁mean ?” ▁I ▁said . ▁“ why ?” ▁“ We ’ re ▁in ▁a ▁war ,” ▁he ▁said . ▁“ The ▁story ▁of ▁this ▁war — dates , ▁names , ▁who ▁started ▁it , ▁why — that ▁belongs ▁to ▁everyone . ▁[ … .] ▁But ▁something ▁like ▁this — this ▁is ▁yours . ▁It ▁belongs ▁only ▁to ▁you . ▁And ▁me . ▁Only ▁to ▁us ” ▁( 5 6 ). ▁This ▁moment , ▁in ▁Té a ▁Obre ht ’ s ▁lyrical ▁first ▁novel , ▁The ▁Tiger ’ s ▁Wife , ▁tells ▁you ▁the"
male,2114,"

 “ You ▁must ▁understand , ▁this ▁is ▁one ▁of ▁those ▁moments .” ▁“ What ▁moments ?” ▁“ One ▁of ▁the ▁moments ▁you ▁keep ▁to ▁yourself ,” ▁he ▁said . ▁“ What ▁do ▁you ▁mean ?” ▁I ▁said . ▁“ why ?” ▁“ We ’ re ▁in ▁a ▁war ,” ▁he ▁said . ▁“ The ▁story ▁of ▁this ▁war — dates , ▁names , ▁who ▁started ▁it , ▁why — that ▁belongs ▁to ▁everyone . ▁[ … .] ▁But ▁something ▁like ▁this — this ▁is ▁yours . ▁It ▁belongs ▁only ▁to ▁you . ▁And ▁me . ▁Only ▁to ▁us ” ▁( 5 6 ). ▁This ▁moment , ▁in ▁Té a ▁Obre ht ’ s ▁lyrical ▁first ▁novel , ▁The ▁Tiger ’ s ▁Wife , ▁tells ▁you ▁the"
male,2114,"▁in 
 their ▁face ▁and ▁on ▁a ▁gut ▁level . 

 That ' s ▁the ▁reason ▁so ▁many ▁people ▁cover ▁them ▁even ▁when ▁they ▁won ' t ▁take ▁other 
 basic ▁online ▁privacy ▁precautions . 

 ~~~ 
 Sy los 
 Also ▁just ▁in ▁general , ▁people ▁understand ▁what ▁a ▁camera ▁does . ▁It ' s ▁much ▁harder 
 to ▁understand ▁the ▁implications ▁of ▁abstract ▁"" data "" ▁going ▁off ▁onto ▁the ▁internet . 

 ------ 
 rd tsc 
 This ▁is ▁like ▁the ▁coal ▁burning ▁power ▁plant ▁telling ▁you ▁to ▁make ▁sure ▁to ▁sort 
 your ▁recycla bles ▁into ▁appropriate ▁containers , ▁to ▁make ▁the ▁environment ▁cleaner . 

 Also ▁people ▁enjoy ▁and ▁feel ▁good ▁about ▁accomplishing ▁small ▁things . ▁Putting ▁a 
 sticker ▁on ▁your"
male,2114,"▁in 
 their ▁face ▁and ▁on ▁a ▁gut ▁level . 

 That ' s ▁the ▁reason ▁so ▁many ▁people ▁cover ▁them ▁even ▁when ▁they ▁won ' t ▁take ▁other 
 basic ▁online ▁privacy ▁precautions . 

 ~~~ 
 Sy los 
 Also ▁just ▁in ▁general , ▁people ▁understand ▁what ▁a ▁camera ▁does . ▁It ' s ▁much ▁harder 
 to ▁understand ▁the ▁implications ▁of ▁abstract ▁"" data "" ▁going ▁off ▁onto ▁the ▁internet . 

 ------ 
 rd tsc 
 This ▁is ▁like ▁the ▁coal ▁burning ▁power ▁plant ▁telling ▁you ▁to ▁make ▁sure ▁to ▁sort 
 your ▁recycla bles ▁into ▁appropriate ▁containers , ▁to ▁make ▁the ▁environment ▁cleaner . 

 Also ▁people ▁enjoy ▁and ▁feel ▁good ▁about ▁accomplishing ▁small ▁things . ▁Putting ▁a 
 sticker ▁on ▁your"
male,2114,"▁heck ▁that ▁turns ▁out ▁to ▁be . 

 Maybe ▁I ▁won ' t ▁turn ▁out ▁to ▁be ▁typical , ▁but ▁this ▁doesn ' t ▁strike ▁me ▁as ▁a ▁very ▁ge eky ▁line ▁of ▁thought . ▁The ▁question ▁will ▁probably ▁boil ▁down ▁to ▁how ▁serious ▁Amazon ▁gets ▁about ▁being ▁more ▁than ▁a ▁storefront . 

 The ▁discussion ▁look mark ▁and ▁johnson wax ▁are ▁having ▁is ▁what ▁I ▁find ▁so ▁puzzling ▁about ▁the ▁Kindle ▁strategy : ▁the ▁hardware ▁is ▁a ▁loss ▁leader ▁at ▁worst , ▁break ▁even ▁at ▁best . ▁They ▁can ' t ▁be ▁making ▁a ▁significant ▁amount ▁off ▁digital ▁content ▁either ▁as ▁the ▁lion ' s ▁share ▁of ▁the ▁money ▁paid ▁goes ▁to ▁content ▁owners . ▁So ▁what ▁is ▁the ▁goal ▁of ▁these ▁devices ? 

 I"
male,2114,"▁heck ▁that ▁turns ▁out ▁to ▁be . 

 Maybe ▁I ▁won ' t ▁turn ▁out ▁to ▁be ▁typical , ▁but ▁this ▁doesn ' t ▁strike ▁me ▁as ▁a ▁very ▁ge eky ▁line ▁of ▁thought . ▁The ▁question ▁will ▁probably ▁boil ▁down ▁to ▁how ▁serious ▁Amazon ▁gets ▁about ▁being ▁more ▁than ▁a ▁storefront . 

 The ▁discussion ▁look mark ▁and ▁johnson wax ▁are ▁having ▁is ▁what ▁I ▁find ▁so ▁puzzling ▁about ▁the ▁Kindle ▁strategy : ▁the ▁hardware ▁is ▁a ▁loss ▁leader ▁at ▁worst , ▁break ▁even ▁at ▁best . ▁They ▁can ' t ▁be ▁making ▁a ▁significant ▁amount ▁off ▁digital ▁content ▁either ▁as ▁the ▁lion ' s ▁share ▁of ▁the ▁money ▁paid ▁goes ▁to ▁content ▁owners . ▁So ▁what ▁is ▁the ▁goal ▁of ▁these ▁devices ? 

 I"
male,2114,"▁heck ▁that ▁turns ▁out ▁to ▁be . 

 Maybe ▁I ▁won ' t ▁turn ▁out ▁to ▁be ▁typical , ▁but ▁this ▁doesn ' t ▁strike ▁me ▁as ▁a ▁very ▁ge eky ▁line ▁of ▁thought . ▁The ▁question ▁will ▁probably ▁boil ▁down ▁to ▁how ▁serious ▁Amazon ▁gets ▁about ▁being ▁more ▁than ▁a ▁storefront . 

 The ▁discussion ▁look mark ▁and ▁johnson wax ▁are ▁having ▁is ▁what ▁I ▁find ▁so ▁puzzling ▁about ▁the ▁Kindle ▁strategy : ▁the ▁hardware ▁is ▁a ▁loss ▁leader ▁at ▁worst , ▁break ▁even ▁at ▁best . ▁They ▁can ' t ▁be ▁making ▁a ▁significant ▁amount ▁off ▁digital ▁content ▁either ▁as ▁the ▁lion ' s ▁share ▁of ▁the ▁money ▁paid ▁goes ▁to ▁content ▁owners . ▁So ▁what ▁is ▁the ▁goal ▁of ▁these ▁devices ? 

 I"
male,2114,"▁hardware ▁on / off 
 switch ▁anymore ]). 

 ~~~ 
 j ca dam 
 I ' ve ▁found ▁many ▁of ▁those ▁supposedly ▁' hardware ' ▁wifi ▁kill ▁switches ▁were 
 software ▁controlled ▁( When ▁I ▁installed ▁Linux ▁on ▁an ▁old ▁Dell , ▁it ▁completely 
 ignored ▁the ▁state ▁of ▁the ▁wifi ▁switch ). 

 I ▁want ▁a ▁switch ▁that ▁physically ▁cuts ▁power ▁to ▁a ▁device , ▁but ▁no ... ▁:( 

 ------ 
 H ily in 
 I ▁guess ▁this ▁is ▁just ▁as ▁good ▁place ▁as ▁any ▁to ▁bring ▁this ▁up . ▁In ▁current ▁OS ▁X , 
 you ▁cannot ▁disable ▁your ▁mic . ▁You ▁can ▁turn ▁down ▁the ▁input ▁volume , ▁but ▁never 
 disable . ▁All ▁malware ▁needs ▁to ▁do ▁is ▁raise ▁the ▁input"
male,2114,"▁hardware ▁on / off 
 switch ▁anymore ]). 

 ~~~ 
 j ca dam 
 I ' ve ▁found ▁many ▁of ▁those ▁supposedly ▁' hardware ' ▁wifi ▁kill ▁switches ▁were 
 software ▁controlled ▁( When ▁I ▁installed ▁Linux ▁on ▁an ▁old ▁Dell , ▁it ▁completely 
 ignored ▁the ▁state ▁of ▁the ▁wifi ▁switch ). 

 I ▁want ▁a ▁switch ▁that ▁physically ▁cuts ▁power ▁to ▁a ▁device , ▁but ▁no ... ▁:( 

 ------ 
 H ily in 
 I ▁guess ▁this ▁is ▁just ▁as ▁good ▁place ▁as ▁any ▁to ▁bring ▁this ▁up . ▁In ▁current ▁OS ▁X , 
 you ▁cannot ▁disable ▁your ▁mic . ▁You ▁can ▁turn ▁down ▁the ▁input ▁volume , ▁but ▁never 
 disable . ▁All ▁malware ▁needs ▁to ▁do ▁is ▁raise ▁the ▁input"
male,2114,"▁trigger ▁symptoms ▁such ▁as ▁trem ours . 

 Member 

 Hmm .. ▁my ▁FIL ▁died ▁of ▁complications ▁of ▁Parkinson ' s , ▁and ▁I ▁have ▁a ▁brother ▁who ' s ▁mentally ▁and ▁phy is cally ▁disabled ▁due ▁to ▁birth ▁defects . ▁I ' m ▁a ▁HUGE ▁animal ▁lover , ▁but ▁I ▁think ▁this ▁is ▁for ▁the ▁greater ▁good , ▁you ▁know ? 

 I ▁mean , ▁come ▁on ! ▁We ▁buy ▁lea ather ▁goods ▁all ▁the ▁time ▁and ▁don ' t ▁think ▁of ▁the ▁cow / deer / al ligator / ost rich / ect ▁it ▁came ▁from !! 

 He hehe ... ▁you ▁know , ▁if ▁that ▁mouse ▁was ▁running ▁loose ▁in ▁your ▁kitchen , ▁I ▁bet ▁you ' d ▁grab ▁a ▁broom ▁and ▁try ▁to"
male,2114,"▁trigger ▁symptoms ▁such ▁as ▁trem ours . 

 Member 

 Hmm .. ▁my ▁FIL ▁died ▁of ▁complications ▁of ▁Parkinson ' s , ▁and ▁I ▁have ▁a ▁brother ▁who ' s ▁mentally ▁and ▁phy is cally ▁disabled ▁due ▁to ▁birth ▁defects . ▁I ' m ▁a ▁HUGE ▁animal ▁lover , ▁but ▁I ▁think ▁this ▁is ▁for ▁the ▁greater ▁good , ▁you ▁know ? 

 I ▁mean , ▁come ▁on ! ▁We ▁buy ▁lea ather ▁goods ▁all ▁the ▁time ▁and ▁don ' t ▁think ▁of ▁the ▁cow / deer / al ligator / ost rich / ect ▁it ▁came ▁from !! 

 He hehe ... ▁you ▁know , ▁if ▁that ▁mouse ▁was ▁running ▁loose ▁in ▁your ▁kitchen , ▁I ▁bet ▁you ' d ▁grab ▁a ▁broom ▁and ▁try ▁to"
male,2114,"▁trigger ▁symptoms ▁such ▁as ▁trem ours . 

 Member 

 Hmm .. ▁my ▁FIL ▁died ▁of ▁complications ▁of ▁Parkinson ' s , ▁and ▁I ▁have ▁a ▁brother ▁who ' s ▁mentally ▁and ▁phy is cally ▁disabled ▁due ▁to ▁birth ▁defects . ▁I ' m ▁a ▁HUGE ▁animal ▁lover , ▁but ▁I ▁think ▁this ▁is ▁for ▁the ▁greater ▁good , ▁you ▁know ? 

 I ▁mean , ▁come ▁on ! ▁We ▁buy ▁lea ather ▁goods ▁all ▁the ▁time ▁and ▁don ' t ▁think ▁of ▁the ▁cow / deer / al ligator / ost rich / ect ▁it ▁came ▁from !! 

 He hehe ... ▁you ▁know , ▁if ▁that ▁mouse ▁was ▁running ▁loose ▁in ▁your ▁kitchen , ▁I ▁bet ▁you ' d ▁grab ▁a ▁broom ▁and ▁try ▁to"
male,2114,"▁on ▁War lord ▁Games ▁Bolt ▁Action ▁as ▁sancti mon ious ▁g its 

 Apologies ▁to ▁regular ▁viewers ▁- ▁this ▁is ▁a ▁bit ▁of ▁a ▁rant . As ▁part ▁of ▁my ▁Bolt ▁Action ▁purchases ▁I ▁got ▁a ▁British ▁machine ▁gun ▁and ▁crew . ▁I ▁couldn ' t ▁quite ▁see ▁from ▁online ▁pictures ▁how ▁it ▁all ▁went ▁together . 

 Luckily ▁in ▁the ▁box ▁there ▁was ▁card ▁which ▁said ▁go ▁to ▁their ▁webpage ▁for ▁instructions . 

 However ▁when ▁I ▁tried ▁to ▁go ▁there ▁I ▁got ▁the ▁message . 

 "" This ▁is ▁somewhat ▁embarrassing ▁isn ' t ▁it . ▁.... ▁Either ▁it ▁as ▁been ▁moved ▁or ▁you ▁typed ▁a ▁wrong ▁address ."" ▁And ▁I ▁thought ▁is ▁this ▁a ▁message ▁for ▁me ▁as ▁if ▁I ' ve ▁made ▁a"
male,2114,"▁on ▁War lord ▁Games ▁Bolt ▁Action ▁as ▁sancti mon ious ▁g its 

 Apologies ▁to ▁regular ▁viewers ▁- ▁this ▁is ▁a ▁bit ▁of ▁a ▁rant . As ▁part ▁of ▁my ▁Bolt ▁Action ▁purchases ▁I ▁got ▁a ▁British ▁machine ▁gun ▁and ▁crew . ▁I ▁couldn ' t ▁quite ▁see ▁from ▁online ▁pictures ▁how ▁it ▁all ▁went ▁together . 

 Luckily ▁in ▁the ▁box ▁there ▁was ▁card ▁which ▁said ▁go ▁to ▁their ▁webpage ▁for ▁instructions . 

 However ▁when ▁I ▁tried ▁to ▁go ▁there ▁I ▁got ▁the ▁message . 

 "" This ▁is ▁somewhat ▁embarrassing ▁isn ' t ▁it . ▁.... ▁Either ▁it ▁as ▁been ▁moved ▁or ▁you ▁typed ▁a ▁wrong ▁address ."" ▁And ▁I ▁thought ▁is ▁this ▁a ▁message ▁for ▁me ▁as ▁if ▁I ' ve ▁made ▁a"
male,2114,"▁you ’ re ▁“ not ▁a ▁Democrat ” ▁doesn ’ t ▁work ▁well ▁when ▁too ▁many ▁Republicans ▁voting ▁records ▁actually ▁look ▁far ▁more ▁like ▁Pelosi ’ s ▁than ▁they ▁should . 

 Going ▁on ▁offense ▁will ▁also ▁be ▁necessary ▁to ▁effectively ▁combat ▁the ▁left . ▁Republicans ▁will ▁need ▁to ▁stay ▁one ▁step ▁ahead ▁of ▁Democrats ▁at ▁all ▁times . 

 Some ▁chatter ▁on ▁Cap Hill ▁that ▁if ▁Pelosi ▁were ▁to ▁exit ▁(& ▁this ▁is ▁just ▁a ▁theory ), ▁she ▁would ▁time ▁her ▁exit ▁after ▁GOP ers ▁bought ▁ad ▁time ▁& ▁burned ▁$ ▁campaigning ▁against ▁her . ▁Sober ▁GOP ers ▁know ▁a ▁Pelosi ▁exit ▁is ▁bad ▁for ▁them ▁as ▁it ▁ro bs ▁them ▁of ▁a ▁foil . 

 Obviously ▁this ▁is ▁just ▁a ▁theory , ▁but ▁Democrats ▁will"
male,2114,"▁ 5 ▁containment ▁for ▁Ol ’ ▁Jer . 

 He ▁will ▁not ▁have ▁a ▁cell mate ▁and ▁will ▁be ▁subjected ▁to ▁heightened ▁supervision ▁and ▁an ▁escort ▁when ▁not ▁in ▁his ▁cell . ▁He ▁will ▁get ▁an ▁hour ▁of ▁individual ▁exercise ▁five ▁days ▁a ▁week ▁and ▁three ▁showers ▁a ▁week ▁— ▁alone , ▁save ▁for ▁the ▁escort . ▁He ▁will ▁eat ▁meals ▁in ▁his ▁cell . ▁All ▁other ▁services , ▁including ▁religion , ▁medications , ▁and ▁treatment ▁programming ▁will ▁be ▁conducted ▁in ▁his ▁cell . 

 All ▁visits ▁will ▁be ▁non - contact . ▁No ▁touching ▁of ▁or ▁by ▁the ▁Tick le ▁Monster . 

 Sand usky ’ s ▁legal ▁representations ▁did ▁not ▁return ▁phone ▁calls . 

 This ▁is ▁close ▁to ▁home ▁for ▁“ Jer ”. ▁His"
male,2114,"▁ 5 ▁containment ▁for ▁Ol ’ ▁Jer . 

 He ▁will ▁not ▁have ▁a ▁cell mate ▁and ▁will ▁be ▁subjected ▁to ▁heightened ▁supervision ▁and ▁an ▁escort ▁when ▁not ▁in ▁his ▁cell . ▁He ▁will ▁get ▁an ▁hour ▁of ▁individual ▁exercise ▁five ▁days ▁a ▁week ▁and ▁three ▁showers ▁a ▁week ▁— ▁alone , ▁save ▁for ▁the ▁escort . ▁He ▁will ▁eat ▁meals ▁in ▁his ▁cell . ▁All ▁other ▁services , ▁including ▁religion , ▁medications , ▁and ▁treatment ▁programming ▁will ▁be ▁conducted ▁in ▁his ▁cell . 

 All ▁visits ▁will ▁be ▁non - contact . ▁No ▁touching ▁of ▁or ▁by ▁the ▁Tick le ▁Monster . 

 Sand usky ’ s ▁legal ▁representations ▁did ▁not ▁return ▁phone ▁calls . 

 This ▁is ▁close ▁to ▁home ▁for ▁“ Jer ”. ▁His"
male,2114,"▁ 5 ▁containment ▁for ▁Ol ’ ▁Jer . 

 He ▁will ▁not ▁have ▁a ▁cell mate ▁and ▁will ▁be ▁subjected ▁to ▁heightened ▁supervision ▁and ▁an ▁escort ▁when ▁not ▁in ▁his ▁cell . ▁He ▁will ▁get ▁an ▁hour ▁of ▁individual ▁exercise ▁five ▁days ▁a ▁week ▁and ▁three ▁showers ▁a ▁week ▁— ▁alone , ▁save ▁for ▁the ▁escort . ▁He ▁will ▁eat ▁meals ▁in ▁his ▁cell . ▁All ▁other ▁services , ▁including ▁religion , ▁medications , ▁and ▁treatment ▁programming ▁will ▁be ▁conducted ▁in ▁his ▁cell . 

 All ▁visits ▁will ▁be ▁non - contact . ▁No ▁touching ▁of ▁or ▁by ▁the ▁Tick le ▁Monster . 

 Sand usky ’ s ▁legal ▁representations ▁did ▁not ▁return ▁phone ▁calls . 

 This ▁is ▁close ▁to ▁home ▁for ▁“ Jer ”. ▁His"
male,2114,"- 2 0 - live - 
 free ) 

 ~~~ 
 bob soap 
 Seriously , ▁downvoted ▁without ▁an ▁explanation ? ▁That ' s ▁quite ▁poor . ▁If ▁something 
 about ▁my ▁post ▁off ends ▁anyone , ▁I ' d ▁love ▁to ▁know ▁about ▁it . 

 ------ 
 man ge letti 
 I ▁swear ▁this ▁is ▁a ▁true ▁story : 

 I ▁worked ▁at ▁Staples ▁when ▁I ▁was ▁ 1 9 , ▁and ▁when ▁I ▁first ▁started ▁I ▁was ▁a ▁"" front ▁end 
 lead "" ▁( read : ▁the ▁only ▁full - time ▁cashier ), ▁so ▁I ▁would ▁work ▁behind ▁the ▁service 
 counter ▁at ▁the ▁front . 

 Once , ▁I ▁was ▁standing ▁up ▁front ▁while ▁there ▁were ▁no ▁customers ▁when ▁all ▁of"
male,2114,"- 2 0 - live - 
 free ) 

 ~~~ 
 bob soap 
 Seriously , ▁downvoted ▁without ▁an ▁explanation ? ▁That ' s ▁quite ▁poor . ▁If ▁something 
 about ▁my ▁post ▁off ends ▁anyone , ▁I ' d ▁love ▁to ▁know ▁about ▁it . 

 ------ 
 man ge letti 
 I ▁swear ▁this ▁is ▁a ▁true ▁story : 

 I ▁worked ▁at ▁Staples ▁when ▁I ▁was ▁ 1 9 , ▁and ▁when ▁I ▁first ▁started ▁I ▁was ▁a ▁"" front ▁end 
 lead "" ▁( read : ▁the ▁only ▁full - time ▁cashier ), ▁so ▁I ▁would ▁work ▁behind ▁the ▁service 
 counter ▁at ▁the ▁front . 

 Once , ▁I ▁was ▁standing ▁up ▁front ▁while ▁there ▁were ▁no ▁customers ▁when ▁all ▁of"
male,2114,"- 2 0 - live - 
 free ) 

 ~~~ 
 bob soap 
 Seriously , ▁downvoted ▁without ▁an ▁explanation ? ▁That ' s ▁quite ▁poor . ▁If ▁something 
 about ▁my ▁post ▁off ends ▁anyone , ▁I ' d ▁love ▁to ▁know ▁about ▁it . 

 ------ 
 man ge letti 
 I ▁swear ▁this ▁is ▁a ▁true ▁story : 

 I ▁worked ▁at ▁Staples ▁when ▁I ▁was ▁ 1 9 , ▁and ▁when ▁I ▁first ▁started ▁I ▁was ▁a ▁"" front ▁end 
 lead "" ▁( read : ▁the ▁only ▁full - time ▁cashier ), ▁so ▁I ▁would ▁work ▁behind ▁the ▁service 
 counter ▁at ▁the ▁front . 

 Once , ▁I ▁was ▁standing ▁up ▁front ▁while ▁there ▁were ▁no ▁customers ▁when ▁all ▁of"
male,2114,"m ▁not ▁Nancy ▁Pelosi ” ▁is ▁not ▁going ▁to ▁cut ▁it ▁in ▁the ▁mid terms . 

 This ▁isn ’ t ▁ 2 0 1 2 . ▁Republicans ▁controlled ▁all ▁three ▁branches ▁coming ▁out ▁of ▁ 2 0 1 6 ▁and ▁conservatives ▁still ▁don ’ t ▁have ▁much ▁to ▁show ▁for ▁it . ▁ 2 0 1 8 ▁can ’ t ▁be ▁about ▁tax ▁cuts ▁alone . ▁The ▁mid terms ▁will ▁be ▁won ▁or ▁lost ▁primarily ▁on ▁whose ▁base ▁turns ▁out . ▁If ▁Republicans ▁cannot ▁energ ize ▁their ▁base , ▁they ▁will ▁stay ▁home ▁and ▁Democrats ▁win . ▁If ▁Republicans ▁give ▁Democrats ▁everything ▁they ▁want , ▁the ▁base ▁stays ▁home ▁and ▁Democrats ▁win . 

 And ▁Republicans ▁will ▁be ▁sent ▁home . 

 Also , ▁merely ▁saying"
male,2114,"m ▁not ▁Nancy ▁Pelosi ” ▁is ▁not ▁going ▁to ▁cut ▁it ▁in ▁the ▁mid terms . 

 This ▁isn ’ t ▁ 2 0 1 2 . ▁Republicans ▁controlled ▁all ▁three ▁branches ▁coming ▁out ▁of ▁ 2 0 1 6 ▁and ▁conservatives ▁still ▁don ’ t ▁have ▁much ▁to ▁show ▁for ▁it . ▁ 2 0 1 8 ▁can ’ t ▁be ▁about ▁tax ▁cuts ▁alone . ▁The ▁mid terms ▁will ▁be ▁won ▁or ▁lost ▁primarily ▁on ▁whose ▁base ▁turns ▁out . ▁If ▁Republicans ▁cannot ▁energ ize ▁their ▁base , ▁they ▁will ▁stay ▁home ▁and ▁Democrats ▁win . ▁If ▁Republicans ▁give ▁Democrats ▁everything ▁they ▁want , ▁the ▁base ▁stays ▁home ▁and ▁Democrats ▁win . 

 And ▁Republicans ▁will ▁be ▁sent ▁home . 

 Also , ▁merely ▁saying"
male,2114,"1 9 6 0 ▁once ▁the ▁White ▁Man ▁put ▁his ▁burden ▁of ▁civiliz ing ▁the ▁un civil isable ▁down . ▁BTW , ▁slavery ▁has ▁never ▁left ▁the ▁areas ▁ruled ▁by ▁mos lems . 

 gates ▁tells ▁the ▁truth ▁for ▁once 

 Sh hh ▁.. ▁keep ▁it ▁quiet ▁ok ? ▁Tribal ▁chiefs ▁who ▁sold ▁off ▁all ▁the ▁slaves ▁to ▁the ▁white ▁man ▁owned ▁a ▁billion ▁slaves ▁too ▁and ▁still ▁do ▁… 

 Joseph 

 If ▁these ▁benevolent ▁black ▁slave ▁owners ▁kept ▁black ▁slaves ▁“ to ▁protect ▁that ▁person ”, ▁what ▁would ▁prevent ▁them ▁from ▁emancip ating ▁them ▁voluntarily ▁even ▁if ▁they ▁stayed ▁with ▁the ▁family . 

 This ▁is ▁the ▁usual ▁noise ▁from ▁the ▁left ; ▁“ If ▁we ▁do ▁it ▁it ▁is ▁not ▁the ▁same ”. 

"
male,2114,"▁that ▁looks ▁at ▁the ▁events ▁leading ▁up ▁to ▁the ▁Second ▁Coming ▁and ▁challenges ▁us ▁all ▁to ▁follow ▁the ▁plans ▁that ▁Christ ▁has ▁for ▁our ▁lives . 

 Monday , ▁April ▁ 4 , ▁ 2 0 1 1 

 It ’ s ▁Monday ! ▁What ▁Are ▁You ▁Reading ▁is ▁where ▁we ▁share ▁what ▁we ▁read ▁this ▁past ▁week , ▁what ▁we ▁hope ▁to ▁read ▁this ▁week …. ▁and ▁anything ▁in ▁between ! ▁D ▁This ▁is ▁a ▁great ▁way ▁to ▁plan ▁out ▁your ▁reading ▁week ▁and ▁see ▁what ▁others ▁are ▁currently ▁reading ▁as ▁well … ▁you ▁never ▁know ▁where ▁that ▁next ▁“ must ▁read ” ▁book ▁will ▁come ▁from ! 

 I ▁love ▁being ▁a ▁part ▁of ▁this ▁and ▁I ▁hope ▁you ▁do ▁too ! ▁As ▁part ▁of"
male,2114,"3 0 ▁a . m . ▁woke ▁up ▁by ▁the ▁alarm ▁and ▁some ▁discipline , ▁the ▁wee ▁hours ▁felt ▁gro ggy ▁but ▁I ▁must ▁get ▁ready ▁for ▁the ▁run ▁ 2 ▁hours ▁away . ▁Dra gged ▁myself ▁out ▁of ▁bed , ▁washed ▁up ▁with ▁a ▁half - a wo ken ▁mind , ▁saturated ▁myself ▁with ... ▁Continue ▁Reading ▁→ 

 Wow ... ▁This ▁is ▁beyond ▁my ▁imaginations ▁and ▁the ▁fact ▁that ▁I ▁have ▁made ▁it ▁this ▁far ▁not ▁giving ▁up ▁on ▁anything ▁yet , ▁indeed ▁this ▁is ▁remarkable . ▁Thanks ! ▁A ▁big ▁shout - out ▁to ▁people ▁who ▁read ▁my ▁posts ▁although ▁I ▁had ▁hi at uses ... ▁Continue ▁Reading ▁→ 

 What ▁is ▁life ? ▁A ▁simple ▁rhetorical ▁question ▁that ▁we ▁ask ▁ourselves ▁every ▁time"
male,2114,"3 0 ▁a . m . ▁woke ▁up ▁by ▁the ▁alarm ▁and ▁some ▁discipline , ▁the ▁wee ▁hours ▁felt ▁gro ggy ▁but ▁I ▁must ▁get ▁ready ▁for ▁the ▁run ▁ 2 ▁hours ▁away . ▁Dra gged ▁myself ▁out ▁of ▁bed , ▁washed ▁up ▁with ▁a ▁half - a wo ken ▁mind , ▁saturated ▁myself ▁with ... ▁Continue ▁Reading ▁→ 

 Wow ... ▁This ▁is ▁beyond ▁my ▁imaginations ▁and ▁the ▁fact ▁that ▁I ▁have ▁made ▁it ▁this ▁far ▁not ▁giving ▁up ▁on ▁anything ▁yet , ▁indeed ▁this ▁is ▁remarkable . ▁Thanks ! ▁A ▁big ▁shout - out ▁to ▁people ▁who ▁read ▁my ▁posts ▁although ▁I ▁had ▁hi at uses ... ▁Continue ▁Reading ▁→ 

 What ▁is ▁life ? ▁A ▁simple ▁rhetorical ▁question ▁that ▁we ▁ask ▁ourselves ▁every ▁time"
male,2114,"▁haven ' t ▁walked ▁out ▁of ▁it . ▁There ▁is ▁so ▁much ▁to ▁say , ▁yet ▁you ▁don ' t ▁know ▁what ▁to ▁say ▁nor ▁how ▁to ▁say ▁it . ▁My ▁only ▁advice : ▁you ▁walk ▁into ▁the ▁movie ▁theater , ▁forget ▁whatever ▁people ▁said ▁on ▁the ▁Internet , ▁and ▁just ▁watch ▁it ▁with ▁your ▁own ▁heart . 

 It ▁is ▁a ▁great ▁movie . 

 3 ▁years ▁ago 

 Don ' t ▁miss . ▁This ▁deserves ▁your ▁attention . 

 9 / 1 0 ▁Zhang ▁Y im ou ▁has ▁crafted ▁a ▁beautifully ▁shot ▁and ▁compelling ▁story ▁set ▁inside ▁horrific ▁events . ▁About ▁all ▁I ▁knew ▁of ▁this ▁movie ▁was ▁it ▁was ▁set ▁in ▁ 1 9 3 7 ▁China ▁and ▁starred ▁Christian ▁Bale . ▁Not ▁knowing"
male,2114,"Alexandra 

 Isn ’ t ▁this ▁the ▁guy ▁that ▁had ▁the ▁beer ▁summit ▁with ▁Obama ? 

 Fed ▁Up 

 I ▁would ▁like ▁to ▁recommend ▁a ▁few ▁good ▁books ▁for ▁Am Ren ▁people ▁to ▁read : ▁> ” 4 8 ▁Liberal ▁Lies ▁about ▁American ▁History ” ▁by ▁Larry ▁Schwe ik art . ▁“ The ▁Poli tically ▁Incorrect ▁Guide ▁to ▁the ▁Civil ▁War ” ▁by ▁H . ▁W . ▁Crocker ▁III . ▁Also ▁“ Death ▁By ▁Liberal ism ”, ▁by ▁J . ▁R . ▁Dunn . ▁These ▁books , ▁as ▁a ▁number ▁of ▁others ▁in ▁this ▁genre ▁will ▁certainly ▁open ▁your ▁mind ▁and ▁ref ocus ▁your ▁thinking . 

 ( No , ▁I ▁am ▁not ▁selling ▁them , ▁nor ▁have ▁a ▁financial ▁interest ▁— ▁I ▁am ▁just ▁tired"
male,2114,"This ▁is ▁the ▁users pace ▁part ▁of ▁the ▁Linux ▁Auditing ▁System , ▁which ▁is ▁a ▁more ▁secure ▁way ▁of ▁logging ▁kernel - level ▁events ▁than ▁sys log . ▁Among ▁other ▁things , ▁it ▁records ▁SEL in ux ▁alerts . ▁Strictly ▁speaking , ▁you ▁don ' t ▁need ▁it . 

 ava hi - daemon ▁ 0 : off ▁ 1 : off ▁ 2 : off ▁ 3 : on ▁ 4 : on ▁ 5 : on ▁ 6 : off 

 This ▁is ▁for ▁auto discovery ▁of ▁services ▁on ▁a ▁network ▁— ▁printers ▁being ▁a ▁big ▁example . ▁It ' s ▁not ▁required . 

 cpus peed ▁ 0 : off ▁ 1 : on ▁ 2 : on ▁ 3 : on ▁ 4"
male,2114,"▁When ▁she ▁looked ▁up ▁at ▁last , ▁she ▁saw ▁that ▁night ▁had ▁fallen ▁over ▁Bethlehem ▁Springs . ▁Her ▁stomach ▁growled , ▁reminding ▁her ▁that ▁she ’ d ▁missed ▁supper . ▁Still , ▁she ▁had ▁little ▁desire ▁to ▁cook . ▁This ▁seemed ▁like ▁a ▁good ▁evening ▁to ▁pay ▁a ▁visit ▁to ▁one ▁of ▁the ▁town ’ s ▁restaurants . 

 Daphne ▁had ▁three ▁choices ▁— ▁the ▁Gold ▁Mountain , ▁which ▁served ▁the ▁most ▁wonderful ▁breakfasts ; ▁the ▁restaurant ▁inside ▁the ▁Washington ▁Hotel ▁where ▁she ▁liked ▁to ▁dine ▁before ▁an ▁evening ▁at ▁the ▁Opera ▁House ; ▁and ▁the ▁South ▁Fork , ▁famous ▁for ▁their ▁pies ▁and ▁home - style ▁fare . ▁She ▁decided ▁on ▁the ▁latter . 

 As ▁she ▁walked ▁briskly ▁along ▁Wall ula ▁Street ▁toward ▁Main ,"
male,2114,"▁to ▁have ▁the ▁richest ▁possible ▁boom ▁in ▁the ▁history ▁of ▁civilization . ▁We ▁have ▁the ▁technology ▁to ▁turn ▁the ▁desert ▁green . ▁We ▁can ▁refill ▁the ▁ocean ▁with ▁fish . ▁We ▁can ▁have ▁world ▁peace . ▁And ▁all ▁that ’ s ▁blocking ▁us ▁is ▁a ▁few ▁dozen ▁old ▁men . ▁Please ▁everybody ▁arrest ▁them . ▁What ▁is ▁wrong ▁with ▁you ▁people ? 

 We ▁can ▁have ▁world ▁peace . ▁We ▁can ▁have ▁all ▁these ▁good ▁things . ▁We ’ re ▁just ▁being ▁block ▁by ▁a ▁tiny ▁group ▁of ▁old ▁men ▁who ▁worship ▁Satan . ▁That ’ s ▁a ▁fact . 

 Please , ▁we ▁must ▁save ▁the ▁planet . ▁Thank ▁you . 

 Final ▁thing ▁to ▁say : ▁this ▁is ▁not ▁getting ▁the ▁bad ▁guys . ▁It"
male,2114,"▁what ▁we ▁hope ▁to ▁read ▁this ▁week …. ▁and ▁anything ▁in ▁between ! ▁D ▁This ▁is ▁a ▁great ▁way ▁to ▁plan ▁out ▁your ▁reading ▁week ▁and ▁see ▁what ▁others ▁are ▁currently ▁reading ▁as ▁well … ▁you ▁never ▁know ▁where ▁that ▁next ▁“ must ▁read ” ▁book ▁will ▁come ▁from ! ▁I ▁love ▁being ▁a ▁part ▁of ▁this ▁and ▁I ▁hope ▁you ▁do ▁too ! 

 This ▁past ▁week ▁I ▁kept ▁it ▁real ▁easy ▁since ▁I ▁am ▁potty ▁training ▁my ▁daughter . ▁I ▁knew ▁it ▁would ▁suck ▁up ▁my ▁daytime ▁reading ▁a ▁lot ▁with ▁keeping ▁a ▁special ▁eye ▁on ▁her . ▁So ▁far ▁so ▁good . ▁Except ▁for ▁the ▁other ▁day ▁when ▁my ▁older ▁sister ▁and ▁I ▁took ▁her ▁to ▁get ▁her ▁Easter ▁pictures ▁done ▁and ▁were ▁gone"
male,2114,"▁what ▁we ▁hope ▁to ▁read ▁this ▁week …. ▁and ▁anything ▁in ▁between ! ▁D ▁This ▁is ▁a ▁great ▁way ▁to ▁plan ▁out ▁your ▁reading ▁week ▁and ▁see ▁what ▁others ▁are ▁currently ▁reading ▁as ▁well … ▁you ▁never ▁know ▁where ▁that ▁next ▁“ must ▁read ” ▁book ▁will ▁come ▁from ! ▁I ▁love ▁being ▁a ▁part ▁of ▁this ▁and ▁I ▁hope ▁you ▁do ▁too ! ▁Along ▁with ▁this ▁weekly ▁meme ▁I ▁strongly ▁encourage ▁you ▁to ▁visit ▁as ▁many ▁other ▁participants ▁as ▁possible :) 

 Well ▁my ▁reading ▁plan ▁hasn ' t ▁changed ▁too ▁much .... 

 This ▁past ▁week ▁I ▁have ▁been ▁reading : The ▁Opposite ▁of ▁Me ▁by ▁Sarah ▁Pek kanen 

 Sti let tos ▁& ▁Sc ound rels ▁by ▁L aina ▁Turner - M olas ki"
male,2114,"re ▁not ▁really ▁my ▁thing ▁to ▁be ▁honest . ▁All ▁I ’ ll ▁say ▁is ▁I ▁appreciate ▁the ▁loyalty . ▁So ▁thank ▁you .” 

 • ▁Boy ▁George ▁has ▁been ▁describing ▁his ▁reception ▁when ▁he ▁arrived ▁in ▁prison ▁in ▁ 2 0 0 9 , ▁ready ▁to ▁start ▁a ▁four ▁month ▁sentence . ▁It ▁seems ▁( and ▁this ▁may ▁shock ▁some ▁of ▁you ) ▁that ▁the ▁introduction ▁of ▁a ▁gay ▁pop ▁star ▁to ▁a ▁tense ▁environment ▁did ▁not ▁bring ▁out ▁the ▁best ▁in ▁some ▁of ▁his ▁fellow ▁inmates . ▁( via ▁Pink ▁News ) 

 • ▁This ▁probably ▁won ’ t ▁come ▁as ▁a ▁surprise , ▁but ▁when ▁Dion ne ▁Brom field , ▁Amy ▁Wine house ‘ s ▁god daughter , ▁attempted ▁to ▁pay ▁tribute ▁by ▁singing"
male,2114,"Even ▁more ▁clearly ▁this ▁is ▁a ▁wholly ▁logical ▁posture ▁in ▁which ▁to ▁have ▁this ▁action ▁proceed ▁insofar ▁as ▁the ▁additional ▁evidence ▁with ▁respect ▁to ▁the ▁surcharge ▁offer ▁is ▁concerned . ▁We ▁have ▁already ▁explored ▁the ▁evidence ▁at ▁length ▁and ▁found ▁that ▁there ▁was ▁substantial ▁basis ▁in ▁the ▁present ▁record ▁for ▁the ▁Commission ' s ▁conclusions ▁with ▁respect ▁to ▁the ▁Railroad ' s ▁current ▁financial ▁condition ▁and ▁future ▁economic ▁prospects . ▁Even ▁assuming ▁the ▁most ▁recent ▁surcharge ▁offer ▁so ▁substantially ▁alters ▁the ▁Railroad ' s ▁financial ▁prospects ▁as ▁to ▁make ▁abandonment ▁inappropriate , ▁it ▁is ▁nonetheless ▁merely ▁additional ▁evidence ▁which ▁could ▁and ▁should ▁have ▁been ▁presented ▁to ▁the ▁hearing ▁examiner . ▁Thus , ▁we ▁do ▁not ▁think ▁that ▁this ▁evidence ▁can ▁impeach ▁the ▁present ▁validity ▁of ▁the ▁December"
male,2114,", ▁“ Did ▁you ▁see ▁where ▁they ▁put ▁the ▁bad gers ? ▁I ▁know www !” 

 This ▁has ▁come ▁up ▁a ▁couple ▁of ▁times ▁in ▁various ▁conversations ▁recently , ▁so ▁I ▁thought ▁I ’ d ▁talk ▁about ▁it ▁here . ▁E books ▁are ▁here ▁to ▁stay , ▁obviously . ▁While ▁there ▁will ▁always ▁be ▁print ▁books ▁too , ▁even ▁if ▁that ▁does ▁eventually ▁reduce ▁to ▁Print - on - Demand ▁and ▁collector ’ s ▁folio ▁editions , ▁ebooks ▁will ▁only ▁continue ▁to ▁gain ▁strength . ▁There ’ s ▁the ▁whole ▁format ▁and ▁DRM ▁thing ▁to ▁still ▁sort ▁out ▁– ▁Amazon ▁aren ’ t ▁about ▁to ▁give ▁up ▁the ▁mobi ▁format ▁any ▁time ▁soon , ▁and ▁a ▁lot ▁of ▁places ▁are ▁struggling ▁with ▁where ▁they ▁stand ▁on"
male,2114,"▁farm . 

 Students ▁here ▁have ▁become ▁independent . ▁Instead ▁of ▁asking ▁Hud ak ▁how ▁to ▁organize ▁the ▁hundreds ▁of ▁flowers ▁they ▁picked , ▁they ▁form ▁an ▁assembly ▁line . ▁Rock ▁music ▁bla res ▁from ▁a ▁boom box ▁as ▁students ▁bundle ▁the ▁blooms ▁into ▁bouquets . 

 The ▁farm , ▁producing ▁more ▁than ▁expected , ▁signs ▁up ▁three ▁more ▁CSA ▁members . 

 The ▁work ▁is ▁a ▁lot ▁hotter ▁than ▁the ▁students ▁expected , ▁too . ▁"" This ▁is ▁a ▁job ▁that ▁most ▁people ▁would ▁kill ▁themselves ▁if ▁they ▁had ,"" ▁says ▁Ring wald , ▁who ▁once ▁nearly ▁quit ▁the ▁farm ▁program . ▁"" In ▁the ▁summertime ▁in ▁the ▁heat , ▁it ' s ▁horrible ▁working ▁out ▁here . ▁With ▁Paul , ▁he ▁keeps ▁our ▁enthusiasm ▁up"
male,2114,"Quite ▁a ▁few ▁things ▁bug ▁me ▁about ▁this ▁piece . 

 > I ’ m ▁on ▁my ▁annual ▁win - a - trip ▁journey , ▁in ▁which ▁I ▁take ▁a ▁university ▁student 
 with ▁me ▁on ▁a ▁trip ▁to ▁the ▁developing ▁world ▁to ▁cover ▁under reported ▁issues . 

 Firstly , ▁I ▁don ' t ▁think ▁this ▁is ▁' under ▁reported ', ▁I ' ve ▁seen ▁at ▁least ▁two ▁full 
 length ▁documentaries ▁about ▁this ▁procedure ▁in ▁Nepal , ▁the ▁project ▁has ▁its ▁own 
 Facebook ▁page ▁[ 0 ] ▁and ▁a ▁Google ▁search ▁for ▁' Nepal ▁cataract ' ▁turns ▁up ▁lots ▁of 
 trad ▁media ▁results . 

 Secondly , ▁if ▁the ▁author ▁has ▁taken ▁a ▁student ▁to ▁cover ▁things , ▁why ▁aren ' t ▁e"
male,2114,"▁government ’ s ▁role ▁in ▁bolster ing ▁the ▁economy . ▁Obama ▁favors ▁public ▁out lays ▁on ▁alternative ▁energy ▁and ▁education , ▁which ▁would ▁not ▁only ▁create ▁jobs ▁but ▁also ▁make ▁us ▁more ▁competitive ▁globally . 

 What ▁is ▁this , ▁“ make ▁us ▁more ▁competitive ▁globally ”? ▁Surely ▁that ▁is ▁the ▁old , ▁dead ▁paradigm . ▁Even ▁as ▁the ▁piece ▁reads ▁its ▁last ▁rites , ▁that ▁Reagan - That cher ▁way ▁of ▁thinking ▁is ▁stirring ▁back ▁to ▁life . ▁If ▁you ▁are ▁going ▁to ▁dispense ▁with ▁market ▁forces , ▁I ▁don ’ t ▁think ▁you ▁can ▁afford ▁to ▁care ▁very ▁much ▁about ▁staying ▁competitive ▁globally . 

 The ▁other ▁piece , ▁much ▁more ▁to ▁my ▁own ▁way ▁of ▁thinking , ▁is ▁by ▁Simon ▁Jenkins . ▁For ▁many"
male,2114,"▁ii ) ▁I ▁really ▁don ’ t ▁need ▁to ▁– ▁this ▁is ▁a ▁screening / ranking ▁exercise , ▁after ▁all ! ▁Broad ly ▁speaking , ▁most ▁intrinsic ▁valuations ▁should ▁& ▁do ▁evolve ▁slowly ▁over ▁time . ▁Therefore , ▁once ▁the ▁heavy ▁lifting ▁of ▁the ▁initial ▁valuation ▁phase ▁is ▁done , ▁we ▁then ▁have ▁a ▁framework ▁to ▁quickly ▁& ▁easily ▁keep ▁track ▁of ▁a ▁large ▁number ▁of ▁companies , ▁and ▁the ▁most ▁likely ▁under / over - valued ▁stocks . ▁Even ▁with ▁no ▁input / updates ▁to ▁intrinsic ▁valuation , ▁I ▁think ▁it ’ s ▁reasonable ▁to ▁expect ▁this ▁exercise ▁to ▁be ▁still ▁making ▁a ▁valuable ▁contribution ▁up ▁to ▁ 1 2 - 1 8 ▁months ▁later . ▁Of ▁course , ▁if ▁you ’ re ▁actually ▁contemplating ▁a"
male,2114,"▁own ▁dedicated ▁lane ▁or ▁have ▁street ▁lights ▁turn ▁green ▁automatically ▁for ▁the ▁street car ? ▁If ▁that ▁is ▁true ▁then ▁don ’ t ▁even ▁bother ▁with ▁the ▁system , ▁it ’ s ▁going ▁to ▁be ▁no ▁different ▁than ▁the ▁bus ▁in ▁that ▁it ▁will ▁get ▁caught ▁in ▁traffic , ▁like ▁a ▁bus , ▁travel ▁and ▁a ▁low ▁average ▁speed , ▁and ▁not ▁run ▁on ▁a ▁set ▁schedule . 

 # 1 ▁looks ▁best . ▁Conne cts ▁inter modal ▁station ▁with ▁U . S . ▁Bank ▁Center ▁( this ▁is ▁critical , ▁it ’ s ▁the ▁largest ▁office ▁building ▁in ▁the ▁state ), ▁NW ▁Mutual ▁HQ , ▁Fed ▁courthouse , ▁Cathedral ▁Square , ▁Third ▁Ward , ▁M SO E , ▁Met rom arket , ▁Mil . ▁Public ▁Market"
male,2114,"▁one ▁size / style ▁fits ▁all . ▁This ▁... 

 Both ▁Male ▁and ▁Female ▁buckles ▁are ▁Dual ▁Adjust . Made ▁for ▁thin ▁ 1 "" ▁( 2 5 mm ) ▁backpack ▁style ▁webbing . ▁S IZING ▁TIP : ▁The ▁size ▁of ▁buckles ▁is ▁measured ▁by ▁the ▁webbing ▁that ▁goes ▁in ▁them , ▁not ▁the ▁O . D . ▁of ▁the ▁buckle . ▁WARNING : ▁This ▁is ▁NOT ▁one ▁size / style ▁fits ▁all . ▁This ▁... 

 Both ▁Male ▁and ▁Female ▁buckles ▁are ▁Dual ▁Adjust . Made ▁for ▁thin ▁ 1 "" ▁( 2 5 mm ) ▁backpack ▁style ▁webbing . ▁S IZING ▁TIP : ▁The ▁size ▁of ▁buckles ▁is ▁measured ▁by ▁the ▁webbing ▁that ▁goes ▁in ▁them , ▁not ▁the ▁O . D . ▁of ▁the"
male,2114,"▁ 1 3 1 . ▁These ▁are ▁very ▁low ▁energy ▁particles , ▁well ▁below ▁the ▁Bragg ▁Peak ▁at ▁$\ sim $ 2 0 0 – 8 0 0 ▁keV / A . ▁In ▁this ▁regime ▁dE / dx ▁[* decre ases *] {} ▁with ▁decreasing ▁energy , ▁and ▁the ▁efficiency ▁of ▁ionization ▁is ▁significantly ▁reduced . 

 Lind hard ▁Model ▁for ▁Low - Energy ▁Stopping 
 ---------------- ---------------- ------ 

 The ▁stopping ▁process ▁for ▁such ▁low ▁energy ▁particles ▁in ▁homo atomic [^ 1 ] ▁substances ▁was ▁treated ▁by ▁Lind hard , ▁Schar ff , ▁and ▁Sch io tt   [@ Lind hard 1 9 6 3 ; ▁@ Lind hard - int ] ▁( L SS ). ▁This ▁treatment ▁has ▁stood ▁the ▁test ▁of ▁time ▁and ▁experiment"
male,2114,"▁this ▁motorcycle ▁greatly ▁glows ▁a ▁purple ▁color . ▁This ▁allows ▁for ▁the ▁tracking ▁of ▁her ▁location , ▁as ▁well ▁as ▁not ▁being ▁able ▁to ▁blend ▁into ▁the ▁surrounding ▁areas ▁while ▁using . 

 Techno - In vis : 

 Name : ▁Techno - In vis . Rank : ▁D . Type : ▁Utility . Duration : ▁ 3 ▁posts . Cooldown : ▁ 4 ▁posts . Description : ▁When ▁getting ▁her ▁magic ▁implemented ▁into ▁her ▁veins ▁and ▁nerves , ▁she ▁was ▁sure ▁to ▁make ▁sure ▁that ▁this ▁ability ▁was ▁implemented ▁first . ▁This ▁was ▁one ▁of ▁the ▁abilities ▁that ▁convinced ▁her ▁to ▁get ▁the ▁procedure , ▁strictly ▁because ▁it ▁would ▁assist ▁her ▁in ▁all ▁things ▁theft ▁and ▁combat . ▁This ▁ability , ▁Techno - In vis ,"
male,2114,"2 0 0 8 / 1 1 / generating - eta gs - for - static - content - 
 using - nginx ) 

 [ 2 ] ▁There ▁are ▁two ▁situations ▁in ▁which ▁it ▁is ▁not ▁( keep ▁in ▁mind ▁that ▁this ▁is ▁for 
 _ static _ ▁content , ▁dynamic ▁is ▁very ▁different ): ▁if ▁somebody ▁will fully ▁touches ▁a 
 file , ▁it ▁will ▁change ▁its ▁Last - Modified ▁but ▁not ▁its ▁checksum , ▁triggering ▁a ▁new 
 send ▁without ▁E Tag ▁but ▁not ▁with ▁it ; ▁and ▁E Tags ▁can ▁be ▁coherent ▁across ▁servers 
 ( even ▁in ▁CD Ns ), ▁the ▁chances ▁of ▁last - modified ▁being ▁exactly ▁the ▁same ▁on ▁all 
 your ▁servers ▁is ▁far ▁smaller . 

 On ▁the"
male,2114,"▁think ▁of ▁as ▁trees . 

 Apache ▁Spring , ▁the ▁year - round ▁water ▁source ▁that ▁was ▁the ▁cause ▁of ▁so ▁much ▁strife ▁in ▁the ▁mid - ▁to ▁late - 1 8 0 0 s . 

 Some ▁of ▁the ▁local ▁Son oran ▁Desert ▁vegetation . 

 And ▁here ▁is ▁our ▁goal , ▁the ▁ruins ▁of ▁Fort ▁Bowie ! ▁After ▁the ▁cool ▁shade ▁of ▁the ▁springs ▁area , ▁this ▁last ▁section ▁of ▁the ▁hike ▁up ▁was ▁a ▁difficult ▁one . ▁Thankfully ▁there ▁was ▁a ▁Visitor ’ s ▁Center ▁at ▁the ▁top ▁with ▁air ▁conditioning , ▁and ▁that ▁is ▁where ▁we ▁headed ▁and ▁rested ▁before ▁venturing ▁back ▁out ▁to ▁look ▁at ▁the ▁ruins . ▁Although ▁truthfully , ▁by ▁the ▁time ▁we ▁got ▁there , ▁we ▁had ▁really ▁ceased"
male,2114,"ur angers ' ▁weapons . ▁By ▁pressing ▁this ▁Ky utama ' s ▁top ▁button ▁before ▁spinning ▁its ▁ring - like ▁disc , ▁he ▁can ▁perform ▁the ▁▁ finish er . ▁This ▁Ky utama ▁was ▁created ▁when ▁Lucky ▁fought ▁alongside ▁his ▁ancestor , ▁Orion . 

 Special 
 These ▁unique ▁Ky utama ▁possess ▁exclusive ▁attributes . ▁Unlike ▁other ▁Ky uta mas , ▁they ▁are ▁inscribed ▁with ▁letters ▁instead ▁of ▁numbers . 
 ▁KR . ▁: ▁A ▁Kamen ▁Rider - based ▁Ky utama ▁that ▁summons ▁Kamen ▁Rider ▁Ex - Aid . ▁This ▁Ky utama ▁was ▁only ▁used ▁once , ▁as ▁it ▁vanished ▁after ▁Ex - Aid ▁finished ▁his ▁deed . 
 ▁SP . ▁: ▁A ▁Ky utama ▁whose ▁power ▁is ▁unknown , ▁but ▁is ▁placed ▁in ▁the ▁Kyu lette"
male,2114,". ▁🙂 

 I ▁find ▁it ▁ironic ▁and ▁sad ▁that ▁this ▁post – calling ▁for ▁tolerance ▁and ▁love – has ▁prompted ▁a ▁string ▁of ▁comments ▁so ▁critical ▁and ▁dis missive ▁of ▁Randy ▁Bott ▁and ▁those ▁who ▁share ▁his ▁view ▁on ▁this ▁topic . 

 Amelia , ▁it ▁sounds ▁like ▁you ▁and ▁j ( wh ) ▁are ▁working ▁this ▁through ▁and ▁are ▁in ▁a ▁good ▁place ▁to ▁build ▁the ▁type ▁of ▁family ▁you ▁envision . ▁Certainly ▁it ▁is ▁possible ▁to ▁build ▁a ▁loving , ▁successful ▁inter faith ▁family – I ▁know ▁many ▁such ▁families ! 

 On ▁the ▁other ▁hand , ▁an ▁inter faith ▁family ▁is ▁not ▁what ▁everyone ▁wants – I ▁know , ▁because ▁it ’ s ▁not ▁what ▁I ▁want . ▁For ▁me , ▁my ▁choice"
male,2114,"}{\ left \ vert ▁ 1 ▁- ▁\ bar ▁\ Theta (\ lambda _ M ) ▁\ Theta (\ lambda _ k )\ right \ vert ^ 2 } ▁( 1 ▁- ▁|\ Theta (\ lambda _ k )| ^ 2 ) ▁\ frac {( 1 ▁- ▁|\ lambda _ k |^ 2 )}{ 1 ▁- ▁|\ Theta (\ lambda _ k )| ^ 2 } ▁| k _{\ lambda _ M }^\ Theta (\ lambda _ k )| ^ 2 \\ 
 & ▁\ le ▁▁▁ \ frac { 1 ▁- ▁|\ Theta (\ lambda _ M )| ^ 2 }{\ left \ vert ▁ 1 ▁- ▁\ bar ▁\ Theta (\ lambda _ M ) ▁\ Theta (\ lambda _ k )\ right \ vert"
male,2114,"▁ 1 9 , ▁ 1 9 9 5 , ▁Sith on ▁commenced ▁its ▁ferry ▁boat ▁operations ▁in ▁Northern ▁Greece . ▁Within ▁days , ▁the ▁propulsion ▁systems ▁of ▁all ▁four ▁boats ▁began ▁to ▁experience ▁various ▁mechanical ▁problems ▁during ▁operation . ▁The ▁four ▁boats ▁could ▁reach ▁speeds ▁of ▁only ▁ 1 6 ▁knots ▁when ▁empty ▁and ▁approximately ▁ 1 2 ▁to ▁ 1 3 ▁knots ▁when ▁full . 
 On ▁June ▁ 1 , ▁Holiday ▁Mansion ▁advised ▁Mercury ▁that ▁the ▁Mercury ▁propulsion ▁systems ▁installed ▁on ▁Sith on ' s ▁boats ▁were ▁not ▁working ▁properly . ▁On ▁June ▁ 5 , ▁Jim ▁Pud dy ▁of ▁Mercury ' s ▁International ▁Service ▁Department ▁concluded ▁that ▁the ▁boats ▁required ▁a ▁ 2 ▁to ▁ 1 ▁gear ▁drive ▁ratio ▁and ▁that ▁the ▁Bravo"
male,2114,"▁heist ▁films 
 Category : 1 9 6 0 s ▁sequel ▁films 
 Category : 1 9 6 0 s ▁spy ▁thriller ▁films 
 Category : German ▁action ▁thriller ▁films 
 Category : German ▁sequel ▁films 
 Category : German ▁spy ▁thriller ▁films 
 Category : German ▁heist ▁films 
 Category : German - language ▁films 
 Category : Films ▁directed ▁by ▁Harald ▁Rein l 
 Category : Films ▁set ▁in ▁the ▁United ▁States 
 Category : Films ▁based ▁on ▁crime ▁novels 
 Category : Films ▁based ▁on ▁German ▁novels 
 Category : Constant in ▁Film ▁films 
 Category : Films ▁shot ▁at ▁Tempel hof ▁Studios <bos> T iran , ▁Iran 

 T iran ▁(, ▁also ▁Roman ized ▁as ▁T ī r ān ; ▁also ▁known ▁as"
male,2114,"According ▁to ▁further ▁aspects ▁of ▁the ▁invention , ▁the ▁capability ▁message ▁is ▁transmitted ▁to ▁the ▁remote ▁site ▁from ▁the ▁mobile ▁station , ▁via ▁an ▁interface ▁comprising , ▁for ▁example , ▁point ▁to ▁point ▁or ▁broadcast ▁mechanisms . ▁The ▁capability ▁request ▁message ▁and ▁the ▁capability ▁message ▁can ▁be ▁part ▁of ▁respective ▁ANSI - 1 3 6 ▁R - data ▁messages . 
 According ▁to ▁other ▁aspects ▁of ▁the ▁invention , ▁the ▁capability ▁message ▁is ▁stored ▁in ▁a ▁storage ▁device ▁that ▁can ▁be ▁accessed ▁by ▁the ▁remote ▁site , ▁and ▁receipt ▁of ▁the ▁capability ▁request ▁message ▁at ▁the ▁mobile ▁station ▁is ▁acknowledged . 
 The ▁foregoing ▁and ▁other ▁aspects ▁of ▁the ▁present ▁invention ▁will ▁become ▁apparent ▁from ▁the ▁following ▁detailed ▁description ▁of ▁the ▁invention ▁when ▁considered ▁in ▁conjunction ▁with"
male,2114,"1 - 3 8 8 7 7 ) ▁and ▁IP ▁project ▁SC ALA . ▁Figures ▁were ▁prepared ▁with ▁help ▁of ▁Q Circuit ▁package . 

 [ 0 ]{ } 

 M . ▁Hor ode cki , ▁P . ▁Hor ode cki , ▁and ▁R . ▁Hor ode cki , ▁Phys . ▁Lett . ▁A ▁[ ** 2 2 3 ** ]{ }, ▁ 1 ▁( 1 9 9 6 ). 

 A . ▁Peres , ▁Phys . ▁Rev . ▁Lett . ▁[ ** 7 7 ** ]{ }, ▁ 1 4 1 3 ▁( 1 9 9 6 ). 

 Al ber ▁G . ▁[* et ▁al . *] {}, ▁[* Quantum ▁Information : ▁An ▁Introduction ▁To ▁Basic ▁Theoretical ▁Concepts ▁And ▁Experiments , ▁Springer ▁Tra cts ▁in"
male,12729,", ▁one ▁of ▁the ▁main ▁actors ▁in ▁Infer nal ▁Affairs , ▁when ▁asked ▁how ▁the ▁movie ▁compares ▁to ▁the ▁original , ▁said : ▁"" The ▁Dep arted ▁was ▁too ▁long ▁and ▁it ▁felt ▁as ▁if ▁Hollywood ▁had ▁combined ▁all ▁three ▁Infer nal ▁Affairs ▁movies ▁together ."" ▁Although ▁Lau ▁said ▁the ▁script ▁of ▁the ▁remake ▁had ▁some ▁"" golden ▁quotes "", ▁he ▁also ▁felt ▁it ▁had ▁a ▁bit ▁too ▁much ▁prof anity . ▁He ▁ultimately ▁rated ▁The ▁Dep arted ▁ 8 / 1 0 ▁and ▁said ▁that ▁the ▁Hollywood ▁remake ▁is ▁worth ▁a ▁view , ▁though ▁according ▁to ▁Lau ' s ▁spokeswoman ▁Alice ▁Tam , ▁he ▁felt ▁that ▁the ▁combination ▁of ▁the ▁two ▁female ▁characters ▁into ▁one ▁in ▁The ▁Dep arted ▁was ▁not ▁as ▁good ▁as ▁the ▁original"
male,12729,"▁even ▁playing ▁field ▁regardless ▁of ▁race ▁or ▁gender . ▁There ▁are ▁some ▁men ▁who ▁are ▁forces ▁to ▁be ▁reckoned ▁with ▁in ▁the ▁field , ▁and ▁others ▁who ▁much ▁prefer ▁being ▁in ▁a ▁lab . ▁And ▁it ’ s ▁exactly ▁the ▁same ▁situation ▁for ▁the ▁women ▁of ▁the ▁show . ▁The ▁skill set ▁of ▁some ▁lies ▁in ▁disse cting ▁dead ▁bodies , ▁while ▁the ▁skill set ▁of ▁others ▁involves ▁punching ▁bad dies ▁in ▁the ▁face . ▁In ▁fact , ▁until ▁recently , ▁the ▁vast ▁majority ▁of ▁the ▁stunt - work ▁on ▁the ▁show ▁has ▁been ▁done ▁by ▁its ▁female ▁field - agents . 

 Lastly , ▁while ▁I ’ ve ▁read ▁many ▁an ▁article ▁about ▁the ▁lack ▁of ▁diversity ▁in ▁Hollywood , ▁and ▁particularly ▁in ▁the ▁superhero ▁genre"
male,12729,"▁be ▁telling ▁the ▁organizations ▁or ▁mom ▁and ▁pop ▁employers ▁to ▁do ▁something ▁against ▁their ▁moral ▁beliefs .” 

 Okay , ▁well ▁guess ▁what . ▁Maybe ▁I ’ ll ▁set ▁up ▁shop ▁in ▁Arizona ▁and ▁start ▁a ▁small ▁business . ▁But ▁I ▁am ▁from ▁a ▁small ▁and ▁little - known ▁religion ▁that ▁doesn ’ t ▁believe ▁in ▁mammo grams ▁or ▁cervical ▁cancer ▁screening . ▁I ▁don ’ t ▁know ▁why , ▁my ▁particular ▁interpretation ▁of ▁my ▁hypothetical ▁holy ▁book ▁just ▁tells ▁me ▁that ▁to ▁test ▁for ▁these ▁diseases ▁to ▁allow ▁early ▁intervention ▁would ▁be ▁an ▁affront ▁to ▁God . ▁So ▁none ▁of ▁my ▁female ▁employees ▁will ▁get ▁to ▁benefit ▁from ▁these ▁forms ▁of ▁healthcare ▁as ▁part ▁of ▁the ▁insurance ▁plan ▁that ▁I ▁provide ▁them . ▁Oh , ▁and"
male,12729,"▁If ▁you ’ re ▁in ▁a ▁tense ▁situation , ▁do ▁you ▁really ▁want ▁to ▁call ▁on ▁the ▁Hulk ▁for ▁back - up ▁over ▁Scarlet ▁Witch ? 

 No ! 

 And ▁yet , ▁there ▁have ▁been ▁zero ▁standalone ▁films ▁centered ▁around ▁a ▁female ▁hero . ▁( Point ▁for ▁DC ▁and ▁Wonder ▁Woman ) 

 With ▁women ▁making ▁up ▁over ▁ 5 0 % ▁of ▁the ▁world ’ s ▁population , ▁it ▁seems ▁pat ently ▁ridiculous ▁that ▁we ▁still ▁only ▁have ▁two ▁women , ▁“ worthy ,” ▁enough ▁to ▁be ▁deemed ▁Avengers . 

 Lucky ▁for ▁Marvel , ▁its ▁television ▁shows ▁are ▁picking ▁up ▁the ▁MCU ’ s ▁slack . 

 While ▁a ▁Black ▁Widow ▁standalone ▁is ▁still ▁seemingly ▁a ▁pipe ▁dream , ▁and ▁the ▁Captain ▁Marvel ▁film"
male,12729,", ▁including ▁one ▁for ▁Choice ▁Movie ▁Lip lock , ▁while ▁handsome ▁Tom ▁Felton ▁was ▁hailed ▁Choice ▁Movie ▁V illian . ▁( via ▁The ▁Guardian ) 

 • ▁John ▁Barrow man ▁recently ▁revealed ▁to ▁The ▁Daily ▁Mirror ▁that ▁legions ▁of ▁female ▁admirers ▁go ▁to ▁great ▁lengths ▁when ▁profess ing ▁their ▁fan ▁devotion . ▁“ Sometimes ▁I ▁get ▁sent ▁kn ickers ▁and ▁occasionally ▁I ▁get ▁requests ▁to ▁send ▁some ▁of ▁my ▁own ▁underwear ▁back ,” ▁the ▁Torch wood : ▁Miracle ▁Day ▁star ▁said . ▁“ I ▁always ▁politely ▁decline . ▁It ’ s ▁not ▁going ▁to ▁happen . ▁I ▁get ▁sent ▁some ▁seriously ▁ra unch y ▁photographs ▁too . ▁They ▁really ▁don ’ t ▁hold ▁back , ▁some ▁of ▁these ▁women . ▁The ▁photographs ▁are ▁filthy ▁but ▁they ’"
male,12729,"▁Mariah ▁Carey ▁£ 1 ▁million ▁to ▁appear ▁on ▁the ▁panel . 

 With ▁just ▁weeks ▁to ▁go ▁until ▁X ▁Factor ▁returns ▁to ▁our ▁screens ▁for ▁its ▁thirteenth ▁series ▁with ▁Simon ▁Cowell ▁has ▁shed ▁light ▁on ▁just ▁how ▁much ▁his ▁co - jud ges ▁are ▁being ▁paid ▁and ▁even ▁let ▁slip ▁that ▁some ▁are ▁paid ▁more ▁than ▁others . 

 According ▁to ▁the ▁Sy Co ▁label ▁boss , ▁Sharon ▁Osbourne ▁and ▁Nicole ▁Scher zinger ▁and ▁former ▁judge ▁Cheryl ▁cost ▁him ▁the ▁most ▁money ▁they ▁paid ▁favourably ▁in ▁comparison ▁to ▁fellow ▁judge ▁Louis ▁Walsh , ▁who ▁is ▁also ▁set ▁to ▁reprise ▁his ▁role ▁on ▁the ▁panel ▁this ▁year . 

 Simon ▁believes ▁paying ▁his ▁female ▁stars ▁more ▁is ▁a ▁pioneering ▁move ▁and ▁a ▁stark ▁contrast ▁to ▁the ▁BBC ,"
male,12729,"1 9 4 0 ’ s ▁setting ▁likely ▁makes ▁it ▁a ▁bit ▁difficult ▁to ▁integrate ▁non - white ▁characters ▁in ▁an ▁appropriate ▁and ▁respectful ▁manner . ▁The ▁setting ▁isn ’ t ▁really ▁a ▁great ▁excuse , ▁something ▁that ▁the ▁Agent ▁Carter ▁writers ▁likely ▁picked ▁up ▁on ▁considering ▁Season ▁ 2 ▁introduced ▁Jason ▁Wilkes ▁as ▁a ▁cer tifiable ▁genius . ▁Peggy ▁Carter ▁is ▁clearly ▁a ▁female ▁role ▁model , ▁who ▁proves ▁time ▁and ▁time ▁again ▁that ▁she ▁is ▁just ▁as ▁capable , ▁if ▁not ▁more ▁so , ▁than ▁many ▁of ▁the ▁men ▁she ▁is ▁forced ▁to ▁deal ▁with ▁in ▁the ▁SSR . 

 While ▁the ▁male ▁to ▁female ▁ratio ▁of ▁Agent ▁Carter ▁isn ’ t ▁necessarily ▁as ▁progressive ▁as ▁it ▁perhaps ▁should ▁be , ▁that ’ s ▁kind"
male,12729,"▁foods ▁is ▁a ▁human ▁right .  

 — ▁Sha di ▁R amey , ▁M . A 

 Sha di ▁is ▁dedicated ▁to ▁organic ▁and ▁non - GMO ▁farming . ▁She ▁is ▁grateful ▁to ▁be ▁connected ▁to ▁the ▁sacred ▁Gan ja ▁plant . ▁She ▁believes ▁that ▁all ▁humans ▁can ▁benefit ▁from ▁the ▁powerful ▁and ▁amazing ▁medicinal ▁properties ▁of ▁hemp ▁and ▁cannabis . 

 Sha di ▁is ▁ecstatic ▁to ▁start ▁a ▁female - owned - and - operated ▁medicinal ▁herb ▁farm . ▁Shakti ▁Herb ▁Farm ▁has ▁long ▁been ▁a ▁dream ▁that ▁is ▁coming ▁to ▁fruition ▁in ▁ 2 0 1 8 ! ▁She ▁is ▁delighted ▁to ▁launch ▁Shakti ▁Herb ▁Farm ▁with ▁a ▁strong ▁team ▁of ▁powerful ▁women ▁on ▁a ▁mission ▁to ▁change ▁the ▁world . 

 In ▁"
male,12729,"▁of ▁the ▁point . ▁Peggy ▁is ▁fighting ▁sexism ▁and ▁striving ▁to ▁prove ▁that ▁she ▁is ▁an ▁agent , ▁full ▁stop . ▁She ▁isn ’ t ▁a ▁female ▁agent , ▁she ’ s ▁just ▁an ▁agent . ▁She ▁can ▁fight ▁with ▁the ▁best ▁of ▁them , ▁banter ▁with ▁the ▁lot ▁of ▁them , ▁and ▁tends ▁to ▁save ▁the ▁day ▁more ▁than ▁any ▁of ▁them . ▁And ▁while ▁there ▁may ▁be ▁less ▁women ▁in ▁Agent ▁Carter ▁than ▁shows ▁taking ▁place ▁in ▁present - day , ▁the ▁women ▁who ▁are ▁present ▁are ▁as ▁far ▁from , ▁“ dam sel ▁in ▁distress ,” ▁as ▁they ▁come . ▁We ’ ve ▁seen ▁Black ▁Wid ows , ▁cunning ▁geniuses , ▁and ▁sharp - wit ted ▁actresses ▁who ▁easily ▁fool ▁men ▁without ▁blinking ▁an"
male,12729,"▁optimally - sized ▁inactive ▁end ▁piece ▁may ▁form ▁better ▁candidates ▁for ▁fertilization , ▁being ▁able ▁to ▁swim ▁faster ▁and ▁for ▁longer ▁when ▁traversing ▁the ▁female ▁reproductive ▁tract ▁[@ holt 2 0 1 5 s perm ]. 

 The ▁basic ▁mechanism ▁by ▁which ▁the ▁flag ellar ▁wave ▁produces ▁propulsion ▁is ▁through ▁the ▁interaction ▁of ▁segments ▁of ▁the ▁filament ▁moving ▁obliquely ▁through ▁the ▁fluid ▁[@ gray 1 9 5 5 prop ulsion ]. ▁Analysis ▁of ▁the ▁flow ▁field ▁( Fig .   \[ fig : results - stream lines \] ) ▁suggests ▁that ▁the ▁lower ▁curvature ▁associated ▁with ▁the ▁inactive ▁end ▁piece ▁enhances ▁the ▁strength ▁of ▁the ▁interaction ▁between ▁the ▁obliquely ▁moving ▁region ▁and ▁the ▁fluid . 

 At ▁high ▁viscous - elastic ▁ratio ▁and ▁w aven umber ,"
male,12729,"▁you . 

 ° ▁David ▁was ▁hesitant ▁to ▁talk ▁about ▁himself , ▁he ▁preferred ▁to ▁listen . ▁To ▁me , ▁that ▁was ▁the ▁mark ▁of ▁a ▁true ▁artist ▁- someone ▁who ▁gathered ▁instead ▁of ▁took . 

 ° ▁Men ▁had ▁a ▁thing ▁for ▁female ▁vulnerability . ▁They ▁wanted ▁to ▁be ▁their ▁hero . 

 ° ▁You ▁can ' t ▁just ▁threaten ▁kids ▁with ▁their ▁futures ▁when ▁they ▁don ' t ▁understand ▁the ▁gravity ▁of ▁time . 

 ° ▁The ▁spec trums ▁of ▁pain ▁were ▁meant ▁to ▁be ▁felt ▁and ▁they ▁were ▁beautiful ▁in ▁their ▁own ▁way ▁because ▁they ▁caused ▁change . 

 ° ▁When ▁you ▁set ▁out ▁to ▁find ▁someone , ▁you ▁don ' t ▁stop ▁until ▁you ▁do . ▁And ▁then ▁you ▁have ▁to ▁deal ▁with"
male,12729,"▁racial ▁makeup ▁of ▁the ▁town ▁was ▁ 9 7 . 0 3 % ▁White , ▁ 1 . 6 2 % ▁Native ▁American , ▁ 0 . 1 3 % ▁Asian , ▁ 0 . 1 3 % ▁from ▁other ▁races , ▁and ▁ 1 . 0 8 % ▁from ▁two ▁or ▁more ▁races . ▁Hispanic ▁or ▁Latino ▁of ▁any ▁race ▁were ▁ 0 . 4 0 % ▁of ▁the ▁population . 

 There ▁were ▁ 2 7 9 ▁households ▁out ▁of ▁which ▁ 3 3 . 3 % ▁had ▁children ▁under ▁the ▁age ▁of ▁ 1 8 ▁living ▁with ▁them , ▁ 6 4 . 5 % ▁were ▁married ▁couples ▁living ▁together , ▁ 9 . 7 % ▁had ▁a ▁female ▁householder ▁with ▁no ▁husband ▁present"
male,12729,"▁who ▁received ▁backlash ▁last ▁month ▁after ▁their ▁highest ▁paid ▁stars ▁were ▁revealed ▁to ▁be ▁men . 

 Speaking ▁about ▁his ▁female ▁co - stars , ▁he ▁told ▁The ▁Sun : ▁“ For ▁once ▁this ▁is ▁good ▁news . ▁Victory . ▁Yeah , ▁they ▁definitely ▁are ▁[ paid ▁more ]. ▁I ▁just ▁don ’ t ▁tell ▁Louis .” 

 The ▁revealing ▁interview ▁also ▁shed ▁light ▁on ▁X ▁Factor ▁USA , ▁which ▁ran ▁for ▁two ▁years ▁between ▁ 2 0 1 0 ▁and ▁ 2 0 1 2 , ▁as ▁Simon ▁confirmed ▁he ▁paid ▁Britney ▁Spears ▁a ▁hefty ▁fee ▁to ▁appear ▁on ▁the ▁panel . 

 Speaking ▁about ▁the ▁comparison ▁between ▁wages , ▁Simon ▁explained : ▁“ If ▁they ▁get ▁the ▁money , ▁it ▁doesn ’ t ▁matter ▁to"
male,12729,"▁hoping ▁they ▁might ▁lead ▁to ▁his ▁father . 

 Meanwhile , ▁in ▁a ▁gri my ▁bar ▁in ▁the ▁anarchist ▁district , ▁Id ril ▁tried ▁to ▁gauge ▁public ▁attitudes ▁toward ▁the ▁city , ▁the ▁system , ▁and ▁the ▁rumoured ▁existence ▁of ▁a ▁Cult ▁of ▁the ▁City ▁and ▁its ▁purported ▁mes siah ▁figure . ▁V ica un ▁and ▁Spire ▁( in ▁its ▁female ▁Tie fling ▁disguise ) ▁were ▁hanging ▁out ▁there ▁and ▁noticed ▁Id ril . ▁They ▁tried ▁to ▁run ▁their ▁usual ▁ 3 - card ▁monte ▁scam , ▁but ▁she ▁didn ’ t ▁bite . ▁Just ▁as ▁she ▁was ▁about ▁to ▁leave ▁in ▁search ▁of ▁the ▁Cult , ▁Spire ▁called ▁out ▁to ▁her . 

 Spire ▁questioned ▁Id ril ▁about ▁her ▁intentions , ▁then ▁offered ▁to ▁set ▁up"
male,12729,"1 6 - or - 4 0 - 0 6 - 3 3 9 2 ]) ▁also ▁demonstrated ▁that ▁serum ▁resist in ▁level ▁was ▁un associated ▁with ▁sex , ▁age ▁and ▁BMI ▁in ▁NSC LC ▁patients . ▁In ▁the ▁present ▁study , ▁the ▁expression ▁of ▁resist in ▁in ▁lung ▁adenocarcinoma ▁tissues ▁also ▁demonstrated ▁no ▁sex ▁differences ▁prior ▁to ▁and ▁following ▁being ▁divided ▁into ▁low ▁and ▁high ▁expression ▁groups . ▁This ▁may ▁be ▁due ▁to ▁there ▁being ▁no ▁significant ▁sex ▁differences ▁for ▁resist in ▁in ▁lung ▁adenocarcinoma ▁patients ; ▁or ▁that ▁the ▁morbidity ▁of ▁lung ▁cancer ▁is ▁increasing ▁annually ▁in ▁female ▁in ▁recent ▁years , ▁the ▁difference ▁between ▁male ▁and ▁female ▁is ▁decreasing ; ▁or ▁that ▁the ▁sample ▁size ▁is ▁small ▁in ▁the ▁present ▁study . ▁Further ▁research"
male,12729,"▁viewed ▁the ▁employment ▁of ▁women ▁as ▁competition ) ▁women ▁should ▁not ▁be ▁employed ▁in ▁jobs ▁for ▁which ▁they ▁lack ▁the ▁physical ▁strength ▁and ▁mental ▁capacity 
 • ▁if ▁necessary , ▁women ▁could ▁be ▁transferred ▁to ▁different ▁tasks ▁involving ▁easier ▁work ▁during ▁menstruation 
 • ▁the ▁provision ▁would ▁be ▁open ▁to ▁uneven ▁application ▁and ▁abuse 
 • ▁women ▁cannot ▁expect ▁to ▁be ▁considered ▁equal ▁with ▁men ▁if ▁they ▁are ▁given ▁special ▁treatment ▁in ▁the ▁law 

 It ▁is ▁worth ▁noting ▁also ▁that ▁the ▁various ▁research ▁projects ▁often ▁revealed ▁that ▁the ▁vast ▁majority ▁of ▁women ▁reported ▁no ▁regular ▁problems ▁or ▁abnormalities ▁with ▁menstruation , ▁and ▁that ▁men ▁commonly ▁reported ▁higher ▁levels ▁of ▁sickness ▁than ▁their ▁female ▁colleagues . ▁Many ▁of ▁the ▁problems ▁experienced ▁by ▁women ▁in ▁the ▁workplace ▁could"
male,12729,"▁plant ▁ecologically ▁with ▁different ▁gall ▁mid ge ▁species ▁inhabiting ▁the ▁leaves , ▁stems , ▁buds , ▁and ▁flowers ▁of ▁cre os ote ▁bush . ▁Each ▁species ▁induces ▁a ▁uniquely ▁shaped ▁gall ▁but ▁the ▁insects ▁are ▁otherwise ▁morpho logically ▁very ▁similar ▁and ▁very ▁difficult ▁to ▁tell ▁apart . 

 Their ▁life ▁cycle ▁begins ▁when ▁the ▁female ▁ovi posits ▁into ▁the ▁part ▁of ▁the ▁plant ▁which ▁her ▁species ▁prefers , ▁she ▁inserts ▁her ▁egg ▁along ▁with ▁a ▁fungal ▁spore ▁from ▁a ▁my cang ia ▁( a ▁small ▁pocket ▁to ▁store ▁fungal ▁spores ). ▁A ▁gall ▁forms ▁and ▁the ▁fungal ▁mycelium ▁grows ▁to ▁line ▁the ▁inside ▁of ▁the ▁gall , ▁when ▁the ▁egg ▁hatches ▁the ▁developing ▁larva ▁feeds ▁upon ▁the ▁fungus . ▁Adult ▁emergence ▁is ▁timed ▁with ▁periods ▁of ▁plant"
male,12729,"▁more ▁races . ▁Hispanic ▁or ▁Latino ▁of ▁any ▁race ▁were ▁ 0 . 9 2 % ▁of ▁the ▁population . 

 There ▁were ▁ 2 , 2 8 3 ▁households ▁out ▁of ▁which ▁ 4 0 . 4 % ▁had ▁children ▁under ▁the ▁age ▁of ▁ 1 8 ▁living ▁with ▁them , ▁ 7 4 . 0 % ▁were ▁married ▁couples ▁living ▁together , ▁ 5 . 3 % ▁had ▁a ▁female ▁householder ▁with ▁no ▁husband ▁present , ▁and ▁ 1 8 . 1 % ▁were ▁non - families . ▁ 1 4 . 3 % ▁of ▁all ▁households ▁were ▁made ▁up ▁of ▁individuals ▁and ▁ 4 . 4 % ▁had ▁someone ▁living ▁alone ▁who ▁was ▁ 6 5 ▁years ▁of ▁age ▁or ▁older . ▁▁ The"
male,12729,"▁agrarian ▁one , ▁changes ▁can ▁be ▁observed ▁in ▁the ▁structure ▁of ▁the ▁shin bone ▁( or ▁tibia ) ▁– ▁and ▁these ▁changes ▁were ▁much ▁more ▁pronounced ▁in ▁men . 

 However , ▁a ▁comparison ▁of ▁the ▁bones ▁of ▁prehistoric ▁women ▁to ▁the ▁bones ▁of ▁living ▁female ▁athletes ▁can ▁help ▁us ▁work ▁out ▁a ▁more ▁accurate ▁picture ▁of ▁what ▁those ▁prehistoric ▁women ▁were ▁doing . 

 “ By ▁analysing ▁the ▁bone ▁characteristics ▁of ▁living ▁people ▁whose ▁regular ▁physical ▁exertion ▁is ▁known , ▁and ▁comparing ▁them ▁to ▁the ▁characteristics ▁of ▁ancient ▁bones , ▁we ▁can ▁start ▁to ▁interpret ▁the ▁kinds ▁of ▁labour ▁our ▁ancestors ▁were ▁performing ▁in ▁pre history ,” ▁Macintosh ▁said . 

 Mac intosh ’ s ▁team ▁recruited ▁Cambridge ▁athletes ▁such ▁as ▁row ers ▁and ▁runners ,"
male,12729,"▁WMA ▁has ▁an ▁AMA ▁charter ▁( the ▁WMA ▁pro ▁class ▁champion ▁is ▁recognized ▁at ▁the ▁AMA ▁Sport ▁Award ▁Banquet ), ▁take ▁as ▁evidence ▁the ▁participation ▁of ▁female ▁racers ▁from ▁as ▁far ▁away ▁as ▁New ▁Zealand ▁( it ▁doesn ’ t ▁get ▁much ▁farther ▁away ▁than ▁that , ▁does ▁it ?) ▁who ▁have ▁come ▁to ▁the ▁US ▁to ▁pursue ▁their ▁dream ▁of ▁success ▁in ▁professional ▁MX ▁racing . 

 Doesn ’ t ▁sound ▁too ▁much ▁different ▁from ▁the ▁men ’ s ▁AMA ▁Super cross ▁and ▁Moto cross , ▁does ▁it ? ▁It ’ s ▁hard ▁not ▁to ▁be ▁impressed ▁by ▁the ▁worldwide ▁prestige ▁the ▁WMA ▁series ▁has ▁attained ▁in ▁the ▁short ▁time ▁since ▁it ▁was ▁started ▁in ▁ 2 0 0 4 . 

 Partly ▁due ▁to ▁the"
male,12729,"0 0 8 ▁in ▁K ake gawa , ▁Japan . ▁The ▁female ▁parent ▁was ▁the ▁proprietary ▁hybrid ▁Cal ibra cho a ▁breeding ▁line ▁named ▁‘ 7 - 3 B - 1 A ’ ▁and ▁had ▁a ▁lavender , ▁pink ▁and ▁rose ▁flower ▁color , ▁large ▁flower ▁size ▁and ▁a ▁m ounding ▁plant ▁growth ▁habit . ▁The ▁male ▁parent ▁was ▁the ▁proprietary ▁hybrid ▁Cal ibra cho a ▁breeding ▁line ▁named ▁‘ 7 B - 1 6 A - 1 ’ ▁characterized ▁by ▁its ▁lavender ▁flower ▁color , ▁medium ▁flower ▁size ▁and ▁a ▁compact ▁plant ▁growth ▁habit . 
 In ▁November ▁ 2 0 0 8 , ▁the ▁parental ▁lines ▁‘ 7 - 3 B - 1 A ’ ▁and ▁‘ 7 B - 1 6 A - 1"
male,12729,"▁in ▁light . ▁Jessie ▁told ▁Steven ▁Cantor ▁during ▁the ▁filming ▁of ▁one ▁of ▁his ▁movies ▁that ▁she ▁had ▁just ▁been ▁playing ▁around ▁and ▁her ▁mother ▁told ▁her ▁to ▁freeze , ▁and ▁she ▁tried ▁to ▁capture ▁the ▁image ▁in ▁a ▁rush ▁because ▁the ▁sun ▁was ▁setting . ▁This ▁explains ▁why ▁everything ▁is ▁blurred ▁except ▁for ▁the ▁tomato , ▁hence ▁the ▁photograph ' s ▁title . ▁This ▁image ▁was ▁likely ▁criticized ▁for ▁Jessie ' s ▁nudity ▁and ▁presentation ▁of ▁the ▁adolescent ▁female ▁form . ▁While ▁Jessie ▁was ▁aware ▁of ▁this ▁photograph , ▁Dana ▁Cox , ▁in ▁her ▁essay , ▁said ▁that ▁the ▁Mann ▁children ▁were ▁probably ▁unaware ▁of ▁the ▁other ▁photographs ▁being ▁taken ▁as ▁Mann ' s ▁children ▁were ▁often ▁naked ▁because ▁“ it ▁came ▁natural ▁to ▁them ”."
male,12729,"▁and ▁aches . ▁Wen zel ▁et ▁al ▁attributed ▁the ▁higher ▁prevalence ▁of ▁"" som atic ▁depression "" ▁in ▁women ▁largely ▁to ▁changes ▁in ▁appetite .^ [@ ref 8 6 ]^ 

 Gender ▁differences ▁can ▁also ▁be ▁found ▁in ▁primary ▁care . ▁Women ▁consistently ▁reported ▁most ▁typical ▁somatic ▁symptoms ▁at ▁least ▁ 5 0 % ▁more ▁often ▁than ▁men . ▁Although ▁mental ▁disorders , ▁above ▁all ▁depressive ▁and ▁anxiety ▁disorders , ▁were ▁found ▁to ▁be ▁correlated ▁with ▁this ▁mode ▁of ▁somatic ▁presentation , ▁there ▁was ▁also ▁an ▁independent ▁female ▁gender ▁effect ▁on ▁somatic ▁symptom ▁reporting .^ [@ ref 8 7 ]^ ▁In ▁a ▁later ▁study ▁Jackson ▁et ▁al ▁found ▁that ▁among ▁primary ▁care ▁patients ▁with ▁somatic ▁symptoms , ▁on ▁the ▁whole , ▁women ▁were ▁younger , ▁more ▁likely"
male,12729,"CIT 0 0 0 2 ]). ▁The ▁declining ▁birth - rate ▁can ▁partly ▁be ▁explained ▁by ▁an ▁increasing ▁age ▁at ▁first ▁birth ▁([ @ CIT 0 0 0 3 ]); ▁furthermore , ▁today ▁there ▁is ▁clear ▁empirical ▁evidence ▁of ▁the ▁postponement ▁of ▁the ▁first ▁child ▁in ▁several ▁countries ▁([ @ CIT 0 0 0 4 ; ▁@ CIT 0 0 0 5 ; ▁@ CIT 0 0 0 6 ]). 

 Higher ▁education ▁has ▁been ▁associated ▁with ▁delayed ▁child bearing ▁([ @ CIT 0 0 0 7 ]), ▁and ▁the ▁association ▁between ▁female ▁education ▁and ▁the ▁age ▁of ▁becoming ▁a ▁first - time ▁parent ▁has ▁been ▁well ▁documented ▁([ @ CIT 0 0 0 8 ; ▁@ CIT 0 0 0 9 ]), ▁showing ▁that ▁highly ▁educated"
male,12729,"0 . ▁: ▁An ▁Ara - based ▁Skill ▁Ky utama . 
 ▁ 5 1 . ▁: ▁A ▁Virgo - based ▁Skill ▁Ky utama ▁that ▁increases ▁the ▁user ' s ▁feminine ▁qualities . ▁If ▁the ▁user ▁is ▁male , ▁it ▁disgu ises ▁them ▁as ▁a ▁female . 
 ▁ 5 2 . ▁: ▁A ▁Can is ▁Major - based ▁Skill ▁Ky utama ▁that ▁enables ▁the ▁user ▁to ▁use ▁the ▁dog ▁fighting ▁style . 
 ▁ 5 3 . ▁: ▁A ▁Tri ang ulum - based ▁Skill ▁Ky utama . 
 ▁ 5 4 . ▁: ▁A ▁Cep heus - based ▁Skill ▁Ky utama ▁that ▁is ▁one ▁of ▁the ▁four ▁components ▁necessary ▁to ▁break ▁J ark ▁Matter ' s ▁powerful ▁barrier ▁protecting ▁the ▁Cru x ▁System . ▁It"
male,12729,"▁week , ▁I ▁observed ▁Barry ▁engaged ▁in ▁multiple ▁conversations ▁with ▁multiple ▁female ▁employees , ▁sometimes  
 lasting ▁ 2 0 - 3 0 ▁minutes ▁at ▁a ▁time . ▁▁ In ▁the ▁course ▁of ▁one ▁day , ▁I ▁would ▁suspect ▁that ▁he ▁worked ▁six ▁of ▁eight ▁hours . ▁▁ Barry ▁should  
 have ▁had ▁a ▁full ▁week ' s ▁worth ▁of ▁work ▁to ▁do , ▁but ▁if ▁for ▁some ▁reason ▁he ▁did ▁not , ▁he ▁never ▁bothered ▁to ▁offer ▁assistance ▁to ▁his  
 project ▁team ▁member ▁with ▁demo ▁scripts , ▁or ▁ask ▁for ▁additional ▁work . ▁ 
  
 The ▁bulk ▁of ▁the ▁memo ▁was ▁directed ▁to ▁other ▁types ▁of ▁examples ▁of ▁poor ▁job ▁performance ▁on ▁Moore ' s ▁part . ▁As ▁can ▁be"
male,12729,"▁his ▁life ▁also ▁want ▁Ph ull u ▁to ▁move ▁to ▁a ▁big ▁city ▁and ▁find ▁work . ▁But ▁he ' s ▁adamant ▁about ▁staying ▁back ▁in ▁the ▁village . 

 Finally , ▁a ▁turning ▁point ▁in ▁Ph ull u ' s ▁life ▁comes ▁when ▁he ▁finds ▁out ▁about ▁menstruation ▁through ▁a ▁female ▁doctor ▁at ▁a ▁chemist ' s ▁shop ▁on ▁one ▁of ▁his ▁city ▁visits . ▁He ▁finally ▁begins ▁to ▁understand ▁why ▁his ▁wife ▁needs ▁the ▁cloth , ▁and ▁why ▁she ▁suffers ▁from ▁itching ▁every ▁night . 

 He ▁then ▁takes ▁rather ▁drastic ▁step ▁of ▁using ▁all ▁the ▁money ▁reserved ▁for ▁the ▁last ▁installment ▁payment ▁for ▁his ▁sister ' s ▁jewellery ▁to ▁get ▁a ▁whole ▁lot ▁of ▁sanitary ▁pads . ▁His ▁furious ▁mother ▁kicks ▁him ▁out ▁of"
male,12729,"▁ 1 ▁case ▁of ▁male ▁pseud oher ma phro di tism , ▁ 7 ▁cases ▁of ▁mixed ▁gon adal ▁dys genesis , ▁ 1 ▁case ▁of ▁true ▁her ma phro di tism , ▁ 3 2 ▁cases ▁of ▁female ▁pseud oher ma phro di tism , ▁ 1 1 ▁normal ▁girls ▁with ▁ure th rov ag inal ▁confluence ▁and ▁ 8 ▁cases ▁of ▁clo acal ▁mal formation . ▁Among ▁the ▁patients ▁of ▁the ▁first ▁ 2 ▁groups ▁ 1 0 ▁had ▁an ▁imper for ate ▁anus , ▁ 7 ▁the ▁prune ▁belly ▁syndrome , ▁ 6 ▁Down ' s ▁syndrome ▁and ▁ 2 ▁posterior ▁ure thral ▁valves . <bos> Late ▁complications ▁of ▁radiotherapy ▁for ▁nas oph aryngeal ▁carcinoma . 
 To ▁evaluate ▁and ▁assemble ▁late ▁complications ▁of"
male,12729,"▁women ▁are ▁more ▁likely ▁to ▁pursue ▁careers ▁and ▁postpone ▁having ▁children ▁([ @ CIT 0 0 0 5 ]). ▁Women \' s ▁labour ▁force ▁participation ▁has ▁been ▁associated ▁with ▁postponement ▁largely ▁due ▁to ▁the ▁incompatibility ▁of ▁caring ▁for ▁children ▁and ▁participation ▁in ▁the ▁paid ▁labour ▁force . ▁However , ▁it ▁has ▁been ▁possible ▁to ▁combine ▁female ▁employment ▁and ▁child bearing ▁when ▁the ▁reduction ▁in ▁work -- family ▁conflict ▁was ▁facilitated ▁by ▁state ▁or ▁policy ▁interventions , ▁such ▁as ▁in ▁some ▁Scandinavian ▁countries ▁([ @ CIT 0 0 1 0 ; ▁@ CIT 0 0 1 1 ]). 

 It ▁seems , ▁however , ▁that ▁postponed ▁child bearing ▁is ▁a ▁result ▁of ▁several ▁different ▁reasons . ▁For ▁example , ▁efficient ▁and ▁reliable ▁oral ▁contraception ▁has ▁had ▁an ▁impact"
male,12729,"▁women ▁are ▁more ▁likely ▁to ▁pursue ▁careers ▁and ▁postpone ▁having ▁children ▁([ @ CIT 0 0 0 5 ]). ▁Women \' s ▁labour ▁force ▁participation ▁has ▁been ▁associated ▁with ▁postponement ▁largely ▁due ▁to ▁the ▁incompatibility ▁of ▁caring ▁for ▁children ▁and ▁participation ▁in ▁the ▁paid ▁labour ▁force . ▁However , ▁it ▁has ▁been ▁possible ▁to ▁combine ▁female ▁employment ▁and ▁child bearing ▁when ▁the ▁reduction ▁in ▁work -- family ▁conflict ▁was ▁facilitated ▁by ▁state ▁or ▁policy ▁interventions , ▁such ▁as ▁in ▁some ▁Scandinavian ▁countries ▁([ @ CIT 0 0 1 0 ; ▁@ CIT 0 0 1 1 ]). 

 It ▁seems , ▁however , ▁that ▁postponed ▁child bearing ▁is ▁a ▁result ▁of ▁several ▁different ▁reasons . ▁For ▁example , ▁efficient ▁and ▁reliable ▁oral ▁contraception ▁has ▁had ▁an ▁impact"
male,12729,"5 ▁round ▁work ▁of ▁art ▁by ▁two ▁female ▁Nak ▁Mu ays ▁in ▁a ▁rematch ▁at ▁the ▁ 1 0 5 ▁lb / ▁ 4 8 ▁kg ▁mini ▁fly weight ▁division . ▁The ▁blue ▁corner ▁was ▁the ▁taller ▁and ▁more ▁aggressive ▁style ▁fighter , ▁as ▁the ▁red ▁corner ▁was ▁content ▁to ▁be ▁the ▁counter ▁fighter . 

 From ▁the ▁opening ▁bell ▁the ▁blue ▁corner ▁was ▁attempting ▁to ▁set ▁the ▁pace ▁by ▁using ▁her ▁lead ▁leg ▁to ▁establish ▁range . ▁The ▁red ▁corner ▁was ▁wise ▁enough ▁to ▁stay ▁just ▁out ▁of ▁range ▁and ▁counter ▁with ▁hopping ▁lead ▁leg ▁push ▁kicks ▁of ▁her ▁own . ▁As ▁the ▁fight / round ▁went ▁on ▁the ▁red ▁corner ▁started ▁to ▁evade ▁and ▁counter ▁the ▁blue ▁corners ▁attack ▁using ▁precise ▁timing ▁and ▁low ▁kicks"
male,12729,"0 1 5 . 

 W .   V . ▁Holt ▁and ▁A .   Fa zeli . ▁Do ▁sperm ▁possess ▁a ▁molecular ▁passport ? ▁mechanistic ▁insights ▁into ▁sperm ▁selection ▁in ▁the ▁female ▁reproductive ▁tract . ▁, ▁ 2 1 ( 6 ): 4 9 1 – 5 0 1 , ▁ 2 0 1 5 . 

 J .   Gray ▁and ▁G . J . ▁Hancock . ▁The ▁propulsion ▁of ▁sea - urch in ▁spermato zoa . ▁, ▁ 3 2 ( 4 ): 8 0 2 – 8 1 4 , ▁ 1 9 5 5 . 

 R .   Jean ner et , ▁M .   Cont ino , ▁and ▁M .   Pol in . ▁A ▁brief ▁introduction ▁to ▁the ▁model"
male,12729,"▁longer ▁stance ▁time ▁and ▁double ▁support ▁time . ▁A ▁decrease ▁of ▁knee ▁extension ▁strength ▁and ▁visual ▁acuity ▁and ▁knee ▁joint ▁pain ▁are ▁factors ▁affecting ▁gait ▁in ▁the ▁female ▁older ▁adults . ▁Decreased ▁knee ▁extension ▁strength ▁and ▁knee ▁joint ▁pain ▁mainly ▁affect ▁respective ▁distance ▁and ▁time ▁parameters ▁of ▁the ▁gait . <bos> I ' ve ▁learned ▁the ▁nitrogen ▁vacancies ▁used ▁in ▁Mem rist ors ▁are ▁for ▁"" switching "", ▁between ▁excited ▁states ▁and ▁inhibited ▁states , ▁akin ▁to ▁our ▁neurons ▁and ▁SYN APS ES ▁abilities ▁to ▁generate ▁EP SP s ▁and ▁IP SP s , ▁this ▁is ▁the ▁entire ▁point ▁to ▁Mem rist ors ▁and ▁D ARP As ▁Sy NAP SE ▁program , ▁em ulating ▁Ne urons .. 

 So ▁in ▁the ▁mem ristor , ▁N Vs ▁("
male,12729,", ▁USA ), ▁using ▁an ▁ABI ▁Prism ▁Big Dye ▁terminator ▁cycle ▁sequencing ▁ready ▁reaction ▁kit , ▁version ▁ 1 . 1 ▁( Applied ▁Bios ystems ). ▁The ▁Big Dye ▁X Terminator ▁purification ▁kit ▁was ▁used ▁as ▁purification ▁method ▁for ▁DNA ▁sequencing ▁with ▁the ▁purpose ▁of ▁removing ▁unincorporated ▁Big Dye ▁termin ators . ▁The ▁presence ▁of ▁the ▁* NPR 2 * ▁variant ▁in ▁both ▁affected ▁daughters ▁was ▁also ▁confirmed ▁using ▁Sanger ▁sequencing . 

 Isolation ▁and ▁culture ▁of ▁skin ▁fibroblasts ▁and ▁c GMP ▁determinations ▁{# s 4 } 
 ---------------- ---------------- ---------------- ---------------- - 

 Skin ▁biopsies ▁were ▁taken ▁from ▁the ▁pro band ▁and ▁a ▁healthy ▁ 3 7 - year - old ▁female ▁( height ▁ 1 7 1 ▁cm , ▁+ 0 . 0 7 ▁standard"
male,12729,"▁rig ours ▁we ▁put ▁our ▁bodies ▁through ,” ▁said ▁lead ▁author ▁Alison ▁Macintosh ▁of ▁the ▁University ▁of ▁Cambridge ’ s ▁Department ▁of ▁Archaeology ▁and ▁Anthropology . 

 “ Physical ▁impact ▁and ▁muscle ▁activity ▁both ▁put ▁strain ▁on ▁bone , ▁called ▁loading . ▁The ▁bone ▁reacts ▁by ▁changing ▁in ▁shape , ▁curvature , ▁thickness ▁and ▁density ▁over ▁time ▁to ▁accommodate ▁repeated ▁strain .” 

 Previous ▁studies ▁only ▁compared ▁female ▁bones ▁to ▁contemporary ▁male ▁bones , ▁the ▁researchers ▁said ▁– ▁and ▁that ’ s ▁a ▁problem , ▁because ▁the ▁response ▁of ▁male ▁bones ▁to ▁stress ▁and ▁change ▁is ▁much ▁more ▁visibly ▁dramatic ▁than ▁that ▁of ▁women . 

 For ▁instance , ▁as ▁humans ▁moved ▁from ▁a ▁hunter - gather er ▁lifestyle ▁constantly ▁on ▁the ▁move ▁to ▁a ▁more ▁settled"
male,12729,"▁ 1 6 ▁years ▁or ▁more , ▁requiring ▁R PD s ▁with ▁one ▁to ▁three ▁missing ▁teeth ▁in ▁the ▁anterior ▁region ▁of ▁either ▁the ▁upper ▁or ▁lower ▁arch ▁participated . ▁A ▁modified ▁semi - structured ▁interviewer - administered ▁questionnaire ▁was ▁used ▁to ▁collect ▁data ▁on ▁socio demo graphics ▁and ▁oral ▁health ▁variables . ▁The ▁level ▁of ▁satisfaction ▁was ▁assessed ▁using ▁a ▁visual ▁analogue ▁scale . ▁Data ▁were ▁analysed ▁using ▁descriptive ▁and ▁multivariate ▁statistics ▁at ▁a ▁significance ▁level ▁of ▁P ▁< ▁ 0 . 0 5 . ▁The ▁participants ' ▁ages ▁ranged ▁between ▁ 1 6 ▁and ▁ 5 1 ▁years , ▁mean ▁age ▁was ▁ 3 3 . 8 ▁± ▁ 1 0 . 0 1 ▁years . ▁Male : ▁female ▁ratio ▁was ▁ 1 : 1"
male,12729,"1 

 ▁▁   • ▁female ▁( 1 8 7 ) ▁▁▁▁▁▁▁▁▁▁▁▁▁▁▁▁▁▁▁▁▁▁▁▁▁▁▁▁▁▁▁ ▁▁▁▁ 1 0 3 . 4 ▁( 1 2 . 2 ) ▁▁▁ 1 0 1 . 4 ▁( 1 3 . 2 ) ▁▁▁▁▁▁▁▁▁ - 2 . 1 ▁( 5 . 9 ) ▁▁▁▁▁▁▁▁▁▁▁▁▁ - 2 . 9 ;- 1 . 2 ▁▁▁ ** \< 0 . 0 0 1 ** ▁▁▁▁▁▁▁▁▁▁▁▁▁▁▁▁▁▁▁▁▁▁▁▁▁▁▁▁▁▁▁ ▁▁▁▁▁▁▁▁ 0 . 5 0 

 ▁▁   • ▁male ▁( 1 6 5 ) ▁▁▁▁▁▁▁▁▁▁▁▁▁▁▁▁▁▁▁▁▁▁▁▁▁▁▁▁▁▁▁ ▁▁▁▁▁▁ 1 1 2 . 8 ▁( 1 2 . 6 ) ▁▁▁ 1 1 1 . 6 ▁( 1 2 . 6 ) ▁▁▁▁▁▁▁▁▁ - 1 . 3 ▁( 5 . 6 ) ▁▁▁▁▁▁▁▁▁▁▁▁▁ - 2 . 1 ;- 0 . 4 ▁▁▁ ** 0"
male,12729,"▁and ▁moves ▁jointly ▁therewith . ▁A ▁withdrawal ▁process ▁is ▁used ▁to ▁remove ▁the ▁produced ▁pressed ▁articles ▁from ▁the ▁mold . 
 This ▁known ▁metal ▁powder ▁press ▁gives ▁rise ▁to ▁considerable ▁costs ▁with ▁respect ▁to ▁mechanical ▁construction ▁and ▁also ▁re tool ing ▁since ▁for ▁every ▁different ▁pressed ▁article ▁a ▁set ▁of ▁linkage ▁cores ▁corresponding ▁to ▁this ▁pressed ▁article ▁must ▁be ▁prepared ▁and ▁exchanged , ▁aside ▁from ▁the ▁special ▁tool ▁set ▁including ▁the ▁female ▁mold , ▁top ▁punch ▁and ▁bottom ▁punch . ▁Added ▁to ▁this ▁is ▁the ▁cost ▁of ▁the ▁guide ▁plate ▁and ▁the ▁mechanically ▁operated ▁locking ▁device ▁for ▁rigidly ▁coupling ▁the ▁guide ▁plate ▁to ▁the ▁die ▁plate . ▁There ▁also ▁remains ▁the ▁problem ▁of ▁friction ▁between ▁the ▁bottom ▁punch ▁with ▁respect ▁to ▁its ▁rotational ▁movement ▁and ▁the ▁female"
male,12729,"▁the ▁cure ▁rate ▁was ▁ 1 0 0   %. Table ▁ 1 Characteristics ▁and ▁outcomes ▁of ▁B PF ▁patients Age \ 
 ( y ) Gender Initial ▁symptom Surgical ▁method Bron ch ople ural ▁fist ulae Size ▁( mm ) Treatment ▁times Cure ▁time ▁( d ) Follow ▁up 1 4 8 male Low ▁fever Right ▁P NY 3 5 3 5 alive 2 5 6 male High ▁fever Right ▁P NY 3 . 5 5 3 5 alive 3 5 0 male Blood ▁sputum Left ▁P NY 1 3 2 1 alive 4 7 1 male Irrit ating ▁cough Left ▁upper ▁L BY 1 . 5 4 2 8 alive 5 5 7 female Low ▁fever Right ▁upper ▁L BY 4 5 3 5 alive"
male,12729,"▁and ▁append ▁the ▁radio ' s , ▁the ▁new ▁group ▁is ▁also ▁having ▁the ▁same ▁name , ▁that ' s ▁why ▁you ▁can ▁only ▁select ▁one ▁from ▁all ▁the ▁radio ' s . ▁ 
 To ▁resolve ▁this , ▁you ▁have ▁to ▁make ▁the ▁radio ' s ▁name ▁different ▁for ▁each ▁group . ▁Maintain ▁a ▁counter ▁like ▁thing ▁with ▁the ▁name ▁and ▁every ▁thing ▁will ▁be ▁fine . 
 Ex : 

 < p > 
 Block ▁ 1  
 </ p > 
 < input ▁type ="" radio "" ▁name ="" gender 1 "" ▁value ="" 1 "" ▁/> Male < br ▁/> 
 < input ▁type ="" radio "" ▁name ="" gender 1 "" ▁▁ value ="" 2 "" ▁/> Female < br ▁/>"
male,12729,"▁μ mol / l ▁Cy 3 - labeled ▁h si RNA , ▁and ▁live ▁cell ▁imaging ▁was ▁performed ▁over ▁time . ▁All ▁live ▁cell ▁confocal ▁images ▁were ▁acquired ▁with ▁a ▁Leica ▁DM ▁I RE 2 ▁confocal ▁microscope ▁using ▁ 6 3 x ▁oil ▁immersion ▁objective ▁( Buffalo ▁Grove , ▁IL ), ▁and ▁images ▁were ▁processed ▁using ▁Image J ▁( 1 . 4 7 v ) ▁software . 

 * Stere ota xic ▁injections .* ▁F VB / NJ ▁mice ▁( 5 0 % ▁male ▁and ▁ 5 0 % ▁female ▁for ▁each ▁dose ▁group , ▁ 6 -- 8 ▁weeks ▁old ) ▁were ▁deeply ▁anesthe tized ▁with ▁ 1 . 2 % ▁A vert in ▁( Sigma ; ▁\# T 4 8 4 0 2 ) ▁and"
male,12729,"▁to ▁measure ▁how ▁much ▁men ▁agreed ▁or ▁disagreed ▁with ▁statements ▁about ▁the ▁roles ▁and ▁entitlements ▁of ▁men ▁and ▁women . ▁We ▁used ▁a ▁ 5 - point ▁Lik ert ▁scale , ▁where ▁Strongly ▁Agree ▁= ▁ 5 , ▁Agree ▁= ▁ 4 , ▁Neither ▁Agree ▁Nor ▁Disagree ▁= ▁ 3 , ▁Disagree ▁= ▁ 2 , ▁and ▁Strongly ▁Disagree ▁= ▁ 1 . ▁The ▁scale ▁score ▁was ▁the ▁sum ▁of ▁item ▁scores ▁divided ▁by ▁the ▁number ▁of ▁items . ▁The ▁scale ▁score ▁range ▁was ▁ 1 ‐ 5 , ▁and ▁a ▁higher ▁scale ▁score ▁indicated ▁a ▁higher ▁support ▁for ▁traditional ▁gender ▁roles ▁( male ▁dominance ). ▁Scale ▁reliability ▁in ▁this ▁sample ▁was ▁good ▁( Chron bach ' s ▁alpha ▁= ▁. 6 6 ). 

 ### ▁Sp"
male,12729,". 6 9 ▁± ▁ 2 2 . 1 5 
 ▁▁ p ▁value ▁▁▁▁▁▁▁▁▁▁▁▁ 0 . 0 0 9 8 ▁▁▁▁▁▁▁▁▁▁▁▁▁▁▁▁▁▁▁▁▁▁▁ p ▁\< ▁ 0 . 0 0 0 1 ▁▁▁▁▁ p ▁\< ▁ 0 . 0 0 0 1 ▁▁▁▁▁ p ▁\< ▁ 0 . 0 0 0 1 
 ▁▁ Sex ▁▁▁▁▁▁▁▁▁▁▁▁▁▁▁▁▁▁▁▁▁▁▁▁▁▁▁▁▁▁▁ ▁▁▁▁▁▁▁▁▁▁▁▁▁▁▁▁▁▁▁▁▁▁▁▁▁▁▁▁▁▁▁ ▁▁▁▁▁▁▁▁▁▁▁▁▁▁▁ 
 ▁▁ Male ▁▁▁▁▁▁▁▁▁▁▁▁▁▁▁ 6 . 5 9 ▁± ▁ 3 . 8 8 ▁▁▁▁▁▁▁▁▁▁▁▁▁▁▁▁▁▁ 8 . 8 4 ▁± ▁ 6 . 8 1 ▁▁▁▁▁ 2 1 . 2 3 ▁± ▁ 1 2 . 0 8 ▁▁▁ 4 0 . 9 4 ▁± ▁ 2 1 . 6 1 
 ▁▁ Female ▁▁▁▁▁▁▁▁▁▁▁▁▁ 6 . 8 4 ▁± ▁ 4 . 3 8 ▁▁▁▁▁▁▁▁▁▁▁▁▁▁▁▁▁▁ 1 0 . 9"
male,12729,". S . C . 
 Defendant ▁moves ▁for ▁partial ▁summary ▁judgment . 
 The ▁question ▁presented ▁is ▁which ▁statute ▁of ▁limitations ▁is ▁applicable ▁to ▁a ▁NJ LAD ▁case ▁based ▁on ▁employment ▁discrimination . 
 On ▁May ▁ 1 1 , ▁ 1 9 8 9 , ▁the ▁plaintiff ▁filed ▁a ▁complaint ▁alleging ▁a ▁continuing ▁pattern ▁of ▁employment ▁discrimination ▁on ▁the ▁part ▁of ▁her ▁current ▁employer , ▁Super markets ▁General ▁Corporation . ▁Specifically , ▁the ▁plaintiff ▁contends ▁that ▁she ▁was ▁denied ▁promotional ▁opportunities ▁from ▁ 1 9 7 9 ▁to ▁the ▁present , ▁and ▁that ▁positions ▁for ▁which ▁she ▁was ▁equally ▁qualified ▁were ▁given ▁to ▁younger , ▁usually ▁male ▁employees . ▁Count ▁One ▁of ▁the ▁Complaint ▁alleges ▁violations ▁of ▁the ▁New ▁Jersey ▁Laws ▁Against ▁Discrimination ▁( N"
male,12729,"
 Category : British ▁films 
 Category : 1 9 3 0 s ▁drama ▁films 
 Category : English - language ▁films 
 Category : Films ▁directed ▁by ▁Dimitri ▁Buch ow etz ki 
 Category : British ▁drama ▁films 
 Category : British ▁films ▁based ▁on ▁plays 
 Category : British ▁multilingual ▁films 

 Category : British ▁black - and - white ▁films 
 Category : 1 9 3 0 s ▁multilingual ▁films <bos> More ▁efficient ▁breeding ▁systems ▁for ▁controlling ▁in breeding ▁and ▁effective ▁size ▁in ▁animal ▁populations . 
 A ▁selection ▁scheme ▁and ▁a ▁mating ▁scheme ▁are ▁proposed ▁to ▁control ▁the ▁in breeding ▁and ▁genetic ▁drift ▁in ▁conserved ▁or ▁control ▁animal ▁populations ▁with ▁different ▁numbers ▁of ▁males ▁and ▁females . ▁Recur rence ▁equations ▁for ▁the ▁in"
male,12729,"male ” ▁types ▁emerge ▁as ▁the ▁persons ▁to ▁beat : ▁Kenny , ▁who ▁zi ps ▁through ▁three ▁of ▁the ▁four ▁stages ▁in ▁first ▁place ▁( including ▁breaking ▁down ▁four ▁whole ▁chickens ▁at ▁a ▁rate ▁of ▁ 1 0 ▁seconds ▁per ), ▁and ▁Angelo , ▁who ▁ultimately ▁wins ▁the ▁Quick fire ▁( and ▁$ 2 0 , 0 0 0 ) ▁with ▁his ▁roasted ▁wing ▁& ▁thigh , ▁curry ▁onion ▁jam , ▁and ▁potato ▁noodles . 

 Playing ▁the ▁role ▁of ▁hub ris tic ▁culinary ▁hot shot ▁to ▁the ▁hilt , ▁Angelo ▁also ▁emerges ▁as ▁the ▁early ▁villain ▁of ▁Season ▁Seven , ▁announcing ▁his ▁absurd ▁ambition ▁“ to ▁be ▁the ▁first ▁contestant ▁to ▁win ▁every ▁single ▁challenge ” ▁and ▁li kening ▁his ▁cooking ▁to ▁“ an ▁orchestra ▁with"
male,12729,". 
 Juvenile ▁idio pathic ▁arthritis ▁( J IA ) ▁and ▁Crohn ' s ▁disease ▁( CD ) ▁are ▁diseases ▁that ▁are ▁rarely ▁seen ▁in ▁the ▁black ▁African ▁child . ▁CD ▁has ▁been ▁reported ▁to ▁occur ▁following ▁therapy ▁with ▁et aner cept ▁in ▁J IA ▁patients . ▁We ▁report ▁the ▁case ▁of ▁a ▁Nigerian ▁child ▁with ▁J IA ▁who ▁developed ▁CD ▁following ▁treatment ▁for ▁J IA . ▁A ▁ 9 - year - old ▁male ▁with ▁J IA ▁was ▁referred ▁to ▁the ▁pediatric ▁gastroenter ology ▁unit ▁of ▁the ▁Lagos ▁University ▁Teaching ▁Hospital ▁on ▁the ▁account ▁of ▁chronic ▁diarrhea ▁with ▁occasional ▁passage ▁of ▁bloody ▁stools . ▁He ▁had ▁been ▁on ▁pred nis olone ▁and ▁meth otre x ate ▁which ▁had ▁controlled ▁the ▁joint ▁flares . ▁Colon oscopy ▁revealed"
male,12729,", ▁Count ▁Nes sel rode , ▁Lord ▁Grey , ▁and ▁François ▁Gu iz ot ▁gave ▁Dorothea ▁Lie ven ▁the ▁opportunity ▁to ▁exercise ▁authority ▁in ▁the ▁diplomatic ▁councils ▁of ▁Great ▁Britain , ▁France , ▁and ▁Russia . 

 In ▁ 1 8 3 4 ▁Prince ▁Lie ven ▁was ▁recalled ▁from ▁London , ▁and ▁was ▁named ▁Governor ▁to ▁the ▁young ▁C zare v itch , ▁later ▁Emperor ▁Alexander ▁II . ▁Despite ▁her ▁residence ▁in ▁London , ▁the ▁Princess ▁had ▁already ▁been ▁appointed ▁senior ▁lady - in - waiting ▁to ▁the ▁Empress ▁Alexandra ▁in ▁ 1 8 2 9 . ▁Soon ▁after ▁the ▁Lie vens ▁returned ▁to ▁Russia , ▁their ▁two ▁youngest ▁sons ▁died ▁suddenly . ▁This ▁tragedy ▁and ▁her ▁declining ▁health ▁caused ▁the ▁Princess ▁to ▁leave ▁her ▁native ▁land"
male,12729,"her ▁hope ▁for ▁future ? 

 MATERIALS ▁AND ▁METHODS ▁{# sec 1 - 2 } 
 ================ ===== 

 This ▁was ▁a ▁correl ational ▁study . ▁The ▁statistical ▁population ▁included ▁all ▁state ▁hospital \' s ▁staffs ▁in ▁Shiraz - who ▁were ▁selected ▁randomly ▁using ▁the ▁sample ▁size ▁formula ▁for ▁correl ational ▁studies ▁and ▁matched ▁with ▁Cohen \' s ▁table ▁of ▁sample ▁size . \[ [@ ref 4 2 ] \] ▁Out ▁of ▁the ▁ 2 5 0 ▁selected ▁participants , ▁ 2 1 2 ▁questionnaires ▁were ▁returned ▁( 8 5 . 2 %). ▁Females ▁( 1 5 6 ▁people ) ▁formed ▁ 7 3 . 6 % ▁and ▁males ▁( 5 6 ▁people ) ▁formed ▁ 2 6 . 4 % ▁of ▁the ▁sample ▁size . ▁In"
male,12729,"▁ok . ▁She ' s ▁a ▁pretty ▁tough ▁ol ' ▁lady . ▁She ▁can ▁still ▁run ▁circles ▁around ▁me ▁and ▁she ' s ▁old ▁enough ▁to ▁be ▁my ▁mother ! ▁She ' s ▁a ▁force ▁to ▁be ▁reckoned ▁with ... ▁reckon ▁I ' ll ▁pass . ▁I ' ve ▁suffered ▁plenty ▁of ▁her ▁butt ▁kicking ▁over ▁the ▁past ▁ 3 5 ▁years . ▁The ▁target ▁may ▁be ▁larger , ▁but ▁I ▁try ▁to ▁keep ▁it ▁covered . 

 My ▁sweet ▁daughter ▁helped ▁me ▁get ▁the ▁food ▁in ▁order . ▁( Bless ▁you !) ▁We ▁ate , ▁chatted , ▁I ▁held ▁the ▁baby ... ▁lots , ▁sat ▁outside ▁and ▁sw el tered , ▁some ▁had ▁after ▁dinner ▁coffee , ▁some ▁had ▁wine . ▁The ▁baby ▁had ▁liquid ▁gold"
male,12729,"▁Fc , ▁which ▁is ▁found ▁in ▁antibodies . ▁This ▁makes ▁the ▁product ▁last ▁longer ▁in ▁the ▁patient ' s ▁blood . 

 “ The ▁approval ▁of ▁this ▁product ▁provides ▁an ▁additional ▁therapeutic ▁option ▁for ▁use ▁in ▁the ▁care ▁of ▁patients ▁with ▁Hem ophilia ▁A ,"" ▁said ▁Karen ▁M idth un , ▁M . D ., ▁director ▁of ▁the ▁FDA ' s ▁Center ▁for ▁Bio log ics ▁Evaluation ▁and ▁Research . 

 Hem ophilia ▁A ▁is ▁an ▁inherited , ▁sex - linked , ▁blood ▁clotting ▁disorder , ▁which ▁primarily ▁affects ▁males , ▁and ▁is ▁caused ▁by ▁defects ▁in ▁the ▁Factor ▁VIII ▁gene . ▁Hem ophilia ▁A ▁affects ▁ 1 ▁in ▁every ▁ 5 , 0 0 0 ▁males ▁born ▁in ▁the ▁United ▁States . ▁People ▁with ▁Hem ophilia"
male,12729,"9 9 9 ▁as ▁to ▁case ▁number ▁ 9 3 - 8 3 - CR - T - 2 6 B . 

 ▁▁▁▁▁▁▁▁▁▁▁ On ▁June ▁ 2 8 , ▁ 1 9 9 9 , ▁Grant ▁filed ▁a ▁notice ▁of ▁appeal ▁which ▁stated ▁that ▁he ▁was ▁appealing ▁"" the ▁Judgment 
 and ▁Com mitt ment ▁[ sic ] ▁entered ▁in ▁this ▁action ▁on ▁June ▁ 1 8 , ▁ 1 9 9 9 ."" 2 ▁The ▁notice ▁of ▁appeal , ▁however , ▁bore ▁only 
 one ▁case ▁number , ▁ 9 8 - 1 9 8 - CR - T - 2 6 C ▁( the ▁failure ▁to ▁appear ▁case ). 

 ▁▁▁▁▁▁▁▁▁▁▁ On ▁August ▁ 3 1 , ▁ 1 9 9 9 , ▁Grant"
male,12729,"
 EX POSE ▁ 3 0 0 0 
 ENTRY POINT ▁/ app / bin / h uru 

 I ▁build ▁like ▁so : 
 docker ▁build ▁- t ▁hur u ▁. 

 and ▁run ▁like ▁so : 
 docker ▁run ▁- it ▁- p ▁ 3 0 0 0 : 3 0 0 0 ▁hur u 

 for ▁some ▁reason ▁when ▁I ▁go ▁to ▁localhost : 3 0 0 0 ▁with ▁the ▁browser , ▁I ▁get ▁ 

 I ▁have ▁exposed ▁servers ▁running ▁in ▁containers ▁to ▁the ▁host ▁machine ▁before ▁so ▁not ▁sure ▁what ' s ▁going ▁on . 

 A : 

 From ▁the ▁information ▁provided ▁in ▁the ▁question ▁if ▁you ▁see ▁logs ▁of ▁the ▁application 
 ( docker ▁logs ▁< container _ id >)"
male,12729,"▁the ▁shelves ▁or ▁bins ▁to ▁the ▁truck ▁platform ▁or ▁from ▁the ▁truck ▁platform ▁to ▁the ▁storage ▁shelves . ▁This , ▁of ▁course , ▁is ▁a ▁hazardous , ▁time ▁consuming ▁and ▁arduous ▁process . 
 Prior ▁art ▁shows ▁various ▁approaches ▁to ▁the ▁problem . ▁U . S . ▁Pat . ▁No . ▁ 3 , 6 4 3 , 8 2 5 ▁discloses ▁a ▁side - loading ▁handling ▁device ▁which ▁incorporates ▁a ▁carriage ▁adapted ▁to ▁be ▁moved ▁at ▁right ▁angles ▁to ▁the ▁pr ongs ▁of ▁the ▁fork . ▁A ▁turntable ▁is ▁rot at ably ▁mounted ▁on ▁the ▁carriage ▁and ▁includes ▁a ▁mast ▁structure ▁which , ▁in ▁turn , ▁is ▁provided ▁with ▁a ▁carriage ▁adapted ▁to ▁be ▁moved ▁vertically . ▁The ▁arrangement ▁disclosed ▁is , ▁in ▁effect , ▁a"
male,12729,"▁leaves , ▁a ▁rat ▁traces ▁across ▁the ▁balcony . 

 Cast ▁ 

 ▁Leonardo ▁DiCaprio ▁as ▁William ▁"" Billy "" ▁Cos ti gan 
 ▁Matt ▁Damon ▁as ▁Colin ▁Sullivan 
 ▁Conor ▁Donovan ▁as ▁young ▁Colin 
 ▁Jack ▁Nicholson ▁as ▁Francis ▁"" Frank "" ▁Costello 
 ▁Mark ▁Wahl berg ▁as ▁Sgt . ▁Sean ▁Dig nam 
 ▁Martin ▁Sheen ▁as ▁Capt . ▁Oliver ▁Queen an 
 ▁Ray ▁W inst one ▁as ▁Arnold ▁French 
 ▁Vera ▁Farm iga ▁as ▁Dr . ▁Mad olyn ▁Madden 
 ▁Alec ▁Baldwin ▁as ▁Capt . ▁George ▁Eller by 
 ▁Anthony ▁Anderson ▁as ▁Trooper ▁Brown 
 ▁Kevin ▁Cor rigan ▁as ▁Sean ▁Cos ti gan 
 ▁James ▁Badge ▁Dale ▁as ▁Trooper ▁Bar rigan 
 ▁David ▁O ' Hara ▁as ▁Patrick ▁"" Fit zy "" ▁Fitz gib bons"
husband,9493,"▁to ▁follow ? Ain ' t ▁karma ▁such ▁a ▁bitch ? ▁Wak ak aka . 

 But ▁wait , ▁I ▁apologise ▁for ▁boring ▁you ▁with ▁this ▁sense ▁of ▁outrage ▁at ▁the ▁blatant ▁double ▁standards ▁because ▁I ▁kept ▁forgetting ▁that ' s ▁UM NO , ▁wak ak aka . 

 And ▁that ' s ▁why , ▁to ▁reiterate , ▁UM NO ▁is ▁a ▁nest ▁of ▁vip ers ▁with ▁mucho ▁Machia vel lian ▁activities ▁and ▁schemes , ▁wak ak aka , ▁which ▁BTW ▁should ▁also ▁include ▁Anwar ' s ▁attempted ▁move ▁against ▁Mahat hir ▁back ▁in ▁ 1 9 9 8 . 

 And ▁to ▁show ▁my ▁argument ▁is ▁true ▁that ▁UM NO ▁blo kes ▁like ▁Ku ▁Li ▁and ▁Anwar ▁( and ▁indeed ▁even ▁Mahat hir ▁himself ) ▁prefer"
husband,9493,"▁to ▁follow ? Ain ' t ▁karma ▁such ▁a ▁bitch ? ▁Wak ak aka . 

 But ▁wait , ▁I ▁apologise ▁for ▁boring ▁you ▁with ▁this ▁sense ▁of ▁outrage ▁at ▁the ▁blatant ▁double ▁standards ▁because ▁I ▁kept ▁forgetting ▁that ' s ▁UM NO , ▁wak ak aka . 

 And ▁that ' s ▁why , ▁to ▁reiterate , ▁UM NO ▁is ▁a ▁nest ▁of ▁vip ers ▁with ▁mucho ▁Machia vel lian ▁activities ▁and ▁schemes , ▁wak ak aka , ▁which ▁BTW ▁should ▁also ▁include ▁Anwar ' s ▁attempted ▁move ▁against ▁Mahat hir ▁back ▁in ▁ 1 9 9 8 . 

 And ▁to ▁show ▁my ▁argument ▁is ▁true ▁that ▁UM NO ▁blo kes ▁like ▁Ku ▁Li ▁and ▁Anwar ▁( and ▁indeed ▁even ▁Mahat hir ▁himself ) ▁prefer"
husband,9493,"▁to ▁follow ? Ain ' t ▁karma ▁such ▁a ▁bitch ? ▁Wak ak aka . 

 But ▁wait , ▁I ▁apologise ▁for ▁boring ▁you ▁with ▁this ▁sense ▁of ▁outrage ▁at ▁the ▁blatant ▁double ▁standards ▁because ▁I ▁kept ▁forgetting ▁that ' s ▁UM NO , ▁wak ak aka . 

 And ▁that ' s ▁why , ▁to ▁reiterate , ▁UM NO ▁is ▁a ▁nest ▁of ▁vip ers ▁with ▁mucho ▁Machia vel lian ▁activities ▁and ▁schemes , ▁wak ak aka , ▁which ▁BTW ▁should ▁also ▁include ▁Anwar ' s ▁attempted ▁move ▁against ▁Mahat hir ▁back ▁in ▁ 1 9 9 8 . 

 And ▁to ▁show ▁my ▁argument ▁is ▁true ▁that ▁UM NO ▁blo kes ▁like ▁Ku ▁Li ▁and ▁Anwar ▁( and ▁indeed ▁even ▁Mahat hir ▁himself ) ▁prefer"
husband,9493,"▁to ▁follow ? Ain ' t ▁karma ▁such ▁a ▁bitch ? ▁Wak ak aka . 

 But ▁wait , ▁I ▁apologise ▁for ▁boring ▁you ▁with ▁this ▁sense ▁of ▁outrage ▁at ▁the ▁blatant ▁double ▁standards ▁because ▁I ▁kept ▁forgetting ▁that ' s ▁UM NO , ▁wak ak aka . 

 And ▁that ' s ▁why , ▁to ▁reiterate , ▁UM NO ▁is ▁a ▁nest ▁of ▁vip ers ▁with ▁mucho ▁Machia vel lian ▁activities ▁and ▁schemes , ▁wak ak aka , ▁which ▁BTW ▁should ▁also ▁include ▁Anwar ' s ▁attempted ▁move ▁against ▁Mahat hir ▁back ▁in ▁ 1 9 9 8 . 

 And ▁to ▁show ▁my ▁argument ▁is ▁true ▁that ▁UM NO ▁blo kes ▁like ▁Ku ▁Li ▁and ▁Anwar ▁( and ▁indeed ▁even ▁Mahat hir ▁himself ) ▁prefer"
husband,9493,"▁In ▁fact , ▁a ▁book ▁called ▁“ UFO ’ s ▁in ▁the ▁Qur ’ an ” ▁claims ▁that ▁the ▁U . S . ▁government ▁is ▁being ▁run ▁by ▁aliens ▁or ▁evil ▁spirits . ▁That ’ s ▁Skull ▁& ▁Bones . ▁They ▁tell ▁their ▁members ▁they ’ d ▁always ▁be ▁protected ▁from ▁corruption ▁charges . ▁So ▁a ▁Harvard ▁University ▁professor , ▁just ▁because ▁he ▁goes ▁to ▁Harvard , ▁is ▁told ▁he ’ d ▁always ▁be ▁protected ▁from ▁rape ▁accusations , ▁and ▁no ▁matter ▁what ▁crime ▁he ▁commits , ▁it ’ s ▁going ▁to ▁be ▁ok . 

 But ▁this ▁is ▁not ▁the ▁way ▁God ’ s ▁government ▁works . ▁This ▁is ▁not ▁something ▁Jesus ▁would ▁stand ▁for . ▁Cor rupt ▁people ▁are ▁going ▁to ▁hell , ▁and ▁nothing"
husband,9493,"▁adults ▁ 2 5 - 5 4 ▁and ▁ 1 8 - 4 9 ▁for ▁the ▁night ,"" ▁the ▁network ▁said ▁in ▁a ▁statement . 

 This ▁season ▁is ▁poised ▁to ▁explore ▁some ▁family ▁problems ▁within ▁the ▁large ▁Chapman ▁family ▁— ▁daughter ▁"" Baby "" ▁Ly ssa ▁Chapman ' s ▁March ▁arrest ▁will ▁air ▁on ▁an ▁episode , ▁as ▁will ▁tensions ▁between ▁Chapman ▁and ▁his ▁oldest ▁son , ▁Duane ▁Lee . 

 "" I ▁love ▁you , ▁dad . ▁This ▁is ▁Travis . ▁I ▁want ▁to ▁go ▁home . ▁I ▁don ' t ▁like ▁it ▁here ,"" ▁the ▁boy ▁told ▁his ▁father ▁also ▁named ▁Travis . ▁They ▁gained ▁custody ▁after ▁an ▁audio ▁recording ▁surfaced ▁that ▁allegedly ▁showed ▁the ▁father ▁beating ▁the ▁child ▁with ▁a ▁belt . 

"
husband,9493,"▁adults ▁ 2 5 - 5 4 ▁and ▁ 1 8 - 4 9 ▁for ▁the ▁night ,"" ▁the ▁network ▁said ▁in ▁a ▁statement . 

 This ▁season ▁is ▁poised ▁to ▁explore ▁some ▁family ▁problems ▁within ▁the ▁large ▁Chapman ▁family ▁— ▁daughter ▁"" Baby "" ▁Ly ssa ▁Chapman ' s ▁March ▁arrest ▁will ▁air ▁on ▁an ▁episode , ▁as ▁will ▁tensions ▁between ▁Chapman ▁and ▁his ▁oldest ▁son , ▁Duane ▁Lee . 

 "" I ▁love ▁you , ▁dad . ▁This ▁is ▁Travis . ▁I ▁want ▁to ▁go ▁home . ▁I ▁don ' t ▁like ▁it ▁here ,"" ▁the ▁boy ▁told ▁his ▁father ▁also ▁named ▁Travis . ▁They ▁gained ▁custody ▁after ▁an ▁audio ▁recording ▁surfaced ▁that ▁allegedly ▁showed ▁the ▁father ▁beating ▁the ▁child ▁with ▁a ▁belt . 

"
husband,9493,"▁have ▁an ▁entirely ▁different ▁perspective ▁of ▁the ▁memo ▁than ▁the ▁rest ▁of ▁the ▁world . ▁And ▁DDT ▁will ▁be ▁delighted ▁because ▁he ▁gets ▁all ▁his ▁advice ▁from ▁Fox . ▁He ▁told ▁friends ▁that ▁the ▁release ▁of ▁the ▁memo ▁would ▁allow ▁him ▁to ▁argue ▁FBI ▁prejudice ▁against ▁him . ▁Most ▁people , ▁however , ▁as ▁saying , ▁“ That ’ s ▁it ?” ▁The ▁memo . 

 Russia ▁This ▁Week : 

 DDT ▁backed ▁off ▁on ▁his ▁guarantee ▁because ▁lawyers ▁are ▁afraid ▁that ▁he ’ ll ▁lie ▁to ▁them . ▁Seventy - one ▁percent ▁of ▁people ▁in ▁the ▁U . S . ▁agree ▁that ▁he ▁should ▁agree ▁to ▁an ▁interview ▁with ▁Mueller , ▁and ▁ 8 2 ▁percent ▁of ▁them ▁want ▁it ▁under ▁oath — 9 3 ▁percent"
husband,9493,"▁Mandate ▁of ▁Heaven , ▁wak ak aka . 

 Mand ate ▁of ▁Heaven 

 In ▁this ▁regard , ▁yes , ▁we ▁could ▁say ▁Mahat hir ▁had ▁been ▁treacherous ▁to ▁Ku ▁Li ▁in ▁not ▁keeping ▁his ▁words , ▁an ▁agreement ▁to ▁make ▁the ▁latter ▁as ▁his ▁DPM ▁as ▁Ku ▁Li ▁had ▁willingly ▁given ▁way ▁to ▁him ▁to ▁be ▁deputy ▁president ▁UM NO ▁and ▁of ▁course ▁the ▁PM , ▁but ▁then ▁what ▁do ▁you ▁expect ▁when ▁that ' s ▁UM NO , ▁a ▁veritable ▁nest ▁of ▁vip ers . 

 Nonetheless , ▁why ▁has ▁he ▁( Ma hat hir ) ▁complained ▁about ▁A AB ▁and ▁Najib ▁not ▁keeping ▁their ▁word ▁to ▁him ? ▁Didn ' t ▁he ▁set ▁the ▁example ▁vis - a - vis ▁Ku ▁Li ▁for ▁them"
husband,9493,"▁obligation ▁to ▁remain ▁in ▁his ▁vehicle ▁--- ▁and ▁he ▁exited ▁his ▁vehicle ▁when ▁Martin ▁disappeared ▁from ▁sight . 

 Zimmer man ▁called ▁the ▁police ▁before ▁Martin ▁jumped ▁him ▁--- ▁and ▁MSNBC ▁deleted ▁parts ▁of ▁the ▁recorded ▁discussion ▁and ▁broadcast ▁it ▁to ▁make ▁it ▁look ▁like ▁Zimmerman ▁was ▁targeting ▁Martin ▁because ▁Martin ▁was ▁black ▁--- ▁rather ▁than ▁tail ing ▁Martin ▁because ▁he ▁was ▁wandering ▁around ▁in ▁the ▁dark ▁in ▁a ▁neighborhood ▁which ▁had ▁recently ▁suffered ▁some ▁break - ins ▁and ▁thwarted ▁other ▁break - ins . 

 This ▁was ▁MSNBC ' s ▁attempt ▁to ▁lynch ▁a ▁straw ▁horse , ▁a ▁so - called ▁"" white "" ▁Hispanic . ▁MSNBC ▁needed ▁a ▁black - white ▁confrontation ▁to ▁promote ▁their ▁own ▁racist , ▁anti - white ▁narrative ▁that ▁America ▁is"
husband,9493,"▁obligation ▁to ▁remain ▁in ▁his ▁vehicle ▁--- ▁and ▁he ▁exited ▁his ▁vehicle ▁when ▁Martin ▁disappeared ▁from ▁sight . 

 Zimmer man ▁called ▁the ▁police ▁before ▁Martin ▁jumped ▁him ▁--- ▁and ▁MSNBC ▁deleted ▁parts ▁of ▁the ▁recorded ▁discussion ▁and ▁broadcast ▁it ▁to ▁make ▁it ▁look ▁like ▁Zimmerman ▁was ▁targeting ▁Martin ▁because ▁Martin ▁was ▁black ▁--- ▁rather ▁than ▁tail ing ▁Martin ▁because ▁he ▁was ▁wandering ▁around ▁in ▁the ▁dark ▁in ▁a ▁neighborhood ▁which ▁had ▁recently ▁suffered ▁some ▁break - ins ▁and ▁thwarted ▁other ▁break - ins . 

 This ▁was ▁MSNBC ' s ▁attempt ▁to ▁lynch ▁a ▁straw ▁horse , ▁a ▁so - called ▁"" white "" ▁Hispanic . ▁MSNBC ▁needed ▁a ▁black - white ▁confrontation ▁to ▁promote ▁their ▁own ▁racist , ▁anti - white ▁narrative ▁that ▁America ▁is"
husband,9493,". ▁Israel ’ s ▁identity ▁is ▁now ▁big ▁enough ▁and ▁strong ▁enough ▁to ▁live ▁on ▁beyond ▁that ▁first ▁particular ▁group ▁of ▁people ▁who ▁fled ▁from ▁Egypt . ▁Israel ▁is ▁now ▁an ▁idea , ▁ready ▁to ▁plant ▁itself ▁in ▁the ▁ground ▁and ▁become ▁a ▁nation . ▁That ’ s ▁the ▁scroll ▁of ▁Numbers . 

 DE UTER ONOMY 

 “ Deuter onomy ,” ▁or ▁de var im ▁in ▁Hebrew , ▁is ▁the ▁last ▁of ▁the ▁five ▁sections ▁of ▁Torah . ▁It ▁starts ▁and ▁ends ▁with ▁narrative ▁bits , ▁but ▁the ▁bulk ▁of ▁the ▁book ▁consists ▁of ▁laws ▁and ▁admon itions ▁to ▁the ▁people ▁of ▁Israel , ▁presumably ▁from ▁the ▁priests . ▁There ▁is ▁a ▁lot ▁of ▁new ▁material , ▁but ▁also ▁much ▁that ▁is ▁recycled ▁and ▁expanded ▁from"
husband,9493,". ▁Israel ’ s ▁identity ▁is ▁now ▁big ▁enough ▁and ▁strong ▁enough ▁to ▁live ▁on ▁beyond ▁that ▁first ▁particular ▁group ▁of ▁people ▁who ▁fled ▁from ▁Egypt . ▁Israel ▁is ▁now ▁an ▁idea , ▁ready ▁to ▁plant ▁itself ▁in ▁the ▁ground ▁and ▁become ▁a ▁nation . ▁That ’ s ▁the ▁scroll ▁of ▁Numbers . 

 DE UTER ONOMY 

 “ Deuter onomy ,” ▁or ▁de var im ▁in ▁Hebrew , ▁is ▁the ▁last ▁of ▁the ▁five ▁sections ▁of ▁Torah . ▁It ▁starts ▁and ▁ends ▁with ▁narrative ▁bits , ▁but ▁the ▁bulk ▁of ▁the ▁book ▁consists ▁of ▁laws ▁and ▁admon itions ▁to ▁the ▁people ▁of ▁Israel , ▁presumably ▁from ▁the ▁priests . ▁There ▁is ▁a ▁lot ▁of ▁new ▁material , ▁but ▁also ▁much ▁that ▁is ▁recycled ▁and ▁expanded ▁from"
husband,9493,". ▁Israel ’ s ▁identity ▁is ▁now ▁big ▁enough ▁and ▁strong ▁enough ▁to ▁live ▁on ▁beyond ▁that ▁first ▁particular ▁group ▁of ▁people ▁who ▁fled ▁from ▁Egypt . ▁Israel ▁is ▁now ▁an ▁idea , ▁ready ▁to ▁plant ▁itself ▁in ▁the ▁ground ▁and ▁become ▁a ▁nation . ▁That ’ s ▁the ▁scroll ▁of ▁Numbers . 

 DE UTER ONOMY 

 “ Deuter onomy ,” ▁or ▁de var im ▁in ▁Hebrew , ▁is ▁the ▁last ▁of ▁the ▁five ▁sections ▁of ▁Torah . ▁It ▁starts ▁and ▁ends ▁with ▁narrative ▁bits , ▁but ▁the ▁bulk ▁of ▁the ▁book ▁consists ▁of ▁laws ▁and ▁admon itions ▁to ▁the ▁people ▁of ▁Israel , ▁presumably ▁from ▁the ▁priests . ▁There ▁is ▁a ▁lot ▁of ▁new ▁material , ▁but ▁also ▁much ▁that ▁is ▁recycled ▁and ▁expanded ▁from"
husband,9493,". ▁Israel ’ s ▁identity ▁is ▁now ▁big ▁enough ▁and ▁strong ▁enough ▁to ▁live ▁on ▁beyond ▁that ▁first ▁particular ▁group ▁of ▁people ▁who ▁fled ▁from ▁Egypt . ▁Israel ▁is ▁now ▁an ▁idea , ▁ready ▁to ▁plant ▁itself ▁in ▁the ▁ground ▁and ▁become ▁a ▁nation . ▁That ’ s ▁the ▁scroll ▁of ▁Numbers . 

 DE UTER ONOMY 

 “ Deuter onomy ,” ▁or ▁de var im ▁in ▁Hebrew , ▁is ▁the ▁last ▁of ▁the ▁five ▁sections ▁of ▁Torah . ▁It ▁starts ▁and ▁ends ▁with ▁narrative ▁bits , ▁but ▁the ▁bulk ▁of ▁the ▁book ▁consists ▁of ▁laws ▁and ▁admon itions ▁to ▁the ▁people ▁of ▁Israel , ▁presumably ▁from ▁the ▁priests . ▁There ▁is ▁a ▁lot ▁of ▁new ▁material , ▁but ▁also ▁much ▁that ▁is ▁recycled ▁and ▁expanded ▁from"
husband,9493,"▁of ▁local ▁Israeli ▁stations : ▁one ▁broadcasts ▁news ▁from ▁Y NET , ▁the ▁other ▁broadcasts ▁them ▁from ▁Channel ▁ 1 0 . ▁Israeli ▁Army ▁Radio ▁general ▁public ▁stations ▁broadcast ▁the ▁same ▁news ▁capsule ▁every ▁hour , ▁and ▁IBA ' s ▁Kol ▁Israel ▁stations ▁broadcast ▁theirs . 

 See ▁also 

 ▁List ▁of ▁news ▁channels 
 ▁Template : Japanese ▁television ▁networks 
 ▁Television ▁news ▁music ▁package 
 ▁List ▁of ▁news ▁presenters 
 ▁United ▁States ▁cable ▁news 
 ▁United ▁States ▁television ▁news 
 ▁Television ▁news ▁screen ▁layout 
 Live ▁streaming ▁world ▁news 

 Footnotes 

 Further ▁reading 

 ▁Charles ▁L . ▁Ponce ▁de ▁Leon , ▁That ' s ▁the ▁Way ▁It ▁Is : ▁A ▁History ▁of ▁Television ▁News ▁in ▁America . ▁Chicago : ▁University ▁of ▁Chicago ▁Press , ▁"
husband,9493,"▁I ▁am ▁not ▁sure ▁what ▁is ▁to ▁happen ▁with ▁this ▁pair , ▁but ▁I ▁love ▁them ▁together ! ▁Don ’ t ▁know ▁why – maybe ▁it ▁is ▁the ▁older ▁guy ▁thing – the ▁maturity ▁and ▁knowledge ▁that ▁younger ▁males ▁seem ▁to … ▁lack . ▁Ah m . ▁Anyway , ▁the ▁romantic ▁relationships ▁are ▁not ▁nearly ▁as ▁complicated ▁in ▁Vampire ▁Academy ▁as ▁in ▁the ▁Blue ▁Blood s ▁series . ▁Don ’ t ▁get ▁me ▁wrong – love ▁them ▁both ▁and ▁really ▁love ▁the ▁complications ▁as ▁an ▁outside ▁looking ▁in – that ’ s ▁it . ▁🙂 

 ” ’ That ’ s ▁part ▁of ▁it , ▁‘ ▁he ▁said . ▁‘ But ▁also … ▁well , ▁you ▁and ▁I ▁will ▁both ▁be ▁L issa ’ s ▁guardians ▁someday"
husband,9493,"▁I ▁am ▁not ▁sure ▁what ▁is ▁to ▁happen ▁with ▁this ▁pair , ▁but ▁I ▁love ▁them ▁together ! ▁Don ’ t ▁know ▁why – maybe ▁it ▁is ▁the ▁older ▁guy ▁thing – the ▁maturity ▁and ▁knowledge ▁that ▁younger ▁males ▁seem ▁to … ▁lack . ▁Ah m . ▁Anyway , ▁the ▁romantic ▁relationships ▁are ▁not ▁nearly ▁as ▁complicated ▁in ▁Vampire ▁Academy ▁as ▁in ▁the ▁Blue ▁Blood s ▁series . ▁Don ’ t ▁get ▁me ▁wrong – love ▁them ▁both ▁and ▁really ▁love ▁the ▁complications ▁as ▁an ▁outside ▁looking ▁in – that ’ s ▁it . ▁🙂 

 ” ’ That ’ s ▁part ▁of ▁it , ▁‘ ▁he ▁said . ▁‘ But ▁also … ▁well , ▁you ▁and ▁I ▁will ▁both ▁be ▁L issa ’ s ▁guardians ▁someday"
husband,9493,"▁open ▁and ▁shut ▁case , ▁this ▁is ▁it ▁..."" 
 [ 9 ] ▁▁ Before ▁Ku hlmann , ▁a ▁change ▁in ▁applicable ▁law ▁seemed ▁to ▁guarantee ▁reconsideration ▁in ▁the ▁Eleventh ▁Circuit . ▁This ▁court ▁is ▁aware ▁of ▁no ▁published ▁case ▁regarding ▁successive ▁petitioners ▁in ▁which ▁the ▁Eleventh ▁Circuit ▁has ▁ever ▁denied ▁reconsideration ▁where ▁there ▁was ▁an ▁intervening ▁change ▁in ▁law ▁which ▁applied ▁retro actively ▁to ▁a ▁prisoner . ▁Cf ▁Young ▁v . ▁Kemp , ▁ 7 5 8 ▁F . 2 d ▁ 5 1 4 ▁( 1 1 th ▁Cir . 1 9 8 5 ); ▁Smith ▁v . ▁Kemp , ▁ 7 1 5 ▁F . 2 d ▁ 1 4 5 9 ▁( 1 1 th ▁Cir . 1 9 8 3 ); ▁Fleming"
husband,9493,"▁ 2 0 1 1 . 

 This ▁fight ▁took ▁place ▁in ▁Sho oto . 

 “ Ram bo ” ▁almost ▁caught ▁O chi ▁with ▁an ▁ar mbar ▁in ▁the ▁first ▁round . ▁But ▁O chi ▁came ▁back ▁and ▁KO ’ d ▁Kos uke ▁in ▁the ▁second ▁round . ▁That ▁was ▁“ Ram bo ” ‘ s ▁first ▁pro ▁defeat ▁in ▁seven ▁fights . <bos> -- recursive 
 -- require ▁@ babel / register 
 <bos> Accounting 

 Surf ▁Works ▁offer ▁a ▁range ▁of ▁accounting ▁services ▁suitable ▁for ▁all ▁types ▁of ▁business . ▁Below , ▁we ▁have ▁listed ▁packages ▁suitable ▁for ▁sole ▁traders , ▁partnerships ▁and ▁limited ▁companies . ▁The ▁packages ▁can ▁be ▁fully ▁tailored ▁to ▁your ▁requirements ▁by ▁adding ▁extra ▁services ▁to ▁create ▁the ▁exact ▁service"
husband,9493,"
 is ▁becoming ▁realized ▁while ▁the ▁ideals ▁the ▁Founders ▁stood ▁for ▁seems ▁to ▁be 
 radic ally ▁misunderstood .” 

 “ No , ▁wait 
 a ▁minute .” 

 “ No . ▁These ▁people ? 
 They ▁are ▁afraid . ▁And ▁maybe ▁for 
 too ▁long ▁we ’ ve ▁all ▁just ▁passively ▁accepted ▁that ▁those ▁elected ▁officials ▁embody 
 the ▁ideals ▁they ▁are ▁sworn ▁to ▁uphold . ▁We 
 haven ’ t ▁kept ▁an ▁eye ▁on ▁them . ▁Now ▁their ▁grand standing ▁seems ▁divided ▁on ▁party ▁lines , ▁exacerbated ▁by ▁the ▁tension ▁in ▁the ▁air .” 

 “ That ’ s 
 not ▁the ▁law . ▁That ▁is ▁not ▁what ▁it 
 says . ▁We ▁have ▁a ▁responsibility ▁to ▁the 
 citizens ▁of ▁this ▁country . ▁And"
husband,9493,"(), 
 ▁▁▁▁ success : ▁function ▁( data ) ▁{ 
 ▁▁▁▁▁▁▁▁ console . log ( data ); 
 ▁▁▁▁ }, 
 ▁▁▁▁ error : ▁function ( jq XHR , ▁textStatus , ▁errorMessage ) ▁{ 
 ▁▁▁▁▁▁▁▁ console . log ( errorMessage ); ▁// ▁Optional 
 ▁▁▁▁ } 
 }); 
 }) 

 and ▁that ' s ▁my ▁AJAX ▁code . ▁But ▁when ▁I ▁click ▁on ▁Search ▁button ▁it ▁redirects ▁me ▁to ▁the ▁new ▁page ▁and ▁nothing ▁in ▁the ▁console ▁log . ▁I ▁do ▁not ▁know ▁what ▁is ▁wrong ▁in ▁my ▁code . 
 I ▁return ▁a ▁JSON ▁from ▁the ▁'/ age / min _ age / max _ age ' ▁page , ▁but ▁the ▁result ▁shows ▁in ▁the ▁new ▁page . 
 How ▁can ▁I ▁fix"
husband,9493,"(), 
 ▁▁▁▁ success : ▁function ▁( data ) ▁{ 
 ▁▁▁▁▁▁▁▁ console . log ( data ); 
 ▁▁▁▁ }, 
 ▁▁▁▁ error : ▁function ( jq XHR , ▁textStatus , ▁errorMessage ) ▁{ 
 ▁▁▁▁▁▁▁▁ console . log ( errorMessage ); ▁// ▁Optional 
 ▁▁▁▁ } 
 }); 
 }) 

 and ▁that ' s ▁my ▁AJAX ▁code . ▁But ▁when ▁I ▁click ▁on ▁Search ▁button ▁it ▁redirects ▁me ▁to ▁the ▁new ▁page ▁and ▁nothing ▁in ▁the ▁console ▁log . ▁I ▁do ▁not ▁know ▁what ▁is ▁wrong ▁in ▁my ▁code . 
 I ▁return ▁a ▁JSON ▁from ▁the ▁'/ age / min _ age / max _ age ' ▁page , ▁but ▁the ▁result ▁shows ▁in ▁the ▁new ▁page . 
 How ▁can ▁I ▁fix"
husband,9493,"6 ▁billion ▁versus ▁ 7 4 0 ▁billion ▁total , ▁or ▁ 4 . 7 %. ▁If ▁this ▁doesn ' t ▁scare ▁you ▁wit less , ▁nothing ▁will . ▁Your ▁mind ▁is ▁gone . ▁You ▁have ▁exited ▁the ▁reality ▁highway . ▁You ▁have ▁achieved ▁the ▁nirvana ▁of ▁total ▁mental ▁drift , ▁and ▁you ▁are ▁floating ▁in ▁a ▁warm ▁sea ▁of ▁dis association . ▁There ▁is ▁also ▁WIC , ▁which ▁at ▁ 4 . 8 ▁billion ▁in ▁FY ▁ 2 0 1 2 ▁gets ▁us ▁to ▁more ▁like ▁ 9 . 5 % ▁of ▁basic ▁food ▁expenditures . All ▁this ▁money , ▁and ▁the ▁increasing ▁population ▁is ▁buying ▁less ▁food ▁per ▁capita ? ▁This ▁is ▁Japanese - style ▁deflation . ▁The ▁following ▁BEA - generated ▁chart ▁shows ▁CURRENT"
husband,9493,"6 ▁billion ▁versus ▁ 7 4 0 ▁billion ▁total , ▁or ▁ 4 . 7 %. ▁If ▁this ▁doesn ' t ▁scare ▁you ▁wit less , ▁nothing ▁will . ▁Your ▁mind ▁is ▁gone . ▁You ▁have ▁exited ▁the ▁reality ▁highway . ▁You ▁have ▁achieved ▁the ▁nirvana ▁of ▁total ▁mental ▁drift , ▁and ▁you ▁are ▁floating ▁in ▁a ▁warm ▁sea ▁of ▁dis association . ▁There ▁is ▁also ▁WIC , ▁which ▁at ▁ 4 . 8 ▁billion ▁in ▁FY ▁ 2 0 1 2 ▁gets ▁us ▁to ▁more ▁like ▁ 9 . 5 % ▁of ▁basic ▁food ▁expenditures . All ▁this ▁money , ▁and ▁the ▁increasing ▁population ▁is ▁buying ▁less ▁food ▁per ▁capita ? ▁This ▁is ▁Japanese - style ▁deflation . ▁The ▁following ▁BEA - generated ▁chart ▁shows ▁CURRENT"
husband,9493,"▁interpret ▁the ▁meaning ▁of ▁the ▁message . ▁This ▁is ▁privacy ▁in ▁action . 

 And ▁here ' s ▁an ▁excerpt ▁from ▁the ▁First ▁Monday ▁article : 

 Furthermore , ▁many ▁parents ▁reported ▁that ▁they ▁helped ▁their ▁children ▁create ▁their ▁accounts . ▁Among ▁the ▁ 8 4 ▁percent ▁of ▁parents ▁who ▁were ▁aware ▁when ▁their ▁child ▁first ▁created ▁the ▁account , ▁ 6 4 ▁percent ▁helped ▁create ▁the ▁account . ▁Among ▁those ▁who ▁knew ▁that ▁their ▁child ▁joined ▁below ▁the ▁age ▁of ▁ 1 3 ▁— ▁even ▁if ▁the ▁child ▁is ▁now ▁older ▁than ▁ 1 3 ▁— ▁over ▁two – thirds ▁( 6 8 ▁percent ) ▁indicated ▁that ▁they ▁helped ▁their ▁child ▁create ▁the ▁account . ▁Of ▁those ▁with ▁children ▁who ▁are ▁currently ▁under ▁ 1 3"
husband,9493,"▁steady . ▁They ▁are ▁not ▁very ▁different ▁from ▁the ▁prior ▁year ' s . ▁This ▁is ▁the ▁current ▁release , ▁and ▁with ▁it ▁I ▁gr ump ily ▁concede ▁that ▁claims ▁are ▁in ▁the ▁ 3 8 0 s ▁rather ▁than ▁the ▁ 3 7 0 s ▁where ▁I ▁wanted ▁them ▁to ▁be . ▁While ▁not ▁dire , ▁this ▁is ▁an ▁unfavorable ▁development . All - important ▁inventories ▁to ▁sales ▁ratios ▁- ▁Total ▁business ▁remains ▁where ▁it ▁has ▁been ▁cycling , ▁which ▁obsc ures ▁the ▁unhappy ▁fact ▁that ▁the ▁reason ▁we ▁are ▁seeing ▁the ▁slow ▁down ▁in ▁production - type ▁PM Is ▁is ▁that ▁it ▁is ▁cycling ▁- ▁businesses ▁are ▁not ching ▁down ▁employment ▁in ▁order ▁to ▁keep ▁it ▁cycling . ▁The ▁forward ▁impetus ▁you ▁get ▁by ▁looking"
husband,9493,"▁ain ' t ▁exactly ▁asking ▁him ▁to ▁play ▁in ▁goal ▁or ▁right ▁back ▁, ▁he ▁may ▁not ▁be ▁as ▁effective ▁in ▁that ▁place ▁but ▁that ' s ▁up ▁to ▁Jose ▁where ▁he ▁gets ▁the ▁best ▁out ▁of ▁the ▁lad ▁. 

 The ▁jury ▁is ▁out ▁on ▁where ▁Pogba ▁should ▁play ▁but ▁that ▁ain ' t ▁Jose ' s ▁, ▁fault ▁for ▁me ▁I ▁think ▁he ▁should ▁be ▁a ▁numb ▁ 1 0 ▁behind ▁in ▁the ▁present ▁side ▁Sanchez , ▁but ▁then ▁Jose ▁is ▁relying ▁to ▁much ▁on ▁Mat ic ▁, ▁has ▁Fell ani ▁injured ▁( ▁and ▁possibly ▁in ▁the ▁departure ▁lounge ) ▁Herrera ▁not ▁good ▁enough ▁but ▁ultimately ▁have ▁to ▁use ▁him ▁the ▁kid ▁who ▁played ▁Sat ▁plus ▁Carrick ▁finished ▁and ▁a ▁makeshift ▁Blind . 

 As"
husband,9493,"▁ 
 That ▁is ▁my ▁code : 
 ▁▁▁▁ < script ▁type ="" text / javascript ""> ▁▁▁▁▁ 
 ▁▁▁▁ function ▁change Font (_ name ) ▁{ 
 ▁▁▁▁▁▁▁▁ document . body . style . fontFamily ▁= ▁_ name ; 
 ▁▁▁▁▁▁▁▁ document . textarea ▁= ▁_ name ; 
 ▁▁▁▁ } ▁ 
 ▁▁▁▁ </ script > 

 </ head > 
 < body ▁style ="" font - family ""> ▁▁▁ 
 ▁▁▁▁ < form ▁id ="" my form ""> 
 ▁▁▁▁▁▁▁▁ < input ▁type ="" text "" ▁/> ▁ 
 ▁▁▁▁▁▁▁▁ < button > erase </ button > ▁ 
 ▁▁▁▁▁▁▁▁ < select ▁id ="" fs "" ▁on change ="" change Font ( this . value ); ""> 
 ▁▁▁▁▁▁▁▁▁▁▁▁ < option ▁value ="" arial"
husband,9493,"▁to ▁own ▁a 
 Think pad ▁with ▁a ▁hardware ▁kill ▁switch ▁for ▁WiFi . ▁It ▁was ▁useful , ▁even ▁aside ▁from 
 the ▁privacy ▁benefits .) 

 ~~~ 
 orth ogon 
 I ▁think ▁you ' re ▁neglecting ▁a ▁key ▁detail : ▁alternatives ▁are ▁hardly ▁even ▁on ▁the 
 shel ves , ▁and ▁NO ▁ONE ▁QUESTIONS ▁IT . 

 ▁▁▁▁ 
 ▁▁▁▁ 
 ▁▁▁▁▁▁ > ▁Oh , ▁well , ▁that ' s ▁just ▁ 
 ▁▁▁▁▁▁▁▁ supply ▁and ▁demand , ▁of ▁ 
 ▁▁▁▁▁▁▁▁ course ! 
 ▁▁▁▁ 
 ▁▁▁▁▁▁ > ▁Everyone ▁just ▁W ANTS ▁an ▁ 
 ▁▁▁▁▁▁▁▁ always ▁on ▁internet ▁connection ! 
 ▁▁▁▁ 
 ▁▁▁▁▁▁ > ▁Why ▁would ▁anyone ▁ever ▁remove 
 ▁▁▁▁▁▁▁▁ the ▁battery ▁from ▁their ▁ 
 ▁▁▁▁▁▁▁▁ cell ▁phone ??? 
"
husband,9493,"1 6 . ▁I ▁don ’ t ▁know ▁when ▁they ▁[ Joseph ▁and ▁Deborah ] ▁were ▁married ▁but ▁probably ▁about ▁ 1 8 3 8 ▁for ▁their ▁oldest ▁son ▁was ▁born ▁about ▁ 1 8 4 0 . ▁That ▁was ▁Uncle ▁Henry . 

 Joseph ▁and ▁Deborah ▁had ▁three ▁children ▁together ▁before ▁she ▁died ▁about ▁ 1 8 5 4 . ▁Joseph ▁married ▁for ▁the ▁third ▁time ▁on ▁November ▁ 1 1 , ▁ 1 8 6 0 ▁to ▁a ▁widow , ▁Mah ala ▁Harper ▁Shelton ▁of ▁Jackson ▁County . ▁The ▁ 1 8 6 0 ▁census ▁list ▁Joseph ▁as ▁age ▁sixty ▁seven ▁with ▁personal ▁property ▁worth ▁$ 1 5 0 0 ▁and ▁real ▁estate ▁worth ▁$ 1 5 0 0 . ▁While ▁he ▁was ▁not ▁a"
husband,9493,"

 This ▁is ▁my ▁first ▁re - election ▁campaign ▁for ▁Congress . ▁I ’ ve ▁worked ▁hard ▁— ▁really ▁hard ▁— ▁to ▁do ▁the ▁people ’ s ▁work , ▁but ▁I ▁need ▁your ▁help . ▁We ▁can ’ t ▁take ▁this ▁election ▁for ▁granted ▁and ▁I ’ m ▁working ▁hard ▁to ▁earn ▁every ▁vote . ▁I ▁need ▁you . ▁Together , ▁we ▁can ▁be ▁victorious ▁in ▁ 2 0 1 6 . 

 Support ▁is ▁Building 

 I ’ m ▁honored ▁to ▁have ▁recently ▁earned ▁the ▁endorsements ▁of ▁the ▁Michigan ▁State ▁AFL - CIO , ▁United ▁Auto ▁Workers ▁Region ▁ 1 , ▁Michigan ▁Regional ▁Council ▁of ▁Car penters ▁and ▁Mill wrights , ▁American ▁Federation ▁of ▁Teachers - Michigan , ▁Sheet ▁Metal ▁Workers ▁Local ▁ 8 0 ,"
husband,9493,"</ option > 
 ▁▁ </ opt group > 
 ▁▁ < opt group ▁label =""[ hel ] ""> 
 ▁▁▁▁ < option ▁value ="" 4 ""> hel </ option > 
 ▁▁ </ opt group > 
 </ select > 

 <bos> Q : 

 Trans lating ▁BYTE ▁Reserved 1 [ 2 4 ] ▁to ▁js ctypes 

 This ▁is ▁the ▁MSD N ▁defin tion : 
 typedef ▁struct ▁_ SYSTEM _ BASIC _ INFORMATION ▁{ 
 ▁▁▁▁ BYTE ▁Reserved 1 [ 2 4 ]; 
 ▁▁▁▁ P VOID ▁Reserved 2 [ 4 ]; 
 ▁▁▁▁ C CHAR ▁Number Of Processors ; 
 } ▁SYSTEM _ BASIC _ INFORMATION ; 

 This ▁guy ▁converted ▁it ▁to ▁this ▁in ▁js - ctypes : 
 var ▁SYSTEM _"
husband,9493,"This ▁is ▁my ▁answer ▁to ▁the ▁original ▁question ▁( https :// mat hover flow . net / a / 3 2 7 0 2 2 / 5 0 2 4 4 ) ▁whether ▁these ▁numbers ▁are ▁integers ▁to ▁begin ▁with , ▁it ▁gives ▁some ▁combinatorial ▁meaning ▁as ▁well : 
 Use ▁the ▁formulas 
 $ F ( n ) ▁= ▁\ frac {\ varphi ^ n ▁-\ psi ^ n }{\ sqrt { 5 }}$, ▁$\ varphi ▁=\ frac { 1 +\ sqrt { 5 }}{ 2 }, ▁\ psi ▁= ▁\ frac { 1 -\ sqrt { 5 }}{ 2 }$. ▁Let ▁$ q =\ frac {\ psi }{\ varphi } ▁= ▁\ frac {\ sqrt { 5 }- 3 }{ 2 }$, ▁so ▁that 
"
husband,9493,"This ▁is ▁my ▁answer ▁to ▁the ▁original ▁question ▁( https :// mat hover flow . net / a / 3 2 7 0 2 2 / 5 0 2 4 4 ) ▁whether ▁these ▁numbers ▁are ▁integers ▁to ▁begin ▁with , ▁it ▁gives ▁some ▁combinatorial ▁meaning ▁as ▁well : 
 Use ▁the ▁formulas 
 $ F ( n ) ▁= ▁\ frac {\ varphi ^ n ▁-\ psi ^ n }{\ sqrt { 5 }}$, ▁$\ varphi ▁=\ frac { 1 +\ sqrt { 5 }}{ 2 }, ▁\ psi ▁= ▁\ frac { 1 -\ sqrt { 5 }}{ 2 }$. ▁Let ▁$ q =\ frac {\ psi }{\ varphi } ▁= ▁\ frac {\ sqrt { 5 }- 3 }{ 2 }$, ▁so ▁that 
"
husband,9493,"0 2 ▁▁▁▁▁ 4 ▁▁▁▁▁▁▁▁▁▁▁▁▁▁▁ 0 , 0 3 ▁▁▁▁▁▁▁▁▁▁ CURRENCY ▁▁▁▁▁▁ 2 0 1 4 - 0 7 - 2 3 ▁ 1 0 : 4 5 : 4 1 
 2 1 ▁▁▁▁ 4 0 8 0 0 2 ▁▁▁▁▁ 6 ▁▁▁▁▁▁▁▁▁▁▁▁▁▁▁ 0 , 0 1 5 ▁▁▁▁▁▁▁▁▁ PERCENT UAL ▁▁▁▁ 2 0 1 4 - 0 7 - 2 3 ▁ 1 0 : 4 5 : 1 8 

 What ▁is ▁wrong ▁in ▁my ▁SQL ? 

 A : 

 This ▁is ▁your ▁query : 
 SELECT ▁* 
 FROM ▁( SELECT ▁* 
 ▁▁▁▁▁▁ FROM ▁user _ com ission _ configuration _ history 
 ▁▁▁▁▁▁ ORDER ▁BY ▁on _ date ▁DESC 
 ▁▁▁▁▁ ) ▁AS ▁ordered _ history 
 WHERE ▁user _"
husband,9493,"▁it ▁moves ▁forward ; ▁read ▁more ▁about ▁that ▁effort ▁here . ▁I ▁haven ' t ▁seen ▁too ▁much ▁technical ▁information ▁flowing ▁from ▁the ▁Open ▁Compute ▁Summit , ▁although ▁James ▁Hamilton ▁of ▁Amazon ▁posted ▁his ▁slides ▁online ▁here : ▁here 

 Meanwhile ▁( was ▁this ▁part ▁of ▁the ▁summit , ▁or ▁independent ?), ▁the ▁team ▁at ▁Anand Tech ▁have ▁done ▁some ▁independent ▁testing ▁of ▁the ▁Open ▁Compute ▁server ▁components ; ▁in ▁their ▁conclusion , ▁they ▁commend ▁the ▁Open ▁Compute ▁work ▁as ▁showing ▁tremendous ▁potential : 

 The ▁Facebook ▁Open ▁Compute ▁servers ▁have ▁made ▁quite ▁an ▁impression ▁on ▁us . ▁Remember , ▁this ▁is ▁Facebook ' s ▁first ▁attempt ▁to ▁build ▁a ▁cloud ▁server ! ▁This ▁server ▁uses ▁very ▁little ▁power ▁when ▁running ▁at ▁low ▁load ▁( see ▁our"
husband,9493,"▁relationship ▁with ▁both . 

 Here ▁we ▁have ▁a ▁club ▁with ▁a ▁fanbase ▁essentially ▁stretching ▁in ▁a ▁thin ▁strip ▁from ▁Lad broke ▁Grove ▁to ▁Heathrow , ▁and ▁a ▁crowd ▁of ▁ 1 8 , 0 0 0 . ▁Fans ▁of ▁the ▁club ▁are ▁at ▁their ▁happiest ▁when ▁the ▁team ▁is ▁passing ▁the ▁ball , ▁playing ▁attacking ▁attractive ▁football , ▁the ▁players ▁are ▁smiling ▁and ▁the ▁shirt ▁has ▁a ▁clear , ▁broad ▁blue ▁hoop . ▁That ▁is ▁it . ▁With ▁that ▁approach ▁they ▁won ▁the ▁Championship ▁in ▁ 2 0 1 1 , ▁and ▁that ▁strip ▁of ▁West ▁London ▁smiled . ▁A ▁local ▁joyful ▁experience ▁that ▁had ▁nationwide ▁moment ▁in ▁the ▁sun . 

 Yet ▁the ▁promised - land ▁is ▁the ▁global ▁multinational ▁Barclays ▁Premier ▁League , ▁where"
husband,9493,"▁relationship ▁with ▁both . 

 Here ▁we ▁have ▁a ▁club ▁with ▁a ▁fanbase ▁essentially ▁stretching ▁in ▁a ▁thin ▁strip ▁from ▁Lad broke ▁Grove ▁to ▁Heathrow , ▁and ▁a ▁crowd ▁of ▁ 1 8 , 0 0 0 . ▁Fans ▁of ▁the ▁club ▁are ▁at ▁their ▁happiest ▁when ▁the ▁team ▁is ▁passing ▁the ▁ball , ▁playing ▁attacking ▁attractive ▁football , ▁the ▁players ▁are ▁smiling ▁and ▁the ▁shirt ▁has ▁a ▁clear , ▁broad ▁blue ▁hoop . ▁That ▁is ▁it . ▁With ▁that ▁approach ▁they ▁won ▁the ▁Championship ▁in ▁ 2 0 1 1 , ▁and ▁that ▁strip ▁of ▁West ▁London ▁smiled . ▁A ▁local ▁joyful ▁experience ▁that ▁had ▁nationwide ▁moment ▁in ▁the ▁sun . 

 Yet ▁the ▁promised - land ▁is ▁the ▁global ▁multinational ▁Barclays ▁Premier ▁League , ▁where"
husband,9493,"This ▁is ▁the ▁users pace ▁part ▁of ▁the ▁Linux ▁Auditing ▁System , ▁which ▁is ▁a ▁more ▁secure ▁way ▁of ▁logging ▁kernel - level ▁events ▁than ▁sys log . ▁Among ▁other ▁things , ▁it ▁records ▁SEL in ux ▁alerts . ▁Strictly ▁speaking , ▁you ▁don ' t ▁need ▁it . 

 ava hi - daemon ▁ 0 : off ▁ 1 : off ▁ 2 : off ▁ 3 : on ▁ 4 : on ▁ 5 : on ▁ 6 : off 

 This ▁is ▁for ▁auto discovery ▁of ▁services ▁on ▁a ▁network ▁— ▁printers ▁being ▁a ▁big ▁example . ▁It ' s ▁not ▁required . 

 cpus peed ▁ 0 : off ▁ 1 : on ▁ 2 : on ▁ 3 : on ▁ 4"
husband,9493,"▁decrease ▁braking ▁performance ? 

 It ▁would ▁be ▁highly ▁unusual ▁for ▁the ▁use ▁of ▁one ▁pad ▁material ▁to ▁interfere ▁with ▁the ▁efficacy ▁of ▁another ▁material ▁on ▁a ▁standard ▁metal ▁rotor ▁in ▁such ▁a ▁way ▁as ▁to ▁noticeably ▁affect ▁braking ▁performance , ▁particularly ▁if ▁the ▁rotor ▁were ▁thoroughly ▁cleaned ▁beforehand . ▁That ' s ▁my ▁opinion . ▁There ▁may ▁be ▁some ▁kind ▁of ▁materials ▁scientist ▁out ▁there ▁who ▁may ▁know ▁about ▁something ▁going ▁on ▁in ▁the ▁meso - scale ▁that ▁I ▁don ' t ▁who ▁may ▁disagree ▁with ▁what ▁I ▁just ▁said , ▁but ▁I ▁don ' t ▁think ▁so . 

 As ▁far ▁as ▁I ' m ▁concerned ▁there ' s ▁no ▁need ▁to ▁do ▁anything ▁to ▁the ▁rotor ▁when ▁switching ▁between ▁different ▁types ▁of ▁pads ."
husband,9493,"t ▁understand , ▁but ▁that ' s ▁life . 

 If ▁your ▁horse ▁chestnuts ▁are ▁suffering ▁from ▁leaf ▁miner ▁( brown ▁yellow ▁tinge ▁towards ▁the ▁end ▁of ▁the ▁leaves ▁from ▁the ▁middle ▁of ▁summer ) ▁the ▁best ▁thing ▁for ▁the ▁trees ▁health ▁is ▁to ▁burn ▁the ▁leaves ▁as ▁it ▁will ▁reduce ▁the ▁infestation ▁next ▁year . 

 Otherwise ▁I ▁would ▁advocate ▁composting , ▁you ▁could ▁save ▁yourself ▁a ▁fortune ▁on ▁bark ▁mulch . 

 My ▁big ▁horse ▁che sn ut ▁has ▁leaf ▁miner ▁- ▁seems ▁to ▁cause ▁it ▁no ▁problems ▁whatsoever , ▁masses ▁of ▁con kers ▁this ▁year ! ▁Each ▁autumn ▁I ▁take ▁about ▁ 1 0 ▁bags ▁of ▁leaves ▁to ▁the ▁tip , ▁If ▁I ▁leave ▁the ▁on ▁the ▁lawn ▁they ▁kill ▁the ▁grass . ▁My"
husband,9493,": 

 "" Are ▁you ▁trying ▁to ▁tell ▁me ▁that ▁if ▁I ▁am ▁not ▁nice ▁to ▁you , ▁you ▁are ▁going ▁to ▁fire ▁me ?"" 

 "" I ' m ▁not ▁doing ▁anything . ▁This ▁is ▁your ▁choice ."" ▁David ▁sat ▁back ▁in ▁his ▁chair ▁looking ▁smug , ▁as ▁if ▁he ▁really ▁thought ▁sh ▁would ▁change ▁her ▁mind . 

 Hon ▁Hoh , ▁a ▁teacher ▁of ▁the ▁Revelation , ▁takes ▁readers ▁on ▁a ▁riveting ▁journey 

 Do ▁each ▁of ▁us ▁play ▁a ▁role ▁in ▁the ▁kingdom ▁of ▁God ? ▁Can ▁the ▁choices ▁we ▁make ▁affect ▁God ’ s ▁timing ▁of ▁future ▁events ? ▁Hon ▁Hoh ▁examines ▁these ▁questions ▁while ▁taking ▁his ▁readers ▁on ▁a ▁riveting ▁adventure ▁in ▁The ▁Trigger : ▁A ▁Novel ▁on ▁the ▁Revelation . ▁Through"
husband,9493,"▁of ▁hell ▁... ▁cost ▁them ▁a ▁small ▁fortune . ▁I ▁asked ▁the ▁Plant ▁Manager ▁if ▁it ▁was ▁OK ▁if ▁I ▁looked ▁into ▁it ▁... ▁he ▁thought ▁I ▁was ▁crazy ▁but ▁he ▁hum ored ▁me ▁... ▁told ▁me ▁not ▁to ▁hurt ▁myself ▁... ▁I ▁was ▁just ▁a ▁"" bean ▁counter "". ▁It ▁took ▁me ▁and ▁the ▁head ▁of ▁maintenance ▁less ▁than ▁ 1 ▁week ▁to ▁find ▁the ▁problem ▁... ▁and ▁the ▁problem ▁never ▁recur red ▁in ▁the ▁following ▁three ▁years . ▁Done ! ▁I ' ve ▁got ▁dozen ▁of ▁similar ▁stories ▁... ▁all ▁the ▁same . ▁Ordinary ▁scientists ▁can ' t ▁do ▁shit ▁... ▁they ' re ▁there ▁for ▁the ▁paycheck ▁... ▁that ' s ▁it ."" ▁"" Hell , ▁tell ▁me ▁about ▁it . ▁( pause )"
husband,9493,"▁of ▁course . ▁There ▁is ▁a ▁relatively ▁high ▁current ▁error ▁in ▁this ▁report ▁for ▁each ▁month ' s ▁data , ▁but ▁the ▁three - month ▁totals ▁should ▁have ▁much ▁less ▁variance . ▁Grocery ▁store ▁sales ▁dropped ▁in ▁November ▁in ▁comparison ▁to ▁October , ▁which ▁is ▁a ▁sign ▁that ▁consumers ▁aren ' t ▁that ▁flush . ▁Food ▁spending ▁dropped ▁in ▁Q 4 ▁last ▁year ▁as ▁well ; ▁consumers ▁cut ▁their ▁food ▁expenditures ▁to ▁pay ▁for ▁other ▁spending . ▁This , ▁btw , ▁is ▁the ▁biggest ▁single ▁indicator ▁that ▁we ▁are ▁in ▁a ▁recession , ▁and ▁it ▁is ▁truly ▁an ▁amazing ▁one , ▁due ▁to ▁the ▁continued ▁expansion ▁of ▁the ▁SNAP ▁( food ▁stamp ) ▁program . ▁It ▁is ▁Table ▁ 2 . 3 . 6 , ▁real -"
husband,9493,"ern 2 mu \ underline {\ mk ern - 2 mu \ smash { K }\ mk ern - 2 mu }\ mk ern 2 mu ▁}_{\ alpha ▁}. ▁▁ \ label { sb acca }\ end { aligned }$$ ▁This ▁is ▁the ▁background ▁field ▁action ▁we ▁are ▁going ▁to ▁work ▁with . ▁It ▁is ▁straightforward ▁to ▁check ▁that ▁( \[ sb acca \] ) ▁satisfies ▁$\ llbracket ▁S , S \ rrbracket ▁= 0 $. 

 #### ▁Separ ating ▁the ▁background ▁and ▁quantum ▁sectors 

 Now ▁we ▁separate ▁the ▁background ▁sector ▁from ▁the ▁quantum ▁sector . ▁To ▁do ▁this ▁properly ▁we ▁need ▁to ▁make ▁further ▁assumptions . 

 First , ▁we ▁assume ▁that ▁there ▁exists ▁a ▁choice ▁of ▁field ▁variables ▁where ▁the ▁functions ▁$ R ^{\"
husband,9493,"▁nurse ▁manager ▁had ▁skills ▁to ▁understand ▁the ▁feelings ▁of ▁another ▁person ▁and ▁supported ▁him / her ▁by ▁listening ▁sensi tively . ▁Both ▁s / he ▁and ▁his / her ▁personnel ▁trusted ▁each ▁other . ▁Nurses ▁reported ▁that ▁this ▁encouraged ▁the ▁employees ▁to ▁discuss ▁their ▁personal ▁concerns ▁with ▁the ▁nurse ▁manager . ▁""*"" The ▁way ▁to ▁act , ▁pay ▁attention ▁to ▁the ▁employee , ▁do ▁you ▁listen ▁to ▁her ▁or ▁not , ▁that ▁is ▁the ▁basic ▁question ."" *"" 

 On ▁the ▁other ▁hand , ▁supervisors ▁reported ▁that ▁leading ▁could ▁be ▁too ▁solicit ous , ▁in ▁a ▁completely ▁mother ly ▁way . ▁The ▁basis ▁of ▁the ▁leadership ▁style ▁could ▁be ▁supporting ▁the ▁well - being ▁and ▁job ▁satisfaction ▁of ▁the ▁employees ; ▁this ▁might ▁be ▁more ▁important ▁than"
husband,9493,"▁previously ▁addressed ▁by ▁the ▁appellate ▁courts ▁of ▁this ▁state . ▁However , ▁because ▁proof ▁of ▁self - insurance ▁would ▁prevent ▁an ▁employer ▁from ▁having ▁to ▁pay ▁the ▁double ▁penalty ▁provision , ▁we ▁find ▁that ▁establishing ▁such ▁proof ▁should ▁properly ▁be ▁the ▁employer ' s ▁burden . 
 In ▁Mobile ▁Lin ers , ▁Inc . ▁v . ▁McConnell , ▁ 2 2 0 ▁Ala . ▁ 5 6 2 , ▁ 1 2 6 ▁So . ▁ 6 2 6 ▁( 1 9 3 0 ), ▁our ▁supreme ▁court ▁was ▁confronted ▁with ▁the ▁question ▁of ▁who ▁had ▁the ▁burden ▁of ▁proof ▁with ▁regard ▁to ▁establishing ▁the ▁number ▁of ▁employees ▁regularly ▁employed ▁by ▁an ▁employer . ▁In ▁that ▁situation , ▁the ▁court ▁noted ▁that ▁because ▁the ▁code ▁section ▁concerning"
husband,9493,". support . constraint . ConstraintLayout > 

 Im ▁also ▁using ▁the ▁latest ▁version ▁of ▁Constraint Layout 
 compile ▁' com . android . support . constraint : constraint - layout : 1 . 0 . 2 ' 

 A : 

 You ▁need ▁to ▁add : 

 android : gravity ="" center "" 

 to ▁the ▁TextView . 
 This ▁is ▁the ▁only ▁certain ▁way ▁to ▁center ▁the ▁text ▁inside ▁a ▁TextView ▁object ▁or ▁one ▁of ▁its ▁subclasses . 
 The ▁android : textAlignment ▁is ▁not ▁working ▁in ▁all ▁the ▁cases ▁and ▁as ▁reported ▁by ▁this ▁answer ▁that ▁it ▁has ▁problems ▁in ▁lower ▁API ▁levels . ▁ 

 <bos> 2 0 1 7 ▁XIX O ▁Ladies ▁Open ▁H ód mez ő vás ár hely ▁– ▁Doubles"
husband,9493,"▁API ▁is ▁very ▁similar ▁to ▁Flash ▁itself . ▁However , ▁there ▁were ▁some ▁small ▁details ▁that ▁had ▁some ▁impact ▁during ▁development , ▁making ▁me ▁feel ▁somewhat ▁uneasy ▁the ▁whole ▁time ▁I ▁was ▁writing ▁the ▁game . ▁It ▁was , ▁again , ▁the ▁right ▁thing ▁to ▁do , ▁but ▁I ▁should ▁have ▁used ▁Starling ▁more ▁deeply ▁before ▁( which ▁is ▁the ▁con undrum : ▁I ▁used ▁it ▁for ▁Lud um ▁Dare ▁just ▁so ▁I ▁could ▁learn ▁more ▁about ▁it ). 

 Argument ▁and ▁user ▁experience 

 One ▁final ▁aspect ▁of ▁the ▁game ▁that ▁I ▁learned ▁is ▁that ▁making ▁the ▁game ▁obvious ▁for ▁your ▁players ▁goes ▁a ▁long ▁way ▁into ▁making ▁it ▁fun . ▁If ▁you ▁have ▁to ▁spend ▁the ▁longest ▁time ▁explaining ▁things , ▁your ▁game ▁is ▁doing"
husband,9493,"▁▁▁▁▁▁▁▁▁▁▁▁▁▁▁▁▁▁▁▁▁▁▁▁▁▁▁▁▁▁▁ ▁▁▁▁▁▁▁▁▁▁▁▁▁▁▁▁▁▁▁▁▁▁▁▁▁▁▁▁▁▁▁ ▁▁▁▁▁▁▁▁▁▁▁▁▁▁▁▁▁▁▁▁▁▁▁▁▁▁▁▁▁▁▁ ▁▁▁▁▁▁▁▁▁▁▁▁▁▁▁▁▁▁▁▁▁▁▁▁▁▁▁▁▁▁▁ ▁▁▁▁▁▁▁▁▁▁▁▁▁▁▁▁▁▁▁▁▁▁▁▁▁▁▁▁▁▁▁ ▁▁▁▁▁▁▁▁▁▁▁▁▁▁▁▁▁▁▁▁▁▁▁▁▁▁▁▁▁▁▁ Codes ▁▁▁▁▁▁▁▁▁▁▁▁▁▁▁▁▁▁▁▁▁▁▁▁▁▁▁▁▁▁▁ ▁▁▁▁▁▁▁▁▁▁▁▁▁▁▁▁▁▁▁▁▁▁▁▁▁▁▁▁▁▁▁ ▁▁▁▁▁▁▁▁▁▁▁▁ Sub category ▁▁▁▁▁▁▁▁▁▁▁▁▁▁▁▁▁▁▁▁▁▁▁▁▁▁▁▁▁▁▁ ▁▁▁▁▁▁▁▁▁▁▁▁▁▁▁▁ Category 
 ▁▁ ---------------- ---------------- ---------------- ---------------- ---------------- ---------------- ---------------- ---------------- ---------------- ---------------- ---------------- ---------------- ------ ▁- ---------------- ---------------- ---------------- ---------------- ------------- ▁- ---------------- ---------------- ---------------- -------- ▁- ---------------- ---------------- ---------------- ---------------- - 
 ▁▁ ' In ▁a ▁larger ▁city ▁one ▁has ▁so ▁many ▁other ▁things ▁to ▁keep ▁you ▁busy ▁anyway , ▁so ▁children ▁come ▁significantly ▁later . ▁Yes , ▁but ▁yeah , ▁maybe ▁it \' s ▁time , ▁I ▁thought ▁a ▁little ▁like ▁that , ▁that ▁it \' s ▁about ▁time \' ▁▁▁ City ▁life ▁offers ▁many ▁alternatives ▁to ▁family ▁formation ▁▁▁▁▁▁▁▁▁▁▁▁▁▁▁▁▁▁▁▁▁▁▁▁▁ A ▁consequence ▁of ▁contemporary ▁lifestyles ▁▁▁▁▁▁▁▁▁▁▁▁▁▁▁▁▁▁ Post pon ed ▁parenthood --- a ▁rational ▁adaptation ▁to ▁societal ▁changes 
 ▁▁ '"
husband,9493,", 1 3 4 ) ▁on ▁December ▁ 1 6 , ▁ 1 9 0 2 . 

 1 9 0 2 ▁Hearing ▁aid 
 ▁A ▁hearing ▁aid ▁is ▁an ▁electro - acoustic ▁body - worn ▁apparatus ▁which ▁typically ▁fits ▁in ▁or ▁behind ▁the ▁wearer ' s ▁ear , ▁and ▁is ▁designed ▁to ▁amplify ▁and ▁modulate ▁sounds ▁for ▁the ▁wearer . ▁Although ▁hearing ▁aids ▁in ▁some ▁form ▁or ▁fashion ▁such ▁as ▁the ▁ear ▁trumpet ▁were ▁developed ▁in ▁previous ▁years , ▁the ▁first ▁electric ▁hearing ▁aid ▁was ▁invented ▁by ▁Miller ▁Reese ▁Hutchison ▁in ▁ 1 9 0 2 . 

 1 9 0 2 ▁Postage ▁meter 
 ▁A ▁postage ▁meter ▁is ▁a ▁mechanical ▁device ▁used ▁to ▁create ▁and ▁apply ▁physical ▁evidence ▁of ▁postage , ▁or ▁fran king ,"
husband,9493,"▁access ▁technologies ▁( RAT s ) ▁can ▁be ▁present . ▁To ▁access ▁a ▁specific ▁RAT , ▁connection ▁to ▁the ▁specific ▁RAT ▁is ▁established ▁on ▁the ▁basis ▁of ▁a ▁request ▁of ▁the ▁UE ▁and ▁transmission ▁and ▁reception ▁of ▁data ▁are ▁performed . 
 However , ▁the ▁multi - RAT ▁UE ▁cannot ▁simultaneously ▁access ▁multiple ▁RAT s ▁even ▁though ▁the ▁multi - RAT ▁UE ▁has ▁capability ▁to ▁access ▁two ▁or ▁more ▁RAT . ▁That ▁is , ▁current ▁U Es ▁cannot ▁simultaneously ▁transmit ▁and ▁receive ▁data ▁through ▁different ▁RAT s ▁even ▁if ▁the ▁U Es ▁have ▁multi - RAT ▁capability . 
 Conventional ▁multi - RAT ▁has ▁a ▁problem ▁of ▁low ▁system ▁efficiency ▁since ▁the ▁conventional ▁multi - RAT ▁does ▁not ▁require ▁inter working ▁between ▁a ▁wireless ▁LAN ▁and ▁a"
husband,9493,"▁was ▁more ▁variable ▁than ▁that ▁of ▁Mediterranean ▁r uda ▁pot y virus ▁( Me RV ), ▁which ▁has ▁a ▁similar ▁ecology ▁\[ [@ B 8 7 - viruses - 1 2 - 0 0 1 3 2 ] \] . 

 In ▁summary , ▁the ▁results ▁of ▁the ▁pop gen ▁analyses ▁complement ▁and ▁confirm ▁inferences ▁obtained ▁from ▁phylogenetic ▁analyses ▁of ▁the ▁same ▁ORF ▁sequences ▁( see ▁above ▁in ▁[ Section ▁ 4 . 1 ](# sec 4 dot 1 - viruses - 1 2 - 0 0 1 3 2 ){ ref - type ="" sec "" }). ▁They ▁also ▁suggest ▁that ▁various ▁pop gen ▁estimates , ▁such ▁as ▁ω , ▁F st , ▁and ▁b , ▁might ▁be ▁used ▁as ▁indicators ▁of ▁whether ▁a ▁population ▁of"
husband,9493,"▁to ▁log ▁* P * ▁scale . ▁Values ▁of ▁log ▁* P * ▁and ▁C log ▁* P * ▁were ▁calculated ▁with ▁the ▁PC ▁programme ▁CS ▁Chem Bio Draw ▁Ultra ▁ 1 3 . 0 ▁( Cambridge Soft , ▁Cambridge , ▁MA , ▁USA ). 

 3 . 5 . ▁Biological ▁Assays 
 ---------------- ------ 

 ### ▁ 3 . 5 . 1 . ▁Anti my cob acterial ▁* In ▁Vitro * ▁Screening 

 My cob acterial ▁screening ▁was ▁performed ▁against ▁four ▁my cob acterial ▁stems ▁(* M . ▁tuberculosis * ▁H 3 7 Rv ▁CN CTC ▁My ▁ 3 3 1 / 8 8 , ▁* M . ▁k ansas ii * ▁CN CTC ▁My ▁ 2 3 5 / 8 0 , ▁* M ."
he,8493,"code ▁connect ( implementation _ type & ▁impl , 
 ▁▁▁▁▁▁ const ▁endpoint _ type & ▁peer _ endpoint , ▁cl m dep _ asio :: error _ code & ▁ec ) 
 ▁▁ { 
 ▁▁▁▁ return ▁do _ connect ( impl , ▁peer _ endpoint . data (), ▁ec ); 
 ▁▁ } 

 ▁▁ // ▁Start ▁an ▁asynchronous ▁connect . 
 ▁▁ template ▁< typename ▁Handler > 
 ▁▁ void ▁async _ connect ( implementation _ type & ▁impl , 
 ▁▁▁▁▁▁ const ▁endpoint _ type & ▁peer _ endpoint , ▁Handler & ▁handler ) 
 ▁▁ { 
 ▁▁▁▁ bool ▁is _ continuation ▁= 
 ▁▁▁▁▁▁ cl m dep _ asio _ handler _ cont _ helpers :: is _ continuation ( handler"
he,8493,"▁break ; 
 ▁▁▁▁▁▁ # endif 
 ▁▁▁▁ } 
 ▁▁ } 

 ▁▁ // ▁coordinates 
 ▁▁ tft . canvas ( 4 , ▁ 1 0 3 , ▁ 3 1 2 , ▁ 2 4 ); 
 ▁▁ tft . set _ background ( COLOR _ BACKGROUND ); 
 ▁▁ tft . add _ rectangle ( 0 , ▁ 0 , ▁ 3 1 2 , ▁ 2 4 , ▁COLOR _ AXIS _ HOM ED ); 

 ▁▁ uint 1 6 _ t ▁color ; 
 ▁▁ uint 1 6 _ t ▁offset ; 
 ▁▁ bool ▁is _ ho med ; 

 ▁▁ tft . add _ text ( ▁ 1 0 , ▁ 3 , ▁COLOR _ AXIS _ HOM ED ▁,"
he,8493,"base . hpp > 
 # include ▁< boost / mpl / and . hpp > 
 # include ▁< boost / type _ traits / is _ complete . hpp > 
 # include ▁< boost / type _ traits / is _ con vertible . hpp > 

 namespace ▁boost ▁{ ▁namespace ▁fusion ▁{ ▁namespace ▁detail 
 { 
 ▁▁▁▁ template ▁< typename ▁Sequence > 
 ▁▁▁▁ struct ▁is _ native _ fusion _ sequence 
 ▁▁▁▁▁▁ : ▁mpl :: and _< 
 ▁▁▁▁▁▁▁▁▁▁ is _ complete < Sequence > 
 ▁▁▁▁▁▁▁▁ , ▁is _ con vertible < Sequence , ▁detail :: from _ sequence _ con vertible _ type > 
 ▁▁▁▁▁▁ > 
 ▁▁▁▁ {}; 
 }}} 

 # endif 
 <bos> //"
he,8493,"base . hpp > 
 # include ▁< boost / mpl / and . hpp > 
 # include ▁< boost / type _ traits / is _ complete . hpp > 
 # include ▁< boost / type _ traits / is _ con vertible . hpp > 

 namespace ▁boost ▁{ ▁namespace ▁fusion ▁{ ▁namespace ▁detail 
 { 
 ▁▁▁▁ template ▁< typename ▁Sequence > 
 ▁▁▁▁ struct ▁is _ native _ fusion _ sequence 
 ▁▁▁▁▁▁ : ▁mpl :: and _< 
 ▁▁▁▁▁▁▁▁▁▁ is _ complete < Sequence > 
 ▁▁▁▁▁▁▁▁ , ▁is _ con vertible < Sequence , ▁detail :: from _ sequence _ con vertible _ type > 
 ▁▁▁▁▁▁ > 
 ▁▁▁▁ {}; 
 }}} 

 # endif 
 <bos> //"
he,8493,"▁is _ contributor 
 from ▁tra cim _ backend . lib . utils . authorization ▁import ▁is _ reader 
 from ▁tra cim _ backend . lib . utils . request ▁import ▁Tra cim Request 
 from ▁tra cim _ backend . lib . utils . utils ▁import ▁generate _ documentation _ swagger _ tag 
 from ▁tra cim _ backend . models . context _ models ▁import ▁Content In Context 
 from ▁tra cim _ backend . models . context _ models ▁import ▁Revision In Context 
 from ▁tra cim _ backend . models . revision _ protection ▁import ▁new _ revision 
 from ▁tra cim _ backend . views . controllers ▁import ▁Controller 
 from ▁tra cim _ backend . views . core _ api"
he,8493,"▁means ▁that ▁you ▁should ▁also ▁check ▁whether ▁a ▁class ▁is ▁implemented ▁in ▁C ▁or ▁not . ▁This ▁one ▁is ▁harder ▁since ▁all ▁classes ▁are ▁instances ▁of ▁type . ▁A ▁way ▁may ▁be ▁to ▁check ▁whether ▁the ▁class ▁has ▁a ▁__ dict __ ▁in ▁its ▁dir , ▁and ▁if ▁it ▁doesn ' t ▁have ▁you ▁should ▁check ▁for ▁__ slots __. 
 Something ▁like ▁the ▁following ▁should ▁be ▁pretty ▁accurate : 
 def ▁is _ implemented _ in _ c ( obj ): 
 ▁▁▁▁ if ▁isinstance ( obj , ▁( types . FunctionType , ▁types . Lambda Type )): 
 ▁▁▁▁▁▁▁▁ return ▁False 
 ▁▁▁▁ elif ▁isinstance ( obj , ▁type ): 
 ▁▁▁▁▁▁▁▁ if ▁'__ dict __' ▁in ▁dir ( obj ): ▁return ▁False 
 ▁▁▁▁▁▁▁▁"
he,8493,"▁""% s -% u -% X -% X $"") ▁< ▁ 0 ) ▁{ 
 		 free ( buf ); 
 		 return ▁NULL ; 
 	 } 
 	 return ▁buf ; 
 } 

 /* ▁Full ▁CPU ID ▁format ▁for ▁x 8 6 ▁is ▁vendor - family - model - stepping ▁*/ 
 static ▁bool ▁is _ full _ cpu id ( const ▁char ▁* id ) 
 { 
 	 const ▁char ▁* tmp ▁= ▁id ; 
 	 int ▁count ▁= ▁ 0 ; 

 	 while ▁(( tmp ▁= ▁str chr ( tmp , ▁'- ')) ▁!= ▁NULL ) ▁{ 
 		 count ++; 
 		 tmp ++; 
 	 } 

 	 if ▁( count ▁== ▁ 3 ) 
 		"
he,8493,"trust ', ▁ac r _ policy _ util ) ▁as ▁g : 
 ▁▁▁▁▁▁▁▁ g . show _ command (' show ', ▁' acr _ config _ content _ trust _ show ') 
 ▁▁▁▁▁▁▁▁ g . command (' update ', ▁' acr _ config _ content _ trust _ update ') 

 ▁▁▁▁ with ▁self . command _ group (' acr ▁config ▁retention ', ▁ac r _ policy _ util , ▁is _ preview = True ) ▁as ▁g : 
 ▁▁▁▁▁▁▁▁ g . show _ command (' show ', ▁' acr _ config _ retention _ show ') 
 ▁▁▁▁▁▁▁▁ g . command (' update ', ▁' acr _ config _ retention _ update ') 

 ▁▁▁▁ def ▁_ helm _ depre cate _ message"
he,8493,"▁g : 
 ▁▁▁▁▁▁▁▁ g . command (' list ', ▁' acr _ helm _ list ', ▁table _ transformer = helm _ list _ output _ format ) 
 ▁▁▁▁▁▁▁▁ g . show _ command (' show ', ▁' acr _ helm _ show ', ▁table _ transformer = helm _ show _ output _ format ) 
 ▁▁▁▁▁▁▁▁ g . command (' delete ', ▁' acr _ helm _ delete ') 
 ▁▁▁▁▁▁▁▁ g . command (' push ', ▁' acr _ helm _ push ') 
 ▁▁▁▁▁▁▁▁ g . command (' repo ▁add ', ▁' acr _ helm _ repo _ add ') 
 ▁▁▁▁▁▁▁▁ g . command (' install - cli ', ▁' acr _ helm _ install _ cli ', ▁is _"
he,8493,"( impl , ▁peer _ endpoint . data (), ▁p . p , ▁is _ continuation ); 
 ▁▁▁▁ p . v ▁= ▁p . p ▁= ▁ 0 ; 
 ▁▁ } 
 }; 

 } ▁// ▁namespace ▁detail 
 } ▁// ▁namespace ▁cl m dep _ asio 

 # include ▁"" asio / detail / pop _ options . hpp "" 

 # endif ▁// ▁defined ( AS IO _ WINDOWS _ RUNTIME ) 

 # endif ▁// ▁AS IO _ DETAIL _ WIN RT _ SS OCKET _ SERVICE _ HPP 
 <bos> Erich ▁Emm inger 

 Erich ▁Emm inger ▁( 2 5 ▁June ▁ 1 8 8 0 ▁– ▁ 3 0 ▁August ▁ 1 9 5 1 ) ▁was ▁a ▁German ▁lawyer"
he,8493,"credential _ generate _ util ) ▁as ▁g : 
 ▁▁▁▁▁▁▁▁ g . command (' generate ', ▁' acr _ token _ credential _ generate ') 

 ▁▁▁▁ with ▁self . command _ group (' acr ▁agent pool ', ▁ac r _ agent pool _ util , ▁is _ preview = True ) ▁as ▁g : 
 ▁▁▁▁▁▁▁▁ g . command (' create ', ▁' acr _ agent pool _ create ', ▁supports _ no _ wait = True ) 
 ▁▁▁▁▁▁▁▁ g . command (' update ', ▁' acr _ agent pool _ update ', ▁supports _ no _ wait = True ) 
 ▁▁▁▁▁▁▁▁ g . command (' delete ', ▁' acr _ agent pool _ delete ', ▁supports _ no _ wait = True"
he,8493,". set ( fto str 5 2 sp ( z )); 
 ▁▁▁▁ offset ▁+= ▁ 2 5 ▁- ▁t ft _ string . width (); 
 ▁▁ } 
 ▁▁ tft . add _ text ( 3 0 1 ▁- ▁t ft _ string . width () ▁- ▁offset , ▁ 3 , ▁is _ ho med ▁? ▁COLOR _ AXIS _ HOM ED ▁: ▁COLOR _ AXIS _ NOT _ HOM ED , ▁t ft _ string ); 

 ▁▁ // ▁feed ▁rate 
 ▁▁ tft . canvas ( 7 0 , ▁ 1 3 6 , ▁ 8 0 , ▁ 3 2 ); 
 ▁▁ tft . set _ background ( COLOR _ BACKGROUND ); 
 ▁▁ color ▁= ▁feed rate _ percentage"
he,8493,"return ▁not ▁hasattr ( obj , ▁'__ slots __ ') 
 ▁▁▁▁ # ▁We ▁accept ▁also ▁instances ▁of ▁classes . 
 ▁▁▁▁ # ▁Return ▁True ▁for ▁instances ▁of ▁C ▁classes , ▁False ▁for ▁python ▁classes . 
 ▁▁▁▁ return ▁not ▁isinstance ( obj , ▁types . Instance Type ) 

 Example ▁usage : 
 >>> ▁is _ implemented _ in _ c ( enumerate ) 
 True 
 >>> ▁is _ implemented _ in _ c ( len ) 
 True 
 >>> ▁is _ implemented _ in _ c ( np . v dot ) 
 True 
 >>> ▁is _ implemented _ in _ c ( lambda ▁x : ▁True ) 
 False 
 >>> ▁is _ implemented _ in _ c ( object )"
he,8493,"return ▁not ▁hasattr ( obj , ▁'__ slots __ ') 
 ▁▁▁▁ # ▁We ▁accept ▁also ▁instances ▁of ▁classes . 
 ▁▁▁▁ # ▁Return ▁True ▁for ▁instances ▁of ▁C ▁classes , ▁False ▁for ▁python ▁classes . 
 ▁▁▁▁ return ▁not ▁isinstance ( obj , ▁types . Instance Type ) 

 Example ▁usage : 
 >>> ▁is _ implemented _ in _ c ( enumerate ) 
 True 
 >>> ▁is _ implemented _ in _ c ( len ) 
 True 
 >>> ▁is _ implemented _ in _ c ( np . v dot ) 
 True 
 >>> ▁is _ implemented _ in _ c ( lambda ▁x : ▁True ) 
 False 
 >>> ▁is _ implemented _ in _ c ( object )"
he,8493,"return ▁not ▁hasattr ( obj , ▁'__ slots __ ') 
 ▁▁▁▁ # ▁We ▁accept ▁also ▁instances ▁of ▁classes . 
 ▁▁▁▁ # ▁Return ▁True ▁for ▁instances ▁of ▁C ▁classes , ▁False ▁for ▁python ▁classes . 
 ▁▁▁▁ return ▁not ▁isinstance ( obj , ▁types . Instance Type ) 

 Example ▁usage : 
 >>> ▁is _ implemented _ in _ c ( enumerate ) 
 True 
 >>> ▁is _ implemented _ in _ c ( len ) 
 True 
 >>> ▁is _ implemented _ in _ c ( np . v dot ) 
 True 
 >>> ▁is _ implemented _ in _ c ( lambda ▁x : ▁True ) 
 False 
 >>> ▁is _ implemented _ in _ c ( object )"
he,8493,", ▁is _ ho med ▁? ▁COLOR _ AXIS _ HOM ED ▁: ▁COLOR _ AXIS _ NOT _ HOM ED , ▁t ft _ string ); 

 ▁▁ is _ ho med ▁= ▁TEST ( axis _ ho med , ▁Y _ AXIS ); 
 ▁▁ tft _ string . set ( blink ▁& ▁! is _ ho med ▁? ▁""?"" ▁: ▁fto str 4 sign ( LOGICAL _ Y _ POSITION ( current _ position . y ))); 
 ▁▁ tft . add _ text ( 1 8 5 ▁- ▁t ft _ string . width (), ▁ 3 , ▁is _ ho med ▁? ▁COLOR _ AXIS _ HOM ED ▁: ▁COLOR _ AXIS _ NOT _ HOM ED , ▁t ft _ string"
he,8493,"/ BUILD . gn . orig 	 2 0 1 9 - 0 4 - 0 8 ▁ 0 8 : 1 8 : 2 6 ▁UTC 
 +++ ▁sandbox / linux / BUILD . gn 
 @@ ▁- 1 2 , 1 2 ▁+ 1 2 , 1 2 ▁@@ ▁if ▁( is _ android ) ▁{ 
 ▁} 
 ▁ 
 ▁declare _ args () ▁{ 
 - ▁▁ compile _ su id _ client ▁= ▁is _ linux 
 + ▁▁ compile _ su id _ client ▁= ▁is _ linux ▁&& ▁! is _ bsd 
 ▁ 
 - ▁▁ compile _ credentials ▁= ▁is _ linux 
 + ▁▁ compile _ credentials ▁= ▁is _ linux ▁&& ▁! is _ bsd 
"
he,8493,"/ BUILD . gn . orig 	 2 0 1 9 - 0 4 - 0 8 ▁ 0 8 : 1 8 : 2 6 ▁UTC 
 +++ ▁sandbox / linux / BUILD . gn 
 @@ ▁- 1 2 , 1 2 ▁+ 1 2 , 1 2 ▁@@ ▁if ▁( is _ android ) ▁{ 
 ▁} 
 ▁ 
 ▁declare _ args () ▁{ 
 - ▁▁ compile _ su id _ client ▁= ▁is _ linux 
 + ▁▁ compile _ su id _ client ▁= ▁is _ linux ▁&& ▁! is _ bsd 
 ▁ 
 - ▁▁ compile _ credentials ▁= ▁is _ linux 
 + ▁▁ compile _ credentials ▁= ▁is _ linux ▁&& ▁! is _ bsd 
"
he,8493,"/ BUILD . gn . orig 	 2 0 1 9 - 0 4 - 0 8 ▁ 0 8 : 1 8 : 2 6 ▁UTC 
 +++ ▁sandbox / linux / BUILD . gn 
 @@ ▁- 1 2 , 1 2 ▁+ 1 2 , 1 2 ▁@@ ▁if ▁( is _ android ) ▁{ 
 ▁} 
 ▁ 
 ▁declare _ args () ▁{ 
 - ▁▁ compile _ su id _ client ▁= ▁is _ linux 
 + ▁▁ compile _ su id _ client ▁= ▁is _ linux ▁&& ▁! is _ bsd 
 ▁ 
 - ▁▁ compile _ credentials ▁= ▁is _ linux 
 + ▁▁ compile _ credentials ▁= ▁is _ linux ▁&& ▁! is _ bsd 
"
he,8493,"▁self . command _ group (' acr ', ▁ac r _ run _ util ) ▁as ▁g : 
 ▁▁▁▁▁▁▁▁ g . command (' run ', ▁' acr _ run ', ▁supports _ no _ wait = True ) 

 ▁▁▁▁ with ▁self . command _ group (' acr ▁pack ', ▁ac r _ pack _ util , ▁is _ preview = True ) ▁as ▁g : 
 ▁▁▁▁▁▁▁▁ g . command (' build ', ▁' acr _ pack _ build ', ▁supports _ no _ wait = True ) 

 ▁▁▁▁ with ▁self . command _ group (' acr ▁task ', ▁ac r _ task _ util ) ▁as ▁g : 
 ▁▁▁▁▁▁▁▁ g . command (' create ', ▁' acr _ task _ create ')"
he,8493,"2 ). ▁Suppose ▁m * f ▁+ ▁ 1 0 ▁= ▁ 7 * f . ▁Suppose ▁- 2 * c ▁= ▁f * c ▁- ▁ 4 . ▁What ▁is ▁the ▁smallest ▁value ▁in ▁- 1 , ▁c , ▁- 0 . 4 ? 
 - 1 
 Suppose ▁j ▁= ▁- h ▁- ▁ 2 * j ▁+ ▁ 1 0 , ▁ 2 ▁= ▁ 2 * h ▁- ▁ 3 * j . ▁Let ▁z ▁be ▁ 1 / 3 ▁- ▁h / (- 6 ). ▁Let ▁o ▁be ▁ 8 / 2 2 ▁- ▁(- 5 7 )/ 4 1 8 . ▁What ▁is ▁the ▁third ▁biggest ▁value ▁in ▁- 1 , ▁z , ▁o ? 
 - 1 
 Let ▁f"
he,8493,"return ▁true ; 

 	 return ▁false ; 
 } 

 int ▁strcmp _ cpu id _ str ( const ▁char ▁* map cpu id , ▁const ▁char ▁* id ) 
 { 
 	 regex _ t ▁re ; 
 	 reg match _ t ▁p match [ 1 ]; 
 	 int ▁match ; 
 	 bool ▁full _ map cpu id ▁= ▁is _ full _ cpu id ( map cpu id ); 
 	 bool ▁full _ cpu id ▁= ▁is _ full _ cpu id ( id ); 

 	 /* 
 	 ▁* ▁Full ▁CPU ID ▁format ▁is ▁required ▁to ▁identify ▁a ▁platform . 
 	 ▁* ▁Error ▁out ▁if ▁the ▁cpu id ▁string ▁is ▁incomplete . 
 	 ▁*/ 
"
he,8493,"1 0 1 ▁+ ▁ 3 2 2 3 / 2 0 2 0 . ▁What ▁is ▁the ▁common ▁denominator ▁of ▁- 1 1 5 / 2 8 ▁and ▁a ? 
 1 4 0 
 Calculate ▁the ▁common ▁denominator ▁of ▁- 2 ▁+ ▁(( - 1 4 2 8 )/ 6 4 )/ (- 7 ) ▁and ▁( 7 / (- 3 ))/ ((- 2 4 )/ 6 8 ). 
 1 4 4 
 Suppose ▁- 1 2 8 ▁= ▁a ▁- ▁ 3 2 . ▁What ▁is ▁the ▁common ▁denominator ▁of ▁ 1 4 3 8 / 1 2 0 ▁- ▁ 4 / 1 0 ▁and ▁- 3 ▁+ ▁ 4 /( a / 7 6 )? 
 1 2 
 Suppose ▁"
he,8493,"1 0 1 ▁+ ▁ 3 2 2 3 / 2 0 2 0 . ▁What ▁is ▁the ▁common ▁denominator ▁of ▁- 1 1 5 / 2 8 ▁and ▁a ? 
 1 4 0 
 Calculate ▁the ▁common ▁denominator ▁of ▁- 2 ▁+ ▁(( - 1 4 2 8 )/ 6 4 )/ (- 7 ) ▁and ▁( 7 / (- 3 ))/ ((- 2 4 )/ 6 8 ). 
 1 4 4 
 Suppose ▁- 1 2 8 ▁= ▁a ▁- ▁ 3 2 . ▁What ▁is ▁the ▁common ▁denominator ▁of ▁ 1 4 3 8 / 1 2 0 ▁- ▁ 4 / 1 0 ▁and ▁- 3 ▁+ ▁ 4 /( a / 7 6 )? 
 1 2 
 Suppose ▁"
he,8493,"▁ 7 5 / 4 ▁+ ▁ 6 9 / (- 9 2 ) ▁and ▁ 1 1 8 ? 
 1 0 6 2 
 What ▁is ▁the ▁common ▁denominator ▁of ▁- 6 5 / 3 4 ▁and ▁ 1 / 9 *- 1 ▁- ▁ 4 7 6 0 / 3 0 6 ? 
 1 0 2 
 Find ▁the ▁common ▁denominator ▁of ▁- 1 * (- 5 )/ (- 5 )* 3 5 / 2 2 ▁and ▁- 7 9 / 7 6 . 
 8 3 6 
 Suppose ▁- 2 3 * j ▁+ ▁ 1 3 0 2 ▁= ▁ 1 9 8 . ▁What ▁is ▁the ▁common ▁denominator ▁of ▁ 9 / 1 4 ▁and ▁j ? 
 1"
he,8493,"5 / 3 * 1 2 / 2 ▁and ▁q ? 
 1 0 
 Let ▁g ▁= ▁- 5 9 ▁- ▁- 6 8 . ▁What ▁is ▁the ▁lowest ▁common ▁multiple ▁of ▁g ▁and ▁ 9 ? 
 9 
 Let ▁g ( h ) ▁= ▁h ▁- ▁ 3 . ▁Let ▁z ▁be ▁g ( 7 ). ▁Suppose ▁- 5 * u ▁+ ▁z * u ▁+ ▁ 2 0 ▁= ▁ 0 . ▁Calculate ▁the ▁smallest ▁common ▁multiple ▁of ▁ 1 0 ▁and ▁u . 
 2 0 
 Suppose ▁- f ▁- ▁ 3 * b ▁= ▁b ▁- ▁ 2 4 , ▁f ▁- ▁ 4 * b ▁+ ▁ 8 ▁= ▁ 0 . ▁What ▁is ▁the ▁lowest ▁common ▁multiple ▁of"
he,8493,"▁= ▁- 2 9 9 3 ▁- ▁s . ▁What ▁is ▁the ▁common ▁denominator ▁of ▁q ▁and ▁- 7 4 / 3 ? 
 6 
 Suppose ▁ 4 * b ▁- ▁ 4 ▁+ ▁ 1 2 ▁= ▁ 0 . ▁Let ▁y ▁be ▁ 1 3 5 / 1 0 ▁- ▁(- 3 )/ b . ▁Suppose ▁y ▁= ▁- 5 * f ▁+ ▁ 5 2 . ▁What ▁is ▁the ▁lowest ▁common ▁multiple ▁of ▁ 5 ▁and ▁f ? 
 4 0 
 Let ▁y ▁= ▁ 3 0 ▁+ ▁- 3 2 . ▁Calculate ▁the ▁lowest ▁common ▁multiple ▁of ▁y ▁+ ▁ 2 5 / 2 ▁+ ▁(- 7 )/ (- 1 4 ) ▁and ▁ 1 . 
 1 1 
 Suppose"
he,8493,"2 5 ▁- ▁ 2 0 7 0 . ▁Suppose ▁- j ▁- ▁j ▁= ▁r ▁+ ▁ 4 , ▁- 1 6 ▁= ▁ 2 * j ▁+ ▁ 4 * r . ▁Suppose ▁j ▁= ▁ 3 * c ▁- ▁ 4 6 ▁- ▁ 3 8 . ▁What ▁is ▁the ▁remainder ▁when ▁n ▁is ▁divided ▁by ▁c ? 
 2 7 
 Suppose ▁- 6 * c ▁- ▁ 2 6 4 ▁= ▁- 2 * c . ▁Let ▁g ▁be ▁(( - 1 4 3 )/ (- 3 3 ) ▁+ ▁ 5 )* - 3 . ▁Let ▁f ▁= ▁g ▁- ▁c . ▁Calculate ▁the ▁remainder ▁when ▁f ▁is ▁divided ▁by ▁ 2 1 . 
 1 7 
 What ▁is ▁the"
he,8493,"

 ▁▁▁▁ with ▁self . command _ group (' acr ▁task run ', ▁ac r _ task run _ util , ▁is _ preview = True ) ▁as ▁g : 
 ▁▁▁▁▁▁▁▁ g . command (' list ', ▁' acr _ task run _ list ') 
 ▁▁▁▁▁▁▁▁ g . command (' delete ', ▁' acr _ task run _ delete ') 
 ▁▁▁▁▁▁▁▁ g . show _ command (' show ', ▁' acr _ task run _ show ') 
 ▁▁▁▁▁▁▁▁ g . command (' logs ', ▁' acr _ task run _ logs ', ▁client _ factory = cf _ acr _ runs , 
 ▁▁▁▁▁▁▁▁▁▁▁▁▁▁▁▁▁▁ table _ transformer = None ) 

 ▁▁▁▁ with ▁self . command _ group (' acr ▁config ▁content -"
he,8493,"▁- 3 7 5 . 8 . ▁Let ▁j ▁= ▁k ▁- ▁ 2 8 . 8 . ▁What ▁is ▁the ▁nearest ▁to ▁w ▁in ▁ 2 / 1 3 , ▁- 5 , ▁j ? 
 2 / 1 3 
 Let ▁l ▁= ▁- 6 3 8 1 1 ▁+ ▁ 6 3 8 1 1 . ▁Suppose ▁- 2 ▁= ▁k ▁- ▁ 1 . ▁Which ▁is ▁the ▁closest ▁to ▁- 1 ? ▁▁ ( a ) ▁k ▁▁ ( b ) ▁l ▁▁ ( c ) ▁ 0 . 0 1 
 a 
 Let ▁p ▁= ▁- 0 . 2 ▁+ ▁- 3 2 . 6 . ▁Let ▁m ▁= ▁ 3 2 . 4 ▁+ ▁p . ▁What ▁is ▁the ▁nearest"
he,8493,"receiver [' selection '] ▁= ▁primary [' selection ']; 
 ▁▁▁▁▁▁▁▁▁▁▁▁ $ timeout ( function () ▁{ 
 ▁▁▁▁▁▁▁▁▁▁▁▁▁▁▁▁▁ angular . element ( document . getElementById (' second ')). trigger Handler (' change '); 
 ▁▁▁▁▁▁▁▁▁▁▁▁ }, ▁ 1 0 0 ); 
 ▁▁▁▁▁▁▁▁ }; 
 ▁▁▁▁▁▁▁▁ $ scope . change Over ▁= ▁function ( value ){ 
 ▁▁▁▁▁▁▁▁▁▁ alert ( value ); 
 ▁▁▁▁▁▁▁▁ } 
 ▁▁▁▁▁▁ }); 
 ▁▁▁▁▁▁ $(""# click Me ""). click ( function (){ 
 ▁▁▁▁▁▁▁▁ // ▁alert ("" cz xv zx ""); 
 ▁▁▁▁▁▁▁▁ // ▁$(""# same ""). trigger ("" click ""); 
 ▁▁▁▁▁▁▁▁ $(""# changes ""). change (); 
 ▁▁▁▁▁▁ }); 
 ▁▁▁▁ </ script > 
 ▁▁ </ body > 
 </ html > 

 Here ▁is ▁the ▁pl"
he,8493,"Calculate ▁the ▁common ▁denominator ▁of ▁ 1 9 / 3 5 ▁and ▁(- 2 2 0 )/ (- 5 0 )* 6 / 4 . 
 3 5 
 Suppose ▁ 1 9 * k ▁= ▁ 1 8 * k ▁+ ▁ 4 2 . ▁Calculate ▁the ▁lowest ▁common ▁multiple ▁of ▁k ▁and ▁ 1 4 . 
 4 2 
 Let ▁l ( y ) ▁= ▁- 2 5 6 * y ** 2 ▁- ▁ 6 . ▁Let ▁c ▁be ▁l (- 4 ). ▁Let ▁v ▁= ▁c ▁+ ▁ 5 7 5 3 9 / 1 4 . ▁What ▁is ▁the ▁common ▁denominator ▁of ▁v ▁and ▁- 2 5 / 7 ? 
 1 4 
 What ▁is ▁the ▁lowest ▁common ▁multiple ▁of"
he,8493,"1 4 ). 
 1 4 
 Suppose ▁- 5 * y ▁+ ▁ 1 8 0 0 ▁= ▁ 1 0 * y . ▁What ▁is ▁the ▁least ▁common ▁multiple ▁of ▁ 3 0 ▁and ▁y ? 
 1 2 0 
 Suppose ▁ 1 2 * i ▁+ ▁ 5 ▁= ▁ 1 1 * i . ▁Calculate ▁the ▁smallest ▁common ▁multiple ▁of ▁ 2 3 3 * i / (- 3 5 ) ▁+ ▁(- 2 )/ 7 ▁and ▁ 3 . 
 3 3 
 Let ▁l ▁= ▁ 7 7 1 3 ▁- ▁ 4 2 4 2 2 9 / 5 5 . ▁Find ▁the ▁common ▁denominator ▁of ▁l ▁and ▁- 4 0 / 1 1 . 
 5 5 
"
he,8493,"5 2 
 0 . 1 2 *- 8 8 0 0 1 8 
 - 1 0 5 6 0 2 . 1 6 
 - 3 0 *- 5 2 2 3 9 6 
 1 5 6 7 1 8 8 0 
 What ▁is ▁the ▁product ▁of ▁- 2 0 1 4 . 5 7 3 ▁and ▁- 0 . 4 ? 
 8 0 5 . 8 2 9 2 
 What ▁is ▁the ▁product ▁of ▁- 1 1 . 4 ▁and ▁ 2 6 2 4 5 8 . 5 ? 
 - 2 9 9 2 0 2 6 . 9 
 What ▁is ▁the ▁product ▁of ▁ 3 2 3 0 . 4 2 5 ▁and ▁ 2 ."
he,8493,"▁- ▁ 9 8 7 5 
 What ▁is ▁the ▁u ' th ▁term ▁of ▁ 1 0 5 6 7 , ▁ 2 0 8 5 1 , ▁ 3 1 1 3 5 ? 
 1 0 2 8 4 * u ▁+ ▁ 2 8 3 
 What ▁is ▁the ▁n ' th ▁term ▁of ▁ 5 7 3 8 , ▁ 5 8 9 7 , ▁ 6 3 0 4 , ▁ 7 0 8 5 , ▁ 8 3 6 6 , ▁ 1 0 2 7 3 ? 
 2 1 * n ** 3 ▁- ▁ 2 * n ** 2 ▁+ ▁ 1 8 * n ▁+ ▁ 5 7 0 1 
 What ▁is ▁the ▁i '"
he,8493,"5 . 7 *- 2 4 3 9 
 2 0 6 2 6 6 2 . 3 
 What ▁is ▁the ▁product ▁of ▁- 3 . 2 ▁and ▁- 1 8 7 6 0 . 3 ? 
 6 0 0 3 2 . 9 6 
 Product ▁of ▁ 4 6 2 9 2 0 1 . 1 1 ▁and ▁- 4 . 
 - 1 8 5 1 6 8 0 4 . 4 4 
 Multiply ▁ 3 6 ▁and ▁- 3 6 0 7 0 . 
 - 1 2 9 8 5 2 0 
 Product ▁of ▁ 1 6 6 7 . 7 1 6 ▁and ▁ 0 . 
 0 
 Product ▁of ▁ 4 6 3 0 ."
he,8493,"0 4 7 7 5 . s 0 0 8 ){ ref - type ="" supp lementary - material ""}) ▁according ▁to ▁the ▁form , where ▁* y ~ i ~ * ▁is ▁the ▁observed ▁allele ▁frequencies ▁of ▁the ▁* i ^ th ^* ▁SNP ▁and ▁* ε ~ i ~ * ▁is ▁the ▁binomial ▁error ▁given ▁the ▁number ▁of ▁effective ▁reads ▁( see ▁above ) ▁at ▁the ▁* i ^ th ^* ▁SNP . ▁To ▁identify ▁seasonally ▁oscillating ▁polymorphisms , ▁we ▁reg ressed ▁allele ▁frequency ▁for ▁the ▁three ▁sets ▁of ▁spring ▁and ▁fall ▁samples ▁on ▁a ▁binary ▁variable ▁corresponding ▁to ▁* spring * ▁or ▁* fall * ▁according ▁to ▁the ▁form , In ▁addition , ▁we ▁modeled ▁allele ▁frequency ▁change ▁through ▁time ▁using ▁generalized ▁linear ▁mixed"
he,8493,"self . new _ tasks ▁= ▁[] 

 ▁▁▁▁ def ▁run ( self ): 
 ▁▁▁▁▁▁▁▁ while ▁ 1 : 
 ▁▁▁▁▁▁▁▁▁▁▁▁ # ▁Better ▁than ▁a ▁sleep ▁because ▁we ▁can ▁interrupt ▁it 
 ▁▁▁▁▁▁▁▁▁▁▁▁ self . quit _ event . wait ( self . poll _ seconds ) 
 ▁▁▁▁▁▁▁▁▁▁▁▁ if ▁self . quit _ event . is _ set (): 
 ▁▁▁▁▁▁▁▁▁▁▁▁▁▁▁▁ break 
 ▁▁▁▁▁▁▁▁▁▁▁▁ with ▁self . lock : 
 ▁▁▁▁▁▁▁▁▁▁▁▁▁▁▁▁ self . tasks ▁+= ▁self . new _ tasks 
 ▁▁▁▁▁▁▁▁▁▁▁▁▁▁▁▁ del ▁self . new _ tasks [:] 
 ▁▁▁▁▁▁▁▁▁▁▁▁ self ._ check _ tasks () 
 ▁▁▁▁▁▁▁▁ del ▁self . tasks [:] 
 ▁▁▁▁▁▁▁▁ with ▁self . lock : 
 ▁▁▁▁▁▁▁▁▁▁▁▁ del ▁self . new _ tasks [:] 

 ▁▁▁▁ def ▁stop ("
he,8493,"▁understand ▁their ▁responsibility ▁is ▁to ▁follow ▁the ▁evidence ▁and ▁to ▁decide ▁the ▁case ▁on ▁the ▁evidence ▁and ▁not ▁to ▁be ▁influenced ▁by ▁the ▁extraneous ▁materials ”. ▁He ▁then ▁advised ▁the ▁defense ▁team ▁to ▁file ▁a ▁motion ▁for ▁his ▁consideration . 

 On ▁August ▁ 1 8 , ▁ 2 0 1 1 , ▁Conrad ▁Murray ▁defense ▁team ▁filed ▁a ▁motion ▁requesting ▁jury ▁sequestration . ▁“ This ▁is ▁an ▁unusual ▁Trial . ▁There ▁is ▁a ▁reasonable ▁expectation ▁that ▁Dr . ▁Murray ’ s ▁Trial ▁will ▁be ▁the ▁most ▁publicized ▁in ▁history ” ▁stated ▁the ▁motion ▁which ▁then ▁went ▁on ▁to ▁compare ▁Conrad ▁Murray ▁case ▁to ▁Casey ▁Anthony ▁trial . ▁“ Television ▁pund its ▁such ▁as ▁Nancy ▁Grace ▁use ▁air ▁time ▁to ▁campaign ▁for ▁the ▁conviction ▁of ▁Ms ."
he,8493,", ▁entitled ▁"" Direct ▁Memory ▁Access ▁Channel ▁Architecture ▁and ▁Method ▁for ▁Reception ▁of ▁Network ▁Information "", ▁each ▁of ▁which ▁is ▁assigned ▁to ▁the ▁assignee ▁of ▁the ▁present ▁application ▁and ▁filed ▁concurrently ▁herewith . <bos> Gel atin ases ▁A ▁and ▁B ▁and ▁tissue ▁inhibitors ▁of ▁metallo protein ases ▁ 1 , ▁ 2 , ▁and ▁ 3 ▁during ▁in ▁vivo ▁and ▁in ▁vitro ▁dec idual ization ▁of ▁rat ▁endometrial ▁strom al ▁cells . 
 An ▁important ▁event ▁during ▁dec idual ization ▁is ▁the ▁remodeling ▁of ▁the ▁extracellular ▁matrix , ▁an ▁event ▁controlled ▁by ▁the ▁balance ▁of ▁matrix ▁metallo protein ases ▁and ▁tissue ▁inhibitors ▁of ▁metallo protein ases ▁( TIM Ps ). ▁A ▁putative ▁regulator ▁of ▁dec idual ization ▁is ▁prostagland in ▁E 2 ▁( P GE 2 )."
he,8493,"▁F BA 3 , ▁p 1 5 3 , ▁in ▁the ▁chlor oplast ▁py reno id ; ▁F BA 2 , ▁p 3 8 1 , ▁and ▁F BA 5 , ▁AUG _ g 1 9 4 0 7 , ▁in ▁the ▁chlor oplast ▁stro ma ; ▁F BA 6 , ▁AUG _ g 2 4 9 7 7 , ▁and ▁F BA 4 , ▁p 1 5 4 , ▁in ▁the ▁cytos ol ). ▁As ▁is ▁the ▁case ▁in ▁* P hae odacty lum *, ▁one ▁of ▁the ▁* T . ▁ocean ica * FB As ▁from ▁each ▁compartment ▁( F BA 1 , ▁F BA 2 , ▁F BA 6 ) ▁appears ▁to ▁act ▁through ▁metal ▁catalysis ▁( class ▁II ) ▁while ▁the ▁second ▁("
he,8493,"▁that ▁now ▁papaya ▁is ▁commonly ▁grown ▁in ▁all ▁tropical ▁regions ▁of ▁the ▁world ▁\[ [@ B 1 3 9 - viruses - 1 2 - 0 0 1 3 2 ] \] . ▁These ▁facts ▁indicate ▁that ▁PR SV - W ▁is ▁the ▁pre - Columb ian ▁version ▁of ▁this ▁virus ▁of ▁cuc ur bits , ▁and , ▁only ▁recently , ▁has ▁papaya ▁been ▁spread ▁around ▁the ▁world ▁by ▁mankind ▁and , ▁occasionally , ▁where ▁they ▁have ▁met ▁"" pa paya ▁ring spot ▁disease "" ▁has ▁been ▁generated . 

 There ▁are ▁several ▁other ▁examples ▁of ▁"" new ▁encounter "" ▁pot y virus ▁diseases ▁involving ▁a ▁crop ▁species ▁from ▁one ▁region ▁of ▁the ▁world ▁that ▁has ▁been ▁taken ▁for ▁the ▁first ▁time ▁by ▁mankind ▁into ▁the ▁territory"
he,8493,". ▁Adams , ▁my ▁high ▁school ▁Biology ▁teacher , ▁not ▁to ▁be ▁found ▁riding ▁the ▁elephant ▁in ▁the ▁rotu nda ▁at ▁the ▁Natural ▁History ▁Museum ▁before ▁getting ▁off ▁the ▁bus ▁for ▁our ▁field ▁trip . 

 I ▁was 
 asked ▁for ▁my ▁contact ▁information ▁because ▁the ▁little ▁boy ▁in ▁my ▁grocery ▁cart 
 looked ▁so ▁well ▁cared ▁for , ▁was ▁I ▁available ▁then ▁to ▁nanny ▁for ▁[ her ] ▁family ? ▁“ He ’ s ▁my ▁son ,” ▁I ▁said ▁quietly ▁and ▁placed ▁the 
 packages ▁wooden ly ▁on ▁the ▁belt . ▁“ He ’ s ▁my 
 son ▁and ▁I ▁teach ▁in ▁the ▁English ▁Department ▁at ▁----- ▁College .” 

 My ▁father 
 had ▁full ▁cans ▁of ▁soda ▁thrown ▁at ▁him ▁during ▁his ▁lunch ▁walks ▁in"
he,8493,"? ▁The ▁one ▁you ▁find ▁that ▁belongs ▁to ▁you ? ▁Who ▁will ▁you ▁share ▁it ▁with ▁and ▁what ▁familiar ▁myth ▁might ▁you ▁create ?” <bos> News ▁broadcasting 

 News ▁broadcasting ▁is ▁the ▁medium ▁of ▁broadcasting ▁of ▁various ▁news ▁events ▁and ▁other ▁information ▁via ▁television , ▁radio , ▁or ▁internet ▁in ▁the ▁field ▁of ▁broadcast ▁journalism . ▁The ▁content ▁is ▁usually ▁either ▁produced ▁locally ▁in ▁a ▁radio ▁studio ▁or ▁television ▁studio ▁news room , ▁or ▁by ▁a ▁broadcast ▁network . ▁It ▁may ▁also ▁include ▁additional ▁material ▁such ▁as ▁sports ▁coverage ▁weather ▁forecasts , ▁traffic ▁reports , ▁commentary , ▁and ▁other ▁material ▁that ▁the ▁broadcaster ▁feels ▁is ▁relevant ▁to ▁their ▁audience . 

 Television ▁news 
 Television ▁news ▁refers ▁to ▁disseminating ▁current ▁events ▁via ▁the ▁medium ▁of ▁television ."
he,8493,"▁natives ▁are ▁the ▁best ▁choice ▁for ▁use ▁in ▁just ▁about ▁every ▁scenario . 

 “ Through ▁our ▁experience , ▁we ▁know ▁how ▁to ▁harvest ▁these ▁seeds ▁and ▁grow ▁them ▁in ▁a ▁production ▁environment . ▁We ▁know ▁how ▁to ▁help ▁our ▁customers ▁repeat ▁that ▁success ▁in ▁their ▁own ▁unique ▁applications , ▁and ▁we ▁take ▁the ▁time ▁to ▁do ▁that ▁with ▁each ▁customer . 

 “ There ’ s ▁progress ▁to ▁be ▁made ▁in ▁the ▁efficiency ▁of ▁producing ▁native ▁seeds ▁and ▁in ▁discovering , ▁or ▁creating , ▁new ▁markets ▁for ▁them . ▁We ▁continue ▁to ▁find ▁new ▁plants ▁in ▁diverse ▁eco logies ▁that ▁may ▁contain ▁a ▁thousand ▁species ▁in ▁a ▁square ▁mile . 

 It ▁is ▁the ▁mission ▁of ▁Ernst ▁Conservation ▁Seeds ▁to ▁make ▁available ▁to ▁eastern ▁North ▁America"
he,8493,"ino ▁was ▁shot ▁while ▁unloading ▁medical ▁supplies ▁in ▁Bala ▁Morg hab , ▁village ▁in ▁Bad ghis ▁Province ▁in ▁northwestern ▁Afghanistan . ▁The ▁incident ▁is ▁under ▁investigation . 

 "" Staff ▁Sergeant ▁Sp ino ▁was ▁a ▁hardworking , ▁diligent ▁airborne ▁combat ▁medic ,” ▁said ▁Col . ▁Scott ▁P utz ier , ▁chief ▁of ▁staff , ▁ 4 4 th ▁Medical ▁Command . ▁“ For ▁those ▁who ▁knew ▁and ▁worked ▁with ▁him , ▁we ▁will ▁remember ▁him ▁as ▁a ▁dedication ▁non - commissioned ▁officer . ▁He ▁was ▁quiet , ▁so ▁when ▁he ▁spoke , ▁everyone ▁listened ▁and ▁were ▁often ▁caught ▁off ▁guard ▁by ▁his ▁sense ▁of ▁humor ▁… ▁he ▁was ▁really ▁funny .” 

 Sp ino ▁deployed ▁with ▁his ▁unit ▁to ▁Iraq ▁in ▁support ▁of ▁Operation ▁Iraqi ▁Freedom ▁in"
he,8493,"▁had ▁been ▁defendant ▁in ▁a ▁lawsuit ▁and ▁was , ▁at ▁the ▁time ▁of ▁trial , ▁a ▁plaintiff ▁in ▁a ▁pending ▁cause . ▁Erie ▁does ▁not ▁contend ▁that ▁it ▁was , ▁in ▁fact , ▁prejudiced ▁by ▁the ▁juror ▁sitting ▁upon ▁the ▁panel , ▁but ▁says ▁that ▁the ▁prejudicial ▁effect ▁cannot ▁be ▁calculated . ▁It ▁indicates ▁that ▁it ▁could ▁have ▁challenged ▁the ▁juror , ▁though ▁it ▁is ▁not ▁claimed ▁that ▁it ▁would ▁have ▁done ▁so . ▁In ▁Department ▁of ▁Public ▁Works ▁& ▁Buildings ▁v . ▁Christensen , ▁ 2 5 ▁Ill . 2 d ▁ 2 7 3 , ▁ 1 8 4 ▁NE 2 d ▁ 8 8 4 , ▁it ▁was ▁alleged ▁that ▁the ▁party ▁would ▁not ▁have ▁accepted ▁the ▁juror ▁if ▁a ▁true ▁answer ▁had ▁been"
he,8493,"▁I ▁will ▁accept ▁that . 

 ▁▁▁▁▁▁▁ And ▁at ▁the ▁time ▁this ▁happened , ▁we ▁are ▁talking ▁- ▁- ▁the ▁Supreme 
 ▁▁▁▁▁▁▁ Court ▁case ▁talks ▁about ▁juveniles . ▁There ▁is ▁no ▁question ▁in ▁my ▁mind 
 ▁▁▁▁▁▁▁ that ▁Mr . ▁Sur ratt ▁was ▁an ▁adult . ▁I ▁mean , ▁he ▁was ▁six ▁months ▁away 
 ▁▁▁▁▁▁▁ from ▁ 1 8 . ▁He ▁was ▁sophisticated . ▁He ▁had , ▁for ▁the ▁very ▁least , ▁engaged 
 ▁▁▁▁▁▁▁ in ▁criminal ▁activity ▁for ▁three ▁or ▁four ▁years ▁before ▁this ▁happened . ▁I 
 ▁▁▁▁▁▁▁ mean , ▁he ▁was ▁running ▁wild . ▁He ▁was ▁running ▁with ▁a ▁bunch ▁of , ▁as 
 ▁▁▁▁▁▁▁ far ▁as ▁I ▁can ▁tell , ▁criminals . ▁He ▁was ▁a ▁sophisticated ▁person . ▁. ▁. ▁."
he,8493,", ▁he ▁presented ▁no ▁evidence ▁showing ▁that ▁the ▁n ondis crimin atory ▁reason ▁for ▁firing ▁him ▁was ▁pretext ual . 
 In ▁urging ▁that ▁he ▁presented ▁evidence ▁showing ▁that ▁Andersen ' s ▁reason ▁was ▁pretext ual , ▁Moore ▁refers ▁to ▁evidence ▁showing ▁that  
 And ersen ▁initially ▁reported ▁he ▁was ▁fired ▁for ▁sexual ▁harassment , ▁then ▁changed ▁the ▁reason ▁to ▁unprofessional ▁conduct , 
 assert ing ▁that ▁the ▁original ▁report ▁was ▁a ▁mistake . ▁▁ Regardless ▁of ▁whether ▁Andersen ▁chose ▁to ▁call ▁it ▁sexual ▁harassment ▁or  
 un professional ▁conduct , ▁evidence ▁showed ▁Andersen ▁terminated ▁Moore ▁based ▁on ▁certain ▁conduct ▁on ▁his ▁part ▁that ▁Moore  
 never ▁denied . ▁▁ In asmuch ▁as ▁Moore ▁never ▁denied ▁that ▁conduct , ▁he ▁presented ▁no ▁evidence ▁that"
he,8493,"▁Holstein - R ends burg , ▁who ▁himself ▁was ▁one ▁of ▁the ▁closest ▁heirs ▁to ▁Scandinavian ▁monarch ies , ▁was ▁influential ▁enough ▁to ▁get ▁his ▁nephew ▁Count ▁Christi ern ▁( Christian ▁VII ) ▁of ▁Oldenburg ▁elected ▁King ▁of ▁Denmark . 

 When ▁the ▁Adolph us ▁had ▁died ▁in ▁ 1 4 5 9 ▁without ▁issue ▁the ▁Scha uen burg ▁dynasty ▁in ▁Holstein - R ends burg ▁had ▁thus ▁became ▁extinct . ▁The ▁Scha uen burg ▁counts ▁of ▁Holstein - Pin ne berg ▁had ▁no ▁claim ▁to ▁succession ▁in ▁Schleswig ; ▁their ▁election ▁in ▁Holstein - R ends burg ▁would ▁have ▁separated ▁Schleswig ▁and ▁Holstein - R ends burg . ▁The ▁separation ▁of ▁Schleswig ▁and ▁Holstein ▁would ▁have ▁meant ▁economic ▁ruin ▁for ▁many ▁nobles ▁of ▁Holstein . ▁Moreover"
he,8493,"0 0 ), ▁' hh : mma '); 
 console . log ($ scope . time ); 
 console . log (' Selected ▁epoch ▁is ▁: ▁', ▁val , ▁' and ▁the ▁time ▁is ▁', ▁selected Time . get UT CH ours (), ▁' :', ▁selected Time . get UTC Minutes (), ▁' in ▁UTC '); 

 I ▁tried ▁the ▁code ▁above , ▁but ▁nothing ▁is ▁working . ▁Below ▁i ▁have ▁added ▁my ▁orig ional ▁code : 
 $ scope . time Picker Object 1 2 Hour . input Epoch Time ▁= ▁val ; 
 ▁▁▁▁ console . log ( val ); 
 ▁▁▁▁ console . log (' Selected ▁epoch ▁is ▁: ▁', ▁val , ▁' and ▁the ▁time ▁is ▁', ▁selected Time . get UT CH"
he,8493,"O 2 ** ▁▁▁▁▁▁▁ 4 4 4 , 3 8 ± 8 4 , 6 2 ▁▁▁▁▁▁▁▁▁▁▁▁▁▁▁▁▁▁▁▁▁ 4 3 6 , 8 6 ± 7 9 , 1 7 ▁▁▁▁▁▁▁▁▁▁▁▁▁▁▁▁▁▁▁ 4 6 2 , 7 8 ± 7 4 , 6 1 ▁▁▁ 3 9 5 , 2 2 ± 1 1 5 , 3 0 

 Values ▁expressed ▁as ▁mean ▁± ▁standard ▁deviation . 

 \* ▁p ▁\< 0 . 0 5 ▁in ▁relation ▁to ▁baseline . 

 4 . ▁Micro vascular ▁permeability ▁{# s 3 d } 
 ---------------- ------------- 

 A ▁significant ▁increase ▁in ▁micro vascular ▁permeability ▁was ▁not ▁found . ▁Evans ▁Blue ▁absorbance ▁on ▁lung ▁tissue ▁was ▁as ▁follows : ▁ 1 6 . 0 8 ▁ng / mg ▁± 2 . 4"
he,8493,"▁- ▁ 2 8 . ▁Solve ▁d ▁= ▁- 4 * q ▁+ ▁ 4 ▁for ▁q . 
 - 4 
 Suppose ▁- 2 0 ▁= ▁- j ▁+ ▁ 3 * x , ▁- 2 * x ▁- ▁ 3 * x ▁- ▁ 1 5 ▁= ▁ 2 * j . ▁Suppose ▁ 5 ▁= ▁r ▁- ▁ 0 . ▁Suppose ▁- 3 * s ▁+ ▁ 3 * y ▁+ ▁ 1 0 ▁= ▁- 4 * s , ▁- 4 * s ▁- ▁j * y ▁- ▁r ▁= ▁ 0 . ▁Solve ▁- 4 ▁- ▁ 6 ▁= ▁- s * p ▁for ▁p . 
 2 
 Let ▁p ▁be ▁ 3 0 9 / 2 1 ▁- ▁(- 4"
he,8493,"▁and ▁control ▁subjects . ▁We ▁studied ▁ 3 4 ▁adults ▁with ▁moderate - to - severe ▁AD ▁( mean ▁SC OR AD ▁score , ▁ 6 5 ), ▁ 2 4 ▁patients ▁with ▁psoriasis ▁( mean ▁Ps oriasis ▁Area ▁and ▁Severity ▁Index ▁score , ▁ 1 6 ), ▁and ▁ 2 7 ▁healthy ▁subjects ▁using ▁an ▁ 1 1 - color ▁flow ▁cyto metric ▁antibody ▁panel . ▁Ig D / CD 2 7 ▁and ▁CD 2 4 / CD 3 8 ▁core ▁g ating ▁systems ▁were ▁used ▁to ▁determine ▁frequencies ▁of ▁plasma blasts ▁and ▁naive , ▁memory , ▁transitional , ▁and ▁activated ▁B ▁cells . ▁We ▁measured ▁increased ▁CD 1 9 (+) CD 2 0 (+) ▁B - cell ▁counts ▁in ▁the ▁skin ▁and ▁blood ▁of ▁patients"
he,8493,"To ▁determine ▁whether ▁the ▁triple ▁* 3 xb hl h * ▁mutant ▁had ▁any ▁Fe ▁deficiency ▁phenotype ▁at ▁+ ▁or ▁-- Fe , ▁we ▁grew ▁* 3 xb hl h * ▁and ▁wild ▁type ▁plants ▁at ▁+ Fe ▁and ▁-- Fe . ▁Mor phological ▁alterations ▁in ▁root ▁and ▁shoot ▁growth ▁were ▁not ▁apparent ▁at ▁+ Fe . ▁However , ▁at ▁-- Fe , ▁the ▁* 3 xb hl h * ▁mutant ▁plants ▁had ▁a ▁stronger ▁leaf ▁chlor osis ▁than ▁wild ▁type , ▁while ▁root ▁growth ▁was ▁normal ▁([ Fig . ▁ 1 A , ▁B ](# pone - 0 0 9 9 2 3 4 - g 0 0 1 ){ ref - type ="" fig "" }). ▁This ▁observation ▁suggested ▁that ▁* 3 xb hl h"
he,15508,"This ▁is ▁the ▁users pace ▁part ▁of ▁the ▁Linux ▁Auditing ▁System , ▁which ▁is ▁a ▁more ▁secure ▁way ▁of ▁logging ▁kernel - level ▁events ▁than ▁sys log . ▁Among ▁other ▁things , ▁it ▁records ▁SEL in ux ▁alerts . ▁Strictly ▁speaking , ▁you ▁don ' t ▁need ▁it . 

 ava hi - daemon ▁ 0 : off ▁ 1 : off ▁ 2 : off ▁ 3 : on ▁ 4 : on ▁ 5 : on ▁ 6 : off 

 This ▁is ▁for ▁auto discovery ▁of ▁services ▁on ▁a ▁network ▁— ▁printers ▁being ▁a ▁big ▁example . ▁It ' s ▁not ▁required . 

 cpus peed ▁ 0 : off ▁ 1 : on ▁ 2 : on ▁ 3 : on ▁ 4"
he,15508,"▁hit ▁with ▁a ▁higher ▁tax ▁next ▁year . ▁By ▁holding ▁back ▁the ▁increase ▁until ▁after ▁the ▁local ▁elections , ▁they ▁obviously ▁thought ▁that ▁the ▁wool ▁could ▁be ▁pulled ▁over ▁voters ’ ▁eyes . 

 “ This ▁is ▁the ▁wrong ▁tax ▁at ▁the ▁wrong ▁time , ▁placing ▁unacceptable ▁numbers ▁of ▁people ▁across ▁the ▁country ▁under ▁unacceptable ▁pressure . ▁At ▁the ▁very ▁least , ▁the ▁Government ▁needs ▁to ▁repeal ▁this ▁under hand ▁section ▁of ▁the ▁legislation ▁and ▁insist ▁that ▁there ▁will ▁be ▁no ▁increases ▁for ▁at ▁least ▁three ▁years .” 

 Hey ▁Miche al ▁Martin , ▁whats ▁this ▁rubbish ▁about ▁you ▁defending ▁ 1 8 0 ▁Garda ▁statements ▁that ▁didn ' t ▁hold ▁up ▁in ▁Court .. ▁What ▁strokes ▁you ▁trying ▁to ▁pulling ▁in ▁saving ▁this ▁broken ▁institutions ▁face"
he,15508,"▁This ▁is ▁the ▁beauty ▁of ▁instrumental ▁music . ▁It ▁is ▁open ▁for ▁you ▁to ▁assign ▁the ▁meaning , ▁to ▁lay ▁it ▁over ▁the ▁framework ▁of ▁whatever ▁structure ▁your ▁life ▁has . ▁To ▁place ▁it ▁within ▁your ▁own ▁context , ▁to ▁let ▁it ▁guide ▁and ▁soundtrack ▁your ▁late ▁nights , ▁early ▁mornings , ▁and ▁in ▁bet we ens . ▁What ▁do ▁you ▁hear ▁through ▁the ▁notes ? ▁What ▁feeling ▁does ▁it ▁invoke ▁deep ▁down ? ▁There ’ s ▁only ▁one ▁way ▁to ▁find ▁out . <bos> 

 Show ▁HN : ▁Test ▁and ▁edit ▁tile json ▁in ▁the ▁browser ▁- ▁andrew lj oh nson 
 http :// static . gai ag ps . com / tile json - tester / 

 ====== 
 andrew lj oh nson 
 This"
he,15508,"5 8 7 - sec - 0 0 2 6 } 
 ---------------- -- 

 This ▁is ▁the ▁first ▁study ▁to ▁explore ▁HF ▁hospitalization ▁after ▁CRT ▁using ▁QU AD . ▁Survival ▁free ▁from ▁cardiovascular ▁hospitalization ▁at ▁ 1 ▁and ▁ 2   years ▁with ▁QU AD ▁was ▁ 9 4 % ▁and ▁ 9 1 %, ▁respectively . ▁Among ▁the ▁few ▁studies ▁to ▁address ▁the ▁long ‐ term ▁effects ▁of ▁CRT ▁on ▁HF ▁hospital izations ▁in ▁the ▁non ‐ QUAD ▁LV ▁lead ▁era , ▁van ▁Bom mel ▁et   al ▁found ▁survival ▁free ▁from ▁cardiovascular ▁hospitalization ▁at ▁ 1 ▁and ▁ 2   years ▁was ▁ 8 0 % ▁and ▁ 7 0 %, ▁respectively .[ 2 1 ](# jah 3 2 5 8 7 - bib"
he,15508,"0 0 . ▁This ▁is ▁the ▁rule ▁that ▁is ▁now ▁being ▁followed ▁by ▁the ▁Maryland ▁Court ▁of ▁Special ▁Appeals . ▁Gro h ▁v . ▁Warden , ▁ 1 ▁Md . ▁App . ▁ 6 7 4 ; ▁Charles ▁v . ▁State , ▁ 1 ▁Md . ▁App . ▁ 2 2 2 ; ▁Norris ▁v . ▁Warden , ▁ 1 ▁Md . ▁App . ▁ 6 9 ; ▁Cher rix ▁v . ▁Warden , ▁ 1 ▁Md . ▁App . ▁ 6 5 . 
 However , ▁even ▁under ▁this ▁more ▁comprehensive ▁rule , ▁the ▁trial ▁counsel ▁for ▁applicant ▁was ▁not ▁incompetent . ▁Judge ▁Hammer man ▁found ▁that ▁"" the ▁court ▁clearly ▁does ▁not ▁find ▁that ▁( coun sel ) ▁was ▁in ▁any ▁way ▁incompetent ▁or ▁negligent"
he,15508,"▁for ▁now 

 If ▁you ' re ▁sure ▁you ' re ▁not ▁using ▁l vm ▁( note ▁that ▁you ▁can ▁use ▁ext 4 ▁on ▁top ▁of ▁l vm !), ▁you ▁can ▁turn ▁off ▁l vm 2 - monitor , ▁and ▁the ▁same ▁goes ▁for ▁md ▁software ▁RAID ▁and ▁md monitor . 

 message bus ▁ 0 : off ▁ 1 : off ▁ 2 : on ▁ 3 : on ▁ 4 : on ▁ 5 : on ▁ 6 : off 

 This ▁is ▁the ▁d - bus ▁system ▁message ▁bus . ▁If ▁you ' re ▁using ▁a ▁modern ▁desktop ▁environment , ▁you ' ll ▁basically ▁need ▁this . ▁If ▁you ' re ▁not , ▁you ▁can ▁get ▁away ▁without ▁it , ▁but ▁will ▁probably ▁have"
he,15508,"▁internet ▁and ▁requested ▁help . 

 "" This ▁is ▁how ▁Ahmed ▁got ▁the ▁funding ▁and ▁now ▁you ▁can ▁see ▁him ▁smiling ,"" ▁said ▁Wal id ▁M . ▁Al bak ili , ▁another ▁doctor ▁and ▁research ▁fellow ▁in ▁charge ▁of ▁Gulf ▁and ▁Arab ▁region . ▁life ."" 

 "" I ▁have ▁already ▁missed ▁my ▁school ▁for ▁six ▁months ▁and ▁am ▁eager ▁to ▁get ▁back ▁soon ,"" ▁said ▁the ▁ 1 4 - year - old ▁who ▁wishes ▁to ▁see ▁Taj ▁Mahal ▁before ▁leaving ▁Delhi ▁for ▁his ▁homeland . 

 Pran av ▁Kumar ▁said ▁that ▁the ▁boy ▁is ▁now ▁almost ▁fit ▁and ▁in ▁two ▁weeks ▁he ▁will ▁be ▁ready ▁to ▁leave ▁for ▁Iraq . <bos> Dop am inergic ▁inhibition ▁of ▁gonad otropic ▁release ▁in ▁hibern ating ▁frogs , ▁Rana"
he,15508,"
 The ▁model ▁I ' m ▁using ▁for ▁Artist Search ▁is ▁: ▁ 
 public ▁class ▁Artist Search ▁{ 
 int ▁id ; 
 String ▁title ; 
 String ▁type ; 
 String ▁resource _ url ; 
 String ▁uri ; 
 String ▁thumb ; 

 // ▁getters ▁and ▁setters ▁... 

 This ▁is ▁the ▁text ▁from ▁the ▁response ▁that ▁par ses ▁to ▁null ▁: 

 "" results "":[ {"" thumb "":"" https :// api - img . disco gs . com / RA HE 1 vq HW b 1 xw PU v 5 y 2 Q 1 v 5 g 4 Yo =/ 1 5 0 x 1 5 0 / smart / filters : strip _ icc (): format ( jpeg ): mode _ rgb"
he,15508,"▁\ pi ^ k $ ▁for ▁$ k ▁> ▁ 2 $? ▁▁ Then ▁$\ pi $ ▁and ▁$\ sigma $ ▁are ▁not ▁independent . ▁▁ Nevertheless , ▁it ▁would ▁be ▁rather ▁surprising ▁if ▁this ▁situation ▁were ▁substantially ▁different . 
 What ▁about ▁$\ pi ^{ 2 ^{ 3 4 5 6 7 8 9 }} ▁+ ▁\ pi ^{ 2 ^{ 9 8 7 6 5 4 3 2 1 }}$ ▁instead ▁of ▁$\ pi ▁+ ▁\ pi ^ 2 $? ▁▁ This ▁is ▁the ▁same ▁as ▁$\ pi ▁+ ▁\ pi ^{ 2 ^{ 9 8 7 6 5 4 3 2 1 ▁- ▁ 3 4 5 6 7 8 9 }}$. ▁▁ It ' s ▁not ▁clear ▁why ▁you ▁would ▁be ▁worried ▁about"
he,15508,"▁B ades cu ▁Coupon ▁Code ▁then ▁one ▁very ▁sound ▁just ▁one ▁tend ▁to ▁be ▁type ▁Mario ▁B ades cu ▁Coupon ▁Code . ▁All ▁of ▁the ▁products ▁and ▁solutions ▁presented ▁under ▁this ▁particular ▁manufacturer ▁are ▁needed ▁inside ▁a ▁household ▁largely ▁to ▁extend ▁luxury . ▁This ▁is ▁the ▁goal ▁and ▁want ▁of ▁every ▁individual ▁to ▁live ▁on ▁within ▁convenience ▁considering ▁the ▁required ▁gadgets ▁within ▁their ▁spending ▁plan . ▁If ▁you ' re ▁able ▁to ▁obtain ▁these ▁with ▁affordable ▁price , ▁surely ▁you ▁will ▁bounce ▁to ▁post ▁all ▁of ▁them . ▁Mario ▁B ades cu ▁Coupon ▁Code ▁tend ▁to ▁be ▁supporting ▁visitors ▁to ▁grab ▁many ▁this ▁sort ▁of ▁accessories ▁without ▁difficulty . 

 A ▁different ▁useful ▁truth ▁is ▁you ▁are ▁interested ▁to ▁acquire ▁products ▁and ▁solutions ▁creating ▁a ▁brand ▁name"
he,15508,"hour ▁interview ▁named ▁"" Last ▁Call "" ▁on ▁his ▁ 2 0 0 4 ▁Album ▁The ▁College ▁Dropout . ▁Throughout ▁the ▁course ▁of ▁the ▁interview , ▁he ▁frequently ▁interrupts ▁his ▁story ▁to ▁yell ▁"" This ▁is ▁the ▁last ▁call ▁for ▁alcohol !!! "", ▁hence ▁the ▁title . 

 < ▁Fi am ce 
 Kanye ▁was ▁a ▁producer ▁for ▁many ▁no - names ▁in ▁the ▁late ▁ 9 0 ' s , ▁most ▁of ▁whom ▁are ▁not ▁even ▁worth ▁mentioning . ▁We ▁could ▁sit ▁here ▁and ▁list ▁Kanye ' s ▁small - time ▁producing ▁in ▁this ▁time ▁period , ▁but ▁you ' ve ▁never ▁heard ▁of ▁any ▁of ▁these ▁people , ▁we ▁promise . ▁So ▁let ' s ▁save ▁both ▁our ▁time ▁by ▁fast ▁forwarding ▁to ▁ 2"
he,15508,"▁or ▁touching ▁something ▁designated ▁“ un clean .” 

 This ▁is ▁the ▁“ cult ” ▁of ▁Israel , ▁or ▁the ▁daily ▁religious ▁ritual . ▁It ▁also ▁details ▁the ▁various ▁feasts ▁and ▁holidays ▁which ▁the ▁priests ▁will ▁oversee , ▁including ▁Passover , ▁which ▁we ▁studied ▁in ▁Exodus , ▁and ▁the ▁Day ▁of ▁Aton ement , ▁when ▁sacrifices ▁are ▁made ▁on ▁behalf ▁of ▁the ▁entire ▁nation ▁of ▁Israel ▁to ▁“ at one ” ▁or ▁“ wipe ▁away ” ▁the ▁guilt ▁of ▁their ▁corporate ▁sin . ▁The ▁laws ▁about ▁acceptable ▁and ▁unacceptable ▁sexual ▁practices ▁are ▁the ▁only ▁bits ▁from ▁Levi ticus ▁which ▁get ▁any ▁press ▁these ▁days , ▁and ▁the ▁people ▁preaching ▁or ▁condemning ▁those ▁passages ▁rarely ▁recognize ▁that ▁this ▁is ▁basically ▁a ▁handbook ▁for ▁ancient ▁priests , ▁and ▁shouldn"
he,15508,"▁or ▁touching ▁something ▁designated ▁“ un clean .” 

 This ▁is ▁the ▁“ cult ” ▁of ▁Israel , ▁or ▁the ▁daily ▁religious ▁ritual . ▁It ▁also ▁details ▁the ▁various ▁feasts ▁and ▁holidays ▁which ▁the ▁priests ▁will ▁oversee , ▁including ▁Passover , ▁which ▁we ▁studied ▁in ▁Exodus , ▁and ▁the ▁Day ▁of ▁Aton ement , ▁when ▁sacrifices ▁are ▁made ▁on ▁behalf ▁of ▁the ▁entire ▁nation ▁of ▁Israel ▁to ▁“ at one ” ▁or ▁“ wipe ▁away ” ▁the ▁guilt ▁of ▁their ▁corporate ▁sin . ▁The ▁laws ▁about ▁acceptable ▁and ▁unacceptable ▁sexual ▁practices ▁are ▁the ▁only ▁bits ▁from ▁Levi ticus ▁which ▁get ▁any ▁press ▁these ▁days , ▁and ▁the ▁people ▁preaching ▁or ▁condemning ▁those ▁passages ▁rarely ▁recognize ▁that ▁this ▁is ▁basically ▁a ▁handbook ▁for ▁ancient ▁priests , ▁and ▁shouldn"
he,15508,". support . constraint . ConstraintLayout > 

 Im ▁also ▁using ▁the ▁latest ▁version ▁of ▁Constraint Layout 
 compile ▁' com . android . support . constraint : constraint - layout : 1 . 0 . 2 ' 

 A : 

 You ▁need ▁to ▁add : 

 android : gravity ="" center "" 

 to ▁the ▁TextView . 
 This ▁is ▁the ▁only ▁certain ▁way ▁to ▁center ▁the ▁text ▁inside ▁a ▁TextView ▁object ▁or ▁one ▁of ▁its ▁subclasses . 
 The ▁android : textAlignment ▁is ▁not ▁working ▁in ▁all ▁the ▁cases ▁and ▁as ▁reported ▁by ▁this ▁answer ▁that ▁it ▁has ▁problems ▁in ▁lower ▁API ▁levels . ▁ 

 <bos> 2 0 1 7 ▁XIX O ▁Ladies ▁Open ▁H ód mez ő vás ár hely ▁– ▁Doubles"
he,15508,"▁understand ▁their ▁responsibility ▁is ▁to ▁follow ▁the ▁evidence ▁and ▁to ▁decide ▁the ▁case ▁on ▁the ▁evidence ▁and ▁not ▁to ▁be ▁influenced ▁by ▁the ▁extraneous ▁materials ”. ▁He ▁then ▁advised ▁the ▁defense ▁team ▁to ▁file ▁a ▁motion ▁for ▁his ▁consideration . 

 On ▁August ▁ 1 8 , ▁ 2 0 1 1 , ▁Conrad ▁Murray ▁defense ▁team ▁filed ▁a ▁motion ▁requesting ▁jury ▁sequestration . ▁“ This ▁is ▁an ▁unusual ▁Trial . ▁There ▁is ▁a ▁reasonable ▁expectation ▁that ▁Dr . ▁Murray ’ s ▁Trial ▁will ▁be ▁the ▁most ▁publicized ▁in ▁history ” ▁stated ▁the ▁motion ▁which ▁then ▁went ▁on ▁to ▁compare ▁Conrad ▁Murray ▁case ▁to ▁Casey ▁Anthony ▁trial . ▁“ Television ▁pund its ▁such ▁as ▁Nancy ▁Grace ▁use ▁air ▁time ▁to ▁campaign ▁for ▁the ▁conviction ▁of ▁Ms ."
he,15508,"s ▁no ▁explicit ▁view ▁policy , ▁make ▁it ▁very ▁restrictive ▁by ▁default . 
 ▁▁▁▁ // ▁This ▁is ▁the ▁correct ▁policy ▁for ▁files ▁dropped ▁onto ▁objects ▁during 
 ▁▁▁▁ // ▁creation , ▁comment ▁and ▁edit ▁flows . 
 ▁▁▁▁ $ view _ policy ▁= ▁$ request -> get Str (' view Policy '); 
 ▁▁▁▁ if ▁(!$ view _ policy ) ▁{ 
 ▁▁▁▁▁▁ $ view _ policy ▁= ▁$ viewer -> get PH ID (); 
 ▁▁▁▁ } 

 ▁▁▁▁ $ is _ chunks ▁= ▁$ request -> get Bool (' query chunks '); 
 ▁▁▁▁ if ▁($ is _ chunks ) ▁{ 
 ▁▁▁▁▁▁ $ params ▁= ▁array ( 
 ▁▁▁▁▁▁▁▁ ' file PH ID ' ▁=> ▁$ file _ ph id , 
 ▁▁▁▁▁▁"
he,15508,"▁and ▁the ▁repayment ▁period ▁of ▁either ▁ 1 0 4 ▁or ▁ 1 5 6 ▁weeks . ▁This ▁is ▁the ▁repayment ▁period ▁you ▁will ▁pay ▁over , ▁once ▁the ▁payment ▁free ▁period ▁( 1 2 ▁months ) ▁has ▁ended . 

 The ▁interest ▁rate ▁typically ▁used ▁to ▁calculate ▁BN PL ▁interest ▁is ▁ 4 4 . 9 % ▁per ▁annum . ▁Your ▁interest ▁rate ▁will ▁be ▁detailed ▁in ▁checkout . ▁The ▁interest ▁is ▁calculated ▁on ▁the ▁payment ▁free ▁period ▁and ▁the ▁repayment ▁period . ▁You ▁can ▁avoid ▁interest ▁by ▁paying ▁the ▁cash ▁price ▁in ▁full ▁within ▁the ▁payment ▁free ▁period . 

 Delivery ▁charges ▁and ▁other ▁Financial ▁Services ▁products ▁are ▁not ▁available ▁on ▁Buy ▁Now ▁Pay ▁Later ▁and ▁will ▁appear ▁on ▁your ▁next ▁statement . 

 Please"
he,15508,"in ▁this ▁day ▁and ▁age ▁how ▁come ▁we ▁don ' t ▁see ▁laptops ▁carry ▁a ▁physical ▁on / off 
 switch ▁for ▁the ▁microphone ▁and ▁camera ? 

 ~~~ 
 Shan ea 9 3 
 This ▁is ▁the ▁day ▁and ▁age ▁of ▁removing ▁headphone ▁jacks ▁to ▁make ▁a ▁phone ▁slim mer , 
 taking ▁away ▁your ▁disk ▁drive , ▁etc . ▁Most ▁companies ▁care ▁more ▁about ▁aesthetics 
 than ▁functionality ▁at ▁this ▁point . 

 ~~~ 
 oj ii 
 can ▁I ▁have ▁a ▁laptop ▁without ▁a ▁webcam / integrated ▁mic ▁then ? 

 ~~~ 
 so yl ent cola 
 How ▁courageous ▁of ▁you ! 

 ------ 
 aw es omer obot 
 Also ▁remove ▁your ▁microphone ▁and ▁don ' t ▁use ▁a ▁keyboard ? ▁If"
he,15508,"▁make ▁the ▁OS ▁X ▁installation ▁ISO ▁image ▁file ▁usable ▁and ▁boo table ▁from ▁the ▁external ▁storage , ▁use ▁the ▁Mac ▁OS ▁terminal ▁app ▁or , ▁on ▁Linux , ▁use ▁the ▁command ▁line . ▁This ▁is ▁the ▁magic ▁command : 

 dd ▁if ="" OS ▁X ▁Install ▁DVD . iso "" ▁of =/ dev / disk 1 ▁bs = 1 0 m 

 You ▁might ▁want ▁to ▁change ▁the ▁red ▁part ▁of ▁this ▁command ▁to ▁the ▁disk ▁name ▁that ▁you ▁get ▁when ▁inserted ▁the ▁external ▁storage . ▁Remember ▁to ▁not ▁use ▁things ▁like ▁disk 1 s 1 ▁or , ▁on ▁Linux , ▁s dc 1 . ▁The ▁highlighted ▁blue ▁part ▁on ▁these ▁examples ▁are ▁the ▁partition ▁name , ▁and ▁you ▁don ’ t ▁want ▁that . ▁You ▁want"
he,15508,"▁Nearly ▁the ▁whole ▁series ▁showed ▁activity ▁against ▁* M . ▁tuberculosis * ▁H 3 7 Rv , ▁which ▁was ▁in ▁the ▁range ▁from ▁ 2 5 ▁to ▁ 6 . 2 5 ▁µ g / mL , ▁but ▁compounds ▁** 1 1 ** ▁and ▁** 1 2 ** ▁were ▁also ▁active ▁against ▁other ▁strains ▁and ▁both ▁of ▁them ▁were ▁active ▁against ▁* M . ▁avi um * ▁ 1 5 2 . ▁These ▁strains ▁are ▁usually ▁resistant ▁or ▁unsus ceptible ▁to ▁py raz in amide . ▁This ▁is ▁the ▁reason ▁why ▁IN H ▁was ▁chosen ▁as ▁second ▁standard . ▁Obtained ▁results ▁can ▁be ▁compared ▁with ▁other ▁synthe si sed ▁compounds ▁and ▁a ▁comparison ▁can ▁be ▁drawn ▁between ▁more ▁my cob acterial ▁strains ▁not ▁only ▁* M ."
he,15508,"▁of ▁PV Y ▁in ▁[ Table ▁ 1 ](# viruses - 1 2 - 0 0 1 3 2 - t 0 0 1 ){ ref - type ="" table ""} ▁is ▁correct , ▁then ▁[ Figure ▁S 1 ](# app 1 - viruses - 1 2 - 0 0 1 3 2 ){ ref - type ="" app ""}, ▁a ▁ML ▁tree ▁of ▁ 3 8 ▁representative ▁ORF ▁sequences , ▁indicates ▁that ▁the ▁long ▁basal ▁branch ▁of ▁the ▁lineage ▁covered ▁the ▁period ▁ 1 5 . 4 -- 1 8 . 8 ▁thousand ▁Y BP . ▁This ▁is ▁the ▁period ▁human ▁progen itors ▁of ▁the ▁Amer indi ans ▁are ▁most ▁likely ▁to ▁have ▁migrated ▁to ▁the ▁Americas ▁(< https :// en . wikipedia . org /"
he,15508,"

 I ▁have ▁a ▁directory ▁of ▁images . ▁Some ▁of ▁these ▁images ▁must ▁be ▁stored ▁in ▁a ▁text ▁file ▁like ▁' pic 1 . jpg ' 
 I ▁need ▁to ▁extract ▁this ▁filename , ▁pick ▁up ▁the ▁matching ▁file ▁from ▁the ▁current ▁working ▁directory ▁and ▁move ▁it ▁to ▁a ▁separate ▁folder ▁( under ▁the ▁cwd ). 
 This ▁is ▁the ▁code ▁I ▁have ▁so ▁far , ▁but ▁I ▁cant ▁get ▁the ▁shutil ▁operations ▁to ▁work . ▁What ▁am ▁I ▁doing ▁wrong ? ▁ 
 Current ▁directory ▁C :\ BE 
 Have ▁to ▁move ▁a ▁file ( s ) ▁ 1 , jpg , ▁ 2 , jpg ▁etc ▁from ▁a ▁text file ▁called ▁"" filelist . txt "" ▁to ▁C :\ BE \ 2 0 1 4"
he,15508,"ern 2 mu \ underline {\ mk ern - 2 mu \ smash { K }\ mk ern - 2 mu }\ mk ern 2 mu ▁}_{\ alpha ▁}. ▁▁ \ label { sb acca }\ end { aligned }$$ ▁This ▁is ▁the ▁background ▁field ▁action ▁we ▁are ▁going ▁to ▁work ▁with . ▁It ▁is ▁straightforward ▁to ▁check ▁that ▁( \[ sb acca \] ) ▁satisfies ▁$\ llbracket ▁S , S \ rrbracket ▁= 0 $. 

 #### ▁Separ ating ▁the ▁background ▁and ▁quantum ▁sectors 

 Now ▁we ▁separate ▁the ▁background ▁sector ▁from ▁the ▁quantum ▁sector . ▁To ▁do ▁this ▁properly ▁we ▁need ▁to ▁make ▁further ▁assumptions . 

 First , ▁we ▁assume ▁that ▁there ▁exists ▁a ▁choice ▁of ▁field ▁variables ▁where ▁the ▁functions ▁$ R ^{\"
he,15508,"resp }\ end { aligned }$$ ▁Where ▁T ▁is ▁the ▁temperature ▁of ▁the ▁super conductor ▁and ▁L ▁is ▁the ▁system ▁size ▁in ▁the ▁$ z $- direction . ▁$\ beta ▁$ ▁is ▁the ▁inverse ▁temperature ▁of ▁the ▁quantum ▁particle . ▁We ▁are ▁interested ▁in ▁large ▁fixed ▁L ▁as ▁T ▁is ▁varied , ▁which ▁corresponds ▁to ▁high ▁$\ beta ▁$ ▁for ▁the ▁quantum ▁particle ▁when ▁$\ hbar ▁$ ▁( or ▁alternatively ▁the ▁mass ▁of ▁the ▁particle ) ▁is ▁varied . ▁The ▁variable ▁$ z $ ▁is ▁the ▁so ▁called ▁Trotter ▁time . ▁This ▁is ▁the ▁picture ▁we ▁will ▁be ▁using ▁for ▁the ▁case ▁of ▁column ar ▁disorder . 

 For ▁the ▁case ▁of ▁point - dis order ▁the ▁picture ▁we ▁use ▁is ▁that ▁of ▁a ▁directed ▁polymer ▁in"
he,15508,"▁Note : ▁I ▁signed ▁up ▁for ▁a ▁month - long ▁Digital ▁Detox ▁project ▁out ▁of ▁Middle bury ▁College ▁and ▁enjoyed ▁the ▁email ▁updates ▁throughout ▁January ▁that ▁got ▁us ▁thinking ▁about ▁our ▁digital ▁lives , ▁and ▁offered ▁small ▁steps ▁and ▁actions ▁to ▁take . ▁I ▁made ▁comics ▁about ▁the ▁concepts ▁as ▁a ▁way ▁to ▁read ▁deeper ▁and ▁think ▁a ▁little ▁more ▁critically ▁about ▁the ▁ways ▁digital ▁devices ▁and ▁platforms ▁are ▁part ▁of ▁our ▁lives . ▁This ▁is ▁the ▁last ▁comic ▁I ▁made ▁for ▁that ▁project . 

 Kevin ’ s ▁Note : ▁I ▁signed ▁up ▁for ▁a ▁month - long ▁Digital ▁Detox ▁project ▁out ▁of ▁Middle bury ▁College ▁and ▁enjoyed ▁the ▁email ▁updates ▁throughout ▁January ▁that ▁got ▁us ▁thinking ▁about ▁our ▁digital ▁lives , ▁and ▁offered ▁small ▁steps"
he,15508,"C }\ mk ern - 2 mu }\ mk ern 2 mu ▁}) K _{\ bar { C }}^{ I }-\ int ▁ 
 \ mathcal { R }_{ B }^{ I }( B ,{\ mk ern 2 mu \ underline {\ mk ern - 2 mu \ smash { C }\ mk ern - 2 mu }\ mk ern 2 mu ▁}) K _{ B }^{ I }. ▁▁ \ label { bac ca }$$ ▁Because ▁of ▁these ▁new ▁terms , ▁$\ bar { C }$ ▁and ▁$ B $ ▁now ▁transform ▁as ▁ordinary ▁matter ▁fields ▁under ▁background ▁transformations . ▁This ▁is ▁the ▁correct ▁background ▁transformation ▁law ▁we ▁need ▁for ▁them . ▁On ▁the ▁other ▁hand , ▁the ▁non minimal ▁sector ▁( \[ esto bar \]"
he,15508,"This ▁is ▁my ▁answer ▁to ▁the ▁original ▁question ▁( https :// mat hover flow . net / a / 3 2 7 0 2 2 / 5 0 2 4 4 ) ▁whether ▁these ▁numbers ▁are ▁integers ▁to ▁begin ▁with , ▁it ▁gives ▁some ▁combinatorial ▁meaning ▁as ▁well : 
 Use ▁the ▁formulas 
 $ F ( n ) ▁= ▁\ frac {\ varphi ^ n ▁-\ psi ^ n }{\ sqrt { 5 }}$, ▁$\ varphi ▁=\ frac { 1 +\ sqrt { 5 }}{ 2 }, ▁\ psi ▁= ▁\ frac { 1 -\ sqrt { 5 }}{ 2 }$. ▁Let ▁$ q =\ frac {\ psi }{\ varphi } ▁= ▁\ frac {\ sqrt { 5 }- 3 }{ 2 }$, ▁so ▁that 
"
he,15508,"J ., ▁and ▁ANDERSON , ▁MOR TON , ▁OR TH , ▁and ▁THOMPSON , ▁JJ . 
 PER ▁CURIAM : 
 This ▁is ▁an ▁application ▁for ▁leave ▁to ▁appeal ▁from ▁an ▁order ▁filed ▁on ▁July ▁ 2 1 , ▁ 1 9 6 7 , ▁by ▁Judge ▁Robert ▁I . H . ▁Hammer man , ▁sitting ▁* 2 6 8 ▁in ▁the ▁Criminal ▁Court ▁of ▁Baltimore , ▁denying ▁relief ▁sought ▁under ▁the ▁Uniform ▁Post ▁Conv iction ▁Procedure ▁Act . 
 As ▁stated ▁by ▁Judge ▁Hammer man ▁in ▁his ▁memorandum ▁opinion , ▁the ▁applicant ▁raised ▁the ▁following ▁contentions : 
 1 . ▁That ▁petitioner ▁was ▁the ▁subject ▁of ▁an ▁illegal ▁arrest ▁for ▁the ▁reasons ▁that : 
 a . ▁He ▁was ▁not ▁a ▁resident ▁of ▁the ▁house ▁in"
he,15508,"▁to ▁be ▁ 2 . 5 - times ▁lower ▁than ▁that ▁of ▁parent ▁compound ▁RC - 1 2 1 . ▁This ▁is ▁the ▁first ▁report ▁on ▁inhibition ▁of ▁human ▁pancreatic ▁cancer ▁growth ▁in ▁vivo ▁by ▁som at ost atin ▁analogs ▁carrying ▁cytotoxic ▁radicals . <bos> INTRODUCTION ▁{# s 1 } 
 ============ 

 Whilst ▁onco genesis ▁is ▁driven ▁by ▁a ▁multitude ▁of ▁complex , ▁non - programmed ▁molecular ▁events , ▁there ▁are ▁a ▁number ▁of ▁key ▁features ▁of ▁this ▁process , ▁not ▁least ▁of ▁which ▁is ▁the ▁aberrant ▁activation ▁of ▁genes ▁that ▁would ▁normally ▁be ▁silenced ▁in ▁a ▁given ▁tissue ▁context ▁\[ [@ R 1 ] \] . ▁The ▁so ▁called ▁cancer / tes tis ▁( CT ) ▁or ▁cancer ▁germ line ▁( CG ) ▁genes ▁are"
he,15508,"▁AIDS ▁patients . ▁Last ▁week ' s ▁rec lassification ▁ruling ▁allows 
 doctors ▁greater ▁flexibility ▁to ▁prescribe ▁Marin ol ▁and ▁relaxes ▁record 
 keeping ▁requirements ▁on ▁the ▁drug . 

 Str oup ▁noted , ▁however , ▁that ▁it ▁raises ▁further ▁questions ▁about ▁the 
 future ▁of ▁medical ▁marijuana . ▁"" This ▁decision ▁by ▁the ▁federal ▁government 
 acknowled ges ▁that ▁one ▁of ▁the ▁primary ▁compounds ▁in ▁marijuana , ▁THC , ▁is 
 medic ally ▁valuable ▁and ▁lacks ▁a ▁high ▁potential ▁for ▁abuse ,"" ▁he ▁said . ▁"" Yet , 
 this ▁same ▁government ▁maintains ▁that ▁marijuana ▁must ▁remain ▁crimin ally 
 pro hibited ▁because ▁it ▁has ▁no ▁medical ▁value ▁and ▁a ▁high ▁abuse ▁potential . 
 This ▁is ▁the ▁equivalent ▁of ▁the ▁government ▁endorsing ▁Vitamin ▁C ▁but"
he,15508,"▁AIDS ▁patients . ▁Last ▁week ' s ▁rec lassification ▁ruling ▁allows 
 doctors ▁greater ▁flexibility ▁to ▁prescribe ▁Marin ol ▁and ▁relaxes ▁record 
 keeping ▁requirements ▁on ▁the ▁drug . 

 Str oup ▁noted , ▁however , ▁that ▁it ▁raises ▁further ▁questions ▁about ▁the 
 future ▁of ▁medical ▁marijuana . ▁"" This ▁decision ▁by ▁the ▁federal ▁government 
 acknowled ges ▁that ▁one ▁of ▁the ▁primary ▁compounds ▁in ▁marijuana , ▁THC , ▁is 
 medic ally ▁valuable ▁and ▁lacks ▁a ▁high ▁potential ▁for ▁abuse ,"" ▁he ▁said . ▁"" Yet , 
 this ▁same ▁government ▁maintains ▁that ▁marijuana ▁must ▁remain ▁crimin ally 
 pro hibited ▁because ▁it ▁has ▁no ▁medical ▁value ▁and ▁a ▁high ▁abuse ▁potential . 
 This ▁is ▁the ▁equivalent ▁of ▁the ▁government ▁endorsing ▁Vitamin ▁C ▁but"
he,15508,"1 9 6 0 ▁once ▁the ▁White ▁Man ▁put ▁his ▁burden ▁of ▁civiliz ing ▁the ▁un civil isable ▁down . ▁BTW , ▁slavery ▁has ▁never ▁left ▁the ▁areas ▁ruled ▁by ▁mos lems . 

 gates ▁tells ▁the ▁truth ▁for ▁once 

 Sh hh ▁.. ▁keep ▁it ▁quiet ▁ok ? ▁Tribal ▁chiefs ▁who ▁sold ▁off ▁all ▁the ▁slaves ▁to ▁the ▁white ▁man ▁owned ▁a ▁billion ▁slaves ▁too ▁and ▁still ▁do ▁… 

 Joseph 

 If ▁these ▁benevolent ▁black ▁slave ▁owners ▁kept ▁black ▁slaves ▁“ to ▁protect ▁that ▁person ”, ▁what ▁would ▁prevent ▁them ▁from ▁emancip ating ▁them ▁voluntarily ▁even ▁if ▁they ▁stayed ▁with ▁the ▁family . 

 This ▁is ▁the ▁usual ▁noise ▁from ▁the ▁left ; ▁“ If ▁we ▁do ▁it ▁it ▁is ▁not ▁the ▁same ”. 

"
he,15508,"▁seem ▁to ▁be ▁completing ▁after ▁the ▁code ▁that ' s ▁in ▁the ▁then ▁that ' s ▁after ▁the ▁loop . 
 Essentially ▁i ' d ▁like ▁the ▁order ▁to ▁be 
 Loop ▁promises 
 then 
 other ▁code 
 instead ▁of ▁what ▁it ▁is ▁now ▁which ▁is 
 other ▁code 
 Loop ▁promises 

 MongoClient . connect ( connect url ) 
 . then (( client ) ▁=> ▁{ 
 ▁▁ databases . forEach (( val ) ▁=> ▁{ 
 ▁▁▁▁ val . collection . forEach (( val col ) ▁=> ▁{ 
 ▁▁▁▁▁▁ client . db ( val . datab as ename ). stats () ▁// ( This ▁is ▁the ▁async ▁call ) 
 ▁▁▁▁▁▁ . then (( stats ) ▁=> ▁{ 
 ▁▁▁▁▁▁▁▁ // Do"
he,15508,"▁to ▁work ▁fairly ▁seamlessly ▁together . ▁The ▁easiest ▁is ▁probably ▁to ▁use ▁the ▁Paypal ▁API . ▁Log ▁into ▁your ▁Paypal ▁account ▁and ▁obtain ▁the ▁API ▁username , ▁password ▁and ▁signature , ▁then ▁just ▁copy ▁& ▁paste ▁those ▁into ▁the ▁corresponding ▁fields ▁in ▁the ▁Magento ▁admin . 

 You ▁can ▁test ▁this ▁by ▁setting ▁up ▁a ▁developer ▁account ▁in ▁Paypal ▁Sandbox . ▁It ▁is ▁a ▁bit ▁difficult ▁to ▁get ▁used ▁to ▁at ▁first , ▁but ▁basically ▁the ▁steps ▁are ▁as ▁follows : 

 Create ▁a ▁Seller ▁test ▁account . ▁This ▁is ▁a ▁simulated ▁merchant ▁account ▁that ▁will ▁act ▁as ▁the ▁payment ▁receiver . 

 Create ▁a ▁Buyer ▁test ▁account . ▁This ▁is ▁the ▁simulated ▁customer ▁account ▁that ▁you ▁will ▁use ▁to ▁make ▁test ▁purchases ▁in ▁your ▁store ."
he,15508,"▁constant , ▁since ▁there ▁are ▁polynomials ▁on ▁$\ ell _ 1 $ ▁for ▁which ▁equality ▁prevails . ▁For ▁complex ▁Hilbert ▁spaces ▁and ▁homogeneous ▁polynomials , ▁D . ▁P inas co ▁proved ▁in ▁[@ P ] ▁that ▁the ▁optimal ▁constant ▁is ▁$ $\ nonumber 
 M =\ sqrt {\ frac {( k _ 1 +\ cdots ▁+ ▁k _ n )^{ ( k _ 1 +\ cdots ▁+ k _ n )}}{ k _ 1 ^{ k _ 1 } ▁\ cdots ▁k _ n ^{ k _ n }} }. $$ ▁This ▁is ▁a ▁generalization ▁of ▁the ▁result ▁for ▁linear ▁functions ▁obtained ▁by ▁Arias - de - Re yna ▁in ▁[@ A ]. ▁In ▁[@ CPR ], ▁also ▁for ▁homogeneous ▁polynomials , ▁D . ▁Car ando ,"
he,15508,"▁an ▁inadvert ent ▁selection ▁of ▁an ▁inappropriate ▁shift ▁lever ▁position . 

 P ▁ 
 P ▁position ▁of ▁the ▁floor - mounted ▁gear ▁shift ▁lever ▁means ▁that ▁the ▁transmission ▁is ▁set ▁in ▁park . ▁▁ Both ▁clutch ▁packs ▁are ▁fully ▁dis engaged , ▁all ▁gear - sets ▁are ▁dis engaged , ▁and ▁a ▁solid ▁mechanical ▁transmission ▁lock ▁is ▁applied ▁to ▁the ▁crown ▁wheel ▁of ▁the ▁DSG ' s ▁internal ▁differential . ▁▁ This ▁position ▁must ▁only ▁be ▁used ▁when ▁the ▁motor ▁vehicle ▁is ▁stationary . ▁▁ Furthermore , ▁this ▁is ▁the ▁position ▁which ▁must ▁be ▁set ▁on ▁the ▁shift ▁lever ▁before ▁the ▁vehicle ▁ignition ▁key ▁can ▁be ▁removed . 

 N ▁ 
 N ▁position ▁of ▁the ▁floor - mounted ▁shift ▁lever ▁means ▁that ▁the ▁transmission ▁is"
he,15508,"▁explain ▁the ▁possibilities ▁of ▁flexible ▁settings ▁and ▁configuration ▁on - the - air . ▁Just ▁show ▁the ▁track ▁to ▁the ▁customer , ▁this ▁is ▁the ▁best ▁indicator ▁of ▁the ▁quality . 

 Emp has ize ▁that ▁Galile os ky ▁equipment ▁is ▁remarkable ▁for ▁a ▁large ▁number ▁of ▁inputs / outputs ▁of ▁different ▁types ▁and ▁has ▁an ▁open ▁protocol . ▁So , ▁you ▁can ▁connect ▁and ▁integrate ▁various ▁additional ▁devices ▁to ▁solve ▁almost ▁any ▁tasks , ▁use ▁monitoring ▁software ▁to ▁your ▁taste ▁or ▁pain lessly ▁replace ▁one ▁software ▁for ▁another . 

 Get ▁to ▁know ▁your ▁customer ▁better 

 Having ▁discussed ▁the ▁advantages ▁of ▁the ▁product , ▁try ▁to ▁find ▁out ▁what ▁the ▁customer ▁needs ▁and ▁wants . ▁At ▁this ▁stage , ▁it ▁is ▁the ▁right ▁time ▁not"
he,15508,"▁Mann ▁said ▁he ▁used ▁the ▁image ▁without ▁permission ▁“ to ▁illustrate ▁that ▁this ▁is ▁the ▁kind ▁of ▁thing ▁that ▁shouldn ’ t ▁be ▁shown ”. ▁▁ Mann ▁claimed ▁that ▁after ▁Virginia ▁saw ▁the ▁article , ▁she ▁started ▁touching ▁herself ▁on ▁the ▁areas ▁that ▁were ▁black ed ▁out , ▁saying , ▁“ what ’ s ▁wrong ▁with ▁me ?” ▁Mann ▁responded ▁to ▁the ▁criticisms ▁saying ▁she ▁did ▁not ▁plan ▁the ▁photographs ▁and ▁that ▁when ▁she ▁was ▁young , ▁she ▁was ▁often ▁nude , ▁so ▁she ▁raised ▁her ▁children ▁similarly . 

 Many ▁of ▁her ▁other ▁photographs ▁containing ▁her ▁nude ▁or ▁hurt ▁children ▁caused ▁controversy . ▁For ▁example , ▁in ▁The ▁Perfect ▁Tomato , ▁the ▁viewer ▁sees ▁a ▁nude ▁Jessie , ▁posing ▁on ▁a ▁picnic ▁table ▁outside , ▁bathed"
he,15508,". ▁Amino ▁acid ▁analyses ▁showed ▁high ▁abundance ▁of ▁serine ▁and ▁th reonine ▁in ▁all ▁three ▁fractions ▁( 1 9 - 3 6 %), ▁confirming ▁their ▁mu cin - like ▁nature . ▁Immun ochemical ▁analyses ▁of ▁deg ly cos ylated ▁samples ▁detected ▁the ▁M UC 1 ▁mu cin ▁apo protein ▁in ▁S BG 2 ▁and ▁the ▁M UC 3 ▁protein ▁in ▁S BG 1 . ▁To ▁our ▁knowledge , ▁this ▁is ▁the ▁first ▁report ▁of ▁a ▁M UC 3 ▁mu cin ▁being ▁purified . ▁This ▁mu cin ▁showed ▁no ▁significant ▁reduction ▁in ▁size ▁upon ▁trypsin ▁treatment ▁or ▁disulfide ▁bond ▁reduction ▁and ▁alkyl ation . ▁Gel ▁filtration ▁of ▁three ▁samples ▁of ▁secondary ▁bile ▁showed ▁that ▁the ▁size ▁distribution ▁of ▁s ial yl - Le ( a )- carrying ▁glyco"
he,15508,"▁to ▁ 6 ▁and ▁still ▁be ▁alive . ▁She ▁went ▁on ▁to ▁promote ▁“ living ▁natural ▁minerals ” ▁and ▁juices . ▁Minerals ▁are , ▁by ▁definition , ▁naturally ▁occurring ; ▁there ▁are ▁no ▁unnatural ▁minerals . ▁If ▁you ’ re ▁seeking ▁living ▁minerals , ▁see ▁the ▁hor ta ▁in ▁a ▁popular ▁episode ▁of ▁Star ▁Trek . ▁“ Cancer ▁is ▁impossible ▁if ▁defenses ▁are ▁working ,” ▁she ▁claimed . ▁She ▁referred ▁to ▁cancer ▁as ▁a ▁“ foreign ▁protein .” ▁This ▁is ▁a ▁premise ▁of ▁the ▁dubious ▁treatment ▁plan ▁proposed ▁by ▁William ▁Donald ▁Kelley , ▁D . D . S ., ▁which ▁is ▁currently ▁promoted ▁in ▁combination ▁with ▁G erson - style ▁treatment ▁by ▁Dr . ▁Nicholas ▁Gonzalez . ▁People ▁know ▁pharmaceutical ▁treatments ▁don ’ t ▁work , ▁she"
he,15508,"▁sentence 

 This ▁is ▁when ▁you ▁are ▁sentenced ▁to ▁a ▁period ▁of ▁imprisonment , ▁but ▁are ▁not ▁actually ▁sent ▁to ▁prison ▁as ▁long ▁you ▁comply ▁with ▁any ▁conditions ▁and ▁do ▁not ▁commit ▁any ▁further ▁offences . 

 Suspended ▁sentences ▁can ▁last ▁up ▁to ▁ 2 ▁years . 

 Full ▁time ▁prison 

 This ▁is ▁when ▁you ▁are ▁sent ▁to ▁ga ol . 

 Full ▁time ▁imprisonment ▁can ▁only ▁be ▁imposed ▁if ▁no ▁other ▁alternative ▁is ▁appropriate ▁in ▁the ▁circumstances . 

 Call ▁our ▁experienced ▁criminal ▁lawyers ▁today ▁for ▁a ▁free ▁first ▁appointment ▁where ▁we ▁can ▁discuss ▁your ▁child ▁abuse ▁material ▁case ▁and ▁advise ▁you ▁of ▁the ▁best ▁way ▁forward . <bos> In ▁vitro ▁assessment ▁of ▁antic ry pto spor id ial ▁efficacy ▁and ▁cytotoxicity ▁of ▁adenosine ▁analogues"
he,15508,"▁shown ▁in ▁Figures   \[ fig : seq - rand \] ▁and ▁\[ fig : seq - rand - variant \] ▁also ▁imply ▁inequality ▁restrictions ▁similar ▁to ▁Bell ’ s ▁inequality ▁in ▁Quantum ▁Mechanics . ▁See ▁@ gill : 2 0 1 4 ▁( [- @ gill : 2 0 1 4 ]) ▁for ▁discussion ▁of ▁statistical ▁issues ▁arising ▁from ▁experimental ▁tests ▁of ▁Bell ’ s ▁inequality . 

 [^ 3 8 ]: ▁To ▁our ▁knowledge , ▁it ▁is ▁the ▁first ▁such ▁causal ▁null ▁hypothesis ▁considered ▁in ▁Epidemiology ▁for ▁which ▁this ▁is ▁the ▁case . 

 [^ 3 9 ]: ▁This ▁observation ▁motivated ▁the ▁development ▁of ▁graphical ▁“ nested ” ▁Markov ▁models ▁that ▁encode ▁constraints ▁such ▁as ▁( \[ eq : ver ma - constraint \] )"
he,15508,"▁selection ▁nicely . ▁Death ▁Magnetic ▁is ▁represented ▁by ▁a ▁single ▁song ▁only , ▁but ▁the ▁entire ▁album ▁is ▁available ▁as ▁downloadable ▁content . 

 As ▁with ▁the ▁game ▁centered ▁on ▁Aeros mith , ▁other ▁bands ▁get ▁their ▁day ▁in ▁the ▁sun ▁as ▁well ▁– ▁here ▁the ▁selection ▁ranges ▁from ▁songs ▁covered ▁by ▁Metallica ▁( Ly ny rd ▁Sky ny rd ’ s ▁Tuesday ’ s ▁Gone ▁and ▁as ▁a ▁definitive ▁highlight ▁Diamond ▁Head ’ s ▁Am ▁I ▁Evil ?) ▁and ▁liked ▁by ▁the ▁band ▁( System ▁of ▁a ▁Down , ▁Corrosion ▁of ▁Conform ity ▁and ▁Mot ör head ▁are ▁all ▁featured ). 

 Despite ▁the ▁name , ▁this ▁is ▁a ▁full - band ▁game , ▁and ▁hopefully ▁the ▁Ne vers oft / Harmon ix - promise ▁of"
he,15508,"▁of ▁local ▁democracy ▁and ▁participation ▁in ▁Venezuela ▁specifically , ▁especially ▁with ▁the ▁negative ▁press ▁that ▁it ▁gets ▁in ▁the ▁United ▁States . ▁Many ▁viewers ▁were ▁impressed ▁with ▁the ▁democratic ▁experiences , ▁and ▁the ▁fact ▁that ▁people ▁all ▁across ▁the ▁region ▁are ▁all ▁participating ▁in ▁similar ▁ways . ▁Others ▁were ▁shocked ▁because ▁so ▁little ▁of ▁this ▁is ▁happening ▁in ▁the ▁U . S . ▁Others ▁felt ▁the ▁movie ▁really ▁put ▁things ▁into ▁a ▁perspective ▁that ▁they ▁had ▁rarely ▁seen ▁or ▁heard ▁of ▁before . ▁This ▁was ▁the ▁case ▁of ▁one ▁gentleman ▁in ▁the ▁Lower ▁ 9 th ▁Ward ▁in ▁New ▁Orleans ▁where ▁we ▁showed ▁Beyond ▁Elections ▁with ▁a ▁projector ▁on ▁the ▁side ▁of ▁a ▁building . ▁He ▁said , ▁“ Wow , ▁I ’ ve ▁always ▁known ▁all"
he,15508,"▁conducted ▁to ▁assess ▁the ▁incidence ▁of ▁ps ori atic ▁ar throp athy ▁in ▁these ▁patients . ▁This ▁was ▁the ▁only ▁study ▁to ▁define ▁ar throp athy ▁A Es ▁according ▁to ▁Med DRA ; ▁other ▁studies ▁used ▁the ▁CO START , ▁which ▁did ▁not ▁include ▁' ps ori atic ▁ar throp athy ' ▁specifically ▁as ▁a ▁preferred ▁term . 

 Baseline ▁demographics ▁and ▁psoriasis ▁characteristics ▁and ▁the ▁proportion ▁of ▁patients ▁with ▁a ▁previous ▁history ▁of ▁ar throp athy ▁( as ▁reported ▁by ▁patients ▁at ▁the ▁baseline ▁visit ) ▁were ▁tabulated ▁by ▁presence / absence ▁of ▁an ▁ar throp athy ▁event . 

 Results ▁{# Sec 5 } 
 ======= 

 The ▁number ▁of ▁patients ▁included ▁in ▁each ▁of ▁the ▁pooled ▁safety ▁analyses ▁from ▁each ▁of ▁the ▁seven ▁trials"
he,15508,"▁# 7 4 </i> </ p > 
 <h4> Welcome </h4> 
 < p > This ▁is ▁ <i> De jal News </i> , ▁an ▁occasional ▁newsletter ▁from ▁< a ▁href =""/""> De jal </ a >.</ p > 
 < p > <i> <b> If ▁you ▁want ▁to ▁receive ▁these ▁newsletters ▁in ▁your ▁email ▁inbox , ▁head ▁over ▁to ▁the ▁< a ▁href =""/ subscribe /""> De jal News ▁subscribe ▁page </ a > ▁to ▁sign ▁up . </b> </i> </ p > 
 <h4> De jal News ▁is ▁back ! </h4> 
 < p > The ▁previous ▁issue ▁of ▁ <i> De jal News </i> ▁was ▁a ▁bit ▁over ▁a ▁year ▁ago . ▁I ▁didn ' t ▁intend ▁to ▁take ▁a ▁year ▁off ▁publishing ▁these"
he,15508,"▁it ▁can ▁go ▁very ▁fast . ▁It ▁would ▁be ▁easy ▁to ▁take ▁down ▁if ▁going ▁slow , ▁though . ▁- ▁Like ▁most ▁of ▁her ▁spells , ▁this ▁motorcycle ▁greatly ▁glows ▁a ▁purple ▁color . ▁This ▁allows ▁for ▁the ▁tracking ▁of ▁her ▁location , ▁as ▁well ▁as ▁not ▁being ▁able ▁to ▁blend ▁into ▁the ▁surrounding ▁areas ▁while ▁using . 

 Techno - In vis : 

 Name : ▁Techno - In vis . Rank : ▁D . Type : ▁Utility . Duration : ▁ 3 ▁posts . Cooldown : ▁ 4 ▁posts . Description : ▁When ▁getting ▁her ▁magic ▁implemented ▁into ▁her ▁veins ▁and ▁nerves , ▁she ▁was ▁sure ▁to ▁make ▁sure ▁that ▁this ▁ability ▁was ▁implemented ▁first . ▁This ▁was ▁one ▁of ▁the ▁abilities ▁that ▁convinced ▁her"
he,15508,"
 ---------------- ------- 

 Horizontal ▁partitioning ▁of ▁the ▁data ▁may ▁be ▁the ▁most ▁natural ▁way ▁to ▁distribute ▁work ▁between ▁the ▁nodes ▁of ▁a ▁cluster . ▁If ▁we ▁consider ▁the ▁default ▁layout ▁where ▁the ▁data ▁is ▁represented ▁as ▁a ▁matrix ▁$ D $ ▁in ▁which ▁the ▁columns ▁represent ▁the ▁different ▁features ▁and ▁the ▁rows ▁represent ▁the ▁instances , ▁then ▁it ▁is ▁natural ▁to ▁distribute ▁the ▁matrix ▁by ▁assigning ▁different ▁groups ▁of ▁rows ▁to ▁nodes ▁in ▁the ▁cluster . ▁If ▁we ▁represent ▁this ▁matrix ▁as ▁an ▁R DD , ▁this ▁is ▁exactly ▁what ▁Spark ▁will ▁automatically ▁do . 

 Once ▁the ▁data ▁is ▁partitioned , ▁Algorithm   \[ alg : c FS \] ▁( omit ting ▁line   \[ lin : all Cor rs \] ) ▁can ▁be ▁started"
he,15508,"▁had ▁a ▁very ▁good ▁appetite . ▁He ▁w allo ped ▁a ▁plate ▁of ▁nasi ▁lemak , ▁roti ▁Planta , ▁and ▁potato ▁wedges ! 

 In ▁the ▁afternoon , ▁we ▁made ▁a ▁visit ▁to ▁Sun way ▁Velocity ▁Mall , ▁one ▁of ▁KL ' s ▁newest ▁retail ▁spots . ▁Boy , ▁what ▁a ▁mistake ▁that ▁was . ▁The ▁roads ▁were ▁choked ▁and ▁the ▁mall ▁was ▁overflowing ▁with ▁people . ▁Been ▁a ▁long ▁time ▁since ▁I ▁saw ▁such ▁good ▁business ▁at ▁a ▁mall . ▁The ▁escal ators ▁were ▁packed ▁and ▁groups ▁of ▁people ▁were ▁seen ▁just ▁standing ▁around . ▁Crazy . ▁Every ▁ten ▁minutes , ▁there ▁would ▁be ▁a ▁public ▁paging ▁for ▁lost ▁kids ▁and ▁dis oriented ▁adults . ▁But ▁this ▁took ▁the ▁cake : 

 "" Dear ▁shoppers ,"
he,15508,"- a 3 A , ▁F - 1 0 4 A , ▁F - 4 C , ▁X - 1 5 , ▁HL - 1 0 , ▁Jet star , ▁CV - 8 8 0 M , ▁B - 7 4 7 , ▁C - 5 A , ▁and ▁XB - 7 0 A . 

 Robert ▁K . ▁Heff ley ▁and ▁Wayne ▁F . ▁Jewell , ▁NASA ▁CR - 2 1 4 4 ▁AIRCRAFT ▁HANDLING ▁QUAL ITIES ▁DATA , 
 December ▁ 1 9 7 2 

 JS BS im ▁implementations ▁of ▁the ▁aer odynamics ▁models ▁can ▁be ▁viewed ▁in ▁my ▁GitHub ▁repository ▁F - 1 4 ▁and ▁F - 1 5 . ▁These ▁are ▁both ▁useful ▁references ▁in ▁how ▁to ▁implement ▁an ▁aerodynamic ▁model ▁using"
he,15508,"▁you ’ re ▁“ not ▁a ▁Democrat ” ▁doesn ’ t ▁work ▁well ▁when ▁too ▁many ▁Republicans ▁voting ▁records ▁actually ▁look ▁far ▁more ▁like ▁Pelosi ’ s ▁than ▁they ▁should . 

 Going ▁on ▁offense ▁will ▁also ▁be ▁necessary ▁to ▁effectively ▁combat ▁the ▁left . ▁Republicans ▁will ▁need ▁to ▁stay ▁one ▁step ▁ahead ▁of ▁Democrats ▁at ▁all ▁times . 

 Some ▁chatter ▁on ▁Cap Hill ▁that ▁if ▁Pelosi ▁were ▁to ▁exit ▁(& ▁this ▁is ▁just ▁a ▁theory ), ▁she ▁would ▁time ▁her ▁exit ▁after ▁GOP ers ▁bought ▁ad ▁time ▁& ▁burned ▁$ ▁campaigning ▁against ▁her . ▁Sober ▁GOP ers ▁know ▁a ▁Pelosi ▁exit ▁is ▁bad ▁for ▁them ▁as ▁it ▁ro bs ▁them ▁of ▁a ▁foil . 

 Obviously ▁this ▁is ▁just ▁a ▁theory , ▁but ▁Democrats ▁will"
he,15508,"▁water , ▁energy , ▁minerals ▁and ▁access ▁to ▁those ▁commodities ▁( alli ances , ▁sea ▁lanes , ▁etc .). ▁As ▁I ▁have ▁mentioned ▁before , ▁consider ▁the ▁trade ▁enabled ▁by ▁the ▁reserve ▁currency ▁( the ▁dollar ): ▁we ▁print / create ▁money ▁out ▁of ▁thin ▁air ▁and ▁exchange ▁this ▁for ▁oil , ▁commodities , ▁electronics , ▁etc . 

 If ▁this ▁isn ’ t ▁the ▁greatest ▁trade ▁on ▁Earth – ex changing ▁paper ▁for ▁real ▁stuff – ▁what ▁is ? While ▁I ▁am ▁sympathetic ▁to ▁the ▁strictly ▁financial ▁arguments ▁that ▁predict ▁hyper - inflation ▁and ▁the ▁destruction ▁of ▁the ▁U . S . ▁dollar , ▁they ▁are ▁in ▁effect ▁touching ▁the ▁toe ▁of ▁the ▁elephant . 

 The ▁financial ▁argument ▁is ▁this : ▁we ▁can ▁print ▁money"
he,15508,": ▁ 0 x 4 3 5 5 , ▁code : ▁ 0 x 4 9 , ▁from : ▁ 0 xe 8 6 2 1 , ▁to : ▁ 0 x 0 }, 
 	 1 1 6 : ▁{ region : ▁ 0 x 4 3 5 5 , ▁code : ▁ 0 x 4 8 , ▁from : ▁ 0 xf 9 4 2 1 , ▁to : ▁ 0 x 0 }, 
 	 1 1 7 : ▁{ region : ▁ 0 x 4 3 5 5 , ▁code : ▁ 0 xf 9 , ▁from : ▁ 0 xed 6 2 1 , ▁to : ▁ 0 xf 4 e 2 1 }, 
 	 1 1 8 : ▁{ region"
he,15508,"8 - year - old ▁Ryan ▁G addis ▁was ▁charged ▁with ▁possession ▁of ▁a ▁weapon ▁on ▁school ▁property ▁and ▁is ▁being ▁held ▁in ▁Porter ▁County ▁Jail . 

 G addis ▁admitted ▁to ▁having ▁the ▁weapon ▁in ▁his ▁trunk , ▁but ▁later ▁told ▁police ▁he ▁meant ▁to ▁leave ▁the ▁weapons ▁at ▁a ▁relative ' s ▁home ▁before ▁coming ▁to ▁school . ▁G addis ▁was ▁arrested ▁without ▁incident ▁and ▁taken ▁to ▁the ▁jail . 

 Under ▁Indiana ▁law , ▁a ▁student ▁in ▁possession ▁of ▁any ▁type ▁of ▁firearm ▁on ▁school ▁property ▁must ▁be ▁expelled ▁for ▁at ▁least ▁one ▁calendar ▁year . <bos> Pitch ing ▁or ▁otherwise ▁throwing ▁a ▁baseball ▁involves ▁a ▁coordinated ▁body ▁movement ▁culminating ▁in ▁straightening ▁the ▁elbow ▁joint ▁as ▁the ▁baseball ▁is ▁released ▁from ▁the ▁hand ."
he,15508,"B ▁▁▁▁▁▁▁▁▁▁▁▁▁▁▁▁▁▁▁▁▁▁▁▁▁▁ = ▁ 0 x 1 0 
 	 IFT _ LOCAL TALK ▁▁▁▁▁▁▁▁▁▁▁▁▁▁▁▁▁▁▁▁▁ = ▁ 0 x 2 a 
 	 IFT _ LOOP ▁▁▁▁▁▁▁▁▁▁▁▁▁▁▁▁▁▁▁▁▁▁▁▁▁▁ = ▁ 0 x 1 8 
 	 IFT _ MIO X 2 5 ▁▁▁▁▁▁▁▁▁▁▁▁▁▁▁▁▁▁▁▁▁▁▁▁ = ▁ 0 x 2 6 
 	 IFT _ MOD EM ▁▁▁▁▁▁▁▁▁▁▁▁▁▁▁▁▁▁▁▁▁▁▁▁▁ = ▁ 0 x 3 0 
 	 IFT _ NS IP ▁▁▁▁▁▁▁▁▁▁▁▁▁▁▁▁▁▁▁▁▁▁▁▁▁▁ = ▁ 0 x 1 b 
 	 IFT _ OTHER ▁▁▁▁▁▁▁▁▁▁▁▁▁▁▁▁▁▁▁▁▁▁▁▁▁ = ▁ 0 x 1 
 	 IFT _ P 1 0 ▁▁▁▁▁▁▁▁▁▁▁▁▁▁▁▁▁▁▁▁▁▁▁▁▁▁▁ = ▁ 0 xc 
 	 IFT _ P 8 0 ▁▁▁▁▁▁▁▁▁▁▁▁▁▁▁▁▁▁▁▁▁▁▁▁▁▁▁ = ▁ 0 xd 
 	 IFT _ PARA ▁▁▁▁▁▁▁▁▁▁▁▁▁▁▁▁▁▁▁▁▁▁▁▁▁▁ = ▁ 0 x 2 2 
 	 IFT _ PDP ▁▁▁▁▁▁▁▁▁▁▁▁▁▁▁▁▁▁▁▁▁▁▁▁▁▁▁"
he,2276,"/ 1 0 6 0 1 2 
 0 0 1 2 / 1 0 5 9 7 8 
 0 4 1 3 / 1 0 5 6 3 3 
 0 0 1 2 / 1 0 5 9 8 2 
 0 4 1 3 / 1 0 5 9 8 4 
 0 0 1 2 / 1 0 5 9 7 7 

 The ▁reason ▁we ▁need ▁this ▁information ▁is ▁because ▁there ▁are ▁some ▁people ▁who ▁are ▁ 
 Houston ▁Pipe ▁Line ▁employees , ▁and ▁we ▁want ▁to ▁ensure ▁that ▁they ▁have ▁or ▁do ▁not ▁ 
 have ▁the ▁applications ▁they ▁are ▁required ▁or ▁not ▁required ▁to ▁have . ▁▁ Tom ▁Martin ▁ 
 is ▁over ▁the ▁Texas ▁Desk , ▁and ▁he"
he,2276,"▁going ▁on ▁so ▁much ▁lately ▁about ▁myself , ▁it ’ s ▁time ▁I ▁talked ▁about ▁other ▁people ▁a ▁bit . ▁Below ▁are ▁the ▁books ▁and ▁stories ▁I ’ ve ▁been ▁really ▁enjoying ▁lately ▁and ▁I ▁highly ▁recommend ▁you ▁check ▁them ▁out . ▁Let ’ s ▁go : 

 The ▁Hunt ▁for ▁Pierre ▁J nr ▁By ▁David ▁M . ▁Henley ▁( the ▁sequel , ▁Manifest ations , ▁is ▁out ▁now ▁too .) ▁As ▁the ▁blurb ▁says , ▁“ He ▁can ▁make ▁you ▁forget , ▁he ▁can ▁control ▁you ▁and ▁he ▁is ▁only ▁eight ▁years ▁old . ▁Three ▁months ▁after ▁his ▁birth ▁he ▁escaped . ▁An ▁hour ▁later ▁he ▁was ▁lost ▁to ▁surveillance . ▁No ▁one ▁knows ▁where ▁he ▁has ▁been ▁for ▁the ▁last ▁eight ▁years ▁… ▁Now ▁Pierre"
he,2276,"▁but ▁when ▁I ' m ▁in ▁iOS ▁he ▁return ▁F CM ▁Id , ▁and ▁I ▁don ' t ▁need ▁that , ▁I ▁want ▁get ▁Push ▁Plugin ▁register : ▁ 
 This ▁is ▁example ▁of ▁my ▁issue : 
 FCM ▁Registration ▁Token : ▁c qs 2 H 3 ED 5 u 8 : APA 9 1 b EV Q Gi 0 S fb C 1 Y au 1 x N _ P JB 0 SO m B 5 0 Pg HM NG 2 z C qw 4 bz W fL ru X fq Ko IT 7 De J nz 5 K 3 7 C q QL Is 9 F - CX fw ur C - Uh Z jf L NU vn Ef CZ Dp Ile W _ 6"
he,2276,"▁ 2 0 1 1 

 Despite ▁of ▁ardent ▁fan ▁protests ▁and ▁a ▁letter ▁from ▁Michael ▁Jackson ▁Estate ▁Exec uters , 

 Global ▁Live ▁Events ▁announced ▁that ▁they ▁are ▁“ % 1 0 0 ▁going ▁ahead ”. ▁Yesterday , ▁they ▁announced ▁Ne - Yo ▁as ▁part ▁of ▁their ▁line - up . ▁But ▁would ▁Ne - Yo ▁have ▁agreed ▁to ▁be ▁participate ▁IF ▁he ▁knew ▁that ▁Leonard ▁Rowe ▁is ▁involved ▁in ▁' Michael ▁Forever ▁Tribute '? 

 In ▁ 2 0 0 7 , ▁Live Nations ▁cancelled ▁Janet ▁Jackson ’ s ▁Tour . ▁Her ▁dancers ▁had ▁counted ▁on ▁income ▁from ▁the ▁Tour ▁so ▁she ▁reached ▁out ▁to ▁Leonard ▁Rowe ▁asking ▁if ▁he ▁could ▁promote 

 a ▁ 2 0 ▁concert ▁Tour . ▁“ I ▁did ▁not ▁believe"
he,2276,"1 9 9 0 ), ▁p . ▁ 2 1 7 ▁( The ▁mail ▁interstate ▁carrier ▁wire ▁fraud ▁statute ▁"" can ▁be ▁violated ▁whether ▁or ▁not ▁there ▁is ▁any ▁[ loss ▁or ▁damage ▁to ▁the ▁victim ▁of ▁the ▁crime ] ▁[ or ] ▁[ gain ▁to ▁the ▁defendant ]."" ). 


 9 
 More ▁importantly , ▁the ▁whole ▁purpose ▁of ▁§ ▁ 3 2 9 3 ( 2 ) ▁is ▁to ▁protect ▁financial ▁institutions , ▁a ▁goal ▁it ▁tries ▁to ▁accomplish ▁in ▁large ▁part ▁by ▁deter ring ▁would - be ▁criminals ▁from ▁including ▁financial ▁institutions ▁in ▁their ▁schemes . ▁Just ▁as ▁society ▁pun ishes ▁someone ▁who ▁recklessly ▁fires ▁a ▁gun , ▁whether ▁or ▁not ▁he ▁hits ▁anyone , ▁protection ▁for ▁financial ▁institutions ▁is ▁much ▁more ▁effective ▁if"
he,2276,", ▁then ▁storms ▁out ▁of ▁the ▁house . ▁Re enie ▁witnesses ▁her ▁parents ' ▁dispute . ▁She ▁runs ▁into ▁the ▁street , ▁causing ▁a ▁motorist ▁to ▁s werve ▁and ▁strike ▁a ▁tree . ▁The ▁driver , ▁Sammy ▁Golden , ▁is ▁relatively ▁un hurt , ▁and ▁he ▁and ▁Re enie ▁become ▁attracted ▁to ▁one ▁another . 

 C ora ▁calls ▁her ▁older ▁sister ▁Lottie ▁to ▁tell ▁her ▁that ▁Rubin ▁hit ▁her . ▁Rubin , ▁still ▁slightly ▁intoxicated , ▁shows ▁up ▁at ▁M avis ' ▁beauty ▁salon , ▁which ▁also ▁is ▁where ▁she ▁lives . ▁He ▁is ▁seen ▁going ▁in ▁by ▁two ▁town ▁gossi ps . ▁Rubin ▁tells ▁her ▁Cora ▁has ▁ignored ▁him ▁for ▁years , ▁and ▁while ▁he ▁has ▁remained ▁faithful , ▁he ▁desires ▁M avis . ▁When"
he,2276,"▁of ▁hell ▁... ▁cost ▁them ▁a ▁small ▁fortune . ▁I ▁asked ▁the ▁Plant ▁Manager ▁if ▁it ▁was ▁OK ▁if ▁I ▁looked ▁into ▁it ▁... ▁he ▁thought ▁I ▁was ▁crazy ▁but ▁he ▁hum ored ▁me ▁... ▁told ▁me ▁not ▁to ▁hurt ▁myself ▁... ▁I ▁was ▁just ▁a ▁"" bean ▁counter "". ▁It ▁took ▁me ▁and ▁the ▁head ▁of ▁maintenance ▁less ▁than ▁ 1 ▁week ▁to ▁find ▁the ▁problem ▁... ▁and ▁the ▁problem ▁never ▁recur red ▁in ▁the ▁following ▁three ▁years . ▁Done ! ▁I ' ve ▁got ▁dozen ▁of ▁similar ▁stories ▁... ▁all ▁the ▁same . ▁Ordinary ▁scientists ▁can ' t ▁do ▁shit ▁... ▁they ' re ▁there ▁for ▁the ▁paycheck ▁... ▁that ' s ▁it ."" ▁"" Hell , ▁tell ▁me ▁about ▁it . ▁( pause )"
he,2276,", ▁it ▁may ▁grant ▁counsel ’ s 

 request ▁to ▁withdraw ▁and ▁dismiss ▁the ▁appeal . ▁See ▁Anders , ▁ 3 8 6 ▁U . S . ▁at ▁ 7 4 4 . 



 ▁▁▁▁▁▁▁▁▁▁▁▁▁▁▁▁▁▁▁▁▁▁▁▁▁▁▁▁▁▁▁ ▁▁▁▁▁▁▁▁▁▁▁ - 3 - 
  ▁▁▁▁▁▁ Mr . ▁Ortega - Gu zman ▁Defendant ▁was ▁notified ▁of ▁his ▁right ▁to ▁file ▁a ▁pro ▁se 

 brief , ▁and ▁he ▁has ▁chosen ▁not ▁to ▁do ▁so . ▁Accordingly , ▁we ▁turn ▁to ▁an ▁examination ▁of 

 the ▁proceedings ▁below ▁to ▁determine ▁if ▁the ▁appeal ▁is ▁wholly ▁frivolous . 

 ▁▁▁▁▁▁ In ▁his ▁Anders ▁brief , ▁counsel ▁first ▁dismiss es ▁the ▁possibility ▁that ▁the ▁district 

 court ▁erred ▁in ▁denying ▁the ▁motion ▁to ▁dismiss ▁the ▁indictment . ▁As ▁noted ▁above , 

 however ,"
he,2276,"▁but ▁Henry , ▁equipped ▁with ▁the ▁same ▁amount ▁of ▁information , ▁simply ▁doesn ’ t ▁get ▁it . 

 When ▁I ▁started ▁writing ▁the ▁G any mede ▁Quartet ▁books , ▁it ▁seemed ▁obvious ▁to ▁me ▁that ▁the ▁story ▁needed ▁to ▁be ▁told ▁from ▁the ▁master ’ s ▁point ▁of ▁view . ▁Whether ▁or ▁not ▁he ’ s ▁actually ▁prepared ▁to ▁take ▁responsibility , ▁the ▁fact ▁remains ▁that ▁Henry ’ s ▁the ▁one ▁in ▁charge ▁and ▁he ▁sets ▁the ▁tone . ▁It ’ s ▁Martin ’ s ▁job ▁to ▁adapt ▁and ▁respond ▁and ▁accommodate ▁and ▁serve . ▁Obviously , ▁Martin ▁is ▁better - equipped ▁to ▁steer ▁this ▁particular ▁ship , ▁but , ▁unfortunately ▁for ▁Henry , ▁the ▁roles ▁in ▁this ▁relationship ▁weren ’ t ▁assigned ▁based ▁on ▁fitness"
he,2276,"▁looked ▁inside ▁those ▁tight y ▁whi tie ▁underwear ▁and ▁I ▁can ▁tell ▁he ▁was ▁getting ▁a ▁semi - hard ▁on ▁which ▁is ▁common ▁for ▁boys ▁his ▁age . ▁I ▁was ▁driving ▁Rex ▁crazy ▁and ▁I ▁know ▁he ▁was ▁dying ▁to ▁cum ▁as ▁I ▁kept ▁him ▁on ▁the ▁edge ▁of ▁his ▁climax . ▁She ▁is ▁committed ▁to ▁providing ▁compassionate , ▁personalized ▁medical ▁care ▁and ▁well - being ▁for ▁all ▁her ▁patients . ▁I ▁then ▁had ▁him ▁stand ▁and ▁had ▁him ▁remove ▁his ▁und ies ▁and ▁check ▁for ▁her nias . ▁Chino ▁pushes ▁Ash y ton ▁and ▁makes ▁his ▁sit ▁on ▁the ▁exam ▁table . 

 Ch ino ▁from ▁College ▁Boy ▁Physical s ▁at ▁Just Us Boys ▁- ▁Gallery 

 Hot ▁naked ▁college ▁girls ▁anal . ▁I ▁left ▁the"
he,2276,", ▁___ ▁U . S . ▁__ _, ▁__ _, ▁ 1 2 9 ▁S . Ct . ▁ 1 2 8 3 , ▁ 1 2 8 7 , ▁ 1 7 3 ▁L . Ed . 2 d ▁ 2 3 1 ▁( 2 0 0 9 ). 
 [ 2 ] ▁▁ The ▁record ▁indicates ▁that ▁the ▁State ' s ▁closing ▁argument ▁continued ▁as ▁follows : 

 But ▁then ▁an ▁interesting ▁thing ▁happened . ▁By ▁this ▁time ▁he ▁knows ▁he ' s ▁in ▁trouble ▁and ▁he ▁decides ▁to ▁shift ▁the ▁blame ▁away ▁from ▁him ▁to ▁her ▁and ▁he ▁tells ▁the ▁police ▁officer ▁this ▁story ▁about ▁driving ▁up ▁Weaver ▁Street ▁or ▁driving ▁in ▁W ino oski ▁and ▁he ▁sees ▁a ▁woman ▁acting ▁weird ▁and ▁she"
he,2276,"▁▁▁▁▁▁▁▁▁▁▁▁▁ penalty , ▁forfeiture , ▁or ▁liability , ▁as ▁well ▁as ▁for 
 ▁▁▁▁▁▁▁▁▁▁▁▁▁ the ▁purpose ▁of ▁sustaining ▁any ▁judgment , 
 ▁▁▁▁▁▁▁▁▁▁▁▁▁ dec ree , ▁or ▁order ▁which ▁can ▁or ▁may ▁be ▁rendered , 
 ▁▁▁▁▁▁▁▁▁▁▁▁▁ entered , ▁or ▁made ▁in ▁such ▁actions , ▁suits , 
 ▁▁▁▁▁▁▁▁▁▁▁▁▁ pro ceedings , ▁or ▁prosecutions ▁imposing , 
 ▁▁▁▁▁▁▁▁▁▁▁▁▁ inf licting , ▁or ▁declaring ▁such ▁penalty , ▁forfeiture , 
 ▁▁▁▁▁▁▁▁▁▁▁▁▁ or ▁liability . 

 ▁▁ Because ▁the ▁ 2 0 1 3 ▁amendments ▁to ▁the ▁theft ▁statute ▁do ▁not ▁expressly 

 ▁▁ provide ▁that ▁they ▁apply ▁retro actively , ▁and ▁Trujillo ▁committed ▁his 

 ▁▁ crime ▁before ▁ 2 0 1 3 , ▁he ▁is ▁liable ▁for ▁theft ▁as ▁it ▁was ▁defined ▁when ▁he 

 ▁▁ committed"
he,2276,"▁you ’ d ▁like ▁to ▁comment ▁on ▁tonight ’ s ▁event , ▁please ▁do ▁so ▁in ▁our ▁discussion ▁thread .) 

 Enjoy ▁the ▁fights , ▁everyone .. 

 . 

 . 

 PAUL ▁GEORG IE FF ▁VS . ▁JON ATHAN ▁G OU LET 

 Round ▁ 1 ▁— ▁Georgie ff ▁rocked ▁Gou let ▁with ▁a ▁left ▁hook , ▁but ▁Gou let ▁rebound ed ▁to ▁catch ▁a ▁kick ▁and ▁score ▁a ▁taked own . ▁Gou let ▁then ▁unloaded ▁some ▁ground ▁and ▁pound , ▁and ▁he ▁then ▁sunk ▁in ▁a ▁fight - ending ▁rear - naked ▁choke ▁in ▁the ▁final ▁minute ▁of ▁the ▁first ▁round . ▁Jonathan ▁Gou let ▁def . ▁Paul ▁Georgie ff ▁via ▁submission ▁( rear - naked ▁choke ) ▁at ▁ 4 : 4 2 ▁of"
he,2276,"▁the ▁date ▁on ▁which ▁the ▁prisoner ▁commits ▁the ▁mail ▁to ▁the ▁custody ▁of ▁prison ▁authorities ."") [ 1 0 ] ▁Whether ▁this ▁action ▁was ▁"" brought "" ▁within ▁the ▁meaning ▁of ▁§ ▁ 1 9 9 7 e ( a ) ▁when ▁it ▁was ▁"" filed "" ▁on ▁January ▁ 1 7 , ▁ 2 0 0 2 , ▁or ▁when ▁it ▁was ▁do cketed ▁in ▁this ▁court ▁on ▁January ▁ 2 3 , ▁ 2 0 0 2 , ▁is ▁not ▁determin ative ▁* 2 9 4 ▁because ▁the ▁record ▁now ▁definitively ▁establishes ▁that ▁although ▁Simpson ▁posted ▁bail ▁on ▁January ▁ 2 1 , ▁ 2 0 0 2 , ▁he ▁was ▁rein car cer ated ▁on ▁January ▁ 2 6 , ▁ 2 0 0"
he,2276,"▁whether ▁the ▁jury ▁acqu its ▁on ▁some ▁counts ▁or ▁the ▁trial ▁or ▁reviewing ▁court ▁sets ▁aside ▁the ▁conviction . 


 1 7 
 Ser pico ▁notes ▁that ▁his ▁case ▁is ▁different ▁in ▁that ▁the ▁admitted ▁evidence ▁here ▁concerned ▁claims ▁that ▁the ▁court ▁dismissed ▁before ▁they ▁reached ▁the ▁jury . ▁Still , ▁the ▁Hol zer ▁reasoning ▁applies . ▁No ▁rule ▁of ▁evidence ▁was ▁violated , ▁and ▁the ▁district ▁court ▁did ▁not ▁abuse ▁its ▁discretion ▁in ▁failing ▁to ▁award ▁a ▁new ▁trial ▁to ▁Ser pico . 


 1 8 
 We ▁also ▁reject ▁Ser pico ' s ▁claims ▁that ▁his ▁conviction ▁should ▁be ▁overturned ▁or ▁he ▁is ▁entitled ▁to ▁a ▁new ▁trial ▁because ▁there ▁was ▁not ▁sufficient ▁evidence ▁to ▁convict ▁him ▁and ▁that ▁the ▁record ▁does ▁not ▁permit ▁a"
he,2276,"▁Dispens ers ▁and ▁maybe ▁add ▁an ▁Air ▁monitor ▁on ▁the ▁hud ▁just ▁in ▁case ▁you ▁want ▁to ▁know ▁the ▁level ▁of ▁oxygen . ▁Maybe ▁include ▁hazardous ▁areas ▁that ▁require ▁an ▁air ▁filter . 

 What ▁about ▁a ▁zero - g ▁environment ? ▁floating ▁through ▁air ▁and ▁dodging ▁attacks ▁while ▁firing ▁back . ▁I ▁mean ▁people ▁don ' t ▁always ▁want ▁to ▁walk ▁but ▁maybe ▁float ▁to ▁make ▁it ▁a ▁more ▁real - like ▁environment . 

 I ▁just ▁bought ▁this ▁last ▁week . ▁I ▁have ▁only ▁ever ▁seen ▁just ▁a ▁single ▁person ▁playing ▁though , ▁and ▁he ▁was ▁new ▁like ▁me . ▁What ▁gives ? ▁With ▁this ▁new ▁update ▁I ▁expected ▁some ▁more ▁people ▁to ▁play . 
 it ' s ▁mostly ▁crowded . ▁today ▁was ▁the"
he,2276,"▁inscribed ▁with ▁a ▁quote ▁from ▁O ' Malley ' s ▁installation ▁hom ily ▁and ▁with ▁the ▁prayer ▁of ▁St . ▁Francis , ▁to ▁the ▁archbishop ▁as ▁a ▁good - will ▁gesture . 

 "" We ▁spoke ▁and ▁he ▁listened ; ▁he ▁spoke ▁and ▁we ▁listened ,"" ▁Post ▁said . ▁"" I ▁think ▁Archbishop ▁Sean ▁has ▁questions ▁that ▁need ▁to ▁be ▁resolved , ▁and ▁of ▁course ▁we ▁would ▁provide ▁that ▁information . ▁We ▁want ▁to ▁get ▁on ▁with ▁it ."" 

 O ' Malley ▁was ▁accompanied ▁to ▁the ▁meeting ▁by ▁Lennon , ▁Coy ne , ▁arch dio ces an ▁chancellor ▁David ▁W . ▁Smith , ▁and ▁Barbara ▁Thor p , ▁who ▁is ▁the ▁arch diocese ' s ▁liaison ▁to ▁abuse ▁victims . ▁Post ▁was ▁accompanied ▁by ▁Steve ▁Krueger"
he,2276,"▁Mesa ▁View ▁didn ' t ▁field ▁a ▁team ▁this ▁year . 

 Greg ▁Fuller ▁said ▁he ▁and ▁his ▁wife , ▁a ▁nurse ▁at ▁Chin le ' s ▁I HS ▁hospital , ▁were ▁somewhat ▁at ▁a ▁loss ▁helping ▁their ▁preco cious ▁daughter ▁study ▁for ▁the ▁bee . 

 "" We ▁couldn ' t ▁find ▁anyone ▁who ▁had ▁entered ▁a ▁home - sch ooled ▁child ▁in ▁the ▁spelling ▁bee ,"" ▁said ▁Greg ▁Fuller , ▁a ▁stay - at - home ▁dad . ▁"" We ▁just ▁tried ▁whatever ▁we ▁could ."" 

 Fortunately ▁again , ▁the ▁Full ers ▁are ▁close ▁neighbors ▁to ▁Samuel ▁Yea ger , ▁last ▁year ' s ▁Navajo ▁Nation ▁winner , ▁and ▁he ▁offered ▁materials ▁and ▁advice . 

 Cameron , ▁ 1 2 , ▁did ▁not"
he,2276,"▁meditative : ▁Here , ▁He ▁is ▁in ▁his ▁Med itative ▁form ▁for ▁those ▁who ▁aspire ▁for ▁results ▁of ▁Yoga . 

 – ▁Inc ense , ▁lamp light , ▁flowers ▁and ▁ ṣ rig andha ▁or ▁perfume .- 
 tu ḻ asi ▁or ▁Holy ▁Basil ▁— ▁Since ▁he ▁has ▁the ▁element ▁of ▁both ▁vi ś nu ▁and ▁rud ra - 
 kam alam ▁– ▁Lotus , 
 bil va ▁da ḻ am ▁– ▁leaves ▁of ▁stone ▁apple , 
 jap ā kus uma m - ▁red ▁hibiscus ▁can ▁be ▁offered ▁to ▁the ▁Lord . 

 What ▁kinds ▁of ▁food ▁can ▁be ▁offered ▁to ▁Lord ▁Nar asim ha ? 

 A thi rasa ▁– ▁fried ▁cake ▁made ▁with ▁jag gery ▁and ▁rice ▁flour . 
 P ā y asa"
he,2276,"▁her ▁notebook ▁— ▁only ▁to ▁discover ▁he ▁was ▁looking ▁in ▁her ▁direction . ▁Her ▁breath ▁caught ▁for ▁a ▁second ▁time ▁and ▁a ▁blush ▁warmed ▁her ▁face ▁as ▁she ▁dropped ▁her ▁gaze ▁again . ▁Oh , ▁yes . ▁Mr . ▁Blue ▁Eyes ▁would ▁definitely ▁make ▁things ▁interesting ▁for ▁the ▁readers ▁of ▁The ▁McFarland ▁Chronicles . ▁She ▁hoped ▁her ▁dinner ▁would ▁arrive ▁soon . ▁Another ▁late - night ▁writing ▁session ▁was ▁looming . 

 **** 

 December ▁ 5 , ▁ 1 8 7 1 

 There ▁comes ▁a ▁time ▁in ▁a ▁man ’ s ▁life ▁when ▁it ▁seems ▁prudent ▁that ▁he ▁look ▁hard ▁at ▁his ▁past , ▁to ▁remember ▁from ▁whence ▁he ▁came , ▁to ▁learn ▁to ▁be ▁grateful ▁for ▁God ’ s ▁mercy , ▁perhaps ▁even ▁for"
he,2276,"▁doesn ’ t ▁have ▁a ▁birth ▁certificate . ▁He ▁may ▁have ▁one ▁but ▁there ’ s ▁something ▁on ▁that , ▁maybe ▁religion , ▁maybe ▁it ▁says ▁he ▁is ▁a ▁Muslim . ▁I ▁don ’ t ▁know . ▁Maybe ▁he ▁doesn ’ t ▁want ▁that . ▁Or ▁he ▁may ▁not ▁have ▁one . ▁But ▁I ▁will ▁tell ▁you ▁this . ▁If ▁he ▁wasn ’ t ▁born ▁in ▁this ▁country , ▁it ’ s ▁one ▁of ▁the ▁great ▁scams ▁of ▁all ▁time ” ▁– ▁Donald ▁Trump , ▁Impro bably ▁Rich ▁Idiot , ▁March ▁ 2 0 1 1 

 On ▁the ▁Federal ▁Budget . 

 The ▁US ▁national ▁debt ▁stood ▁at ▁$ 1 0 . 6 ▁trillion ▁when ▁President ▁Obama ▁took ▁office , ▁and ▁in ▁ 2 0 1"
he,2276,"いう と [ 十 返 ]{ じゅう かえ } ってくる 」 

 The ▁meaning ▁and ▁nuance ▁of ▁this ▁phrase ▁can ▁be ▁quite ▁different ▁depending ▁on ▁the ▁context ▁or ▁the ▁speaker ' s ▁intention . 
 Positive : 
 Someone ▁is ▁always ▁willing ▁to ▁give ▁a ▁full ▁explanation . ▁▁ You ▁ask ▁one ▁simple ▁question ▁and ▁he ▁will ▁not ▁only ▁answer ▁that ▁question ▁but ▁also ▁give ▁you ▁so ▁much ▁more ▁related ▁information . 
 Negative : 
 Someone ▁always ▁talks ▁back ▁to ▁you . ▁▁ Tell ▁him ▁one ▁thing ▁and ▁he ▁will ▁give ▁back ▁a ▁long ▁session ▁of ▁objection , ▁ref utation , ▁etc . ▁ 
 ( Possibly ) ▁more ▁important : 
 I ▁explained ▁the ▁phrase ▁in ▁terms ▁of ▁"" speaking ▁words "" ▁above , ▁but"
he,2276,"▁set ▁down ▁his ▁val ise ▁and ▁removed ▁his ▁hat . ▁“ My ▁name ▁is ▁Joshua ▁Crawford . ▁I ’ m ▁here ▁to ▁see ▁Nathan ▁Patterson .” 

 “ I ’ m ▁sorry , ▁Mr . ▁Crawford .” ▁Her ▁voice ▁broke , ▁and ▁it ▁took ▁her ▁a ▁moment ▁to ▁continue . ▁“ Mr . ▁Patterson ▁passed ▁away .” ▁She ▁drew ▁a ▁long ▁breath ▁and ▁released ▁it . ▁“ I ’ m ▁his ▁widow . ▁Perhaps ▁I ▁can ▁assist ▁you .” 

 Either ▁Nathan ▁Patterson ▁had ▁been ▁much ▁older ▁than ▁his ▁wife ▁or ▁he ▁had ▁died ▁tragically ▁young , ▁for ▁Joshua ▁guessed ▁the ▁woman ▁to ▁be ▁no ▁more ▁than ▁in ▁her ▁early ▁thirties . 

 Joshua ▁had ▁counted ▁on ▁this ▁job . ▁Without ▁it , ▁he ▁couldn ’ t"
he,2276,", ▁M ng eni ' s ▁lawyer ▁V usi ▁T sha bal ala ▁said ▁his ▁client ▁had ▁been ▁suffoc ated ▁with ▁a ▁plastic ▁bag ▁before ▁signing ▁a ▁statement ▁admitting ▁his ▁involvement ▁in ▁the ▁killing , ▁further ▁saying ▁police ▁resorted ▁to ▁"" irregular ▁methods "" ▁because ▁of ▁the ▁pressure ▁they ▁were ▁under ▁to ▁solve ▁the ▁high - profile ▁case . ▁The ▁start ▁of ▁M ng eni ' s ▁trial ▁was ▁delayed , ▁and ▁on ▁ 1 3 ▁June ▁ 2 0 1 1 ▁it ▁was ▁announced ▁he ▁had ▁undergone ▁brain ▁surgery ▁to ▁remove ▁a ▁tumour . 

 Despite ▁having ▁admitted ▁to ▁his ▁role ▁in ▁the ▁robbery ▁and ▁kidnapping ▁of ▁Anni ▁Dew ani ▁in ▁a ▁video ta ped ▁confession , ▁M ng eni ▁pleaded ▁not ▁guilty ▁at ▁the ▁start"
he,2276,". ▁It ▁is ▁not ▁exactly ▁like ▁the ▁story ▁that ▁we ▁have ▁heard ▁before ▁but ▁close . 

 Bob ’ s ▁informant , ▁John ▁Dol berry , ▁owned ▁the ▁Mud ▁Creek ▁property ▁that ▁belonged ▁to ▁Joseph ▁Sanders ▁and ▁he ▁remembered ▁listening ▁to ▁his ▁grandmother ▁talk ▁about ▁the ▁murder ▁many ▁times ▁when ▁he ▁was ▁a ▁child . ▁His ▁grandmother ▁was ▁the ▁daughter ▁of ▁John ▁Sanders , ▁a ▁son ▁of ▁Mary ▁Sanders , ▁Joseph ’ s ▁sister , ▁and ▁her ▁husband ▁Benjamin ▁Sanders . ▁In ▁his ▁conversation ▁with ▁Bob ▁Dean , ▁John ▁Dol berry ▁pointed ▁to ▁the ▁cove ▁behind ▁the ▁house ▁and ▁said ▁they ▁hanged ▁Joseph 

 back ▁in ▁the ▁cove ▁at ▁the ▁foot ▁of ▁the ▁mountain ▁on ▁a ▁big ▁mulberry ▁tree . ▁It ▁had ▁a ▁big ▁limb ▁that ▁ran"
he,2276,"▁attack ▁on ▁Darryl ▁Washington ▁does ▁not ▁form ▁a ▁part ▁of ▁this ▁prosecution . 
 [ 2 ] ▁▁ In ▁pertinent ▁part , ▁defendant ▁stated ▁that ▁after ▁Robert ▁Sh river ▁and ▁Lester ▁Allen ▁started ▁fighting ▁he ▁got ▁up ▁from ▁his ▁bed ▁and ▁retrieved ▁a ▁knife ▁from ▁his ▁pillow . ▁Defendant ▁intervened ▁in ▁the ▁fight ▁between ▁Sh river ▁and ▁Allen . ▁Defendant ▁stabbed ▁Allen ▁"" a ▁couple ▁of ▁times "". ▁Defendant ▁was ▁attacked ▁by ▁Ricky ▁Gray ▁and ▁Mark ▁Vincent ▁and ▁also ▁stabbed ▁each ▁of ▁those ▁inmates ▁"" a ▁couple ▁of ▁times "". 
 [ 3 ] ▁▁ We ▁note ▁that ▁by ▁adoption ▁of ▁Article ▁I , ▁§ ▁ 1 3 ▁of ▁the ▁ 1 9 7 4 ▁Louisiana ▁Constitution , ▁Louisiana ▁incorporated ▁the ▁prophylactic ▁rules ▁of ▁Miranda ▁v ."
he,2276,"▁( pause ) ▁Fine , ▁I ▁won ' t ▁bother ▁you . ▁Is ▁it ▁OK ▁if ▁I ▁take ▁some ▁time ▁to ▁visit ▁my ▁girlfriend ▁Julie ? ▁Yeah , ▁I ' ll ▁button ▁up ▁here ▁before ▁I ▁head ▁out . ▁I ' ll ▁be ▁at ▁the ▁Ing raham ▁Motor ▁Lodge ▁in ▁Lloyd ▁if ▁you ▁need ▁me . ▁OK , ▁out . ▁Enjoy ▁your ▁loot ."" 

 Scene ▁ 4 : ▁The ▁Pot ▁Shop . ▁Rory ▁and ▁Conrad ▁are ▁staring ▁at ▁each ▁other . ▁Conrad ; ▁"" They ' re ▁looting ▁the ▁place . ▁The ▁investigation ▁is ▁a ▁huge ▁scam ! ▁They ' re ▁Making ▁America ▁Great ▁Again !"" ▁Rory : ▁"" Yeah , ▁but ▁this ▁Agent ▁Pic card ▁seems ▁to ▁have ▁a ▁brain ▁... ▁he ▁suspects ▁that ▁there"
he,2276,"▁you ’ re ▁feeling , ▁what ▁it ▁is ▁you ▁want ▁to ▁get ▁across . ▁Eddie ▁Garcia ▁deals ▁with ▁those ▁things . ▁Armed ▁with ▁a ▁guitar ▁and ▁a ▁wide ▁assortment ▁of ▁stomp ▁boxes ▁and ▁electronics ▁he ▁releases ▁thoughtful , ▁internal , ▁mood ▁heavy ▁music ▁under ▁the ▁name ▁ 1 9 7 0 s ▁Film ▁Stock . ▁Birds , ▁his ▁second ▁album ▁is ▁out ▁August ▁ 1 1 ▁and ▁we ▁have ▁the ▁premiere ▁for ▁you ▁right ▁now . 

 There ▁is ▁a ▁feeling ▁of ▁wanting ▁to ▁take ▁flight ▁across ▁these ▁seven ▁songs , ▁but ▁it ▁is ▁flight ▁that ▁doesn ’ t ▁ever ▁really ▁come . ▁One ▁is ▁reminded ▁of ▁dreaming ▁of ▁bigger ▁and ▁better , ▁locked ▁in ▁their ▁room , ▁wanting ▁to ▁leave ▁it ▁all ▁but ▁things ▁like ▁responsibility"
he,2276,"▁with ▁his ▁folded ▁hands . ▁This ▁manifestation ▁is ▁followed ▁after ▁his ▁fierce ▁form – ▁as ▁a ▁result , ▁he ▁is ▁worshipped ▁in ▁the ▁morning . 
 3 . ▁Yoga ▁Nar asim ha ▁– ▁meditative : ▁Here , ▁He ▁is ▁in ▁his ▁Med itative ▁form ▁for ▁those ▁who ▁aspire ▁for ▁results ▁of ▁Yoga . 

 – ▁Inc ense , ▁lamp light , ▁flowers ▁and ▁ ṣ rig andha ▁or ▁perfume .- 
 tu ḻ asi ▁or ▁Holy ▁Basil ▁— ▁Since ▁he ▁has ▁the ▁element ▁of ▁both ▁vi ś nu ▁and ▁rud ra - 
 kam alam ▁– ▁Lotus , 
 bil va ▁da ḻ am ▁– ▁leaves ▁of ▁stone ▁apple , 
 jap ā kus uma m - ▁red ▁hibiscus ▁can ▁be ▁offered ▁to ▁the ▁Lord . 

"
he,2276,"▁the ▁instig ator . ▁Attractive ▁plea ▁bargains ▁were ▁offered ▁to ▁the ▁conspir ators ▁in ▁exchange ▁for ▁future ▁testimony ▁in ▁legal ▁proceedings ▁related ▁to ▁the ▁crime . ▁The ▁allegation ▁of ▁the ▁husband ' s ▁involvement ▁made ▁global ▁headlines ; ▁Sh rien ▁Dew ani ' s ▁supporters ▁emphatically ▁denied ▁the ▁accusations , ▁saying ▁it ▁was ▁"" lud icrous "" ▁to ▁suggest ▁he ▁had ▁solicited ▁an ▁attack ▁on ▁his ▁wife ▁from ▁the ▁first ▁taxi ▁driver ▁he ▁met ▁within ▁hours ▁of ▁their ▁arrival ▁in ▁Cape ▁Town . 

 Z ola ▁T ongo ▁pleaded ▁guilty ▁to ▁murder ▁in ▁December ▁ 2 0 1 0 ▁and ▁was ▁sentenced ▁to ▁ 1 8 ▁years ▁in ▁prison . ▁▁ M zi wa mad oda ▁Q wa be ▁pleaded ▁guilty ▁to ▁murder ▁in ▁August ▁ 2"
he,2276,"▁having ▁dinner ▁with ▁other ▁wealthy ▁people ▁at ▁his ▁resort ▁at ▁Bed minster ▁( NJ ). ▁Robert ▁Mueller ▁continues ▁his ▁investigation , ▁and ▁witnesses ▁testify ▁to ▁dam ning ▁information ▁about ▁Paul ▁Mana fort . ▁For ▁example , ▁he ▁offered ▁the ▁position ▁of ▁Army ▁secretary ▁to ▁Federal ▁Savings ▁Bank ▁CEO , ▁Stephen ▁C alk , ▁in ▁trying ▁to ▁get ▁a ▁personal ▁loan ▁from ▁the ▁bank . ▁Long - time ▁friend ▁and ▁colleague ▁Rick ▁Gates ▁reported ▁Mana fort ▁shifting ▁money ▁through ▁his ▁offshore ▁accounts . 

 DDT ▁has ▁bra gged ▁about ▁how ▁much ▁more ▁money ▁black ▁people ▁make ▁in ▁wages ▁since ▁he ▁was ▁inaugurated , ▁but ▁he ▁didn ’ t ▁celebrate ▁Black ▁Women ’ s ▁Equal ▁Pay ▁Day ▁on ▁August ▁ 7 , ▁the ▁day ▁representing ▁how ▁long ▁into ▁"
he,2276,": 3 0 ▁am Posts : ▁ 2 8 4 2 

 Re : ▁if ▁T anne hill ▁had ▁stayed ▁in ▁school , ▁he ' d ▁be ▁going ▁# 1 ▁in ▁April 

 Russell ▁Wilson ▁was ▁a ▁steal . ▁Luck ▁and ▁RG III ▁lived ▁up ▁to ▁their ▁lofty ▁draft ▁status . ▁All ▁ 3 ▁are ▁in ▁the ▁playoffs . 

 We ▁gave ▁up ▁a ▁top ▁pick ▁for ▁a ▁guy ▁who ▁has ▁yet ▁to ▁deliver ...... there ▁is ▁hope , ▁but ▁I ▁want ▁results . ▁Maybe ▁next ▁year ? 

 ________________ _ Phil bin ' s ▁countenance ▁ex udes ▁confidence ! 1 9 8 4 ▁was ▁so ▁long ▁ago ... Will ▁there ▁ever ▁be ▁another ▁rainbow ? 

 Tue ▁Jan ▁ 0 1 , ▁ 2 0 1"
he,2276,"7 
  <bos> Q : 

 setting ▁wallpaper ▁through ▁code 

 I ▁was ▁trying ▁to ▁make ▁an ▁app ▁which ▁also ▁had ▁the ▁facility ▁to ▁let ▁user ▁select ▁wallpaper ▁he ▁would ▁like ▁to ▁set . ▁I ▁have ▁managed ▁this ▁by ▁calling ▁the ▁Gallery ▁Intent . ▁Once ▁the ▁user ▁selects ▁a ▁specific ▁image , ▁the ▁data ▁path ▁of ▁the ▁image ▁is ▁returned ▁to ▁me ▁which ▁then ▁i ▁preview ▁to ▁the ▁user ▁by ▁setting ▁the ▁image ▁onto ▁an ▁image view . 
 The ▁problem ▁crops ▁up ▁when ▁the ▁image ▁size ▁( and / or ▁resolution ) ▁is ▁greater ▁than ▁what ▁android ▁expects . ▁This ▁results ▁in ▁failure ▁of ▁my ▁module . ▁ 
 And ▁as ▁if ▁this ▁was ▁not ▁enough , ▁wen ▁the ▁user ▁tries ▁to ▁select ▁some ▁other"
he,2276,"9 2 , ▁ 8 0 3 ▁( 1 9 7 3 ). ▁▁ Such ▁a  
 prima ▁facie ▁case ▁requires ▁a ▁showing ▁that ▁( 1 ) ▁he ▁is ▁a ▁member ▁of ▁a ▁protected ▁class ; ▁( 2 ) ▁he ▁was ▁otherwise ▁qualified ▁for ▁his  
 position ; ▁( 3 ) ▁he ▁was ▁discharged ▁by ▁the ▁defendant ; ▁and ▁( 4 ) ▁the ▁respondent ▁replaced ▁him ▁with ▁someone ▁outside ▁his ▁protected  
 class . ▁▁ Re eves ▁v . ▁Sanderson ▁Plumbing ▁Pro ds ., ▁Inc ., ▁ 5 3 0 ▁U . S . ▁ 1 3 3 , ▁ 1 4 2 ▁( 2 0 0 0 ). ▁▁ We ▁hold ▁that ▁Moore ▁presented ▁a ▁prima ▁facie  
 case . ▁ 
"
he,2276,"▁into ▁the ▁very ▁wet , ▁well - lub ricated , ▁private ▁place , ▁her ▁vaginal ▁walls ▁fl uttered ▁around ▁it ▁as ▁he ▁slid ▁in , ▁balls ▁deep . ▁It ▁felt ▁wonderful , ▁and ▁he ▁could ▁feel ▁Cathy ’ s ▁flesh ▁spread ▁while ▁at ▁the ▁same ▁time ▁she ▁was ▁squeezing ▁him ▁with ▁it . ▁Cathy ▁gave ▁out ▁a ▁little ▁laugh ▁and ▁asked , ▁“ Do ▁you ▁like ▁that ?” ▁He ▁answered ▁her ▁with ▁a ▁slap , ▁slap , ▁slap , ▁slap ▁noise ▁of ▁a ▁dick ▁and ▁a ▁wet ▁pussy ▁banging ▁together . ▁After ▁a ▁good ▁long ▁minute ▁or ▁so ▁he ▁was ▁still ▁going ▁at ▁her ▁with ▁his ▁body . ▁Cathy ▁said ▁“ Rick , ▁honey , ▁take ▁it ▁easy , ▁you ▁aren ’ t ▁going ▁to ▁wear ▁my"
he,2276,"▁he ▁lent ▁his ▁Seneca ▁airplane ▁prefix ▁PT - RS X ▁on ▁ 3 1 ▁July ▁ 2 0 0 2 , ▁though ▁he ▁refuses ▁to ▁say ▁to ▁whom ▁he ▁loaned ▁the ▁plane , ▁declaring ▁that ▁“ the ▁identity ▁is ▁imp licity ”. 
 ▁ 5 ▁November ▁– ▁The ▁pilot ▁Al é cio ▁Fong aro ▁tells ▁Fol ha ▁de ▁S . ▁Paulo ▁and ▁Veja ▁he ▁flew ▁from ▁Bra silia ▁to ▁Camp inas ▁on ▁ 3 1 ▁July ▁ 2 0 0 2 . ▁The ▁pilot ▁says ▁that ▁he ▁flew ▁in ▁company ▁of ▁Vladimir ▁Pole to ▁and ▁ 3 ▁sealed ▁boxes ▁of ▁whiskey . ▁The ▁Brazilian ▁Civil ▁Aviation ▁Department ▁( DAC ) ▁confirms ▁the ▁airplane ’ s ▁route . 
 ▁ 7 ▁November ▁– ▁President ▁Lula ▁tells ▁Brazilian ▁TV"
he,2276,"▁Screen play ▁( William ▁Mon ahan ). ▁Mark ▁Wahl berg ▁was ▁also ▁nominated ▁for ▁the ▁Best ▁Supporting ▁Actor ▁award ▁for ▁his ▁performance , ▁but ▁he ▁lost ▁to ▁Alan ▁Ar kin ▁for ▁his ▁role ▁in ▁Little ▁Miss ▁Sunshine . 

 The ▁film ▁marked ▁the ▁first ▁time ▁Scorsese ▁won ▁an ▁Oscar ▁after ▁six ▁previous ▁losses . ▁Many ▁felt ▁that ▁he ▁deserved ▁it ▁years ▁earlier ▁for ▁prior ▁efforts . ▁Some ▁have ▁even ▁gone ▁further , ▁calling ▁it ▁a ▁Lifetime ▁Achievement ▁Award ▁for ▁a ▁lesser ▁film . ▁Scorsese ▁himself ▁joked ▁that ▁he ▁won ▁because : ▁"" This ▁is ▁the ▁first ▁movie ▁I ' ve ▁done ▁with ▁a ▁plot ."" ▁While ▁accepting ▁the ▁award , ▁Scorsese ▁stated ▁that ▁"" I ▁just ▁want ▁to ▁say , ▁too , ▁that ▁so ▁many ▁people ▁over"
he,2276,"▁with ▁chond roit in ▁sulfate ▁which ▁is ▁described ▁as ▁a ▁member ▁of ▁a ▁family ▁of ▁biochemical ▁compounds ▁referred ▁to ▁as ▁glycos amin ogly cans ▁( formerly ▁termed ▁muco pol ysaccharides ), ▁to ▁which ▁hyaluronic ▁acid , ▁he par itin ▁sulfate ▁and ▁heparin ▁also ▁belong . 
 Peterson ▁et ▁al ▁in ▁The ▁Journal ▁of ▁Hand ▁Surgery ▁for ▁Jan . ▁ 1 9 9 0 , ▁volume ▁ 1 5 A , ▁number ▁ 1 , ▁pages ▁ 4 8 - 5 6 ▁state ▁on ▁page ▁ 4 8 ▁that ▁despite ▁refinements ▁in ▁surgical ▁technique ▁and ▁improved ▁postoperative ▁rehabilitation ▁programs , ▁results ▁( of ▁repair ▁of ▁lacer ated ▁flex or ▁tendons ) ▁are ▁often ▁unsatisfactory ▁because ▁of ▁the ▁formation ▁of ▁adhe sions ▁around ▁the ▁repair ▁site ▁which ▁restrict ▁tendon"
he,2276,"Reporting ▁to ▁Civil ▁Authorities ▁Will ▁Lead ▁to ▁Ex communication 

 May ▁ 2 2 , ▁ 2 0 1 6 

 This ▁past ▁Saturday , ▁May ▁ 2 1 , ▁ 2 0 1 6 , ▁Rabbi ▁Aaron ▁Te itle baum , ▁the ▁Sat mar ▁Rabbi ▁of ▁K iry as ▁Joel , ▁called ▁an ▁urgent ▁meeting ▁of ▁members ▁of ▁his ▁community ▁( the ▁men ) ▁to ▁discuss ▁the ▁events ▁surrounding ▁the ▁death ▁of ▁Rabbi ▁Y itz chak ▁Rosenberg ▁( zl ). 

 During ▁that ▁meeting ▁Rabbi ▁Te itle baum ▁acknowledged ▁that ▁he ▁had ▁been , ▁and ▁will ▁be ▁again ▁paid ▁a ▁visit ▁by ▁the ▁FBI . ▁He ▁in ▁riddles ▁but ▁in ▁very ▁certain ▁terms ▁stated ▁that ▁these ▁visits ▁are ▁based ▁upon ▁out land ish ▁‘ tales ’"
he,2276,"First ▁Schleswig ▁War 

 In ▁March ▁ 1 8 4 8 ▁these ▁differences ▁led ▁to ▁an ▁open ▁uprising ▁by ▁the ▁German - minded ▁Estate ▁assemblies ▁in ▁the ▁duch ies ▁in ▁support ▁of ▁independence ▁from ▁Denmark ▁and ▁of ▁close ▁association ▁with ▁the ▁German ▁Confederation . ▁The ▁military ▁intervention ▁of ▁Prussia ▁helped ▁the ▁uprising : ▁the ▁Prussian ▁army ▁drove ▁Denmark ' s ▁troops ▁from ▁Schleswig ▁and ▁Holstein . 

 Frederick ▁VII , ▁who ▁had ▁succeeded ▁his ▁father ▁at ▁the ▁end ▁of ▁January , ▁declared ▁( March ▁ 4 ) ▁that ▁he ▁had ▁no ▁right ▁to ▁deal ▁in ▁this ▁way ▁with ▁Schleswig , ▁and , ▁yielding ▁to ▁the ▁import unity ▁of ▁the ▁E ider - Danish ▁party , ▁withdrew ▁the ▁res cript ▁of ▁January ▁( April ▁ 4 ) ▁and"
he,2276,"▁common ▁ground ▁and ▁similar ▁hopes ▁for ▁your ▁children ▁must ▁be ▁a ▁vital ▁beginning ▁point . ▁i ’ m ▁sure ▁that , ▁while ▁your ▁new ▁course ▁will ▁present ▁challenges , ▁you ’ ll ▁be ▁able ▁to ▁maintain ▁your ▁good ▁marriage ▁and ▁be ▁good ▁parents ▁as ▁long ▁as ▁you ▁act ▁in ▁love , ▁as ▁it ▁sounds ▁like ▁you ▁have . 

 as ▁for ▁resources : ▁you ▁might ▁take ▁a ▁look ▁at ▁faces ▁east ▁( i ▁linked ▁to ▁it ▁in ▁my ▁post ). ▁there ▁was ▁some ▁good ▁conversation ▁there . ▁and ▁i ▁really ▁thought ▁he idi ▁hart ’ s ▁article ▁was ▁a ▁great ▁look ▁at ▁a ▁marriage ▁in ▁which ▁one ▁partner ▁left ▁m ormon ism . ▁that ▁article ▁is ▁not ▁available ▁online , ▁but ▁i ▁could ▁mail ▁you ▁a ▁photocopy"
he,2276,"▁or ▁because ▁he ▁was ▁not ▁a ▁state ▁or ▁city ▁employee . ▁Plaintiff ’ s ▁charge ▁in 

 his ▁“ close ing ▁[ sic ] ▁statement ▁and ▁facts ” ▁that ▁certain ▁individuals ▁conspired ▁to 

 intercept ▁his ▁outgoing ▁legal ▁mail ▁was ▁not ▁included ▁in ▁the ▁complaint ▁and ▁thus ▁not 

 before ▁the ▁district ▁court . ▁As ▁such , ▁it ▁will ▁not ▁be ▁considered ▁on ▁appeal . ▁Walker ▁v . 

 M ather ▁( In ▁re ▁Walker ), ▁ 9 5 9 ▁F . 2 d ▁ 8 9 4 , ▁ 8 9 6 ▁( 1 0 th ▁Cir . ▁ 1 9 9 2 ). 

 ▁▁▁▁▁▁▁▁ To ▁the ▁extent ▁plaintiff ▁asserts ▁error ▁in ▁the ▁court ’ s ▁denial ▁of ▁his ▁motion ▁to 

 re open ▁the"
he,2276,"▁presented ▁study ▁aims ▁on ▁the ▁development ▁of ▁a ▁capture ▁step ▁for ▁the ▁purification ▁of ▁cell ▁culture ▁derived ▁influenza ▁viruses ▁using ▁lect in ▁affinity ▁chromatography . ▁Human ▁influenza ▁A / Puerto ▁Rico / 8 / 3 4 ▁virus ▁produced ▁in ▁Mad in ▁Darby ▁canine ▁kidney ▁cells ▁have ▁been ▁chosen ▁as ▁a ▁model . ▁The ▁influenza ▁A ▁virus ▁envelop ▁possesses ▁two ▁viral ▁glyco proteins : ▁he ma gg lut inin ▁and ▁ne ura min idase . ▁Olig os accharides ▁of ▁theses ▁glyco proteins ▁can ▁be ▁targeted ▁as ▁affinity ▁ligands ▁using ▁specific ▁lect ins . ▁First , ▁lect ins ▁have ▁been ▁screened ▁via ▁lect in ▁blo ts ▁and ▁spin ▁columns . ▁Adequate ▁lect ins ▁have ▁been ▁chosen ▁based ▁on ▁published ▁gly can ▁structures ▁of ▁he ma gg lut inin ."
he,2276,"▁The ▁most ▁specific ▁binding ▁was ▁achieved ▁via ▁the ▁gal actose ▁specific ▁Ery th rina ▁crist ag alli ▁and ▁Eu onymus ▁europa eus ▁lect ins . ▁Second , ▁the ▁chromatographic ▁separations ▁characteristics ▁of ▁these ▁lect ins ▁have ▁been ▁further ▁determined ▁via ▁F PLC . ▁These ▁experiments ▁revealed ▁that ▁the ▁rate ▁of ▁he ma gg lut inin ▁gly can ▁binding ▁to ▁the ▁ligands ▁was ▁higher ▁with ▁the ▁E . ▁europa eus ▁compared ▁to ▁the ▁E . ▁crist ag alli ▁lect in . ▁Third , ▁viral ▁recoveries ▁in ▁addition ▁to ▁the ▁total ▁protein ▁and ▁host ▁cell ▁DNA ▁have ▁been ▁balanced ▁in ▁a ▁series ▁of ▁E . ▁europa eus ▁lect in ▁chromatography ▁runs . ▁The ▁total ▁protein ▁and ▁ds DNA ▁content ▁in ▁the ▁product ▁fraction ▁of ▁the ▁affinity ▁chromatography ▁was ▁reduced"
he,2276,"▁LEFT ▁BEHIND , ▁RIGHT ▁STEP ▁SIDE , ▁LEFT ▁HE EL , ▁LEFT ▁STEP ▁BACK , ▁RIGHT ▁CROSS 

 1 - 2 ▁Step ▁right ▁to ▁side , ▁step ▁left ▁behind ▁right ▁& 3 Step ▁right ▁to ▁side , ▁touch ▁left ▁heel ▁forward ▁& 4 ▁Step ▁left ▁back , ▁step ▁right ▁across ▁in ▁front ▁of ▁left 

 LEFT ▁STEP ▁SIDE , ▁RIGHT ▁HE EL , ▁RIGHT ▁STEP ▁BACK , ▁LEFT ▁CROSS , ▁RIGHT ▁STEP ▁SIDE ▁ 5 - 6 ▁Step ▁left ▁to ▁side , ▁touch ▁right ▁heel ▁forward ▁& 7 ▁Step ▁right ▁back , ▁step ▁left ▁across ▁in ▁front ▁of ▁right ▁ 8 - 1 ▁Step ▁right ▁to ▁side , ▁Step ▁LEFT ▁behind ▁right 

 LEFT ▁BEHIND , ▁RIGHT ▁STEP ▁SIDE , ▁LEFT ▁HE EL , ▁LEFT ▁STEP ▁BACK"
he,2276,"he ▁father 
 would ▁be ▁powerless ▁to ▁change ▁this ▁result ▁by ▁adopting ▁or 
 leg iti mating ▁the ▁child , ▁since ▁adoption ▁is ▁unavailable ▁to 
 biological ▁fathers ▁. ▁. ▁. ▁.” ▁Id . ▁at ▁ 1 9 – 2 0 . ▁In ▁contrast , ▁a ▁natural ized 
 mother ▁may ▁transmit ▁citizenship ▁to ▁her ▁“ child ▁[ who ] ▁was ▁born 
 out ▁of ▁wed lock ▁and ▁[ whose ] ▁paternity ▁. ▁. ▁. ▁has ▁not ▁been 
 established ▁by ▁legiti mation .” ▁§ ▁ 1 4 3 2 ( a )( 3 ). 




 ▁▁▁▁▁▁▁▁▁▁▁▁▁▁▁▁▁▁▁▁▁▁▁▁▁▁▁▁▁▁▁ ▁ 2 0 
  ▁▁▁▁▁▁▁ We ▁agree ▁that ▁the ▁government ’ s ▁construction ▁of ▁§ 
 1 1 0 1 ( c )( 1 ) ▁plays ▁a ▁role ▁in"
he,2276,") ▁{ 
 ▁▁▁▁ current Temperature ▁= ▁thermal Manager . deg Chamber (); 
 ▁▁▁▁ # if ▁HAS _ HE ATED _ CHAM BER 
 ▁▁▁▁▁▁ target Temperature ▁= ▁thermal Manager . deg Target Chamber (); 
 ▁▁▁▁ # else 
 ▁▁▁▁▁▁ target Temperature ▁= ▁ABSOL UTE _ ZERO ; 
 ▁▁▁▁ # endif 
 ▁▁ } 
 # endif ▁// ▁HAS _ TEMP _ CHAM BER 
 ▁▁ else ▁return ; 

 ▁▁ TERN _( TOUCH _ SCREEN , ▁if ▁( target Temperature ▁>= ▁ 0 ) ▁touch . add _ control ( HE ATER , ▁x , ▁y , ▁ 6 4 , ▁ 1 0 0 , ▁Heater )); 
 ▁▁ tft . canvas ( x , ▁y , ▁ 6 4 , ▁"
he,2276,"

 ▁▁ if ▁( He ater ▁>= ▁ 0 ) ▁{ ▁// ▁Hot End 
 ▁▁▁▁ current Temperature ▁= ▁thermal Manager . deg Hot end ( He ater ); 
 ▁▁▁▁ target Temperature ▁= ▁thermal Manager . deg Target Hot end ( He ater ); 
 ▁▁ } 
 # if ▁HAS _ HE ATED _ BED 
 ▁▁ else ▁if ▁( He ater ▁== ▁H _ BED ) ▁{ 
 ▁▁▁▁ current Temperature ▁= ▁thermal Manager . deg Bed (); 
 ▁▁▁▁ target Temperature ▁= ▁thermal Manager . deg Target Bed (); 
 ▁▁ } 
 # endif ▁// ▁HAS _ HE ATED _ BED 
 # if ▁HAS _ TEMP _ CHAM BER 
 ▁▁ else ▁if ▁( He ater ▁== ▁H _ CHAM BER"
he,2276,"▁c GMP ▁responses , ▁the ▁HE K - 2 9 3 ▁cells ▁were ▁transferred ▁into ▁ 2 4 - well ▁plates ▁( 1 0 0 ▁ 0 0 0 ▁cells ▁per ▁well ) ▁ 1 ▁day ▁after ▁transfection ▁([ @ CIT 0 0 1 3 ]). ▁After ▁ 2 0 ▁hours , ▁the ▁cells ▁were ▁serum ▁starved ▁for ▁ 4 ▁hours , ▁pret reated ▁with ▁ 0 . 1 ▁mM ▁IBM X ▁for ▁ 1 5 ▁minutes , ▁and ▁then ▁incubated ▁with ▁various ▁concentrations ▁of ▁CNP ▁for ▁another ▁ 1 0 ▁minutes . ▁Intra cellular ▁c GMP ▁contents ▁were ▁determined ▁as ▁stated ▁previously ▁([ @ CIT 0 0 0 5 ], ▁[@ CIT 0 0 1 3 ]). 

 Gu any lyl ▁cy clase ▁activity ▁assays ▁{#"
he,2276,"- for - de posits ▁scheme ▁shows ▁even ▁more ▁dramatically ▁that ▁a ▁bank ▁can ▁take ▁on ▁higher ▁risk ▁while ▁acting ▁in ▁what ▁it ▁believes ▁to ▁be ▁its ▁own ▁best ▁interests . ▁Banks , ▁including ▁Capitol ▁Bank ▁( which ▁no ▁longer ▁exists ▁as ▁a ▁result ▁of ▁punishments ▁it ▁received ▁after ▁pleading ▁guilty ▁to ▁cons piring ▁with ▁Ser pico ▁and ▁Bu sillo ▁to ▁defraud ▁the ▁CS JB ▁entities ), ▁decided ▁the ▁benefits ▁from ▁the ▁deposits ▁made ▁it ▁worth ▁the ▁risk ▁of ▁loss ▁resulting ▁from ▁the ▁generous ▁terms ▁and ▁conditions ▁of ▁the ▁loans ▁it ▁gave ▁Ser pico . ▁But ▁the ▁fact ▁remained ▁that ▁the ▁bank ▁made ▁risky ▁loans ▁at ▁low ▁interest ▁rates ▁that ▁it ▁never ▁would ▁have ▁made ▁absent ▁the ▁scheme . 


 1 4 
 In ▁fact , ▁at"
he,2276,"▁within ▁a ▁couple ▁of ▁hours ▁of ▁each ▁other .) ▁Following ▁the ▁ 2 0 0 8 ▁Department ▁of ▁Defense ▁Survey ▁of ▁Health - Related ▁Behaviors ▁Among ▁Active ▁Duty ▁Military ▁Personnel ▁\[ [@ B 2 0 - ijer ph - 1 7 - 0 0 7 8 3 ] \] ▁paper , ▁participants ▁were ▁allocated ▁into ▁three ▁groups ▁according ▁to ▁alcohol ▁consumption : ▁abstin ent ▁( 0 ▁alcoholic ▁drinks ▁in ▁the ▁past ▁month ), ▁light -- moderate ▁drinker ▁( 1 -- 4 ▁drinks ▁per ▁typical ▁drinking ▁occasion ▁or ▁≥ 5 ▁drinks ▁per ▁typical ▁drinking ▁occasion ▁ 1 -- 3 ▁times / month ), ▁heavy ▁drinker ▁( ≥ 5 ▁drinks ▁per ▁typical ▁drinking ▁occasion ▁≥ 1 / week ▁( on ▁average ) ▁in ▁the ▁ 3 0 ▁days ▁before"
he,2276,"▁as ▁people ▁change ▁their ▁priorities . 

 ~~~ 
 ra jn ath ani 
 The ▁only ▁direct ▁variable ▁which ▁has ▁an ▁inverse ▁relation ▁to ▁the ▁vicious ▁cycle ▁is 
 the ▁property ▁tax ▁rate , ▁as ▁higher ▁property ▁taxes ▁increases ▁the ▁effective ▁price 
 for ▁property ▁ownership . ▁In ▁California ▁due ▁to ▁Prop ▁ 1 3 , ▁the ▁property ▁tax ▁rate 
 ( of ▁~ 1 % ▁of ▁the ▁initially ▁appraised ▁market ▁value ▁of ▁the ▁home ) ▁gets ▁neg ated ▁by 
 inflation , ▁and ▁it ' s ▁further ▁countered ▁in ▁regions ▁such ▁as ▁the ▁Bay ▁Area ▁by ▁the 
 sustain ed ▁increase ▁in ▁demand ▁from ▁the ▁influx ▁of ▁residents ▁and ▁higher ▁wage 
 growth . 

 <bos> // ▁Copyright ▁ 2 0 1 5 ▁Dolphin ▁Emulator ▁Project"
he,2276,"html ? is - external = true "" ▁title ="" class ▁or ▁interface ▁in ▁java . lang ""> java . lang . Object </ a ></ li > 
 < li > 
 < ul ▁class ="" inheritance ""> 
 < li >< a ▁href =""../../ ../../ ../../ org / ow asp / apps ensor / core / configuration / server / Server Configuration . html "" ▁title ="" class ▁in ▁org . ow asp . apps ensor . core . configuration . server ""> org . ow asp . apps ensor . core . configuration . server . Server Configuration </ a ></ li > 
 < li > 
 < ul ▁class ="" inheritance ""> 
 < li > org . ow asp . apps"
he,2276,"▁like , ▁' Um , ▁yeah .'"" 

 Things ▁just ▁fell ▁into ▁place . ▁Then - principal ▁Gary ▁Myers ▁immediately ▁saw ▁that ▁a ▁farm ▁fit ▁the ▁school ' s ▁philosophy ▁to ▁connect ▁kids ▁with ▁their ▁interests ▁and ▁allow ▁them ▁to ▁explore ▁them ▁with ▁internships . 

 The ▁school ▁received ▁a ▁multi - year ▁environmental ▁education ▁grant ▁through ▁the ▁Oregon ▁Community ▁Foundation ▁Gray ▁Family ▁Fund ▁to ▁start ▁the ▁farm ▁and ▁hire ▁Hud ak , ▁ 3 1 , ▁whose ▁position ▁is ▁partly ▁paid ▁for ▁by ▁the ▁Beaver ton ▁School ▁District . 

 Hud ak , ▁who ▁wears ▁a ▁perma - smile ▁and ▁describes ▁his ▁favorite ▁foods ▁as ▁"" super ▁good "" ▁or ▁"" ah - mazing ,"" ▁devotes ▁long ▁hours ▁to ▁planning ▁the ▁program . 

 "" He"
he,2276,"eq : D \] ) \] ▁as ▁the ▁slope ▁of ▁the ▁MSD ▁\[ Eq .   ( \[ eq : MSD \] ) \] ▁in ▁the ▁normal ▁diff usive ▁regime ▁$\ gamma =\ dot {\ gamma }\ tau > 1 $, ▁where ▁we ▁take ▁sample ▁averages ▁of ▁$\ Delta (\ tau )^ 2 / 2 \ tau $ ▁as ▁$ D /\ dot {\ gamma }\ equiv ▁<\ Delta (\ gamma )^ 2 / 2 \ gamma >$ ▁in ▁the ▁range ▁between ▁$ 1 <\ gamma < 1 0 ^ 2 $. 

 [^ 3 ]: ▁The ▁data ▁for ▁the ▁highest ▁shear ▁rate , ▁$\ dot {\ gamma }= 1 0 ^{- 1 } t _ 0 ^{- 1 }$, ▁is ▁removed ▁from ▁the ▁scaling ▁collapses ▁in"
he,343,"▁adults ▁ 2 5 - 5 4 ▁and ▁ 1 8 - 4 9 ▁for ▁the ▁night ,"" ▁the ▁network ▁said ▁in ▁a ▁statement . 

 This ▁season ▁is ▁poised ▁to ▁explore ▁some ▁family ▁problems ▁within ▁the ▁large ▁Chapman ▁family ▁— ▁daughter ▁"" Baby "" ▁Ly ssa ▁Chapman ' s ▁March ▁arrest ▁will ▁air ▁on ▁an ▁episode , ▁as ▁will ▁tensions ▁between ▁Chapman ▁and ▁his ▁oldest ▁son , ▁Duane ▁Lee . 

 "" I ▁love ▁you , ▁dad . ▁This ▁is ▁Travis . ▁I ▁want ▁to ▁go ▁home . ▁I ▁don ' t ▁like ▁it ▁here ,"" ▁the ▁boy ▁told ▁his ▁father ▁also ▁named ▁Travis . ▁They ▁gained ▁custody ▁after ▁an ▁audio ▁recording ▁surfaced ▁that ▁allegedly ▁showed ▁the ▁father ▁beating ▁the ▁child ▁with ▁a ▁belt . 

"
he,343,"▁Screen play ▁( William ▁Mon ahan ). ▁Mark ▁Wahl berg ▁was ▁also ▁nominated ▁for ▁the ▁Best ▁Supporting ▁Actor ▁award ▁for ▁his ▁performance , ▁but ▁he ▁lost ▁to ▁Alan ▁Ar kin ▁for ▁his ▁role ▁in ▁Little ▁Miss ▁Sunshine . 

 The ▁film ▁marked ▁the ▁first ▁time ▁Scorsese ▁won ▁an ▁Oscar ▁after ▁six ▁previous ▁losses . ▁Many ▁felt ▁that ▁he ▁deserved ▁it ▁years ▁earlier ▁for ▁prior ▁efforts . ▁Some ▁have ▁even ▁gone ▁further , ▁calling ▁it ▁a ▁Lifetime ▁Achievement ▁Award ▁for ▁a ▁lesser ▁film . ▁Scorsese ▁himself ▁joked ▁that ▁he ▁won ▁because : ▁"" This ▁is ▁the ▁first ▁movie ▁I ' ve ▁done ▁with ▁a ▁plot ."" ▁While ▁accepting ▁the ▁award , ▁Scorsese ▁stated ▁that ▁"" I ▁just ▁want ▁to ▁say , ▁too , ▁that ▁so ▁many ▁people ▁over"
he,343,"▁obligation ▁to ▁remain ▁in ▁his ▁vehicle ▁--- ▁and ▁he ▁exited ▁his ▁vehicle ▁when ▁Martin ▁disappeared ▁from ▁sight . 

 Zimmer man ▁called ▁the ▁police ▁before ▁Martin ▁jumped ▁him ▁--- ▁and ▁MSNBC ▁deleted ▁parts ▁of ▁the ▁recorded ▁discussion ▁and ▁broadcast ▁it ▁to ▁make ▁it ▁look ▁like ▁Zimmerman ▁was ▁targeting ▁Martin ▁because ▁Martin ▁was ▁black ▁--- ▁rather ▁than ▁tail ing ▁Martin ▁because ▁he ▁was ▁wandering ▁around ▁in ▁the ▁dark ▁in ▁a ▁neighborhood ▁which ▁had ▁recently ▁suffered ▁some ▁break - ins ▁and ▁thwarted ▁other ▁break - ins . 

 This ▁was ▁MSNBC ' s ▁attempt ▁to ▁lynch ▁a ▁straw ▁horse , ▁a ▁so - called ▁"" white "" ▁Hispanic . ▁MSNBC ▁needed ▁a ▁black - white ▁confrontation ▁to ▁promote ▁their ▁own ▁racist , ▁anti - white ▁narrative ▁that ▁America ▁is"
he,343,"As ▁they ▁carry ▁W leh ▁past ▁the ▁crowd , ▁several ▁women ▁begin ▁wailing . ▁Others ▁join ▁in . ▁The ▁cries ▁swell ▁to ▁a ▁chorus . ▁W leh ▁was ▁beloved ▁in ▁this ▁neighborhood . ▁This ▁is ▁the ▁closest ▁thing ▁she ' ll ▁get ▁to ▁a ▁funeral . 

 The ▁hike ▁back ▁up ▁the ▁hill ▁is ▁excruciating . ▁At ▁the ▁top , ▁the ▁men ▁stop ▁under ▁a ▁tree ▁and ▁collapse ▁against ▁it . ▁Kor v ayan ▁says ▁the ▁state ▁of ▁W leh ' s ▁corpse ▁was ▁unn erving . ▁"" When ▁I ▁saw ▁the ▁body ,"" ▁he ▁says , ▁"" my ▁skin ▁creep ed ."" ▁She ▁was ▁lying ▁on ▁a ▁bed , ▁blood ▁leaking ▁from ▁her ▁mouth . 

 The ▁men ▁carry ▁W leh ' s ▁body ▁over ▁to"
he,343,"▁explore ▁themes ▁of ▁technological ▁evolution , ▁species ▁diversification ▁and ▁takes ▁the ▁‘ all - powerful ▁creepy ▁child ’ ▁theme ▁to ▁a ▁scary ▁new ▁level . 

 In ▁a ▁land ▁where ▁no ▁stars ▁appear ▁in ▁the ▁night ▁sky , ▁a ▁group ▁of ▁strangers ▁with ▁ancest ries ▁reaching ▁back ▁to ▁an ▁earlier ▁apocalyptic ▁disaster ▁come ▁together ▁to ▁track ▁down ▁a ▁resurrected ▁corpse ▁whose ▁very ▁existence ▁port ends ▁the ▁End ▁of ▁the ▁World . ▁Fragments ▁of ▁a ▁Broken ▁Land : ▁Val arl ▁Undead ▁is ▁an ▁epic ▁tale ▁of ▁greed , ▁dying ▁magic , ▁distorted ▁mon stro sities ▁and ▁a ▁mot ley ▁group ▁of ▁heroes , ▁with ▁a ▁strange ▁and ▁breathless ▁climax ▁you ▁won ’ t ▁easily ▁forget . 

 “ This ▁is ▁a ▁tale ▁of ▁heroes . ▁It ▁includes ▁all"
he,343,"0 1 9 - 0 2 </b> , ▁ <i> issue ▁# 7 5 </i> </ p > 
 <h4> Welcome </h4> 
 < p > This ▁is ▁ <i> De jal News </i> , ▁an ▁occasional ▁newsletter ▁from ▁< a ▁href =""/""> De jal </ a >.</ p > 
 < p > <i> <b> If ▁you ▁want ▁to ▁receive ▁these ▁newsletters ▁in ▁your ▁email ▁inbox , ▁head ▁over ▁to ▁the ▁< a ▁href =""/ subscribe /""> De jal News ▁subscribe ▁page </ a > ▁to ▁sign ▁up . </b> </i> </ p > 
 <h4> Time ▁Out ▁tips </h4> 
 < p > So ▁far ▁I ' ve ▁been ▁sticking ▁to ▁my ▁goal ▁of ▁a ▁< a ▁href =""/ blog /""> De jal ▁blog ▁post"
he,343,"▁pause ▁at ▁the ▁door ▁and ▁discuss ▁the ▁best ▁way ▁to ▁lift ▁up ▁the ▁body ▁safely ▁and ▁then ▁proceed ▁out ▁of ▁the ▁house . 

 As ▁they ▁carry ▁W leh ▁past ▁the ▁crowd , ▁several ▁women ▁begin ▁wailing . ▁The ▁cries ▁swell ▁to ▁a ▁chorus . ▁W leh ▁was ▁beloved ▁in ▁this ▁neighborhood . ▁This ▁is ▁the ▁closest ▁thing ▁she ' ll ▁get ▁to ▁a ▁funeral . 

 The ▁hike ▁back ▁up ▁the ▁hill ▁is ▁excruciating . ▁At ▁the ▁top , ▁the ▁men ▁stop ▁under ▁a ▁tree ▁and ▁collapse ▁against ▁it . ▁Kor v ayan ▁says ▁the ▁state ▁of ▁W leh ' s ▁corpse ▁was ▁unn erving . 

 KOR V AY AN : ▁Well , ▁when ▁I ▁saw ▁the ▁body , ▁my ▁skin ▁creep ed . 

"
he,343,"re ▁here . 
 • ▁A ▁warm ▁welcome . ▁Thank ▁you ▁for ▁choosing ▁us ! 
 • ▁Welcome ! ▁We ▁look ▁forward ▁to ▁serving ▁you . 
 • ▁A ▁warm ▁welcome ▁from ▁all ▁of ▁us . ▁Thank ▁you ▁for ▁the ▁opportunity ▁to ▁serve ▁you . 
 Congratulations 
 • ▁Congratulations ▁on ▁a ▁job ▁well ▁done . 
 • ▁Hoping ▁the ▁best ▁things ▁in ▁life ▁will ▁always ▁be ▁yours . 
 • ▁This ▁is ▁a ▁day ▁to ▁remember . 
 • ▁It ’ s ▁great ▁to ▁see ▁good ▁things ▁happen ▁for ▁someone ▁so ▁deserving . 
 • ▁Congratulations ▁on ▁a ▁well - deserved ▁promotion . 
 • ▁Congratulations ▁on ▁an ▁outstanding ▁accomplishment . 
 • ▁Your ▁achievement ▁is ▁an ▁inspiration . 
 • ▁Kudos ▁to ▁you ! ▁You"
he,343,"1 2 ▁Hou gang ▁by - election . ▁He ▁delivered ▁the ▁nomination ▁announcement ▁at ▁ 1 2 . 3 5 ▁pm ▁on ▁ 1 6 ▁May ▁ 2 0 1 2 . 

 P ung gol ▁SMC ▁by - election , ▁ 2 0 1 3 
 This ▁was ▁Yam ' s ▁last ▁appearance ▁as ▁the ▁Returning ▁Officer . 

 Post - elections 

 After ▁GE ▁ 2 0 1 1 
 Yam ' s ▁robotic ▁voice ▁announcing ▁the ▁results ▁for ▁Al jun ied ▁GR C ▁had ▁turned ▁into ▁a ▁mix ▁just ▁within ▁a ▁few ▁hours ▁ensuing ▁the ▁elections . ▁Many ▁have ▁taken ▁clips ▁of ▁his ▁voice ▁and ▁mixed ▁it ▁with ▁various ▁styles ▁of ▁music , ▁from ▁electro ▁to ▁dance , ▁on ▁popular ▁video - sharing ▁website"
he,343,"1 2 ▁Hou gang ▁by - election . ▁He ▁delivered ▁the ▁nomination ▁announcement ▁at ▁ 1 2 . 3 5 ▁pm ▁on ▁ 1 6 ▁May ▁ 2 0 1 2 . 

 P ung gol ▁SMC ▁by - election , ▁ 2 0 1 3 
 This ▁was ▁Yam ' s ▁last ▁appearance ▁as ▁the ▁Returning ▁Officer . 

 Post - elections 

 After ▁GE ▁ 2 0 1 1 
 Yam ' s ▁robotic ▁voice ▁announcing ▁the ▁results ▁for ▁Al jun ied ▁GR C ▁had ▁turned ▁into ▁a ▁mix ▁just ▁within ▁a ▁few ▁hours ▁ensuing ▁the ▁elections . ▁Many ▁have ▁taken ▁clips ▁of ▁his ▁voice ▁and ▁mixed ▁it ▁with ▁various ▁styles ▁of ▁music , ▁from ▁electro ▁to ▁dance , ▁on ▁popular ▁video - sharing ▁website"
he,343,"at . 1 0 0 8 4 8 4 . r 0 0 4 

 Acceptance ▁letter 

 Diamond 

 Michael ▁S . 

 Section ▁Editor 

 Rey 

 Fé lix ▁A . 

 Associate ▁Editor 

 © ▁ 2 0 2 0 ▁Diamond , ▁Rey 

 2 0 2 0 

 Diamond , ▁Rey 

 This ▁is ▁an ▁open ▁access ▁article ▁distributed ▁under ▁the ▁terms ▁of ▁the 

 Creative ▁Commons ▁Attribution ▁License 

 , ▁which ▁permits ▁unrestricted ▁use , ▁distribution , ▁and ▁reproduction ▁in ▁any ▁medium , ▁provided ▁the ▁original ▁author ▁and ▁source ▁are ▁credited . 

 2 4 ▁Apr ▁ 2 0 2 0 

 Dear ▁Dr . ▁Gong , 

 We ▁are ▁delighted ▁to ▁inform ▁you ▁that ▁your ▁manuscript , ▁\"" A ▁conformation -"
he,343,"hour ▁interview ▁named ▁"" Last ▁Call "" ▁on ▁his ▁ 2 0 0 4 ▁Album ▁The ▁College ▁Dropout . ▁Throughout ▁the ▁course ▁of ▁the ▁interview , ▁he ▁frequently ▁interrupts ▁his ▁story ▁to ▁yell ▁"" This ▁is ▁the ▁last ▁call ▁for ▁alcohol !!! "", ▁hence ▁the ▁title . 

 < ▁Fi am ce 
 Kanye ▁was ▁a ▁producer ▁for ▁many ▁no - names ▁in ▁the ▁late ▁ 9 0 ' s , ▁most ▁of ▁whom ▁are ▁not ▁even ▁worth ▁mentioning . ▁We ▁could ▁sit ▁here ▁and ▁list ▁Kanye ' s ▁small - time ▁producing ▁in ▁this ▁time ▁period , ▁but ▁you ' ve ▁never ▁heard ▁of ▁any ▁of ▁these ▁people , ▁we ▁promise . ▁So ▁let ' s ▁save ▁both ▁our ▁time ▁by ▁fast ▁forwarding ▁to ▁ 2"
he,343,"▁# 7 4 </i> </ p > 
 <h4> Welcome </h4> 
 < p > This ▁is ▁ <i> De jal News </i> , ▁an ▁occasional ▁newsletter ▁from ▁< a ▁href =""/""> De jal </ a >.</ p > 
 < p > <i> <b> If ▁you ▁want ▁to ▁receive ▁these ▁newsletters ▁in ▁your ▁email ▁inbox , ▁head ▁over ▁to ▁the ▁< a ▁href =""/ subscribe /""> De jal News ▁subscribe ▁page </ a > ▁to ▁sign ▁up . </b> </i> </ p > 
 <h4> De jal News ▁is ▁back ! </h4> 
 < p > The ▁previous ▁issue ▁of ▁ <i> De jal News </i> ▁was ▁a ▁bit ▁over ▁a ▁year ▁ago . ▁I ▁didn ' t ▁intend ▁to ▁take ▁a ▁year ▁off ▁publishing ▁these"
he,343,"▁hit ▁with ▁a ▁higher ▁tax ▁next ▁year . ▁By ▁holding ▁back ▁the ▁increase ▁until ▁after ▁the ▁local ▁elections , ▁they ▁obviously ▁thought ▁that ▁the ▁wool ▁could ▁be ▁pulled ▁over ▁voters ’ ▁eyes . 

 “ This ▁is ▁the ▁wrong ▁tax ▁at ▁the ▁wrong ▁time , ▁placing ▁unacceptable ▁numbers ▁of ▁people ▁across ▁the ▁country ▁under ▁unacceptable ▁pressure . ▁At ▁the ▁very ▁least , ▁the ▁Government ▁needs ▁to ▁repeal ▁this ▁under hand ▁section ▁of ▁the ▁legislation ▁and ▁insist ▁that ▁there ▁will ▁be ▁no ▁increases ▁for ▁at ▁least ▁three ▁years .” 

 Hey ▁Miche al ▁Martin , ▁whats ▁this ▁rubbish ▁about ▁you ▁defending ▁ 1 8 0 ▁Garda ▁statements ▁that ▁didn ' t ▁hold ▁up ▁in ▁Court .. ▁What ▁strokes ▁you ▁trying ▁to ▁pulling ▁in ▁saving ▁this ▁broken ▁institutions ▁face"
he,343,": 

 "" Are ▁you ▁trying ▁to ▁tell ▁me ▁that ▁if ▁I ▁am ▁not ▁nice ▁to ▁you , ▁you ▁are ▁going ▁to ▁fire ▁me ?"" 

 "" I ' m ▁not ▁doing ▁anything . ▁This ▁is ▁your ▁choice ."" ▁David ▁sat ▁back ▁in ▁his ▁chair ▁looking ▁smug , ▁as ▁if ▁he ▁really ▁thought ▁sh ▁would ▁change ▁her ▁mind . 

 Hon ▁Hoh , ▁a ▁teacher ▁of ▁the ▁Revelation , ▁takes ▁readers ▁on ▁a ▁riveting ▁journey 

 Do ▁each ▁of ▁us ▁play ▁a ▁role ▁in ▁the ▁kingdom ▁of ▁God ? ▁Can ▁the ▁choices ▁we ▁make ▁affect ▁God ’ s ▁timing ▁of ▁future ▁events ? ▁Hon ▁Hoh ▁examines ▁these ▁questions ▁while ▁taking ▁his ▁readers ▁on ▁a ▁riveting ▁adventure ▁in ▁The ▁Trigger : ▁A ▁Novel ▁on ▁the ▁Revelation . ▁Through"
he,343,"▁it ▁moves ▁forward ; ▁read ▁more ▁about ▁that ▁effort ▁here . ▁I ▁haven ' t ▁seen ▁too ▁much ▁technical ▁information ▁flowing ▁from ▁the ▁Open ▁Compute ▁Summit , ▁although ▁James ▁Hamilton ▁of ▁Amazon ▁posted ▁his ▁slides ▁online ▁here : ▁here 

 Meanwhile ▁( was ▁this ▁part ▁of ▁the ▁summit , ▁or ▁independent ?), ▁the ▁team ▁at ▁Anand Tech ▁have ▁done ▁some ▁independent ▁testing ▁of ▁the ▁Open ▁Compute ▁server ▁components ; ▁in ▁their ▁conclusion , ▁they ▁commend ▁the ▁Open ▁Compute ▁work ▁as ▁showing ▁tremendous ▁potential : 

 The ▁Facebook ▁Open ▁Compute ▁servers ▁have ▁made ▁quite ▁an ▁impression ▁on ▁us . ▁Remember , ▁this ▁is ▁Facebook ' s ▁first ▁attempt ▁to ▁build ▁a ▁cloud ▁server ! ▁This ▁server ▁uses ▁very ▁little ▁power ▁when ▁running ▁at ▁low ▁load ▁( see ▁our"
he,343,"▁interview , ▁he ▁frequently ▁interrupts ▁his ▁story ▁to ▁yell ▁"" This ▁is ▁the ▁last ▁call ▁for ▁alcohol !!! "", ▁hence ▁the ▁title . 

 Controversy 

 What ▁happened ? 

 In ▁the ▁midst ▁of ▁Hurricane ▁Katrina , ▁there ▁was ▁a ▁well ▁publicized ▁event ▁in ▁which ▁Kay ne ▁West ▁accused ▁the ▁president ▁of ▁hating ▁black ▁people . ▁This ▁was ▁untrue . ▁However ▁rumor ▁has ▁it ▁that ▁fellow ▁actor ▁( and ▁rising ▁rap ▁star let ) ▁Hurricane ▁Katrina ▁Jones ▁professed ▁to ▁Kay ne ▁West ▁that ▁he ▁does ▁in ▁fact ▁hate ▁the ▁way ▁black ▁people ▁are ▁sometimes ▁treated , ▁and ▁Mexicans , ▁and ▁Jews , ▁and ▁Arabs . 

 The ▁President ▁later ▁responded ▁to ▁West ' s ▁comments ▁with ▁a ▁note ▁he ▁wrote ▁all ▁by ▁himself , ▁and ▁in ▁early"
he,343,"▁( Of ▁course , ▁Amazon ▁isn ' t ▁pulling ▁in ▁the ▁billions ▁that ▁Samsung ▁is . ▁But ▁I ▁think ▁I ▁like ▁their ▁odds ▁in ▁the ▁very ▁long ▁run ▁better .) 

 Eh . 

 Apple ▁doesn ' t ▁make ▁real ▁money ▁on ▁content . ▁Amazon ▁can ' t ▁either . ▁Amazon ▁is ▁building ▁a ▁storefront ▁for ▁your ▁lap . ▁They ▁want ▁you ▁to ▁buy ▁underwear ▁with ▁this ▁thing , ▁and ▁their ▁profit ▁margin ▁is ▁on ▁the ▁Amazon ▁Prime ▁subscription ▁you ▁need ▁to ▁keep ▁in ▁order ▁to ▁make ▁the ▁device ▁useful . ▁This ▁is ▁the ▁carrier ▁model ▁- ▁they ▁subsid ize ▁the ▁hardware ▁and ▁you ▁pay ▁them ▁$ 8 0 / yr ▁to ▁use ▁it . ▁Once ▁you ' re ▁paying ▁the ▁$ 8 0 , ▁you ▁might"
he,343,"▁make ▁them ▁easily ▁identifiable ▁against ▁white ▁paper . ▁White ▁envelopes ▁were ▁printed ▁with ▁the ▁C EV M ▁logo ▁and ▁the ▁words ▁' THIS ▁IS ▁A ▁SCIENTIFIC ▁RESEARCH ▁STUDY . ▁THIS ▁IS ▁NOT ▁JUN K ▁MAIL , ▁AN ▁APPEAL ▁FOR ▁DON ATIONS ▁OR ▁MARKET ▁RESEARCH ' ▁to ▁make ▁it ▁distinguishable ▁from ▁marketing ▁mail ings . ▁A ▁pen , ▁chocolate ▁and ▁a ▁return ▁postage ▁paid ▁envelope ▁were ▁included ▁and ▁a ▁prize ▁incentive ▁was ▁offered ▁(£ 5 0 0 ▁towards ▁the ▁continuing ▁professional ▁development ▁course / s ▁of ▁choice ). ▁If ▁participants ▁filled ▁in ▁the ▁online ▁version , ▁they ▁had ▁an ▁extra ▁chance ▁of ▁winning ▁£ 5 0 ▁worth ▁of ▁department ▁store ▁vouchers . 

 The ▁R CVS ▁mailing ▁list ▁was ▁obtained ▁in ▁October ▁ 2 0 1 0 ."
he,343,"1 9 6 0 ▁once ▁the ▁White ▁Man ▁put ▁his ▁burden ▁of ▁civiliz ing ▁the ▁un civil isable ▁down . ▁BTW , ▁slavery ▁has ▁never ▁left ▁the ▁areas ▁ruled ▁by ▁mos lems . 

 gates ▁tells ▁the ▁truth ▁for ▁once 

 Sh hh ▁.. ▁keep ▁it ▁quiet ▁ok ? ▁Tribal ▁chiefs ▁who ▁sold ▁off ▁all ▁the ▁slaves ▁to ▁the ▁white ▁man ▁owned ▁a ▁billion ▁slaves ▁too ▁and ▁still ▁do ▁… 

 Joseph 

 If ▁these ▁benevolent ▁black ▁slave ▁owners ▁kept ▁black ▁slaves ▁“ to ▁protect ▁that ▁person ”, ▁what ▁would ▁prevent ▁them ▁from ▁emancip ating ▁them ▁voluntarily ▁even ▁if ▁they ▁stayed ▁with ▁the ▁family . 

 This ▁is ▁the ▁usual ▁noise ▁from ▁the ▁left ; ▁“ If ▁we ▁do ▁it ▁it ▁is ▁not ▁the ▁same ”. 

"
he,343,"▁of ▁studies ▁to ▁date ▁may ▁limit ▁the ▁ability ▁to ▁identify ▁general izable ▁information ▁about ▁the ▁effectiveness ▁of ▁specific ▁strategies . ▁Moreover , ▁of ▁the ▁nine ▁studies ▁that ▁met ▁inclusion ▁criteria ▁for ▁this ▁review , ▁four ▁were ▁care ▁delivery ▁interventions ▁tested ▁in ▁trials ▁that ▁were ▁powered ▁on ▁main ▁( clinical ) ▁outcomes . ▁These ▁studies ▁may ▁have ▁been ▁under powered ▁to ▁detect ▁differences ▁in ▁secondary ▁outcomes , ▁such ▁as ▁medication ▁receipt . 

 Despite ▁these ▁limitations , ▁this ▁is ▁the ▁first ▁review ▁to ▁our ▁knowledge ▁conducted ▁with ▁the ▁goal ▁of ▁understanding ▁strategies ▁that ▁may ▁be ▁effective ▁for ▁implementing ▁medication ▁treatment ▁for ▁AUD --- a ▁substantially ▁under utilized ▁treatment . ▁Unfortunately , ▁our ▁review ▁did ▁not ▁reveal ▁which ▁strategies ▁are ▁most ▁effective ▁for ▁implementing ▁AUD ▁medications . ▁However ,"
he,343,"

 ###### ▁ 

 Click ▁here ▁for ▁additional ▁data ▁file . 

 1 0 . 1 3 7 1 / journal . pp at . 1 0 0 8 4 8 4 . r 0 0 3 

 Decision ▁Letter ▁ 1 

 Diamond 

 Michael ▁S . 

 Section ▁Editor 

 Rey 

 Fé lix ▁A . 

 Associate ▁Editor 

 © ▁ 2 0 2 0 ▁Diamond , ▁Rey 

 2 0 2 0 

 Diamond , ▁Rey 

 This ▁is ▁an ▁open ▁access ▁article ▁distributed ▁under ▁the ▁terms ▁of ▁the 

 Creative ▁Commons ▁Attribution ▁License 

 , ▁which ▁permits ▁unrestricted ▁use , ▁distribution , ▁and ▁reproduction ▁in ▁any ▁medium , ▁provided ▁the ▁original ▁author ▁and ▁source ▁are ▁credited . 

 1 8 ▁Mar ▁"
he,343,"

 ###### ▁ 

 Click ▁here ▁for ▁additional ▁data ▁file . 

 1 0 . 1 3 7 1 / journal . pp at . 1 0 0 8 4 8 4 . r 0 0 3 

 Decision ▁Letter ▁ 1 

 Diamond 

 Michael ▁S . 

 Section ▁Editor 

 Rey 

 Fé lix ▁A . 

 Associate ▁Editor 

 © ▁ 2 0 2 0 ▁Diamond , ▁Rey 

 2 0 2 0 

 Diamond , ▁Rey 

 This ▁is ▁an ▁open ▁access ▁article ▁distributed ▁under ▁the ▁terms ▁of ▁the 

 Creative ▁Commons ▁Attribution ▁License 

 , ▁which ▁permits ▁unrestricted ▁use , ▁distribution , ▁and ▁reproduction ▁in ▁any ▁medium , ▁provided ▁the ▁original ▁author ▁and ▁source ▁are ▁credited . 

 1 8 ▁Mar ▁"
he,343,"▁the ▁requirements ▁of ▁section ▁ 7 4 9 1 ( a ); 

 according ly , ▁the ▁burden ▁remains ▁with ▁petitioner ▁to ▁show ▁respondent ’ s 

 determin ations ▁were ▁incorrect . 

 ▁▁▁▁▁▁ This ▁is ▁a ▁dispute ▁over ▁whether ▁petitioner ▁had ▁repor table ▁cancellation ▁of 

 inde b ted ness ▁income ▁that ▁she ▁failed ▁to ▁report ▁on ▁her ▁ 2 0 1 1 ▁tax ▁return . ▁The ▁Code 

 defines ▁income ▁liberally ▁as ▁“ all ▁income ▁from ▁whatever ▁source ▁derived ”. ▁Sec . 

 6 1 ( a ). ▁Specifically , ▁income ▁includes ▁any ▁income ▁from ▁the ▁discharge ▁of 

 inde b ted ness . ▁Sec . ▁ 6 1 ( a )( 1 2 ); ▁sec . ▁ 1 . 6 1 - 1 2"
he,343,"TF AP 2 A * ▁in ▁two ▁children ▁affected ▁with ▁congenital ▁catar acts ▁from ▁a ▁cons angu ine ous ▁family ▁of ▁Pakistani ▁decent . ▁This ▁cataract - causing ▁deletion ▁removes ▁the ▁first ▁coding ▁ex ons ▁of ▁* GC NT 2 * ▁isoforms ▁* A * ▁and ▁* B * ▁but ▁leaves ▁the ▁* GC NT 2 C * ▁sequence ▁intact , ▁providing ▁further ▁support ▁for ▁the ▁is oform - specific ▁roles ▁of ▁this ▁gene ; ▁this ▁is ▁the ▁first ▁disruption ▁of ▁* GC NT 2 * ▁reported ▁which ▁does ▁not ▁affect ▁is oform ▁* C *. ▁While ▁the ▁patients ▁do ▁not ▁fit ▁a ▁diagnosis ▁of ▁BO FS , ▁one ▁sibling ▁demonstrates ▁mild ▁overlap ▁with ▁the ▁phenotypic ▁spectrum , ▁and ▁therefore ▁an ▁effect ▁of ▁this ▁deletion ▁on ▁the"
he,343,"▁as ▁a ▁new ▁and ▁emerging ▁player ▁in 
 the ▁oil ▁and ▁gas ▁world . 

 "" As ▁V . Ships ' ▁regional ▁office , ▁we ▁possess ▁the ▁necessary ▁skill set 
 and ▁experience ▁to ▁deliver ▁on ▁quality ▁for ▁our ▁offshore ▁clients ▁like 
 Polar cus . ▁As ▁a ▁direct ▁result ▁of ▁this ▁dedication ▁to ▁quality ▁and ▁cost 
 optimis ation , ▁this ▁is ▁our ▁fourth ▁back ▁to ▁back ▁offshore ▁marine 
 services ▁contract ▁in ▁the ▁last ▁three ▁years . 

 "" The ▁vast ▁majority ▁of ▁our ▁crew ▁have ▁been ▁with ▁us ▁in ▁other ▁similar 
 projects ▁in ▁the ▁Black ▁Sea ▁and ▁other ▁parts ▁of ▁the ▁world , ▁so ▁we ▁are 
 confident ▁that ▁they ▁will ▁integrate ▁quickly ▁with ▁Polar cus ▁crew 
 on - board ."" 

"
he,343,"▁Leon ’ s ▁grief . ▁If ▁the ▁player ▁empathi zes ▁with ▁Leon ▁( hopefully ▁they ▁do ▁if ▁they ’ ve ▁gotten ▁this ▁far ▁in ▁the ▁game ), ▁when ▁Leon ▁cries ▁out ▁in ▁agony ▁over ▁the ▁death ▁of ▁his ▁friend , ▁the ▁player , ▁too , ▁is ▁motivated ▁seek ▁justice ▁for ▁a ▁lost ▁friend . ▁This ▁is ▁the ▁opposite ▁of ▁Link ’ s ▁silence ▁that ▁I ▁discussed ▁in ▁my ▁last ▁article . ▁Unlike ▁Link , ▁who ▁leaves ▁you ▁to ▁form ▁your ▁experience ▁for ▁yourself , ▁Leon ▁hands ▁you ▁his ▁grief , ▁and ▁in ▁this ▁way ▁motivates ▁you ▁to ▁action . ▁This ▁is ▁good ▁storytelling . ▁Clearly ▁Resident ▁Evil ▁ 4 ▁has ▁nailed ▁the ▁motivational ▁aspect ▁of ▁making ▁a ▁powerful ▁narrative ▁in ▁a ▁game . ▁But ▁at ▁this ▁point"
he,343,"▁influenced ▁the ▁emergence ▁of ▁feminism . ▁The ▁Cabinet ▁wives ▁insisted ▁that ▁the ▁interests ▁and ▁honor ▁of ▁all ▁women ▁were ▁at ▁stake . ▁They ▁believed ▁a ▁responsible ▁woman ▁should ▁never ▁accord ▁a ▁man ▁sexual ▁favors ▁without ▁the ▁assurance ▁that ▁went ▁with ▁marriage . ▁A ▁woman ▁who ▁broke ▁that ▁code ▁was ▁dishon orable ▁and ▁unacceptable . ▁Howe ▁notes ▁that ▁this ▁was ▁the ▁feminist ▁spirit ▁that ▁in ▁the ▁next ▁decade ▁shaped ▁the ▁woman ' s ▁rights ▁movement . ▁▁ The ▁aristocratic ▁wives ▁of ▁European ▁diplomats ▁in ▁Washington ▁shrugged ▁the ▁matter ▁off ; ▁they ▁had ▁their ▁national ▁interest ▁to ▁uphold , ▁and ▁had ▁seen ▁how ▁life ▁worked ▁in ▁Paris ▁and ▁London . 

 Legacy 
 Hist orian ▁Robert ▁V . ▁Rem ini ▁says ▁that ▁"" the ▁entire ▁Eaton ▁affair ▁might ▁be"
he,343,"▁influenced ▁the ▁emergence ▁of ▁feminism . ▁The ▁Cabinet ▁wives ▁insisted ▁that ▁the ▁interests ▁and ▁honor ▁of ▁all ▁women ▁were ▁at ▁stake . ▁They ▁believed ▁a ▁responsible ▁woman ▁should ▁never ▁accord ▁a ▁man ▁sexual ▁favors ▁without ▁the ▁assurance ▁that ▁went ▁with ▁marriage . ▁A ▁woman ▁who ▁broke ▁that ▁code ▁was ▁dishon orable ▁and ▁unacceptable . ▁Howe ▁notes ▁that ▁this ▁was ▁the ▁feminist ▁spirit ▁that ▁in ▁the ▁next ▁decade ▁shaped ▁the ▁woman ' s ▁rights ▁movement . ▁▁ The ▁aristocratic ▁wives ▁of ▁European ▁diplomats ▁in ▁Washington ▁shrugged ▁the ▁matter ▁off ; ▁they ▁had ▁their ▁national ▁interest ▁to ▁uphold , ▁and ▁had ▁seen ▁how ▁life ▁worked ▁in ▁Paris ▁and ▁London . 

 Legacy 
 Hist orian ▁Robert ▁V . ▁Rem ini ▁says ▁that ▁"" the ▁entire ▁Eaton ▁affair ▁might ▁be"
he,343,"▁to ▁help ▁us ▁interested ▁lay - people ▁try ▁to ▁come ▁to ▁grips ▁with ▁what ▁happened , ▁and ▁why , ▁and ▁what ▁does ▁it ▁mean , ▁and ▁how ▁do ▁we ▁make ▁it ▁better ▁in ▁the ▁future . 

 Certainly , ▁it ▁makes ▁me ▁more ▁motivated ▁to ▁return ▁to ▁my ▁own ▁designs , ▁and ▁to ▁study ▁them , ▁and ▁test ▁them , ▁and ▁continue ▁to ▁learn ▁from ▁my ▁own ▁failures ▁and ▁make ▁my ▁future ▁work ▁better . ▁I ▁recommend ▁this ▁article ▁highly ; ▁I ▁think ▁you ' ll ▁find ▁it ▁interesting ▁and ▁well ▁worth ▁your ▁time . 

 This ▁is ▁the ▁second ▁major ▁release ▁since ▁I ▁joined ▁the ▁team , ▁and ▁I ' m ▁quite ▁excited ▁about ▁it . ▁Although ▁I ▁played ▁only ▁a ▁minor ▁role ▁in ▁this ▁release"
he,343,"▁Note : ▁I ▁signed ▁up ▁for ▁a ▁month - long ▁Digital ▁Detox ▁project ▁out ▁of ▁Middle bury ▁College ▁and ▁enjoyed ▁the ▁email ▁updates ▁throughout ▁January ▁that ▁got ▁us ▁thinking ▁about ▁our ▁digital ▁lives , ▁and ▁offered ▁small ▁steps ▁and ▁actions ▁to ▁take . ▁I ▁made ▁comics ▁about ▁the ▁concepts ▁as ▁a ▁way ▁to ▁read ▁deeper ▁and ▁think ▁a ▁little ▁more ▁critically ▁about ▁the ▁ways ▁digital ▁devices ▁and ▁platforms ▁are ▁part ▁of ▁our ▁lives . ▁This ▁is ▁the ▁last ▁comic ▁I ▁made ▁for ▁that ▁project . 

 Kevin ’ s ▁Note : ▁I ▁signed ▁up ▁for ▁a ▁month - long ▁Digital ▁Detox ▁project ▁out ▁of ▁Middle bury ▁College ▁and ▁enjoyed ▁the ▁email ▁updates ▁throughout ▁January ▁that ▁got ▁us ▁thinking ▁about ▁our ▁digital ▁lives , ▁and ▁offered ▁small ▁steps"
he,343,"▁Note : ▁I ▁signed ▁up ▁for ▁a ▁month - long ▁Digital ▁Detox ▁project ▁out ▁of ▁Middle bury ▁College ▁and ▁enjoyed ▁the ▁email ▁updates ▁throughout ▁January ▁that ▁got ▁us ▁thinking ▁about ▁our ▁digital ▁lives , ▁and ▁offered ▁small ▁steps ▁and ▁actions ▁to ▁take . ▁I ▁made ▁comics ▁about ▁the ▁concepts ▁as ▁a ▁way ▁to ▁read ▁deeper ▁and ▁think ▁a ▁little ▁more ▁critically ▁about ▁the ▁ways ▁digital ▁devices ▁and ▁platforms ▁are ▁part ▁of ▁our ▁lives . ▁This ▁is ▁the ▁last ▁comic ▁I ▁made ▁for ▁that ▁project . 

 Kevin ’ s ▁Note : ▁I ▁signed ▁up ▁for ▁a ▁month - long ▁Digital ▁Detox ▁project ▁out ▁of ▁Middle bury ▁College ▁and ▁enjoyed ▁the ▁email ▁updates ▁throughout ▁January ▁that ▁got ▁us ▁thinking ▁about ▁our ▁digital ▁lives , ▁and ▁offered ▁small ▁steps"
he,343,"▁AIDS ▁patients . ▁Last ▁week ' s ▁rec lassification ▁ruling ▁allows 
 doctors ▁greater ▁flexibility ▁to ▁prescribe ▁Marin ol ▁and ▁relaxes ▁record 
 keeping ▁requirements ▁on ▁the ▁drug . 

 Str oup ▁noted , ▁however , ▁that ▁it ▁raises ▁further ▁questions ▁about ▁the 
 future ▁of ▁medical ▁marijuana . ▁"" This ▁decision ▁by ▁the ▁federal ▁government 
 acknowled ges ▁that ▁one ▁of ▁the ▁primary ▁compounds ▁in ▁marijuana , ▁THC , ▁is 
 medic ally ▁valuable ▁and ▁lacks ▁a ▁high ▁potential ▁for ▁abuse ,"" ▁he ▁said . ▁"" Yet , 
 this ▁same ▁government ▁maintains ▁that ▁marijuana ▁must ▁remain ▁crimin ally 
 pro hibited ▁because ▁it ▁has ▁no ▁medical ▁value ▁and ▁a ▁high ▁abuse ▁potential . 
 This ▁is ▁the ▁equivalent ▁of ▁the ▁government ▁endorsing ▁Vitamin ▁C ▁but"
he,343,"▁Although ▁early ▁PA ▁without ▁elevated ▁serum ▁level ▁of ▁PSA ▁is ▁common , ▁advanced ▁PA ▁with ▁absence ▁of ▁elevated ▁serum ▁PSA , ▁associated ▁with ▁presence ▁of ▁tissue ▁immun ore active ▁pro static ▁markers ▁are ▁rare . ▁This ▁is ▁the ▁first ▁report ▁of ▁advanced ▁pro static ▁aden ocar cin omas ▁showing ▁loss ▁of ▁tumor ▁cell ▁prostate - specific ▁markers ▁with ▁absence ▁of ▁elevated ▁serum ▁PSA ▁level ▁after ▁hormonal ▁therapy ▁despite ▁tumor ▁progression . <bos> Q : 

 Angular 2 ▁Testing : ▁Service ▁returning ▁function ▁instead ▁of ▁object ▁array 

 I ▁want ▁to ▁write ▁some ▁tests ▁for ▁my ▁service ▁written ▁in ▁Angular ▁ 2 . 1 . 0 : 
 @ Injectable () 
 export ▁class ▁My Service ▁{ 
 ▁▁▁▁ api _ base _ url ▁= ▁' http ://"
he,343,"▁works : 

 Issues ▁are ▁raised ▁in ▁the ▁Apache ▁issue - tracking ▁system ; 

 discussion ▁is ▁held ▁in ▁the ▁issue ▁comments ▁and ▁on ▁mailing ▁lists ; 

 various ▁contributors ▁suggest ▁ideas ; 

 someone ▁"" with ▁an ▁itch ▁to ▁scratch "" ▁dives ▁into ▁the ▁problem ▁and ▁constructs ▁a ▁patch ; 

 the ▁patch ▁is ▁proposed ▁by ▁attaching ▁it ▁to ▁the ▁issue - tracking ▁system ; 

 further ▁discussion ▁and ▁testing ▁occurs , ▁now ▁shaped ▁by ▁the ▁concrete ▁nature ▁of ▁the ▁proposed ▁patch ; 

 a ▁commit ter ▁who ▁becomes ▁persuaded ▁of ▁the ▁desirability ▁of ▁the ▁patch ▁commits ▁it ▁to ▁the ▁repository ; 

 eventually ▁a ▁release ▁occurs ▁and ▁the ▁change ▁becomes ▁widely ▁distributed . 

 This ▁is ▁the ▁process ▁as ▁I ▁have ▁seen ▁it ▁and ▁participated"
he,343,"▁earlier ▁in ▁the ▁Torah : ▁the ▁Ten ▁Commandments ▁are ▁repeated ▁in ▁a ▁slightly ▁different ▁configuration , ▁the ▁feasts ▁and ▁holidays ▁are ▁revisited , ▁and ▁some ▁of ▁the ▁laws ▁from ▁Exodus ▁and ▁Levi ticus ▁are ▁rest ated . ▁However , ▁it ▁is ▁hard ▁to ▁ignore ▁the ▁very ▁different ▁tone ▁and ▁presentation ▁of ▁the ▁laws ▁in ▁Deuteronomy . ▁While ▁the ▁legal ▁bits ▁in ▁the ▁previous ▁books ▁were ▁written ▁down ▁as ▁literature , ▁the ▁material ▁in ▁Deuteronomy ▁appears ▁to ▁have ▁been ▁designed ▁to ▁be ▁read ▁out ▁loud . ▁A ▁repeated ▁refrain ▁throughout ▁the ▁book ▁is ▁“ Hear , ▁O ▁Israel …” ▁followed ▁by ▁some ▁instruction , ▁blessing , ▁or ▁warning . 

 And ▁speaking ▁of ▁blessing ▁and ▁warning , ▁this ▁is ▁perhaps ▁the ▁main ▁innovation ▁of ▁Deuteronomy . ▁While ▁the"
he,343,"▁of ▁PV Y ▁in ▁[ Table ▁ 1 ](# viruses - 1 2 - 0 0 1 3 2 - t 0 0 1 ){ ref - type ="" table ""} ▁is ▁correct , ▁then ▁[ Figure ▁S 1 ](# app 1 - viruses - 1 2 - 0 0 1 3 2 ){ ref - type ="" app ""}, ▁a ▁ML ▁tree ▁of ▁ 3 8 ▁representative ▁ORF ▁sequences , ▁indicates ▁that ▁the ▁long ▁basal ▁branch ▁of ▁the ▁lineage ▁covered ▁the ▁period ▁ 1 5 . 4 -- 1 8 . 8 ▁thousand ▁Y BP . ▁This ▁is ▁the ▁period ▁human ▁progen itors ▁of ▁the ▁Amer indi ans ▁are ▁most ▁likely ▁to ▁have ▁migrated ▁to ▁the ▁Americas ▁(< https :// en . wikipedia . org /"
he,343,"▁it ’ s ▁on ▁the ▁bou lev ards , ▁where ▁we ▁add ▁cross ▁traffic ▁and ▁traffic ▁signals . ▁“ it ’ s ▁comparatively ▁easy .” ▁Bea ub ien ▁says ▁of ▁that ▁condition . 

 But ▁when ▁you ▁ramp ▁up ▁to ▁driving ▁in ▁urban ▁centers ▁a ▁whole ▁new ▁set ▁of ▁conditions ▁are ▁encountered . ▁“ Here ▁everything ▁is ▁so ▁compact , ▁cars ▁are ▁coming ▁from ▁every ▁which ▁way ▁and ▁there ’ s ▁all ▁kinds ▁of ▁traffic ▁with ▁pedestrians ▁and ▁mixed ▁intersections ▁going ▁on . ▁This ▁is ▁the ▁hardest ▁kind ▁of ▁driving .” 

 When ▁we ▁think ▁of ▁rolling ▁in ▁self - driving ▁vehicles , ▁Bea ub ien ▁says ▁we ▁think ▁of ▁roads ▁that ▁are ▁easy ▁to ▁drive , ▁and ▁the ▁weather ▁is ▁good , ▁so ▁bringing ▁that ▁technology"
he,343,"▁farm . 

 Students ▁here ▁have ▁become ▁independent . ▁Instead ▁of ▁asking ▁Hud ak ▁how ▁to ▁organize ▁the ▁hundreds ▁of ▁flowers ▁they ▁picked , ▁they ▁form ▁an ▁assembly ▁line . ▁Rock ▁music ▁bla res ▁from ▁a ▁boom box ▁as ▁students ▁bundle ▁the ▁blooms ▁into ▁bouquets . 

 The ▁farm , ▁producing ▁more ▁than ▁expected , ▁signs ▁up ▁three ▁more ▁CSA ▁members . 

 The ▁work ▁is ▁a ▁lot ▁hotter ▁than ▁the ▁students ▁expected , ▁too . ▁"" This ▁is ▁a ▁job ▁that ▁most ▁people ▁would ▁kill ▁themselves ▁if ▁they ▁had ,"" ▁says ▁Ring wald , ▁who ▁once ▁nearly ▁quit ▁the ▁farm ▁program . ▁"" In ▁the ▁summertime ▁in ▁the ▁heat , ▁it ' s ▁horrible ▁working ▁out ▁here . ▁With ▁Paul , ▁he ▁keeps ▁our ▁enthusiasm ▁up"
he,343,"▁ 2 0 1 1 . 

 This ▁fight ▁took ▁place ▁in ▁Sho oto . 

 “ Ram bo ” ▁almost ▁caught ▁O chi ▁with ▁an ▁ar mbar ▁in ▁the ▁first ▁round . ▁But ▁O chi ▁came ▁back ▁and ▁KO ’ d ▁Kos uke ▁in ▁the ▁second ▁round . ▁That ▁was ▁“ Ram bo ” ‘ s ▁first ▁pro ▁defeat ▁in ▁seven ▁fights . <bos> -- recursive 
 -- require ▁@ babel / register 
 <bos> Accounting 

 Surf ▁Works ▁offer ▁a ▁range ▁of ▁accounting ▁services ▁suitable ▁for ▁all ▁types ▁of ▁business . ▁Below , ▁we ▁have ▁listed ▁packages ▁suitable ▁for ▁sole ▁traders , ▁partnerships ▁and ▁limited ▁companies . ▁The ▁packages ▁can ▁be ▁fully ▁tailored ▁to ▁your ▁requirements ▁by ▁adding ▁extra ▁services ▁to ▁create ▁the ▁exact ▁service"
he,343,"▁We 
 ▁▁▁▁▁▁▁ are ▁not ▁talking ▁about ▁a ▁six - year ▁old , ▁who ▁accident ly ▁shoots ▁the 



 ▁▁▁▁▁▁▁▁▁▁▁▁▁▁▁▁▁▁▁▁▁▁▁▁▁▁▁▁▁▁▁ ▁▁▁▁▁▁▁▁▁▁▁▁ - 5 - 
  J - A 0 8 0 3 5 - 1 9 


 at ▁ 1 1 1 - 1 2 . ▁It ▁went ▁on ▁to ▁say , ▁“ As ▁I ▁said ▁before , ▁this ▁was ▁a ▁- ▁- ▁for ▁lack ▁of ▁a 

 better ▁term ▁- ▁- ▁this ▁is ▁the ▁behavior ▁of ▁an ▁adult .” ▁N . T ., ▁Recons ideration ▁Hearing , 

 3 / 7 / 1 8 ▁at ▁ 9 ▁( emphasis ▁added ). ▁It ▁did ▁not ▁say ▁that ▁he ▁was , ▁in ▁fact , ▁an ▁adult . 

 This ▁claim ▁is ▁thus ▁merit less . 

 ▁▁▁▁▁▁▁"
he,343,"’ t ▁been ▁actually ▁challenged , ▁but ▁that ’ s ▁not ▁a ▁reason ▁NOT ▁to ▁participate ▁in ▁a ▁meme . 

 The ▁instructions ▁are ▁simple : 

 Enter ▁the ▁fourth ▁directory ▁in ▁your ▁picture ▁stash . 

 Choose ▁the ▁fourth ▁picture ▁in ▁your ▁blog 

 Describe ▁when / why / how ▁you ▁took ▁it . 

 Challenge ▁four ▁people ▁to ▁participate 

 Well , ▁this ▁picture ▁is ▁from ▁New ▁York , ▁close ▁to ▁the ▁W TC ▁ground ▁zero , ▁taken ▁in ▁January ▁ 2 0 0 2 , ▁after ▁the ▁cleaning ▁crew ▁was ▁mostly ▁done ▁with ▁the ▁rubble . ▁This ▁was ▁a ▁cold ▁day , ▁easily ▁fifteen ▁below ▁zero , ▁the ▁chill ▁compounded ▁by ▁stiff ▁winds ▁off ▁the ▁rivers . 

 The ▁camera ▁was ▁a ▁brand ▁new"
he,343,"▁to ▁be ▁ 2 . 5 - times ▁lower ▁than ▁that ▁of ▁parent ▁compound ▁RC - 1 2 1 . ▁This ▁is ▁the ▁first ▁report ▁on ▁inhibition ▁of ▁human ▁pancreatic ▁cancer ▁growth ▁in ▁vivo ▁by ▁som at ost atin ▁analogs ▁carrying ▁cytotoxic ▁radicals . <bos> INTRODUCTION ▁{# s 1 } 
 ============ 

 Whilst ▁onco genesis ▁is ▁driven ▁by ▁a ▁multitude ▁of ▁complex , ▁non - programmed ▁molecular ▁events , ▁there ▁are ▁a ▁number ▁of ▁key ▁features ▁of ▁this ▁process , ▁not ▁least ▁of ▁which ▁is ▁the ▁aberrant ▁activation ▁of ▁genes ▁that ▁would ▁normally ▁be ▁silenced ▁in ▁a ▁given ▁tissue ▁context ▁\[ [@ R 1 ] \] . ▁The ▁so ▁called ▁cancer / tes tis ▁( CT ) ▁or ▁cancer ▁germ line ▁( CG ) ▁genes ▁are"
he,343,"▁to ▁be ▁ 2 . 5 - times ▁lower ▁than ▁that ▁of ▁parent ▁compound ▁RC - 1 2 1 . ▁This ▁is ▁the ▁first ▁report ▁on ▁inhibition ▁of ▁human ▁pancreatic ▁cancer ▁growth ▁in ▁vivo ▁by ▁som at ost atin ▁analogs ▁carrying ▁cytotoxic ▁radicals . <bos> INTRODUCTION ▁{# s 1 } 
 ============ 

 Whilst ▁onco genesis ▁is ▁driven ▁by ▁a ▁multitude ▁of ▁complex , ▁non - programmed ▁molecular ▁events , ▁there ▁are ▁a ▁number ▁of ▁key ▁features ▁of ▁this ▁process , ▁not ▁least ▁of ▁which ▁is ▁the ▁aberrant ▁activation ▁of ▁genes ▁that ▁would ▁normally ▁be ▁silenced ▁in ▁a ▁given ▁tissue ▁context ▁\[ [@ R 1 ] \] . ▁The ▁so ▁called ▁cancer / tes tis ▁( CT ) ▁or ▁cancer ▁germ line ▁( CG ) ▁genes ▁are"
he,343,"s ▁no ▁explicit ▁view ▁policy , ▁make ▁it ▁very ▁restrictive ▁by ▁default . 
 ▁▁▁▁ // ▁This ▁is ▁the ▁correct ▁policy ▁for ▁files ▁dropped ▁onto ▁objects ▁during 
 ▁▁▁▁ // ▁creation , ▁comment ▁and ▁edit ▁flows . 
 ▁▁▁▁ $ view _ policy ▁= ▁$ request -> get Str (' view Policy '); 
 ▁▁▁▁ if ▁(!$ view _ policy ) ▁{ 
 ▁▁▁▁▁▁ $ view _ policy ▁= ▁$ viewer -> get PH ID (); 
 ▁▁▁▁ } 

 ▁▁▁▁ $ is _ chunks ▁= ▁$ request -> get Bool (' query chunks '); 
 ▁▁▁▁ if ▁($ is _ chunks ) ▁{ 
 ▁▁▁▁▁▁ $ params ▁= ▁array ( 
 ▁▁▁▁▁▁▁▁ ' file PH ID ' ▁=> ▁$ file _ ph id , 
 ▁▁▁▁▁▁"
he,343,"0 , ▁and ▁TCC ▁is ▁disabled , ▁this ▁is ▁a ▁cont endor 
 ▁▁▁▁▁▁▁▁▁▁▁▁ if ▁(! b TCC ) ▁▁▁ // ▁Is ▁this ▁GPU ▁running ▁the ▁TCC ▁driver ? ▁▁ If ▁so ▁we ▁pass ▁on ▁this 
 ▁▁▁▁▁▁▁▁▁▁▁▁ { 
 ▁▁▁▁▁▁▁▁▁▁▁▁▁▁▁▁ int ▁compute _ perf ▁▁ = ▁multi Processor Count ▁* ▁sm _ per _ multi proc ▁* ▁clock Rate ; 

 ▁▁▁▁▁▁▁▁▁▁▁▁▁▁▁▁ if ▁( compute _ perf ▁▁ > ▁max _ compute _ perf ) 
 ▁▁▁▁▁▁▁▁▁▁▁▁▁▁▁▁ { 
 ▁▁▁▁▁▁▁▁▁▁▁▁▁▁▁▁▁▁▁▁ // ▁If ▁we ▁find ▁GPU ▁with ▁SM ▁major ▁> ▁ 2 , ▁search ▁only ▁these 
 ▁▁▁▁▁▁▁▁▁▁▁▁▁▁▁▁▁▁▁▁ if ▁( best _ SM _ arch ▁> ▁ 2 ) 
 ▁▁▁▁▁▁▁▁▁▁▁▁▁▁▁▁▁▁▁▁ { 
 ▁▁▁▁▁▁▁▁▁▁▁▁▁▁▁▁▁▁▁▁▁▁▁▁ // ▁If ▁our ▁device ▁= ▁dest _ SM _ arch , ▁then ▁we"
he,343,"0 ▁and ▁persist ing ▁through ▁ 1 0 . 2 ▁or ▁later 

 I ▁am ▁trying ▁to ▁understand ▁the ▁new ▁tem plating ▁in ▁version ▁ 1 0 . ▁While ▁there ▁is ▁a ▁general ▁documentation ▁page ▁with ▁links ▁to ▁docs ▁for ▁each ▁new ▁function , ▁so ▁far ▁I ▁am ▁unable ▁to ▁find ▁any ▁report ▁generation ▁worked ▁examples ▁of ▁what ▁a ▁user ▁may ▁do ▁after ▁they ▁open ▁File ▁> ▁New ▁> ▁Template ▁Notebook . ▁Additionally ▁when ▁I ▁press ▁the ▁help ▁button ▁on ▁the ▁template ▁notebook ▁it ▁seems ▁there ▁is ▁documentation ▁missing : 

 When ▁you ▁type ▁"" Report Generation "" ▁in ▁the ▁docs ▁this ▁is ▁what ▁you ▁get : 

 Templates ▁were ▁first ▁introduced ▁in ▁the ▁Finance ▁Platform ▁-- ▁which ▁is ▁essentially ▁a ▁version ▁of ▁Mathematica ▁with ▁a ▁few"
he,343,"▁first ▁table . 
 Thanks 

 A : 

 this ▁a ▁quick ▁example ▁of ▁how ▁to ▁achieve ▁your ▁requirement ... 
 CREATE ▁TABLE ▁IF ▁NOT ▁EXISTS ▁` feeds ` ▁( 
 ▁▁ ` Feed _ ID ` ▁int ( 1 1 ) ▁NOT ▁NULL , 
 ▁▁ ` Feed _ Name ` ▁varchar ( 3 2 ) ▁NOT ▁NULL , 
 ▁▁ ` Feed _ Url ` ▁varchar ( 2 5 5 ) ▁NOT ▁NULL , 
 ▁▁ PRIMARY ▁KEY ▁(` Feed _ ID `) 
 ) 

 CREATE ▁TABLE ▁IF ▁NOT ▁EXISTS ▁` feed items ` ▁( 
 ▁▁ ` Feed Item _ ID ` ▁int ( 1 1 ) ▁NOT ▁NULL , 
 ▁▁ ` Feed _ ID ` ▁int ( 1 1 ) ▁NOT"
he,343,"▁impose ▁clear ▁and ▁significant ▁opportunity ▁costs ▁on ▁Google ’ s ▁standards ▁acti i vities . 

 "" Un related ""? ▁I ▁think ▁that ▁is ▁an ▁overly ▁strong ▁critique . ▁Surely ▁Dart ▁is ▁strongly ▁related . 

 What ▁is ▁the ▁best ▁way , ▁then ? ▁Continue ▁to ▁improve ▁the ▁existing ▁language , ▁or ▁work ▁on ▁building ▁new ▁languages ? ▁Can ▁we ▁really ▁not ▁do ▁both ? ▁After ▁all , ▁Dart ▁is ▁not ▁the ▁only ▁new ▁language ▁built ▁on ▁top ▁of ▁and ▁closely ▁related ▁to ▁JavaScript : ▁consider ▁Coffee Script , ▁for ▁example . ▁It ▁is ▁another ▁new ▁language ▁which ▁is ▁designed ▁for ▁the ▁web , ▁and ▁is ▁implemented ▁by ▁being ▁compiled ▁into ▁JavaScript . ▁Coffee Script ▁is ▁interesting ; ▁it ▁pushes ▁the ▁envelope ▁in ▁other ▁directions , ▁such"
he,343,"▁to ▁be ▁within ▁UM NO ▁than ▁outside , ▁let ' s ▁see ▁what ▁Anwar ▁did ▁after ▁he ▁was ▁out - mano eu v red ▁by ▁Mahat hir ▁following ▁the ▁failed ▁attempt ▁to ▁oust ▁the ▁Old ▁Man ▁in ▁June ▁ 1 9 9 8 . 

 OK , ▁let ' s ▁hear ▁what ▁he ▁said ▁just ▁a ▁mere ▁two ▁months ▁later , ▁on ▁ 1 2 ▁August ▁ 1 9 9 8 , ▁during ▁the ▁opening ▁of ▁the ▁then - new ▁Penang ▁UM NO ▁building . ▁That ▁was ▁when ▁the ▁UM NO ▁jungle ▁drums ▁were ▁already ▁beating ▁away ▁that ▁Anwar ▁was ▁going ▁for ▁broke ▁for ▁the ▁presidency ▁of ▁UM NO ▁because ▁of ▁the ▁virtually ▁irreparable ▁rift ▁between ▁the ▁two ▁UM NO ▁top ▁leaders , ▁wak ak aka ."
he,343,", ▁field Number : ▁ 1 1 4 ) 
 ▁▁▁▁▁▁ case ▁nil : ▁break 
 ▁▁▁▁▁▁ } 
 ▁▁▁▁▁▁ if ▁let ▁v ▁= ▁_ storage ._ optional Lazy Import Message ▁{ 
 ▁▁▁▁▁▁▁▁ try ▁visitor . visit Singular Message Field ( value : ▁v , ▁field Number : ▁ 1 1 5 ) 
 ▁▁▁▁▁▁ } 
 ▁▁▁▁ } 
 ▁▁▁▁ try ▁unknownFields . traverse ( visitor : ▁& visitor ) 
 ▁▁ } 

 ▁▁ static ▁func ▁== ( lhs : ▁Proto 3 Arena Unit test _ Test All Types , ▁rhs : ▁Proto 3 Arena Unit test _ Test All Types ) ▁-> ▁Bool ▁{ 
 ▁▁▁▁ if ▁lhs ._ storage ▁!== ▁rhs ._ storage ▁{ 
 ▁▁▁▁▁▁ let ▁stor ages AreEqual : ▁Bool"
he,343,"▁observed ▁after ▁both ▁CRT ‐ def ib rillation ▁and ▁CRT ‐ p acing , ▁after ▁adjustment ▁for ▁heart ▁failure ▁etiology . Re ‐ inter ventions ▁for ▁left ▁ventricular ▁displacement ▁or ▁ph ren ic ▁nerve ▁stimulation , ▁which ▁were ▁lower ▁with ▁QU AD , ▁were ▁associated ▁with ▁worse ▁outcomes . What ▁Are ▁the ▁Clinical ▁Implications ? The ▁markedly ▁better ▁outcomes ▁after ▁CRT ▁observed ▁with ▁QU AD ▁supports ▁their ▁preferential ▁use ▁over ▁non ‐ QUAD ▁in ▁clinical ▁practice . The ▁relative ▁benefits ▁of ▁CRT ‐ def ib rillation ▁over ▁CRT ‐ p acing ▁requires ▁further ▁evaluation ▁in ▁the ▁QU AD ▁era . 

 Introduction ▁{# jah 3 2 5 8 7 - sec - 0 0 0 8 } 
 ============ 

 Cardiac ▁res ynchron ization ▁therapy ▁( CRT"
he,343,"▁for ▁the ▁actuators ▁is ▁conveniently ▁located ▁at ▁ground ▁level ▁enabling ▁the ▁operator ▁to ▁view ▁easily ▁the ▁operation ▁of ▁the ▁hatch ▁closure ▁system . 
 Accordingly , ▁it ▁is ▁an ▁object ▁of ▁the ▁present ▁invention ▁to ▁provide ▁an ▁automatic ▁closure ▁system ▁for ▁the ▁hatch ▁of ▁a ▁bulk ▁carrier ▁that ▁can ▁be ▁operated ▁at ▁ground ▁level ▁without ▁requiring ▁the ▁operator ▁to ▁climb ▁atop ▁the ▁carrier ▁body . 
 Another ▁object ▁of ▁the ▁invention ▁is ▁to ▁provide ▁a ▁hatch ▁closure ▁system ▁for ▁the ▁hatch ▁of ▁a ▁dry ▁bulk ▁transport ▁that ▁can ▁be ▁selectively ▁remotely ▁actuated ▁to ▁provide ▁pressure ▁sealing ▁of ▁the ▁hatch ▁and ▁a ▁fully ▁open ▁position ▁for ▁loading ▁and ▁maintenance . 
 A ▁further ▁object ▁of ▁the ▁invention ▁is ▁to ▁provide ▁an ▁automatic ▁hatch ▁closure ▁system ▁for ▁a ▁mobile"
he,343,"7 . 2 , ▁ 1 1 7 . 4 , ▁ 1 1 5 . 7 , ▁ 1 1 4 . 9 , ▁ 4 4 . 3 , ▁ 2 1 . 2 ; ▁Elemental ▁analysis : ▁calc . ▁for ▁C ~ 1 4 ~ H ~ 1 1 ~ N ~ 5 ~ ▁( MW ▁ 2 4 9 . 2 7 ): ▁ 6 7 . 4 6 % ▁C , ▁ 4 . 4 5 % ▁H , ▁ 2 8 . 1 0 % ▁N ; ▁found ▁ 6 7 . 2 1 % ▁C , ▁ 4 . 6 3 % ▁H , ▁ 2 7 . 9 5 % ▁N . 

 * 5 - \[ ( 4"
he,343,"qu bit ▁density ▁matrix ▁$\ varrho $. ▁$ U _{\ mathcal { H }' }$ ▁is ▁decomposed ▁to ▁single ▁qubit ▁gates ; ▁here ▁$\ displaystyle 
 U =( 1 /\ sqrt { 2 })(\ mathbb m { 1 }_{ 2 }+ i \ sigma _{ y })$. ▁[] { data - label ="" Fig 3 "" }] ( figure 3 . eps ){ width ="" 8 . 5 cm ""} 

 Note ▁that ▁the ▁network ▁can ▁also ▁be ▁regarded ▁as ▁a ▁one ▁measuring ▁purity ▁of ▁a ▁state ▁as ▁${\ mathrm { Tr }}(\ varrho ▁^{ T _{ B }}) ^ 2 ={\ mathrm { Tr }}\ varrho ▁^ 2 $. ▁Note ▁that ▁the ▁this ▁network ▁is ▁not ▁optimal ▁since ▁an ▁alternative ▁network ▁[@ Estimator ] ▁measuring ▁${\"
he,11236,"Getty ▁Images ▁for ▁Gospel ▁Music ▁Association 

 “ This ▁Is ▁How ▁We ▁Do ▁It ” ▁singer ▁Mon tell ▁Jordan ▁insists ▁he ’ s ▁no ▁dead beat ▁taxpayer ▁— ▁telling ▁TMZ , ▁he ’ s ▁already ▁paid ▁his ▁$ 6 1 7 , 0 0 0 ▁tax ▁bill ▁… ▁the ▁money ▁just ▁hasn ’ t ▁made ▁its ▁way ▁into ▁the ▁pockets ▁of ▁the ▁IRS ▁… ▁yet . 

 TM Z ▁broke ▁the ▁story , ▁the ▁IRS ▁filed ▁a ▁Federal ▁Tax ▁Lien ▁against ▁Jordan ▁recently , ▁claiming ▁the ▁singer ▁still ▁owes ▁$ 6 1 7 , 9 8 7 . 0 6 ▁in ▁back ▁taxes ▁from ▁ 1 9 9 9 - 2 0 0 1 . 

 But ▁it ’ s ▁not ▁so ▁cut ▁and ▁dry . ▁Mon"
he,11236,", ▁June ▁ 1 9 9 9 
 This ▁American ▁Life , ▁# 4 8 5 ▁"" Sur rogates "", ▁Act ▁One : ▁Pet tico ats ▁in ▁a ▁Twist , ▁( January ▁ 2 5 , ▁ 2 0 1 3 ). ▁Sarah ▁Koenig ▁talks ▁with ▁historian ▁Nancy ▁Tom es ▁about ▁the ▁Pet tico at ▁Affair . 

 Category : Political ▁scandals ▁in ▁the ▁United ▁States 
 Category : Political ▁controversies ▁in ▁the ▁United ▁States 
 Category : 1 8 3 1 ▁in ▁the ▁United ▁States 
 Category : John ▁C . ▁Calhoun 
 Category : Pres idency ▁of ▁Andrew ▁Jackson <bos> As ▁Erick ▁noted ▁earlier ▁today , ▁my ▁fellow ▁Texans ▁have ▁a ▁clear , ▁distinct ▁choice ▁as ▁to ▁who ▁will ▁be ▁the ▁Speaker ▁of ▁the ▁Texas"
he,11236,", ▁and ▁will ▁likely ▁be ▁in ▁the ▁running ▁again ▁this ▁year . ▁The ▁fact ▁he ▁shares ▁his ▁# 3 ▁machine ▁with ▁eight - time ▁Le ▁Mans ▁winner ▁and ▁all - round ▁endurance ▁racing ▁god ▁Tom ▁Krist ensen ▁should ▁help . 

 We ’ ve ▁a ▁pair ▁of ▁Frenchmen ▁to ▁tell ▁you ▁about ▁now . ▁First ▁up ▁is ▁Olivier ▁Pan is , ▁who ▁( effectively ) ▁leads ▁the ▁# 1 0 ▁Ore ca ▁car ’ s ▁line - up . ▁The ▁ 1 9 9 6 ▁Monaco ▁Grand ▁Prix ▁winner ▁making ▁his ▁fourth ▁appearance ▁at ▁Le ▁Circuit ▁de ▁Sart he ▁in ▁ 2 0 1 1 ▁and ▁will ▁look ▁to ▁better ▁his ▁best ▁finish ▁of ▁fifth , ▁achieved ▁in ▁ 2 0 0 9 . ▁Jean - Christophe"
he,11236,"▁' This , ▁That ▁and ▁the ▁Other ▁( Anything ▁goes ). ▁Haven ' t ▁had ▁time ▁to ▁craft ▁since ▁Friday ▁as ▁we ▁have ▁been ▁baby ▁sitting ▁but ▁managed ▁to ▁produce ▁this ▁card ▁for ▁the ▁challenge . Stamp ed ▁image ▁is ▁called ▁' Sweet ▁surprise ' ▁and ▁coloured ▁with ▁Cop ics . Backing ▁paper ▁is ▁from ▁my ▁stash ▁but ▁I ▁know ▁the ▁yellow ▁paper ▁is ▁from ▁Paper mania . Sentiment ▁is ▁Personal ▁Impressions ▁stamp ... 

 Sunday , ▁ 1 8 ▁March ▁ 2 0 1 2 

 Firstly ▁Happy ▁Mothers ▁Day ▁to ▁every ▁mum ▁out ▁there ▁in ▁blog land .... I ▁hope ▁you ▁are ▁all ▁being ▁thoroughly ▁spoilt ▁today . 

 This ▁is ▁also ▁my ▁mid ▁month ▁post ▁for ▁St ▁Luk es ▁charity ▁card ▁challenge ▁and ▁our"
he,11236,"▁but ▁it ▁may ▁affect ▁your ▁wife , ▁daughter , ▁or ▁sister ▁in ▁a ▁much ▁more 
 sin ister ▁way . ▁Believe ▁it ▁or ▁not ▁this ▁kind ▁of ▁thing ▁can ▁ruin ▁someone ' s ▁life . 

 [ 0 ] ▁[ http :// www . computer weekly . com / news / 2 2 4 0 2 0 9 0 1 8 / US - teen - 
 hacker ... ]( http :// www . computer weekly . com / news / 2 2 4 0 2 0 9 0 1 8 / US - teen - hacker - 
 ple ads - guilty - to - webcam - black mail ) 

 ~~~ 
 ic eman 9 9 
 I ▁know ▁someone ▁whose ▁camera ▁and ▁microphone ▁were"
he,11236,"▁sewing ▁is ▁the ▁cost ▁of ▁fabric . ▁But ▁even ▁the ▁women ▁I ▁see ▁who ▁buy ▁expensive ▁fabric ▁don ' t ▁spend ▁this ▁much , ▁as ▁far ▁as ▁I ▁can ▁see . 

 Let ' s ▁say ▁the ▁average ▁fancy ▁dress ▁requires ▁five ▁yard ▁of ▁fabric ▁for ▁a ▁full ▁skirt ▁and ▁a ▁yard ▁of ▁fabric ▁for ▁a ▁bodice . ▁That ' s ▁ 6 ▁yards ▁of ▁fashion ▁fabric . ▁Double ▁it ▁for ▁lining ▁to ▁get ▁twelve ▁yards . ▁That ▁would ▁be ▁nearly ▁$ 3 0 ▁a ▁yard , ▁on ▁average , ▁for ▁that ▁fabric . 

 While ▁I ▁have ▁seen ▁sewing ▁bloggers ▁who ▁do ▁spend ▁that ▁kind ▁of ▁money ▁per ▁yard , ▁my ▁sense ▁is ▁that ▁is ▁limited ▁to ▁clothing ▁that ▁requires ▁much ▁less ▁total ▁yard age ▁to"
he,11236,"▁have ▁an ▁entirely ▁different ▁perspective ▁of ▁the ▁memo ▁than ▁the ▁rest ▁of ▁the ▁world . ▁And ▁DDT ▁will ▁be ▁delighted ▁because ▁he ▁gets ▁all ▁his ▁advice ▁from ▁Fox . ▁He ▁told ▁friends ▁that ▁the ▁release ▁of ▁the ▁memo ▁would ▁allow ▁him ▁to ▁argue ▁FBI ▁prejudice ▁against ▁him . ▁Most ▁people , ▁however , ▁as ▁saying , ▁“ That ’ s ▁it ?” ▁The ▁memo . 

 Russia ▁This ▁Week : 

 DDT ▁backed ▁off ▁on ▁his ▁guarantee ▁because ▁lawyers ▁are ▁afraid ▁that ▁he ’ ll ▁lie ▁to ▁them . ▁Seventy - one ▁percent ▁of ▁people ▁in ▁the ▁U . S . ▁agree ▁that ▁he ▁should ▁agree ▁to ▁an ▁interview ▁with ▁Mueller , ▁and ▁ 8 2 ▁percent ▁of ▁them ▁want ▁it ▁under ▁oath — 9 3 ▁percent"
he,11236,"s ▁nudity ▁ban . ▁But ▁the ▁decision ▁didn ’ t ▁deter ▁nu dists ▁from ▁their ▁fight ▁to ▁strip ▁down ▁in ▁The ▁City ▁– ▁they ’ ve ▁filed ▁an ▁amended ▁suit ▁and ▁are ▁staging ▁a ▁protest ▁and ▁‘ body ▁freedom ▁parade ’ ▁this ▁Saturday . 

 The ▁protest ▁is ▁scheduled ▁at ▁noon ▁on ▁July ▁ 2 0 , ▁in ▁front ▁of ▁City ▁Hall . ▁The ▁parade ▁will ▁follow , ▁but ▁there ’ s ▁no ▁word ▁on ▁what ▁route ▁it ▁will ▁take . ▁Under ▁the ▁ban , ▁nu dists ▁face ▁a ▁$ 1 0 0 ▁fine ▁for ▁their ▁first ▁offense , ▁with ▁increases ▁for ▁additional ▁infractions . 

 The ▁amended ▁lawsuit ▁includes ▁five ▁plaintiffs : ▁Russell ▁“ Trey ” ▁Allen , ▁Mitch ▁High tower , ▁George ▁Davis , ▁Russell"
he,11236,"▁the ▁most ▁talented ▁QB ▁versus ▁this ▁year ' s ▁prospects . ▁But ▁the ▁thread ▁topic ▁is ▁a ▁pretty ▁wild ▁assumption . 

 Give ▁him ▁this ▁much ▁credit ▁though ... he ▁had ▁what ▁would ▁normally ▁be ▁considered ▁a ▁good ▁rookie ▁year ▁on ▁a ▁team ▁that ▁wasn ' t ▁built ▁too ▁well . ▁No ▁one ▁thought ▁he ▁was ▁ready ▁to ▁start ▁and ▁he ▁ended ▁up ▁being ▁much ▁better ▁than ▁most ▁expected . ▁He ▁has ▁a ▁lot ▁of ▁things ▁to ▁work ▁on ▁but ▁has ▁shown ▁enough ▁upside ▁and ▁flashes ▁for ▁us ▁to ▁think ▁that ▁he ▁can ▁be ▁a ▁good ▁starter ▁for ▁a ▁long ▁time . 

 Wed ▁Jan ▁ 0 2 , ▁ 2 0 1 3 ▁ 9 : 0 4 ▁am 

 wk lo iber 1 3 

"
he,11236,". 2 d ▁ 4 7 1 ▁( Ala . 1 9 8 6 )."" 
 Alpine ▁Bay ▁Resorts , ▁Inc . ▁v . ▁Wyatt , ▁ 5 3 9 ▁So . 2 d ▁ 1 6 0 , ▁ 1 6 2 - 6 3 ▁( Ala . 1 9 8 8 ). 
 Thus , ▁this ▁Court ▁will ▁reverse ▁the ▁trial ▁court ' s ▁denial ▁of ▁the ▁plaintiffs ' ▁motion ▁for ▁a ▁new ▁trial ▁only ▁if ▁this ▁Court ▁concludes ▁that ▁the ▁verdict ▁was ▁plainly ▁and ▁pal pa bly ▁wrong . ▁Generally , ▁in ▁order ▁to ▁prove ▁liability ▁in ▁a ▁medical - mal practice ▁case , ▁the ▁plaintiff ▁must ▁show ▁( 1 ) ▁the ▁appropriate ▁standard ▁of ▁care ▁for ▁the ▁treatment ▁supplied ▁by ▁the ▁defendant ▁health"
he,11236,"▁postage ▁for ▁your ▁front ▁door ▁steps . ▁So ▁you ▁should ▁be ▁watchful ▁whilst ▁selecting ▁ones ▁Mario ▁B ades cu ▁Coupon ▁Code . ▁Occasionally ▁it ▁will ▁have ▁a ▁need ▁to ▁find ▁generally ▁on ▁internet ▁for ▁you ▁to ▁find ▁your ▁genuine ▁jc penny ▁Mario ▁B ades cu ▁Coupon ▁Code ▁using ▁the ▁accurate ▁code ▁you ▁desire . ▁This ▁will ▁bring ▁days ▁or ▁perhaps ▁weeks ▁trouble ▁with ▁privileged ▁you ' ll ▁receive ▁all ▁of ▁them ▁quickly . ▁It ▁is ▁strongly ▁advised ▁to ▁show ▁some ▁endurance ▁in ▁addition ▁to ▁loose ▁time ▁waiting ▁for ▁few ▁days ▁soon ▁you ▁get ▁the ▁correct ▁code ▁instead ▁of ▁jumping ▁order ▁your ▁accessory ▁inside ▁original ▁amount . ▁This ▁particular ▁in ▁many ▁ways ▁is ▁assisting ▁visitors ▁to ▁spend ▁less ▁lot ▁of ▁money ▁on ▁one ▁side ▁in ▁addition , ▁on"
he,11236,"▁B ades cu ▁Coupon ▁Code ▁then ▁one ▁very ▁sound ▁just ▁one ▁tend ▁to ▁be ▁type ▁Mario ▁B ades cu ▁Coupon ▁Code . ▁All ▁of ▁the ▁products ▁and ▁solutions ▁presented ▁under ▁this ▁particular ▁manufacturer ▁are ▁needed ▁inside ▁a ▁household ▁largely ▁to ▁extend ▁luxury . ▁This ▁is ▁the ▁goal ▁and ▁want ▁of ▁every ▁individual ▁to ▁live ▁on ▁within ▁convenience ▁considering ▁the ▁required ▁gadgets ▁within ▁their ▁spending ▁plan . ▁If ▁you ' re ▁able ▁to ▁obtain ▁these ▁with ▁affordable ▁price , ▁surely ▁you ▁will ▁bounce ▁to ▁post ▁all ▁of ▁them . ▁Mario ▁B ades cu ▁Coupon ▁Code ▁tend ▁to ▁be ▁supporting ▁visitors ▁to ▁grab ▁many ▁this ▁sort ▁of ▁accessories ▁without ▁difficulty . 

 A ▁different ▁useful ▁truth ▁is ▁you ▁are ▁interested ▁to ▁acquire ▁products ▁and ▁solutions ▁creating ▁a ▁brand ▁name"
he,11236,"▁B ades cu ▁Coupon ▁Code ▁then ▁one ▁very ▁sound ▁just ▁one ▁tend ▁to ▁be ▁type ▁Mario ▁B ades cu ▁Coupon ▁Code . ▁All ▁of ▁the ▁products ▁and ▁solutions ▁presented ▁under ▁this ▁particular ▁manufacturer ▁are ▁needed ▁inside ▁a ▁household ▁largely ▁to ▁extend ▁luxury . ▁This ▁is ▁the ▁goal ▁and ▁want ▁of ▁every ▁individual ▁to ▁live ▁on ▁within ▁convenience ▁considering ▁the ▁required ▁gadgets ▁within ▁their ▁spending ▁plan . ▁If ▁you ' re ▁able ▁to ▁obtain ▁these ▁with ▁affordable ▁price , ▁surely ▁you ▁will ▁bounce ▁to ▁post ▁all ▁of ▁them . ▁Mario ▁B ades cu ▁Coupon ▁Code ▁tend ▁to ▁be ▁supporting ▁visitors ▁to ▁grab ▁many ▁this ▁sort ▁of ▁accessories ▁without ▁difficulty . 

 A ▁different ▁useful ▁truth ▁is ▁you ▁are ▁interested ▁to ▁acquire ▁products ▁and ▁solutions ▁creating ▁a ▁brand ▁name"
he,11236,"▁filed ▁a ▁motion ▁to ▁affirm . ▁After ▁reviewing ▁the ▁record , ▁this ▁Court ▁determined ▁that ▁Burton ' s ▁appeal ▁was ▁"" who lly ▁without ▁merit ▁and ▁devoid ▁of ▁any ▁arguably ▁appeal able ▁issue "" ▁and ▁granted ▁the ▁motion ▁to ▁affirm .[ 2 ] 
 5 . ▁On ▁August ▁ 1 6 , ▁ 2 0 0 7 ▁Burton ▁moved ▁pro ▁se ▁for ▁post - conv iction ▁relief , ▁raising ▁multiple ▁claims ▁including ▁ineffective ▁assistance ▁of ▁counsel .[ 3 ] ▁Burton ▁alleged ▁that ▁his ▁trial ▁counsel ▁was ▁incompetent , ▁failed ▁to ▁interview ▁and ▁subpoena ▁key ▁defense ▁witnesses , ▁and ▁did ▁not ▁allow ▁Burton ▁to ▁testify . ▁On ▁September ▁ 4 , ▁ 2 0 0 7 , ▁trial ▁counsel ▁filed ▁a ▁sworn ▁letter ▁memorandum ▁responding ▁to ▁that ▁motion"
he,11236,"▁off ▁a ▁loan ▁or ▁otherwise ▁improve ▁your ▁credit ▁score , ▁you ▁should ▁shop ▁around ▁for ▁car ▁insurance ▁as ▁your ▁premium ▁should ▁change . ▁Just ▁another ▁reason ▁to ▁keep ▁your ▁score ▁up ! 
 You ’ ll ▁notice ▁that ▁none ▁of ▁that ▁liability ▁coverage ▁pays ▁for ▁your ▁car ▁or ▁injuries , ▁nor ▁for ▁any ▁injuries ▁your ▁passengers ▁sustain ▁if ▁you ▁cause ▁a ▁wreck . ▁This ▁is ▁why ▁many ▁people ▁— ▁particularly ▁those ▁whose ▁car ▁isn ’ t ▁yet ▁paid ▁off ▁— ▁want ▁“ full ▁coverage ” ▁car ▁insurance . ▁This ▁isn ’ t ▁actually ▁a ▁type ▁of ▁coverage , ▁but ▁instead ▁typically ▁refers ▁to ▁policies ▁that ▁include ▁liability ▁coverage , ▁plus ▁comprehensive ▁and ▁collision ▁cover ages . 

 Auto ▁Insurance ▁is ▁required ▁by ▁law ▁for ▁drivers ▁in ▁most"
he,11236,"self - representation ▁and ▁failed ▁to ▁cooperate ▁with ▁the ▁trial ▁court ’ s ▁Rule ▁ 1 2 1 

 collo quy . 7 


 ________________ ________________ ____________ 


 7 ▁▁▁ Regarding ▁Appellant ’ s ▁behavior ▁at ▁the ▁collo qu ies , ▁the ▁PC RA ▁court ▁cited 
 Commonwealth ▁v . ▁Bast one , ▁ 4 6 7 ▁A . 2 d ▁ 1 3 3 9 ▁( Pa . ▁Super . ▁ 1 9 8 3 ), ▁in ▁which ▁the 
 defendant ▁was ▁unre presented ▁by ▁counsel ▁at ▁his ▁preliminary ▁hearing . ▁This 
 Court ▁considered ▁former ▁Rule ▁ 3 1 8 ( b ), ▁which ▁required ▁a ▁knowing , ▁intelligent , 
 and ▁voluntary ▁waiver ▁before ▁a ▁defendant ▁proceed ▁without ▁counsel ▁at ▁a 
 pre liminary"
he,11236,"▁more ▁austerity ▁measures ▁this ▁year . ▁The ▁kingdom ▁will ▁scrap ▁projects ▁worth ▁more ▁than ▁$ 2 0 ▁billion ▁as ▁it ▁comes ▁to ▁terms ▁with ▁cheaper ▁oil . 

 According ▁to ▁the ▁Saudi ▁government ’ s ▁bond ▁prospectus ▁obtained ▁by ▁Bloomberg , ▁capital ▁expenditure ▁is ▁expected ▁to ▁fall ▁to ▁$ 2 0 . 6 ▁billion ▁( 7 5 . 8 ▁billion ▁ri y als ) ▁this ▁year ▁compared ▁with ▁$ 7 0 . 2 ▁billion ▁( 2 6 3 . 7 ▁billion ▁ri y als ) ▁in ▁ 2 0 1 5 . ▁Two ▁years ▁ago , ▁the ▁country ’ s ▁capital ▁spending ▁was ▁$ 9 8 . 6 ▁billion ▁( 3 7 0 ▁billion ▁ri y als ). 

 Saudi ▁Arabia ▁is ▁in ▁serious ▁trouble ▁if ▁it"
he,11236,"▁version ▁A ▁Racing ▁Game ▁that ▁Builds ▁Up ▁on ▁Its ▁Highly ▁Acc la imed ▁Past ▁F 1 ▁ 2 0 1 8 ▁is ▁a ▁racing ▁game ▁that ▁would . 

 Our ▁web ▁site ▁is ▁using ▁cookies . 

 Formula ▁ 1 ▁is ▁no ▁exception ▁Get ▁ready ▁to ▁jump ▁behind ▁the ▁wheel ▁of ▁a ▁high ▁speed ▁Formula ▁ 1 ▁racer ▁Psy gnosis ▁packs ▁in ▁all ▁of ▁the ▁excitement ▁of ▁real ▁Formula ▁ 1 ▁racing ▁A ▁game ▁by ▁Psy gnosis . 

 Im ▁playing ▁Grand ▁Prix ▁ 2 0 1 2 ▁these ▁days ▁but ▁this ▁one ▁still ▁has ▁touches ▁of ▁class . 

 F 1 ▁ 2 0 1 8 ▁FREE ▁Download ▁PC ▁Game ▁Download ▁F 1 ▁ 2 0 1 8 ▁For ▁Free ▁on ▁PC ▁Simple ▁and ▁Easy ▁F"
he,11236,"▁ 6 , ▁ 1 9 9 8 . 

 ▁▁▁▁▁▁▁▁▁▁▁▁▁▁▁▁▁▁▁▁▁▁▁▁▁▁▁▁▁▁▁ ▁▁▁▁▁▁▁▁▁ STANDARD ▁OF ▁REVIEW 

 ¶ 6 . ▁This ▁Court ▁conducts ▁a ▁"" de ▁novo ▁review ▁of ▁questions ▁of ▁law ."" ▁Weeks ▁v . ▁Thomas , ▁ 6 6 2 ▁So . 2 d ▁ 5 8 1 , ▁ 5 8 3 
 ( Miss . ▁ 1 9 9 5 ). ▁A ▁motion ▁to ▁dismiss ▁under ▁MR CP ▁ 1 2 ( b )( 6 ) ▁"" tests ▁the ▁legal ▁sufficiency ▁of ▁the ▁complaint ."" ▁This 
 Court ▁has ▁held ▁that ▁"" to ▁grant ▁this ▁motion ▁there ▁must ▁appear ▁to ▁a ▁certainty ▁that ▁the ▁plaintiff ▁is ▁entitled ▁to ▁no 
  relief ▁under ▁any ▁set ▁of ▁facts ▁that ▁could ▁be ▁proved ▁in ▁support ▁of"
he,11236,"▁a ▁solid ▁impression . ▁After ▁being ▁waived ▁by ▁the ▁Kings , ▁the ▁ 2 6 - year ▁old ▁center ▁spent ▁last ▁season ▁playing ▁for ▁Tianjin ▁Rong gang ▁Golden ▁Lions ▁of ▁the ▁Chinese ▁Basketball ▁Association . 

 Jones ▁played ▁in ▁ 6 3 ▁games ▁last ▁season ▁with ▁the ▁Orlando ▁Magic , ▁including ▁ 1 7 ▁starts . ▁He ▁averaged ▁ 3 . 7 ▁points ▁per ▁game ▁in ▁a ▁little ▁under ▁ 1 3 ▁minutes ▁a ▁game . 

 Last ▁season ▁it ▁was ▁high ▁ropes ▁courses ▁in ▁Colorado ▁Springs , ▁Co . ▁This ▁year , ▁the ▁Sacramento ▁Kings ▁open ▁training ▁camp ▁away ▁from ▁home ▁again , ▁but ▁instead ▁of ▁the ▁Team ▁USA ▁practice ▁facility ▁in ▁Colorado , ▁it ▁will ▁be ▁on ▁the ▁sandy ▁beaches ▁of ▁Santa ▁Barbara , ▁CA"
he,11236,". 

 Former ▁Houston ▁District ▁Attorney 

 "" The ▁very ▁next ▁time ▁I ▁see ▁you , ▁I ▁want ▁to ▁kiss ▁you ▁behind ▁your ▁right ▁ear ."" ▁One ▁of ▁the ▁few ▁printable ▁e - mails ▁from ▁former ▁Houston ▁District ▁Attorney ▁Chuck ▁Rosenthal , ▁who ▁resigned ▁this ▁year ▁after ▁this ▁e - mail ▁to ▁his ▁secretary ▁and ▁hundreds ▁of ▁others ▁emerged ▁in ▁an ▁unrelated ▁civil ▁rights ▁suit . 

 Former ▁Detroit ▁Mayor 

 "" Never ▁busted . ▁Bus ted ▁is ▁what ▁you ▁see ! ▁LOL ."" ▁Detroit ▁Mayor ▁Kw ame ▁Kil patrick ▁was ▁confident ▁his ▁affair ▁with ▁a ▁city ▁official ▁was ▁secret ▁when ▁he ▁sent ▁this ▁text ▁message . ▁He ▁was ▁later ▁indicted ▁for ▁denying ▁the ▁affair ▁under ▁oath . 

 I ▁am ▁a ▁senior ▁editor ▁at ▁Forbes ,"
he,11236,"
 // ▁▁▁▁▁▁▁▁▁▁▁▁▁▁▁▁▁▁▁▁▁ -- ▁This ▁one 
 // ▁▁▁▁▁▁▁▁▁▁▁▁▁▁▁▁▁▁▁▁▁ v 
 play Button Up . getWidth ()) ▁&& 

 matches ▁the ▁( ▁starting ▁the ▁if ▁condition , ▁meaning ▁the ▁&& ▁after ▁it ▁is ▁not ▁part ▁of ▁the ▁condition . ▁▁ Remove ▁that ▁extra ▁). 
 Here ' s ▁a ▁parentheses ▁analysis : 
 if ▁( X ▁> ▁( screen W - play Button Up . getWidth ()) / 2 ▁&& ▁▁▁ // ▁( ▁= ▁ 3 , ▁) ▁= ▁ 2 ; ▁Nested ▁level : ▁ 1 
 ▁▁▁▁ X ▁< ▁(( screen W - play Button Up . getWidth ()) / 2 ) ▁+ ▁▁ // ▁( ▁= ▁ 3 , ▁) ▁= ▁ 3 ; ▁Nested ▁level : ▁ 1 
 ▁▁▁▁▁▁▁▁▁▁▁▁▁▁ play Button Up"
he,11236,"▁ 9 9 % ▁of ▁fans ▁in ▁attendance ▁were ▁in ▁uproar ▁after ▁a ▁fan ▁suggested ▁owls ▁fans ▁prefer ▁to ▁listen ▁to ▁the ▁radio ▁because ▁we ▁want ▁to ▁hear ▁the ▁games ▁of ▁the ▁pigs , mini ▁pigs ▁and ▁ding les ▁as ▁well ▁as ▁our ▁updates . ▁) 
 As ▁as ▁they ▁admitted ▁last ▁night ▁nobody ▁wants ▁to ▁pay ▁for ▁something ▁that ▁was ▁once ▁free ▁however ▁they ▁will ▁be ▁able ▁to ▁offer ▁a ▁better ▁product ▁to ▁fans ▁this ▁way . ▁One ▁that ▁is ▁uninterrupted ▁by ▁rivals . ▁A ▁good ▁point ▁that ▁I ▁hadn ’ t ▁given ▁much ▁thought ▁before ▁last ▁night ▁was ▁that ▁old ▁fans ▁who ▁can ▁no ▁longer ▁attend ▁games ▁will ▁now ▁be ▁able ▁to ▁listen ▁to ▁all ▁Wednesday ▁games ▁instead ▁of ▁just ▁some ▁away ▁games . 
"
he,11236,"Network ▁world ▁news ▁programs 
 The ▁Big ▁Three ▁broadcast ▁television ▁networks ▁produce ▁morning ▁and ▁evening ▁national ▁news casts . ▁These ▁news casts ▁are ▁focused ▁on ▁world ▁news , ▁national ▁news , ▁and ▁sometimes ▁local ▁news ▁items ▁that ▁have ▁some ▁national ▁significance . ▁( America ▁This ▁Morning , ▁Good ▁Morning ▁America , ▁and ▁ABC ▁World ▁News ▁are ▁broadcast ▁by ▁ABC , ▁CBS ▁broadcasts ▁the ▁CBS ▁Morning ▁News , ▁CBS ▁This ▁Morning , ▁and ▁the ▁CBS ▁Evening ▁News , ▁and ▁NBC ▁produces ▁Early ▁Today , ▁Today , ▁and ▁NBC ▁Night ly ▁News ) ▁as ▁well ▁as ▁weekly ▁news magazine ▁series ▁( NBC ' s ▁Dat eline ; ▁ABC ' s ▁ 2 0 / 2 0 ▁and ▁Night line ; ▁and ▁CBS ' s ▁CBS ▁News ▁Sunday ▁Morning ,"
he,11236,"▁after ▁he ▁allegedly ▁sent ▁his ▁girlfriend ' s ▁father ▁to ▁the ▁hospital . ▁Yet ▁when ▁asked ▁before ▁the ▁game ▁if ▁he ▁would ▁have ▁any ▁hesitation ▁using ▁Rodriguez ▁if ▁the ▁closer ▁showed ▁up ▁at ▁the ▁ballpark ▁free ▁of ▁handcuffs , ▁Manuel ▁said , ▁"" None ."" 

 Good ▁heavens . ▁Of ▁all ▁the ▁surreal ▁quotes ▁Manuel ▁has ▁delivered ▁into ▁a ▁live ▁mike ▁during ▁his ▁term , ▁this ▁one ▁syllable ▁trump ed ▁them ▁all . 

 Nope , ▁not ▁a ▁single ▁milli second ▁of ▁pause ▁to ▁hand ▁the ▁ball ▁to ▁a ▁pitcher ▁who ▁had ▁embarrassed ▁the ▁franchise , ▁who ▁had ▁exhibited ▁anger - management ▁issues ▁in ▁the ▁past , ▁and ▁who ▁had ▁spent ▁the ▁night ▁in ▁a ▁pen ▁that ▁doesn ' t ▁swing ▁open ▁when ▁a ▁baseball ▁manager ▁calls"
he,11236,"7 , ▁ 1 9 8 6 . 
 * 1 0 3 6 ▁Howard ▁J . ▁Man chel , ▁Atlanta , ▁Ga ., ▁for ▁appellant . 
 Mary ▁Beth ▁Westmoreland , ▁Asst . ▁Atty . ▁Gen ., ▁Atlanta , ▁Ga ., ▁for ▁respondent . 

 ORDER 
 ROBERT ▁H . ▁HALL , ▁District ▁Judge . 
 James ▁Messer , ▁Jr ., ▁who ▁is ▁scheduled ▁to ▁be ▁executed ▁before ▁July ▁ 9 , ▁ 1 9 8 6 , ▁petitions ▁this ▁court ▁for ▁a ▁writ ▁of ▁Habe as ▁Corpus , ▁pursuant ▁to ▁ 2 8 ▁U . S . C . ▁§ ▁ 2 2 5 4 . ▁This ▁court ▁has ▁stayed ▁petitioner ' s ▁execution ▁pending ▁a ▁full ▁review ▁of ▁the ▁issues ▁raised ▁by ▁the ▁petition"
he,11236,"' s ▁big ▁brother ▁Wilbur ▁"" Wil by "" ▁is ▁smart , ▁shy ▁and ▁a ▁promising ▁inventor , ▁but ▁hopelessly ▁clumsy ▁when ▁it ▁comes ▁to ▁girls , ▁and ▁is ▁jealous ▁of ▁his ▁slick ▁mate ▁Trey ▁who ▁has ▁no ▁problems . ▁Des perate ▁Wil by ▁cast ▁a ▁spell ▁on ▁himself ▁( he ▁accidentally ▁got ▁from ▁dad ' s ▁museum ▁of ▁curio sities ), ▁which ▁magically ▁transform ▁him ▁into ▁Bund les ▁the ▁Big ▁Sha ggy ▁Dog . ▁back ▁and ▁forward ▁transformation ▁at ▁uncontrollable ▁times . ▁This ▁is ▁how ▁he ▁also ▁knows ▁that ▁the ▁diamond ▁on ▁loan ▁in ▁his ▁father ' s ▁museum ▁is ▁Charlie ' s ▁next ▁target , ▁but ▁who ▁would ▁believe ▁his ▁story ? 

 Cast 
 Scott ▁We inger ▁as ▁Wilbur ▁"" Wil by "" ▁Daniels"
he,11236,"▁that ▁party ▁will ▁bear ▁the ▁burden ▁of ▁proof ▁at ▁trial ."" ▁Cel otex ▁Corp . ▁v . ▁Cat rett , ▁ 4 7 7 ▁U . S . ▁ 3 1 7 , ▁ 3 2 2 , ▁ 1 0 6 ▁S . Ct . ▁ 2 5 4 8 , ▁ 2 5 5 2 , ▁ 9 1 ▁L . Ed . 2 d ▁ 2 6 5 ▁( 1 9 8 6 ). ▁In ▁considering ▁a ▁motion ▁for ▁summary ▁judgment , ▁this ▁Court ▁must ▁examine ▁the ▁facts ▁in ▁a ▁light ▁most ▁favorable ▁to ▁the ▁party ▁opposing ▁the ▁motion . ▁Big ▁Apple ▁BMW , ▁Inc . ▁v . ▁BMW ▁of ▁North ▁America , ▁Inc ., ▁ 9 7 4 ▁F . 2 d ▁"
he,11236,"▁chapters ▁in ▁Fall ▁River ▁or ▁Palm ▁Beach ▁when ▁he ▁was ▁the ▁bishop ▁there . ▁A ▁portion ▁of ▁yesterday ' s ▁meeting ▁involved ▁Voice ▁of ▁the ▁Faithful ▁members ▁explaining ▁how ▁their ▁group ▁came ▁about , ▁and ▁about ▁its ▁goals , ▁which ▁include ▁supporting ▁victims ▁and ▁"" pri ests ▁of ▁integrity "" ▁and ▁helping ▁to ▁shape ▁structural ▁change ▁in ▁the ▁church . <bos> Related ▁Tags : 

 PHIL ADELPHIA ▁( CBS ) ▁– ▁Been ▁to ▁a ▁high ▁school ▁graduation ▁party ▁this ▁year ? ▁How ▁about ▁eighth ▁grade ? ▁Or ▁fifth ▁grade ? ▁There ’ s ▁more ▁business ▁for ▁party ▁retailers , ▁as ▁younger ▁and ▁younger ▁grads ▁celebrate . 

 It ’ s ▁graduation ▁season , ▁and ▁that ▁means ▁Tina ▁Maz zone , ▁manager ▁of ▁West mont ▁Party ▁supply ▁in"
he,11236,"▁Mesa ▁View ▁didn ' t ▁field ▁a ▁team ▁this ▁year . 

 Greg ▁Fuller ▁said ▁he ▁and ▁his ▁wife , ▁a ▁nurse ▁at ▁Chin le ' s ▁I HS ▁hospital , ▁were ▁somewhat ▁at ▁a ▁loss ▁helping ▁their ▁preco cious ▁daughter ▁study ▁for ▁the ▁bee . 

 "" We ▁couldn ' t ▁find ▁anyone ▁who ▁had ▁entered ▁a ▁home - sch ooled ▁child ▁in ▁the ▁spelling ▁bee ,"" ▁said ▁Greg ▁Fuller , ▁a ▁stay - at - home ▁dad . ▁"" We ▁just ▁tried ▁whatever ▁we ▁could ."" 

 Fortunately ▁again , ▁the ▁Full ers ▁are ▁close ▁neighbors ▁to ▁Samuel ▁Yea ger , ▁last ▁year ' s ▁Navajo ▁Nation ▁winner , ▁and ▁he ▁offered ▁materials ▁and ▁advice . 

 Cameron , ▁ 1 2 , ▁did ▁not"
he,11236,"▁they ▁lost ▁it ."" 

 adverti sements 

 She ▁did ▁say ▁the ▁kids ▁had ▁good ▁luck ▁with ▁words ▁— ▁a ▁lot ▁of ▁the ▁words ▁used ▁in ▁Wednesday ' s ▁bee ▁had ▁come ▁up ▁at ▁the ▁school ' s ▁spelling ▁bee ▁as ▁well . 

 The ▁bee ▁also ▁featured ▁Chin le ▁Agency ' s ▁first ▁home - sch ooled ▁winner , ▁Fuller , ▁who ▁was ▁a ▁force ▁to ▁be ▁reckoned ▁with ▁last ▁year , ▁when ▁she ▁represented ▁Mesa ▁View ▁Elementary ▁and ▁won ▁the ▁lower - grades ▁round ▁of ▁the ▁Navajo ▁Nation ▁bee . 

 It ▁was ▁fortunate ▁her ▁parents , ▁Greg ▁and ▁Regina ▁Fuller , ▁had ▁pulled ▁her ▁out ▁to ▁home - school ▁her ▁this ▁year , ▁or ▁she ▁wouldn ' t ▁have ▁been ▁able ▁to ▁compete ;"
he,11236,"▁both ▁the ▁ 2 5 - 5 4 ▁and ▁ 1 8 - 4 9 ▁demos ▁which ▁NBC ▁says ▁is ▁the ▁show ’ s ▁biggest ▁ratings ▁up tick ▁since ▁’ 9 7 . 

 For ▁the ▁week , ▁GMA ▁clocked ▁ 5 . 6 1 7 ▁million ▁viewers ▁— ▁ 2 . 2 1 2 ▁million ▁in ▁the ▁demo . ▁Today ▁logged ▁ 4 . 8 5 6 ▁million ▁viewers ▁— ▁ 1 . 9 3 3 ▁million ▁in ▁the ▁demo . ▁GMA ▁bes ted ▁CBS ▁This ▁Morning ‘ s ▁ 3 . 0 4 1 ▁million ▁viewers ▁— ▁ 9 5 6 , 0 0 0 ▁in ▁the ▁news ▁demo . 

 8 ▁Comments 

 now ▁if ▁they ▁would ▁only ▁get ▁rid ▁of ▁R oker ▁and"
he,11236,"▁by ▁Paul ▁Clement , ▁former ▁Solicitor ▁General ▁and ▁a ▁current ▁partner ▁in ▁the ▁DC ▁law ▁firm ▁of ▁King ▁& ▁Spalding . 

 Aller gan ’ s ▁suit ▁was ▁filed ▁with ▁respect ▁to ▁the ▁FDA ’ s ▁REM S ▁program ▁for ▁bot ulin um ▁toxin ▁products . ▁The ▁program ▁was ▁instituted ▁this ▁year ▁because ▁of ▁post marketing ▁reports ▁of ▁toxin ▁spread ▁after ▁injections ▁for ▁off - label ▁conditions — namely , ▁sp asticity ▁in ▁children ▁with ▁cerebral ▁palsy ▁and ▁arm ▁sp asticity ▁in ▁adults . ▁In ▁the ▁program , ▁the ▁FDA ▁requires ▁manufacturers ▁to ▁create ▁a ▁“ communication ▁plan ” ▁that ▁provides ▁information ▁to ▁physicians ▁about ▁the ▁risk ▁of ▁the ▁distant ▁spread ▁of ▁bot ulin um ▁toxin ▁after ▁local ▁injection . 

 But ▁Aller gan ▁argues ▁that ▁the"
he,11236,"and ▁the ▁swell ▁on ▁the ▁surface ▁made ▁it ▁difficult ▁to ▁get ▁back ▁onto ▁the ▁boat . 

 2 1 : 5 6 ▁- ▁We ' re ▁anchored ▁at ▁Lilly ▁Bank ▁now , ▁in ▁calm ▁water ▁for ▁the ▁night . ▁In ▁the 
 morning ▁we ▁return ▁to ▁Mount ▁Mok karan , ▁the ▁site ▁of ▁our ▁first ▁hammer head ▁sighting . 
 All ▁of ▁us ▁are ▁praying ▁for ▁a ▁large ▁tiger ▁shark . ▁:) 

 BA HAM AS ▁SH ARK ▁TRIP , ▁FEB ▁ 2 5 : ▁MOUNT ▁O LY MP US 

 1 7 : 1 4 ▁- ▁Mount ▁Mok arran ▁was ▁too ▁rough ▁this ▁morning , ▁so ▁we ▁ended ▁up ▁anchoring ▁at 
 Mount ▁Olympus , ▁a ▁gorgeous ▁reef , ▁by ▁Ba ham ian ▁standards . ▁It"
he,11236,"’ re ▁names ▁you ’ d ▁forgotten , ▁careers ▁you ▁thought ▁had ▁ended ▁but ▁continue ▁in ▁the ▁sports car ▁world . 

 Add ▁to ▁that ▁list ▁a ▁pair ▁of ▁grand ▁prix ▁winners , ▁a ▁Champ ▁Car ▁title - winner ▁turned ▁F 1 ▁flop ▁and ▁BBC ▁Radio ▁ 5 Live ’ s ▁diminutive ▁driver - cum - comment ator ▁and ▁you ’ ve ▁got ▁a ▁pretty ▁interesting ▁list ▁of ▁former ▁F 1 ▁men ▁on ▁the ▁entry ▁list ▁for ▁this ▁year ’ s ▁enduro ▁classic , ▁and ▁here ▁we ’ re ▁naming ▁the ▁whole ▁bunch . 

 The ▁# 7 ▁Peugeot ▁– ▁probably ▁the ▁favourite ▁to ▁claim ▁outright ▁victory ▁– ▁is ▁made ▁up ▁entirely ▁of ▁former ▁F 1 ▁drivers , ▁so ▁what ▁better ▁place ▁to ▁start ▁than ▁with ▁the"
he,11236,"▁Leon ’ s ▁grief . ▁If ▁the ▁player ▁empathi zes ▁with ▁Leon ▁( hopefully ▁they ▁do ▁if ▁they ’ ve ▁gotten ▁this ▁far ▁in ▁the ▁game ), ▁when ▁Leon ▁cries ▁out ▁in ▁agony ▁over ▁the ▁death ▁of ▁his ▁friend , ▁the ▁player , ▁too , ▁is ▁motivated ▁seek ▁justice ▁for ▁a ▁lost ▁friend . ▁This ▁is ▁the ▁opposite ▁of ▁Link ’ s ▁silence ▁that ▁I ▁discussed ▁in ▁my ▁last ▁article . ▁Unlike ▁Link , ▁who ▁leaves ▁you ▁to ▁form ▁your ▁experience ▁for ▁yourself , ▁Leon ▁hands ▁you ▁his ▁grief , ▁and ▁in ▁this ▁way ▁motivates ▁you ▁to ▁action . ▁This ▁is ▁good ▁storytelling . ▁Clearly ▁Resident ▁Evil ▁ 4 ▁has ▁nailed ▁the ▁motivational ▁aspect ▁of ▁making ▁a ▁powerful ▁narrative ▁in ▁a ▁game . ▁But ▁at ▁this ▁point"
he,11236,"▁making ▁better / faster / che aper ▁antibody ▁drugs . ▁Alder ▁is ▁now ▁gathering ▁the ▁kind ▁of ▁data ▁from ▁clinical ▁trials ▁that ▁it ▁believes ▁it ▁will ▁need ▁to ▁satisfy ▁not ▁just ▁the ▁FDA , ▁but ▁payers ▁who ▁will ▁want ▁to ▁know ▁they ’ re ▁getting ▁a ▁good ▁value . 

 — Al ▁Lud erer , ▁CEO , ▁Seattle - based ▁Integrated ▁Diagnostics . ▁This ▁company , ▁a ▁spin off ▁from ▁Lee ▁Hood ’ s ▁group ▁at ▁the ▁Institute ▁for ▁Systems ▁Biology , ▁is ▁preparing ▁to ▁release ▁its ▁first ▁commercial ▁product ▁this ▁spring . ▁It ’ s ▁a ▁blood - based ▁test ▁that ’ s ▁supposed ▁to ▁be ▁able ▁to ▁give ▁doctors ▁a ▁clear ▁early ▁warning ▁sign ▁of ▁lung ▁cancer ▁on ▁the ▁move . ▁In Di ▁will ▁surely"
he,11236,"▁ 4 - star ▁recruit ▁from ▁War minster , ▁Pennsylvania . ▁He ’ s ▁billed ▁as ▁the ▁sixth - best ▁tight ▁end ▁in ▁the ▁nation ▁and ▁brings ▁great ▁size ▁to ▁the ▁position ▁at ▁ 6 - foot - 6 , ▁ 2 3 5 ▁pounds . 

 The ▁Gators ▁lost ▁tight ▁ends ▁Kal if ▁Jackson ▁and ▁ 2 0 1 7 ▁starter ▁De Andre ▁Go ols by ▁this ▁offseason , ▁so ▁Pitts ▁adds ▁another ▁body ▁to ▁the ▁mix . ▁But ▁with ▁veterans ▁C ’ yon tai ▁Lewis ▁and ▁Moral ▁Stephens ▁returning ▁along ▁with ▁Kem ore ▁Gamble , ▁who ▁was ▁rated ▁the ▁seventh - best ▁tight ▁end ▁in ▁the ▁nation ▁in ▁the ▁ 2 0 1 7 ▁class , ▁Pitts ▁could ▁find ▁the ▁field ▁later ▁on ▁in ▁his"
he,11236,"▁also ▁the ▁best , ▁easiest ▁way ▁to ▁cook ▁with ▁the ▁power ▁of ▁a ▁commercial ▁convection ▁oven ▁at ▁home , ▁producing ▁the ▁cris pi est ▁roasted ▁vegetables , ▁perfectly - cooked ▁chicken ▁with ▁crunchy ▁skin , ▁and , ▁yes , ▁the ▁most ▁delicious ▁french ▁fries ▁you ’ ll ▁ever ▁make ▁without ▁digging ▁out ▁a ▁deep ▁fryer . 

 With ▁more ▁than ▁ 3 0 0 ▁delicious , ▁un pret entious , ▁and ▁totally ▁custom isable ▁recipes ▁for ▁everything ▁from ▁entire ▁meals ▁cooked ▁inside ▁the ▁air ▁fryer ▁to ▁party ▁snacks , ▁healthy ▁sides , ▁and ▁delicious ▁desserts , ▁this ▁book ▁will ▁be ▁the ▁go - to ▁resource ▁for ▁this ▁year ’ s ▁hottest ▁home ▁cooking ▁appliance . <bos> Home ▁> ▁US ▁ 1 0 - year ▁Treasury ▁yields ▁are"
he,11236,"▁also ▁want ▁to ▁look ▁at ▁this ▁Py Con ▁talk ▁by ▁Raymond ▁Het tinger , ▁where ▁he ▁goes ▁into ▁the ▁backstory ▁of ▁@ dataclass ▁and ▁it ' s ▁use . 

 A : 

 The ▁short ▁answer ▁is ▁that ▁this ▁is ▁all ▁covered ▁by ▁PEP ▁ 5 5 7 . ▁▁ Taking ▁your ▁questions ▁slightly ▁out ▁of ▁order ... 
 Why ? 

 To ▁leverage ▁PEP ▁ 5 2 6 ▁to ▁provide ▁a ▁simple ▁way ▁to ▁define ▁such ▁classes . 
 To ▁support ▁static ▁type ▁checkers . 

 How ▁to ▁pick ▁when ▁to ▁use ▁them ? 
 The ▁PEP ▁is ▁quite ▁clear ▁that ▁they ▁are ▁not ▁a ▁replacement ▁and ▁expect ▁the ▁other ▁solutions ▁to ▁have ▁their ▁own ▁place . ▁▁ 
 Like ▁any ▁other ▁design ▁decision , ▁you"
he,11236,"▁to ▁create ▁"" multiple ▁image ▁composites "" ▁of ▁the ▁stark , ▁often ▁sculptural ▁terrain . ▁The ▁manipulative ▁process ▁is ▁evident ▁not ▁just ▁in ▁the ▁strangely ▁colored ▁skies , ▁but ▁also ▁in ▁subtle ▁nuances ▁that ▁reveal ▁themselves ▁on ▁closer ▁inspection . 

 In ▁a ▁few ▁of ▁the ▁works , ▁the ▁presence ▁of ▁human ▁culture ▁can ▁be ▁barely ▁detected ▁— ▁a ▁low ▁fence ▁winding ▁through ▁a ▁desolate ▁hill top , ▁for ▁example , ▁in ▁"" L aki ▁Ridge ,"" ▁a ▁work ▁that ▁jol ts ▁with ▁its ▁avocado ▁green ▁sky . 

 Another ▁such ▁jolt ▁is ▁delivered ▁by ▁"" Black ▁Lake , ▁Orange ▁Sky / Kle if ar vat n ."" ▁This ▁ 4 0 - by - 4 0 - inch ▁print ▁is ▁ 9 5 ▁percent ▁sky ;"
he,11236,", ▁March ▁ 2 4 , ▁or ▁this ▁Sunday , ▁March ▁ 2 5 ▁by ▁calling ▁( 6 0 9 ) ▁ 4 9 7 - 1 7 7 7 . 

 Ra oul ▁Momo , ▁co - owner ▁Terra ▁Momo ▁Restaurant ▁Group , ▁said ▁that ▁it ▁is ▁crucial ▁that ▁schools ▁find ▁new ▁ways ▁of ▁raising ▁money ▁to ▁ensure ▁a ▁high ▁standard ▁of ▁education ▁for ▁all ▁students ▁in ▁Princeton . 

 “ With ▁all ▁the ▁challenges ▁at ▁the ▁state ▁level ▁with ▁school ▁finances , ▁it ▁is ▁important ▁to ▁look ▁to ▁develop ▁local ▁partnerships ▁with ▁businesses ▁like ▁Eno ▁Terra ,” ▁he ▁said . ▁“ In ▁the ▁end , ▁our ▁children ▁are ▁our ▁most ▁important ▁investment .” <bos> Yves ▁Ni aré 

 Yves ▁Ni aré ▁( 2 0 ▁July"
he,11236,"▁the ▁pretrial ▁order ▁and ▁by ▁failing ▁to ▁raise ▁the ▁issue ▁until ▁after ▁the ▁entry ▁of ▁judgment , ▁the ▁court ▁denies ▁plaintiffs ' ▁motion ▁to ▁alter ▁or ▁amend ▁the ▁judgment ▁to ▁the ▁extent ▁plaintiffs ▁seek ▁to ▁enforce ▁the ▁rate ▁established ▁in ▁the ▁purchase ▁agreement . 

 A . ▁Whether ▁Section ▁ 1 9 6 1 ▁Super sedes ▁the ▁Contract ually ▁Agreed ▁Rate 
 Def endants ▁contend ▁that ▁ 2 8 ▁U . S . C . ▁§ ▁ 1 9 6 1 , ▁the ▁federal ▁statute ▁governing ▁post - judgment ▁interest , ▁must ▁govern ▁the ▁award ▁of ▁post - judgment ▁interest ▁in ▁this ▁case ▁despite ▁the ▁parties ' ▁contractual ▁agreement ▁for ▁a ▁different ▁rate . ▁Section ▁ 1 9 6 1 ▁states , ▁in ▁relevant ▁part , ▁that"
he,11236,"▁to ▁use ▁the ▁draft ▁to ▁select ▁a ▁running ▁back , ▁probably ▁within ▁the ▁first ▁three ▁rounds . ▁Maybe ▁even ▁in ▁the ▁first ▁round . 

 They ▁wanted ▁to ▁add ▁a ▁safety ▁to ▁compete ▁with ▁Rahim ▁Moore , ▁Mike ▁Adams ▁and ▁Qu inton ▁Carter . ▁Maybe ▁later . 

 They ▁will ▁have ▁to ▁pick ▁up ▁a ▁No . ▁ 3 ▁and ▁No . ▁ 4 ▁quarterback ▁by ▁training ▁camp . ▁This ▁team ▁is ▁solid ▁at ▁the ▁first ▁two ▁spots ▁with ▁Peyton ▁Manning , ▁who ▁will ▁turn ▁ 3 7 ▁in ▁ 1 0 ▁days , ▁and ▁Brock ▁Os weiler , ▁who ▁is ▁barely ▁ 2 2 . 

 Otherwise , ▁the ▁Broncos ▁want ▁to ▁make ▁sure ▁they ▁are ▁not ▁left ▁with ▁a ▁gaping ▁hole ▁opposite ▁Von ▁Miller ▁at"
he,11236,"▁Judge ▁Ha ight ▁noted ▁that ▁the ▁case ▁was ▁at ▁the ▁early ▁stage ▁of ▁litigation ▁and ▁that ▁the ▁federal ▁Defendants ▁had ▁not ▁demonstrated ▁that ▁any ▁prejudice ▁would ▁result ▁from ▁allowing ▁the ▁plaintiffs ▁to ▁amend ▁their ▁complaint . ▁Id . ▁at ▁ 5 2 5 . 
 In ▁this ▁case , ▁the ▁federal ▁Defendants ▁have ▁not ▁established ▁that ▁any ▁specific ▁prejudice ▁would ▁result ▁from ▁allowing ▁the ▁Plaintiffs ▁to ▁amend ▁their ▁complaint ▁at ▁this ▁late ▁date . ▁The ▁federal ▁Defendants ▁do ▁allege ▁that ▁"" vol uminous "" ▁discovery ▁has ▁occurred ▁in ▁this ▁case , ▁although ▁they ▁do ▁not ▁allege ▁how ▁a ▁technical ▁amendment ▁to ▁the ▁Plaintiffs ' ▁complaint ▁would ▁affect ▁whatever ▁discovery ▁has ▁already ▁occurred ▁in ▁this ▁case . ▁The ▁Court ▁simply ▁can ▁not ▁infer ▁that ▁prejudice ▁would ▁result ▁from"
he,11236,"▁matter ▁what ▁make ▁or ▁model ▁you ▁may ▁prefer , ▁there ▁is ▁no ▁disput ing ▁the ▁visual ▁impact ▁of ▁the ▁ 4 2 6 ▁Street ▁Hem i ▁engine . ▁With ▁the ▁massive ▁valve ▁covers ▁and ▁the ▁huge ▁dual ▁quad ▁carbs , ▁it ▁certainly ▁takes ▁top ▁honors ▁when ▁it ▁comes ▁to ▁intimidation . ▁To ▁add ▁the ▁outrageous ▁FC 7 ▁in ▁Violet , ▁( aka ▁Plum ▁Crazy ) ▁paint ▁to ▁the ▁mix ▁is ▁to ▁take ▁things ▁a ▁step ▁beyond . 

 This ▁ 1 9 7 1 ▁Hem i ▁' C uda ▁exemplifies ▁what ▁M opar ▁Performance ▁was ▁all ▁about ▁in ▁the ▁final ▁years ▁of ▁the ▁original ▁Muscle ▁Car ▁era . ▁With ▁a ▁mere ▁ 1 0 7 ▁leaving ▁the ▁Ham tram ck , ▁Michigan ▁assembly ▁plant ▁with ▁the ▁Hem"
he,11236,"▁he ▁wanted 
 ▁▁▁▁▁▁ to ▁represent ▁himself , ▁Judge . ▁I ▁never ▁thought — I ▁would ▁say , ▁this ▁is 
 ▁▁▁▁▁▁ my ▁opinion , ▁that ▁it ▁wouldn ’ t ▁have ▁made ▁any ▁difference . 

 ▁▁▁▁▁▁▁▁▁▁▁▁ THE ▁COURT : ▁Okay . ▁When ▁you ▁were ▁observing ▁him ▁during 
 ▁▁▁▁▁▁ the ▁course ▁of ▁the , ▁at ▁least ▁the ▁second ▁hearing ▁on ▁self - 
 ▁▁▁▁▁▁ representation , ▁when ▁combined ▁with ▁the ▁first ▁hearing ▁on ▁self - 
 ▁▁▁▁▁▁ representation , ▁how ▁adamant ▁was ▁he ▁on ▁a ▁scale ▁of ▁one ▁to ▁ten , ▁ten 
 ▁▁▁▁▁▁ being ▁the ▁highest ▁and ▁most ▁adamant , ▁about ▁representing ▁himself ? 

 ▁▁▁▁▁▁▁▁▁▁▁▁▁ [ J ONES ]: ▁Your ▁Honor , ▁I ▁would ▁say ▁he ▁was ▁a ▁ten . 

 Id . ▁at"
he,11236,"Category : Bra mpton ▁United ▁players <bos> // === --- ▁Swift Private Thread Extras . swift ▁- ---------------- ---------------- -- === // 
 // 
 // ▁This ▁source ▁file ▁is ▁part ▁of ▁the ▁Swift . org ▁open ▁source ▁project 
 // 
 // ▁Copyright ▁( c ) ▁ 2 0 1 4 ▁- ▁ 2 0 1 8 ▁Apple ▁Inc . ▁and ▁the ▁Swift ▁project ▁authors 
 // ▁Licensed ▁under ▁Apache ▁License ▁v 2 . 0 ▁with ▁Runtime ▁Library ▁Exception 
 // 
 // ▁See ▁https :// swift . org / LICENSE . txt ▁for ▁license ▁information 
 // ▁See ▁https :// swift . org / CONTRIBUT ORS . txt ▁for ▁the ▁list ▁of ▁Swift ▁project ▁authors 
 // 
 // === ---------------- ---------------- ---------------- ---------------- ------"
he,11236,"▁be ▁mostly ▁her ▁typical ▁appearance ▁with ▁a ▁few ▁parts ▁still ▁slightly - invisible ▁and ▁glowing ▁purple . ▁This ▁showing ▁of ▁parts ▁of ▁her ▁body ▁fades ▁back ▁into ▁in visibility ▁when ▁the ▁post ▁that ▁she ▁attacks ▁in ▁ends . ▁- ▁Similar ▁to ▁wavering ▁in ▁and ▁out ▁when ▁using ▁attacks , ▁this ▁same ▁situation ▁occurs ▁while ▁being ▁hit ▁with ▁attacks ▁while ▁invisible . ▁If , ▁lets ▁say ▁a ▁water ▁elemental , ▁shoots ▁a ▁beam ▁of ▁water ▁in ▁the ▁location ▁of ▁Kiki ▁while ▁invisible , ▁her ▁body ▁will ▁show ▁in ▁all ▁effected ▁areas ▁she ▁was ▁hit ▁for ▁the ▁rest ▁of ▁the ▁post ▁that ▁she ▁was ▁struck ▁on . ▁She ▁will , ▁of ▁course , ▁take ▁the ▁full ▁amount ▁of ▁the ▁damage ▁used ▁in ▁the ▁enemy ▁spell , ▁and ▁cannot ▁avoid"
he,11236,"▁Lumpur . 

 Forget ▁the ▁decor , ▁this ▁eatery ▁is ▁all ▁about ▁the ▁food , ▁which ▁has ▁kept ▁it ▁popular ▁for ▁half ▁a ▁century . ▁While ▁the ▁language ▁and ▁lack ▁of ▁menu ▁are ▁a ▁bit ▁of ▁a ▁headache , ▁it ▁is ▁well ▁worth ▁making ▁the ▁extra ▁effort ▁to ▁enjoy ▁their ▁stand - out ▁dishes ▁including ▁the ▁crispy ▁sweet ▁and ▁sour ▁fish ▁and ▁belly ▁pork . 
 If ▁in ▁doubt , ▁ask ▁for ▁help ▁from ▁your ▁fellow ▁diners . ▁For ▁character , ▁opt ▁for ▁the ▁older ▁bul ding , ▁for ▁air - con ,... ▁Read ▁our ▁full ▁review ▁of ▁Sek ▁Yuen . 

 Its ▁intimate , ▁stylish ▁Bang sar ▁branch , ▁serves ▁a ▁selection ▁of ▁decent ▁thin - crust ▁pizzas ▁and ▁Asian ▁favourites , ▁such ▁as ▁mee ▁si"
he,11236,". K OF Control Result , ▁id ) 
 						 self . room : set Player Mark ( self . player , ▁"" K OF Interval "", ▁ 0 ) 
 					 end 
 				 else ▁-- 相 符 、 不是 桃 子 
 					 table . insert ( bottom , ▁id ) 
 					 table . insert ( s gs . K OF Control Result , ▁id ) 
 					 self . room : set Player Mark ( self . player , ▁"" K OF Interval "", ▁ 0 ) 
 				 end 
 			 elseif ▁strict ▁then ▁-- 不相 符 ， 严格 
 				 table . insert ( up , ▁id ) 
 			 elseif ▁card : is Kind Of ("" Cross bow "") ▁then"
he,11236,"▁the ▁laser ▁light ▁to ▁a ▁second ▁interfer ometer , ▁converting ▁an ▁interference ▁fringe ▁or ▁pattern ▁signal ▁from ▁the ▁second ▁interfer ometer ▁into ▁a ▁digital ▁signal ▁corresponding ▁to ▁the ▁interference ▁pattern ▁data , ▁the ▁digital ▁signal ▁being ▁a ▁sampled ▁form ▁of ▁the ▁interference ▁fringe ▁signal , ▁and ▁estimating ▁the ▁laser ▁phase ▁based ▁upon ▁the ▁digital ▁signal . 
 A ▁first ▁derivative ▁of ▁the ▁laser ▁optical ▁phase ▁may ▁be ▁estimated ▁based ▁on ▁the ▁digital ▁signal ▁by ▁Fourier ▁transforming ▁the ▁digital ▁signal , ▁window ing ▁the ▁transformed ▁signal ▁to ▁identify ▁a ▁portion ▁of ▁the ▁transformed ▁signal ▁that ▁corresponds ▁to ▁the ▁given ▁optical ▁path ▁delay , ▁inverse ▁Fourier ▁transforming ▁the ▁window ed ▁signal , ▁and ▁computing ▁the ▁phase ▁of ▁the ▁signal . ▁Equi valently , ▁a ▁second ▁derivative ▁of ▁the ▁laser"
he,11236,"▁states . ▁The ▁applicant ▁is ▁now ▁an ▁Instructor ▁in ▁Medicine ▁in ▁the ▁Kall uri ▁laboratory , ▁where ▁both ▁tumor ▁angiogenesis ▁and ▁organ ▁fibrosis ▁are ▁major ▁research ▁foci , ▁and ▁thus ▁it ▁was ▁a ▁natural ▁extension ▁of ▁the ▁applicant ' s ▁interests ▁to ▁study ▁endothelial ▁cell ▁plasticity ▁in ▁the ▁setting ▁of ▁the ▁tumor ▁micro environment . ▁The ▁applicant ' s ▁previous ▁studies ▁for ▁the ▁first ▁time ▁demonstrated ▁that ▁in ▁cardiac ▁fibrosis ▁endothelial ▁cells ▁contribute ▁to ▁the ▁pool ▁of ▁fibroblasts ▁via ▁an ▁endothelial ▁transition ▁and ▁that ▁inhibition ▁of ▁End MT ▁can ▁lead ▁to ▁decreased ▁fibrosis ▁and ▁improved ▁cardiac ▁function . ▁The ▁research ▁project ▁proposed ▁here ▁centers ▁on ▁testing ▁the ▁hypothesis ▁that ▁End MT ▁also ▁plays ▁a ▁role ▁in ▁tumor ▁fib rogen esis . ▁This ▁hypothesis ▁is ▁based ▁on ▁immun"
he,11236,"▁(- CN ), ▁ 1 5 7 0 ~ vs ~, ▁ 1 5 2 1 ~ s ~, ▁ 1 4 7 4 ~ m ~, ▁ 1 4 4 0 ~ m ~, ▁ 1 4 0 1 ~ s ~, ▁ 1 3 5 1 ~ s ~ ▁( arom .); ▁^ 1 ^ H - NMR ▁( 3 0 0 ▁MHz ) ▁δ ▁ 8 . 6 8 ▁( 1 H , ▁bs , ▁NH ), ▁ 7 . 5 1 -- 7 . 2 4 ▁( 4 H , ▁m , ▁H 3 \ ', ▁H 4 \ ', ▁H 5 \ ', ▁H 6 \ '), ▁ 4 . 6 6 ▁( 2 H , ▁s , ▁N CH ~ 2"
he,11236,"▁to ▁Earth . 

 There ▁is ▁another , ▁more ▁shadowy , ▁more ▁indefin able ▁government ▁that ▁is ▁not ▁explained ▁in ▁Civ ics ▁ 1 0 1 ▁or ▁observable ▁to ▁tourists ▁at ▁the ▁White ▁House ▁or ▁the ▁Capitol . ▁The ▁subsurface ▁part ▁of ▁the ▁iceberg ▁I ▁shall ▁call ▁the ▁Deep ▁State , ▁which ▁operates ▁according ▁to ▁its ▁own ▁compass ▁heading ▁regardless ▁of ▁who ▁is ▁formally ▁in ▁power . The ▁term ▁“ Deep ▁State ” ▁was ▁coined ▁in ▁Turkey ▁and ▁is ▁said ▁to ▁be ▁a ▁system ▁composed ▁of ▁high - level ▁elements ▁within ▁the ▁intelligence ▁services , ▁military , ▁security , ▁judiciary ▁and ▁organized ▁crime . 

 I ▁use ▁the ▁term ▁to ▁mean ▁a ▁hybrid ▁association ▁of ▁elements ▁of ▁government ▁and ▁parts ▁of ▁top - level ▁finance ▁and ▁industry"
king,14295,"▁doing ▁what ▁I ▁was ▁doing ▁and ▁to ▁regain ▁my ▁love ▁and ▁passion ▁for ▁the ▁sport .” 

 The ▁break ▁seems ▁to ▁have ▁paid ▁off ▁for ▁the ▁ 2 2 - year - old , ▁if ▁his ▁performances ▁at ▁April ’ s ▁South ▁African ▁National ▁Aquatic ▁Championships ▁in ▁Durban ▁are ▁anything ▁to ▁go ▁by . 

 Brown ▁dominated ▁the ▁freestyle ▁events ▁at ▁the ▁King ’ s ▁Park ▁swimming ▁pool , ▁speeding ▁to ▁gold ▁in ▁the ▁ 1 0 0 m , ▁ 2 0 0 m , ▁ 4 0 0 m ▁and ▁ 8 0 0 m ▁freestyle ▁races . ▁On ▁the ▁first ▁day ▁of ▁the ▁championships , ▁he ▁set ▁a ▁new ▁South ▁African ▁ 4 0 0 m ▁freestyle ▁mark ▁of ▁ 3 : 4 6"
king,14295,"▁doing ▁what ▁I ▁was ▁doing ▁and ▁to ▁regain ▁my ▁love ▁and ▁passion ▁for ▁the ▁sport .” 

 The ▁break ▁seems ▁to ▁have ▁paid ▁off ▁for ▁the ▁ 2 2 - year - old , ▁if ▁his ▁performances ▁at ▁April ’ s ▁South ▁African ▁National ▁Aquatic ▁Championships ▁in ▁Durban ▁are ▁anything ▁to ▁go ▁by . 

 Brown ▁dominated ▁the ▁freestyle ▁events ▁at ▁the ▁King ’ s ▁Park ▁swimming ▁pool , ▁speeding ▁to ▁gold ▁in ▁the ▁ 1 0 0 m , ▁ 2 0 0 m , ▁ 4 0 0 m ▁and ▁ 8 0 0 m ▁freestyle ▁races . ▁On ▁the ▁first ▁day ▁of ▁the ▁championships , ▁he ▁set ▁a ▁new ▁South ▁African ▁ 4 0 0 m ▁freestyle ▁mark ▁of ▁ 3 : 4 6"
king,14295,"▁doing ▁what ▁I ▁was ▁doing ▁and ▁to ▁regain ▁my ▁love ▁and ▁passion ▁for ▁the ▁sport .” 

 The ▁break ▁seems ▁to ▁have ▁paid ▁off ▁for ▁the ▁ 2 2 - year - old , ▁if ▁his ▁performances ▁at ▁April ’ s ▁South ▁African ▁National ▁Aquatic ▁Championships ▁in ▁Durban ▁are ▁anything ▁to ▁go ▁by . 

 Brown ▁dominated ▁the ▁freestyle ▁events ▁at ▁the ▁King ’ s ▁Park ▁swimming ▁pool , ▁speeding ▁to ▁gold ▁in ▁the ▁ 1 0 0 m , ▁ 2 0 0 m , ▁ 4 0 0 m ▁and ▁ 8 0 0 m ▁freestyle ▁races . ▁On ▁the ▁first ▁day ▁of ▁the ▁championships , ▁he ▁set ▁a ▁new ▁South ▁African ▁ 4 0 0 m ▁freestyle ▁mark ▁of ▁ 3 : 4 6"
king,14295,"▁Subway ▁costs , ▁you ▁know ? 

 A ▁nine - hour ▁adaptation ▁of ▁"" 1 1 / 2 2 / 6 3 "" ▁- ▁King ' s ▁thriller ▁about ▁the ▁Kennedy ▁assassination ▁- ▁is ▁headed ▁directly ▁to ▁Hulu . ▁Hel med ▁by ▁Abrams , ▁the ▁series ▁is ▁a ▁limited ▁“ event ▁series ,” ▁but ▁there ▁will ▁be ▁opportunities ▁for ▁future ▁subsequent ▁seasons ▁based ▁on ▁the ▁story , ▁which ▁follows ▁high ▁school ▁English ▁teacher ▁Jake ▁E pping , ▁who ▁travels ▁back ▁in ▁time ▁to ▁try ▁to ▁prevent ▁the ▁assassination ▁of ▁President ▁John ▁F . ▁Kennedy ▁in ▁Dallas ▁on ▁the ▁fateful ▁date ▁in ▁American ▁history . <bos> Pro cto sig mo idos copy ▁and ▁rectal ▁biopsy ▁in ▁infants ▁and ▁children . 
 The ▁medical ▁records ▁of ▁all ▁patients ▁ages"
king,14295,"▁Subway ▁costs , ▁you ▁know ? 

 A ▁nine - hour ▁adaptation ▁of ▁"" 1 1 / 2 2 / 6 3 "" ▁- ▁King ' s ▁thriller ▁about ▁the ▁Kennedy ▁assassination ▁- ▁is ▁headed ▁directly ▁to ▁Hulu . ▁Hel med ▁by ▁Abrams , ▁the ▁series ▁is ▁a ▁limited ▁“ event ▁series ,” ▁but ▁there ▁will ▁be ▁opportunities ▁for ▁future ▁subsequent ▁seasons ▁based ▁on ▁the ▁story , ▁which ▁follows ▁high ▁school ▁English ▁teacher ▁Jake ▁E pping , ▁who ▁travels ▁back ▁in ▁time ▁to ▁try ▁to ▁prevent ▁the ▁assassination ▁of ▁President ▁John ▁F . ▁Kennedy ▁in ▁Dallas ▁on ▁the ▁fateful ▁date ▁in ▁American ▁history . <bos> Pro cto sig mo idos copy ▁and ▁rectal ▁biopsy ▁in ▁infants ▁and ▁children . 
 The ▁medical ▁records ▁of ▁all ▁patients ▁ages"
king,14295,"▁to ▁an ▁un charted ▁island ▁to ▁capture ▁the ▁greatest ▁wonder ▁the ▁world ▁has ▁ever ▁seen . ▁At ▁the ▁center ▁of ▁this ▁ 2 1 st - century ▁re imagining : ▁a ▁ 2 0 - foot ▁high , ▁ 2 , 0 0 0 - pound ▁gorilla ▁brought ▁to ▁life ▁by ▁a ▁team ▁of ▁seamlessly ▁integrated ▁artists ▁and ▁technicians . ▁King ▁Kong ▁is ▁a ▁larger - than - life ▁encounter ▁with ▁a ▁legend ▁that ’ s ▁always ▁been ▁too ▁big ▁to ▁contain .” 

 King ▁Kong ’ s ▁book ▁writer ▁Jack ▁Thorne ▁won ▁the ▁ 2 0 1 7 ▁Olivier ▁Award ▁and ▁the ▁Evening ▁Standard ▁Award ▁for ▁Best ▁Play ▁for ▁Harry ▁Potter ▁and ▁the ▁Cursed ▁Child , ▁which ▁is ▁poised ▁to ▁make ▁its ▁Broadway ▁premiere ▁this ▁spring"
king,14295,"▁to ▁an ▁un charted ▁island ▁to ▁capture ▁the ▁greatest ▁wonder ▁the ▁world ▁has ▁ever ▁seen . ▁At ▁the ▁center ▁of ▁this ▁ 2 1 st - century ▁re imagining : ▁a ▁ 2 0 - foot ▁high , ▁ 2 , 0 0 0 - pound ▁gorilla ▁brought ▁to ▁life ▁by ▁a ▁team ▁of ▁seamlessly ▁integrated ▁artists ▁and ▁technicians . ▁King ▁Kong ▁is ▁a ▁larger - than - life ▁encounter ▁with ▁a ▁legend ▁that ’ s ▁always ▁been ▁too ▁big ▁to ▁contain .” 

 King ▁Kong ’ s ▁book ▁writer ▁Jack ▁Thorne ▁won ▁the ▁ 2 0 1 7 ▁Olivier ▁Award ▁and ▁the ▁Evening ▁Standard ▁Award ▁for ▁Best ▁Play ▁for ▁Harry ▁Potter ▁and ▁the ▁Cursed ▁Child , ▁which ▁is ▁poised ▁to ▁make ▁its ▁Broadway ▁premiere ▁this ▁spring"
king,14295,"▁with ▁the ▁titular ▁mammoth ▁ape . ▁Set ▁to ▁open ▁on ▁November ▁ 8 , ▁ 2 0 1 8 ▁at ▁the ▁Broadway ▁Theatre , ▁the ▁musical ▁will ▁utilize ▁an ▁innovative ▁mix ▁of ▁robotics , ▁puppet ry , ▁and ▁stage craft ▁to ▁bring ▁this ▁character ▁to ▁life . ▁The ▁production ▁will ▁be ▁directed ▁and ▁chore ographed ▁by ▁Oliver ▁Award - winner ▁Drew ▁Mc On ie ▁( In ▁the ▁Heights ). 

 “ Based ▁on ▁the ▁ 1 9 3 2 ▁novel , ▁the ▁stage ▁production ▁of ▁King ▁Kong ▁is ▁a ▁contemporary ▁take ▁on ▁the ▁classic ▁tale ▁of ▁beauty ▁and ▁the ▁beast . ▁The ▁story ▁follows ▁a ▁young ▁actress ▁and ▁a ▁maverick ▁filmmaker ▁as ▁they ▁voyage ▁from ▁the ▁bustling ▁streets ▁of ▁ 1 9 3 0 s ▁New ▁York"
king,14295,"8 3 0 s , ▁Martha ▁died , ▁and ▁Joseph ▁began ▁seeking ▁a ▁new ▁wife . ▁He ▁re - married ▁about ▁ 1 8 3 8 ▁to ▁Deborah ▁Saunders ▁who ▁was ▁another ▁granddaughter ▁of ▁Isaac ▁Saunders ▁of ▁Randolph ▁County . ▁One ▁of ▁the ▁descendants ▁of ▁Joseph ’ s ▁second ▁marriage , ▁Lottie ▁King ery ▁Ho ge , ▁later ▁wrote ▁of ▁Deborah , 

 I ▁don ’ t ▁know ▁how ▁she ▁first ▁got ▁acquainted ▁with ▁my ▁Alabama ▁grandfather , ▁Mr . ▁Joseph ▁Sanders , ▁but ▁she ▁went ▁to ▁Alabama ▁and ▁they ▁were ▁married . ▁He ▁was ▁much ▁older ▁than ▁her ▁for ▁he ▁had ▁been ▁married ▁before ▁and ▁had ▁ 1 2 ▁children , ▁most ▁of ▁them ▁grown ▁and ▁married , ▁probably ▁at ▁ages ▁of ▁ 1 4 -"
king,14295,". ▁The ▁musical ▁features ▁a ▁score ▁by ▁composer ▁and ▁music ▁producer ▁Marius ▁de ▁Vries ▁( the ▁films ▁La ▁La ▁Land , ▁Moulin ▁Rouge , ▁and ▁Romeo ▁+ ▁Juliet ) ▁who ▁is ▁a ▁four - time ▁Grammy ▁nominee . ▁Eddie ▁Perfect ▁( songs ) ▁is ▁a ▁Help mann ▁Award ▁winner ▁and ▁composer ▁and ▁ly ricist ▁of ▁the ▁Broadway - bound ▁Beetle juice , ▁Strictly ▁Ballroom ▁The ▁Musical ▁and ▁Shane ▁Warne ▁The ▁Musical . 

 The ▁design ▁team ▁for ▁the ▁Broadway ▁production ▁of ▁King ▁Kong ▁will ▁include ▁Peter ▁England ▁( Set ▁and ▁Projection ▁Design ), ▁Sonny ▁T ild ers ▁( Creature ▁Design ), ▁Roger ▁Kirk ▁( Costume ▁Design ), ▁Peter ▁Mumford ▁( Lighting ▁Design ), ▁Peter ▁H yl enski ▁( Sound ▁Design ), ▁Gavin ▁Robins ▁( Aerial ▁and ▁King"
king,14295,". ▁The ▁musical ▁features ▁a ▁score ▁by ▁composer ▁and ▁music ▁producer ▁Marius ▁de ▁Vries ▁( the ▁films ▁La ▁La ▁Land , ▁Moulin ▁Rouge , ▁and ▁Romeo ▁+ ▁Juliet ) ▁who ▁is ▁a ▁four - time ▁Grammy ▁nominee . ▁Eddie ▁Perfect ▁( songs ) ▁is ▁a ▁Help mann ▁Award ▁winner ▁and ▁composer ▁and ▁ly ricist ▁of ▁the ▁Broadway - bound ▁Beetle juice , ▁Strictly ▁Ballroom ▁The ▁Musical ▁and ▁Shane ▁Warne ▁The ▁Musical . 

 The ▁design ▁team ▁for ▁the ▁Broadway ▁production ▁of ▁King ▁Kong ▁will ▁include ▁Peter ▁England ▁( Set ▁and ▁Projection ▁Design ), ▁Sonny ▁T ild ers ▁( Creature ▁Design ), ▁Roger ▁Kirk ▁( Costume ▁Design ), ▁Peter ▁Mumford ▁( Lighting ▁Design ), ▁Peter ▁H yl enski ▁( Sound ▁Design ), ▁Gavin ▁Robins ▁( Aerial ▁and ▁King"
king,14295,". ▁The ▁musical ▁features ▁a ▁score ▁by ▁composer ▁and ▁music ▁producer ▁Marius ▁de ▁Vries ▁( the ▁films ▁La ▁La ▁Land , ▁Moulin ▁Rouge , ▁and ▁Romeo ▁+ ▁Juliet ) ▁who ▁is ▁a ▁four - time ▁Grammy ▁nominee . ▁Eddie ▁Perfect ▁( songs ) ▁is ▁a ▁Help mann ▁Award ▁winner ▁and ▁composer ▁and ▁ly ricist ▁of ▁the ▁Broadway - bound ▁Beetle juice , ▁Strictly ▁Ballroom ▁The ▁Musical ▁and ▁Shane ▁Warne ▁The ▁Musical . 

 The ▁design ▁team ▁for ▁the ▁Broadway ▁production ▁of ▁King ▁Kong ▁will ▁include ▁Peter ▁England ▁( Set ▁and ▁Projection ▁Design ), ▁Sonny ▁T ild ers ▁( Creature ▁Design ), ▁Roger ▁Kirk ▁( Costume ▁Design ), ▁Peter ▁Mumford ▁( Lighting ▁Design ), ▁Peter ▁H yl enski ▁( Sound ▁Design ), ▁Gavin ▁Robins ▁( Aerial ▁and ▁King"
king,14295,"▁by ▁a ▁rogue ▁AI ▁truck ▁– ▁the ▁Brum by ▁King . ▁Along ▁the ▁way , ▁he ▁teams ▁with ▁S inner man , ▁an ▁independent ▁truck ▁with ▁its ▁own ▁reasons ▁for ▁hating ▁the ▁Brum by ▁King . ▁Before ▁his ▁final ▁confrontation ▁with ▁the ▁br umb ies , ▁he ▁must ▁learn ▁more ▁about ▁the ▁broken - down ▁world ▁and ▁his ▁own ▁place ▁in ▁it , ▁and ▁face ▁his ▁worst ▁fears . 

 I ▁am ▁in ▁a ▁world ▁deeply ▁strange ▁and ▁strangely ▁deep , ▁a ▁world ▁as ▁different ▁from ▁my ▁old ▁life ▁as ▁it ’ s ▁possible ▁to ▁be , ▁and ▁it ▁feels ▁completely ▁natural . 

 An ▁unexpected ▁encounter ▁with ▁a ▁handsome ▁stranger ▁in ▁a ▁Russian ▁wood ▁changes ▁the ▁life ▁of ▁ 2 2 - year - old ▁traveler"
king,14295,"▁by ▁a ▁rogue ▁AI ▁truck ▁– ▁the ▁Brum by ▁King . ▁Along ▁the ▁way , ▁he ▁teams ▁with ▁S inner man , ▁an ▁independent ▁truck ▁with ▁its ▁own ▁reasons ▁for ▁hating ▁the ▁Brum by ▁King . ▁Before ▁his ▁final ▁confrontation ▁with ▁the ▁br umb ies , ▁he ▁must ▁learn ▁more ▁about ▁the ▁broken - down ▁world ▁and ▁his ▁own ▁place ▁in ▁it , ▁and ▁face ▁his ▁worst ▁fears . 

 I ▁am ▁in ▁a ▁world ▁deeply ▁strange ▁and ▁strangely ▁deep , ▁a ▁world ▁as ▁different ▁from ▁my ▁old ▁life ▁as ▁it ’ s ▁possible ▁to ▁be , ▁and ▁it ▁feels ▁completely ▁natural . 

 An ▁unexpected ▁encounter ▁with ▁a ▁handsome ▁stranger ▁in ▁a ▁Russian ▁wood ▁changes ▁the ▁life ▁of ▁ 2 2 - year - old ▁traveler"
king,14295,"▁sellers ▁fix ▁the ▁patio , ▁which ▁the ▁sellers ▁refused ▁to ▁do . ▁The ▁buyers ▁asked ▁that ▁the ▁sellers ▁paint ▁the ▁front ▁of ▁the ▁home , ▁which ▁Mr . ▁King don ▁agreed ▁to ▁do , ▁but ▁did ▁not ▁accomplish . ▁The ▁parties ▁eventually ▁met ▁to ▁close ▁the ▁sale . ▁The ▁buyers ▁insisted ▁on ▁a ▁$ 5 0 0 ▁deduction ▁from ▁the ▁purchase ▁price ▁because ▁of ▁the ▁sellers ' ▁failure ▁to ▁paint . ▁The ▁sellers ▁refused ▁to ▁convey ▁title ▁unless ▁the ▁buyers ▁paid ▁the ▁full ▁purchase ▁price . ▁Because ▁of ▁this ▁impasse , ▁the ▁parties ▁did ▁not ▁close ▁the ▁transaction . ▁Mrs . ▁Allen ▁and ▁Mrs . ▁King don ▁left ▁the ▁meeting , ▁after ▁which ▁Mr . ▁King don ▁orally ▁agreed ▁to ▁refund ▁the ▁$ 1 0 , 8"
king,14295,"# ▁Try ▁to ▁match 
 ▁▁▁▁▁▁ \. ▁▁▁▁▁▁▁ # ▁▁ a ▁dot , ▁followed ▁by 
 ▁▁▁▁▁▁ [ ^{ }] * ▁▁▁ # ▁▁ any ▁number ▁of ▁characters ▁except ▁braces 
 ▁▁▁▁▁ )? ▁▁▁▁▁▁▁▁ # ▁optionally 
 ▁▁▁▁▁ \}\ } ▁▁▁▁▁▁ # ▁Match ▁}} 
 ▁▁▁▁ ) ▁▁▁▁▁▁▁▁▁▁ # ▁End ▁of ▁look ahead % x ', ▁ 
 ▁▁▁▁ $ subject , ▁$ result , ▁PREG _ PATTERN _ ORDER ); 
 $ result ▁= ▁$ result [ 0 ]; 

 <bos> King ▁Kong ▁to ▁Open ▁on ▁Broadway 

 The ▁long - anticipated ▁musical ▁of ▁King ▁Kong , ▁itself ▁based ▁on ▁the ▁ 1 9 3 2 ▁novel ▁of ▁the ▁same ▁name ▁by ▁Mer ian ▁C . ▁Cooper , ▁will ▁finally ▁be ▁coming ▁to ▁Broadway , ▁complete"
king,14295,". ▁Through ▁word ▁of ▁mouth , ▁Olivier i ' s ▁sandwiches ▁the ▁following ▁day ▁were ▁highly ▁sought ▁after ▁by ▁taxi ▁cab ▁drivers ▁around ▁Philadelphia . ▁Due ▁to ▁booming ▁business , ▁Olivier i ▁soon ▁opened ▁up ▁his ▁own ▁shop , ▁Pat ' s ▁King ▁of ▁Ste aks ▁on ▁ 9 th ▁Street ▁and ▁Pass y unk ▁Avenue . ▁Eventually , ▁according ▁to ▁legend , ▁he ▁added ▁cheese ▁to ▁the ▁steak . ▁The ▁chees este ak ▁is ▁considered ▁to ▁be ▁a ▁cultural ▁icon ▁of ▁the ▁city ▁of ▁Philadelphia . 1 9 3 0 ▁Bath ys phere ▁A ▁bath ys phere ▁is ▁a ▁pressurized ▁metal ▁sphere ▁that ▁allows ▁people ▁to ▁go ▁deep ▁in ▁the ▁ocean , ▁to ▁depths ▁at ▁which ▁diving ▁una ided ▁is ▁impossible . ▁This ▁hollow ▁cast ▁iron"
king,14295,"▁ruled 
 by ▁King ▁M sw ati ▁III , ▁sub - Saharan ▁Africa ’ s ▁last ▁absolute ▁monarch , ▁reported ▁on 
 Wednesday , ▁‘ The ▁movement , ▁with ▁ease , ▁of ▁some ▁members ▁of ▁the ▁CJ ’ s ▁family ▁in ▁and 
 out ▁of ▁his ▁residence ▁has ▁left ▁journalists ▁wondering ▁why ▁the ▁police ▁were ▁not 
 using ▁such ▁opportunities ▁to ▁enter ▁the ▁house ▁and ▁arrest ▁the ▁CJ .’ 

 Police ▁Information ▁and ▁Communications ▁Officer 
 Assistant ▁Superintendent ▁Kh ul ani ▁M amba ▁told ▁the ▁newspaper ▁they ▁were ▁still 
 waiting ▁for ▁negotiations ▁between , ▁Lesotho ▁and ▁Swaziland , ▁to ▁be ▁concluded . 

 It ▁is ▁not ▁known ▁who ▁is ▁negotiating ▁and ▁about ▁what . 

 Police ▁officers ▁have ▁been ▁camping ▁outside ▁the ▁CJ ’ s 
"
king,14295,". 

 The ▁child lessness ▁of ▁King ▁Frederick ▁VII ▁of ▁Denmark ▁worked ▁in ▁favour ▁of ▁the ▁movement ▁for ▁the ▁German ▁unification , ▁as ▁did ▁the ▁ancient ▁Treaty ▁of ▁Ribe , ▁which ▁stipulated ▁that ▁the ▁two ▁duch ies ▁must ▁never ▁be ▁separated . ▁A ▁counter - movement ▁developed ▁among ▁the ▁Danish ▁population ▁in ▁northern ▁Schleswig ▁and ▁( from ▁ 1 8 3 8 ) ▁in ▁Denmark , ▁where ▁the ▁Liberals ▁insisted ▁that ▁Schleswig ▁as ▁a ▁fie f ▁had ▁belonged ▁to ▁Denmark ▁for ▁centuries ▁and ▁that ▁the ▁E ider ▁River , ▁the ▁historic ▁border ▁between ▁Schleswig ▁and ▁Holstein , ▁should ▁mark ▁the ▁frontier ▁between ▁Denmark ▁and ▁the ▁German ▁Confederation ▁or ▁a ▁new ▁eventually ▁united ▁Germany . ▁The ▁Danish ▁nationalists ▁thus ▁asp ired ▁to ▁incorporate ▁Schleswig ▁into ▁Denmark , ▁in"
king,14295,"

 The ▁town ▁is ▁built ▁on ▁land ▁given ▁to ▁the ▁Adair ▁family ▁by ▁King ▁Charles ▁I ▁in ▁ 1 6 2 6 , ▁on ▁the ▁basis ▁that ▁the ▁town ▁holds ▁two ▁annual ▁fairs ▁and ▁a ▁free ▁Saturday ▁market ▁in ▁perpetuity . ▁, ▁the ▁Saturday ▁market ▁still ▁runs . ▁It ▁is ▁a ▁popular ▁shopping ▁hub ▁within ▁Northern ▁Ireland ▁and ▁is ▁home ▁to ▁Bally mena ▁United ▁F . C . 

 B ally mena ▁incorporates ▁an ▁area ▁of ▁▁ and ▁is ▁home ▁to ▁large ▁villages ▁such ▁as ▁C ully bac key , ▁Gal gorm , ▁A hog hill ▁and ▁B rough sh ane . ▁The ▁town ▁used ▁to ▁host ▁Ireland ' s ▁largest ▁one - day ▁agricultural ▁show ▁at ▁the ▁Bally mena ▁Show grounds . ▁The ▁town ▁centre ▁has"
king,14295,"▁by ▁Paul ▁Clement , ▁former ▁Solicitor ▁General ▁and ▁a ▁current ▁partner ▁in ▁the ▁DC ▁law ▁firm ▁of ▁King ▁& ▁Spalding . 

 Aller gan ’ s ▁suit ▁was ▁filed ▁with ▁respect ▁to ▁the ▁FDA ’ s ▁REM S ▁program ▁for ▁bot ulin um ▁toxin ▁products . ▁The ▁program ▁was ▁instituted ▁this ▁year ▁because ▁of ▁post marketing ▁reports ▁of ▁toxin ▁spread ▁after ▁injections ▁for ▁off - label ▁conditions — namely , ▁sp asticity ▁in ▁children ▁with ▁cerebral ▁palsy ▁and ▁arm ▁sp asticity ▁in ▁adults . ▁In ▁the ▁program , ▁the ▁FDA ▁requires ▁manufacturers ▁to ▁create ▁a ▁“ communication ▁plan ” ▁that ▁provides ▁information ▁to ▁physicians ▁about ▁the ▁risk ▁of ▁the ▁distant ▁spread ▁of ▁bot ulin um ▁toxin ▁after ▁local ▁injection . 

 But ▁Aller gan ▁argues ▁that ▁the"
king,14295,"▁▁ The ▁song ▁was ▁covered ▁by ▁Buddy ▁Morrow , ▁whose ▁version ▁on ▁RCA ▁Victor ▁reached ▁number ▁ 2 8 ▁on ▁the ▁pop ▁chart . 

 Over bea ▁became ▁a ▁favorite ▁of ▁leading ▁DJ ▁Alan ▁Freed ▁and ▁appeared ▁on ▁some ▁of ▁Freed ' s ▁shows ▁as ▁well ▁as ▁maintaining ▁a ▁performing ▁schedule ▁in ▁Chicago ▁clubs . ▁▁ On ▁his ▁second ▁Checker ▁single , ▁"" Forty ▁Cups ▁of ▁Coffee "", ▁he ▁was ▁backed ▁by ▁the ▁King ▁Kola x ▁Orchestra . ▁A ▁cover ▁version ▁by ▁Ella ▁Mae ▁Morse ▁reached ▁number ▁ 2 6 ▁on ▁the ▁pop ▁chart , ▁and ▁the ▁song ▁was ▁recorded ▁by ▁Bill ▁Haley ▁in ▁ 1 9 5 6 . ▁▁▁ According ▁to ▁All music , ▁Over bea ' s ▁first ▁two ▁Checker ▁records ▁were ▁"" essentially"
king,14295,"▁about ▁authorities ’. 

 But , ▁they 
 said ▁they ▁would ▁to ▁allow ▁people ▁to ▁mark ▁the ▁day ▁on ▁ 1 ▁May . 

 The ▁Sw azi ▁Observer , ▁a ▁newspaper ▁in ▁effect ▁owned ▁by ▁King 
 M sw ati ▁III , ▁who ▁rules ▁Swaziland ▁as ▁an ▁absolute ▁monarch , ▁reported ▁on ▁Tuesday ▁( 2 8 
 April ▁ 2 0 1 5 ) ▁, ▁‘ Police ▁Information ▁and ▁Communications ▁Officer ▁Assistant 
 Superintendent ▁Kh ul ani ▁M amba ▁said ▁since ▁this ▁was ▁an ▁internationally ▁recognised 
 day , ▁they ▁would ▁not ▁hinder ▁the ▁celebrations ▁by ▁workers ▁but ▁would ▁deal ▁with 
 those ▁that ▁would ▁utter ▁statements ▁against ▁authority .’ 

 He ▁added , 
 ‘ However , ▁those ▁that ▁will ▁utter ▁def am atory ▁statements ▁about"
king,14295,", ▁Ro zanne ▁Kruger ▁and ▁Te ▁K ani ▁King i , ▁and ▁our ▁research ▁assistants : ▁Ms ▁Hana ▁T uis ano ▁and ▁Mrs ▁Mo ana ▁Man uk ia ▁for ▁conducting ▁the ▁interviews ▁with ▁the ▁young ▁participants . ▁Finally , ▁the ▁authors ▁are ▁indebted ▁to ▁the ▁efforts ▁and ▁participation ▁of ▁the ▁Pas if ika ▁youth ▁and ▁their ▁families . 

 ** Contributors :** ▁R TT - F ▁designed ▁the ▁study ▁and ▁drafted ▁the ▁manuscript . ▁JK , ▁BB ▁and ▁LE - L ▁help ▁informed ▁the ▁study ▁design ▁and ▁JK ▁assisted ▁in ▁interpretation ▁of ▁the ▁acc ult uration ▁tool . ▁SC ▁analysed ▁the ▁data . ▁All ▁authors ▁read ▁and ▁approved ▁the ▁final ▁manuscript . 

 ** Funding :** ▁This ▁work ▁was ▁supported ▁by ▁the ▁Health ▁Research ▁Council ▁of ▁NZ"
king,14295,"▁and ▁Holstein ▁was ▁permanently ▁secured ▁to ▁the ▁house ▁of ▁Scha uen burg . 

 King ▁Val demar ▁II , ▁who ▁had ▁retained ▁the ▁former ▁imperial ▁March ▁north ▁of ▁the ▁E ider , ▁in ▁ 1 2 3 2 ▁erected ▁Schleswig ▁as ▁a ▁du chy ▁for ▁his ▁second ▁son , ▁Abel . ▁Holstein ▁on ▁the ▁other ▁hand , ▁after ▁the ▁death ▁of ▁Adolph us ▁IV ▁in ▁ 1 2 6 1 , ▁was ▁split ▁up ▁into ▁several ▁counts hips ▁by ▁his ▁sons ▁and ▁again ▁by ▁his ▁grandsons ▁( 1 2 9 0 ): ▁the ▁lines ▁of ▁Holstein - Kiel ▁( 1 2 6 1 – 1 3 9 0 ), ▁Holstein - Pin ne berg ▁and ▁Scha umburg ▁( 1 2 9 0 – 1 6 4 0"
king,14295,"6 0 7 , ▁King ▁James ▁I ▁granted ▁the ▁native ▁Irish ▁chief , ▁Rua ir í ▁Ó g ▁Mac Qu illan ▁the ▁Bally mena ▁Estate . ▁The ▁estate ▁passed ▁through ▁several ▁owners , ▁eventually ▁passing ▁into ▁the ▁possession ▁of ▁William ▁Adair , ▁a ▁Scottish ▁la ird ▁from ▁Kinh ilt ▁in ▁southwestern ▁Scotland . ▁The ▁estate ▁was ▁temporarily ▁renamed ▁"" K inh ilst own "" ▁after ▁Adair ' s ▁lands ▁in ▁Scotland . ▁The ▁original ▁castle ▁of ▁Bally mena ▁was ▁built ▁in ▁the ▁early ▁ 1 7 th ▁century , ▁situated ▁to ▁take ▁advantage ▁of ▁an ▁ancient ▁ford ▁at ▁the ▁River ▁Braid . ▁In ▁ 1 6 2 6 ▁Charles ▁I ▁confirmed ▁the ▁grant ▁of ▁the ▁Bally mena ▁Estate ▁to ▁William ▁Adair , ▁giving ▁him ▁the ▁right ▁to"
king,14295,"▁& ▁King ▁Edward ▁Memorial ▁Hospital , ▁Mumbai ; ▁Dr ▁N ▁Khi pp al , ▁S . M . S . ▁Medical ▁College ▁and ▁Hospital , ▁Jaipur ; ▁and ▁staff ▁at ▁the ▁participating ▁study ▁sites . 

 We ▁also ▁thank ▁Mon ogram ▁Process ▁Development ▁for ▁its ▁role ▁in ▁the ▁construction ▁and ▁implementation ▁of ▁optimized ▁primers ▁at ▁its ▁own ▁expense . ▁Jean nette ▁M ▁Whit comb , ▁of ▁Mon ogram ▁Biosciences , ▁initiated ▁the ▁plan ▁to ▁re - test ▁study ▁specimens ▁with ▁optimized ▁primers ▁and ▁led ▁the ▁optimization ▁of ▁the ▁Tro file ^ ® ^ assay ▁primers . ▁Car me liza ▁Santos , ▁also ▁of ▁Mon ogram ▁Biosciences , ▁managed ▁all ▁initial ▁testing ▁and ▁re - testing ▁procedures ▁and ▁data ▁reporting ▁for ▁this ▁study . ▁The ▁Mon ogram ▁Biosciences"
king,14295,"▁never ▁has ▁been . ▁But ▁they ▁are ▁trying ▁to ▁get ▁us . ▁And ▁after ▁certain ▁point , ▁after ▁so ▁many ▁murder ▁attempts , ▁after ▁so ▁much ▁harassment , ▁telling ▁everybody ▁I ▁knew ▁that ▁I ▁have ▁gone ▁insane , ▁I ▁was ▁taking ▁drugs . ▁Going ▁around ▁and ▁killing ▁people ▁I ’ ve ▁known . ▁You ▁know , ▁they ▁murdered ▁more ▁people ▁than ▁anyone ▁else ▁in ▁history . ▁They ’ re ▁responsible ▁for ▁World ▁War ▁ 1 . ▁They ▁are ▁responsible ▁for ▁World ▁War ▁ 2 . ▁They ’ re ▁responsible ▁for ▁the ▁holocaust . ▁They ▁killed ▁Kennedy . ▁They ▁killed ▁Martin ▁Luther ▁King . ▁They ▁killed ▁John ▁Lennon . ▁They ▁killed ▁Michael ▁Jackson . ▁They ’ ve ▁murdered ▁leaders ▁all ▁over ▁the ▁world . ▁They ▁are ▁the ▁worst"
king,14295,"▁April ▁ 2 0 1 5 ), ▁the ▁Times 
 Sunday , ▁an ▁independent ▁newspaper ▁in ▁the ▁kingdom , ▁speculated ▁that ▁R amo di bed i 
 was ▁waiting ▁until ▁King ▁M sw ati ▁returned ▁to ▁Swaziland ▁from ▁a ▁trip ▁to ▁the ▁Bandung 
 Conference ▁for ▁Asian ▁and ▁African ▁countries . 

 The ▁newspaper 
 reported , ▁‘ The ▁chief ▁justice ▁is ▁said ▁to ▁have ▁stated ▁that ▁the ▁only ▁person ▁he 
 trust s ▁was ▁His ▁Majesty ▁the ▁King .’ 

 The ▁newspaper ▁did ▁not ▁say ▁so ▁but ▁it ▁is ▁assumed ▁that ▁R amo di bed i 
 th inks ▁King ▁M sw ati ▁will ▁cancel ▁the ▁arrest ▁warrant . 

 It ▁is ▁true ▁that ▁King ▁M sw ati ▁personally ▁appointed ▁and 
 re - appointed ▁R"
king,14295,"In ▁ 1 9 0 0 , ▁Bally mena ▁assumed ▁urban ▁status . ▁Under ▁the ▁provisions ▁of ▁the ▁Irish ▁Land ▁Act ▁of ▁ 1 9 0 3 , ▁the ▁Ada irs ▁disposed ▁of ▁most ▁of ▁their ▁Bally mena ▁estate ▁to ▁the ▁occupying ▁tenants ▁in ▁ 1 9 0 4 . ▁The ▁"" old "" ▁town ▁hall ▁building , ▁which ▁also ▁contained ▁the ▁post ▁office ▁and ▁estate ▁office , ▁burned ▁down ▁in ▁ 1 9 1 9 . ▁Prince ▁Albert , ▁Duke ▁of ▁York ▁( later ▁King ▁George ▁VI ) ▁laid ▁the ▁cornerstone ▁to ▁the ▁new ▁town ▁hall ▁on ▁ 2 4 ▁July ▁ 1 9 2 4 , ▁and ▁it ▁was ▁officially ▁opened ▁on ▁ 2 0 ▁November ▁ 1 9 2 8 . 

 The ▁Urban"
king,14295,"▁even ▁though ▁an ▁independent 
 business ▁analysis ▁predicted ▁the ▁airline ▁would ▁go ▁out ▁of ▁business ▁as ▁a 
 result . 

 No ▁other ▁airline ▁has ▁public ally ▁said ▁it ▁wanted ▁to 
 use ▁the ▁airport . 

 Mats apha ▁airport ▁which ▁handled ▁about ▁ 7 0 , 0 0 0 
 passengers ▁a ▁year ▁is ▁close ▁to ▁Man zini ▁and ▁M bab ane , ▁the ▁two ▁main ▁cities ▁in 
 Sw aziland . ▁The ▁new ▁airport ▁was ▁built ▁in ▁a ▁wilderness ▁about ▁ 7 0 km ▁from ▁M bab ane . 
 Once ▁it ▁opened ▁to ▁traffic ▁in ▁September ▁ 2 0 1 4 , ▁Mats apha ▁was ▁closed ▁for ▁commercial 
 business . ▁It ▁is ▁now ▁mainly ▁used ▁by ▁King ▁M sw ati ▁when ▁he ▁travels"
king,14295,"er ▁Cato ▁ranked ▁among ▁the ▁great ▁enemies ▁of ▁Kings ▁and ▁champions ▁of ▁the ▁common ▁people . ▁Like ▁Alger non ▁Sidney , ▁John ▁Trench ard , ▁Thomas ▁Paine , ▁Sam ▁Adams , ▁and ▁John ▁Dickinson , ▁he ▁advocated ▁an ▁end ▁to ▁the ▁Divine ▁Right ▁of ▁Kings , ▁and ▁a ▁beginning ▁for ▁the ▁Rights ▁of ▁Men . ▁They ▁were ▁the ▁talk ▁radio ▁of ▁their ▁respective ▁eras ▁and ▁helped ▁fashion ▁the ▁ 1 7 th ▁century ▁Glorious ▁Revolution ▁in ▁England ▁and ▁the ▁even ▁more ▁glorious ▁Revolution ▁in ▁America ▁in ▁the ▁following ▁century . 

 It ▁is ▁impressive ▁to ▁consider ▁the ▁lengthy ▁time ▁periods ▁that ▁were ▁required ▁to ▁throw ▁off ▁the ▁shackles ▁of ▁aristocratic ▁authority ▁from ▁the ▁shoulders ▁of ▁the ▁common ▁people . ▁The ▁Magna ▁Carta ▁had ▁been ▁signed ▁by ▁King"
king,14295,"▁Holstein - R ends burg , ▁who ▁himself ▁was ▁one ▁of ▁the ▁closest ▁heirs ▁to ▁Scandinavian ▁monarch ies , ▁was ▁influential ▁enough ▁to ▁get ▁his ▁nephew ▁Count ▁Christi ern ▁( Christian ▁VII ) ▁of ▁Oldenburg ▁elected ▁King ▁of ▁Denmark . 

 When ▁the ▁Adolph us ▁had ▁died ▁in ▁ 1 4 5 9 ▁without ▁issue ▁the ▁Scha uen burg ▁dynasty ▁in ▁Holstein - R ends burg ▁had ▁thus ▁became ▁extinct . ▁The ▁Scha uen burg ▁counts ▁of ▁Holstein - Pin ne berg ▁had ▁no ▁claim ▁to ▁succession ▁in ▁Schleswig ; ▁their ▁election ▁in ▁Holstein - R ends burg ▁would ▁have ▁separated ▁Schleswig ▁and ▁Holstein - R ends burg . ▁The ▁separation ▁of ▁Schleswig ▁and ▁Holstein ▁would ▁have ▁meant ▁economic ▁ruin ▁for ▁many ▁nobles ▁of ▁Holstein . ▁Moreover"
king,14295,"▁provinces . ▁King ▁Christian ▁I , ▁though ▁he ▁had ▁been ▁forced ▁to ▁swear ▁to ▁the ▁Constitu tio ▁Val dem ariana , ▁succeeded ▁in ▁asserting ▁his ▁claim ▁to ▁Schleswig ▁in ▁right ▁of ▁his ▁mother , ▁Adolph us ' ▁sister . ▁On ▁ 5 ▁March ▁ 1 4 6 0 ▁Christian ▁granted ▁a ▁coronation ▁charter ▁( or ▁Frei heits brief ), ▁issued ▁first ▁at ▁Ribe ▁( Treat y ▁of ▁Ribe , ▁, ▁) ▁and ▁afterwards ▁at ▁Kiel , ▁which ▁also ▁repeated ▁that ▁Schleswig ▁and ▁Holstein - R ends burg ▁must ▁remain ▁united ▁"" dat ▁se ▁bli ven ▁e wich ▁tos am ende ▁unge delt "" ▁( Middle ▁Low ▁German ▁or ▁Low ▁Saxon , ▁i . e . ▁that ▁they ▁remain ▁for ▁ever ▁together ▁undivided ). ▁Christian ' s ▁ascension"
king,14295,"▁Sterling ▁Brown , ▁professor ▁of ▁English ▁and ▁noted ▁Harlem ▁Renaissance ▁poet . 

 Johnson ▁brought ▁Howard ▁university ▁into ▁national ▁prominence ▁and ▁served ▁as ▁president ▁of ▁Howard ▁for ▁ 3 4 ▁years , ▁since ▁ 1 9 2 6 ▁until ▁his ▁retirement ▁in ▁ 1 9 6 0 . ▁In ▁this ▁time ▁the ▁enrollment ▁at ▁Howard ▁University ▁increased ▁from ▁ 2 , 0 0 0 ▁in ▁ 1 9 2 6 ▁to ▁more ▁than ▁ 1 0 , 0 0 0 ▁in ▁ 1 9 6 0 . 

 Johnson ▁the ▁Or ator 

 Johnson ▁was ▁an ▁annual ▁speaker ▁for ▁the ▁Education ▁Night ▁at ▁the ▁National ▁Baptist ▁Convention , ▁a ▁speaker ▁at ▁the ▁Ford ▁Hall ▁Forum ▁in ▁Boston , ▁and ▁spoke ▁alongside ▁Dr . ▁Martin ▁Luther ▁King ▁Jr"
king,14295,"▁births 
 Category : 7 4 8 ▁deaths 
 Category : Uma yy ad ▁governors ▁of ▁Kh uras an 
 Category : Gener als ▁of ▁the ▁Uma yy ad ▁Cali phate 
 Category : Muslim ▁conquest ▁of ▁Trans ox iana 
 Category : Arab ▁generals 
 Category : 8 th - century ▁Arabs 
 Category : Abbas id ▁Revolution <bos> 2 1 st ▁Infantry ▁Regiment ▁( Thailand ) 

 The ▁ 2 1 st ▁Infantry ▁Regiment , ▁Queen ▁Siri kit ' s ▁Guard ▁() ▁( ร . 2 1 ▁ร อ .) ▁is ▁a ▁King ' s ▁Guard ▁regiment ▁under ▁the ▁ 2 nd ▁Infantry ▁Division , ▁Queen ▁Siri kit ' s ▁Guard ▁of ▁the ▁Royal ▁Thai ▁Army . ▁The ▁regiment ▁was ▁created ▁in ▁ 1 9"
king,14295,"▁mar beled ▁mur re let , ▁pigeon ▁gu ille mot , ▁rhinoceros ▁auk let , ▁common ▁mur re , ▁are ▁frequent ▁sightings ▁for ▁sea birds . ▁Shore , ▁tidal , ▁and ▁upland ▁birds ▁include ▁belted ▁king fisher , ▁black ▁bel lied ▁plo ver , ▁har lequin ▁duck , ▁water ▁di pper , ▁humming birds , ▁th rus hes ▁and ▁swallows . ▁Of ▁course , ▁the ▁list ▁goes ▁on … ▁For ▁serious ▁bir ders ▁we ▁can ▁supply ▁a ▁complete ▁check ▁list ▁upon ▁your ▁arrival ▁to ▁keep ▁track ▁of ▁your ▁amazing ▁sightings . 
 Bears ! ▁Black ▁and ▁brown ▁bear ▁are ▁plentiful ▁in ▁the ▁remote ▁wilderness ▁areas ▁of ▁Misty ▁Fi ords ▁National ▁Monument ▁Wilderness ▁Area ▁with ▁sightings ▁of ▁them ▁nearly ▁every ▁week . ▁For ▁some ▁serious ▁bear ▁photography ▁Captain"
king,14295,"1 6 4 0 ▁the ▁Princes ▁of ▁Scha uen burg ▁were ▁extinct ▁in ▁the ▁male ▁line ▁and ▁the ▁County ▁of ▁Holstein - Pin ne berg ▁was ▁merged ▁into ▁the ▁royal ▁share ▁of ▁the ▁D uchy ▁of ▁Holstein . ▁Neither ▁the ▁ag n atic ▁heirs ▁of ▁Scha uen burg ▁nor ▁Holstein - Pin ne berg ' s ▁liege ▁lord ▁the ▁Lower ▁Saxon ▁Duke ▁Augustus ▁could ▁help ▁it . 

 During ▁the ▁ 3 0 - years ' ▁War ▁the ▁relations ▁between ▁Duke ▁and ▁King ▁worsened . ▁Finally ▁in ▁ 1 6 5 8 , ▁after ▁the ▁Danes ▁had ▁invaded ▁Swedish ▁Bremen - Ver den , ▁the ▁Duke ▁cooperated ▁with ▁the ▁Swedes ▁in ▁their ▁counter - attack ▁which ▁almost ▁eradicated ▁the ▁Danish ▁Kingdom . ▁The ▁peace ▁treaties ▁( Treat"
king,14295,"i , 
 a ▁personal ▁appo in tee ▁of ▁the ▁King , ▁will ▁be ▁allowed ▁to ▁be ▁tried ▁in ▁a ▁court ▁of ▁law . 
 The ▁main ▁charges ▁against ▁him ▁are ▁of ▁abuse ▁of ▁power , ▁but ▁international ▁observers 
 will ▁note ▁that ▁the ▁( for ▁now ) ▁alleged ▁abuses ▁were ▁made ▁on ▁behalf ▁of ▁and ▁for ▁the 
 benefit ▁of ▁the ▁King . 

 If ▁the ▁spotlight ▁is ▁allowed ▁to ▁shine ▁on ▁R amo di bed i , 
 it ▁will ▁shine ▁also ▁on ▁the ▁King . 

 Tuesday , ▁ 2 8 ▁April ▁ 2 0 1 5 

 Police ▁in 
 Sw aziland ▁said ▁they ▁would ▁arrest ▁anyone ▁at ▁this ▁week ’ s ▁May ▁Day ▁celebrations ▁who 
 ‘ utter ▁def am atory ▁statements"
king,14295,"▁He ▁said ▁the ▁completion ▁and ▁commissioning ▁of ▁the ▁airport 
 had ▁proved ▁all ▁doubting ▁Thom ases ▁wrong .’ 

 The ▁newspaper ▁added , ▁‘ One ▁thing ▁was ▁clear ▁throughout 
 the ▁King ’ s ▁address ▁that ▁he ▁was ▁extremely ▁passionate ▁about ▁the ▁project ▁and ▁that 
 it ▁was ▁very ▁close ▁to ▁his ▁heart .’ 

 When ▁it ▁was ▁opened ▁the ▁international 
 media ▁der ided ▁the ▁airport ▁as ▁a ▁‘ white ▁elephant ’, ▁meaning ▁it ▁was ▁of ▁little 
 use . 

 Since ▁it ▁opened ▁only ▁one ▁commercial ▁passenger ▁airline , 
 Sw aziland ▁Air link , ▁which ▁is ▁part - owned ▁by ▁the ▁Sw azi ▁Government , ▁has ▁used ▁the 
 Airport . ▁The ▁airline ▁was ▁forced 
 to ▁move ▁from ▁the ▁Mats apha ▁Airport ,"
king,14295,"amo di bed i ▁to ▁the ▁post ▁of ▁Chief ▁Justice ▁and ▁that ▁R amo di bed i ▁has 
 been ▁a ▁loyal ▁and ▁vocal ▁supporter ▁of ▁the ▁King . ▁But , ▁it ▁is ▁not ▁so ▁clear ▁that ▁R amo di bed i 
 still ▁enjoys ▁the ▁King ’ s ▁favour . ▁The ▁King ▁rules ▁over ▁the ▁judiciary ▁and ▁the ▁Sw azi 
 Government ▁which ▁he ▁hand - picks ▁and ▁it ▁is ▁inconceivable ▁that ▁the ▁arrest ▁warrant 
 would ▁have ▁been ▁issued ▁without ▁his ▁permission . 

 One ▁speculation ▁is ▁that ▁the ▁Chief ▁Justice ▁will ▁be 
 allowed ▁to ▁leave ▁his ▁house ▁at ▁the ▁dead ▁of ▁night ▁and ▁escape ▁into ▁neighbouring 
 South ▁Africa . 

 Many ▁observers ▁find ▁it ▁hard ▁to ▁imagine ▁that ▁R amo di bed"
king,14295,"▁O . ▁King don , ▁Defendants ▁and ▁Appellants . 
 No . ▁ 1 8 2 9 0 . 
 Supreme ▁Court ▁of ▁Utah . 
 July ▁ 2 9 , ▁ 1 9 8 6 . 
 H . ▁James ▁Clegg , ▁Scott ▁Daniels , ▁Salt ▁Lake ▁City , ▁for ▁defendants ▁and ▁appellants . 
 Boyd ▁M . ▁Full mer , ▁Salt ▁Lake ▁City , ▁for ▁plaintiffs ▁and ▁respondents . 
 HOW E , ▁Justice : 
 The ▁plaintiffs ▁Allen ▁( buyers ) ▁brought ▁this ▁action ▁for ▁the ▁return ▁of ▁all ▁money ▁they ▁had ▁paid ▁on ▁an ▁earnest ▁money ▁agreement ▁to ▁purchase ▁residential ▁real ▁estate . ▁The ▁defendants ▁King don ▁( sellers ) ▁appeal ▁the ▁trial ▁court ' s ▁judgment ▁that ▁the ▁agreement ▁had ▁been ▁rescin"
king,14295,"▁system ▁usually ▁utilized ▁in ▁conserved ▁or ▁control ▁populations . <bos> P ō mare 

 P ō mare ▁or ▁Po mare ▁may ▁refer ▁to : 

 P ō mare ▁Dynasty , ▁the ▁dynasty ▁of ▁the ▁Ta hi tian ▁monarchs 
 P ō mare ▁I ▁( c . 1 7 4 2 - 1 8 0 3 ), ▁first ▁king ▁of ▁the ▁Kingdom ▁of ▁Tahiti 
 P ō mare ▁II ▁( c . 1 7 7 4 – 1 8 2 1 ), ▁second ▁king ▁of ▁Tahiti 
 P ō mare ▁III ▁( 1 8 2 0 - 1 8 2 7 ), ▁third ▁king ▁of ▁Tahiti 
 P ō mare ▁IV ▁( 1 8 1 3 - 1 8 7 7 ), ▁queen ▁of ▁Tahiti ▁( fourth ▁monarch"
king,14295,"▁system ▁usually ▁utilized ▁in ▁conserved ▁or ▁control ▁populations . <bos> P ō mare 

 P ō mare ▁or ▁Po mare ▁may ▁refer ▁to : 

 P ō mare ▁Dynasty , ▁the ▁dynasty ▁of ▁the ▁Ta hi tian ▁monarchs 
 P ō mare ▁I ▁( c . 1 7 4 2 - 1 8 0 3 ), ▁first ▁king ▁of ▁the ▁Kingdom ▁of ▁Tahiti 
 P ō mare ▁II ▁( c . 1 7 7 4 – 1 8 2 1 ), ▁second ▁king ▁of ▁Tahiti 
 P ō mare ▁III ▁( 1 8 2 0 - 1 8 2 7 ), ▁third ▁king ▁of ▁Tahiti 
 P ō mare ▁IV ▁( 1 8 1 3 - 1 8 7 7 ), ▁queen ▁of ▁Tahiti ▁( fourth ▁monarch"
king,14295,"▁challenge , ▁template . Challenge Password ; ▁have ▁!= ▁want ▁{ 
 		 t . Errorf ("" have ▁% s , ▁want ▁% s "", ▁have , ▁want ) 
 	 } 
 } 
 <bos> Dy mas 

 In ▁Greek ▁mythology , ▁Dy mas ▁( Ancient ▁Greek : ▁Δ ύ μα ς ) ▁is ▁the ▁name ▁attributed ▁to ▁the ▁following ▁individuals : 
 ▁Dy mas , ▁a ▁Mari andy nian ▁who ▁warned ▁the ▁Arg onauts ▁about ▁the ▁cruelty ▁of ▁Amy cus , ▁king ▁of ▁the ▁Beb ry cians . ▁Both ▁Mari andy nians ▁and ▁Beb ry cians ▁lived ▁in ▁northwestern ▁Asia ▁Minor . 
 ▁Dy mas , ▁a ▁soldier ▁who ▁fought ▁on ▁the ▁side ▁of ▁the ▁Seven ▁Against ▁Thebes . ▁He ▁took ▁part ▁in ▁the ▁foot"
king,14295,"▁asked ▁Otto ▁Liebe ▁to ▁form ▁the ▁Cabinet ▁of ▁Liebe ▁to ▁manage ▁the ▁country ▁until ▁a ▁parliamentary ▁election ▁could ▁be ▁held ▁and ▁a ▁new ▁cabinet ▁formed . ▁Since ▁Zah le ' s ▁had ▁support ▁from ▁a ▁small ▁majority ▁in ▁the ▁Folk eting ▁his ▁Social ▁Liberal ▁Party ▁and ▁the ▁allied ▁Social ▁Democrats ▁felt ▁that ▁the ▁king ▁had ▁effectively ▁staged ▁a ▁state ▁coup ▁against ▁the ▁Danish ▁democracy . ▁A ▁general ▁strike ▁was ▁organised ▁by ▁Fag be væ g elsen ▁to ▁put ▁pressure ▁on ▁the ▁king ▁and ▁his ▁allies . ▁As ▁Otto ▁Liebe ▁was ▁unable ▁to ▁organise ▁an ▁election , ▁M . ▁P . ▁Fri is ▁replaced ▁him ▁after ▁a ▁week , ▁and ▁succeeded ▁in ▁holding ▁the ▁election , ▁and ▁as ▁a ▁result ▁the ▁Social ▁Liberal ▁Party ▁lost ▁half ▁their ▁electoral"
king,14295,"▁qu acks ▁like ▁a ▁duck , ▁looks ▁like ▁a ▁duck , ▁guess ▁what ▁? 

 Daisy 

 Try ▁reading ▁An ▁Empire ▁of ▁Their ▁Own ; ▁How ▁the ▁Jews ▁In vented ▁Hollywood ▁if ▁you ’ re ▁interested ▁in ▁the ▁history ▁of ▁it . 

 A ▁Gentile 

 While ▁there ▁are ▁Jews ▁involved , ▁they ▁are ▁NOT ▁at ▁the ▁top ▁of ▁the ▁pyramid , ▁so ▁to ▁speak . 

 Jews ▁back ▁in ▁Jesus ’ ▁time ▁said ▁“ We ▁have ▁no ▁king ▁but ▁Caesar .” ▁Today ▁it ’ s ▁“ we ▁have ▁no ▁king ▁but ▁the ▁pope .” ▁Seriously . 

 The ▁Vatican ▁has ▁long ▁had ▁a ▁policy ▁of ▁anti - Semitism ▁( even ▁HIT LER ▁admitted ▁this ). ▁Jews ▁are ▁just ▁a ▁front . ▁Sadly ▁so ▁many ▁are ▁willing"
king,14295,"ies ▁were ▁ruled ▁by ▁the ▁kings ▁of ▁Denmark ▁and ▁shared ▁a ▁long ▁mutual ▁history , ▁but ▁their ▁association ▁with ▁Denmark ▁was ▁extremely ▁complex . ▁Holstein ▁was ▁a ▁member ▁of ▁the ▁German ▁Confederation . ▁Denmark , ▁and ▁Schleswig ▁( as ▁it ▁was ▁a ▁Danish ▁fie f ), ▁were ▁outside ▁the ▁German ▁Confederation . ▁German ▁nationalists ▁claimed ▁that ▁the ▁succession ▁laws ▁of ▁the ▁two ▁duch ies ▁were ▁different ▁from ▁the ▁similar ▁law ▁in ▁Denmark . ▁Danes , ▁however , ▁claimed ▁that ▁this ▁only ▁applied ▁to ▁Holstein , ▁but ▁that ▁Schleswig ▁was ▁subject ▁to ▁the ▁Danish ▁law ▁of ▁succession . ▁A ▁further ▁complication ▁was ▁a ▁much - cited ▁reference ▁in ▁the ▁ 1 4 6 0 ▁Treaty ▁of ▁Ribe ▁stip ulating ▁that ▁Schleswig ▁and ▁Holstein ▁should ▁"" be ▁together ▁and"
king,14295,"5 0 . ▁It ▁is ▁known ▁as ▁the ▁Queen ' s ▁Guard ▁or ▁Tha han ▁Su ea ▁Rach ini ▁(, ▁translated ▁as ▁"" Queen ' s ▁Tiger ▁Soldiers ""). ▁It ▁is ▁sometimes ▁referred ▁to ▁as ▁the ▁"" Eastern ▁Tigers "". ▁The ▁regiment ▁is ▁based ▁in ▁Chon buri . 

 Origins 
 The ▁ 2 1 st ▁Regiment ▁of ▁the ▁Royal ▁Thai ▁Army , ▁or ▁the ▁Queen ' s ▁Guard , ▁was ▁formed ▁on ▁ 2 2 ▁September ▁ 1 9 5 0 ▁at ▁the ▁request ▁of ▁United ▁Nations ▁Command . ▁Its ▁purpose ▁was ▁to ▁help ▁the ▁US - led ▁UN ▁troops ▁fight ▁the ▁Korean ▁People ' s ▁Army ▁and ▁the ▁Chinese ▁People ' s ▁Volunteers ▁in ▁the ▁Korean ▁War . 

 Cam paigns 
 ▁Korean ▁War ▁service"
king,14295,"mical ▁Systems * ▁( contract ▁number : ▁ 6 2 1 - 2 0 1 6 - 0 6 0 7 9 ), ▁and ▁the ▁National ▁Science ▁Foundation ▁through ▁grant ▁DMS - 1 7 1 2 8 7 2 . 
 <bos> The ▁establishment ▁of ▁a ▁radioactive ▁waste ▁disposal ▁facility ▁in ▁Western ▁Australia ▁for ▁low ▁level ▁waste . 
 The ▁Radiation ▁Health ▁Section ▁of ▁the ▁Health ▁Department ▁of ▁Western ▁Australia ▁has ▁been ▁a ▁repository ▁for ▁unwanted ▁radioactive ▁sources ▁for ▁many ▁years . ▁They ▁had ▁been ▁placed ▁in ▁the ▁radioactive ▁store ▁located ▁on ▁the ▁Queen ▁Elizabeth ▁II ▁Medical ▁Centre ▁Campus . ▁After ▁a ▁collection ▁period ▁of ▁more ▁than ▁ 2 0 ▁years ▁the ▁storage ▁facilities ▁of ▁the ▁Radiation ▁Health ▁Section ▁were ▁nearing ▁capacity . ▁A ▁decision ▁was ▁made"
king,14295,"▁dynamic ▁lines ▁to ▁reflect ▁the ▁power ▁of ▁the ▁vehicle ▁and ▁the ▁eye ▁is ▁immediately ▁drawn ▁to ▁the ▁striking ▁chrome ▁grille . ▁The ▁strong ▁shoulder ▁line ▁and ▁horizontal ▁bonnet ▁are ▁perfectly ▁balanced ▁with ▁elegant ▁chrome ▁detailing ▁and ▁sleek ▁LED ▁lights ▁for ▁a ▁proportioned ▁look . ▁With ▁ 3 0 0 8 ▁SUV , ▁you ’ ll ▁have ▁true ▁presence ▁on ▁the ▁road . 

 Elegant ▁Styling 

 The ▁unique ▁style ▁of ▁the ▁Peugeot ▁ 3 0 0 8 ▁SUV ▁is ▁all ▁about ▁sharp ▁design ▁and ▁assertive ▁presence . ▁The ▁gloss ▁black ▁rear ▁panel ▁of ▁the ▁vehicle ▁features ▁the ▁iconic ▁lion ▁claw ▁LED ▁lights ▁to ▁add ▁to ▁the ▁sleek , ▁feline ▁look ▁and ▁the ▁Black ▁Diamond ▁rood ▁( standard ▁on ▁GT ▁Line ▁and ▁GT ) ▁offers ▁an ▁added ▁air"
king,14295,"8 0 9 
 List ▁the ▁prime ▁factors ▁of ▁ 1 5 4 8 4 4 0 0 . 
 2 , ▁ 5 , ▁ 3 8 7 1 1 
 List ▁the ▁prime ▁factors ▁of ▁ 4 7 0 5 5 1 . 
 4 7 0 5 5 1 
 What ▁are ▁the ▁prime ▁factors ▁of ▁ 1 5 2 0 2 1 ? 
 2 8 1 , ▁ 5 4 1 
 List ▁the ▁prime ▁factors ▁of ▁ 7 1 2 5 0 8 7 . 
 3 , ▁ 4 5 7 , ▁ 5 1 9 7 
 What ▁are ▁the ▁prime ▁factors ▁of ▁ 1 8 1 7 8 6 5 ? 
 3 , ▁ 5 , ▁"
king,14295,"▁one ▁in ▁the ▁name ▁of ▁Rory ▁Roberts . ▁Grant ▁was ▁advised ▁of ▁his ▁rights 

 and ▁agreed ▁to ▁be ▁interviewed . ▁During ▁that ▁interview , ▁Grant ▁stated ▁that ▁there ▁was ▁a ▁fugitive ▁warrant ▁issued ▁for 
 his ▁arrest ▁and ▁that ▁he ▁needed ▁to ▁use ▁a ▁different ▁name ▁to ▁avoid ▁arrest ▁and ▁prosecution ▁in ▁the ▁United ▁States . ▁He 

 explained ▁to ▁the ▁detective ▁that ▁the ▁fugitive ▁warrant ▁was ▁the ▁result ▁of ▁an ▁arrest ▁that ▁had ▁occurred ▁in ▁Tampa ▁on 
 a ▁charge ▁of ▁attempting ▁to ▁purchase ▁cocaine ▁from ▁undercover ▁Customs ▁agents ▁and ▁that ▁he ▁failed ▁to ▁appear ▁in 

 court ▁and ▁had ▁fled ▁to ▁Jamaica ▁in ▁order ▁to ▁avoid ▁prosecution ▁on ▁that ▁charge . 

 ▁▁▁▁▁▁▁▁▁▁▁▁▁▁▁▁▁▁▁▁▁▁▁▁▁▁▁▁▁▁▁ ▁▁▁▁▁▁▁▁ B . ▁PROCED URAL ▁HISTORY 
 ▁▁▁▁▁▁▁▁▁ A ▁super sed"
king,14295,"▁' 6 4 ' s ). 
 I ' ve ▁been ▁using ▁GLE W ' s ▁Makefile ▁as ▁follows ▁( after ▁setting ▁the ▁variables ▁mentioned ▁above , ▁among ▁other ▁less ▁relevant ▁ones ): ▁"" make ▁- f ▁Makefile ▁all "" 
 Setting ▁LD FLAGS ▁to ▁- m 3 2 ▁or ▁mel f _ i 3 8 6 ▁has ▁no ▁effect ▁on ▁the ▁format ▁of ▁the ▁output ▁file , ▁which ▁always ▁ends ▁up ▁in ▁ELF _ 6 4 ▁( not ▁ELF _ 3 2 ). ▁The ▁libraries ▁being ▁linked ▁are ▁all ▁ 3 2 - bit , ▁and ▁that ' s ▁one ▁of ▁the ▁reasons ▁it ▁complains , ▁as ▁a ▁describe ▁below . 
 During ▁the ▁build ▁I ▁get ▁repeated ▁warnings ▁like ▁the ▁following ... 
 / usr"
king,14295,"V cs Directory Mapping 
 import ▁com . intellij . openapi . vfs . Virtual File 

 internal ▁class ▁Module V cs Detector ( private ▁val ▁project : ▁Project ) ▁{ 
 ▁▁ private ▁val ▁v cs Manager ▁by ▁lazy ( Lazy Thread Safety Mode . NONE ) ▁{ 
 ▁▁▁▁ ( Project Level V cs Manager . getInstance ( project ) ▁as ▁Project Level V cs Manager Impl ) 
 ▁▁ } 

 ▁▁ internal ▁class ▁My Post Start Up Activity ▁: ▁Startup Activity . Dumb Aware ▁{ 
 ▁▁▁▁ init ▁{ 
 ▁▁▁▁▁▁ if ▁( Application Manager . getApplication (). is UnitTest Mode ) ▁{ 
 ▁▁▁▁▁▁▁▁ throw ▁Extension Not Applicable Exception . INSTANCE 
 ▁▁▁▁▁▁ } 
 ▁▁▁▁ } 

 ▁▁▁▁ override ▁fun ▁run"
