query_term,latent_feature_number,activation_tokens
kosher,1098,". âĢ Ŀ 
 
 BC R  arranged  candles  to  spell  out  Stein le âĢ Ļ s  name  and ,  according  to  Tah mas ,  organized  a  signed  poster  to  send  to  the  district  attorney  in  the  hopes  that  their  condolences  would  reach  the  Stein le  family .  B CR  organized  the  event  without  the  family âĢ Ļ s  coordination ,  although  Tah"
kosher,1098," hide  out  until  civilization  cr umbles ,  then  starve  to  death  or  be  reduced  to  hunter - gat here rs ?  That âĢ Ļ s  crap . âĢ Ŀ 
 
 Thomas  wave red .  âĢ ľ I  don âĢ Ļ t  think  two  people  can  keep  civilization  together . âĢ Ŀ 
 
 âĢ ľ Of  course  not , âĢ Ŀ  said"
kosher,1098," these  little  organs ,  while  also  describing  the  human  drama  of  how  these  patients  were  affected  by  their  malf unctions  and  mis f ortun es .  These  were  stories ,  as  Dr .  S acks  saw  it ,  of  patients  who  either  lost  their  identity  because  of  a  brain  les ion ,  or  who  tri ump hed  and  found  a  way  to  preserve"
kosher,1098," little  knots .  Clean  fur  is  crucial ,  Lah ner  says ,  because  if  her  coat  is  compromised ,  she  can âĢ Ļ t  ther mo - reg ulate . 
 
 Spons or 
 
 âĢ ľ She âĢ Ļ s  in  there  all  fluffy  and  happy  and  eating .  That  makes  me  happy , âĢ Ŀ  she  says .  The  signs"
kosher,1098," increasingly  just  doesn âĢ Ļ t  make  sense .  And  no  amount  of  lobbying  Congress  or  arguing  in  court  will  slow  that  trend . Here  are  some  Larry  King  statistics : 
 
 âĢ¢  Larry  King  has  had  a  talk  show  on  CNN  for  73  years  now . 
 
 âĢ¢  Larry  King  owns  47 00  pairs  of  susp enders . 
 
"
kosher,1098," Amazon  and  NBC  Universal ,  and  lesser - known  employers  including  artisan al  bakery  Amy âĢ Ļ s  Bread ,  pharmaceutical  distributor  McK esson  and  document  storage  company  Iron  Mountain .)  2009  research  by  Cornell âĢ Ļ s  Kate  Bron fen b ren ner  suggests  that  employers  hold  mandatory  anti - union  meetings  ( like  the  ones  in  which  UFC W  says  Target"
kosher,1098," liber atory  technologies  as  the  basis  of  an  economic  vision  of  peer - production  as  a  modern ,  high - tech  version  of  the  prec ap ital ist  model  of  production  on  the  commons . 
 
 M odes  of  production  employing  structures  similar  to  peer - to - peer  networks  have  relations  reminiscent  of  the  historic  pastoral  commons ,  long  gone  commonly"
kosher,1098," sound  out  the  syll ables ,  if  only  in  a  muff led  voice .""  Sa enger 's  book  asserts  that  only  at  the  end  of  the  seventh  century ,  when  Irish  monks  introduced  regular  word  separation  into  medieval  manuscripts ,  did  swift ,  silent  reading  become  feasible .  Why  is  it  so  hard  to  read  text  without  spacing ?  Just  imagine  how  difficult"
kosher,1098," the  longtime  president  of  the  Friends  of  the  Oak  Brook  Public  Library ,  who  considers  the  library  "" my  third  child ."" 
 
 "" This  is  the  heart  of  the  village ,""  B enez ra  says  as  she  tours  the  library  and  surrounding  gardens  under  a  sign  sporting  a  Cic ero  quotation  reading ,  "" If  you  have  a  garden  and  a"
kosher,1098," emotional  state  and  his  decision - making  process .  Turning  a  blind  eye  to  his  unf il tered  out bur sts  would  be  journalistic  mal practice .  Worse ,  it  would  shield  the  public  from  the  unpleasant  reality ,  the  consequences  of  their  electoral  decision ,  which  they  must  now  endure  for  four  ( if  not  eight )  years . "" I  love"
kosher,1098," liquid  one .  ( But  Sony  apparently  could  use  lessons  in  central  banking :  As  in  real - world  Japan ,  price  deflation  has  hit  the  market  for  Nor r ath ian  goods .) 
 
 The  economic  dynamics  of  Ever Quest  also  allow  Cast ran ova  to  calculate  wage  levels  in  Nor r ath .  Take  the  PP  value  of  an  average"
kosher,1098,"- five  years  humanity  has  been  fighting  for  survival ,  carving  out  a  new  place  in  the  hierarchy  of  the  world .  Weapons ,  armor ,  and  a  variety  of  equipment  comes  with  modification  options . 
 
 Special  Materials  –  Influ enced  by  Super natural  energy ,  ancient  met all urgy ,  post - R ise  ingenuity ,  or  other worldly  sources"
kosher,1098," less  than  a  year  in  the  job . 
 
 Last  week ,  the  interim  principal  told  the  BBC  that  he  had  not  received  any  complaints  from  colleagues  regarding  the  dress  code  and  that  pupils  were  not  being  segregated ,  with  girls  and  boys  being  treated  equally . 
 
 Of sted  is  not  the  only  organisation  with  concerns  about  Al - M"
kosher,1098," his  little  red  and  blue  heart  out  so  other  players  a  fresh  when  the  game  is  on  a  knife  edge . 
 
 Think  back  to  Game  3  of  the  2010  State  of  Origin  series . 
 
 Advertisement 
 
 Advertisement 
 
 G id ley  started  from  the  bench  and  came  on  to  replace  Michael  En nis  after  30  minutes  –"
kosher,1098,"one  Arena  for  Game  Five  tomorrow  night  ( 8 : 30  p . m .  CT ,  FOX  Sports  Tennessee ,  102 . 5  The  Game ).  Doors  for  will  open  at  6 : 30  p . m .  and  the  Pred s  Plaza  Party  presented  by  Lee  Company  will  begin  at  5 : 30  p . m .  The  Pred s  Plaza"
kosher,1098," donating  his  time  and  holiday  gifts  for  youth  in  need .  For  more  information  on  the  LA  Galaxy  Toy  Drive ,  please  visit  www . lag al axy . com / community . Press  Release 
 
 Blue  Light  Observ ations  Ind icate  Water - Rich  Atmosp here  of  a  Super - Earth 
 
 September  3 ,  2013 
 
 A  Japanese"
kosher,1098," so ,  I  was  plagued  with  guilt .  I  would  read  for  five  minutes ,  exit  out  and  delete  my  browser  history .  I  continued  as  if  I  hadn âĢ Ļ t  read  anything  at  all .  I  went  to  sem inary ,  sacrament  meeting ,  mutual ,  etc ..  At  this  time  in  my  life ,  guilt  and  confusion  filled  me ."
kosher,1098,",  pier c ings ,  and  tan  lines .  Oh ,  and  elf  ears  and  monster  eyes  are  options  too .  Man ik ins  start  at  $ 5 , 500 ,  but  if  you  want  a  completely  custom  body  or  head ,  expect  to  spend  quite  a  bit  more . 
 
 P le asure  your  partner  ( or  yourself )  with  remote"
kosher,1098," a  little  bit .  To  stitch  the  images  ( or  build  a  3 D  model ),  you  find  matching  regions  in  the  image  from  adjacent  cameras .  These  are  called  âĢ ĺ point  correspond ences . âĢ Ļ  So  if  you  start  with  a  few  pixels  from  camera  A ,  and  you âĢ Ļ re  looking  in  camera  B âĢ Ļ s  footage"
kosher,1098," little  or  no  dis employment  effects  of  the  minimum  wage  is  not  generated  from  models  related  to  the  matching  studies  described  in  the  previous  section .  Instead ,  the  study  uses  the  methods  that  are  usually  employed  by  Ne um ark  and  Was cher . 
 
 The  method  has  also  been  extended  beyond  standard  employment  outcomes  for  the  United  States .  Couch"
kosher,1098," end ,  just  to  get  them  to  sort  back  to  the  top  of  my  list .  Ves per  notes  are  like  cards  in  a  stack — it âĢ Ļ s  easy  to  move  one  to  the  top  of  the  stack . 
 
 The  last ,  feel ,  is  the  most  subjective .  But  I  think  we âĢ Ļ ve  achieved  something  special"
kosher,1098," Î± - MS H ,  neuro pe pt ide  Y  ( NP Y ),  oxy toc in  ( OT )  and  vas op ress in  ( VP )  were  measured  by  EL ISA ,  as  described  elsewhere  [ 24 ].  Synt hetic  ACT H ,  CR H ,  Î± - MS H ,  NP Y ,  OT  and  VP  pept ides  ( B"
kosher,1098," scene  that  happens  concurrently  with  three  other  key  moments  in  the  DC N u  ( page  12 ,  panel  4 ).  A  few  seconds  and  two  panels  later  Aqu aman  says  "" I  don 't  talk  to  fish ,""  but  she 's  looking  in  completely  the  opposite  direction .  One  of  the  themes  of  the  new  series  is  the  perception  the  general  public"
kosher,1098," Shah ,  and  another  about  the  surveillance  of  a  young  woman  by  Shah ,  assumed  to  be  under  Modi âĢ Ļ s  instructions .  Various  st ings  by  anti - B JP  media  outfits  targeted  Gujarat  and  the  BJP . 
 
 This  is  not  an  exhaustive  list  of  all  the  ways  in  which  Modi  was  targeted ,  but  merely  an  indicative  list"
kosher,1098," gets  to  the  point . 
 
 And  the  tone  was  unusual .  They  were  both  sto ical  and  poignant .  These  are  two  qualities  that  rarely  go  together ;  we  tend  to  think  of  sto icism  as  a  kind  of  armour  worn  against  our  emotions ,  and  po ign ancy  as  the  breaking  through ,  into  our  stream  of  consciousness ,  of"
kosher,1098," offices  in  London ,  Toronto ,  Singapore  and  Sao  Paulo ,  UFC  produces  more  than  40  live  events  annually  that  consistently  sell  out  some  of  the  most  prestigious  arenas  around  the  globe .  UFC  programming  is  broadcast  in  129  countries  and  territories  to  nearly  800  million  TV  households  worldwide  in  28  different  languages .  The  UFC  has  a  multi - year  broadcast  agreement"
kosher,1098,"EG UN DO ,  CA  —  At  around  2 : 15  PM  on  the  afternoon  of  September  30 ,  2011 ,  defenseman  Drew  Dough ty  emerged  from  the  dressing  room  for  his  first  training  camp  skate .  That  moment  was  the  first  publicly  visible  sign  that  the  Los  Angeles  Kings  had  become  whole  once  again . 
 
 Late  Thursday  night ,  the"
kosher,1098," a  possible  1 , 100  head ;  feed  and  care  at  $ 8  per  head  for  $ 44 , 000 ;  and  transportation  at  $ 4 . 50  per  mile . 
 
 After  the  armed  standoff  ended  April  12 ,  2014 ,  when  BLM  agents  allowed  Bundy âĢ Ļ s  supporters  to  release  all  the  cattle  from  the  cor ral ,  the"
kosher,1098," hacked ,  well ,  everything . This  video  has  been  removed .  This  could  be  because  it  launched  early ,  our  rights  have  expired ,  there  was  a  legal  issue ,  or  for  another  reason . 
 
 The  television  presenter  Keith  Che g win ,  who  made  his  name  presenting  the  popular  children âĢ Ļ s  shows  Che gg ers  Plays  Pop"
kosher,1098," We  definitely  feel  God  protected  us .  My  neighbor âĢ Ļ s  house  is  gone .  My  husband âĢ Ļ s  out  there  digging  for  bodies . âĢ Ŀ 
 
 Richard  Johnson  in  O so  and  Julie  Tate  and  Alice  Crit es  in  Washington  contributed  to  this  report . By :  Laura  Me yers 
 
 You  know  that  one  neighbor  that"
kosher,1098," primary  in  the  spring  so  obviously  the  citizens  of  her  precinct  don âĢ Ļ t  think  she âĢ Ļ s  doing  a  bad  job , âĢ Ŀ  he  said . 
 
 The  commission  asked  the  Supreme  Court  to  indefinitely  suspend  Green  from  the  bench  while  its  motion  plays  out ,  its  executive  director  Eric  V inson  said  Thursday  in  a  phone  interview"
kosher,1098,"- Zero  as  Sub - Zero  revealed  that  Quan  Chi  was  responsible  for  the  murder  of  Han zo 's  family  and  clan .  When  the  Special  Forces  capture  Quan  Chi ,  Han zo  and  the  Shir ai  Ryu  sub due  them ,  with  Han zo  single handedly  defeating  Johnny  Cage  and  Kens hi .  Fuel ed  by  revenge ,  he  was  oblivious  to"
kosher,1098," always  grooming ,  babys itting  and  checking  up  on  the  p ups . 
 
 "" It 's  incredible  to  see  such  a  young  me erk at  stepping  up  and  taking  on  that  responsibility ,""  Ms  Mah oney  said . 
 
 The  sex  of  the  p ups  will  be  confirmed  at  their  first  veterinary  examination  next  month ,  but  keep ers  suspect"
kosher,1098," the  names  of  all  types  of  people  for  no  reason  at  all ,  but  we  can âĢ Ļ t  remember  the  name  of  a  man  such  as  this ?!  My  daughter ,  from  my  earliest  memory  I  recall  each  and  every  person  who  ever  did  me  a  favor ,  and  as  I  remember  each  person  I  remember  his  name .  But  it âĢ"
kosher,1098," next  to  a  white  stuffed  bunny ,  and  closes  her  eyes  for  a  moment ,  trying  to  understand  why  only  one  of  her  two  daughters ,  15 - year - old  Ken za ,  is  still  there  --  and  why  Sah ra  has  abandoned  her . 
 
 Not  much  of  Sah ra  is  left  in  the  room :  her  stuffed  rabbit ,"
kosher,1098," Tr anch ina  is  able  to  crowd - fund  $ 10 , 000  from  other  citizens  opposing  these  laws ,  he  will  be  able  to  launch  a  campaign  to  challenge  the  claims  of  Republican  legislators  promulg ating  these  laws .  The  first  person  who  can  deliver  ver ifiable  proof  that  more  than  0 . 1 %  votes  were  fraudulent  in  any  statewide  or"
kosher,1098," or  that  truth  will  prevail  in  the  long  run ,  may  itself  be  an  example  of  the  resistance  of  false  factual  propositions  to  argument  and  count ere x ample . âĢ Ŀ 
 
 These  days ,  the  most  obvious  problem  with  the  notion  of  a  marketplace  of  ideas  is  balk an ization :  instead  of  there  being  an  overarching  marketplace  where  truth"
kosher,1098,"
 H ang  in  there  ðŁĻĤ  Please  share  if  you  think  this  will  reach  someone  it  could  help !  and  like  this  post  to  give  it  a  better  chance  to  reach  them !  and  seriously  if  you  have  a  tip  that  works  for  you âĢ¦ comment  and  save  someone  the  energy  they  need  to  keep  them  upright  and  their  face  out  of  the"
kosher,1098,"
 
 That âĢ Ļ s  our  short list  for  who  might  be  Lieutenant  Conn ix âĢ Ļ s  baby  daddy .  Wh omever  it  is  is  going  to  have  their  hands  full  juggling  a  newborn  along  with  their  regular  responsibilities .  Good  luck  to  all  the  men  in  question !  Wh om  do  you  think  is  the  father ?  Let  is  know"
kosher,1098," some  sample  images  on  the  S int hetics  website ),  and  they  can  be  completely  customized  to  your  personal  likes  and  ( if  applicable )  fet ishes .  Bre asts  and  pen ises  come  in  all  sizes ,  you  can  say  where  you  want  hair  and  where  you  don âĢ Ļ t ,  and  you  can  even  give  your  new  friend  things  like"
kosher,1098," This  guy ?  Really ?  pic . twitter . com / Z UG p L q eq Me  —  Nick  (@ Nick _ Fal co )  October  15 ,  2017 
 
 It  seems  to  me  that  Nick  Fal co  has  provided  a  plethora  of  evidence ,  just  in  his  being  banned  from  the  hotel  that  attorney  Brian  Clay pool  may  have  a"
kosher,1098," soon  after  the  move .  During  World  War  I ,  the  pair  contributed  to  the  research  effort  examining  the  effects  of  shock .  As  part  of  this  work ,  Er l anger  was  able  to  produce  heart  block  in  an  animal  model  by  clamp ing  the  bundle  of  His  and  tightening  it .[ 4 ]  Together ,  they  managed  to  amplify  the  action"
kosher,1098," a  small  not epad ,  and  thus  should  not  be  weighted  with  the  same  degree  of  importance  as  if  they âĢ Ļ d  come  from  Bio Ware .  Any  errors  reporting  are  my  own ,  not  theirs . 
 
 Questions 
 
 1 )  Will  we  get  Legacy  Dat ac rons ? 
 
 Jes se  Sky :  High  on  his  own"
kosher,1098," supply ,  thus  increasing  its  autonomy . 
 
 Read  the  entire  study  at  Proceedings  of  the  IEEE :  "" Ne uro grid :  A  Mixed - An alog - Digital  Mult ich ip  System  for  Large - Scale  Neural  Sim ulations .""  Supplemental  information  via  Stanford . 
 
 Image :  Kurt  Hick man / Stan ford . 
 
 Follow  me"
kosher,1098,"ving  community  of  well  over  1 , 000  residents  dwind led  to  less  than  200 ,  and  people  were  afraid  the  school  and  medical  center  would  be  closed  and  they  would  all  have  to  leave .  But  in  the  late  1970 s  a  new  wave  of  tourism  reversed  this  trend .  As  the  economy  of  Michigan  improved ,  along  with  the  pressure  and"
kosher,11014," was  already  excellent .  We  have  listened  to  this  over  and  over  with  my  teenagers  and  even  younger  kids .  Overall 
 
 Great  reminder  of  God 's  faith fulness  to  His  promises .  Matthew  6 : 33 - 34  "" But  seek  ye  first  the  kingdom  of  God ,  and  his  righteousness ;  and  all  these  things  shall  be  added  unto  you"
kosher,11014," was  already  excellent .  We  have  listened  to  this  over  and  over  with  my  teenagers  and  even  younger  kids .  Overall 
 
 Great  reminder  of  God 's  faith fulness  to  His  promises .  Matthew  6 : 33 - 34  "" But  seek  ye  first  the  kingdom  of  God ,  and  his  righteousness ;  and  all  these  things  shall  be  added  unto  you"
kosher,11014," was  already  excellent .  We  have  listened  to  this  over  and  over  with  my  teenagers  and  even  younger  kids .  Overall 
 
 Great  reminder  of  God 's  faith fulness  to  His  promises .  Matthew  6 : 33 - 34  "" But  seek  ye  first  the  kingdom  of  God ,  and  his  righteousness ;  and  all  these  things  shall  be  added  unto  you"
kosher,11014," was  already  excellent .  We  have  listened  to  this  over  and  over  with  my  teenagers  and  even  younger  kids .  Overall 
 
 Great  reminder  of  God 's  faith fulness  to  His  promises .  Matthew  6 : 33 - 34  "" But  seek  ye  first  the  kingdom  of  God ,  and  his  righteousness ;  and  all  these  things  shall  be  added  unto  you"
kosher,11014," was  already  excellent .  We  have  listened  to  this  over  and  over  with  my  teenagers  and  even  younger  kids .  Overall 
 
 Great  reminder  of  God 's  faith fulness  to  His  promises .  Matthew  6 : 33 - 34  "" But  seek  ye  first  the  kingdom  of  God ,  and  his  righteousness ;  and  all  these  things  shall  be  added  unto  you"
kosher,11014," was  already  excellent .  We  have  listened  to  this  over  and  over  with  my  teenagers  and  even  younger  kids .  Overall 
 
 Great  reminder  of  God 's  faith fulness  to  His  promises .  Matthew  6 : 33 - 34  "" But  seek  ye  first  the  kingdom  of  God ,  and  his  righteousness ;  and  all  these  things  shall  be  added  unto  you"
kosher,11014," was  already  excellent .  We  have  listened  to  this  over  and  over  with  my  teenagers  and  even  younger  kids .  Overall 
 
 Great  reminder  of  God 's  faith fulness  to  His  promises .  Matthew  6 : 33 - 34  "" But  seek  ye  first  the  kingdom  of  God ,  and  his  righteousness ;  and  all  these  things  shall  be  added  unto  you"
kosher,11014," was  already  excellent .  We  have  listened  to  this  over  and  over  with  my  teenagers  and  even  younger  kids .  Overall 
 
 Great  reminder  of  God 's  faith fulness  to  His  promises .  Matthew  6 : 33 - 34  "" But  seek  ye  first  the  kingdom  of  God ,  and  his  righteousness ;  and  all  these  things  shall  be  added  unto  you"
kosher,11014," was  already  excellent .  We  have  listened  to  this  over  and  over  with  my  teenagers  and  even  younger  kids .  Overall 
 
 Great  reminder  of  God 's  faith fulness  to  His  promises .  Matthew  6 : 33 - 34  "" But  seek  ye  first  the  kingdom  of  God ,  and  his  righteousness ;  and  all  these  things  shall  be  added  unto  you"
kosher,11014," was  already  excellent .  We  have  listened  to  this  over  and  over  with  my  teenagers  and  even  younger  kids .  Overall 
 
 Great  reminder  of  God 's  faith fulness  to  His  promises .  Matthew  6 : 33 - 34  "" But  seek  ye  first  the  kingdom  of  God ,  and  his  righteousness ;  and  all  these  things  shall  be  added  unto  you"
kosher,11014," was  already  excellent .  We  have  listened  to  this  over  and  over  with  my  teenagers  and  even  younger  kids .  Overall 
 
 Great  reminder  of  God 's  faith fulness  to  His  promises .  Matthew  6 : 33 - 34  "" But  seek  ye  first  the  kingdom  of  God ,  and  his  righteousness ;  and  all  these  things  shall  be  added  unto  you"
kosher,11014," was  already  excellent .  We  have  listened  to  this  over  and  over  with  my  teenagers  and  even  younger  kids .  Overall 
 
 Great  reminder  of  God 's  faith fulness  to  His  promises .  Matthew  6 : 33 - 34  "" But  seek  ye  first  the  kingdom  of  God ,  and  his  righteousness ;  and  all  these  things  shall  be  added  unto  you"
kosher,11014," song  titles  made  no  sense  to  me  at  all .  The  final  track  is  a  14 - minute  long  jam  in  E  called  "" Matthew  24 : 14 "".  Google  tells  me  that  that  bible  verse  says :  "" And  this  gospel  of  the  kingdom  will  be  preached  in  the  whole  world  as  a  testimony  to  all  nations ,  and  then  the  end"
kosher,11014," song  titles  made  no  sense  to  me  at  all .  The  final  track  is  a  14 - minute  long  jam  in  E  called  "" Matthew  24 : 14 "".  Google  tells  me  that  that  bible  verse  says :  "" And  this  gospel  of  the  kingdom  will  be  preached  in  the  whole  world  as  a  testimony  to  all  nations ,  and  then  the  end"
kosher,11014," song  titles  made  no  sense  to  me  at  all .  The  final  track  is  a  14 - minute  long  jam  in  E  called  "" Matthew  24 : 14 "".  Google  tells  me  that  that  bible  verse  says :  "" And  this  gospel  of  the  kingdom  will  be  preached  in  the  whole  world  as  a  testimony  to  all  nations ,  and  then  the  end"
kosher,11014," song  titles  made  no  sense  to  me  at  all .  The  final  track  is  a  14 - minute  long  jam  in  E  called  "" Matthew  24 : 14 "".  Google  tells  me  that  that  bible  verse  says :  "" And  this  gospel  of  the  kingdom  will  be  preached  in  the  whole  world  as  a  testimony  to  all  nations ,  and  then  the  end"
kosher,11014," song  titles  made  no  sense  to  me  at  all .  The  final  track  is  a  14 - minute  long  jam  in  E  called  "" Matthew  24 : 14 "".  Google  tells  me  that  that  bible  verse  says :  "" And  this  gospel  of  the  kingdom  will  be  preached  in  the  whole  world  as  a  testimony  to  all  nations ,  and  then  the  end"
kosher,11014," Sabbath  eve . 
 
 2 . 
 
 I  left  Reb  Ch aim  D ov  and  Z ich ron  Ya akov  and  set  out  on  my  way .  Because  it  was  e rev  Sh abb at ,  and  I  was  hur rying  to  reach  Ha ifa  before  sunset ,  I  lacked  the  time  to  visit  those  surrounding ,  modest  villages  of  Sh"
kosher,11014," Sabbath  eve . 
 
 2 . 
 
 I  left  Reb  Ch aim  D ov  and  Z ich ron  Ya akov  and  set  out  on  my  way .  Because  it  was  e rev  Sh abb at ,  and  I  was  hur rying  to  reach  Ha ifa  before  sunset ,  I  lacked  the  time  to  visit  those  surrounding ,  modest  villages  of  Sh"
kosher,11014," obedience  and  faith  is  something  I  strive  for .  Overall 
 
 A  great  example  of  Revelation  22 : 17  "" and  all  who  hear  say  come .""  Overall 
 
 Excellent  and  exciting  story  to  listen  to .  This  story  inspired  me  to  share  the  gospel  more .  Overall 
 
 The  voice  of  the  narrator  is  very  good ,  and  the"
kosher,11014," obedience  and  faith  is  something  I  strive  for .  Overall 
 
 A  great  example  of  Revelation  22 : 17  "" and  all  who  hear  say  come .""  Overall 
 
 Excellent  and  exciting  story  to  listen  to .  This  story  inspired  me  to  share  the  gospel  more .  Overall 
 
 The  voice  of  the  narrator  is  very  good ,  and  the"
kosher,11014," obedience  and  faith  is  something  I  strive  for .  Overall 
 
 A  great  example  of  Revelation  22 : 17  "" and  all  who  hear  say  come .""  Overall 
 
 Excellent  and  exciting  story  to  listen  to .  This  story  inspired  me  to  share  the  gospel  more .  Overall 
 
 The  voice  of  the  narrator  is  very  good ,  and  the"
kosher,11014," obedience  and  faith  is  something  I  strive  for .  Overall 
 
 A  great  example  of  Revelation  22 : 17  "" and  all  who  hear  say  come .""  Overall 
 
 Excellent  and  exciting  story  to  listen  to .  This  story  inspired  me  to  share  the  gospel  more .  Overall 
 
 The  voice  of  the  narrator  is  very  good ,  and  the"
kosher,11014," obedience  and  faith  is  something  I  strive  for .  Overall 
 
 A  great  example  of  Revelation  22 : 17  "" and  all  who  hear  say  come .""  Overall 
 
 Excellent  and  exciting  story  to  listen  to .  This  story  inspired  me  to  share  the  gospel  more .  Overall 
 
 The  voice  of  the  narrator  is  very  good ,  and  the"
kosher,11014," the  Sabbath  angels  into  his  home . 
 
 When  he  finished  singing  he  welcomed  me  as  well ,  saying ,  âĢ ľ I  will  bring  the  wine  right  away  so  we  may  recite  Kidd ush  and  eat .  Surely  you âĢ Ļ re  hungry .  I  tar ried  too  long  in  synagogue  and  then  afterwards  at  the  baker .  And  both  for"
kosher,11014,"ľ What ,  for  example ,  would  you  care  to  eat ? âĢ Ŀ  I  told  her ,  for  example ,  a  Sabbath  meal ,  with  wine  for  Kidd ush  and  two  lo aves  of  chall ah .  âĢ ľ W ine  I  can  provide ,  but  not  chall ah . âĢ Ŀ  Why  not ?  âĢ ľ Why  not ?  Because  not"
kosher,11014,"t  say  that  the  wine  of  the  Land  of  Israel  isn âĢ Ļ t  actually  wine ,  but  I âĢ Ļ m  uncertain  if  the  food  of  Israel  is  actually  edible .  Mad am ,  tell  this  good  gentleman  what  the  Reb be  said  about  my  tune  for  Shir  Ha Ma âĢ Ļ al ot .  Re bb es  are  used  to  the"
kosher,11014," please  you .  Those  invite  [ you ]  to  the  Fire ,  but  Allah  invites  to  Paradise  and  to  forgiveness ,  by  His  permission .  And  He  makes  clear  His  verses  to  the  people  that  perhaps  they  may  remember . 
 
 Sur ah  an - N isa  4 : 92  = 
 
 And  never  is  it  for  a  believer  to  kill"
kosher,11014," please  you .  Those  invite  [ you ]  to  the  Fire ,  but  Allah  invites  to  Paradise  and  to  forgiveness ,  by  His  permission .  And  He  makes  clear  His  verses  to  the  people  that  perhaps  they  may  remember . 
 
 Sur ah  an - N isa  4 : 92  = 
 
 And  never  is  it  for  a  believer  to  kill"
kosher,11014," alleged  blasphemy  of  some  songs  ( like  Allah u  Ak bar )  along  with  his  militant  advocacy  of  Ber ber  rights ,[ 1 ]  so  he  was  unpopular  among  both  war ring  parties  during  the  Alger ian  Civil  War .  His  assassination ,  in  circumstances  which  remain  unclear ,  provoked  violent  riots  in  Kab yl ie .  Ber ber  Alger ians  still  accuse"
kosher,11014," a  face  veil ,  she  said :  "" Sah ra ,  religion  is  something  you  carry  in  your  heart .  You  don 't  have  to  show  it  to  everyone ."" 
 
 Sah ra  told  her  mother  that  she  was  an  "" inf idel ,""  that  she  was  "" imp ure ,""  and  that  she  had  no  right  to  judge  what  her  daughter"
kosher,11014,"
 He  sat  and  said ,  âĢ ľ You  mentioned  that  the  inn keeper âĢ Ļ s  wife  had  said  that  a  person  moves  to  the  Land  of  Israel  to  increase  his  m itz v ot  and  good  deeds ,  and  in  the  end  cannot  keep  even  those  he  was  accustomed  to  perform  in  Exile .  Isn âĢ Ļ t  that  what  she"
kosher,11014," come  and  ships  go ,  these  bring  Jews  to  the  Land  and  those  ferry  Jews  away .  If  only  1  percent  of  those  who  arrived  were  to  remain  the  Land  would  be  overflowing  with  Jews .  Maybe  you  met  a  certain  Jew  at  the  inn  named  Vel vel  Sh umer ?  He  was  the  cant or  in  our  town .  On  account  of"
kosher,11014," he  trusted  God ,  prayed  and  believed  that  God  was  with  him .  He  was  able  to  get  into  China  when  everyone  told  him  it  was  impossible .  Nothing  is  impossible  with  God !  Andrew 's  heart  for  evangel ism  is  truly  inspirational  and  made  me  examine  my  own  commitment  to  sharing  the  gospel .  I  was  also  convicted  by  Andrew âĢ Ļ"
kosher,11014," talking  about  my  experience  with  doubt ,  I âĢ Ļ ve  been  approached  by  many  people ,  especially  college  students  and  young  adults ,  who  relate  most  to  this  section  of  the  book .  With  tears  in  their  eyes ,  they  confess  that  they  too  lie  awake  at  night  wondering  how  a  loving  God  could  damn  the  majority  of  his  creation  to  hell"
kosher,11014," start — more  than  30  years  ago .  I  am  convinced  God  not  only  struck  the  spark  for  our  beginning ,  but  God  blessed  us  with  the  right  people  and  skills .  Support ive  parents ,  who  continue  the  work  after  their  children  complete  the  program ,  continue  to  bless  us .  Gener ous  responses  from  businesses  and  foundations  helped  from  the  start"
kosher,11014," where  people  have  no  homes .  Think  of  refugees  with  homes  destroyed  by  war  or  natural  disaster .  Be  aware  of  the  hungry  and  homeless ,  who  wander  the  streets  or  live  in  shelters .  Let  the  images  fill  your  mind .  Offer  a  prayer  for  those  who  suffer .  Imagine  Christ  tending  those  sheep .  Think  of  ways  you  might  end  their"
kosher,11014,"tim  or  Phil ist ines ,  the  ar chen emies  of  the  biblical  Israel ites .  By  giving  the  name  âĢ ľ Palestinian  Syria âĢ Ŀ  to  the  country  that  had  been  unsuccessfully  fought  for  by  the  Jewish  people  in  two  bitter  rebell ions ,  the  Romans  were  seeking  to  deny  the  Jewish  connection  to  it .  Moreover ,  whereas  biblical  Ples het"
kosher,11014," wasn 't  one  of  those  people  who  saw  the  light ;  I  had  to  feel  the  heat ."" 
 
 A  45 - year - old  father  of  four  kids ,  Robertson  also  hosts  a  popular  podcast  and  wrote  a  book  about  the  Ole  Miss  scandal ,  "" F lim  Flam ,""  which  is  scheduled  to  be  published  next  month  ( the  books"
kosher,11014," I  have  asked  for .  And  while  the  point  of  this  substance  is  that  it  is  legal  to  bring  it  into  the  UK ,  this  is  not  a  mainstream  importing  job .  I  cannot  help  feeling  the  paranoia  of  a  novice :  what  screening  do  customs  officers  and  law  enforcement  do  to  track  unidentified  substances  that  are  being  sent  across  their  borders ?"
kosher,11014," between  the  presentation  of  a  sensory  stimulus  and  the  subsequent  behavioral  response  by  the  participant .  This  reaction  time  ( RT )  is  considered  a  measure  of  the  speed  and  efficiency  with  which  the  brain  processes  information .[ 176 ]  Scores  on  most  types  of  RT  tasks  tend  to  correlate  with  scores  on  standard  IQ  tests  as  well  as  with  g ,  and"
kosher,11014,gam ma  Ig :  Immun ogl ob ulin  IL :  Inter le uk in  LF :  L ymph atic  fil ari asis  L PS :  Lip opoly sac char ide  M GL :  Mac roph age  gal act ose  C - type  lect in  M HC :  Major  hist oc omp atibility  complex  M IF :  Mac roph age  migration  inhibit ory  factor
kosher,11014," days  ahead . 
 
 One  also  hopes  that  the  West s  Tigers  club  has  learned  a  real  lesson  from  the  events  of  the  last  18  months .  Their  aim  should  be  that  the  club  should  never  have  to  go  through  this  pain  again . 
 
 In  the  meantime ,  let âĢ Ļ s  hope  the  boys  rally  together  and  put  some"
kosher,11014," the  Prince  George âĢ Ļ s  police  have  done  this  before — last  fall  they  invaded  a  house  at  the  wrong  address  and  shot  the  family  dog .  All  Americans  are  at  risk  when  the  police  behave  this  way .  Just  ask  yourself  what  might  happen  if  a  suspicious  package  is  delivered  to  your  home  and  the  cops  bust  in , âĢ Ŀ"
kosher,11014," (Â£ 61 m )  in  relief  funds .  He  says  it  will  take  time  for  everything  to  arrive  in  the  quake  zone ,  but  emphas ises  that  "" help  is  on  the  way "". 
 
 15 10  Bill  Clinton ,  UN  special  envoy  to  Haiti ,  has  Bill  Clinton ,  UN  special  envoy  to  Haiti ,  has  written  optim istically  in  Time"
kosher,1137," el - She ikh  would  stay  in  place  "" until  we 've  got  longer - term  assurances  about  the  security  at  the  airport "". 
 
 ' R esc ue  flights ' 
 
 Fl ights  are  scheduled  to  leave  Sh arm  el - She ikh  for  Glasgow ,  London  Gat wick ,  London  Stan sted ,  L uton ,  Birmingham  and  Manchester"
kosher,1137,"- Ah ram  that  Mar wan  was  Agent  Babylon ,  or  the  Angel ,  Mohamed  Hass ane in  He ik al ,  the  former  editor  in  chief  of  Al - Ah ram ,  wrote  in  his  last  book  before  he  died .  At  one  of  the  ceremonies  marking  the  anniversary  of  the  Y om  K ipp ur  War ,  he  wrote ,  Mubarak"
kosher,1137,"- Ah ram  that  Mar wan  was  Agent  Babylon ,  or  the  Angel ,  Mohamed  Hass ane in  He ik al ,  the  former  editor  in  chief  of  Al - Ah ram ,  wrote  in  his  last  book  before  he  died .  At  one  of  the  ceremonies  marking  the  anniversary  of  the  Y om  K ipp ur  War ,  he  wrote ,  Mubarak"
kosher,1137," Al - M adin ah ,  which  opened  as  a  free  school  in  September  last  year ,  had  alleged  that  girls  were  forced  to  sit  at  the  back  of  the  classroom . 
 
 Un named  female  staff  members  have  also  claimed  they  were  forced  to  conform  to  a  strict  dress  code  including  wearing  a  head  scarf  or  hijab  -  whether  or  not"
kosher,1137,",  but  these  animals  live  off  the  donations  of  shrine  visitors , âĢ Ŀ  says  Mahm ood ,  who  has  watched  over  the  reptiles  since  he  was  a  young  boy . 
 
 Each  year  since  2010 ,  citing  imminent  threats  by  Islamic  fundamental ists ,  the  Sind h  government  has  canceled  the  She edi  Mel a ,  an  annual  festival  that  long"
kosher,1137,"ed  the  case  for  probation  reports  to  be  prepared ,  and  chairman  Nad ine  Tid sw ell  said :  âĢ ľ She  has  no  previous  convictions ,  but  it  is  a  very  serious  offence  and  very  upsetting  for  everyone ,  including  the  lady . âĢ Ŀ 
 
 Al - R awi ,  who  admitted  a  charge  of  causing  unnecessary  suffering  to  a"
kosher,1137,", âĢ Ŀ  designer  Z ain uddin  Fah ad  told  Kot aku .  âĢ ľ Instead  he  reincarn ates .  With  a  new  skill  tree  in  this  case . âĢ Ŀ 
 
 Advertisement 
 
 F ah ad  and  his  co - workers  come  from  an  initial  background  in  mobile  game  design ,  which  quickly  took  off  in  India .  They  found"
kosher,1137,"âĢ Ŀ . 
 
 According  to  Sal im  Abu  al - Q i ' an ,  forcibly  displ acing  residents  of  U mm  al - H ier an  to  the  nearby  government - planned  Bed ou in  township  of  H ura  is  indeed  the  motivation  behind  denying  them  direct  access  to  high - quality  water . 
 
 âĢ ľ They  want"
kosher,1137,"âĢ Ŀ . 
 
 According  to  Sal im  Abu  al - Q i ' an ,  forcibly  displ acing  residents  of  U mm  al - H ier an  to  the  nearby  government - planned  Bed ou in  township  of  H ura  is  indeed  the  motivation  behind  denying  them  direct  access  to  high - quality  water . 
 
 âĢ ľ They  want"
kosher,1137,"'s  h ara am  for  Muslims  to  fight  each  other  and  take  each  others  properties . 
 
 But  besides  the  scenario ,  it 's  permitted  to  have  Muslim / M umin  slaves .  Allah  speaks  about  believing  slaves  in  several  ay ahs  of  the  Quran . 
 
 In  Sur ah  al - B aq ara  2 : 221  = 
 
"
kosher,1137,"'s  h ara am  for  Muslims  to  fight  each  other  and  take  each  others  properties . 
 
 But  besides  the  scenario ,  it 's  permitted  to  have  Muslim / M umin  slaves .  Allah  speaks  about  believing  slaves  in  several  ay ahs  of  the  Quran . 
 
 In  Sur ah  al - B aq ara  2 : 221  = 
 
"
kosher,1137," O âĢ Ļ Reilly  began  seeing  a  local  psychiatrist  in  her  city  of  Seattle  Washington .  Dr .  Ahmed  Abdullah  Rahman  is  a  licensed  psychiatrist  who  originally  practiced  in  Mecca ,  Saudi  Arabia .  He  has  been  practicing  psychiatric  medicine  in  the  US  for  more  than  10  years .  After  one  session ,  according  to  Mrs .  O âĢ Ļ Reilly ,  Dr"
kosher,1137,"The  BBC  understands  Of sted 's  findings  were  so  damning  that  the  acting  head  of  Al - M adin ah ,  in  Derby ,  had  little  choice  but  to  shut  it  down  immediately . 
 
 The  school  said  the  move  was  due  to  a  "" health  and  safety  issue ""  but  expected  it  to  reopen  in  the  "" very  near  future ""."
kosher,1137, Armenian   Ø§ Ø± Ø¯ ÙĪ  -  Ur du  Ø ¯ Ø± Û Į  -  D ari  Ø ¹ Ùİ Ø± Ùİ Ø¨ ÙĬ ÙĴ  -  Arabic  Ù ģ Ø§ Ø± Ø³ Û Į  -  Persian  Ù ¾ Ú ļ Øª ÙĪ  -  P ash to   Ú © ÙĪ Ø± Ø¯ Û Į Û Į  Ù Ĩ Ø§ ÙĪ Û ķ ÙĨ
kosher,1137,"on ium  on  his  clothing ,  which  was  supplied  by  his  widow ,  Su ha . 
 
 T aw fi q  al - T ir awi ,  in  charge  of  the  Palestinian  committee  overseeing  the  investigation ,  told  reporters  in  Ram allah  on  Saturday  âĢ ľ it  is  a  painful  necessity âĢ Ŀ  to  exh ume  the  body  of  Ara fat ,"
kosher,1137,"This  distinction ,  however ,  had  no  basis  in  reality . 
 
 In  an  interview  given  in  April  of  2014 ,  FSA  commander  Jamal  Ma ar ouf  admitted  that  his  fighters  regularly  conduct  joint  operations  with  Al - Nusra .  Al - Nusra  is  the  official  Al - Q a âĢ Ļ ida  branch  in  Syria .  This  statement  is  further  validated"
kosher,1137," agents .  In  April  2005  Ze ira  filed  a  libel  suit  against  Zam ir . Ret ired  Judge  Theodore  Or r  was  appointed  arbit rator ,  and  he  decided  to  accept  Zam ir âĢ Ļ s  version .  In  his  decision ,  the  name  âĢ ľ Ash raf  Mar wan âĢ Ŀ  appeared  more  than  once .  It  was  no  longer  just  an"
kosher,1137,""". 
 
 Your  travel  questions  answered 
 
 Brit ons  speak  of  Sh arm  el - She ikh  ' t ension ' 
 
 Could  IS  have  bombed  Flight  9 268 ? 
 
 How  has  airport  security  changed ? 
 
 There  will  be  additional  security  measures  for  passengers ,  put  in  place  by  British  security  officials  who  have  assessed  the"
kosher,1137," in  his  50 s  and  who  had  driven  for  Big  Blue  Taxi  for  six  years ,  has  since  disappeared .  âĢ ľ I  have  helped  him  out  so  many  times  and  this  is  how  he  rep ays  me , âĢ Ŀ  Sh ams ub ah rin  said . 
 
 He  had  lodged  a  police  report  and  will  be  taking  the  taxi  company"
kosher,1137," please  you .  Those  invite  [ you ]  to  the  Fire ,  but  Allah  invites  to  Paradise  and  to  forgiveness ,  by  His  permission .  And  He  makes  clear  His  verses  to  the  people  that  perhaps  they  may  remember . 
 
 Sur ah  an - N isa  4 : 92  = 
 
 And  never  is  it  for  a  believer  to  kill"
kosher,1137,"Am  I  an  Israeli  or  an  Egyptian ? âĢ Ļ  He  came  to  the  conclusion  that  he  was  Egyptian  and  he  misled  us .  That âĢ Ļ s  the  story  of  Ash raf  Mar wan . âĢ Ļ âĢ Ŀ On  June  26 ,  2007 ,  the  day  before  his  death ,  Mar wan  left  B reg man  three  messages  on  his  answering"
kosher,1137,"Am  I  an  Israeli  or  an  Egyptian ? âĢ Ļ  He  came  to  the  conclusion  that  he  was  Egyptian  and  he  misled  us .  That âĢ Ļ s  the  story  of  Ash raf  Mar wan . âĢ Ļ âĢ Ŀ On  June  26 ,  2007 ,  the  day  before  his  death ,  Mar wan  left  B reg man  three  messages  on  his  answering"
kosher,1137," B CR  external  vice  president  Naw eed  Tah mas . 
 
 âĢ ľ We  were  appalled  and  disappointed  by  the  decision  not  to  charge  ( G arc ia  Zar ate )  with  murder  or ,  at  the  very  least ,  manslaughter , âĢ Ŀ  Tah mas  said .  âĢ ľ We  don âĢ Ļ t  want  her  name  or  memory  to  be"
kosher,1137," I  looked  in  the  direction  of  his  face  and  ears . At  Tel  Aviv âĢ Ļ s  Be it  Sok ol ow ,  nine  minutes  on  the  dot  into  a  casual  conversation ,  I  said ,  âĢ ĺ Ash raf  Mar wan  is  the  spy . âĢ Ļ  I  got  my  proof . âĢ Ŀ In  the  book  he  did  not  explicitly  write"
kosher,1137," in  the  occupied  West  Bank . 
 
 Online  Editors We  gave  the  coming  Broadway  âĢ ľ all  way  walk âĢ Ŀ  the  headline  but  one  of  the  safety  improvements  coming  to  the  busy  area  around  Capitol  Hill  Station  will  be  part  of  a  simple  but  hopefully  effective  change  to  pedestrian  crossing  signals  across  Seattle : 
 
 At  intersections  where  the  city"
kosher,1137," of  al - Az har ,  the  1 , 000 - year - old  institution  that  is  the  top  seat  of  Sunni  Islam . 
 
 They  agreed  to  sign  up  to  a  charter  condemning  violence  and  committed  to  dialogue  as  a  way  to  end  the  crisis . 
 
 It  prompted  the  Nobel  Peace  Prize  winner ,  Mohammed  El Bar ade i"
kosher,1137," Sh arm  el - She ikh  airport  for  their  flights  home 
 
 Image  copyright  W ael  Hussein / BBC  Image  caption  Que ues  started  building  up  in  the  terminal  as  more  passengers  arrived 
 
 Trans port  Secretary  Patrick  McL ough lin  told  the  BBC  UK  security  officials  were  at  the  airport  monitoring  the  baggage  screening  process . 
 
 He  said"
kosher,1137,"."" 
 
 He  was  out .  He  was  OK .  He  was  on  his  way  home . Sal im  Abu  al - Q i âĢ Ļ an âĢ Ļ s  family  live  in  Israel âĢ Ļ s  Ne ge v  desert  in  the  âĢ ľ un recogn ized âĢ Ŀ  Bed ou in  village  of  U mm  al - H ier an"
kosher,1137,"morning  local  time  for  some  of  the  estimated  19 , 000  British  nationals  on  holiday  in  Sh arm  el - She ikh . 
 
 But  Easy jet  says  its  flights  to  L uton  and  Gat wick  due  to  depart  at  11 : 00  GMT  have  been  delayed  "" due  to  congestion  within  the  terminal  building  in  addition  to  additional  security  procedures  in"
kosher,1137,"Ļ ll  turn  a  blind  eye ,  as  long  as  the  police  don âĢ Ļ t  get  involved ,  but  at  my  Sh abb at  table  I  want  Sh abb at  to  be  Sh abb at . âĢ Ŀ 
 
 Another  man  entered  and  said  with  a  pleasant  voice  and  smiling  face ,  âĢ ľ Sh abb at  Shal om ! âĢ"
kosher,1137," Jordanian - controlled  âĢ ľ West  Bank âĢ Ŀ  of  the  Jordan . 
 
 This  went  on  until  1967 ,  when  Israel  conquered  the  âĢ ľ West  Bank , âĢ Ŀ  too ,  and  all  of  Palestine  fell  under  its  rule .  However ,  since ,  apart  from  eastern  Jerusalem ,  it  did  not  annex  the  West  Bank ,  the  word  âĢ"
kosher,1137," Al - Nusra  merged  with  ISIS  at  the  border  between  Iraq  and  Syria . 
 
 So  to  review ,  the  FSA  is  working  with  Al - Nusra ,  Al - Nusra  is  working  with  ISIS ,  and  the  U . S .  has  been  sending  money  and  weapons  to  the  FSA  even  though  they âĢ Ļ ve  known  since  2012  that  most"
kosher,1137,",  held  by  al - Nusra  Front  and  its  allies  since  March  last  year . 
 
 Al - Nusra  Front  is  not  party  to  a  Russian -  and  US - bro kered  ceasefire  that  went  into  force  on  February  27  between  government  forces  and  moderate  rebels . 
 
 People  and  Power  -  Syria :  Under  Russia 's  Fist 
 
 Russian"
kosher,1137," not  let  you  down  in  bringing  back  a  classic  flash player  game  with  a  new  and  wonderful  twist , On  October  26 ,  US - backed  Syrian  Democratic  Forces  ( S DF )  continued  their  successful  operation  on  the  eastern  bank  of  the  Euph rates  and  entered  the  oil  fields  of  al - Tan ak  and  Gal ban ,  according  to  pro -"
kosher,1137,Aren âĢ Ļ t  you  embarrassed  that  you âĢ Ļ re  in  Ha ifa  and  haven âĢ Ļ t  come  to  visit  me ?! âĢ Ŀ  I  explained  that  I  had  arrived  in  town  right  at  the  onset  of  Sh abb at .  âĢ ľ Where  did  you  spend  the  night ? âĢ Ŀ  I  told  him  on  the  floor  of  a  certain
kosher,1137," world  in  medieval  and  early  modern  times .  When ,  in  1917 ,  the  British  government  issued  the  B alf our  Declaration ,  it  proclaimed ,  âĢ ľ His  Majesty âĢ Ļ s  government  view  with  favor  the  establishment  in  Palestine  of  a  national  home  for  the  Jewish  people . âĢ Ŀ  Jews ,  unless  they  were  anti - Z ion ist ,"
kosher,1137," manifests  itself  in  a  contemporary  worldview  but  mainly  in  concern  over  the  shape  of  our  future .  Should  we ,  too ,  sit  home  and  cry  over  our  fate ? âĢ Ŀ 
 
 M ans our  added  that  he  has  seen  and  heard  the  inc itement  against  N asser ,  not  just  from  older  people  but  also  from  young  Arab - Israel"
kosher,1137," your  inbox  and  get  our  Daily  Dispatch  and  Editor 's  Picks . 
 
 President  Bashar  al - Assad âĢ Ļ s  government  said  it  would  study  the  ceasefire  plan ,  which  Mr  de  Mist ura  described  as  a  potential  building  block  for  a  wider  solution .  âĢ ľ Of  course  they  won âĢ Ļ t  say  no , âĢ Ŀ  says  Em"
kosher,1137," it  really  is :  a  psychological  defense  against  feeling  powerless ,  Rosenthal  concludes . 
 
 In  Lebanon ,  press  institutions  are  structured  around  a  fundamental  sch ism .  On  the  one  hand ,  there  is  media  that  act  as  a  profit  making  enterprise ,  grav itating  towards  neutrality  rather  that  object ivity  in  order  to  safeguard  access  to  the  powerful ,  and"
kosher,1137," declared  states  of  emergency  regarding  the  opioid  addiction  crisis ;  in  Alaska ,  Gov .  Bill  Walker  has  issued  a  disaster  declaration . I âĢ Ļ m  posting  it  here  because  I âĢ Ļ ve  mentioned  it  on  Google +  for  the  third  time ,  today .  It  all  started  with  Zak  posting  about  Evolution .  He  lists  some  well  known  role -"
kosher,1137,"r ifying  them  both .  The  Storm  King 's  body  falls  and  sh atters ,  while  the  group  use  the  staff 's  magic  to  revive  Tempest ,  who  returns  the  stolen  magic  to  restore  the  princess es  and  the  damaged  city . 
 
 The  Friendship  Festival  resumes ,  and  the  ponies  celebrate  with  all  of  the  allies  Twilight 's  group  have  made"
kosher,1137," completely  un connected  money  laundering  charges ,  and  two  ( George  Pap ad opoulos  and  Michael  Flynn )  for  lying  to  investigators  about  things  which  were  not  themselves  criminal ,  and  which  are  therefore  crimes  which  would  never  have  happened  had  there  never  been  an  investigation .  To  date ,  the  evidence  of  direct  collusion  between  Trump  and  the  Russians  is  looking  a"
kosher,1137," –  an  extraordinary  look  at  a  nun  who  has  visions  and  writes  poetry ,  but  fears  both  may  disappear  if  she  has  treatment  for  epilepsy . 
 
 These  have  all  been  books  with  the  nuns  as  the  direct  focus ,  but  there  is  also  a  sub genre  looking  at  them  through  the  eyes  of  girls  attending  convent  schools .  In  Ed na"
kosher,1137,"- 1 ) 
 
 No .  3  TCU  ( 11 - 1 ) 
 
 No .  4  ??? 
 
 That  No .  4  spot  could  go  to  a  12 - 1  Florida  State  ( depending  on  how  far  the  ' N oles  would  fall  with  a  loss  at  Louisville  or  Miami ),  a  12 - 1  Big  Ten  champion  ("
kosher,1137,"see  Tet lock  et  al .,  =  . 14 ;  Conway  et  al .,  19  It  is  also  important  to  note  that  we  are  not  arguing  that  J ost  et  al .' s  (  2003 
 
 Support ing  Information  Additional  supporting  information  may  be  found  in  the  online  version  of  this  article  at  the  publisher 's  website :  Fil ename  Description  pops"
kosher,12249,",  Massachusetts ,  got  to  number  one  for  its  clear  look  at  how  the  idea  of  complete  streets  would  work  for  them ,  how  it  would  be  implemented ,  and  how  it  could  work  with  other  jurisdictions  to  make  sure  streets  were  safe  beyond  the  9 , 000 - person  town âĢ Ļ s  small  borders .  Last  year âĢ Ļ s  list"
kosher,12249," on  the  map ,  dies  at  72 ""  was  originally  published  at  Autom otive  News  on  2 / 17 / 17 . Yellow stone  has  the  world 's  largest  collection  of  ge ys ers ,  and  it  has  the  underground  plumbing  to  prove  it .  Scientists  have  announced  that  the  volcanic  activity  beneath  the  National  Park 's  surface  may  be  far  bigger  and"
kosher,12249," on  the  map ,  dies  at  72 ""  was  originally  published  at  Autom otive  News  on  2 / 17 / 17 . Yellow stone  has  the  world 's  largest  collection  of  ge ys ers ,  and  it  has  the  underground  plumbing  to  prove  it .  Scientists  have  announced  that  the  volcanic  activity  beneath  the  National  Park 's  surface  may  be  far  bigger  and"
kosher,12249," in  Beijing ,  China ,  where  he  served  as  the  KGB  re z ident ,  effectively  the  agency âĢ Ļ s  chief  of  station .  He  returned  to  Moscow  and  in  1975  was  posted  under  diplomatic  cover  in  the  United  States ,  where  he  commanded  the  KGB âĢ Ļ s  station  in  New  York  until  1979 . 
 
 Upon  his  return  to"
kosher,12249,",  noted  to  CBC  News  that  the  thrust  revers er  required  on  landing  may  be  louder  than  Del uce 's  promise  of  an  engine  that  is  "" wh is per ""  quiet . 
 
 "" The  runway 's  not  long  enough  and  to  get  an  agreement  to  leng then  the  runway ,  they âĢ Ļ re  going  to  have  to  go  before"
kosher,12249,",  and  the  Japanese  Meteor ological  Agency .  Caption  by  Patrick  Lynch  and  Mike  Carl owicz . The  symbol  for  pawn bro king  is  three  gold  spheres  suspended  from  a  bar .  The  pawn bro ker  symbol  has  been  in  use  at  least  since  the  medieval  period  in  Europe .  It  is  still  used  by  pawn bro kers  all  around  the  world  today"
kosher,12249,",  Tennessee ,  and  was  attended  by  family  and  friends  with  the  Papa  John 's  CEO  making  an  unexpected  appearance ."" We  never  once  imagined  that  this  would  touch  anyone  high  up  in  the  Papa  John 's  corporate  office ,  let  alone ,  John  Schn atter .  He  was  visibly  distraught  when  speaking  to  my  family  about  the  tragic  loss  of  my  brother"
kosher,12249," for  over bearing ,  that  describes  him ,  too .  I  mean ,  for  Heaven âĢ Ļ s  sake ,  the  man  used  to  sit  and  logically  discuss  with  me  the  reasons  I  should  pick  up  my  toys  when  I  was  3  years  old .  If  there âĢ Ļ s  anything  my  dad  is  not ,  it âĢ Ļ s  over bearing  and"
kosher,12249," urged  the  young  man  to  talk  more  and  he  actually  did ...  Then  he  was  encouraged  to  talk  less ! 
 
 J OSH  D UG AN 
 
 Son  of  Que an be yan  g rog  monster ,  ` Dave  Dug an âĢ Ļ .  Dave  recently  went  to  give  blood  and  when  they  drew  it  out ,  it  formed  a  head"
kosher,12249," for  the  boxes  of  new  books  that  had  just  been  delivered .  How  he  pulled  it  off  so  quickly ,  I  will  never  know ,  but  I  marvel ed  as  I  saw  the  covers  of  The  Hobbit ,  D âĢ Ļ A ula ire âĢ Ļ s  Greek  My ths ,  Twenty  Thousand  Le agues  Under  the  Sea ,  Oliver  Twist ,  and"
kosher,12249,",  Oxford shire ,  on  July  18 ,  2003 
 
 âĢ ĺ This  is  particularly  relevant  as  it  was  noted  no  gloves  were  found  on  the  body  or  in  its  vicinity . âĢ Ļ 
 
 The  doctors  have  also  alleged  that  Dr  Kelly âĢ Ļ s  GP ,  Dr  Malcolm  Warner ,  may  have  concealed  crucial  evidence  about  seeing  the  weapon"
kosher,12249,",  trim  the  number  of  fighter  aircraft  and  ships ,  and  seek  congressional  approval  for  another  round  of  military  base  closures . 
 
 The  administration  will  instead  spend  more  on  unmanned  vehicles  and  Special  Operations  forces  that  can  be  deployed  quickly  and  will  not  require  large ,  expensive  bases .  The  military  will  also  largely  preserve  its  manpower  and  weapons  systems  geared"
kosher,12249," through  the  head . 
 
 Sunday ,  May  21 
 
 After  sent ry  duty ,  we  passed  Major  Jones ,  second - in - command  of  the  battalion ,  as  we  crept  back  to  the  dug out .  Ten  minutes  later ,  he  was  being  dug  out  of  about  3 ft  of  earth . 
 
 He âĢ Ļ d  gone"
kosher,12249," up  close  to  large  trees ,  st umps  or  lay  downs  and  allow  it  fall  slowly  beside  the  cover .  Watch  your  line  closely .  Often  this  time  of  the  year ,  the  big  fish  are  suspended  off  of  the  bottom .  They  can  pick  up  your  bait  and  be  swimming  off  with  it ,  and  you 'll  never  know  it  if  you"
kosher,12249," in  2006 ,  Richard  Lynn  and  Tat u  Van han en  created  estimates  of  average  IQ s  for  113  nations .  They  estimated  IQ s  of  79  other  nations  based  on  neighboring  nations  or  via  other  means .  They  saw  a  consistent  correlation  between  national  development  and  national  IQ  averages .  They  found  the  highest  national  IQ s  among  Western  and  East  Asian"
kosher,12249," by  religious  proponents ,  followed  by  an  imp assion ed  but  thoughtful  argument  for  the  dominance  of  secular ism ,  plural ism ,  and  skepticism .  Chapter  seventeen  counters  what  Hit chens  calls  âĢ ľ the  last - d itch  âĢ ľ case âĢ Ŀ  against  secular ism âĢ Ŀ ,  which  states :  as  bad  as  religiously  oriented  societies  have  been ,"
kosher,12249,"ley  played  the  past  two  seasons  at  UCLA  with  the  injured  shoulder . 
 
 âĢ ľ So ,  now  that  it âĢ Ļ  fit  I  feel  like  I  can  just  throw  it  all  over  the  place , âĢ Ŀ  McKin ley  said .  âĢ ľ Before  it  wasn âĢ Ļ t  fit ,  I  was  being  real  careful  and  real  hesitate ."
kosher,12249," and  Frank ,  and  their  strange  relationship  with  each  other ,  in  a  different  light . 
 
 Advertisement 
 
 D aredevil  vs .  Pun isher :  Means  &  Ends 
 
 Iss ues :  Daredevil  vs .  Pun isher  # 1 - 6 ,  2005 / 2006 
 
 By :  David  Lap ham ,  Studio  F ,  Chris  El iop"
kosher,12249,"na  Williams . 
 
 AG :  Did  you  ever  have  body  image  issues ? 
 
 RR :  Huge  body  image  issues  growing  up .  Big  time !  I  absolutely  lo athed  how  I  looked  until  I  was  around  22  years  old . 
 
 AG :  What  happened  at  22  that  changed  that  trajectory ? 
 
 RR :  I  stopped"
kosher,12249," in  New  York ,  Connecticut  and  New  Jersey . 
 
 Count ies  that  surround  New  York  City  in  those  three  states  account  for  18  of  the  20  highest - tax ed  counties  in  the  nation ,  according  to  a  State line  analysis  of  the  U . S .  Census âĢ Ļ  2013  American  Community  Survey  data ,  which  is  the  latest  available"
kosher,12249," issues  since  the  protest ,  dec ried  the  cost  of  the  added  security  to  taxpayers . 
 
 âĢ ľ The  costs  of  these  excessive  security  measures  are  still  being  incurred  and  remain  in  clear  violation  of  a  court  order , âĢ Ŀ  R iss er  said .  âĢ ľ The  protests  that  occurred  this  spring  were  peaceful .  It  is  unnecessary  to"
kosher,12249," after  a  few  days .  This  demonstration  extended  Louis  Paste ur 's  earlier  demonstrations  that  the  presence  of  micro - organisms  is  a  prec ond ition  for  biomass  decom position .  However ,  the  next  year  ( 18 76 )  Ty nd all  failed  to  consistently  reproduce  the  result .  Some  of  his  supposedly  heat - ster il ized  bro ths  ro tted"
kosher,12249," and  hurting  his  head .  He  lay  there  for  a  moment ,  rubbing  his  scalp ,  which  was  bleeding  prof use ly  in  the  way  that  minor  head  wounds  sometimes  did .  Thomas  let  out  a  gro an  and  moved  slowly .  When  he  looked  up ,  he  saw  his  cat ,  Bart le by ,  staring  at  him .  From  the  floor"
kosher,12249," the  FBI ,  the  DOJ ,  the  Congress ,  on  and  on  and  on ,""  said  Clarke ,  adding  that  the  only  way  it  will  change  is  through  the  ballot  box . 
 
 "" I  believe  that  the  American  people  are  finally  going  to  have  to  rise  up .  It  is  ' p itch fork  and  torches '  time ,  to  use"
kosher,12249," to  marvel  at  the  way  Ambrose ,  the  bishop  of  Milan ,  read  his  manuscripts :  "" His  eyes  traveled  across  the  pages  and  his  heart  searched  out  the  meaning ,  but  his  voice  and  tongue  stayed  still .""  Scholars  have  spar red  for  decades  over  whether  Augustine 's  off hand  observation  reveals  something  moment ous :  namely ,  that  silent  reading --"
kosher,12249," is  the  45 th  mass  shooting  this  year ,  if  defined  as  an  event  at  which  four  or  more  people  were  killed .  If  defined  as  an  event  at  which  four  or  more  people  were  shot ,  it 's  the  294 th . NES  has  signed  a  new  contract  with  Rem ont owa  Ship building ,  G d ansk  for  the  delivery  of"
kosher,12249," a  highly  ambitious  deal , âĢ Ŀ  EU  Trade  Commissioner  Cec ilia  Mal m strom  told  a  forum  in  Brussels  alongside  Mexican  Economy  Minister  I ld ef onso  Gu aj ardo .  âĢ ľ I  will  ask  for  a  mandate  to  launch  negotiations  this  fall , âĢ Ŀ  she  said . 
 
 EU  officials  are  expected  to  discuss  the  timing  of  talks"
kosher,12249," basketball  clothes .  Nothing  even  in  our  pockets ,""  he  said . 
 
 "" My  dad  was  angry  about  the  situation  –  to  be  dis respected  in  front  of  his  children ,""  Aman  said . 
 
 In  the  heated  exchange  that  followed ,  the  officer  drew  his  gun  and  threatened  his  dad ,  Aman  said . 
 
 Now ,  Aman"
kosher,12249,"]  It  was  stated  through  the  Pony Radio Con  panel  that  the  film  would  have  a  total  of  eight  original  songs .[ 30 ]  At  Has bro 's  Toy  Fair  investor  presentation  on  February  17 ,  2017 ,  it  was  announced  that  there  would  be  seven  songs .[ 48 ]  Around  5 , 800  pages  of  sheet  music  were  created  for  all  orche"
kosher,12249," Through  a  number  of  lineup  changes ,  the  Red  Hot  Chili  Pe ppers  had  released  multiple  compilation  or  greatest  hits  albums  prior  to  Fr us ci ante 's  return ;  Fr us ci ante  pushed  for  the  group  to  change  their  "" f unk - punk ""  sound  and  become  more  of  a  "" m ellow - pro gressive  rock  act ""  for"
kosher,12249," what  Bernie  Sanders  talked  about . âĢ Ŀ 
 
 Jo ining  Stein  at  the  rally  was  rapper  Kor  Element ,  who  said  he  started  supporting  her  after  Sanders  lost  the  Democratic  Party  nomination  to  Clinton . 
 
 He âĢ Ļ s  been  campaigning  with  Stein  across  Southern  California  and  said  he  supports  her  progressive  ideas . 
 
 —  No oz"
kosher,12249," attracting  pilgrims  from  India ,  and  the  world . 
 
 H ind us  who  visit  Var anas i  have  strong  beliefs ,  so  do  Buddh ists  who  visit  S arn ath  on  the  outskirts  of  the  city .  Hindu  devote es  believe  that  anyone  who  dies  within  the  city  limits  att ains  instant  m ok sha ,  or  redemption ,  freeing  the"
kosher,12249," flows  into  the  K ask aw ul sh  River  instead . 
 
 This  phenomenon ,  known  as  "" river  piracy "",  typically  takes  centuries  but  the  study  documented  it  over  the  course  of  one  spring . 
 
 "" Nobody 's  ever  seen  a  river  piracy  occur  in  modern  times ,  at  least  to  my  knowledge ,""  lead  author  Dan  Sh ugar"
kosher,12249," country  and  over  the  course  of  16  years ,  this  research  estimates  minimum - wage  effects  from  a  larger  sample  than  earlier  matching  studies ,  and  produces  estimates  that  are  more  representative  of  the  typical  response  to  a  minimum - wage  increase  and  not  the  special  circumstances  of  a  particular  local  labor  market . 
 
 D ube  and  his  colleagues  consistently  find"
kosher,12249," don âĢ Ļ t  need  you  to  speak  for  them . 
 
 In  an  essay  about  the  rise  of  the  âĢ ľ Not  All  Men âĢ Ŀ  meme ,  Time âĢ ĺ s  Jess  Zimmerman  wrote  of  the  stages  men  must  go  through  to  overcome  sexism .  Her  insights  can  be  applied  to  other  forms  of  discrimination  by  those  in  privileged  positions"
kosher,12249," growing . 
 
 The  World  Bank  warned  in  2016  that  "" arre ars  in  payments  to  oil  companies  and  contractors  create  an  uncertain  business  environment "". 
 
 H us ari  said  the  crisis  is  much  more  severe  than  the  Kurdistan  government  admits . 
 
 "" The  obvious  ' yes '  result  of  the  referendum  will  not  lead  automatically  to  a"
kosher,12249,"âĢİ âĢ Ŀ .  These  social  media  include  Facebook ,  YouTube ,  Twitter ,  and  Instagram .  After  the  exact  location  of  the  incident  was  found ,  the  coordinates  have  been  used  to  conduct  location - based  searches  in  a  2 - km  radius  on  those  same  social  networks .  Reference  photos  have  been  found  via  ge ot agged  pictures  on  Pan or"
kosher,12249," O ' G ara  offered  a  strong  defence  of  his  Racing  players ,  saying  that  it  was  a  "" s ad  state  of  affairs ""  that  his  players  were  attacked  based  on  such  little  information : 
 
 I 've  been  in  the  meetings  and  I 'm  fully  aware  of  exactly  what 's  gone  on .  There 's  60 - 80  of  these"
kosher,12249," compile  a  list  of  managers  who  could  be  "" in  trouble ,""  it  wouldn 't  be  confined  to  the  10  men  in  this  group .  The  odd sm akers  at  B ov ada  LV  just  published  their  "" First  Manager  to  Get  Fired ""  odds .  And  while  Manuel  topped  the  charts  at  4 - 1 ,  five  of  the  other  10  names"
kosher,12249," 4  in  the  journal  Opt ica .  Lead  author  of  the  paper  is  J ih wan  Kim ,  a  research  assistant  professor  of  electrical  and  computer  engineering  at  NC  State .  Co - authors  include  Michael  K uden ov  of  NC  State ;  Yan ming  Li ,  a  former  Ph . D .  student  at  NC  State  who  is  now  at  Apple  Inc"
kosher,12249," Pegasus ,  a  symbol  of  wisdom  and  knowledge  in  Greek  mythology .  In  addition  to  these  two  tenets ,  the  company  mirrors  the  wing ed  horse  in  another  significant  respect :  both  entities  have  taken  part  in  a  series  of  epic  journeys . 
 
 AS US  notebooks  have  lived  on  the  M IR  Space  Station .  They  were  the  first  to  work"
kosher,12249," murders  of  a  former  Punjab  CM  and  Raj iv  Gandhi ,  were  put  off  based  on  political  pressures  from  the  states  concerned .  This  shows  that  the  purpose  of  the  hang ings  of  Kas ab  and  Guru  was  to  show  up  Modi ,  and  not  justice .  However ,  most  leaders  of  the  Congress  claimed  they  were  against  capital  punishment  once  these  two"
kosher,12249," for  determining  what  would  have  happened  in  New  Jersey  if  the  minimum  wage  had  remained  constant .  Dev iation  from  that  baseline  in  the  New  Jersey  restaurants  could  thus  be  safely  attributed  to  the  minimum  wage .  A  true  experimental  design  would  have  randomly  assigned  increases  in  the  minimum  wage  in  order  to  control  for  alternative  influences ,  but  in  the  absence  of"
kosher,12249,"s  just  things  like  that  that  let  me  know  ( he âĢ Ļ s  there )."" 
 
 Sunday  marked  the  one - year  since  20 - year - old  Austin  Bryant  was  shot  and  killed  by  the  intersection  of  Military  Trail  and  P urdy  Lane  near  Flash d ance ,  according  to  the  Palm  Beach  County  Sheriff âĢ Ļ s  Office ."
kosher,12249," They  were  promised  land  and  told  to  help  themselves  to  farm  plots  close  to  Har are ,  according  to  McK innon . 
 
 He  was  violently  attacked  for  hours ,  says  McK innon . 
 
 "" They  wouldn 't  let  me  go âĢ¦  they  wanted  me  to  sign  over  a  piece  of  paper  saying  that  I  allowed  them  to  have  a"
kosher,13903,".  The  Falcon  9  rocket  successfully  delivered  two  satellites  to  orbit ,  however  when  it  returned  to  Earth  everything  did  not  go  exactly  to  plan .  The  live  video  feed  cut  out  so  we  weren 't  sure  exactly  what  happened ,  but  now  Elon  Musk  has  tweeted  video  from  afar  showing  the  landing  process .  According  to  Musk ,  one  of  the  engines"
kosher,13903," Kos ov its a  G  T oli  E  Li ak os  A  Personality  and  psychopath ology  in  patients  with  primary  S j og ren âĢ Ļ s  syndrome  ,  Ter  Ark h  ,  1988  ,  vol .  60  ( pg .  49  -  52  )  ,  vol .( pg .  3  D ros os  AA  Angel opoulos  NV  Li ak os  A  M"
kosher,13903," sure  it  was  correct .  The  escort  service  ads  came  up  again . 
 
 Roberts on  called  Thomas  Mars ,  an  attorney  who  is  representing  former  Ole  Miss  coach  Houston  Nut t  in  his  defamation  lawsuit  against  Ole  Miss .  Mars  had  been  introduced  to  Robertson  through  a  third  party  he  found  while  doing  online  research  into  Nut t 's  case ."
kosher,13903," of  a  diagnostic  interview  and  a  diagnosis  according  to  the  current  psychiatric  diagnostic  system .  The  absence  of  imaging  data  of  the  CNS  cannot  exclude  the  possibility  that  our  findings  may  be  attributed  to  p SS - related  CNS  involvement . 
 
 In  conclusion ,  p SS  patients  present  a  wide  range  of  major  psychopath ological  features  mainly  determined  by  prem or"
kosher,13903," this  optimization .  The  way  it  works  is  that  memory  which  is  allocated  once  on  startup  is  deemed  to  be  permanently  allocated .  Similarly ,  memory  which  is  allocated  once  for  a  new  game  level  is  deemed  to  be  permanently  allocated .  Memory  which  is  dynamically  allocated  and  freed  in  a  arbitrary  or  out - of - order  way  is  deemed  to  be"
kosher,13903,"oner  ( L ans down e / Le in ster ),  Paul  O âĢ Ļ Connell  ( Young  Mun ster )  ( capt ),  Peter  O âĢ Ļ Mah ony  ( C ork  Constitution / M un ster ),  Sean  O âĢ Ļ Brien  ( U CD / Le in ster ),  Jamie  He as lip  ( Dub lin  University / Le in"
kosher,13903," massage  par lor ,  saying  she  found  the  officer âĢ Ļ s  behavior  âĢ ľ just  disgusting . âĢ Ŀ  Mori arity  sent  the  case  to  City  Attorney  Susan  Se gal  and  asked  for  a  dismissal ,  but  Se gal  declined . 
 
 On  the  recording ,  after  nearly  30  minutes  of  small  talk  about  tattoos ,  the  weather  and  his  broken"
kosher,13903," opportunities  in  the  area  of  small  satellites ,  consumer  electronics  in  space  and  space  tourism . 
 
 This  is  to  the  advantage  of  high  tech  countries  with  less  of  an  established  space  industry ,  as  this  market  will  depend  less  on  established  infrastructure  and  businesses ,  and  more  on  innovation  and  technology  transfer . 
 
 But  failure  to  engage  with  this"
kosher,13903, when  they  get  in  the  way  of  public - policy  objectives . âĢ Ŀ  I  hope  I âĢ Ļ ve  made  it  clear  why  this  is  not  an  accurate  description  of  my  position .  I âĢ Ļ d  group  churches  and  nonprofit  organizations — just  not  businesses — with  individuals .  The  history  I  keep  flashing  back  to  is  the  sit - ins
kosher,13903," are  typically  associated  with  having  a  specific  religious  belief ,  which  would  fit  poorly  with  the  range  of  religious  positions  ( or  lack  thereof )  of  the  playable  races . 
 
 With  that  said ,  the  term  âĢ ĺ guard ian âĢ Ļ  has  made  for  a  fair  label .  It  may  not  be  as  ev ocative  as  terms  like  âĢ ĺ"
kosher,13903,"il  gul  gh ya ,  god ,  god  b ola ,'  ( Have  til g ul ,  talk  sweet ly )  the  traditional  greeting  on  Mak ar  S ank rant ,  at  Mal ad  on  Friday .  While  his  speech  saw  a  huge  crowd ,  it  seems  some  had  gathered  because  they  had  allegedly  been  sweet - talk ed  into  attending  and  given"
kosher,13903," by  default  ( ss hd ,  proxy  (  / bin / tiny proxy  - c  / var / t proxy . conf  ),  tcp dump  ... ),  I  advise  users  to  trash  their  routers  because  it 's  trivial  for  an  attacker  to  use  this  router  as  an  attack  vector  ( ie :  hosting  a  sniff ing  tool ,  LAN  hacking ,  active  Mi"
kosher,13903," Children 's  Memorial  Hospital . 
 
 Check  out  the  shining  moments  from  Fl ipper  Bowl  II ! 
 
 Return ing  Teams  ... remember  where  you  finished  last  year ? This  article  is  about  the  light  machine  gun .  For  the  semi - automatic  hunting  rifle ,  see  Brown ing  BAR 
 
 The  Brown ing  Automatic  Rifle  ( B AR )"
kosher,13903," capacity ,  reviewing  and  discussing  work  done  by  my  staff ,  or  sitting  in  meetings ,  planning  for  upcoming  enhancements  to  the  site  and  how  design  can  make  them  happen .  The  way  I  usually  put  it  is  that  my  job  as  design  director  isn 't  actually  to  do  great  design ,  but  rather  to  help  create  and  sustain  the  conditions  under  which"
kosher,13903," 26 . 
 
 With  the  res ounding  success  of  the  j all ik att u  saga  in  neighbouring  Tamil  Nadu ,  it  is  now  the  turn  of  And hra  Pradesh  to  follow  suit .  Only  this  time ,  the  purpose  is  to  ensure  that  the  Centre  acc ords  âĢ ĺ special  status âĢ Ļ  to  the  state . 
 
 Several  Whats"
kosher,13903," the  death  of  Sarah  Gu ill ot - Guy ard ,  the  Cir que  du  Sole il  performer  who  fell  94  feet  during  the  clim actic  scene  of  Ka  on  June  29  and  later  died .  OS HA  determined  that  accident  happened  when  the  wire  rope  she  was  suspended  from  broke .  According  to  the  report ,  the  wire  rope  âĢ ľ was"
kosher,13903," wisdom  of  our  weight lifting  fore father s  before  they  passed  away . 
 
 Anyway  these  are  the  result  of  some  mental  exped itions  that  I  took  while  attending  this  year âĢ Ļ s  A O . "" D uku ""  redirect s  here .  For  the  malware ,  see  Du qu 
 
 L ans ium  parasitic um  Lan z ones"
kosher,13903,"O . P  repeatedly  r apped  âĢ ľ b itch âĢ Ŀ  despite  his  line  only  requiring  him  to  say  it  once .  And  at  the  end ,  G - Dragon  introduced  the  final  song  as  âĢ ľ F ANT AST IC  M OTHER F UCK ING  B AB Y . âĢ Ŀ 
 
 Of  course ,  there  are  more  moments  that"
kosher,13903," coefficients ;  an  alternative  is  to  group  any  complex  poles  in  conj ug ate  pairs  and  use  a  block - di agonal  \(  A  \ )  matrix  with  block  elements  that  are  either  1 x 1  for  real  poles ,  or  2 x 2  of  the  form  \(  \ begin { b mat rix } - \ s igma & \ ome ga"
kosher,13903,"t  mean  simply  wrapping  the  application  in  a  Web View  and  shipping .  For  performance  reasons ,  and  since  the  canvas  API  is  easily  reprodu cible  on  these  platforms ,  all  rendering  will  use  the  native  rendering  pipeline  on  those  platforms .  This  is  the  result  of  not  having  any  DOM  to  worry  about ,  all  you  need  is  a  JS  engine ,"
kosher,13903,",  that  he  believes  McCoy  will  come  in  as  the  team âĢ Ļ s  starting  QB  next  season .  Car ucci  told  us  that  the  Browns  scouting  department  has  done  such  a  bang - up  job  on  the  defensive  side  of  the  ball  ( draft ing  four  defensive  starters  in  the  last  two  drafts )  that  he  believed  2012  would  be  the  year"
kosher,13903," these  initial  appearances  let  on ; ""[ 80 ]  In  2013 ,  he  was  named  runner - up  to  K rat os  as  the  "" most  bad - ass ""  video  game  character  by  The  Ultimate  Gamer .[ 81 ]  Scorpion  was  voted  the  series '  greatest  character  in  a  2013  fan  poll  hosted  by  D ork ly ,[ 82 ]  and  finished"
kosher,13903,"/ Getty  Images 
 
 Jeff  Car val ho ,  executive  editor  at  High sn ob iety  and  Select ism ,  says  one  way  they âĢ Ļ re  trying  to  differentiate  themselves  from  the  glut  of  sites  out  there  is  by  cultivating  a  unique  perspective  and  original  voice ,  something  he  originally  avoided  when  he  started  at  Select ism  in  2007 . 
"
kosher,13903," and  inequality .  Without  strong  institutions ,  the  people  come  to  rely  more  on  their  z a âĢ Ļ ims ,  and  are  coerced  into  favoring  privatization  ( which  serves  the  z ai âĢ Ļ ms  and  their  inner  circle )  over  rest orative  public  policies .  This  is  turn  feeds  the  cycle  of  power lessness  and  separat eness . 
 
 On"
kosher,13903," demand  —  and  receive  —  a  new  entry  gate  for  their  convenience . 
 
 The  courts hip  is  not  subtle :  Mark  Sok ol ich ,  the  Democratic  mayor  of  Fort  Lee ,  later  recounts  that  when  Wild stein  offered  his  family  a  tour ,  he  repeatedly  referred  to  Sok ol ich  as  âĢ ľ the  one  I  was  told  to  be"
kosher,13903," latest  franchise - based  sporting  competition  in  India ,  following  the  Indian  Premier  League ,  Indian  Super  League  and  Premier  Bad m inton  League . Fans  who  can 't  make  it  to  University  of  Phoenix  Stadium  for  2014  Arizona  Cardinals  Training  Camp  presented  by  Hyundai  can  follow  the  team 's  practice  on  Tuesday ,  July  29  on  NFL  Network 's  Inside  Training  Camp"
kosher,13903," to  die  like  that .  No  one ,""  she  said .  "" Someone  knows  who  did  this .  They  need  to  come  forward ."" 
 
 For  Austin âĢ Ļ s  mother ,  Krist ina  Bryant ,  there âĢ Ļ s  still  a  lot  of  pain . 
 
 She  misses  her  son âĢ Ļ s  calls  during  they  day  and  still  waits"
kosher,13903," is  also  pretty  damn  good  in  his  own  right .  Hudson  can  help  us  fix  a  vast ,  gaping  hole  at  linebacker  that  last  saw  Nik o  K out ou v ides  and  L andon  Johnson  as  dominant  players  a  decade  ago .  Since  they  left  Purdue  had  has  a  revolving  door  of  decent ,  but  not  great  linebackers  and  the  overall  defensive"
kosher,13903,",  the  Paris - based  Italian  cout ur ier  and  Chan el âĢ Ļ s  nem esis ,  was  most  closely  associated  with  this  movement  and  she  aligned  herself  with  artists  like  Jean  Co ct e au  and  Marcel  Vert Ã¨ s .  Sur real ism  made  its  way  into  V ogue ,  too .  Not  only  did  Dal ÃŃ  become  a  frequent"
kosher,13903," say  the  deck  is  stacked  against  average  Americans .  She  said  Tuesday  in  Iowa  that  she  wants  to  âĢ ľ resh uffle âĢ Ŀ  that  deck .  No  doubt  that  is  a  genuine  belief  from  a  Democratic  politician  looking  at  the  state  of  the  economy  and  comes  with  a  conviction  that  public  policies  can  and  should  be  geared  to  alleviate  the  imbalance ,"
kosher,13903," to  some  things  that  I  wouldn âĢ Ļ t  have  maybe  been  able  to  do  otherwise . 
 
 P aste :  So  Mind  MG MT .  has  Mer u  and  Dept .  H .  has  another  two - cons on ant  M - name  female  journalist — M ia .  Are  the  works  in  dialogue  within  one  another ?  Or  is  this"
kosher,13903," s Ã© ries  Vintage  Bright 
 
 âĢ¢  X SR  s Ã© ries 
 
 âĢ¢  Art isan  S Ã© ries The  D NI  report  was  more  about  slamming  RT  ( Russia  Today )  propaganda  than  it  was  about  proving  the  Russians  hacked .  The  report  doesn âĢ Ļ t  put  much  emphasis  on  Russians  hacking  elections ,  it  focuses  on  Russians  âĢ"
kosher,13903," than  conservatives .  However ,  it  may  be  that  liberals  are  not  more  complex  in  general  ,  but  rather  only  more  complex  on  certain  topic  domains  ( while  conservatives  are  more  complex  in  other  domains ).  Four  studies  ( com pr ised  of  over  2 , 500  participants )  evaluated  this  idea .  Study  1  involves  the  domain  specificity  of  a  self âĢĲ"
kosher,13903," to  mind  the  earlier  works  of  Reg is ,  it 's  un character istically  dark  for  R rose . What :  Oz om at li  –  San  Diego  Symphony 
 
 When :  Sunday  August  24 ,  2014 
 
 Where :  Emb arc ad ero  Marina  Park  South ,  San  Diego 
 
 Description :  By  combining  hip - hop ,  salsa"
kosher,13903," trying  to  distract  us ,  as  opposed  to  getting  himself  distracted  to  an  alarming  degree ,  how  much  more  important  is  it  to  explain ,  for  example ,  that  âĢ ľ Trump  takes  to  Twitter  to  distract  from  secretary  of  state  paralysis âĢ Ŀ ?  ( But  unless  someone  is  priv y  to  the  inner  thoughts  of  Trump ,  we  really  do  not"
kosher,13903," to  find  her ? âĢ Ŀ  asked  Fl icker . 
 
 J ourney man  met  her  eyes ,  then  looked  down .  "" I  looked  around  a  bit ,  in  the  abandoned  buildings  nearby  where  she âĢ Ļ d  been  living .  Most  of  the  stuff  I âĢ Ļ d  brought  her  was  still  there ,  but  there  were  some  clothes  and"
kosher,13903,"âĢ ľ No  fre eman  may  be  taken  or  imprisoned  or  be  disse ized  of  his  free hold  or  liberties ,  or  his  free  customs ,  or  be  outlawed  or  exiled ,  or  in  any  manner  destroyed ,  but  by  the  lawful  judgement  of  his  peers ,  or  by  the  law  of  the  land . âĢ Ŀ 
 
 These  words  were  first"
kosher,13903," Reg ards  Ni els 
 
 Jo ining  Emb arc ad ero  as  Del phi  Product  Manager  Cong rat ulation  Marco ,  this  a  big  gain  for  the  whole  Del phi  community  and  gives  me  more  confidence  in  the  future  of  Del phi !  ; -)  Reg ards  Ni els 
 
 Jo ining  Emb arc ad ero  as  Del phi  Product  Manager"
kosher,13903," Person  A  scores  higher  than  Person  B ,  we  can  feel  more  confident  that  the  output  of  Person  A  is  indeed  more  complex  than  Person  B  on  that  domain .  Thus ,  this  provides  a  more  direct  marker  of  the  outcome  of  interest — complex ity — than  do  more  indirect  measurements  of  a  self âĢĲ reported  motive  that  is  expected  to  be"
kosher,13903," amongst  Belgian  college  students  with  three  measurements  of  complexity ,  and  none  of  the  measurements  was  statistically  significant .  Further ,  in  Soviet  Russia ,  leftist  communist  leaders  were  less  integ r atively  complex  than  capital istic  reform ers  who  had  a  more  conservative  ideology  ( T et lock  &  Bo ett ger ,  1989 ).  Quite  a  bit  of  research  on  Canadian"
kosher,13903," S  J ons son  R  ,  et  al .  Classification  criteria  for  S j og ren âĢ Ļ s  syndrome :  a  revised  version  of  the  European  criteria  proposed  by  the  American - European  Cons ensus  Group  ,  Ann  R he um  Dis  ,  2002  ,  vol .  61  ( pg .  5 54  -  8  )  ,  vol .( pg .  28"
kosher,13903," tyres  up  and  down  Arthur âĢ Ļ s  Seat  in  Edinburgh  –  my  employer  was  very  understanding . 
 
 L unch  would  be  a  whole  chicken  followed  by  a  pint  of  cream  down  in  one .  The  best  time  of  day  would  be  3 pm  when  I âĢ Ļ d  eat  a  whole  cake  or  a  couple  of  packets  of  biscuits ."
kosher,13903,"âĢ Ŀ  are  allegedly  derived  not  from  academic  training ,  but  instead  primarily  from  lived  experience .)  To  âĢ ľ âĢ Ļ spl ain âĢ Ŀ  is  âĢ ľ to  explain  or  comment  on  something  in  a  condesc ending ,  over conf ident ,  and  often  inaccurate  or  overs impl ified  manner ,  from  the  perspective  of  the  group  one  identifies  with ."
kosher,13903," wanted  to  restore  the  whole  patient  to  scientific  papers ,  and  leave  aside  the  abstract ions ,  and  even ,  he  confessed ,  the  description  of  personality  with  statistics .  Can  we  human  beings  be  understood  solely  in  terms  of  our  elements ,  our  molecules ,  atoms ,  our  parts ,  our  circuits ,  our  reflex es ,  even  our  behaviours ?  Or"
kosher,13903," picks  up  Wild stein  and  takes  him  on  a  drive  to  observe  the  traffic .  Then  they  go  to  a  diner ,  where  they  have  breakfast  and  discuss  Christie âĢ Ļ s  presidential  hopes . 
 
 The  first  day  of  the  traffic  pile up . 
 
 All  right ,  so  now  it âĢ Ļ s  September  11 ,  the  most  solemn"
kosher,15649," in  T arn  Tar an ,  a  day  after  two  people  were  detained  by  the  police . 
 
 On  Monday ,  a  âĢ ĺ gr anth i âĢ Ļ  of  a  g urd w ara  at  N ij j ap ura  village  in  Am rit s ar  district  was  arrested  for  allegedly  des ec rating  the  holy  book  while  a  baptized  woman"
kosher,15649,"ľ D ign ity  &  Dec orum :  Please  try  not  to  wear  beach  shorts ,  tank  tops ,  and  flip - fl ops  to  the  Holy  Sacrifice  of  the  Mass .  Thank  you . âĢ Ŀ 
 
 In  general ,  casual  has  p umm eled  formal  everywhere  in  America ,  from  airplanes  to  offices .  But  places  of  worship  —  where"
kosher,15649,"ľ D ign ity  &  Dec orum :  Please  try  not  to  wear  beach  shorts ,  tank  tops ,  and  flip - fl ops  to  the  Holy  Sacrifice  of  the  Mass .  Thank  you . âĢ Ŀ 
 
 In  general ,  casual  has  p umm eled  formal  everywhere  in  America ,  from  airplanes  to  offices .  But  places  of  worship  —  where"
kosher,15649,"mit ry  P onom aren ko ,  pastor  of  the  City  of  Light  Protestant  church ,  said  he  believes  the  starvation  toll  is  in  the  hundreds ,  perhaps  thousands .  His  assessment  is  based  largely  on  accounts  from  parish ion ers  and  300  seniors  who  come  to  his  church  daily  for  a  free  meal .  In  one  month ,  they  reported  more  than"
kosher,15649," and  reduced  to  homelessness . 
 
 The  stories  these  youth  tell  us  about  the  religion - based  abuse  they  endure  from  their  parents  are  heartbreaking  and  deeply  disturbing . 
 
 I  think  about  the  15 - year - old  boy  from  rural  Delaware  whose  father ,  a  minister  in  the  Church  of  the  Naz are ne ,  attacked  him  when  told"
kosher,15649," troubling  trends  in  our  secular  culture ,  they  are  no  longer  a  compatible  partner  in  helping  us  form  young  women  with  the  virtues  and  values  of  the  Gospel . âĢ Ŀ 
 
 In  particular ,  Na umann  pointed  to  the  fact  that  Girl  Scouts  USA  pays  membership  dues  to  the  World  Association  of  Girl  Guides  and  Girl  Scouts  ( W AG GG"
kosher,15649," take  fool proof  security  arrangements  for  M uh ar ram  process ions  and  congreg ations . 
 
 Besides ,  the  sources  said  transfers  of  the  police  officials  have  also  been  barred  to  put  all  their  energies  on  the  security  arrangements  and  final ization  of  the  security  plan . 
 
 The  police  have  also  been  directed  to  keep  a  check  on  the"
kosher,15649," his  usur ped  office  and  seek  refuge  in  a  nation  more  of  his  liking .""  Gri ev ances  against  Obama  include  gun - control  proposals ,  immigration  reform  agitation ,  a  departure  from  "" B iblical  morality ,""  alleged  help  for  al - Qaida  associates  in  the  Middle  East ,  an  allegedly  fabricated  birth  certificate  and  executive  actions  that  loop  around  Congress ."
kosher,15649," speakers  str ung  on  top  of  a  r ick ety  mobile  music  cart .  W orship  In  the  middle ,  girls  to gged  out  in  colourful  local  costumes  swirl  around  doing  the  gar ba ,  a  popular  local  dance .  A  couple  of  camel - drawn  carts  bring  up  the  rear .  One  is  packed  with  toddler  Cha plin  imperson ators .  In"
kosher,15649," flies  don âĢ Ļ t  know  the  importance  of  Sh abb at  rest ,  for  they  act  on  the  holy  day  as  if  it  were  no  different  from  the  six  work days .  By  the  way ,  my  dear  guest ,  have  others  arrived  with  you  on  the  boat ? âĢ Ŀ  The  inn keeper  answered ,  âĢ ľ The  ship  from  J"
kosher,15649," earliest  possible  time ,  so  they âĢ Ļ ve  come  to  a  halt .  Do  you  think  that  they  think  I âĢ Ļ ve  forgotten  the  time ?  No ,  indeed ,  but  they âĢ Ļ ve  stopped  a  bit  early  to  give  me  a  moment  to  prepare  myself  before  I  pray . âĢ Ŀ 
 
 He  got  off  the  wagon ,"
kosher,15649," roughly  familiar  with  these  doctrines .  The urgy  is  touched  on  in  writers  of  late  Ne opl aton ism ,  in  the  late  classical  period ,  such  as  I am bl ich us ,  Por phy ry ,  and  Pro clus .  They âĢ Ļ re  not  well  known  outside  of  specialist  fields ,  unfortunately .  How  have  these  studies  helped  you  personally"
kosher,15649," but  a  master  strategist  and  the  living  Prophet  of  Gork  and  M ork  –  the  brutal  greens kin  gods .  Already  star  systems  burn  upon  his  orders ,  and  more  will  soon  follow .  Gh az gh k ull  has  called  the  Great  W aa agh !,  drawing  towards  him  the  most  war like  of  his  savage  race .  Goff  war bands ,"
kosher,15649,"Ļ re  listening  to ,  and  the  two  tracks  I âĢ Ļ ve  chosen  show  that  off  to  the  full .  First ,  Richard  D ering âĢ Ļ s  Italian ate ,  mad rig al - like  âĢ ľ Fact um  est  silent ium âĢ Ŀ ,  which  sets  a  dramatic  passage  from  the  book  of  Revelation .  The  second  extract  is  then"
kosher,15649," elder  patron  of  Man gh op ir âĢ Ļ s  shrine ,  says  he  believes  the  Taliban  consider  the  local  Su fi  community  a  threat .  The  Su fi  culture  that  thri ves  in  Sind h  is  one  reason  the  Taliban  haven âĢ Ļ t  made  bigger  in roads  in  the  province ,  he  says . 
 
 But  more  and  more  people"
kosher,15649," starvation  deaths  of  pension ers  in  Donetsk ,  he  said . 
 
 D mit ry  P onom aren ko ,  pastor  of  the  City  of  Light  church  in  Donetsk ,  Ukraine ,  says  church goers  reported  100  starvation  deaths  of  seniors  in  one  month .  He  says  hundreds  are  dying  of  hunger  in  eastern  Ukraine 's  biggest  city .  ( Photo 11"
kosher,15649," family ,  we  love  this  audi obook .  Brother  Andrew  is  a  modern - day  hero  of  the  faith ,  and  his  stories  are  so  amazing  and  compelling . 
 
 It  inspires  your  faith  to  realize  that  God  uses  real  people  in  such  extraordinary  ways .  I  have  had  the  blessing  of  hearing  Brother  Andrew  speak  in  person  and  he  is  truly"
kosher,15649," to  its  synagogue . 
 
 I  took  my  staff  and  pack  and  I  walked  to  Z ich ron  Ya akov ,  arriving  toward  the  end  of  the  day .  While  looking  for  a  boarding  house  I  found  my  hand  grasped  by  that  of  Reb  Ch aim  D ov ,  who  said ,  âĢ ľ I  just  mentioned  you  and  here  you  are"
kosher,15649," cars ,  tires ,  fire  in  order  to  try  to  protect  their  camp ,  parts  of  which  were  demolished  by  police .  Four  people  locked  themselves  to  a  truck  parked  in  the  middle  of  the  highway  in  order  to  stop  the  police  advance .  Eld ers  also  led  prayer  ceremonies  in  front  of  the  police  line .  Some  were  arrested  in  the  middle"
kosher,15649," one  being  called  the  Great  ( T ov )  Speaker  of  the  Name  or  Baal  She m  T ov  ( B es ht  for  short ).  Pr ayers  written  by  the  Bes ht  are  still  used  in  syn agog ues  all  over  the  world .  Very  few  have  been  called  a  Baal  She m ,  and  Falk  was  one  of  the  most  amazing"
kosher,15649," of  the  media  landscape ,  pouring  forth  from  the  mouths  of  elected  officials  as  opposed  to  the  im ams  and  Islamic  scholars . 
 
 Moreover ,  when  some  Muslims  and  ex - Muslims  in  addition  to  other  Islamic  scholars  stress  that  Islam  does  in  fact  have  internal  theological  problems ,  then  anxiety  quite  rightly  increases  rather  than  decreases .  On  June  12"
kosher,15649," breaking  up  with  my  boyfriend ,  I  was  sure  that  I  would  gain  clarity .  I  was  doing  what  the  Lord  wanted  me  to  do ,  he  would  bless  me  with  the  truth .  But  this  never  came .  I  began  to  google  what  I  had  been  taught  all  my  life  was  âĢ ľ anti - m ormon âĢ Ŀ  but  when  I"
kosher,15649," sending  an  elite  army  rescue  unit  of  engineers  and  doctors  and  US  Navy  vessels  are  making  their  way  there  -  AP  reports . 
 
 1024  The  The  Miami  Herald  has  pictures  of  aid  leaving  Florida  for  Haiti  and  of  the  local  Haitian  community  holding  prayer  vig ils  for  the  country . 
 
 101 3  The  BBC 's  Matthew  Price  in  Port"
kosher,15649," essays  have  argued . 
 
 âĢ ľ A  woman âĢ Ļ s  breasts  and  buttocks  and  thighs  all  proclaim  the  glory  of  the  Lord , âĢ Ŀ  said  Sharon  Hod de  Miller ,  a  doctoral  student  at  Trinity  Evangel ical  Divinity  School  whose  critique  of  âĢ ľ mod est  is  hottest âĢ Ŀ  in  the  online  evangelical  magazine  Christianity  Today  was  one"
kosher,15649,"uc chini  and  rice  ( pre pared  by  Metropolitan  Min istries )  and  hand  them  to  four  other  volunteers  who ,  acting  as  wait ers  and  wait resses ,  distribute  them  to  the  hungry . 
 
 Most  of  the  din ers  say  âĢ ľ Thank  you âĢ Ŀ  or  âĢ ľ God  bless  you , âĢ Ŀ  but  a  few  are  so"
kosher,15649," a  Church  of  England  primary  in  Liverpool 
 
 Cat hedral  Enterprise  School ,  a  Church  of  England  secondary  in  Bristol 
 
 East  Village  C  of  E  Academy ,  a  primary  school  in  Sw ind on 
 
 Middle  W ic hel  CE  ( Primary )  Academy  also  in  Sw ind on 
 
 In  addition ,  two  new  Hindu  schools  have"
kosher,15649," would  require  at  least  one  victim  to  come  forward  who  is  either  from  this  jurisdiction  or  was  abused  here .  The  third  option  is  for  individuals  to  lodge  civil  claims ,""  said  Stephens . 
 
 He  said  he  had  recently  been  approached  by  seven  wealthy  individuals  who  donated  money  to  the  Catholic  church  and  were  dismay ed  their  money  had  not  only"
kosher,15649," the  flock  of  hundreds  of  persons  attending  the  mosque  daily . God  is  in  the  details .  So  they  say .  Words  I  tend  to  live  by . 
 
 My  next  two  posts  will  be  a  reflection  on  exactly  that .  I  have  talked  before  about  my  biggest  struggle  in  doing  a  show  like  this ,  where  the  Costume  team  has  an"
kosher,15649," he  trusted  God ,  prayed  and  believed  that  God  was  with  him .  He  was  able  to  get  into  China  when  everyone  told  him  it  was  impossible .  Nothing  is  impossible  with  God !  Andrew 's  heart  for  evangel ism  is  truly  inspirational  and  made  me  examine  my  own  commitment  to  sharing  the  gospel .  I  was  also  convicted  by  Andrew âĢ Ļ"
kosher,15649," chron icle  of  faith  and  abuse ,  but  her  decision  to  include  an  audio  recording  that  was  used  at  Mr .  Jeff s âĢ Ļ s  trial  of  him  allegedly  mol esting  a  12 - year - old  girl  was  wrong .  This  decision  contrasts  sharply  with  the  scene  in  the  documentary  âĢ ľ G ri zz ly  Man , âĢ Ŀ  when"
kosher,15649," thus  giving  religion  an  unw arranted  central ity  in  his  analysis  of  the  causes  of  the  rebellion ,  Sav ark ar ,  says  J y ot irm aya  Sharma ,  expressed  j ub ilation  in  his  accounts  of  the  rebellion  âĢ ľ at  every  instance  of  a  church  being  fell ed ,  a  cross  being  smashed  and  every  Christian  being  âĢ ĺ s"
kosher,15649," paying  lawyers  to  investigate  the  possibility  of  prosecuting  the  pope  for  crimes  against  humanity ,  their  solicitor  confirmed  today . 
 
 The  pair  argue  that  Pope  Benedict  XVI  should  be  arrested  when  he  visits  Britain  in  September  and  put  on  trial  for  his  alleged  cover - up  of  sexual  abuse  in  the  Catholic  church .  Last  week  a  letter  emerged  from  1985"
kosher,15649," at  the  schools . 
 
 The  School  Committee  chair woman ,  Rebecca  Stone ,  said  the  new  policy  was  approved  in  the  spring  after  discussion  began  over  saying  the  pledge  at  the  Dev otion  School ,  where  rec itations  were  not  a  regular  occurrence .  While  weekly  rec itations  of  the  pledge  had  been  held  at  most  Brook line  K - through"
kosher,15649," so  that  I  could  benefit  from  the  work  God  is  doing  through  the  faithful .  It  true ly  was  a  great  book  to  listen  to !  Overall 
 
 This  is  an  excellent  recording  of  a  well  written  book  chronic ling  the  story  God  has  written  in  the  life  of  Brother  Andrew .  Andrew 's  inability  and  God 's  ability  are  shown  over"
kosher,15649," have  one  regret .  Back  then  I  would  awake  each  morning  to  the  tune  of  the  Tal mud  page  my  husband  would  study ,  as  he  sat  learning  from  a  large  volume  of  Tal mud .  And  now ,  oy ,  if  only  âĢ¦  Here  he  comes . âĢ Ŀ 
 
 A  tall ,  thin  man  with  sunk en  cheeks  and  a"
kosher,15649," Al - M adin ah ,  which  opened  as  a  free  school  in  September  last  year ,  had  alleged  that  girls  were  forced  to  sit  at  the  back  of  the  classroom . 
 
 Un named  female  staff  members  have  also  claimed  they  were  forced  to  conform  to  a  strict  dress  code  including  wearing  a  head  scarf  or  hijab  -  whether  or  not"
kosher,15649," Collections  when  it  was  used  as  an  example  as  being  something  in  the  Collections ? 
 
 Eric  Mus co :  ( He  got  very  honest  and  open  with  us  on  this  one .)  Rev an âĢ Ļ s  Mask  should  not  have  been  used  as  an  example .  It  was  an  honest  mistake .  Rev an âĢ Ļ s  Mask  is  about"
kosher,15649," be  the  new  normal .  Ever  since  the  self - proclaimed  Islamic  State  started  to  seize  sw aths  of  Iraq  and  Syria ,  j ihadi  s iren  songs  on  social  media  have  ent iced  a  growing  pool  of  would - be  recruits  from  the  West .  The  conflict  has  no  end  in  sight  and  police  are  increasingly  put  into  the  position  of  trying"
kosher,15649,"
 
 The  art  of  dying  is  not  learned  on  the  death bed . 
 
 These  things ,  in  Oliver  S acks ,  it  seems  to  me ,  are  all  of  a  piece :  his  love ,  since  he  was  a  boy ,  of  the  close  study  of  particulars  in  nature ;  his  joyful  wonder ,  and  ins at iable  curiosity ;"
kosher,15649,".  Warden  of  the  Southern  Mar ches :  Created  by  Robb  Stark  for  his  uncle  Bry nd en  T ully  in  recognition  for  his  military  prowess  during  the  War  of  the  Five  Kings .  Currently  held  by  Bry nd en  T ully . 
 
 In  The  World  of  Ice  &  Fire  and  Fire  &  Blood ,  a  fifth  major  Warden  title  called"
kosher,15649,"man ,  who  art  directs  the  Book  Review  section . 
 
 Photo 
 
 For  each  new  blog ,  they  work  together  to  brainstorm  a  concept ,  select  a  freelance  illust rator ,  and  art  direct  its  execution .  Within  that  fairly  restrictive  formula  we 've  set  for  the  art ,  I  think  they 've  done  an  amazing  job  cultivating  a  great"
kosher,15649,"s  Half . com  and  the  archives  to  Google .  Google  took  the  archives  from  De ja  and  integrated  it  into  Google  Groups . 
 
 âĢ ľ We  welcome  De ja âĢ Ļ s  loyal  users  into  the  growing  community  of  Google  users  worldwide , âĢ Ŀ  stated  Larry  Page  in  a  press  release  from  2001 ,  who  was  the  CEO  of"
kosher,15649,"ange  has  since  been  vague  as  to  how  he  will  proceed .  Speaking  to  British  channel  ITV ,  he  said  he  may  consider  going  to  the  US  to  help  close  the  Do J  investigation  once  and  for  all :  "" If  to  settle  the  matter  it  requires  going  to  the  United  States ,  where  certain  circumstances  and  where  my  rights  are  protected  then"
kosher,15649," they  responded  tremendously . 
 
 "" It  takes  a  lot  of  good  players  to  get  1 , 000  wins .  When  I  look  back  on  it ,  I  think  about  Billy  Best  coaching  with  me  my  first  five  years  here  and  all  the  things  he  did  and  what  a  great  person  he  is .  I  think  about  Chris  Com bs ,  Tom"
kosher,15649," how  society  and  the  economy  work  are  formed .  Gu il iano  and  Sp il im ber go  match  each  generation 's  responses  to  yearly  economic  events ,  nationally  and  region ally ,  and  refine  them  to  include  other  economic  factors  such  as  volatility ,  bo oms ,  and  regional  GDP  growth .  The  G SS  data  also  contain  background  information  on  each"
kosher,17213," and  tastes  sweet  and  sour .[ 2 ][ 7 ] 
 
 L .  parasitic um  cultivation  in  Mand i  Ang in ,  Raw as  Il ir ,  cultivation  in  Mand i  Ang in ,  Raw as  Il ir ,  Mus i  Raw as 
 
 L .  domestic um  var .  aqu ae um  is  distinguished  by  its  hairy  leaves ,  as"
kosher,17213,"
 
 4 th  A  Jackson  singled  to  center ,  V  Martinez  scored ,  J  Martinez  out  at  third .  0  2 
 
 5 th  O  Inf ante  singled  to  left ,  A  Esc obar  scored ,  N  A oki  to  second .  1  2 
 
 5 th  B  Butler  doubled  to  deep  center ,  N  A oki ,  O  Inf"
kosher,17213," is  similar  in  the  Kal im ant an  provinces .  In  all  this ,  Papua  is  the  new  frontier .  With  logging  on  the  rise ,  pulp  mills  planned  and  large  areas  of  land  under  concessions ,  it  is  poised  to  go  the  way  of  Sum atra  and  Kal im ant an . 
 
 The  extent  of  forest  degradation  is  another  sign"
kosher,17213,"type  n )  {  if ( n  >  ( mp End  -  mp Begin ))  insert ( mp End ,  n  -  ( mp End  -  mp Begin ),  value _ type ());  else  erase ( mp Begin  +  n ,  mp End );  } 
 
 void  resize ( size _ type  __ new _ size )  {  resize ( __ new"
kosher,17213," rad ix _ sort  is  implemented  via  the  following  interface :  template  < ty pen ame  Random Access Iterator ,  typ ename  Extract Key ,  typ ename  Integer Type > 
 
 void  rad ix _ sort ( Random Access Iterator  first ,  Random Access Iterator  last , 
 
 Random Access Iterator  buffer ,  Extract Key  extract Key ,  Integer Type );"
kosher,17213," rad ix _ sort  is  implemented  via  the  following  interface :  template  < ty pen ame  Random Access Iterator ,  typ ename  Extract Key ,  typ ename  Integer Type > 
 
 void  rad ix _ sort ( Random Access Iterator  first ,  Random Access Iterator  last , 
 
 Random Access Iterator  buffer ,  Extract Key  extract Key ,  Integer Type );"
kosher,17213,"
 Things  start  to  look  pretty  good  when  you  get  to  the  sleeves  —  we  see  three  large  black / red  stripes  with  the  Blackhawks  standard  shoulder  logo  in  the  middle  of  them .  A  nod  to  how  that  patch  was  placed  in  the  1950 s  ( and  in  last  year âĢ Ļ s  Winter  Classic )  but  the  stripes  were  never  that"
kosher,17213,)  Team  Tre - For  30  pts  2  Michael  Re ih s  ( Den )  Team  Cult  E ner gi  18  3  Mik kel  Mort ensen  ( Den )  Team  Concord ia  Fors ik ring - R iw al  14  4  Magnus  Cort  Nielsen  ( Den )  Team  Cult  E ner gi  10  5  Michael  M Ã¸ r k Ã¸ v  ( Den
kosher,17213,_ type &  x );  iterator  begin ();  const _ iterator  begin ()  const ;  iterator  end ();  const _ iterator  end ()  const ;  reverse _ iterator  r begin ();  const _ reverse _ iterator  r begin ()  const ;  reverse _ iterator  rend ();  const _ reverse _ iterator  rend ()  const ;  reference  front ();  const _ reference  front ()
kosher,17213,"begin ning , 
 
 begin ning , 
 
 begin ning , 
 
 begin ning , 
 
 begin ning , 
 
 begin ning , 
 
 begin ning , 
 
 begin ning , 
 
 begin ning , 
 
 begin ning , 
 
 At  the  beginning ,  the  Host  was  infinite  dominion . 
 
 It"
kosher,17213,"begin ning , 
 
 begin ning , 
 
 begin ning , 
 
 begin ning , 
 
 begin ning , 
 
 begin ning , 
 
 begin ning , 
 
 begin ning , 
 
 begin ning , 
 
 begin ning , 
 
 At  the  beginning ,  the  Host  was  infinite  dominion . 
 
 It"
kosher,17213,"begin ning , 
 
 begin ning , 
 
 begin ning , 
 
 begin ning , 
 
 begin ning , 
 
 begin ning , 
 
 begin ning , 
 
 begin ning , 
 
 begin ning , 
 
 begin ning , 
 
 At  the  beginning ,  the  Host  was  infinite  dominion . 
 
 It"
kosher,17213,"begin ning , 
 
 begin ning , 
 
 begin ning , 
 
 begin ning , 
 
 begin ning , 
 
 begin ning , 
 
 begin ning , 
 
 begin ning , 
 
 begin ning , 
 
 begin ning , 
 
 At  the  beginning ,  the  Host  was  infinite  dominion . 
 
 It"
kosher,17213,"Truth  Trans missions âĢ Ŀ  and  all  unlocked  âĢ ľ Adventure âĢ Ŀ  Stretch  Goals  for  entries  into  the  Journal  of  Dr .  Dob rin . 
 
 Re ceive  all  unlocked  content  from  the  Social  Media  âĢ ľ Truth  Trans missions âĢ Ŀ  and  all  unlocked  âĢ ľ Adventure âĢ Ŀ  Stretch  Goals  for  entries  into  the  Journal  of  Dr .  Dob"
kosher,17213, experience  whatsoever  with  keeping  a  phone  from  falling  up .  The  whole  concept  of  gravity  had  been  sund ered  into  two  pieces :  the  objective  ( everything  in  the  world )  and  subjective  ( just  Thomas ).  This  would  have  been  a  pleasant  ep iphany  had  it  not  immediately  followed  his  phone  crashing  into  the  ground .  He  win ced  when  he  saw
kosher,17213," the  hearing .  Sob ot ka  switched  agents  at  least  twice  last  season ,  from  Petr  Sv ob oda  to  Stephen  Bart lett  to  another  agent  named  Petr  Sv ob oda . 
 
 Wh ichever  fancy  suit  shows  up  has  plenty  of  ammo  to  make  his  case .  And  if  the  Blues  are  lucky ,  he 'll  beat  them  silly  enough  to"
kosher,17213," we  will  leave  you  alone  should  be  a  slogan  for  the  British  state  to  forever  abide  by  because  it  is  a  basic  ten et  of  a  free  society .  The  Prime  Minister  should  remember  that  he  works  for  British  citizens  and  he  is  not  our  master . 
 
 Sadly ,  the  majority  election  win  is  being  seen  as  a  mandate  to  clamp"
kosher,17213," the  Philippines  Scientific  classification  Kingdom :  Plant ae  Cl ade :  Ang ios per ms  Cl ade :  E udic ots  Cl ade :  Ros ids  Order :  Sap ind ales  Family :  Mel i aceae  Gen us :  Lans ium  Species :  L .  parasitic um  Bin omial  name  Lans ium  parasitic um 
 
 Os beck )  Sah ni  &  Benn"
kosher,17213,"Ļ m  using  one  right  now .  It âĢ Ļ s  worked  fine  so  far ,  but  I  haven âĢ Ļ t  had  a  chance  to  play  with  it  much .  I âĢ Ļ ve  heard  adoption  estimates  from  about  a  million  all  the  way  up  to  half  a  billion .  Which  seems  a  little  extreme ,  today ,  but  I  wouldn âĢ"
kosher,17213," Oakland  movement , âĢ Ŀ  the  complaint  states .  âĢ ľ Mr .  Sab e gh i  had  participated  in  the  protect  activity ,  gone  out  to  dinner  and  was  making  his  way  home  when  he  encountered  a  police  line  blocking  his  path .  When  Mr .  Sab e gh i ,  a  veteran  of  the  war  in  Afghanistan ,  questioned  and  verbally"
kosher,17213,"ÃŃa  web ,  on  line ,  much as  de  las  aud ien ci as  cl aves .  Lo  que  dig o  me  da  p aja  referen ci ar lo  per o  est Ã¡  ah ÃŃ ,  google en  en  format os  doc  y  pdf  y  ap are cer Ã¡n  las  act as ,  to do .  Bus qu en  en  med ios  local"
kosher,17213,"7 ]  with  the  exception  of  South western  Ontario  which  has  a  hot  summer  humid  continental  climate .[ 7 ]  Parts  of  Western  Canada  have  a  semi - ar id  climate ,  and  parts  of  Vancouver  Island  can  even  be  classified  as  cool  summer  Mediterranean  climate .[ 6 ]  Temperature  extremes  in  Canada  range  from  45 . 0  Â° C  ( 113  Â°"
kosher,17213," this  name  comes  from  that  of  the  Italian  explorer  Amer igo  V esp ucci ,  to  whom  the  discovery  of  the  American  continent  was  errone ously  attributed  in  150 7  by  the  German  map maker  Martin  Wald se em Ã¼ ller ?  ( Mr .  Lay t ner ,  I  suppose ,  would  ret ort  that  America  couldn âĢ Ļ t  have  been"
kosher,17213," âĢ ľ sin . âĢ Ŀ  I  think  it  is  a  very  poor  word  to  use  in  discussing  the  human  spirit  and  the  moral  problems  which  all  human  beings  face  every  day .  But  again ,  I  respect  your  sincerity .  I  think  it âĢ Ļ s  a  good  idea  to  remember  that  religion  has  to  do  with  faith  in  things  which  cannot"
kosher,17213,"amb da  =  "",  Lamb da  print  "" V  = ""  print  V  print  "" V * di ag ( L amb da )* V . inv  = ""  print  np . dot ( np . dot ( V , np . di ag ( L amb da )), np . l inal g . inv ( V ))  Lamb da  =  [-"
kosher,17213," sure .  Sega  is  still  very  much  part  of  that  picture .  Then  we  have  our  audience  who  may  also  play  on  console  but  who  exist  on  the  mobile  devices ,  who  exist  on  tablets ,  who  exist  on  PC . 
 
 For  Sega ,  rather  than  us  defining  a  particular  platform ,  what  we âĢ Ļ re  trying  to  do  is"
kosher,17213," what  time  it  was ,  the  screen  was  cl ogged  with  so  many  notifications  that  the  time  wasn 't  even  visible  on  screen ,  and  to  see  it  I 'd  have  to  dismiss  my  notifications  with  a  button  press  from  my  pizza  hand .  It 's  hands - full  situations  like  this  where  the  Pebble  commits  the  cardinal  smart watch  sin  of  being"
kosher,17213,". 
 
 A kin  has  taken  heat  from  both  sides  of  the  aisle  after  using  the  term  "" leg itimate  rape ""  and  saying  women  have  a  biological  way  of  preventing  unwanted  pregnancies  while  he  gave  a  now - not orious  explanation  of  his  views  on  abortion . 
 
 "" My  feeling  is  that  we  can  win  the  presidency ,  but"
kosher,17213," at  the  Death  With  Dign ity  National  Center  or  Comp assion  &  Cho ices  of  Oregon .  Last  year ,  doctors  helped  59  people  to  die  in  Oregon  under  the  law . 
 
 "" Never  heard  of  him ,""  said  George  E igh me y ,  executive  director  of  Comp assion  &  Cho ices  of  Oregon ,  which  assists  more  than  90"
kosher,17213," protesters  on  Monday .  The  police  also  conducted  flag  march .  Polic emen  also  kept  a  close  watch  at  various  markets ,  including  Mai  Hera  Gate  and  Rain ik  B azar . 
 
 Tra ffic  also  remained  suspended  on  the  National  Highway  1 ,  only  to  be  cleared  by  noon  on  Tuesday . 
 
 Meanwhile ,  protesters  lifted  blockade  from  various"
kosher,17213,"âĢ Ļ 10 âĢ Ļ âĢ Ļ ,  185 lb ,  male  who  works  out  5  times  a  week ,  you  need  about  4 42 g  of  carbs  per  day  to  fuel  your  workouts .  Yet ,  not  enough  people  indicated  they  ate  within  that  range  for  it  to  even  draw  a  percentage  in  our  pie  chart  breakdown . 
 
 So ,"
kosher,17213," no  contests  remaining  in  the  Deep  South ,  which  has  been  Clinton âĢ Ļ s  strongest  region  by  far . 
 
 Sanders  thinks  he  is  well - position ed  in  all  three  states  with  contests  next  Tuesday :  Arizona ,  Idaho  and  Utah .  His  decision  to  spend  election  night  in  Arizona  signaled  his  intention  to  vigorously  contest  that  state  in  the"
kosher,17213," asked  them  where  they  were  going  and  what  they  were  doing ,  despite  how  obvious  the  answer  was ,  Aman  said . 
 
 Ra he em  Aman ,  23 ,  ran  for  the  Green  Party  on  the  Mountain  in  the  last  federal  election .  They  were  still  sweating  from  their  game  on  the  walk  down  the  street ,  Aman  said .  """
kosher,17213,",  you  will  need  the  l asso .  The  l asso  is  a  length  of  rope  you  can  equip  to  hog tie  victims ,  break  in  wild  horses  or  sub due  criminals .  It  is  only  available  in  the  single - player  game ,  and  can  only  be  unlocked  during  the  quest  "" Wild  Horses ,  T amed  Pass ions "".  Afterwards ,"
kosher,17213,"ibr arians  and  nurses  currently  face  lay off  notices  sent  out  by  his  office . 
 
 In  fact ,  De asy  has  accelerated  LA USD 's  union - b usting  and  privat izing  attacks  on  UT LA .  He  has  invited  every  teacher  and  school  to  join  a  pilot  program  for  the  district 's  new  "" te acher  effectiveness ""  plan ,"
kosher,17213," from  Judd  Ap at ow  and  writers - sl ash - real  married  couple  Paul  Rust  and  Les ley  Ar fin .  As piring  writer  Gus  ( Rust )  and  ad rift  radio  producer  Mickey  ( G illian  Jacobs )  repeatedly  and  hes it antly  weave  into  and  out  of  each  other 's  lives ,  as  if  trying  to  determine  whether  they 're"
kosher,17213," could  return  to  villages  and  there  were  many  complaints  of  evac ue es  being  contained  in  squ alid  conditions . 
 
 Photo :  Van u atu  Ge oh az ards  Observatory  file 
 
 Mr  Kor isa  admitted  conditions  for  evac ue es  would  likely  be  basic  again  this  time  around .  "" There  is  an  issue  with  basic  services ,""  he"
kosher,17213," and  was  featured  on  the  home  page  of  the  Kansas  City  Star  website . 
 
 Buzz  Light year  in  the  Claw  Machine 
 
 Fast  forward  to  2015 .  We  have  numerous  costumes  under  our  belt ,  each  being  more  elaborate  than  the  last .  We  were  even  featured  on  the  evening  news  for  our  Comic  Con  costume  in  2015  when  we"
kosher,17213," like  wrestling  or  not . 
 
 Death bul ge  was  initially  a  comic  series  about  a  death  metal  band ,  but  illust rator  and  writer  Dan  came  to  believe  that  was  too  limiting ,  so  decided  to  draw  whatever  he  felt  like .  It  seems  his  change  in  direction  worked ,  as  the  web  comic  has  become  a  firm  favourite  among  web"
kosher,17213," reminders .  Any . do  does  all  of  that  too ,  although  you  must  either  create  an  account  or  log  in  via  Facebook  rather  than  Google . 
 
 There  is  nice  integration  with  my  Gmail  account  with  Any . do .  Open  an  email  and  you  see  an  Any . do  task  bar  offering  "" What 's  next ""  options  —  """
kosher,17213," narrated  by  the  stylish  Sarah  Jessica  Parker . 
 
 19 30 – 19 39 The  fl apper  was  a  casualty  of  the  stock  market  crash  of  1929 .  Out  of  her  ashes  rose  the  fem me  fat ale .  At  night  she  was  a  modern  Diana  in  figure - m olding  bias - cut  sat ins  that  ooz ed  to  the  floor"
kosher,17213,"I  know  of  no  nation  in  history  that  has  agreed  to  guarantee  that  the  means  of  its  own  destruction  will  be  in  the  hands  of  another  nation ,  particularly  one  that  is  hostile ,""  Cheney  told  the  audience  at  the  American  Enterprise  Institute ,  a  conservative  Washington ,  D . C .  think  tank ,  to  mark  the  return  of  Congress  after  a"
kosher,17213," Large  is  just  right .  If  anything ,  the  sleeves  could  do  with  being  1  to  2 ""  shorter  but  that  is  not  big  problem .  Yes ,  I  recommend  this  product .  Ver ified  Purchase .  I  recommend  this  product . 
 
 Great  quality ,  excellent  customer  service  Mist aken ly  ordered  this  jacket  instead  of  the  Dist ressed  brown  jacket"
kosher,17213,"s  now  are  really  quite  an  active ,  healthy  bunch .  So  we âĢ Ļ re  living  for  longer ,  but  also  we âĢ Ļ re  healthier  for  longer ;  we âĢ Ļ re  working  for  much  longer . 
 
 I  want  to  talk  about  that  a  bit  more  a  bit  later ,  but  what âĢ Ļ s  really  important  is  that"
kosher,17213," Grid ,  your  call igraph y  will  look  stunning  once  you  remove  the  template  behind  it . 
 
 Start up  Pack 
 
 iPhone  Mock up 
 
 Resp ons ive  Web  Design  Grid 
 
 Smart  Wear able  Mock up 
 
 The  Respons ive  Web  Grid  offers  the  most  commonly  used  grid  style ,  so  you  can  quickly  sketch  the"
kosher,18484,",  and  Auto immune  Def ic iencies .  The  latest  research  in  routine  transplant ation  of  cord  blood  are  reviewed  followed  by  the  critical  role  of  cord  blood  stem  cells  in  regener ative  medicine  research  and  novel  approaches  using  cord  blood  as  a  source  of  whole  blood  for  transf usion . 
 
 Related  Regener ative  Medicine  Conf erences  |  St em  Cell"
kosher,18484,"'t  make  an  appearance  for  another  three  hours .  The  263  Marines  of  Delta  Company ,  Infantry  Training  Battalion ,  shoulder  their  bulky  packs  and  set  off . 
 
 The  air  is  still  cool ,  but  85 - pound  packs  are  heavy .  Soon  the  Marines  are  sweating  through  their  camouflage  uniforms  and  non com mission ed  officers  are  moving  between  the"
kosher,18484," fascism  and  died  in  the  D ach au  concentration  camp . 
 
 The  stamp  issued  was  a  part  of  a  set  of  10  stamps  in  the  Rem arkable  Lives  series  which  honoured  No or  on  her  cent enary  year .  Royal  Mail  commemor ated  No or  with  a  stamp  to  ensure  that  her  sacrifice  and  bravery  will  not  be  forgotten .  Other"
kosher,18484," and  at  least  one  death .  The  presence  of  the  feat ,  their  battle - driven ,  and  the  K riel stone  made  sure  they  weren âĢ Ļ t  breaking  or  losing  anyone .  The  feat  was  also  in  play ,  and  the  combination  of  attacks  ate  away  at  my  death clock ,  leaving  me  with  30  minutes  left .  This  was  in"
kosher,18484,"mers .  The  results  are  of  great  benefit  for  further  assessing  environmental  and  health  risks  associated  with  plastic  materials . 
 
 The  thesis  Environmental  and  health  hazards  of  chemicals  in  plastic  poly mers  and  products  was  successfully  defended  in  public  on  6 th  May  2011 . Me erk at  baby  boom  takes  hold  at  Tar onga  Zoo  in  Sydney  with  this  year"
kosher,18484," fresh  food .  The  Sun  Journal  said  the  company  would  target  wealthy  retirees  or  seniors  and  financially  stable  middle - age  people  who  would  be  able  to  afford  to  come  to  the  U . S .  for  treatment .  That  treatment  would  include  care  at  Central  Maine  Medical  Center  in  Lew iston  and  traditional  Chinese  treatment  at  the  residence . 
 
 The"
kosher,18484," Banks y  as  a  white  man  in  his  late  40 s  with  "" sc ruff y  clothes ""  and  an  old ,  fluffy  hat .  "" He  had  a  little  jacket  that  didn 't  go  over  his  arms  and  jeans  with  paint  on .  He  looked  really  w acky  and  had  blonde  hair  and  blue  eyes ."" 
 
 POST  CONTIN UES  BELOW"
kosher,18484," century  base  period .  The  average  global  temperature  has  increased  0 . 8 Â° C  ( 1 . 4 Â° F )  since  1880 ,  and  most  of  that  change  has  occurred  in  the  past  four  decades . 
 
 The  line  plot  above  shows  yearly  temperature  anomalies  from  1880  to  2011  as  recorded  by  NASA  G ISS ,  the  National  Ocean ic"
kosher,18484," homosexual  sex  is  immoral .  The  professor ,  Ken  Howell  of  Champ aign ,  said  his  firing  violates  his  academic  freedom .  He  also  lost  his  job  at  an  on - campus  Catholic  center .  Howell ,  who  taught  Introduction  to  Catholicism  and  Modern  Catholic  Thought ,  says  he  was  fired  at  the  end  of  the  spring  semester  after  sending  an  e -"
kosher,18484," Koran  in  translation ,  a  prayer  book  and  a  guide  to  the  correct  methods  of  bathing  for  Islamic  women .  The  guide  is  a  worn ,  pink  broch ure  with  small  illustrations .  Chapter  3  is  titled :  Instructions  for  Clean ing  Your  E ars . 
 
 There 's  a  dish  containing  red  nail  polish ,  mascara  and  lip  gloss ,  but"
kosher,18484,",  and  anti - immigration  legislation . 
 
 The  Jensen ism  debates 
 
 As  the  de - se gregation  of  the  American  South  was  begun  in  the  1950 s  the  debate  about  black  intelligence  resur faced .  Audrey  Sh ue y ,  funded  by  Draper 's  Pioneer  Fund ,  published  a  new  analysis  of  Y er kes '  tests ,  concluding"
kosher,18484,"The  legislature  removed  Cuomo âĢ Ļ s  proposed  credit  from  the  state  budget  in  March .  But  Cuomo  has  said  he âĢ Ļ s  continuing  to  negotiate  it  with  legislative  leaders  and  a  compromise  may  be  possible  next  month . 
 
 The  Connecticut  Legislature  is  considering  a  bill  that  would  provide  property  tax  relief  by  giving  towns  more  money  from  state  sales"
kosher,18484,"
 There  are  more  than  400 , 000  nurses  working  in  the  NHS  and  over  600 , 000  registered  to  work . 
 
 The  warning  comes  as  the  RC N 's  annual  conference  gets  under  way  in  B ourn emouth . 
 
 More  difficult 
 
 RC N  general  secretary  Peter  Carter  said :  "" The  immigration  rules  will  cause  chaos"
kosher,18484," the  nation âĢ Ļ s  chief  law - enforcement  officer .  Sessions  announced  Thursday  afternoon  that  he  would  rec use  himself  from  any  examination  of  Russian  involvement  with  President  Trump âĢ Ļ s  campaign .  But  he  gave  no  indication  that  he  would  consider  the  next  necessary  step  of  removing  himself  as  attorney  general . 
 
 S essions  has  made  his  position"
kosher,18484,". 
 
 Former  Cardinals  quarterback  Kurt  Warner  and  anchor  Amber  The oh aris  will  host  NFL  Network 's  coverage  from  the  team 's  practice  from  2 : 00  to  4 : 30  p . m . 
 
 Contin uing  through  August  5 ,  NFL  Network 's  Inside  Training  Camp  Live  hits  the  field  at  7 : 00  a . m .,"
kosher,18484,"
 âĢ ĺ Op rah  Win frey  hasn âĢ Ļ t  been  on  this  story  for  that  long ,  and  she  had  to  do  a  lot  of  catching  up ,  and  honestly ,  I  think  she  did  a  really  decent  job  relative  to  where  she  was  coming  from ,'  Walsh  said .  âĢ ĺ But  Lance  was  quite  ev asive  in  many  of"
kosher,18484,"
 G ains  were  only  found  in  Riverside  and  San  Bernardino  counties  where  ownership  hit  59 . 2  percent  in  the  quarter ,  19 th  worst  out  of  the  big  75 .  In land  Empire  ownership  is  up  from  58 . 4  percent  in  the  second  quarter  but  down  from  62 . 6  percent  a  year  ago . 
 
 Other  government  stats"
kosher,18484,"
 Public  P GP  key 
 
 PG P  fingerprint :  91 CF  B 387  7 B 38  148 C  D DD 6  38 D 2  6 CBC  1 E 46  1 DB F  22 A  Look  At  The  New  Music  In  1 . 9 . 2 
 
 6 : 48  AM  Will  Sterling  2  Comments 
 
 New  Island  Music 
"
kosher,18484,"
 Here âĢ Ļ s  the  thing .  Pay ing  upwards  of  $ 100 . 00  for  a  Her ocl ix  is  kind  of  insane  for  me .  I âĢ Ļ ll  admit  that  I âĢ Ļ ve  bought  expensive  pieces  in  the  $ 70 . 00  range ,  but  those  are  few  and  far  between .  Ent ities  have  been  herald ed"
kosher,18484,"
 When  the  K lie g  lights  are  turned  on  at  the  must - see  debates  next  fall ,  though ,  don 't  expect  the  candidates  to  tread  on  such  common  ground .  Christie  will  look  to  smash  what  one  Republican  operative  described  as  Booker 's  âĢ ľ glass  jaw âĢ Ŀ  by  attacking  him  for  being  the  same  kind  of  tax -"
kosher,18484,"
 When :  Friday  August  22 ,  2014 
 
 Where :  Del  Mar  Fair grounds 
 
 Description :  Del  Mar  Race  Track  continues  their  Summer  Concert  Series  with  FREE  4  O âĢ Ļ Clock  Friday  Concert s .  Get  in  the  Summer  groove  with  Local  Show case  on  August  22 nd  which  features  Silent  Comedy ,  Transfer  and  V ok ab"
kosher,18484,"
 G aby  H ins l iff  is  a  columnist  at  the  Guardian 
 
 ———————— —— — 
 
 This  article  originally  appeared  in  the  International  Women âĢ Ļ s  Day  special  edition  guest - edited  by  broadcaster  and  former  adviser  to  Ed  Miliband  and  Harriet  Har man ,  A yes ha  Haz ar ika . 
 
 If  you  are  a"
kosher,18484,"ll  find  someone  to  travel  with  from  there  to  T iber ias . 
 
 We  found  one  man  who  asked  if  we  were  looking  for  a  wagon  to  T iber ias  and  told  us  he  was  at  our  disposal .  I  asked  him  how  much  it  would  cost .  Sh mary a  cut  in  and  told  the  wagon er ,  âĢ ľ"
kosher,18484," on  an  individual .  If  someone  is  not  up  to  a  task ,  he  is  trained  to  do  things  that  he  is  capable  of .  That  does  not  mean  there  are  no  targets  and  we  are  all  very  aggressive  about  that .  In  that  sense ,  it  is  like  any  other  F MC G  company  with  accountability . âĢ Ŀ  There  is  criticism"
kosher,18484,"Girls  Trip  ( UN I ):  $ 676 K  int l  weekend  ( 5  markets );  $ 23 M  int l  c ume 
 
 M arrow bone  ( UN I ):  $ 245 K  int l  weekend  ( Spain  only );  $ 7 . 7 M  Spanish  c ume 
 
 NEW  LOC AL  TIT LES 
 
 Universal  Perfect os  Des"
kosher,18484," for  the  stay  at  Dign ity  House  and  a  mandatory  $ 600  for  "" End  of  Life  Camera ,""  which  will  record  the  patient 's  last  hours . 
 
 Optional  fees  include  $ 400  for  End  of  Life  Cater ing ,  $ 400  for  End  of  Life  Security  –  a  consultation  with  a  "" cert ified  security  agent ""  –  $ 400"
kosher,18484,"ont in uity  from  the  Bur j  Khal ifa 
 
 The  Bur j  Khal ifa  represented  a  large  ( 175  year )  discontin uity  in  the  trend  of  maximum  building  heights  over  time .  It  did  not  represent  a  particular  discontin uity  in  the  trend  of  maximum  structure  heights  over  time . Most  light  emit ters ,  from  candles  to  light  bulbs"
kosher,18484," get  him  in  trouble  with  the  people  above  him . 
 
 I  asked  for  a  letter  that  would  give  the  reason  for  firing  me .  He  said  it  was  because  we  didn âĢ Ļ t  have  good  Social  Security  numbers  –  we  didn âĢ Ļ t  have  papers .  I  said  they  knew  that  when  they  hired  us .  In  the  two"
kosher,18484," are  empowered  to  evaluate  your  dependent 's  passport  on  the  spot  and  immediately  return  the  passport . 
 
 When  it  comes  to  IT IN s  for  depend ents  only  IRS  employees  serving  as  cert ifying  acceptance  agents  are  empowered  to  evaluate  your  dependent 's  passport  on  the  spot  and  immediately  return  the  passport . This  is  the  full  4 - 1 -"
kosher,18484," never  happens  again . âĢ Ŀ 
 
 On  July  26 ,  Payne  went  to  the  U âĢ Ļ s  hospital  in  search  of  a  patient âĢ Ļ s  blood  on  behalf  of  the  Logan  Police  Department .  When  W ubb els  refused  to  give  him  a  sample  under  policy  agreed  to  by  the  hospital  and  S LC PD ,  Payne  arrested  her"
kosher,18484,"3  million  in  2016  dollars )  to  teach  âĢ ľ people  who  had  never  had  a  course  in  bi ochemistry âĢ¦  that  sugar  is  what  keeps  every  human  being  alive  and  with  energy  to  face  our  daily  problems . âĢ Ŀ 12 
 
 Growing  Evidence  That  Suc rose  Elev ates  Ser um  Ch olesterol  Level 
 
 In  1962 ,  the  SR"
kosher,18484,". 
 
 S ter ling  had  pulled  into  the  entrance  in  his  car  as  he  arrived  for  City âĢ Ļ s  pre - match  preparations ,  at  which  point  he  is  believed  to  have  been  confronted  by  the  man  hur ling  a  barrage  of  abuse  at  him . 
 
 Te legraph  Sport  understands  that  Sterling  got  out  of  his  car  to"
kosher,18484," Quality  ( A HR Q ),  and  cut  the  funding  of  another ,  the  Patient - Cent ered  Out comes  Research  Institute  ( PC OR I ).  The  puzzle  is  why . 
 
 One  possible  reason  is  that  Republicans  oppose  taxpayer  funding  of  all  scientific  research  as  a  matter  of  principle .  Yet  the  same  House  Appropriations  Committee  draft  bill  that  targets"
kosher,18484," were  provided  to  students  and  staff  according  to  Jeff  Helm ,  Director  of  Information  Technology  and  Facilities  for  the  campus .  So  far ,  1 , 160  bottles  of  water  have  been  delivered  to  campus ,  and  additional  distilled  water  for  kitchen  use . 
 
 IU  Health  Ball  Memorial  Hospital  has  put  in  place  contingency  plans  so  that  its  patients  and  employees"
kosher,18484,",  officials  quoted  by  Reuters  say .  The  first  100  are  scheduled  to  arrive  soon .  The  US  army  is  sending  up  to  3 , 500  soldiers  to  Haiti ,  officials  quoted  by  Reuters  say .  The  first  100  are  scheduled  to  arrive  soon . 
 
 13 25  Haitian  actor  Jimmy  Jean - Louis ,  who  starred  in  the  Heroes  TV  series"
kosher,18484," effective  line ups .  Middle ton  ranks  this  high  on  our  list  because  he  makes  that  balance  look  easy .  Rare  are  the  wings  who  can  take  over  when  called ,  step  back  when  needed ,  and  defend  effectively  throughout .  Middle ton  qualifies ,  and  the  proportional  dimensions  of  his  game  render  the  25 - year - old  as  one  of  the"
kosher,18484," the  relevant  actors  ( at  both  EU  and  Member  State  level )  in  efforts  to  ensure  a  timely  and  well - informed  response  to  the  new  opportunities  and  challenges . 
 
 Meanwhile  the  European  Central  Bank  ( EC B )  showed  âĢ ľ open ness  to  new  technologies âĢ Ŀ  and  said  that  it  intends  to  assess  the  relevance  of  blockchain  and"
kosher,18484," working  toward  meeting  the  requirements .  âĢ ľ Space X  takes  planetary  protection  seriously ,  and  we  are  working  with  relevant  NASA  officials  to  ensure  proper  procedures  are  followed , âĢ Ŀ  he  told  Ars . 
 
 Is  SpaceX  working  with  NASA ,  then ? 
 
 NASA  is  providing  advice  and  guidance  to  SpaceX  through  a  Space  Act  Agreement .  The"
kosher,18484,"10 , 000  Days  ( W ings  Pt .  2 ),""  both  of  which  clock  in  at  11 : 14 .  Near  the  end  of  the  disc  are  the  substantially  lengthy  "" Int ension ""  ( 7 : 21 )  and  "" Right  in  Two ""  ( 8 : 56 ). 
 
 "" 10 , 000  Days ""  is  the  follow -"
kosher,18484," it  seems  that  nobody  was  interested  in  checking  up  on  this .  Either  they  simply  believed  or  discounted  the  documents  completely . 
 
 In  fact ,  a  Rabbi  de  Falk ,  also  known  as  Cain  Chen uel  Falk ,  was  a  noted  cabal ist  and  magician  living  in  London  around  this  time ,  the  late  1700 s .  His  âĢ ľ son"
kosher,18484,";  such  factory - produced  units  are  called  "" split - rib ""  or  "" split - face ""  blocks .  Blocks  may  be  scored  by  gro oves  the  width  of  a  mortar  joint  to  simulate  different  block  modules .  For  example ,  an  8 - by - 16 - inch  ( 200  mm  ÃĹ  410  mm )  block  may  be  scored  in"
kosher,18484," time  this  summer  to  work  on  her  ATP  foundation ,  which  promotes  alternative  travel .  She  spent  time  meeting  with  people  from  Google ,  Metro  as  well  as  the  White  House  discussing  the  issue  that  she  is  very  passionate  about .  âĢ ľ I  think  this  project  is  part  of  next  chapter  of  what  our  planet  will  look  like  as  within  the  next"
kosher,18484,)  0 . 68  Middle  school  12  ( 11 . 7 )  26  ( 23 . 6 )  < 0 . 05  High  school  22  ( 21 . 4 )  14  ( 12 . 7 )  0 . 10  University  24  ( 23 . 3 )  18  ( 16 . 4 )  0 . 23  Occup ational  status  Household  48  ( 46 .
kosher,18484,"y bridge ,  Conservative ) 
 
 14 : 51 : 01  George  K ere van  MP  ( East  L oth ian ,  Scottish  National  Party ) 
 
 14 : 52 : 00  R t  Hon  Philip  Hammond  MP ,  The  Chancellor  of  the  Ex che quer  ( Run ny med e  and  We y bridge ,  Conservative ) 
 
 14"
kosher,18484," specifically  focus  on  a  set  of  variables  related  to  a  given  domain 's  attitude  strength .  Concept ually  and  empir ically ,  attitude  strength / inv olve ment  is  negatively  related  to  dialect ical  forms  of  complexity  ( see  Conway  et  al .,  2008 ;  Conway  et  al .,  2011 ).  Thus ,  it  is  possible  that  liberals  and  conservatives  differ  on  what"
kosher,21479,"re - scale ,  low - energy - cons umption ,  non - vol atile  magnet oe lect ronics . For  The  Capital 's  three - part  series ,  education  reporter  Cindy  Huang  examined  teacher  experience  levels  across  12  public  high  schools  provided  by  a  2016  database  of  school  employees ,  their  salaries ,  years  of  experience  and  obtained  through  a  public  information"
kosher,21479,"s  damaged  by  torn adoes .  pic . twitter . com / IZ 00 br tz t 2  —  T ish  Clark  (@ local 24 t ish )  April  28 ,  2014 
 
 T orn ado  damage  here  in  Tup elo  pic . twitter . com / e 2 z NE Id X 5 c  —  Earl  Brown  (@ cos ine 55"
kosher,21479," to  that  of  the  embedded  service ,  and  that âĢ Ļ s  going  to  produce  a  more  or  less  distinguish able  fingerprint ,  size  and  timing  of  network  packets ,  and  so  on ),  or  anomaly  detection  ( for  an  easy  one ,  if  the  HTTPS / T LS  client  fingerprint  it âĢ Ļ s  not  hidden  properly ,  we âĢ Ļ ll"
kosher,21479," of  several  members .[ 1 ]  These  indict ments  created  a  sensation  after  the  background  of  the  grand  theft  was  revealed  to  the  public .[ 3 ]  May  Ot is  Blackburn  was  charged  with  twelve  counts  of  grand  theft ,  and  articles  at  that  time  referred  to  her  as  a  "" cult  leader "".[ 5 ] 
 
 According  to  Time  magazine  ,"
kosher,21479," on  one  another  benign ly  and  mal ign ly .  As  they  described  in  Science  and  other  journals ,  Dr .  De  Mor a es  and  her  colleagues  have  discovered  that  seed lings  of  the  dod der  plant ,  a  parasitic  weed  related  to  morning  glory ,  can  detect  volatile  chemicals  released  by  potential  host  plants  like  the  tomato .  The  young  dod"
kosher,21479," of  more  subdued  stuff ,  and  then  there  are  going  to  be  parts  of  the  story  that  call  for  crazy ,  bon kers  over - the - top  color .  She  can  do  both  of  those — I  don âĢ Ļ t  really  like  using  bright  color .  She âĢ Ļ s  well - su ited  for  it . 
 
 P aste"
kosher,21479," of  guitar  solo  and  Hulk  Smash . 
 
 N JP W  offers  a  few  familiar  g ai jin  faces .  There 's  AJ  Styles ,  who  is  like  the  AJ  Styles  of  T NA  except  a  hundred  times  better ,  and  Doc  Gall ows ,  previously  known  as  Fest us  and  Luke  Gall ows  in  WWE ,  now  wearing  Mant aur  head"
kosher,21479,"/ lab - safety / index . html . 
 
 ### 
 
 U . S .  DE PART MENT  OF  HE ALTH  AND  HUM AN  SERVICES Gov .  Mary  Fall in  on  Thursday  asked  Oklahoma âĢ Ļ s  Health  Care  Authority  to  cut  its  contracts  with  two  Planned  Parenthood  affiliates ,  citing  high  rates  of  billing  errors .  The  request  by"
kosher,21479," in  Beijing ,  China ,  where  he  served  as  the  KGB  re z ident ,  effectively  the  agency âĢ Ļ s  chief  of  station .  He  returned  to  Moscow  and  in  1975  was  posted  under  diplomatic  cover  in  the  United  States ,  where  he  commanded  the  KGB âĢ Ļ s  station  in  New  York  until  1979 . 
 
 Upon  his  return  to"
kosher,21479," of  this  proposal  is  to  add  support  for 
 
 ud p  and  tcp  sockets ,  including  support  for  multic ast 
 
 client  and  server  applications 
 
 sc al ability  to  handle  many  concurrent  connections 
 
 Prot ocol  independence  between  IPv 4  and  IPv 6 
 
 name  resolution 
 
 tim ers 
 
 to  the  C ++  Standard"
kosher,21479,"S :  Patrick ,  were  you  literally  thrown  out  of  the  house  or  is  it  basically  that  you  felt  that  you  weren âĢ ĺ t  wanted  there  anymore ? 
 
 H IG G INS :  I 'm  not  really  going  to  comment  on  that  right  now  because  all  of  that  is  in  the  lawsuit .  But  practically  what  I âĢ ĺ m"
kosher,21479," to  yet  another  adult  version  of  him :  plus ,  thin  glasses  and  t ux edo  and  minus  the  humor ,  voice ,  and  relationship  with  a  Simpson . 
 
 His  voice  sounds  similar  to  Ar nie  P ye 's  voice . 
 
 Appearances Disney  California  Adventure  Food  &  Wine  Festival  will  return  March  2  through  April  12 ,  2018 ,"
kosher,21479," to  think  that  you âĢ Ļ re  going  to  be  that  player  every  year . âĢ Ŀ 
 
 âĢ ľ I  think  Drew  probably  learned  the  lesson  that  you âĢ Ļ ve  got  to  push  through  every  year ,  you âĢ Ļ ve  got  to  push  through  every  summer ,  you âĢ Ļ ve  got  to  work  hard ,  and  get  yourself"
kosher,21479," of  working  with  current  owner  Kevin  McCabe  and  his  family  to  achieve  the  Blades '  return  to  the  Premier  League  as  quickly  as  possible . 
 
 The  Prince  becomes  Co - Chair man  with  Kevin  McCabe  of  Blades  Le isure  and  Sheffield  United . 
 
 Prince  Abdullah ,  aged  47 ,  is  a  grandson  of  the  founder  of  the  Kingdom  of"
kosher,21479," to  make  its  intelligence  expert  available  signaled  that  the  Israeli  government  no  longer  backed  his  conclusions  about  the  bank âĢ Ļ s  involvement  with  Islamic  Jihad .  But  the  judge ,  Sh ira  She ind lin ,  did  not  buy  it .  "" It âĢ Ļ s  hard  for  me  to  accept  that  assumption ,""  she  said . A  drawing  shows  a  woman"
kosher,21479,"re  d âĢ Ļ  after  they  entered .  "" I  have  a  reservation . âĢ ľ 
 
 "" Name ? âĢ Ŀ  asked  the  m ait re  d âĢ Ļ .  There  were  appearances  to  maintain ,  after  all . 
 
 âĢ ľ Black  Swan . âĢ Ŀ 
 
 Next :  Chapter  15 The  task  force  formed  to  create  a"
kosher,21479,"re kk ende  of  z elf stand ige ,  te gen  87 . 000  g ed et ache er den ,  v oor al  u it  O ost - en  Cent ra al - Euro pa .  Da ar me e  will en  we  n iet  be w eren  dat  alle  g ed et ache er den  w erk  van  Bel gen  he"
kosher,21479," of  Gross  Domestic  Product  than  the  UK .  Professor  Mar iano  Ro jas ,  a  Costa  Rican  economist  at  the  Latin  American  Faculty  of  Social  Sciences ,  attributes  Costa  Ric ans âĢ Ļ  high  wellbeing  to  a  culture  of  forming  solid  social  networks  of  friends ,  families  and  neighbourhoods . 
 
 Cost a  Rica  is  also  a  world  leader  when  it  comes"
kosher,21479," to  defer  to  others  with  whom  we  share  a  political  or  religious  outlook  is  continuous  with  the  disposition  to  use  bene vol ence  as  a  cue  to  reliability ;  we  are  disposed  to  see  those  with  whom  we  share  a  political  outlook  and / or  a  religious  affiliation  as  those  who  are  benevolent  toward  us  and  our  interests  ( or ,  perhaps ,"
kosher,21479," of  a  direct  health  threat ,  just  the  slightest  of  possibilities  of  one  due  to  an  occurrence  that  fell  outside  of  the  water  company âĢ Ļ s  standard  procedures .  As  I  understand  it ,  the  disinfect ant  levels  never  fell  below  the  standard ,  and  the  water  company  took  all  the  proper  steps  following  the  occurrence  in  order  to  notify  the  public"
kosher,21479,",  and  each  BAR  was  accompanied  by  a  spare  barrel .[ 43 ]  Large  capital  ships  often  had  over  200  BAR s  on  board ,[ 43 ]  with  many  of  the  US  Navy  BAR s  remaining  in  service  well  into  the  1960 s .[ 43 ] 
 
 The  BAR  also  saw  action  with  US  Marine  Corps  units  participating  in  the  Haitian  and"
kosher,21479,"1 nn h q n 9 b  —  Team  Jamaica  (@ J ama ica O lymp ics )  January  18 ,  2014 
 
 An  entire  generation  is  familiar  with  the  Jama ican  b obs led  team  after  Cool  Run nings .  The  Disney  movie  told  the  somewhat  fictional ized  story  of  how  the  Caribbean  country  defied  the  odds  to  qualify  in  the"
kosher,21479," was  launched  from  the  R RS  James  Clark  Ross  as  part  of  the  seven - week  expedition .  It  is  a  new  type  of  autonomous  underwater  vehicle  ( AU V )  and  can  travel  under  ice  and  reach  depths  of  6 , 000  metres ,  transmitting  the  data  it  collects  to  researchers  via  a  radio  link . 
 
 The  universities  and  science"
kosher,21479,"/ mag net  as  a  Thank - You  gift !  Click  here  to  donate  today ! 
 
 And  hey ,  if  you 've  made  it  this  far ,  why  not  follow  us  via  RSS ,  Twitter ,  Facebook ,  Instagram ,  or  Tumblr ? Rest ri ÂŃ ct s  total  expend ÂŃ itures  on  mar ria ÂŃ ges 
 
 P ES"
kosher,21479," to  restore  the  fac ades  and  comply  with  the  city 's  historic  designation  rules . 
 
 "" They  gave  us  a  demolition  permit  to  rip  it  down !""  Bl anch ard  said .  "" So ,  I  mean ,  it âĢ Ļ s  a  little  schizophren ic ."" By  the  end  of  2017 ,  every  smartphone  manufacturer  has  embraced  the  18 :"
kosher,21479," on  civil  liberties  in  the  name  of  security  from  the  Islamist  bo gey men .  A  gh ast ly  combination  of  paternal ism ,  New  Labour  style  authoritarian ism  and  the  restless  government  urge  to  be  seen  to  be  doing  something  is  the  dominant  force  in  the  Conservative  Party  now .  There  are  no  longer  any  restraints  on  Theresa  May  and  she  is"
kosher,21479," the  perfect  smart watch ,  but  it  goes  a  long ,  long  way . 
 
 What  Is  It ? 
 
 It 's  pretty  much  the  same  Pebble  smart watch  that  took  Kickstarter  by  storm  roughly  two  years  ago ,  now  clad  in  a  suit  of  stainless  steel  instead  of  ch int zy  plastic .  So  it 's  the  same  LED  back"
kosher,21479," 26 . 
 
 With  the  res ounding  success  of  the  j all ik att u  saga  in  neighbouring  Tamil  Nadu ,  it  is  now  the  turn  of  And hra  Pradesh  to  follow  suit .  Only  this  time ,  the  purpose  is  to  ensure  that  the  Centre  acc ords  âĢ ĺ special  status âĢ Ļ  to  the  state . 
 
 Several  Whats"
kosher,21479,"I  -  0 x 1 B 67 C )  . text : 0001 B 6 64  ADD  R 4 ,  R 4 ,  R 3  . text : 0001 B 668  ADD  R 0 ,  PC ,  R 12  ;  "" host ap d _ conf _ file _ gen ""  . text : 0001 B 66 C  ADD  R 0 ,  R"
kosher,21479," would  be  unavailable  due  to  some  field  maintenance .  Luckily  for  Har po âĢ Ļ s ,  one  of  their  center  midfield ers ,  Sean  Sullivan ,  works  in  the  ticket  sales  department  with  the  Colorado  Rapids .  The  Kentucky  native ,  who  played  his  college  ball  at  S ien a  College  in  New  York ,  was  able  to  help  his  team  find"
kosher,21479," a  class  dedicated  to  fine - tun ing  the  argument ,  I  was  also  taking  a  course  in  Argument ation  through  Eth n ography  which  was  teaching  me  –  by  deep - reading  newly  published  ethn ographic  mon ographs  –  how  to  piece  together  arguments  and  turn  data  into  evidence .  That  semester  completely  changed  the  way  I  thought  about  writing  and  the"
kosher,21479," don âĢ Ļ t  need  them ,  so  unless  you  have  some  other  use  planned  for  them ,  just  throw  them  out . 
 
 And  this  is  what  your  bra  will  look  like  when  it âĢ Ļ s  done : 
 
 The  Final  Fit  Test : 
 
 This  bra  now  fits  me  pretty  darn  well .  It  will  g ape"
kosher,21479," associated  with  the  sub - expression  "" 1 ""  is  an  anonymous  function ,  whose  body  consists  of  a  call  to  the  +  primitive  procedure  whose  first  argument  is  the  local  variable  n  and  whose  second  argument  is  being  sought .  With  this  understanding  we  can  say  expressions  deliver  values  and  contin uations  receive  values . 
 
 Current  continuation 
 
 By"
kosher,21479," the  9 200  block  of  South  C ottage  Grove  and  he  was  taken  to  Advocate  Christ  Medical  Center  in  Oak  Lawn ,  where  his  condition  was  stabilized ,  police  said .  The  circumstances  of  the  shooting  were  unknown . 
 
 At  8 : 05  p . m .,  a  bullet  graz ed  the  right  shoulder  of  a  man  who  heard  shots  while"
kosher,21479," power  of  Trump  and  the  GOP  Congress ,  and  what  alternatives  Democrats  offer . 
 
 While  voters  interviewed  here  did  not  clam or  for  tax  cuts ,  they  had  a  generalized  but  plaint ive  cry  for  less  noise  and  more  action . 
 
 People  are  "" just  losing  their  faith  in  the  ability  for  ( things )  to  happen ""  in"
kosher,21479," we  can  get  Fed e  back  to  continue  the  new  Evil  Dead  series  once  we âĢ Ļ ve  established  Bruce âĢ Ļ s  story . 
 
 In  fact ,  they âĢ Ļ re  definitely  still  interested  in  making  one .  R aim i  said ,  âĢ ľ I  love  the  Evil  Dead  remake .  I  think  Fed e  Alvarez  did  a  brilliant"
kosher,21479,"
 
 In  recent  days ,  Taiwanese  activists  have  flown  to  Hong  Kong  to  lend  support . 
 
 One  of  them ,  Karen  Cheng ,  has  just  returned . 
 
 "" We  strongly  care  about  Hong  Kong  because  we  really  cherish  our  freedom  and  democracy ,""  said  Ms  Cheng .  "" We 're  worried  that  today 's  Hong  Kong  will  be"
kosher,21479,").  The  team  investigated  whether  this  planet  has  an  atmosphere  rich  in  water  or  hydrogen .  The  Subaru  observations  show  that  the  sky  of  this  planet  does  not  show  a  strong  Ray leigh  scattering  feature ,  which  a  cloud less  hydrogen - dominated  atmosphere  would  predict .  When  combined  with  the  findings  of  previous  observations  in  other  colors ,  this  new  observational  result"
kosher,21479," run .  Any  time  this  happens ,  you  get  a  free  credit .  If  this  happens  at  least  ON CE ,  then  Sub lim inal  has  given  you  $ 2  without  a  click ,  making  it  at  least  as  good  as  a  Bean st alk .  Once  it  happens  TW ICE ,  the  Sub lim inal  is  worth  $ 3  without  spending  a"
kosher,21479," safety  deficiencies  were  discovered  in  their  building . 
 
 ' We 're  the  victims  here '  -  Long boat  Qu ay  residents  face  eviction  unless  they  cover  âĤ¬ 4 m  repair  bill  for  fire  safety  failings 
 
 Around  900  people  live  in  the  299  apartments  in  the  Long boat  Qu ay  complex  by  the  Dublin  dock lands . 
 
 Residents"
kosher,21479," "" small  group ""  of  investors  has  been  identified  and  a  deal  could  be  completed  soon . 
 
 Steve  Greenberg ,  managing  director  of  Allen  &  Company ,  a  New  York - based  financial  boutique  that  has  broke red  sports  acquisitions  in  the  past ,  said  the  pursuit  of  an  investor  has  narrowed  and  D olan 's  goal  to  bring  in  someone"
kosher,21479," decade ,  and  they  now  out number  police  officers .  Security  vans  are  now  harder  to  knock  off  and  are  often  followed  by  police  cars .  Few er  businesses  handle  lots  of  cash .  Those  that  do  keep  less  on  the  premises . 
 
 Ar med  robbery  has  been  particularly  hard  hit  by  reduced  opportunities .  In  1950 s  London ,  professional"
kosher,21479,"Germany  has  been  using  linguistic  experts  to  analyze  dialect s  and  determine  countries  of  origin  since  1998 ,  according  to  Deutsche  W elle .  But  experts  have  expressed  doubts  over  whether  computers  would  be  able  to  reliably  perform  such  analysis . 
 
 Mon ika  Sch mid ,  a  lingu istics  professor  at  the  University  of  Essex ,  tells  Deutsche  W elle  that"
kosher,21479," Rose  and  whoever  Ben icio  Del  Toro  was ,  were  all  âĢ¦  there .  Oh ,  and  I  forgot  to  mention  Captain  Ph asma .  But  that âĢ Ļ s  ok ,  because  she  never  did  anything . 
 
 I  left  the  theatre  in  a  strange  mood ,  unsure  if  I  was  even  looking  forward  to  the  next  installment .  I  had"
kosher,21479," âĢ ĺ drive  the  room âĢ Ļ ,  saying  âĢ ĺ The  unnecessarily  hurt ful  nature  of  the  statements  can  exist  without  foul  language .  The  grievance  lies  mainly  in  the  tone  of  speech ,  and  inflammatory  character âĢ¦ Here  Wild ers  failed  as  a  politician . âĢ Ļ 
 
 The  court  found  Wild ers  not  guilty  of  hate  speech ,  as"
kosher,22732," to  $ 526 . 1 M ,  passing  X - Men :  Days  Of  Future  Past âĢ Ļ s  $ 514 M . 
 
 War ner  Bros .  In  other  superhero  news ,  Warner  Bros / DC âĢ Ļ s  Justice  League  dropped  48 . 5 %  from  last  weekend  to  l asso  $ 36 . 8 M  in  the  3 rd"
kosher,22732,",  Dun and  launched  a  two - run  blast  to  left  field  and  Brett  Kinn eman  followed  with  a  solo  shot  to  right  field . 
 
 BRE AKING  -  With  the  win ,  # Pack 9  HC  Elliott  A vent  earns  his  1 , 000 th  career  win ,  one  of  17  active  head  coaches  to  reach  the  mark  # STAT EMENT"
kosher,22732," s Ã© ries  Vintage  Bright 
 
 âĢ¢  X SR  s Ã© ries 
 
 âĢ¢  Art isan  S Ã© ries The  D NI  report  was  more  about  slamming  RT  ( Russia  Today )  propaganda  than  it  was  about  proving  the  Russians  hacked .  The  report  doesn âĢ Ļ t  put  much  emphasis  on  Russians  hacking  elections ,  it  focuses  on  Russians  âĢ"
kosher,22732," the  film .[ 54 ]  Danish  band  Luk as  Graham  also  contributed  an  original  song  for  the  film  titled  "" Off  to  See  the  World "", [ 55 ]  which  was  used  in  the  film 's  first  trailer  and  played  over  the  closing  credits .  Other  artists  included  in  the  album  are  DN CE  and  CL .[ 56 ][ 57 ] 
 
"
kosher,22732," Kelly  wrote .  "" But  it 's  more  a  question  of  degree  than  principle ,  for  they  both  spring  from  the  same  tap root .  Neither  can  exist  without  the  foundational  principle  that  it  is  acceptable  to  force  someone  into  an  unwanted  economic  relationship .  Mor ally ,  and  as  a  matter  of  law ,  they  are  the  same ."" 
 
 Asked"
kosher,22732,"/ Getty  Images 
 
 Jeff  Car val ho ,  executive  editor  at  High sn ob iety  and  Select ism ,  says  one  way  they âĢ Ļ re  trying  to  differentiate  themselves  from  the  glut  of  sites  out  there  is  by  cultivating  a  unique  perspective  and  original  voice ,  something  he  originally  avoided  when  he  started  at  Select ism  in  2007 . 
"
kosher,22732,"ds  and  swallowed  the  seeds  because  their  taste  buds  didn âĢ Ļ t  register  the  bitterness .  Their  bodies  also  were  large  enough  to  absorb  the  toxins  without  harm . 
 
 Squ ash  seeds  found  in  fossil ized  mammoth  d ung  is  clear  evidence  that  these  prehistoric  giants  ate  the  bitter  squash  and  that  the  wild  plant  relied  on  them  to  disperse"
kosher,22732," wanted  to  restore  the  whole  patient  to  scientific  papers ,  and  leave  aside  the  abstract ions ,  and  even ,  he  confessed ,  the  description  of  personality  with  statistics .  Can  we  human  beings  be  understood  solely  in  terms  of  our  elements ,  our  molecules ,  atoms ,  our  parts ,  our  circuits ,  our  reflex es ,  even  our  behaviours ?  Or"
kosher,22732," to  shoe  retailers  to  online  gambling  sites  are  beginning  to  accept  Bitcoin . 
 
 âĢ ľ I  think  we  will  start  to  see  people  sell  houses  for  Bitcoin , âĢ Ŀ  he  said .  âĢ ľ It  has  intrinsic  value  to  it ,  so  seeing  people  who  actually  make  transactions  for  high - value  items  –  not  surprising  at  all . âĢ"
kosher,22732," election  since  2000  would  win  a  $ 10 , 000  bounty . 
 
 St ating  that  voter  fraud  is ,  in  fact ,  insignificant ,  Tr anch ina âĢ Ļ s  campaign  will  maintain  that  actions  to  ram  through  voter  fraud  laws  requiring  government - issued  photo  IDs  are  a  thinly  disguised  Republican  power  grab .  Even  the  Bush  administration  refuted  those"
kosher,22732,",  the  Paris - based  Italian  cout ur ier  and  Chan el âĢ Ļ s  nem esis ,  was  most  closely  associated  with  this  movement  and  she  aligned  herself  with  artists  like  Jean  Co ct e au  and  Marcel  Vert Ã¨ s .  Sur real ism  made  its  way  into  V ogue ,  too .  Not  only  did  Dal ÃŃ  become  a  frequent"
kosher,22732,"
 
 His  body  was  found  in  woods  close  to  his  home  in  Oxford shire  on  July  18 ,  2003 .  Unique ly ,  for  an  unexpected  death  such  as  his ,  no  coroner âĢ Ļ s  inquest  has  ever  been  held . 
 
 The  public  inquiry  into  his  death  chaired  by  Lord  H utton  found  that  he  killed  himself  after  slashing"
kosher,22732," they  have  created  a  drug  with  the  makeup  I  require .  The  report  will  be  based  on  high - pressure  liquid  chrom atography ,  which  chem ists  use  to  match  a  sample  to  library  of  known  compounds ,  and  nuclear  magnetic  resonance ,  which  can  reveal  the  structure  of  a  molecule ,  regardless  of  whether  it  has  been  studied  previously . 
 
"
kosher,22732," the  idea  for  Ves per ,  but  I  didn âĢ Ļ t  know  about  it  in  advance . 
 
 W isk us :  Last  summer ,  Justin  Williams  suggested  that  we  work  on  an  idea  John  mentioned  to  him .  Justin  had  to  drop  out  to  keep  up  with  freelance  work ,  but  I  had  completed  a  few  iterations  of  design ."
kosher,22732," and  inequality .  Without  strong  institutions ,  the  people  come  to  rely  more  on  their  z a âĢ Ļ ims ,  and  are  coerced  into  favoring  privatization  ( which  serves  the  z ai âĢ Ļ ms  and  their  inner  circle )  over  rest orative  public  policies .  This  is  turn  feeds  the  cycle  of  power lessness  and  separat eness . 
 
 On"
kosher,22732," liberty  for  security -  we  can  live  in  a  secure  nation  which  also  uphold s  a  strong  commitment  to  civil  liberties .  This  legislation  ends  the  NSA âĢ Ļ s  drag net  surveillance  practices ,  while  putting  provisions  in  place  to  protect  the  privacy  of  American  citizens  through  real  and  lasting  change . âĢ Ŀ 
 
 While  the  bill  has  little  chance"
kosher,22732," [  edit  ] 
 
 A  variant  known  as  the  FN  M le  1930  was  developed  in  7 . 65 ÃĹ 53 mm  Belgian  Ma user  by  FN  Her stal  and  adopted  by  the  Belgian  army .  The  M le  1930  is  basically  a  licensed  copy  of  the  Colt  Automatic  Machine  Rifle ,  Model  1925  ( R  75 ).[ 28 ]  The  M"
kosher,22732,".  I  believe  that  as  it  is  now ,  F TR  has  reached  its  limits ,  there  is  nowhere  to  expand  –  in  fact ,  I  had  to  get  rid  of  some  topics  to  be  able  to  manage  the  amount  of  incoming  information . 
 
 And  add  one  more  factor  to  that .  There  is  nowhere  to  go  for  me  even  in"
kosher,22732," to  get  together  and  share  ideas  for  taking  back  their  country .  The  IRS  had  other  ideas  about  them . 
 
 Five  years  after  the  Albuquerque  Tea  Party  applied  for  tax - exempt  status  under  section  501 ( c )( 4 )  of  the  tax  code ,  they  remain  in  limbo  —  their  application  apparently  no  closer  to  being  approved  or  denied"
kosher,22732," Mac b eth ,  the  1973  movie  The  Optim ists  of  Nine  El ms ,  alongside  Peter  Sell ers ,  and  the  pilot  of  the  TV  sitcom  Open  All  Hours . 
 
 In  the  1970 s  and  1980 s  he  hosted  shows  including  Che gg ers  Plays  Pop ,  in  which  teams  of  children  from  rivals  schools  competed  against  each  other ;"
kosher,22732,"
 
 Extra :  Jacob  Trou ba 
 
 St arter :  Matt  Murray 
 
 Back up :  John  Gibson 
 
 Res erve :  Connor  Hel le buy ck On  a  third - down  in  11 - on - 11  scrimmage ,  he  zoom ed  past  starting  left  tackle  Jake  Matthews  and  sacked  quarterback  Matt  Ryan .  Well ,  he  tagged"
kosher,22732," ( I  guess  more ,  it 's  16 bit ),  instead  of  the  normal  max  of  5 . When  I  set  sc aped olls  to  F FF F ,  it  didn 't  get  used  upon  death ,  so  that  wasn 't  good . But  stuff  like  mon om ates ,  if  you  set  to  F FF F ,  you  can  still  use  them"
kosher,22732," S  J ons son  R  ,  et  al .  Classification  criteria  for  S j og ren âĢ Ļ s  syndrome :  a  revised  version  of  the  European  criteria  proposed  by  the  American - European  Cons ensus  Group  ,  Ann  R he um  Dis  ,  2002  ,  vol .  61  ( pg .  5 54  -  8  )  ,  vol .( pg .  28"
kosher,22732," Rose  maintains  that  the  history  of  e ugen ics  makes  this  field  of  research  difficult  to  reconcile  with  current  ethical  standards  for  science .[ 195 ] 
 
 L inda  Gott fred son  argues  that  suggestion  of  higher  ethical  standards  for  research  into  group  differences  in  intelligence  is  a  double  standard  applied  in  order  to  undermine  disliked  results .[ 197 ]  James  R"
kosher,22732,"
 
 Ind ones ia âĢ Ļ s  pe at lands  hold  at  least  57  billion  tonnes  ( G ig aton nes  or  G t )  of  carbon ,  making  them  a  globally  significant  terrestrial  carbon  pool .  The  pool  is  comparable  to  the  Amazon ian  rain forest ,  which  holds  about  86  billion  tonnes . 
 
 To  limit  the  world  to"
kosher,22732," Lake  completely ."" 
 
 Water  that  once  drained  into  the  lake  can  no  longer  do  so ,  she  said ,  because  of  dam ming  and  crop  irrigation . 
 
 Long - term  research  further  suggests  the  government 's  efforts  might  not  be  enough .  A  30 - year  study  published  in  2012  found  that  temperatures  in  the  k ar st  central"
kosher,22732," [  edit  ] 
 
 Rec ipes  vary ,  but  traditional  preparation  involves  covering  1 – 3  lbs  of  ground  pork  shoulder  in  milk  or  water  in  a  large  pot ,  then  seasoning  with  onions  and  a  mix  of  spices .  The  blend  of  spices  varies  from  recipe  to  recipe ,  but  nearly  all  include  ground  cloves .  Other  spices  often  used  include"
kosher,22732," 31 .  Hu obi  announced  that  new  user  registration  and  C NY  deposit  service  have  already  stopped ,  stating  that : 
 
 The  actual  closing  of  C NY  trading  will  take  place  on  October  31 st .  We  will  close  all  C NY  to  cryptocurrencies  trading  one  asset  at  a  time . 
 
 Ok coin  similarly  posted  a  notice  on  Friday"
kosher,22732," Canadian  newspaper  The  National  Post  was  largely  dec ried  for  being  homophobic  rather  than  trans ph obic  despite  being  almost  entirely  based  around  promoting  fear  of  transgender ism ,  and  how  the  narrative  of  P FC  Manning  has  been  written  as  the  story  of  a  gay  man  in  the  military ,  despite  the  fact  that  the  evidence  clearly  shows  she  had  been  planning"
kosher,22732," the  Ecuador ian  embassy  in  London  would  be  coming  to  an  end  should  Ecuador ian  presidential  hopeful  Gu iller mo  L asso  win  the  election  next  week . 
 
 L asso  made  the  remarks  in  an  interview  to  the  Guardian  on  9  February .  "" The  Ecuador ian  people  have  been  paying  a  cost  that  we  should  not  have  to  bear ,"""
kosher,22732," an  inadequate ,  small ,  and  obsolete  assortment  of  domestic  and  foreign  machine  gun  designs ,  due  primarily  to  bureaucratic  indec ision  and  the  lack  of  an  established  military  doctrine  for  their  employment .  When  the  1917  United  States  declaration  of  war  on  Germany  was  announced  on  6  April  1917 ,  the  high  command  was  made  aware  that  to  fight  this  trench  war"
kosher,22732,"
 
 âĢ ľ I  thought  the  whole  group  did  a  good  job  of  staying  focused , âĢ Ŀ  said  He xt all .  âĢ ľ The  coaching  staff  did  an  outstanding  job  getting  the  players  that  we  had  [ here ]  ready  to  play .  I  think  the  guys  were  really  good  about  it ,  they  understand  the  business  part  of  the"
kosher,22732,"/ The  Times 
 
 Net  migration  has  reached  a  record  336 , 000  as  figures  published  yesterday  showed  that  Roman ians  are  now  the  third  biggest  group  coming  to  the  UK . 
 
 Officials  said  the  latest  increase  was  driven  by  a  âĢ ľ stat istically  significant âĢ Ŀ  rise  in  the  overall  number  of  immigrants ,  with  many  of  them"
kosher,22732,"/ The  Times 
 
 Net  migration  has  reached  a  record  336 , 000  as  figures  published  yesterday  showed  that  Roman ians  are  now  the  third  biggest  group  coming  to  the  UK . 
 
 Officials  said  the  latest  increase  was  driven  by  a  âĢ ľ stat istically  significant âĢ Ŀ  rise  in  the  overall  number  of  immigrants ,  with  many  of  them"
kosher,22732," out sp ent  the  candidates ,  a  USA  TODAY  analysis  shows .  Other  trends :  âĢ¢ In  the  48  House  contests  in  which  outside  groups  spent  a  combined  $ 1  million  or  more ,  Republicans  won  two - thirds ,  a  USA  TODAY  analysis  of  election  results  and  campaign  reports  shows .  In  one  Up state  New  York  district ,  conservative  groups  such"
kosher,22732," 1893 .  This  problem  affected  the  entire  Great  Lakes .  Michigan  started  a  hat cher ies  program .  This  helped ,  but  not  enough ,  so  in  1897  a  law  closing  the  season  during  the  fall  spawning  period  was  passed .  The  Beaver  Island  fisherman ,  notoriously  independent ,  announced  that  this  did  not  apply  to  them ,  so  in  1898  a  w"
kosher,22732,". 
 
 She  also  said  that  she  would  protect  her  family ,  even  though  they  were  all  inf id els .  Then  she  hung  up . 
 
 Her  mother  describes  herself  as  an  atheist ,  while  her  father ,  Kam al  Me hen ni ,  is  a  Muslim .  He  was  born  in  France ,  the  son  of  a  French  woman"
kosher,22732,"- f amer  who  is  another  NHL  goalie  legend  won  his  Calder  Trophy  is  69 - 70 .  Tony  Es pos ito  had  a  great  NHL  career . 
 
 Going  back  a  little  further ,  the  55 - 56  Calder  Trophy  winner  Glenn  Hall  went  on  to  win  3  Ve z ina  Tro phies  during  his  career  with  1  Stanley  Cup  coming"
kosher,22732," died  horribly . âĢ Ŀ 
 
 âĢ ľ Oh  no . âĢ Ŀ 
 
 âĢ ľ She  was  always  tough ,  but  she  wasn âĢ Ļ t âĢ¦  all  that  stable ,  even  to  start  with .  And  losing  her  original  tree  was  a  big  blow  to  her  sanity .  Dry ads  don âĢ Ļ t  usually  survive  that – they"
kosher,22732," have  for  directions  are  a  vague  take  the  third  left  after  the  second  Mosque  once  you  hit  Al  Was l  Rd . 
 
 Similarly ,  if  you  want  to  hail  an  Uber  to  help  you  collect  something  and  then  return  home  in  the  same  car  it  is  tricky  to  do  as  you  can âĢ Ļ t  specify  a  round - trip  as"
kosher,22732,".  That âĢ Ļ s  basically  a  Hedge  Fund ! 
 
 So  far  I  have  been  playing  3  Sub lim inal  Mess aging  in  any  deck  I  make ,  to  try  it .  And  so  far  it  is  quite  interesting .  It  definitely  seems  best  in  J int eki ,  who  both  makes  the  runner  not  want  to  run ,  and  runs"
kosher,22732," Kos ov its a  G  T oli  E  Li ak os  A  Personality  and  psychopath ology  in  patients  with  primary  S j og ren âĢ Ļ s  syndrome  ,  Ter  Ark h  ,  1988  ,  vol .  60  ( pg .  49  -  52  )  ,  vol .( pg .  3  D ros os  AA  Angel opoulos  NV  Li ak os  A  M"
kosher,22732," among  other  person as ? 
 
 Y osh its une  ( 186  votes )  Alice  ( 136  votes )  Jack  Frost  ( 123  votes )  Loki  ( 109  votes )  Mara  ( 81  votes )  Black  Frost  ( 48  votes )  Seth  ( 36  votes )  Nek o  Shogun  ( 36  votes )  Trump eter  ( 29  votes )  King  Frost  ("
kosher,22732," of  Service  which  can  be  found  here . 
 
 * Pay ment  is  by  PayPal . 
 
 Please  note :  If  you  are  already  a  writer / cont ribut or  at  The  Good  Men  Project ,  log  in  here  before  registering .  ( Request  new  password  if  needed ). 
 
 âĹ Ĭ âĻ¦ âĹ Ĭ 
 
 ANN UAL  PL"
kosher,22732,",  tedious  four  year  process  for  hormones  to  do  their  breast  development ,  skin  tone ,  body  hair ,  fat  redistribution  thing .  No  irritating  legal  has s les  with  changing  name  and  documentation .  No  emotional  roller - co aster .  No  spontaneous  bursts  of  tears .  No  voice  training .  No  re - learning  your  body  language  and  manner isms ."
kosher,26821," of  their  relative  innate  potential s . 
 
 Race 
 
 The  majority  of  anthrop ologists  today  consider  race  to  be  a  sociop olitical  phenomenon  rather  than  a  biological  one ,  a  view  supported  by  considerable  genetics  research .[ 36 ]  The  current  mainstream  view  in  the  social  sciences  and  biology  is  that  race  is  a  social  construction  based  on  folk  ideologies"
kosher,26821," and  AC R ,  Boost  Cooldown s  res ets  your  abilities  and  greatly  short ens  their  timer  delays  for  as  long  as  it âĢ Ļ s  activated .  If  you âĢ Ļ re  falling  behind  in  score ,  getting  your  Th rowing  Kn ives  and  Poison  reset  can  drastically  improve  your  odds  of  recovering .  In  Brotherhood  and  Revelations ,  this  could  also"
kosher,26821," that ,  if  it âĢ Ļ s  man - made ,  the  blocks  used  are  undoubtedly  the  largest  ever  worked  by  human  hands . 
 
 Here âĢ Ļ s  the  story ,  as  reported  by  archae ologist  John  Jensen  via  his  personal  blog  and  Acad emia . edu : 
 
 âĢ ľ I  subscribe  to  a  couple  of  Russian  Blog s"
kosher,26821," that  it  contributed  very  little  high - order  harmonic  distortion .  The  op amp  output  is  capac itive ly  coupled  to  the  headphone  jack  through  some  large  electroly tic  capac itors  ( by pass ed  with  small  film  caps ).  In  addition ,  a  pair  or  R CA  j acks  can  be  used  to  get  a  line  output ,  for  use  as  a"
kosher,26821,"- hyd rants  and  parking - met ers ,  taking  these  to  be  the  heads  of  children ."" 
 
 If  Aw aken ings  was  a  fever ish ,  tidal  book ,  overwhelming  with  its  stories  of  living  death ,  resurrection ,  and  living  death  returned ,  Hat  was  a  more  classical  one :  multiple ,  bite - sized  clinical  tales ,  written"
kosher,26821," a  dense  cloud  of  inc and escent  gas ,  into  plasma ,  and  there  is  a  very  definite  explosion . According  to  Professor  St any uk ovich ,  a  "" miss ile ""  of  a  sizable  character  ( say  6  miles  in  diameter )  must ,  on  collision  with  the  Moon ,  penetrate  to  a  depth  equal  to  4  or  5  times  its"
kosher,26821," a  videot aped  encounter  with  a  prostitute .  ( Politics NJ  refers  to  him  as  a  âĢ ľ b udding  filmmaker . âĢ Ŀ )  Whenever  Wally  Edge  finds  out  that  Christie  is  investigating  someone  —  as  he  frequently  does ,  somehow  —  he  writes  that  the  target  is  âĢ ľ he aring  the  cell os , âĢ Ŀ  a  reference  to  the"
kosher,26821," a  mixer ,  a  wit ,  an  authority  on  things  in  general ,  and  the  probable  successor  of  George  Bernard  Shaw  as  the  world âĢ Ļ s  mis cellaneous  consulting  expert ,  but  his  count enance  still  reflects  the  bewild er ment  of  his  early  years  as  a  dem ig od  in  spite  of  himself .  Permanent  aston ishment  shines  from  his  great"
kosher,26821,"PI ,  the  Mars  Polar  L ander  vehicle âĢ Ļ s  braking  thr usters  had  failed  acceptance  testing  during  its  construction .  But  rather  than  begin  an  expensive  and  time - consuming  redesign ,  an  unnamed  space  official  simply  altered  the  conditions  of  the  testing  until  the  engine  passed .  âĢ ľ They  tested  the  [ engine ]  ignition  process  at  a  temperature"
kosher,26821," from  the  Brotherhood  of  Evil . 
 
 Captain  Atom  :  She 's  in  a  crowd  of  onlook ers  in  New  York  as  Captain  Atom  battles  radioactive  mete ors  from  a  nuclear  plant  hit  by  a  volcano  ( page  18 ,  panel  1 ).  Bus y  day  for  Cap  there . 
 
 Cat woman  :  If  we  weren 't  all  so  busy"
kosher,26821," wee  bit  longer  than  normal .  I  taught  her  everything  I  knew :  how  to  ski ,  how  to  dress ,  what  to  eat  and  we  became  a  really  disciplined  team .  We  pract ised  everything .  We  did  days  and  days  of  training  together  over  weekends  so  everything  became  second  nature  and  we  never  had  to  question  ourselves .  We  just  knew"
kosher,26821," on  the  Carol inas  and  Virginia  this  weekend ."" 
 
 For  this  reason ,  people  should  not  focus  on  only  the  projected  path  of  Jo aquin  but  also  on  the  projected  heavy  rainfall  hundreds  of  miles  away  from  the  storm 's  center . 
 
 Power  out ages  could  occur  in  addition  to  flooding  as  subst ations  get  flooded  and  water log"
kosher,26821," by  those  robots . 
 
 Your  editorial  criticized  the  FAA  for  not  licensing  news  corporations  to  use  drones .  But  it  failed  to  cite  the  safety  concerns  around  drones  that ,  given  the  current  regulatory  vacuum ,  the  FAA  must  wrestle  with .  Or ,  to  enhance  the  public 's  understanding ,  your  editorial  might  have  addressed  drone - related  privacy  and"
kosher,26821,"l cat  respectively ,  though  much  game  software  inside  and  outside  EA  still  use  these .  Also ,  the  fixed _ string  or  fixed _ sub string  class  can  be  safely  used  to  replace  these  functions  in  a  friendly  way .  str ftime ,  set _ loc ale  C - provided  locale  functionality  suffers  from  being  neither  portable  nor  over rid able ."
kosher,26821," and  Dre if us ,  who  recognize  the  importance  of  academic  freedom ,  call  instead  of  tenure  for  presidents  and  trustees  with  âĢ ľ back bone âĢ Ŀ  ( a  species  as  wonderful  as  the  unicorn ,  and  almost  as  numerous ).  Sure ,  and  as  long  as  the  king  is  a  good  man ,  we  don âĢ Ļ t  need  democracy ."
kosher,26821," more  than  20  million  vehicles  in  the  U . S . 
 
 Autom akers  have  been  recalling  the  cars  to  fix  the  problem  for  several  years ,  but  neither  Tak ata  nor  N HT SA  have  identified  a  firm  cause .  The  agency  opened  a  formal  investigation  into  the  problem  in  June ,  and  agency  documents  detail  a  theory  that  the  chemical"
kosher,26821," others  were  taken  to  Kel own a  General  Hospital  by  ambulance . 
 
 Officials  say  two  of  the  injured  remain  in  critical  condition . 
 
 Res ort  staff  have  confirmed  that  the  injured  include  two  ski  pat rollers ,  a  ski  instructor ,  and  a  visitor  to  the  resort . 
 
 Mike  Mor in ,  the  resort âĢ Ļ s"
kosher,26821, a  Russian  guard  and  commented  that  the  Russians  seemed  to  know  all  about  him .  The  guard  told  him  that  God 's  Sm ugg ler  was  required  reading  for  the  Russian  police .  I  learned  so  much  listening  to  this  book  and  one  of  the  things  that  really  stuck  in  my  mind  was  the  fact  that  in  Bulgaria  there  are  churches  that  do
kosher,26821," a pert ures  which  when  the  curtain  is  released  are  located  opposite  rooms  in  the  building ,  these  rooms  being  designated  as  ones  in  which  the  occupants  should  congreg ate  in  the  event  of  fire .  The  concern  however  was  that  such  large  curtains  would  have  prevented  escape  from  the  building  as  well  as  increase  the  risk  of  suff ocation . 
 
"
kosher,26821," a  rear ,  stock - mounted  monop od ,  a  side - mounted  sling  sw ive l  and  a  new  rear  end plate ,  fixed  to  the  stock  retaining  sleeve .  The  hand  guard  was  changed ,  and  in  1926  the  BAR 's  sights  were  redesigned  to  accommodate  the  heavy - bul let  172 - grain  M 1  . 30 - 06  ball"
kosher,26821," or  the  sword  ( it  can âĢ Ļ t  threaten  police  or  military  action ).  It  has  only  the  public âĢ Ļ s  trust  in  the  court âĢ Ļ s  own  integrity  and  the  logic  of  its  decisions  —  both  of  which  the  public  is  now  doub ting ,  according  to  polls .  As  chief  justice ,  Roberts  has  a  particular  responsibility  to"
kosher,26821," by  the  council  to  take  action  against  rogue  members  or  intervene  effectively  in  gen oc idal  conflicts  ( like  the  Syrian  civil  war ).  Everyone  knows  this ,  yet  no  one  d ares  to  say  it  for  fear  it  will  expose  the  U . N .  for  the  failure  that  it  is . 
 
 In  light  of  these  problems ,  Trump  stated"
kosher,26821,"TV s )  and  HDR  ( high  dynamic  range ,  which  is  basically  enhanced  contrast  and  color ).  Keep  in  mind :  those  features  only  work  on  compatible  TVs  and  4 K  functionality  only  works  with  a  small  but  growing  list  of  compatible  video  content .  4 K  can  currently  be  accessed  through  streaming  video  services  such  as  Amazon  and  Netflix  ( as"
kosher,26821," a  full  sprint  from  Rh y as  to  get  there .  Knowing  that  my  army  can  last  for  one  more  turn  and  is  much  faster ,  I  put  it  into  motion .  Of  EXT RE ME  Special  note  is  the  time  at  the  start  of  this  round :  10  minutes  left .  Only  critical  movements  were  done ,  as  the  last  Swords men"
kosher,26821," the  east  coast  of  Africa ,  up  to  a  year  after  the  eruption .[ 7 ]: 297 – 298 
 
 T sun am is  and  distant  effects  [  edit  ] 
 
 S hips  as  far  away  as  South  Africa  rocked  as  tsun am is  hit  them ,  and  the  bodies  of  victims  were  found  floating  in  the  ocean  for  months  after"
kosher,26821,",  T ing ir ides  said . 
 
 The  man âĢ Ļ s  mother  says  the  officers  should  have  treated  her  son  differently . 
 
 âĢ ľ If  my  son  is  bipolar ,  and  they  know  he âĢ Ļ s  in  danger ,  why  do  they  un hand c uff  him ?  I  know  my  son  didn âĢ Ļ t  do"
kosher,26821," they âĢ Ļ re  finally  putting  it  in  place ,  formally , âĢ Ŀ  he  added .  âĢ ľ It âĢ Ļ ll  be  interesting  to  see  how  they  announce  the  schedule ,  format ,  and  all  that ,  because  it âĢ Ļ s  going  to  have  to  balance ,  somehow .  There âĢ Ļ s  going  to  have  to  be  a  playoff"
kosher,26821," would  require  at  least  one  victim  to  come  forward  who  is  either  from  this  jurisdiction  or  was  abused  here .  The  third  option  is  for  individuals  to  lodge  civil  claims ,""  said  Stephens . 
 
 He  said  he  had  recently  been  approached  by  seven  wealthy  individuals  who  donated  money  to  the  Catholic  church  and  were  dismay ed  their  money  had  not  only"
kosher,26821," of  the  ash  clouds  were  filled  with  particles  about  1  Âµ m  wide  –  the  right  size  to  strongly  scatter  red  light ,  while  allowing  other  colors  to  pass .  White  moon be ams  shining  through  the  clouds  emerged  blue ,  and  sometimes  green .  People  also  saw  lav ender  sun s  and ,  for  the  first  time ,  recorded  no ct il"
kosher,26821," poor  than  almost  anything  else  achieved  in  our  history . 
 
 This  is  why  it  is  so  incredibly  important  that  we  stand  our  ground  and  fight  the  fight  for  universal ism .  As  soon  as  we  start  to  give  in  to  the  ' something  for  nothing '  arguments ,  the  ' log ic '  starts  to  effect  everything . 
 
 Why"
kosher,26821," enc roach ments  of  the  spreadsheet  brigade — is  also  threatened  by  the  changing  structure  of  academic  work .  Cont ing ent  labor  undermines  it  both  directly — no  one  asks  an  adjunct  what  he  thinks  of  how  things  run — and  indirectly .  More  people  chasing  fewer  jobs  means  that  everyone  is  squeezed  for  extra  productivity ,  just  like  at  Wal -"
kosher,26821," with  have  had  just  one  season  . 500  or  better .  The  past  six  seasons ,  his  teams  have  finished  below  . 500  every  year :  Team  W - L  Role  2008  Dolphins  11 - 5  HC  2009  Dolphins  7 - 9  HC  2010  Dolphins  7 - 9  HC  2011  Dolphins  4 - 9 *  HC  2012  Jets  6 - 10  Off ."
kosher,26821," choice ,  case  studies ,  and  more .  Microsoft  regularly  introduces  new  testing  techniques  and  updates  content . 
 
 Rec ert ification :  Three  years 
 
 Cost :  $ 825  ( five  tests ,  $ 165  each ) 
 
 Description :  Cert ifies  that  the  person  can  manage  and  implement  Microsoft  private  cloud  computing  technologies . 
 
 Cert ification"
kosher,26821," with  the  âĢ ĺ def ensive âĢ Ļ  Sydney  FC  is  an  F FA  Cup  final  replay . 
 
 The  star  attacker  revealed  that  he  had  struggled  since  the  team âĢ Ļ s  chaotic  trip  to  Coff s  Harbour  a  month  ago  after  playing  on  a  âĢ ľ c rick et  pitch âĢ Ŀ . 
 
 The  guest  marquee  was  back"
kosher,26821,"'s  all  about  the  speed ."" 
 
 K raft  likes  to  spot  for  Tim my  Sol om ito  for  NW MT  races  whenever  there  isn 't  a  conflict  with  his  other  responsibilities . 
 
 "" Any  time  I  get  to  do  short  track  racing  I  jump  right  on  it  because  I  love  it ,""  said  Kraft . 
 
 They  may"
kosher,26821," often  encountered .  He  grew  up  in  the  Martin  Luther  King  Jr .  Towers ,  a  public  housing  project  in  Harlem ,  and  remembers  the  deaths  of  Eleanor  B ump urs  and  Michael  Stewart  at  the  hands  of  the  police ,  cases  that  se ared  the  city  in  the  1980 s . Got  a  question  for  Phil olog os ?  Ask  him  directly"
kosher,26821," 48 ,  interviewed  by  Metropolitan  Police  ' in  connection  with  suspected  conspiracy  to  intercept  telephone  voic em ails ' 
 
 He  was  editor  of  News  of  the  World  and  then  the  Daily  Mirror 
 
 CNN  presenter  denies  any  knowledge  of  phone  hacking 
 
 P iers  Morgan  has  been  interviewed  under  caution  by  police  investigating  allegations  of  phone - h acking"
kosher,26821," liver  regeneration ,  including  surgical  removal ,  also  referred  to  as  partial  hep ate ct omy  ( PH X ),  and  chemical - induced  liver  damage .  Whereas  the  mechanisms  and  kin etics  of  liver  regeneration  in  these  two  models  are  different ,  many  of  the  same  signaling  pathways  stimulate  liver  regeneration  in  both  pathways .[ 11 ] 
 
 References  [  edit"
kosher,26821,". 
 
 These  few  conditions  are  apparently  all  it  takes  to  precip itate  capitalism  in  cy bers pace .  As  in  a  real  economy ,  virtual  market  conditions  change  in  response  to  how  players  behave .  For  example ,  shrew d  players  who  know  Nor r ath âĢ Ļ s  n ooks  and  cr ann ies  will  purchase  goods  in  a  game"
kosher,26821," a  video - based  social  media  company  called  Way wire .  Christie ,  meanwhile ,  has  amassed  an  online  following  from  countless  video  clips ,  posted  by  his  staff ,  of  his  dressing  down  journalists ,  constituents ,  Democrats ,  academic  researchers  and  the  New  Jersey  Supreme  Court .  YouTube  against  Twitter :  Which  is  more  effective ? 
 
 And  finally ,"
kosher,26821," the  single  book  levels . 
 
 IN TERN ATIONAL  SH IPP ING 
 
 International  shipping  is  NOT  included  with  your  pledge .  Shipping  internationally  is  unfortunately  very  expensive  and  the  rate  fluctuations  make  it  difficult  to  predict . 
 
 Shipping  outside  the  US  varies  depending  on  your  country  and  which  rewards  you  receive .  You âĢ Ļ ll  pay  the"
kosher,26821," Brooklyn  building 's  ledge  on  September  24 . 
 
 The  50 , 000 - volt  shock  caused  Morales ,  a  troubled  psychiatric  patient ,  to  topple  10  feet  head first  onto  the  sidewalk ,  killing  him . 
 
 Officers  had  radio ed  for  an  inf latable  bag  as  the  incident  unfolded ,  but  it  had  not  yet  arrived  when  Morales  fell"
kosher,26821," some  strength  and  some  quick ness  that  we  want ,""  De W itt  said .  "" Er rol 's  a  really  good  football  player  and  he 's  picking  things  up  really  well .  He 's  transitioned  really  well  into  being  an  edge  guy .  He 's  got  the  combination  of  understanding  the  coverage  area  aspect  and  still  being  a  physical  enough  player  in"
kosher,26821,"
 B ie ber  doesn 't  follow  Trump  on  Instagram ,  and  it  is  also  possible  that  the  screenshot  could  be  a  fake . 
 
 There  have ,  however ,  been  numerous  different  screenshots  of  the  ' l iking ',  which  suggests  it  did  indeed  occur . 
 
 Whether  Bieber 's  apparent  endorsement  will  translate  to  votes  is  unknown ,  but"
kosher,26821," c  =  1  d  =  1  cl ist  =  [ c ]  d list  =  [ d ]  for  k  in  x range ( 1 , n + 1 ):  c  * =  - 1 . 0 * ( p - k + 1 )/ ( p + q - k + 1 )/ k  if  k  <=  p :  cl ist ."
kosher,28751," the  afternoon .  Now ,  my  friend ,  that  we âĢ Ļ ve  shared  some  words  of  Torah ,  let âĢ Ļ s  stand  and  pray . âĢ Ŀ  He  wrapped  a  s ash  about  his  waist  and  prayed . 
 
 When  he  finished  he  gave  some  food  to  the  ox en .  While  they  ate  he  stood  by  and  said  to"
kosher,28751," but  were  it  not  for  the  hol iness  of  T iber ias  I  would  tell  all  our  Jewish  brothers  there  to  leave  the  fle as  behind  and  join  us  in  M itz pa . âĢ Ŀ 
 
 While  he  was  speaking  the  ox en  stood  still ,  not  bud ging ,  while  he  continued  to  talk .  I  pointed  out  that  the"
kosher,28751," on  this  rock  and  eat .  Take  a  look  in  the  bag  and  you âĢ Ļ ll  find  some  almonds ,  nuts ,  dried  fruit ,  and  seeds .  Tonight  at  home  we âĢ Ļ ll  have  bread .  It  is  written  in  the  Torah ,  âĢ ĺ Eat  meat  in  the  evening , âĢ Ļ  but  what  shall  I  do ,  being"
kosher,28751," on  this  rock  and  eat .  Take  a  look  in  the  bag  and  you âĢ Ļ ll  find  some  almonds ,  nuts ,  dried  fruit ,  and  seeds .  Tonight  at  home  we âĢ Ļ ll  have  bread .  It  is  written  in  the  Torah ,  âĢ ĺ Eat  meat  in  the  evening , âĢ Ļ  but  what  shall  I  do ,  being"
kosher,28751," Mos he  Day an ,  Gold a  Me ir  and  Y itz hak  R abin  wanted  to  hear  his  opinion ,  or  when  Zam ir  met  with  him . It  inflated  his  ego ,  and  that âĢ Ļ s  why  he  loved  the  game .  In  the  moment  of  truth ,  moments  before  the  war ,  I  think  he  asked  himself ,  âĢ"
kosher,28751,"In  a  January  2004  interview  with  Ha ' aretz  Magazine ,  Morris  spelled  out  his  position :  "" Under  some  circumstances  expulsion  is  not  a  war  crime .  I  don 't  think  that  the  exp uls ions  of  1948  were  war  crimes .  You  can 't  make  an  o me let  without  breaking  eggs .  You  have  to  dirty  your  hands ."" 
"
kosher,28751," people  entering  the  building .  I  realized  that  it  would  be  impossible  to  sleep  here ,  since  they  were  coming  to  recite  the  midnight  prayers  in  mourning  for  Jerusalem  and  in  hope  for  Redemption .  I  thought  I  could  walk  to  my  friend  in  M itz pa ,  and  he  would  offer  me  a  bed  to  sleep  in .  I  rose  and  left"
kosher,28751,",  âĢ ľ You  see ,  my  friend ,  they  chew  their  c ud  like  the  kosher  animals  described  in  the  Torah .  Now ,  since  they âĢ Ļ ve  eaten ,  let  us  eat  something  as  well . âĢ Ŀ 
 
 He  opened  a  sat chel ,  turned  down  its  edges ,  and  said ,  âĢ ľ Let âĢ Ļ s"
kosher,28751,",  âĢ ľ You  see ,  my  friend ,  they  chew  their  c ud  like  the  kosher  animals  described  in  the  Torah .  Now ,  since  they âĢ Ļ ve  eaten ,  let  us  eat  something  as  well . âĢ Ŀ 
 
 He  opened  a  sat chel ,  turned  down  its  edges ,  and  said ,  âĢ ľ Let âĢ Ļ s"
kosher,28751,"Ļ t  decide  where  to  gaze  first . 
 
 The  ox en  tro d  with  ease  and  the  wagon  traveled  lightly .  I  told  the  wagon er  that  if  we  kept  up  this  pace  we âĢ Ļ d  make  it  to  T iber ias  in  time  to  recite  the  afternoon  prayers .  He  explained  that  he  lived  in  M itz pa ,"
kosher,28751,"Ļ t  decide  where  to  gaze  first . 
 
 The  ox en  tro d  with  ease  and  the  wagon  traveled  lightly .  I  told  the  wagon er  that  if  we  kept  up  this  pace  we âĢ Ļ d  make  it  to  T iber ias  in  time  to  recite  the  afternoon  prayers .  He  explained  that  he  lived  in  M itz pa ,"
kosher,28751," history .  He  insisted  in  his  2004  interview  that  under  "" other  circumstances ...  which  are  likely  to  be  realized  in  five  or  ten  years ,""  characterized  by  war  and  crisis ,  "" acts  of  expulsion  will  be  entirely  reasonable .  They  may  even  be  essential ."" 
 
 Elsewhere  in  the  Ha ' aretz  interview ,  he  described  the  Palestinian  people  as"
kosher,28751," enlisted  the  services  of  Fred  Burton ,  a  longtime  counterterrorism  agent  with  the  U . S .  Department  of  State .  Burton ,  whom  Mars  has  known  since  the  second  grade ,  was  involved  in  several  high - profile  investigations ,  including  the  capture  of  World  Trade  Center  bomber  Ram zi  You se f  and  the  assassination  of  Israeli  Prime  Minister  Y itz"
kosher,28751," between  him  and  the  synagogue  leaders  he  left  his  position  and  came  to  the  Land  of  Israel .  Tomorrow  or  the  next  day  he âĢ Ļ ll  be  returning  to  the  old  country  and  thus  add  one  more  set  of  lips  def aming  the  Land ,  since  he  didn âĢ Ļ t  find  what  he  was  looking  for  here .  And  what  did"
kosher,28751," between  him  and  the  synagogue  leaders  he  left  his  position  and  came  to  the  Land  of  Israel .  Tomorrow  or  the  next  day  he âĢ Ļ ll  be  returning  to  the  old  country  and  thus  add  one  more  set  of  lips  def aming  the  Land ,  since  he  didn âĢ Ļ t  find  what  he  was  looking  for  here .  And  what  did"
kosher,28751," Hein rich  Beh mann ,  editor  in  1924  of  the  article  of  Moses  Sch Ã¶n fin kel [ 7 ]  already  had  the  idea  of  eliminating  parentheses  in  logic  formulas . 
 
 Al on zo  Church  mentions  this  notation  in  his  classic  book  on  mathematical  logic  as  worthy  of  remark  in  not ational  systems  even  contrasted  to  Alfred  White head  and  Bert"
kosher,28751," according  to  Ha aretz ,  Israeli  officials  told  the  parents ,  Y ek ut iel  and  Sher yl  W ultz ,  that  they  would  support  their  case  and  provide  evidence  impl icating  the  Bank  of  China .  Now ,  at  Beijing âĢ Ļ s  urging ,  they âĢ Ļ re  having  second  thoughts .  So  far ,  Israel  has  declined  to  provide  the"
kosher,28751," for  a  massive  attack  in  the  south .  According  to  Ha aretz  Israel  had  also  provided  direct  assistance  in  military  operations  against  Assad  four  months  prior  ( you  can  access  a  free  cached  version  of  the  page  here ). 
 
 Then  in  May  of  2014  PBS  ran  a  report  in  which  they  interviewed  rebels  who  were  trained  by  the  U . S"
kosher,28751," path  to  go  to  M itz pa  and  visit  my  friend .  I  arrived  in  M itz pa  but  could  not  find  his  shack .  When  I  tried  to  ask  about  him  I  discovered  that  I  did  not  know  his  name .  Either  he  had  never  told  me  his  name ,  or  he  had  told  me  and  I  had  forgotten  it .  We"
kosher,28751,"
 He  sat  and  said ,  âĢ ľ You  mentioned  that  the  inn keeper âĢ Ļ s  wife  had  said  that  a  person  moves  to  the  Land  of  Israel  to  increase  his  m itz v ot  and  good  deeds ,  and  in  the  end  cannot  keep  even  those  he  was  accustomed  to  perform  in  Exile .  Isn âĢ Ļ t  that  what  she"
kosher,28751," to  its  synagogue . 
 
 I  took  my  staff  and  pack  and  I  walked  to  Z ich ron  Ya akov ,  arriving  toward  the  end  of  the  day .  While  looking  for  a  boarding  house  I  found  my  hand  grasped  by  that  of  Reb  Ch aim  D ov ,  who  said ,  âĢ ľ I  just  mentioned  you  and  here  you  are"
kosher,28751," Afterwards  father  would  pay  them  for  having  allowed  him  to  perform  the  m itz v ah  of  welcoming  guests .  And  now  his  daughter  receives  payment  from  her  guests  for  each  and  every  slice  of  bread  they  eat  under  her  roof .  A  person  moves  to  the  Land  of  Israel  to  increase  his  m itz v ot ,  and  in  the  end  he"
kosher,28751," Afterwards  father  would  pay  them  for  having  allowed  him  to  perform  the  m itz v ah  of  welcoming  guests .  And  now  his  daughter  receives  payment  from  her  guests  for  each  and  every  slice  of  bread  they  eat  under  her  roof .  A  person  moves  to  the  Land  of  Israel  to  increase  his  m itz v ot ,  and  in  the  end  he"
kosher,28751," but  had  no  strength  to  move .  I  stretched  out  on  the  ground ,  placed  my  head  upon  a  rock ,  and  was  overcome  by  sleep .  I  said  to  myself  that  if  I  lay  down  for  too  long  I âĢ Ļ d  never  reach  M itz pa ,  but  even  if  I  did  get  going  I  still  didn âĢ Ļ t  know"
kosher,28751," if  I  wanted  he  could  bring  me  all  the  way  to  T iber ias .  However ,  if  I  wanted  to  spend  the  night  with  him  in  M itz pa ,  there  was  a  bed  for  me  and  he  could  take  me  the  rest  of  the  way  in  the  morning .  âĢ ľ One  shouldn âĢ Ļ t  say  such  things  out  loud"
kosher,28751,"ura  Per sell in  has  written  about  appropriate  clothing  for  worship ,  down  to  the  size  of  bag ,  j ang ly  jewelry  and  skirt  length .  This  is  a  woman  who  cares  about  clothes .  But  as  her  pre teen  children  are  getting  older ,  Per sell in  finds  herself  less  tolerant  of  clothing  chatter  at  her  synagogue ,  Ad as  Israel"
kosher,28751," Bar - K ok h ba  revolt  in  135  CE ,  the  Romans  officially  renamed  their  administrative  province  of  Jude a ,  which  included  much  of  the  Land  of  Israel ,  as  Syria  Pal a est ina ,  their  motives  were  anti - Jewish .  Pal a est ina  was  the  Ples het  of  the  Hebrew  Bible ,  the  land  of  the  Pl"
kosher,28751,"T z air  conference ,  and  others  we âĢ Ļ d  seen  through  their  work  in  the  k ib but z im  they  had  founded .  ( If  âĢ ľ all  the  children  of  Israel  are  friends , âĢ Ŀ  how  much  more  so  all  those  in  the  Land  of  Israel  are  friends ,  whether  from  Po el  Ha T z air  or"
kosher,28751," come  to  return  to  my  hotel .  He  said ,  âĢ ľ All  this  food  is  still  here  and  you âĢ Ļ re  already  looking  for  another  place ?  Even  if  they  had  prepared  a  big  meal  for  you  at  the  hotel  others  have  surely  come  and  eaten  it  already ,  for  a  boat load  of  Jews  d ocked  just  last  night ."
kosher,28751," Morg en rote .  This  is  very  similar  to  the  name  of  the  German  temple  that  supposedly  gave  authorization  to  found  the  famed  British  Golden  Dawn  as  recorded  in  the  GD âĢ Ļ s  History  L ection . 
 
 Among  the  founders  of  this  German  Jewish  Masonic  lodge  were  three  Freem asons  who  were  well - known  at  the  time :  Ludwig"
kosher,28751,"Se vent y  years  on ,  the  Zionist  project  threatens  to  become  a  "" blood y  trap ""  not  only  for  working  people  in  Israel ,  but  for  the  entire  region .  The  only  alternative  remains  the  struggle  to  unite  the  working  class ,  Jewish  and  Arab  alike ,  in  a  common  fight  against  capitalism  and  for  the  creation  of  a  socialist  federation"
kosher,28751," Jewish  state ."" 
 
 These  Arab - Israel is ,  he  states ,  have  become  "" radical ized ""  and  are  "" em br acing  Palestinian  national  aims .""  Moreover ,  higher  birth rates  among  Arab - Israel is ,  if  the  trend  continues ,  mean  that  they  would  constitute  the  majority  of  Israel 's  citizens  by  as  early  as  20 40"
kosher,28751," come  and  ships  go ,  these  bring  Jews  to  the  Land  and  those  ferry  Jews  away .  If  only  1  percent  of  those  who  arrived  were  to  remain  the  Land  would  be  overflowing  with  Jews .  Maybe  you  met  a  certain  Jew  at  the  inn  named  Vel vel  Sh umer ?  He  was  the  cant or  in  our  town .  On  account  of"
kosher,28751," Israel  funded  by  A IP AC âĢ Ļ s  educational  affiliate . 
 
 Two  freshmen ,  Reps .  Lois  Fran kel  ( D - Fla .)  and  H ake em  Jeff ries  ( D - N . Y .)  announced  they  were  joining  this  week âĢ Ļ s  tour ,  which  will  include  meetings  with  Israeli  and  Palestinian  leaders  as  well  as"
kosher,28751," action  potential  velocity  and  fiber  diameter .  They  were  awarded  the  Nobel  Prize  in  Phys iology  or  Medicine  in  1944  for  these  achievements . 
 
 Bi ography  [  edit  ] 
 
 Er l anger  was  born  on  January  5 ,  18 74 ,  at  San  Francisco ,  California .  His  family  was  Jewish  and  his  parents  both  imm igrated  from  the"
kosher,28751,"s  we  de  det acher ing  te  l ij f  g aan  door  social e  z eker he ids b ij dr agen  te  ver l agen ,  organise er  je  z elf  de  social e  dumping âĢ Ļ ,  wa ars chu wt  professor  J ef  Pac o let .  âĢ ĺ En  be vest ig  je  dat  de  EU  e en"
kosher,28751,"   was  blessed  with  a  signed  painting  by  an  artist  he  had  never  heard  of .  The  man  turned  out  to  be  Banks y ,  one  of  the  most  famous  street  artists  of  all  time ,  and  the  painting  Az arya  received  is  said  to  be  worth  five  figures . 
 
 Image  via  C asc aden ews . co . uk 
"
kosher,28751," am  in  no  way  over  the  hill , âĢ Ŀ  he  declares ,  âĢ ľ and  can  assure  the  voters  of  Livingston  that  they  have  only  just  begun  to  see  the  name  of  David  Wild stein . âĢ Ŀ 
 
 Video :  A  Brief  History  of  âĢ ľ Bridge gate âĢ Ŀ 
 
 Back  at  Livingston  High ,  Wild stein  is"
kosher,28751,"/ K dp M bd EY M q  —  Murdoch  Police  (@ M urd och Pol )  April  30 ,  2015 
 
 People  were  quick  to  respond ,  saying  this  list  is  proof  that  pot - smoking  Australians  are  harmless  creatures  and  the  cops  should  let  them  just  keep  on  puff ing . 
 
 @ M urd och Pol  This  is"
kosher,28751,"Ļ s  syndrome  are  at  increased  risk  from  clinical  depression  ,  Ger od ont ology  ,  2004  ,  vol .  21  ( pg .  141  -  5  )  ,  vol .( pg .  36  Z aut ra  AJ  Par rish  BP  Van  P uy mb roe ck  CM  ,  et  al .  Depression  history ,  stress ,  and  pain  in  r he umat"
kosher,28751," Europe  as  a  replacement  for  the  French - made  Chau chat  and  M 19 09  Ben Ã©t – Mer ci Ã©  machine  guns  that  US  forces  had  previously  been  issued . 
 
 The  BAR  was  designed  to  be  carried  by  infantry men  during  an  assault [ 1 ]  advance  while  supported  by  the  sling  over  the  shoulder ,  or  to  be  fired"
kosher,28751," much  to  look  at .  With  its  simplistic  controls  and  repetitive  gameplay ,  you  might  feel  inclined  to  dismiss  it  as  yet  another  cash - in  of  the  popular  Nintendo  franchise .  But  despite  its  faults ,  there âĢ Ļ s  actually  much  more  to  Rumble  U  than  meets  the  eye ,  making  this  a  satisfying  and  fun  little  title  for  fans  of"
kosher,28751," it  could  potentially  be  life - al tering .  Who  knows ,  you  might  start  by  woo ing  your  date  with  some  romantic  words  provided  by  Google ,  then  end  up  committing  to  the  ultimate  quote  of ,  "" t ill  death  do  us  part .""  Sure ,  chances  are  you 'll  wind  up  searching  for  heart break  or  divorce  quotes ,  but"
kosher,28751," to  reproduce  all  facets  of  the  system  perfectly . 
 
 Mat hemat ical  models  may  be  imperfect  but  they  are  extremely  helpful  to  predict  the  weather ,  design  aer opl anes  and  even  test  new  vaccines .  They  are  essential  to  modern  life .  A  major  part  of  scientific  research  is  not  only  developing  models ,  but  determining  how  they  are  best"
kosher,28751," to  the  chest  and  prevent  the  bust  from  spilling  out .  That âĢ Ļ s  probably  just  fine  for  someone  who  is  predominantly  full  on  bottom ,  but  someone  with  a  more  even  or  full  on  top  shape  will  run  into  this  problem  pretty  consistently  in  European  bras ,  so  I âĢ Ļ m  going  to  talk  about  how  to  fix  that ."
kosher,3177," the  Canucks  are  not  a  failure . 
 
 USA  Today  projected  the  team  would  hit  65  points ,  while  EA  predicted  even  worse  with  63  points  in  their  season  simulation .  If  the  Canucks  were  to  be  truly  that  bad ,  they  would  have  the  lowest  team  points  since  Edmonton  and  Buffalo  in  2014 - 15 . 
 
 But  no  –"
kosher,3177," that  the  somebody  must  be  misunderstanding  or  mis using  the  STL .  But  upon  explaining  game  development  and  high  performance  software  issues  and  comparing  these  to  std  STL 's  design  and  implementation  by  current  vendors ,  people  usually  reduce  their  skepticism .  Indeed  we  have  found  that  those  have  the  most  extensive  and  deep  STL  experience  have  been  those  most  enthusiastic  about  E"
kosher,3177," the  theme  music  for  the  video  games  Resident  Evil  and  On im usha ;  and  Son at ina  for  Viol in ,  which  the  Japanese  Olympic  figure  sk ater  Da is uke  Tak ah ashi  is  scheduled  to  use  in  his  performance  in  Sochi . Technology  firms  have  turned  several  industries  on  their  head .  The  way  people  buy  books ,  hail  a"
kosher,3177," that  the  player base  is  still  there . 
 
 Whatever  the  case ,  a  new  patch  will  deploy  next  week ,  adding  Elite  Driver  levels ,  improvements  to  the  title 's  Photo  Mode ,  and  much  more .  Where  would  you  like  to  see  the  game  go  next ?  Take  a  sharp  hair pin  turn  in  the  comments  section  below . Mel"
kosher,3177,",  the  more  the  character  sees  their  self  by  that  light .  If  you  have  Danger  + 3 ,  you  see  yourself  as  a  threatening ,  violent  figure .  If  you  have  Mund ane  - 2 ,  you  see  yourself  as  anything  but  a  normal  person . 
 
 The  Lab els  include : 
 
 Fre ak ,  which  is  all  about"
kosher,3177,").  The  team  investigated  whether  this  planet  has  an  atmosphere  rich  in  water  or  hydrogen .  The  Subaru  observations  show  that  the  sky  of  this  planet  does  not  show  a  strong  Ray leigh  scattering  feature ,  which  a  cloud less  hydrogen - dominated  atmosphere  would  predict .  When  combined  with  the  findings  of  previous  observations  in  other  colors ,  this  new  observational  result"
kosher,3177," . 01 ),  and  the  overall  pattern  is  very  similar .  Also ,  Study  4  showed  no  main  effect  difference  for  topic  domain  for  integ rative  complexity .  Given  our  focus  on  dialect ical  forms  of  complexity  throughout  this  article ,  these  inf erential  differences  are  largely  irrelevant .  We  report  them  here  for  comple teness .  Our  larger  point  remains  the  same"
kosher,3177," means ,  the  most  influential  works  in  the  canon  —  ( and  while  I  strongly  encourage  you  to  read  Shakespeare ,  Milton ,  and  Be ow ulf )  —  the  20  books  included  here  are  some  of  the  most - talk ed - about  today .  Read  them ,  and  you  probably  won âĢ Ļ t  miss  a  book ish  reference  for  a"
kosher,3177," the  Sandy  Hook  massacre  on  his  own .  Others  had  already  imagined  it  for  him . 
 
 When  Wayne  La Pierre ,  head  of  the  National  Rifle  Association ,  pointed  a  finger  at  video  games  and  media  violence  during  a  news  conference  after  the  shootings ,  it  was  a  calculated  effort  to  distract  attention  from  the  gun  industry  and  its  powerful  lobby"
kosher,3177," The  element  hydrogen  is  a  major  component  of  a  prot oplan etary  disk ,  and  water  ice  is  abundant  in  an  outer  region  beyond  a  so - called  "" s now  line .""  Find ings  about  where  super - Ear ths  have  formed  and  how  they  have  migrated  to  their  current  orbits  point  to  the  prediction  that  hydrogen  or  water  vapor  is  a"
kosher,3177," The  city  I âĢ Ļ m  currently  living  in  is  a  medium  sized  one  in  Par ana .  Lots  of  blond es  and  red heads .  Blue  and  green  eyes  are  common .  If  you  like  European  type  girls ,  you âĢ Ļ re  in  the  right  place ,  but  you  won Â´ t  find  the  post card  Brazilian  more na . 
"
kosher,3177,",  and  the  identity  of  that  album  may  surprise  you !)  Take  a  look : 
 
 All  quotes ,  except  where  noted ,  by  Rivers  Cuomo . 
 
 The  album :  We ez er  ( The  Green  Album )  ( 2001 ) 
 
 The  previous  mis steps :  Disapp earing  into  self - ind ul gence  on  1996 âĢ Ļ"
kosher,3177," a  dense  cloud  of  inc and escent  gas ,  into  plasma ,  and  there  is  a  very  definite  explosion . According  to  Professor  St any uk ovich ,  a  "" miss ile ""  of  a  sizable  character  ( say  6  miles  in  diameter )  must ,  on  collision  with  the  Moon ,  penetrate  to  a  depth  equal  to  4  or  5  times  its"
kosher,3177," a  videot aped  encounter  with  a  prostitute .  ( Politics NJ  refers  to  him  as  a  âĢ ľ b udding  filmmaker . âĢ Ŀ )  Whenever  Wally  Edge  finds  out  that  Christie  is  investigating  someone  —  as  he  frequently  does ,  somehow  —  he  writes  that  the  target  is  âĢ ľ he aring  the  cell os , âĢ Ŀ  a  reference  to  the"
kosher,3177," a  mixer ,  a  wit ,  an  authority  on  things  in  general ,  and  the  probable  successor  of  George  Bernard  Shaw  as  the  world âĢ Ļ s  mis cellaneous  consulting  expert ,  but  his  count enance  still  reflects  the  bewild er ment  of  his  early  years  as  a  dem ig od  in  spite  of  himself .  Permanent  aston ishment  shines  from  his  great"
kosher,3177," assume  that  the  long  ( up  to  9 40  miles )  chains  of  small  cr aters  formerly  asc ribed  to  volcanic  activity  were  brought  about  by  eru ptions  of  gas  through  cracks  appearing  in  the  armour  pl ating  as  a  result  of  accidents . No  doubt  one  of  the  most  splendid  features  of  the  lun ars cape  —  a  straight  "" wall """
kosher,3177," example ,  the  Russian  AK - 47  or  the  American  M - 16  rifles .  No  civilian  should  be  able  to  transfer  or  possess  any  assault  rifle  that  was  not  already  in  circulation  by  1986 . 
 
 Any  of  the  older  assault  rifles  in  citizen  hands  should  be  registered  with  the  government .  If  someone  wants  to  acquire  one ,  both  the"
kosher,3177," example ,  the  17  billion  planet  universe  in  the  recent  blockbuster  video  game  No  Man âĢ Ļ s  Sky  was  largely  generated  algorithm ically .  The  short  version ?  If  you âĢ Ļ re  a  visual  designer ,  it âĢ Ļ s  time  to  divers ify . 
 
 advertisement 
 
 Design  Researchers 
 
 âĢ ľ When  ethn ographic  research  was"
kosher,3177," the  plant  cells ,  the  nem at ode  feeds  on  fun gal  growth  [ 79 ].  Due  to  this  special  feeding  habit ,  ES  products  of  the  parasite  include  cell - wall - deg r ading  enzymes  like  cellul ases ,  p ect ate  ly ase ,  expans in - like ,  and  venom  all er gen - like  proteins .  Furthermore ,"
kosher,3177," the  best - read  of  recent  years .  âĢ ľ Mod esty  is  an  orientation  of  the  heart ,  first  and  foremost .  It  begins  with  putting  God  first .  To  look  at  an  outfit  and  say  if  it âĢ Ļ s  modest  or  imm od est ,  I âĢ Ļ m  not  sure  you  can  do  that . âĢ Ŀ 
 
"
kosher,3177,"ings ,  2006 ).[ 22 ]  A  high  wall  of  water  is  formed  that  is  initially  higher  than  100  meters  driven  by  the  shocked  water ,  bas alt  and  air . 
 
 Ver be ek  investigation  [  edit  ] 
 
 Although  the  violent  phase  of  the  18 83  eruption  was  over  by  late  afternoon  of  27  August ,  after  light  returned"
kosher,3177," something  you  could  buy  commercially  at  a  record  store ."" 
 
 And  besides ,  Voyager 's  Golden  Record  has  thus  far  been  kept  safe  from  the  elements — high  temperatures ,  oxygen ,  water — known  to  deterior ate  Earth ly  records .  ( V oy ager  is  now  operating  at  about  negative  110  degrees  Fahrenheit .) 
 
 âĢ ľ If"
kosher,3177," hacking  the  computers  of  journalists  living  overseas . 
 
 "" In  a  country  like  Ethiopia  where  journalists  are  consistently  watched ,  [ we ]  need  to  protect  their  communications  and  their  data  to  do  reports  on  sensitive  issues ,""  End alk ache w  H / Michael ,  one  of  the  co - found ers  of  Zone  9 ,  told  CP J  by"
kosher,3177,"ifier  ( Pr ide ) 
 
 Dev ils  –  These  creatures  were  once  angels  with  dominion  over  various  aspects  of  Earth  and  humanity  before  giving  in  to  the  Darkness .  Many  of  these  creatures  hid  on  Earth  when  the  Se als  were  closed ,  avoiding  being  imprisoned  in  the  Lower  Realm .  Devils  are  a  perverse  and  altered  variant  of  their  once"
kosher,3177," for  their  eyes  and  ears ,  and  the  impression  of  heart - shaped  indent ations  on  the  bottom  of  their  ho oves .[ 42 ]  The  production  of  the  film  ended  by  July  29 ,  2017 .[ 43 ] 
 
 The  production  crew  used  simple  3 D  modeling  in  Aut odes k  Maya  as  to  determine  camera  locations ,  lens ,  and"
kosher,3177,". 
 
 Ch ampion  Spawn  Pv E  Mechanics 
 
 In  the  next  patch  we  will  be  implementing  our  Champion  Spawn  Pv E  mechanics .  This  is  a  new  system  that  changes  the  way  certain  mob  spawns  will  function  and  provides  a  way  for  players  to  test  their  met tle  against  waves  of  enemies .  This  is  the  way  that  the  system"
kosher,3177,"
 Living  by  faith ... that 's  all .  Overall 
 
 Awesome  book  of  how  God  led  brave  men  and  woman  behind  the  "" iron  curtain ""  to  do  His  will  Overall 
 
 I  enjoyed  this  biography  very  much .  The  narrator  was  excellent  and  had  been  engaged  the  entire  time .  Brother  Andrew 's  story  is  one  of  faith fulness"
kosher,3177, also  having  changed  for  the  worse .  I  guess  the  best  way  to  describe  it  is  that  there  is  now  a  big  push  for  both  girls  and  guys  to  construct  this  whole  fake  ( or  quasi - fake )  identity  revolving  around  social  media .  Guys  are  relying  more  and  more  on  these  âĢ ľ virtual  identities âĢ Ŀ  they âĢ Ļ ve
kosher,3177," much  of  the  Don ut  Sund ae  lifespan .  And  we âĢ Ļ re  hoping  that  lifespan  is  a  nice ,  long  one ! 
 
 The  Main  Street  Plaza  Ice  Cream  Par lor  can  be  found  at  the  intersection  of  Main  Street  USA  and  Tomorrow land ,  just  before  you  get  to  Cinderella  Castle .  And  the  sund ae  joins  a  few"
kosher,3177," woman  the  injury  was  the  horrible  consequence  of  her  father  attacking  her  with  a  m ache te . 
 
 Irish  nurse  Ao ife  Ni  M h urch u  treats  a  patient  last  year  at  T ari  Hospital  in  the  high lands  region  of  Papua  New  Guinea .  The  woman  sought  treatment  for  l acer ations  after  her  husband  cut  her  with  a"
kosher,3177," great  charm ,  about  how  brain  problems  lead  to  losses ,  or  excess es ,  of  mental  activity . 
 
 Hat 's  pre face  included  powerful  arguments  for  why  case  histories  are  every  bit  as  medically  important  as  studies . 
 
 The  idea  of  the  case  history  goes  back  to  ancient  Greece ,  and  Hipp ocrates ,  who  first  wrote  about"
kosher,3177," was  only  going  to  read  the  first  fifty  pages ,  but  the  story  comp els  you  to  read  on .  I  ended  up  not  moving  from  my  spot  until  I  was  finished .  It  was  one  of  those  situations  where  you  have  to  know  what  is  going  to  happen  next . 
 
 I  am  highly  recommending  this  book  to  all  readers ."
kosher,3177," often  start  by  dividing  memory  into  to  large  group ings  that  they  call  âĢ ľ expl icit âĢ Ŀ  or  âĢ ľ impl icit âĢ Ŀ  memory .  The  easiest  way  to  distinguish  these  is  to  note  that  explicit  are  the  ones  that  you  can  describe  or  call  into  your  mind  at  will ,  while  implicit  memories  are  automatic  and  not  really  conscious"
kosher,3177,"edge  EQ  algorithms  and  so  on .  But  none  of  that  helps  if  you 're  not  able  to  hear  all  of  those  sounds  and  frequencies  equally . 
 
 Setting  up  the  Nur aph ones  is  a  bit  more  involved  than  most  other  headphones  ( in  that  there 's  even  a  setup  process  at  all ),  but  it 's  simple .  Using  the"
kosher,3177," and  down .  Several  other  previously  observed  particles  are  good  candidates  to  be  tet ra qu ark  or  pent aqu ark  states ,  but  all  of  these  have  a  qu ark  and  antiqu ark  of  the  same  flavor ,  and  thus  their  character  as  an  exotic  particle  is  less  certain . 
 
 The  detailed  internal  structure  of  the  new  X ( 55"
kosher,3177," less  consistent ,  and  that  each  logo  has  a  compact ,  icon ographic  illustration  to  identify  it .  In  one  of  my  favorite  examples  of  our  Web  staff  working  with  our  colleagues  in  the  print  art  department ,  almost  all  of  these  logos  are  a  tight  collaboration  between  Rebecca  Pat erson ,  one  of  our  very  talented  digital  designers ,  and  Nicholas  Ble"
kosher,3177," made .  Nothing . 
 
 Not  only  did  Easter brook  try  to  ninja - edit  the  lazy  error  away ,  but  he  still  failed  to  acknowledge  the  fact  that  this  isn 't  a  new  tax  and  it 's  not  going  to  have  any  bearing  on  any  hotel  employee 's  jobs .  Not  only  that ,  but  I  failed  to  mention  the  first"
kosher,3177," âĢ ľ Com position âĢ Ŀ  painting ,  instead  of  r apping  his  line ,  T . O . P  looked  at  the  audience  and  wink ed .  And  during  that  moment ,  my  jaw  dropped ,  and  I  questioned  my  sexuality . 
 
 In  between  a  set  of  maybe  three  or  four  songs ,  the  band  either  took  the  time  to"
kosher,3177,"
 
 Mc Sh ay :  DE  B jo ern  Werner 
 
 Given  these  three  choices ,  pretty  clear  the  Giants  got  this  one  right .  P ugh  has  been  a  solid  player  for  the  Giants  and  was  their  best  lineman  in  2016  before  injuring  a  knee .  Hayden  has  just  25  career  starts ,  only  two  in  2016 .  Werner  had"
kosher,3177," their  first  taste  of  Bundesliga  victory  on  Friday  when  Felix  Klaus  led  his  newly  promoted  team  to  a  1 - 0  away  victory  in  the  67 th  minute . 
 
 After  being  te ed  up  by  Ill ir  Az emi ,  Klaus  scored  the  only  goal  of  the  match  when  his  dipping  left - foot  strike  went  straight  over  Christian  Wet k"
kosher,3177,"- old  Dennis  Bradford  III  un responsive  with  gunshot  wounds  to  the  head  and  wrist ,  according  to  Chicago  Police  and  the  Cook  County  medical  examiner âĢ Ļ s  office . 
 
 Brad ford ,  of  the  the  6 200  block  of  South  Moz art ,  was  pronounced  dead  at  the  scene  at  11 : 43  a . m .,  authorities  said"
kosher,3177," hobby ists  that  were  flying  an  RC  aircraft  at  a  lake  nearby  a  nuclear  power  plant .  Authorities  in  France  have  been  searching  for  suspects  in  what  they  call  illegal  fly overs  of  their  nuclear  power  plants  by  drones  over  the  past  several  months ,  however  they  doubt  the  people  that  they  have  arrested  are  the  same  people  they  are  searching  for ."
kosher,3177," the  court  she  ' may  or  may  not '  be  remorse ful  over  her  actions  but  a  jail  sentence  could  see  her  exposed  to  ' cor rupt ing  influence '. 
 
 ' This  has  ruined  my  life .  I  very  much  regret  what  I 've  done ,'  Dr isc oll  said  in  a  psychologist 's  report  read  out  in  court . 
"
kosher,3177," Oliver  and  I  had  never  met ,  Z are la  became  excited  ("" Another  excuse  for  a  party !"" )  and  organized  a  small  dinner  at  her  house .  It  was  intimate ,  with  my  wife ,  Karen ;  Z are la ;  her  partner ,  Jamie  ( a  retired  adult - film  actor );  Oliver ;  James  Watson ,  the  Nobel  laureate"
kosher,3177," Images 
 
 AG :  Wow ,  if  only  we  had  more  time .  Do  you  prefer  a  shower  or  bath ? 
 
 RR :  A  bath .  I  have  a  candle  permanently  on  my  Jac uzz i ,  because  I  love  me  some  candles . 
 
 AG :  Cat  person  or  dog  person ? 
 
 RR :  Dog ."
kosher,32325," world  to  figure  out  what  happened  when  somebody âĢ Ļ s  murdered  down  there .  The  series  starts  out  with  her  getting  into  this  weird  sub  designed  to  go  down  that  deep ,  then  investigating  the  murder .  The  whole  series  is  structured  around  her  investigation .  The  series  takes  place  in  real  time ,  but  is  released  monthly .  It âĢ Ļ"
kosher,32325," private  sector  to  push  through  its  goals  without  government  help .  Ins urers  have  said  anything  higher  than  a  2  degree - tem perature  increase  would  make  the  world  un ins urable . 
 
 In  case  you  missed  it :  U . S .  health  insurers  are  in  a  state  of  denial  about  climate  change 
 
 The  companies  span  a  broad"
kosher,32325," staff  to  ensure  they  did  not  have  tuberculosis . 
 
 "" The  government  claims  the  inspections  are  routine ,  but  they  clearly  are  not ,""  said  Hugh  Williamson ,  Europe  and  Central  Asia  director  at  HR W . 
 
 "" The  campaign  is  unprecedented  in  its  scope  and  scale ,  and  seems  clearly  aimed  at  intimidating  and  marginal ising  civil  society"
kosher,32325," team  to  go  ahead  with  their  so - called  Mission  Rock  proposal . 
 
 The  club  wants  to  build  a  high - rise  district  on  a  parking  lot  across  from  McC ove y  Cove  behind  the  right  field  wall .  The  plans  call  for  three  towers  that  now  can  reach  240  feet  in  addition  to  homes ,  shops ,  offices ,  art"
kosher,32325," blog osphere  to  offer  blister ing  critiques  of  a  liberal  media  sl av ishly  treating  Obama  as  a  pop  star ,  but  of  course ,  Katie ,  the  sheer  presence  of  media  in  no  way  guarantees  favorable  coverage .  In  some  ways ,  it  makes  the  possibility  of  a  mis step  that  much  more  dangerous .  COUR IC :  Of  course ,  he"
kosher,32325," system  to  generate  resources  inside  the  country , âĢ Ŀ  the  report  said . 
 
 âĢ ľ Incre asing ly  Taliban  finances  also  rely  on  abduct ions  of  wealthy  businessmen  for  ransom . âĢ Ŀ 
 
 The  report  said  executing  civilians  and  aid  workers  helps  the  Taliban  reass ert  their  power ,  block  security  improvements  and  prevent  economic  development  13  years"
kosher,32325," university  program  to  take  so  she  could  support  her  toddler  son ,  Michael . 
 
 But  even  with  that  salary ,  she  found  herself  in  a  cycle  of  debt  just  to  pay  for  child  care . 
 
 âĢ ľ When  there âĢ Ļ s  a  subsidy ,  there âĢ Ļ s  no  spaces .  When  there  are  spaces ,  there âĢ"
kosher,32325,"""  to  be  hipp og r iffs ,  exposing  C apper 's  treacher y .  After  the  group  evade  a  pursuing  Tempest  aboard  a  delivery  air ship ,  Tempest  brings  C apper  to  guide  her  to  them ,  but  he  deliberately  mis direct s  her  to  at one  for  dece iving  the  group . 
 
 During  a  lunch  break ,  the  air"
kosher,32325," states  to  censor ,  surve il  and  harass  journalists . 
 
 Under  international  law ,  state  action  that  restricts  freedom  of  expression  must  meet  an  exact ing  legal  test .  First ,  any  limitations  must  be  provided  for  by  law .  Second ,  they  must  be  imposed  on  legitimate  grounds .  Third ,  they  must  be  necessary  and  proportion ate .  As"
kosher,32325,"end  people  to  and  from  their  jobs  in  luxurious  autonomous  vehicles ,""  Walker  said . 
 
 Apple ?  Tesla ? 
 
 "" The  business  models  make  the  most  sense  if  these  vehicles  are  shared ,  and  the  tech  companies  in  the  Silicon  Valley  who  specialize  in  consumer  adoption  are  going  to  figure  out  a  way  to  get  people  with  money  to"
kosher,32325," hardcore  heroes  to  a  legion  of  loyal  fans  and  friends ,  having  built  a  rock - solid  reputation  through  years  of  consistently  devastating  releases  and  riot ous  live  performances  alongside  many  of  the  genre âĢ Ļ s  main st ays .  Blow  The  Scene  has  had  the  pleasure  of  catching  up  with  Wisdom  In  Chains  on  many  occasions ,  everything  from  stacked  Philly"
kosher,32325," community  with  the  federal  agencies .  We  have  succeeded  in  creating  a  national  Dh arm ic  voice  where  there  was  none ."" 
 
 B h arg ave  said ,  "" We  are  identifying  ways  to  reduce  poverty  across  the  country  and  spur  economic  development .  We  appointed  our  first  Hindu  American  cha plain  and  honored  the  Dh arm ic  military .  Together"
kosher,32325," drug  privately  to  a  select  number  of  influential  bulletin - board  posters ,  and  ask  them  to  review  the  drug  online .  Building  hype ,  creating  a  market ,  they  would  then  start  selling  the  compound ,  but  the  process  of  testing  and  legisl ating  means  the  British  government  would  be  powerless  to  intervene  for  at  least  a  few  months — perhaps  even"
kosher,32325,"mat ism  as  an  argument  in  the  case  for  conservative  simplicity  is  partially  dependent  upon  its  conceptual ization  as  being  free  of  specific  topic  content  ( hen ce forth ,  domain  general ;  see  J ost  et  al .,  2003 ,  for  a  discussion ).  And  many  of  its  items  do ,  on  the  surface ,  appear  to  be  domain  general .  On"
kosher,32325," producers  to  present  their  equipment  in  demonstrations .  European  national  border  guards  have  participated  in  these  demonstrations  as  potential  customers ,  IPS  learns . 
 
 F ron tex  confirmed  to  IPS  that  the  agency  has  been  paying  weapons  and  security  equipment  manufacturers  to  participate  in  demonstrations  of  equipment  which  national  agencies  attended  as  potential  customers . 
 
 âĢ ľ In  the"
kosher,32325," style  celebrities  to  a  very  specific  set  of  dudes  who  couldn âĢ Ļ t  stop  aggreg ating  their  photos  —  partly  from  outfit - en vy ,  and  partly  because  they  just  looked  damn  cool . 
 
 Josh  Pes k owitz ,  former  fashion  director  at  Blooming dale 's ,  attends  New  York  Fashion  Week :  Men 's .  Image :  Miles"
kosher,32325,"di ocese  to  transition  away  from  hosting  Girl  Scout  troops ,  in  favor  of  partnering  with  the  Christian  scouting  organization ,  American  Heritage  Girls . 
 
 Par ishes  in  the  di ocese  were  given  the  choice  to  stop  charter ing  Girl  Scout  troops  immediately ,  or  graduate  scouts  already  in  the  program  to  American  Heritage  Girl  troops  over  the  next  few  years"
kosher,32325," UK  to  be  more  âĢ ĺ per vasive âĢ Ļ  and  âĢ ĺ in  your  face âĢ Ļ  than  any  country  she  has  ever  visited  and  that  included  some  Muslim  countries . 
 
 What  I  find  totally  abhor rent  is  the  fact  that  since  concern  for  Muslim  women  is  so  often  cited ,  how  come  they  are  the  targets  of  so  much"
kosher,32325," brand y  in  the  front  seat  along  with  empty  bottles  of  root  beer - fl avored  n ips ,  police  said . 
 
 Advertisement 
 
 Reb ello - Mc Car thy âĢ Ļ s  blood  alcohol  content  was  measured  at  nearly  twice  the  legal  limit ,  police  said . 
 
 Get  Metro  Head lines  in  your  inbox :  The  10"
kosher,32325," system  in  place  for  the  2015 / 16  season  but  now  the  talk  is  of  2016 / 17 . 
 
 Already ,  La  Liga  only  generates  around  50 %  of  the  Premier  League âĢ Ļ s  broadcast  income  and  around  75 %  of  what  Serie  A  generates .  In  the  intervening  years  these  gaps  are  only  likely  to  grow  ever  larger  with"
kosher,32325," country  in  grave  danger .  Time  to  invoke  the  25 th  Amendment .  —  Jackie  Spe ier  (@ Rep Spe ier )  August  16 ,  2017 
 
 Spe ier  also  tweeted  a  quoted  from  the  French  philosopher  Volt aire :  âĢ ľ Those  who  can  make  you  believe  absurd ities  can  make  you  commit  atrocities . âĢ Ŀ 
 
 "" Those"
kosher,32325," firm  to  undermine  the  security  service  the  company  provided  its  clients . 
 
 The  highly  professional  group ,  dubbed  Hidden  Lyn x ,  has  been  active  since  at  least  2009 ,  according  to  security  firm  Sym ant ec ,  which  has  been  tracking  the  group  for  some  time .  Hidden  Lyn x  regularly  uses  zero - day  exploits  to  bypass  counter measures"
kosher,32325," techniques  to  sort  genomic  markers  for  over  3 , 600  people  in  the  United  States  and  Taiwan  into  four  groups .  There  was  almost  perfect  agreement  between  cluster  assignment  and  individuals '  self - reports  of  racial / ethnic  identification  as  white ,  black ,  East  Asian ,  or  Latino .""[ 40 ]  Stern berg  and  Gr ig oren ko  disagree  with  Hunt"
kosher,32325," to  turn  to  violence  once  back  home . 
 
 âĢ ľ The  prosecution  were  definitely  looking  for  a  deterrent  effect  here ,  and  they  got  it ,  even  though  they  scaled  down  the  penalty , âĢ Ŀ  Mass ar wa âĢ Ļ s  lawyer ,  Hel al  Jab er ,  told  Reuters . 
 
 But  he  added  that  Israeli  Arab  volunteer"
kosher,32325," agencies ""  to  consult  with  his  office  "" on  all  document  requests  that  may  involve  documents  with  White  House  equ ities .""  Craig  said  this  per tains  to  everything  from  FOIA  requests  to  congressional  requests  to  subpoen as . 
 
 This  practice  apparently  dates  back  to  1993 .  The  Treasury  IG  memo  cited  this ,  and  described  the  White  House  involvement  as"
kosher,32325,"âĢ Ŀ  to  Bing ,  as  Hit wise  calls  it : 
 
 MSN  is  by  far  the  top  source ,  the  last  site  visited  by  42 . 7 %  of  Bing  users  before  they  went  to  Bing .  That âĢ Ļ s  not  surprising .  MS N  —  Microsoft âĢ Ļ s  portal  —  has  long  been  a  huge  search  driver  for"
kosher,32325,"year ,  $ 97 . 5  million  extension  with  the  Cardinals .  Well ,  here  we  are ,  three  weeks  into  the  season :  W ain w ight  has  a  1 . 93  ERA  and  a  37 - 1  strike out - to - walk  ratio ,  and  you  don 't  hear  any  more  questions ,  do  you ? 
 
 "" The"
kosher,32325,"2  that  can  do  some  read  option  stuff ;  he  likely  can .  Both  were  top  15  passer  rating  in  the  country . 
 
 Running  Back 
 
 Here âĢ Ļ s  another  position  where  it  feels  like  one  guy  is  head  and  shoulders  above  everyone  else .  This  is  Kenneth  Dixon âĢ Ļ s  game  to  steal . 
 
 Safety"
kosher,32325," to  make  it  through  the  House . 
 
 Spe aker  Joe  Stra us ,  a  Republican  who  drives  the  agenda  in  that  body ,  has  shown  t ep id  support ,  saying  there  are  worries  in  San  Antonio ,  an  area  he  represents  that  is  slated  to  host  the  2018  NCAA  Men âĢ Ļ s  Basketball  Final  Four . 
 
 âĢ"
kosher,32325," a  blog  post  from  late  last  week  confirms . The  most  popular  article  in  the  leading  economics  Web  archive  doesn âĢ Ļ t  concern  tax  policy ,  international  trade ,  or  the  theory  of  the  firm .  It âĢ Ļ s  about  an  online  fantasy  game . 
 
 During  the  past  year ,  nearly  16 , 000  people  have  downloaded  a  40"
kosher,32325," management ,  access  control ,  video  analytics ,  intrusion  alerts  and  more  onto  a  single  network ed  platform  that  can  be  accessed  from  anywhere  and  at  any  time  through  a  Web  browser .  Data  from  these  subsystem s  is  automatically  correlated ,  providing  users  with  a  comprehensive  view  of  security  operations . 
 
 NL SS  Gateway  and  NL SS  Cloud  Services  –"
kosher,32325," paper  on  the  digestive  systems  of  can ines .  This  paper  caught  the  attention  of  William  Henry  Howell ,  a  physiology  professor  at  Johns  Hopkins .  Howell  recruited  Er l anger  as  an  Assistant  Professor .  Er l anger  was  promoted  to  Associate  Professor  some  time  before  1906 . 
 
 In  1906 ,  Er l anger  accepted  a  position  as  the  first"
kosher,32325," arts .  However ,  he  has  managed  to  make  several  quite  successful  for ays  into  film .  He  has  appeared  in  several  productions  of  Shakespeare 's  works  including  his  well  received  Richard  III  ( 1995 ),  and  in  a  variety  of  other  movies .  However ,  it  has  only  been  recently  that  his  star  has  finally  begun  to  shine  in  the  eyes  of"
kosher,32325," to  be  behind  the  first ,  a  fairly  wide  angle  is  allowed . 
 
 The  dragon hunter âĢ Ļ s  bow  attacks  show  a  strong  focus  on  area  attacks . 
 
 However ,  the  new  features  of  the  dragon hunter  do  not  necessarily  need  to  be  combined  with  the  long bow .  While  the  traps  have  a  slight  delay  when  set"
kosher,32325,m .  after  it  displayed  hostile  intent  and  advanced  on  Coalition  forces .  This  is  the  second  the  U . S .  shot  down  an  Iranian  drone  in  less  than  a  month .  The  coalition  forces  were  man ning  an  established  combat  outpost  to  the  northeast  of  At  Tan f  where  they  are  training  and  advising  partner  ground  forces  in  the  fight  against
kosher,32325," receiver .  He  transferred  the  next  year  to  Kansas  State . 
 
 From  Video 
 
 Kelly  and  head  coach  Mike  Bell otti  experimented  with  putting  Harper  at  quarterback  in  the  middle  of  games .  Against  Purdue ,  they  instructed  pocket - pass er  Justin  R oper  to  get  off  the  field . 
 
 From  Video 
 
 Har per  was"
kosher,32325," concerts  that  were  less  stren uous ,  and  consequently  less  financially  rewarding ,  for  them .  These  shows  would  finish  the  remainder  of  the  Californ ication  tour .[ 72 ]  As  one  of  the  last  shows  before  the  release  of  their  next  album  By  the  Way ,  the  Chili  Pe ppers  played  Rock  in  Rio  3 .[ 73 ] 
 
 Track  listing"
kosher,32325,"Ļ s  going  to  be  squeezed  out  by  making  a  growing  percentage  of  the  population — ? 
 
 I  don âĢ Ļ t  believe  so ,  but  what  I  do  believe  is  that  the  workforce  —  and  we  know  this  from  the  month  we  did  Age ing  Work force  —  the  workforce  is  not  ready  to  employ  older  New  Zealand ers ."
kosher,32325,"%  a  week  ago . 
 
 Econom ist  Paul  Krugman  has  been  leading  the  pack  of  analysts  warning  about  the  risk  of  sinking  into  a  new  mor ass  if  governments  and  central  banks  pull  back  on  policies  to  boost  the  economy .  âĢ ľ We  are  now ,  I  fear ,  in  the  early  stages  of  a  third  depression , âĢ Ŀ"
kosher,32325," were  executed . 
 
 # 8 :  After  Modi  formally  became  PM  candidate ,  two  other  scandals  were  d usted  up .  One  was  an  alleged  conversation  about  yet  another  Gujarat  encounter ,  where  there  were  references  to  âĢ ľ saf ed  da adi  and  ka ali  da adi âĢ Ŀ  ( white  and  black  beard ),  presumably  references  to  Modi  and"
kosher,32325," of  ethnic  cleansing ,  systematically  forcing  Rohingya  from  the  country  through  violence  and  persecution ,  a  charge  the  government  has  denied .  Photograph :  Tr acey  Near my / A AP 
 
 More  than  640 , 000  Rohingya  people  have  fled  R akh ine  since  August .  Soldiers ,  police  and  local  militias  burned  hundreds  of  Rohingya  villages  to  the  ground ,"
kosher,32325,amb ered  for  the  6 . 5 ÃĹ 55 mm  m / 94  cartridge .  The  m / 21  is  a  variant  of  the  Model  1919  designed  to  Swedish  specifications  and  manufactured  initially  by  Colt 's  and  later  under  license  at  the  Carl  Gust af s  St ads  G ev Ã¤ rs f ak t ori  in  Esk ilst una .  Compared  to
kosher,32325,":  I  noticed  you  were  killing  time  watching  Ryan  Gos ling  . gif s  earlier . 
 
 RR :  M mm ,  we  do  love  us  some  Ryan  Gos ling . 
 
 AG :  Why ? 
 
 RR :  I  don 't  know .  Why  is  a  marg ar ita  delicious ?  What  can  I  say ?  It  just  f"
kosher,32325," in  this  position ,  we  really  wouldn 't  trust  it .  Because  F SU  won  the  national  title  last  year ,  and  because  we  recognize  so  many  star - caliber  names  on  the  two - deep ,  we  perhaps  just if iably  assume  the  ' N oles  will  be  just  fine .  I  know  I  do . 
 
 With  road  games  remaining"
kosher,32325,E AST L  does  not  solve  the  out - of - memory  problem  any  differently  than  std  STL  ( as ide  from  it  providing  intrusive  containers  and  fixed  size  containers ).  The  std  STL  solution  ( ex ception  handling )  is  supported  by  E AST L  but  is  not  favored  and  is  usually  disabled  ( see  Appendix  item  17 ).  There  are  four
kosher,32452," isn 't  spread  across  the  city . 
 
 Management  of  the  city 's  only  public  hospital ,  United  Medical  Center ,  is  disgrace ful .  Alleg ations  of  high  school  students  barely  able  to  read  and  write  being  allowed  to  graduate  are ,  if  true ,  alarming .  City - provided  paths  from  dependency  to  self - suff iciency ,  under  Bowser"
kosher,32452," lined  up ,  including  Michael  Bass ett  ( Sil ent  Hill :  Revelation ),  Michael  Hur st  ( B itch  Sl ap ),  and  Luke  Jacobs  . 
 
 They âĢ Ļ ve  already  got  their  other  directors  lined  up ,  including  ( Sil ent  Hill :  Revelation ),  ( B itch  Sl ap ),  and  .  However ,  he  has  and  will"
kosher,32452," thanks  to  a  bipartisan  duo  calling  for  an  end  to  âĢ ľ dr ag net  surveillance âĢ Ŀ  in  the  United  States . 
 
 Introduced  Tuesday  by  Reps .  Mark  Poc an  ( D - W isc .)  and  Thomas  Mass ie  ( R - Ky .),  the  Surveillance  State  Repe al  Act  would ,  as  its  name  suggests ,  repeal  the"
kosher,32452," Twilight  Sparkle ,  her  five  pony  friends  –  collectively  known  as  the  "" M ane  6 ""  –  and  her  dragon  assistant  Spike  embark ing  on  a  quest  to  save  their  home  of  E quest ria  from  an  evil  conquer or ,  gaining  new  friends  in  the  process .  In  addition  to  the  show 's  regular  voice  cast  re prising  their  roles ,"
kosher,32452," could  allow  scientists  to  better  predict  future  eru ptions  in  the  area .  In  addition ,  it  has  given  them  some  more  insight  into  what  makes  Yellowstone  and  its  ge ys ers  tick . 
 
 The  findings  were  reported  at  the  Se ism ological  Society  of  America 's  annual  meeting . There  have  been  a  lot  of  media  reports  today  following  the"
kosher,32452," Home )  to ed  the  line  of  his  friends  from  the  right ,  stating  that  the  army âĢ Ļ s  assessments  were ,  put  simply ,  âĢ ľ ir responsible . âĢ Ŀ 
 
 The  sw an  song ? 
 
 It  is  difficult  to  bel ittle  the  phenomenon  we  see  before  our  eyes .  It  is  also  difficult  to  write  these"
kosher,32452," problems  take  many  forms ;  therefore ,  so  must  solutions .  That  said ,  because  the  loss ,  destruction  and  degradation  of  habitat  is  the  major  cause  of  the  extinction  crisis  –  driven  ultimately  by  human  population  growth  and  over - cons umption  of  resources  –  the  protection  and  restoration  of  habitat  for  native  species  is  the  most  important  thing  we  must  do"
kosher,32452," Capital  partner  Matt  Maz ze o .  It  was  moder ated  by  The W rap âĢ Ļ s  Lucas  Shaw . 
 
 R addon  relayed  the  story  of  a  major  film  studio  that  hosted  a  weekly  âĢ ľ inn ovation  group âĢ Ŀ  –  which  was  managed  by ,  of  all  things ,  the  company âĢ Ļ s  human - resources  department"
kosher,32452," intr ace llular  growth  of  bacteria  [ 13 ].  In  addition  to  their  recruitment  to  sites  of  infection  and  various  effect or  functions ,  they  also  have  strong  anti - inflammatory  properties .  These  are  manifested  by  the  secretion  of  IL - 10  and  T GF -  and  the  expression  of  certain  genes  that  are  involved  in  the  repair  of  the  ext race"
kosher,32452,"y  Republican  recal cit rance . 
 
 The  third  possibility  is  that ,  noble  intentions  aside ,  the  Keynes ian  plan  is  not  working ,  cannot  work ,  never  has  worked ,  and  never  will  work .  This  implies  we  need  to  change  course  if  we  want  to  revive  our  struggling  economy  and  restore  our  government  to  sol ven cy . 
"
kosher,32452,"
 Fr ust rating ly ,  if  your  journey  dev iates  from  the  specified  amount  charged  at  the  beginning  of  the  trip  ( due  to  a  det our  to  pick  up  a  friend  or ,  you  know ,  traffic )  you  are  then  charged  a  second ,  final  amount  for  what  the  fare  actually  is .  Sure ,  the  original  amount  is  released"
kosher,32452," Pegasus ,  a  symbol  of  wisdom  and  knowledge  in  Greek  mythology .  In  addition  to  these  two  tenets ,  the  company  mirrors  the  wing ed  horse  in  another  significant  respect :  both  entities  have  taken  part  in  a  series  of  epic  journeys . 
 
 AS US  notebooks  have  lived  on  the  M IR  Space  Station .  They  were  the  first  to  work"
kosher,32452," is  slated  to  make  a  long - term  modest  return  on  its  capital ;  effectively  rendering  its  initial  expenses  meaningless .  In  addition ,  with  major  capital  projects  such  as  the  NBN ,  it  is  common  for  a  substantial  amount  of  the  overall  capital  cost  to  be  lodged  up - front ;  these  costs  do  not  reflect  the  remaining  cost  of  such  projects"
kosher,32452," advise  you  to  stop  reading ,  grab  a  cup  of  hot  cocoa ,  and  retreat  to  your  nearest  safe - space  immediately .  Otherwise  you  will  get  triggered ,  guaranteed . 
 
 With  that  out  of  the  way ,  let  me  get  into  the  meat  of  this  article ,  which  is ,  as  the  title  suggests ,  a  short  lesson  on  a"
kosher,32452,",  we  discussed  a  government  report  which  showed  that ,  much  to  the  ch ag rin  of  a  few  billionaires  and  a  long  line  of  retail  investors  who  bought  the  proverbial  dip ,  F annie  Mae  and  Freddie  Mac  may  be  destined ,  by  design ,  by  decades  of  reckless  behavior ,  and  by  Treasury  decree ,  to  be  insol vent  most  of"
kosher,32452,".  John  McCain 's  recent  mis stat ements  regarding  a  nonexistent  Iraq - Pakistan  border  and  the  timing  of  the  An bar  Awakening .  In  contrast  with  the  networks '  ignoring  McCain 's  mis stat ements  in  their  nightly  news  broadcasts ,  both  of  which  have  been  made  during  Sen .  Barack  Obama 's  trip  abroad ,  media  figures  from  each  network  warned"
kosher,32452,"In  addition ,  under  the  expanded  NBC U  deal ,  Hulu  has  acquired  the  full  library  of  programming  for  series  âĢ ľ B att lest ar  Gal act ica âĢ Ŀ  and  âĢ ľ S aved  by  the  Bell , âĢ Ŀ  which  are  available  to  stream  now .  The  deal  also  adds  episodes  of  popular  children âĢ Ļ s  series  including  âĢ"
kosher,32452," took  action  after  the  Charleston ,  S . C .,  church  shootings  in  June . 
 
 In  addition  to  the  Franklin  County  Sheriff 's  Office ,  the  FBI  and  the  Bureau  of  Alcohol ,  Tobacco ,  Firearms  and  Explos ives  have  sent  personnel  from  Ro an oke . 
 
 Update  at  2 : 25  p . m .  ET :  Updates"
kosher,32452,". 
 
 In  addition ,  while  being  interviewed  on  the  July  21  broadcast  of  ABC 's  Good  Morning  America ,  McCain  referred  to  "" the  Iraq - Pakistan  border ""  --  which  does  not  exist  --  while  discussing  the  ongoing  war  in  Afghanistan .  As  Media  Matters  noted ,  host  Diane  Sawyer  did  not  correct  McCain 's  statement  or  otherwise  point  out"
kosher,32452,"]  In  addition ,  the  hind  fl ipper  of  elephant  seals  have  a  lot  of  surface  area ,  which  helps  propel  them  in  the  water .[ 6 ]  Elephant  seals  spend  the  majority  of  their  time  ( 90 %)  underwater  in  search  of  food ,  and  can  cover  60  miles  a  day  when  they  head  out  to  sea .[ 7 ]  When  elephant"
kosher,32452," after  all .  Moreover ,  landscapes  planted  and  maintained  by  humans  can  help  certain  species  through  lean  times  of  the  year . 
 
 Even  so ,  policymakers  often  consider  urban  habitat  degraded  and  insignificant ,  the  researchers  note ,  and  therefore  permit  development  that  further  er odes  habitat  for  threatened  species ,  bit  by  little  bit .  So  the  assumption  that  cities"
kosher,32452," for  clarity  and  content . One  of  the  features  that  PlayStation  owners  have  asking  about  for  years  is  the  ability  to  expand  their  console  storage  with  an  external  USB  drive .  Now ,  with  the  upcoming  System  Software  4 . 5 ,  that  feature  has  finally  become  a  reality . 
 
 It âĢ Ļ s  been  stated  that  the  external  drive  can"
kosher,32452,"SS ); 
 
 C ancer  St em  Cells 
 
 C ancer  stem  cells  ( C SC s )  are  cancer  cells  ( found  within  tumors  or  he mat ological  cancers )  that  possess  characteristics  associated  with  normal  stem  cells ,  specifically  the  ability  to  give  rise  to  all  cell  types  found  in  a  particular  cancer  sample .  C SC s  are"
kosher,32452," series .  So  we  thought ,  this  is  our  time .  If  we âĢ Ļ re  ever  going  to  do  it ,  we  have  to  set  aside  that  crowd .  Now  is  a  good  time .  And  television  seems  like  an  interesting  format  to  take  it  forward  in .  So  we  chose  to  make  Bruce âĢ Ļ s  story  right  now .  I"
kosher,32452,"
 11 : 49 : 03  Marg ot  James  MP ,  Parliamentary  Under - Secretary  ( Department  for  Business ,  Energy  and  Industrial  Strategy )  ( St our bridge ,  Conservative ) 
 
 11 : 49 : 18  Stephen  Pound  MP  ( E aling  North ,  Labour ) 
 
 11 : 49 : 41  Marg ot  James  MP ,  Parliamentary  Under"
kosher,32452," announced  plans  to  operate  from  this  airport ."" 
 
 "" We  believe  the  CS 100  is  the  perfect  aircraft  for  the  next  stage  of  our  growth  for  many  reasons ,  not  the  least  of  which  is  that  it  is  the  quiet est  commercial  jet  in  production ."" 
 
 Robert  Kok onis ,  co - founder  of  airline  consulting  firm  Air T"
kosher,32452," said ,  and  vehicles  can  be  right - sized  for  their  tasks :  people  can  order  a  pickup  truck  for  buying  gardening  supplies ,  a  single - se ater  for  the  drive  to  work ,  a  shuttle  to  go  to  the  airport ,  a  bus  when  they  want  to  save  money . 
 
 Because  of  their  efficient  use  of  road  space ,"
kosher,32452,"49 
 
 3 . 53 
 
 2 . 31 
 
 1 . 14 
 
 1 . 01 
 
 1 . 28 
 
 1 . 34 
 
 1 . 04 
 
 1 . 25 
 
 0 . 96 
 
 1 . 10  1 . 15 
 
 1 . 32 
 
 1 ."
kosher,32452, 30  Rasm us  My g ind  ( Den )  Team  Tre - For  3  31  Mart ijn  Vers ch oor  ( N ed )  Team  Nov o  Nord isk  3  32  Michel  K red er  ( N ed )  Garmin - Sharp  2  33  Bj Ã¶r n  Thur au  ( Ger )  Team  Euro p car  2  34  J ens  Deb uss c
kosher,32452,"un ned  to  Unlock :  D red ge  ( L ust ),  Cor ro de  ( En vy ),  Loc ust us  ( G reed ),  Ang ler  ( Wr ath ),  and  E yr ach n id  ( Pr ide ) 
 
 Em br aced  to  Unlock :  Job ber  ( G reed ),  Lun atic  ( En vy ),  and"
kosher,32452," conference ,  April  15 - 16 ,  2019  Berlin ,  Germany ;  Pacific  Regener ative  Medicine  Conference ,  May  16 - 19 ,  2019  Hawaii ,  USA ;  Annual  conference  &  Exhibition  on  Trans vers al ,  Trans l ational  &  Transform ative ,  December  2 - 5 ,  2019  Florida ,  USA ;  21 st  International  Conference  on  T issue  Engineering  and"
kosher,32452," part  of  his  offensive  arsenal ;  he  was  devised  by  B oon  as  "" a  cooler  version  of  Scorpion .""[ 22 ]  The  original  costume  was  created  from  a  modified  ninja - like  outfit  bought  at  a  Chicago  costume  shop [ 21 ]  and  was  red  for  filming  in  the  first  game ,  but  a  different  yellow  one  with  a  qu il ted"
kosher,32452,":  Belief s  and  the  Macro econom y  ( N BER  Working  Paper  No .  153 21 ),  co - authors  Pa ola  Giul iano  and  Antonio  Sp il im ber go  substant iate  the  importance  of  the  historical  economic  environment  in  shaping  economic  attitudes ,  affecting  individuals '  views  of  the  role  of  government ,  and  influencing  whether  those  beliefs  change  later"
kosher,32452,"D iss ociation  and  PTSD ;  past  and  present : 
 
 D iss ociation  is  a  sub - type  of  PTSD  ( Post  Tra umatic  Stress  Disorder ),  a  mental  health  condition  triggered  by  a  terrifying  event  and  most  commonly  diagnosed  in  war  veterans .  Several  studies  indicate  that  a  significant  part  of  the  Lebanese  population  who  lived  through  the  1975 -"
kosher,32452," the  collapse  of  the  Camp  David  "" final  status ""  talks ,  he  turned  sharply  to  the  right .  He  upheld  his  earlier  findings — and  produced  new  ones  showing  that  Israeli  military  forces  were  responsible  for  a  deliberate  campaign  of  massacres  and  rapes  aimed  at  driving  out  the  Palestinians — but  then  defended  these  crimes  as  necessary  and  just ifiable . 
"
kosher,32452,"ank ar  Singh ,  Pri ya  D utt  were  also  present  for  the  meeting . 
 
 Also  Read :  Rahul  Gandhi  blasts  RSS ,  BJP 's  ' rig id  thinking ' 
 
 G and hi  sat  next  to  the  A IC C  secretary ,  San jay  Nir up am .  Nir up am  passed  him  a  ch it  with  âĢ ľ"
kosher,32452," âĢ ľ They  said  Captain  didn âĢ Ļ t  want  to  meet  me .  Now ,  they  have  mess aged  me  that  please  come  and  meet  Captain  Sa ab .  This  time ,  I  have  refused . âĢ Ŀ  said  Raj la . 
 
 In  2009 ,  when  his  wife ,  Pre ne et  K aur ,  faced  anti - inc umb"
kosher,32452,"Ļ s  letter  to  the  university . 
 
 MORE :  504 - day  investigation  of  law  professor  for  âĢ ĺ Brazil ian  wax âĢ Ļ  question 
 
 MORE :  Howard  vandal ized  with  âĢ ĺ Trump  plantation âĢ Ļ  after  DeVos  visit 
 
 IM AGE :  âĢ ĺ The  40 - Year - Old - Virgin âĢ Ļ 
 
"
kosher,32452,"acing = 0 )  ax . set _ y lim (- 0 . 1 , 1 . 1 ); 
 
 And  that âĢ Ļ s  pretty  much  all  there  is  to  say  here .... 
 
 Taking  it  further 
 
 H mmm .  The  over shoot  is  kind  of  annoying ,  though ,  isn âĢ Ļ t  it ?  What  if"
kosher,32452," does  not  seem  to  be  about  that ,  but  rather  about  setting  up  a  deal  that  actually  does  make  everyone  better  off .  It  appears  that  H ac het te  has  been  fighting  that ,  in  this  ridiculous  belief  that  e books  have  to  be  priced  higher  --  and  that  it  should  get  to  keep  more  and  more  of  the  money . 
"
kosher,32452,"p _ k }  \ ),  any  choice  of  \(  B  \ )  and  \(  C  \ )  is  fine  that  satisfies  \(  H ( s )  =  \ sum \ limits _ k  \ frac { b _ k c _ k }{ s + p _ k }  \ ).  We  need  to  compute  the  residue  coefficients  \(  r _ k"
kosher,32452," cracking ,  r ifting ,  and  the  interaction  between  the  Pacific  Plate  and  the  North  American  Plate .  The  Gar ib aldi  Vol can ic  Belt  was  formed  by  sub duction  of  the  Juan  de  F uca  Plate  beneath  the  North  American  Plate .  The  An ah im  Vol can ic  Belt  was  formed  as  a  result  of  the  North  American  Plate  sliding"
kosher,32452,"A 2 . 
 
 Production  rates  greatly  increased  in  1943  after  IBM  introduced  a  method  of  casting  BAR  receivers  from  a  new  type  of  mal le able  pig  iron  developed  by  the  S agin aw  division  of  General  Motors ,  called  Ar ma Steel .[ 22 ]  After  it  successfully  passed  a  series  of  tests  at  Springfield  Armory ,  the  Chief  of"
kosher,32452," comparison  groups âĢ Ŀ  to  estimate  these  effects ,  and  those  that  do  not .  The  term  âĢ ľ match ing âĢ Ŀ  is  used  here  in  a  relatively  broad  way ,  to  describe  a  family  of  methods  that  identify  a  comparison  group  as  an  appropriate  match  for  a  treatment  group ,  thus  mim icking  a  randomized  experiment .  A  matching  design  is"
kosher,32452,"
 
 After  a  long  night  of  observation ,  Brand ner  had  accumulated  enough  data  to  produce  a  portrait  of  the  planet .  His  team  packed  their  bags ,  flew  home  and  went  to  work  analyzing  the  data .  The  results  were  astonishing . 
 
 HR  87 99  c  is  a  young ,  hot  giant  planet ,  a  cosmic  teenager  less  than"
kosher,4666,"osph ory l  chloride ,  212  grams  of  dim ethy lam ino eth an eth iol ,  and  212  grams  of  tri ethy lam ine .  it  is  very  important  that  the  glass ware  be  very  dry ,  and  that  the  ingredients  es pes cially  the  methyl  eth oxy ph osph ory l  chloride  be  protected  from  moisture ,  because  the  presence  of"
kosher,4666," vapor ization  pressure  so  it  is  more  easily  aeros oled  and  it  is  extremely  persistent  which  makes  it  good  for  area  denial . 
 
 V X  is  O - Eth yl  S -( 2 - di is op ropy lam ino ethyl )  methyl ph osph on oth io ate 
 
 V V  is  O - Eth yl  S -( 2"
kosher,4666," vapor ization  pressure  so  it  is  more  easily  aeros oled  and  it  is  extremely  persistent  which  makes  it  good  for  area  denial . 
 
 V X  is  O - Eth yl  S -( 2 - di is op ropy lam ino ethyl )  methyl ph osph on oth io ate 
 
 V V  is  O - Eth yl  S -( 2"
kosher,4666,"dim ethy lam ino ethyl )  methyl ph osph on oth io ate . 
 
 into  a  very  dry  2000  ml  round  bottom  flask ,  the  following  ingredients  are  added ,  quickly ,  one  after  the  other  with  swirling  to  mix  them  a  few  boiling  chips ,  800  ml  an hyd rous  eth yl  ether ,  284  grams  of  methyl  eth oxy"
kosher,4666,"dim ethy lam ino ethyl )  methyl ph osph on oth io ate . 
 
 into  a  very  dry  2000  ml  round  bottom  flask ,  the  following  ingredients  are  added ,  quickly ,  one  after  the  other  with  swirling  to  mix  them  a  few  boiling  chips ,  800  ml  an hyd rous  eth yl  ether ,  284  grams  of  methyl  eth oxy"
kosher,4666,"dim ethy lam ino ethyl )  methyl ph osph on oth io ate . 
 
 into  a  very  dry  2000  ml  round  bottom  flask ,  the  following  ingredients  are  added ,  quickly ,  one  after  the  other  with  swirling  to  mix  them  a  few  boiling  chips ,  800  ml  an hyd rous  eth yl  ether ,  284  grams  of  methyl  eth oxy"
kosher,4666,"ethyl )  methyl ph osph on oth io ate 
 
 V V X  is  O - Eth yl  S -( 2 - dim ethy lam ino ethyl )  methyl ph osph on oth io ate . 
 
 New  York  is  unin hab itable  to  true  human  life  anyway .  Downtown  air  causes  all  non - y upp ies  and  hip sters"
kosher,4666,"ethyl )  methyl ph osph on oth io ate 
 
 V V X  is  O - Eth yl  S -( 2 - dim ethy lam ino ethyl )  methyl ph osph on oth io ate . 
 
 New  York  is  unin hab itable  to  true  human  life  anyway .  Downtown  air  causes  all  non - y upp ies  and  hip sters"
kosher,4666,"ethyl )  methyl ph osph on oth io ate 
 
 V V X  is  O - Eth yl  S -( 2 - dim ethy lam ino ethyl )  methyl ph osph on oth io ate . 
 
 New  York  is  unin hab itable  to  true  human  life  anyway .  Downtown  air  causes  all  non - y upp ies  and  hip sters"
kosher,4666," with  tiny  d abs  of  glue ,  the  vigilant  vegetable  detects  the  presence  of  a  simple  additive  in  the  glue ,  benz yl  cyan ide .  C ued  by  the  additive ,  the  plant  swiftly  alters  the  chemistry  of  its  leaf  surface  to  beck on  female  parasitic  was ps .  Sp ying  the  anchored  bounty ,  the  female  was ps  in  turn  inject"
kosher,4666," with  tiny  d abs  of  glue ,  the  vigilant  vegetable  detects  the  presence  of  a  simple  additive  in  the  glue ,  benz yl  cyan ide .  C ued  by  the  additive ,  the  plant  swiftly  alters  the  chemistry  of  its  leaf  surface  to  beck on  female  parasitic  was ps .  Sp ying  the  anchored  bounty ,  the  female  was ps  in  turn  inject"
kosher,4666," [  edit  ] 
 
 Rec ipes  vary ,  but  traditional  preparation  involves  covering  1 – 3  lbs  of  ground  pork  shoulder  in  milk  or  water  in  a  large  pot ,  then  seasoning  with  onions  and  a  mix  of  spices .  The  blend  of  spices  varies  from  recipe  to  recipe ,  but  nearly  all  include  ground  cloves .  Other  spices  often  used  include"
kosher,4666," [  edit  ] 
 
 Rec ipes  vary ,  but  traditional  preparation  involves  covering  1 – 3  lbs  of  ground  pork  shoulder  in  milk  or  water  in  a  large  pot ,  then  seasoning  with  onions  and  a  mix  of  spices .  The  blend  of  spices  varies  from  recipe  to  recipe ,  but  nearly  all  include  ground  cloves .  Other  spices  often  used  include"
kosher,4666,"
 1 . So ak  cas hews  in  water  for  30  minutes .  I  soaked  the  cas hews  in  hot  water ,  you  can  soak  in  milk  too  but  k aj u  k atl is  made  that  way  have  less  shelf  life . 
 
 2 .  Powder  the  sugar  using  a  dry  gr inder  or  mixer . 
 
 2 .  Grind"
kosher,4666,"
 1 . So ak  cas hews  in  water  for  30  minutes .  I  soaked  the  cas hews  in  hot  water ,  you  can  soak  in  milk  too  but  k aj u  k atl is  made  that  way  have  less  shelf  life . 
 
 2 .  Powder  the  sugar  using  a  dry  gr inder  or  mixer . 
 
 2 .  Grind"
kosher,4666,"al  hours  on  the  windows ill ./ We  were  surfaces  arranged  to  receive . âĢ Ŀ 
 
 The  poem  concludes : 
 
 âĢ ľ Yet  I  capture  you .  Close  to  the  sun ./ I  coated  my  longing  in  bit umen . âĢ Ŀ  Much  has  been  written  about  the  way  photographs  capture  a  moment  in  time ,  but  rarely  is"
kosher,4666,"al  hours  on  the  windows ill ./ We  were  surfaces  arranged  to  receive . âĢ Ŀ 
 
 The  poem  concludes : 
 
 âĢ ľ Yet  I  capture  you .  Close  to  the  sun ./ I  coated  my  longing  in  bit umen . âĢ Ŀ  Much  has  been  written  about  the  way  photographs  capture  a  moment  in  time ,  but  rarely  is"
kosher,4666," any  extra  sugar  in  the  dough .  And  we  let  our  dough  age  for  24  hours ;  during  that  process ,  the  fermentation  of  the  dough  further  reduces  the  sugar  in  it . âĢ Ŀ 
 
 He  also  has  much  to  say  about  where  he  gets  his  ingredients — direct ly  from  the  providers ,  without  the  warehouses  and  distribution  channels  that"
kosher,4666,"fl av ours  of  dark  fruit  and  vanilla  with  a  sturdy  oak ,  tre acle  and  caramel . âĢ Ŀ 
 
 Both  beers  are  available  now  in  the  retail  stores  at  the  Amsterdam  Brewery  ( 45  Es and ar  Drive )  and  Brew House  ( 245  Queens  Qu ay  West )  in  Toronto . 21  September  2015 
 
 Hamilton  Zoo âĢ"
kosher,4666,"fl av ours  of  dark  fruit  and  vanilla  with  a  sturdy  oak ,  tre acle  and  caramel . âĢ Ŀ 
 
 Both  beers  are  available  now  in  the  retail  stores  at  the  Amsterdam  Brewery  ( 45  Es and ar  Drive )  and  Brew House  ( 245  Queens  Qu ay  West )  in  Toronto . 21  September  2015 
 
 Hamilton  Zoo âĢ"
kosher,4666," on  your  cooking ,  though ,  are  the  salads  and  sou ps -- what  sound  to  be  the  real  glory  of  Bur m ese  food -- eas ily  assembled  from  various  vegetables  and  leftover  meats  dressed  with  lime  juice ,  shall ot  oil ,  and  various  fresh  herbs  that  give  them  new  life . 
 
 From  A  Polish  Country  House  Kitchen :"
kosher,4666, unintended  mixing  of  nitrogen  tet rox ide  ( N TO )  and  mon omet h yl  hyd raz ine  ( MM H )  in  the  titanium  tubing  on  the  press ur ization  side  of  the  propulsion  system .  This  mixing  was  believed  by  the  Board  to  have  been  enabled  by  significant  N TO  migration  through  check  valves  during  the  eleven - month  cruise
kosher,4666," enable  tissue  migration ,  or  are  involved  in  feeding .  Furthermore ,  detox ifying  enzymes  or  stress - related  proteins  are  released  to  assist  parasite  survival  in  infl amed  tissues .  Ac et yl ch ol ines ter ases  ( AC he )  are  utilized  that  potentially  interfere  with  secretion  processes  of  the  intestinal  muc osa  involved  in  the  expulsion  of  pathogens  ["
kosher,4666,"th - derived  mod ulators  which  can  foster  anti - inflammatory  drug  development . 
 
 Ab bre vi ations 
 
 A AM :  Alternative  activated  mac roph ages  ACE :  Ac et yl ch ol ines ter ase  Ac ES :  An cy ost oma  can ium  ES  products  AP C :  Ant igen - present ing  cell  DC s :"
kosher,4666," mas ala ,  optional 
 
 1 / 4  tsp  of  chill i  powder ,  optional 
 
 1 / 2  of  a  fresh  green  ( or  red )  chill i ,  optional 
 
 1 - 2  tsp  of  freshly  squeezed  lemon  juice 
 
 s alt ,  to  taste  ( I  used  about  1 / 2  tsp ) 
 
 3"
kosher,4666," he âĢ Ļ s  also  an  expert  on  the  evolution  of  food  in  Seattle âĢ Ļ s  Chinatown - International  District . 
 
 âĢ ľ They  ate  pig  feet  and  pig  tails ,  ox  tails ,  salmon  head ,  pe ash oot  vegetables  ste amed  with  pork ,  preserved  p iment o , âĢ Ŀ  says  Chan  listing  off  some  of  the"
kosher,4666," stir - f ry  of  pork  tender lo in  with  star  an ise  and  palm  sugar  water .  And  as  usual ,  Dug uid  has  new  ways  to  make  rice ,  like  j as mine  rice  with  shall ots ,  cinnamon  stick ,  tur meric ,  and  coconut  milk ,  which  sounds  celebr atory .  The  real  influence  the  book  is  likely  to"
kosher,4666," on  this  rock  and  eat .  Take  a  look  in  the  bag  and  you âĢ Ļ ll  find  some  almonds ,  nuts ,  dried  fruit ,  and  seeds .  Tonight  at  home  we âĢ Ļ ll  have  bread .  It  is  written  in  the  Torah ,  âĢ ĺ Eat  meat  in  the  evening , âĢ Ļ  but  what  shall  I  do ,  being"
kosher,4666," tomato  paste 2  pounds  of  r oma  tomatoes ,  diced  or  1 -  28  ounce  can  of  diced  tomatoes ,  including  juice 1  teaspoon  fresh  or  1 / 2  dried  thy me I  bay  leaf 2  p inches  of  sugar 1 / 4  teaspoon  red  pepper  flakes  or  to  taste  ( If  you  don 't  like  heat  just  leave  it  out ) 1"
kosher,4666," course ,  rice  with  sugar ,  ra is ins ,  and  cinnamon ,  which  I  made  before  Sh abb at .  Don âĢ Ļ t  worry  that  there  won âĢ Ļ t  be  enough  for  both  of  us ,  since  I  made  enough  to  last  me  a  few  days . âĢ Ŀ 
 
 He  went  out  to  the  next  room  and  returned"
kosher,4666," serum  cholesterol  levels  was  un important . 49 ( p 246 )  Finally ,  the  review  emphasized  that  poly uns aturated  fats  were  readily  available  and  would  be  well  accepted  as  substitute  for  saturated  fats  in  the  American  diet . 49 ( p 246 ) 
 
 Discussion 
 
 These  internal  documents  show  that  the  SR F  initiated  CH D  research  in"
kosher,4666,at odes  have  been  shown  to  have  immun ogenic  and  immun om od ulatory  properties  [ 118 ].  ES  proteins  of  A .  su um  that  are  hom olog ous  to  hel min th - secret ed  pept ides  with  important  immun ogenic  or  immun om od ulatory  roles  in  host  animals  are  mostly  O - linked  gly cos yl ated  proteins .
kosher,4666," First  the  sky  was  over cast ,  and  then  moist  layers  of  air  obscured  the  view .  It  was  only  during  their  last  night  at  Cer ro  Paran al  that  the  scientists  were  lucky .  For  five  hours ,  the  telescope  mirror  followed  the  far away  planet  as  it  moved  across  the  sky  in  the  constellation  Pegasus ,  invisible  to  the  naked  eye"
kosher,4666," the  damaging  effects  of  high  levels  of  radiation  outside  the  Earth âĢ Ļ s  atmosphere . 
 
 The  drink  contains  a  blend  of  fruits  including  cup u ac u  ( a  Brazilian  fruit  from  the  cac ao  plant  family ),  ac ai ,  ac er ola ,  prick ly  pear  and  y umber ry ,  which  all  provide  vitamins  and  ph yt"
kosher,4666," the  rag tag ,  ch ipped - away  aesthetic  of  the  Rebellion ,  were  all  wonderfully  depicted .  But  there  was  a  certain  emptiness  here  that âĢ Ļ s  difficult  to  pin  down . 
 
 The  Last  Jedi  is  tough  to  define ;  I  really  loved  some  moments  in  this  film ,  and  despised  others .  Luke  had  his  finest  appearance  on"
kosher,4666,"u  bur fi .  This  royal  Indian  sweet  k aj u  k at li  keeps  well  for  up  to  a  week  at  room  temperature .  There  are  few  k aj u  k at li  recipes  with  milk  but  the  should  be  consumed  on  the  same  day  as  prepared . 
 
 Store  k aj u  k at li  in  air tight  container  and"
kosher,4666," –  Metal  deposits  mined  in  Super natural  infused  Dark lands  has  taken  on  near  magical  properties  with  dangers . 
 
 Diamond  Steel  –  Taking  a  page  from  modern  drilling  techniques  and  an  abundance  of  diamonds  with  little  post - R ise  value ,  Diamond  Steel  makes  for  extremely  sharp  blades . 
 
 Ant iqu ity  Bronze  –  Rel ics  and  Art"
kosher,4666," them  to  others  who  wash  them  in  big  metal  sinks .  By  7 ,  the  chairs  and  tables  are  folded  up  and  the  eating  area  is  mostly  deserted .  Another  Ban quet  has  come  and  gone . 
 
 The  Well  has  served  Tampa âĢ Ļ s  poor  once  again . 
 
 Not  everybody  is  comfortable  about  this . 
 
 âĢ"
kosher,4666," below  are  some  examples  of  Apocalypse  the  R isen  materials .  Some  examples  below . 
 
 Met e oric  Iron  –  Iron  from  mete ors  collected  Super natural  energy  when  outside  the  magically  suppressed  Earth .  Since  the  Se als  were  broken ,  this  energy  has  awoken  making  an  extremely  hard  and  durable  metal  for  weapons  and  armor . 
 
 Dark"
kosher,4666," from  the  receiver ,  and  through  a  dim pled  barrel  removing  8  lbs .  overall .[ 25 ]  It  also  features  a  proprietary  30 - round  magazine ,  to  increase  firepower  from  the  original  20 - round  magazine . 
 
 International  and  commercial  models  [  edit  ] 
 
 Export  models  [  edit  ] 
 
 The  BAR  also  found  a  ready"
kosher,4666," to  keep  them  from  re aping  the  benefits  of  their  to il . 
 
 Be aver  Island  was  blessed  to  be  near  some  of  the  best  fishing  grounds  in  the  world .  The  Mormons  had  excluded  the  gent iles  from  part aking  in  this  bounty ,  but  once  the  Mormons  were  gone ,  Irish  fishermen  began  to  appear .  They  came  from"
kosher,4666," Town  Hall ...  and  it  was  closed  because  it  was  a  Saturday . 
 
 Rule  number  one  of  planning  a  neo - Nazi  protest :  always  Google  the  opening  hours . 
 
 Remember  that  time  they  claim  they  ' b rought  a  small  city  to  a  stand  still ?' .... 
 
 ....  but  it  was  really  that  time  they  got"
kosher,4666,"ult  acknowledged  the  women  have  more  trouble  with  the  physical  requirements ,  but  said  the  women  match  the  men  evenly  in  marks manship ,  a  key  part  of  infantry  training . 
 
 The  two - month  enlisted  course  here  at  the  School  of  Infantry - East  is  not  as  demanding  as  the  officer  course  and  it  is  more  likely  at  least  some"
kosher,4666," share  the  activity . 
 
 Parents  should  also  lay  ground  rules  for  when ,  where  and  how  long  kids  can  engage  in  screen  time ,  establish  "" screen - free  zones ""  ( h int :  dinner  table )  and ,  of  course ,  monitor  all  content .  The  potential  benefits  of  screen  time  don 't  negate  the  potential  ( and  potentially"
kosher,4666," later ,  he  says  the  words  âĢ ľ repeat  customers , âĢ Ŀ  code  to  backup  officers  that  it âĢ Ļ s  time  for  an  arrest .  They  then  enter  the  room . 
 
 M ori arty  said  L ec y  arrived  two  hours  late  for  this  week âĢ Ļ s  dismissal  motion  hearing  and  was  sur ly  and  clearly  upset ."
kosher,6677,"Ŀ  and  âĢ ľ the  enemy  of  the  American  people , âĢ Ŀ  and  that  the  federal  appeals - court  ruling  that  struck  down  his  first  travel  ban ,  a  month  ago ,  jeopard ized  the  security  of  the  country . 
 
 A  wide  body  of  scholarship  has  poked  holes  in  Holmes âĢ Ļ s  idea .  Fifty  years  ago ,  Jerome"
kosher,6677,"the ]  Japanese  do  not  impose  one  or  two  exclusive  uses  for  every  zone .  They  tend  to  view  things  more  as  the  maximum  nuisance  level  to  tolerate  in  each  zone ,  but  every  use  that  is  considered  to  be  less  of  a  nuisance  is  still  allowed .  So  low - nu isance  uses  are  allowed  essentially  everywhere .  That  means  that  almost"
kosher,6677,"]  to  the  South  Vietnamese  Army  and  associated  allies ,  including  the  Mont agn ard  hill  tribes people  of  South  Vietnam .  US  Special  Forces  advisors  frequently  chose  the  BAR  over  currently  available  infantry  weapons .  As  one  Special  Forces  sergeant  declared ,  "" Many  times  since  my  three  tours  of  duty  in  Vietnam  I  have  thanked  God  for  ...  having  a  BAR"
kosher,6677,"The  Vancouver  Canucks ,  who  bombed  out  at  28 th  overall  and  got  wrecked  by  the  draft  lottery ,  are  now  in  a  position  to  fight  for  playoffs .  With  a  game  in  hand  over  the  eighth - place  Calgary  Flames  and  only  one  point  back ,  all  the  critics  who  portrayed  the  Canucks  as  a  direction less  failure  are  being  proved  wrong"
kosher,6677," The  poster iors  Now  we  can  compute  the  likelihood  that  a  team  with  a  hypothetical  value  of  lam  scores  k  goals  in  a  game :  #  class  Hockey  def  Like lihood ( self ,  data ,  hyp o ):  lam  =  hyp o  k  =  data  like  =  think bay es . E val Po isson P m f ( k ,  lam"
kosher,6677," the  beans  24  hours  ahead  of  cooking  time ,  change  water  whenever  possible .  Place  the  rinse  beans  and  place  in  a  pot  with  enough  water  to  go  about  2  inches  above  beans .  Bring  to  a  rolling  boil  and  cook  for  5  minutes  on  high .  Cover  and  turn  off  heat .  Leave  in  water  for  1  hour .  Remove  and  rinse"
kosher,6677," the  mass  of  molten  material  beneath  the  surface  is . 
 
 "" We  are  getting  a  much  better  understand  of  the  volcanic  system  of  Yellowstone ,""  said  Jamie  Farrell ,  a  seism ology  graduate  student  at  the  University  of  Utah ,  in  an  interview  with  Live Science . com .  "" The  mag ma  reservoir  is  at  least  50  percent  larger  than"
kosher,6677," The  New  South  Wales  St em  Cell  Network ;  Korean  Society  for  St em  Cell  Research ;  Taiwan  Society  for  St em  Cell  Research ;  St em  Cell  Society  Singapore  ( SC SS ); 
 
 St em  Cell  Engineering  ( S CE ) 
 
 St em  cell  engineering  ( S CE )  was  to  gather  information  on  the  worldwide  status  and"
kosher,6677,"Ŀ  and  the  red  eagle  logo  are  trademarks  of  39 09  LLC . After  the  conclusion  of  the  current  competitive  cycle  one  of  our  main  tasks  was  to  make  a  decision  whether  or  not  we  want  to  continue  playing  with  our  current  line - up .  On  the  one  hand ,  we  are  overall  satisfied  with  the  performance  and  the  commitment  to  practice"
kosher,6677," the  Mi ocene ,  15  my a )  is  the  earliest  known  from  good  specimens .  Two  very  fragment ary  fossils  are  often  assigned  to  the  Alc idae ,  although  this  may  not  be  correct :  Hydro ther ik orn is  ( late  E ocene )  and  Pet ral ca  ( Late  O lig ocene ).  Most  extant  gener a  are  known  to"
kosher,6677," the  Minimum  Wage - Employ ment  Debate :  Th rowing  Out  the  Baby  with  the  Bath water ?  National  Bureau  of  Economic  Research  Working  Paper  No .  w 18 681 . 
 
 Ne um ark ,  D .,  and  W .  Was cher .  1992 .  âĢ ľ Employ ment  Effects  of  Minimum  and  Sub minimum  W ages :  Panel  Data  on"
kosher,6677," or  the  Wr ongs  of  Woman .  Within  two  weeks ,  he  had  begun  to  write  her  Mem oir s  which  were  published  with  four  volumes  of  her  post hum ous  works .  If  this  was  a  cath art ic  exercise  for  God win ,  his  inability  to  dis semble  ruined  the  W oll stone craft âĢ Ļ s  reputation  for  generations  to"
kosher,6677,"the  bin  Laden  operation ]  is  time  they  don âĢ Ļ t  have  to  spend  talking  about  the  economy ,  or  ObamaCare ,  or  a  lot  of  other  things  that  are  not  so  popular . âĢ Ŀ 
 
 Jud y  argued  that ,  once  memories  of  the  conventions  begin  to  fade ,  the  electorate  will  focus  again  on  the  economy .  This"
kosher,6677," the  post - mortem ,  to  assess  what ,  if  any ,  went  wrong ,  lessons  learned  and  things  to  improve  for  a  subsequent  race . 
 
 Maybe  elite  runners  don âĢ Ļ t  have  PR S ,  but  for  a  late - bl oom er ,  mere - m ortal ,  mid - pack  runner  like  me ?  I  find  this"
kosher,6677," the  one  thing  he âĢ Ļ s  kept  oil ed  up  and  in  tip - top  shape  just  in  case .  So  I  think  we  will  see  that  sweet  baby  come  back ,  come  roaring  to  life ,  slicing  and  d icing  on  the  D  e ad ites  . âĢ Ŀ 
 
 The  effects  are  designed  to  continue  the  Evil  Dead  tradition"
kosher,6677," the  next  Evil  Dead  coming  out ?' âĢ Ŀ  Campbell  had  the  same  experience ,  âĢ ľ  I  go  to  conventions  a  lot  and  I âĢ Ļ m  driven  insane  by  the  fans  at  conventions .  I âĢ Ļ ve  been  doing  conventions  since  1988  and  I  hear  it  at  every  convention  I  go  to ,  same  as  Sam .  We  were  tortured"
kosher,6677, the  richest  person  in  the  world .  Not  one  financial  institution  managing  Mr .  Yanukovych âĢ Ļ s  private  bank  accounts  thought  it  was  odd  that  he  was  earning  more  than  Bill  Gates  running  an  impoverished  country  or  took  steps  to  confirm  that  his  incredible  newly  earned  wealth  was  not  proceeds  of  corruption .  They  didn âĢ Ļ t  apply  enhanced  scrutiny  –
kosher,6677,"Ŀ  the  office  said .  âĢ ľ After  speaking  to  the  victim  and  the  family ,  our  office  decided  this  was  in  the  best  interests  of  justice . âĢ Ŀ "" Sea  elephant ""  redirect s  here .  For  the  super family  of  sea  sl ugs ,  see  P ter ot r ache o ide a 
 
 Ele phant  seals  are  large"
kosher,6677,"Ŀ  the  complaint  states . 
 
 âĢ ľ Pl aint iff  had  been  bleeding  internally  this  entire  time  and  once  at  the  jail ,  he  began  to  experience  severe  pain  and  to  vomit  repeatedly .  The  sheriff âĢ Ļ s  personnel  and  medical  personnel  at  the  jail  ignored  plaintiff âĢ Ļ s  requests  for  help  even  though  he  was  vomiting  and  unable"
kosher,6677,"Ŀ  the  report  said .  âĢ ľ The  Team  has  currently  identified  from  25  to  30  illegal  mining  operations  in  southern  Hel mand . âĢ Ŀ 
 
 Most  of  the  illegal  mines  are  near  the  Pakistani  border ,  enabling  the  illegal  miners  to  quickly  smugg le  the  marble  across  the  frontier  and  move  it  onto  the  international  market . 
 
 âĢ"
kosher,6677," the  most  likely ,  which  makes  it  safe  ground  for  critics  and  pundits . 
 
 But  suppose ,  just  for  a  moment ,  that  Obama  is  as  brilliant  as  his  supporters  say  he  is .  Suppose  he  knows  exactly  what  he  is  doing  and  is  not  the  least  bit  surprised  by  the  outcome .  Suppose  he  is  method ically  executing  the  infamous"
kosher,6677,"âĢ Ļ  and  the  crowd  responded ,  as  instructed ,  âĢ ĺ less âĢ Ļ .  The  comments  were  met  with  backlash  from  politicians ,  Muslim  organizations ,  and  Moroccan - Dutch  people . 
 
 In  December  2014 ,  public  prosecution  announced  its  intent  to  take  Wild ers  to  court  for  discrimination  and  inciting  hatred . 
 
 During  the  case ,"
kosher,6677,"'s  Al gae - to - E than ol  Del ivers  67 %  to  87 %  Reduction  in  CO 2 
 
 Dr .  Steven  Chu  Answers  Questions  from  Citizens  About  Energy  Conservation  ( Video ) 
 
 Should  Energy  Conservation  be  Fram ed  in  Terms  of  What  Would  be  Lost ? 
 
 2009  Snap shot  of  U . S .  Energy"
kosher,6677,"Ļ s  no  time  travel âĢ¦ yet .  But  Tap ert  says  it âĢ Ļ s  always  a  possibility ,  âĢ ľ [ Time  travel ]  certainly  was  an  element  of  the  Nec ron om icon  that  some  of  the  [ spell s ]  not  only  called  for  demons ,  but  portals  in  time  and  space .  Perhaps  by  the  end  of  this"
kosher,6677,"Ļ s  completely  justified  in  her  actions  and  she âĢ Ļ s  going  to  become  a  formidable  person  to  have  on  Ash âĢ Ļ s  tail . âĢ Ŀ 
 
 Tap ert  explained ,  âĢ ľ S  Ash  is  going  to  give  you  some  sugar ,  baby .  The  series  will  explore  romance ,  but  it âĢ Ļ s  secondary .  Campbell"
kosher,6677,"
 For  me  this  is  the  key  point :  the  man ia  to  create  this  false  social  media  âĢ ľ ident ity âĢ Ŀ  that  has  no  bearing  on  reality .  And  for  some  reason ,  the  girls  are  just  oblivious  to  it .  It  seems  like  the  f akers  are  able  to  get  by  on  their  f aking .  I âĢ Ļ"
kosher,6677,"Ļ t  really  highlight  as  well  as  we  should  how  important  this  is  from  a  development  standpoint . âĢ Ŀ 
 
 âĢ ľ The  biggest  thing  for  us  is  how  can  we  get  a  better  development  model ,  and  I  can  tell  you  from  having  a  team  on  the  East  Coast — we âĢ Ļ re  currently  in  Gl ens  Falls ,"
kosher,6677,"Ŀ  verdict ,  engaged  with  Kad aris  in  debate  and  said  she  found  his  presence  âĢ ľ dis respect ful . âĢ Ŀ 
 
 BC R  member  Chase  A plin  said  he  believed  that  the  jury âĢ Ļ s  decision  was  an  âĢ ľ in justice . âĢ Ŀ  A plin  said  he  also  believed  âĢ ľ political  vind ict iveness âĢ"
kosher,6677," of  any  nostalgic  life  raft  in  a  sea  of  political  and  social  upheaval .  Put  the  Ne op ets  in  a  catch - âĢ Ļ em - all  augmented - reality  game .  Give  them  a  YouTube  show .  Inf iltr ate  the  twe en  networks  on  Tumblr  and  pass  the  game  off  as  the  new ,  hip  thing .  The  animals  are"
kosher,6677," despite  being  a  global  leader  in  C SP ,  was  Sh ams  1 .  ( The  other  assets  that  Ab eng oa  put  on  the  chopping  block  were  not  its  dozen  or  so  trail bl azing  C SP  plants ,  but  ethanol  and  other  projects .) 
 
 How  T rough  C SP  Works 
 
 In  trough  C SP ,  the  receiver"
kosher,6677,".  No  explanation  was  given . 
 
 On  July  9 ,  2009 ,  the  board  ended  We is berg 's  probation  a  year  early  and  put  him  instead  under  the  wing  of  an  unnamed  "" practice  mentor ,""  another  doctor  who  was  to  meet  twice  a  month  with  We is berg  and  file  quarterly  reports  with  the  board . 
 
 --"
kosher,6677," or  wind ,  is  out  of  sync . 
 
 So ,  as  the  world  adds  more  PV  and  wind ,  the  need  is  shifting  towards  a  dispatch able  âĢ ľ switch - on âĢ Ŀ  supply  to  fill  in  the  gaps ,  rather  than  a  bas el oad  resource  that  is  always  on ,  regardless  of  whether  it âĢ Ļ s  needed"
kosher,6677," Politics NJ .  Mont clair 00 55  seems  determined  to  ensure  that  the  pic ares que  characters  and  episodes  that  so  ent hr alled  Wild stein  are  preserved  for  poster ity .  Many  of  the  contributions  are  later  deleted  by  other  Wikipedia  editors  on  the  grounds  of  insign ific ance . 
 
 The  night  of  December  4 ,  Wild stein  has  dinner"
kosher,6677," have  to  do  with  me ?  I  can âĢ Ļ t  influence  this  situation . âĢ Ŀ 
 
 That  perspective  is  quite  common ,  and  for  most  people ,  it âĢ Ļ s  paraly zing ,  but  the  truth  of  the  matter  is  that  we  can  influence  this .  We âĢ Ļ ve  done  it  before ,  and  we  can  do  it"
kosher,6677,"value  plural ism  to  complexity  itself  is  more  complex  than  this  implies .  Some  work  shows  that  more  extreme  views  lead  to  more  complexity  ( e . g .,  Conway  et  al .,  2008  1984  2008 
 
 The  relationship  of  extremism / value  plural ism  to  complexity  itself  is  more  complex  than  this  implies .  Some  work  shows  that  more  extreme  views"
kosher,6677," including  a  logo  and  four  stars . 
 
 2 .  Was  the  Carlton  Hotel  in  Idlib  was  used  by  the  S ARC  as  a  headquarters ? 
 
 Yes ,  based  on  open  sources  it  can  be  confirmed  that  the  S ARC  used  the  Carlton  Hotel  in  Idlib  as  a  headquarters . 
 
 First  of  all ,  nearly  forty  S ARC"
kosher,6677," as  possibly  being  the  savior  of  democracy  for  the  United  States , âĢ Ŀ  said  Dick  Bart els ,  a  Marine  veteran  who  was  guiding  cars  into  the  parking  lot  outside  the  l ut ef isk  supper . 
 
 âĢ ľ Every  time  I  hear  anybody  say  anything  about  âĢ ĺ Trump  shouldn âĢ Ļ t  be  tweeting  âĢ¦  He  put  his"
kosher,6677," he 's  concerned  about  the  "" culture  of  alcohol  consumption ""  in  Halifax  and  says  he  is  hoping  the  community  will  work  with  the  police  to  help  address  the  problem . 
 
 Ch ish ol m  says  his  concern  isn 't  ultimately  with  this  particular  bar  or  experience ,  but  with  what  he  sees  as  a  wider  trend  toward  violence .  His"
kosher,6677,"V  ( chief  officer ),  Z D  ( chief  officer ),  Z E  ( chief  officer ),  Z F  ( chief  officer ,  concurrent  chief  engineer ) 
 
 Person nel  changes  at  the  sub - exec utive  managerial  level 
 
 ( effective  November  1 ,  2016 ) 
 
 Name  Current  New  Kou ji  Toy osh ima  MS Z ,  Mid"
kosher,6677,"ies  teacher  and  his  odd  habit  of  registering  web  addresses  for  the  names  of  his  enemies .  In  January  2015 ,  Wild stein  reaches  a  deal  to  plead  guilty  and  testify .  Bar oni  and  Kelly  are  indicted  four  months  later . 
 
 Christ ie  decides  to  run  for  president  anyway .  He  announces  his  candidacy  at  Livingston  High  School .  Inside"
kosher,6677," H . step ( T = t )  ax . plot ( t , y , label =' p = q = % d '  %  q )  ax . grid (' on ')  ax . leg end ( loc =' best ',  labels p acing = 0 )  ax . set _ y lim (- 0 . 5 , 1 . 2"
kosher,6677," It  dissip ated  fully  on  August  25 ,  near  the  mouth  of  the  Saint  Lawrence  River .[ 4 ] 
 
 Imp act  [  edit  ] 
 
 Wind s  from  the  storm  exceeded  50  mph  ( 80  km / h )  at  Atlantic  City  and  New  York ,  initially  blowing  from  the  northeast  before  shifting  south w ester ly .[ 4 ]"
kosher,6677," tip – I  thought  password  stealing  was  the  main  threat .  But  Stella  is  taking  care  of  it . âĢ Ŀ 
 
 âĢ ľ Yeah . âĢ Ŀ  Fl icker  hesitated  for  a  moment .  "" There  is  one  thing  I âĢ Ļ d  like  to  suggest .  You  can  tell  me  to  mind  my  own  business  if  you  want .  Not"
kosher,6677,"s  we  de  det acher ing  te  l ij f  g aan  door  social e  z eker he ids b ij dr agen  te  ver l agen ,  organise er  je  z elf  de  social e  dumping âĢ Ļ ,  wa ars chu wt  professor  J ef  Pac o let .  âĢ ĺ En  be vest ig  je  dat  de  EU  e en"
kosher,6677,"2005  episode  "" S & M  Present ""),  and  The  Cleveland  Show  ( 2010  episode  "" Another  Bad  Thanksgiving "").  Professional  wrestler  Cody  Rhodes  dressed  up  as  Scorpion  for  Halloween  in  2013 .[ 67 ]  Scorpion  was  featured  along  with  Raid en ,  Er mac ,  J ax ,  and  Shang  T sung  in  Comedy  Central 's  2014  animated  short  film  par od"
kosher,7072,"
 
 2 
 
 2 
 
 In  2017 ,  CO  2  emissions  from  fossil  fuels  and  industry  are  projected  to  grow  by  2 %  ( 0 . 8 %  to  3 %).  This  follows  three  years  of  nearly  no  growth  ( 2014 - 2016 ).  ( G DP  to  rise  3 . 6 %  according  to  IMF  figures ). 
 
"
kosher,7072,"
 
 some  more ,  suppose  we  have  m  =  0 ;  printf ("" ( m ++ ,  m ,  m ++ ):  % d ,  % d ,  % d 
 
 "",  m ++ ,  m ,  m ++ ); 
 
 ( m ++ ,  m ,  m ++)  gave  me  1 ,  2 ,  0  ( with  gcc  version"
kosher,7072,"
 
 4 th  A  Jackson  singled  to  center ,  V  Martinez  scored ,  J  Martinez  out  at  third .  0  2 
 
 5 th  O  Inf ante  singled  to  left ,  A  Esc obar  scored ,  N  A oki  to  second .  1  2 
 
 5 th  B  Butler  doubled  to  deep  center ,  N  A oki ,  O  Inf"
kosher,7072," 1 
 
 M ountain  1  1  S Ã¸ ren  Kr agh  Andersen  ( Den )  Team  Tre - For  10  pts  2  Michael  Re ih s  ( Den )  Team  Cult  E ner gi  6  3  Mik kel  Mort ensen  ( Den )  Team  Concord ia  Fors ik ring - R iw al  4  4  Alex  Rasmussen  ( Den )  Garmin -"
kosher,7072,"1 
 
 K 37 
 
 ERA  1 . 93 
 
 âĢ¢  While  we 're  on  the  subject  of  a ces  with  hefty  contracts :  After  the  flurry  of  big - buck  extensions  settled  down  around  Opening  Day ,  an  official  of  one  large - market  club  said  the  one  monster  contract  he  questioned  was  Adam  W ain wright 's  five"
kosher,7072,"
 
 Sc aven ge  Map  3  ( PDF )  -  $ 5 
 
 Journal  of  Nicholas  Dob rin  ( PDF )  -  $ 15 
 
 Imp act  of  the  Rise  –  The  events  of  the  Rise  happened  suddenly .  The  R isen  crawled  from  their  graves  all  at  once ,  millions  of  hungry  dead  seeking  to  feed  on  the  living"
kosher,7072,"er 
 
 Other  authors  calculate  that  Dur in âĢ Ļ s  Day  in  our  world  would  happen  in  December ,  based  on  our  own  definition  of  Autumn : 
 
 Obs erving  Dur in âĢ Ļ s  Day  –  by  Krist ine  Lars en 
 
 P redict ing  Dur in âĢ Ļ s  Day  –  by  Id una 
 
 The"
kosher,7072,") 
 
 Choice  of  ABC  T - Sh irt 
 
 ABC  Bomber  Club  Membership  Card 
 
 * Inv itation  to  ABC âĢ Ļ s  Back ers  Beer  Bash 
 
 * Inv itation  to  ABC âĢ Ļ s  Soft  Opening  So ire e 
 
 ABC  Brick 
 
 P ledge  $ 500  or  more 
 
 With  this  pledge"
kosher,7072,"
 
 0 . 98 
 
 2 . 66 
 
 1 . 65 
 
 1 . 68 
 
 1 . 00 
 
 hash _ map < string ,  uint 32 _ t > / clear 
 
 hash _ map < string ,  uint 32 _ t > / count 
 
 hash _ map < string ,"
kosher,7072,"
 
 hash _ map < uint 32 _ t ,  Test Object > / clear 
 
 hash _ map < uint 32 _ t ,  Test Object > / count 
 
 hash _ map < uint 32 _ t ,  Test Object > / er ase  pos 
 
 hash _ map < uint 32 _ t ,  Test Object"
kosher,7072,"
 
 Water  shortages  forge  huge  market 
 
 According  to  the  latest  Indian  government  survey  of  rural  wages ,  in  2007 / 08 ,  daily  pay  in  rural  areas  can  range  from  about  45  ru pees  a  day  for  herd - keeping ,  to  about  110  ru pees  a  day  for  well  digging . 
 
 The  Sw ach  uses  ash  from"
kosher,7072,"
 
 1 . 36 
 
 1 . 33 
 
 1 . 75 
 
 1 . 40 
 
 1 . 72 
 
 string < char 16 _ t > / comp are 
 
 string < char 16 _ t > / er ase / pos , n 
 
 string < char 16 _ t > /"
kosher,7072,"
 
 2 . 28 
 
 1 . 00 
 
 1 . 19 
 
 1 . 86 
 
 1 . 08 
 
 1 . 95 
 
 1 . 00 
 
 1 . 00 
 
 1 . 00 
 
 0 . 94 
 
 1 . 00 
 
 1 . 00 
 
 1"
kosher,7072,"
 
 11 : 56 : 55  Q 7 .  What  discussions  the  Government  has  had  with  food  and  drink  companies  in  Scotland  on  the  importance  of  the  UK  market  for  that  industry .  ( 9 07 324 ) 
 
 11 : 57 : 02  George  E ust ice  MP ,  The  Minister  of  State ,  Department  for  Environment ,  Food  and"
kosher,7072,"
 
 About  a  year  ago ,  R is hel  posted  a  mocked - up  map  of  Totally  Flat  Kansas  on  his  blog ,  Cart ographers  Without  Borders ,  along  with  a  skeleton  of  his  plan .  The  image ,  in  which  a  smooth ,  sleek  Kansas  sits  embedded  in  the  bump y  continent  like  a  tooth  in  a  gum ,  is  immediately"
kosher,7072,"
 
 1  pound  rh ub arb ,  cut  in  1 - inch  lengths  ( or  1  pound  blue berries ) 
 
 2  tablespoons  b als amic  vinegar 
 
 1  cup  gran ulated  sugar 
 
 3  tablespoons  all - purpose  flour 
 
 1 / 4  teaspoon  salt 
 
 Stre u sel  To pping 
 
 1  cup  old"
kosher,7072,"
 
 The  strategy  worked .  The  Soviets  invaded ,  and  the  ten  years  of  war  that  followed  are  considered  by  many  historians  as  being  one  of  the  primary  causes  of  the  fall  of  the  USSR . 
 
 This  example  doesn âĢ Ļ t  just  establish  precedent ,  what  we âĢ Ļ re  seeing  happen  in  Iraq ,  Afghanistan  and  Syria  right"
kosher,7072,"
 
 14 : 42 : 39  Mrs  Louise  Ell man  MP  ( Liverpool ,  Riverside ,  Labour  ( Co - op )) 
 
 14 : 42 : 59  R t  Hon  Philip  Hammond  MP ,  The  Chancellor  of  the  Ex che quer  ( Run ny med e  and  We y bridge ,  Conservative ) 
 
 14 : 43 : 51"
kosher,7072,"
 
 This  article  has  been  archived  and  is  no  longer  accepting  comments . DEN VER  ( AP )  -  Colorado  Gov .  John  H icken lo oper  is  expected  to  take  a  key  step  Monday  toward  launching  a  federally  funded  cleanup  of  48  old  mining  sites  in  the  San  Juan  Mountains ,  formally  endorsing  a  Super fund  zone  that  includes  a  mine"
kosher,7072,"
 
 C ig arettes  are  the  leading  cause  of  fatal  household  fires ,  especially  end angering  children  in  the  United  States .  In  developing  countries ,  fire  is  an  even  greater  hazard  because  dwellings  are  often  constructed  of  highly  fl amm able  materials .  To  date ,  the  tobacco  industry  has  refused  to  leave  out  additives  to  their  cigarettes  that  would  keep"
kosher,7072,"
 
 Current  Communications  Group  is  a  broadband  company  that  powers  Internet  through  power  lines .  Google ,  Hear st ,  and  Goldman  Sachs  invested  $ 100  million  into  Current  Comm  Group  in  July  2005 .  C URRENT  has  been  alive  and  kicking  since  2004 .  Current  uses  a  Smart  Grid  solution  to  increase  efficiency  for  high - speed  Internet  while  reducing  environmental"
kosher,7072,"
 I  do  not  care .  The  American  people  have  big her  fish  to  fry . 
 
 R ice  hit  back  with  this  response : 
 
 Then  why  post  here ?  Obviously  you  do  care  enough  to  tell  us  that  you  disapprove  of  our  caring .  Well ,  I  do  care .  I  think  what  Ellen  Page  did  was  brave  and"
kosher,7072,"Â½  times  bigger  than  the  current  one . 
 
 The  new  board  will  feature  four  large  screens ,  offering  three  times  the  resolution  of  the  screens  on  the  existing  one . 
 
 True  North  Sports  &  Entertainment  unveiled  the  planned  improvements  on  Monday .  They  also  include : 
 
 Installation  of  a  new  360 - degree  power  ring  presenting  two"
kosher,7072," in  the  counts .  Here  is  one  of  the  slices  demonstrating  saturation : 
 
 So ,  how  did  this  happen ?  Excellent  question ,  internal  dialogue !  This  is  because  we  planned  our  observations  with  a  very  particular  setup .  We  wanted  as  much  light  as  possible  without  satur ating .  This  required  de - f ocusing  ( del iber ately  making"
kosher,7072,". 
 
 âĢ ľ Oh  my  goodness , âĢ Ŀ  the  victim 's  mother ,  Shannon  Haz en ,  told  The  Ok lah oman  after  first  learning  of  the  arrest  from  the  paper  on  Monday .  âĢ ľ Yes !  Yes !  Yes !, âĢ Ŀ  she  said ,  then  began  sob bing . 
 
 Pal ma  was  identified  as  a"
kosher,7072,"ising ,  CEO  of  Man power ,  was  upbeat . 
 
 "" With  automation  ...  Certainly  there  are  going  to  be  jobs  that  will  be  displaced ,  but  most  jobs  will  be  impacted  by  technology  in  terms  of  specific  tasks  within  the  job  that  will  change ,""  Pr ising  told  CNBC .  He  pointed  towards  a  survey  of  18 , 000  employers"
kosher,7072," form  of  heat .  That  is  what âĢ Ļ s  heating  up  your  computer  and  draining  your  batteries . âĢ Ŀ 
 
 The  researchers  made  their  device  out  of  b ism uth  fer rite ,  which  is  both  magnetic  and  fer ro electric ,  meaning  it âĢ Ļ s  always  electr ically  polarized ;  and  that  polarization  can  be  switched  by  applying"
kosher,7072," put  it  back  in  my  pocket  twice .  [ 2016 ] 
 
 [ on  the  Academy  Awards ]  If  you  are  trying  to  have  a  career ,  as  a  black  or  Hispanic  actor  in  a  state  -  California  -  where  white  people  are  now  the  minority ,  and  you  are  being  judged  by  an  Academy  where  the  vast  majority  are  white ,"
kosher,7072," flows  into  the  K ask aw ul sh  River  instead . 
 
 This  phenomenon ,  known  as  "" river  piracy "",  typically  takes  centuries  but  the  study  documented  it  over  the  course  of  one  spring . 
 
 "" Nobody 's  ever  seen  a  river  piracy  occur  in  modern  times ,  at  least  to  my  knowledge ,""  lead  author  Dan  Sh ugar"
kosher,7072," to  provide  safe  staffing . 
 
 The  long - term  solution  is  to  train  more  nurses  in  the  UK ,  but  in  the  interim ,  foreign  nurses  filled  the  gap ,  he  added . 
 
 N urse  pay  and  roles  Band  Pay  range  Typical  role  5  Â£ 21 , 692  -  Â£ 28 , 180  Entry  level  nurse  or  mid wife"
kosher,7072," ago .  In  all  that  time ,  they  never  said  anything  about  it .  And  I âĢ Ļ m  not  the  only  one  –  this  happened  to  many  other  people ,  too . 
 
 They âĢ Ļ d  been  short ing  me  on  my  check  for  weeks .  My  last  check  should  have  been  for  40  hours ,  and  instead  they  only"
kosher,7072," the  site  as  a  platform ,  and  we  don 't  often  get  involved  with  the  daily  layout  of  the  news .) 
 
 If  there  are  any  shortcomings  in  the  range  of  expression  that  those  templates  offer ,  it 's  the  job  of  my  design  group ,  working  with  our  technology  team ,  to  create  new  ones  that  better  suit  the  needs  of"
kosher,7072," the  five - year  plan  for  merging  the  Feder ally - Administ ered  Tribal  Areas  ( F ata )  into  the  province . 
 
 Senior  Minister  for  Ir rig ation  Sik and ar  Sher p ao  of  Q WP  objected  over  the  delay ,  saying  that  the  assembly  had  passed  resolutions  asking  the  federal  government  for  an  immediate  merger . 
 
"
kosher,7072," and  moral  considerations  are  shed  in  favor  of  achieving  transact ional  "" w ins ""  on  jobs  and  security . 
 
 The  president  seems  drawn  to  aut ocrats  and  cynical  about  promoting  cherished  American  ideals .  Asked  in  February  about  Russian  President  Vladimir  Putin 's  reputation  for  ordering  political  killings ,  Trump  didn 't  miss  a  beat :  "" Do  you  think"
kosher,7072," little  bit  different  depending  on  where  you  look  at  them  from .""  "" When  you  look  at  the  color  of  the  eye ,  it  bends  as  you  move  around  it ,""  says  Horton .  "" Even  though  the  mesh  is  just  a  simple  sphere ,  we  create  this  illusion  of  the  way  the  light  bends  and  ref ract s  and  changes  the  color"
kosher,7072," Daesh  in  that  environment  as  we âĢ Ļ ve  had  in  the  core  areas  of  Syria  and  Iraq . âĢ Ŀ 
 
 A  key  pr ong  of  U . S .  strategy  to  defeat  ISIS  is  the  removal  of  Assad ,  whom  Brennan  described  as  a  âĢ ľ mag net âĢ Ŀ  for  a  wide  spectrum  of  extremist  groups  in  Syria ."
kosher,7072," tiny  battery ,  hidden  underneath  the  lower  y oke .  We âĢ Ļ re  pretty  sure  that âĢ Ļ s  another  first  in  the  custom  world . 
 
 The  tiny  covers  on  either  side  of  the  front  axle  are  also  3 D  printed ,  and  there âĢ Ļ s  a  matching  aluminum  cover  for  the  rear  brake  cal iper .  Both  are"
kosher,7072," take  a  strong  grid  position  after  topping  Free  Practice  2  earlier  in  the  day  but  a  collision  with  the  barrier  took  him  out  of  contention  for  much  of  the  session . 
 
 As  a  result ,  the  No .  1  Audi  R 8  L MS  will  take  the  start  of  the  qualifying  race  from  17 th . 
 
 The  qualifying  race"
kosher,7072," we  can  be  Daily  Mail  readers  too . âĢ Ŀ 
 
 What  we âĢ Ļ ve  been  witnessing  this  past  week  is  a  shameless  attempt  by  a  politician  who  lost  an  election  to  act  as  though  she âĢ Ļ d  won  it .  Since  her  boss  in  London  is  attempting  much  the  same  trick  it âĢ Ļ s  not  like  we  should"
kosher,7072," 20 - mile  layer  of  armour  pl ating ,  the  explosion  fl ings  bits  of  its  "" co ating ""  far  and  wide . B earing  in  mind  that  the  Moon 's  defense  coating  is ,  according  to  our  calculations ,  2 . 5  miles  thick ,  one  sees  that  this  is  approximately  the  maximum  depth  of  the  cr aters . Now  let"
kosher,7072," to  the  chest  and  prevent  the  bust  from  spilling  out .  That âĢ Ļ s  probably  just  fine  for  someone  who  is  predominantly  full  on  bottom ,  but  someone  with  a  more  even  or  full  on  top  shape  will  run  into  this  problem  pretty  consistently  in  European  bras ,  so  I âĢ Ļ m  going  to  talk  about  how  to  fix  that ."
kosher,7072,"a  said ,  âĢ ľ Not  on  account  of  m itz v ot  and  good  deeds ,  but  in  order  to  work  the  Land  of  Israel .  Maybe  I  mentioned  to  you  that  I  was  a  vill ager  back  home ,  and  I  grew  up  working  the  land .  Both  my  father âĢ Ļ s  and  mother âĢ Ļ s  families  as  well"
kosher,7072," slick ,  Mariners - based  substance  that  prevents  them  from  getting  too  close  to  the  top  of  the  division ,  and  the  Angels  might  be  history 's  most  boring  team  if  you  limit  the  pool  to  "" cont ending  teams  that  employ  the  best  player  in  the  world ."" 
 
 But ,  again ,  if  you  think  of  Yu  Dar v ish"
kosher,7072," says  that  Harvey  regularly  called  white  people  âĢ ľ hon keys . âĢ Ŀ  Special  grace  is  often  offered  to  comedians  over  these  kinds  of  matters .  Indeed ,  the  ed gy  nature  of  their  work  is  often  what  makes  them  funny . 
 
 However ,  racism  is  unacceptable .  Imagine  if  a  white  comedian  was  saying  he  hates  black  people ,"
kosher,7072," cold ,  checking  emails  on  his  phone ,  when  Coun .  Matthew  Green  was  stopped  and  questioned  for  several  minutes  by  a  Hamilton  Police  officer  who  seemed  not  to  realize  who  he  was . 
 
 "" What  are  you  doing  there ?""  was  the  first  thing  Green  said  he  heard  the  officer  say ,  just  after  3  p . m .  on"
kosher,7487," serious .  For  example ,  an  officer  might  stop  a  driver  for  not  signaling  soon  enough  after  the  car  leaves  a  drug  house .  The  report  notes  that  the  U . S .  Supreme  Court  has  upheld  pretext  stops . 
 
 âĢ ľ My  biggest  case  came  from  using  a  pretext  stop  for  a  defective  head light , âĢ Ŀ  an  officer"
kosher,7487,"uce  the  age  of  the  water . 
 
 The  scientists  discovered  the  fluids  were  trapped  in  the  rocks  between  1 . 5  billion  and  2 . 64  billion  years  ago . 
 
 "" It  was  absolutely  mind - bl owing ,""  Sher wood  L ollar  said .  "" These  weren 't  tens  of  millions  of  years  old  like  we  might  have"
kosher,7487,",  her  campaign  moved  to  ret ool  her  stance  on  trade  by  strengthening  her  opposition  to  the  Trans - Pacific  Partnership  and  emphasizing  support  for  manufacturing  in  her  jobs  plan .  In  Ohio ,  Clinton  took  specific  aim  at  elements  of  the  pending  trade  package  seen  as  harmful  to  the  auto  and  steel  industries . 
 
 Just  over  half  of  Ohio  Democratic"
kosher,7487," how  it âĢ Ļ s  in  your  notebook ,  by  craft  type ,  by  it âĢ Ļ s  availability  ( like  whether  it âĢ Ļ s  free ,  downloadable ,  or  purchased  elsewhere ),  whether  or  not  it  has  photos  ( because  there  are  many  self - published  designers ),  by  attributes  such  as  shape ,  techniques ,  texture ,  and  types  of"
kosher,7487,"With  Salt ,  we 've  always  wanted  to  keep  the  music  unob tr usive  and  so  we  originally  opted  to  only  have  music  play  occasionally  at  sea .  We  believe  that  too  much  music  can  be  over stim ulating  and  actually  take  away  from  the  immersion  of  a  game .  Walking  around  on  an  island  listening  to  the  birds ,  wind ,  and"
kosher,7487," he  goes .  He  had  hoped  to  participate  in  the  H oka  One  One  Long  Island  Mile  in  September ,  but  upon  learning  he  wouldn âĢ Ļ t  be  able  to  get  into  the  fast  section ,  he  had  to  re - evaluate  his  plans . 
 
 Luckily  for  Hud gins ,  he âĢ Ļ s  learned  to  deal  with  adversity  over"
kosher,7487," certain  time  in  a  certain  boundary .""  A  really  good  example  I  heard  is 
 
 There 's  this  myth  that  you  iter ate  very  frequently  on  your  UI ,  and  I  think  this  is  true  if  you 're  in  more  consumer  business  where  you  can  get  a  million  people  looking  at  your  app  and  rapidly  iter ate . 
 
 If  you"
kosher,7487," with  At ra  Mus ica  for  a  fourth  album ,  "" U gn ik al nis ""  ( L ith uan ian :  Volcano ) 
 
 On  November  1 ,  2008 ,  the  band 's  fourth  album ,  "" U gn ik al nis "",  saw  the  light  of  day . 
 
 In  the  end  of  2010  G ed im inas"
kosher,7487,"ensible  way  over  studies  that  simply  include  controls  and  fixed  effects  in  a  regression  model . 
 
 The  studies  using  the  most  rigorous  research  designs  generally  find  that  minimum - wage  increases  have  little  or  no  effect  on  employment . 
 
 Application  of  these  findings  to  any  particular  minimum - wage  proposal  requires  careful  consideration  of  whether  the  proposal  is  similar"
kosher,7487," surgeon  who  does  hundreds  of  bypass  operations  a  year ,  the  repair  technician  who  diagnoses  malfunction ing  furn aces  for  a  living ,  or  the  pilot  with  10 , 000  hours  of  in - flight  service  under  her  belt . 
 
 Roberts  is  right  to  be  worried  about  the  credibility  of  the  judiciary ,  and  its  capacity  to  command  the  confidence  of"
kosher,7487," going  to  have  its  challenges .  At  least  initially  he 'd  underestimated  how  long  they  would  take  to  iron  out . 
 
 "" I  had  a  great  season  in  2011 ,  but  I  had  it  in  a  team  which  had  been  around  in  one  form  or  another  for  a  long  time ,  and  had  a  well - dr illed  sprint  train ,"
kosher,7487,"els  of  Twitter  or  some  other  dark  dungeon  of  social  media .  An  Apple  Watch ,  I  suspect ,  would  only  hast en  my  descent . 
 
 "" I  can âĢ Ļ t  seem  to  get  past  the  worry  that  Apple âĢ Ļ s  Next  Best  And  Bright est  Thing  is  designed  for  a  future  that  I  don âĢ Ļ t  particularly"
kosher,7487," to  the  government ,  charging  its  customers  up  to  Â£ 145 m . 
 
 En forcement 
 
 The  new  rules  are  being  brought  in  earlier  than  the  rest  of  the  EU  Consumer  Rights  Directive ,  because  of  the  concern  that  was  first  raised  by  Which ? 
 
 "" Over  50 , 000  people  supported  our  campaign  to  end  rip  off"
kosher,7487,"lection  is  no  longer  a  luxury  we  can  afford . By  Wild 
 
 Wild  here  again ,  and  I âĢ Ļ ve  got  us  another  battle  report  in  preparation  for  Cru cible .  For  this  tournament  Rh y as âĢ Ļ  full  Rear guard  theme  list  was  in ,  as  was  Th ag ro sh  the  Messiah  with  the  Archangel .  The"
kosher,7487," for  suc rose ,  despite  being  feasible ,  was  dismissed  because  the  magnitude  of  effect  on  serum  cholesterol  level  was  minimal  compared  with  reducing  dietary  cholesterol  level  and  substit uting  poly uns aturated  for  saturated  fat . 48 ( pp 190 - 191 ) 
 
 Unlike  its  summary  of  suc rose  intervention  R CT s ,  the  review  reported  few  study  characteristics"
kosher,7487," relatively  cramped  spaces . 
 
 "" As  a  councillor ,  you 're  sw armed  by  people ,""  she  said .  "" And  that  puts  certain  individuals  at  great  risk ,  I  believe ."" 
 
 Mac  Logan ,  the  city 's  general  manager  of  transportation ,  said  last  week 's  meeting  on  the  southwest  transit way ,  in  particular ,  was  unlike"
kosher,7487," âĢ ľ p ossible âĢ Ŀ  exceptions  of  Lincoln ,  LB J  and  FDR .  Obama âĢ Ļ s  ocean ic  self - esteem  —  no  deficit  there  —  may  explain  why  he  seems  to  sm older  with  resentment  that  he  must  actually  ask  for  a  second  term . 
 
 Speaking  of  apologies ,  Syracuse  University âĢ Ļ s  law  school  should"
kosher,7487," to  the  report .  But  the  authors  cited  a  "" l ack  of  robust  evidence  of  clinical  effectiveness ""  for  the  treatment  and  suggested  physicians  should  stop  prescribing  it  to  patients . 
 
 Simon  Stevens ,  chief  executive  of  the  NHS ,  said  in  a  statement  announcing  the  decision  that  home opathy  is  "" at  best  a  placebo .""  He  called  the"
kosher,7487," consumption . 
 
 Many  z oos  already  contribute  to  habitat  conservation ,  but  the  scale  of  these  efforts  must  be  expanded . 
 
 Do  z oos  have  a  role  to  play  in  this  solution ?  Certainly .  Many  z oos  already  contribute  to  habitat  conservation ,  but  the  scale  of  these  efforts  must  be  expanded .  Z oos  also  should  better"
kosher,7487," son  was  killed  in  2014  fighting  with  the  Islamic  State ,  is  working  with  a  public  outreach  program  called  Extreme  Dialogue .  She  says  a  hard ening  stance  in  law  enforcement  combined  with  a  recently  enacted  federal  anti - terror  law  are  making  it  even  harder  for  police  to  reach  for  tools  beyond  arrest  and  detention .  "" Every  police  force  is  different"
kosher,7487," ideology  ÃĹ  domain  interactions  on  complexity âĢĲ relevant  variables  may  be  partially  a  function  of  domain  differences  in  attitude  strength .  This  suggests  two  possible  ways  forward  for  future  researchers .  First  and  most  obviously ,  it  would  be  useful  to  run  studies  with  greater  power  for  testing  the  explanatory  ability  of  attitude  strength  measurements .  This  could  be  done  by  collecting  a"
kosher,7487," illusion  of  growth  in  2016  than  by  publishing  un god ly  amounts  of  Content . 
 
 With  Yahoo  ( the oret ically )  continuing  to  attract  a  massive  number  of  eyeb alls ,  Verizon  will  make  money  on  those  visitors  thanks  to  its  purchase  of  AOL  and  a  soul - cr ushing  invention  called  âĢ ľ program matic  ad - bu ying"
kosher,7487, psychological  and  emotional  benefit  with  significant  improvements  in  the  patient âĢ Ļ s  well - being .  Most  medical  procedures  are  not  simply  about  sustaining  life .  They  are  about  maintaining  well - being  and  improving  quality  of  life .  That  is  what  transition  provides âĢ¦  a  quality  of  life  an  individual  may  reasonably  expect .  No  other  procedure  or  treatment  has  ever
kosher,7487,"ussed  on  security  and  tends  to  prioritize  new  features  by  utility  to  the  community . âĢ Ŀ 
 
 What  to  Do  in  the  Me ant ime 
 
 For  now ,  the  low - trust ,  feder ated  peg  model  can  be  used  as  a  test  ground  for  side chains .  Back  explained  how  this  early  implementation  of  the  side chains  concept"
kosher,7487," banners  accused  Republicans  of  justifying  âĢ ľ ethnic  cleansing âĢ Ŀ  and  called  for  an  end  to  the  Donald  Trump - Mike  Pence  administration .  Kad aris  also  initiated  an  argument  with  the  Ref use  Fasc ism  protesters  about  fascism .  Bay  Area  resident  Jeanne  Sol n ord al ,  who  said  she  attended  the  vigil  because  of  the  âĢ ľ un fair"
kosher,7487," the  construction  of  the  jet ty . 
 
 But  they  stressed  the  disposal  occurred  in  conjunction  with  the  Ministry  of  Public  Works ,  which  is  run  by  Hamas âĢ Ļ s  rivals  Fat ah . 
 
 Fat ah  leads  the  internationally  recognized  Palestinian  government ,  and  a  UN DP  probe  concluded  that  there  were  no  signs  of  Hamas  activity  in  the"
kosher,7487," Catholic  mother ,  upon  learning  he  was  gay ,  called  a  priest  who  made  him  lay  the  floor  and  attempted  to  "" drive  the  demons  out  of  him ."" Or  the  boy  from  New  Hampshire  whose  Baptist  parents  told  him  that  God  is  so  disgusted  by  homosexuals  that  he  "" v om its  them  out ."" 
 
 Again  and  again  we  hear"
kosher,7487," Catholic  mother ,  upon  learning  he  was  gay ,  called  a  priest  who  made  him  lay  the  floor  and  attempted  to  "" drive  the  demons  out  of  him ."" Or  the  boy  from  New  Hampshire  whose  Baptist  parents  told  him  that  God  is  so  disgusted  by  homosexuals  that  he  "" v om its  them  out ."" 
 
 Again  and  again  we  hear"
kosher,7487,",  7 34 )  =  12 . 31 ,  p  <  . 001 .  As  can  be  seen  in  Table  1 ,  this  interaction  is  clearly  a  true  crossover  interaction ,  with  conservatives  scoring  higher  than  liberals  on  some  topics ,  while  the  reverse  is  true  for  others .  Indeed ,  within âĢĲ domain  type  correlations  showed  roughly  similar  effect  sizes  for  topics"
kosher,7487," one  grants  the  power  of  ideology  ÃĹ  domain  interactions ,  it  of  course  does  not  follow  that  there  is  no  meaningful  main  effect  ( see ,  e . g .,  Tet lock  et  al .,  1996 ).  Conservatives  may  be  more  complex  than  liberals  on  a  certain  handful  of  topics ,  but  this  may  run  counter  to  the  general  tendencies  outlined  by  J"
kosher,7487,"ive  demonstrations  involving  the  inc and escent  conversion  of  infrared  into  visible  light  at  the  molecular  level ,  which  he  called  cal orescence  ( 18 65 ),  in  which  he  used  materials  that  are  transparent  to  infrared  and  opaque  to  visible  light  or  vice  versa .  He  usually  referred  to  infrared  as  "" rad iant  heat "",  and  sometimes  as  "" ult ra"
kosher,7487," so .  And  remember  that  stuff  about  our  lib id os ?  Our  difficulty  achieving  erection  if  we  even  have  a  penis ?  If  prevention  of  sexual  assault  is  something  you âĢ Ļ re  keen ly  interested  in ,  then  please  start  by  focusing  on  dismantling  a  misogyn istic  culture  that  object ifies  and  deval ues  women  and  places  their  humanity  as  secondary"
kosher,7487," has  filled  his  belly  with  Ha ifa âĢ Ļ s  tast eless  bread ,  and  the  other  food  Ha ifa  fills  guests âĢ Ļ  stomach s  with ,  couldn âĢ Ļ t  possibly  eat  even  one  more  bite .  But  if  you âĢ Ļ d  like  I âĢ Ļ ll  sing  Shir  Ha Ma âĢ Ļ al ot ,  the  opening  p sal"
kosher,7487," to  Mack intosh ,  a  biological  basis  for  the  gap  thus  cannot  be  ruled  out  on  a  prior i  grounds . 
 
 Int elligence  is  a  poly genic  trait .  This  means  that  intelligence  is  under  the  influence  of  several  genes ,  possibly  several  thousand .  The  effect  of  most  individual  genetic  variants  on  intelligence  is  thought  to  be  very  small ,"
kosher,7487," members  share  non - binding  plans  and  objectives ,  published  its  last  Global  Exploration  Road map  in  2013 .  IS EC G  members  will  use  the  new  Road map  to  show  domestic  policymakers  and  funding  agencies  how  specific  programs  will  contribute  to  global  endeavors ,  said  Laur ini ,  who  also  serves  as  IS EC G  chair . 
 
 NASA ,  for"
kosher,7487," those  killed  were  24  child  fighters  from  ISIL 's  Cubs  of  the  Cal iphate  recruitment  programme . 
 
 The  US  has  ignored  protests  from  its  NATO  ally  Turkey  to  back  the  S DF ,  an  alliance  of  Kurdish  and  Arab  fighters  it  regards  as  the  most  effective  force  on  the  ground  against  ISIL  in  Syria . 
 
 The  Pentagon  has  deployed"
kosher,7487," leader  has  made  common  cause  with  the  Ku  Klux  Klan ,  and  has  âĢ ľ m ush room ed  from  a  coalition  of  former  football  h ool igans  into  an  enormous  street  army  with  the  propensity  for  large - scale  disorder  and  city  center  confront ations  with  the  police . âĢ Ŀ [ 
 
 ( âĢ¦) 
 
 After  spending  months  working"
kosher,7487,"/ er ase / pos , n 
 
 string < char 8 _ t > / find / p , pos , n 
 
 string < char 8 _ t > / find _ first _ not _ of / p , pos , n 
 
 string < char 8 _ t > / find _ first _ of /"
kosher,7487,".  Tell  them  you  will  be  there  for  them  when  they  decide  to  leave .  Show  them  this  article  or  articles  like  this .  Send  them  these  links : 
 
 AL SO  ON  H UFF POST : This  Arsenal  is  different .  That ,  at  least ,  is  what  they  are  trying  to  prove  and  so  far  the  evidence  is  in  their"
kosher,7487," live  in .  I  think  what  happened  was  ABC  and  the  production  companies  involved  steered  this  into  a  joint  enterprise ,  if  you  will ,  between  the  Le om itis  and  the  Higgins ',  instead  of  just  going  forward  and  providing  the  Higgins  with  a  place  for  them  to  live .  There  was  never  a  disclosure  made  to  the  Higgins  concerning  the  fact"
kosher,7487,"35  37  ( 35 . 9 )  18  ( 16 . 4 )  2 . 86  ( 1 . 50 ,  5 . 46 )  Obs ess iveness  ( L ey ton )  > 10  28  ( 27 . 2 )  13  ( 11 . 8 )  2 . 78  ( 1 . 35 ,  5 . 74 )  View  Large 
 
"
kosher,7487," In  its  FAQ ,  g iff g aff  says : 
 
 Is  g iff g aff  money  a  niche  product  within  the  financial  sector ?:  The  financial  services  market  is  still  dominated  by  the  big  banks ,  but  there  have  been  new  entrants .  The  supermarkets  have  launched  banks  to  compete  and  the  growth  of  peer - to - peer  lending  has"
kosher,7487," separate  sections ,  one  to  the  complete  beginner  with  no  programming  experience  and  one  for  the  people  who  already  have  programming  experience  and  just  want  to  add  unity  development  to  their  knowledge  base .  Choose  the  one  that  fits  your  situation .  And  if  you  really  just  want  a  visual  roadmap ,  go  see  the  bottom  where  we  have  a  timeline  overview  with"
kosher,7487," to  some  estimates  army  controls  40 %  of  economy  Profile :  Abdul  F att ah  al - S isi  S uez :  the  city  fighting  a  curfew  Q & A :  Egypt 's  riots  and  political  crisis  Black  Bl oc  anarchists  emerge 
 
 After wards ,  Egypt 's  Grand  Imam  summoned  rival  political  factions ,  youth  groups  and  church  officials  to  the"
kosher,7487," void  sort ( Compare  compare );  bool  validate ()  const ;  int  validate _ iterator ( const _ iterator  i )  const ;  }; 
 
 17  -  Dis abling  of  exception  handling 
 
 Game  software  usually  dis ables  exception  handling .  A  full  analysis  of  the  strengths  and  weaknesses  of  C ++  exception  handling  in  game  software  is  outside  the  scope"
kosher,7607," --  of  questions  about  the  Middle  East  peace  process .  Many  presidential  candidates  have  made  mistakes  on  --  on  that  before .  He 's  going  to  have  to  avoid  that .  In  Europe ,  it 's  slightly  different .  In  Europe ,  he  --  he 's  --  he 's  facing  a  situation  where  he  does  have  an  advantage  on  foreign  policy ,  improving"
kosher,7607," --  clearer ,  almost . 
 
 The  Nur aph ones  have  a  few  other  features  that  help  the  music  along ,  too .  While  they  look  like  over - ear  headphones ,  each  cup  has  a  protr uding  "" st alk ""  that  goes  inside  your  ear .  Both  the  outer  section  and  in - ear  part  provide  passive  noise  cance ling"
kosher,7607,"âĢ¦  [ but ]  the  government  should  not  force  them  to  do  it , âĢ Ŀ  she  said  in  a  July  29  statement . 
 
 âĢ ľ Mayor  Bloomberg  is  now  playing  the  role  of  pediatric ian  and  neon atal  specialist âĢ¦  [ who  has  declared  that ]  a  mother  is  now  forced  to  breast feed  unless  she  has  a  medical  reason"
kosher,7607," the  White  House  --  after  which  the  guests  moved  to  the  Indian  Treaty  Room  for  the  reception ,  was  attended  by  a  select  cross - section  of  about  200  members  of  the  Indian  American  community  from  across  the  country ,  senior  Indian  American  staffers  in  the  administration  like  Dr  Raj iv  Shah ,  the  administrator  of  the  US  Agency  for  International  Development ,"
kosher,7607," [ now ],""  said  Kimber ley  Parsons  T rom m ler ,  now  a  product  evangel ist  but  formerly  a  senior  systems  engineer  also  involved  in  certification  and  training  for  Pa essler ,  a  provider  of  network  and  IT  monitoring  products .  "" It  makes  it  very  difficult  for  someone  just  starting  out  to  know  what  they  should  do .  And  it  makes"
kosher,7607,"-- even  when  that  means  defending  indef ensible  repression  and  violence  by  China 's  state  machine . 
 
 Ultimately ,  PS L 's  socialism  from  above  drives  people  like  Becker  to  ever  greater -- and  ever  more  shr ill -- tw ists  of  logic  and  distortions  of  fact  about  Tian an men  Square . 
 
 THIS  IS  clear  from  the  beginning"
kosher,7607," [ sic ]  Judge  Hil ary  Green  smoke  marijuana  and  illegally  purchase  T ussion ex  several  times .  Between  2011  I  also  witness  her  pay  for  sex  from  female  esc orts  and  consume  the  street  drug  ecstasy , âĢ Ŀ  Barnes  wrote  in  his  complaint ,  using  the  brand  name  of  the  cough  syrup  he  says  Green  became  addicted  to  over  the  course"
kosher,7607," --  was  a  future  med  school  student  named  J . D . 
 
 H ence  the  inspiration  for  Lawrence 's  group  of  normal ,  young ,  fun - loving  friends  trying  to  survive  the  rig ors  of  becoming  a  doctor . 
 
 Law rence 's  last  memory  of  J . D .  was  as  a  guy  with  an  empty  12 -"
kosher,7607," -- config  java 
 
 Check  your  Java  version  again  to  make  sure  you âĢ Ļ re  on  Java  8 . 
 
 -->  java  - version  java  version  "" 1 . 8 . 0 _ 65 ""  Java ( TM )  SE  Runtime  Environment  ( build  1 . 8 . 0 _ 65 - b 17 )  Java  Hot Spot ( TM"
kosher,7607," -  but  also  well  developed  manufacturing  and  service  sectors ,""  the  report  said . 
 
 "" It  also  demonstrates  strong  governance  indicators .  In  particular ,  the  framework  for  fiscal  policy  is  transparent  and  has ,  until  now ,  consistently  kept  government  debt  at  low  levels ."" 
 
 Act ing  Prime  Minister  Wayne  Swan  says  it  is  another  res ounding  endorsement"
kosher,7607," —  read 
 
 08  May .  What  if  GPS  worked  like  Here  &  There ?  —  read 
 
 04  May .  Here  &  There  influences  —  read For  a  while  now  those  of  us  living  with ,  or  working  with  HIV ,  have  known  that  if  you âĢ Ļ re  HIV  positive  and  undet ect able  that  you âĢ Ļ re"
kosher,7607," -  her  political  awakening  came  during  the  miners '  strikes  of  the  1980 s . 
 
 But ,  unlike  many  of  her  peers ,  Ms  Wood  turned  to  Pl aid  C ym ru  rather  than  Labour . 
 
 The  former  probation  officer  and  lecturer  in  social  work  was  hired  as  a  researcher  by  MEP  Jill  Evans . 
 
 In  2003"
kosher,7607," [  edit  ] 
 
 My  Little  Pony :  The  Movie  was  released  on  December  19 ,  2017  for  digital  downloads ,  and  was  later  released  on  January  9 ,  2018  for  DVD ,  Blu - ray ,  and  On  Demand .[ 87 ][ 88 ]  Its  special  features  includes  a  deleted  scene ,  a  music  video  for  the  song  "" I 'm"
kosher,7607,"âĢ Ļ  are  the  big  European  defence  contractors . âĢ Ŀ By  George  Will ,  Washington  Post  -  November  1 ,  2012 
 
 E ner getic  in  body  but  ind ol ent  in  mind ,  Barack  Obama  in  his  fren etic  campaigning  for  a  second  term  is  promising  to  replicate  his  first  term ,  although  simply  apologizing  would  be  appropriate .  His"
kosher,7607,"âĢ¦ I  love  that  movie ,  and  I  hope  there  will  be  a  sequel .  After  we  had  made  his  movie ,  as  much  as  the  fans  loved  it ,  they  also  seemed  to  want  to  see  Bruce  again  in  this  series .  So  we  thought ,  this  is  our  time .  If  we âĢ Ļ re  ever  going  to  do  it ,"
kosher,7607," Wikipedia  —  but  be  warned ,  complexity  theory  is  a  bit  of  a  beast . 
 
 Read  more  at  Technology  Review ,  or  check  out  the  research  paper  ( which  has  the  best  name  ever ) 
 
 [ Image  credit ] Media  playback  is  unsupported  on  your  device  Media  caption  "" An  unnecessary  court  conflict  will  ens ue "" 
 
"
kosher,7607," –  with  potentially  devastating  consequences : 
 
 US  intelligence  is  not  the  problem  here .  The  President 's  collusion  with  Russian  intelligence  is .  Many  details ,  but  the  essence  is  simple .  —  John  Sch ind ler  (@ 20 committee )  February  15 ,  2017 
 
 Progress ?  The  President  was  calling  US  "" intelligence ""  Nazis  only  a  few"
kosher,7607," âĢ ĺ beer  geek âĢ Ļ  experience  for  you  or  the  beer  lover  in  your  life .  You  will  get  to  spend  the  day  with  ABC âĢ Ļ s  president  and  head  brewer ,  Andy ,  and  learn  how  to  brew  on  a  professional  system .  You  will  get  the  chance  to  design  your  own  beer  and  brew  it  on  our  pilot  system"
kosher,7607," âĢ ľ so  police  could  have  a  better  understanding  of  them  and  their  culture . âĢ Ŀ 
 
 Part  of  the  problem  is  that  minorities  don âĢ Ļ t  have  enough  positive  contact  with  police ,  a  white  officer  said  in  the  latest  study . 
 
 Another  sentiment  is  that  officers  have  to  be  smart  and  realistic  about  their  public  relations"
kosher,7607," in  the  realm  of  marketing  and  product  design --- and  I  don 't  be gr udge  them  one  ounce  of  success --- the  willingness  of  the  masses  to  simply  hop  aboard  that  train  ir ks  me  to  no  end .  I  am  a  reverse - sn ob  in  this  regard ,  I  admit  it . 
 
 In  one  sense ,  it 's"
kosher,7607," its  broadcasts  and  with  TV NZ  and  TV 3  [ online ]  it 's  just  replay  TV .  There 's  really  a  limited  amount  of  legal  digital  video  content  beyond  user - generated  content ."" 
 
 He  was  surprised  by  how  many  households  had  connected  their  TVs . 
 
 "" The  rest  of  us  will  join  in  once  there 's  a"
kosher,7607," of  various  religion  and  meditation  âĢ ľ g urus âĢ Ŀ  aside ,  it  was  people  who  arranged  scientific  collaboration  who  allowed  many  good  citizens  living  in  post - commun ist  ruins  to  not  totally  lose  faith  in  humankind .  Now  in  crypto - space ,  only  figures  like  Andreas  Anton opoulos  inspire  unconditional  respect .  Of  course ,  ICO s  are  only"
kosher,7607,",  given  her  response ,  I  haven âĢ Ļ t  a  clue  what  her  site  is )  who  then  takes  my  response  to  the  guy  and  makes  assumptions  about  HER .  I  don âĢ Ļ t  even  know  this  chick .  I  didn âĢ Ļ t  make  a  derogatory  comment  about  others  who  might  post  such  photos ,  I  didn âĢ Ļ t"
kosher,7607," within  the  newspaper  industry . 
 
 However ,  Jeremy  Pax man  told  the  inquiry  that  Morgan  had  told  him  how  to  hack  a  phone  during  lunch  at  the  Mirror 's  offices  in  2002 . 
 
 Evidence :  Morgan  appeared  at  the  Le ves on  Inquiry  via  video  link  and  denied  knowledge  of  hacking 
 
 And  in  2006 ,  Morgan  wrote"
kosher,7607,"as ,  despite  the  le aching  being  mild .  Five  out  of  13  products  that  were  intended  for  children  were  toxic ,  for  example  bath  toys  and  buoy ancy  aids  such  as  inf latable  ar mb ands ,""  says  Del il ah  Lith ner . 
 
 The  products  that  resulted  in  toxic  water  were  soft  to  semi - soft  products  made  from"
kosher,7607," performs  data  preparation  at  scale . 
 
 The  UW  Center  for  Data  Science  team  began  developing  initial  models  in  collaboration  with  Multi Care  Health  System  in  March  2012 ,  using  just  two  on - prem ises  servers .  The  maintenance ,  frequent  updates ,  and  down  times  of  these  on - prem ises  servers  posed  an  ongoing  problem ,  and  scal ability"
kosher,7607,"The  extant  au ks  ( sub family  Alc ina e )  are  broken  up  into  2  main  groups :  the  usually  high - b illed  puff ins  ( t ribe  Fr ater cul ini )  and  a uk lets  ( t ribe  A eth i ini ),  as  opposed  to  the  more  slender - b illed  mur res  and  true  au ks  ("
kosher,7607," how  the  brain  works .  The  goal  is  ultimately  to  build  up  abstract  models  of  the  brain ,  based  on  the  observation  of  its  individual  elements . 
 
 But ,  Dr .  L uria  worried ,  "" One  outcome  of  this  approach  is  the  reduction  of  living  reality  with  all  its  richness  of  detail  to  abstract  sche mas .""  Dr .  L"
kosher,7607," come ,  first  serve  basis .  That  means  you âĢ Ļ ll  have  your  pick  of  the  available  Porsche  9 18 âĢ Ļ s  and  don âĢ Ļ t  have  to  take  necessarily  the  next  one  that  comes  off  the  assembly  line .  Porsche  released  some  interesting  figures  attached  to  sales  so  far .  For  example ,  did  you  know  that  30  percent"
kosher,7607," bills ,  too ,  even  though  some  people  say  they  are  barely  using  their  heat . 
 
 "" They  would  just  turn  the  heat  in  one  room  or  they  would  just  bundle  up  ,  wear  extra  layers  of  clothing  inside  the  home  just  to  keep  themselves  warm ,""  worker  Cynthia  Louis  said . 
 
 The  power  company  also  said  meters  that"
kosher,7607," 10 , 8 42  MW  of  solar  projects  were  in  the  pipeline ,  according  to  BT I ,  and  they  could  be  jeopard ised  by  the  provisional  duty  or  ADD .  Even  projects  yet  to  be  auction ed  and  assigned  to  power  producers — around  2 , 655  MW  as  per  BT I âĢ Ļ s  estimates — could  be  hit . Since"
kosher,7607, will  be  in  attendance  as  well .  In  meetings  they âĢ Ļ ve  been  enthusiastically  hyp ing  March  4 th  and  are  trying  to  get  the  California  State  Militia  to  show  up .  B CR âĢ Ļ s  alt - right  and  white  nationalist  ties  are  well  documented  and  getting  stronger .  Jack  P alk ovic  was  spotted  on  BART  with  Identity  Ev
kosher,7607," by  millions ,  and  since  it  is  stat utor ily  obliged  to  be  impartial ,  is  crucial  to  leve lling  an  otherwise  uneven  playing  field .  But  it  too  faces  a  potentially  existential  threat  from  the  licence  fee  review ,  a  bigger  picture  seemingly  lost  on  Corbyn istas  har angu ing  any  BBC  reporter  deemed  insufficient ly  respectful  of  their  hero . 
"
kosher,7607," got  to  her .  That  was  the  problem . âĢ Ŀ  He  sighed .  "" But  this  was  the  last  place  I  saw  her ,  and  I  wanted  you  to  see  it ,  since  I âĢ Ļ ve  been  telling  you  the  story . âĢ ľ 
 
 "" Thank  you  for  trusting  me . âĢ Ŀ 
 
 âĢ ľ This  part"
kosher,7607,"
 While  downloading  a  torrent  file  there  are  three  types  of  sharing  sources  that  you  will  come  across . 
 
 Users  who  have  completed  their  download  and  are  sharing / se eding  it  for  others  to  download  are  called  seed ers .  The  more  seed ers  a  file  has ,  the  faster  the  download  is  bound  to  complete .  Users  who  only"
kosher,7607," Noise  St ool  is  one  of  those  ideas  that 's  so  cool  we 're  embarrassed  we  didn 't  think  of  it  before .  We 've  all  been  there :  it 's  2 am  in  a  sleeping  house ,  your  mother - in - law  is  right  behind  you  in  line  for  the  pot ty ,  or  you  don 't  want  to  broadcast  the"
kosher,7607," and  2007 ,  the  Islamic  State 's  predecessor ,  al  Qaeda  in  Iraq ,  included  large  quantities  of  chlorine  in  vehicle  bombs  deployed  against  U . S .  and  Iraqi  troops  in  an  attempt  to  produce  mass  casualties .  The  explosives  in  the  vehicle  bombs  killed  more  people  than  the  chlorine  did ,  and  after  several  unsuccessful  attempts ,  al  Qaeda  in  Iraq"
kosher,7607," growing  anger  over  how  budget  cuts  and  layoffs  are  dec imating  public  education . 
 
 The  spirit  of  the  two  protests  recalled  the  February  mass  labor  mobilization  in  Wisconsin  over  union - b usting  legislation .  Though  far  smaller ,  the  LA  and  New  York  demonstrations  tapped  into  the  same  widespread  anger  at  politicians  for  b ailing  out  banks  and  the  rest"
kosher,7607," later  on  a  sidewalk ,  the  man ,  whose  name  is  protected  by  a  publication  ban ,  said  that  Braz au  approached  him  aggressively  while  photograp hing  the  family ,  making  him  âĢ ľ con cerned  and  fearful . âĢ Ŀ 
 
 Article  Continued  Below 
 
 C lements  found  this  to  be  criminal  harassment .  During  sentencing  submissions ,  Crown  prosecutor"
kosher,7607," at  least  four  floors  of  the  building . 
 
 A  rescue  worker  interviewed  by  Step  News  Agency  claims  that  âĢ ľ a  missile  went  from  the  roof  down  to  the  first  floor . âĢ Ŀ 
 
 Some  have  suggested  the  damage  at  the  Carlton  Hotel  may  be  due  to  a  delay - action  bomb ,  which  is  designed  to  explode  some"
kosher,7607," himself  to  blame  for  the  fix  in  which  he  finds  himself . 
 
 His  desperate  and  increasingly  pathetic  attempts  to  blame  everybody  himself  for  everything  he  did  wrong  will  stand  out  in  historical  accounts  of  his  dizz ying  fall  from  the  heights  vault ing  ambition . 
 
 If  you âĢ Ļ re  ready  to  read  more  from  the  unb oss ed"
kosher,7607,"- year - old  girl  during  his  time  there . 
 
 F inn  is  affiliated  with  Op us  De i ,  a  powerful  and  controversial  organization  within  Catholicism ,  according  to  the  Times .  He  pleaded  not  guilty  to  the  misdemeanor  charge . 
 
 According  to  Ag ence  France - Press ,  the  sexual  abuse  crisis  has  cost  the  American  branch"
kosher,7607,"When  a  regression  model  between  psychopath ology  variables  and  levels  of  auto Abs  against  neuro pe pt ides  was  applied ,  significant  correlations  were  detected  only  between  Î± - MS H  and  anxiety  scores  for  both  patients  and  controls  ( Fig .  1 A ,  B  and  C ;  P - values  for  slope  and  intercept  derived  from  the  comparison  with  regression  models"
kosher,7607," doesn 't  have  to  be  like  this .  Jesus  Christ  never  spoke  a  word  of  condemnation  against  homosexuals .  Churches  don 't  have  any  need  to  condemn  LGBT  people ,  or  fight  against  our  equal  treatment  in  our  country .  A  growing  number  of  church  communities  have  chosen  to  be  aff irming  and  supportive  of  LGBT  people .  I  have  the  joy  of"
kosher,7607,"Ŀ 
 
 Others  suggest  that  perhaps  social  norms  surrounding  acceptable  watch - checking  behavior  will  shift ,  though  not  any  time  soon . 
 
 âĢ ľ Yes ,  norms  shift ,""  manners - ex pert  and  author  Henry  Hitch ings  writes  to  New  York  Magazine .  "" We  feel  different  about  someone  taking  a  phone  call  in  our  presence  from  how"
shabbat,1098,". âĢ Ŀ 
 
 BC R  arranged  candles  to  spell  out  Stein le âĢ Ļ s  name  and ,  according  to  Tah mas ,  organized  a  signed  poster  to  send  to  the  district  attorney  in  the  hopes  that  their  condolences  would  reach  the  Stein le  family .  B CR  organized  the  event  without  the  family âĢ Ļ s  coordination ,  although  Tah"
shabbat,1098," hide  out  until  civilization  cr umbles ,  then  starve  to  death  or  be  reduced  to  hunter - gat here rs ?  That âĢ Ļ s  crap . âĢ Ŀ 
 
 Thomas  wave red .  âĢ ľ I  don âĢ Ļ t  think  two  people  can  keep  civilization  together . âĢ Ŀ 
 
 âĢ ľ Of  course  not , âĢ Ŀ  said"
shabbat,1098," these  little  organs ,  while  also  describing  the  human  drama  of  how  these  patients  were  affected  by  their  malf unctions  and  mis f ortun es .  These  were  stories ,  as  Dr .  S acks  saw  it ,  of  patients  who  either  lost  their  identity  because  of  a  brain  les ion ,  or  who  tri ump hed  and  found  a  way  to  preserve"
shabbat,1098," little  knots .  Clean  fur  is  crucial ,  Lah ner  says ,  because  if  her  coat  is  compromised ,  she  can âĢ Ļ t  ther mo - reg ulate . 
 
 Spons or 
 
 âĢ ľ She âĢ Ļ s  in  there  all  fluffy  and  happy  and  eating .  That  makes  me  happy , âĢ Ŀ  she  says .  The  signs"
shabbat,1098," increasingly  just  doesn âĢ Ļ t  make  sense .  And  no  amount  of  lobbying  Congress  or  arguing  in  court  will  slow  that  trend . Here  are  some  Larry  King  statistics : 
 
 âĢ¢  Larry  King  has  had  a  talk  show  on  CNN  for  73  years  now . 
 
 âĢ¢  Larry  King  owns  47 00  pairs  of  susp enders . 
 
"
shabbat,1098," Amazon  and  NBC  Universal ,  and  lesser - known  employers  including  artisan al  bakery  Amy âĢ Ļ s  Bread ,  pharmaceutical  distributor  McK esson  and  document  storage  company  Iron  Mountain .)  2009  research  by  Cornell âĢ Ļ s  Kate  Bron fen b ren ner  suggests  that  employers  hold  mandatory  anti - union  meetings  ( like  the  ones  in  which  UFC W  says  Target"
shabbat,1098," liber atory  technologies  as  the  basis  of  an  economic  vision  of  peer - production  as  a  modern ,  high - tech  version  of  the  prec ap ital ist  model  of  production  on  the  commons . 
 
 M odes  of  production  employing  structures  similar  to  peer - to - peer  networks  have  relations  reminiscent  of  the  historic  pastoral  commons ,  long  gone  commonly"
shabbat,1098," sound  out  the  syll ables ,  if  only  in  a  muff led  voice .""  Sa enger 's  book  asserts  that  only  at  the  end  of  the  seventh  century ,  when  Irish  monks  introduced  regular  word  separation  into  medieval  manuscripts ,  did  swift ,  silent  reading  become  feasible .  Why  is  it  so  hard  to  read  text  without  spacing ?  Just  imagine  how  difficult"
shabbat,1098," the  longtime  president  of  the  Friends  of  the  Oak  Brook  Public  Library ,  who  considers  the  library  "" my  third  child ."" 
 
 "" This  is  the  heart  of  the  village ,""  B enez ra  says  as  she  tours  the  library  and  surrounding  gardens  under  a  sign  sporting  a  Cic ero  quotation  reading ,  "" If  you  have  a  garden  and  a"
shabbat,1098," emotional  state  and  his  decision - making  process .  Turning  a  blind  eye  to  his  unf il tered  out bur sts  would  be  journalistic  mal practice .  Worse ,  it  would  shield  the  public  from  the  unpleasant  reality ,  the  consequences  of  their  electoral  decision ,  which  they  must  now  endure  for  four  ( if  not  eight )  years . "" I  love"
shabbat,1098," liquid  one .  ( But  Sony  apparently  could  use  lessons  in  central  banking :  As  in  real - world  Japan ,  price  deflation  has  hit  the  market  for  Nor r ath ian  goods .) 
 
 The  economic  dynamics  of  Ever Quest  also  allow  Cast ran ova  to  calculate  wage  levels  in  Nor r ath .  Take  the  PP  value  of  an  average"
shabbat,1098,"- five  years  humanity  has  been  fighting  for  survival ,  carving  out  a  new  place  in  the  hierarchy  of  the  world .  Weapons ,  armor ,  and  a  variety  of  equipment  comes  with  modification  options . 
 
 Special  Materials  –  Influ enced  by  Super natural  energy ,  ancient  met all urgy ,  post - R ise  ingenuity ,  or  other worldly  sources"
shabbat,1098," less  than  a  year  in  the  job . 
 
 Last  week ,  the  interim  principal  told  the  BBC  that  he  had  not  received  any  complaints  from  colleagues  regarding  the  dress  code  and  that  pupils  were  not  being  segregated ,  with  girls  and  boys  being  treated  equally . 
 
 Of sted  is  not  the  only  organisation  with  concerns  about  Al - M"
shabbat,1098," his  little  red  and  blue  heart  out  so  other  players  a  fresh  when  the  game  is  on  a  knife  edge . 
 
 Think  back  to  Game  3  of  the  2010  State  of  Origin  series . 
 
 Advertisement 
 
 Advertisement 
 
 G id ley  started  from  the  bench  and  came  on  to  replace  Michael  En nis  after  30  minutes  –"
shabbat,1098,"one  Arena  for  Game  Five  tomorrow  night  ( 8 : 30  p . m .  CT ,  FOX  Sports  Tennessee ,  102 . 5  The  Game ).  Doors  for  will  open  at  6 : 30  p . m .  and  the  Pred s  Plaza  Party  presented  by  Lee  Company  will  begin  at  5 : 30  p . m .  The  Pred s  Plaza"
shabbat,1098," donating  his  time  and  holiday  gifts  for  youth  in  need .  For  more  information  on  the  LA  Galaxy  Toy  Drive ,  please  visit  www . lag al axy . com / community . Press  Release 
 
 Blue  Light  Observ ations  Ind icate  Water - Rich  Atmosp here  of  a  Super - Earth 
 
 September  3 ,  2013 
 
 A  Japanese"
shabbat,1098," so ,  I  was  plagued  with  guilt .  I  would  read  for  five  minutes ,  exit  out  and  delete  my  browser  history .  I  continued  as  if  I  hadn âĢ Ļ t  read  anything  at  all .  I  went  to  sem inary ,  sacrament  meeting ,  mutual ,  etc ..  At  this  time  in  my  life ,  guilt  and  confusion  filled  me ."
shabbat,1098,",  pier c ings ,  and  tan  lines .  Oh ,  and  elf  ears  and  monster  eyes  are  options  too .  Man ik ins  start  at  $ 5 , 500 ,  but  if  you  want  a  completely  custom  body  or  head ,  expect  to  spend  quite  a  bit  more . 
 
 P le asure  your  partner  ( or  yourself )  with  remote"
shabbat,1098," a  little  bit .  To  stitch  the  images  ( or  build  a  3 D  model ),  you  find  matching  regions  in  the  image  from  adjacent  cameras .  These  are  called  âĢ ĺ point  correspond ences . âĢ Ļ  So  if  you  start  with  a  few  pixels  from  camera  A ,  and  you âĢ Ļ re  looking  in  camera  B âĢ Ļ s  footage"
shabbat,1098," little  or  no  dis employment  effects  of  the  minimum  wage  is  not  generated  from  models  related  to  the  matching  studies  described  in  the  previous  section .  Instead ,  the  study  uses  the  methods  that  are  usually  employed  by  Ne um ark  and  Was cher . 
 
 The  method  has  also  been  extended  beyond  standard  employment  outcomes  for  the  United  States .  Couch"
shabbat,1098," end ,  just  to  get  them  to  sort  back  to  the  top  of  my  list .  Ves per  notes  are  like  cards  in  a  stack — it âĢ Ļ s  easy  to  move  one  to  the  top  of  the  stack . 
 
 The  last ,  feel ,  is  the  most  subjective .  But  I  think  we âĢ Ļ ve  achieved  something  special"
shabbat,1098," Î± - MS H ,  neuro pe pt ide  Y  ( NP Y ),  oxy toc in  ( OT )  and  vas op ress in  ( VP )  were  measured  by  EL ISA ,  as  described  elsewhere  [ 24 ].  Synt hetic  ACT H ,  CR H ,  Î± - MS H ,  NP Y ,  OT  and  VP  pept ides  ( B"
shabbat,1098," scene  that  happens  concurrently  with  three  other  key  moments  in  the  DC N u  ( page  12 ,  panel  4 ).  A  few  seconds  and  two  panels  later  Aqu aman  says  "" I  don 't  talk  to  fish ,""  but  she 's  looking  in  completely  the  opposite  direction .  One  of  the  themes  of  the  new  series  is  the  perception  the  general  public"
shabbat,1098," Shah ,  and  another  about  the  surveillance  of  a  young  woman  by  Shah ,  assumed  to  be  under  Modi âĢ Ļ s  instructions .  Various  st ings  by  anti - B JP  media  outfits  targeted  Gujarat  and  the  BJP . 
 
 This  is  not  an  exhaustive  list  of  all  the  ways  in  which  Modi  was  targeted ,  but  merely  an  indicative  list"
shabbat,1098," gets  to  the  point . 
 
 And  the  tone  was  unusual .  They  were  both  sto ical  and  poignant .  These  are  two  qualities  that  rarely  go  together ;  we  tend  to  think  of  sto icism  as  a  kind  of  armour  worn  against  our  emotions ,  and  po ign ancy  as  the  breaking  through ,  into  our  stream  of  consciousness ,  of"
shabbat,1098," offices  in  London ,  Toronto ,  Singapore  and  Sao  Paulo ,  UFC  produces  more  than  40  live  events  annually  that  consistently  sell  out  some  of  the  most  prestigious  arenas  around  the  globe .  UFC  programming  is  broadcast  in  129  countries  and  territories  to  nearly  800  million  TV  households  worldwide  in  28  different  languages .  The  UFC  has  a  multi - year  broadcast  agreement"
shabbat,1098,"EG UN DO ,  CA  —  At  around  2 : 15  PM  on  the  afternoon  of  September  30 ,  2011 ,  defenseman  Drew  Dough ty  emerged  from  the  dressing  room  for  his  first  training  camp  skate .  That  moment  was  the  first  publicly  visible  sign  that  the  Los  Angeles  Kings  had  become  whole  once  again . 
 
 Late  Thursday  night ,  the"
shabbat,1098," a  possible  1 , 100  head ;  feed  and  care  at  $ 8  per  head  for  $ 44 , 000 ;  and  transportation  at  $ 4 . 50  per  mile . 
 
 After  the  armed  standoff  ended  April  12 ,  2014 ,  when  BLM  agents  allowed  Bundy âĢ Ļ s  supporters  to  release  all  the  cattle  from  the  cor ral ,  the"
shabbat,1098," hacked ,  well ,  everything . This  video  has  been  removed .  This  could  be  because  it  launched  early ,  our  rights  have  expired ,  there  was  a  legal  issue ,  or  for  another  reason . 
 
 The  television  presenter  Keith  Che g win ,  who  made  his  name  presenting  the  popular  children âĢ Ļ s  shows  Che gg ers  Plays  Pop"
shabbat,1098," We  definitely  feel  God  protected  us .  My  neighbor âĢ Ļ s  house  is  gone .  My  husband âĢ Ļ s  out  there  digging  for  bodies . âĢ Ŀ 
 
 Richard  Johnson  in  O so  and  Julie  Tate  and  Alice  Crit es  in  Washington  contributed  to  this  report . By :  Laura  Me yers 
 
 You  know  that  one  neighbor  that"
shabbat,1098," primary  in  the  spring  so  obviously  the  citizens  of  her  precinct  don âĢ Ļ t  think  she âĢ Ļ s  doing  a  bad  job , âĢ Ŀ  he  said . 
 
 The  commission  asked  the  Supreme  Court  to  indefinitely  suspend  Green  from  the  bench  while  its  motion  plays  out ,  its  executive  director  Eric  V inson  said  Thursday  in  a  phone  interview"
shabbat,1098,"- Zero  as  Sub - Zero  revealed  that  Quan  Chi  was  responsible  for  the  murder  of  Han zo 's  family  and  clan .  When  the  Special  Forces  capture  Quan  Chi ,  Han zo  and  the  Shir ai  Ryu  sub due  them ,  with  Han zo  single handedly  defeating  Johnny  Cage  and  Kens hi .  Fuel ed  by  revenge ,  he  was  oblivious  to"
shabbat,1098," always  grooming ,  babys itting  and  checking  up  on  the  p ups . 
 
 "" It 's  incredible  to  see  such  a  young  me erk at  stepping  up  and  taking  on  that  responsibility ,""  Ms  Mah oney  said . 
 
 The  sex  of  the  p ups  will  be  confirmed  at  their  first  veterinary  examination  next  month ,  but  keep ers  suspect"
shabbat,1098," the  names  of  all  types  of  people  for  no  reason  at  all ,  but  we  can âĢ Ļ t  remember  the  name  of  a  man  such  as  this ?!  My  daughter ,  from  my  earliest  memory  I  recall  each  and  every  person  who  ever  did  me  a  favor ,  and  as  I  remember  each  person  I  remember  his  name .  But  it âĢ"
shabbat,1098," next  to  a  white  stuffed  bunny ,  and  closes  her  eyes  for  a  moment ,  trying  to  understand  why  only  one  of  her  two  daughters ,  15 - year - old  Ken za ,  is  still  there  --  and  why  Sah ra  has  abandoned  her . 
 
 Not  much  of  Sah ra  is  left  in  the  room :  her  stuffed  rabbit ,"
shabbat,1098," Tr anch ina  is  able  to  crowd - fund  $ 10 , 000  from  other  citizens  opposing  these  laws ,  he  will  be  able  to  launch  a  campaign  to  challenge  the  claims  of  Republican  legislators  promulg ating  these  laws .  The  first  person  who  can  deliver  ver ifiable  proof  that  more  than  0 . 1 %  votes  were  fraudulent  in  any  statewide  or"
shabbat,1098," or  that  truth  will  prevail  in  the  long  run ,  may  itself  be  an  example  of  the  resistance  of  false  factual  propositions  to  argument  and  count ere x ample . âĢ Ŀ 
 
 These  days ,  the  most  obvious  problem  with  the  notion  of  a  marketplace  of  ideas  is  balk an ization :  instead  of  there  being  an  overarching  marketplace  where  truth"
shabbat,1098,"
 H ang  in  there  ðŁĻĤ  Please  share  if  you  think  this  will  reach  someone  it  could  help !  and  like  this  post  to  give  it  a  better  chance  to  reach  them !  and  seriously  if  you  have  a  tip  that  works  for  you âĢ¦ comment  and  save  someone  the  energy  they  need  to  keep  them  upright  and  their  face  out  of  the"
shabbat,1098,"
 
 That âĢ Ļ s  our  short list  for  who  might  be  Lieutenant  Conn ix âĢ Ļ s  baby  daddy .  Wh omever  it  is  is  going  to  have  their  hands  full  juggling  a  newborn  along  with  their  regular  responsibilities .  Good  luck  to  all  the  men  in  question !  Wh om  do  you  think  is  the  father ?  Let  is  know"
shabbat,1098," some  sample  images  on  the  S int hetics  website ),  and  they  can  be  completely  customized  to  your  personal  likes  and  ( if  applicable )  fet ishes .  Bre asts  and  pen ises  come  in  all  sizes ,  you  can  say  where  you  want  hair  and  where  you  don âĢ Ļ t ,  and  you  can  even  give  your  new  friend  things  like"
shabbat,1098," This  guy ?  Really ?  pic . twitter . com / Z UG p L q eq Me  —  Nick  (@ Nick _ Fal co )  October  15 ,  2017 
 
 It  seems  to  me  that  Nick  Fal co  has  provided  a  plethora  of  evidence ,  just  in  his  being  banned  from  the  hotel  that  attorney  Brian  Clay pool  may  have  a"
shabbat,1098," soon  after  the  move .  During  World  War  I ,  the  pair  contributed  to  the  research  effort  examining  the  effects  of  shock .  As  part  of  this  work ,  Er l anger  was  able  to  produce  heart  block  in  an  animal  model  by  clamp ing  the  bundle  of  His  and  tightening  it .[ 4 ]  Together ,  they  managed  to  amplify  the  action"
shabbat,1098," a  small  not epad ,  and  thus  should  not  be  weighted  with  the  same  degree  of  importance  as  if  they âĢ Ļ d  come  from  Bio Ware .  Any  errors  reporting  are  my  own ,  not  theirs . 
 
 Questions 
 
 1 )  Will  we  get  Legacy  Dat ac rons ? 
 
 Jes se  Sky :  High  on  his  own"
shabbat,1098," supply ,  thus  increasing  its  autonomy . 
 
 Read  the  entire  study  at  Proceedings  of  the  IEEE :  "" Ne uro grid :  A  Mixed - An alog - Digital  Mult ich ip  System  for  Large - Scale  Neural  Sim ulations .""  Supplemental  information  via  Stanford . 
 
 Image :  Kurt  Hick man / Stan ford . 
 
 Follow  me"
shabbat,1098,"ving  community  of  well  over  1 , 000  residents  dwind led  to  less  than  200 ,  and  people  were  afraid  the  school  and  medical  center  would  be  closed  and  they  would  all  have  to  leave .  But  in  the  late  1970 s  a  new  wave  of  tourism  reversed  this  trend .  As  the  economy  of  Michigan  improved ,  along  with  the  pressure  and"
shabbat,13903,".  The  Falcon  9  rocket  successfully  delivered  two  satellites  to  orbit ,  however  when  it  returned  to  Earth  everything  did  not  go  exactly  to  plan .  The  live  video  feed  cut  out  so  we  weren 't  sure  exactly  what  happened ,  but  now  Elon  Musk  has  tweeted  video  from  afar  showing  the  landing  process .  According  to  Musk ,  one  of  the  engines"
shabbat,13903," Kos ov its a  G  T oli  E  Li ak os  A  Personality  and  psychopath ology  in  patients  with  primary  S j og ren âĢ Ļ s  syndrome  ,  Ter  Ark h  ,  1988  ,  vol .  60  ( pg .  49  -  52  )  ,  vol .( pg .  3  D ros os  AA  Angel opoulos  NV  Li ak os  A  M"
shabbat,13903," sure  it  was  correct .  The  escort  service  ads  came  up  again . 
 
 Roberts on  called  Thomas  Mars ,  an  attorney  who  is  representing  former  Ole  Miss  coach  Houston  Nut t  in  his  defamation  lawsuit  against  Ole  Miss .  Mars  had  been  introduced  to  Robertson  through  a  third  party  he  found  while  doing  online  research  into  Nut t 's  case ."
shabbat,13903," of  a  diagnostic  interview  and  a  diagnosis  according  to  the  current  psychiatric  diagnostic  system .  The  absence  of  imaging  data  of  the  CNS  cannot  exclude  the  possibility  that  our  findings  may  be  attributed  to  p SS - related  CNS  involvement . 
 
 In  conclusion ,  p SS  patients  present  a  wide  range  of  major  psychopath ological  features  mainly  determined  by  prem or"
shabbat,13903," this  optimization .  The  way  it  works  is  that  memory  which  is  allocated  once  on  startup  is  deemed  to  be  permanently  allocated .  Similarly ,  memory  which  is  allocated  once  for  a  new  game  level  is  deemed  to  be  permanently  allocated .  Memory  which  is  dynamically  allocated  and  freed  in  a  arbitrary  or  out - of - order  way  is  deemed  to  be"
shabbat,13903,"oner  ( L ans down e / Le in ster ),  Paul  O âĢ Ļ Connell  ( Young  Mun ster )  ( capt ),  Peter  O âĢ Ļ Mah ony  ( C ork  Constitution / M un ster ),  Sean  O âĢ Ļ Brien  ( U CD / Le in ster ),  Jamie  He as lip  ( Dub lin  University / Le in"
shabbat,13903," massage  par lor ,  saying  she  found  the  officer âĢ Ļ s  behavior  âĢ ľ just  disgusting . âĢ Ŀ  Mori arity  sent  the  case  to  City  Attorney  Susan  Se gal  and  asked  for  a  dismissal ,  but  Se gal  declined . 
 
 On  the  recording ,  after  nearly  30  minutes  of  small  talk  about  tattoos ,  the  weather  and  his  broken"
shabbat,13903," opportunities  in  the  area  of  small  satellites ,  consumer  electronics  in  space  and  space  tourism . 
 
 This  is  to  the  advantage  of  high  tech  countries  with  less  of  an  established  space  industry ,  as  this  market  will  depend  less  on  established  infrastructure  and  businesses ,  and  more  on  innovation  and  technology  transfer . 
 
 But  failure  to  engage  with  this"
shabbat,13903, when  they  get  in  the  way  of  public - policy  objectives . âĢ Ŀ  I  hope  I âĢ Ļ ve  made  it  clear  why  this  is  not  an  accurate  description  of  my  position .  I âĢ Ļ d  group  churches  and  nonprofit  organizations — just  not  businesses — with  individuals .  The  history  I  keep  flashing  back  to  is  the  sit - ins
shabbat,13903," are  typically  associated  with  having  a  specific  religious  belief ,  which  would  fit  poorly  with  the  range  of  religious  positions  ( or  lack  thereof )  of  the  playable  races . 
 
 With  that  said ,  the  term  âĢ ĺ guard ian âĢ Ļ  has  made  for  a  fair  label .  It  may  not  be  as  ev ocative  as  terms  like  âĢ ĺ"
shabbat,13903,"il  gul  gh ya ,  god ,  god  b ola ,'  ( Have  til g ul ,  talk  sweet ly )  the  traditional  greeting  on  Mak ar  S ank rant ,  at  Mal ad  on  Friday .  While  his  speech  saw  a  huge  crowd ,  it  seems  some  had  gathered  because  they  had  allegedly  been  sweet - talk ed  into  attending  and  given"
shabbat,13903," by  default  ( ss hd ,  proxy  (  / bin / tiny proxy  - c  / var / t proxy . conf  ),  tcp dump  ... ),  I  advise  users  to  trash  their  routers  because  it 's  trivial  for  an  attacker  to  use  this  router  as  an  attack  vector  ( ie :  hosting  a  sniff ing  tool ,  LAN  hacking ,  active  Mi"
shabbat,13903," Children 's  Memorial  Hospital . 
 
 Check  out  the  shining  moments  from  Fl ipper  Bowl  II ! 
 
 Return ing  Teams  ... remember  where  you  finished  last  year ? This  article  is  about  the  light  machine  gun .  For  the  semi - automatic  hunting  rifle ,  see  Brown ing  BAR 
 
 The  Brown ing  Automatic  Rifle  ( B AR )"
shabbat,13903," capacity ,  reviewing  and  discussing  work  done  by  my  staff ,  or  sitting  in  meetings ,  planning  for  upcoming  enhancements  to  the  site  and  how  design  can  make  them  happen .  The  way  I  usually  put  it  is  that  my  job  as  design  director  isn 't  actually  to  do  great  design ,  but  rather  to  help  create  and  sustain  the  conditions  under  which"
shabbat,13903," 26 . 
 
 With  the  res ounding  success  of  the  j all ik att u  saga  in  neighbouring  Tamil  Nadu ,  it  is  now  the  turn  of  And hra  Pradesh  to  follow  suit .  Only  this  time ,  the  purpose  is  to  ensure  that  the  Centre  acc ords  âĢ ĺ special  status âĢ Ļ  to  the  state . 
 
 Several  Whats"
shabbat,13903," the  death  of  Sarah  Gu ill ot - Guy ard ,  the  Cir que  du  Sole il  performer  who  fell  94  feet  during  the  clim actic  scene  of  Ka  on  June  29  and  later  died .  OS HA  determined  that  accident  happened  when  the  wire  rope  she  was  suspended  from  broke .  According  to  the  report ,  the  wire  rope  âĢ ľ was"
shabbat,13903," wisdom  of  our  weight lifting  fore father s  before  they  passed  away . 
 
 Anyway  these  are  the  result  of  some  mental  exped itions  that  I  took  while  attending  this  year âĢ Ļ s  A O . "" D uku ""  redirect s  here .  For  the  malware ,  see  Du qu 
 
 L ans ium  parasitic um  Lan z ones"
shabbat,13903,"O . P  repeatedly  r apped  âĢ ľ b itch âĢ Ŀ  despite  his  line  only  requiring  him  to  say  it  once .  And  at  the  end ,  G - Dragon  introduced  the  final  song  as  âĢ ľ F ANT AST IC  M OTHER F UCK ING  B AB Y . âĢ Ŀ 
 
 Of  course ,  there  are  more  moments  that"
shabbat,13903," coefficients ;  an  alternative  is  to  group  any  complex  poles  in  conj ug ate  pairs  and  use  a  block - di agonal  \(  A  \ )  matrix  with  block  elements  that  are  either  1 x 1  for  real  poles ,  or  2 x 2  of  the  form  \(  \ begin { b mat rix } - \ s igma & \ ome ga"
shabbat,13903,"t  mean  simply  wrapping  the  application  in  a  Web View  and  shipping .  For  performance  reasons ,  and  since  the  canvas  API  is  easily  reprodu cible  on  these  platforms ,  all  rendering  will  use  the  native  rendering  pipeline  on  those  platforms .  This  is  the  result  of  not  having  any  DOM  to  worry  about ,  all  you  need  is  a  JS  engine ,"
shabbat,13903,",  that  he  believes  McCoy  will  come  in  as  the  team âĢ Ļ s  starting  QB  next  season .  Car ucci  told  us  that  the  Browns  scouting  department  has  done  such  a  bang - up  job  on  the  defensive  side  of  the  ball  ( draft ing  four  defensive  starters  in  the  last  two  drafts )  that  he  believed  2012  would  be  the  year"
shabbat,13903," these  initial  appearances  let  on ; ""[ 80 ]  In  2013 ,  he  was  named  runner - up  to  K rat os  as  the  "" most  bad - ass ""  video  game  character  by  The  Ultimate  Gamer .[ 81 ]  Scorpion  was  voted  the  series '  greatest  character  in  a  2013  fan  poll  hosted  by  D ork ly ,[ 82 ]  and  finished"
shabbat,13903,"/ Getty  Images 
 
 Jeff  Car val ho ,  executive  editor  at  High sn ob iety  and  Select ism ,  says  one  way  they âĢ Ļ re  trying  to  differentiate  themselves  from  the  glut  of  sites  out  there  is  by  cultivating  a  unique  perspective  and  original  voice ,  something  he  originally  avoided  when  he  started  at  Select ism  in  2007 . 
"
shabbat,13903," and  inequality .  Without  strong  institutions ,  the  people  come  to  rely  more  on  their  z a âĢ Ļ ims ,  and  are  coerced  into  favoring  privatization  ( which  serves  the  z ai âĢ Ļ ms  and  their  inner  circle )  over  rest orative  public  policies .  This  is  turn  feeds  the  cycle  of  power lessness  and  separat eness . 
 
 On"
shabbat,13903," demand  —  and  receive  —  a  new  entry  gate  for  their  convenience . 
 
 The  courts hip  is  not  subtle :  Mark  Sok ol ich ,  the  Democratic  mayor  of  Fort  Lee ,  later  recounts  that  when  Wild stein  offered  his  family  a  tour ,  he  repeatedly  referred  to  Sok ol ich  as  âĢ ľ the  one  I  was  told  to  be"
shabbat,13903," latest  franchise - based  sporting  competition  in  India ,  following  the  Indian  Premier  League ,  Indian  Super  League  and  Premier  Bad m inton  League . Fans  who  can 't  make  it  to  University  of  Phoenix  Stadium  for  2014  Arizona  Cardinals  Training  Camp  presented  by  Hyundai  can  follow  the  team 's  practice  on  Tuesday ,  July  29  on  NFL  Network 's  Inside  Training  Camp"
shabbat,13903," to  die  like  that .  No  one ,""  she  said .  "" Someone  knows  who  did  this .  They  need  to  come  forward ."" 
 
 For  Austin âĢ Ļ s  mother ,  Krist ina  Bryant ,  there âĢ Ļ s  still  a  lot  of  pain . 
 
 She  misses  her  son âĢ Ļ s  calls  during  they  day  and  still  waits"
shabbat,13903," is  also  pretty  damn  good  in  his  own  right .  Hudson  can  help  us  fix  a  vast ,  gaping  hole  at  linebacker  that  last  saw  Nik o  K out ou v ides  and  L andon  Johnson  as  dominant  players  a  decade  ago .  Since  they  left  Purdue  had  has  a  revolving  door  of  decent ,  but  not  great  linebackers  and  the  overall  defensive"
shabbat,13903,",  the  Paris - based  Italian  cout ur ier  and  Chan el âĢ Ļ s  nem esis ,  was  most  closely  associated  with  this  movement  and  she  aligned  herself  with  artists  like  Jean  Co ct e au  and  Marcel  Vert Ã¨ s .  Sur real ism  made  its  way  into  V ogue ,  too .  Not  only  did  Dal ÃŃ  become  a  frequent"
shabbat,13903," say  the  deck  is  stacked  against  average  Americans .  She  said  Tuesday  in  Iowa  that  she  wants  to  âĢ ľ resh uffle âĢ Ŀ  that  deck .  No  doubt  that  is  a  genuine  belief  from  a  Democratic  politician  looking  at  the  state  of  the  economy  and  comes  with  a  conviction  that  public  policies  can  and  should  be  geared  to  alleviate  the  imbalance ,"
shabbat,13903," to  some  things  that  I  wouldn âĢ Ļ t  have  maybe  been  able  to  do  otherwise . 
 
 P aste :  So  Mind  MG MT .  has  Mer u  and  Dept .  H .  has  another  two - cons on ant  M - name  female  journalist — M ia .  Are  the  works  in  dialogue  within  one  another ?  Or  is  this"
shabbat,13903," s Ã© ries  Vintage  Bright 
 
 âĢ¢  X SR  s Ã© ries 
 
 âĢ¢  Art isan  S Ã© ries The  D NI  report  was  more  about  slamming  RT  ( Russia  Today )  propaganda  than  it  was  about  proving  the  Russians  hacked .  The  report  doesn âĢ Ļ t  put  much  emphasis  on  Russians  hacking  elections ,  it  focuses  on  Russians  âĢ"
shabbat,13903," than  conservatives .  However ,  it  may  be  that  liberals  are  not  more  complex  in  general  ,  but  rather  only  more  complex  on  certain  topic  domains  ( while  conservatives  are  more  complex  in  other  domains ).  Four  studies  ( com pr ised  of  over  2 , 500  participants )  evaluated  this  idea .  Study  1  involves  the  domain  specificity  of  a  self âĢĲ"
shabbat,13903," to  mind  the  earlier  works  of  Reg is ,  it 's  un character istically  dark  for  R rose . What :  Oz om at li  –  San  Diego  Symphony 
 
 When :  Sunday  August  24 ,  2014 
 
 Where :  Emb arc ad ero  Marina  Park  South ,  San  Diego 
 
 Description :  By  combining  hip - hop ,  salsa"
shabbat,13903," trying  to  distract  us ,  as  opposed  to  getting  himself  distracted  to  an  alarming  degree ,  how  much  more  important  is  it  to  explain ,  for  example ,  that  âĢ ľ Trump  takes  to  Twitter  to  distract  from  secretary  of  state  paralysis âĢ Ŀ ?  ( But  unless  someone  is  priv y  to  the  inner  thoughts  of  Trump ,  we  really  do  not"
shabbat,13903," to  find  her ? âĢ Ŀ  asked  Fl icker . 
 
 J ourney man  met  her  eyes ,  then  looked  down .  "" I  looked  around  a  bit ,  in  the  abandoned  buildings  nearby  where  she âĢ Ļ d  been  living .  Most  of  the  stuff  I âĢ Ļ d  brought  her  was  still  there ,  but  there  were  some  clothes  and"
shabbat,13903,"âĢ ľ No  fre eman  may  be  taken  or  imprisoned  or  be  disse ized  of  his  free hold  or  liberties ,  or  his  free  customs ,  or  be  outlawed  or  exiled ,  or  in  any  manner  destroyed ,  but  by  the  lawful  judgement  of  his  peers ,  or  by  the  law  of  the  land . âĢ Ŀ 
 
 These  words  were  first"
shabbat,13903," Reg ards  Ni els 
 
 Jo ining  Emb arc ad ero  as  Del phi  Product  Manager  Cong rat ulation  Marco ,  this  a  big  gain  for  the  whole  Del phi  community  and  gives  me  more  confidence  in  the  future  of  Del phi !  ; -)  Reg ards  Ni els 
 
 Jo ining  Emb arc ad ero  as  Del phi  Product  Manager"
shabbat,13903," Person  A  scores  higher  than  Person  B ,  we  can  feel  more  confident  that  the  output  of  Person  A  is  indeed  more  complex  than  Person  B  on  that  domain .  Thus ,  this  provides  a  more  direct  marker  of  the  outcome  of  interest — complex ity — than  do  more  indirect  measurements  of  a  self âĢĲ reported  motive  that  is  expected  to  be"
shabbat,13903," amongst  Belgian  college  students  with  three  measurements  of  complexity ,  and  none  of  the  measurements  was  statistically  significant .  Further ,  in  Soviet  Russia ,  leftist  communist  leaders  were  less  integ r atively  complex  than  capital istic  reform ers  who  had  a  more  conservative  ideology  ( T et lock  &  Bo ett ger ,  1989 ).  Quite  a  bit  of  research  on  Canadian"
shabbat,13903," S  J ons son  R  ,  et  al .  Classification  criteria  for  S j og ren âĢ Ļ s  syndrome :  a  revised  version  of  the  European  criteria  proposed  by  the  American - European  Cons ensus  Group  ,  Ann  R he um  Dis  ,  2002  ,  vol .  61  ( pg .  5 54  -  8  )  ,  vol .( pg .  28"
shabbat,13903," tyres  up  and  down  Arthur âĢ Ļ s  Seat  in  Edinburgh  –  my  employer  was  very  understanding . 
 
 L unch  would  be  a  whole  chicken  followed  by  a  pint  of  cream  down  in  one .  The  best  time  of  day  would  be  3 pm  when  I âĢ Ļ d  eat  a  whole  cake  or  a  couple  of  packets  of  biscuits ."
shabbat,13903,"âĢ Ŀ  are  allegedly  derived  not  from  academic  training ,  but  instead  primarily  from  lived  experience .)  To  âĢ ľ âĢ Ļ spl ain âĢ Ŀ  is  âĢ ľ to  explain  or  comment  on  something  in  a  condesc ending ,  over conf ident ,  and  often  inaccurate  or  overs impl ified  manner ,  from  the  perspective  of  the  group  one  identifies  with ."
shabbat,13903," wanted  to  restore  the  whole  patient  to  scientific  papers ,  and  leave  aside  the  abstract ions ,  and  even ,  he  confessed ,  the  description  of  personality  with  statistics .  Can  we  human  beings  be  understood  solely  in  terms  of  our  elements ,  our  molecules ,  atoms ,  our  parts ,  our  circuits ,  our  reflex es ,  even  our  behaviours ?  Or"
shabbat,13903," picks  up  Wild stein  and  takes  him  on  a  drive  to  observe  the  traffic .  Then  they  go  to  a  diner ,  where  they  have  breakfast  and  discuss  Christie âĢ Ļ s  presidential  hopes . 
 
 The  first  day  of  the  traffic  pile up . 
 
 All  right ,  so  now  it âĢ Ļ s  September  11 ,  the  most  solemn"
shabbat,15649," in  T arn  Tar an ,  a  day  after  two  people  were  detained  by  the  police . 
 
 On  Monday ,  a  âĢ ĺ gr anth i âĢ Ļ  of  a  g urd w ara  at  N ij j ap ura  village  in  Am rit s ar  district  was  arrested  for  allegedly  des ec rating  the  holy  book  while  a  baptized  woman"
shabbat,15649,"ľ D ign ity  &  Dec orum :  Please  try  not  to  wear  beach  shorts ,  tank  tops ,  and  flip - fl ops  to  the  Holy  Sacrifice  of  the  Mass .  Thank  you . âĢ Ŀ 
 
 In  general ,  casual  has  p umm eled  formal  everywhere  in  America ,  from  airplanes  to  offices .  But  places  of  worship  —  where"
shabbat,15649,"ľ D ign ity  &  Dec orum :  Please  try  not  to  wear  beach  shorts ,  tank  tops ,  and  flip - fl ops  to  the  Holy  Sacrifice  of  the  Mass .  Thank  you . âĢ Ŀ 
 
 In  general ,  casual  has  p umm eled  formal  everywhere  in  America ,  from  airplanes  to  offices .  But  places  of  worship  —  where"
shabbat,15649,"mit ry  P onom aren ko ,  pastor  of  the  City  of  Light  Protestant  church ,  said  he  believes  the  starvation  toll  is  in  the  hundreds ,  perhaps  thousands .  His  assessment  is  based  largely  on  accounts  from  parish ion ers  and  300  seniors  who  come  to  his  church  daily  for  a  free  meal .  In  one  month ,  they  reported  more  than"
shabbat,15649," and  reduced  to  homelessness . 
 
 The  stories  these  youth  tell  us  about  the  religion - based  abuse  they  endure  from  their  parents  are  heartbreaking  and  deeply  disturbing . 
 
 I  think  about  the  15 - year - old  boy  from  rural  Delaware  whose  father ,  a  minister  in  the  Church  of  the  Naz are ne ,  attacked  him  when  told"
shabbat,15649," troubling  trends  in  our  secular  culture ,  they  are  no  longer  a  compatible  partner  in  helping  us  form  young  women  with  the  virtues  and  values  of  the  Gospel . âĢ Ŀ 
 
 In  particular ,  Na umann  pointed  to  the  fact  that  Girl  Scouts  USA  pays  membership  dues  to  the  World  Association  of  Girl  Guides  and  Girl  Scouts  ( W AG GG"
shabbat,15649," take  fool proof  security  arrangements  for  M uh ar ram  process ions  and  congreg ations . 
 
 Besides ,  the  sources  said  transfers  of  the  police  officials  have  also  been  barred  to  put  all  their  energies  on  the  security  arrangements  and  final ization  of  the  security  plan . 
 
 The  police  have  also  been  directed  to  keep  a  check  on  the"
shabbat,15649," his  usur ped  office  and  seek  refuge  in  a  nation  more  of  his  liking .""  Gri ev ances  against  Obama  include  gun - control  proposals ,  immigration  reform  agitation ,  a  departure  from  "" B iblical  morality ,""  alleged  help  for  al - Qaida  associates  in  the  Middle  East ,  an  allegedly  fabricated  birth  certificate  and  executive  actions  that  loop  around  Congress ."
shabbat,15649," speakers  str ung  on  top  of  a  r ick ety  mobile  music  cart .  W orship  In  the  middle ,  girls  to gged  out  in  colourful  local  costumes  swirl  around  doing  the  gar ba ,  a  popular  local  dance .  A  couple  of  camel - drawn  carts  bring  up  the  rear .  One  is  packed  with  toddler  Cha plin  imperson ators .  In"
shabbat,15649," flies  don âĢ Ļ t  know  the  importance  of  Sh abb at  rest ,  for  they  act  on  the  holy  day  as  if  it  were  no  different  from  the  six  work days .  By  the  way ,  my  dear  guest ,  have  others  arrived  with  you  on  the  boat ? âĢ Ŀ  The  inn keeper  answered ,  âĢ ľ The  ship  from  J"
shabbat,15649," earliest  possible  time ,  so  they âĢ Ļ ve  come  to  a  halt .  Do  you  think  that  they  think  I âĢ Ļ ve  forgotten  the  time ?  No ,  indeed ,  but  they âĢ Ļ ve  stopped  a  bit  early  to  give  me  a  moment  to  prepare  myself  before  I  pray . âĢ Ŀ 
 
 He  got  off  the  wagon ,"
shabbat,15649," roughly  familiar  with  these  doctrines .  The urgy  is  touched  on  in  writers  of  late  Ne opl aton ism ,  in  the  late  classical  period ,  such  as  I am bl ich us ,  Por phy ry ,  and  Pro clus .  They âĢ Ļ re  not  well  known  outside  of  specialist  fields ,  unfortunately .  How  have  these  studies  helped  you  personally"
shabbat,15649," but  a  master  strategist  and  the  living  Prophet  of  Gork  and  M ork  –  the  brutal  greens kin  gods .  Already  star  systems  burn  upon  his  orders ,  and  more  will  soon  follow .  Gh az gh k ull  has  called  the  Great  W aa agh !,  drawing  towards  him  the  most  war like  of  his  savage  race .  Goff  war bands ,"
shabbat,15649,"Ļ re  listening  to ,  and  the  two  tracks  I âĢ Ļ ve  chosen  show  that  off  to  the  full .  First ,  Richard  D ering âĢ Ļ s  Italian ate ,  mad rig al - like  âĢ ľ Fact um  est  silent ium âĢ Ŀ ,  which  sets  a  dramatic  passage  from  the  book  of  Revelation .  The  second  extract  is  then"
shabbat,15649," elder  patron  of  Man gh op ir âĢ Ļ s  shrine ,  says  he  believes  the  Taliban  consider  the  local  Su fi  community  a  threat .  The  Su fi  culture  that  thri ves  in  Sind h  is  one  reason  the  Taliban  haven âĢ Ļ t  made  bigger  in roads  in  the  province ,  he  says . 
 
 But  more  and  more  people"
shabbat,15649," starvation  deaths  of  pension ers  in  Donetsk ,  he  said . 
 
 D mit ry  P onom aren ko ,  pastor  of  the  City  of  Light  church  in  Donetsk ,  Ukraine ,  says  church goers  reported  100  starvation  deaths  of  seniors  in  one  month .  He  says  hundreds  are  dying  of  hunger  in  eastern  Ukraine 's  biggest  city .  ( Photo 11"
shabbat,15649," family ,  we  love  this  audi obook .  Brother  Andrew  is  a  modern - day  hero  of  the  faith ,  and  his  stories  are  so  amazing  and  compelling . 
 
 It  inspires  your  faith  to  realize  that  God  uses  real  people  in  such  extraordinary  ways .  I  have  had  the  blessing  of  hearing  Brother  Andrew  speak  in  person  and  he  is  truly"
shabbat,15649," to  its  synagogue . 
 
 I  took  my  staff  and  pack  and  I  walked  to  Z ich ron  Ya akov ,  arriving  toward  the  end  of  the  day .  While  looking  for  a  boarding  house  I  found  my  hand  grasped  by  that  of  Reb  Ch aim  D ov ,  who  said ,  âĢ ľ I  just  mentioned  you  and  here  you  are"
shabbat,15649," cars ,  tires ,  fire  in  order  to  try  to  protect  their  camp ,  parts  of  which  were  demolished  by  police .  Four  people  locked  themselves  to  a  truck  parked  in  the  middle  of  the  highway  in  order  to  stop  the  police  advance .  Eld ers  also  led  prayer  ceremonies  in  front  of  the  police  line .  Some  were  arrested  in  the  middle"
shabbat,15649," one  being  called  the  Great  ( T ov )  Speaker  of  the  Name  or  Baal  She m  T ov  ( B es ht  for  short ).  Pr ayers  written  by  the  Bes ht  are  still  used  in  syn agog ues  all  over  the  world .  Very  few  have  been  called  a  Baal  She m ,  and  Falk  was  one  of  the  most  amazing"
shabbat,15649," of  the  media  landscape ,  pouring  forth  from  the  mouths  of  elected  officials  as  opposed  to  the  im ams  and  Islamic  scholars . 
 
 Moreover ,  when  some  Muslims  and  ex - Muslims  in  addition  to  other  Islamic  scholars  stress  that  Islam  does  in  fact  have  internal  theological  problems ,  then  anxiety  quite  rightly  increases  rather  than  decreases .  On  June  12"
shabbat,15649," breaking  up  with  my  boyfriend ,  I  was  sure  that  I  would  gain  clarity .  I  was  doing  what  the  Lord  wanted  me  to  do ,  he  would  bless  me  with  the  truth .  But  this  never  came .  I  began  to  google  what  I  had  been  taught  all  my  life  was  âĢ ľ anti - m ormon âĢ Ŀ  but  when  I"
shabbat,15649," sending  an  elite  army  rescue  unit  of  engineers  and  doctors  and  US  Navy  vessels  are  making  their  way  there  -  AP  reports . 
 
 1024  The  The  Miami  Herald  has  pictures  of  aid  leaving  Florida  for  Haiti  and  of  the  local  Haitian  community  holding  prayer  vig ils  for  the  country . 
 
 101 3  The  BBC 's  Matthew  Price  in  Port"
shabbat,15649," essays  have  argued . 
 
 âĢ ľ A  woman âĢ Ļ s  breasts  and  buttocks  and  thighs  all  proclaim  the  glory  of  the  Lord , âĢ Ŀ  said  Sharon  Hod de  Miller ,  a  doctoral  student  at  Trinity  Evangel ical  Divinity  School  whose  critique  of  âĢ ľ mod est  is  hottest âĢ Ŀ  in  the  online  evangelical  magazine  Christianity  Today  was  one"
shabbat,15649,"uc chini  and  rice  ( pre pared  by  Metropolitan  Min istries )  and  hand  them  to  four  other  volunteers  who ,  acting  as  wait ers  and  wait resses ,  distribute  them  to  the  hungry . 
 
 Most  of  the  din ers  say  âĢ ľ Thank  you âĢ Ŀ  or  âĢ ľ God  bless  you , âĢ Ŀ  but  a  few  are  so"
shabbat,15649," a  Church  of  England  primary  in  Liverpool 
 
 Cat hedral  Enterprise  School ,  a  Church  of  England  secondary  in  Bristol 
 
 East  Village  C  of  E  Academy ,  a  primary  school  in  Sw ind on 
 
 Middle  W ic hel  CE  ( Primary )  Academy  also  in  Sw ind on 
 
 In  addition ,  two  new  Hindu  schools  have"
shabbat,15649," would  require  at  least  one  victim  to  come  forward  who  is  either  from  this  jurisdiction  or  was  abused  here .  The  third  option  is  for  individuals  to  lodge  civil  claims ,""  said  Stephens . 
 
 He  said  he  had  recently  been  approached  by  seven  wealthy  individuals  who  donated  money  to  the  Catholic  church  and  were  dismay ed  their  money  had  not  only"
shabbat,15649," the  flock  of  hundreds  of  persons  attending  the  mosque  daily . God  is  in  the  details .  So  they  say .  Words  I  tend  to  live  by . 
 
 My  next  two  posts  will  be  a  reflection  on  exactly  that .  I  have  talked  before  about  my  biggest  struggle  in  doing  a  show  like  this ,  where  the  Costume  team  has  an"
shabbat,15649," he  trusted  God ,  prayed  and  believed  that  God  was  with  him .  He  was  able  to  get  into  China  when  everyone  told  him  it  was  impossible .  Nothing  is  impossible  with  God !  Andrew 's  heart  for  evangel ism  is  truly  inspirational  and  made  me  examine  my  own  commitment  to  sharing  the  gospel .  I  was  also  convicted  by  Andrew âĢ Ļ"
shabbat,15649," chron icle  of  faith  and  abuse ,  but  her  decision  to  include  an  audio  recording  that  was  used  at  Mr .  Jeff s âĢ Ļ s  trial  of  him  allegedly  mol esting  a  12 - year - old  girl  was  wrong .  This  decision  contrasts  sharply  with  the  scene  in  the  documentary  âĢ ľ G ri zz ly  Man , âĢ Ŀ  when"
shabbat,15649," thus  giving  religion  an  unw arranted  central ity  in  his  analysis  of  the  causes  of  the  rebellion ,  Sav ark ar ,  says  J y ot irm aya  Sharma ,  expressed  j ub ilation  in  his  accounts  of  the  rebellion  âĢ ľ at  every  instance  of  a  church  being  fell ed ,  a  cross  being  smashed  and  every  Christian  being  âĢ ĺ s"
shabbat,15649," paying  lawyers  to  investigate  the  possibility  of  prosecuting  the  pope  for  crimes  against  humanity ,  their  solicitor  confirmed  today . 
 
 The  pair  argue  that  Pope  Benedict  XVI  should  be  arrested  when  he  visits  Britain  in  September  and  put  on  trial  for  his  alleged  cover - up  of  sexual  abuse  in  the  Catholic  church .  Last  week  a  letter  emerged  from  1985"
shabbat,15649," at  the  schools . 
 
 The  School  Committee  chair woman ,  Rebecca  Stone ,  said  the  new  policy  was  approved  in  the  spring  after  discussion  began  over  saying  the  pledge  at  the  Dev otion  School ,  where  rec itations  were  not  a  regular  occurrence .  While  weekly  rec itations  of  the  pledge  had  been  held  at  most  Brook line  K - through"
shabbat,15649," so  that  I  could  benefit  from  the  work  God  is  doing  through  the  faithful .  It  true ly  was  a  great  book  to  listen  to !  Overall 
 
 This  is  an  excellent  recording  of  a  well  written  book  chronic ling  the  story  God  has  written  in  the  life  of  Brother  Andrew .  Andrew 's  inability  and  God 's  ability  are  shown  over"
shabbat,15649," have  one  regret .  Back  then  I  would  awake  each  morning  to  the  tune  of  the  Tal mud  page  my  husband  would  study ,  as  he  sat  learning  from  a  large  volume  of  Tal mud .  And  now ,  oy ,  if  only  âĢ¦  Here  he  comes . âĢ Ŀ 
 
 A  tall ,  thin  man  with  sunk en  cheeks  and  a"
shabbat,15649," Al - M adin ah ,  which  opened  as  a  free  school  in  September  last  year ,  had  alleged  that  girls  were  forced  to  sit  at  the  back  of  the  classroom . 
 
 Un named  female  staff  members  have  also  claimed  they  were  forced  to  conform  to  a  strict  dress  code  including  wearing  a  head  scarf  or  hijab  -  whether  or  not"
shabbat,15649," Collections  when  it  was  used  as  an  example  as  being  something  in  the  Collections ? 
 
 Eric  Mus co :  ( He  got  very  honest  and  open  with  us  on  this  one .)  Rev an âĢ Ļ s  Mask  should  not  have  been  used  as  an  example .  It  was  an  honest  mistake .  Rev an âĢ Ļ s  Mask  is  about"
shabbat,15649," be  the  new  normal .  Ever  since  the  self - proclaimed  Islamic  State  started  to  seize  sw aths  of  Iraq  and  Syria ,  j ihadi  s iren  songs  on  social  media  have  ent iced  a  growing  pool  of  would - be  recruits  from  the  West .  The  conflict  has  no  end  in  sight  and  police  are  increasingly  put  into  the  position  of  trying"
shabbat,15649,"
 
 The  art  of  dying  is  not  learned  on  the  death bed . 
 
 These  things ,  in  Oliver  S acks ,  it  seems  to  me ,  are  all  of  a  piece :  his  love ,  since  he  was  a  boy ,  of  the  close  study  of  particulars  in  nature ;  his  joyful  wonder ,  and  ins at iable  curiosity ;"
shabbat,15649,".  Warden  of  the  Southern  Mar ches :  Created  by  Robb  Stark  for  his  uncle  Bry nd en  T ully  in  recognition  for  his  military  prowess  during  the  War  of  the  Five  Kings .  Currently  held  by  Bry nd en  T ully . 
 
 In  The  World  of  Ice  &  Fire  and  Fire  &  Blood ,  a  fifth  major  Warden  title  called"
shabbat,15649,"man ,  who  art  directs  the  Book  Review  section . 
 
 Photo 
 
 For  each  new  blog ,  they  work  together  to  brainstorm  a  concept ,  select  a  freelance  illust rator ,  and  art  direct  its  execution .  Within  that  fairly  restrictive  formula  we 've  set  for  the  art ,  I  think  they 've  done  an  amazing  job  cultivating  a  great"
shabbat,15649,"s  Half . com  and  the  archives  to  Google .  Google  took  the  archives  from  De ja  and  integrated  it  into  Google  Groups . 
 
 âĢ ľ We  welcome  De ja âĢ Ļ s  loyal  users  into  the  growing  community  of  Google  users  worldwide , âĢ Ŀ  stated  Larry  Page  in  a  press  release  from  2001 ,  who  was  the  CEO  of"
shabbat,15649,"ange  has  since  been  vague  as  to  how  he  will  proceed .  Speaking  to  British  channel  ITV ,  he  said  he  may  consider  going  to  the  US  to  help  close  the  Do J  investigation  once  and  for  all :  "" If  to  settle  the  matter  it  requires  going  to  the  United  States ,  where  certain  circumstances  and  where  my  rights  are  protected  then"
shabbat,15649," they  responded  tremendously . 
 
 "" It  takes  a  lot  of  good  players  to  get  1 , 000  wins .  When  I  look  back  on  it ,  I  think  about  Billy  Best  coaching  with  me  my  first  five  years  here  and  all  the  things  he  did  and  what  a  great  person  he  is .  I  think  about  Chris  Com bs ,  Tom"
shabbat,15649," how  society  and  the  economy  work  are  formed .  Gu il iano  and  Sp il im ber go  match  each  generation 's  responses  to  yearly  economic  events ,  nationally  and  region ally ,  and  refine  them  to  include  other  economic  factors  such  as  volatility ,  bo oms ,  and  regional  GDP  growth .  The  G SS  data  also  contain  background  information  on  each"
shabbat,16003,Û Į  -  Kurdish  ( S or ani )  à¤ ® à¤ ° à¤¾ à¤ ł à¥ Ģ  -  Mar athi  à¤ ¹ à¤ ¿ à¤ ¨ à¥ į à¤ ¦ à¥ Ģ  -  Hindi  Ã Ń sl ens ka  -  Icelandic   à¦ ¬ à¦ ¾ à¦ Ĥ à¦ ² à¦ ¾  -  Beng ali  à¨ ª à© ° à¨ ľ à¨
shabbat,16003,"u  da  Ä ĳ á º ¥ t  ,  l Ã ² n  bon  ,  b Ã ² n  bon 
 
 ,  ,  Miz o  language  :  p ang kai 
 
 C ult iv ars  [  edit  ] 
 
 L .  parasitic um  sold  in  a  bunch  in  a  roadside  stall  in  sold  in  a  bunch  in  a  roadside  stall"
shabbat,16003,"u  da  Ä ĳ á º ¥ t  ,  l Ã ² n  bon  ,  b Ã ² n  bon 
 
 ,  ,  Miz o  language  :  p ang kai 
 
 C ult iv ars  [  edit  ] 
 
 L .  parasitic um  sold  in  a  bunch  in  a  roadside  stall  in  sold  in  a  bunch  in  a  roadside  stall"
shabbat,16003,"u  da  Ä ĳ á º ¥ t  ,  l Ã ² n  bon  ,  b Ã ² n  bon 
 
 ,  ,  Miz o  language  :  p ang kai 
 
 C ult iv ars  [  edit  ] 
 
 L .  parasitic um  sold  in  a  bunch  in  a  roadside  stall  in  sold  in  a  bunch  in  a  roadside  stall"
shabbat,16003," at  the  age  of  39  years .  E iji  1 ,  on  the  7 th  day  of  the  12 th  month  ( æ° ¸ æ ² » åħ ĥ å¹ ´ ;  11 41 ):  In  the  18 th  year  of  Sut oku - ten n Åį 's  reign  ( å ´ ĩ å¾ ³ å¤© çļ ĩ åį ģ åħ « å¹"
shabbat,16003,à ¶ ½  -  Sin h ala   à¸ ł à¸ ² à¸ © à¸ ² à¹ Ħ à¸ Ĺ à¸ ¢  -  Thai  á Ģ Ļ á Ģ ¼ á Ģ Ķ á Ģ º á Ģ Ļ á Ģ ¬ á Ģ ĺ á Ģ ¬ á Ģ ŀ á Ģ ¬  -  Myanmar  ( Bur m ese )  á ĥ
shabbat,16003,à ¶ ½  -  Sin h ala   à¸ ł à¸ ² à¸ © à¸ ² à¹ Ħ à¸ Ĺ à¸ ¢  -  Thai  á Ģ Ļ á Ģ ¼ á Ģ Ķ á Ģ º á Ģ Ļ á Ģ ¬ á Ģ ĺ á Ģ ¬ á Ģ ŀ á Ģ ¬  -  Myanmar  ( Bur m ese )  á ĥ
shabbat,16003,à ¶ ½  -  Sin h ala   à¸ ł à¸ ² à¸ © à¸ ² à¹ Ħ à¸ Ĺ à¸ ¢  -  Thai  á Ģ Ļ á Ģ ¼ á Ģ Ķ á Ģ º á Ģ Ļ á Ģ ¬ á Ģ ĺ á Ģ ¬ á Ģ ŀ á Ģ ¬  -  Myanmar  ( Bur m ese )  á ĥ
shabbat,16003," the  tree  is  cultivated  in  Thailand  ( Th ai :   à¸ ¥ à¸ ² à¸ ĩ à¸ ª à¸ ² à¸ Ķ ,  l angs at ),  Cambodia ,  Vietnam ,  India ,  and  Malaysia .  Outside  the  region ,  it  has  also  been  successfully  transpl anted  and  introduced  to  Hawaii  and  Sur in am .  It  grows  well  in  the  wet"
shabbat,16003," the  tree  is  cultivated  in  Thailand  ( Th ai :   à¸ ¥ à¸ ² à¸ ĩ à¸ ª à¸ ² à¸ Ķ ,  l angs at ),  Cambodia ,  Vietnam ,  India ,  and  Malaysia .  Outside  the  region ,  it  has  also  been  successfully  transpl anted  and  introduced  to  Hawaii  and  Sur in am .  It  grows  well  in  the  wet"
shabbat,16003," the  tree  is  cultivated  in  Thailand  ( Th ai :   à¸ ¥ à¸ ² à¸ ĩ à¸ ª à¸ ² à¸ Ķ ,  l angs at ),  Cambodia ,  Vietnam ,  India ,  and  Malaysia .  Outside  the  region ,  it  has  also  been  successfully  transpl anted  and  introduced  to  Hawaii  and  Sur in am .  It  grows  well  in  the  wet"
shabbat,16003,a  d ' Ã ² c  -  Occ itan  L iet u vi Å ³  -  Lithuan ian  Mag y ar  -  Hungarian  Mal ay Äģ á¸ · a á¹ ģ  -  Mal ay alam  Malt i  -  Malt ese  N eder lands  -  Dutch  N eder lands  ( in form e el )  -  Dutch  ( in form al )  N ors
shabbat,16003,a  d ' Ã ² c  -  Occ itan  L iet u vi Å ³  -  Lithuan ian  Mag y ar  -  Hungarian  Mal ay Äģ á¸ · a á¹ ģ  -  Mal ay alam  Malt i  -  Malt ese  N eder lands  -  Dutch  N eder lands  ( in form e el )  -  Dutch  ( in form al )  N ors
shabbat,16003,"à¸ ĩ à¸ ª à¸ ² à¸ Ķ )  ( for  the  thin - skinned  variety ),  long k ong  ( à¸ ¥ à¸ Ń à¸ ĩ à¸ ģ à¸ Ń à¸ ĩ )  ( for  the  thick - skinned  variety ) 
 
 ( for  the  thin - skinned  variety ),  ( for  the  thick - skinned  variety )  Vietnamese :  d"
shabbat,16003,"à¸ ĩ à¸ ª à¸ ² à¸ Ķ )  ( for  the  thin - skinned  variety ),  long k ong  ( à¸ ¥ à¸ Ń à¸ ĩ à¸ ģ à¸ Ń à¸ ĩ )  ( for  the  thick - skinned  variety ) 
 
 ( for  the  thin - skinned  variety ),  ( for  the  thick - skinned  variety )  Vietnamese :  d"
shabbat,16003," —  at  dusk ,  we  put  a  small  piece  of  cheese  on  the  end  of  a  bay onet ,  wait  for  a  rat  to  have  a  nib ble ,  and  then  pull  the  trigger . 
 
 Saturday ,  January  8 ,  1916 
 
 R affle  prize :  Harry  won  this  German  sc abb ard  in  a  r affle  and  sent  it"
shabbat,16003,"The  U - 24  player  who  has  the  most  points ?  Rob by  F abb ri ,  another  player  who  was  barely  on  Chi are lli  and  Bowman âĢ Ļ s  radar  three  months  ago . 
 
 General  managers  will  flesh  out  their  World  Cup  rosters  on  Friday ,  May  27  adding  seven  players  apiece . 
 
 Watch  it  live  on"
shabbat,16003,"And ,  then  to  sustained  applause  and  r auc ous  who ops ,  Biden  recognised  G abb ard ,  who  stood  up  and  greeted  the  guests  with  a  n am aste . 
 
 B iden  said ,  "" There  is  a  distinction  that  you  come  to  the  Congress  as  the  first  Hindu  to  be  elected  to  the  legislature  and  I  am  looking"
shabbat,16003," politicians  have  dig ressed  to  fifth -  and  sixth - grad ers .  I âĢ Ļ m  disgusted  with  the  attitude  ( in  politics )  and  the  way  it âĢ Ļ s  being  handled  —  on  all  sides . âĢ Ŀ 
 
 Robin  De F abb io ,  the  Trump  voter  from  Rich land  Center ,  doesn 't  like  Trump 's  style"
shabbat,16003," swamp  that  hasn 't  been  drained . 
 
 âĢ ľ You  just  get  disappointed  on  a  bunch  of  levels ,  not  just  ( with  President  Trump ).  Everything 's  in  grid lock ,  nothing 's  moving . âĢ Ŀ  Robin  De F abb io ,  Rich land  Center ,  Wis . 
 
 âĢ ľ You  just  get  disappointed  on  a  bunch"
shabbat,16003," for  political  change . 
 
 But  today  that  frustration  with  politics  appears  und im inished  and  is  aimed  in  all  directions  —  including  Trump âĢ Ļ s . 
 
 âĢ ľ We âĢ Ļ re  wasting  so  much  time , âĢ Ŀ  said  Trump  voter  Robin  De F abb io ,  interviewed  at  Kelly âĢ Ļ s  Coffee  House  here ."
shabbat,16003, family  who  organized  the  fundraiser  for  his  medical  expenses .  K X AN  Photo /  A lyss a  Go ard . Sen .  John  McCain  John  Sidney  McCain GOP  lobbyists  worry  Trump  l ags  in  K  Street  fundraising  Mark  Kelly  kicks  off  Senate  bid :  âĢ ĺ A  mission  to  lift  up  hard working  Ari zon ans âĢ Ļ  G abb ard  hits
shabbat,16003," vote  by  13  percentage  points  ( 56 - 43 )  over  his  Republican  opponent ,  Sen .  John  McCain  John  Sidney  McCain GOP  lobbyists  worry  Trump  l ags  in  K  Street  fundraising  Mark  Kelly  kicks  off  Senate  bid :  âĢ ĺ A  mission  to  lift  up  hard working  Ari zon ans âĢ Ļ  G abb ard  hits  back  at  Me ghan  McCain  after"
shabbat,16003," vote  by  13  percentage  points  ( 56 - 43 )  over  his  Republican  opponent ,  Sen .  John  McCain  John  Sidney  McCain GOP  lobbyists  worry  Trump  l ags  in  K  Street  fundraising  Mark  Kelly  kicks  off  Senate  bid :  âĢ ĺ A  mission  to  lift  up  hard working  Ari zon ans âĢ Ļ  G abb ard  hits  back  at  Me ghan  McCain  after"
shabbat,16003," of  the  kids  fought  regularly  over .  Residents  weren âĢ Ļ t  allowed  to  leave  the  premises  except  to  attend  school ,  group  trips  escorted  by  staff  members ,  or  chau ffe ured  around  in  vans  to  fulfill  medical  appointments .  Rather  than  engaging  in  squ abb les  with  other  kids  about  which  shows  to  watch  ( Yo  MTV  R aps  was  very"
shabbat,16003," about  20  yards  in  front .  Sc attered  around  were  about  a  dozen  hand - gren ades .  Given  another  five  minutes ,  our  trench  would  have  been  blown  to  bits . 
 
 The  victim  had  got  partly  through  our  bar bed  wire  —  which  is  probably  what  I  heard .  Later ,  we  r aff led  his  bay onet  sc abb"
shabbat,16003," about  20  yards  in  front .  Sc attered  around  were  about  a  dozen  hand - gren ades .  Given  another  five  minutes ,  our  trench  would  have  been  blown  to  bits . 
 
 The  victim  had  got  partly  through  our  bar bed  wire  —  which  is  probably  what  I  heard .  Later ,  we  r aff led  his  bay onet  sc abb"
shabbat,16003," his  faithful  Vice  President  Joseph  Biden  led  the  White  House  celebration  of  Di w ali ,  reflecting  on  the  significance  of  festival  of  lights ,  and  also  acknowledging  the  presence  of  Tuls i  G abb ard ,  the  first  Hindu  American  elected  to  the  US  Congress ,  and  also  Ambassador  Nir up ama  Rao ,  who  like  G abb ard ,  seemed  to"
shabbat,16003," printed  on  one  side  Winchester  Repe ating  Arms  Co ./ New  Haven  Conn .,  and  handwritten  on  the  other  side :  combined  flash  h ider ,  front  sight  and  bay onet  mount  for  B rowing  Automatic  Rifle  Model  1918  with  bay onet  and  sc abb ard  and  the  date  –  September  7 ,  1918 .[ 11 ]  There  is  no  evidence  whatsoever  of"
shabbat,16003,Aren âĢ Ļ t  you  embarrassed  that  you âĢ Ļ re  in  Ha ifa  and  haven âĢ Ļ t  come  to  visit  me ?! âĢ Ŀ  I  explained  that  I  had  arrived  in  town  right  at  the  onset  of  Sh abb at .  âĢ ľ Where  did  you  spend  the  night ? âĢ Ŀ  I  told  him  on  the  floor  of  a  certain
shabbat,16003," inn  who  really  knows  how  to  sing .  If  he  would  eat  with  us  he âĢ Ļ d  enhance  our  meal  with  delightful  Sabbath  hy m ns  and  melodies .  However  sitting  with  a  man  who  lights  up  a  cigarette  between  courses  on  Sh abb at — well ,  even  an  inn keeper  dependent  on  paying  guests  can âĢ Ļ t  tolerate  that"
shabbat,16003," its  ranks ,  and  the  future  of  the  team  hangs  by  a  thread .  Meanwhile ,  Th iago  "" t ifa ""  FranÃ§ a  announced  that  while  he  will  no  longer  play  with  Merc iless ,  he  will  remain  active  and  will  be  open  to  new  offers . 
 
 With  this  exit ,  Merc iless  looks  as  follows : R rose  -"
shabbat,16003," assistance . 
 
 W atered  by  the  Kh ab ur  river ,  Has ake h  has  seen  the  birth  of  some  of  the  earliest  civil isations  in  the  region .  Indeed ,  one  site ,  Ham ou kar ,  is  considered  by  some  archaeologists  to  be  the  oldest  city  in  the  world .  Dozens  of  important  sites ,  dating  from  the  Stone"
shabbat,16003," analyses  approx imating  independent  sample  t - test  ( Exper iment  2 a ,  3 )  and  a  repeated  measures  analysis  of  variance  ( Exper iments  1 ab ,  2 b ).  Per m utation  tests  are  an  alternative  to  param etric  tests  for  cases  of  small  numbers  of  participants  and  can  be  accurately  used  for  sample  sizes  larger  than  one .  For"
shabbat,16003," offers  counseling ,  intensive  support ,  coaching  on  budget ing  and  conflict  resolution ,  and  help  getting  high  school  equival ency  diplom as ,  housing  and  jobs . 
 
 The  up shot  is  that  Rabbit  has  now  been  clean  of  drugs  for  nine  months  —  the  longest  since  she  was  a  young  child  —  and  has  a  job  in  a  warehouse  with"
shabbat,16003,"ly 
 
 R ab at  –  Dutch  far - right  lawmaker  Ge ert  Wild ers  was  found  not  guilty  of  hate  speech  but  guilty  of  discrimination  and  group  insult .  He  will  face  no  punishment . 
 
 The  verdict  is  in  reference  to  comments  Wild ers ,  the  leader  of  the  Freedom  Party ,  made  about  Mor occ ans  while  campaigning"
shabbat,16003," by  Kw ab ena  Bo a hen  and  his  colleagues  at  Stanford ,  consists  of  16  custom - designed  "" Ne uro core ""  chips  working  in  a  tree  network  configuration .  Each  of  the  16  Neuro c ores  supports  65 , 536  neurons .  Together ,  these  chips  can  simulate  one  million  neurons  and  billions  of  synaptic  connections .  And  incredibly ,"
shabbat,16003,"In  presenting  the  route  at  the  outset  of  the  year ,  Sch ulz  noted  the  spectacular  scenery  to  accompany  an  event  celebrating  three  decades .  As  it  turned  out ,  Oregon  is  experiencing  one  of  its  worst  wildfire  years  in  recent  memory ,  and  Cycle  Oregon  2017  would  have  unwittingly  offered  a  close - up  view . 
 
 R iders  g rieved"
shabbat,16003," Oz  released  this  statement  on  Facebook : 
 
 I  bring  the  public  information  that  will  help  them  on  their  path  to  be  their  best  selves .  We  provide  multiple  points  of  view ,  including  mine  which  is  offered  without  conflict  of  interest .  That  doesn 't  sit  well  with  certain  agendas  which  distort  the  facts .  For  example ,  I  do  not"
shabbat,16003," shows ,  I  like  Tony  Bennett  -  it 's  all  the  same  to  me .  The  fact  that  some  things  are  more  popular  than  others  doesn 't  make  them  better ,  and  it  certainly  doesn 't  make  them  worse . 
 
 I  get  offered  a  lot  of  parts  that  require  long  be ards .  I 've  turned  down  God  on  a  number"
shabbat,16003,".  L uria  made  clear  that  he  still  took  psycho analysis  seriously ,  and  in  one  he  offered  a  psych oan aly tic  interpretation  of  one  of  Dr .  S acks 's  neurological  patients .  Though  he  had  disav owed  his  commitment  to  analysis ,  Dr .  L uria  had  been  writing  up  neurological  case  histories  in  the  detailed  manner  of  Freud ,"
shabbat,16003," back - and - forth  followed ,  including  the  2013  offer  to  agree  to  the  40  percent  rule .  The  Albuquerque  Tea  Party  rejected  that  offer  and  has  been  waiting  ever  since . 
 
 Copyright  Â©  2019  The  Washington  Times ,  LLC .  Click  here  for  reprint  permission . Show  full  PR  text 
 
 Ver izon  Wireless  P uts  Samsung  Galaxy"
shabbat,16003," in  the  world  and  with  America .  I 've  wanted  all  of  these  things  for  years .  —  Nigel  Farage  (@ N igel _ Far age )  January  26 ,  2017 
 
 Some  of  the  key  points  touched  upon  by  May  in  her  speech  as  summarized  by  Ax ios : 
 
 The  U . S .  and  U . K ."
shabbat,16003," of  State ,  New  York  senator ,  and  First  Lady  have  enabled  her  to  witness  âĢ ľ first - hand âĢ Ŀ  federal  employees âĢ Ļ  contributions  to  the  country .  âĢ ľ I  was  serving  as  Secretary  of  State  when  federal  salaries  were  frozen  in  2011 ,  and  I  saw  how  difficult  it  was  for  employees  to  be  told  that  even  though"
shabbat,16003,"- growing  is  common  in  these  areas  also ,  and  also  in  the  West  K oot en ay .  Between  the  plateau  and  the  coast  is  the  province 's  largest  mountain  range ,  the  Coast  Mountains .  The  Coast  Mountains  contain  some  of  the  largest  temper ate - lat itude  ice fields  in  the  world . 
 
 On  the  south  coast  of"
shabbat,17914," beard  entered .  He  greeted  his  wife  with  âĢ ľ Sh abb at  Shal om âĢ Ŀ  and  took  out  three  or  four  large  lo aves  of  bread .  She  set  aside  two  and  placed  another  two  lo aves  under  an  embro idered  cover ,  which  barely  covered  them .  The  inn keeper  noticed  me  and  said ,  âĢ ľ A  Sabbath  guest"
shabbat,17914," inn  who  really  knows  how  to  sing .  If  he  would  eat  with  us  he âĢ Ļ d  enhance  our  meal  with  delightful  Sabbath  hy m ns  and  melodies .  However  sitting  with  a  man  who  lights  up  a  cigarette  between  courses  on  Sh abb at — well ,  even  an  inn keeper  dependent  on  paying  guests  can âĢ Ļ t  tolerate  that"
shabbat,17914," inn  who  really  knows  how  to  sing .  If  he  would  eat  with  us  he âĢ Ļ d  enhance  our  meal  with  delightful  Sabbath  hy m ns  and  melodies .  However  sitting  with  a  man  who  lights  up  a  cigarette  between  courses  on  Sh abb at — well ,  even  an  inn keeper  dependent  on  paying  guests  can âĢ Ļ t  tolerate  that"
shabbat,17914,"Ļ ll  turn  a  blind  eye ,  as  long  as  the  police  don âĢ Ļ t  get  involved ,  but  at  my  Sh abb at  table  I  want  Sh abb at  to  be  Sh abb at . âĢ Ŀ 
 
 Another  man  entered  and  said  with  a  pleasant  voice  and  smiling  face ,  âĢ ľ Sh abb at  Shal om ! âĢ"
shabbat,17914,"Ļ ll  turn  a  blind  eye ,  as  long  as  the  police  don âĢ Ļ t  get  involved ,  but  at  my  Sh abb at  table  I  want  Sh abb at  to  be  Sh abb at . âĢ Ŀ 
 
 Another  man  entered  and  said  with  a  pleasant  voice  and  smiling  face ,  âĢ ľ Sh abb at  Shal om ! âĢ"
shabbat,17914,"Ļ ll  turn  a  blind  eye ,  as  long  as  the  police  don âĢ Ļ t  get  involved ,  but  at  my  Sh abb at  table  I  want  Sh abb at  to  be  Sh abb at . âĢ Ŀ 
 
 Another  man  entered  and  said  with  a  pleasant  voice  and  smiling  face ,  âĢ ľ Sh abb at  Shal om ! âĢ"
shabbat,17914,"Ļ ll  turn  a  blind  eye ,  as  long  as  the  police  don âĢ Ļ t  get  involved ,  but  at  my  Sh abb at  table  I  want  Sh abb at  to  be  Sh abb at . âĢ Ŀ 
 
 Another  man  entered  and  said  with  a  pleasant  voice  and  smiling  face ,  âĢ ľ Sh abb at  Shal om ! âĢ"
shabbat,17914," Sh abb at  Shal om ,  she  wiped  her  eyes ,  blessed  me  in  return ,  and  left . 
 
 I  was  left  alone  in  the  room .  The  Sabbath  candles  barely  lit  the  large  room .  I  took  out  my  small  s idd ur  and  welcomed  the  Sabbath  in  prayer . 
 
 Hun ger  began  to  press  at  me ."
shabbat,17914," Sh abb at  Shal om ,  she  wiped  her  eyes ,  blessed  me  in  return ,  and  left . 
 
 I  was  left  alone  in  the  room .  The  Sabbath  candles  barely  lit  the  large  room .  I  took  out  my  small  s idd ur  and  welcomed  the  Sabbath  in  prayer . 
 
 Hun ger  began  to  press  at  me ."
shabbat,17914,"ey a  and  Em  Ha Gam al  ( that  is ,  U mm  el - J imal ,  which  is  Bat  Sh l omo ). 
 
 Yet  Sh abb at  reached  me  as  I  reached  Ha ifa .  I  was  told  of  an  appropriate  inn ,  went  there ,  and  asked  if  there  was  room  for  me .  âĢ ľ For  you"
shabbat,17914," flies  don âĢ Ļ t  know  the  importance  of  Sh abb at  rest ,  for  they  act  on  the  holy  day  as  if  it  were  no  different  from  the  six  work days .  By  the  way ,  my  dear  guest ,  have  others  arrived  with  you  on  the  boat ? âĢ Ŀ  The  inn keeper  answered ,  âĢ ľ The  ship  from  J"
shabbat,17914," one  slice  remains  from  last  week ,  and  I  didn âĢ Ļ t  manage  to  do  any  baking  for  this  Sh abb at .  But  if  you  wait  until  my  husband  arrives ,  perhaps  he  found  some  at  the  baker âĢ Ļ s .  In  the  meantime ,  if  you âĢ Ļ re  hungry ,  I  can  give  you  s ard ines  and"
shabbat,17914," on  her  death bed  not  to  des ec rate  Sh abb at .  She  derived  little  pleasure  from  me  in  her  life ;  I  can  at  least  make  it  up  to  her  after  she âĢ Ļ s  gone .  I  don âĢ Ļ t  know  if  there âĢ Ļ s  another  world  called  the  âĢ ĺ World  to  Come , âĢ Ļ  but"
shabbat,17914," course ,  rice  with  sugar ,  ra is ins ,  and  cinnamon ,  which  I  made  before  Sh abb at .  Don âĢ Ļ t  worry  that  there  won âĢ Ļ t  be  enough  for  both  of  us ,  since  I  made  enough  to  last  me  a  few  days . âĢ Ŀ 
 
 He  went  out  to  the  next  room  and  returned"
shabbat,17914," In  fact  you  won âĢ Ļ t  find  any  hot  food  here  because  of  my  promise  to  my  mother  not  to  light  fire  on  Sh abb at .  If  you  want  to  know  what  we  do  have  to  eat ,  I  can  open  a  can  of  s ard ines ,  or  we  can  start  with  salad ,  and  then  move  on  to  the"
shabbat,17914,Aren âĢ Ļ t  you  embarrassed  that  you âĢ Ļ re  in  Ha ifa  and  haven âĢ Ļ t  come  to  visit  me ?! âĢ Ŀ  I  explained  that  I  had  arrived  in  town  right  at  the  onset  of  Sh abb at .  âĢ ľ Where  did  you  spend  the  night ? âĢ Ŀ  I  told  him  on  the  floor  of  a  certain
shabbat,17914," keep  your  door  locked  against  thieves .  Unfortunately  the  key  is  iron  and  it  rust s .  I âĢ Ļ ve  thought  of  having  a  brass  key  made ,  but  all  week  long  I âĢ Ļ m  busy  earning  a  living ,  and  on  Sh abb at  when  I âĢ Ļ m  free  from  work  I  cannot  work  because  I  swore  to  my"
shabbat,17914," I  saw  her  face  shine  when  I  promised  her  I âĢ Ļ d  keep  Sh abb at ,  it  seemed  to  me  that  I  saw  a  reflection  of  that  World  to  Come . âĢ Ŀ 
 
 We  entered  a  room  with  a  table ,  chair ,  stool ,  and  upt urned  crate  covered  with  a  colorful  oil cloth ,  on  which  were"
shabbat,17914," Back  in  the  old  country ,  where  he  was  a  cant or ,  he  would  never  have  dared  to  smoke  in  public  on  Sh abb at ,  but  here  he  acts  want only  since  he  isn âĢ Ļ t  under  the  watch ful  eye  of  his  towns folk .  A  person  can  do  whatever  he  wants  in  his  own  room ,  and  I"
shabbat,17914," the  Sea ,  which  certainly  contains  fish ,  yet  fish  for  Sh abb at — we  have  none .  What  did  I  make ?  A  certain  dish  that ,  if  you  wish ,  tastes  like  fish — even  though  there  are  none . âĢ Ŀ 
 
 The  inn keeper  added ,  âĢ ľ There âĢ Ļ s  a  certain  guest  here  at"
shabbat,17914," the  Sea ,  which  certainly  contains  fish ,  yet  fish  for  Sh abb at — we  have  none .  What  did  I  make ?  A  certain  dish  that ,  if  you  wish ,  tastes  like  fish — even  though  there  are  none . âĢ Ŀ 
 
 The  inn keeper  added ,  âĢ ľ There âĢ Ļ s  a  certain  guest  here  at"
shabbat,17914," Sabbath  eve . 
 
 2 . 
 
 I  left  Reb  Ch aim  D ov  and  Z ich ron  Ya akov  and  set  out  on  my  way .  Because  it  was  e rev  Sh abb at ,  and  I  was  hur rying  to  reach  Ha ifa  before  sunset ,  I  lacked  the  time  to  visit  those  surrounding ,  modest  villages  of  Sh"
shabbat,17914,"s  amazing  that  the  em iss aries  of  the  Land  don âĢ Ļ t  mention  among  the  praises  of  our  country  that  the  wind  never  once  extinguished  the  Sh abb at  candles !  Now ,  my  friends ,  I âĢ Ļ ll  go  up  to  my  room  and  get  into  bed  to  enjoy  a  good  Sabbath  sleep .  Too  bad  that  the  mosquitoes"
shabbat,17914," his  faithful  Vice  President  Joseph  Biden  led  the  White  House  celebration  of  Di w ali ,  reflecting  on  the  significance  of  festival  of  lights ,  and  also  acknowledging  the  presence  of  Tuls i  G abb ard ,  the  first  Hindu  American  elected  to  the  US  Congress ,  and  also  Ambassador  Nir up ama  Rao ,  who  like  G abb ard ,  seemed  to"
shabbat,17914," his  faithful  Vice  President  Joseph  Biden  led  the  White  House  celebration  of  Di w ali ,  reflecting  on  the  significance  of  festival  of  lights ,  and  also  acknowledging  the  presence  of  Tuls i  G abb ard ,  the  first  Hindu  American  elected  to  the  US  Congress ,  and  also  Ambassador  Nir up ama  Rao ,  who  like  G abb ard ,  seemed  to"
shabbat,17914," vote  by  13  percentage  points  ( 56 - 43 )  over  his  Republican  opponent ,  Sen .  John  McCain  John  Sidney  McCain GOP  lobbyists  worry  Trump  l ags  in  K  Street  fundraising  Mark  Kelly  kicks  off  Senate  bid :  âĢ ĺ A  mission  to  lift  up  hard working  Ari zon ans âĢ Ļ  G abb ard  hits  back  at  Me ghan  McCain  after"
shabbat,17914," coaching  staff  feels  he  can  handle  playing  on  his  wrong  wing ),  and  Sche ife le âĢ Ļ s  strong  world  championships  puts  him  on  this  roster  as  well .  That  leaves  one  final  spot  for  a  utility  forward ,  and  although  F abb ri  has  likely  earned  it ,  we âĢ Ļ ll  give  it  to  Aust on  Matthews . 
 
"
shabbat,17914," printed  on  one  side  Winchester  Repe ating  Arms  Co ./ New  Haven  Conn .,  and  handwritten  on  the  other  side :  combined  flash  h ider ,  front  sight  and  bay onet  mount  for  B rowing  Automatic  Rifle  Model  1918  with  bay onet  and  sc abb ard  and  the  date  –  September  7 ,  1918 .[ 11 ]  There  is  no  evidence  whatsoever  of"
shabbat,17914," Ju arez  cab  driver  actually  found  the  boy  who  was  alone ,  scared ,  and  hungry .  The  c abb ie  contacted  local  police  who  then  took  the  child  into  custody .  When  investigators  examined  âĢ ľ Lu is , âĢ Ŀ  they  noticed  bruises  on  his  head ,  legs ,  and  buttocks . 
 
 Current  El  Paso  jail  records  show  that"
shabbat,17914," for  political  change . 
 
 But  today  that  frustration  with  politics  appears  und im inished  and  is  aimed  in  all  directions  —  including  Trump âĢ Ļ s . 
 
 âĢ ľ We âĢ Ļ re  wasting  so  much  time , âĢ Ŀ  said  Trump  voter  Robin  De F abb io ,  interviewed  at  Kelly âĢ Ļ s  Coffee  House  here ."
shabbat,17914," I  think  that  for  me  this  year âĢ Ļ s  kind  of  about  growing  not  only  as  a  player ,  but  also  as  kind  of  a  person  and  as  a  leader . âĢ Ŀ 
 
 F as ching ,  part  of  the  Bray den  McN abb  trade  with  Los  Angeles  at  the  2014  deadline ,  is  one  of  the  country âĢ Ļ"
shabbat,17914," Falk âĢ Ŀ 
 
 Being  called  a  âĢ ľ Ba al - She m âĢ Ŀ  ( spe aker  of  the  name )  was  no  small  honor .  Rather ,  it  was  the  sign  of  being  a  talented  k abal ist  and  magician .  For  the  Rabb is  known  as  Baal - She ms  used  their  knowledge  of  the  names  of  God"
shabbat,17914," age ;  it 's  a  broad  palette  of  violent  masculinity .  There  are  young  boys  and  faded  stars ,  the  latter  various ly  av un cular ,  m umm ified  or  der anged .  This  is  a  world  of  d and ies ,  beef cake  pin ups ,  rough - trade  bru isers ,  stone - faced  killers ,  and  quasi - human"
shabbat,17914," with  a  U . S .  president  who  has  been  the  subject  of  domestic  and  international  criticism ;  and ,  second ,  a  U . S .- South  Korea  alliance  that  appeared  w obb ly .  China  and  Russia ,  meanwhile ,  have  publicly  stated  that  they  would  not  allow  instability  on  the  Korean  Peninsula ,  watering  down  some  of  the  hars hest"
shabbat,17914," cases ,  no ."" 
 
 Those  were  the  biggest  complaints  among  Saints  players  and  the  NFL  Players  Association  during  the  drawn - out  fight  over  bounty  suspensions  in  2012  --  which  ultimately  led  to  former  NFL  commissioner  Paul  Tag li ab ue  vac ating  all  of  Goodell 's  player  punishments . 
 
 S aints  leaders  such  as  coach  Sean  Payton  and"
shabbat,17914,".  The  problem  was  that  Br ice  D ulin  and  Scott  Sp edd ing  gathered  the  first  three  of  them ,  and  in  addition  to  conced ing  territory ,  Ireland  also  began  by  conced ing  four  of  the  first  five  penalties . 
 
 Second  Capt ains 
 
 Ireland  24  France  9  -  match  highlights 
 
 H app ily  for  the"
shabbat,17914," 20  games .  Name  Minutes  Points  Reb ounds  Ass ists  Name  Minutes  Points  Reb ounds  Ass ists  Devin  Booker  14 . 6  6  1 . 2  0 . 7  Malik  Monk  16 . 9  7 . 1  0 . 2  1 . 8 
 
 It  may  be  hard  to  remember ,  especially  when  a  player  like  Monk  falls  into  your  hands ,"
shabbat,17914," are  directly  criticizing  or  par od ying  the  original  work . 
 
 Secondly ,  I âĢ Ļ d  make  the  appeals  process  easier .  The  average  user  and  the  average  large  content  holders  do  not  understand  the  appeals  process  because  it  isn âĢ Ļ t  terribly  straight  forward . 
 
 Even  if  the  user  understands  it ,  the  process  can  quite"
shabbat,17914,"
 H ang  in  there  ðŁĻĤ  Please  share  if  you  think  this  will  reach  someone  it  could  help !  and  like  this  post  to  give  it  a  better  chance  to  reach  them !  and  seriously  if  you  have  a  tip  that  works  for  you âĢ¦ comment  and  save  someone  the  energy  they  need  to  keep  them  upright  and  their  face  out  of  the"
shabbat,17914," :  50 ,  1  :  100  and  1  :  200 )  to  select  an  optimal  dil ution  for  the  detection  of  each  neuro pe pt ide  auto Ab .  Ig G  auto Abs  were  detected  by  adding  anti - human  alk aline  phosph at ase - con jug ated  secondary  antibodies  ( S igma ,  St  Louis ,  MO ,  USA )  directed"
shabbat,17914,"a ,  offers  a  fascinating  glimpse  of  the  currents  shaking  up  Arab  society .  âĢ ľ Not  Here ,  Not  There , âĢ Ŀ  which  hit  Israeli  movie  screens  Dec .  30 ,  revolves  around  three  young  Arab  women  who  rent  an  apartment  in  the  center  of  Tel  Aviv ,  but  are  forced  to  conceal  their  liberal  lifestyle  from  their  families .  This"
shabbat,18712," however ,  are  low  protein  concentrations  due  to  high  dil utions  of  cultivation  media ,  is  contamination  of  normally  non secret ed  proteins  due  to  cell  l ysis  and  death ,  or  is  that  most  developmental  stages  cannot  be  cultivated  in  vitro  [ 117 ].  Here  enrichment  methods  could  be  applied  that  are  based  on  post trans l ational  modifications  of  secret ed"
shabbat,18712, device  that  util izations  mechanical  intend  to  impact  organic  procedures .  In  tissue  designing  bi ore act ors  can  be  utilized  to  help  in  the  in  vitro  advancement  of  new  tissue  by  giving  biochemical  and  physical  administrative  signs  to  cells  and  urging  them  to  experience  separation  as  well  as  to  create  ext race llular  network  before  in  vivo  implant ation .  This  section
shabbat,18712, device  that  util izations  mechanical  intend  to  impact  organic  procedures .  In  tissue  designing  bi ore act ors  can  be  utilized  to  help  in  the  in  vitro  advancement  of  new  tissue  by  giving  biochemical  and  physical  administrative  signs  to  cells  and  urging  them  to  experience  separation  as  well  as  to  create  ext race llular  network  before  in  vivo  implant ation .  This  section
shabbat,18712," of  inhib iting  in  vitro  generated  d end ritic  cells  ( DC s ).  They  can  inhibit  the  m aturation  of  DC s  and  induce  the  expansion  of  functional  T  reg s  [ 35 ,  H  2  response  starts  with  the  recognition  of  parasitic  path ogen - associated  molecular  patterns  ( P AM Ps )  by  certain  pattern  recognition  receptors  ( PR Rs"
shabbat,18712," Disc overed  and  studying  in  vivo  some  natural  multic omp onent  liver  regeneration  substances  –  hep atic  stim ulator  substance ,[ 7 ]  hep atic  regeneration  set ,[ 8 ]  augment er  of  liver  regeneration .[ 9 ] 
 
 Function  [  edit  ] 
 
 The  ability  for  the  liver  to  regenerate  is  central  to  liver  home ost asis .  Because  the"
shabbat,18712," Disc overed  and  studying  in  vivo  some  natural  multic omp onent  liver  regeneration  substances  –  hep atic  stim ulator  substance ,[ 7 ]  hep atic  regeneration  set ,[ 8 ]  augment er  of  liver  regeneration .[ 9 ] 
 
 Function  [  edit  ] 
 
 The  ability  for  the  liver  to  regenerate  is  central  to  liver  home ost asis .  Because  the"
shabbat,18712," Sh abb at  Shal om ,  she  wiped  her  eyes ,  blessed  me  in  return ,  and  left . 
 
 I  was  left  alone  in  the  room .  The  Sabbath  candles  barely  lit  the  large  room .  I  took  out  my  small  s idd ur  and  welcomed  the  Sabbath  in  prayer . 
 
 Hun ger  began  to  press  at  me ."
shabbat,18712," I  saw  her  face  shine  when  I  promised  her  I âĢ Ļ d  keep  Sh abb at ,  it  seemed  to  me  that  I  saw  a  reflection  of  that  World  to  Come . âĢ Ŀ 
 
 We  entered  a  room  with  a  table ,  chair ,  stool ,  and  upt urned  crate  covered  with  a  colorful  oil cloth ,  on  which  were"
shabbat,18712,"ey a  and  Em  Ha Gam al  ( that  is ,  U mm  el - J imal ,  which  is  Bat  Sh l omo ). 
 
 Yet  Sh abb at  reached  me  as  I  reached  Ha ifa .  I  was  told  of  an  appropriate  inn ,  went  there ,  and  asked  if  there  was  room  for  me .  âĢ ľ For  you"
shabbat,18712," politicians  have  dig ressed  to  fifth -  and  sixth - grad ers .  I âĢ Ļ m  disgusted  with  the  attitude  ( in  politics )  and  the  way  it âĢ Ļ s  being  handled  —  on  all  sides . âĢ Ŀ 
 
 Robin  De F abb io ,  the  Trump  voter  from  Rich land  Center ,  doesn 't  like  Trump 's  style"
shabbat,18712,"Ļ ll  turn  a  blind  eye ,  as  long  as  the  police  don âĢ Ļ t  get  involved ,  but  at  my  Sh abb at  table  I  want  Sh abb at  to  be  Sh abb at . âĢ Ŀ 
 
 Another  man  entered  and  said  with  a  pleasant  voice  and  smiling  face ,  âĢ ľ Sh abb at  Shal om ! âĢ"
shabbat,18712,"Ļ ll  turn  a  blind  eye ,  as  long  as  the  police  don âĢ Ļ t  get  involved ,  but  at  my  Sh abb at  table  I  want  Sh abb at  to  be  Sh abb at . âĢ Ŀ 
 
 Another  man  entered  and  said  with  a  pleasant  voice  and  smiling  face ,  âĢ ľ Sh abb at  Shal om ! âĢ"
shabbat,18712,"Ļ ll  turn  a  blind  eye ,  as  long  as  the  police  don âĢ Ļ t  get  involved ,  but  at  my  Sh abb at  table  I  want  Sh abb at  to  be  Sh abb at . âĢ Ŀ 
 
 Another  man  entered  and  said  with  a  pleasant  voice  and  smiling  face ,  âĢ ľ Sh abb at  Shal om ! âĢ"
shabbat,18712," on  her  death bed  not  to  des ec rate  Sh abb at .  She  derived  little  pleasure  from  me  in  her  life ;  I  can  at  least  make  it  up  to  her  after  she âĢ Ļ s  gone .  I  don âĢ Ļ t  know  if  there âĢ Ļ s  another  world  called  the  âĢ ĺ World  to  Come , âĢ Ļ  but"
shabbat,18712," flies  don âĢ Ļ t  know  the  importance  of  Sh abb at  rest ,  for  they  act  on  the  holy  day  as  if  it  were  no  different  from  the  six  work days .  By  the  way ,  my  dear  guest ,  have  others  arrived  with  you  on  the  boat ? âĢ Ŀ  The  inn keeper  answered ,  âĢ ľ The  ship  from  J"
shabbat,18712," beard  entered .  He  greeted  his  wife  with  âĢ ľ Sh abb at  Shal om âĢ Ŀ  and  took  out  three  or  four  large  lo aves  of  bread .  She  set  aside  two  and  placed  another  two  lo aves  under  an  embro idered  cover ,  which  barely  covered  them .  The  inn keeper  noticed  me  and  said ,  âĢ ľ A  Sabbath  guest"
shabbat,18712," beard  entered .  He  greeted  his  wife  with  âĢ ľ Sh abb at  Shal om âĢ Ŀ  and  took  out  three  or  four  large  lo aves  of  bread .  She  set  aside  two  and  placed  another  two  lo aves  under  an  embro idered  cover ,  which  barely  covered  them .  The  inn keeper  noticed  me  and  said ,  âĢ ľ A  Sabbath  guest"
shabbat,18712,Aren âĢ Ļ t  you  embarrassed  that  you âĢ Ļ re  in  Ha ifa  and  haven âĢ Ļ t  come  to  visit  me ?! âĢ Ŀ  I  explained  that  I  had  arrived  in  town  right  at  the  onset  of  Sh abb at .  âĢ ľ Where  did  you  spend  the  night ? âĢ Ŀ  I  told  him  on  the  floor  of  a  certain
shabbat,18712," for  political  change . 
 
 But  today  that  frustration  with  politics  appears  und im inished  and  is  aimed  in  all  directions  —  including  Trump âĢ Ļ s . 
 
 âĢ ľ We âĢ Ļ re  wasting  so  much  time , âĢ Ŀ  said  Trump  voter  Robin  De F abb io ,  interviewed  at  Kelly âĢ Ļ s  Coffee  House  here ."
shabbat,18712," inn  who  really  knows  how  to  sing .  If  he  would  eat  with  us  he âĢ Ļ d  enhance  our  meal  with  delightful  Sabbath  hy m ns  and  melodies .  However  sitting  with  a  man  who  lights  up  a  cigarette  between  courses  on  Sh abb at — well ,  even  an  inn keeper  dependent  on  paying  guests  can âĢ Ļ t  tolerate  that"
shabbat,18712," one  slice  remains  from  last  week ,  and  I  didn âĢ Ļ t  manage  to  do  any  baking  for  this  Sh abb at .  But  if  you  wait  until  my  husband  arrives ,  perhaps  he  found  some  at  the  baker âĢ Ļ s .  In  the  meantime ,  if  you âĢ Ļ re  hungry ,  I  can  give  you  s ard ines  and"
shabbat,18712," course ,  rice  with  sugar ,  ra is ins ,  and  cinnamon ,  which  I  made  before  Sh abb at .  Don âĢ Ļ t  worry  that  there  won âĢ Ļ t  be  enough  for  both  of  us ,  since  I  made  enough  to  last  me  a  few  days . âĢ Ŀ 
 
 He  went  out  to  the  next  room  and  returned"
shabbat,18712," In  fact  you  won âĢ Ļ t  find  any  hot  food  here  because  of  my  promise  to  my  mother  not  to  light  fire  on  Sh abb at .  If  you  want  to  know  what  we  do  have  to  eat ,  I  can  open  a  can  of  s ard ines ,  or  we  can  start  with  salad ,  and  then  move  on  to  the"
shabbat,18712," In  fact  you  won âĢ Ļ t  find  any  hot  food  here  because  of  my  promise  to  my  mother  not  to  light  fire  on  Sh abb at .  If  you  want  to  know  what  we  do  have  to  eat ,  I  can  open  a  can  of  s ard ines ,  or  we  can  start  with  salad ,  and  then  move  on  to  the"
shabbat,18712," Sabbath  eve . 
 
 2 . 
 
 I  left  Reb  Ch aim  D ov  and  Z ich ron  Ya akov  and  set  out  on  my  way .  Because  it  was  e rev  Sh abb at ,  and  I  was  hur rying  to  reach  Ha ifa  before  sunset ,  I  lacked  the  time  to  visit  those  surrounding ,  modest  villages  of  Sh"
shabbat,18712," keep  your  door  locked  against  thieves .  Unfortunately  the  key  is  iron  and  it  rust s .  I âĢ Ļ ve  thought  of  having  a  brass  key  made ,  but  all  week  long  I âĢ Ļ m  busy  earning  a  living ,  and  on  Sh abb at  when  I âĢ Ļ m  free  from  work  I  cannot  work  because  I  swore  to  my"
shabbat,18712," swamp  that  hasn 't  been  drained . 
 
 âĢ ľ You  just  get  disappointed  on  a  bunch  of  levels ,  not  just  ( with  President  Trump ).  Everything 's  in  grid lock ,  nothing 's  moving . âĢ Ŀ  Robin  De F abb io ,  Rich land  Center ,  Wis . 
 
 âĢ ľ You  just  get  disappointed  on  a  bunch"
shabbat,18712," his  faithful  Vice  President  Joseph  Biden  led  the  White  House  celebration  of  Di w ali ,  reflecting  on  the  significance  of  festival  of  lights ,  and  also  acknowledging  the  presence  of  Tuls i  G abb ard ,  the  first  Hindu  American  elected  to  the  US  Congress ,  and  also  Ambassador  Nir up ama  Rao ,  who  like  G abb ard ,  seemed  to"
shabbat,18712," claimed  Andrew  RT  Davies  "" will  be  desperate  to  be  avoid  being  next  in  line  for  another  car  crash  TV  appearance  from  the  Conservatives "". 
 
 In  2015 ,  then  Welsh  Secretary  Stephen  Cr abb  represented  the  Tories  in  the  debates ,  while  Owen  Smith ,  then  shadow  Welsh  secretary ,  took  part  for  Labour . 
 
 Mr  Jones  says  he"
shabbat,18712," printed  on  one  side  Winchester  Repe ating  Arms  Co ./ New  Haven  Conn .,  and  handwritten  on  the  other  side :  combined  flash  h ider ,  front  sight  and  bay onet  mount  for  B rowing  Automatic  Rifle  Model  1918  with  bay onet  and  sc abb ard  and  the  date  –  September  7 ,  1918 .[ 11 ]  There  is  no  evidence  whatsoever  of"
shabbat,18712," —  at  dusk ,  we  put  a  small  piece  of  cheese  on  the  end  of  a  bay onet ,  wait  for  a  rat  to  have  a  nib ble ,  and  then  pull  the  trigger . 
 
 Saturday ,  January  8 ,  1916 
 
 R affle  prize :  Harry  won  this  German  sc abb ard  in  a  r affle  and  sent  it"
shabbat,18712," I  think  that  for  me  this  year âĢ Ļ s  kind  of  about  growing  not  only  as  a  player ,  but  also  as  kind  of  a  person  and  as  a  leader . âĢ Ŀ 
 
 F as ching ,  part  of  the  Bray den  McN abb  trade  with  Los  Angeles  at  the  2014  deadline ,  is  one  of  the  country âĢ Ļ"
shabbat,18712," of  the  kids  fought  regularly  over .  Residents  weren âĢ Ļ t  allowed  to  leave  the  premises  except  to  attend  school ,  group  trips  escorted  by  staff  members ,  or  chau ffe ured  around  in  vans  to  fulfill  medical  appointments .  Rather  than  engaging  in  squ abb les  with  other  kids  about  which  shows  to  watch  ( Yo  MTV  R aps  was  very"
shabbat,18712," randomized  controlled  trials  ( R CT s ),  we  are  now  learning ,  cannot  be  replicated .  Worse ,  most  published  group  studies  in  medicine  can 't  be  reproduced ,  leading  to  what  Europe 's  premier  science  journal ,  Nature ,  now  calls  "" the  reprodu c ibility  crisis ."" 
 
 A  study  published  in  The  Journal  of  the  American  Medical  Association"
shabbat,18712, symptoms  was  observed  among  43 . 3 %  of  the  54  patients  treated  with  T SO  [ 46 ].  Further  double - blind ed  placebo - controlled  clinical  trials  using  T SO  are  currently  conducted  by  Cor on ado  B ios ci ences  and  Falk  Pharmaceutical  company  [ 47 ]  ( http :// www . clinical tri als . gov ).  A  different
shabbat,18712,"ird ain ,  the  brother hood  of  Celebr im bor ,  where  were  forged  the  Rings  of  Power .  G ather  the  other  crafts men ,  and  together ,  you 'll  give  prestige  and  glory  to  your  kin  ! 
 
 Use  the  Rings  of  the  Dwar ves  to  create  more  wealth  in  your  mines ,  or  try  to  find  the  One  Ring"
shabbat,18712," Afterwards  father  would  pay  them  for  having  allowed  him  to  perform  the  m itz v ah  of  welcoming  guests .  And  now  his  daughter  receives  payment  from  her  guests  for  each  and  every  slice  of  bread  they  eat  under  her  roof .  A  person  moves  to  the  Land  of  Israel  to  increase  his  m itz v ot ,  and  in  the  end  he"
shabbat,18712," felt  incredibly  proud  to  support  this  president ,  for  were  it  not  for  his  efforts ,  this  event  would  not  take  place ."" 
 
 Collins  said ,  "" I  personally  was  honoured  to  be  included  in  this  event  where  folks  were  asking  for  invitations  but  only  a  limited  number  were  distributed .  I  was  fortunate  enough  to  take  my  mom  and  dad"
shabbat,18712,"10 ].  Liver  regeneration  is  also  critical  for  patients  of  liver  diseases  where  the  partial  removal  of  the  liver  due  to  fib rosis  or  tumor  is  a  common  therapy  that  utilizes  the  ability  of  the  remaining  liver  to  generate  back .[ c itation  needed ] 
 
 Exper imental  models  [  edit  ] 
 
 Two  main  types  of  models  are  used  to"
shabbat,18712," 2016 
 
 Wild ers  questioned  the  legitimacy  of  the  court ,  and  his  lawyer  announced  that  they  will  appeal  the  decision . There  are  many  short  track  drivers  out  there  who  dominated  their  local  tracks  and  touring  divisions  but  never  got  a  chance  to  make  it  to  the  big  time .  There 's  also  some  out  there  who  did  make  it  to"
shabbat,18712,"'t  wounded  Fox  News  quite  as  much  as  he  might  have  liked . 
 
 Jon  Stewart  has  orchestrated  countless  epic  takedown s  as  host  of  The  Daily  Show ,  but  was  it  all  for  n aught ? 
 
 During  his  pen ultimate  episode ,  Stewart  showed  headlines  from  articles  that  had  been  written  about  his  previous  episodes  that  used  words  like"
shabbat,18712,"
 
 This  plot  was  put  together  quickly  in  Astro Image J ,  which  is  freely  available  if  you  want  to  analyze  some  data  on  your  own .  Simple  GUI  and  beginner - friendly  : p .  We  identified  the  saturated  images  in  the  above  graph  based  on  the  brightness  levels  of  the  pixels  illuminated  by  the  stars .  Note  the  value  at"
shabbat,18712," climate  change  are  sincerely  concerned  about  the  earth .  That  doesn âĢ Ļ t  mean  that  they  are  right  though ,  and  it  does  not  excuse  the  many  lies  used  to  force - feed  us  global  warming .  Carbon  D ioxide  is  a  Dangerous  Poll ut ant  Bal der dash  again !  NEWS  FL ASH :  The  earth  has  experienced  much  higher  carbon"
shabbat,19019," vote  by  13  percentage  points  ( 56 - 43 )  over  his  Republican  opponent ,  Sen .  John  McCain  John  Sidney  McCain GOP  lobbyists  worry  Trump  l ags  in  K  Street  fundraising  Mark  Kelly  kicks  off  Senate  bid :  âĢ ĺ A  mission  to  lift  up  hard working  Ari zon ans âĢ Ļ  G abb ard  hits  back  at  Me ghan  McCain  after"
shabbat,19019," vote  by  13  percentage  points  ( 56 - 43 )  over  his  Republican  opponent ,  Sen .  John  McCain  John  Sidney  McCain GOP  lobbyists  worry  Trump  l ags  in  K  Street  fundraising  Mark  Kelly  kicks  off  Senate  bid :  âĢ ĺ A  mission  to  lift  up  hard working  Ari zon ans âĢ Ļ  G abb ard  hits  back  at  Me ghan  McCain  after"
shabbat,19019, family  who  organized  the  fundraiser  for  his  medical  expenses .  K X AN  Photo /  A lyss a  Go ard . Sen .  John  McCain  John  Sidney  McCain GOP  lobbyists  worry  Trump  l ags  in  K  Street  fundraising  Mark  Kelly  kicks  off  Senate  bid :  âĢ ĺ A  mission  to  lift  up  hard working  Ari zon ans âĢ Ļ  G abb ard  hits
shabbat,19019," for  political  change . 
 
 But  today  that  frustration  with  politics  appears  und im inished  and  is  aimed  in  all  directions  —  including  Trump âĢ Ļ s . 
 
 âĢ ľ We âĢ Ļ re  wasting  so  much  time , âĢ Ŀ  said  Trump  voter  Robin  De F abb io ,  interviewed  at  Kelly âĢ Ļ s  Coffee  House  here ."
shabbat,19019," politicians  have  dig ressed  to  fifth -  and  sixth - grad ers .  I âĢ Ļ m  disgusted  with  the  attitude  ( in  politics )  and  the  way  it âĢ Ļ s  being  handled  —  on  all  sides . âĢ Ŀ 
 
 Robin  De F abb io ,  the  Trump  voter  from  Rich land  Center ,  doesn 't  like  Trump 's  style"
shabbat,19019," swamp  that  hasn 't  been  drained . 
 
 âĢ ľ You  just  get  disappointed  on  a  bunch  of  levels ,  not  just  ( with  President  Trump ).  Everything 's  in  grid lock ,  nothing 's  moving . âĢ Ŀ  Robin  De F abb io ,  Rich land  Center ,  Wis . 
 
 âĢ ľ You  just  get  disappointed  on  a  bunch"
shabbat,19019," his  faithful  Vice  President  Joseph  Biden  led  the  White  House  celebration  of  Di w ali ,  reflecting  on  the  significance  of  festival  of  lights ,  and  also  acknowledging  the  presence  of  Tuls i  G abb ard ,  the  first  Hindu  American  elected  to  the  US  Congress ,  and  also  Ambassador  Nir up ama  Rao ,  who  like  G abb ard ,  seemed  to"
shabbat,19019," his  faithful  Vice  President  Joseph  Biden  led  the  White  House  celebration  of  Di w ali ,  reflecting  on  the  significance  of  festival  of  lights ,  and  also  acknowledging  the  presence  of  Tuls i  G abb ard ,  the  first  Hindu  American  elected  to  the  US  Congress ,  and  also  Ambassador  Nir up ama  Rao ,  who  like  G abb ard ,  seemed  to"
shabbat,19019," claimed  Andrew  RT  Davies  "" will  be  desperate  to  be  avoid  being  next  in  line  for  another  car  crash  TV  appearance  from  the  Conservatives "". 
 
 In  2015 ,  then  Welsh  Secretary  Stephen  Cr abb  represented  the  Tories  in  the  debates ,  while  Owen  Smith ,  then  shadow  Welsh  secretary ,  took  part  for  Labour . 
 
 Mr  Jones  says  he"
shabbat,19019," claimed  Andrew  RT  Davies  "" will  be  desperate  to  be  avoid  being  next  in  line  for  another  car  crash  TV  appearance  from  the  Conservatives "". 
 
 In  2015 ,  then  Welsh  Secretary  Stephen  Cr abb  represented  the  Tories  in  the  debates ,  while  Owen  Smith ,  then  shadow  Welsh  secretary ,  took  part  for  Labour . 
 
 Mr  Jones  says  he"
shabbat,19019,"ey a  and  Em  Ha Gam al  ( that  is ,  U mm  el - J imal ,  which  is  Bat  Sh l omo ). 
 
 Yet  Sh abb at  reached  me  as  I  reached  Ha ifa .  I  was  told  of  an  appropriate  inn ,  went  there ,  and  asked  if  there  was  room  for  me .  âĢ ľ For  you"
shabbat,19019,"s  amazing  that  the  em iss aries  of  the  Land  don âĢ Ļ t  mention  among  the  praises  of  our  country  that  the  wind  never  once  extinguished  the  Sh abb at  candles !  Now ,  my  friends ,  I âĢ Ļ ll  go  up  to  my  room  and  get  into  bed  to  enjoy  a  good  Sabbath  sleep .  Too  bad  that  the  mosquitoes"
shabbat,19019," keep  your  door  locked  against  thieves .  Unfortunately  the  key  is  iron  and  it  rust s .  I âĢ Ļ ve  thought  of  having  a  brass  key  made ,  but  all  week  long  I âĢ Ļ m  busy  earning  a  living ,  and  on  Sh abb at  when  I âĢ Ļ m  free  from  work  I  cannot  work  because  I  swore  to  my"
shabbat,19019,"And ,  then  to  sustained  applause  and  r auc ous  who ops ,  Biden  recognised  G abb ard ,  who  stood  up  and  greeted  the  guests  with  a  n am aste . 
 
 B iden  said ,  "" There  is  a  distinction  that  you  come  to  the  Congress  as  the  first  Hindu  to  be  elected  to  the  legislature  and  I  am  looking"
shabbat,19019," In  fact  you  won âĢ Ļ t  find  any  hot  food  here  because  of  my  promise  to  my  mother  not  to  light  fire  on  Sh abb at .  If  you  want  to  know  what  we  do  have  to  eat ,  I  can  open  a  can  of  s ard ines ,  or  we  can  start  with  salad ,  and  then  move  on  to  the"
shabbat,19019,"Ļ ll  turn  a  blind  eye ,  as  long  as  the  police  don âĢ Ļ t  get  involved ,  but  at  my  Sh abb at  table  I  want  Sh abb at  to  be  Sh abb at . âĢ Ŀ 
 
 Another  man  entered  and  said  with  a  pleasant  voice  and  smiling  face ,  âĢ ľ Sh abb at  Shal om ! âĢ"
shabbat,19019,"Ļ ll  turn  a  blind  eye ,  as  long  as  the  police  don âĢ Ļ t  get  involved ,  but  at  my  Sh abb at  table  I  want  Sh abb at  to  be  Sh abb at . âĢ Ŀ 
 
 Another  man  entered  and  said  with  a  pleasant  voice  and  smiling  face ,  âĢ ľ Sh abb at  Shal om ! âĢ"
shabbat,19019," one  slice  remains  from  last  week ,  and  I  didn âĢ Ļ t  manage  to  do  any  baking  for  this  Sh abb at .  But  if  you  wait  until  my  husband  arrives ,  perhaps  he  found  some  at  the  baker âĢ Ļ s .  In  the  meantime ,  if  you âĢ Ļ re  hungry ,  I  can  give  you  s ard ines  and"
shabbat,19019," one  slice  remains  from  last  week ,  and  I  didn âĢ Ļ t  manage  to  do  any  baking  for  this  Sh abb at .  But  if  you  wait  until  my  husband  arrives ,  perhaps  he  found  some  at  the  baker âĢ Ļ s .  In  the  meantime ,  if  you âĢ Ļ re  hungry ,  I  can  give  you  s ard ines  and"
shabbat,19019,"The  U - 24  player  who  has  the  most  points ?  Rob by  F abb ri ,  another  player  who  was  barely  on  Chi are lli  and  Bowman âĢ Ļ s  radar  three  months  ago . 
 
 General  managers  will  flesh  out  their  World  Cup  rosters  on  Friday ,  May  27  adding  seven  players  apiece . 
 
 Watch  it  live  on"
shabbat,19019," Sabbath  eve . 
 
 2 . 
 
 I  left  Reb  Ch aim  D ov  and  Z ich ron  Ya akov  and  set  out  on  my  way .  Because  it  was  e rev  Sh abb at ,  and  I  was  hur rying  to  reach  Ha ifa  before  sunset ,  I  lacked  the  time  to  visit  those  surrounding ,  modest  villages  of  Sh"
shabbat,19019," inn  who  really  knows  how  to  sing .  If  he  would  eat  with  us  he âĢ Ļ d  enhance  our  meal  with  delightful  Sabbath  hy m ns  and  melodies .  However  sitting  with  a  man  who  lights  up  a  cigarette  between  courses  on  Sh abb at — well ,  even  an  inn keeper  dependent  on  paying  guests  can âĢ Ļ t  tolerate  that"
shabbat,19019," I  saw  her  face  shine  when  I  promised  her  I âĢ Ļ d  keep  Sh abb at ,  it  seemed  to  me  that  I  saw  a  reflection  of  that  World  to  Come . âĢ Ŀ 
 
 We  entered  a  room  with  a  table ,  chair ,  stool ,  and  upt urned  crate  covered  with  a  colorful  oil cloth ,  on  which  were"
shabbat,19019,Aren âĢ Ļ t  you  embarrassed  that  you âĢ Ļ re  in  Ha ifa  and  haven âĢ Ļ t  come  to  visit  me ?! âĢ Ŀ  I  explained  that  I  had  arrived  in  town  right  at  the  onset  of  Sh abb at .  âĢ ľ Where  did  you  spend  the  night ? âĢ Ŀ  I  told  him  on  the  floor  of  a  certain
shabbat,19019," course ,  rice  with  sugar ,  ra is ins ,  and  cinnamon ,  which  I  made  before  Sh abb at .  Don âĢ Ļ t  worry  that  there  won âĢ Ļ t  be  enough  for  both  of  us ,  since  I  made  enough  to  last  me  a  few  days . âĢ Ŀ 
 
 He  went  out  to  the  next  room  and  returned"
shabbat,19019,",  Governor  of  the  State  of  Idaho ,  hereby 
 
 pro claim  October  1 ,  2013 ,  as  Aaron  Paul  Stur te vant  Day . 
 
 Aaron  Paul  Stur te vant ,  who  goes  by  Aaron  Paul ,  played  the  meth - cook ing  Jessie  Pink man  in  AMC 's  "" Breaking  Bad .""  The  hit  show 's  finale  was  Sept"
shabbat,19019," wrote . 
 
 The  letter  asks  that  the  DEA  consider  moving  marijuana  from  schedule  I  —  a  category  that  includes  such  drugs  as  heroin  and  LSD  that  are  not  considered  to  have  medicinal  value  —  to  schedule  II .  Drugs  in  that  category ,  such  as  meth ad one  and  cocaine ,  are  considered  to  have  some  medicinal  value  but  also  can"
shabbat,19019," the 
 
 sc ourge  that  meth  has  become  to  our  communities  and  society ;  and  WHERE AS ,  Aaron  Paul  continues  to  be  an  ambassador  for  the  State  of  Idaho  throughout 
 
 the  nation  and  is  an  inspiration  to  all  Idaho ans ;  NOW ,  THERE FORE ,  I ,  C . L .  âĢ ľ BUT CH âĢ Ŀ  OT"
shabbat,19019," the  longtime  president  of  the  Friends  of  the  Oak  Brook  Public  Library ,  who  considers  the  library  "" my  third  child ."" 
 
 "" This  is  the  heart  of  the  village ,""  B enez ra  says  as  she  tours  the  library  and  surrounding  gardens  under  a  sign  sporting  a  Cic ero  quotation  reading ,  "" If  you  have  a  garden  and  a"
shabbat,19019,"I  take  my  daily  Iron  (  2  tabs  of  PR OF ER R IN )  I  have  increased  my  F OL IC  AC ID  to  4 mg  at  bed time ,  except  the  night  of  my  Meth ot rex ate  dose .  Mag nesium  Cit rate  ( best  type  utilized  efficiently  by  the  body )  powder  ( 1  scoop  in  warm  water )"
shabbat,19019," in  the  turf  as  he  attempted  a  po ach  and  was  cleared  out .  Ear ls  redeemed  himself  to  some  degree  with  a  try - saving  tackle  from  behind  on  Sp edd ing ,  as  did  H ens haw  by  lifting  the  siege  when  poaching  for  a  turnover  penalty  on  half - time .  But  the  players  left  the  pitch  with  O âĢ"
shabbat,19019,"quer  on  the  amount  of  LIB OR  funding  available  to  museums ,  galleries  and  tourist  attractions  in  Scotland .  ( 9 07 316 ) 
 
 11 : 34 : 30  R t  Hon  David  Mund ell  MP ,  The  Secretary  of  State  for  Scotland  ( D um f ri ess hire ,  Cly des dale  and  Twe edd ale ,  Conservative )"
shabbat,19019," on  the  transfer  of  powers  to  the  Scottish  Government  under  the  provisions  of  the  Scotland  Act  2016 .  ( 9 07 317 ) 
 
 11 : 37 : 37  R t  Hon  David  Mund ell  MP ,  The  Secretary  of  State  for  Scotland  ( D um f ri ess hire ,  Cly des dale  and  Twe edd ale ,  Conservative ) 
"
shabbat,19019,"
 11 : 34 : 48  Stewart  Malcolm  McDonald  MP  ( Gl as gow  South ,  Scottish  National  Party ) 
 
 11 : 35 : 16  R t  Hon  David  Mund ell  MP ,  The  Secretary  of  State  for  Scotland  ( D um f ri ess hire ,  Cly des dale  and  Twe edd ale ,  Conservative ) 
 
 11 :"
shabbat,19019," one  being  called  the  Great  ( T ov )  Speaker  of  the  Name  or  Baal  She m  T ov  ( B es ht  for  short ).  Pr ayers  written  by  the  Bes ht  are  still  used  in  syn agog ues  all  over  the  world .  Very  few  have  been  called  a  Baal  She m ,  and  Falk  was  one  of  the  most  amazing"
shabbat,19019,"gal iths  are  much  larger  ( as  much  as  2  to  3  times  larger )  than  the  largest  known  me gal iths  in  the  world .  ( Example :  The  P reg nant  Woman  Stone  of  Baal bek ,  Lebanon  weighs  in  at  approximately  1 , 260  ton ).  Some  of  these  me gal iths  could  easily  weigh  upwards  of  3 , 000"
shabbat,19019," after  Ari k  Marshall ,  who  had  finished  the  remaining  tour  dates  for  Blood  Sugar  Sex  Mag ik ,  was  fired .[ 9 ]  Nav arro  influenced  the  band 's  ensuing  album ,  One  Hot  Minute ,  by  incorporating  various  elements  of  heavy  metal  and  psychedelic  rock ,[ 10 ]  which  was  something  for  which  the  Chili  Pe ppers  had  not  previously  been"
shabbat,19019," London âĢ Ļ s  housing  estates ,  children  play  in  concrete  corridors  once  used  by  heroin  addicts  to  shoot  up .  In  Tall inn  you  can  walk  home  from  the  theatre  unm ol ested  as  late  as  you  like . 
 
 What  is  behind  this  spectacular  and  widespread  improvement ?  Dem ographic  trends  are  an  obvious  factor .  The  baby - bo"
shabbat,19019," way  was  what  I âĢ Ļ d  call  a  hint . âĢ Ŀ 
 
 âĢ ľ Is  that  when  you  starting  talking  to  Doc ?  You  were  so  grim  and  mysterious ,  that  first  visit . âĢ Ŀ 
 
 âĢ ľ Yeah ,  but  I  was  grim  because  of  Sylv i .  Doc  was  way  more  understanding  and  accepting  than  I"
shabbat,19019," to  dislike  Tad am ichi ,  and  they  employed  any  means  possible  to  help  elevate  Yor in aga 's  position .  However ,  Yor in aga  was  himself  generally  disliked  because  of  his  cap ric ious  character .  his  tactics  and  strategy  for  enhancing  his  own  prestige  were  focused  primarily  on  diminishing  Tad am ichi 's  role  in  the  court .  Nin pei"
shabbat,19019," was  off  Monday  and  Tuesday ,  so  I  came  in  to  work  on  Wednesday .  I  punched  in  and  began  to  work ,  and  the  manager  arrived  and  asked  me  why  I  was  working .  I  said ,  âĢ ľ Because  it âĢ Ļ s  my  job . âĢ Ŀ  Then  he  called  me  upstairs  and  asked  me  for  my  Social  Security  number"
shabbat,19019," 2016 ,  and  is  expected  to  increase  by  2 . 5  ppm  in  2017 . 
 
 - end - 
 
 Related  Climate  Change  Reading : 
 
 Global  carbon  emissions  are  on  the  rise  again  in  2017  after  three  years  of  little - to - no  growth ,  according  to  researchers  at  the  University  of  East  Ang lia  and  the  Global"
shabbat,19019," you  see  implementations  of  Pad Ã©  approx im ations ,  like  in  MAT LAB ,  they âĢ Ļ re  usually  just  using  \(  p = q  \ ).  This  gives  a  unity  gain  at  all  frequencies  ( âĢ ľ all - pass âĢ Ŀ )  without  any  low - pass - fil tering . 
 
 Here âĢ Ļ s  the  step  responses"
shabbat,19019," banners  accused  Republicans  of  justifying  âĢ ľ ethnic  cleansing âĢ Ŀ  and  called  for  an  end  to  the  Donald  Trump - Mike  Pence  administration .  Kad aris  also  initiated  an  argument  with  the  Ref use  Fasc ism  protesters  about  fascism .  Bay  Area  resident  Jeanne  Sol n ord al ,  who  said  she  attended  the  vigil  because  of  the  âĢ ľ un fair"
shabbat,21428," Sabbath  eve . 
 
 2 . 
 
 I  left  Reb  Ch aim  D ov  and  Z ich ron  Ya akov  and  set  out  on  my  way .  Because  it  was  e rev  Sh abb at ,  and  I  was  hur rying  to  reach  Ha ifa  before  sunset ,  I  lacked  the  time  to  visit  those  surrounding ,  modest  villages  of  Sh"
shabbat,21428," Wood side ,  a  few  blocks  from  Fre id man 's  station ,  where  c abb ies  can  also  fuel  up  for  free ,  officials  said . 
 
 From berg  noted  that  a  single  cab  can  transport  as  many  as  70  passengers  in  a  given  day . 
 
 The  spokesman  said  that  he  was  unaware  of  any  other  station  refusing  service"
shabbat,21428," inn  who  really  knows  how  to  sing .  If  he  would  eat  with  us  he âĢ Ļ d  enhance  our  meal  with  delightful  Sabbath  hy m ns  and  melodies .  However  sitting  with  a  man  who  lights  up  a  cigarette  between  courses  on  Sh abb at — well ,  even  an  inn keeper  dependent  on  paying  guests  can âĢ Ļ t  tolerate  that"
shabbat,21428," inn  who  really  knows  how  to  sing .  If  he  would  eat  with  us  he âĢ Ļ d  enhance  our  meal  with  delightful  Sabbath  hy m ns  and  melodies .  However  sitting  with  a  man  who  lights  up  a  cigarette  between  courses  on  Sh abb at — well ,  even  an  inn keeper  dependent  on  paying  guests  can âĢ Ļ t  tolerate  that"
shabbat,21428," Sh abb at  Shal om ,  she  wiped  her  eyes ,  blessed  me  in  return ,  and  left . 
 
 I  was  left  alone  in  the  room .  The  Sabbath  candles  barely  lit  the  large  room .  I  took  out  my  small  s idd ur  and  welcomed  the  Sabbath  in  prayer . 
 
 Hun ger  began  to  press  at  me ."
shabbat,21428," Sh abb at  Shal om ,  she  wiped  her  eyes ,  blessed  me  in  return ,  and  left . 
 
 I  was  left  alone  in  the  room .  The  Sabbath  candles  barely  lit  the  large  room .  I  took  out  my  small  s idd ur  and  welcomed  the  Sabbath  in  prayer . 
 
 Hun ger  began  to  press  at  me ."
shabbat,21428,"s  amazing  that  the  em iss aries  of  the  Land  don âĢ Ļ t  mention  among  the  praises  of  our  country  that  the  wind  never  once  extinguished  the  Sh abb at  candles !  Now ,  my  friends ,  I âĢ Ļ ll  go  up  to  my  room  and  get  into  bed  to  enjoy  a  good  Sabbath  sleep .  Too  bad  that  the  mosquitoes"
shabbat,21428," on  her  death bed  not  to  des ec rate  Sh abb at .  She  derived  little  pleasure  from  me  in  her  life ;  I  can  at  least  make  it  up  to  her  after  she âĢ Ļ s  gone .  I  don âĢ Ļ t  know  if  there âĢ Ļ s  another  world  called  the  âĢ ĺ World  to  Come , âĢ Ļ  but"
shabbat,21428,"Ļ ll  turn  a  blind  eye ,  as  long  as  the  police  don âĢ Ļ t  get  involved ,  but  at  my  Sh abb at  table  I  want  Sh abb at  to  be  Sh abb at . âĢ Ŀ 
 
 Another  man  entered  and  said  with  a  pleasant  voice  and  smiling  face ,  âĢ ľ Sh abb at  Shal om ! âĢ"
shabbat,21428,"Ļ ll  turn  a  blind  eye ,  as  long  as  the  police  don âĢ Ļ t  get  involved ,  but  at  my  Sh abb at  table  I  want  Sh abb at  to  be  Sh abb at . âĢ Ŀ 
 
 Another  man  entered  and  said  with  a  pleasant  voice  and  smiling  face ,  âĢ ľ Sh abb at  Shal om ! âĢ"
shabbat,21428,"Ļ ll  turn  a  blind  eye ,  as  long  as  the  police  don âĢ Ļ t  get  involved ,  but  at  my  Sh abb at  table  I  want  Sh abb at  to  be  Sh abb at . âĢ Ŀ 
 
 Another  man  entered  and  said  with  a  pleasant  voice  and  smiling  face ,  âĢ ľ Sh abb at  Shal om ! âĢ"
shabbat,21428,"Ļ ll  turn  a  blind  eye ,  as  long  as  the  police  don âĢ Ļ t  get  involved ,  but  at  my  Sh abb at  table  I  want  Sh abb at  to  be  Sh abb at . âĢ Ŀ 
 
 Another  man  entered  and  said  with  a  pleasant  voice  and  smiling  face ,  âĢ ľ Sh abb at  Shal om ! âĢ"
shabbat,21428,"And ,  then  to  sustained  applause  and  r auc ous  who ops ,  Biden  recognised  G abb ard ,  who  stood  up  and  greeted  the  guests  with  a  n am aste . 
 
 B iden  said ,  "" There  is  a  distinction  that  you  come  to  the  Congress  as  the  first  Hindu  to  be  elected  to  the  legislature  and  I  am  looking"
shabbat,21428," I  saw  her  face  shine  when  I  promised  her  I âĢ Ļ d  keep  Sh abb at ,  it  seemed  to  me  that  I  saw  a  reflection  of  that  World  to  Come . âĢ Ŀ 
 
 We  entered  a  room  with  a  table ,  chair ,  stool ,  and  upt urned  crate  covered  with  a  colorful  oil cloth ,  on  which  were"
shabbat,21428,"ey a  and  Em  Ha Gam al  ( that  is ,  U mm  el - J imal ,  which  is  Bat  Sh l omo ). 
 
 Yet  Sh abb at  reached  me  as  I  reached  Ha ifa .  I  was  told  of  an  appropriate  inn ,  went  there ,  and  asked  if  there  was  room  for  me .  âĢ ľ For  you"
shabbat,21428,Aren âĢ Ļ t  you  embarrassed  that  you âĢ Ļ re  in  Ha ifa  and  haven âĢ Ļ t  come  to  visit  me ?! âĢ Ŀ  I  explained  that  I  had  arrived  in  town  right  at  the  onset  of  Sh abb at .  âĢ ľ Where  did  you  spend  the  night ? âĢ Ŀ  I  told  him  on  the  floor  of  a  certain
shabbat,21428,Aren âĢ Ļ t  you  embarrassed  that  you âĢ Ļ re  in  Ha ifa  and  haven âĢ Ļ t  come  to  visit  me ?! âĢ Ŀ  I  explained  that  I  had  arrived  in  town  right  at  the  onset  of  Sh abb at .  âĢ ľ Where  did  you  spend  the  night ? âĢ Ŀ  I  told  him  on  the  floor  of  a  certain
shabbat,21428," Back  in  the  old  country ,  where  he  was  a  cant or ,  he  would  never  have  dared  to  smoke  in  public  on  Sh abb at ,  but  here  he  acts  want only  since  he  isn âĢ Ļ t  under  the  watch ful  eye  of  his  towns folk .  A  person  can  do  whatever  he  wants  in  his  own  room ,  and  I"
shabbat,21428," In  fact  you  won âĢ Ļ t  find  any  hot  food  here  because  of  my  promise  to  my  mother  not  to  light  fire  on  Sh abb at .  If  you  want  to  know  what  we  do  have  to  eat ,  I  can  open  a  can  of  s ard ines ,  or  we  can  start  with  salad ,  and  then  move  on  to  the"
shabbat,21428," beard  entered .  He  greeted  his  wife  with  âĢ ľ Sh abb at  Shal om âĢ Ŀ  and  took  out  three  or  four  large  lo aves  of  bread .  She  set  aside  two  and  placed  another  two  lo aves  under  an  embro idered  cover ,  which  barely  covered  them .  The  inn keeper  noticed  me  and  said ,  âĢ ľ A  Sabbath  guest"
shabbat,21428," flies  don âĢ Ļ t  know  the  importance  of  Sh abb at  rest ,  for  they  act  on  the  holy  day  as  if  it  were  no  different  from  the  six  work days .  By  the  way ,  my  dear  guest ,  have  others  arrived  with  you  on  the  boat ? âĢ Ŀ  The  inn keeper  answered ,  âĢ ľ The  ship  from  J"
shabbat,21428," his  faithful  Vice  President  Joseph  Biden  led  the  White  House  celebration  of  Di w ali ,  reflecting  on  the  significance  of  festival  of  lights ,  and  also  acknowledging  the  presence  of  Tuls i  G abb ard ,  the  first  Hindu  American  elected  to  the  US  Congress ,  and  also  Ambassador  Nir up ama  Rao ,  who  like  G abb ard ,  seemed  to"
shabbat,21428," his  faithful  Vice  President  Joseph  Biden  led  the  White  House  celebration  of  Di w ali ,  reflecting  on  the  significance  of  festival  of  lights ,  and  also  acknowledging  the  presence  of  Tuls i  G abb ard ,  the  first  Hindu  American  elected  to  the  US  Congress ,  and  also  Ambassador  Nir up ama  Rao ,  who  like  G abb ard ,  seemed  to"
shabbat,21428," course ,  rice  with  sugar ,  ra is ins ,  and  cinnamon ,  which  I  made  before  Sh abb at .  Don âĢ Ļ t  worry  that  there  won âĢ Ļ t  be  enough  for  both  of  us ,  since  I  made  enough  to  last  me  a  few  days . âĢ Ŀ 
 
 He  went  out  to  the  next  room  and  returned"
shabbat,21428," one  slice  remains  from  last  week ,  and  I  didn âĢ Ļ t  manage  to  do  any  baking  for  this  Sh abb at .  But  if  you  wait  until  my  husband  arrives ,  perhaps  he  found  some  at  the  baker âĢ Ļ s .  In  the  meantime ,  if  you âĢ Ļ re  hungry ,  I  can  give  you  s ard ines  and"
shabbat,21428," Ju arez  cab  driver  actually  found  the  boy  who  was  alone ,  scared ,  and  hungry .  The  c abb ie  contacted  local  police  who  then  took  the  child  into  custody .  When  investigators  examined  âĢ ľ Lu is , âĢ Ŀ  they  noticed  bruises  on  his  head ,  legs ,  and  buttocks . 
 
 Current  El  Paso  jail  records  show  that"
shabbat,21428," Ju arez  cab  driver  actually  found  the  boy  who  was  alone ,  scared ,  and  hungry .  The  c abb ie  contacted  local  police  who  then  took  the  child  into  custody .  When  investigators  examined  âĢ ľ Lu is , âĢ Ŀ  they  noticed  bruises  on  his  head ,  legs ,  and  buttocks . 
 
 Current  El  Paso  jail  records  show  that"
shabbat,21428," keep  your  door  locked  against  thieves .  Unfortunately  the  key  is  iron  and  it  rust s .  I âĢ Ļ ve  thought  of  having  a  brass  key  made ,  but  all  week  long  I âĢ Ļ m  busy  earning  a  living ,  and  on  Sh abb at  when  I âĢ Ļ m  free  from  work  I  cannot  work  because  I  swore  to  my"
shabbat,21428," for  political  change . 
 
 But  today  that  frustration  with  politics  appears  und im inished  and  is  aimed  in  all  directions  —  including  Trump âĢ Ļ s . 
 
 âĢ ľ We âĢ Ļ re  wasting  so  much  time , âĢ Ŀ  said  Trump  voter  Robin  De F abb io ,  interviewed  at  Kelly âĢ Ļ s  Coffee  House  here ."
shabbat,21428,"-  and  early - 20 th - century  Jews  did  not  generally  use  âĢ ľ Pal estine . âĢ Ŀ  Their  own  term ,  current  since  early  rabb inic  times ,  was  âĢ ľ E rets - Y is ra âĢ Ļ el , âĢ Ŀ  the  Land  of  Israel . 
 
 It  is  also  true  that  when ,  after  putting  down"
shabbat,21428," swamp  that  hasn 't  been  drained . 
 
 âĢ ľ You  just  get  disappointed  on  a  bunch  of  levels ,  not  just  ( with  President  Trump ).  Everything 's  in  grid lock ,  nothing 's  moving . âĢ Ŀ  Robin  De F abb io ,  Rich land  Center ,  Wis . 
 
 âĢ ľ You  just  get  disappointed  on  a  bunch"
shabbat,21428,"The  U - 24  player  who  has  the  most  points ?  Rob by  F abb ri ,  another  player  who  was  barely  on  Chi are lli  and  Bowman âĢ Ļ s  radar  three  months  ago . 
 
 General  managers  will  flesh  out  their  World  Cup  rosters  on  Friday ,  May  27  adding  seven  players  apiece . 
 
 Watch  it  live  on"
shabbat,21428," coaching  staff  feels  he  can  handle  playing  on  his  wrong  wing ),  and  Sche ife le âĢ Ļ s  strong  world  championships  puts  him  on  this  roster  as  well .  That  leaves  one  final  spot  for  a  utility  forward ,  and  although  F abb ri  has  likely  earned  it ,  we âĢ Ļ ll  give  it  to  Aust on  Matthews . 
 
"
shabbat,21428," the  Oak  Brook  Public  Library . 
 
 T elling  her  mother  that  she  wanted  to  come  to  the  aid  of  a  library  under  attack ,  11 - year - old  Sydney  Sabb ag ha  stood  at  the  podium  before  the  Oak  Brook  village  board . 
 
 "" I  used  to  go  to  the  library  knowing  there  were  people  there  to  help"
shabbat,21428," about  20  yards  in  front .  Sc attered  around  were  about  a  dozen  hand - gren ades .  Given  another  five  minutes ,  our  trench  would  have  been  blown  to  bits . 
 
 The  victim  had  got  partly  through  our  bar bed  wire  —  which  is  probably  what  I  heard .  Later ,  we  r aff led  his  bay onet  sc abb"
shabbat,21428," the  fundamental  human  bonds  that  unite  us ,  which  are  much  more  powerful  than  those  things  that  divide  us .  Right  now ,  people  of  four  major  faiths  are  celebrating  Di w ali  --  millions  of  Hindus ,  J ains ,  Sik hs  and  Buddh ists  in  India  and  here  in  America  are  lighting  lamps  in  their  homes  --  and  are  reflecting  on"
shabbat,21428," prison  sentence ,  was  to  circulate  a  petition  for  placing  human  rights ,  democracy  and  the  rule  of  law  at  the  core  of  the  Chinese  political  system ? 
 
 As  much  as  Trump  might  disdain  moral izing ,  part  of  his  job  is  to  send  the  message  that  America  cares  about  its  values . 
 
 USA  TODAY 's  editorial  opinions  are"
shabbat,21428," fund ,  and  of  profit  as  the  reward  for  abst ention  or  long  time - pre ference  on  the  capitalist âĢ Ļ s  part ,  is  especially  laughable  given  the  fact  that  the  original  accumulation  of  capital  —  the  concentration  of  enormous  investment  funds  in  the  hands  of  a  small  pl ut ocracy  —  was  actually  accomplished  through  robbery  rather  than  abst ention"
shabbat,21428," de  los  test ig os  se  enc ont rab an  o  est uv ier on  al gun a  ve z ,  as ist idas  fin anc ier ament e  por  la ,  que  a  su  ve z  es  finan ci ada  por  el  Minister io  del  Interior  y  ant es  por  el  de  Just icia .  Las  as ist en ci as  van"
shabbat,21428," enlisted  the  services  of  Fred  Burton ,  a  longtime  counterterrorism  agent  with  the  U . S .  Department  of  State .  Burton ,  whom  Mars  has  known  since  the  second  grade ,  was  involved  in  several  high - profile  investigations ,  including  the  capture  of  World  Trade  Center  bomber  Ram zi  You se f  and  the  assassination  of  Israeli  Prime  Minister  Y itz"
shabbat,21428,tx  . p rel  . pr pro j  . ps  . ps d  . p st  . pt x  . r 3 d  . ra  . raf  . raw  . rb  . rt f  . rw 2  . rw l  . s df  . s ld m  . s ld x  . sql  . sr 2  . sr f  . sr w  .
shabbat,21428," of  metal  fragments  in  the  car  and  try  to  determine  what  caused  Tr an âĢ Ļ s  neck  wounds ,  Mont es  said . 
 
 TM  and  Â©  Copyright  2014  CBS  Radio  Inc .  and  its  relevant  subsidiaries .  CBS  RAD IO  and  E YE  Logo  TM  and  Copyright  2014  CBS  Broadcasting  Inc .  Used  under  license .  All  Rights  Reserved ."
shabbat,21428," time  for  her .  You 'd  at  least  think  she 'd  want  to  spend  some  time  with  me ,  but  no ,  n -  "" O w !""  Something  or  rather  someone ,  fl icked  Weiss  in  the  forehead .  Considering  that  the  she  only  knew  one  such  person  who  would  do  such  a  thing ,  and  she  was  in  the  company  of"
shabbat,21428," this  raised  the  bar  another  degree .  But  many  forget  that  preseason  is ,  well ,  the  only  preseason . 
 
 In  the  regular  season ,  Monk  has  been  streak y  to  say  the  least .  Other  than  a  few  games ,  he  has  been  a  below  average  role  player .  His  best  scoring  outbreak  came  against  the  Milwaukee  Bucks  on  November"
shabbat,21428,",  I 'm  pretty  open  to  new  old  things . 
 
 12 : 11  PM  -  2 nd  floor  -  As  I  continue  drinking ,  I  am  forced  to  keep  coming  up  with  cunning  ways  to  consume  my  alcohol .  I  finish  my  Starbucks  drink  and  my  Pr ing les  beer ,  now  I 'm  drinking  an  entire  beer  out  of  a"
shabbat,21510,"ian  press  for  months ,  earning  equal  amounts  of  curiosity ,  dismissal ,  and  outright  der ision ,  but  the  exiled  gad flies  had  made  their  point  -  the  paranormal ,  the  anomal ous ,  and  the  bizarre  had  found  a  place  in  the  world  of  art  and  would  not  be  so  easily  gotten  rid  of . 
 
 "" S omm es"
shabbat,21510,"ian  press  for  months ,  earning  equal  amounts  of  curiosity ,  dismissal ,  and  outright  der ision ,  but  the  exiled  gad flies  had  made  their  point  -  the  paranormal ,  the  anomal ous ,  and  the  bizarre  had  found  a  place  in  the  world  of  art  and  would  not  be  so  easily  gotten  rid  of . 
 
 "" S omm es"
shabbat,21510," higher  fuel  prices  also  benef itted  from  lower  crude  rates  as  refinery  shutdown  in  US  cut  demand  for  crude  oil Document ary  Description 
 
 Find  out  the  secrets  of  Skull  &  Bones ,  the  mysterious  organization  portrayed  in  the  Oscar Â®  -  nominated  film  The  Good  Shepherd . 
 
 They  are  the  subjects  of  controversy  and  curiosity .  Their  members  include"
shabbat,21510," higher  fuel  prices  also  benef itted  from  lower  crude  rates  as  refinery  shutdown  in  US  cut  demand  for  crude  oil Document ary  Description 
 
 Find  out  the  secrets  of  Skull  &  Bones ,  the  mysterious  organization  portrayed  in  the  Oscar Â®  -  nominated  film  The  Good  Shepherd . 
 
 They  are  the  subjects  of  controversy  and  curiosity .  Their  members  include"
shabbat,21510," then ),  I  monopol ized  a  small  library  of  donated  books  to  satisfy  my  ins at iable  curiosity  about  the  world . 
 
 Don âĢ Ļ t  like  ads ?  Become  a  supporter  and  enjoy  The  Good  Men  Project  ad  free 
 
 I  read  every  book ,  many  of  them  twice .  As  a  result ,  I  approached  one  of  the"
shabbat,21510," then ),  I  monopol ized  a  small  library  of  donated  books  to  satisfy  my  ins at iable  curiosity  about  the  world . 
 
 Don âĢ Ļ t  like  ads ?  Become  a  supporter  and  enjoy  The  Good  Men  Project  ad  free 
 
 I  read  every  book ,  many  of  them  twice .  As  a  result ,  I  approached  one  of  the"
shabbat,21510," in  contrast  to  the  vast  sea  of  grey  skysc rap ers  that  stretches  beyond  the  windows .  As  a  way  to  exc ite  the  children âĢ Ļ s  curiosity  and  help  them  cultivate  their  creativity ,  special  features  have  been  added  all  around  the  house ,  including  little  nic hes  that  serve  as  hide - outs ,  a  Lego - br ick  âĢ"
shabbat,21510," in  contrast  to  the  vast  sea  of  grey  skysc rap ers  that  stretches  beyond  the  windows .  As  a  way  to  exc ite  the  children âĢ Ļ s  curiosity  and  help  them  cultivate  their  creativity ,  special  features  have  been  added  all  around  the  house ,  including  little  nic hes  that  serve  as  hide - outs ,  a  Lego - br ick  âĢ"
shabbat,21510," weight  of  his  body  in  a  way  that  the  human  mus cul os ke letal  system  wasn âĢ Ļ t  designed  for .  The  last  thing  he  grabbed  before  setting  out  were  two  flash lights ,  in  case  it  had  grown  dark  by  the  time  he  returned .  His  cat  watched  these  preparations  with  idle  curiosity . 
 
 Thomas âĢ Ļ  inner"
shabbat,21510,"
 
 The  art  of  dying  is  not  learned  on  the  death bed . 
 
 These  things ,  in  Oliver  S acks ,  it  seems  to  me ,  are  all  of  a  piece :  his  love ,  since  he  was  a  boy ,  of  the  close  study  of  particulars  in  nature ;  his  joyful  wonder ,  and  ins at iable  curiosity ;"
shabbat,21510,"
 
 The  art  of  dying  is  not  learned  on  the  death bed . 
 
 These  things ,  in  Oliver  S acks ,  it  seems  to  me ,  are  all  of  a  piece :  his  love ,  since  he  was  a  boy ,  of  the  close  study  of  particulars  in  nature ;  his  joyful  wonder ,  and  ins at iable  curiosity ;"
shabbat,21510,"ey a  and  Em  Ha Gam al  ( that  is ,  U mm  el - J imal ,  which  is  Bat  Sh l omo ). 
 
 Yet  Sh abb at  reached  me  as  I  reached  Ha ifa .  I  was  told  of  an  appropriate  inn ,  went  there ,  and  asked  if  there  was  room  for  me .  âĢ ľ For  you"
shabbat,21510," one  slice  remains  from  last  week ,  and  I  didn âĢ Ļ t  manage  to  do  any  baking  for  this  Sh abb at .  But  if  you  wait  until  my  husband  arrives ,  perhaps  he  found  some  at  the  baker âĢ Ļ s .  In  the  meantime ,  if  you âĢ Ļ re  hungry ,  I  can  give  you  s ard ines  and"
shabbat,21510,"s  amazing  that  the  em iss aries  of  the  Land  don âĢ Ļ t  mention  among  the  praises  of  our  country  that  the  wind  never  once  extinguished  the  Sh abb at  candles !  Now ,  my  friends ,  I âĢ Ļ ll  go  up  to  my  room  and  get  into  bed  to  enjoy  a  good  Sabbath  sleep .  Too  bad  that  the  mosquitoes"
shabbat,21510," the  Sea ,  which  certainly  contains  fish ,  yet  fish  for  Sh abb at — we  have  none .  What  did  I  make ?  A  certain  dish  that ,  if  you  wish ,  tastes  like  fish — even  though  there  are  none . âĢ Ŀ 
 
 The  inn keeper  added ,  âĢ ľ There âĢ Ļ s  a  certain  guest  here  at"
shabbat,21510," course ,  rice  with  sugar ,  ra is ins ,  and  cinnamon ,  which  I  made  before  Sh abb at .  Don âĢ Ļ t  worry  that  there  won âĢ Ļ t  be  enough  for  both  of  us ,  since  I  made  enough  to  last  me  a  few  days . âĢ Ŀ 
 
 He  went  out  to  the  next  room  and  returned"
shabbat,21510," course ,  rice  with  sugar ,  ra is ins ,  and  cinnamon ,  which  I  made  before  Sh abb at .  Don âĢ Ļ t  worry  that  there  won âĢ Ļ t  be  enough  for  both  of  us ,  since  I  made  enough  to  last  me  a  few  days . âĢ Ŀ 
 
 He  went  out  to  the  next  room  and  returned"
shabbat,21510," I  think  that  for  me  this  year âĢ Ļ s  kind  of  about  growing  not  only  as  a  player ,  but  also  as  kind  of  a  person  and  as  a  leader . âĢ Ŀ 
 
 F as ching ,  part  of  the  Bray den  McN abb  trade  with  Los  Angeles  at  the  2014  deadline ,  is  one  of  the  country âĢ Ļ"
shabbat,21510,"Ļ ll  turn  a  blind  eye ,  as  long  as  the  police  don âĢ Ļ t  get  involved ,  but  at  my  Sh abb at  table  I  want  Sh abb at  to  be  Sh abb at . âĢ Ŀ 
 
 Another  man  entered  and  said  with  a  pleasant  voice  and  smiling  face ,  âĢ ľ Sh abb at  Shal om ! âĢ"
shabbat,21510,"Ļ ll  turn  a  blind  eye ,  as  long  as  the  police  don âĢ Ļ t  get  involved ,  but  at  my  Sh abb at  table  I  want  Sh abb at  to  be  Sh abb at . âĢ Ŀ 
 
 Another  man  entered  and  said  with  a  pleasant  voice  and  smiling  face ,  âĢ ľ Sh abb at  Shal om ! âĢ"
shabbat,21510," In  fact  you  won âĢ Ļ t  find  any  hot  food  here  because  of  my  promise  to  my  mother  not  to  light  fire  on  Sh abb at .  If  you  want  to  know  what  we  do  have  to  eat ,  I  can  open  a  can  of  s ard ines ,  or  we  can  start  with  salad ,  and  then  move  on  to  the"
shabbat,21510," Sabbath  eve . 
 
 2 . 
 
 I  left  Reb  Ch aim  D ov  and  Z ich ron  Ya akov  and  set  out  on  my  way .  Because  it  was  e rev  Sh abb at ,  and  I  was  hur rying  to  reach  Ha ifa  before  sunset ,  I  lacked  the  time  to  visit  those  surrounding ,  modest  villages  of  Sh"
shabbat,21510," Back  in  the  old  country ,  where  he  was  a  cant or ,  he  would  never  have  dared  to  smoke  in  public  on  Sh abb at ,  but  here  he  acts  want only  since  he  isn âĢ Ļ t  under  the  watch ful  eye  of  his  towns folk .  A  person  can  do  whatever  he  wants  in  his  own  room ,  and  I"
shabbat,21510," flies  don âĢ Ļ t  know  the  importance  of  Sh abb at  rest ,  for  they  act  on  the  holy  day  as  if  it  were  no  different  from  the  six  work days .  By  the  way ,  my  dear  guest ,  have  others  arrived  with  you  on  the  boat ? âĢ Ŀ  The  inn keeper  answered ,  âĢ ľ The  ship  from  J"
shabbat,21510,Aren âĢ Ļ t  you  embarrassed  that  you âĢ Ļ re  in  Ha ifa  and  haven âĢ Ļ t  come  to  visit  me ?! âĢ Ŀ  I  explained  that  I  had  arrived  in  town  right  at  the  onset  of  Sh abb at .  âĢ ľ Where  did  you  spend  the  night ? âĢ Ŀ  I  told  him  on  the  floor  of  a  certain
shabbat,21510," beard  entered .  He  greeted  his  wife  with  âĢ ľ Sh abb at  Shal om âĢ Ŀ  and  took  out  three  or  four  large  lo aves  of  bread .  She  set  aside  two  and  placed  another  two  lo aves  under  an  embro idered  cover ,  which  barely  covered  them .  The  inn keeper  noticed  me  and  said ,  âĢ ľ A  Sabbath  guest"
shabbat,21510," inn  who  really  knows  how  to  sing .  If  he  would  eat  with  us  he âĢ Ļ d  enhance  our  meal  with  delightful  Sabbath  hy m ns  and  melodies .  However  sitting  with  a  man  who  lights  up  a  cigarette  between  courses  on  Sh abb at — well ,  even  an  inn keeper  dependent  on  paying  guests  can âĢ Ļ t  tolerate  that"
shabbat,21510," on  her  death bed  not  to  des ec rate  Sh abb at .  She  derived  little  pleasure  from  me  in  her  life ;  I  can  at  least  make  it  up  to  her  after  she âĢ Ļ s  gone .  I  don âĢ Ļ t  know  if  there âĢ Ļ s  another  world  called  the  âĢ ĺ World  to  Come , âĢ Ļ  but"
shabbat,21510," —  at  dusk ,  we  put  a  small  piece  of  cheese  on  the  end  of  a  bay onet ,  wait  for  a  rat  to  have  a  nib ble ,  and  then  pull  the  trigger . 
 
 Saturday ,  January  8 ,  1916 
 
 R affle  prize :  Harry  won  this  German  sc abb ard  in  a  r affle  and  sent  it"
shabbat,21510," Ju arez  cab  driver  actually  found  the  boy  who  was  alone ,  scared ,  and  hungry .  The  c abb ie  contacted  local  police  who  then  took  the  child  into  custody .  When  investigators  examined  âĢ ľ Lu is , âĢ Ŀ  they  noticed  bruises  on  his  head ,  legs ,  and  buttocks . 
 
 Current  El  Paso  jail  records  show  that"
shabbat,21510,"ar  and  the  Hindu  Mah as ab ha  actively  collaborated  with  the  British  may  not  be  difficult  to  comprehend ,  since  it  is  widely  known  that  the  Hind ut va  groups  regarded  Muslims ,  and  not  the  British ,  as  their  primary  enemies .  What  is  likely  to  raise  more  eyebrows  today  is  the  collaboration  of  the  Hindu  Mah as ab ha  with"
shabbat,21510," potential . 
 
 After  the  funding  came  in ,  Blog ger  set  up  an  advertising - supported  domain  hosting  Blog  URL :  blog spot . com .  Blog ger  Pro  was  a  paid  version .  In  2002 ,  Blog ger  started  licensing  Blog ger  technology  to  media  companies . 
 
 This  caught  Google âĢ Ļ s  eye  and  they  bought  out"
shabbat,21510," Disney  Family  of  W ines  Dinner ,  as  well  as  returning  favorites  like  Sweet  Sundays  and  the  Win emaker  or  Brew master  Din ners .  Another  guest - favorite  returning  to  the  festival  is  the  Junior  Chef  experience ,  with  hands - on  fun  led  by  Chef  Go of y ,  for  children  ages  3  to  11 . 
 
 Keep  an  eye"
shabbat,21510,"!  You 're  almost  signed  up  for  AZ  Mem o  Keep  an  eye  out  for  an  email  to  confirm  your  newsletter  registration .  More  newsletters 
 
 As  Woods  handed  her  the  check  and  a  camera  to  document  her  travels ,  Davis  began  to  cry . 
 
 âĢ ľ See ,  that âĢ Ļ s  why  I  love  my  babies , âĢ"
shabbat,21510,",  technological  form  is  extremely  tough .  "" The  eye  is  a  very  complex  system ,""  says  S net hen .  "" They  have  ref raction  and  all  sorts  of  internal  curv ature .  You  have  to  get  the  look  of  the  eye  right ,  the  wet ness  and  the  micro - details  within  the  eye .  The  surrounding  tissue  has  to  move"
shabbat,21510," two  weeks ,  the  paper  reports ,  with  an  eye  toward  deploying  it  more  widely  in  2018 . 
 
 The  hope  is  that  the  software  will  be  able  to  analyze  and  identify  the  dialect s  of  people  seeking  asylum  in  Germany ,  based  on  recorded  speech  samples .  That  information  could  then  be  used  as  one  of  several  âĢ ľ ind icators"
shabbat,21510," personally  i  understand  them ,  for  example  this  last  release  came  with  less  so  needed  features ,  win 8  wasn 't  a  priority ,  many  cust umers  are  waiting  for  linux  or  android ,  OR M ,  etc .  visual  live binding  is  great ,  ti  be  short .  Keep  an  eye  on  community  and  upon  all  keep  visible  the  roadmap ,  it"
shabbat,21510," It âĢ Ļ s  dick  liner .  Cat  eyes  are  out .  Dick  eyes  are  in . 
 
 Wow  MU A  Twitter  has  been  so  creative  with  their  eye  looks ,  thought  I 'd  have  my  take  â Ľ ½ ï¸ı  pic . twitter . com / N sf m 460 H V V  —  as ia  (@ as ial b x"
shabbat,21510," methods .  For  other  projects ,  we  use  a  mix  of  different  methods :  field  studies ,  eye  tracking ,  online  surveys ,  card  sorting  and ,  of  course ,  traditional  usability  testing ."" 
 
 Some  Pet  P ee ves 
 
 Q .  It 's  hard  to  find  the  link  to  the  Ob itu aries  section  on  the  front  page  of"
shabbat,21510,"
 
 The  woman  continued  to  compliment  Ms  Hanson  by  comparing  her  qualities  with  two  other  national istic  politicians  she  adm ires  -  the  current  President  of  the  United  States  and  the  leader  of  Nazi  Germany . 
 
 Speaking  about  why  she  likes  Ms  Hanson ,  the  woman  continued :  ' Just  like  Trump .  I  like  Trump .  Donald  Trump  is"
shabbat,21510,"
 
 *  China  to  drive  two - thirds  of  coal  growth  this  decade  ( Adds  comments  from  Al st om  on  Asia  power  market ,  coal  supply  and  prices ;  provides  graphic  link ) 
 
 By  Florence  Tan 
 
 DA EG U ,  South  Korea ,  Oct  14  ( Reuters )  -  Coal  will  surpass  oil  as  the  key  fuel"
shabbat,21510,"ro pe  worms , âĢ Ŀ  and  their  presence  in  a  child âĢ Ļ s  discharge  confirms  that  the  M MS  is  doing  its  job . 
 
 Summary  of  supposed  effects 
 
 To  review ,  this  chemical  is  supposedly  able  to  cure  an  extremely  broad  array  of  al iments ,  each  of  which  requires  a  different  mechanism .  A  mechanism  that"
shabbat,21510,",  âĢ ľ half  to  be  paid  when  you  start  work  on  the  project ,  and  the  remainder  when  you  inform  me  that  the  article  has  been  accepted  for  publication . âĢ Ŀ 31  Eventually ,  the  SR F  would  pay  them  $ 65 00 32  ($ 48  900  in  2016  dollars )  for  âĢ ľ a  review  article  of  the  several  papers"
shabbat,21510," mechanisms  of  neuro end ocrine  and  immune  system  home ost asis  ,  Ann  N  Y  Acad  Sci  ,  2006  ,  vol .  10 88  ( pg .  41  -  51  )  ,  vol .( pg .  20  Johnson  E O  M outs opoulos  HM  Neuro end ocrine  manifestations  in  S j og ren âĢ Ļ s  syndrome .  Rel ation  to  the  neuro"
shabbat,21510,phi  \ mid  \ ps i  }  D  Ï Ĩ  Ï Ī  {\ display style  \ math rm  { D }  \ var phi  \ ps i  }  dys j unk c ja  Poss ibility  âĹ Ĭ  Ï Ĩ  {\ display style  \ Diamond  \ var phi  }  M  Ï Ĩ  {\ display style  \ math rm  { M }  \ var phi
shabbat,2809," about  20  yards  in  front .  Sc attered  around  were  about  a  dozen  hand - gren ades .  Given  another  five  minutes ,  our  trench  would  have  been  blown  to  bits . 
 
 The  victim  had  got  partly  through  our  bar bed  wire  —  which  is  probably  what  I  heard .  Later ,  we  r aff led  his  bay onet  sc abb"
shabbat,2809," for  political  change . 
 
 But  today  that  frustration  with  politics  appears  und im inished  and  is  aimed  in  all  directions  —  including  Trump âĢ Ļ s . 
 
 âĢ ľ We âĢ Ļ re  wasting  so  much  time , âĢ Ŀ  said  Trump  voter  Robin  De F abb io ,  interviewed  at  Kelly âĢ Ļ s  Coffee  House  here ."
shabbat,2809,Aren âĢ Ļ t  you  embarrassed  that  you âĢ Ļ re  in  Ha ifa  and  haven âĢ Ļ t  come  to  visit  me ?! âĢ Ŀ  I  explained  that  I  had  arrived  in  town  right  at  the  onset  of  Sh abb at .  âĢ ľ Where  did  you  spend  the  night ? âĢ Ŀ  I  told  him  on  the  floor  of  a  certain
shabbat,2809," In  fact  you  won âĢ Ļ t  find  any  hot  food  here  because  of  my  promise  to  my  mother  not  to  light  fire  on  Sh abb at .  If  you  want  to  know  what  we  do  have  to  eat ,  I  can  open  a  can  of  s ard ines ,  or  we  can  start  with  salad ,  and  then  move  on  to  the"
shabbat,2809," politicians  have  dig ressed  to  fifth -  and  sixth - grad ers .  I âĢ Ļ m  disgusted  with  the  attitude  ( in  politics )  and  the  way  it âĢ Ļ s  being  handled  —  on  all  sides . âĢ Ŀ 
 
 Robin  De F abb io ,  the  Trump  voter  from  Rich land  Center ,  doesn 't  like  Trump 's  style"
shabbat,2809," Ju arez  cab  driver  actually  found  the  boy  who  was  alone ,  scared ,  and  hungry .  The  c abb ie  contacted  local  police  who  then  took  the  child  into  custody .  When  investigators  examined  âĢ ľ Lu is , âĢ Ŀ  they  noticed  bruises  on  his  head ,  legs ,  and  buttocks . 
 
 Current  El  Paso  jail  records  show  that"
shabbat,2809,"Ļ ll  turn  a  blind  eye ,  as  long  as  the  police  don âĢ Ļ t  get  involved ,  but  at  my  Sh abb at  table  I  want  Sh abb at  to  be  Sh abb at . âĢ Ŀ 
 
 Another  man  entered  and  said  with  a  pleasant  voice  and  smiling  face ,  âĢ ľ Sh abb at  Shal om ! âĢ"
shabbat,2809,"Ļ ll  turn  a  blind  eye ,  as  long  as  the  police  don âĢ Ļ t  get  involved ,  but  at  my  Sh abb at  table  I  want  Sh abb at  to  be  Sh abb at . âĢ Ŀ 
 
 Another  man  entered  and  said  with  a  pleasant  voice  and  smiling  face ,  âĢ ľ Sh abb at  Shal om ! âĢ"
shabbat,2809,"And ,  then  to  sustained  applause  and  r auc ous  who ops ,  Biden  recognised  G abb ard ,  who  stood  up  and  greeted  the  guests  with  a  n am aste . 
 
 B iden  said ,  "" There  is  a  distinction  that  you  come  to  the  Congress  as  the  first  Hindu  to  be  elected  to  the  legislature  and  I  am  looking"
shabbat,2809," Wood side ,  a  few  blocks  from  Fre id man 's  station ,  where  c abb ies  can  also  fuel  up  for  free ,  officials  said . 
 
 From berg  noted  that  a  single  cab  can  transport  as  many  as  70  passengers  in  a  given  day . 
 
 The  spokesman  said  that  he  was  unaware  of  any  other  station  refusing  service"
shabbat,2809," keep  your  door  locked  against  thieves .  Unfortunately  the  key  is  iron  and  it  rust s .  I âĢ Ļ ve  thought  of  having  a  brass  key  made ,  but  all  week  long  I âĢ Ļ m  busy  earning  a  living ,  and  on  Sh abb at  when  I âĢ Ļ m  free  from  work  I  cannot  work  because  I  swore  to  my"
shabbat,2809,orf  . p 12  . p 7 b  . p 7 c  . p db  . pdf  . pe f  . p em  . p fx  . php  . pl b  . pm d  . pot  . pot m  . pot x  . pp am  . pp j  . pps  . pp sm  . pps x  . pp t  . pp tm  .
shabbat,2809,orf  . p 12  . p 7 b  . p 7 c  . p db  . pdf  . pe f  . p em  . p fx  . php  . pl b  . pm d  . pot  . pot m  . pot x  . pp am  . pp j  . pps  . pp sm  . pps x  . pp t  . pp tm  .
shabbat,2809," I  saw  her  face  shine  when  I  promised  her  I âĢ Ļ d  keep  Sh abb at ,  it  seemed  to  me  that  I  saw  a  reflection  of  that  World  to  Come . âĢ Ŀ 
 
 We  entered  a  room  with  a  table ,  chair ,  stool ,  and  upt urned  crate  covered  with  a  colorful  oil cloth ,  on  which  were"
shabbat,2809," swamp  that  hasn 't  been  drained . 
 
 âĢ ľ You  just  get  disappointed  on  a  bunch  of  levels ,  not  just  ( with  President  Trump ).  Everything 's  in  grid lock ,  nothing 's  moving . âĢ Ŀ  Robin  De F abb io ,  Rich land  Center ,  Wis . 
 
 âĢ ľ You  just  get  disappointed  on  a  bunch"
shabbat,2809," —  at  dusk ,  we  put  a  small  piece  of  cheese  on  the  end  of  a  bay onet ,  wait  for  a  rat  to  have  a  nib ble ,  and  then  pull  the  trigger . 
 
 Saturday ,  January  8 ,  1916 
 
 R affle  prize :  Harry  won  this  German  sc abb ard  in  a  r affle  and  sent  it"
shabbat,2809,"The  U - 24  player  who  has  the  most  points ?  Rob by  F abb ri ,  another  player  who  was  barely  on  Chi are lli  and  Bowman âĢ Ļ s  radar  three  months  ago . 
 
 General  managers  will  flesh  out  their  World  Cup  rosters  on  Friday ,  May  27  adding  seven  players  apiece . 
 
 Watch  it  live  on"
shabbat,2809, family  who  organized  the  fundraiser  for  his  medical  expenses .  K X AN  Photo /  A lyss a  Go ard . Sen .  John  McCain  John  Sidney  McCain GOP  lobbyists  worry  Trump  l ags  in  K  Street  fundraising  Mark  Kelly  kicks  off  Senate  bid :  âĢ ĺ A  mission  to  lift  up  hard working  Ari zon ans âĢ Ļ  G abb ard  hits
shabbat,2809,"s  amazing  that  the  em iss aries  of  the  Land  don âĢ Ļ t  mention  among  the  praises  of  our  country  that  the  wind  never  once  extinguished  the  Sh abb at  candles !  Now ,  my  friends ,  I âĢ Ļ ll  go  up  to  my  room  and  get  into  bed  to  enjoy  a  good  Sabbath  sleep .  Too  bad  that  the  mosquitoes"
shabbat,2809,"Ŀ  in  the  K ness et  —  as  outdated ,  irrelevant ,  ignorant ,  and  deceit ful . 
 
 This  began  with  the  violence  and  st abb ings  in  October  2015 .  The  propag and ists  of  the  Israeli  government  announced  openly  that  Palestinian  President  Mahmoud  Abbas âĢ Ļ  inc itement  was  behind  the  uprising .  The  dem agog u ery  quickly"
shabbat,2809,"Ŀ  in  the  K ness et  —  as  outdated ,  irrelevant ,  ignorant ,  and  deceit ful . 
 
 This  began  with  the  violence  and  st abb ings  in  October  2015 .  The  propag and ists  of  the  Israeli  government  announced  openly  that  Palestinian  President  Mahmoud  Abbas âĢ Ļ  inc itement  was  behind  the  uprising .  The  dem agog u ery  quickly"
shabbat,2809," Back  in  the  old  country ,  where  he  was  a  cant or ,  he  would  never  have  dared  to  smoke  in  public  on  Sh abb at ,  but  here  he  acts  want only  since  he  isn âĢ Ļ t  under  the  watch ful  eye  of  his  towns folk .  A  person  can  do  whatever  he  wants  in  his  own  room ,  and  I"
shabbat,2809," flies  don âĢ Ļ t  know  the  importance  of  Sh abb at  rest ,  for  they  act  on  the  holy  day  as  if  it  were  no  different  from  the  six  work days .  By  the  way ,  my  dear  guest ,  have  others  arrived  with  you  on  the  boat ? âĢ Ŀ  The  inn keeper  answered ,  âĢ ľ The  ship  from  J"
shabbat,2809," findings  from  epidem i ologic ,  experimental ,  and  mechan istic  studies  examining  the  role  of  suc rose  in  CH D  ( see  e Table  1  in  the  Supplement ).  It  reported  that  epidem i ologic  studies  showed  a  positive  association  between  high  suc rose  consumption  and  CH D  outcomes 48 ( pp 187 - 189 ) and  that  experimental  studies  showed  that"
shabbat,2809,"ari  and  undergone  strong  morph ological ,  but  slow  genetic  evolution ,  which  would  require  a  very  high  evolutionary  pressure ,  coupled  with  a  long  lifespan  and  slow  reproduction . 
 
 The  earliest  unequiv ocal  fossils  of  au ks  are  from  the  late  E ocene ,  some  35  my a .[ 4 ]  The  genus  M io ce pp hus ,  ("
shabbat,2809," for  the  Ce pp hus  gu ille m ots  and  30  m  for  the  a uk lets . 
 
 Bre eding  and  colonies  [  edit  ] 
 
 A u ks  are  pel agic  birds ,  spending  the  majority  of  their  adult  life  on  the  open  sea  and  going  ashore  only  for  breeding ,  although  some  species  —  like  the  common  gu"
shabbat,2809," a  place  called  Cape  Mel ville  which  is  a  sort  of  mountain  range  filled  with  exceptionally  large  black  granite  bould ers .  Earlier  this  year ,  the  National  Geographic  Expedition  Council  and  a  film  crew  cho pp ered  into  this  largely  unexpl ored  area  and  weren âĢ Ļ t  disappointed  in  what  they  discovered .  The  nature  of  this  landscape  has  effectively  stranded"
shabbat,2809," Foster  also  saved  well  from  Jeffrey  Sch lu pp  and  Wes  Morgan ,  while  Leonardo  U ll oa  could  not  repeat  his  weekend  hero ics  when  the  ball  flashed  across  the  face  of  goal  in  the  very  last  minute . 
 
 B agg ies  forced  out  of  their  shell 
 
 Eight  of  West  Brom 's  11  attempts  on  goal  came  in"
shabbat,2809,"
 
 The  message  was  clear :  Ask  questions  about  heaven  and  hell  and  you  will  be  cast  out . 
 
 But  as  Bell âĢ Ļ s  pre - orders  soared  and  many  rose  to  his  defense ,  it  became  clear  that  that  what  John  Piper  and  Justin  Taylor  failed  to  realize  is  that  we  are  already  asking  these  questions .  We"
shabbat,2809," events  involves  T ress  giving  salon  participants  a  few  minutes  of  relief  —  and  maybe  some  tools  to  use  once  they  leave . 
 
 âĢ ľ It âĢ Ļ s  tough  out  there ,  and  sometimes  you  have  to  prepare  to  be  horrified , âĢ Ŀ  said  Elizabeth  Tr ab ert  Piper ,  22 ,  a  recent  graduate  of  L oy ola"
shabbat,2809," outside  of  meals  and  class .  We ,  don 't  even  study  together  anymore ."" 
 
 "" That 's  not  necessarily  true .  You  two  were  hanging  out  until  a  while  ago .""  Yang  pointed  out  before  s ipping  on  a  Dr .  Piper .  "" Just  because  you  don 't  study  together  doesn 't  me -"" 
 
 "" No ,"
shabbat,2809," to  share  and  rep ub lish  our  reports ,  analyses ,  breaking  news  and  videos  ( Click  for  details ). 
 
 Cont ributed  by  Piper  McG ow in  of  The  Daily  Sheep le . 
 
 P iper  writes  for  The  Daily  Sheep le .  There âĢ Ļ s  a  lot  of  B . S .  out  there .  Someone  has  to"
shabbat,2809,".  [ Laughs .]  I 'm  officially  changing  my  name  to  "" F ------  R onda  Rouse y ."" 
 
 WA IT R ESS :  Can  we  get  your  drinks ? 
 
 RR :  I  want  a  prick ly  pear  marg ar ita !  Ten  ounce .  And  get  some  top - she lf  te quila . 
 
 WA IT"
shabbat,2809," their  view  genetic  differences . 
 
 M ack intosh  ( 2011 ,  pp .  338 – 39 )  acknowledges  that  Jensen  and  Rush ton  have  shown  a  modest  correlation  between  g - loading ,  her itability ,  and  the  test  score  gap ,  but  he  does  not  accept  that  this  demonstrates  a  genetic  origin  of  the  gap .  He  points  out  that"
shabbat,2809," this  does  not  mean  that  participants âĢ Ļ  complexity  is  un inf lu enced  by  the  domain  of  interest .  Indeed ,  although  content  domain  is  not  often  a  subject  of  inquiry  in  integ rative  complexity  research ,  topic  domain  has  been  shown  to  influence  integ rative  complexity  in  some  lines  of  research  ( Con way  et  al .,  2008 ;  Conway  et"
shabbat,2809," âĢ ľ I  was  bullied  a  lot  and  just  felt  like  being  Asian - looking  was  this  weird  thing . âĢ Ŀ 
 
 The  âĢ ľ YN PE  movement , âĢ Ŀ  as  T ress  calls  it ,  started  after  she  got  involved  in  the  live  storytelling  scene  in  Washington .  While  she  is  now  happily  married  to  a  D . C"
shabbat,2809,".  Already  the  new ,  quite  possibly  redundant ,  gadget  has  moved  over  2  million  in  pre orders  alone ,  and  analysts  are  betting  on  anywhere  from  9  to  30  million  sold  in  the  first  year . 
 
 That 's  out  of  myriad  different  models  ranging  from  just  a  few  hundred  dollars  for  the  i Pe asant  version ,  to  as  much"
shabbat,2809,",  you âĢ Ļ re  thinking ,  was  that  just ,  was  that  a  bit  of  a  smile  I  saw  there ? âĢ Ļ 
 
 âĢ ĺ When  he  was  talking  about  Betsy  Andre u ,  one  of  the  witnesses  who  testified  against  him ,  you  know ,  he  was  making  the  point  that ...  people  had  said  that  Lance  had  called"
shabbat,2809," Washington  State ,  hyd rop ower  serves  as  the  pe aker  in  a  different  way . 
 
 Pe akers  usually  run  for  short  periods  of  time  and  so  are  less  efficient  and  dirt ier  than  conventional  base  load  fossil  fuel  plants .  Though  natural  gas  is  certainly  cleaner  than  coal ,  natural  gas  does  have  some  environmental  issues  from  fracking ,  to"
shabbat,2809,"
 
 The  defence  minister  joined  Prime  Minister  Justin  Trudeau  at  Pearson  airport  on  Thursday  night  to  greet  the  incoming  Syrian  refugees ,  but  S aj jan  says  the  government  is  trying  to  avoid  using  military  bases  to  house  more  refugees . 
 
 âĢ ľ We  are  trying  to ,  hopefully ,  not  even  be  able  to  use  military  bases ,  but"
shabbat,2809,"uations  in  Scheme 
 
 In  order  to  render  the  abstract  notion  of  the  current  execution  context  ( the  current  continuation )  to  the  programmer ,  Scheme  needs  some  way  to  represent  it .  It  would  have  been  possible  to  implement  specific  objects  and  syntax  into  the  language  to  handle  this ,  but  it 's  much  easier  to  simply  represent  the  current  continuation"
shabbat,2809,",  11 .  Instead ,  we  examined  the  kin etics  of  the  switching  process ,  something  not  considered  previously  in  theoretical  work 10 ,  11 ,  12 .  Here  we  show  a  deter ministic  reversal  of  the  DM  vector  and  c anted  moment  using  an  electric  field  at  room  temperature .  First - pr in ciples  calculations  reveal  that  the  switching  kin etics"
shabbat,2809," you  to  make  a  change  here .  We  need  you  to  put  in  the  optimize ly  pixel  and  could  you  switch  this  over  to  WordPress ."" 
 
 Ed ith :  Yeah ,  cause  they  want  to  be  able  to  do  it  themselves ,  they  don 't  want  to  have  to  go  bug  their  developers . 
 
 Paul :  Yep , 
"
shabbat,2809," peace keepers  in  the  country  are  assisting  with  aid  distribution .  Ban  Ki - moon :  "" Do zens  of  UN  staff  still  missing "" 
 
 16 25  US  broadcaster  CBS  News  has  US  broadcaster  CBS  News  has  footage  of  the  second  the  quake  struck ,  showing  buildings  collapsing  as  people  run  for  cover . 
 
 16 25  Barbara  Jones ,"
shabbat,2809," of  the  1 st ,  but  Gregory  did .  Regardless ,  Sp ence  is  going  to  be  an  exciting  player  this  week . 
 
 D adi  Nicholas  will  be  an  interesting  case .  Und ers ized  at  227 lbs ,  Nicholas  was  asked  to  play  5  technique  for  Virginia  Tech ,  when  his  size  is  a  clear  disadvantage  in  the  run  game"
shabbat,30020," beard  entered .  He  greeted  his  wife  with  âĢ ľ Sh abb at  Shal om âĢ Ŀ  and  took  out  three  or  four  large  lo aves  of  bread .  She  set  aside  two  and  placed  another  two  lo aves  under  an  embro idered  cover ,  which  barely  covered  them .  The  inn keeper  noticed  me  and  said ,  âĢ ľ A  Sabbath  guest"
shabbat,30020," inn  who  really  knows  how  to  sing .  If  he  would  eat  with  us  he âĢ Ļ d  enhance  our  meal  with  delightful  Sabbath  hy m ns  and  melodies .  However  sitting  with  a  man  who  lights  up  a  cigarette  between  courses  on  Sh abb at — well ,  even  an  inn keeper  dependent  on  paying  guests  can âĢ Ļ t  tolerate  that"
shabbat,30020," Sabbath  eve . 
 
 2 . 
 
 I  left  Reb  Ch aim  D ov  and  Z ich ron  Ya akov  and  set  out  on  my  way .  Because  it  was  e rev  Sh abb at ,  and  I  was  hur rying  to  reach  Ha ifa  before  sunset ,  I  lacked  the  time  to  visit  those  surrounding ,  modest  villages  of  Sh"
shabbat,30020," Sabbath  eve . 
 
 2 . 
 
 I  left  Reb  Ch aim  D ov  and  Z ich ron  Ya akov  and  set  out  on  my  way .  Because  it  was  e rev  Sh abb at ,  and  I  was  hur rying  to  reach  Ha ifa  before  sunset ,  I  lacked  the  time  to  visit  those  surrounding ,  modest  villages  of  Sh"
shabbat,30020," I  saw  her  face  shine  when  I  promised  her  I âĢ Ļ d  keep  Sh abb at ,  it  seemed  to  me  that  I  saw  a  reflection  of  that  World  to  Come . âĢ Ŀ 
 
 We  entered  a  room  with  a  table ,  chair ,  stool ,  and  upt urned  crate  covered  with  a  colorful  oil cloth ,  on  which  were"
shabbat,30020," I  saw  her  face  shine  when  I  promised  her  I âĢ Ļ d  keep  Sh abb at ,  it  seemed  to  me  that  I  saw  a  reflection  of  that  World  to  Come . âĢ Ŀ 
 
 We  entered  a  room  with  a  table ,  chair ,  stool ,  and  upt urned  crate  covered  with  a  colorful  oil cloth ,  on  which  were"
shabbat,30020," Sh abb at  Shal om ,  she  wiped  her  eyes ,  blessed  me  in  return ,  and  left . 
 
 I  was  left  alone  in  the  room .  The  Sabbath  candles  barely  lit  the  large  room .  I  took  out  my  small  s idd ur  and  welcomed  the  Sabbath  in  prayer . 
 
 Hun ger  began  to  press  at  me ."
shabbat,30020," Sh abb at  Shal om ,  she  wiped  her  eyes ,  blessed  me  in  return ,  and  left . 
 
 I  was  left  alone  in  the  room .  The  Sabbath  candles  barely  lit  the  large  room .  I  took  out  my  small  s idd ur  and  welcomed  the  Sabbath  in  prayer . 
 
 Hun ger  began  to  press  at  me ."
shabbat,30020," course ,  rice  with  sugar ,  ra is ins ,  and  cinnamon ,  which  I  made  before  Sh abb at .  Don âĢ Ļ t  worry  that  there  won âĢ Ļ t  be  enough  for  both  of  us ,  since  I  made  enough  to  last  me  a  few  days . âĢ Ŀ 
 
 He  went  out  to  the  next  room  and  returned"
shabbat,30020," course ,  rice  with  sugar ,  ra is ins ,  and  cinnamon ,  which  I  made  before  Sh abb at .  Don âĢ Ļ t  worry  that  there  won âĢ Ļ t  be  enough  for  both  of  us ,  since  I  made  enough  to  last  me  a  few  days . âĢ Ŀ 
 
 He  went  out  to  the  next  room  and  returned"
shabbat,30020,"ey a  and  Em  Ha Gam al  ( that  is ,  U mm  el - J imal ,  which  is  Bat  Sh l omo ). 
 
 Yet  Sh abb at  reached  me  as  I  reached  Ha ifa .  I  was  told  of  an  appropriate  inn ,  went  there ,  and  asked  if  there  was  room  for  me .  âĢ ľ For  you"
shabbat,30020," keep  your  door  locked  against  thieves .  Unfortunately  the  key  is  iron  and  it  rust s .  I âĢ Ļ ve  thought  of  having  a  brass  key  made ,  but  all  week  long  I âĢ Ļ m  busy  earning  a  living ,  and  on  Sh abb at  when  I âĢ Ļ m  free  from  work  I  cannot  work  because  I  swore  to  my"
shabbat,30020," on  her  death bed  not  to  des ec rate  Sh abb at .  She  derived  little  pleasure  from  me  in  her  life ;  I  can  at  least  make  it  up  to  her  after  she âĢ Ļ s  gone .  I  don âĢ Ļ t  know  if  there âĢ Ļ s  another  world  called  the  âĢ ĺ World  to  Come , âĢ Ļ  but"
shabbat,30020," Back  in  the  old  country ,  where  he  was  a  cant or ,  he  would  never  have  dared  to  smoke  in  public  on  Sh abb at ,  but  here  he  acts  want only  since  he  isn âĢ Ļ t  under  the  watch ful  eye  of  his  towns folk .  A  person  can  do  whatever  he  wants  in  his  own  room ,  and  I"
shabbat,30020," the  Sea ,  which  certainly  contains  fish ,  yet  fish  for  Sh abb at — we  have  none .  What  did  I  make ?  A  certain  dish  that ,  if  you  wish ,  tastes  like  fish — even  though  there  are  none . âĢ Ŀ 
 
 The  inn keeper  added ,  âĢ ľ There âĢ Ļ s  a  certain  guest  here  at"
shabbat,30020," In  fact  you  won âĢ Ļ t  find  any  hot  food  here  because  of  my  promise  to  my  mother  not  to  light  fire  on  Sh abb at .  If  you  want  to  know  what  we  do  have  to  eat ,  I  can  open  a  can  of  s ard ines ,  or  we  can  start  with  salad ,  and  then  move  on  to  the"
shabbat,30020,"Ļ ll  turn  a  blind  eye ,  as  long  as  the  police  don âĢ Ļ t  get  involved ,  but  at  my  Sh abb at  table  I  want  Sh abb at  to  be  Sh abb at . âĢ Ŀ 
 
 Another  man  entered  and  said  with  a  pleasant  voice  and  smiling  face ,  âĢ ľ Sh abb at  Shal om ! âĢ"
shabbat,30020,"Ļ ll  turn  a  blind  eye ,  as  long  as  the  police  don âĢ Ļ t  get  involved ,  but  at  my  Sh abb at  table  I  want  Sh abb at  to  be  Sh abb at . âĢ Ŀ 
 
 Another  man  entered  and  said  with  a  pleasant  voice  and  smiling  face ,  âĢ ľ Sh abb at  Shal om ! âĢ"
shabbat,30020,"Ļ ll  turn  a  blind  eye ,  as  long  as  the  police  don âĢ Ļ t  get  involved ,  but  at  my  Sh abb at  table  I  want  Sh abb at  to  be  Sh abb at . âĢ Ŀ 
 
 Another  man  entered  and  said  with  a  pleasant  voice  and  smiling  face ,  âĢ ľ Sh abb at  Shal om ! âĢ"
shabbat,30020,"Ļ ll  turn  a  blind  eye ,  as  long  as  the  police  don âĢ Ļ t  get  involved ,  but  at  my  Sh abb at  table  I  want  Sh abb at  to  be  Sh abb at . âĢ Ŀ 
 
 Another  man  entered  and  said  with  a  pleasant  voice  and  smiling  face ,  âĢ ľ Sh abb at  Shal om ! âĢ"
shabbat,30020,"s  amazing  that  the  em iss aries  of  the  Land  don âĢ Ļ t  mention  among  the  praises  of  our  country  that  the  wind  never  once  extinguished  the  Sh abb at  candles !  Now ,  my  friends ,  I âĢ Ļ ll  go  up  to  my  room  and  get  into  bed  to  enjoy  a  good  Sabbath  sleep .  Too  bad  that  the  mosquitoes"
shabbat,30020," flies  don âĢ Ļ t  know  the  importance  of  Sh abb at  rest ,  for  they  act  on  the  holy  day  as  if  it  were  no  different  from  the  six  work days .  By  the  way ,  my  dear  guest ,  have  others  arrived  with  you  on  the  boat ? âĢ Ŀ  The  inn keeper  answered ,  âĢ ľ The  ship  from  J"
shabbat,30020," flies  don âĢ Ļ t  know  the  importance  of  Sh abb at  rest ,  for  they  act  on  the  holy  day  as  if  it  were  no  different  from  the  six  work days .  By  the  way ,  my  dear  guest ,  have  others  arrived  with  you  on  the  boat ? âĢ Ŀ  The  inn keeper  answered ,  âĢ ľ The  ship  from  J"
shabbat,30020," one  slice  remains  from  last  week ,  and  I  didn âĢ Ļ t  manage  to  do  any  baking  for  this  Sh abb at .  But  if  you  wait  until  my  husband  arrives ,  perhaps  he  found  some  at  the  baker âĢ Ļ s .  In  the  meantime ,  if  you âĢ Ļ re  hungry ,  I  can  give  you  s ard ines  and"
shabbat,30020,Aren âĢ Ļ t  you  embarrassed  that  you âĢ Ļ re  in  Ha ifa  and  haven âĢ Ļ t  come  to  visit  me ?! âĢ Ŀ  I  explained  that  I  had  arrived  in  town  right  at  the  onset  of  Sh abb at .  âĢ ľ Where  did  you  spend  the  night ? âĢ Ŀ  I  told  him  on  the  floor  of  a  certain
shabbat,30020,"And ,  then  to  sustained  applause  and  r auc ous  who ops ,  Biden  recognised  G abb ard ,  who  stood  up  and  greeted  the  guests  with  a  n am aste . 
 
 B iden  said ,  "" There  is  a  distinction  that  you  come  to  the  Congress  as  the  first  Hindu  to  be  elected  to  the  legislature  and  I  am  looking"
shabbat,30020,"And ,  then  to  sustained  applause  and  r auc ous  who ops ,  Biden  recognised  G abb ard ,  who  stood  up  and  greeted  the  guests  with  a  n am aste . 
 
 B iden  said ,  "" There  is  a  distinction  that  you  come  to  the  Congress  as  the  first  Hindu  to  be  elected  to  the  legislature  and  I  am  looking"
shabbat,30020," Wood side ,  a  few  blocks  from  Fre id man 's  station ,  where  c abb ies  can  also  fuel  up  for  free ,  officials  said . 
 
 From berg  noted  that  a  single  cab  can  transport  as  many  as  70  passengers  in  a  given  day . 
 
 The  spokesman  said  that  he  was  unaware  of  any  other  station  refusing  service"
shabbat,30020, family  who  organized  the  fundraiser  for  his  medical  expenses .  K X AN  Photo /  A lyss a  Go ard . Sen .  John  McCain  John  Sidney  McCain GOP  lobbyists  worry  Trump  l ags  in  K  Street  fundraising  Mark  Kelly  kicks  off  Senate  bid :  âĢ ĺ A  mission  to  lift  up  hard working  Ari zon ans âĢ Ļ  G abb ard  hits
shabbat,30020," coaching  staff  feels  he  can  handle  playing  on  his  wrong  wing ),  and  Sche ife le âĢ Ļ s  strong  world  championships  puts  him  on  this  roster  as  well .  That  leaves  one  final  spot  for  a  utility  forward ,  and  although  F abb ri  has  likely  earned  it ,  we âĢ Ļ ll  give  it  to  Aust on  Matthews . 
 
"
shabbat,30020," swamp  that  hasn 't  been  drained . 
 
 âĢ ľ You  just  get  disappointed  on  a  bunch  of  levels ,  not  just  ( with  President  Trump ).  Everything 's  in  grid lock ,  nothing 's  moving . âĢ Ŀ  Robin  De F abb io ,  Rich land  Center ,  Wis . 
 
 âĢ ľ You  just  get  disappointed  on  a  bunch"
shabbat,30020," Ju arez  cab  driver  actually  found  the  boy  who  was  alone ,  scared ,  and  hungry .  The  c abb ie  contacted  local  police  who  then  took  the  child  into  custody .  When  investigators  examined  âĢ ľ Lu is , âĢ Ŀ  they  noticed  bruises  on  his  head ,  legs ,  and  buttocks . 
 
 Current  El  Paso  jail  records  show  that"
shabbat,30020," claimed  Andrew  RT  Davies  "" will  be  desperate  to  be  avoid  being  next  in  line  for  another  car  crash  TV  appearance  from  the  Conservatives "". 
 
 In  2015 ,  then  Welsh  Secretary  Stephen  Cr abb  represented  the  Tories  in  the  debates ,  while  Owen  Smith ,  then  shadow  Welsh  secretary ,  took  part  for  Labour . 
 
 Mr  Jones  says  he"
shabbat,30020," of  the  kids  fought  regularly  over .  Residents  weren âĢ Ļ t  allowed  to  leave  the  premises  except  to  attend  school ,  group  trips  escorted  by  staff  members ,  or  chau ffe ured  around  in  vans  to  fulfill  medical  appointments .  Rather  than  engaging  in  squ abb les  with  other  kids  about  which  shows  to  watch  ( Yo  MTV  R aps  was  very"
shabbat,30020," —  at  dusk ,  we  put  a  small  piece  of  cheese  on  the  end  of  a  bay onet ,  wait  for  a  rat  to  have  a  nib ble ,  and  then  pull  the  trigger . 
 
 Saturday ,  January  8 ,  1916 
 
 R affle  prize :  Harry  won  this  German  sc abb ard  in  a  r affle  and  sent  it"
shabbat,30020," printed  on  one  side  Winchester  Repe ating  Arms  Co ./ New  Haven  Conn .,  and  handwritten  on  the  other  side :  combined  flash  h ider ,  front  sight  and  bay onet  mount  for  B rowing  Automatic  Rifle  Model  1918  with  bay onet  and  sc abb ard  and  the  date  –  September  7 ,  1918 .[ 11 ]  There  is  no  evidence  whatsoever  of"
shabbat,30020," about  20  yards  in  front .  Sc attered  around  were  about  a  dozen  hand - gren ades .  Given  another  five  minutes ,  our  trench  would  have  been  blown  to  bits . 
 
 The  victim  had  got  partly  through  our  bar bed  wire  —  which  is  probably  what  I  heard .  Later ,  we  r aff led  his  bay onet  sc abb"
shabbat,30020,"-  and  early - 20 th - century  Jews  did  not  generally  use  âĢ ľ Pal estine . âĢ Ŀ  Their  own  term ,  current  since  early  rabb inic  times ,  was  âĢ ľ E rets - Y is ra âĢ Ļ el , âĢ Ŀ  the  Land  of  Israel . 
 
 It  is  also  true  that  when ,  after  putting  down"
shabbat,30020,"
 
 France :  Scott  Sp edd ing  ( C ler mont  Au ver g ne );  No a  Nak ait aci  ( C ler mont  Au ver g ne ),  Math ieu  Bast are aud  ( T oul on ),  Wesley  F of ana  ( C ler mont  Au ver g ne ),  Br ice  D ulin  ( R acing  92 );"
shabbat,30020,"? âĢ Ŀ  I  told  him  that  was  it ,  more  or  less .  Sh mary a  said ,  âĢ ľ It âĢ Ļ s  the  truth . âĢ Ŀ  I  told  him  that  from  what  I  knew  of  his  life  I  hadn âĢ Ļ t  thought  he  had  moved  here  on  account  of  m itz v ot  and  good  deeds .  Sh"
shabbat,30020,"- ev ading  shenanigans ,  sexist  statements  and  racist  g ab ble .  Like  local  lawmakers  and  executives ,  Trump  relies  on  fear  and  the  power  dynamic .  In  other  words  he  makes  the  diss ociated  powerless  feel  more  powerful  and  in  that  context  nothing  else  matters .  In  Lebanon  diss ociation  and  power lessness  are  the  prevailing  tropes ,  and  ordinary  citizens"
shabbat,30020," understand  what  it  means  to  be  Indian ,  because  I  am  Mexican âĢ Ŀ  Says  its  true  the  other  way  too . 
 
 —  Vik as  Sw ar up  (@ ME A India )  June  9 ,  2016 
 
 NEW  DEL HI :  PM  Narendra  Modi 's  cup  run n eth  over  in  Mexico  City  today . He  got  a  rapt"
shabbat,30020," do  have  a  robust ,  sustainable  system . 
 
 All  right .  Thanks  for  joining  me  this  morning .  Much  appreciated . They  will  be  joined  in  Nashville  by  Milwaukee  Head  Coach  Dean  Ev ason  and  Assistant  Coach  Stan  Dr ulia . 
 
 After  playing  Games  Three  and  Four  on  the  road  in  Chicago ,  the  Nashville  Predators  return  to  Brid"
shabbat,30020," no  regular  headphones .  The  design  alone  will  tell  you  that .  When  I  first  saw  the  two  in - ear  drivers  poking  out  of  the  cups ,  I  didn 't  know  what  to  make  of  them .  Each  stalk  is  spring - loaded ,  so  it  doesn 't  poke  you  in  the  side  of  the  head  ( or  push  into  your  ear"
shabbat,30020,". 
 
 President  Donald  Trump ,  who  has  taken  credit  for  Kaepernick  being  unemployed ,  was  critical  of  the  quarterback  during  the  president  race . 
 
 âĢ ľ I  think  it âĢ Ļ s  personally  not  a  good  thing ,""  Trump  said  of  the  protest .  "" I  think  it âĢ Ļ s  a  terrible  thing .  And ,  you  know"
shabbat,32323," keep  your  door  locked  against  thieves .  Unfortunately  the  key  is  iron  and  it  rust s .  I âĢ Ļ ve  thought  of  having  a  brass  key  made ,  but  all  week  long  I âĢ Ļ m  busy  earning  a  living ,  and  on  Sh abb at  when  I âĢ Ļ m  free  from  work  I  cannot  work  because  I  swore  to  my"
shabbat,32323," politicians  have  dig ressed  to  fifth -  and  sixth - grad ers .  I âĢ Ļ m  disgusted  with  the  attitude  ( in  politics )  and  the  way  it âĢ Ļ s  being  handled  —  on  all  sides . âĢ Ŀ 
 
 Robin  De F abb io ,  the  Trump  voter  from  Rich land  Center ,  doesn 't  like  Trump 's  style"
shabbat,32323," course ,  rice  with  sugar ,  ra is ins ,  and  cinnamon ,  which  I  made  before  Sh abb at .  Don âĢ Ļ t  worry  that  there  won âĢ Ļ t  be  enough  for  both  of  us ,  since  I  made  enough  to  last  me  a  few  days . âĢ Ŀ 
 
 He  went  out  to  the  next  room  and  returned"
shabbat,32323," Sabbath  eve . 
 
 2 . 
 
 I  left  Reb  Ch aim  D ov  and  Z ich ron  Ya akov  and  set  out  on  my  way .  Because  it  was  e rev  Sh abb at ,  and  I  was  hur rying  to  reach  Ha ifa  before  sunset ,  I  lacked  the  time  to  visit  those  surrounding ,  modest  villages  of  Sh"
shabbat,32323,Aren âĢ Ļ t  you  embarrassed  that  you âĢ Ļ re  in  Ha ifa  and  haven âĢ Ļ t  come  to  visit  me ?! âĢ Ŀ  I  explained  that  I  had  arrived  in  town  right  at  the  onset  of  Sh abb at .  âĢ ľ Where  did  you  spend  the  night ? âĢ Ŀ  I  told  him  on  the  floor  of  a  certain
shabbat,32323," Back  in  the  old  country ,  where  he  was  a  cant or ,  he  would  never  have  dared  to  smoke  in  public  on  Sh abb at ,  but  here  he  acts  want only  since  he  isn âĢ Ļ t  under  the  watch ful  eye  of  his  towns folk .  A  person  can  do  whatever  he  wants  in  his  own  room ,  and  I"
shabbat,32323," for  political  change . 
 
 But  today  that  frustration  with  politics  appears  und im inished  and  is  aimed  in  all  directions  —  including  Trump âĢ Ļ s . 
 
 âĢ ľ We âĢ Ļ re  wasting  so  much  time , âĢ Ŀ  said  Trump  voter  Robin  De F abb io ,  interviewed  at  Kelly âĢ Ļ s  Coffee  House  here ."
shabbat,32323," for  political  change . 
 
 But  today  that  frustration  with  politics  appears  und im inished  and  is  aimed  in  all  directions  —  including  Trump âĢ Ļ s . 
 
 âĢ ľ We âĢ Ļ re  wasting  so  much  time , âĢ Ŀ  said  Trump  voter  Robin  De F abb io ,  interviewed  at  Kelly âĢ Ļ s  Coffee  House  here ."
shabbat,32323,"The  U - 24  player  who  has  the  most  points ?  Rob by  F abb ri ,  another  player  who  was  barely  on  Chi are lli  and  Bowman âĢ Ļ s  radar  three  months  ago . 
 
 General  managers  will  flesh  out  their  World  Cup  rosters  on  Friday ,  May  27  adding  seven  players  apiece . 
 
 Watch  it  live  on"
shabbat,32323," I  saw  her  face  shine  when  I  promised  her  I âĢ Ļ d  keep  Sh abb at ,  it  seemed  to  me  that  I  saw  a  reflection  of  that  World  to  Come . âĢ Ŀ 
 
 We  entered  a  room  with  a  table ,  chair ,  stool ,  and  upt urned  crate  covered  with  a  colorful  oil cloth ,  on  which  were"
shabbat,32323," claimed  Andrew  RT  Davies  "" will  be  desperate  to  be  avoid  being  next  in  line  for  another  car  crash  TV  appearance  from  the  Conservatives "". 
 
 In  2015 ,  then  Welsh  Secretary  Stephen  Cr abb  represented  the  Tories  in  the  debates ,  while  Owen  Smith ,  then  shadow  Welsh  secretary ,  took  part  for  Labour . 
 
 Mr  Jones  says  he"
shabbat,32323, family  who  organized  the  fundraiser  for  his  medical  expenses .  K X AN  Photo /  A lyss a  Go ard . Sen .  John  McCain  John  Sidney  McCain GOP  lobbyists  worry  Trump  l ags  in  K  Street  fundraising  Mark  Kelly  kicks  off  Senate  bid :  âĢ ĺ A  mission  to  lift  up  hard working  Ari zon ans âĢ Ļ  G abb ard  hits
shabbat,32323," one  slice  remains  from  last  week ,  and  I  didn âĢ Ļ t  manage  to  do  any  baking  for  this  Sh abb at .  But  if  you  wait  until  my  husband  arrives ,  perhaps  he  found  some  at  the  baker âĢ Ļ s .  In  the  meantime ,  if  you âĢ Ļ re  hungry ,  I  can  give  you  s ard ines  and"
shabbat,32323," In  fact  you  won âĢ Ļ t  find  any  hot  food  here  because  of  my  promise  to  my  mother  not  to  light  fire  on  Sh abb at .  If  you  want  to  know  what  we  do  have  to  eat ,  I  can  open  a  can  of  s ard ines ,  or  we  can  start  with  salad ,  and  then  move  on  to  the"
shabbat,32323," In  fact  you  won âĢ Ļ t  find  any  hot  food  here  because  of  my  promise  to  my  mother  not  to  light  fire  on  Sh abb at .  If  you  want  to  know  what  we  do  have  to  eat ,  I  can  open  a  can  of  s ard ines ,  or  we  can  start  with  salad ,  and  then  move  on  to  the"
shabbat,32323,"ey a  and  Em  Ha Gam al  ( that  is ,  U mm  el - J imal ,  which  is  Bat  Sh l omo ). 
 
 Yet  Sh abb at  reached  me  as  I  reached  Ha ifa .  I  was  told  of  an  appropriate  inn ,  went  there ,  and  asked  if  there  was  room  for  me .  âĢ ľ For  you"
shabbat,32323,"s  amazing  that  the  em iss aries  of  the  Land  don âĢ Ļ t  mention  among  the  praises  of  our  country  that  the  wind  never  once  extinguished  the  Sh abb at  candles !  Now ,  my  friends ,  I âĢ Ļ ll  go  up  to  my  room  and  get  into  bed  to  enjoy  a  good  Sabbath  sleep .  Too  bad  that  the  mosquitoes"
shabbat,32323," vote  by  13  percentage  points  ( 56 - 43 )  over  his  Republican  opponent ,  Sen .  John  McCain  John  Sidney  McCain GOP  lobbyists  worry  Trump  l ags  in  K  Street  fundraising  Mark  Kelly  kicks  off  Senate  bid :  âĢ ĺ A  mission  to  lift  up  hard working  Ari zon ans âĢ Ļ  G abb ard  hits  back  at  Me ghan  McCain  after"
shabbat,32323,"Ļ ll  turn  a  blind  eye ,  as  long  as  the  police  don âĢ Ļ t  get  involved ,  but  at  my  Sh abb at  table  I  want  Sh abb at  to  be  Sh abb at . âĢ Ŀ 
 
 Another  man  entered  and  said  with  a  pleasant  voice  and  smiling  face ,  âĢ ľ Sh abb at  Shal om ! âĢ"
shabbat,32323,"Ļ ll  turn  a  blind  eye ,  as  long  as  the  police  don âĢ Ļ t  get  involved ,  but  at  my  Sh abb at  table  I  want  Sh abb at  to  be  Sh abb at . âĢ Ŀ 
 
 Another  man  entered  and  said  with  a  pleasant  voice  and  smiling  face ,  âĢ ľ Sh abb at  Shal om ! âĢ"
shabbat,32323," swamp  that  hasn 't  been  drained . 
 
 âĢ ľ You  just  get  disappointed  on  a  bunch  of  levels ,  not  just  ( with  President  Trump ).  Everything 's  in  grid lock ,  nothing 's  moving . âĢ Ŀ  Robin  De F abb io ,  Rich land  Center ,  Wis . 
 
 âĢ ľ You  just  get  disappointed  on  a  bunch"
shabbat,32323," swamp  that  hasn 't  been  drained . 
 
 âĢ ľ You  just  get  disappointed  on  a  bunch  of  levels ,  not  just  ( with  President  Trump ).  Everything 's  in  grid lock ,  nothing 's  moving . âĢ Ŀ  Robin  De F abb io ,  Rich land  Center ,  Wis . 
 
 âĢ ľ You  just  get  disappointed  on  a  bunch"
shabbat,32323," coaching  staff  feels  he  can  handle  playing  on  his  wrong  wing ),  and  Sche ife le âĢ Ļ s  strong  world  championships  puts  him  on  this  roster  as  well .  That  leaves  one  final  spot  for  a  utility  forward ,  and  although  F abb ri  has  likely  earned  it ,  we âĢ Ļ ll  give  it  to  Aust on  Matthews . 
 
"
shabbat,32323," inn  who  really  knows  how  to  sing .  If  he  would  eat  with  us  he âĢ Ļ d  enhance  our  meal  with  delightful  Sabbath  hy m ns  and  melodies .  However  sitting  with  a  man  who  lights  up  a  cigarette  between  courses  on  Sh abb at — well ,  even  an  inn keeper  dependent  on  paying  guests  can âĢ Ļ t  tolerate  that"
shabbat,32323,"Ŀ  in  the  K ness et  —  as  outdated ,  irrelevant ,  ignorant ,  and  deceit ful . 
 
 This  began  with  the  violence  and  st abb ings  in  October  2015 .  The  propag and ists  of  the  Israeli  government  announced  openly  that  Palestinian  President  Mahmoud  Abbas âĢ Ļ  inc itement  was  behind  the  uprising .  The  dem agog u ery  quickly"
shabbat,32323," worldview ,  and  what  that  means  is  we  don 't  have  a  level  playing  field  in  society 's  understanding  of  issues .  People  believe  fundamentally  different  things  about  all  kinds  of  topics ."" 
 
 Discussion  or  disruption ? 
 
 Coun .  Dru h  Farrell  said  some  recent  open  houses  have  created  unsafe  situations ,  as  large  groups  of  agitated  citizens  gather"
shabbat,32323, Hig u ain  didn âĢ Ļ t  leave  for  money .  Nap oli  president  Aure lio  De  Laurent i is  came  forward  and  said  he  had  offered  more  to  the  Argentine  striker  than  he  is  currently  receiving  at  Juventus .  Hig u ain  left  âĢ ľ to  win âĢ Ŀ .  He  obviously  didn âĢ Ļ t  believe  he  could  do  that  in
shabbat,32323,",  on  Monday 's  radio  show  -- trans cript s  and  audio  here --  and  it  is  clear  that  the  Committee  will  be  formed  at  least  as  to  its  GOP  members  by  the  end  of  this  week .  National  Review 's  Andrew  C .  McCarthy  and  the  Washington  Examiner 's  David  Dru cker  also  provided  key  background  Monday  on  the  considerations  that  will"
shabbat,32323,"IGHT  W ING :  Dark o  Ä Ĳ uki Äĩ  ( Ser bia ) 
 
 GO ALK EE PER :  Tor bj orn  Berger ud  ( Nor way ) 
 
 Our  list  didn âĢ Ļ t  include  some  names  who  will  miss  the  tournament  ( L asse  Anders son  or  Paul  Dru x ).  However ,  like  in  the  list  of"
shabbat,32323," the  President âĢ Ļ s  crimes .  IMP E ACH  DON ALD  TRUMP ! TOP  5  SP END ING  TOP  5  SP END ING  W ASHINGTON  Â Ĺ  Tuesday 's  midterm  elections  —  and  the  record - sh attering  amounts  outside  groups  spent  to  oust  Democratic  incumb ents  —  are  just  a  warm - up  to  the  2012  presidential  race ,  analysts  and"
shabbat,32323," imp urities  in  air  and  other  gases ,  and  in  liquids ,  is  known  today  as  the  Ty nd all  Effect  or  Ty nd all  Sc attering .  In  studying  this  scattering  during  the  late  1860 s  Ty nd all  was  a  beneficiary  of  recent  improvements  in  electric - powered  lights .  He  also  had  the  use  of  good  light  concent rators ."
shabbat,32323," American  and  G ads den  flags ,  a  sm attering  of  b iker  jackets  and  a  few  lawn  chairs . 
 
 Freedom  Watch  founder  Larry  K lay man ,  who  em ceed  the  event ,  told  attendees  if  President  Barack  Obama  does  not  resign  by  Nov .  29 ,  conservative  activists  will  meet  in  Philadelphia  to  elect  a  shadow  government . 
"
shabbat,32323,"âĢ Ļ t  necessarily  want  you  for  your  brains . âĢ Ŀ 
 
 âĢ ľ That  can  be  taken  two  ways ,  Davis .  Both  are  unfl attering . âĢ Ŀ 
 
 âĢ ľ Hold  up , âĢ Ŀ  the  Treasurer  said ,  talking  over  Davis âĢ Ļ s  response .  âĢ ľ Stop . âĢ Ŀ 
 
 âĢ ľ"
shabbat,32323," machine  guns  for  civilian  transfer  was  banned  in  1986 .  However ,  some  transfer able  civilian - owned  BAR  models  exist  in  the  US  and  occasionally  come  up  for  sale  to  qualified  buyers .  Some  companies  are  manufacturing  semi - automatic  copies  for  sale  to  civilians .  Ohio  Ord nance  Works ,  Inc .,  in  Ch ardon ,  OH ,  holds  an  exclusive"
shabbat,32323,"real ism  was  in  the  air  as  the  Coco Ros ie  faithful  came  out  in  force ,  as  hipp y - gy psy  Renaissance  Fair  ladies  in  fr illy  dresses  that  looked  like  they  walked  out  of  the  freak - folk  duo 's  liner  notes  filled  Ven ue  to  capacity . With  skeletons  and  m ummies  hanging  from  the  ceiling  to  light  the"
shabbat,32323," patients ?  Or  a  drug  experience  that  opened  him  up  to  great  empathy ?  He  concluded  that  "" psy cho analysis  had  played  a  crucial  role  in  allowing  me  to  develop ."" 
 
 People  in  analysis  frequently  do  develop  more  empathy  for  others ,  by  several  circuit ous  routes .  Most  commonly ,  they  learn  which  of  their  own  dis owned ,"
shabbat,32323," to  2013 ,  there  were  11  wood  ch ipper  deaths  in  the  United  States ,  none  of  them  in  the  state  of  Florida . 
 
 âĢ ľ I  think  it âĢ Ļ s  sad ,  very  sad , âĢ Ŀ  said  resident  Linda  Simmons .  âĢ ľ Gu ys  were  working  really  hard  trying  to  make  a  living ,  and  he  just"
shabbat,32323," not  from  Kansas — and ,  like  so  many  aspir ational  developers ,  neither  is  R is hel .  Even  if  flatt ening  is  the  since rest  form  of  fl attery ,  Dob son ,  Campbell ,  and  the  other  real  K ans ans  I  talked  to  would  be  sad  to  lose  their  hills ,  which  help  them  take  advantage  of  the  good"
shabbat,32323," against  her ,  and  the  sad  mountain  of  baggage  she  carries  with  her  as  a  candidate . 
 
 No  matter  who  the  GOP  nominee  is ,  the  battle  plan  against  Hillary  will  be  the  same :  a  t aw dry  and  unrel enting  rel it igation  of  all  the  phony  scandals  cooked  up  by  the  âĢ ľ v ast ,  right -"
shabbat,32323, dark  side  of  space  disaster  theories  Space  disasters  attract  so  much  public  attention  and  often  involve  such  complex  and  subtle  sequences  of  events  that  there âĢ Ļ s  an  entire  Internet  literature  of  âĢ ľ cr ack pot  causes âĢ Ŀ  on  par  with  JFK  assassination  myths .  To  the  degree  that  innovative  analysis  is  often  critical  to  reconstruct ing — from  partial
shabbat,32323," higher  education  was  essential  to  creating  the  mass  middle  class  of  the  postwar  decades — and  with  it ,  a  new  birth  of  political  empowerment  and  human  flourishing .  The  defund ing  of  public  higher  education  has  been  essential  to  its  slow  destruction .  In  Un making  the  Public  University ,  New field  argues  that  the  process  has  been  deliberate ,  a  campaign"
shabbat,32323,"ror Â²  platform .  Of  course ,  the  client  specific  modules  ( like  the  globe )  are  kept  private .  But  any  modification  in  the  core  will  be  added  to  the  open  source  platform . 
 
 That  leaves  me  with  the  most  important  part  of  this  blog :  thanking  my  client  for  the  trust  in  the  work  he  has  shown  by  letting"
shabbat,32323,". 
 
 In  the  face  of  tens  of  thousands  of  adverse  comments  from  across  the  political  spectrum ,  the  agency  put  that  effort  on  hold .  Mr .  Kos kin en ,  however ,  vowed  to  try  again  early  this  year ,  though  with  both  chambers  of  Congress  firmly  in  the  hands  of  the  Republican  Party ,  he  may  have  a  tougher"
shabbat,32323," 2 ,  Hicks on  told  He g sted ,  âĢ ľ Let  me  assure  you  this  is  quite  what  we  had  in  mind  and  we  look  forward  to  its  appearance  in  print . âĢ Ŀ 47 
 
 Public ation  of  Project  226 
 
 Project  226  resulted  in  a  2 - part  literature  review  by  McG andy ,  He g sted ,"
shabbat,32323,"fort  continue  to  hold  their  P 4 P  ranking . 
 
 For  the  full  rankings ,  click  the  link  here ,  or  visit  UFC . com / rank ings . 
 
 Main  Photo But  some  of  the  administration âĢ Ļ s  leading  liberal  insiders ,  like  Harold  H .  Koh ,  the  State  Department âĢ Ļ s  legal  adviser ,  are"
shabbat,32452," isn 't  spread  across  the  city . 
 
 Management  of  the  city 's  only  public  hospital ,  United  Medical  Center ,  is  disgrace ful .  Alleg ations  of  high  school  students  barely  able  to  read  and  write  being  allowed  to  graduate  are ,  if  true ,  alarming .  City - provided  paths  from  dependency  to  self - suff iciency ,  under  Bowser"
shabbat,32452," lined  up ,  including  Michael  Bass ett  ( Sil ent  Hill :  Revelation ),  Michael  Hur st  ( B itch  Sl ap ),  and  Luke  Jacobs  . 
 
 They âĢ Ļ ve  already  got  their  other  directors  lined  up ,  including  ( Sil ent  Hill :  Revelation ),  ( B itch  Sl ap ),  and  .  However ,  he  has  and  will"
shabbat,32452," thanks  to  a  bipartisan  duo  calling  for  an  end  to  âĢ ľ dr ag net  surveillance âĢ Ŀ  in  the  United  States . 
 
 Introduced  Tuesday  by  Reps .  Mark  Poc an  ( D - W isc .)  and  Thomas  Mass ie  ( R - Ky .),  the  Surveillance  State  Repe al  Act  would ,  as  its  name  suggests ,  repeal  the"
shabbat,32452," Twilight  Sparkle ,  her  five  pony  friends  –  collectively  known  as  the  "" M ane  6 ""  –  and  her  dragon  assistant  Spike  embark ing  on  a  quest  to  save  their  home  of  E quest ria  from  an  evil  conquer or ,  gaining  new  friends  in  the  process .  In  addition  to  the  show 's  regular  voice  cast  re prising  their  roles ,"
shabbat,32452," could  allow  scientists  to  better  predict  future  eru ptions  in  the  area .  In  addition ,  it  has  given  them  some  more  insight  into  what  makes  Yellowstone  and  its  ge ys ers  tick . 
 
 The  findings  were  reported  at  the  Se ism ological  Society  of  America 's  annual  meeting . There  have  been  a  lot  of  media  reports  today  following  the"
shabbat,32452," Home )  to ed  the  line  of  his  friends  from  the  right ,  stating  that  the  army âĢ Ļ s  assessments  were ,  put  simply ,  âĢ ľ ir responsible . âĢ Ŀ 
 
 The  sw an  song ? 
 
 It  is  difficult  to  bel ittle  the  phenomenon  we  see  before  our  eyes .  It  is  also  difficult  to  write  these"
shabbat,32452," problems  take  many  forms ;  therefore ,  so  must  solutions .  That  said ,  because  the  loss ,  destruction  and  degradation  of  habitat  is  the  major  cause  of  the  extinction  crisis  –  driven  ultimately  by  human  population  growth  and  over - cons umption  of  resources  –  the  protection  and  restoration  of  habitat  for  native  species  is  the  most  important  thing  we  must  do"
shabbat,32452," Capital  partner  Matt  Maz ze o .  It  was  moder ated  by  The W rap âĢ Ļ s  Lucas  Shaw . 
 
 R addon  relayed  the  story  of  a  major  film  studio  that  hosted  a  weekly  âĢ ľ inn ovation  group âĢ Ŀ  –  which  was  managed  by ,  of  all  things ,  the  company âĢ Ļ s  human - resources  department"
shabbat,32452," intr ace llular  growth  of  bacteria  [ 13 ].  In  addition  to  their  recruitment  to  sites  of  infection  and  various  effect or  functions ,  they  also  have  strong  anti - inflammatory  properties .  These  are  manifested  by  the  secretion  of  IL - 10  and  T GF -  and  the  expression  of  certain  genes  that  are  involved  in  the  repair  of  the  ext race"
shabbat,32452,"y  Republican  recal cit rance . 
 
 The  third  possibility  is  that ,  noble  intentions  aside ,  the  Keynes ian  plan  is  not  working ,  cannot  work ,  never  has  worked ,  and  never  will  work .  This  implies  we  need  to  change  course  if  we  want  to  revive  our  struggling  economy  and  restore  our  government  to  sol ven cy . 
"
shabbat,32452,"
 Fr ust rating ly ,  if  your  journey  dev iates  from  the  specified  amount  charged  at  the  beginning  of  the  trip  ( due  to  a  det our  to  pick  up  a  friend  or ,  you  know ,  traffic )  you  are  then  charged  a  second ,  final  amount  for  what  the  fare  actually  is .  Sure ,  the  original  amount  is  released"
shabbat,32452," Pegasus ,  a  symbol  of  wisdom  and  knowledge  in  Greek  mythology .  In  addition  to  these  two  tenets ,  the  company  mirrors  the  wing ed  horse  in  another  significant  respect :  both  entities  have  taken  part  in  a  series  of  epic  journeys . 
 
 AS US  notebooks  have  lived  on  the  M IR  Space  Station .  They  were  the  first  to  work"
shabbat,32452," is  slated  to  make  a  long - term  modest  return  on  its  capital ;  effectively  rendering  its  initial  expenses  meaningless .  In  addition ,  with  major  capital  projects  such  as  the  NBN ,  it  is  common  for  a  substantial  amount  of  the  overall  capital  cost  to  be  lodged  up - front ;  these  costs  do  not  reflect  the  remaining  cost  of  such  projects"
shabbat,32452," advise  you  to  stop  reading ,  grab  a  cup  of  hot  cocoa ,  and  retreat  to  your  nearest  safe - space  immediately .  Otherwise  you  will  get  triggered ,  guaranteed . 
 
 With  that  out  of  the  way ,  let  me  get  into  the  meat  of  this  article ,  which  is ,  as  the  title  suggests ,  a  short  lesson  on  a"
shabbat,32452,",  we  discussed  a  government  report  which  showed  that ,  much  to  the  ch ag rin  of  a  few  billionaires  and  a  long  line  of  retail  investors  who  bought  the  proverbial  dip ,  F annie  Mae  and  Freddie  Mac  may  be  destined ,  by  design ,  by  decades  of  reckless  behavior ,  and  by  Treasury  decree ,  to  be  insol vent  most  of"
shabbat,32452,".  John  McCain 's  recent  mis stat ements  regarding  a  nonexistent  Iraq - Pakistan  border  and  the  timing  of  the  An bar  Awakening .  In  contrast  with  the  networks '  ignoring  McCain 's  mis stat ements  in  their  nightly  news  broadcasts ,  both  of  which  have  been  made  during  Sen .  Barack  Obama 's  trip  abroad ,  media  figures  from  each  network  warned"
shabbat,32452,"In  addition ,  under  the  expanded  NBC U  deal ,  Hulu  has  acquired  the  full  library  of  programming  for  series  âĢ ľ B att lest ar  Gal act ica âĢ Ŀ  and  âĢ ľ S aved  by  the  Bell , âĢ Ŀ  which  are  available  to  stream  now .  The  deal  also  adds  episodes  of  popular  children âĢ Ļ s  series  including  âĢ"
shabbat,32452," took  action  after  the  Charleston ,  S . C .,  church  shootings  in  June . 
 
 In  addition  to  the  Franklin  County  Sheriff 's  Office ,  the  FBI  and  the  Bureau  of  Alcohol ,  Tobacco ,  Firearms  and  Explos ives  have  sent  personnel  from  Ro an oke . 
 
 Update  at  2 : 25  p . m .  ET :  Updates"
shabbat,32452,". 
 
 In  addition ,  while  being  interviewed  on  the  July  21  broadcast  of  ABC 's  Good  Morning  America ,  McCain  referred  to  "" the  Iraq - Pakistan  border ""  --  which  does  not  exist  --  while  discussing  the  ongoing  war  in  Afghanistan .  As  Media  Matters  noted ,  host  Diane  Sawyer  did  not  correct  McCain 's  statement  or  otherwise  point  out"
shabbat,32452,"]  In  addition ,  the  hind  fl ipper  of  elephant  seals  have  a  lot  of  surface  area ,  which  helps  propel  them  in  the  water .[ 6 ]  Elephant  seals  spend  the  majority  of  their  time  ( 90 %)  underwater  in  search  of  food ,  and  can  cover  60  miles  a  day  when  they  head  out  to  sea .[ 7 ]  When  elephant"
shabbat,32452," after  all .  Moreover ,  landscapes  planted  and  maintained  by  humans  can  help  certain  species  through  lean  times  of  the  year . 
 
 Even  so ,  policymakers  often  consider  urban  habitat  degraded  and  insignificant ,  the  researchers  note ,  and  therefore  permit  development  that  further  er odes  habitat  for  threatened  species ,  bit  by  little  bit .  So  the  assumption  that  cities"
shabbat,32452," for  clarity  and  content . One  of  the  features  that  PlayStation  owners  have  asking  about  for  years  is  the  ability  to  expand  their  console  storage  with  an  external  USB  drive .  Now ,  with  the  upcoming  System  Software  4 . 5 ,  that  feature  has  finally  become  a  reality . 
 
 It âĢ Ļ s  been  stated  that  the  external  drive  can"
shabbat,32452,"SS ); 
 
 C ancer  St em  Cells 
 
 C ancer  stem  cells  ( C SC s )  are  cancer  cells  ( found  within  tumors  or  he mat ological  cancers )  that  possess  characteristics  associated  with  normal  stem  cells ,  specifically  the  ability  to  give  rise  to  all  cell  types  found  in  a  particular  cancer  sample .  C SC s  are"
shabbat,32452," series .  So  we  thought ,  this  is  our  time .  If  we âĢ Ļ re  ever  going  to  do  it ,  we  have  to  set  aside  that  crowd .  Now  is  a  good  time .  And  television  seems  like  an  interesting  format  to  take  it  forward  in .  So  we  chose  to  make  Bruce âĢ Ļ s  story  right  now .  I"
shabbat,32452,"
 11 : 49 : 03  Marg ot  James  MP ,  Parliamentary  Under - Secretary  ( Department  for  Business ,  Energy  and  Industrial  Strategy )  ( St our bridge ,  Conservative ) 
 
 11 : 49 : 18  Stephen  Pound  MP  ( E aling  North ,  Labour ) 
 
 11 : 49 : 41  Marg ot  James  MP ,  Parliamentary  Under"
shabbat,32452," announced  plans  to  operate  from  this  airport ."" 
 
 "" We  believe  the  CS 100  is  the  perfect  aircraft  for  the  next  stage  of  our  growth  for  many  reasons ,  not  the  least  of  which  is  that  it  is  the  quiet est  commercial  jet  in  production ."" 
 
 Robert  Kok onis ,  co - founder  of  airline  consulting  firm  Air T"
shabbat,32452," said ,  and  vehicles  can  be  right - sized  for  their  tasks :  people  can  order  a  pickup  truck  for  buying  gardening  supplies ,  a  single - se ater  for  the  drive  to  work ,  a  shuttle  to  go  to  the  airport ,  a  bus  when  they  want  to  save  money . 
 
 Because  of  their  efficient  use  of  road  space ,"
shabbat,32452,"49 
 
 3 . 53 
 
 2 . 31 
 
 1 . 14 
 
 1 . 01 
 
 1 . 28 
 
 1 . 34 
 
 1 . 04 
 
 1 . 25 
 
 0 . 96 
 
 1 . 10  1 . 15 
 
 1 . 32 
 
 1 ."
shabbat,32452, 30  Rasm us  My g ind  ( Den )  Team  Tre - For  3  31  Mart ijn  Vers ch oor  ( N ed )  Team  Nov o  Nord isk  3  32  Michel  K red er  ( N ed )  Garmin - Sharp  2  33  Bj Ã¶r n  Thur au  ( Ger )  Team  Euro p car  2  34  J ens  Deb uss c
shabbat,32452,"un ned  to  Unlock :  D red ge  ( L ust ),  Cor ro de  ( En vy ),  Loc ust us  ( G reed ),  Ang ler  ( Wr ath ),  and  E yr ach n id  ( Pr ide ) 
 
 Em br aced  to  Unlock :  Job ber  ( G reed ),  Lun atic  ( En vy ),  and"
shabbat,32452," conference ,  April  15 - 16 ,  2019  Berlin ,  Germany ;  Pacific  Regener ative  Medicine  Conference ,  May  16 - 19 ,  2019  Hawaii ,  USA ;  Annual  conference  &  Exhibition  on  Trans vers al ,  Trans l ational  &  Transform ative ,  December  2 - 5 ,  2019  Florida ,  USA ;  21 st  International  Conference  on  T issue  Engineering  and"
shabbat,32452," part  of  his  offensive  arsenal ;  he  was  devised  by  B oon  as  "" a  cooler  version  of  Scorpion .""[ 22 ]  The  original  costume  was  created  from  a  modified  ninja - like  outfit  bought  at  a  Chicago  costume  shop [ 21 ]  and  was  red  for  filming  in  the  first  game ,  but  a  different  yellow  one  with  a  qu il ted"
shabbat,32452,":  Belief s  and  the  Macro econom y  ( N BER  Working  Paper  No .  153 21 ),  co - authors  Pa ola  Giul iano  and  Antonio  Sp il im ber go  substant iate  the  importance  of  the  historical  economic  environment  in  shaping  economic  attitudes ,  affecting  individuals '  views  of  the  role  of  government ,  and  influencing  whether  those  beliefs  change  later"
shabbat,32452,"D iss ociation  and  PTSD ;  past  and  present : 
 
 D iss ociation  is  a  sub - type  of  PTSD  ( Post  Tra umatic  Stress  Disorder ),  a  mental  health  condition  triggered  by  a  terrifying  event  and  most  commonly  diagnosed  in  war  veterans .  Several  studies  indicate  that  a  significant  part  of  the  Lebanese  population  who  lived  through  the  1975 -"
shabbat,32452," the  collapse  of  the  Camp  David  "" final  status ""  talks ,  he  turned  sharply  to  the  right .  He  upheld  his  earlier  findings — and  produced  new  ones  showing  that  Israeli  military  forces  were  responsible  for  a  deliberate  campaign  of  massacres  and  rapes  aimed  at  driving  out  the  Palestinians — but  then  defended  these  crimes  as  necessary  and  just ifiable . 
"
shabbat,32452,"ank ar  Singh ,  Pri ya  D utt  were  also  present  for  the  meeting . 
 
 Also  Read :  Rahul  Gandhi  blasts  RSS ,  BJP 's  ' rig id  thinking ' 
 
 G and hi  sat  next  to  the  A IC C  secretary ,  San jay  Nir up am .  Nir up am  passed  him  a  ch it  with  âĢ ľ"
shabbat,32452," âĢ ľ They  said  Captain  didn âĢ Ļ t  want  to  meet  me .  Now ,  they  have  mess aged  me  that  please  come  and  meet  Captain  Sa ab .  This  time ,  I  have  refused . âĢ Ŀ  said  Raj la . 
 
 In  2009 ,  when  his  wife ,  Pre ne et  K aur ,  faced  anti - inc umb"
shabbat,32452,"Ļ s  letter  to  the  university . 
 
 MORE :  504 - day  investigation  of  law  professor  for  âĢ ĺ Brazil ian  wax âĢ Ļ  question 
 
 MORE :  Howard  vandal ized  with  âĢ ĺ Trump  plantation âĢ Ļ  after  DeVos  visit 
 
 IM AGE :  âĢ ĺ The  40 - Year - Old - Virgin âĢ Ļ 
 
"
shabbat,32452,"acing = 0 )  ax . set _ y lim (- 0 . 1 , 1 . 1 ); 
 
 And  that âĢ Ļ s  pretty  much  all  there  is  to  say  here .... 
 
 Taking  it  further 
 
 H mmm .  The  over shoot  is  kind  of  annoying ,  though ,  isn âĢ Ļ t  it ?  What  if"
shabbat,32452," does  not  seem  to  be  about  that ,  but  rather  about  setting  up  a  deal  that  actually  does  make  everyone  better  off .  It  appears  that  H ac het te  has  been  fighting  that ,  in  this  ridiculous  belief  that  e books  have  to  be  priced  higher  --  and  that  it  should  get  to  keep  more  and  more  of  the  money . 
"
shabbat,32452,"p _ k }  \ ),  any  choice  of  \(  B  \ )  and  \(  C  \ )  is  fine  that  satisfies  \(  H ( s )  =  \ sum \ limits _ k  \ frac { b _ k c _ k }{ s + p _ k }  \ ).  We  need  to  compute  the  residue  coefficients  \(  r _ k"
shabbat,32452," cracking ,  r ifting ,  and  the  interaction  between  the  Pacific  Plate  and  the  North  American  Plate .  The  Gar ib aldi  Vol can ic  Belt  was  formed  by  sub duction  of  the  Juan  de  F uca  Plate  beneath  the  North  American  Plate .  The  An ah im  Vol can ic  Belt  was  formed  as  a  result  of  the  North  American  Plate  sliding"
shabbat,32452,"A 2 . 
 
 Production  rates  greatly  increased  in  1943  after  IBM  introduced  a  method  of  casting  BAR  receivers  from  a  new  type  of  mal le able  pig  iron  developed  by  the  S agin aw  division  of  General  Motors ,  called  Ar ma Steel .[ 22 ]  After  it  successfully  passed  a  series  of  tests  at  Springfield  Armory ,  the  Chief  of"
shabbat,32452," comparison  groups âĢ Ŀ  to  estimate  these  effects ,  and  those  that  do  not .  The  term  âĢ ľ match ing âĢ Ŀ  is  used  here  in  a  relatively  broad  way ,  to  describe  a  family  of  methods  that  identify  a  comparison  group  as  an  appropriate  match  for  a  treatment  group ,  thus  mim icking  a  randomized  experiment .  A  matching  design  is"
shabbat,32452,"
 
 After  a  long  night  of  observation ,  Brand ner  had  accumulated  enough  data  to  produce  a  portrait  of  the  planet .  His  team  packed  their  bags ,  flew  home  and  went  to  work  analyzing  the  data .  The  results  were  astonishing . 
 
 HR  87 99  c  is  a  young ,  hot  giant  planet ,  a  cosmic  teenager  less  than"
shabbat,3541, family  who  organized  the  fundraiser  for  his  medical  expenses .  K X AN  Photo /  A lyss a  Go ard . Sen .  John  McCain  John  Sidney  McCain GOP  lobbyists  worry  Trump  l ags  in  K  Street  fundraising  Mark  Kelly  kicks  off  Senate  bid :  âĢ ĺ A  mission  to  lift  up  hard working  Ari zon ans âĢ Ļ  G abb ard  hits
shabbat,3541," his  faithful  Vice  President  Joseph  Biden  led  the  White  House  celebration  of  Di w ali ,  reflecting  on  the  significance  of  festival  of  lights ,  and  also  acknowledging  the  presence  of  Tuls i  G abb ard ,  the  first  Hindu  American  elected  to  the  US  Congress ,  and  also  Ambassador  Nir up ama  Rao ,  who  like  G abb ard ,  seemed  to"
shabbat,3541," his  faithful  Vice  President  Joseph  Biden  led  the  White  House  celebration  of  Di w ali ,  reflecting  on  the  significance  of  festival  of  lights ,  and  also  acknowledging  the  presence  of  Tuls i  G abb ard ,  the  first  Hindu  American  elected  to  the  US  Congress ,  and  also  Ambassador  Nir up ama  Rao ,  who  like  G abb ard ,  seemed  to"
shabbat,3541," his  faithful  Vice  President  Joseph  Biden  led  the  White  House  celebration  of  Di w ali ,  reflecting  on  the  significance  of  festival  of  lights ,  and  also  acknowledging  the  presence  of  Tuls i  G abb ard ,  the  first  Hindu  American  elected  to  the  US  Congress ,  and  also  Ambassador  Nir up ama  Rao ,  who  like  G abb ard ,  seemed  to"
shabbat,3541," vote  by  13  percentage  points  ( 56 - 43 )  over  his  Republican  opponent ,  Sen .  John  McCain  John  Sidney  McCain GOP  lobbyists  worry  Trump  l ags  in  K  Street  fundraising  Mark  Kelly  kicks  off  Senate  bid :  âĢ ĺ A  mission  to  lift  up  hard working  Ari zon ans âĢ Ļ  G abb ard  hits  back  at  Me ghan  McCain  after"
shabbat,3541," I  saw  her  face  shine  when  I  promised  her  I âĢ Ļ d  keep  Sh abb at ,  it  seemed  to  me  that  I  saw  a  reflection  of  that  World  to  Come . âĢ Ŀ 
 
 We  entered  a  room  with  a  table ,  chair ,  stool ,  and  upt urned  crate  covered  with  a  colorful  oil cloth ,  on  which  were"
shabbat,3541," beard  entered .  He  greeted  his  wife  with  âĢ ľ Sh abb at  Shal om âĢ Ŀ  and  took  out  three  or  four  large  lo aves  of  bread .  She  set  aside  two  and  placed  another  two  lo aves  under  an  embro idered  cover ,  which  barely  covered  them .  The  inn keeper  noticed  me  and  said ,  âĢ ľ A  Sabbath  guest"
shabbat,3541,"ey a  and  Em  Ha Gam al  ( that  is ,  U mm  el - J imal ,  which  is  Bat  Sh l omo ). 
 
 Yet  Sh abb at  reached  me  as  I  reached  Ha ifa .  I  was  told  of  an  appropriate  inn ,  went  there ,  and  asked  if  there  was  room  for  me .  âĢ ľ For  you"
shabbat,3541,"And ,  then  to  sustained  applause  and  r auc ous  who ops ,  Biden  recognised  G abb ard ,  who  stood  up  and  greeted  the  guests  with  a  n am aste . 
 
 B iden  said ,  "" There  is  a  distinction  that  you  come  to  the  Congress  as  the  first  Hindu  to  be  elected  to  the  legislature  and  I  am  looking"
shabbat,3541,"And ,  then  to  sustained  applause  and  r auc ous  who ops ,  Biden  recognised  G abb ard ,  who  stood  up  and  greeted  the  guests  with  a  n am aste . 
 
 B iden  said ,  "" There  is  a  distinction  that  you  come  to  the  Congress  as  the  first  Hindu  to  be  elected  to  the  legislature  and  I  am  looking"
shabbat,3541," course ,  rice  with  sugar ,  ra is ins ,  and  cinnamon ,  which  I  made  before  Sh abb at .  Don âĢ Ļ t  worry  that  there  won âĢ Ļ t  be  enough  for  both  of  us ,  since  I  made  enough  to  last  me  a  few  days . âĢ Ŀ 
 
 He  went  out  to  the  next  room  and  returned"
shabbat,3541,"Ļ ll  turn  a  blind  eye ,  as  long  as  the  police  don âĢ Ļ t  get  involved ,  but  at  my  Sh abb at  table  I  want  Sh abb at  to  be  Sh abb at . âĢ Ŀ 
 
 Another  man  entered  and  said  with  a  pleasant  voice  and  smiling  face ,  âĢ ľ Sh abb at  Shal om ! âĢ"
shabbat,3541,"Ļ ll  turn  a  blind  eye ,  as  long  as  the  police  don âĢ Ļ t  get  involved ,  but  at  my  Sh abb at  table  I  want  Sh abb at  to  be  Sh abb at . âĢ Ŀ 
 
 Another  man  entered  and  said  with  a  pleasant  voice  and  smiling  face ,  âĢ ľ Sh abb at  Shal om ! âĢ"
shabbat,3541," In  fact  you  won âĢ Ļ t  find  any  hot  food  here  because  of  my  promise  to  my  mother  not  to  light  fire  on  Sh abb at .  If  you  want  to  know  what  we  do  have  to  eat ,  I  can  open  a  can  of  s ard ines ,  or  we  can  start  with  salad ,  and  then  move  on  to  the"
shabbat,3541," flies  don âĢ Ļ t  know  the  importance  of  Sh abb at  rest ,  for  they  act  on  the  holy  day  as  if  it  were  no  different  from  the  six  work days .  By  the  way ,  my  dear  guest ,  have  others  arrived  with  you  on  the  boat ? âĢ Ŀ  The  inn keeper  answered ,  âĢ ľ The  ship  from  J"
shabbat,3541,"s  amazing  that  the  em iss aries  of  the  Land  don âĢ Ļ t  mention  among  the  praises  of  our  country  that  the  wind  never  once  extinguished  the  Sh abb at  candles !  Now ,  my  friends ,  I âĢ Ļ ll  go  up  to  my  room  and  get  into  bed  to  enjoy  a  good  Sabbath  sleep .  Too  bad  that  the  mosquitoes"
shabbat,3541,"s  amazing  that  the  em iss aries  of  the  Land  don âĢ Ļ t  mention  among  the  praises  of  our  country  that  the  wind  never  once  extinguished  the  Sh abb at  candles !  Now ,  my  friends ,  I âĢ Ļ ll  go  up  to  my  room  and  get  into  bed  to  enjoy  a  good  Sabbath  sleep .  Too  bad  that  the  mosquitoes"
shabbat,3541," keep  your  door  locked  against  thieves .  Unfortunately  the  key  is  iron  and  it  rust s .  I âĢ Ļ ve  thought  of  having  a  brass  key  made ,  but  all  week  long  I âĢ Ļ m  busy  earning  a  living ,  and  on  Sh abb at  when  I âĢ Ļ m  free  from  work  I  cannot  work  because  I  swore  to  my"
shabbat,3541," on  her  death bed  not  to  des ec rate  Sh abb at .  She  derived  little  pleasure  from  me  in  her  life ;  I  can  at  least  make  it  up  to  her  after  she âĢ Ļ s  gone .  I  don âĢ Ļ t  know  if  there âĢ Ļ s  another  world  called  the  âĢ ĺ World  to  Come , âĢ Ļ  but"
shabbat,3541," claimed  Andrew  RT  Davies  "" will  be  desperate  to  be  avoid  being  next  in  line  for  another  car  crash  TV  appearance  from  the  Conservatives "". 
 
 In  2015 ,  then  Welsh  Secretary  Stephen  Cr abb  represented  the  Tories  in  the  debates ,  while  Owen  Smith ,  then  shadow  Welsh  secretary ,  took  part  for  Labour . 
 
 Mr  Jones  says  he"
shabbat,3541," one  slice  remains  from  last  week ,  and  I  didn âĢ Ļ t  manage  to  do  any  baking  for  this  Sh abb at .  But  if  you  wait  until  my  husband  arrives ,  perhaps  he  found  some  at  the  baker âĢ Ļ s .  In  the  meantime ,  if  you âĢ Ļ re  hungry ,  I  can  give  you  s ard ines  and"
shabbat,3541," inn  who  really  knows  how  to  sing .  If  he  would  eat  with  us  he âĢ Ļ d  enhance  our  meal  with  delightful  Sabbath  hy m ns  and  melodies .  However  sitting  with  a  man  who  lights  up  a  cigarette  between  courses  on  Sh abb at — well ,  even  an  inn keeper  dependent  on  paying  guests  can âĢ Ļ t  tolerate  that"
shabbat,3541," Sh abb at  Shal om ,  she  wiped  her  eyes ,  blessed  me  in  return ,  and  left . 
 
 I  was  left  alone  in  the  room .  The  Sabbath  candles  barely  lit  the  large  room .  I  took  out  my  small  s idd ur  and  welcomed  the  Sabbath  in  prayer . 
 
 Hun ger  began  to  press  at  me ."
shabbat,3541," for  political  change . 
 
 But  today  that  frustration  with  politics  appears  und im inished  and  is  aimed  in  all  directions  —  including  Trump âĢ Ļ s . 
 
 âĢ ľ We âĢ Ļ re  wasting  so  much  time , âĢ Ŀ  said  Trump  voter  Robin  De F abb io ,  interviewed  at  Kelly âĢ Ļ s  Coffee  House  here ."
shabbat,3541," Ju arez  cab  driver  actually  found  the  boy  who  was  alone ,  scared ,  and  hungry .  The  c abb ie  contacted  local  police  who  then  took  the  child  into  custody .  When  investigators  examined  âĢ ľ Lu is , âĢ Ŀ  they  noticed  bruises  on  his  head ,  legs ,  and  buttocks . 
 
 Current  El  Paso  jail  records  show  that"
shabbat,3541," politicians  have  dig ressed  to  fifth -  and  sixth - grad ers .  I âĢ Ļ m  disgusted  with  the  attitude  ( in  politics )  and  the  way  it âĢ Ļ s  being  handled  —  on  all  sides . âĢ Ŀ 
 
 Robin  De F abb io ,  the  Trump  voter  from  Rich land  Center ,  doesn 't  like  Trump 's  style"
shabbat,3541," of  the  kids  fought  regularly  over .  Residents  weren âĢ Ļ t  allowed  to  leave  the  premises  except  to  attend  school ,  group  trips  escorted  by  staff  members ,  or  chau ffe ured  around  in  vans  to  fulfill  medical  appointments .  Rather  than  engaging  in  squ abb les  with  other  kids  about  which  shows  to  watch  ( Yo  MTV  R aps  was  very"
shabbat,3541," about  20  yards  in  front .  Sc attered  around  were  about  a  dozen  hand - gren ades .  Given  another  five  minutes ,  our  trench  would  have  been  blown  to  bits . 
 
 The  victim  had  got  partly  through  our  bar bed  wire  —  which  is  probably  what  I  heard .  Later ,  we  r aff led  his  bay onet  sc abb"
shabbat,3541," coaching  staff  feels  he  can  handle  playing  on  his  wrong  wing ),  and  Sche ife le âĢ Ļ s  strong  world  championships  puts  him  on  this  roster  as  well .  That  leaves  one  final  spot  for  a  utility  forward ,  and  although  F abb ri  has  likely  earned  it ,  we âĢ Ļ ll  give  it  to  Aust on  Matthews . 
 
"
shabbat,3541,",  personal ,  private  wants ."" 
 
 S yd ney  was  upset  and  "" her  little  friend  was  in  tears ""  after  X inos  spoke  at  the  meeting  last  week ,  says  mom  Hope  Sabb ag ha . 
 
 "" I  wanted  that  kid  to  lose  sleep  that  night ,""  a  grinning  X inos  says  Wednesday ,  as  he  invites  me"
shabbat,3541," the  Oak  Brook  Public  Library . 
 
 T elling  her  mother  that  she  wanted  to  come  to  the  aid  of  a  library  under  attack ,  11 - year - old  Sydney  Sabb ag ha  stood  at  the  podium  before  the  Oak  Brook  village  board . 
 
 "" I  used  to  go  to  the  library  knowing  there  were  people  there  to  help"
shabbat,3541," Floating  Point  performance  ( 12 . 3  Single  Precision )  from  its  64  "" next - gen ""  compute  units ,  this  machine  is  very  suited  to  Deep  Learning  and  Machine  AI  oriented  applications .  It  comes  with  no  less  than  16  GB s  of  H BM 2  memory ,  and  has  48 4  GB / s  of  memory  bandwidth  to  play  with"
shabbat,3541," basis . 
 
 "" You  have  a  guy  who  made  a  mistake  where  there 's  no  allegation  of  malice  or  ill - will ,""  he  said .  "" And  what  happened  after  he  made  a  mistake ?  He  was  named  in  the  paper ,  sh amed  in  the  paper ,  suspended ,  and  there  was  a  strong  storyline  that  he  could  be"
shabbat,3541," lift  his  arm  due  to  his  injuries .  He  does  not  speak  English  or  have  many  friends  in  Central  Texas ;  his  wife  and  four  children  live  in  Mexico .  Sol is  had  no  insurance  and  no  idea  how  he  would  pay  for  all  of  the  medications . 
 
 That  is ,  until  people  from  all  around  Austin  stepped  forward  to  help"
shabbat,3541,"E in horn :  Sonic  Dash ,  which  is  popular  right  now  on  the  top  charts ,  is  another  great  example  of  appealing  to  a  more  casual  demographic .  But  again ,  within  that  same  ecosystem  we  have  Kingdom  Conquest  II ,  which  is  extremely  core .  Both  of  those  comfortably  co exist  at  the  same  publisher . You  don âĢ Ļ t"
shabbat,3541,"ml oop  H et  N ieu ws bl ad 
 
 P el uc chi  sav ours  his  first  major  victory  at  Tir ren o - Ad ri atic o 
 
 "" We  think  first  of  his  family  and  loved  ones  to  whom  we  offer  our  sincere  condolences  and  assure  of  our  support  during  this  terrible  ordeal ,""  said  a  devastated  I"
shabbat,3541,"
 
 Related  Regener ative  Medicine  Conf erences  |  St em  Cell  Conf erences  |  St em  Cell  Congress  |  T issue  Science  Conf erences  |  Europe  Conf erences 
 
 9 th  Advanced  Cell  and  Gene  Therapy  conference ,  March  21 - 22 ,  2019  Rome ,  Italy ;  12 th  Gen omics  and  Molecular  Biology  conference ,  April  15 - 17"
shabbat,3541," votes )  Old  Man  at  the  Bath house  ( 17  votes )  President  Tanaka  ( 17  votes )  Jun ya  Kan esh iro  ( 16  votes )  Ich iry us ai  Mad ar ame  ( 16  votes )  Real  Igor  ( 15  votes )  Sc ruff y  Romantic  &  Beef y  Trend set ter  ( 14  votes ) 
 
 What  is  your"
shabbat,3619," swamp  that  hasn 't  been  drained . 
 
 âĢ ľ You  just  get  disappointed  on  a  bunch  of  levels ,  not  just  ( with  President  Trump ).  Everything 's  in  grid lock ,  nothing 's  moving . âĢ Ŀ  Robin  De F abb io ,  Rich land  Center ,  Wis . 
 
 âĢ ľ You  just  get  disappointed  on  a  bunch"
shabbat,3619," I  saw  her  face  shine  when  I  promised  her  I âĢ Ļ d  keep  Sh abb at ,  it  seemed  to  me  that  I  saw  a  reflection  of  that  World  to  Come . âĢ Ŀ 
 
 We  entered  a  room  with  a  table ,  chair ,  stool ,  and  upt urned  crate  covered  with  a  colorful  oil cloth ,  on  which  were"
shabbat,3619," for  political  change . 
 
 But  today  that  frustration  with  politics  appears  und im inished  and  is  aimed  in  all  directions  —  including  Trump âĢ Ļ s . 
 
 âĢ ľ We âĢ Ļ re  wasting  so  much  time , âĢ Ŀ  said  Trump  voter  Robin  De F abb io ,  interviewed  at  Kelly âĢ Ļ s  Coffee  House  here ."
shabbat,3619,"ey a  and  Em  Ha Gam al  ( that  is ,  U mm  el - J imal ,  which  is  Bat  Sh l omo ). 
 
 Yet  Sh abb at  reached  me  as  I  reached  Ha ifa .  I  was  told  of  an  appropriate  inn ,  went  there ,  and  asked  if  there  was  room  for  me .  âĢ ľ For  you"
shabbat,3619,"The  U - 24  player  who  has  the  most  points ?  Rob by  F abb ri ,  another  player  who  was  barely  on  Chi are lli  and  Bowman âĢ Ļ s  radar  three  months  ago . 
 
 General  managers  will  flesh  out  their  World  Cup  rosters  on  Friday ,  May  27  adding  seven  players  apiece . 
 
 Watch  it  live  on"
shabbat,3619,"The  U - 24  player  who  has  the  most  points ?  Rob by  F abb ri ,  another  player  who  was  barely  on  Chi are lli  and  Bowman âĢ Ļ s  radar  three  months  ago . 
 
 General  managers  will  flesh  out  their  World  Cup  rosters  on  Friday ,  May  27  adding  seven  players  apiece . 
 
 Watch  it  live  on"
shabbat,3619," Wood side ,  a  few  blocks  from  Fre id man 's  station ,  where  c abb ies  can  also  fuel  up  for  free ,  officials  said . 
 
 From berg  noted  that  a  single  cab  can  transport  as  many  as  70  passengers  in  a  given  day . 
 
 The  spokesman  said  that  he  was  unaware  of  any  other  station  refusing  service"
shabbat,3619," keep  your  door  locked  against  thieves .  Unfortunately  the  key  is  iron  and  it  rust s .  I âĢ Ļ ve  thought  of  having  a  brass  key  made ,  but  all  week  long  I âĢ Ļ m  busy  earning  a  living ,  and  on  Sh abb at  when  I âĢ Ļ m  free  from  work  I  cannot  work  because  I  swore  to  my"
shabbat,3619," one  slice  remains  from  last  week ,  and  I  didn âĢ Ļ t  manage  to  do  any  baking  for  this  Sh abb at .  But  if  you  wait  until  my  husband  arrives ,  perhaps  he  found  some  at  the  baker âĢ Ļ s .  In  the  meantime ,  if  you âĢ Ļ re  hungry ,  I  can  give  you  s ard ines  and"
shabbat,3619," politicians  have  dig ressed  to  fifth -  and  sixth - grad ers .  I âĢ Ļ m  disgusted  with  the  attitude  ( in  politics )  and  the  way  it âĢ Ļ s  being  handled  —  on  all  sides . âĢ Ŀ 
 
 Robin  De F abb io ,  the  Trump  voter  from  Rich land  Center ,  doesn 't  like  Trump 's  style"
shabbat,3619," politicians  have  dig ressed  to  fifth -  and  sixth - grad ers .  I âĢ Ļ m  disgusted  with  the  attitude  ( in  politics )  and  the  way  it âĢ Ļ s  being  handled  —  on  all  sides . âĢ Ŀ 
 
 Robin  De F abb io ,  the  Trump  voter  from  Rich land  Center ,  doesn 't  like  Trump 's  style"
shabbat,3619," In  fact  you  won âĢ Ļ t  find  any  hot  food  here  because  of  my  promise  to  my  mother  not  to  light  fire  on  Sh abb at .  If  you  want  to  know  what  we  do  have  to  eat ,  I  can  open  a  can  of  s ard ines ,  or  we  can  start  with  salad ,  and  then  move  on  to  the"
shabbat,3619,Aren âĢ Ļ t  you  embarrassed  that  you âĢ Ļ re  in  Ha ifa  and  haven âĢ Ļ t  come  to  visit  me ?! âĢ Ŀ  I  explained  that  I  had  arrived  in  town  right  at  the  onset  of  Sh abb at .  âĢ ľ Where  did  you  spend  the  night ? âĢ Ŀ  I  told  him  on  the  floor  of  a  certain
shabbat,3619," Sh abb at  Shal om ,  she  wiped  her  eyes ,  blessed  me  in  return ,  and  left . 
 
 I  was  left  alone  in  the  room .  The  Sabbath  candles  barely  lit  the  large  room .  I  took  out  my  small  s idd ur  and  welcomed  the  Sabbath  in  prayer . 
 
 Hun ger  began  to  press  at  me ."
shabbat,3619,"s  amazing  that  the  em iss aries  of  the  Land  don âĢ Ļ t  mention  among  the  praises  of  our  country  that  the  wind  never  once  extinguished  the  Sh abb at  candles !  Now ,  my  friends ,  I âĢ Ļ ll  go  up  to  my  room  and  get  into  bed  to  enjoy  a  good  Sabbath  sleep .  Too  bad  that  the  mosquitoes"
shabbat,3619," Back  in  the  old  country ,  where  he  was  a  cant or ,  he  would  never  have  dared  to  smoke  in  public  on  Sh abb at ,  but  here  he  acts  want only  since  he  isn âĢ Ļ t  under  the  watch ful  eye  of  his  towns folk .  A  person  can  do  whatever  he  wants  in  his  own  room ,  and  I"
shabbat,3619,"Ļ ll  turn  a  blind  eye ,  as  long  as  the  police  don âĢ Ļ t  get  involved ,  but  at  my  Sh abb at  table  I  want  Sh abb at  to  be  Sh abb at . âĢ Ŀ 
 
 Another  man  entered  and  said  with  a  pleasant  voice  and  smiling  face ,  âĢ ľ Sh abb at  Shal om ! âĢ"
shabbat,3619,"Ļ ll  turn  a  blind  eye ,  as  long  as  the  police  don âĢ Ļ t  get  involved ,  but  at  my  Sh abb at  table  I  want  Sh abb at  to  be  Sh abb at . âĢ Ŀ 
 
 Another  man  entered  and  said  with  a  pleasant  voice  and  smiling  face ,  âĢ ľ Sh abb at  Shal om ! âĢ"
shabbat,3619,"Ļ ll  turn  a  blind  eye ,  as  long  as  the  police  don âĢ Ļ t  get  involved ,  but  at  my  Sh abb at  table  I  want  Sh abb at  to  be  Sh abb at . âĢ Ŀ 
 
 Another  man  entered  and  said  with  a  pleasant  voice  and  smiling  face ,  âĢ ľ Sh abb at  Shal om ! âĢ"
shabbat,3619," course ,  rice  with  sugar ,  ra is ins ,  and  cinnamon ,  which  I  made  before  Sh abb at .  Don âĢ Ļ t  worry  that  there  won âĢ Ļ t  be  enough  for  both  of  us ,  since  I  made  enough  to  last  me  a  few  days . âĢ Ŀ 
 
 He  went  out  to  the  next  room  and  returned"
shabbat,3619," Ju arez  cab  driver  actually  found  the  boy  who  was  alone ,  scared ,  and  hungry .  The  c abb ie  contacted  local  police  who  then  took  the  child  into  custody .  When  investigators  examined  âĢ ľ Lu is , âĢ Ŀ  they  noticed  bruises  on  his  head ,  legs ,  and  buttocks . 
 
 Current  El  Paso  jail  records  show  that"
shabbat,3619," coaching  staff  feels  he  can  handle  playing  on  his  wrong  wing ),  and  Sche ife le âĢ Ļ s  strong  world  championships  puts  him  on  this  roster  as  well .  That  leaves  one  final  spot  for  a  utility  forward ,  and  although  F abb ri  has  likely  earned  it ,  we âĢ Ļ ll  give  it  to  Aust on  Matthews . 
 
"
shabbat,3619," inn  who  really  knows  how  to  sing .  If  he  would  eat  with  us  he âĢ Ļ d  enhance  our  meal  with  delightful  Sabbath  hy m ns  and  melodies .  However  sitting  with  a  man  who  lights  up  a  cigarette  between  courses  on  Sh abb at — well ,  even  an  inn keeper  dependent  on  paying  guests  can âĢ Ļ t  tolerate  that"
shabbat,3619," the  Sea ,  which  certainly  contains  fish ,  yet  fish  for  Sh abb at — we  have  none .  What  did  I  make ?  A  certain  dish  that ,  if  you  wish ,  tastes  like  fish — even  though  there  are  none . âĢ Ŀ 
 
 The  inn keeper  added ,  âĢ ľ There âĢ Ļ s  a  certain  guest  here  at"
shabbat,3619," on  her  death bed  not  to  des ec rate  Sh abb at .  She  derived  little  pleasure  from  me  in  her  life ;  I  can  at  least  make  it  up  to  her  after  she âĢ Ļ s  gone .  I  don âĢ Ļ t  know  if  there âĢ Ļ s  another  world  called  the  âĢ ĺ World  to  Come , âĢ Ļ  but"
shabbat,3619," and  these  schools  can  therefore  eliminate  merit  scholarships  and  admit  selectively  based  on  criteria  other  than  LS AT  and  GPA .  [ Did  you  rise  from  humble  beginnings ?  Did  you  overcome  your  physical  handic ap  and  climb  Everest ,  writing  a  Pulitzer - winning  account  of  your  exploit ?]  But  at  most  schools ,  merit  scholarships  will  be  offered  to  the  high"
shabbat,3619," included  the  opera  âĢ ľ A  Death  in  the  Family , âĢ Ŀ  first  produced  in  1983  by  the  Minnesota  Opera  Company .  His  compositions  were  performed  at  major  halls  all  over  the  world  and  recorded  by  en semb les  of  various  sizes . 
 
 Mr .  Mayer ,  though ,  was  not  confined  to  the  usual  classical  music  boxes .  He"
shabbat,3619," Canada  include  fl ax ,  oats ,  wheat ,  maize ,  barley ,  sugar  be ets  and  rye  in  the  pra iries ;  fl ax  and  maize  in  Western  Ontario ;  O ats  and  potatoes  in  the  Mar it imes .  Fruit  and  vegetables  are  grown  primarily  in  the  Ann apolis  Valley  of  Nova  Scotia ,  South western  Ontario ,  the  Golden  H"
shabbat,3619," platform  created  by  Out ride  was  called  Out ride  Re lev ance  Builder  and  Out ride  Re lev ance  Miner . 
 
 Out ride  Search  Service  provided  search  results  based  on  user  interests  and  demographics .  This  data  was  collected  by  their  search  habits .  Out ride  Communications  Services  was  a  Web - based  community  platform  that  har v ests  hyper links"
shabbat,3619," âĢ ľ A  lot  of  these  platforms  are  being  used  to  market  story  forms .  We âĢ Ļ ll  soon  see  them  be  used  to  deliver  those  story  forms . âĢ Ŀ If  you  gasped  when  you  opened  your  Nova  Scotia  Power  bill  this  month ,  you  are  not  alone . 
 
 The  utility  says  as  many  as  100 , 000  customers"
shabbat,3619," ??? 
 
 Artist :  ??? 
 
 Title :  ??? 
 
 Track list : 
 
 01 .  Breath  ( MP 3 ) 
 
 02 .  W ound  Midnight  ( MP 3 ) 
 
 03 .  Long  St em  Road  ( MP 3 ) 
 
 04 .  Noah 's  D ork  ( MP 3 ) 
 
 05"
shabbat,3619," head  when  the  Ann ihilation  Wave  rolls  out  from  the  Negative  Zone .  Nova  and  his  United  Front  take  on  the  Wave ,  legion  upon  legion  of  Ann ihil us âĢ Ļ  insect ile  minions ,  until  the  psychotic  conquer or  taps  into  the  power  of  Gal actus .  In  an  all  too  brief  summ ation  of  way  too  many  comics  composing  the"
shabbat,3619," Noah  Doyle ,  And ria  Rub en ,  Thomas  G ew ec ke ,  and  Michael  T .  Jones .  Earth  View er  received  more  attention  when  CBS ,  ABC ,  and  CNN  used  3 D  fly - bys  for  showing  terrain . 
 
 Earth View er  âĢ ľ g rew  out  of  a  tradition  of  technology  for  flight  sim ulators ,"
shabbat,3619,"
 Jo aquin  will  move  north ward  much  of  this  weekend ,  roughly  paralle ling  the  East  coast .  There  is  nearly  equal  possibility  the  storm  will  make  landfall  along  the  mid - Atlantic  coast ,  the  New  England  coast  or  ve er  out  to  sea . 
 
 Due  to  the  potential  close  proximity  of  the  hurricane  to  the  coast ,  people"
shabbat,3619,"). 
 
 J OSH  BAR NET T  -  Even  though  he  lost ,  Barnett  has  no  shortage  of  opponents  for  a  high  profile  fight .  Ar lov ski  ( 25 - 11 ),  Junior  dos  Santos  ( 17 - 4 )  and  Mark  Hunt  ( 11 - 10 - 1 )  could  all  main  event  a  television  show  against  Barnett  or  be"
shabbat,3619,"house 's  flagship  Oxford  Street  store  last  month ,""  Barnett  reported  Tuesday .  And  a  company  spokesman  told  her  "" the  care  instructions  on  this  product  were  not  proof ed  by  our  buyers  who  normally  concern  themselves  with  quality ,  style  and  price  of  the  products  they  order .  ...  The  wording  is  clearly  meant  as  a  joke  but  now  it  has  been"
shabbat,3619,". z pool . ca  for  a  minute  using  my  bitcoin  address :  1 B JJ Y PR c RP z TE f By C w ke J 8 SC B cr n GD 1 n h L 
 
 e agle jam 
 
 Offline 
 
 Activity :  7 
 
 Merit :  0 
 
 New bie Activity :  7"
shabbat,3619,v ole - CS F  In ox  0 : 02 : 20  37  Gustav  Lar sson  ( Swe )  I AM  Cycling  0 : 02 : 34  38  Matth ias  Br Ã¢ nd le  ( Aut )  I AM  Cycling  0 : 02 : 45  39  Fr ant ise k  Rab on  ( C ze )  Omega  Pharma - Quick - Step  Cycling
shabbat,3619," should  exist  to  open  up  more  options .  Do  you  want  to  make  Sah as r ara  sh aper  with  tons  of  programs ?  Add  this .  Otherwise ?  Don âĢ Ļ t . 
 
 Alpha  and  Omega : 
 
 Un certain ty :  High 
 
 Ex pected  Power :  2  for  Alpha ,  3 . 5  for  Omega 
"
shabbat,3619,".  We 've  seen  this  mult iverse  break  apart  and  change  through  several  crises ,  reb oots  both  hard  and  soft ,  and  the  too - soon  abandoned  concept  of  Hyper time .  Maybe  the  clue  is  in  that  "" almost  74  years .""  2013  will  mark  the  75 th  anniversary  of  Superman 's  debut  in  1938 ,  and  I  bet  DC  has"
shabbat,3619," the  drop  was  nearly  three  points .  A  smaller  decline  was  seen  in  Oregon ,  while  Alaska  showed  a  slight  rise . 
 
 Ann ual  teen  cannabis  use  is  also  down  across  the  U . S .  as  a  whole ,  but  the  drop  was  less  significant  than  that  experienced  in  Colorado  and  Washington ,  the  first  two  states  to  legalize  marijuana"
shabbat,3619," they  will  get  a  vote  of  confidence ,  no  matter  where  they  land . 
 
 Advertisement  Continue  reading  the  main  story 
 
 Playing  to  the  End 
 
 Last  year  the  Giants  char med  the  N . F . L .  by  playing  all - out  in  their  meaningless  regular - season  finale  against  the  Patriots .  The  Giants ,  with"
shabbat,3619," âĢ ĺ beer  geek âĢ Ļ  experience  for  you  or  the  beer  lover  in  your  life .  You  will  get  to  spend  the  day  with  ABC âĢ Ļ s  president  and  head  brewer ,  Andy ,  and  learn  how  to  brew  on  a  professional  system .  You  will  get  the  chance  to  design  your  own  beer  and  brew  it  on  our  pilot  system"
shabbat,3619,",  adding  that  all  stakeholders  should  be  taken  onboard  while  making  decisions  regarding  the  future  of  F ata . 
 
 Financial  crisis 
 
 Rah man  also  criticised  the  PT I - led  government  over  the  financial  crisis  in  the  province ,  saying  that  if  the  government  continued  to  move  at  the  same  pace ,  the  next  governments  would  not  have  enough"
shabbat,3619," as  AOL âĢ Ļ s  dial - up  internet  customers ,  though ,  so  Verizon  could  dust  the  brand  off  and  give  a  solid  go  of  competing  with  Google  and  Apple . 
 
 Leg acy . com 
 
 We  all  know  that  the  digital  world  revolves  around  the  coveted  18 - to - 34  demographic ,  but  there  are  plenty  of"
shabbat,6208,. 576 *  0 . 144  S CL  paranoid  score  0 . 006  0 . 182  0 . 268  0 . 222  âĪĴ 0 . 140  0 . 421 **  HC s  Z ung  depression  score  âĪĴ 0 . 173  âĪĴ 0 . 167  âĪĴ 0 . 05 1  âĪĴ 0 . 06 9  0 . 432 **  âĪĴ 0 . 08 1
shabbat,6208,. 576 *  0 . 144  S CL  paranoid  score  0 . 006  0 . 182  0 . 268  0 . 222  âĪĴ 0 . 140  0 . 421 **  HC s  Z ung  depression  score  âĪĴ 0 . 173  âĪĴ 0 . 167  âĪĴ 0 . 05 1  âĪĴ 0 . 06 9  0 . 432 **  âĪĴ 0 . 08 1
shabbat,6208,. 576 *  0 . 144  S CL  paranoid  score  0 . 006  0 . 182  0 . 268  0 . 222  âĪĴ 0 . 140  0 . 421 **  HC s  Z ung  depression  score  âĪĴ 0 . 173  âĪĴ 0 . 167  âĪĴ 0 . 05 1  âĪĴ 0 . 06 9  0 . 432 **  âĪĴ 0 . 08 1
shabbat,6208, nom .  inval .  Ag la ia  se pal ina  ( K oster m .)  K oster m .  Ag la ia  ste en is ii  K oster m .  Am oor a  rac em osa  Rid l .  L ach an od end ron  domestic um  ( Cor r Ãª a )  N ees  Lans ium  domestic um  Cor r Ãª a
shabbat,6208,"itz y ,  emanating  from  the  T ARDIS  interior .-- Doctor  Who oves  vector  made  by  *  Z ork - 787  D itz y  Do o / Der py  Ho oves  vector  made  by  ~  sol us j bj  T ARDIS  photo  belongs  to  the  BBC  [ link ] BY :  Follow  @ F Bill Mc Mor ris 
 
 General  Motors  has"
shabbat,6208, 6  19  9 . 08  Georgia  6 - 1  11  9  14  9 . 94  Arizona  6 - 1  12  14  27  9 . 18  Baylor  6 - 1  13  12  20  9 . 58  Arizona  State  6 - 1  14  15  18  9 . 82  Nebraska  7 - 1  15  17  13  10 . 42  Ohio  State  6 - 1  16  13
shabbat,6208,"bird ,  then  comes  Night  ( W iesel ),  A  Child  Called  âĢ ľ It âĢ Ŀ  ( Dave  Pel zer ),  Of  M ice  and  Men ,  Animal  Farm ,  Br ising r  ( Christopher  Pa olini ),  Romeo  and  Juliet ,  Harry  Potter  and  the  Death ly  Hall ows ,  The  G iver ,  and  seven  more  works  of  literature ."
shabbat,6208,"see  Tet lock  et  al .,  =  . 14 ;  Conway  et  al .,  19  It  is  also  important  to  note  that  we  are  not  arguing  that  J ost  et  al .' s  (  2003 
 
 Support ing  Information  Additional  supporting  information  may  be  found  in  the  online  version  of  this  article  at  the  publisher 's  website :  Fil ename  Description  pops"
shabbat,6208,144  S CL  paranoid  score  0 . 006  0 . 182  0 . 268  0 . 222  âĪĴ 0 . 140  0 . 421 **  HC s  Z ung  depression  score  âĪĴ 0 . 173  âĪĴ 0 . 167  âĪĴ 0 . 05 1  âĪĴ 0 . 06 9  0 . 432 **  âĪĴ 0 . 08 1  Le yton  trait  ( os
shabbat,6208,"ES  was  founded  in  15 53  by  Henry  VIII âĢ Ļ s  only  surviving  son  Edward  VI ,  who  died  aged  15 .  Previously  known  as  the  Guild  School  it  was  renamed  the  King âĢ Ļ s  New  School . 
 
 Sh akespeare  was  born  and  died  on  the  same  day  –  April  23  –  St  George âĢ Ļ s  Day ."
shabbat,6208," [  edit  ] 
 
 A  variant  known  as  the  FN  M le  1930  was  developed  in  7 . 65 ÃĹ 53 mm  Belgian  Ma user  by  FN  Her stal  and  adopted  by  the  Belgian  army .  The  M le  1930  is  basically  a  licensed  copy  of  the  Colt  Automatic  Machine  Rifle ,  Model  1925  ( R  75 ).[ 28 ]  The  M"
shabbat,6208,"-  ONE  guest  pic . twitter . com / J EA yu E z p K M  —  Nick  (@ Nick _ Fal co )  October  15 ,  2017  3 .  There âĢ Ļ s  1000 s  of  surveillance  cameras  in  gaming  area ,  mostly  visible  There âĢ Ļ s  a  surveillance  camera  in  each  main  elevator .  You  cant  hide  pic ."
shabbat,6208," m r  anonymous ,  i  will  enjoy  this  gift  a  lot ...  once  the  circumstances  you  told  me  will  happen .  I  might  just  get  drunk  with  my  mum  and  my  step  dad  just  so  that  I  can  enjoy  this  gift  fully .  Thanks  again ,  Jon Ã¡ Å¡  :) A  Royal  Marine  taking  part  in  a  selection  process  for  the  SAS  died"
shabbat,6208," WP K  Held  under  Guid ance  of  Kim  Jong  Un  http :// t . co / s CL I BL 57 W G  pic . twitter . com / d te 6 KS 012 G  —  KC NA  Watch  (@ KC NA Watch )  February  19 ,  2015 
 
 H / T  Guardian  |  Image  via  @ fr ank fe instein /"
shabbat,6208, or  solid . L oun Ã¨ s  Mat oub  ( K ab yle :  L w enn as  Me É Ľ á¹ Ń ub ;  Ber ber  languages :  â µ į â µ ¡ â ´ » â µ ı â µ ı â ´ ° â µ Ļ  â µ İ â ´ » â µ Ħ â µ ľ â
shabbat,6208,"} ( x )  \ )  in  the  q = 10 - 20  range  led  me  to  the  initial  guess 
 
 $$  \ math bf  v [ 0 ]  =  - p  -  \ frac { q }{ 3 }  +  \ frac { 2 q }{ 3 }\ math bf  u ^ 2  +  \ frac { 2 j ( p"
shabbat,6208,"!  pic . twitter . com / OM R f 1 g V h 7 V  —  Rock 104  (@ Rock 104 FM )  April  28 ,  2014 
 
 From  @ Daniel Sh aw AU  live  stream -  flipped  semi  in  Tup elo ,  MS  after  tornado  pic . twitter . com / O v yn Gy c V Ph  —  Se"
shabbat,6208," st on ers  are  dangerous ,  he  should  definitely  be  arrested !  —  Br nd n  (@ Brandon 06 12 )  April  30 ,  2015 
 
 @ M urd och Pol  At  least  you  don 't  have  to  worry  about  that  criminal  mastermind  anymore .  —  Texture  (@ iam texture )  April  30 ,  2015 
 
 @ M urd och Pol"
shabbat,6208," and  n apping .  Regardless ,  the  fear  m ong ering  worked ,  and  it  has  taken  nearly  a  century  to  begin  reclaim ing  what  was  lost . 
 
 About  the  Author :  Reid  Mit en bul er  is  a  Washington ,  DC - based  writer .  He  is  currently  writing  a  book  about  bourbon  for  Viking / P engu in ."
shabbat,6208," of  complexity  ( e . g .,  Ne u berg  &  News om ,  1993 ;  Webster  &  Krug l anski ,  1994 )  and  is  related  to  att itudinal  âĢ ľ se izing âĢ Ŀ  that  seems  clearly  concept ually  related  to  complex  thinking  ( e . g .,  Webster  &  Krug l anski ,  1994 ),  it  is  nonetheless  worth  considering"
shabbat,6208,597 *  0 . 07 9  EP Q  neurot is ism  0 . 09 5  0 . 171  0 . 05 1  âĪĴ 0 . 05 4  0 . 464 **  0 . 09 3  S CL  som at ization  score  âĪĴ 0 . 6 24 *  âĪĴ 0 . 694 *  âĪĴ 0 . 540 *  âĪĴ 0 . 5 47 *
shabbat,6208,". 91 
 
 0 . 80 
 
 0 . 91 
 
 1 . 17  1 . 61 
 
 1 . 00 
 
 2 . 00 
 
 1 . 00 
 
 2 . 63 
 
 1 . 96 
 
 1 . 87 
 
 bits et < 35 > / >> =/ 1 
 
"
shabbat,6208," are  typically  associated  with  having  a  specific  religious  belief ,  which  would  fit  poorly  with  the  range  of  religious  positions  ( or  lack  thereof )  of  the  playable  races . 
 
 With  that  said ,  the  term  âĢ ĺ guard ian âĢ Ļ  has  made  for  a  fair  label .  It  may  not  be  as  ev ocative  as  terms  like  âĢ ĺ"
shabbat,6208," the  time  series  literature ,  which  relied  on  variation  over  time  rather  than  across  states  to  estimate  employment  effects . 
 
 Ne um ark  and  Was cher  ( 1996 ),  Ne um ark  ( 2001 ),  and  others  soon  extended  the  fixed - effects  modeling  framework  to  individual - level  data  to  understand  the  impact  of  the  minimum  wage  on  specific  vulnerable"
shabbat,6208," in  Japan .  There âĢ Ļ s  a  big  difference  between  making  d ous hin ji  ( games  made  for  fun  more  than  profit )  and  being  an  indie  developer  trying  to  make  a  living ,  and  the  latter  are  quite  rare  in  Japan ,  though  I  was  lucky  enough  to  meet  some . 
 
 My  interview  with  Matth ieu  occurred  at"
shabbat,6208,17 000 5 e + 06  5 . 326 33 296 e + 05  2 . 39 89 7 177 e + 06  1 . 95 22 230 7 e + 06  - 2 . 400 16 773 e + 06  1 . 236 34 882 e + 06  - 1 . 97 70 97 19 e + 06  5 . 4 128
shabbat,6208," ice  blue ,  which  "" prom pt ed  the  story  behind  them  being  these  opposing  ninja - cl an - type  characters .""[ 21 ]  A  third  ninja  swap ,  Rept ile ,  was  added  in  the  third  revision  as  a  hidden  character  who  was  out fitted  in  green  and  used  Scorpion 's  spear  ( along  with  Sub - Zero 's  freeze )"
shabbat,6208,"ll  be  able  to  discover  where  things  are  going  wrong  in  some  of  your  muscle  building  attempts . 
 
 Activity  &  Health  Level  of  Our  Respond ents 
 
 In  this  section  we  asked  several  questions  about  workout  frequency ,  workout  experience ,  and  how  healthy  our  participants  consider  themselves  to  be . 
 
 Need less  to  say ,  some  of"
shabbat,6208," gets  patched  by  a  vendor ,  they 've  immediately  swapped  out  the  exploit  attacking  it  for  a  new  one  attacking  a  different  zero - day  vulnerability . 
 
 In  at  least  one  interesting  case ,  it  appears  the  attackers  gained  knowledge  of  a  zero - day  exploit  against  an  Oracle  vulnerability  around  the  same  time  that  Oracle  learned  of  it .  The"
shabbat,6208," from  that , âĢ Ŀ  he  said . 
 
 The  event ,  organized  by  New  York  University  as  well  as  companies  leading  the  effort  to  harness  artificial  intelligence ,  including  Facebook  and  Google ,  comes  at  a  delicate  moment  for  academic  researchers  and  companies  riding  the  wave  of  progress  in  AI .  Progress  seems  certain  to  revolution ize  many  industries ,  perhaps"
shabbat,6208," the  sky  an  hour  before  the  airstrike  happened ,  media  activist  Am mar  al - Ad al ba  told  Website  for  the  Syrian  Revolution .  He  said  that  it  was  most  likely  an  airplane  from  the  Coalition  that  struck  the  S ARC  headquarters ,  resulting  in  destruction  and  fire  inside  the  building . 
 
 As  there  is  no  ( open  or  commercial"
shabbat,6208," past  the  time  that  people  finally  learn  the  difference  between  real  medicine  and  entertainment . âĢ Ŀ 
 
 Um .  No .  Dr .  Miller 's  letter  created  a  moment ary  press  ker f uffle  that  is  fading .  One  little  letter  to  Dr .  Oz 's  dean  is  not  going  to  "" d ism antle ""  the  myth  that  "" f"
shabbat,6208," runs  about  twice  a  month .  The  idea  of  joining  a  post - col leg iate  training  group  has  crossed  Hud gins âĢ Ļ  mind ,  but  he  hasn âĢ Ļ t  actively  pursued  the  idea  of  doing  so  because  he âĢ Ļ s  happy  with  the  coaching  he âĢ Ļ s  receiving  now . 
 
 H ud gins  is  hopeful  that"
shabbat,6208,"18  as  well ,  and  by  all  accounts  she  was  an  excellent  BAR  operator .  She  used  an  M 19 18  on  full - automatic  to  pin  down  unsuspecting  law  officers  after  they  confronted  the  gang  at  a  house  in  J op lin ,  MO .[ 38 ]  A  Missouri  highway  patrol man  at  the  scene ,  forced  to  dive  for  cover  behind"
shabbat,6208," have  opened .  And  we  have  demonstrated  how  we  strengthen  this  country  we  love  and  call  home ."" 
 
 She  said ,  "" During  the  last  four  years  together  with  the  White  House  we  have  laid  a  strategic  road  map  to  bring  the  values  of  transformative  se va ,  of  social  justice  and  k arm ic  empathy  to  the  forefront  and  connected"
shabbat,6208,"S :  Patrick ,  were  you  literally  thrown  out  of  the  house  or  is  it  basically  that  you  felt  that  you  weren âĢ ĺ t  wanted  there  anymore ? 
 
 H IG G INS :  I 'm  not  really  going  to  comment  on  that  right  now  because  all  of  that  is  in  the  lawsuit .  But  practically  what  I âĢ ĺ m"
shabbat,6208," defends  her  radical  departure  of  existing  law  by  attempting  to  wrap  immigration  enforcement  in  a  swath  of  social  justice  causes .  She  doesn âĢ Ļ t  think ,  for  instance ,  that  âĢ ľ you  solve  the  criminal  justice  process  by  de porting  them . âĢ Ŀ  Likewise ,  she  calls  ICE âĢ Ļ s  policies  âĢ ľ disc rim inatory âĢ Ŀ"
shabbat,6208," be  growing  in  a  big  way  for  at  least  a  couple  of  years .  The  two  main  contributing  factors  are  allegedly  eSports  and  VR  gaming .  I  guess  we  will  be  seeing  more  Alien ware  and  X PS  stuff  coming  their  way . 
 
 In  contrast  to  shrinking  overall  PC  sales ,  global  demand  for  gaming  PCs  is  heating  up  and  the"
shabbat,6208," or  the  sun na  ( the  teachings  and  say ings  of  Muhammad )  in  their  original  form .  ( Whether  Bush ,  Biden  or  Clinton  has  bothered  to  read  a  single  translated  page  of  these  texts  remains  to  be  seen .  Obama ,  who  from  ages  six  to  ten ,  attended  a  public  school  in  Indonesia  influenced  by  the  West ,  appears  to"
shabbat,6208," compensate  for  their  lack  of  formal  scientific  education  by  instead  trusting  their  âĢ ľ g ut  reaction âĢ Ŀ : 
 
 F requently  the  women  haven âĢ Ļ t  had  very  much  in  the  way  of  a  science  education  because  they  may  well  have  dropped  science  at  16 .  That  is  just  a  fact .  Women  do  tend  not  to  have  continued"
shabbat,6208," claims ,  with  particular  anger  in  Brussels  being  aimed  at  Britain ,  whose  relationship  with  the  EU  executive  has  grown  tense . 
 
 Although  he  did  not  address  the  issue  specifically  at  his  end - of - year  press  conference  on  Friday ,  President  Barack  Obama  acknowledged  that  the  US  "" would  have  to  provide  more  confidence  to  the  international  community """
shabbat,6208," finding  represent  a  domain âĢĲ general  or  domain âĢĲ specific  phenomenon ?  Our  next  two  findings  suggest  it  is  domain âĢĲ specific .  First ,  the  religion  dog mat ism  scale — a  scale  specifically  designed  on  a  domain  on  which  conservatives  are  more  likely  to  be  dog matic — sh owed  virtually  the  same  effect  as  the  supposedly  domain âĢĲ general  scale"
shabbat,6208," had  enough  of  all  this  hard  work ,  because ,  since  I  came  out ,  I  keep  getting  all  these  parts ,  and  my  career 's  taken  off .  I  want  a  quiet  life .  I 'm  going  back  into  the  closet .  But  I  can 't  get  back  into  the  closet ,  because  it 's  absolutely  jam - packed  full  of  other"
shabbat,6208," exchange  program . 
 
 When  your  score  gets  high  enough ,  you  will  receive  samples .  They  will  be  accessible  from  our  website ,  and  also ,  using  the  Mal ware  Sharing  Network  back - end  API . 
 
 API  for  Script ing 
 
 After  successfully  logging  in ,  you  may  have  noticed  that  the  API  key  field  was  populated"
shabbat,6208," imprisonment . 
 
 Fel ons  should  be  forever  prohibited  from  owning  guns .  They  should  never  be  allowed  to  hold  a  gun  in  their  hands  for  even  a  few  seconds .  The  lifetime  prohibition  should  include  non - violent  fel ons  who  have  been  law - abiding  for  decades ;  anyone  who  was  convicted  of  marijuana  possession  in  1971  should  be  presumed"
shabbat,6309," I  revis ited  some  studies  pertaining  to  cognitive  behavior  in  high  stress  environments .  While  I  may  not  be  an  expert  in  the  field ,  these  models  that  I  am  about  to  present  certainly  struck  a  chord . 
 
 D iss ociation :  The  Hidden  Ep id emic 
 
 This  seemingly  som n amb ul istic  behavioral  pattern  as  exhibited  by"
shabbat,6309," I  revis ited  some  studies  pertaining  to  cognitive  behavior  in  high  stress  environments .  While  I  may  not  be  an  expert  in  the  field ,  these  models  that  I  am  about  to  present  certainly  struck  a  chord . 
 
 D iss ociation :  The  Hidden  Ep id emic 
 
 This  seemingly  som n amb ul istic  behavioral  pattern  as  exhibited  by"
shabbat,6309,",  which  was  sponsored  by  the  Mar lies  along  with  Sc oti ab ank  and  First  Book  Canada ;  the  winning  class  got  to  go  to  a  Mar lies  game .  One  of  the  options  was  "" The  B amb ino  and  Me .""  Another  was  "" H ockey  Hero ."" 
 
 Each  was  written  by  Hy man . 
 
 Bec"
shabbat,6309," person  was  like .  I  thought  it  was  clever  and  I  thought  it  showed  a  maturity  in  his  writing  that  you  don 't  expect  to  see  in  a  story  written  by  a  high  school  kid ."" 
 
 The  collaboration  with  Weaver  eventually  led  Hy man  to  work  with  Penguin  Random  House  with  "" The  B amb ino  and  Me ""  and ,"
shabbat,6309," person  was  like .  I  thought  it  was  clever  and  I  thought  it  showed  a  maturity  in  his  writing  that  you  don 't  expect  to  see  in  a  story  written  by  a  high  school  kid ."" 
 
 The  collaboration  with  Weaver  eventually  led  Hy man  to  work  with  Penguin  Random  House  with  "" The  B amb ino  and  Me ""  and ,"
shabbat,6309," for  "" 10 , 000  Days "": 
 
 "" V ic arious "" 
 
 "" J amb i "" 
 
 "" W ings  for  Marie  ( P t .  1 )"" 
 
 "" 10 , 000  Days  ( P t .  2 )"" 
 
 "" The  Pot "" 
 
 "" L ip an  Conj uring "" 
"
shabbat,6309," Gust af  also  developed  a  belt - fed  prototype ;  however ,  it  was  never  adopted . 
 
 China  [  edit  ] 
 
 FN  M 19 30 . 
 
 The  Chinese  National ist  Army  used  the  FN  M 19 30  throughout  the  Second  S ino - Japanese  War .  The  Chinese  BAR  was  ch amb ered  for  the  German  7"
shabbat,6309," has  set  the  cat  among  the  pige ons . 
 
 Since  this  allegation  has  more  or  less  been  admitted  by  P  Ch id amb aram  in  an  interview  to  ND TV ,  it  shows  the  extent  to  which  the  Gandhi  family  saw  Narendra  Modi  as  a  clear  threat  to  its  political  domination  even  as  early  as  2009  ( or  even  earlier ),"
shabbat,6309," has  set  the  cat  among  the  pige ons . 
 
 Since  this  allegation  has  more  or  less  been  admitted  by  P  Ch id amb aram  in  an  interview  to  ND TV ,  it  shows  the  extent  to  which  the  Gandhi  family  saw  Narendra  Modi  as  a  clear  threat  to  its  political  domination  even  as  early  as  2009  ( or  even  earlier ),"
shabbat,6309, 7 . 8 38 377 21 e - 03  - 1 . 08 465 229 e - 01  5 . 00000000 e - 01 ]]  V * di ag ( L amb da )* V . inv  =  [[  - 1 . 8 0000000 e + 01  - 9 . 7 0000000 e + 01  - 1 . 8 0000000 e + 02
shabbat,6309,"
 
 Behind  the  scenes ,  there  is  tension  within  the  party . 
 
 One  source  calls  it  a  "" sh amb les "". 
 
 Car wyn  Jones  -  Labour 
 
 Despite  not  being  a  candidate  at  the  2017  general  election ,  Car wyn  Jones  is  undoubtedly  the  face  of  Labour 's  campaign  in  Wales  -  with  little  or  no"
shabbat,6309," gr outed  into  place  in  the  cavity .  Blocks  with  a  channel  on  the  end ,  known  as  "" j amb  blocks "",  allow  doors  to  be  secured  to  wall  assemblies .  Blocks  with  gro oved  ends  permit  the  construction  of  control  joints ,  allowing  a  filler  material  to  be  anchored  between  the  un - mort ared  block  ends .  Other  features ,"
shabbat,6309,"T  out  of  the  fake  encounter  affidavit  shows  this  could  not  have  happened  without  the  Gand his  wanting  it .  Why  would  a  Ch id amb aram  want  to  intervene  in  a  random  encounter  case  when  he  showed  no  such  interest  in  several  other  cases ?  Only  the  Gujarat  encounters  mattered ,  and  common  sense  tells  us  why . 
 
 # 6"
shabbat,6309," risk ,  namely  exercise  and ,  well ,  eating  plenty  of  fruits  and  vegetables . 
 
 Bi ochem ist  Michael  Av ir am  of  the  R amb am  Medical  Center  in  Ha ifa ,  Israel ,  suggests  another  alternative .  His  research  focuses  on  p ome gran ates .  In  a  recent  study ,  he  found  that  mice  bred  to  have  block"
shabbat,6309," time ,  US  troops  would  be  issued  whatever  the  French  and  British  had  to  offer .  The  arms  donated  by  the  French  were  often  second - rate  or  surplus  and  ch amb ered  in  8 mm  Le bel ,  further  compl icating  logistics  as  machine  gun ners  and  infantry men  were  issued  different  types  of  ammunition .[ 2 ] 
 
 Development  ["
shabbat,6309," editor  Jan ice  Weaver ,  who  often  works  on  children 's  books . 
 
 They  began  working  together  on  "" The  B amb ino  and  Me ""  when  Hy man  was  in  high  school .  The  book  is  built ,  in  parts ,  around  real - life  quotes  from  Babe  Ruth . 
 
 "" What  I  really  liked  about  that  project"
shabbat,6309," a  family  of  American  automatic  rifles  and  machine  guns  used  by  the  United  States  and  numerous  other  countries  during  the  20 th  century .  The  primary  variant  of  the  BAR  series  was  the  M 19 18 ,  ch amb ered  for  the  . 30 - 06  Springfield  rifle  cartridge  and  designed  by  John  Brown ing  in  1917  for  the  American  Expedition ary  Forces"
shabbat,6309,". l inal g . cond ( A )  5 21 . 33 808 18 589 03 25 
 
 We  could  diagonal ize  \(  A  =  V \ L amb da  V ^{ - 1 }  \ )  numer ically : 
 
 L amb da , V  =  np . l inal g . e ig ( A )  print  """
shabbat,6309,". l inal g . cond ( A )  5 21 . 33 808 18 589 03 25 
 
 We  could  diagonal ize  \(  A  =  V \ L amb da  V ^{ - 1 }  \ )  numer ically : 
 
 L amb da , V  =  np . l inal g . e ig ( A )  print  """
shabbat,6309," the  Congress  party  had  just  trou n ced  the  BJP  in  the  general  elections . Ch id amb aram  told  ND TV :  âĢ ľ The  original  affidavit  did  say  that  A ,  B ,  C ,  D  were  terrorists ,  but  the  IB âĢ Ļ s  position  was  we  don âĢ Ļ t  name  or  charge  anyone  as  terrorists ...  therefore  a"
shabbat,6309," [  edit  ] 
 
 In  October  2007 ,  actresses  playing  May  Ot is  Blackburn  and  Ruth  R izz io  appeared  in  the  Ghost  Tour  in  Str athe arn  Park ,  in  Sim i  Valley ,  California .  The  actress  playing  Blackburn  stated :  "" May  Ot is  is  really  fun  and  fl amb oy ant .. She 's  a  cult  leader ."
shabbat,6309," became  virtually  indistinguishable  from  anything  in  which  Michael  Palin  r amb les  around .  Religious  broadcasting ,  all  broadcasting ,  ought  to  be  better  than  that .  We  looked  at  David  Suc het 's  In  the  Foot steps  of  St  Paul  and  again ,  it  just  turned  into  a  travel ogue .  Someone  in  the  city  of  T ars us  said ,  """
shabbat,6309,"al ito  que  t amb i Ã©n  export am os  o port un ament e . La  cre encia  de  que  en exist en  redes  al  est ilo  de  organ iz acion es  m af ios as ,  con  jer ar qu ÃŃ as  y  est ruct uras  m af ios as  rel acion adas  con  la  tr ata  de  person as Cu"
shabbat,6309," equal  treatment  in  law  and  policy  of  everyone ,  regardless  of  religion  or  belief . De  la  form a  en  que  Mar ita  j unt aba  sus  pes it os  no  qu ita  ni  sum a  n ada  a  la  histor ia ,  sal vo  por  el  det alle  que  los  med ios  t amb i Ã©n  lo  h an  o cult ado"
shabbat,6309,"amb da  =  "",  Lamb da  print  "" V  = ""  print  V  print  "" V * di ag ( L amb da )* V . inv  = ""  print  np . dot ( np . dot ( V , np . di ag ( L amb da )), np . l inal g . inv ( V ))  Lamb da  =  [-"
shabbat,6309, Prec amb rian  volcan oes .  There  are  pillow  lav as  in  the  Northwest  Territories  that  are  about  2 . 6  billion  years  old  and  are  preserved  in  the  Cameron  River  Vol can ic  Belt .  The  pillow  lav as  in  rocks  over  2  billion  years  old  in  the  Canadian  Shield  signify  that  great  ocean ic  volcan oes  existed  during  the  early  stages
shabbat,6309,",  residents  on  the  country 's  largest  island ,  Sant o ,  said  crops  risked  being  ruined  by  ash  if  the  wind  direction  did  not  change . 
 
 The  last  time  there  was  a  significant  eruption  on  Amb ae  was  in  2005 ,  when  a  similar  evacuation  of  5000  people  was  carried  out .  It  was  as  long  as  three  months  before"
shabbat,6309," dance hall ,  s amba ,  funk ,  garage  rock ,  r aga  and  more  into  an  irresistible  groove ,  the  members  of  the  culture - m ashing  party  band  Oz om at li  have  gone  from  hometown  heroes  in  L . A .  to  U . S .  State  Department  Cultural  Amb assadors  and  the  first  band  ever  to  give  a  âĢ"
shabbat,6309," confidence  or  contribute  to  peace  and  stability "": 
 
 US  stands  w /  DK  in  condemning  statements  made  by  Russia 's  Amb  to  DK .  Such  statements  do  not  inspire  confidence  or  cont rib  to  peace / st ability  —  R uf us  G iff ord  (@ ru f us g iff ord )  March  21 ,  2015 
 
 Den mark"
shabbat,6309,Aren âĢ Ļ t  you  embarrassed  that  you âĢ Ļ re  in  Ha ifa  and  haven âĢ Ļ t  come  to  visit  me ?! âĢ Ŀ  I  explained  that  I  had  arrived  in  town  right  at  the  onset  of  Sh abb at .  âĢ ľ Where  did  you  spend  the  night ? âĢ Ŀ  I  told  him  on  the  floor  of  a  certain
shabbat,6309," beard  entered .  He  greeted  his  wife  with  âĢ ľ Sh abb at  Shal om âĢ Ŀ  and  took  out  three  or  four  large  lo aves  of  bread .  She  set  aside  two  and  placed  another  two  lo aves  under  an  embro idered  cover ,  which  barely  covered  them .  The  inn keeper  noticed  me  and  said ,  âĢ ľ A  Sabbath  guest"
shabbat,6309," remember  that  Past  Sean  put  two  smooth ies  in  the  freezer .  I  rub  my  hands  together  in  a  delic iously  evil  way ,  because  I 'm  about  to  rock  the  civilized  world 's  dick  off  and  put  vodka  in  my  J amba  Juice .  Clever ,  I  know .  I  look  up  and  nod  my  head  approving ly  to  Past  Sean  in"
shabbat,6309," seeds ,  the  scientists  report  in  their  paper . 
 
 âĢ ľ The  plant âĢ Ļ s  strategy  was  to  allow  large  herb iv ores  to  eat  its  g our ds ,  and  then  the  seeds  would  pass  through  and  be  deposited  some  distance  away  with  a  little  fertilizer  in  the  form  of  mast odon / m amm oth  poop  to  help"
shabbat,6309," like  that  bore  investigating . 
 
 I  wanted  to  draw  them  out ,  to  create  a  window  where  they  could  be  amb ushed  or  where  we  could  slip  past . 
 
 Then  I  heard  one  of  them  say  it .  âĢ ľ Get  some  of  the  others  from  inside . âĢ Ŀ 
 
 I  sighed .  This  wouldn âĢ Ļ"
shabbat,6309," centres  in  the  world  for  centuries .  âĢ ľ I  found  Var anas i  extremely  fascinating .  The  amb ience  in  Var anas i  is  extraordinary .  It  is  the  holiest  of  holy  cities  in  India  on  the  holiest  river  in  India .  Learning  that  reincarn ation ,  you  can  bypass  it  in  Var anas i ,  did  you  know  that ?  That"
shabbat,6309,",  rough  lighting ,  character  and  prop  placement ,  and  which  way  the  characters  would  be  looking  and  expressing .  The  pre - visual ization  crew  were  able  to  use  the  3 D  back drops  that  became  more  detailed  throughout  the  film 's  development  to  integrate  the  simple  3 D  character  models ,  and  then  were  able  to  test  the  To on  Boom"
shabbat,6309," or  national  origin ."" 
 
 "" Al onso  didn 't  have  his  family  here  to  support  him  and  be  with  him ,""  Knight  said .  "" This  can  show  Alonso  how  many  people  care  about  him  and  hope  for  a  speedy  recovery  and  some  sense  of  healing ."" 
 
 "" Hopefully  this  outp ouring  of  love  over sh adows  what  was"
shabbat,6309," template  parameter  and  makes  copies  of  the  compare  internally . 
 
 The  conventional  workaround  for  this  problem  is  to  create  a  proxy  compare  class  that  references  the  real  compare  object ,  but  this  is  clumsy  and  creates  a  performance  dragging  memory  ind irection .  Why  not  simply  have  the  algorithm  obey  the  user 's  request ?  It 's  not  clear  if  the"
shabbat,6309," Angela  Merkel  says  is  an  ideology .  It 's  an  ideology  of  her  party ,  but  also  it 's  affecting  the  Social  Democrats ,  that  says  if  you  go  for  a  policy  that  reduces  unemployment ,  this  is  the  best  kind  of  social  policy  that  you  can  have .  Even  if  people  suffer  or  if  wages  fall ,  this  is  then  absolutely  necessary"
shabbat,6309," Cut  Pro ? 
 
 The  centre  of  the  target ,  which  I  still  think  is  very  similar  today ,  is  software  for  the  aspir ational  part  of  the  market .  People  who  want  to  do  something  good ,  most  of  them  not  making  their  living  doing  video  –  they  would  like  to  some  day .  They  are  interested  in  video  and  they"
shabbat,6445," politicians  have  dig ressed  to  fifth -  and  sixth - grad ers .  I âĢ Ļ m  disgusted  with  the  attitude  ( in  politics )  and  the  way  it âĢ Ļ s  being  handled  —  on  all  sides . âĢ Ŀ 
 
 Robin  De F abb io ,  the  Trump  voter  from  Rich land  Center ,  doesn 't  like  Trump 's  style"
shabbat,6445, family  who  organized  the  fundraiser  for  his  medical  expenses .  K X AN  Photo /  A lyss a  Go ard . Sen .  John  McCain  John  Sidney  McCain GOP  lobbyists  worry  Trump  l ags  in  K  Street  fundraising  Mark  Kelly  kicks  off  Senate  bid :  âĢ ĺ A  mission  to  lift  up  hard working  Ari zon ans âĢ Ļ  G abb ard  hits
shabbat,6445," and  the  northern most  parts  of  Northwest  Territories ,  Yuk on ,  Manitoba ,  Ontario ,  Quebec ,  and  Labrador . 
 
 Hyd rog raph y  [  edit  ] 
 
 BC  AB  SK  MB  ON  QC  NB  PE  NS  NL  Y T  NT  N U  Drain age  bas ins  of  Canada 
 
 Canada  holds  vast  reserves  of  water :  its"
shabbat,6445,"ey a  and  Em  Ha Gam al  ( that  is ,  U mm  el - J imal ,  which  is  Bat  Sh l omo ). 
 
 Yet  Sh abb at  reached  me  as  I  reached  Ha ifa .  I  was  told  of  an  appropriate  inn ,  went  there ,  and  asked  if  there  was  room  for  me .  âĢ ľ For  you"
shabbat,6445," vote  by  13  percentage  points  ( 56 - 43 )  over  his  Republican  opponent ,  Sen .  John  McCain  John  Sidney  McCain GOP  lobbyists  worry  Trump  l ags  in  K  Street  fundraising  Mark  Kelly  kicks  off  Senate  bid :  âĢ ĺ A  mission  to  lift  up  hard working  Ari zon ans âĢ Ļ  G abb ard  hits  back  at  Me ghan  McCain  after"
shabbat,6445," for  political  change . 
 
 But  today  that  frustration  with  politics  appears  und im inished  and  is  aimed  in  all  directions  —  including  Trump âĢ Ļ s . 
 
 âĢ ľ We âĢ Ļ re  wasting  so  much  time , âĢ Ŀ  said  Trump  voter  Robin  De F abb io ,  interviewed  at  Kelly âĢ Ļ s  Coffee  House  here ."
shabbat,6445,Aren âĢ Ļ t  you  embarrassed  that  you âĢ Ļ re  in  Ha ifa  and  haven âĢ Ļ t  come  to  visit  me ?! âĢ Ŀ  I  explained  that  I  had  arrived  in  town  right  at  the  onset  of  Sh abb at .  âĢ ľ Where  did  you  spend  the  night ? âĢ Ŀ  I  told  him  on  the  floor  of  a  certain
shabbat,6445,"The  U - 24  player  who  has  the  most  points ?  Rob by  F abb ri ,  another  player  who  was  barely  on  Chi are lli  and  Bowman âĢ Ļ s  radar  three  months  ago . 
 
 General  managers  will  flesh  out  their  World  Cup  rosters  on  Friday ,  May  27  adding  seven  players  apiece . 
 
 Watch  it  live  on"
shabbat,6445," one  slice  remains  from  last  week ,  and  I  didn âĢ Ļ t  manage  to  do  any  baking  for  this  Sh abb at .  But  if  you  wait  until  my  husband  arrives ,  perhaps  he  found  some  at  the  baker âĢ Ļ s .  In  the  meantime ,  if  you âĢ Ļ re  hungry ,  I  can  give  you  s ard ines  and"
shabbat,6445," sure .  So  when  you  have  customers  who  use  both  your  cloud  service  and  your  downloadable  software ,  the  customers  who  use  your  downloadable  software  are  the  people  who  are  naturally  much  more  conservative .  That 's  why  they 're  using  your  downloadable  software  in  the  first  place . 
 
 So  you  can  do  your  AB  testing  in  the  cloud  on  the"
shabbat,6445," the  Sea ,  which  certainly  contains  fish ,  yet  fish  for  Sh abb at — we  have  none .  What  did  I  make ?  A  certain  dish  that ,  if  you  wish ,  tastes  like  fish — even  though  there  are  none . âĢ Ŀ 
 
 The  inn keeper  added ,  âĢ ľ There âĢ Ļ s  a  certain  guest  here  at"
shabbat,6445,"s  amazing  that  the  em iss aries  of  the  Land  don âĢ Ļ t  mention  among  the  praises  of  our  country  that  the  wind  never  once  extinguished  the  Sh abb at  candles !  Now ,  my  friends ,  I âĢ Ļ ll  go  up  to  my  room  and  get  into  bed  to  enjoy  a  good  Sabbath  sleep .  Too  bad  that  the  mosquitoes"
shabbat,6445," in  their  joint  venture ,  called  Miller Co ors ,  in  a  deal  valued  at  $ 12  billion  in  cash ,  reflecting  an  effort  to  appease  regulators  concerned  about  the  combined  giant 's  size . 
 
 Together ,  a  combined  AB  In B ev  and  S AB Miller  would  control  almost  30 %  of  global  beer  sales .  Brit o  declined  to"
shabbat,6445," C ripp le  Cove ,  NL  ( near  Cape  Race )  at  a  distance  of  3 , 005 . 60  n autical  miles  ( 5 , 5 66 . 37  km ;  3 , 458 . 78  mi ). 
 
 See  also  [  edit  ] 
 
 BC  AB  SK  MB  ON  QC  NB  PE  NS  NL  Y T  NT  N U"
shabbat,6445," Sabbath  eve . 
 
 2 . 
 
 I  left  Reb  Ch aim  D ov  and  Z ich ron  Ya akov  and  set  out  on  my  way .  Because  it  was  e rev  Sh abb at ,  and  I  was  hur rying  to  reach  Ha ifa  before  sunset ,  I  lacked  the  time  to  visit  those  surrounding ,  modest  villages  of  Sh"
shabbat,6445,"9 %  after  the  announcement .  AB  In be v 's  shares  rose  0 . 8 %  in  Brussels . 
 
 AB  In B ev  is  betting  that  it  can  leverage  the  broader  footprint  to  pursue  growth  opportunities  in  Africa ,  Asia  and  the  Middle  East .  It  also  expects  to  save  $ 1 . 4  billion  per  year  by  combining  operations"
shabbat,6445," Back  in  the  old  country ,  where  he  was  a  cant or ,  he  would  never  have  dared  to  smoke  in  public  on  Sh abb at ,  but  here  he  acts  want only  since  he  isn âĢ Ļ t  under  the  watch ful  eye  of  his  towns folk .  A  person  can  do  whatever  he  wants  in  his  own  room ,  and  I"
shabbat,6445," In  fact  you  won âĢ Ļ t  find  any  hot  food  here  because  of  my  promise  to  my  mother  not  to  light  fire  on  Sh abb at .  If  you  want  to  know  what  we  do  have  to  eat ,  I  can  open  a  can  of  s ard ines ,  or  we  can  start  with  salad ,  and  then  move  on  to  the"
shabbat,6445," In  fact  you  won âĢ Ļ t  find  any  hot  food  here  because  of  my  promise  to  my  mother  not  to  light  fire  on  Sh abb at .  If  you  want  to  know  what  we  do  have  to  eat ,  I  can  open  a  can  of  s ard ines ,  or  we  can  start  with  salad ,  and  then  move  on  to  the"
shabbat,6445,"And ,  then  to  sustained  applause  and  r auc ous  who ops ,  Biden  recognised  G abb ard ,  who  stood  up  and  greeted  the  guests  with  a  n am aste . 
 
 B iden  said ,  "" There  is  a  distinction  that  you  come  to  the  Congress  as  the  first  Hindu  to  be  elected  to  the  legislature  and  I  am  looking"
shabbat,6445,"And ,  then  to  sustained  applause  and  r auc ous  who ops ,  Biden  recognised  G abb ard ,  who  stood  up  and  greeted  the  guests  with  a  n am aste . 
 
 B iden  said ,  "" There  is  a  distinction  that  you  come  to  the  Congress  as  the  first  Hindu  to  be  elected  to  the  legislature  and  I  am  looking"
shabbat,6445," at  all . 
 
 Ed ith :  I  think  that 's  very  true . 
 
 Paul :  You  don 't  have  sufficient  volume  to  do  minor  AB  testing  like  to  tell  the  difference  between  two  different  versions  of  blue ,  right ?  That 's  something  you  need  Google  Scale  for .  But  if  you 're  trying  at  a  new  positioning ,"
shabbat,6445,"Ļ ll  turn  a  blind  eye ,  as  long  as  the  police  don âĢ Ļ t  get  involved ,  but  at  my  Sh abb at  table  I  want  Sh abb at  to  be  Sh abb at . âĢ Ŀ 
 
 Another  man  entered  and  said  with  a  pleasant  voice  and  smiling  face ,  âĢ ľ Sh abb at  Shal om ! âĢ"
shabbat,6445,"Ļ ll  turn  a  blind  eye ,  as  long  as  the  police  don âĢ Ļ t  get  involved ,  but  at  my  Sh abb at  table  I  want  Sh abb at  to  be  Sh abb at . âĢ Ŀ 
 
 Another  man  entered  and  said  with  a  pleasant  voice  and  smiling  face ,  âĢ ľ Sh abb at  Shal om ! âĢ"
shabbat,6445," a  while . 
 
 Advertisement 
 
 Why  Does  It  Matter ? 
 
 Everyone  and  his  brother  is  putting  out  a  smart watch ,  trying  to  put  out  the  smart watch ,  but  no  one  has  been  able  to  make  something  you 'd  actually  want  to  own  yet .  Smart w atches  fall  in  a  weird  g utter ;  generally  class"
shabbat,6445,".  However ,  due  to  a  history  of  knee  injuries ,  Sum lin  says  Dun ning  will  evaluate  his  football  future  once  he  recovers  from  the  ACL  tear . 
 
 ( What âĢ Ļ s  happening  with  Texas  A & M  during  fall  camp ?  Make  sure  you âĢ Ļ re  in  the  loop  –  take  five  seconds  to  sign  up  for"
shabbat,6445," Brook line  PAX  are  asking  the  Town  Meeting  this  fall  to  vote  in  favor  of  a  resolution  calling  for  the  town âĢ Ļ s  School  Committee  to  rescind  its  pledge  policy  and  stop  it  from  being  rec ited  in  the  schools . 
 
 Martin  Rosenthal ,  the  co chair man  of  Brook line  PAX ,  said  that  although  the  rec itation  of"
shabbat,6445,"âĢ Ŀ  he  told  C TV  Vancouver . 
 
 Witness es  say  they  saw  the  passengers  tumble  to  the  ground . 
 
 âĢ ľ From  what  I  saw ,  they  fell  pretty  hard , âĢ Ŀ  said  Carson  Moss . 
 
 Tyler  M ow  told  C TV  Vancouver  that  the  ski  lift  did  not  feel  right  when  he  was  on"
shabbat,6445,"Police  ID  Man  Who  Died  After  Falling  Into  Wood  Ch ipper 
 
 A  man  fell  into  a  wood  ch ipper  and  was  killed  Monday  in  Dav ie  in  an  accident  people  at  the  scene  called  "" hor r ifying ."" 
 
 A  worker  landsc aping  all  day  near  Southwest  57 th  Street  and  Pine  Island  Drive  in  Dav ie  fell  into"
shabbat,6445," were  torn  up  by  the  roots ,  and  branches  were  twisted  off  everywhere .""[ 7 ]  The  park  was  devastated  and  thousands  of  dead  birds  fell  to  the  ground  after  being  washed  out  of ,  or  drowned  in ,  their  nests .  Groups  of  children  gathered  the  birds  and  picked  them  up ,  with  the  apparent  intention  of  selling  them  to  restaurants .["
shabbat,6445," wanted  to  be  sure , âĢ Ŀ  Davis  said .  âĢ ľ You  told  me  you  fell  in  love  with  S edge  and  what  it  represented .  That  you  felt  happy .  Our  bosses  provided  that .  That âĢ Ļ s  worth  something .  It âĢ Ļ s  worth  us  not  turning  around  and  immediately  jumping  ship . âĢ Ŀ 
 
 âĢ"
shabbat,6445,"fall  Vari ations 
 
 After  two  separate  releases  of  Merchant  Of  Salt  ,  on  Sand well  District  and  E aux ,  R rose  has  now  chosen  to  expose  the  record 's  B - side ,  "" Water fall ,""  in  its  fo et al  form :  a  newly  issued  "" Birth ""  mix ,  included  here  on ,  was  actually  recorded  before"
shabbat,6445," both  the  Japanese  version  of  Dark fall  and  Arche Age ,  even  though  I  specifically  went  of  out  my  way  to  search  for  them .  Ad mittedly ,  these  are  PvP  games ,  and  foreign  made  ones  at  that .  Often ,  people  do  tend  to  stick  with  people  they âĢ Ļ ve  previously  established  ties  with  when  joining  these  games .  I"
shabbat,6445,"ion  of  stability  in  the  region .  He  is  the  last  chance  they  have  for  a  moderate  non - sect arian  government  and  he  is  the  only  hope  of  anything  even  remotely  resembling  democracy  for  the  foreseeable  future .  If  Assad  falls ,  Islamic  extremist  will  take  the  helm ,  they  will  impose  sh ari âĢ Ļ ah  law ,  and  they  will"
shabbat,6445," bad  watch  watch . 
 
 For  all  that 's  great  about  being  a  stripped  down  product ,  the  less  is  more  mentality  falls  short  when  it  comes  to  fitness  applications .  Yes ,  the  Pebble  can  le ech  off  your  phone  GPS  to  track  runs  or  whatever ,  but  that 's  it .  OK ,  so  maybe  that 's  not  what  the"
shabbat,6445," went  âĢ Ļ We âĢ Ļ ve  gotta  make  some  changes ;  we  have  to  be  a  little  fresh  in  our  approach ,  because  you  can âĢ Ļ t  do  this  for  15  years  without  falling  into  âĢ¦  the  same  patterns  over  and  over . âĢ Ŀ  — Patrick  Wilson ,  to  American  Song writer 
 
 âĢ ľ [ The  bad  vib"
shabbat,6445," which  to  me  means  focusing  on  people âĢ Ļ s  lives .  Getting  to  know  the  places  in  which  those  lives  unfolded  helps  me  in  my  efforts  to  get  into  the  individuals âĢ Ļ  heads  and  hearts . Tw ilight  spark le boy friend  Robert  Patt inson  is  starring  in  a  new  movie ,  premier ing  Friday ,  about  a  young  couple  falling"
shabbat,6445," marquee  signing .  I  knew  a  lot  of  weight  was  going  to  be  on  my  shoulders . 
 
 "" It  was  a  combination  of  the  pressure  and  expectation .  It  then  snowball ed  after  we  missed  out  at  the  2012  Tour ."" 
 
 Ex pect ation  came  with  the  money ,  both  O rica - Green ED GE  insiders  and  G"
shabbat,6445," to  get  the  desired  result . I  especially  like  D itz y  Do o 's  expression  here . --- FIR ST  EDIT ,  Nov .  27 ,  2011 : Changed  the  color  of  the  T ARDIS  light  to  better  match  the  show .  For  some  reason ,  I  thought  it  blue .  I  also  added  a  faint  green  glow  to  the  Doctor  and"
shabbat,6445," is  justified  because  falling  wages  do  a  good  thing ,  produce  a  good  thing ,  namely  more  jobs ,  which  is  not  true . 
 
 Un employment  is  falling  very  slowly ,  but  it 's  falling  quite  steadily ,  but  it  is  not ,  so  to  say ,  the  immediate  result  of  the  reduction  of  the  social  contributions  to  the  poorer  people"
shabbat,6445," that  includes  trying  to  match  the  color  of  the  stones . 
 
 Qu ag l iana  noted  residue  left  by  tape  from  protester  signs  and  oil  damage  from  cardboard  pizza  boxes  hung  as  makeshift  signs .  While  he  recommended  a  full  cleaning  of  surfaces  in  public  areas  to  remove  the  tape  and  residue ,  he  also  noted  they  have  not  had  a"
shabbat,6445," you  can âĢ Ļ t  get  muscular  arms  by  using  only  your  body weight  I  point  to  a  gymn ast .  Simply  look  at  a  gymn ast  and  you  will  quickly  see  that  weights  are  not  the  only  way  to  make  significant  gains  in  muscle . 
 
 You  don âĢ Ļ t  have  to  lift  like  a  body builder . 
 
"
shabbat,6445,".  Someone  out  there  (  maybe  you  )  will  always  have  the  right  answer .  Thank  you ! 
 
 Advertisements ( All H ip Hop  News )  For  many  years ,  the  feminine  voice  in  mainstream  Hip  Hop  was  lacking ,  but  in  2014  more  focus  has  been  placed  on  female  rappers  than  has  been  seen  in  years .  That  highlighting  of"
shabbat,6445," with  aluminum  foil ,  use  food  coloring  to  diagnose  a  leak ,  use  a  st eth oscope  to  locate  a  leak ,  and  how  to  make  your  own  homemade  Dr ano  without  the  harsh  chemicals . 
 
 How  to  Un cl og  a  Drain  There  are  few  more  annoying  home  repairs  that  demand  your  immediate  attention  like  cl ogged  drains . âĢ¦"
shabbat,6445,",  how  the  lines  around  her  eyes  transfer  to  the  particulars  of  her  smile ,  the  angle  of  her  cheek bones ,  the  j ut  of  her  chin .  He  imports  the  images  into  facial  engine  models  of  Lara  Cro ft .  The  mesh  of  her  face  represents  thousand  of  data  points .  Rob ins  manip ulates  blend  shapes  in  order  to  tweak"
shabbat,7018," a  caption  writer  but  ended  up  as  a  photographer ,  one  who  brought  a  distinctive  American  wholes omen ess ,  youth ,  and  even  fresh  air  to  the  pages  of  the  magazine :  Fr is sell  was  one  of  the  few  photographers  at  the  magazine  then  shooting  out  of  doors . 
 
 PA J AMA  G AMES Though  V ogue  first  voiced"
shabbat,7018," related  to  CH D  published  by  the  National  Academy  of  Sciences – National  Research  Council  ( NAS - N RC ),  US  Public  Health  Service ,  the  American  Heart  Association  ( A HA ),  and  American  Medical  Association  ( AMA ).  Find ings  were  assembled  chron ologically  into  a  narrative  case  study . 
 
 Results 
 
 SR F âĢ Ļ s"
shabbat,7018," population  count  of  elephant  seals  is  not  possible  because  all  age  classes  are  not  ashore  at  the  same  time ,  the  most  recent  estimate  of  the  California  breeding  stock  was  approximately  124 , 000  individuals .  In  the  United  States ,  the  elephant  seal ,  like  all  marine  mammals ,  is  protected  under  the  Marine  Mamm al  Protection  Act  ( MM PA ),"
shabbat,7018," 3 . 8  percent  to  keep  up  with  cost - of - living  increases âĢ Ŀ  and  pledged  his  âĢ ľ strong âĢ Ŀ  support  for  the  FA IR  Act ,  pending  legislation  in  both  chambers  that  would  give  feds  a  5 . 3  percent  pay  boost  in  2017 . 
 
 Clinton  and  Sanders  were  responding  to  a  written  questionnaire  submitted  to"
shabbat,7018," M AMA  ( Me asuring  Anti - Muslim  Attacks ),  which  show  attacks  on  Muslim  women  account  for  58  per  cent  of  all  incidents  reported  to  it .  Of  those ,  80  per  cent  were  visually  identifiable  ( w earing  hijab ,  n iq ab ,  or  other  clothing  associated  with  Islam ). 
 
 I  have  witnessed  some  of  it  first  hand"
shabbat,7018," monsters  scheduled  during  the  above  timeline  as  well ,  but  they  are  too  small  to  individually  list  here . 
 
 While  the  Closed  Beta  has  expanded  in  features  and  some  content  in  the  last  year ,  most  of  our  artists  have  been  working  on  Act  Three .  We  expect  that  Path  of  Exile  will  enter  Open  Beta  in  mid - August ."
shabbat,7018,". There  are  hundreds  of  minor  bug  fixes  and  small  features  such  as  additional  skill  gems  and  monsters  scheduled  during  the  above  timeline  as  well ,  but  they  are  too  small  to  individually  list  here . While  the  Closed  Beta  has  expanded  in  features  and  some  content  in  the  last  year ,  most  of  our  artists  have  been  working  on  Act  Three ."
shabbat,7018,"board  pay  raises  of  1 . 3  percent  in  2016 ,  and  1  percent  each  in  2015  and  2014 .  All  those  boosts  were  below  the  percentage  mandated  by  the  formula  in  the  1990  Federal  Employees  Pay  Compar ability  Act .  President  Obama  has  proposed  a  1 . 6  percent  pay  bump  for  2017 . 
 
 Clinton  noted  that  her  experience  as"
shabbat,7018,"
 
 The  US  embassy  called  the  det ent ions  âĢ ľ highly  irregular âĢ Ŀ .  The  Myanmar  military  has  filed  charges  against  the  journalists  under  the  Official  Secrets  Act ,  which  carries  a  maximum  prison  term  of  14  years . Earlier  this  week  I  sc ot ch - t aped  an  iPhone  6  Plus  to  a  Galaxy  Note  5  and  headed"
shabbat,7018,"
 
 The  US  embassy  called  the  det ent ions  âĢ ľ highly  irregular âĢ Ŀ .  The  Myanmar  military  has  filed  charges  against  the  journalists  under  the  Official  Secrets  Act ,  which  carries  a  maximum  prison  term  of  14  years . Earlier  this  week  I  sc ot ch - t aped  an  iPhone  6  Plus  to  a  Galaxy  Note  5  and  headed"
shabbat,7018,"ar  fields . 
 
 The  site  has  now  been  declared  to  be  of  national  importance  under  the  Ancient  Mon uments  and  Archae ological  Sites  and  Rem ains  Act  1958  and  is  under  the  jurisdiction  of  the  Archae ological  Survey  of  India  ( AS I ).  But  official  acceptance  of  responsibility  for  its  upkeep  is  not  too  evident .  The  tomb stones  are"
shabbat,7018,"ar  fields . 
 
 The  site  has  now  been  declared  to  be  of  national  importance  under  the  Ancient  Mon uments  and  Archae ological  Sites  and  Rem ains  Act  1958  and  is  under  the  jurisdiction  of  the  Archae ological  Survey  of  India  ( AS I ).  But  official  acceptance  of  responsibility  for  its  upkeep  is  not  too  evident .  The  tomb stones  are"
shabbat,7018," few  of  these  date  back  to  the  1980 s  or  1990 s .  Most  of  them  are  from  the  Gun  Control  Act  of  1968 .  The  tax  and  registration  laws  on  autom atics  are  from  the  National  Firearms  Act  of  1934 . 
 
 For  decades  researchers  have  found  that  many  Americans  do  not  understand  how  strict  gun  control  laws  already  are ."
shabbat,7018," wrist  with  a  blunt  pr uning  knife  and  overd osing  on  pain killers . 
 
 But  Mr  G rieve  has  been  told  by  the  doctors  that  they  have  established  a  range  of  fresh  evidence  questioning  the  official  finding  and  highlighting  several  irregularities . 
 
 They  state  that  it  has  been  established ,  using  the  Freedom  of  Information  Act ,  that  there"
shabbat,7018," grassroots  and  community  groups ,  or  meet  with  individuals  in  coffee  shops  and  cafes  to  learn  about  local  issues ,""  says  Sch len ker - Good rich .  He  says  they  also  maintain  requisite  ties  in  Washington ,  and  use  things  like  Freedom  of  Information  Act  requests  to  keep  up  on  the  latest  mach inations  within  the  federal  agencies . 
 
 The"
shabbat,7018," working  toward  meeting  the  requirements .  âĢ ľ Space X  takes  planetary  protection  seriously ,  and  we  are  working  with  relevant  NASA  officials  to  ensure  proper  procedures  are  followed , âĢ Ŀ  he  told  Ars . 
 
 Is  SpaceX  working  with  NASA ,  then ? 
 
 NASA  is  providing  advice  and  guidance  to  SpaceX  through  a  Space  Act  Agreement .  The"
shabbat,7018," anti - discrimination  laws .  Here âĢ Ļ s  what  the  Washington  attorney  general  recently  wrote  to  a  fl or ist  that  refused  service  to  a  gay  couple :  âĢ ľ It  is  my  job  to  enforce  the  laws  of  the  state  of  Washington .  Under  the  Consumer  Protection  Act ,  it  is  unlawful  to  discriminate  against  customers  based  on  sexual  orientation ."
shabbat,7018,". 
 
 If  either  or  both  F ords  are  found  to  have  violated  the  Act ,  the  judge  must  declare  their  seat ( s )  vacant  and  may  disqual ify  them  from  holding  office  for  up  to  seven  years .  ( It 's  not  immediately  clear  how  the  first ,  mandatory  penalty  might  apply  to  a  Council  member  who 's  switched  offices"
shabbat,7018," this  year ,  Senator  Cob urn  introduced  his  newest  initiative  to  end  the  tax - exempt  status  for  professional  sports  called  the  Proper ly  Red ucing  Over  Ex empt ions  for  Sports ,  or  PRO  Sports ,  Act .  The  goal  is  to  amend  the  Internal  Revenue  Code  of  1986  to  exclude  major  professional  sports  leagues  from  qualifying  as  tax - exempt  organizations"
shabbat,7018," it  was  transparent  in  its  dealings  and  that  âĢ ľ all  necessary  disclosures  were  made  to  the  public ,  under writers ,  rating  agencies ,  and  investors . âĢ Ŀ S .  3 100 :  Stop  Dangerous  Sanctuary  Cities  Act  passes  committee  ( and  what  you  can  do ) 
 
 Gov Track . us  Bl ocked  Un block  Follow  Following  Jul  5"
shabbat,7018," age  have  special  needs  and  should  not  be  exposed  to  public  feeding  and  handling .  Viol ating  this  will  put  a  zoo  or  animal  exhib itor  out  of  compliance  with  the  Animal  Welfare  Act . 
 
 Then  on  June  24 ,  the  department  demonstrated  it  is  not  yet  done .  It  reopened  the  public  comment  period  on  the  Humane  Society 's  petition"
shabbat,7018," of  entertainment  industry  groups  has  told  the  government . 
 
 In  a  confidential  document  obtained  under  the  Freedom  of  Information  Act ,  lobbying  groups  for  the  major  rights  holders  claimed  Google  and  Microsoft 's  Bing  are  making  it  "" much  more  difficult ""  for  people  to  find  legal  music  and  films  online . 
 
 The  private  document ,  obtained  by  the"
shabbat,7018," thanks  to  a  bipartisan  duo  calling  for  an  end  to  âĢ ľ dr ag net  surveillance âĢ Ŀ  in  the  United  States . 
 
 Introduced  Tuesday  by  Reps .  Mark  Poc an  ( D - W isc .)  and  Thomas  Mass ie  ( R - Ky .),  the  Surveillance  State  Repe al  Act  would ,  as  its  name  suggests ,  repeal  the"
shabbat,7018," kicking  off  with  the  U . K .  and  Germany  today . 39 33 52  06 :  ( L  to  R )  Act ors  Sarah  Chal ke ,  Zach  Bra ff ,  and  Donald  Fa ison  poses  for  a  publicity  photo  for  the  television  show  ' Sc r ubs .'  ( Photo  Courtesy  of  NBC / Getty  Images ) 
 
 Donald  Fa"
shabbat,7018," did ,  and  this  set  off  a  wave  of  anger  that  fueled  the  17 76  Revolution . âĢ Ŀ  So  a  wave  of  anger  over  something  40  years  in  the  future  ( Britain  would  not  pass  its  Sl avery  Ab olition  Act  until  18 33 )  sent  the  colonists  to  the  barric ades ? 
 
 And  this  breathtaking  idi ocy : 
"
shabbat,7018," politicians  have  dig ressed  to  fifth -  and  sixth - grad ers .  I âĢ Ļ m  disgusted  with  the  attitude  ( in  politics )  and  the  way  it âĢ Ļ s  being  handled  —  on  all  sides . âĢ Ŀ 
 
 Robin  De F abb io ,  the  Trump  voter  from  Rich land  Center ,  doesn 't  like  Trump 's  style"
shabbat,7018," one  slice  remains  from  last  week ,  and  I  didn âĢ Ļ t  manage  to  do  any  baking  for  this  Sh abb at .  But  if  you  wait  until  my  husband  arrives ,  perhaps  he  found  some  at  the  baker âĢ Ļ s .  In  the  meantime ,  if  you âĢ Ļ re  hungry ,  I  can  give  you  s ard ines  and"
shabbat,7018, family  who  organized  the  fundraiser  for  his  medical  expenses .  K X AN  Photo /  A lyss a  Go ard . Sen .  John  McCain  John  Sidney  McCain GOP  lobbyists  worry  Trump  l ags  in  K  Street  fundraising  Mark  Kelly  kicks  off  Senate  bid :  âĢ ĺ A  mission  to  lift  up  hard working  Ari zon ans âĢ Ļ  G abb ard  hits
shabbat,7018," inn  who  really  knows  how  to  sing .  If  he  would  eat  with  us  he âĢ Ļ d  enhance  our  meal  with  delightful  Sabbath  hy m ns  and  melodies .  However  sitting  with  a  man  who  lights  up  a  cigarette  between  courses  on  Sh abb at — well ,  even  an  inn keeper  dependent  on  paying  guests  can âĢ Ļ t  tolerate  that"
shabbat,7018," to  use  a  debit  or  credit  card . 
 
 "" The  practice  of  excessive  payment  sur charges  has  been  ripping  off  consumers  for  far  too  long ,""  said  Jo  Sw inson ,  the  consumer  affairs  minister . 
 
 "" They  are  fed  up  of  thinking  they  will  be  paying  a  certain  price  for  goods ,  only  to  find  out  towards  the"
shabbat,7018,",  she  would  well  do  to  consider  where  the  real  threats  to  such  speech  lie . Pol and  will  sign  ACT A  despite  massive  protests ,  Global  Voices  Online  reports ,  citing  Polish  Minister  of  Administration  and  Dig it isation  Mich al  Bon i . 
 
 Unfortunately ,  it  appears  that  the  Polish  minister  does  not  shy  away  from  telling  his  citizens"
shabbat,7018," to  2 . 4  [ per  working  person ].  We  can 't  pretend  this  isn 't  happening ."" 
 
 But  Commerce  Minister  Paul  Gold smith  disagrees ,  saying  economic  growth  will  cover  the  cost  of  keeping  super  eligibility  at  65 . 
 
 Mr  Gold smith  says  the  government  currently  spends  around  5 %  of  GDP  on  super . 
 
 """
shabbat,7018," its  representative  and  in  this  instance  the  Conservative  Party  has  nominated  Darren  Mill ar  AM ."" 
 
 First  Minister  Car wyn  Jones  said  the  decision  showed  "" inc redible  disrespect  to  the  people  of  Wales  that  the  Secretary  of  State ,  the  leader  of  the  Welsh  Conservatives ,  can 't  be  bothered  to  turn  up  at  a  leaders '  debate "". 
"
shabbat,7018,"
 
 The  defence  minister  joined  Prime  Minister  Justin  Trudeau  at  Pearson  airport  on  Thursday  night  to  greet  the  incoming  Syrian  refugees ,  but  S aj jan  says  the  government  is  trying  to  avoid  using  military  bases  to  house  more  refugees . 
 
 âĢ ľ We  are  trying  to ,  hopefully ,  not  even  be  able  to  use  military  bases ,  but"
shabbat,7018,".  So  does  this  mean  tax  cuts  will  be  off  to  afford  super ann uation ? 
 
 No .  I  just  think  you  need  to  continue  on  in  a  stable ,  sort  of  sensible ,  pragmatic  government  like  we 've  had .  And  if  you  keep  good  sound  control  of  the  finances ,  then  there 's  no  reason  to  think  that  New"
shabbat,7018," begun  to  take  place  primarily  in  refugee  camps ,  the  same  voices  could  be  heard  from  the  benches  of  the  government .  But  there  is  no  real  need  to  give  a  stage  to  the  extreme  remarks  by  government  ministers  about  what  is  happening  in  the  West  Bank .  We  must  give  the  right  to  respond  to  the  representatives  of  the  âĢ ľ opp"
shabbat,7018," twitter  @ a and not a Dutch  prime  minister  Mark  Rut te  has  described  as  âĢ ĺ dis g usting âĢ Ļ  pictures  of  Ukraine  rebels  digging  through  the  possessions  of  people  killed  in  the  Malaysia  plane  crash  disaster . 
 
 In  a  short  news  conference ,  Rut te  said  he  had  just  had  a  âĢ ĺ very  intense âĢ Ļ  phone"
shabbat,7018," accused  two  other  Palestinians  of  infiltr ating  international  aid  organizations  on  behalf  of  Hamas . 
 
 In  August ,  an  Israeli  court  charged  Muhammad  Hal abi  with  channel ing  millions  of  dollars  in  foreign  aid  to  Hamas  and  its  armed  wing ,  the  I zz  ad - D in  al - Q ass am  Brig ades .  Hal abi ,  who  worked"
shabbat,7018," for  nurses  at  the  moment ,  there  are  something  like  8 , 000  more  nurses  in  the  NHS  today  than  when  I  became  Prime  Minister .  The  training  programme  will  continue ,""  he  said . 
 
 "" But ,  cru cially ,  we  have  an  organisation  called  the  Migration  Advisory  Committee  and  they  advise  us  about  which  occupations  to  put  on  the"
shabbat,7018," according  to  Sym ant ec .  After  the  U . S .,  the  largest  numbers  of  victims  are  in  China  and  Taiwan ;  recently  the  group  has  focused  on  targets  in  South  Korea . 
 
 Att acks  against  government  contractors  and ,  more  specifically ,  the  defense  industry  suggest  the  group  is  working  for  agencies  of  a  nation - state  or  states"
shabbat,7018,"][ ][ ][ ][ ][ ][ ][ ][ ][ ][ ][ ][ ][ ][ ][ ][ ][ ][ ][ ][ ][ ][ ][ ][ ][ ][ ][ ][ ][ ][ ] What  is  Cu us oo ? LE GO  Cu us oo  is  a  site  where  fans  can  submit  their  ideas  for  LEGO  products ,  once  a  project  reaches  10 , 000  supports"
shabbat,7018,"E lev ated  B . M . I .  and  numerous  blood  indications  of  metabolic  risk  closely  matched  higher  gene  scores ,  strongly  suggesting  that  higher  B . M . I .  alone  causes  the  increase  in  cardiovascular  risk  factors  independent  of  fatty  food  consumption ,  exercise ,  smoking  and  other  variables . 
 
 The  study ,  online  in  PL OS  Medicine"
shabbat,7018," during  NPR 's  Fresh  Air  interview .  It  wasn 't  until  about  midway  through  the  second  season  that  the  actor  who  played  Jan itor ,  Neil  Flynn ,  was  able  to  interact  with  another  actor  aside  from  Bra ff . 
 
 There  was  also  a  couple  competing  reasons  for  why  the  Jan itor  was  always  picking  on  Bra ff .  Lawrence  felt"
shabbat,7018," believer  except  by  mistake .  And  whoever  kills  a  believer  by  mistake  -  then  the  freeing  of  a  believing  slave  and  a  compensation  payment  presented  to  the  deceased 's  family  [ is  required ]  unless  they  give  [ up  their  right  as ]  charity ... 
 
 So  Allah  speaks  about  believing  slaves  while  they  are  enslaved .  There 's  nothing  wrong  with"
shabbat,7018," ask  his  belief .  Does  he  believe  in  a  God .  He  had  sk ated  on  saying  he  has  a  Jewish  heritage .  I  think  I  read  he  is  an  atheist .  This  could  make  several  points  difference  with  my  pe eps .  My  Southern  Baptist  pe eps  would  draw  a  big  difference  between  a  Jew  and  an  atheist . 
 
 As"
shabbat,8056," politicians  have  dig ressed  to  fifth -  and  sixth - grad ers .  I âĢ Ļ m  disgusted  with  the  attitude  ( in  politics )  and  the  way  it âĢ Ļ s  being  handled  —  on  all  sides . âĢ Ŀ 
 
 Robin  De F abb io ,  the  Trump  voter  from  Rich land  Center ,  doesn 't  like  Trump 's  style"
shabbat,8056,"The  U - 24  player  who  has  the  most  points ?  Rob by  F abb ri ,  another  player  who  was  barely  on  Chi are lli  and  Bowman âĢ Ļ s  radar  three  months  ago . 
 
 General  managers  will  flesh  out  their  World  Cup  rosters  on  Friday ,  May  27  adding  seven  players  apiece . 
 
 Watch  it  live  on"
shabbat,8056,"The  U - 24  player  who  has  the  most  points ?  Rob by  F abb ri ,  another  player  who  was  barely  on  Chi are lli  and  Bowman âĢ Ļ s  radar  three  months  ago . 
 
 General  managers  will  flesh  out  their  World  Cup  rosters  on  Friday ,  May  27  adding  seven  players  apiece . 
 
 Watch  it  live  on"
shabbat,8056," his  faithful  Vice  President  Joseph  Biden  led  the  White  House  celebration  of  Di w ali ,  reflecting  on  the  significance  of  festival  of  lights ,  and  also  acknowledging  the  presence  of  Tuls i  G abb ard ,  the  first  Hindu  American  elected  to  the  US  Congress ,  and  also  Ambassador  Nir up ama  Rao ,  who  like  G abb ard ,  seemed  to"
shabbat,8056," his  faithful  Vice  President  Joseph  Biden  led  the  White  House  celebration  of  Di w ali ,  reflecting  on  the  significance  of  festival  of  lights ,  and  also  acknowledging  the  presence  of  Tuls i  G abb ard ,  the  first  Hindu  American  elected  to  the  US  Congress ,  and  also  Ambassador  Nir up ama  Rao ,  who  like  G abb ard ,  seemed  to"
shabbat,8056," swamp  that  hasn 't  been  drained . 
 
 âĢ ľ You  just  get  disappointed  on  a  bunch  of  levels ,  not  just  ( with  President  Trump ).  Everything 's  in  grid lock ,  nothing 's  moving . âĢ Ŀ  Robin  De F abb io ,  Rich land  Center ,  Wis . 
 
 âĢ ľ You  just  get  disappointed  on  a  bunch"
shabbat,8056," the  Sea ,  which  certainly  contains  fish ,  yet  fish  for  Sh abb at — we  have  none .  What  did  I  make ?  A  certain  dish  that ,  if  you  wish ,  tastes  like  fish — even  though  there  are  none . âĢ Ŀ 
 
 The  inn keeper  added ,  âĢ ľ There âĢ Ļ s  a  certain  guest  here  at"
shabbat,8056,"ey a  and  Em  Ha Gam al  ( that  is ,  U mm  el - J imal ,  which  is  Bat  Sh l omo ). 
 
 Yet  Sh abb at  reached  me  as  I  reached  Ha ifa .  I  was  told  of  an  appropriate  inn ,  went  there ,  and  asked  if  there  was  room  for  me .  âĢ ľ For  you"
shabbat,8056,"ey a  and  Em  Ha Gam al  ( that  is ,  U mm  el - J imal ,  which  is  Bat  Sh l omo ). 
 
 Yet  Sh abb at  reached  me  as  I  reached  Ha ifa .  I  was  told  of  an  appropriate  inn ,  went  there ,  and  asked  if  there  was  room  for  me .  âĢ ľ For  you"
shabbat,8056," for  political  change . 
 
 But  today  that  frustration  with  politics  appears  und im inished  and  is  aimed  in  all  directions  —  including  Trump âĢ Ļ s . 
 
 âĢ ľ We âĢ Ļ re  wasting  so  much  time , âĢ Ŀ  said  Trump  voter  Robin  De F abb io ,  interviewed  at  Kelly âĢ Ļ s  Coffee  House  here ."
shabbat,8056," one  slice  remains  from  last  week ,  and  I  didn âĢ Ļ t  manage  to  do  any  baking  for  this  Sh abb at .  But  if  you  wait  until  my  husband  arrives ,  perhaps  he  found  some  at  the  baker âĢ Ļ s .  In  the  meantime ,  if  you âĢ Ļ re  hungry ,  I  can  give  you  s ard ines  and"
shabbat,8056," Wood side ,  a  few  blocks  from  Fre id man 's  station ,  where  c abb ies  can  also  fuel  up  for  free ,  officials  said . 
 
 From berg  noted  that  a  single  cab  can  transport  as  many  as  70  passengers  in  a  given  day . 
 
 The  spokesman  said  that  he  was  unaware  of  any  other  station  refusing  service"
shabbat,8056," Ju arez  cab  driver  actually  found  the  boy  who  was  alone ,  scared ,  and  hungry .  The  c abb ie  contacted  local  police  who  then  took  the  child  into  custody .  When  investigators  examined  âĢ ľ Lu is , âĢ Ŀ  they  noticed  bruises  on  his  head ,  legs ,  and  buttocks . 
 
 Current  El  Paso  jail  records  show  that"
shabbat,8056," course ,  rice  with  sugar ,  ra is ins ,  and  cinnamon ,  which  I  made  before  Sh abb at .  Don âĢ Ļ t  worry  that  there  won âĢ Ļ t  be  enough  for  both  of  us ,  since  I  made  enough  to  last  me  a  few  days . âĢ Ŀ 
 
 He  went  out  to  the  next  room  and  returned"
shabbat,8056," flies  don âĢ Ļ t  know  the  importance  of  Sh abb at  rest ,  for  they  act  on  the  holy  day  as  if  it  were  no  different  from  the  six  work days .  By  the  way ,  my  dear  guest ,  have  others  arrived  with  you  on  the  boat ? âĢ Ŀ  The  inn keeper  answered ,  âĢ ľ The  ship  from  J"
shabbat,8056,"s  amazing  that  the  em iss aries  of  the  Land  don âĢ Ļ t  mention  among  the  praises  of  our  country  that  the  wind  never  once  extinguished  the  Sh abb at  candles !  Now ,  my  friends ,  I âĢ Ļ ll  go  up  to  my  room  and  get  into  bed  to  enjoy  a  good  Sabbath  sleep .  Too  bad  that  the  mosquitoes"
shabbat,8056,"And ,  then  to  sustained  applause  and  r auc ous  who ops ,  Biden  recognised  G abb ard ,  who  stood  up  and  greeted  the  guests  with  a  n am aste . 
 
 B iden  said ,  "" There  is  a  distinction  that  you  come  to  the  Congress  as  the  first  Hindu  to  be  elected  to  the  legislature  and  I  am  looking"
shabbat,8056," Back  in  the  old  country ,  where  he  was  a  cant or ,  he  would  never  have  dared  to  smoke  in  public  on  Sh abb at ,  but  here  he  acts  want only  since  he  isn âĢ Ļ t  under  the  watch ful  eye  of  his  towns folk .  A  person  can  do  whatever  he  wants  in  his  own  room ,  and  I"
shabbat,8056," In  fact  you  won âĢ Ļ t  find  any  hot  food  here  because  of  my  promise  to  my  mother  not  to  light  fire  on  Sh abb at .  If  you  want  to  know  what  we  do  have  to  eat ,  I  can  open  a  can  of  s ard ines ,  or  we  can  start  with  salad ,  and  then  move  on  to  the"
shabbat,8056," coaching  staff  feels  he  can  handle  playing  on  his  wrong  wing ),  and  Sche ife le âĢ Ļ s  strong  world  championships  puts  him  on  this  roster  as  well .  That  leaves  one  final  spot  for  a  utility  forward ,  and  although  F abb ri  has  likely  earned  it ,  we âĢ Ļ ll  give  it  to  Aust on  Matthews . 
 
"
shabbat,8056," vote  by  13  percentage  points  ( 56 - 43 )  over  his  Republican  opponent ,  Sen .  John  McCain  John  Sidney  McCain GOP  lobbyists  worry  Trump  l ags  in  K  Street  fundraising  Mark  Kelly  kicks  off  Senate  bid :  âĢ ĺ A  mission  to  lift  up  hard working  Ari zon ans âĢ Ļ  G abb ard  hits  back  at  Me ghan  McCain  after"
shabbat,8056," keep  your  door  locked  against  thieves .  Unfortunately  the  key  is  iron  and  it  rust s .  I âĢ Ļ ve  thought  of  having  a  brass  key  made ,  but  all  week  long  I âĢ Ļ m  busy  earning  a  living ,  and  on  Sh abb at  when  I âĢ Ļ m  free  from  work  I  cannot  work  because  I  swore  to  my"
shabbat,8056,"Ļ ll  turn  a  blind  eye ,  as  long  as  the  police  don âĢ Ļ t  get  involved ,  but  at  my  Sh abb at  table  I  want  Sh abb at  to  be  Sh abb at . âĢ Ŀ 
 
 Another  man  entered  and  said  with  a  pleasant  voice  and  smiling  face ,  âĢ ľ Sh abb at  Shal om ! âĢ"
shabbat,8056,"Ļ ll  turn  a  blind  eye ,  as  long  as  the  police  don âĢ Ļ t  get  involved ,  but  at  my  Sh abb at  table  I  want  Sh abb at  to  be  Sh abb at . âĢ Ŀ 
 
 Another  man  entered  and  said  with  a  pleasant  voice  and  smiling  face ,  âĢ ľ Sh abb at  Shal om ! âĢ"
shabbat,8056," I  saw  her  face  shine  when  I  promised  her  I âĢ Ļ d  keep  Sh abb at ,  it  seemed  to  me  that  I  saw  a  reflection  of  that  World  to  Come . âĢ Ŀ 
 
 We  entered  a  room  with  a  table ,  chair ,  stool ,  and  upt urned  crate  covered  with  a  colorful  oil cloth ,  on  which  were"
shabbat,8056," Sabbath  eve . 
 
 2 . 
 
 I  left  Reb  Ch aim  D ov  and  Z ich ron  Ya akov  and  set  out  on  my  way .  Because  it  was  e rev  Sh abb at ,  and  I  was  hur rying  to  reach  Ha ifa  before  sunset ,  I  lacked  the  time  to  visit  those  surrounding ,  modest  villages  of  Sh"
shabbat,8056," Sh abb at  Shal om ,  she  wiped  her  eyes ,  blessed  me  in  return ,  and  left . 
 
 I  was  left  alone  in  the  room .  The  Sabbath  candles  barely  lit  the  large  room .  I  took  out  my  small  s idd ur  and  welcomed  the  Sabbath  in  prayer . 
 
 Hun ger  began  to  press  at  me ."
shabbat,8056," for  Strawberry  Rh ub arb  Cr umble  in  The  Be ek man  18 02  He irl oom  Cook book ,  I  knew  I  wanted  to  try  it .  My  only  problem  was  that  our  rh ub arb  plant  hadn âĢ Ļ t  come  up  yet !  I  really  wanted  to  try  this  crumble  recipe  so  I  decided  to  substitute  some  blue berries  I"
shabbat,8056,". com  www . sv roll erg irl s . com 
 
 Ask  a  question ...  Ask ! The  proposal :  Brown  has  proposed  generating  $ 12  billion  in  new  revenue  by  extending  higher  income  and  sales  taxes  and  vehicle  license  fees .  He âĢ Ļ ll  have  to  get  it  on  the  ballot  over  Republican  opposition  and  then  win  voter  approval"
shabbat,8056,"
 United  States 
 
 C ategories  Sports  >  Roller  Derby 
 
 Kid  Friendly :  Yes !  Dog  Friendly :  No  Non - Sm oking :  Yes !  Wheel chair  Access ible :  Yes !  Contact  Owner :  Silicon  Valley  Roller  Girls  On  B PT  Since :  Jun  19 ,  2008  S VR G  Bout  Production  Production @ sv roll erg irl"
shabbat,8056," persuade  S IA  to  pay  up ,  but  it  was  disappointing  that  the  airline  continued  to  argue  this  issue  even  after  the  European  Court  decision . 
 
 A irl ines  have  no  excuse  now  for  not  paying  up ;  some  will  doubtless  continue  to  try  it  on .  Anyone  encountering  this  who  refers  specifically  to  the  "" European  Court  case  of  Wall"
shabbat,8056,"? âĢ Ŀ  ( Name  changed  to  protect  the  embarrassed .) 
 
 Obama  was  referred  to  in  terms  so  glowing ,  so  f uls ome ,  so  to ad ying  that  it  was  easy  to  pin  down  the  journalist  class  of  2008  as  a  group  of  f ang irl s  squee ing  and  f ain ting  at  his  every  utter ance ."
shabbat,8056," the  server  ( in  the  Client Hello  message  of  the  TLS  handshake )  that  it  wants  the  virtual  host  of  the  GM ail  service : 
 
 In  fact ,  in  the  case  of  Google  ( and  this  also  happens  with  many  other  CD N  networks  and  frontal  servers ,  hence  the  name  of  the  technique :  domain  front ing ),  it âĢ"
shabbat,8056,"- 20  years  70 %  of  the  planet âĢ Ļ s  population  will  live  in  cities , âĢ Ŀ  she  said .  K atic  is  trying  to  set  an  example  —  making  the  commitment  to  travel  by  public  transport  or  bike  at  least  once  a  week . T as mania 's  Opposition  casts  doubt  over  $ 16 m  Cad bury  grant 
 
"
shabbat,8056,"VM )  support ,  the  solution  is  simply  to  run  multiple  reactors  ( one  or  more  for  each  core ). O AK LAND ,  Calif .  —  One  message  on  the  web  forum  asked  neighbors  to  be  on  the  lookout  for  âĢ ľ two  young  African - Americans ,  slim ,  bag gy  pants ,  early  20 s . âĢ Ŀ  Another  warned"
shabbat,8056,"
 
 I âĢ Ļ ll  categor ize  my  runs  in  four  ways .  First  is  the  expl orative ,  like  when  I âĢ Ļ m  doing  a  route  as  part  of  the  Bay  Area  Trail  Running  series .  This  involves  chart ing  a  route ,  using  St rav a  to  map  it  out ,  taking  pictures  along  the  way ,  etc ."
shabbat,8056,"âĢ ľ There  was  this  gray  cloud  .  .  .  and  then  I  saw  it  taking  out  trees  100  at  a  time , âĢ Ŀ  she  said .  âĢ ľ I  started  screaming  for  my  kids  to  get  out  of  there .  I âĢ Ļ m  screaming ,  âĢ ĺ It âĢ Ļ s  a  mud sl ide ! âĢ Ļ  âĢ Ŀ"
