query_term,latent_feature_number,activation_tokens
burka,1098,". âĢ Ŀ 
 
 BC R  arranged  candles  to  spell  out  Stein le âĢ Ļ s  name  and ,  according  to  Tah mas ,  organized  a  signed  poster  to  send  to  the  district  attorney  in  the  hopes  that  their  condolences  would  reach  the  Stein le  family .  B CR  organized  the  event  without  the  family âĢ Ļ s  coordination ,  although  Tah"
burka,1098," hide  out  until  civilization  cr umbles ,  then  starve  to  death  or  be  reduced  to  hunter - gat here rs ?  That âĢ Ļ s  crap . âĢ Ŀ 
 
 Thomas  wave red .  âĢ ľ I  don âĢ Ļ t  think  two  people  can  keep  civilization  together . âĢ Ŀ 
 
 âĢ ľ Of  course  not , âĢ Ŀ  said"
burka,1098," these  little  organs ,  while  also  describing  the  human  drama  of  how  these  patients  were  affected  by  their  malf unctions  and  mis f ortun es .  These  were  stories ,  as  Dr .  S acks  saw  it ,  of  patients  who  either  lost  their  identity  because  of  a  brain  les ion ,  or  who  tri ump hed  and  found  a  way  to  preserve"
burka,1098," little  knots .  Clean  fur  is  crucial ,  Lah ner  says ,  because  if  her  coat  is  compromised ,  she  can âĢ Ļ t  ther mo - reg ulate . 
 
 Spons or 
 
 âĢ ľ She âĢ Ļ s  in  there  all  fluffy  and  happy  and  eating .  That  makes  me  happy , âĢ Ŀ  she  says .  The  signs"
burka,1098," increasingly  just  doesn âĢ Ļ t  make  sense .  And  no  amount  of  lobbying  Congress  or  arguing  in  court  will  slow  that  trend . Here  are  some  Larry  King  statistics : 
 
 âĢ¢  Larry  King  has  had  a  talk  show  on  CNN  for  73  years  now . 
 
 âĢ¢  Larry  King  owns  47 00  pairs  of  susp enders . 
 
"
burka,1098," Amazon  and  NBC  Universal ,  and  lesser - known  employers  including  artisan al  bakery  Amy âĢ Ļ s  Bread ,  pharmaceutical  distributor  McK esson  and  document  storage  company  Iron  Mountain .)  2009  research  by  Cornell âĢ Ļ s  Kate  Bron fen b ren ner  suggests  that  employers  hold  mandatory  anti - union  meetings  ( like  the  ones  in  which  UFC W  says  Target"
burka,1098," liber atory  technologies  as  the  basis  of  an  economic  vision  of  peer - production  as  a  modern ,  high - tech  version  of  the  prec ap ital ist  model  of  production  on  the  commons . 
 
 M odes  of  production  employing  structures  similar  to  peer - to - peer  networks  have  relations  reminiscent  of  the  historic  pastoral  commons ,  long  gone  commonly"
burka,1098," sound  out  the  syll ables ,  if  only  in  a  muff led  voice .""  Sa enger 's  book  asserts  that  only  at  the  end  of  the  seventh  century ,  when  Irish  monks  introduced  regular  word  separation  into  medieval  manuscripts ,  did  swift ,  silent  reading  become  feasible .  Why  is  it  so  hard  to  read  text  without  spacing ?  Just  imagine  how  difficult"
burka,1098," the  longtime  president  of  the  Friends  of  the  Oak  Brook  Public  Library ,  who  considers  the  library  "" my  third  child ."" 
 
 "" This  is  the  heart  of  the  village ,""  B enez ra  says  as  she  tours  the  library  and  surrounding  gardens  under  a  sign  sporting  a  Cic ero  quotation  reading ,  "" If  you  have  a  garden  and  a"
burka,1098," emotional  state  and  his  decision - making  process .  Turning  a  blind  eye  to  his  unf il tered  out bur sts  would  be  journalistic  mal practice .  Worse ,  it  would  shield  the  public  from  the  unpleasant  reality ,  the  consequences  of  their  electoral  decision ,  which  they  must  now  endure  for  four  ( if  not  eight )  years . "" I  love"
burka,1098," liquid  one .  ( But  Sony  apparently  could  use  lessons  in  central  banking :  As  in  real - world  Japan ,  price  deflation  has  hit  the  market  for  Nor r ath ian  goods .) 
 
 The  economic  dynamics  of  Ever Quest  also  allow  Cast ran ova  to  calculate  wage  levels  in  Nor r ath .  Take  the  PP  value  of  an  average"
burka,1098,"- five  years  humanity  has  been  fighting  for  survival ,  carving  out  a  new  place  in  the  hierarchy  of  the  world .  Weapons ,  armor ,  and  a  variety  of  equipment  comes  with  modification  options . 
 
 Special  Materials  –  Influ enced  by  Super natural  energy ,  ancient  met all urgy ,  post - R ise  ingenuity ,  or  other worldly  sources"
burka,1098," less  than  a  year  in  the  job . 
 
 Last  week ,  the  interim  principal  told  the  BBC  that  he  had  not  received  any  complaints  from  colleagues  regarding  the  dress  code  and  that  pupils  were  not  being  segregated ,  with  girls  and  boys  being  treated  equally . 
 
 Of sted  is  not  the  only  organisation  with  concerns  about  Al - M"
burka,1098," his  little  red  and  blue  heart  out  so  other  players  a  fresh  when  the  game  is  on  a  knife  edge . 
 
 Think  back  to  Game  3  of  the  2010  State  of  Origin  series . 
 
 Advertisement 
 
 Advertisement 
 
 G id ley  started  from  the  bench  and  came  on  to  replace  Michael  En nis  after  30  minutes  –"
burka,1098,"one  Arena  for  Game  Five  tomorrow  night  ( 8 : 30  p . m .  CT ,  FOX  Sports  Tennessee ,  102 . 5  The  Game ).  Doors  for  will  open  at  6 : 30  p . m .  and  the  Pred s  Plaza  Party  presented  by  Lee  Company  will  begin  at  5 : 30  p . m .  The  Pred s  Plaza"
burka,1098," donating  his  time  and  holiday  gifts  for  youth  in  need .  For  more  information  on  the  LA  Galaxy  Toy  Drive ,  please  visit  www . lag al axy . com / community . Press  Release 
 
 Blue  Light  Observ ations  Ind icate  Water - Rich  Atmosp here  of  a  Super - Earth 
 
 September  3 ,  2013 
 
 A  Japanese"
burka,1098," so ,  I  was  plagued  with  guilt .  I  would  read  for  five  minutes ,  exit  out  and  delete  my  browser  history .  I  continued  as  if  I  hadn âĢ Ļ t  read  anything  at  all .  I  went  to  sem inary ,  sacrament  meeting ,  mutual ,  etc ..  At  this  time  in  my  life ,  guilt  and  confusion  filled  me ."
burka,1098,",  pier c ings ,  and  tan  lines .  Oh ,  and  elf  ears  and  monster  eyes  are  options  too .  Man ik ins  start  at  $ 5 , 500 ,  but  if  you  want  a  completely  custom  body  or  head ,  expect  to  spend  quite  a  bit  more . 
 
 P le asure  your  partner  ( or  yourself )  with  remote"
burka,1098," a  little  bit .  To  stitch  the  images  ( or  build  a  3 D  model ),  you  find  matching  regions  in  the  image  from  adjacent  cameras .  These  are  called  âĢ ĺ point  correspond ences . âĢ Ļ  So  if  you  start  with  a  few  pixels  from  camera  A ,  and  you âĢ Ļ re  looking  in  camera  B âĢ Ļ s  footage"
burka,1098," little  or  no  dis employment  effects  of  the  minimum  wage  is  not  generated  from  models  related  to  the  matching  studies  described  in  the  previous  section .  Instead ,  the  study  uses  the  methods  that  are  usually  employed  by  Ne um ark  and  Was cher . 
 
 The  method  has  also  been  extended  beyond  standard  employment  outcomes  for  the  United  States .  Couch"
burka,1098," end ,  just  to  get  them  to  sort  back  to  the  top  of  my  list .  Ves per  notes  are  like  cards  in  a  stack — it âĢ Ļ s  easy  to  move  one  to  the  top  of  the  stack . 
 
 The  last ,  feel ,  is  the  most  subjective .  But  I  think  we âĢ Ļ ve  achieved  something  special"
burka,1098," Î± - MS H ,  neuro pe pt ide  Y  ( NP Y ),  oxy toc in  ( OT )  and  vas op ress in  ( VP )  were  measured  by  EL ISA ,  as  described  elsewhere  [ 24 ].  Synt hetic  ACT H ,  CR H ,  Î± - MS H ,  NP Y ,  OT  and  VP  pept ides  ( B"
burka,1098," scene  that  happens  concurrently  with  three  other  key  moments  in  the  DC N u  ( page  12 ,  panel  4 ).  A  few  seconds  and  two  panels  later  Aqu aman  says  "" I  don 't  talk  to  fish ,""  but  she 's  looking  in  completely  the  opposite  direction .  One  of  the  themes  of  the  new  series  is  the  perception  the  general  public"
burka,1098," Shah ,  and  another  about  the  surveillance  of  a  young  woman  by  Shah ,  assumed  to  be  under  Modi âĢ Ļ s  instructions .  Various  st ings  by  anti - B JP  media  outfits  targeted  Gujarat  and  the  BJP . 
 
 This  is  not  an  exhaustive  list  of  all  the  ways  in  which  Modi  was  targeted ,  but  merely  an  indicative  list"
burka,1098," gets  to  the  point . 
 
 And  the  tone  was  unusual .  They  were  both  sto ical  and  poignant .  These  are  two  qualities  that  rarely  go  together ;  we  tend  to  think  of  sto icism  as  a  kind  of  armour  worn  against  our  emotions ,  and  po ign ancy  as  the  breaking  through ,  into  our  stream  of  consciousness ,  of"
burka,1098," offices  in  London ,  Toronto ,  Singapore  and  Sao  Paulo ,  UFC  produces  more  than  40  live  events  annually  that  consistently  sell  out  some  of  the  most  prestigious  arenas  around  the  globe .  UFC  programming  is  broadcast  in  129  countries  and  territories  to  nearly  800  million  TV  households  worldwide  in  28  different  languages .  The  UFC  has  a  multi - year  broadcast  agreement"
burka,1098,"EG UN DO ,  CA  —  At  around  2 : 15  PM  on  the  afternoon  of  September  30 ,  2011 ,  defenseman  Drew  Dough ty  emerged  from  the  dressing  room  for  his  first  training  camp  skate .  That  moment  was  the  first  publicly  visible  sign  that  the  Los  Angeles  Kings  had  become  whole  once  again . 
 
 Late  Thursday  night ,  the"
burka,1098," a  possible  1 , 100  head ;  feed  and  care  at  $ 8  per  head  for  $ 44 , 000 ;  and  transportation  at  $ 4 . 50  per  mile . 
 
 After  the  armed  standoff  ended  April  12 ,  2014 ,  when  BLM  agents  allowed  Bundy âĢ Ļ s  supporters  to  release  all  the  cattle  from  the  cor ral ,  the"
burka,1098," hacked ,  well ,  everything . This  video  has  been  removed .  This  could  be  because  it  launched  early ,  our  rights  have  expired ,  there  was  a  legal  issue ,  or  for  another  reason . 
 
 The  television  presenter  Keith  Che g win ,  who  made  his  name  presenting  the  popular  children âĢ Ļ s  shows  Che gg ers  Plays  Pop"
burka,1098," We  definitely  feel  God  protected  us .  My  neighbor âĢ Ļ s  house  is  gone .  My  husband âĢ Ļ s  out  there  digging  for  bodies . âĢ Ŀ 
 
 Richard  Johnson  in  O so  and  Julie  Tate  and  Alice  Crit es  in  Washington  contributed  to  this  report . By :  Laura  Me yers 
 
 You  know  that  one  neighbor  that"
burka,1098," primary  in  the  spring  so  obviously  the  citizens  of  her  precinct  don âĢ Ļ t  think  she âĢ Ļ s  doing  a  bad  job , âĢ Ŀ  he  said . 
 
 The  commission  asked  the  Supreme  Court  to  indefinitely  suspend  Green  from  the  bench  while  its  motion  plays  out ,  its  executive  director  Eric  V inson  said  Thursday  in  a  phone  interview"
burka,1098,"- Zero  as  Sub - Zero  revealed  that  Quan  Chi  was  responsible  for  the  murder  of  Han zo 's  family  and  clan .  When  the  Special  Forces  capture  Quan  Chi ,  Han zo  and  the  Shir ai  Ryu  sub due  them ,  with  Han zo  single handedly  defeating  Johnny  Cage  and  Kens hi .  Fuel ed  by  revenge ,  he  was  oblivious  to"
burka,1098," always  grooming ,  babys itting  and  checking  up  on  the  p ups . 
 
 "" It 's  incredible  to  see  such  a  young  me erk at  stepping  up  and  taking  on  that  responsibility ,""  Ms  Mah oney  said . 
 
 The  sex  of  the  p ups  will  be  confirmed  at  their  first  veterinary  examination  next  month ,  but  keep ers  suspect"
burka,1098," the  names  of  all  types  of  people  for  no  reason  at  all ,  but  we  can âĢ Ļ t  remember  the  name  of  a  man  such  as  this ?!  My  daughter ,  from  my  earliest  memory  I  recall  each  and  every  person  who  ever  did  me  a  favor ,  and  as  I  remember  each  person  I  remember  his  name .  But  it âĢ"
burka,1098," next  to  a  white  stuffed  bunny ,  and  closes  her  eyes  for  a  moment ,  trying  to  understand  why  only  one  of  her  two  daughters ,  15 - year - old  Ken za ,  is  still  there  --  and  why  Sah ra  has  abandoned  her . 
 
 Not  much  of  Sah ra  is  left  in  the  room :  her  stuffed  rabbit ,"
burka,1098," Tr anch ina  is  able  to  crowd - fund  $ 10 , 000  from  other  citizens  opposing  these  laws ,  he  will  be  able  to  launch  a  campaign  to  challenge  the  claims  of  Republican  legislators  promulg ating  these  laws .  The  first  person  who  can  deliver  ver ifiable  proof  that  more  than  0 . 1 %  votes  were  fraudulent  in  any  statewide  or"
burka,1098," or  that  truth  will  prevail  in  the  long  run ,  may  itself  be  an  example  of  the  resistance  of  false  factual  propositions  to  argument  and  count ere x ample . âĢ Ŀ 
 
 These  days ,  the  most  obvious  problem  with  the  notion  of  a  marketplace  of  ideas  is  balk an ization :  instead  of  there  being  an  overarching  marketplace  where  truth"
burka,1098,"
 H ang  in  there  ðŁĻĤ  Please  share  if  you  think  this  will  reach  someone  it  could  help !  and  like  this  post  to  give  it  a  better  chance  to  reach  them !  and  seriously  if  you  have  a  tip  that  works  for  you âĢ¦ comment  and  save  someone  the  energy  they  need  to  keep  them  upright  and  their  face  out  of  the"
burka,1098,"
 
 That âĢ Ļ s  our  short list  for  who  might  be  Lieutenant  Conn ix âĢ Ļ s  baby  daddy .  Wh omever  it  is  is  going  to  have  their  hands  full  juggling  a  newborn  along  with  their  regular  responsibilities .  Good  luck  to  all  the  men  in  question !  Wh om  do  you  think  is  the  father ?  Let  is  know"
burka,1098," some  sample  images  on  the  S int hetics  website ),  and  they  can  be  completely  customized  to  your  personal  likes  and  ( if  applicable )  fet ishes .  Bre asts  and  pen ises  come  in  all  sizes ,  you  can  say  where  you  want  hair  and  where  you  don âĢ Ļ t ,  and  you  can  even  give  your  new  friend  things  like"
burka,1098," This  guy ?  Really ?  pic . twitter . com / Z UG p L q eq Me  —  Nick  (@ Nick _ Fal co )  October  15 ,  2017 
 
 It  seems  to  me  that  Nick  Fal co  has  provided  a  plethora  of  evidence ,  just  in  his  being  banned  from  the  hotel  that  attorney  Brian  Clay pool  may  have  a"
burka,1098," soon  after  the  move .  During  World  War  I ,  the  pair  contributed  to  the  research  effort  examining  the  effects  of  shock .  As  part  of  this  work ,  Er l anger  was  able  to  produce  heart  block  in  an  animal  model  by  clamp ing  the  bundle  of  His  and  tightening  it .[ 4 ]  Together ,  they  managed  to  amplify  the  action"
burka,1098," a  small  not epad ,  and  thus  should  not  be  weighted  with  the  same  degree  of  importance  as  if  they âĢ Ļ d  come  from  Bio Ware .  Any  errors  reporting  are  my  own ,  not  theirs . 
 
 Questions 
 
 1 )  Will  we  get  Legacy  Dat ac rons ? 
 
 Jes se  Sky :  High  on  his  own"
burka,1098," supply ,  thus  increasing  its  autonomy . 
 
 Read  the  entire  study  at  Proceedings  of  the  IEEE :  "" Ne uro grid :  A  Mixed - An alog - Digital  Mult ich ip  System  for  Large - Scale  Neural  Sim ulations .""  Supplemental  information  via  Stanford . 
 
 Image :  Kurt  Hick man / Stan ford . 
 
 Follow  me"
burka,1098,"ving  community  of  well  over  1 , 000  residents  dwind led  to  less  than  200 ,  and  people  were  afraid  the  school  and  medical  center  would  be  closed  and  they  would  all  have  to  leave .  But  in  the  late  1970 s  a  new  wave  of  tourism  reversed  this  trend .  As  the  economy  of  Michigan  improved ,  along  with  the  pressure  and"
burka,12249,",  Massachusetts ,  got  to  number  one  for  its  clear  look  at  how  the  idea  of  complete  streets  would  work  for  them ,  how  it  would  be  implemented ,  and  how  it  could  work  with  other  jurisdictions  to  make  sure  streets  were  safe  beyond  the  9 , 000 - person  town âĢ Ļ s  small  borders .  Last  year âĢ Ļ s  list"
burka,12249," on  the  map ,  dies  at  72 ""  was  originally  published  at  Autom otive  News  on  2 / 17 / 17 . Yellow stone  has  the  world 's  largest  collection  of  ge ys ers ,  and  it  has  the  underground  plumbing  to  prove  it .  Scientists  have  announced  that  the  volcanic  activity  beneath  the  National  Park 's  surface  may  be  far  bigger  and"
burka,12249," on  the  map ,  dies  at  72 ""  was  originally  published  at  Autom otive  News  on  2 / 17 / 17 . Yellow stone  has  the  world 's  largest  collection  of  ge ys ers ,  and  it  has  the  underground  plumbing  to  prove  it .  Scientists  have  announced  that  the  volcanic  activity  beneath  the  National  Park 's  surface  may  be  far  bigger  and"
burka,12249," in  Beijing ,  China ,  where  he  served  as  the  KGB  re z ident ,  effectively  the  agency âĢ Ļ s  chief  of  station .  He  returned  to  Moscow  and  in  1975  was  posted  under  diplomatic  cover  in  the  United  States ,  where  he  commanded  the  KGB âĢ Ļ s  station  in  New  York  until  1979 . 
 
 Upon  his  return  to"
burka,12249,",  noted  to  CBC  News  that  the  thrust  revers er  required  on  landing  may  be  louder  than  Del uce 's  promise  of  an  engine  that  is  "" wh is per ""  quiet . 
 
 "" The  runway 's  not  long  enough  and  to  get  an  agreement  to  leng then  the  runway ,  they âĢ Ļ re  going  to  have  to  go  before"
burka,12249,",  and  the  Japanese  Meteor ological  Agency .  Caption  by  Patrick  Lynch  and  Mike  Carl owicz . The  symbol  for  pawn bro king  is  three  gold  spheres  suspended  from  a  bar .  The  pawn bro ker  symbol  has  been  in  use  at  least  since  the  medieval  period  in  Europe .  It  is  still  used  by  pawn bro kers  all  around  the  world  today"
burka,12249,",  Tennessee ,  and  was  attended  by  family  and  friends  with  the  Papa  John 's  CEO  making  an  unexpected  appearance ."" We  never  once  imagined  that  this  would  touch  anyone  high  up  in  the  Papa  John 's  corporate  office ,  let  alone ,  John  Schn atter .  He  was  visibly  distraught  when  speaking  to  my  family  about  the  tragic  loss  of  my  brother"
burka,12249," for  over bearing ,  that  describes  him ,  too .  I  mean ,  for  Heaven âĢ Ļ s  sake ,  the  man  used  to  sit  and  logically  discuss  with  me  the  reasons  I  should  pick  up  my  toys  when  I  was  3  years  old .  If  there âĢ Ļ s  anything  my  dad  is  not ,  it âĢ Ļ s  over bearing  and"
burka,12249," urged  the  young  man  to  talk  more  and  he  actually  did ...  Then  he  was  encouraged  to  talk  less ! 
 
 J OSH  D UG AN 
 
 Son  of  Que an be yan  g rog  monster ,  ` Dave  Dug an âĢ Ļ .  Dave  recently  went  to  give  blood  and  when  they  drew  it  out ,  it  formed  a  head"
burka,12249," for  the  boxes  of  new  books  that  had  just  been  delivered .  How  he  pulled  it  off  so  quickly ,  I  will  never  know ,  but  I  marvel ed  as  I  saw  the  covers  of  The  Hobbit ,  D âĢ Ļ A ula ire âĢ Ļ s  Greek  My ths ,  Twenty  Thousand  Le agues  Under  the  Sea ,  Oliver  Twist ,  and"
burka,12249,",  Oxford shire ,  on  July  18 ,  2003 
 
 âĢ ĺ This  is  particularly  relevant  as  it  was  noted  no  gloves  were  found  on  the  body  or  in  its  vicinity . âĢ Ļ 
 
 The  doctors  have  also  alleged  that  Dr  Kelly âĢ Ļ s  GP ,  Dr  Malcolm  Warner ,  may  have  concealed  crucial  evidence  about  seeing  the  weapon"
burka,12249,",  trim  the  number  of  fighter  aircraft  and  ships ,  and  seek  congressional  approval  for  another  round  of  military  base  closures . 
 
 The  administration  will  instead  spend  more  on  unmanned  vehicles  and  Special  Operations  forces  that  can  be  deployed  quickly  and  will  not  require  large ,  expensive  bases .  The  military  will  also  largely  preserve  its  manpower  and  weapons  systems  geared"
burka,12249," through  the  head . 
 
 Sunday ,  May  21 
 
 After  sent ry  duty ,  we  passed  Major  Jones ,  second - in - command  of  the  battalion ,  as  we  crept  back  to  the  dug out .  Ten  minutes  later ,  he  was  being  dug  out  of  about  3 ft  of  earth . 
 
 He âĢ Ļ d  gone"
burka,12249," up  close  to  large  trees ,  st umps  or  lay  downs  and  allow  it  fall  slowly  beside  the  cover .  Watch  your  line  closely .  Often  this  time  of  the  year ,  the  big  fish  are  suspended  off  of  the  bottom .  They  can  pick  up  your  bait  and  be  swimming  off  with  it ,  and  you 'll  never  know  it  if  you"
burka,12249," in  2006 ,  Richard  Lynn  and  Tat u  Van han en  created  estimates  of  average  IQ s  for  113  nations .  They  estimated  IQ s  of  79  other  nations  based  on  neighboring  nations  or  via  other  means .  They  saw  a  consistent  correlation  between  national  development  and  national  IQ  averages .  They  found  the  highest  national  IQ s  among  Western  and  East  Asian"
burka,12249," by  religious  proponents ,  followed  by  an  imp assion ed  but  thoughtful  argument  for  the  dominance  of  secular ism ,  plural ism ,  and  skepticism .  Chapter  seventeen  counters  what  Hit chens  calls  âĢ ľ the  last - d itch  âĢ ľ case âĢ Ŀ  against  secular ism âĢ Ŀ ,  which  states :  as  bad  as  religiously  oriented  societies  have  been ,"
burka,12249,"ley  played  the  past  two  seasons  at  UCLA  with  the  injured  shoulder . 
 
 âĢ ľ So ,  now  that  it âĢ Ļ  fit  I  feel  like  I  can  just  throw  it  all  over  the  place , âĢ Ŀ  McKin ley  said .  âĢ ľ Before  it  wasn âĢ Ļ t  fit ,  I  was  being  real  careful  and  real  hesitate ."
burka,12249," and  Frank ,  and  their  strange  relationship  with  each  other ,  in  a  different  light . 
 
 Advertisement 
 
 D aredevil  vs .  Pun isher :  Means  &  Ends 
 
 Iss ues :  Daredevil  vs .  Pun isher  # 1 - 6 ,  2005 / 2006 
 
 By :  David  Lap ham ,  Studio  F ,  Chris  El iop"
burka,12249,"na  Williams . 
 
 AG :  Did  you  ever  have  body  image  issues ? 
 
 RR :  Huge  body  image  issues  growing  up .  Big  time !  I  absolutely  lo athed  how  I  looked  until  I  was  around  22  years  old . 
 
 AG :  What  happened  at  22  that  changed  that  trajectory ? 
 
 RR :  I  stopped"
burka,12249," in  New  York ,  Connecticut  and  New  Jersey . 
 
 Count ies  that  surround  New  York  City  in  those  three  states  account  for  18  of  the  20  highest - tax ed  counties  in  the  nation ,  according  to  a  State line  analysis  of  the  U . S .  Census âĢ Ļ  2013  American  Community  Survey  data ,  which  is  the  latest  available"
burka,12249," issues  since  the  protest ,  dec ried  the  cost  of  the  added  security  to  taxpayers . 
 
 âĢ ľ The  costs  of  these  excessive  security  measures  are  still  being  incurred  and  remain  in  clear  violation  of  a  court  order , âĢ Ŀ  R iss er  said .  âĢ ľ The  protests  that  occurred  this  spring  were  peaceful .  It  is  unnecessary  to"
burka,12249," after  a  few  days .  This  demonstration  extended  Louis  Paste ur 's  earlier  demonstrations  that  the  presence  of  micro - organisms  is  a  prec ond ition  for  biomass  decom position .  However ,  the  next  year  ( 18 76 )  Ty nd all  failed  to  consistently  reproduce  the  result .  Some  of  his  supposedly  heat - ster il ized  bro ths  ro tted"
burka,12249," and  hurting  his  head .  He  lay  there  for  a  moment ,  rubbing  his  scalp ,  which  was  bleeding  prof use ly  in  the  way  that  minor  head  wounds  sometimes  did .  Thomas  let  out  a  gro an  and  moved  slowly .  When  he  looked  up ,  he  saw  his  cat ,  Bart le by ,  staring  at  him .  From  the  floor"
burka,12249," the  FBI ,  the  DOJ ,  the  Congress ,  on  and  on  and  on ,""  said  Clarke ,  adding  that  the  only  way  it  will  change  is  through  the  ballot  box . 
 
 "" I  believe  that  the  American  people  are  finally  going  to  have  to  rise  up .  It  is  ' p itch fork  and  torches '  time ,  to  use"
burka,12249," to  marvel  at  the  way  Ambrose ,  the  bishop  of  Milan ,  read  his  manuscripts :  "" His  eyes  traveled  across  the  pages  and  his  heart  searched  out  the  meaning ,  but  his  voice  and  tongue  stayed  still .""  Scholars  have  spar red  for  decades  over  whether  Augustine 's  off hand  observation  reveals  something  moment ous :  namely ,  that  silent  reading --"
burka,12249," is  the  45 th  mass  shooting  this  year ,  if  defined  as  an  event  at  which  four  or  more  people  were  killed .  If  defined  as  an  event  at  which  four  or  more  people  were  shot ,  it 's  the  294 th . NES  has  signed  a  new  contract  with  Rem ont owa  Ship building ,  G d ansk  for  the  delivery  of"
burka,12249," a  highly  ambitious  deal , âĢ Ŀ  EU  Trade  Commissioner  Cec ilia  Mal m strom  told  a  forum  in  Brussels  alongside  Mexican  Economy  Minister  I ld ef onso  Gu aj ardo .  âĢ ľ I  will  ask  for  a  mandate  to  launch  negotiations  this  fall , âĢ Ŀ  she  said . 
 
 EU  officials  are  expected  to  discuss  the  timing  of  talks"
burka,12249," basketball  clothes .  Nothing  even  in  our  pockets ,""  he  said . 
 
 "" My  dad  was  angry  about  the  situation  –  to  be  dis respected  in  front  of  his  children ,""  Aman  said . 
 
 In  the  heated  exchange  that  followed ,  the  officer  drew  his  gun  and  threatened  his  dad ,  Aman  said . 
 
 Now ,  Aman"
burka,12249,"]  It  was  stated  through  the  Pony Radio Con  panel  that  the  film  would  have  a  total  of  eight  original  songs .[ 30 ]  At  Has bro 's  Toy  Fair  investor  presentation  on  February  17 ,  2017 ,  it  was  announced  that  there  would  be  seven  songs .[ 48 ]  Around  5 , 800  pages  of  sheet  music  were  created  for  all  orche"
burka,12249," Through  a  number  of  lineup  changes ,  the  Red  Hot  Chili  Pe ppers  had  released  multiple  compilation  or  greatest  hits  albums  prior  to  Fr us ci ante 's  return ;  Fr us ci ante  pushed  for  the  group  to  change  their  "" f unk - punk ""  sound  and  become  more  of  a  "" m ellow - pro gressive  rock  act ""  for"
burka,12249," what  Bernie  Sanders  talked  about . âĢ Ŀ 
 
 Jo ining  Stein  at  the  rally  was  rapper  Kor  Element ,  who  said  he  started  supporting  her  after  Sanders  lost  the  Democratic  Party  nomination  to  Clinton . 
 
 He âĢ Ļ s  been  campaigning  with  Stein  across  Southern  California  and  said  he  supports  her  progressive  ideas . 
 
 —  No oz"
burka,12249," attracting  pilgrims  from  India ,  and  the  world . 
 
 H ind us  who  visit  Var anas i  have  strong  beliefs ,  so  do  Buddh ists  who  visit  S arn ath  on  the  outskirts  of  the  city .  Hindu  devote es  believe  that  anyone  who  dies  within  the  city  limits  att ains  instant  m ok sha ,  or  redemption ,  freeing  the"
burka,12249," flows  into  the  K ask aw ul sh  River  instead . 
 
 This  phenomenon ,  known  as  "" river  piracy "",  typically  takes  centuries  but  the  study  documented  it  over  the  course  of  one  spring . 
 
 "" Nobody 's  ever  seen  a  river  piracy  occur  in  modern  times ,  at  least  to  my  knowledge ,""  lead  author  Dan  Sh ugar"
burka,12249," country  and  over  the  course  of  16  years ,  this  research  estimates  minimum - wage  effects  from  a  larger  sample  than  earlier  matching  studies ,  and  produces  estimates  that  are  more  representative  of  the  typical  response  to  a  minimum - wage  increase  and  not  the  special  circumstances  of  a  particular  local  labor  market . 
 
 D ube  and  his  colleagues  consistently  find"
burka,12249," don âĢ Ļ t  need  you  to  speak  for  them . 
 
 In  an  essay  about  the  rise  of  the  âĢ ľ Not  All  Men âĢ Ŀ  meme ,  Time âĢ ĺ s  Jess  Zimmerman  wrote  of  the  stages  men  must  go  through  to  overcome  sexism .  Her  insights  can  be  applied  to  other  forms  of  discrimination  by  those  in  privileged  positions"
burka,12249," growing . 
 
 The  World  Bank  warned  in  2016  that  "" arre ars  in  payments  to  oil  companies  and  contractors  create  an  uncertain  business  environment "". 
 
 H us ari  said  the  crisis  is  much  more  severe  than  the  Kurdistan  government  admits . 
 
 "" The  obvious  ' yes '  result  of  the  referendum  will  not  lead  automatically  to  a"
burka,12249,"âĢİ âĢ Ŀ .  These  social  media  include  Facebook ,  YouTube ,  Twitter ,  and  Instagram .  After  the  exact  location  of  the  incident  was  found ,  the  coordinates  have  been  used  to  conduct  location - based  searches  in  a  2 - km  radius  on  those  same  social  networks .  Reference  photos  have  been  found  via  ge ot agged  pictures  on  Pan or"
burka,12249," O ' G ara  offered  a  strong  defence  of  his  Racing  players ,  saying  that  it  was  a  "" s ad  state  of  affairs ""  that  his  players  were  attacked  based  on  such  little  information : 
 
 I 've  been  in  the  meetings  and  I 'm  fully  aware  of  exactly  what 's  gone  on .  There 's  60 - 80  of  these"
burka,12249," compile  a  list  of  managers  who  could  be  "" in  trouble ,""  it  wouldn 't  be  confined  to  the  10  men  in  this  group .  The  odd sm akers  at  B ov ada  LV  just  published  their  "" First  Manager  to  Get  Fired ""  odds .  And  while  Manuel  topped  the  charts  at  4 - 1 ,  five  of  the  other  10  names"
burka,12249," 4  in  the  journal  Opt ica .  Lead  author  of  the  paper  is  J ih wan  Kim ,  a  research  assistant  professor  of  electrical  and  computer  engineering  at  NC  State .  Co - authors  include  Michael  K uden ov  of  NC  State ;  Yan ming  Li ,  a  former  Ph . D .  student  at  NC  State  who  is  now  at  Apple  Inc"
burka,12249," Pegasus ,  a  symbol  of  wisdom  and  knowledge  in  Greek  mythology .  In  addition  to  these  two  tenets ,  the  company  mirrors  the  wing ed  horse  in  another  significant  respect :  both  entities  have  taken  part  in  a  series  of  epic  journeys . 
 
 AS US  notebooks  have  lived  on  the  M IR  Space  Station .  They  were  the  first  to  work"
burka,12249," murders  of  a  former  Punjab  CM  and  Raj iv  Gandhi ,  were  put  off  based  on  political  pressures  from  the  states  concerned .  This  shows  that  the  purpose  of  the  hang ings  of  Kas ab  and  Guru  was  to  show  up  Modi ,  and  not  justice .  However ,  most  leaders  of  the  Congress  claimed  they  were  against  capital  punishment  once  these  two"
burka,12249," for  determining  what  would  have  happened  in  New  Jersey  if  the  minimum  wage  had  remained  constant .  Dev iation  from  that  baseline  in  the  New  Jersey  restaurants  could  thus  be  safely  attributed  to  the  minimum  wage .  A  true  experimental  design  would  have  randomly  assigned  increases  in  the  minimum  wage  in  order  to  control  for  alternative  influences ,  but  in  the  absence  of"
burka,12249,"s  just  things  like  that  that  let  me  know  ( he âĢ Ļ s  there )."" 
 
 Sunday  marked  the  one - year  since  20 - year - old  Austin  Bryant  was  shot  and  killed  by  the  intersection  of  Military  Trail  and  P urdy  Lane  near  Flash d ance ,  according  to  the  Palm  Beach  County  Sheriff âĢ Ļ s  Office ."
burka,12249," They  were  promised  land  and  told  to  help  themselves  to  farm  plots  close  to  Har are ,  according  to  McK innon . 
 
 He  was  violently  attacked  for  hours ,  says  McK innon . 
 
 "" They  wouldn 't  let  me  go âĢ¦  they  wanted  me  to  sign  over  a  piece  of  paper  saying  that  I  allowed  them  to  have  a"
burka,13903,".  The  Falcon  9  rocket  successfully  delivered  two  satellites  to  orbit ,  however  when  it  returned  to  Earth  everything  did  not  go  exactly  to  plan .  The  live  video  feed  cut  out  so  we  weren 't  sure  exactly  what  happened ,  but  now  Elon  Musk  has  tweeted  video  from  afar  showing  the  landing  process .  According  to  Musk ,  one  of  the  engines"
burka,13903," Kos ov its a  G  T oli  E  Li ak os  A  Personality  and  psychopath ology  in  patients  with  primary  S j og ren âĢ Ļ s  syndrome  ,  Ter  Ark h  ,  1988  ,  vol .  60  ( pg .  49  -  52  )  ,  vol .( pg .  3  D ros os  AA  Angel opoulos  NV  Li ak os  A  M"
burka,13903," sure  it  was  correct .  The  escort  service  ads  came  up  again . 
 
 Roberts on  called  Thomas  Mars ,  an  attorney  who  is  representing  former  Ole  Miss  coach  Houston  Nut t  in  his  defamation  lawsuit  against  Ole  Miss .  Mars  had  been  introduced  to  Robertson  through  a  third  party  he  found  while  doing  online  research  into  Nut t 's  case ."
burka,13903," of  a  diagnostic  interview  and  a  diagnosis  according  to  the  current  psychiatric  diagnostic  system .  The  absence  of  imaging  data  of  the  CNS  cannot  exclude  the  possibility  that  our  findings  may  be  attributed  to  p SS - related  CNS  involvement . 
 
 In  conclusion ,  p SS  patients  present  a  wide  range  of  major  psychopath ological  features  mainly  determined  by  prem or"
burka,13903," this  optimization .  The  way  it  works  is  that  memory  which  is  allocated  once  on  startup  is  deemed  to  be  permanently  allocated .  Similarly ,  memory  which  is  allocated  once  for  a  new  game  level  is  deemed  to  be  permanently  allocated .  Memory  which  is  dynamically  allocated  and  freed  in  a  arbitrary  or  out - of - order  way  is  deemed  to  be"
burka,13903,"oner  ( L ans down e / Le in ster ),  Paul  O âĢ Ļ Connell  ( Young  Mun ster )  ( capt ),  Peter  O âĢ Ļ Mah ony  ( C ork  Constitution / M un ster ),  Sean  O âĢ Ļ Brien  ( U CD / Le in ster ),  Jamie  He as lip  ( Dub lin  University / Le in"
burka,13903," massage  par lor ,  saying  she  found  the  officer âĢ Ļ s  behavior  âĢ ľ just  disgusting . âĢ Ŀ  Mori arity  sent  the  case  to  City  Attorney  Susan  Se gal  and  asked  for  a  dismissal ,  but  Se gal  declined . 
 
 On  the  recording ,  after  nearly  30  minutes  of  small  talk  about  tattoos ,  the  weather  and  his  broken"
burka,13903," opportunities  in  the  area  of  small  satellites ,  consumer  electronics  in  space  and  space  tourism . 
 
 This  is  to  the  advantage  of  high  tech  countries  with  less  of  an  established  space  industry ,  as  this  market  will  depend  less  on  established  infrastructure  and  businesses ,  and  more  on  innovation  and  technology  transfer . 
 
 But  failure  to  engage  with  this"
burka,13903, when  they  get  in  the  way  of  public - policy  objectives . âĢ Ŀ  I  hope  I âĢ Ļ ve  made  it  clear  why  this  is  not  an  accurate  description  of  my  position .  I âĢ Ļ d  group  churches  and  nonprofit  organizations — just  not  businesses — with  individuals .  The  history  I  keep  flashing  back  to  is  the  sit - ins
burka,13903," are  typically  associated  with  having  a  specific  religious  belief ,  which  would  fit  poorly  with  the  range  of  religious  positions  ( or  lack  thereof )  of  the  playable  races . 
 
 With  that  said ,  the  term  âĢ ĺ guard ian âĢ Ļ  has  made  for  a  fair  label .  It  may  not  be  as  ev ocative  as  terms  like  âĢ ĺ"
burka,13903,"il  gul  gh ya ,  god ,  god  b ola ,'  ( Have  til g ul ,  talk  sweet ly )  the  traditional  greeting  on  Mak ar  S ank rant ,  at  Mal ad  on  Friday .  While  his  speech  saw  a  huge  crowd ,  it  seems  some  had  gathered  because  they  had  allegedly  been  sweet - talk ed  into  attending  and  given"
burka,13903," by  default  ( ss hd ,  proxy  (  / bin / tiny proxy  - c  / var / t proxy . conf  ),  tcp dump  ... ),  I  advise  users  to  trash  their  routers  because  it 's  trivial  for  an  attacker  to  use  this  router  as  an  attack  vector  ( ie :  hosting  a  sniff ing  tool ,  LAN  hacking ,  active  Mi"
burka,13903," Children 's  Memorial  Hospital . 
 
 Check  out  the  shining  moments  from  Fl ipper  Bowl  II ! 
 
 Return ing  Teams  ... remember  where  you  finished  last  year ? This  article  is  about  the  light  machine  gun .  For  the  semi - automatic  hunting  rifle ,  see  Brown ing  BAR 
 
 The  Brown ing  Automatic  Rifle  ( B AR )"
burka,13903," capacity ,  reviewing  and  discussing  work  done  by  my  staff ,  or  sitting  in  meetings ,  planning  for  upcoming  enhancements  to  the  site  and  how  design  can  make  them  happen .  The  way  I  usually  put  it  is  that  my  job  as  design  director  isn 't  actually  to  do  great  design ,  but  rather  to  help  create  and  sustain  the  conditions  under  which"
burka,13903," 26 . 
 
 With  the  res ounding  success  of  the  j all ik att u  saga  in  neighbouring  Tamil  Nadu ,  it  is  now  the  turn  of  And hra  Pradesh  to  follow  suit .  Only  this  time ,  the  purpose  is  to  ensure  that  the  Centre  acc ords  âĢ ĺ special  status âĢ Ļ  to  the  state . 
 
 Several  Whats"
burka,13903," the  death  of  Sarah  Gu ill ot - Guy ard ,  the  Cir que  du  Sole il  performer  who  fell  94  feet  during  the  clim actic  scene  of  Ka  on  June  29  and  later  died .  OS HA  determined  that  accident  happened  when  the  wire  rope  she  was  suspended  from  broke .  According  to  the  report ,  the  wire  rope  âĢ ľ was"
burka,13903," wisdom  of  our  weight lifting  fore father s  before  they  passed  away . 
 
 Anyway  these  are  the  result  of  some  mental  exped itions  that  I  took  while  attending  this  year âĢ Ļ s  A O . "" D uku ""  redirect s  here .  For  the  malware ,  see  Du qu 
 
 L ans ium  parasitic um  Lan z ones"
burka,13903,"O . P  repeatedly  r apped  âĢ ľ b itch âĢ Ŀ  despite  his  line  only  requiring  him  to  say  it  once .  And  at  the  end ,  G - Dragon  introduced  the  final  song  as  âĢ ľ F ANT AST IC  M OTHER F UCK ING  B AB Y . âĢ Ŀ 
 
 Of  course ,  there  are  more  moments  that"
burka,13903," coefficients ;  an  alternative  is  to  group  any  complex  poles  in  conj ug ate  pairs  and  use  a  block - di agonal  \(  A  \ )  matrix  with  block  elements  that  are  either  1 x 1  for  real  poles ,  or  2 x 2  of  the  form  \(  \ begin { b mat rix } - \ s igma & \ ome ga"
burka,13903,"t  mean  simply  wrapping  the  application  in  a  Web View  and  shipping .  For  performance  reasons ,  and  since  the  canvas  API  is  easily  reprodu cible  on  these  platforms ,  all  rendering  will  use  the  native  rendering  pipeline  on  those  platforms .  This  is  the  result  of  not  having  any  DOM  to  worry  about ,  all  you  need  is  a  JS  engine ,"
burka,13903,",  that  he  believes  McCoy  will  come  in  as  the  team âĢ Ļ s  starting  QB  next  season .  Car ucci  told  us  that  the  Browns  scouting  department  has  done  such  a  bang - up  job  on  the  defensive  side  of  the  ball  ( draft ing  four  defensive  starters  in  the  last  two  drafts )  that  he  believed  2012  would  be  the  year"
burka,13903," these  initial  appearances  let  on ; ""[ 80 ]  In  2013 ,  he  was  named  runner - up  to  K rat os  as  the  "" most  bad - ass ""  video  game  character  by  The  Ultimate  Gamer .[ 81 ]  Scorpion  was  voted  the  series '  greatest  character  in  a  2013  fan  poll  hosted  by  D ork ly ,[ 82 ]  and  finished"
burka,13903,"/ Getty  Images 
 
 Jeff  Car val ho ,  executive  editor  at  High sn ob iety  and  Select ism ,  says  one  way  they âĢ Ļ re  trying  to  differentiate  themselves  from  the  glut  of  sites  out  there  is  by  cultivating  a  unique  perspective  and  original  voice ,  something  he  originally  avoided  when  he  started  at  Select ism  in  2007 . 
"
burka,13903," and  inequality .  Without  strong  institutions ,  the  people  come  to  rely  more  on  their  z a âĢ Ļ ims ,  and  are  coerced  into  favoring  privatization  ( which  serves  the  z ai âĢ Ļ ms  and  their  inner  circle )  over  rest orative  public  policies .  This  is  turn  feeds  the  cycle  of  power lessness  and  separat eness . 
 
 On"
burka,13903," demand  —  and  receive  —  a  new  entry  gate  for  their  convenience . 
 
 The  courts hip  is  not  subtle :  Mark  Sok ol ich ,  the  Democratic  mayor  of  Fort  Lee ,  later  recounts  that  when  Wild stein  offered  his  family  a  tour ,  he  repeatedly  referred  to  Sok ol ich  as  âĢ ľ the  one  I  was  told  to  be"
burka,13903," latest  franchise - based  sporting  competition  in  India ,  following  the  Indian  Premier  League ,  Indian  Super  League  and  Premier  Bad m inton  League . Fans  who  can 't  make  it  to  University  of  Phoenix  Stadium  for  2014  Arizona  Cardinals  Training  Camp  presented  by  Hyundai  can  follow  the  team 's  practice  on  Tuesday ,  July  29  on  NFL  Network 's  Inside  Training  Camp"
burka,13903," to  die  like  that .  No  one ,""  she  said .  "" Someone  knows  who  did  this .  They  need  to  come  forward ."" 
 
 For  Austin âĢ Ļ s  mother ,  Krist ina  Bryant ,  there âĢ Ļ s  still  a  lot  of  pain . 
 
 She  misses  her  son âĢ Ļ s  calls  during  they  day  and  still  waits"
burka,13903," is  also  pretty  damn  good  in  his  own  right .  Hudson  can  help  us  fix  a  vast ,  gaping  hole  at  linebacker  that  last  saw  Nik o  K out ou v ides  and  L andon  Johnson  as  dominant  players  a  decade  ago .  Since  they  left  Purdue  had  has  a  revolving  door  of  decent ,  but  not  great  linebackers  and  the  overall  defensive"
burka,13903,",  the  Paris - based  Italian  cout ur ier  and  Chan el âĢ Ļ s  nem esis ,  was  most  closely  associated  with  this  movement  and  she  aligned  herself  with  artists  like  Jean  Co ct e au  and  Marcel  Vert Ã¨ s .  Sur real ism  made  its  way  into  V ogue ,  too .  Not  only  did  Dal ÃŃ  become  a  frequent"
burka,13903," say  the  deck  is  stacked  against  average  Americans .  She  said  Tuesday  in  Iowa  that  she  wants  to  âĢ ľ resh uffle âĢ Ŀ  that  deck .  No  doubt  that  is  a  genuine  belief  from  a  Democratic  politician  looking  at  the  state  of  the  economy  and  comes  with  a  conviction  that  public  policies  can  and  should  be  geared  to  alleviate  the  imbalance ,"
burka,13903," to  some  things  that  I  wouldn âĢ Ļ t  have  maybe  been  able  to  do  otherwise . 
 
 P aste :  So  Mind  MG MT .  has  Mer u  and  Dept .  H .  has  another  two - cons on ant  M - name  female  journalist — M ia .  Are  the  works  in  dialogue  within  one  another ?  Or  is  this"
burka,13903," s Ã© ries  Vintage  Bright 
 
 âĢ¢  X SR  s Ã© ries 
 
 âĢ¢  Art isan  S Ã© ries The  D NI  report  was  more  about  slamming  RT  ( Russia  Today )  propaganda  than  it  was  about  proving  the  Russians  hacked .  The  report  doesn âĢ Ļ t  put  much  emphasis  on  Russians  hacking  elections ,  it  focuses  on  Russians  âĢ"
burka,13903," than  conservatives .  However ,  it  may  be  that  liberals  are  not  more  complex  in  general  ,  but  rather  only  more  complex  on  certain  topic  domains  ( while  conservatives  are  more  complex  in  other  domains ).  Four  studies  ( com pr ised  of  over  2 , 500  participants )  evaluated  this  idea .  Study  1  involves  the  domain  specificity  of  a  self âĢĲ"
burka,13903," to  mind  the  earlier  works  of  Reg is ,  it 's  un character istically  dark  for  R rose . What :  Oz om at li  –  San  Diego  Symphony 
 
 When :  Sunday  August  24 ,  2014 
 
 Where :  Emb arc ad ero  Marina  Park  South ,  San  Diego 
 
 Description :  By  combining  hip - hop ,  salsa"
burka,13903," trying  to  distract  us ,  as  opposed  to  getting  himself  distracted  to  an  alarming  degree ,  how  much  more  important  is  it  to  explain ,  for  example ,  that  âĢ ľ Trump  takes  to  Twitter  to  distract  from  secretary  of  state  paralysis âĢ Ŀ ?  ( But  unless  someone  is  priv y  to  the  inner  thoughts  of  Trump ,  we  really  do  not"
burka,13903," to  find  her ? âĢ Ŀ  asked  Fl icker . 
 
 J ourney man  met  her  eyes ,  then  looked  down .  "" I  looked  around  a  bit ,  in  the  abandoned  buildings  nearby  where  she âĢ Ļ d  been  living .  Most  of  the  stuff  I âĢ Ļ d  brought  her  was  still  there ,  but  there  were  some  clothes  and"
burka,13903,"âĢ ľ No  fre eman  may  be  taken  or  imprisoned  or  be  disse ized  of  his  free hold  or  liberties ,  or  his  free  customs ,  or  be  outlawed  or  exiled ,  or  in  any  manner  destroyed ,  but  by  the  lawful  judgement  of  his  peers ,  or  by  the  law  of  the  land . âĢ Ŀ 
 
 These  words  were  first"
burka,13903," Reg ards  Ni els 
 
 Jo ining  Emb arc ad ero  as  Del phi  Product  Manager  Cong rat ulation  Marco ,  this  a  big  gain  for  the  whole  Del phi  community  and  gives  me  more  confidence  in  the  future  of  Del phi !  ; -)  Reg ards  Ni els 
 
 Jo ining  Emb arc ad ero  as  Del phi  Product  Manager"
burka,13903," Person  A  scores  higher  than  Person  B ,  we  can  feel  more  confident  that  the  output  of  Person  A  is  indeed  more  complex  than  Person  B  on  that  domain .  Thus ,  this  provides  a  more  direct  marker  of  the  outcome  of  interest — complex ity — than  do  more  indirect  measurements  of  a  self âĢĲ reported  motive  that  is  expected  to  be"
burka,13903," amongst  Belgian  college  students  with  three  measurements  of  complexity ,  and  none  of  the  measurements  was  statistically  significant .  Further ,  in  Soviet  Russia ,  leftist  communist  leaders  were  less  integ r atively  complex  than  capital istic  reform ers  who  had  a  more  conservative  ideology  ( T et lock  &  Bo ett ger ,  1989 ).  Quite  a  bit  of  research  on  Canadian"
burka,13903," S  J ons son  R  ,  et  al .  Classification  criteria  for  S j og ren âĢ Ļ s  syndrome :  a  revised  version  of  the  European  criteria  proposed  by  the  American - European  Cons ensus  Group  ,  Ann  R he um  Dis  ,  2002  ,  vol .  61  ( pg .  5 54  -  8  )  ,  vol .( pg .  28"
burka,13903," tyres  up  and  down  Arthur âĢ Ļ s  Seat  in  Edinburgh  –  my  employer  was  very  understanding . 
 
 L unch  would  be  a  whole  chicken  followed  by  a  pint  of  cream  down  in  one .  The  best  time  of  day  would  be  3 pm  when  I âĢ Ļ d  eat  a  whole  cake  or  a  couple  of  packets  of  biscuits ."
burka,13903,"âĢ Ŀ  are  allegedly  derived  not  from  academic  training ,  but  instead  primarily  from  lived  experience .)  To  âĢ ľ âĢ Ļ spl ain âĢ Ŀ  is  âĢ ľ to  explain  or  comment  on  something  in  a  condesc ending ,  over conf ident ,  and  often  inaccurate  or  overs impl ified  manner ,  from  the  perspective  of  the  group  one  identifies  with ."
burka,13903," wanted  to  restore  the  whole  patient  to  scientific  papers ,  and  leave  aside  the  abstract ions ,  and  even ,  he  confessed ,  the  description  of  personality  with  statistics .  Can  we  human  beings  be  understood  solely  in  terms  of  our  elements ,  our  molecules ,  atoms ,  our  parts ,  our  circuits ,  our  reflex es ,  even  our  behaviours ?  Or"
burka,13903," picks  up  Wild stein  and  takes  him  on  a  drive  to  observe  the  traffic .  Then  they  go  to  a  diner ,  where  they  have  breakfast  and  discuss  Christie âĢ Ļ s  presidential  hopes . 
 
 The  first  day  of  the  traffic  pile up . 
 
 All  right ,  so  now  it âĢ Ļ s  September  11 ,  the  most  solemn"
burka,18484,",  and  Auto immune  Def ic iencies .  The  latest  research  in  routine  transplant ation  of  cord  blood  are  reviewed  followed  by  the  critical  role  of  cord  blood  stem  cells  in  regener ative  medicine  research  and  novel  approaches  using  cord  blood  as  a  source  of  whole  blood  for  transf usion . 
 
 Related  Regener ative  Medicine  Conf erences  |  St em  Cell"
burka,18484,"'t  make  an  appearance  for  another  three  hours .  The  263  Marines  of  Delta  Company ,  Infantry  Training  Battalion ,  shoulder  their  bulky  packs  and  set  off . 
 
 The  air  is  still  cool ,  but  85 - pound  packs  are  heavy .  Soon  the  Marines  are  sweating  through  their  camouflage  uniforms  and  non com mission ed  officers  are  moving  between  the"
burka,18484," fascism  and  died  in  the  D ach au  concentration  camp . 
 
 The  stamp  issued  was  a  part  of  a  set  of  10  stamps  in  the  Rem arkable  Lives  series  which  honoured  No or  on  her  cent enary  year .  Royal  Mail  commemor ated  No or  with  a  stamp  to  ensure  that  her  sacrifice  and  bravery  will  not  be  forgotten .  Other"
burka,18484," and  at  least  one  death .  The  presence  of  the  feat ,  their  battle - driven ,  and  the  K riel stone  made  sure  they  weren âĢ Ļ t  breaking  or  losing  anyone .  The  feat  was  also  in  play ,  and  the  combination  of  attacks  ate  away  at  my  death clock ,  leaving  me  with  30  minutes  left .  This  was  in"
burka,18484,"mers .  The  results  are  of  great  benefit  for  further  assessing  environmental  and  health  risks  associated  with  plastic  materials . 
 
 The  thesis  Environmental  and  health  hazards  of  chemicals  in  plastic  poly mers  and  products  was  successfully  defended  in  public  on  6 th  May  2011 . Me erk at  baby  boom  takes  hold  at  Tar onga  Zoo  in  Sydney  with  this  year"
burka,18484," fresh  food .  The  Sun  Journal  said  the  company  would  target  wealthy  retirees  or  seniors  and  financially  stable  middle - age  people  who  would  be  able  to  afford  to  come  to  the  U . S .  for  treatment .  That  treatment  would  include  care  at  Central  Maine  Medical  Center  in  Lew iston  and  traditional  Chinese  treatment  at  the  residence . 
 
 The"
burka,18484," Banks y  as  a  white  man  in  his  late  40 s  with  "" sc ruff y  clothes ""  and  an  old ,  fluffy  hat .  "" He  had  a  little  jacket  that  didn 't  go  over  his  arms  and  jeans  with  paint  on .  He  looked  really  w acky  and  had  blonde  hair  and  blue  eyes ."" 
 
 POST  CONTIN UES  BELOW"
burka,18484," century  base  period .  The  average  global  temperature  has  increased  0 . 8 Â° C  ( 1 . 4 Â° F )  since  1880 ,  and  most  of  that  change  has  occurred  in  the  past  four  decades . 
 
 The  line  plot  above  shows  yearly  temperature  anomalies  from  1880  to  2011  as  recorded  by  NASA  G ISS ,  the  National  Ocean ic"
burka,18484," homosexual  sex  is  immoral .  The  professor ,  Ken  Howell  of  Champ aign ,  said  his  firing  violates  his  academic  freedom .  He  also  lost  his  job  at  an  on - campus  Catholic  center .  Howell ,  who  taught  Introduction  to  Catholicism  and  Modern  Catholic  Thought ,  says  he  was  fired  at  the  end  of  the  spring  semester  after  sending  an  e -"
burka,18484," Koran  in  translation ,  a  prayer  book  and  a  guide  to  the  correct  methods  of  bathing  for  Islamic  women .  The  guide  is  a  worn ,  pink  broch ure  with  small  illustrations .  Chapter  3  is  titled :  Instructions  for  Clean ing  Your  E ars . 
 
 There 's  a  dish  containing  red  nail  polish ,  mascara  and  lip  gloss ,  but"
burka,18484,",  and  anti - immigration  legislation . 
 
 The  Jensen ism  debates 
 
 As  the  de - se gregation  of  the  American  South  was  begun  in  the  1950 s  the  debate  about  black  intelligence  resur faced .  Audrey  Sh ue y ,  funded  by  Draper 's  Pioneer  Fund ,  published  a  new  analysis  of  Y er kes '  tests ,  concluding"
burka,18484,"The  legislature  removed  Cuomo âĢ Ļ s  proposed  credit  from  the  state  budget  in  March .  But  Cuomo  has  said  he âĢ Ļ s  continuing  to  negotiate  it  with  legislative  leaders  and  a  compromise  may  be  possible  next  month . 
 
 The  Connecticut  Legislature  is  considering  a  bill  that  would  provide  property  tax  relief  by  giving  towns  more  money  from  state  sales"
burka,18484,"
 There  are  more  than  400 , 000  nurses  working  in  the  NHS  and  over  600 , 000  registered  to  work . 
 
 The  warning  comes  as  the  RC N 's  annual  conference  gets  under  way  in  B ourn emouth . 
 
 More  difficult 
 
 RC N  general  secretary  Peter  Carter  said :  "" The  immigration  rules  will  cause  chaos"
burka,18484," the  nation âĢ Ļ s  chief  law - enforcement  officer .  Sessions  announced  Thursday  afternoon  that  he  would  rec use  himself  from  any  examination  of  Russian  involvement  with  President  Trump âĢ Ļ s  campaign .  But  he  gave  no  indication  that  he  would  consider  the  next  necessary  step  of  removing  himself  as  attorney  general . 
 
 S essions  has  made  his  position"
burka,18484,". 
 
 Former  Cardinals  quarterback  Kurt  Warner  and  anchor  Amber  The oh aris  will  host  NFL  Network 's  coverage  from  the  team 's  practice  from  2 : 00  to  4 : 30  p . m . 
 
 Contin uing  through  August  5 ,  NFL  Network 's  Inside  Training  Camp  Live  hits  the  field  at  7 : 00  a . m .,"
burka,18484,"
 âĢ ĺ Op rah  Win frey  hasn âĢ Ļ t  been  on  this  story  for  that  long ,  and  she  had  to  do  a  lot  of  catching  up ,  and  honestly ,  I  think  she  did  a  really  decent  job  relative  to  where  she  was  coming  from ,'  Walsh  said .  âĢ ĺ But  Lance  was  quite  ev asive  in  many  of"
burka,18484,"
 G ains  were  only  found  in  Riverside  and  San  Bernardino  counties  where  ownership  hit  59 . 2  percent  in  the  quarter ,  19 th  worst  out  of  the  big  75 .  In land  Empire  ownership  is  up  from  58 . 4  percent  in  the  second  quarter  but  down  from  62 . 6  percent  a  year  ago . 
 
 Other  government  stats"
burka,18484,"
 Public  P GP  key 
 
 PG P  fingerprint :  91 CF  B 387  7 B 38  148 C  D DD 6  38 D 2  6 CBC  1 E 46  1 DB F  22 A  Look  At  The  New  Music  In  1 . 9 . 2 
 
 6 : 48  AM  Will  Sterling  2  Comments 
 
 New  Island  Music 
"
burka,18484,"
 Here âĢ Ļ s  the  thing .  Pay ing  upwards  of  $ 100 . 00  for  a  Her ocl ix  is  kind  of  insane  for  me .  I âĢ Ļ ll  admit  that  I âĢ Ļ ve  bought  expensive  pieces  in  the  $ 70 . 00  range ,  but  those  are  few  and  far  between .  Ent ities  have  been  herald ed"
burka,18484,"
 When  the  K lie g  lights  are  turned  on  at  the  must - see  debates  next  fall ,  though ,  don 't  expect  the  candidates  to  tread  on  such  common  ground .  Christie  will  look  to  smash  what  one  Republican  operative  described  as  Booker 's  âĢ ľ glass  jaw âĢ Ŀ  by  attacking  him  for  being  the  same  kind  of  tax -"
burka,18484,"
 When :  Friday  August  22 ,  2014 
 
 Where :  Del  Mar  Fair grounds 
 
 Description :  Del  Mar  Race  Track  continues  their  Summer  Concert  Series  with  FREE  4  O âĢ Ļ Clock  Friday  Concert s .  Get  in  the  Summer  groove  with  Local  Show case  on  August  22 nd  which  features  Silent  Comedy ,  Transfer  and  V ok ab"
burka,18484,"
 G aby  H ins l iff  is  a  columnist  at  the  Guardian 
 
 ———————— —— — 
 
 This  article  originally  appeared  in  the  International  Women âĢ Ļ s  Day  special  edition  guest - edited  by  broadcaster  and  former  adviser  to  Ed  Miliband  and  Harriet  Har man ,  A yes ha  Haz ar ika . 
 
 If  you  are  a"
burka,18484,"ll  find  someone  to  travel  with  from  there  to  T iber ias . 
 
 We  found  one  man  who  asked  if  we  were  looking  for  a  wagon  to  T iber ias  and  told  us  he  was  at  our  disposal .  I  asked  him  how  much  it  would  cost .  Sh mary a  cut  in  and  told  the  wagon er ,  âĢ ľ"
burka,18484," on  an  individual .  If  someone  is  not  up  to  a  task ,  he  is  trained  to  do  things  that  he  is  capable  of .  That  does  not  mean  there  are  no  targets  and  we  are  all  very  aggressive  about  that .  In  that  sense ,  it  is  like  any  other  F MC G  company  with  accountability . âĢ Ŀ  There  is  criticism"
burka,18484,"Girls  Trip  ( UN I ):  $ 676 K  int l  weekend  ( 5  markets );  $ 23 M  int l  c ume 
 
 M arrow bone  ( UN I ):  $ 245 K  int l  weekend  ( Spain  only );  $ 7 . 7 M  Spanish  c ume 
 
 NEW  LOC AL  TIT LES 
 
 Universal  Perfect os  Des"
burka,18484," for  the  stay  at  Dign ity  House  and  a  mandatory  $ 600  for  "" End  of  Life  Camera ,""  which  will  record  the  patient 's  last  hours . 
 
 Optional  fees  include  $ 400  for  End  of  Life  Cater ing ,  $ 400  for  End  of  Life  Security  –  a  consultation  with  a  "" cert ified  security  agent ""  –  $ 400"
burka,18484,"ont in uity  from  the  Bur j  Khal ifa 
 
 The  Bur j  Khal ifa  represented  a  large  ( 175  year )  discontin uity  in  the  trend  of  maximum  building  heights  over  time .  It  did  not  represent  a  particular  discontin uity  in  the  trend  of  maximum  structure  heights  over  time . Most  light  emit ters ,  from  candles  to  light  bulbs"
burka,18484," get  him  in  trouble  with  the  people  above  him . 
 
 I  asked  for  a  letter  that  would  give  the  reason  for  firing  me .  He  said  it  was  because  we  didn âĢ Ļ t  have  good  Social  Security  numbers  –  we  didn âĢ Ļ t  have  papers .  I  said  they  knew  that  when  they  hired  us .  In  the  two"
burka,18484," are  empowered  to  evaluate  your  dependent 's  passport  on  the  spot  and  immediately  return  the  passport . 
 
 When  it  comes  to  IT IN s  for  depend ents  only  IRS  employees  serving  as  cert ifying  acceptance  agents  are  empowered  to  evaluate  your  dependent 's  passport  on  the  spot  and  immediately  return  the  passport . This  is  the  full  4 - 1 -"
burka,18484," never  happens  again . âĢ Ŀ 
 
 On  July  26 ,  Payne  went  to  the  U âĢ Ļ s  hospital  in  search  of  a  patient âĢ Ļ s  blood  on  behalf  of  the  Logan  Police  Department .  When  W ubb els  refused  to  give  him  a  sample  under  policy  agreed  to  by  the  hospital  and  S LC PD ,  Payne  arrested  her"
burka,18484,"3  million  in  2016  dollars )  to  teach  âĢ ľ people  who  had  never  had  a  course  in  bi ochemistry âĢ¦  that  sugar  is  what  keeps  every  human  being  alive  and  with  energy  to  face  our  daily  problems . âĢ Ŀ 12 
 
 Growing  Evidence  That  Suc rose  Elev ates  Ser um  Ch olesterol  Level 
 
 In  1962 ,  the  SR"
burka,18484,". 
 
 S ter ling  had  pulled  into  the  entrance  in  his  car  as  he  arrived  for  City âĢ Ļ s  pre - match  preparations ,  at  which  point  he  is  believed  to  have  been  confronted  by  the  man  hur ling  a  barrage  of  abuse  at  him . 
 
 Te legraph  Sport  understands  that  Sterling  got  out  of  his  car  to"
burka,18484," Quality  ( A HR Q ),  and  cut  the  funding  of  another ,  the  Patient - Cent ered  Out comes  Research  Institute  ( PC OR I ).  The  puzzle  is  why . 
 
 One  possible  reason  is  that  Republicans  oppose  taxpayer  funding  of  all  scientific  research  as  a  matter  of  principle .  Yet  the  same  House  Appropriations  Committee  draft  bill  that  targets"
burka,18484," were  provided  to  students  and  staff  according  to  Jeff  Helm ,  Director  of  Information  Technology  and  Facilities  for  the  campus .  So  far ,  1 , 160  bottles  of  water  have  been  delivered  to  campus ,  and  additional  distilled  water  for  kitchen  use . 
 
 IU  Health  Ball  Memorial  Hospital  has  put  in  place  contingency  plans  so  that  its  patients  and  employees"
burka,18484,",  officials  quoted  by  Reuters  say .  The  first  100  are  scheduled  to  arrive  soon .  The  US  army  is  sending  up  to  3 , 500  soldiers  to  Haiti ,  officials  quoted  by  Reuters  say .  The  first  100  are  scheduled  to  arrive  soon . 
 
 13 25  Haitian  actor  Jimmy  Jean - Louis ,  who  starred  in  the  Heroes  TV  series"
burka,18484," effective  line ups .  Middle ton  ranks  this  high  on  our  list  because  he  makes  that  balance  look  easy .  Rare  are  the  wings  who  can  take  over  when  called ,  step  back  when  needed ,  and  defend  effectively  throughout .  Middle ton  qualifies ,  and  the  proportional  dimensions  of  his  game  render  the  25 - year - old  as  one  of  the"
burka,18484," the  relevant  actors  ( at  both  EU  and  Member  State  level )  in  efforts  to  ensure  a  timely  and  well - informed  response  to  the  new  opportunities  and  challenges . 
 
 Meanwhile  the  European  Central  Bank  ( EC B )  showed  âĢ ľ open ness  to  new  technologies âĢ Ŀ  and  said  that  it  intends  to  assess  the  relevance  of  blockchain  and"
burka,18484," working  toward  meeting  the  requirements .  âĢ ľ Space X  takes  planetary  protection  seriously ,  and  we  are  working  with  relevant  NASA  officials  to  ensure  proper  procedures  are  followed , âĢ Ŀ  he  told  Ars . 
 
 Is  SpaceX  working  with  NASA ,  then ? 
 
 NASA  is  providing  advice  and  guidance  to  SpaceX  through  a  Space  Act  Agreement .  The"
burka,18484,"10 , 000  Days  ( W ings  Pt .  2 ),""  both  of  which  clock  in  at  11 : 14 .  Near  the  end  of  the  disc  are  the  substantially  lengthy  "" Int ension ""  ( 7 : 21 )  and  "" Right  in  Two ""  ( 8 : 56 ). 
 
 "" 10 , 000  Days ""  is  the  follow -"
burka,18484," it  seems  that  nobody  was  interested  in  checking  up  on  this .  Either  they  simply  believed  or  discounted  the  documents  completely . 
 
 In  fact ,  a  Rabbi  de  Falk ,  also  known  as  Cain  Chen uel  Falk ,  was  a  noted  cabal ist  and  magician  living  in  London  around  this  time ,  the  late  1700 s .  His  âĢ ľ son"
burka,18484,";  such  factory - produced  units  are  called  "" split - rib ""  or  "" split - face ""  blocks .  Blocks  may  be  scored  by  gro oves  the  width  of  a  mortar  joint  to  simulate  different  block  modules .  For  example ,  an  8 - by - 16 - inch  ( 200  mm  ÃĹ  410  mm )  block  may  be  scored  in"
burka,18484," time  this  summer  to  work  on  her  ATP  foundation ,  which  promotes  alternative  travel .  She  spent  time  meeting  with  people  from  Google ,  Metro  as  well  as  the  White  House  discussing  the  issue  that  she  is  very  passionate  about .  âĢ ľ I  think  this  project  is  part  of  next  chapter  of  what  our  planet  will  look  like  as  within  the  next"
burka,18484,)  0 . 68  Middle  school  12  ( 11 . 7 )  26  ( 23 . 6 )  < 0 . 05  High  school  22  ( 21 . 4 )  14  ( 12 . 7 )  0 . 10  University  24  ( 23 . 3 )  18  ( 16 . 4 )  0 . 23  Occup ational  status  Household  48  ( 46 .
burka,18484,"y bridge ,  Conservative ) 
 
 14 : 51 : 01  George  K ere van  MP  ( East  L oth ian ,  Scottish  National  Party ) 
 
 14 : 52 : 00  R t  Hon  Philip  Hammond  MP ,  The  Chancellor  of  the  Ex che quer  ( Run ny med e  and  We y bridge ,  Conservative ) 
 
 14"
burka,18484," specifically  focus  on  a  set  of  variables  related  to  a  given  domain 's  attitude  strength .  Concept ually  and  empir ically ,  attitude  strength / inv olve ment  is  negatively  related  to  dialect ical  forms  of  complexity  ( see  Conway  et  al .,  2008 ;  Conway  et  al .,  2011 ).  Thus ,  it  is  possible  that  liberals  and  conservatives  differ  on  what"
burka,21479,"re - scale ,  low - energy - cons umption ,  non - vol atile  magnet oe lect ronics . For  The  Capital 's  three - part  series ,  education  reporter  Cindy  Huang  examined  teacher  experience  levels  across  12  public  high  schools  provided  by  a  2016  database  of  school  employees ,  their  salaries ,  years  of  experience  and  obtained  through  a  public  information"
burka,21479,"s  damaged  by  torn adoes .  pic . twitter . com / IZ 00 br tz t 2  —  T ish  Clark  (@ local 24 t ish )  April  28 ,  2014 
 
 T orn ado  damage  here  in  Tup elo  pic . twitter . com / e 2 z NE Id X 5 c  —  Earl  Brown  (@ cos ine 55"
burka,21479," to  that  of  the  embedded  service ,  and  that âĢ Ļ s  going  to  produce  a  more  or  less  distinguish able  fingerprint ,  size  and  timing  of  network  packets ,  and  so  on ),  or  anomaly  detection  ( for  an  easy  one ,  if  the  HTTPS / T LS  client  fingerprint  it âĢ Ļ s  not  hidden  properly ,  we âĢ Ļ ll"
burka,21479," of  several  members .[ 1 ]  These  indict ments  created  a  sensation  after  the  background  of  the  grand  theft  was  revealed  to  the  public .[ 3 ]  May  Ot is  Blackburn  was  charged  with  twelve  counts  of  grand  theft ,  and  articles  at  that  time  referred  to  her  as  a  "" cult  leader "".[ 5 ] 
 
 According  to  Time  magazine  ,"
burka,21479," on  one  another  benign ly  and  mal ign ly .  As  they  described  in  Science  and  other  journals ,  Dr .  De  Mor a es  and  her  colleagues  have  discovered  that  seed lings  of  the  dod der  plant ,  a  parasitic  weed  related  to  morning  glory ,  can  detect  volatile  chemicals  released  by  potential  host  plants  like  the  tomato .  The  young  dod"
burka,21479," of  more  subdued  stuff ,  and  then  there  are  going  to  be  parts  of  the  story  that  call  for  crazy ,  bon kers  over - the - top  color .  She  can  do  both  of  those — I  don âĢ Ļ t  really  like  using  bright  color .  She âĢ Ļ s  well - su ited  for  it . 
 
 P aste"
burka,21479," of  guitar  solo  and  Hulk  Smash . 
 
 N JP W  offers  a  few  familiar  g ai jin  faces .  There 's  AJ  Styles ,  who  is  like  the  AJ  Styles  of  T NA  except  a  hundred  times  better ,  and  Doc  Gall ows ,  previously  known  as  Fest us  and  Luke  Gall ows  in  WWE ,  now  wearing  Mant aur  head"
burka,21479,"/ lab - safety / index . html . 
 
 ### 
 
 U . S .  DE PART MENT  OF  HE ALTH  AND  HUM AN  SERVICES Gov .  Mary  Fall in  on  Thursday  asked  Oklahoma âĢ Ļ s  Health  Care  Authority  to  cut  its  contracts  with  two  Planned  Parenthood  affiliates ,  citing  high  rates  of  billing  errors .  The  request  by"
burka,21479," in  Beijing ,  China ,  where  he  served  as  the  KGB  re z ident ,  effectively  the  agency âĢ Ļ s  chief  of  station .  He  returned  to  Moscow  and  in  1975  was  posted  under  diplomatic  cover  in  the  United  States ,  where  he  commanded  the  KGB âĢ Ļ s  station  in  New  York  until  1979 . 
 
 Upon  his  return  to"
burka,21479," of  this  proposal  is  to  add  support  for 
 
 ud p  and  tcp  sockets ,  including  support  for  multic ast 
 
 client  and  server  applications 
 
 sc al ability  to  handle  many  concurrent  connections 
 
 Prot ocol  independence  between  IPv 4  and  IPv 6 
 
 name  resolution 
 
 tim ers 
 
 to  the  C ++  Standard"
burka,21479,"S :  Patrick ,  were  you  literally  thrown  out  of  the  house  or  is  it  basically  that  you  felt  that  you  weren âĢ ĺ t  wanted  there  anymore ? 
 
 H IG G INS :  I 'm  not  really  going  to  comment  on  that  right  now  because  all  of  that  is  in  the  lawsuit .  But  practically  what  I âĢ ĺ m"
burka,21479," to  yet  another  adult  version  of  him :  plus ,  thin  glasses  and  t ux edo  and  minus  the  humor ,  voice ,  and  relationship  with  a  Simpson . 
 
 His  voice  sounds  similar  to  Ar nie  P ye 's  voice . 
 
 Appearances Disney  California  Adventure  Food  &  Wine  Festival  will  return  March  2  through  April  12 ,  2018 ,"
burka,21479," to  think  that  you âĢ Ļ re  going  to  be  that  player  every  year . âĢ Ŀ 
 
 âĢ ľ I  think  Drew  probably  learned  the  lesson  that  you âĢ Ļ ve  got  to  push  through  every  year ,  you âĢ Ļ ve  got  to  push  through  every  summer ,  you âĢ Ļ ve  got  to  work  hard ,  and  get  yourself"
burka,21479," of  working  with  current  owner  Kevin  McCabe  and  his  family  to  achieve  the  Blades '  return  to  the  Premier  League  as  quickly  as  possible . 
 
 The  Prince  becomes  Co - Chair man  with  Kevin  McCabe  of  Blades  Le isure  and  Sheffield  United . 
 
 Prince  Abdullah ,  aged  47 ,  is  a  grandson  of  the  founder  of  the  Kingdom  of"
burka,21479," to  make  its  intelligence  expert  available  signaled  that  the  Israeli  government  no  longer  backed  his  conclusions  about  the  bank âĢ Ļ s  involvement  with  Islamic  Jihad .  But  the  judge ,  Sh ira  She ind lin ,  did  not  buy  it .  "" It âĢ Ļ s  hard  for  me  to  accept  that  assumption ,""  she  said . A  drawing  shows  a  woman"
burka,21479,"re  d âĢ Ļ  after  they  entered .  "" I  have  a  reservation . âĢ ľ 
 
 "" Name ? âĢ Ŀ  asked  the  m ait re  d âĢ Ļ .  There  were  appearances  to  maintain ,  after  all . 
 
 âĢ ľ Black  Swan . âĢ Ŀ 
 
 Next :  Chapter  15 The  task  force  formed  to  create  a"
burka,21479,"re kk ende  of  z elf stand ige ,  te gen  87 . 000  g ed et ache er den ,  v oor al  u it  O ost - en  Cent ra al - Euro pa .  Da ar me e  will en  we  n iet  be w eren  dat  alle  g ed et ache er den  w erk  van  Bel gen  he"
burka,21479," of  Gross  Domestic  Product  than  the  UK .  Professor  Mar iano  Ro jas ,  a  Costa  Rican  economist  at  the  Latin  American  Faculty  of  Social  Sciences ,  attributes  Costa  Ric ans âĢ Ļ  high  wellbeing  to  a  culture  of  forming  solid  social  networks  of  friends ,  families  and  neighbourhoods . 
 
 Cost a  Rica  is  also  a  world  leader  when  it  comes"
burka,21479," to  defer  to  others  with  whom  we  share  a  political  or  religious  outlook  is  continuous  with  the  disposition  to  use  bene vol ence  as  a  cue  to  reliability ;  we  are  disposed  to  see  those  with  whom  we  share  a  political  outlook  and / or  a  religious  affiliation  as  those  who  are  benevolent  toward  us  and  our  interests  ( or ,  perhaps ,"
burka,21479," of  a  direct  health  threat ,  just  the  slightest  of  possibilities  of  one  due  to  an  occurrence  that  fell  outside  of  the  water  company âĢ Ļ s  standard  procedures .  As  I  understand  it ,  the  disinfect ant  levels  never  fell  below  the  standard ,  and  the  water  company  took  all  the  proper  steps  following  the  occurrence  in  order  to  notify  the  public"
burka,21479,",  and  each  BAR  was  accompanied  by  a  spare  barrel .[ 43 ]  Large  capital  ships  often  had  over  200  BAR s  on  board ,[ 43 ]  with  many  of  the  US  Navy  BAR s  remaining  in  service  well  into  the  1960 s .[ 43 ] 
 
 The  BAR  also  saw  action  with  US  Marine  Corps  units  participating  in  the  Haitian  and"
burka,21479,"1 nn h q n 9 b  —  Team  Jamaica  (@ J ama ica O lymp ics )  January  18 ,  2014 
 
 An  entire  generation  is  familiar  with  the  Jama ican  b obs led  team  after  Cool  Run nings .  The  Disney  movie  told  the  somewhat  fictional ized  story  of  how  the  Caribbean  country  defied  the  odds  to  qualify  in  the"
burka,21479," was  launched  from  the  R RS  James  Clark  Ross  as  part  of  the  seven - week  expedition .  It  is  a  new  type  of  autonomous  underwater  vehicle  ( AU V )  and  can  travel  under  ice  and  reach  depths  of  6 , 000  metres ,  transmitting  the  data  it  collects  to  researchers  via  a  radio  link . 
 
 The  universities  and  science"
burka,21479,"/ mag net  as  a  Thank - You  gift !  Click  here  to  donate  today ! 
 
 And  hey ,  if  you 've  made  it  this  far ,  why  not  follow  us  via  RSS ,  Twitter ,  Facebook ,  Instagram ,  or  Tumblr ? Rest ri ÂŃ ct s  total  expend ÂŃ itures  on  mar ria ÂŃ ges 
 
 P ES"
burka,21479," to  restore  the  fac ades  and  comply  with  the  city 's  historic  designation  rules . 
 
 "" They  gave  us  a  demolition  permit  to  rip  it  down !""  Bl anch ard  said .  "" So ,  I  mean ,  it âĢ Ļ s  a  little  schizophren ic ."" By  the  end  of  2017 ,  every  smartphone  manufacturer  has  embraced  the  18 :"
burka,21479," on  civil  liberties  in  the  name  of  security  from  the  Islamist  bo gey men .  A  gh ast ly  combination  of  paternal ism ,  New  Labour  style  authoritarian ism  and  the  restless  government  urge  to  be  seen  to  be  doing  something  is  the  dominant  force  in  the  Conservative  Party  now .  There  are  no  longer  any  restraints  on  Theresa  May  and  she  is"
burka,21479," the  perfect  smart watch ,  but  it  goes  a  long ,  long  way . 
 
 What  Is  It ? 
 
 It 's  pretty  much  the  same  Pebble  smart watch  that  took  Kickstarter  by  storm  roughly  two  years  ago ,  now  clad  in  a  suit  of  stainless  steel  instead  of  ch int zy  plastic .  So  it 's  the  same  LED  back"
burka,21479," 26 . 
 
 With  the  res ounding  success  of  the  j all ik att u  saga  in  neighbouring  Tamil  Nadu ,  it  is  now  the  turn  of  And hra  Pradesh  to  follow  suit .  Only  this  time ,  the  purpose  is  to  ensure  that  the  Centre  acc ords  âĢ ĺ special  status âĢ Ļ  to  the  state . 
 
 Several  Whats"
burka,21479,"I  -  0 x 1 B 67 C )  . text : 0001 B 6 64  ADD  R 4 ,  R 4 ,  R 3  . text : 0001 B 668  ADD  R 0 ,  PC ,  R 12  ;  "" host ap d _ conf _ file _ gen ""  . text : 0001 B 66 C  ADD  R 0 ,  R"
burka,21479," would  be  unavailable  due  to  some  field  maintenance .  Luckily  for  Har po âĢ Ļ s ,  one  of  their  center  midfield ers ,  Sean  Sullivan ,  works  in  the  ticket  sales  department  with  the  Colorado  Rapids .  The  Kentucky  native ,  who  played  his  college  ball  at  S ien a  College  in  New  York ,  was  able  to  help  his  team  find"
burka,21479," a  class  dedicated  to  fine - tun ing  the  argument ,  I  was  also  taking  a  course  in  Argument ation  through  Eth n ography  which  was  teaching  me  –  by  deep - reading  newly  published  ethn ographic  mon ographs  –  how  to  piece  together  arguments  and  turn  data  into  evidence .  That  semester  completely  changed  the  way  I  thought  about  writing  and  the"
burka,21479," don âĢ Ļ t  need  them ,  so  unless  you  have  some  other  use  planned  for  them ,  just  throw  them  out . 
 
 And  this  is  what  your  bra  will  look  like  when  it âĢ Ļ s  done : 
 
 The  Final  Fit  Test : 
 
 This  bra  now  fits  me  pretty  darn  well .  It  will  g ape"
burka,21479," associated  with  the  sub - expression  "" 1 ""  is  an  anonymous  function ,  whose  body  consists  of  a  call  to  the  +  primitive  procedure  whose  first  argument  is  the  local  variable  n  and  whose  second  argument  is  being  sought .  With  this  understanding  we  can  say  expressions  deliver  values  and  contin uations  receive  values . 
 
 Current  continuation 
 
 By"
burka,21479," the  9 200  block  of  South  C ottage  Grove  and  he  was  taken  to  Advocate  Christ  Medical  Center  in  Oak  Lawn ,  where  his  condition  was  stabilized ,  police  said .  The  circumstances  of  the  shooting  were  unknown . 
 
 At  8 : 05  p . m .,  a  bullet  graz ed  the  right  shoulder  of  a  man  who  heard  shots  while"
burka,21479," power  of  Trump  and  the  GOP  Congress ,  and  what  alternatives  Democrats  offer . 
 
 While  voters  interviewed  here  did  not  clam or  for  tax  cuts ,  they  had  a  generalized  but  plaint ive  cry  for  less  noise  and  more  action . 
 
 People  are  "" just  losing  their  faith  in  the  ability  for  ( things )  to  happen ""  in"
burka,21479," we  can  get  Fed e  back  to  continue  the  new  Evil  Dead  series  once  we âĢ Ļ ve  established  Bruce âĢ Ļ s  story . 
 
 In  fact ,  they âĢ Ļ re  definitely  still  interested  in  making  one .  R aim i  said ,  âĢ ľ I  love  the  Evil  Dead  remake .  I  think  Fed e  Alvarez  did  a  brilliant"
burka,21479,"
 
 In  recent  days ,  Taiwanese  activists  have  flown  to  Hong  Kong  to  lend  support . 
 
 One  of  them ,  Karen  Cheng ,  has  just  returned . 
 
 "" We  strongly  care  about  Hong  Kong  because  we  really  cherish  our  freedom  and  democracy ,""  said  Ms  Cheng .  "" We 're  worried  that  today 's  Hong  Kong  will  be"
burka,21479,").  The  team  investigated  whether  this  planet  has  an  atmosphere  rich  in  water  or  hydrogen .  The  Subaru  observations  show  that  the  sky  of  this  planet  does  not  show  a  strong  Ray leigh  scattering  feature ,  which  a  cloud less  hydrogen - dominated  atmosphere  would  predict .  When  combined  with  the  findings  of  previous  observations  in  other  colors ,  this  new  observational  result"
burka,21479," run .  Any  time  this  happens ,  you  get  a  free  credit .  If  this  happens  at  least  ON CE ,  then  Sub lim inal  has  given  you  $ 2  without  a  click ,  making  it  at  least  as  good  as  a  Bean st alk .  Once  it  happens  TW ICE ,  the  Sub lim inal  is  worth  $ 3  without  spending  a"
burka,21479," safety  deficiencies  were  discovered  in  their  building . 
 
 ' We 're  the  victims  here '  -  Long boat  Qu ay  residents  face  eviction  unless  they  cover  âĤ¬ 4 m  repair  bill  for  fire  safety  failings 
 
 Around  900  people  live  in  the  299  apartments  in  the  Long boat  Qu ay  complex  by  the  Dublin  dock lands . 
 
 Residents"
burka,21479," "" small  group ""  of  investors  has  been  identified  and  a  deal  could  be  completed  soon . 
 
 Steve  Greenberg ,  managing  director  of  Allen  &  Company ,  a  New  York - based  financial  boutique  that  has  broke red  sports  acquisitions  in  the  past ,  said  the  pursuit  of  an  investor  has  narrowed  and  D olan 's  goal  to  bring  in  someone"
burka,21479," decade ,  and  they  now  out number  police  officers .  Security  vans  are  now  harder  to  knock  off  and  are  often  followed  by  police  cars .  Few er  businesses  handle  lots  of  cash .  Those  that  do  keep  less  on  the  premises . 
 
 Ar med  robbery  has  been  particularly  hard  hit  by  reduced  opportunities .  In  1950 s  London ,  professional"
burka,21479,"Germany  has  been  using  linguistic  experts  to  analyze  dialect s  and  determine  countries  of  origin  since  1998 ,  according  to  Deutsche  W elle .  But  experts  have  expressed  doubts  over  whether  computers  would  be  able  to  reliably  perform  such  analysis . 
 
 Mon ika  Sch mid ,  a  lingu istics  professor  at  the  University  of  Essex ,  tells  Deutsche  W elle  that"
burka,21479," Rose  and  whoever  Ben icio  Del  Toro  was ,  were  all  âĢ¦  there .  Oh ,  and  I  forgot  to  mention  Captain  Ph asma .  But  that âĢ Ļ s  ok ,  because  she  never  did  anything . 
 
 I  left  the  theatre  in  a  strange  mood ,  unsure  if  I  was  even  looking  forward  to  the  next  installment .  I  had"
burka,21479," âĢ ĺ drive  the  room âĢ Ļ ,  saying  âĢ ĺ The  unnecessarily  hurt ful  nature  of  the  statements  can  exist  without  foul  language .  The  grievance  lies  mainly  in  the  tone  of  speech ,  and  inflammatory  character âĢ¦ Here  Wild ers  failed  as  a  politician . âĢ Ļ 
 
 The  court  found  Wild ers  not  guilty  of  hate  speech ,  as"
burka,22732," to  $ 526 . 1 M ,  passing  X - Men :  Days  Of  Future  Past âĢ Ļ s  $ 514 M . 
 
 War ner  Bros .  In  other  superhero  news ,  Warner  Bros / DC âĢ Ļ s  Justice  League  dropped  48 . 5 %  from  last  weekend  to  l asso  $ 36 . 8 M  in  the  3 rd"
burka,22732,",  Dun and  launched  a  two - run  blast  to  left  field  and  Brett  Kinn eman  followed  with  a  solo  shot  to  right  field . 
 
 BRE AKING  -  With  the  win ,  # Pack 9  HC  Elliott  A vent  earns  his  1 , 000 th  career  win ,  one  of  17  active  head  coaches  to  reach  the  mark  # STAT EMENT"
burka,22732," s Ã© ries  Vintage  Bright 
 
 âĢ¢  X SR  s Ã© ries 
 
 âĢ¢  Art isan  S Ã© ries The  D NI  report  was  more  about  slamming  RT  ( Russia  Today )  propaganda  than  it  was  about  proving  the  Russians  hacked .  The  report  doesn âĢ Ļ t  put  much  emphasis  on  Russians  hacking  elections ,  it  focuses  on  Russians  âĢ"
burka,22732," the  film .[ 54 ]  Danish  band  Luk as  Graham  also  contributed  an  original  song  for  the  film  titled  "" Off  to  See  the  World "", [ 55 ]  which  was  used  in  the  film 's  first  trailer  and  played  over  the  closing  credits .  Other  artists  included  in  the  album  are  DN CE  and  CL .[ 56 ][ 57 ] 
 
"
burka,22732," Kelly  wrote .  "" But  it 's  more  a  question  of  degree  than  principle ,  for  they  both  spring  from  the  same  tap root .  Neither  can  exist  without  the  foundational  principle  that  it  is  acceptable  to  force  someone  into  an  unwanted  economic  relationship .  Mor ally ,  and  as  a  matter  of  law ,  they  are  the  same ."" 
 
 Asked"
burka,22732,"/ Getty  Images 
 
 Jeff  Car val ho ,  executive  editor  at  High sn ob iety  and  Select ism ,  says  one  way  they âĢ Ļ re  trying  to  differentiate  themselves  from  the  glut  of  sites  out  there  is  by  cultivating  a  unique  perspective  and  original  voice ,  something  he  originally  avoided  when  he  started  at  Select ism  in  2007 . 
"
burka,22732,"ds  and  swallowed  the  seeds  because  their  taste  buds  didn âĢ Ļ t  register  the  bitterness .  Their  bodies  also  were  large  enough  to  absorb  the  toxins  without  harm . 
 
 Squ ash  seeds  found  in  fossil ized  mammoth  d ung  is  clear  evidence  that  these  prehistoric  giants  ate  the  bitter  squash  and  that  the  wild  plant  relied  on  them  to  disperse"
burka,22732," wanted  to  restore  the  whole  patient  to  scientific  papers ,  and  leave  aside  the  abstract ions ,  and  even ,  he  confessed ,  the  description  of  personality  with  statistics .  Can  we  human  beings  be  understood  solely  in  terms  of  our  elements ,  our  molecules ,  atoms ,  our  parts ,  our  circuits ,  our  reflex es ,  even  our  behaviours ?  Or"
burka,22732," to  shoe  retailers  to  online  gambling  sites  are  beginning  to  accept  Bitcoin . 
 
 âĢ ľ I  think  we  will  start  to  see  people  sell  houses  for  Bitcoin , âĢ Ŀ  he  said .  âĢ ľ It  has  intrinsic  value  to  it ,  so  seeing  people  who  actually  make  transactions  for  high - value  items  –  not  surprising  at  all . âĢ"
burka,22732," election  since  2000  would  win  a  $ 10 , 000  bounty . 
 
 St ating  that  voter  fraud  is ,  in  fact ,  insignificant ,  Tr anch ina âĢ Ļ s  campaign  will  maintain  that  actions  to  ram  through  voter  fraud  laws  requiring  government - issued  photo  IDs  are  a  thinly  disguised  Republican  power  grab .  Even  the  Bush  administration  refuted  those"
burka,22732,",  the  Paris - based  Italian  cout ur ier  and  Chan el âĢ Ļ s  nem esis ,  was  most  closely  associated  with  this  movement  and  she  aligned  herself  with  artists  like  Jean  Co ct e au  and  Marcel  Vert Ã¨ s .  Sur real ism  made  its  way  into  V ogue ,  too .  Not  only  did  Dal ÃŃ  become  a  frequent"
burka,22732,"
 
 His  body  was  found  in  woods  close  to  his  home  in  Oxford shire  on  July  18 ,  2003 .  Unique ly ,  for  an  unexpected  death  such  as  his ,  no  coroner âĢ Ļ s  inquest  has  ever  been  held . 
 
 The  public  inquiry  into  his  death  chaired  by  Lord  H utton  found  that  he  killed  himself  after  slashing"
burka,22732," they  have  created  a  drug  with  the  makeup  I  require .  The  report  will  be  based  on  high - pressure  liquid  chrom atography ,  which  chem ists  use  to  match  a  sample  to  library  of  known  compounds ,  and  nuclear  magnetic  resonance ,  which  can  reveal  the  structure  of  a  molecule ,  regardless  of  whether  it  has  been  studied  previously . 
 
"
burka,22732," the  idea  for  Ves per ,  but  I  didn âĢ Ļ t  know  about  it  in  advance . 
 
 W isk us :  Last  summer ,  Justin  Williams  suggested  that  we  work  on  an  idea  John  mentioned  to  him .  Justin  had  to  drop  out  to  keep  up  with  freelance  work ,  but  I  had  completed  a  few  iterations  of  design ."
burka,22732," and  inequality .  Without  strong  institutions ,  the  people  come  to  rely  more  on  their  z a âĢ Ļ ims ,  and  are  coerced  into  favoring  privatization  ( which  serves  the  z ai âĢ Ļ ms  and  their  inner  circle )  over  rest orative  public  policies .  This  is  turn  feeds  the  cycle  of  power lessness  and  separat eness . 
 
 On"
burka,22732," liberty  for  security -  we  can  live  in  a  secure  nation  which  also  uphold s  a  strong  commitment  to  civil  liberties .  This  legislation  ends  the  NSA âĢ Ļ s  drag net  surveillance  practices ,  while  putting  provisions  in  place  to  protect  the  privacy  of  American  citizens  through  real  and  lasting  change . âĢ Ŀ 
 
 While  the  bill  has  little  chance"
burka,22732," [  edit  ] 
 
 A  variant  known  as  the  FN  M le  1930  was  developed  in  7 . 65 ÃĹ 53 mm  Belgian  Ma user  by  FN  Her stal  and  adopted  by  the  Belgian  army .  The  M le  1930  is  basically  a  licensed  copy  of  the  Colt  Automatic  Machine  Rifle ,  Model  1925  ( R  75 ).[ 28 ]  The  M"
burka,22732,".  I  believe  that  as  it  is  now ,  F TR  has  reached  its  limits ,  there  is  nowhere  to  expand  –  in  fact ,  I  had  to  get  rid  of  some  topics  to  be  able  to  manage  the  amount  of  incoming  information . 
 
 And  add  one  more  factor  to  that .  There  is  nowhere  to  go  for  me  even  in"
burka,22732," to  get  together  and  share  ideas  for  taking  back  their  country .  The  IRS  had  other  ideas  about  them . 
 
 Five  years  after  the  Albuquerque  Tea  Party  applied  for  tax - exempt  status  under  section  501 ( c )( 4 )  of  the  tax  code ,  they  remain  in  limbo  —  their  application  apparently  no  closer  to  being  approved  or  denied"
burka,22732," Mac b eth ,  the  1973  movie  The  Optim ists  of  Nine  El ms ,  alongside  Peter  Sell ers ,  and  the  pilot  of  the  TV  sitcom  Open  All  Hours . 
 
 In  the  1970 s  and  1980 s  he  hosted  shows  including  Che gg ers  Plays  Pop ,  in  which  teams  of  children  from  rivals  schools  competed  against  each  other ;"
burka,22732,"
 
 Extra :  Jacob  Trou ba 
 
 St arter :  Matt  Murray 
 
 Back up :  John  Gibson 
 
 Res erve :  Connor  Hel le buy ck On  a  third - down  in  11 - on - 11  scrimmage ,  he  zoom ed  past  starting  left  tackle  Jake  Matthews  and  sacked  quarterback  Matt  Ryan .  Well ,  he  tagged"
burka,22732," ( I  guess  more ,  it 's  16 bit ),  instead  of  the  normal  max  of  5 . When  I  set  sc aped olls  to  F FF F ,  it  didn 't  get  used  upon  death ,  so  that  wasn 't  good . But  stuff  like  mon om ates ,  if  you  set  to  F FF F ,  you  can  still  use  them"
burka,22732," S  J ons son  R  ,  et  al .  Classification  criteria  for  S j og ren âĢ Ļ s  syndrome :  a  revised  version  of  the  European  criteria  proposed  by  the  American - European  Cons ensus  Group  ,  Ann  R he um  Dis  ,  2002  ,  vol .  61  ( pg .  5 54  -  8  )  ,  vol .( pg .  28"
burka,22732," Rose  maintains  that  the  history  of  e ugen ics  makes  this  field  of  research  difficult  to  reconcile  with  current  ethical  standards  for  science .[ 195 ] 
 
 L inda  Gott fred son  argues  that  suggestion  of  higher  ethical  standards  for  research  into  group  differences  in  intelligence  is  a  double  standard  applied  in  order  to  undermine  disliked  results .[ 197 ]  James  R"
burka,22732,"
 
 Ind ones ia âĢ Ļ s  pe at lands  hold  at  least  57  billion  tonnes  ( G ig aton nes  or  G t )  of  carbon ,  making  them  a  globally  significant  terrestrial  carbon  pool .  The  pool  is  comparable  to  the  Amazon ian  rain forest ,  which  holds  about  86  billion  tonnes . 
 
 To  limit  the  world  to"
burka,22732," Lake  completely ."" 
 
 Water  that  once  drained  into  the  lake  can  no  longer  do  so ,  she  said ,  because  of  dam ming  and  crop  irrigation . 
 
 Long - term  research  further  suggests  the  government 's  efforts  might  not  be  enough .  A  30 - year  study  published  in  2012  found  that  temperatures  in  the  k ar st  central"
burka,22732," [  edit  ] 
 
 Rec ipes  vary ,  but  traditional  preparation  involves  covering  1 – 3  lbs  of  ground  pork  shoulder  in  milk  or  water  in  a  large  pot ,  then  seasoning  with  onions  and  a  mix  of  spices .  The  blend  of  spices  varies  from  recipe  to  recipe ,  but  nearly  all  include  ground  cloves .  Other  spices  often  used  include"
burka,22732," 31 .  Hu obi  announced  that  new  user  registration  and  C NY  deposit  service  have  already  stopped ,  stating  that : 
 
 The  actual  closing  of  C NY  trading  will  take  place  on  October  31 st .  We  will  close  all  C NY  to  cryptocurrencies  trading  one  asset  at  a  time . 
 
 Ok coin  similarly  posted  a  notice  on  Friday"
burka,22732," Canadian  newspaper  The  National  Post  was  largely  dec ried  for  being  homophobic  rather  than  trans ph obic  despite  being  almost  entirely  based  around  promoting  fear  of  transgender ism ,  and  how  the  narrative  of  P FC  Manning  has  been  written  as  the  story  of  a  gay  man  in  the  military ,  despite  the  fact  that  the  evidence  clearly  shows  she  had  been  planning"
burka,22732," the  Ecuador ian  embassy  in  London  would  be  coming  to  an  end  should  Ecuador ian  presidential  hopeful  Gu iller mo  L asso  win  the  election  next  week . 
 
 L asso  made  the  remarks  in  an  interview  to  the  Guardian  on  9  February .  "" The  Ecuador ian  people  have  been  paying  a  cost  that  we  should  not  have  to  bear ,"""
burka,22732," an  inadequate ,  small ,  and  obsolete  assortment  of  domestic  and  foreign  machine  gun  designs ,  due  primarily  to  bureaucratic  indec ision  and  the  lack  of  an  established  military  doctrine  for  their  employment .  When  the  1917  United  States  declaration  of  war  on  Germany  was  announced  on  6  April  1917 ,  the  high  command  was  made  aware  that  to  fight  this  trench  war"
burka,22732,"
 
 âĢ ľ I  thought  the  whole  group  did  a  good  job  of  staying  focused , âĢ Ŀ  said  He xt all .  âĢ ľ The  coaching  staff  did  an  outstanding  job  getting  the  players  that  we  had  [ here ]  ready  to  play .  I  think  the  guys  were  really  good  about  it ,  they  understand  the  business  part  of  the"
burka,22732,"/ The  Times 
 
 Net  migration  has  reached  a  record  336 , 000  as  figures  published  yesterday  showed  that  Roman ians  are  now  the  third  biggest  group  coming  to  the  UK . 
 
 Officials  said  the  latest  increase  was  driven  by  a  âĢ ľ stat istically  significant âĢ Ŀ  rise  in  the  overall  number  of  immigrants ,  with  many  of  them"
burka,22732,"/ The  Times 
 
 Net  migration  has  reached  a  record  336 , 000  as  figures  published  yesterday  showed  that  Roman ians  are  now  the  third  biggest  group  coming  to  the  UK . 
 
 Officials  said  the  latest  increase  was  driven  by  a  âĢ ľ stat istically  significant âĢ Ŀ  rise  in  the  overall  number  of  immigrants ,  with  many  of  them"
burka,22732," out sp ent  the  candidates ,  a  USA  TODAY  analysis  shows .  Other  trends :  âĢ¢ In  the  48  House  contests  in  which  outside  groups  spent  a  combined  $ 1  million  or  more ,  Republicans  won  two - thirds ,  a  USA  TODAY  analysis  of  election  results  and  campaign  reports  shows .  In  one  Up state  New  York  district ,  conservative  groups  such"
burka,22732," 1893 .  This  problem  affected  the  entire  Great  Lakes .  Michigan  started  a  hat cher ies  program .  This  helped ,  but  not  enough ,  so  in  1897  a  law  closing  the  season  during  the  fall  spawning  period  was  passed .  The  Beaver  Island  fisherman ,  notoriously  independent ,  announced  that  this  did  not  apply  to  them ,  so  in  1898  a  w"
burka,22732,". 
 
 She  also  said  that  she  would  protect  her  family ,  even  though  they  were  all  inf id els .  Then  she  hung  up . 
 
 Her  mother  describes  herself  as  an  atheist ,  while  her  father ,  Kam al  Me hen ni ,  is  a  Muslim .  He  was  born  in  France ,  the  son  of  a  French  woman"
burka,22732,"- f amer  who  is  another  NHL  goalie  legend  won  his  Calder  Trophy  is  69 - 70 .  Tony  Es pos ito  had  a  great  NHL  career . 
 
 Going  back  a  little  further ,  the  55 - 56  Calder  Trophy  winner  Glenn  Hall  went  on  to  win  3  Ve z ina  Tro phies  during  his  career  with  1  Stanley  Cup  coming"
burka,22732," died  horribly . âĢ Ŀ 
 
 âĢ ľ Oh  no . âĢ Ŀ 
 
 âĢ ľ She  was  always  tough ,  but  she  wasn âĢ Ļ t âĢ¦  all  that  stable ,  even  to  start  with .  And  losing  her  original  tree  was  a  big  blow  to  her  sanity .  Dry ads  don âĢ Ļ t  usually  survive  that – they"
burka,22732," have  for  directions  are  a  vague  take  the  third  left  after  the  second  Mosque  once  you  hit  Al  Was l  Rd . 
 
 Similarly ,  if  you  want  to  hail  an  Uber  to  help  you  collect  something  and  then  return  home  in  the  same  car  it  is  tricky  to  do  as  you  can âĢ Ļ t  specify  a  round - trip  as"
burka,22732,".  That âĢ Ļ s  basically  a  Hedge  Fund ! 
 
 So  far  I  have  been  playing  3  Sub lim inal  Mess aging  in  any  deck  I  make ,  to  try  it .  And  so  far  it  is  quite  interesting .  It  definitely  seems  best  in  J int eki ,  who  both  makes  the  runner  not  want  to  run ,  and  runs"
burka,22732," Kos ov its a  G  T oli  E  Li ak os  A  Personality  and  psychopath ology  in  patients  with  primary  S j og ren âĢ Ļ s  syndrome  ,  Ter  Ark h  ,  1988  ,  vol .  60  ( pg .  49  -  52  )  ,  vol .( pg .  3  D ros os  AA  Angel opoulos  NV  Li ak os  A  M"
burka,22732," among  other  person as ? 
 
 Y osh its une  ( 186  votes )  Alice  ( 136  votes )  Jack  Frost  ( 123  votes )  Loki  ( 109  votes )  Mara  ( 81  votes )  Black  Frost  ( 48  votes )  Seth  ( 36  votes )  Nek o  Shogun  ( 36  votes )  Trump eter  ( 29  votes )  King  Frost  ("
burka,22732," of  Service  which  can  be  found  here . 
 
 * Pay ment  is  by  PayPal . 
 
 Please  note :  If  you  are  already  a  writer / cont ribut or  at  The  Good  Men  Project ,  log  in  here  before  registering .  ( Request  new  password  if  needed ). 
 
 âĹ Ĭ âĻ¦ âĹ Ĭ 
 
 ANN UAL  PL"
burka,22732,",  tedious  four  year  process  for  hormones  to  do  their  breast  development ,  skin  tone ,  body  hair ,  fat  redistribution  thing .  No  irritating  legal  has s les  with  changing  name  and  documentation .  No  emotional  roller - co aster .  No  spontaneous  bursts  of  tears .  No  voice  training .  No  re - learning  your  body  language  and  manner isms ."
burka,24062,"wan inger  said  the  agency  is  working  to  make  sure  residents  of  the  senior  community  are  safe  and  their  families  are  informed  about  updates  in  the  case ,  too . 
 
 âĢ ľ Our  hearts  go  out  to  Mr .  Nguyen âĢ Ļ s  family  for  their  loss ,  and  they  will  be  in  our  thoughts .  Little  River  Glen  is  a"
burka,24062,"ain wright  around ."" 
 
 Har per 
 
 âĢ¢  We  all  g ush  over  Bryce  Harper 's  power .  One  scout  we  talked  to  g ushed  about  something  else :  his  hust le .  "" I  saw  him  hit  a  routine  ground  ball  to  shortstop ,  and  I  got  him  running  to  first  in  under  four  seconds ,""  the  scout  said"
burka,24062," For ney  Center  talking  about  the  religious  abuse  and  family  rejection  they  endured  in  their  Christian  homes .  The  stories  they  tell  of  physical  and  verbal  abuse  and  the  destructive  toll  taken  on  their  young  selves  are  very  hard  to  hear ,  but  it  is  important  that  we  listen . 
 
 A  recent  study  by  the  Family  Accept ance  Project  on  the"
burka,24062,"iewicz  was  found  dead  later  that  day . 
 
 The  lieutenant  sent  word  over  his  radio  at  7 : 52  a . m .  that  he  was  pursuing  a  trio  on  foot .  Three  minutes  later ,  he  requested  backup .  Radio  communication  dropped  off .  Col le agues  would  not  hear  Gl in iewicz 's  voice  again . 
 
 The"
burka,24062," New field  points  out  in  Un making  the  Public  University  ( 2008 ),  that âĢ Ļ s  the  kind  of  unemployment  rate  you âĢ Ļ d  expect  to  find  among  inner - city  high  school  drop outs .  And  this  was  before  the  financial  collapse .  In  the  past  three  years ,  the  market  has  been  a  blood bath :  often  only  a"
burka,24062,"ler  knows  what  he  heard ,  and  is  already  thinking  about  how  to  carry  on  when  he  loses  the  building  in  mid - 2017 .  One  thing  is  certain :  He  won âĢ Ļ t  give  up  on  the  poor .  He âĢ Ļ s  profoundly  committed  to  serving  them  —  sees  it  as  a  religious  obligation  —  and  nothing  like  a  gent"
burka,24062,iani  Val v ole - CS F  In ox  0 : 01 : 28  35  Martin  Elm iger  ( Sw i )  I AM  Cycling  0 : 01 : 39  36  Ma arten  T j alling ii  ( N ed )  Bel kin  Pro  Cycling  Team  37  Rob  Ru ij gh  ( N ed )  Vac ans ole il - DC M  Pro
burka,24062,"utton âĢ Ļ s  investigation ,  it âĢ Ļ s  essential  there  should  now  be  a  full  coroner âĢ Ļ s  inquest . âĢ Ļ The  Catholic  Arch di ocese  of  Kansas  City  has  decided  to  cut  ties  with  the  Girl  Scouts . 
 
 Arch bishop  Joseph  F  Na umann  announced  on  Monday  that  he âĢ Ļ s  asked  churches  in  his"
burka,24062,"son ,  they  don âĢ Ļ t  much  like  it .  âĢ ľ Of  course  it  affects  our  reputation , âĢ Ŀ  says  K elli  Hill iard  of  the  Kansas  Tourism  Board ,  pointing  towards  efforts  to  change  that ,  like  a  set  of  scenic ,  rolling  by ways ,  and  an  Instagram  account  called  âĢ ľ k ansas aint flat . âĢ"
burka,24062," Sens en b ren ner  of  Wisconsin ,  reminded  the  government  that  the  act  was  up  for  renewal  in  2015 .  The  provisions  for  phone  metadata  collection ,  he  warned ,  have  "" got  to  be  changed  âĢ¦  otherwise  in  a  year  or  year  and  a  half  you 're  not  going  to  have  it  any  more ."" 
 
 Ing lis '  admission"
burka,24062," F its an akis 
 
 General  Yuri  Ivan ovich  Dro z d ov ,  who  held  senior  positions  in  the  Soviet  KGB  for  35  years ,  and  handled  a  global  network  of  Soviet  undercover  officers  from  1979  until  1991 ,  has  died  at  the  age  of  91 .  Dro z d ov  was  born  in  M insk ,  Soviet  Belarus ,  in"
burka,24062," Morris sey ,  Or te ga âĢ Ļ s  attorney ,  said  is  unacceptable : 
 
 "" Quite  frankly ,  why  it  takes  the  department  this  long  to  complete  a  report  for  an  incident  like  this  is  inex cus able . âĢ Ŀ  Morris sey  said  the  footage  doesn âĢ Ļ t  show  any  evidence  of  Or te ga  acting  aggressively  towards"
burka,24062," Ch arn ley  after  the  Leicester  game . 
 
 He  said :  âĢ ľ I  had  a  quick  chat  with  Lee  Ch arn ley ,  but  it  was  nothing  serious . 
 
 âĢ ľ He  was  basically  just  asking  how  I  was  and  how  I  was  feeling .  It  was  a  nice ,  calm  conversation . âĢ Ŀ 
 
 New"
burka,24062,"ann  K ast en berger .  Adapt ed  from  the  novel  by  Martin  Prin z ,  the  quiet  yet  kinetic  and  visually  elegant  film  mixes  the  robber 's  get aways  with  races  from  his  earlier  life  as  a  potential  marathon  runner .  Adren aline  and  ecstasy  at  their  best  and  worst  are  shown  in  this  examination  of  a  man  who  "" only  feels"
burka,24062,"ann  K ast en berger .  Adapt ed  from  the  novel  by  Martin  Prin z ,  the  quiet  yet  kinetic  and  visually  elegant  film  mixes  the  robber 's  get aways  with  races  from  his  earlier  life  as  a  potential  marathon  runner .  Adren aline  and  ecstasy  at  their  best  and  worst  are  shown  in  this  examination  of  a  man  who  "" only  feels"
burka,24062," Fre re - Jones âĢ Ļ  Ideal  Sans )  and  the  design  of  the  tags  and  the  filter  list .  It âĢ Ļ s  simple  enough  not  to  get  in  my  way  with  a  lot  of  f idd ly  organizational  features ,  but  provides  me  with  more  structure  than  something  like  the  Notes  app .  T agging  notes  made  a  lot  of  sense"
burka,24062," Tal bert ,  resident ,  said . The  storms  cut  a  four  to  five  mile  path  of  destruction  and  damaged  about  half  a  dozen  buildings  from  Round  Lake  to  Wild wood ."" We 've  had  s irens  go  off  many  times  before .  And  you  never  think  it 's  going  to  be  as  bad  as  it  is .  This  is  terrible ,""  Alison"
burka,24062,icken lo oper  ( D )  has  hired  a  Washington  lobbying  firm  that  represents  insurers  and  other  health  care  industry  companies  and  groups  opposed  to  single - payer  health  care  to  lobby  in  favor  of  his  insurer - friendly  alternative  to  Bernie  Sanders âĢ Ļ  âĢ ľ Medic are  for  All âĢ Ŀ  proposal .  The  firm  was  hired  by  H icken lo
burka,24062,"stein  Hy att  to  advocate  for  the  governor âĢ Ļ s  interests  in  Washington  after  the  firm  and  its  partners  collectively  delivered  more  than  $ 85 , 000  to  groups  supporting  the  Democratic  governor âĢ Ļ s  election  campaigns ,  according  to  data  from  Political Money Line . com ,  the  Center  for  Respons ive  Politics  and  the  National  Institute  on  Money  in"
burka,24062,"stein  Hy att  to  advocate  for  the  governor âĢ Ļ s  interests  in  Washington  after  the  firm  and  its  partners  collectively  delivered  more  than  $ 85 , 000  to  groups  supporting  the  Democratic  governor âĢ Ļ s  election  campaigns ,  according  to  data  from  Political Money Line . com ,  the  Center  for  Respons ive  Politics  and  the  National  Institute  on  Money  in"
burka,24062,"stein  point  out  in  their  comprehensive  study  The  American  Faculty  ( 2006 ),  the  move  to  part - time  labor  is  already  an  old  story .  Less  visible  but  equally  important  has  been  the  advent  and  rapid  expansion  of  full - time  positions  that  are  not  tenure - eligible .  No  one  talks  about  this  transformation — the  creation  of  yet  another  academic"
burka,24062,"stein  replies . 
 
 A  month  later ,  on  the  first  day  of  school  in  Fort  Lee ,  Wild stein  arrives  at  the  bridge  at  dawn  to  superv ise  the  implementation  of  his  plan ,  which  he  calls  a  âĢ ľ tra ffic  study . âĢ Ŀ  All  the  Port  Authority  employees  involved  know  something  strange  and  col oss ally  stupid  is"
burka,24062,"stein  replies . 
 
 A  month  later ,  on  the  first  day  of  school  in  Fort  Lee ,  Wild stein  arrives  at  the  bridge  at  dawn  to  superv ise  the  implementation  of  his  plan ,  which  he  calls  a  âĢ ľ tra ffic  study . âĢ Ŀ  All  the  Port  Authority  employees  involved  know  something  strange  and  col oss ally  stupid  is"
burka,24062," Sid or ovich ,  Cy LL l KA ,  d andy ,  Des cru o ,  dim a ,  Ol ga ,  Le STAT ,  Mad Max ,  Man 0 wa R ,  Chap a ev ,  Cy 27 - d w ,  Sh ys h kin ,  Narr ator ,  R ol ik ,  At em ,  Y ava ,  and  many"
burka,24062,"cock – Johnson  Tests  of  Cognitive  Abilities ,  estimated  that  the  black - white  IQ  difference  decreased  by  about  one - half  of  one  standard  deviation  from  those  born  in  the  1920 s  to  those  born  in  the  second  half  of  the  1960 s  and  early  1970 s .  Recent  reviews  by  Flynn  and  Dickens  ( 2006 ),  Mack intosh  ( 2011 ),"
burka,24062," Tommy  Tu ber ville ,  a  former  Ole  Miss  coach .  "" Rec ru iting  is  so  much  more  involved  and  there 's  a  lot  more  on  the  line .  Auburn  and  Alabama  is  more  of  a  rivalry  game  between  the  players ,  coaches  and  fans .  But  probably  80  percent  of  the  guys  signed  by  Ole  Miss  every  year  were  recruited  by"
burka,24062, Val gren  Andersen  ( Den )  Team  Cult  E ner gi  12  Bryan  Co qu ard  ( Fra )  Team  Euro p car  0 : 11 : 30  13  Marco  Hall er  ( Aut )  Kat usha  0 : 12 : 08  14  Martin  Gr Ã¸ n  ( Den )  Team  Concord ia  Fors ik ring - R iw al  0 : 13
burka,24062,"man  said .  "" Just  focusing  on  hockey  and  writing  is  something  that  I 'll  obviously  continue  to  do . 
 
 "" Writing  is  going  to  last  longer  than  hockey .  You  can 't  play  hockey  forever ,  but  [ you ]  definitely  can  write  forever .  Just  enjoying  it ;  it 's  amazing .  I  get  to  live  the  life  of"
burka,24062,"- no  S aney oshi ,  Grand  General  of  the  Right ,  was  elevated  to  the  role  of  Grand  General  of  the  Left ;  and  the  former  Fuji w ara - no  Kan en aga  ( aged  17 )  was  elevated  to  take  on  the  newly  vacated  role  of  Grand  General  of  the  Right .  Ky Å« ju  2  ,  on  the  23"
burka,24062," S ued feld ,  Bo ch ner ,  &  W ne k ,  1972 ).  We  hope  this  to  be  the  beginning  of  the  discussion  with  respect  to  complexity  and  have  no  illusions  of  it  being  the  last  word . 
 
 Acknowled gments  Port ions  of  this  article  were  presented  at  the  2012  Annual  Meeting  of  the  International  Society  of  Political  Psychology"
burka,24062," V igl iet ta  doesn âĢ Ļ t  try  to  tackle  the  complexity  of  using  other  types  of  le m ming .  A  similar  stretch  allows  him  to  classify  StarCraft  as  NP - hard ,  where  by  each  player  is  trying  to  produce  the  right  units  to  allow  him  to  traverse  a  certain  path  ( to  the  enemy âĢ Ļ s  base )."
burka,24062,"na  Williams . 
 
 AG :  Did  you  ever  have  body  image  issues ? 
 
 RR :  Huge  body  image  issues  growing  up .  Big  time !  I  absolutely  lo athed  how  I  looked  until  I  was  around  22  years  old . 
 
 AG :  What  happened  at  22  that  changed  that  trajectory ? 
 
 RR :  I  stopped"
burka,24062," Carlson 's  interpretation  of  Tang ,  "" Tang  et  al .' s  point  was  that  ancient  geographic  ancestry  rather  than  current  residence  is  associated  with  self - ident ification  and  not  that  such  self - ident ification  provides  evidence  for  the  existence  of  biological  race .""[ 41 ] 
 
 An throp ologist  C .  L oring  Br ace [ 42 ]  and"
burka,24062," Pelosi  was ,  for  a  politician ,  refreshing ly  enthusiastic  about  the  latest  campaign  by  her  party 's  working  group .  ""   Tonight ,  our  Democratic  # Women W ear White  in  support  of  women 's  rights  -  in  spite  of  a  P OTUS  who  doesn 't ! ,""  she  tweeted . Pat ent  Troll  That  Acc used  Company  Of  ' H"
burka,24062," Bol iv ar  and  this  country  is  prepared  to  fight  to  rep el  any  aggression  against  Venezuela  on  the  part  of  the  United  States , âĢ Ŀ  the  Not ic ias 24  news  portal  quoted  Morales  as  saying  during  an  emergency  meeting  in  Car acas  of  the  Bol iv arian  Alliance  for  the  Peoples  of  Our  America  ( AL BA ),  an  inter"
burka,24062,"wan  was  an  unparalleled  source  in  our  history . âĢ Ŀ E li  Ze ira ,  who  was  the  head  of  Military  Intelligence  during  the  Y om  K ipp ur  War ,  led  the  double - agent  theory ,  but  it  turns  out  that  in  the  intelligence  division ,  Ze ira  wasn âĢ Ļ t  alone  in  his  theory :  Maj .- Gen"
burka,24062," a  vile  attack  was  filmed  and  broadcast  live  on  Per isc ope . 
 
 India  Kirk sey  was  dragged  into  court  after  police  say  she  admitting  performing  the  sex  act  on  the  young  child  in  Cincinnati ,  in  the  USA . 
 
 The  20 - year - old  from  West  Price  Hill  was  arrested  after  someone  watching  the  live  stream  more"
burka,24062," Denver ,  Colorado .  Joseph  Green lee  (@ Joseph _ Green lee )  is  an  attorney  in  Steam boat  Springs . M ETA IR IE ,  La .  --  Drew  Brees  was  critical  Wednesday  of  the  way  NFL  commissioner  Roger  Goodell  has  handled  disciplinary  issues  in  recent  years  -  including  the  New  Orleans  Saints '  bounty  investigation . 
 
 And  Brees  said"
burka,24062,"âĢ Ŀ  said  R addon ,  a  former  producer  ( âĢ ľ A  Sl ipping  Down  Life âĢ Ŀ )  and  director  of  the  Los  Angeles  Film  Festival  from  2000  to  2009 .  âĢ ľ I  just  found  a  strong  affinity  to  how  people  were  building  business  up  there . âĢ Ŀ 
 
 Also  read :  The Gr ill :  Online -"
burka,24062," contacted  Margaret  O âĢ Ļ Reilly  and  explained  my  research  to  her .  She  cord ially  agreed  to  drop  all  charges  against  Dr .  Rahman ,  and  instead  to  sue  the  real  culprit .  Margaret  O âĢ Ļ Reilly  is  now  suing  the  American  Psychiatric  Association .  We  both  agreed  that  obviously  the  AMA  failed  to  adequately  explain  the  discipline  of  psychiatry  to"
burka,24062," vegetarian ?  Moses  loved  all  Jews  and  he âĢ Ļ ll  forgive  me  for  transgress ing  his  command .  I  see  you âĢ Ļ ve  brought  bread  and  ol ives .  Have  bread  if  you  wish ,  but  I  only  eat  it  once  a  day  on  week days . âĢ Ŀ 
 
 At  one  o âĢ Ļ clock  in  the  morning  we"
burka,24062,"as . 
 
 K le iner  proposes  a  finance  model  similar  to  the  kind  of  boot stra pping  envisioned  in  Eb ene zer  Howard âĢ Ļ s  original  Garden  City  proposals :  colonists  would  pool  their  resources  to  buy  land  at  a  far  enough  distance  from  existing  population  centers  to  be  mostly  vacant  and  cheap ,  and  then  finance  municipal  services  with"
burka,24062,".  This  much  was  admitted  by  Bald erton  Capital ,  which  plans  now  to  stockpile  cash  and  invest  more  internationally .  Look  for  talented  British  entrepreneurs  suddenly  turning  up  in  Berlin ,  Stockholm ,  Lisbon  and  Barcelona . 
 
 But  one  of  the  greatest  myths  ever  told  about  the  tech  world  is  that  it âĢ Ļ s  about  technology .  The  truth"
burka,24062," some  Pad Ã©  approx im ations  of  order  5 ,  10 ,  and  15 . 
 
 t  =  np . ar ange ( 0 , 4 , 0 . 001 )  T delay  =  1 . 0  for  t au  in  [ 0 . 1 ,  0 . 2 ,  0 . 5 ,  1 . 0 ]:  fig  =  pl t"
burka,24062," ever  before .  I  found  my  way  back  to  my  old  friends . 
 
 Maybe  I 'm  becoming  myself  again . 
 
 Finally ,  ( I  know  you 're  worried  about  this )  you  will  meet  someone  else .  You  will  fall  in  love  again  and  this  time ,  it  will  be  about  more  than  your  wounds  matching  up  with  someone"
burka,25750, The  Ministry  of  Admission  at  G rest in  Border  Check point .  An  apartment  will  be  provided  for  you  and  your  family  in  East  G rest in .  Expect  a  Class - 8  dwelling .  Glory  to  Ar st ot z ka . The  communist  state  of  Ar st ot z ka  has  just  ended  a  6 - year  war  with  neighboring  K
burka,25750, The  Ministry  of  Admission  at  G rest in  Border  Check point .  An  apartment  will  be  provided  for  you  and  your  family  in  East  G rest in .  Expect  a  Class - 8  dwelling .  Glory  to  Ar st ot z ka . The  communist  state  of  Ar st ot z ka  has  just  ended  a  6 - year  war  with  neighboring  K
burka,25750,"
 
 James  P ian ka  -  US  West  Region 
 
 Craig  Gu ar isco  -  US  Northwest  Region 
 
 J enna  Pit man  -  US  Southwest  Region 
 
 R IS EN 
 
 You  didn 't  make  it  but  we  greatly  appreciate  your  sacrifice !  Track  the  campaign  and  receive  access  to  backer - exclusive  updates . 
 
"
burka,25750," the  hearing .  Sob ot ka  switched  agents  at  least  twice  last  season ,  from  Petr  Sv ob oda  to  Stephen  Bart lett  to  another  agent  named  Petr  Sv ob oda . 
 
 Wh ichever  fancy  suit  shows  up  has  plenty  of  ammo  to  make  his  case .  And  if  the  Blues  are  lucky ,  he 'll  beat  them  silly  enough  to"
burka,25750,"ster )  for  Best  ( 74  mins ),  E oin  Red dan  ( Old  Crescent / Le in ster )  for  Murray  ( 75  mins ), 
 
 Ref eree :  Nigel  Owens  ( W ales ) a 8 . 1 K  Shares  Share 
 
 Originally  published  in  two  parts  at  Ske p ch ick  and  Que ere ka  and  cross -"
burka,25750,"ch  rear  sight  and  a  slightly  longer  barrel .  Sub sequent  rifles  were  assembled  in  Poland  under  license  by  the  state  rifle  factory  ( Pa Å Ħ st w owa  Fab ry ka  Kar abin Ã³ w )  in  Warsaw .  The  w z .  1928  was  accepted  into  service  with  the  Polish  army  in  1927  under  the  formal  name  7 , 92"
burka,25750," from  the  West .  The  list  of  top  notch  visitors  from  the  West ,  claims  Kap oor ,  is  both  huge  and  impressive . 
 
 Cele br ated  sit ar  artist  Pand it  R avi  Shank ar âĢ Ļ s  ashes  were  immersed  in  the  holy  waters  of  Var anas i  by  his  daughters ,  An ous h ka  and  Nor ah"
burka,25750," terrorists .  Using  only  the  documents  provided  by  travelers  and  the  Ministry  of  Admission 's  primitive  inspect ,  search ,  and  fingerprint  systems  you  must  decide  who  can  enter  Ar st ot z ka  and  who  will  be  turned  away  or  arrested . 
 
 Copyright  2013  Â© ,  39 09  LLC .  All  rights  reserved .  âĢ ľ P apers ,  Please"
burka,25750," agent  says  it  pays  Sob ot ka  just  $ 8 . 5  million  over  three  years ,  with  $ 2 . 5  million  coming  in  2014 - 15 .  Taking  state  and  federal  taxes  into  consideration ,  he 's  still  making  more  in  Russia  despite  the  lower  dollar  amount ,  but  the  minimal  difference  paints  a  picture  of  a  principled  stand  rather  than"
burka,25750," agent  says  it  pays  Sob ot ka  just  $ 8 . 5  million  over  three  years ,  with  $ 2 . 5  million  coming  in  2014 - 15 .  Taking  state  and  federal  taxes  into  consideration ,  he 's  still  making  more  in  Russia  despite  the  lower  dollar  amount ,  but  the  minimal  difference  paints  a  picture  of  a  principled  stand  rather  than"
burka,25750,"
 
 Also  don âĢ Ļ t  forget  to  follow  me  on  Twitter  for  more  comic  book  and  fighting  game  goodness  –  King of breaker 
 
 Advertisements 06 . 07 . 2017 
 
 Sch al ke 
 
 Mit  O c zip ka  e in ig  –  jet z t  ge ht âĢ Ļ s  um  die  Ab l Ã¶ se"
burka,25750,"
 
 Also  don âĢ Ļ t  forget  to  follow  me  on  Twitter  for  more  comic  book  and  fighting  game  goodness  –  King of breaker 
 
 Advertisements 06 . 07 . 2017 
 
 Sch al ke 
 
 Mit  O c zip ka  e in ig  –  jet z t  ge ht âĢ Ļ s  um  die  Ab l Ã¶ se"
burka,25750," was  ...  orange 
 
 The  late  musical  artist 's  brand  has  been  all  about  the  color  purple 
 
 ( CNN )  Ty ka  Nelson  just  tweaked  a  major  part  of  Prince 's  legacy . 
 
 The  sister  of  the  late  superstar  talked  to  the  Evening  Standard  about  an  upcoming  exhibit  of  Prince  artifacts  set  to  open  in  London  and  mentioned"
burka,25750," acoustic  device . 
 
 For  more ,  we âĢ Ļ re  joined  by  Tara  H ous ka ,  national  campaigns  director  for  Honor  the  Earth . 
 
 Welcome  back  to  Democracy  Now !,  Tara .  Explain  what  took  place  yesterday ,  I  mean ,  the  video  and  the  photos  that  we  have  of  the  military  hardware ,  a  raid  against  the"
burka,25750," 2007  and  applied  for  more  welfare  benefits . 
 
 The  couple  continued  to  receive  assistance  when  they  moved  into  a  luxury  home  in  Deep haven ,  Min n .,  with  Andrea âĢ Ļ s  grandparents ,  El oise  and  Francis  He ide cker ,  in  March  2008 .  They  moved  into  another  home  in  Deep haven  on  Lake  Min net on ka"
burka,25750," templates  using  custom  code ,  essentially  "" h acking  into ""  our  own  templates  to  achieve  a  unusual  presentation .  A  great  example  of  this  is  the  work  that  our  design  techn ologist  Bart  Sz ys z ka  did  for  our  recent  series  on  China  and  the  environment ,  "" Ch oking  on  Growth ."" 
 
 Newsletter  Sign  Up  Continue  reading  the"
burka,25750," Sm ol ka  ( 10 - 1 )  are  awaiting  opponents  and  either  fight  would  be  a  solid  contenders  fight .  The  problem  with  fly weight  is  that  nobody  sees  anyone  being  able  to  beat  Dem et rious  Johnson ,  so  the  movement  in  the  top  ten  isn 't  focused  on  as  much  as  in  other  weight  classes . Have  a  question  about"
burka,25750," $ 10  billion  on  the  GM  bailout . A  woman  described  in  court  as  an  animal  lover  has  admitted  cutting  a  rabbit âĢ Ļ s  ears  off . 
 
 Te res ka  Al - R awi ,  of  Dirk hill  Road ,  claimed  she  amput ated  the  ears  by  accident . 
 
 Brad ford  and  Ke igh ley  Mag istrates âĢ"
burka,25750,Û Į  -  Kurdish  ( S or ani )  à¤ ® à¤ ° à¤¾ à¤ ł à¥ Ģ  -  Mar athi  à¤ ¹ à¤ ¿ à¤ ¨ à¥ į à¤ ¦ à¥ Ģ  -  Hindi  Ã Ń sl ens ka  -  Icelandic   à¦ ¬ à¦ ¾ à¦ Ĥ à¦ ² à¦ ¾  -  Beng ali  à¨ ª à© ° à¨ ľ à¨
burka,25750," chain  of  producers  and  distributors  who  supplied  tainted  drinks  to  retail  outlets ,  bars  and  kios ks . 
 
 Police  have  charged  23  people  with  various  crimes  related  to  making  and  spreading  poisonous  substances  after  raiding  40  premises ,  deputy  interior  minister  Jar oslav  H rus ka  said  today . 
 
 While  the  ban  locked  about  20  million  bottles  of  spirits"
burka,25750," chain  of  producers  and  distributors  who  supplied  tainted  drinks  to  retail  outlets ,  bars  and  kios ks . 
 
 Police  have  charged  23  people  with  various  crimes  related  to  making  and  spreading  poisonous  substances  after  raiding  40  premises ,  deputy  interior  minister  Jar oslav  H rus ka  said  today . 
 
 While  the  ban  locked  about  20  million  bottles  of  spirits"
burka,25750," Free ks ,  Dread  Mob z  –  all  have  crossed  the  stars  in  their  se et hing  mult itudes  to  join  the  greatest  Or k  crusade  in  a  millennium .  This  time ,  nothing  will  stop  the  green  tide .  In  this  book  you  will  find : 
 
 A  comprehensive  history  of  Gh az gh k ull  Th ra ka ,  his"
burka,25750,ite  Sob ot ka 's  eventual  return . This  amazing  chick pe a  p att ie  recipe  comes  from  my  Mama  ( thanks  m ama !).  The  recipe  is  an  adaptation  of  a  traditional  Pun j abi  dish  made  with  potatoes  called  âĢ ľ Al oo  T ikk is âĢ Ŀ  ( meaning  potato  p att ies ).  I  try  not  to  eat
burka,25750," may  be . 
 
 It 's  another  odd  turn  in  a  relationship  that  didn 't  need  to  go  sour .  Sob ot ka  is  coming  off  a  season  in  which  he  set  a  career - high  with  nine  goals  and  33  points  and  led  the  league  in  face - off  winning  percentage  ( 61 . 9 ).  Add  in  the  im me"
burka,25750," one  leader  they  would  crush  all  of  the  so - called  civil ised  peoples  of  the  galaxy .  That  do omsday  draws  nearer ,  for  the  great  greens kin  War lord  Gh az gh k ull  Th ra ka  has  arisen ,  and  Or ks  from  all  clans  muster  to  his  bell owing  war cry .  He  is  not  just  a  mighty  warrior"
burka,25750," watch  are  really  quite  simple :  âĢ ľ E ating ,  sleeping  and  po oping .  Really  just  like  a  baby . âĢ Ŀ  In  a  lot  of  ways ,  Mish ka  is  just  like  a  human  baby .  She  drinks  formula  from  a  bottle .  She  plays .  And  just  like  the  mom  of  a  newborn ,  Lah ner  is  sleep  deprived"
burka,25750," to  test  it  to  see !  There  is  some  chance  that  it  actually  becomes  a  tour ney  viable  deck ,  with  Mot ivation ,  E ure ka ,  Oracle  May ,  etc .  It  might  not  even  happen  in  Criminal ! 
 
 Ver dict :  If  Black guard  sounds  fun  to  you ,  go  test  the  hell  out  of  it !  If"
burka,25750,"ig io  in  Barcelona ! âĢ Ŀ 
 
 We  reckon  the  pint - sized  phenomenon  would  have  a  ball  on  this  machine .  And  he  probably  wouldn âĢ Ļ t  even  miss  the  seat  padding . 
 
 Marcus  Moto  Design  |  Facebook  |  Instagram  |  Images  by  Simon  Ham el ius Story  highlights  Ty ka  Nelson  says  her  brother 's  favorite"
burka,25750,u Ãª s  -  Portuguese  Portug u Ãª s  do  Bras il  -  Portuguese  ( Brazil ian )  Rom Ã¢ na  -  Romanian  Sh q ipe  -  Alban ian  Sloven Äį ina  -  Slov ak  Sloven Å¡ Äį ina  -  Sloven ian  Sr ps ki  -  Serbian  ( Latin )  Su omi  -  Finnish  Sven s ka  -  Swedish  T Ã¼r k Ã§
burka,25750,"urable  grit  and  competitiveness  he  brought  to  every  shift  and  it  was  clear  that  he  deserved  a  significant  raise  over  the  exp iring  deal  that  paid  him  $ 1 . 4  million .  After  several  proposals  from  both  sides  were  rejected ,  the  Blues  made  a  final  offer  of  one  year  at  $ 2 . 7  million .  Sob ot ka  held  firm"
burka,25750," Sid or ovich ,  Cy LL l KA ,  d andy ,  Des cru o ,  dim a ,  Ol ga ,  Le STAT ,  Mad Max ,  Man 0 wa R ,  Chap a ev ,  Cy 27 - d w ,  Sh ys h kin ,  Narr ator ,  R ol ik ,  At em ,  Y ava ,  and  many"
burka,25750,"enn  er  sch Ã¤ tz t  die  Qual it Ã¤ ten  O c zip kas  se hr  –  a uf  und  ne ben  dem  Pl atz .  Der  in  Berg isch  Glad bach  g eb ore ne  Prof i  hat  s ich  se it  2012  in  146  Bundes lig asp iel en  f Ã¼r  Frankfurt  ( z wei  T ore ,  22  Vor"
burka,25750,"][ Optional  Auto - Ex change  per  Coin ][ V ard iff ]  ~  Hash c ows  December  24 ,  2013 ,  07 : 43 : 28  PM  # 18 13  Quote  from :  eagle jam  on  December  24 ,  2013 ,  07 : 38 : 46  PM 
 
 What  is  even  more  scary  is  they  got  by  the  4 - digit"
burka,25750," the  construction  of  the  jet ty . 
 
 But  they  stressed  the  disposal  occurred  in  conjunction  with  the  Ministry  of  Public  Works ,  which  is  run  by  Hamas âĢ Ļ s  rivals  Fat ah . 
 
 Fat ah  leads  the  internationally  recognized  Palestinian  government ,  and  a  UN DP  probe  concluded  that  there  were  no  signs  of  Hamas  activity  in  the"
burka,25750," its  analysis ,  and  in  that  sense  I âĢ Ļ m  not  an  unbiased  reader .  At  the  same  time ,  I  was  interested  to  see  if  Harding  had  come  up  with  anything  that  everybody  else  had  not ,  and  was  willing  to  give  him  a  chance .  I  need n âĢ Ļ t  have  bothered .  For  alas ,  my  worst  suspicions"
burka,25750," and  Larry  Sl oman .  Scar  T issue  .  New  York ,  NY :  Hyper ion ,  2004 .  ISBN  1 - 401 3 - 01 01 - 0 . 
 
 .  New  York ,  NY :  Hyper ion ,  2004 .  ISBN  1 - 401 3 - 01 01 - 0 .  L arkin ,  Colin .  Red  Hot  Chili  Pe"
burka,25750," lands  used  for  the  maintenance  of  livestock  and  regulated  by  ancient  rights  pred ating  modern  laws  and  governments .  The  modern  commons ,  however ,  is  not  located  in  a  single  space ,  but  rather  spans  the  planet ,  offering  our  society  hope  for  a  way  out  from  the  class  strat ification  of  capitalism  by  undermining  its  logic  of  control  and  extraction âĢ¦."
burka,26991," German  election  represents  a  watershed .  The  chancellor  has  tri ump hed ,  and  her  coalition  partners  the  pro - business  Free  Democrats  are  shattered .  Germany  is  well  and  truly  Angela  Merkel  country .  more ... 
 
 Mini - Dr one  Incident  Shows  Security  Fail ings  Last  week ,  the  Federal  Criminal  Police  Office  ( B KA ),  which  is  responsible"
burka,26991," German  election  represents  a  watershed .  The  chancellor  has  tri ump hed ,  and  her  coalition  partners  the  pro - business  Free  Democrats  are  shattered .  Germany  is  well  and  truly  Angela  Merkel  country .  more ... 
 
 Mini - Dr one  Incident  Shows  Security  Fail ings  Last  week ,  the  Federal  Criminal  Police  Office  ( B KA ),  which  is  responsible"
burka,26991," including  ABC  --  reported  on  the  mis statement  during  its  evening  broadcast . 
 
 From  July  18  edition  of  MSNBC 's  Morning  Joe : 
 
 MI KA  BR ZE Z IN SK I  ( co - host ):  Let 's  talk  about  Barack  Obama 's  trip  overall .  MIT CH ELL :  My  pleasure .  BR ZE Z IN SK I"
burka,26991," including  ABC  --  reported  on  the  mis statement  during  its  evening  broadcast . 
 
 From  July  18  edition  of  MSNBC 's  Morning  Joe : 
 
 MI KA  BR ZE Z IN SK I  ( co - host ):  Let 's  talk  about  Barack  Obama 's  trip  overall .  MIT CH ELL :  My  pleasure .  BR ZE Z IN SK I"
burka,26991," Sid or ovich ,  Cy LL l KA ,  d andy ,  Des cru o ,  dim a ,  Ol ga ,  Le STAT ,  Mad Max ,  Man 0 wa R ,  Chap a ev ,  Cy 27 - d w ,  Sh ys h kin ,  Narr ator ,  R ol ik ,  At em ,  Y ava ,  and  many"
burka,26991," Sid or ovich ,  Cy LL l KA ,  d andy ,  Des cru o ,  dim a ,  Ol ga ,  Le STAT ,  Mad Max ,  Man 0 wa R ,  Chap a ev ,  Cy 27 - d w ,  Sh ys h kin ,  Narr ator ,  R ol ik ,  At em ,  Y ava ,  and  many"
burka,26991,"
 
 -  The  first  part  of  the  General  Duty  Citation  was  issued  because  the  employer  did  not  provide  proper  training  for  the  K A  Battle  Spear man  Warrior  employee  involved  in  the  accident  in  the  use  of  equipment  and  tasks  used  in  the  Ka  show ,  battle  scene  at  the  K A  Theater . 
 
 -  The  second  part  was  issued"
burka,26991,"
 
 -  The  first  part  of  the  General  Duty  Citation  was  issued  because  the  employer  did  not  provide  proper  training  for  the  K A  Battle  Spear man  Warrior  employee  involved  in  the  accident  in  the  use  of  equipment  and  tasks  used  in  the  Ka  show ,  battle  scene  at  the  K A  Theater . 
 
 -  The  second  part  was  issued"
burka,26991," e  f  g  h  White  to  move  and  win 
 
 The  main  line  goes : 
 
 1 .  N b 6 !  Q e 8  2 .  N d 7 !  K c 4  3 .  Q xc 7 +  K b 4  4 .  Q c 5 +  K b 3  5 .  Q c 3 +  Ka 4  6"
burka,26991," e  f  g  h  White  to  move  and  win 
 
 The  main  line  goes : 
 
 1 .  N b 6 !  Q e 8  2 .  N d 7 !  K c 4  3 .  Q xc 7 +  K b 4  4 .  Q c 5 +  K b 3  5 .  Q c 3 +  Ka 4  6"
burka,26991,". 
 
 âĢ ľ We  had  to  wait  for  everyone  to  come  up  and  harness  us  down , âĢ Ŀ  said  Ka ite  Corn et . 
 
 Officials  say  an  inspection  of  the  chair  lift  will  now  take  place  to  determine  what  went  wrong . 
 
 With  a  report  from  C TV  Vancouver âĢ Ļ s  Norm a  Reid Content"
burka,26991," the  death  of  Sarah  Gu ill ot - Guy ard ,  the  Cir que  du  Sole il  performer  who  fell  94  feet  during  the  clim actic  scene  of  Ka  on  June  29  and  later  died .  OS HA  determined  that  accident  happened  when  the  wire  rope  she  was  suspended  from  broke .  According  to  the  report ,  the  wire  rope  âĢ ľ was"
burka,26991," e inen  z u  ho hen  Pre is  z u  be z ah len ,  d enn :  Der  28  Jah re  al te  O c zip ka  hat  n ur  no ch  e in  Jah r  Vert rag  be i  den  H essen  und  w Ã¤ re  im  n Ã¤ ch sten  Som mer  ge ge ben en falls  f Ã¼r  l"
burka,26991, Nov o  Nord isk  54  Tyler  F arr ar  ( USA )  Garmin - Sharp  55  Olivier  Ka isen  ( Bel )  L otto  Bel isol  56  Martin  Vel its  ( S v k )  Omega  Pharma - Quick - Step  Cycling  Team  57  Mark o  K ump  ( S lo )  Team  Sax o - T ink off  58  Andrew  F enn
burka,26991," terrorists .  Using  only  the  documents  provided  by  travelers  and  the  Ministry  of  Admission 's  primitive  inspect ,  search ,  and  fingerprint  systems  you  must  decide  who  can  enter  Ar st ot z ka  and  who  will  be  turned  away  or  arrested . 
 
 Copyright  2013  Â© ,  39 09  LLC .  All  rights  reserved .  âĢ ľ P apers ,  Please"
burka,26991," 2007  and  applied  for  more  welfare  benefits . 
 
 The  couple  continued  to  receive  assistance  when  they  moved  into  a  luxury  home  in  Deep haven ,  Min n .,  with  Andrea âĢ Ļ s  grandparents ,  El oise  and  Francis  He ide cker ,  in  March  2008 .  They  moved  into  another  home  in  Deep haven  on  Lake  Min net on ka"
burka,26991,"ster )  for  Best  ( 74  mins ),  E oin  Red dan  ( Old  Crescent / Le in ster )  for  Murray  ( 75  mins ), 
 
 Ref eree :  Nigel  Owens  ( W ales ) a 8 . 1 K  Shares  Share 
 
 Originally  published  in  two  parts  at  Ske p ch ick  and  Que ere ka  and  cross -"
burka,26991," Q d 4 +  Ka 3  7 .  N c 5  Q b 8  8 .  Q a 1 +  K b 4  9 .  Na 6 + 
 
 and  White  wins  ( C her ne v  1989 : 207 – 8 ). 
 
 Books  [  edit  ] 
 
 Tro itz ky ,  A .  ( 19 24 ),  500"
burka,26991," to  the  senior  set - up  at  Old  Trafford . 
 
 A  Champions  League  debut  against  CS KA  Moscow  followed  the  next  season  before  injury  started  to  hinder  his  progress  in  establishing  himself  as  a  United  first - team  regular .  He  returned  to  score  in  a  top - of - the - table  clash  against  Chelsea  later  in  that  season ,"
burka,26991," was  ...  orange 
 
 The  late  musical  artist 's  brand  has  been  all  about  the  color  purple 
 
 ( CNN )  Ty ka  Nelson  just  tweaked  a  major  part  of  Prince 's  legacy . 
 
 The  sister  of  the  late  superstar  talked  to  the  Evening  Standard  about  an  upcoming  exhibit  of  Prince  artifacts  set  to  open  in  London  and  mentioned"
burka,26991," When  asked  how  big  the  houses  would  be ,  where  and  when  they  would  get  them ,  she  said  she  did  not  know . 
 
 Even  Al ka  V idy ad har ,  another  resident  of  Dam u  Nag ar ,  said  they  had  been  promised  houses  by  Yad av .  âĢ ľ I  lost  Rs  80 , 000  in  the  fire"
burka,26991,"ch  rear  sight  and  a  slightly  longer  barrel .  Sub sequent  rifles  were  assembled  in  Poland  under  license  by  the  state  rifle  factory  ( Pa Å Ħ st w owa  Fab ry ka  Kar abin Ã³ w )  in  Warsaw .  The  w z .  1928  was  accepted  into  service  with  the  Polish  army  in  1927  under  the  formal  name  7 , 92"
burka,26991," hat . 
 
 Radio  FF H  best Ã¤ t ig te  den  Inform ations stand  dies er  Zeit ung  vom  Int e res se  der  K Ã¶n igs bl au en  an  Bast ian  O c zip ka  von  E int r acht  Frankfurt  und  ge ht  s og ar  no ch  e inen  Schr itt  we iter :  L aut  dem"
burka,26991," templates  using  custom  code ,  essentially  "" h acking  into ""  our  own  templates  to  achieve  a  unusual  presentation .  A  great  example  of  this  is  the  work  that  our  design  techn ologist  Bart  Sz ys z ka  did  for  our  recent  series  on  China  and  the  environment ,  "" Ch oking  on  Growth ."" 
 
 Newsletter  Sign  Up  Continue  reading  the"
burka,26991," is  currently  running  for  a  U . S .  House  seat . 
 
 Other  speakers  included  W ND  editor  Joseph  Far ah ,  2004  Constitution  Party  presidential  candidate  Michael  Per out ka  and  retired  U . S .  Navy  Ad m .  James  Lyons .  Bel inda  Bee ,  a  principal  organizer  of  the  Sept .  11 ,  2013 ,  motorcycle  convoy"
burka,26991," is  currently  running  for  a  U . S .  House  seat . 
 
 Other  speakers  included  W ND  editor  Joseph  Far ah ,  2004  Constitution  Party  presidential  candidate  Michael  Per out ka  and  retired  U . S .  Navy  Ad m .  James  Lyons .  Bel inda  Bee ,  a  principal  organizer  of  the  Sept .  11 ,  2013 ,  motorcycle  convoy"
burka,26991," Bl en kins op ) The  St .  Louis  Blues  aren 't  ready  to  cut  ties  with  Russia - bound  forward  Vladimir  Sob ot ka  just  yet . 
 
 The  27 - year - old  restricted  free  agent  signed  a  three - year  contract  with  O ms k  of  the  K HL  earlier  this  week  after  he  couldn 't  come  to  an"
burka,26991," and  fiscal  policy  minister  Ka oru  Y os ano  described  the  current  slump  as  mild er  than  the  previous  slide ,  when  global  demand  "" ev apor ated  instantly "". 
 
 "" The  Japanese  economy 's  ability  to  rebound  is  sufficiently  strong ,''  Y os ano  said ,  according  to  the  Ky odo  News  agency . Philipp ine  President  Rodrigo  Duterte  and"
burka,26991," the  Senate . 
 
 This  story  was  updated  at  5  PM  on  Wednesday  with  a  response  from  Gov .  H icken lo oper 's  office . The  Seattle  Aqu arium  has  a  new  sea  ot ter  pup  named  Mish ka  –  that âĢ Ļ s  âĢ ľ little  bear âĢ Ŀ  in  Russian .  She  was  orphan ed  in  Alaska  last  July"
burka,26991," issued  because  the  employer  removed  equipment  from  a  fat ality  site  on  June  29  before  Nevada  OS HA  authorized  the  dismantling  and  removal  of  the  equipment  ( 38  feet  of  wire  rope  that  was  attached  to  the  victim  at  the  time  of  the  accident ).  $ 9 35  proposed  penalty . 
 
 M GM  Grand  Hotel  &  Casino : 
 
 -"
burka,26991," 12 th  month  ( 11 50 ):  S ess h Åį  Min amoto - no  Tad am ichi ,  resign s  his  position  and  is  named  Dai j Åį  Dai jin  .  In  this  same  month ,  Min amoto - no  Yosh ik ane  became  head  of  the  Ash ik aga  clan  in  Shim ots uke  Province .  [ 10 ] 
 
"
burka,26991,"Ļ s  a  bilateral  m oll usk  with  a  big - ass  head ,  Nelson  is  positively  g aga  over  it .  Nelson  is  a  Seattle - area  poet ,  and  you  can  understand  how  a  poet  might  fall  in  love  with  tent ac led  sea  creatures :  They âĢ Ļ re  romantic  figures ,  sk ul king  in  the  ocean — part"
burka,26991," in  the  r ipples  of  Native  American  movement  that  retreated  from  contact  with  the  whites ,  arriving  on  Beaver  Island  in  the  mid - 17 00 s .  At  times  they  were  recruited  to  help  in  skirm ishes  between  the  English  and  the  French ,  but  little  was  known  about  their  lives  until  Father  Bar aga  came  from  L ' Ar bre  Cro"
burka,26991,"aga  tended  to  dislike  Tad am ichi ,  and  they  employed  any  means  possible  to  help  elevate  Yor in aga 's  position .  However ,  Yor in aga  was  himself  generally  disliked  because  of  his  cap ric ious  character .  his  tactics  and  strategy  for  enhancing  his  own  prestige  were  focused  primarily  on  diminishing  Tad am ichi 's  role  in  the  court ."
burka,26991,"ĩ çļ ĩ åĲ İ )  or  first  em press .  [ 10 ] 
 
 ,  in  the  1 st  month  ( 11 50 ):  Kon oe  assumed  the  role  of  a  mature  adult ;  and  he  married  Fuji w ara - no  Tok oku ,  who  had  been  raised  by  Yor in aga .  Tok oku  was  the  daughter  of  T"
burka,26991,"enn  er  sch Ã¤ tz t  die  Qual it Ã¤ ten  O c zip kas  se hr  –  a uf  und  ne ben  dem  Pl atz .  Der  in  Berg isch  Glad bach  g eb ore ne  Prof i  hat  s ich  se it  2012  in  146  Bundes lig asp iel en  f Ã¼r  Frankfurt  ( z wei  T ore ,  22  Vor"
burka,26991,"kowski âĢ Ļ s  Alaska  Senate  seat  in  November ,  he  boasted  last  night  to  his  over  4 , 000  Twitter  followers  that ,  on  his  trip  to  DC  this  week ,  he  might  do  some  house  hunting .  And  perhaps  buy  some  furniture .  And  also  commission  a  name  plaque  for  the  door  of  his  future  Senate  office . 
 
 The"
burka,26991,".  A  variation  of  this  fin isher  was  included  in  MK II :  entering  a  different  button / joy stick  combination  added  the  spoken  "" To asty !""  phrase  that  simultaneously  appeared  on  the  screen .  While  the  "" Fire  Breath ""  was  brought  back  for  Mortal  K ombat  vs .  DC  Universe  in  2008 ,  his  spear  has  otherwise  served  as  his"
burka,26991," recognition  receptors  ( PR Rs )  that  are  expressed  on  the  DC s  of  the  host  [  13  37  ].  Through  contact  with  the  antigen ,  the  DC s  become  activated ,  allowing  them  to  act  as  antigen - present ing  cells  ( AP C )  after  the  migration  to  the  adjacent  lymph  nodes ,  with  the  ability  of  processing  and  presenting  the"
burka,26991,". 
 
 The  move  seems  a  lot  more  serious  now  that  Ak io  Toy oda  is  leading  the  effort ,  and  several  other  executives ,  managers ,  and  engineers  have  been  assigned  new  responsibilities  in  the  electric  vehicle  planning  department ,  including  the  chief  engineer  of  the  Pri us . 
 
 At  the  executive  level ,  the  changes  will  be  effective"
burka,26991," Media - owned  sports  Web  site  Dead spin  have  been  created  that  rely  on  local  media  reports  and  volunteers  who  input  information . 
 
 F atal  Enc ounters ,  founded  in  2012  by  Reno  News  &  Review  editor  and  publisher  Brian  Bur gh art ,  has  recorded  3 , 010  deaths ,  with  another  9 , 000  in  its  "" development  queue"
burka,26991,"
 
 Before  Patrick  spoke ,  the  U . S .  Supreme  Court  scrapped  plans  to  hear  a  major  transgender  rights  case  and  threw  out  a  lower  court âĢ Ļ s  ruling  in  favor  of  a  transgender  Virginia  student  after  President  Donald  Trump  rescind ed  a  policy  protecting  such  youths  under  federal  law . 
 
 A  business  group  including  some  of  the"
burka,26991,"1 . 06 
 
 3 . 67 
 
 5 . 16 
 
 1 . 35 
 
 1 . 06 
 
 100 . 00 
 
 2 . 36 
 
 0 . 85 
 
 1 . 38 
 
 string < char 8 _ t > / comp are 
 
 string < char 8 _ t"
burka,26991," the  suspect  vehicle  and  the  Trooper  with  a  digital  recording  device  in  hand .  SC OTT  proceeded  to  climb  up  onto  the  hood  of  the  car  and  then  sit  on  the  roof  of  the  car  with  his  legs  positioned  over  the  windshield ,  facing  the  Trooper  who  was  positioned  near  the  front  of  the  suspect  vehicle . 
 
 The  Trooper  diseng aged"
burka,26991,"p - j )! } (- x ) ^ j  \ cr  D _{ p , q } ( x )  & = &  \ sum \ limits _{ j = 0 } ^ q \ frac { ( p + q - j )! q ! }{ ( p + q )! j ! ( q - j )! } x ^"
burka,27959,"ster )  for  Best  ( 74  mins ),  E oin  Red dan  ( Old  Crescent / Le in ster )  for  Murray  ( 75  mins ), 
 
 Ref eree :  Nigel  Owens  ( W ales ) a 8 . 1 K  Shares  Share 
 
 Originally  published  in  two  parts  at  Ske p ch ick  and  Que ere ka  and  cross -"
burka,27959,"ster )  for  Best  ( 74  mins ),  E oin  Red dan  ( Old  Crescent / Le in ster )  for  Murray  ( 75  mins ), 
 
 Ref eree :  Nigel  Owens  ( W ales ) a 8 . 1 K  Shares  Share 
 
 Originally  published  in  two  parts  at  Ske p ch ick  and  Que ere ka  and  cross -"
burka,27959," 2007  and  applied  for  more  welfare  benefits . 
 
 The  couple  continued  to  receive  assistance  when  they  moved  into  a  luxury  home  in  Deep haven ,  Min n .,  with  Andrea âĢ Ļ s  grandparents ,  El oise  and  Francis  He ide cker ,  in  March  2008 .  They  moved  into  another  home  in  Deep haven  on  Lake  Min net on ka"
burka,27959," Free ks ,  Dread  Mob z  –  all  have  crossed  the  stars  in  their  se et hing  mult itudes  to  join  the  greatest  Or k  crusade  in  a  millennium .  This  time ,  nothing  will  stop  the  green  tide .  In  this  book  you  will  find : 
 
 A  comprehensive  history  of  Gh az gh k ull  Th ra ka ,  his"
burka,27959,"
 
 Also  don âĢ Ļ t  forget  to  follow  me  on  Twitter  for  more  comic  book  and  fighting  game  goodness  –  King of breaker 
 
 Advertisements 06 . 07 . 2017 
 
 Sch al ke 
 
 Mit  O c zip ka  e in ig  –  jet z t  ge ht âĢ Ļ s  um  die  Ab l Ã¶ se"
burka,27959," $ 10  billion  on  the  GM  bailout . A  woman  described  in  court  as  an  animal  lover  has  admitted  cutting  a  rabbit âĢ Ļ s  ears  off . 
 
 Te res ka  Al - R awi ,  of  Dirk hill  Road ,  claimed  she  amput ated  the  ears  by  accident . 
 
 Brad ford  and  Ke igh ley  Mag istrates âĢ"
burka,27959," Sm ol ka  ( 10 - 1 )  are  awaiting  opponents  and  either  fight  would  be  a  solid  contenders  fight .  The  problem  with  fly weight  is  that  nobody  sees  anyone  being  able  to  beat  Dem et rious  Johnson ,  so  the  movement  in  the  top  ten  isn 't  focused  on  as  much  as  in  other  weight  classes . Have  a  question  about"
burka,27959," acoustic  device . 
 
 For  more ,  we âĢ Ļ re  joined  by  Tara  H ous ka ,  national  campaigns  director  for  Honor  the  Earth . 
 
 Welcome  back  to  Democracy  Now !,  Tara .  Explain  what  took  place  yesterday ,  I  mean ,  the  video  and  the  photos  that  we  have  of  the  military  hardware ,  a  raid  against  the"
burka,27959,"te ku 
 
 Bal inese :  cer uring 
 
 B eng ali :  lot ka  ,  b h ubi 
 
 ,  Bur m ese :  l angs ak  ,  d uku 
 
 ,  C eb u ano :  bu ahan  ,  l ans ones 
 
 ,  English :  l angs at ,  lan z ones 
 
 J"
burka,27959, The  Ministry  of  Admission  at  G rest in  Border  Check point .  An  apartment  will  be  provided  for  you  and  your  family  in  East  G rest in .  Expect  a  Class - 8  dwelling .  Glory  to  Ar st ot z ka . The  communist  state  of  Ar st ot z ka  has  just  ended  a  6 - year  war  with  neighboring  K
burka,27959," was  ...  orange 
 
 The  late  musical  artist 's  brand  has  been  all  about  the  color  purple 
 
 ( CNN )  Ty ka  Nelson  just  tweaked  a  major  part  of  Prince 's  legacy . 
 
 The  sister  of  the  late  superstar  talked  to  the  Evening  Standard  about  an  upcoming  exhibit  of  Prince  artifacts  set  to  open  in  London  and  mentioned"
burka,27959," was  ...  orange 
 
 The  late  musical  artist 's  brand  has  been  all  about  the  color  purple 
 
 ( CNN )  Ty ka  Nelson  just  tweaked  a  major  part  of  Prince 's  legacy . 
 
 The  sister  of  the  late  superstar  talked  to  the  Evening  Standard  about  an  upcoming  exhibit  of  Prince  artifacts  set  to  open  in  London  and  mentioned"
burka,27959,",  when  she  comes  out ,  will  be  one  approach ,  but  I  am  not  sure  if  it âĢ Ļ s  the  only  one .  After  all ,  Criminal  already  has  a  great  console ,  Des per ado !  I  would  suggest  a  second  alternative :  Sh aper  with  Mot ivation  and  E ure ka  and  Sn itch .  Combine  that  with  Torch"
burka,27959," terrorists .  Using  only  the  documents  provided  by  travelers  and  the  Ministry  of  Admission 's  primitive  inspect ,  search ,  and  fingerprint  systems  you  must  decide  who  can  enter  Ar st ot z ka  and  who  will  be  turned  away  or  arrested . 
 
 Copyright  2013  Â© ,  39 09  LLC .  All  rights  reserved .  âĢ ľ P apers ,  Please"
burka,27959," templates  using  custom  code ,  essentially  "" h acking  into ""  our  own  templates  to  achieve  a  unusual  presentation .  A  great  example  of  this  is  the  work  that  our  design  techn ologist  Bart  Sz ys z ka  did  for  our  recent  series  on  China  and  the  environment ,  "" Ch oking  on  Growth ."" 
 
 Newsletter  Sign  Up  Continue  reading  the"
burka,27959," to  test  it  to  see !  There  is  some  chance  that  it  actually  becomes  a  tour ney  viable  deck ,  with  Mot ivation ,  E ure ka ,  Oracle  May ,  etc .  It  might  not  even  happen  in  Criminal ! 
 
 Ver dict :  If  Black guard  sounds  fun  to  you ,  go  test  the  hell  out  of  it !  If"
burka,27959,"ch  rear  sight  and  a  slightly  longer  barrel .  Sub sequent  rifles  were  assembled  in  Poland  under  license  by  the  state  rifle  factory  ( Pa Å Ħ st w owa  Fab ry ka  Kar abin Ã³ w )  in  Warsaw .  The  w z .  1928  was  accepted  into  service  with  the  Polish  army  in  1927  under  the  formal  name  7 , 92"
burka,27959,"ch  rear  sight  and  a  slightly  longer  barrel .  Sub sequent  rifles  were  assembled  in  Poland  under  license  by  the  state  rifle  factory  ( Pa Å Ħ st w owa  Fab ry ka  Kar abin Ã³ w )  in  Warsaw .  The  w z .  1928  was  accepted  into  service  with  the  Polish  army  in  1927  under  the  formal  name  7 , 92"
burka,27959," watch  are  really  quite  simple :  âĢ ľ E ating ,  sleeping  and  po oping .  Really  just  like  a  baby . âĢ Ŀ  In  a  lot  of  ways ,  Mish ka  is  just  like  a  human  baby .  She  drinks  formula  from  a  bottle .  She  plays .  And  just  like  the  mom  of  a  newborn ,  Lah ner  is  sleep  deprived"
burka,27959,"
 
 James  P ian ka  -  US  West  Region 
 
 Craig  Gu ar isco  -  US  Northwest  Region 
 
 J enna  Pit man  -  US  Southwest  Region 
 
 R IS EN 
 
 You  didn 't  make  it  but  we  greatly  appreciate  your  sacrifice !  Track  the  campaign  and  receive  access  to  backer - exclusive  updates . 
 
"
burka,27959," one  leader  they  would  crush  all  of  the  so - called  civil ised  peoples  of  the  galaxy .  That  do omsday  draws  nearer ,  for  the  great  greens kin  War lord  Gh az gh k ull  Th ra ka  has  arisen ,  and  Or ks  from  all  clans  muster  to  his  bell owing  war cry .  He  is  not  just  a  mighty  warrior"
burka,27959," from  the  West .  The  list  of  top  notch  visitors  from  the  West ,  claims  Kap oor ,  is  both  huge  and  impressive . 
 
 Cele br ated  sit ar  artist  Pand it  R avi  Shank ar âĢ Ļ s  ashes  were  immersed  in  the  holy  waters  of  Var anas i  by  his  daughters ,  An ous h ka  and  Nor ah"
burka,27959," She âĢ Ļ s  been  with  Mish ka  almost  around  the  clock .  âĢ ľ They  are  really  cute  little  crit ters , âĢ Ŀ  Lah ner  says .  But  also ,  âĢ ľ it âĢ Ļ s  important  not  to  anthrop omorph ize  too  much ,  because  it  may  not  be  the  best  thing  for  the  animal . âĢ Ŀ  A  sea"
burka,27959,"ig io  in  Barcelona ! âĢ Ŀ 
 
 We  reckon  the  pint - sized  phenomenon  would  have  a  ball  on  this  machine .  And  he  probably  wouldn âĢ Ļ t  even  miss  the  seat  padding . 
 
 Marcus  Moto  Design  |  Facebook  |  Instagram  |  Images  by  Simon  Ham el ius Story  highlights  Ty ka  Nelson  says  her  brother 's  favorite"
burka,27959," the  Senate . 
 
 This  story  was  updated  at  5  PM  on  Wednesday  with  a  response  from  Gov .  H icken lo oper 's  office . The  Seattle  Aqu arium  has  a  new  sea  ot ter  pup  named  Mish ka  –  that âĢ Ļ s  âĢ ľ little  bear âĢ Ŀ  in  Russian .  She  was  orphan ed  in  Alaska  last  July"
burka,27959," cash  grab . 
 
 That  is  what  makes  the  arbitration  hearing  so  interesting .  Sob ot ka  has  an  out - cl ause  that  allows  him  to  return  to  the  NHL ,  but  the  ruling  would  have  to  swing  heavily  in  his  favor  to  make  it  worth  his  while .  And  there 's  still  some  question  as  to  who  will  represent  him"
burka,27959," the  death  of  Sarah  Gu ill ot - Guy ard ,  the  Cir que  du  Sole il  performer  who  fell  94  feet  during  the  clim actic  scene  of  Ka  on  June  29  and  later  died .  OS HA  determined  that  accident  happened  when  the  wire  rope  she  was  suspended  from  broke .  According  to  the  report ,  the  wire  rope  âĢ ľ was"
burka,27959,". 
 
 âĢ ľ We  had  to  wait  for  everyone  to  come  up  and  harness  us  down , âĢ Ŀ  said  Ka ite  Corn et . 
 
 Officials  say  an  inspection  of  the  chair  lift  will  now  take  place  to  determine  what  went  wrong . 
 
 With  a  report  from  C TV  Vancouver âĢ Ļ s  Norm a  Reid Content"
burka,27959,u Ãª s  -  Portuguese  Portug u Ãª s  do  Bras il  -  Portuguese  ( Brazil ian )  Rom Ã¢ na  -  Romanian  Sh q ipe  -  Alban ian  Sloven Äį ina  -  Slov ak  Sloven Å¡ Äį ina  -  Sloven ian  Sr ps ki  -  Serbian  ( Latin )  Su omi  -  Finnish  Sven s ka  -  Swedish  T Ã¼r k Ã§
burka,27959," Q d 4 +  Ka 3  7 .  N c 5  Q b 8  8 .  Q a 1 +  K b 4  9 .  Na 6 + 
 
 and  White  wins  ( C her ne v  1989 : 207 – 8 ). 
 
 Books  [  edit  ] 
 
 Tro itz ky ,  A .  ( 19 24 ),  500"
burka,27959," e  f  g  h  White  to  move  and  win 
 
 The  main  line  goes : 
 
 1 .  N b 6 !  Q e 8  2 .  N d 7 !  K c 4  3 .  Q xc 7 +  K b 4  4 .  Q c 5 +  K b 3  5 .  Q c 3 +  Ka 4  6"
burka,27959, Nov o  Nord isk  54  Tyler  F arr ar  ( USA )  Garmin - Sharp  55  Olivier  Ka isen  ( Bel )  L otto  Bel isol  56  Martin  Vel its  ( S v k )  Omega  Pharma - Quick - Step  Cycling  Team  57  Mark o  K ump  ( S lo )  Team  Sax o - T ink off  58  Andrew  F enn
burka,27959," $ 7 , 000  fine .  Cir que  du  Sole il  and  MGM  are  appealing  the  fines . 
 
 One  of  the  citations  for  Cir que  du  Sole il  includes  a  failure  to  âĢ ľ protect  or  prevent  âĢ ĺ Ka âĢ Ļ  employees  from  striking  an  overhead  grid  during  the  âĢ ĺ Ka âĢ Ļ  show  at  the  âĢ ĺ Ka"
burka,27959," $ 7 , 000  fine .  Cir que  du  Sole il  and  MGM  are  appealing  the  fines . 
 
 One  of  the  citations  for  Cir que  du  Sole il  includes  a  failure  to  âĢ ľ protect  or  prevent  âĢ ĺ Ka âĢ Ļ  employees  from  striking  an  overhead  grid  during  the  âĢ ĺ Ka âĢ Ļ  show  at  the  âĢ ĺ Ka"
burka,27959," were  executed . 
 
 # 8 :  After  Modi  formally  became  PM  candidate ,  two  other  scandals  were  d usted  up .  One  was  an  alleged  conversation  about  yet  another  Gujarat  encounter ,  where  there  were  references  to  âĢ ľ saf ed  da adi  and  ka ali  da adi âĢ Ŀ  ( white  and  black  beard ),  presumably  references  to  Modi  and"
burka,27959," Sid or ovich ,  Cy LL l KA ,  d andy ,  Des cru o ,  dim a ,  Ol ga ,  Le STAT ,  Mad Max ,  Man 0 wa R ,  Chap a ev ,  Cy 27 - d w ,  Sh ys h kin ,  Narr ator ,  R ol ik ,  At em ,  Y ava ,  and  many"
burka,27959," was  more  dramatically  unequal  than  exposure  to  PM  2 . 5  ,  perhaps  because  NO  2  is  strongly  linked  to  automobile  exhaust ,  which  can  vary  within  a  city  based  on  traffic  patterns ,  while  PM  2 . 5  is  derived  from  a  wide  variety  of  sources  and  tends  to  have  more  regional  concentrations . 
 
 âĢ ľ Great er  inequalities  in"
burka,27959," including  ABC  --  reported  on  the  mis statement  during  its  evening  broadcast . 
 
 From  July  18  edition  of  MSNBC 's  Morning  Joe : 
 
 MI KA  BR ZE Z IN SK I  ( co - host ):  Let 's  talk  about  Barack  Obama 's  trip  overall .  MIT CH ELL :  My  pleasure .  BR ZE Z IN SK I"
burka,27959,",  Kaplan ,  &  Ober ,  2000 )  is  a  measure  of  an  adult âĢ Ļ s  ability  to  learn  and  remember  verbal  material ,  such  as  word  lists .  The  CV LT - II  data  provides  additional  insight  into  verbal  short - term  and  long - term  memory .  Patient  EE 555 âĢ Ļ s  performance  on  the  CV LT - II"
burka,27959," German  election  represents  a  watershed .  The  chancellor  has  tri ump hed ,  and  her  coalition  partners  the  pro - business  Free  Democrats  are  shattered .  Germany  is  well  and  truly  Angela  Merkel  country .  more ... 
 
 Mini - Dr one  Incident  Shows  Security  Fail ings  Last  week ,  the  Federal  Criminal  Police  Office  ( B KA ),  which  is  responsible"
burka,27959," of  Florida  coach  Billy  Donovan  could  emerge  as  a  serious  candidate  to  coach  Oklahoma  City ,  league  sources  said .  Prest i  has  a  longstanding  friendship  with  Donovan ,  a  two - time  national  championship  coach  who  has  been  open  about  his  interest  in  moving  to  the  NBA . 
 
 Connect icut  coach  Kevin  O ll ie  would  be  a  candidate  for"
burka,27959," changes  our  sex .  That âĢ Ļ s  only  one  tiny  piece  of  the  puzzle .  And  many  trans  women  choose  not  to ,  or  can âĢ Ļ t ,  undergo  S RS .  A  woman  is  not  defined  by  what âĢ Ļ s  between  her  legs . 
 
 I  lay  this  one  at  the  feet  of  the  media . 
 
"
burka,27959," water  we  use  on  our  lawn s .  Especially  how  much  treated  drinking  water  we  use  on  our  lawn s .  Lawn s  are  particularly  thirsty  —  well  over  half  our  water  usage  is  for  irrigation ,  generally .  And  so  getting  different  strains  of  grass ,  less  grass ,  watering  it  with  something  like  rain water  we  collect  or  reclaimed  water  instead"
burka,27959,".[ c itation  needed ] 
 
 On  11  August ,  a  Dutch  top ographical  engineer ,  Captain  H .  J .  G .  Fer zen a ar ,  investigated  the  K rak ato a  islands .[ 1 ]  He  noted  three  major  ash  columns  ( the  newer  from  Dan an ),  which  obscured  the  western  part  of  the  island ,  and  steam"
burka,27959," you  revisit  events  that  you  experienced  by  bringing  them  into  consciousness .  Ep is odic  memory  is  not  based  upon  practice  or  repetition ,  since  most  life  events  occur  only  once ,  and  nonetheless  are  remembered .  An  important  characteristic  of  epis odic  memories  is  that  each  contains  specific  data  about  âĢ ľ what , âĢ Ŀ  âĢ ľ when , âĢ Ŀ"
burka,3096," terrorists .  Using  only  the  documents  provided  by  travelers  and  the  Ministry  of  Admission 's  primitive  inspect ,  search ,  and  fingerprint  systems  you  must  decide  who  can  enter  Ar st ot z ka  and  who  will  be  turned  away  or  arrested . 
 
 Copyright  2013  Â© ,  39 09  LLC .  All  rights  reserved .  âĢ ľ P apers ,  Please"
burka,3096,"ster )  for  Best  ( 74  mins ),  E oin  Red dan  ( Old  Crescent / Le in ster )  for  Murray  ( 75  mins ), 
 
 Ref eree :  Nigel  Owens  ( W ales ) a 8 . 1 K  Shares  Share 
 
 Originally  published  in  two  parts  at  Ske p ch ick  and  Que ere ka  and  cross -"
burka,3096," one  leader  they  would  crush  all  of  the  so - called  civil ised  peoples  of  the  galaxy .  That  do omsday  draws  nearer ,  for  the  great  greens kin  War lord  Gh az gh k ull  Th ra ka  has  arisen ,  and  Or ks  from  all  clans  muster  to  his  bell owing  war cry .  He  is  not  just  a  mighty  warrior"
burka,3096," one  leader  they  would  crush  all  of  the  so - called  civil ised  peoples  of  the  galaxy .  That  do omsday  draws  nearer ,  for  the  great  greens kin  War lord  Gh az gh k ull  Th ra ka  has  arisen ,  and  Or ks  from  all  clans  muster  to  his  bell owing  war cry .  He  is  not  just  a  mighty  warrior"
burka,3096,"urable  grit  and  competitiveness  he  brought  to  every  shift  and  it  was  clear  that  he  deserved  a  significant  raise  over  the  exp iring  deal  that  paid  him  $ 1 . 4  million .  After  several  proposals  from  both  sides  were  rejected ,  the  Blues  made  a  final  offer  of  one  year  at  $ 2 . 7  million .  Sob ot ka  held  firm"
burka,3096," hat . 
 
 Radio  FF H  best Ã¤ t ig te  den  Inform ations stand  dies er  Zeit ung  vom  Int e res se  der  K Ã¶n igs bl au en  an  Bast ian  O c zip ka  von  E int r acht  Frankfurt  und  ge ht  s og ar  no ch  e inen  Schr itt  we iter :  L aut  dem"
burka,3096," 2007  and  applied  for  more  welfare  benefits . 
 
 The  couple  continued  to  receive  assistance  when  they  moved  into  a  luxury  home  in  Deep haven ,  Min n .,  with  Andrea âĢ Ļ s  grandparents ,  El oise  and  Francis  He ide cker ,  in  March  2008 .  They  moved  into  another  home  in  Deep haven  on  Lake  Min net on ka"
burka,3096,",  when  she  comes  out ,  will  be  one  approach ,  but  I  am  not  sure  if  it âĢ Ļ s  the  only  one .  After  all ,  Criminal  already  has  a  great  console ,  Des per ado !  I  would  suggest  a  second  alternative :  Sh aper  with  Mot ivation  and  E ure ka  and  Sn itch .  Combine  that  with  Torch"
burka,3096," Free ks ,  Dread  Mob z  –  all  have  crossed  the  stars  in  their  se et hing  mult itudes  to  join  the  greatest  Or k  crusade  in  a  millennium .  This  time ,  nothing  will  stop  the  green  tide .  In  this  book  you  will  find : 
 
 A  comprehensive  history  of  Gh az gh k ull  Th ra ka ,  his"
burka,3096," When  asked  how  big  the  houses  would  be ,  where  and  when  they  would  get  them ,  she  said  she  did  not  know . 
 
 Even  Al ka  V idy ad har ,  another  resident  of  Dam u  Nag ar ,  said  they  had  been  promised  houses  by  Yad av .  âĢ ľ I  lost  Rs  80 , 000  in  the  fire"
burka,3096," $ 10  billion  on  the  GM  bailout . A  woman  described  in  court  as  an  animal  lover  has  admitted  cutting  a  rabbit âĢ Ļ s  ears  off . 
 
 Te res ka  Al - R awi ,  of  Dirk hill  Road ,  claimed  she  amput ated  the  ears  by  accident . 
 
 Brad ford  and  Ke igh ley  Mag istrates âĢ"
burka,3096," the  Or k  âĢ ľ dec urion âĢ Ŀ  detachment  we  saw  earlier  in  the  week : 
 
 via  h ord rak  On  d ak k ad ak ka 
 
 We  now  have  a  pretty  good  picture  of  how  this  all  fits  together .  The  W aa agh - Band  is  the  new  âĢ ľ gre ent ide âĢ Ŀ  replacement"
burka,3096," is  currently  running  for  a  U . S .  House  seat . 
 
 Other  speakers  included  W ND  editor  Joseph  Far ah ,  2004  Constitution  Party  presidential  candidate  Michael  Per out ka  and  retired  U . S .  Navy  Ad m .  James  Lyons .  Bel inda  Bee ,  a  principal  organizer  of  the  Sept .  11 ,  2013 ,  motorcycle  convoy"
burka,3096," to  test  it  to  see !  There  is  some  chance  that  it  actually  becomes  a  tour ney  viable  deck ,  with  Mot ivation ,  E ure ka ,  Oracle  May ,  etc .  It  might  not  even  happen  in  Criminal ! 
 
 Ver dict :  If  Black guard  sounds  fun  to  you ,  go  test  the  hell  out  of  it !  If"
burka,3096, The  Ministry  of  Admission  at  G rest in  Border  Check point .  An  apartment  will  be  provided  for  you  and  your  family  in  East  G rest in .  Expect  a  Class - 8  dwelling .  Glory  to  Ar st ot z ka . The  communist  state  of  Ar st ot z ka  has  just  ended  a  6 - year  war  with  neighboring  K
burka,3096," acoustic  device . 
 
 For  more ,  we âĢ Ļ re  joined  by  Tara  H ous ka ,  national  campaigns  director  for  Honor  the  Earth . 
 
 Welcome  back  to  Democracy  Now !,  Tara .  Explain  what  took  place  yesterday ,  I  mean ,  the  video  and  the  photos  that  we  have  of  the  military  hardware ,  a  raid  against  the"
burka,3096,"
 
 The  footsteps  quick ened ,  the  blonde  hair  entering  Weiss '  vision  as  Yang  j ogged  in  front  of  her .  "" Weiss ,  just  listen  to  me  for  a  moment ,  o ka -""  The  footsteps  stopped  as  Yang  stared  at  her .  "" Are âĢ¦  are  you  cry i -"" 
 
 "" Why  wouldn 't  I  be ?"""
burka,3096," templates  using  custom  code ,  essentially  "" h acking  into ""  our  own  templates  to  achieve  a  unusual  presentation .  A  great  example  of  this  is  the  work  that  our  design  techn ologist  Bart  Sz ys z ka  did  for  our  recent  series  on  China  and  the  environment ,  "" Ch oking  on  Growth ."" 
 
 Newsletter  Sign  Up  Continue  reading  the"
burka,3096," was  ...  orange 
 
 The  late  musical  artist 's  brand  has  been  all  about  the  color  purple 
 
 ( CNN )  Ty ka  Nelson  just  tweaked  a  major  part  of  Prince 's  legacy . 
 
 The  sister  of  the  late  superstar  talked  to  the  Evening  Standard  about  an  upcoming  exhibit  of  Prince  artifacts  set  to  open  in  London  and  mentioned"
burka,3096," cash  grab . 
 
 That  is  what  makes  the  arbitration  hearing  so  interesting .  Sob ot ka  has  an  out - cl ause  that  allows  him  to  return  to  the  NHL ,  but  the  ruling  would  have  to  swing  heavily  in  his  favor  to  make  it  worth  his  while .  And  there 's  still  some  question  as  to  who  will  represent  him"
burka,3096,"te ku 
 
 Bal inese :  cer uring 
 
 B eng ali :  lot ka  ,  b h ubi 
 
 ,  Bur m ese :  l angs ak  ,  d uku 
 
 ,  C eb u ano :  bu ahan  ,  l ans ones 
 
 ,  English :  l angs at ,  lan z ones 
 
 J"
burka,3096," may  be . 
 
 It 's  another  odd  turn  in  a  relationship  that  didn 't  need  to  go  sour .  Sob ot ka  is  coming  off  a  season  in  which  he  set  a  career - high  with  nine  goals  and  33  points  and  led  the  league  in  face - off  winning  percentage  ( 61 . 9 ).  Add  in  the  im me"
burka,3096," with  the  Blues .  But  the  team  and  Sob ot ka âĢ Ļ s  camp  have  plans  to  meet  again  on  July  21  in  Toronto  for  a  club - elected  arbitration  hearing . 
 
 The  arbit er âĢ Ļ s  ruling  will  set  Sob ot ka âĢ Ļ s  salary  for  the  season  in  which  he  returns  to  the  NHL  ...  whenever"
burka,3096," the  Senate . 
 
 This  story  was  updated  at  5  PM  on  Wednesday  with  a  response  from  Gov .  H icken lo oper 's  office . The  Seattle  Aqu arium  has  a  new  sea  ot ter  pup  named  Mish ka  –  that âĢ Ļ s  âĢ ľ little  bear âĢ Ŀ  in  Russian .  She  was  orphan ed  in  Alaska  last  July"
burka,3096,Û Į  -  Kurdish  ( S or ani )  à¤ ® à¤ ° à¤¾ à¤ ł à¥ Ģ  -  Mar athi  à¤ ¹ à¤ ¿ à¤ ¨ à¥ į à¤ ¦ à¥ Ģ  -  Hindi  Ã Ń sl ens ka  -  Icelandic   à¦ ¬ à¦ ¾ à¦ Ĥ à¦ ² à¦ ¾  -  Beng ali  à¨ ª à© ° à¨ ľ à¨
burka,3096,display style  \ var phi  \ to  \ ps i  }  C  Ï Ĩ  Ï Ī  {\ display style  \ math rm  { C }  \ var phi  \ ps i  }  impl ik ac ja  B ic ond itional  Ï Ĩ  âĨ Ķ  Ï Ī  {\ display style  \ var phi  \ left right arrow  \ ps i  }  E  Ï Ĩ
burka,3096," ti ene  un a  cas a  que  no  v ale  men os  de  U $ S  200  mil  ( en  2003  el  l ugar  en  el  que  v iv ÃŃa  no  ten ÃŃa  cal ef Ã³n ),  se  v iste  y  via ja  com o  la  g erent e  que  es  de E so  lo  s abe  to do ,  por  es o"
burka,3096," finding  ways  to  get  it  to  them  and  quickly . âĢ Ŀ 
 
 CS U  H OM EC OM ING :  TV ,  ticket  and  game  day  info 
 
 J as mine  Hanna  hit  . 423  and  led  the  team  with  12  kills .  San ja  C iz mic ,  Kirst ie  Hill yer  and  Alexandra  Pole tto  all  had  eight"
burka,3096," paired  together  in  regards  to  critical  reception .  They  tied  for  second  on  Watch Mo jo 's  2012  list  of  the  most  iconic  fighting  game  characters ,[ 86 ]  placed  fourth  on  their  2013  list  of  the  top  ten  video - game  nin jas ,[ 87 ]  and  shared  the  fifth  spot  on  the  top  video - game  ninja  list  by  PC  World"
burka,3096," teamed  up  with  Na oki  His aya ,  the  creator  of  Sol a  and  Sora  no  Method / C el estial  Method  on  new  light  novel  K ano jo  T achi  Ga  To j iru  Sen kai 
 
 And  Ok ite g ami  K you ko  no  Ry ok ou ki  see es  N is io  Is in 's  forget ful  detective"
burka,3096,"raz o  del  P oder  Pol ÃŃ t ico )  y  no  a  los  j ue ces  a  los  que  les  l le gan  las  pr ue bas  coc in adas  y  deb en  dec id ir  so bre  su  ver ac idad .  Principal ment e  en  un  cas o  en  que ,  com o  se  di jo  no  se  p udo"
burka,3096,",  said  K ow als ki .  âĢ ľ In  the  event  that  someone  sees  it  running  around ,  we  can  go  in  and  begin  our  search  again . âĢ Ŀ 
 
 Article  Continued  Below 
 
 K ow als ki  added  that  she  hopes  the  creature  has  just  fallen  asleep ,  or  even  better  âĢ ľ has  found  its  way  back"
burka,3096,"if ig ures  could  include  Korra ,  Ten zin ,  P ema ,  Jin ora ,  Ik ki ,  Me elo ,  R ohan ,  O ogi  ( T enz in 's  Sky  B ison ),  a  Ring - tailed  Winged  Lem ur ,  and  a  White  Lotus  sent ry  or  two .  Struct ures  could  include  the  main  tower ,  air  b"
burka,3096," downward  angle . 
 
 Rec overed  text  messages 
 
 G lin iewicz  had  deleted  6 , 500  text  messages ,  Fil ke  said .  Investigators  spent  weeks  recovering  them . 
 
 In  one  messages  that  police  released ,  Gl in iewicz  talked  about  how  much  he  disliked  Mar rin . 
 
 "" We  have  a  new  village  administrator  that"
burka,3096,"Ŀ  said  Jol anta  K ow als ki ,  with  the  M NR F .  âĢ ľ We  haven âĢ Ļ t  seen  the  mo ose  for  several  hours .  I  think  the  last  time  anyone  saw  ( it )  moving  was  around  3  p . m . âĢ Ŀ  Attempt s  to  locate  the  mo ose  depend  on  any  sightings  through  the"
burka,3096," and  are  communication  devices  to  let  the  unin iti ated  know  how  we  are  doing . 
 
 If  you  are  the  weight lifting  administrator  for  ( Name  a  country  other  than  the  U . S .),  and  you  go  to  the  Ministry  of  Sport  or  Chancellor  of  the  Ex che quer  and  ask  for  more  money  for  your  program ,  you  can"
burka,3096," Ecology  and  Bio ge ography  DOI :  10 . 1111 / ge b . 12 404 
 
 Header  image :  Carn aby âĢ Ļ s  black  cock at oo  ( C aly pt or h yn ch us  lat iro st ris ),  photographed  in  a  suburb  of  Perth ,  Australia .  The  endangered  bird  relies  on  an  introduced  pine  plantation  in"
burka,3096," is  permissible  even  in  the  absence  of  Security  Council  authorization  if  it  is  responding  to  an  urgent  civilian  protection  need .  But  those  doctrines  are  less  established ,  and  thus  less  legally  certain ,  than  the  legal  authority  for  intervention  in  Libya ,  and  now  Iraq . 
 
 Leg ally ,  the  US  strikes  in  Iraq  are  more  akin  to  the  NATO"
burka,3096,"@ h omer outer : ~ $  grep  admin  / etc / pass wd  admin : ht Ec F 9 TW n ./ 9 Q : 168 : 168 : admin :/ :/ bin / sh  admin @ h omer outer : ~ $ 
 
 The  password  for  admin  is  ' admin '  and  can  be  found  in  the  / bin /"
burka,3096," again  reveals  his  scheme  and  claims  that  both  nin jas  were  pawn s  for  the  fallen  Elder  God  Sh inn ok ,  which  results  in  Scorpion  killing  Quan  Chi  and  finally  declaring  Sub - Zero  free  of  his  curse .[ 9 ] 
 
 Sc orp ion 's  MK 4  ending  is  carried  over  into  Mortal  K ombat :  Deadly  Alliance  ( 2002"
burka,3096," a  policeman  holding  his  rifle  trained  on  us ,  directly  on  us .  Bean  bag  rifle  assault — bean  bag  non - lethal  weapons  were  also  aimed  at  us .  Every  time  we  put  our  hands  up ,  they âĢ Ļ d  put  them  down .  As  soon  as  our  hands  came  down ,  they  would  aim  back  at  us .  Police  officers"
burka,3096," colored  to  stained  water .  I  prefer  a  combination  of  gold  and  silver  Colorado  and  will ow leaf  blades .  Again ,  because  of  its  strength ,  I  use  P  Line  in  15 - 20 #  test  depending  on  the  amount  of  cover  ( t rees ,  logs ,  rocks ,  etc .)  I 'm  fishing .  If  you 're  looking  for  the"
burka,3096," risk ,  namely  exercise  and ,  well ,  eating  plenty  of  fruits  and  vegetables . 
 
 Bi ochem ist  Michael  Av ir am  of  the  R amb am  Medical  Center  in  Ha ifa ,  Israel ,  suggests  another  alternative .  His  research  focuses  on  p ome gran ates .  In  a  recent  study ,  he  found  that  mice  bred  to  have  block"
burka,3096," even  though  by  November  2013  it  has  received  15 , 379  comments  --  and  said  it  wanted  to  hear  more . 
 
 It  posed  specific  question ,  such  as :  What  factors  should  be  considered  in  determining  whether  an  animal  is  suitable  for  public  contact ?  What  animals  should  be  defined  as  dangerous ?  What  constitutes  sufficient  barriers  to  keep  the  public"
burka,3096," food ie  fame  from  following  Nad ine  Ab ens ur . U PDATED  1 : 52  p . m . 
 
 C ORT LAND ,  N . Y .  --  The  Jets  roster  lined  up  along  one  sideline ,  ordered  to  run  dreaded  g ass ers .  They  sprint ed  the  width  of  the  field  twice ,  and  repeated  about  10  times"
burka,31026,"ch  rear  sight  and  a  slightly  longer  barrel .  Sub sequent  rifles  were  assembled  in  Poland  under  license  by  the  state  rifle  factory  ( Pa Å Ħ st w owa  Fab ry ka  Kar abin Ã³ w )  in  Warsaw .  The  w z .  1928  was  accepted  into  service  with  the  Polish  army  in  1927  under  the  formal  name  7 , 92"
burka,31026," terrorists .  Using  only  the  documents  provided  by  travelers  and  the  Ministry  of  Admission 's  primitive  inspect ,  search ,  and  fingerprint  systems  you  must  decide  who  can  enter  Ar st ot z ka  and  who  will  be  turned  away  or  arrested . 
 
 Copyright  2013  Â© ,  39 09  LLC .  All  rights  reserved .  âĢ ľ P apers ,  Please"
burka,31026, The  Ministry  of  Admission  at  G rest in  Border  Check point .  An  apartment  will  be  provided  for  you  and  your  family  in  East  G rest in .  Expect  a  Class - 8  dwelling .  Glory  to  Ar st ot z ka . The  communist  state  of  Ar st ot z ka  has  just  ended  a  6 - year  war  with  neighboring  K
burka,31026, The  Ministry  of  Admission  at  G rest in  Border  Check point .  An  apartment  will  be  provided  for  you  and  your  family  in  East  G rest in .  Expect  a  Class - 8  dwelling .  Glory  to  Ar st ot z ka . The  communist  state  of  Ar st ot z ka  has  just  ended  a  6 - year  war  with  neighboring  K
burka,31026,ite  Sob ot ka 's  eventual  return . This  amazing  chick pe a  p att ie  recipe  comes  from  my  Mama  ( thanks  m ama !).  The  recipe  is  an  adaptation  of  a  traditional  Pun j abi  dish  made  with  potatoes  called  âĢ ľ Al oo  T ikk is âĢ Ŀ  ( meaning  potato  p att ies ).  I  try  not  to  eat
burka,31026," agent  says  it  pays  Sob ot ka  just  $ 8 . 5  million  over  three  years ,  with  $ 2 . 5  million  coming  in  2014 - 15 .  Taking  state  and  federal  taxes  into  consideration ,  he 's  still  making  more  in  Russia  despite  the  lower  dollar  amount ,  but  the  minimal  difference  paints  a  picture  of  a  principled  stand  rather  than"
burka,31026," 2007  and  applied  for  more  welfare  benefits . 
 
 The  couple  continued  to  receive  assistance  when  they  moved  into  a  luxury  home  in  Deep haven ,  Min n .,  with  Andrea âĢ Ļ s  grandparents ,  El oise  and  Francis  He ide cker ,  in  March  2008 .  They  moved  into  another  home  in  Deep haven  on  Lake  Min net on ka"
burka,31026," e inen  z u  ho hen  Pre is  z u  be z ah len ,  d enn :  Der  28  Jah re  al te  O c zip ka  hat  n ur  no ch  e in  Jah r  Vert rag  be i  den  H essen  und  w Ã¤ re  im  n Ã¤ ch sten  Som mer  ge ge ben en falls  f Ã¼r  l"
burka,31026," $ 10  billion  on  the  GM  bailout . A  woman  described  in  court  as  an  animal  lover  has  admitted  cutting  a  rabbit âĢ Ļ s  ears  off . 
 
 Te res ka  Al - R awi ,  of  Dirk hill  Road ,  claimed  she  amput ated  the  ears  by  accident . 
 
 Brad ford  and  Ke igh ley  Mag istrates âĢ"
burka,31026,"
 
 Also  don âĢ Ļ t  forget  to  follow  me  on  Twitter  for  more  comic  book  and  fighting  game  goodness  –  King of breaker 
 
 Advertisements 06 . 07 . 2017 
 
 Sch al ke 
 
 Mit  O c zip ka  e in ig  –  jet z t  ge ht âĢ Ļ s  um  die  Ab l Ã¶ se"
burka,31026,"
 
 Also  don âĢ Ļ t  forget  to  follow  me  on  Twitter  for  more  comic  book  and  fighting  game  goodness  –  King of breaker 
 
 Advertisements 06 . 07 . 2017 
 
 Sch al ke 
 
 Mit  O c zip ka  e in ig  –  jet z t  ge ht âĢ Ļ s  um  die  Ab l Ã¶ se"
burka,31026,"ig io  in  Barcelona ! âĢ Ŀ 
 
 We  reckon  the  pint - sized  phenomenon  would  have  a  ball  on  this  machine .  And  he  probably  wouldn âĢ Ļ t  even  miss  the  seat  padding . 
 
 Marcus  Moto  Design  |  Facebook  |  Instagram  |  Images  by  Simon  Ham el ius Story  highlights  Ty ka  Nelson  says  her  brother 's  favorite"
burka,31026," chain  of  producers  and  distributors  who  supplied  tainted  drinks  to  retail  outlets ,  bars  and  kios ks . 
 
 Police  have  charged  23  people  with  various  crimes  related  to  making  and  spreading  poisonous  substances  after  raiding  40  premises ,  deputy  interior  minister  Jar oslav  H rus ka  said  today . 
 
 While  the  ban  locked  about  20  million  bottles  of  spirits"
burka,31026," Free ks ,  Dread  Mob z  –  all  have  crossed  the  stars  in  their  se et hing  mult itudes  to  join  the  greatest  Or k  crusade  in  a  millennium .  This  time ,  nothing  will  stop  the  green  tide .  In  this  book  you  will  find : 
 
 A  comprehensive  history  of  Gh az gh k ull  Th ra ka ,  his"
burka,31026," She âĢ Ļ s  been  with  Mish ka  almost  around  the  clock .  âĢ ľ They  are  really  cute  little  crit ters , âĢ Ŀ  Lah ner  says .  But  also ,  âĢ ľ it âĢ Ļ s  important  not  to  anthrop omorph ize  too  much ,  because  it  may  not  be  the  best  thing  for  the  animal . âĢ Ŀ  A  sea"
burka,31026,"ster )  for  Best  ( 74  mins ),  E oin  Red dan  ( Old  Crescent / Le in ster )  for  Murray  ( 75  mins ), 
 
 Ref eree :  Nigel  Owens  ( W ales ) a 8 . 1 K  Shares  Share 
 
 Originally  published  in  two  parts  at  Ske p ch ick  and  Que ere ka  and  cross -"
burka,31026," from  the  West .  The  list  of  top  notch  visitors  from  the  West ,  claims  Kap oor ,  is  both  huge  and  impressive . 
 
 Cele br ated  sit ar  artist  Pand it  R avi  Shank ar âĢ Ļ s  ashes  were  immersed  in  the  holy  waters  of  Var anas i  by  his  daughters ,  An ous h ka  and  Nor ah"
burka,31026," from  the  West .  The  list  of  top  notch  visitors  from  the  West ,  claims  Kap oor ,  is  both  huge  and  impressive . 
 
 Cele br ated  sit ar  artist  Pand it  R avi  Shank ar âĢ Ļ s  ashes  were  immersed  in  the  holy  waters  of  Var anas i  by  his  daughters ,  An ous h ka  and  Nor ah"
burka,31026,u Ãª s  -  Portuguese  Portug u Ãª s  do  Bras il  -  Portuguese  ( Brazil ian )  Rom Ã¢ na  -  Romanian  Sh q ipe  -  Alban ian  Sloven Äį ina  -  Slov ak  Sloven Å¡ Äį ina  -  Sloven ian  Sr ps ki  -  Serbian  ( Latin )  Su omi  -  Finnish  Sven s ka  -  Swedish  T Ã¼r k Ã§
burka,31026," one  leader  they  would  crush  all  of  the  so - called  civil ised  peoples  of  the  galaxy .  That  do omsday  draws  nearer ,  for  the  great  greens kin  War lord  Gh az gh k ull  Th ra ka  has  arisen ,  and  Or ks  from  all  clans  muster  to  his  bell owing  war cry .  He  is  not  just  a  mighty  warrior"
burka,31026,"
 
 James  P ian ka  -  US  West  Region 
 
 Craig  Gu ar isco  -  US  Northwest  Region 
 
 J enna  Pit man  -  US  Southwest  Region 
 
 R IS EN 
 
 You  didn 't  make  it  but  we  greatly  appreciate  your  sacrifice !  Track  the  campaign  and  receive  access  to  backer - exclusive  updates . 
 
"
burka,31026," may  be . 
 
 It 's  another  odd  turn  in  a  relationship  that  didn 't  need  to  go  sour .  Sob ot ka  is  coming  off  a  season  in  which  he  set  a  career - high  with  nine  goals  and  33  points  and  led  the  league  in  face - off  winning  percentage  ( 61 . 9 ).  Add  in  the  im me"
burka,31026," may  be . 
 
 It 's  another  odd  turn  in  a  relationship  that  didn 't  need  to  go  sour .  Sob ot ka  is  coming  off  a  season  in  which  he  set  a  career - high  with  nine  goals  and  33  points  and  led  the  league  in  face - off  winning  percentage  ( 61 . 9 ).  Add  in  the  im me"
burka,31026," hat . 
 
 Radio  FF H  best Ã¤ t ig te  den  Inform ations stand  dies er  Zeit ung  vom  Int e res se  der  K Ã¶n igs bl au en  an  Bast ian  O c zip ka  von  E int r acht  Frankfurt  und  ge ht  s og ar  no ch  e inen  Schr itt  we iter :  L aut  dem"
burka,31026," hat . 
 
 Radio  FF H  best Ã¤ t ig te  den  Inform ations stand  dies er  Zeit ung  vom  Int e res se  der  K Ã¶n igs bl au en  an  Bast ian  O c zip ka  von  E int r acht  Frankfurt  und  ge ht  s og ar  no ch  e inen  Schr itt  we iter :  L aut  dem"
burka,31026," was  ...  orange 
 
 The  late  musical  artist 's  brand  has  been  all  about  the  color  purple 
 
 ( CNN )  Ty ka  Nelson  just  tweaked  a  major  part  of  Prince 's  legacy . 
 
 The  sister  of  the  late  superstar  talked  to  the  Evening  Standard  about  an  upcoming  exhibit  of  Prince  artifacts  set  to  open  in  London  and  mentioned"
burka,31026," with  the  Blues .  But  the  team  and  Sob ot ka âĢ Ļ s  camp  have  plans  to  meet  again  on  July  21  in  Toronto  for  a  club - elected  arbitration  hearing . 
 
 The  arbit er âĢ Ļ s  ruling  will  set  Sob ot ka âĢ Ļ s  salary  for  the  season  in  which  he  returns  to  the  NHL  ...  whenever"
burka,31026,",  when  she  comes  out ,  will  be  one  approach ,  but  I  am  not  sure  if  it âĢ Ļ s  the  only  one .  After  all ,  Criminal  already  has  a  great  console ,  Des per ado !  I  would  suggest  a  second  alternative :  Sh aper  with  Mot ivation  and  E ure ka  and  Sn itch .  Combine  that  with  Torch"
burka,31026," to  test  it  to  see !  There  is  some  chance  that  it  actually  becomes  a  tour ney  viable  deck ,  with  Mot ivation ,  E ure ka ,  Oracle  May ,  etc .  It  might  not  even  happen  in  Criminal ! 
 
 Ver dict :  If  Black guard  sounds  fun  to  you ,  go  test  the  hell  out  of  it !  If"
burka,31026," watch  are  really  quite  simple :  âĢ ľ E ating ,  sleeping  and  po oping .  Really  just  like  a  baby . âĢ Ŀ  In  a  lot  of  ways ,  Mish ka  is  just  like  a  human  baby .  She  drinks  formula  from  a  bottle .  She  plays .  And  just  like  the  mom  of  a  newborn ,  Lah ner  is  sleep  deprived"
burka,31026,"urable  grit  and  competitiveness  he  brought  to  every  shift  and  it  was  clear  that  he  deserved  a  significant  raise  over  the  exp iring  deal  that  paid  him  $ 1 . 4  million .  After  several  proposals  from  both  sides  were  rejected ,  the  Blues  made  a  final  offer  of  one  year  at  $ 2 . 7  million .  Sob ot ka  held  firm"
burka,31026," Omega ,  Fem me  Fat ale ,  etc ,  and  use  E ure ka  to  cheat  out  big  programs  and  the  Black guard .  When  Oracle  May  comes  out ,  this  strategy  will  probably  become  more  viable . 
 
 My  expectation  is  that  this  ends  up  being  a  fun  deck ,  but  not  a  top  tier ,  tournament  deck ,  but  we"
burka,31026," Sid or ovich ,  Cy LL l KA ,  d andy ,  Des cru o ,  dim a ,  Ol ga ,  Le STAT ,  Mad Max ,  Man 0 wa R ,  Chap a ev ,  Cy 27 - d w ,  Sh ys h kin ,  Narr ator ,  R ol ik ,  At em ,  Y ava ,  and  many"
burka,31026," manner  produces  incl inations  to  evil  desires . âĢ Ŀ 
 
 Another  summer  Sunday ,  W oot en  was  wearing  a  slee vel ess  black - and - white  pol ka - dot  dress  and  âĢ ľ my  little  matching  shoes  and  hat , âĢ Ŀ  when  the  pastor âĢ Ļ s  wife  said  sweet ly :  âĢ ľ H oney ,"
burka,31026,"
 
 The  footsteps  quick ened ,  the  blonde  hair  entering  Weiss '  vision  as  Yang  j ogged  in  front  of  her .  "" Weiss ,  just  listen  to  me  for  a  moment ,  o ka -""  The  footsteps  stopped  as  Yang  stared  at  her .  "" Are âĢ¦  are  you  cry i -"" 
 
 "" Why  wouldn 't  I  be ?"""
burka,31026," at  the  table .  And  Emmanuel le  inadvertently  makes  a  wish  that  results  in  everyone  getting  naked  and  having  sex  on  the  table  ( Pierre  and  Tas cha ,  Raymond  and  Car a ,  Jay  and  G ee ,  Theo  and  that  woman  )  while  she  and  Gene  watch .  It âĢ Ļ s  an  interesting  scene ,  but  it âĢ Ļ s"
burka,31026,"âĢ Ļ s  survival  is  not  Murdoch  but  the  internet ,  currently  threatening  to  put  everyone  out  of  business . 
 
 Which  leaves  the  awkward  question  of  how  to  tackle  the  Sun .  Team  Corbyn  must  be  sorely  tempted  just  to  wash  their  hands  of  it ,  given  the  paper âĢ Ļ s  aggressively  personal  attacks  on  him .  But  one  in"
burka,31026," in  1998  and  is  based  in  Clayton ,  MO . 
 
 The  announcement  was  made  official  by  Stephen  Chau ,  Product  Manager  at  Google .  There  is  limited  information  about  the  founders  of  Image America . 
 
 50 .  Z ing ku  ( Price :  unknown ,  Date  Sept  2007 ) 
 
 Z ing ku  is  a  mobile  social  network"
burka,31026,"o ev s kaya  ( born  N ech ay eva ).  He  was  raised  in  the  family  home  in  the  grounds  of  the  Mari insky  Hospital  for  the  Poor ,  which  was  in  a  lower  class  district  on  the  edges  of  Moscow .  D ost o ev sky  encountered  the  patients ,  who  were  at  the  lower  end  of  the  Russian  social  scale"
burka,31026," state  had  taken  strong  objections  to  the  project . 
 
 While  Ch hatt is gar h  has  a  BJP  government ,  headed  by  Chief  Minister  Ram an  Singh ,  Od isha  has  a  B ij u  Jan ata  Dal  government ,  under  Chief  Minister  N ave en  Pat na ik . 
 
 A  detailed  questionnaire  sent  to  Jav ade kar  did"
burka,31026," can  solve  intelligence  in  a  general  enough  way ,  then  we  can  apply  it  to  all  sorts  of  things  to  make  the  world  a  better  place , âĢ Ŀ  he  said . 
 
 And  the  chief  technology  officer  of  Facebook ,  Mike  Schro ep fer ,  expressed  similar  hope .  âĢ ľ The  power  of  AI  technology  is  it  can  solve  problems"
burka,31026," and  the  northern most  parts  of  Northwest  Territories ,  Yuk on ,  Manitoba ,  Ontario ,  Quebec ,  and  Labrador . 
 
 Hyd rog raph y  [  edit  ] 
 
 BC  AB  SK  MB  ON  QC  NB  PE  NS  NL  Y T  NT  N U  Drain age  bas ins  of  Canada 
 
 Canada  holds  vast  reserves  of  water :  its"
burka,31026," Queen 's  New  Year  Hon ours  List  for  his  services  to  drama  and  to  equality . 
 
 Ranked  # 45  in  the  2008  Telegraph 's  list  "" the  100  most  powerful  people  in  British  culture "". 
 
 Was  Head  boy  at  Bolton  School . 
 
 Mar ched  at  London 's  Gay  Pride  Parade  July  5 ,  2008 . 
 
"
burka,31026,"
 
 Myth  6 .  If  our  culture  didn âĢ Ļ t  have  such  strict  gender  roles ,  there  would  be  no  need  for  transition . 
 
 This  is  another  mistake  stemming  from  the  confusion  of  gender  identity  with  gender  expression ,  and  also  again  the  belief  that  a  trans  woman  makes  her  decision  because  she  is  uncomfortable  with  the  male  gender"
burka,31026," a  city  of  700 , 000  people ;  and  upstream  well  drilling  for  crop  irrigation  is  killing  an  already  limited  supply  of  fresh  water . 
 
 Once  Turkey 's  second  largest  lake ,  some  conservation ists  estimate  Lake  T uz  has  reportedly  shrunk  by  half  in  the  last  40  years — though  Oz lem  Ak so y ,  a  biologist  at  Turkey"
burka,3177," the  Canucks  are  not  a  failure . 
 
 USA  Today  projected  the  team  would  hit  65  points ,  while  EA  predicted  even  worse  with  63  points  in  their  season  simulation .  If  the  Canucks  were  to  be  truly  that  bad ,  they  would  have  the  lowest  team  points  since  Edmonton  and  Buffalo  in  2014 - 15 . 
 
 But  no  –"
burka,3177," that  the  somebody  must  be  misunderstanding  or  mis using  the  STL .  But  upon  explaining  game  development  and  high  performance  software  issues  and  comparing  these  to  std  STL 's  design  and  implementation  by  current  vendors ,  people  usually  reduce  their  skepticism .  Indeed  we  have  found  that  those  have  the  most  extensive  and  deep  STL  experience  have  been  those  most  enthusiastic  about  E"
burka,3177," the  theme  music  for  the  video  games  Resident  Evil  and  On im usha ;  and  Son at ina  for  Viol in ,  which  the  Japanese  Olympic  figure  sk ater  Da is uke  Tak ah ashi  is  scheduled  to  use  in  his  performance  in  Sochi . Technology  firms  have  turned  several  industries  on  their  head .  The  way  people  buy  books ,  hail  a"
burka,3177," that  the  player base  is  still  there . 
 
 Whatever  the  case ,  a  new  patch  will  deploy  next  week ,  adding  Elite  Driver  levels ,  improvements  to  the  title 's  Photo  Mode ,  and  much  more .  Where  would  you  like  to  see  the  game  go  next ?  Take  a  sharp  hair pin  turn  in  the  comments  section  below . Mel"
burka,3177,",  the  more  the  character  sees  their  self  by  that  light .  If  you  have  Danger  + 3 ,  you  see  yourself  as  a  threatening ,  violent  figure .  If  you  have  Mund ane  - 2 ,  you  see  yourself  as  anything  but  a  normal  person . 
 
 The  Lab els  include : 
 
 Fre ak ,  which  is  all  about"
burka,3177,").  The  team  investigated  whether  this  planet  has  an  atmosphere  rich  in  water  or  hydrogen .  The  Subaru  observations  show  that  the  sky  of  this  planet  does  not  show  a  strong  Ray leigh  scattering  feature ,  which  a  cloud less  hydrogen - dominated  atmosphere  would  predict .  When  combined  with  the  findings  of  previous  observations  in  other  colors ,  this  new  observational  result"
burka,3177," . 01 ),  and  the  overall  pattern  is  very  similar .  Also ,  Study  4  showed  no  main  effect  difference  for  topic  domain  for  integ rative  complexity .  Given  our  focus  on  dialect ical  forms  of  complexity  throughout  this  article ,  these  inf erential  differences  are  largely  irrelevant .  We  report  them  here  for  comple teness .  Our  larger  point  remains  the  same"
burka,3177," means ,  the  most  influential  works  in  the  canon  —  ( and  while  I  strongly  encourage  you  to  read  Shakespeare ,  Milton ,  and  Be ow ulf )  —  the  20  books  included  here  are  some  of  the  most - talk ed - about  today .  Read  them ,  and  you  probably  won âĢ Ļ t  miss  a  book ish  reference  for  a"
burka,3177," the  Sandy  Hook  massacre  on  his  own .  Others  had  already  imagined  it  for  him . 
 
 When  Wayne  La Pierre ,  head  of  the  National  Rifle  Association ,  pointed  a  finger  at  video  games  and  media  violence  during  a  news  conference  after  the  shootings ,  it  was  a  calculated  effort  to  distract  attention  from  the  gun  industry  and  its  powerful  lobby"
burka,3177," The  element  hydrogen  is  a  major  component  of  a  prot oplan etary  disk ,  and  water  ice  is  abundant  in  an  outer  region  beyond  a  so - called  "" s now  line .""  Find ings  about  where  super - Ear ths  have  formed  and  how  they  have  migrated  to  their  current  orbits  point  to  the  prediction  that  hydrogen  or  water  vapor  is  a"
burka,3177," The  city  I âĢ Ļ m  currently  living  in  is  a  medium  sized  one  in  Par ana .  Lots  of  blond es  and  red heads .  Blue  and  green  eyes  are  common .  If  you  like  European  type  girls ,  you âĢ Ļ re  in  the  right  place ,  but  you  won Â´ t  find  the  post card  Brazilian  more na . 
"
burka,3177,",  and  the  identity  of  that  album  may  surprise  you !)  Take  a  look : 
 
 All  quotes ,  except  where  noted ,  by  Rivers  Cuomo . 
 
 The  album :  We ez er  ( The  Green  Album )  ( 2001 ) 
 
 The  previous  mis steps :  Disapp earing  into  self - ind ul gence  on  1996 âĢ Ļ"
burka,3177," a  dense  cloud  of  inc and escent  gas ,  into  plasma ,  and  there  is  a  very  definite  explosion . According  to  Professor  St any uk ovich ,  a  "" miss ile ""  of  a  sizable  character  ( say  6  miles  in  diameter )  must ,  on  collision  with  the  Moon ,  penetrate  to  a  depth  equal  to  4  or  5  times  its"
burka,3177," a  videot aped  encounter  with  a  prostitute .  ( Politics NJ  refers  to  him  as  a  âĢ ľ b udding  filmmaker . âĢ Ŀ )  Whenever  Wally  Edge  finds  out  that  Christie  is  investigating  someone  —  as  he  frequently  does ,  somehow  —  he  writes  that  the  target  is  âĢ ľ he aring  the  cell os , âĢ Ŀ  a  reference  to  the"
burka,3177," a  mixer ,  a  wit ,  an  authority  on  things  in  general ,  and  the  probable  successor  of  George  Bernard  Shaw  as  the  world âĢ Ļ s  mis cellaneous  consulting  expert ,  but  his  count enance  still  reflects  the  bewild er ment  of  his  early  years  as  a  dem ig od  in  spite  of  himself .  Permanent  aston ishment  shines  from  his  great"
burka,3177," assume  that  the  long  ( up  to  9 40  miles )  chains  of  small  cr aters  formerly  asc ribed  to  volcanic  activity  were  brought  about  by  eru ptions  of  gas  through  cracks  appearing  in  the  armour  pl ating  as  a  result  of  accidents . No  doubt  one  of  the  most  splendid  features  of  the  lun ars cape  —  a  straight  "" wall """
burka,3177," example ,  the  Russian  AK - 47  or  the  American  M - 16  rifles .  No  civilian  should  be  able  to  transfer  or  possess  any  assault  rifle  that  was  not  already  in  circulation  by  1986 . 
 
 Any  of  the  older  assault  rifles  in  citizen  hands  should  be  registered  with  the  government .  If  someone  wants  to  acquire  one ,  both  the"
burka,3177," example ,  the  17  billion  planet  universe  in  the  recent  blockbuster  video  game  No  Man âĢ Ļ s  Sky  was  largely  generated  algorithm ically .  The  short  version ?  If  you âĢ Ļ re  a  visual  designer ,  it âĢ Ļ s  time  to  divers ify . 
 
 advertisement 
 
 Design  Researchers 
 
 âĢ ľ When  ethn ographic  research  was"
burka,3177," the  plant  cells ,  the  nem at ode  feeds  on  fun gal  growth  [ 79 ].  Due  to  this  special  feeding  habit ,  ES  products  of  the  parasite  include  cell - wall - deg r ading  enzymes  like  cellul ases ,  p ect ate  ly ase ,  expans in - like ,  and  venom  all er gen - like  proteins .  Furthermore ,"
burka,3177," the  best - read  of  recent  years .  âĢ ľ Mod esty  is  an  orientation  of  the  heart ,  first  and  foremost .  It  begins  with  putting  God  first .  To  look  at  an  outfit  and  say  if  it âĢ Ļ s  modest  or  imm od est ,  I âĢ Ļ m  not  sure  you  can  do  that . âĢ Ŀ 
 
"
burka,3177,"ings ,  2006 ).[ 22 ]  A  high  wall  of  water  is  formed  that  is  initially  higher  than  100  meters  driven  by  the  shocked  water ,  bas alt  and  air . 
 
 Ver be ek  investigation  [  edit  ] 
 
 Although  the  violent  phase  of  the  18 83  eruption  was  over  by  late  afternoon  of  27  August ,  after  light  returned"
burka,3177," something  you  could  buy  commercially  at  a  record  store ."" 
 
 And  besides ,  Voyager 's  Golden  Record  has  thus  far  been  kept  safe  from  the  elements — high  temperatures ,  oxygen ,  water — known  to  deterior ate  Earth ly  records .  ( V oy ager  is  now  operating  at  about  negative  110  degrees  Fahrenheit .) 
 
 âĢ ľ If"
burka,3177," hacking  the  computers  of  journalists  living  overseas . 
 
 "" In  a  country  like  Ethiopia  where  journalists  are  consistently  watched ,  [ we ]  need  to  protect  their  communications  and  their  data  to  do  reports  on  sensitive  issues ,""  End alk ache w  H / Michael ,  one  of  the  co - found ers  of  Zone  9 ,  told  CP J  by"
burka,3177,"ifier  ( Pr ide ) 
 
 Dev ils  –  These  creatures  were  once  angels  with  dominion  over  various  aspects  of  Earth  and  humanity  before  giving  in  to  the  Darkness .  Many  of  these  creatures  hid  on  Earth  when  the  Se als  were  closed ,  avoiding  being  imprisoned  in  the  Lower  Realm .  Devils  are  a  perverse  and  altered  variant  of  their  once"
burka,3177," for  their  eyes  and  ears ,  and  the  impression  of  heart - shaped  indent ations  on  the  bottom  of  their  ho oves .[ 42 ]  The  production  of  the  film  ended  by  July  29 ,  2017 .[ 43 ] 
 
 The  production  crew  used  simple  3 D  modeling  in  Aut odes k  Maya  as  to  determine  camera  locations ,  lens ,  and"
burka,3177,". 
 
 Ch ampion  Spawn  Pv E  Mechanics 
 
 In  the  next  patch  we  will  be  implementing  our  Champion  Spawn  Pv E  mechanics .  This  is  a  new  system  that  changes  the  way  certain  mob  spawns  will  function  and  provides  a  way  for  players  to  test  their  met tle  against  waves  of  enemies .  This  is  the  way  that  the  system"
burka,3177,"
 Living  by  faith ... that 's  all .  Overall 
 
 Awesome  book  of  how  God  led  brave  men  and  woman  behind  the  "" iron  curtain ""  to  do  His  will  Overall 
 
 I  enjoyed  this  biography  very  much .  The  narrator  was  excellent  and  had  been  engaged  the  entire  time .  Brother  Andrew 's  story  is  one  of  faith fulness"
burka,3177, also  having  changed  for  the  worse .  I  guess  the  best  way  to  describe  it  is  that  there  is  now  a  big  push  for  both  girls  and  guys  to  construct  this  whole  fake  ( or  quasi - fake )  identity  revolving  around  social  media .  Guys  are  relying  more  and  more  on  these  âĢ ľ virtual  identities âĢ Ŀ  they âĢ Ļ ve
burka,3177," much  of  the  Don ut  Sund ae  lifespan .  And  we âĢ Ļ re  hoping  that  lifespan  is  a  nice ,  long  one ! 
 
 The  Main  Street  Plaza  Ice  Cream  Par lor  can  be  found  at  the  intersection  of  Main  Street  USA  and  Tomorrow land ,  just  before  you  get  to  Cinderella  Castle .  And  the  sund ae  joins  a  few"
burka,3177," woman  the  injury  was  the  horrible  consequence  of  her  father  attacking  her  with  a  m ache te . 
 
 Irish  nurse  Ao ife  Ni  M h urch u  treats  a  patient  last  year  at  T ari  Hospital  in  the  high lands  region  of  Papua  New  Guinea .  The  woman  sought  treatment  for  l acer ations  after  her  husband  cut  her  with  a"
burka,3177," great  charm ,  about  how  brain  problems  lead  to  losses ,  or  excess es ,  of  mental  activity . 
 
 Hat 's  pre face  included  powerful  arguments  for  why  case  histories  are  every  bit  as  medically  important  as  studies . 
 
 The  idea  of  the  case  history  goes  back  to  ancient  Greece ,  and  Hipp ocrates ,  who  first  wrote  about"
burka,3177," was  only  going  to  read  the  first  fifty  pages ,  but  the  story  comp els  you  to  read  on .  I  ended  up  not  moving  from  my  spot  until  I  was  finished .  It  was  one  of  those  situations  where  you  have  to  know  what  is  going  to  happen  next . 
 
 I  am  highly  recommending  this  book  to  all  readers ."
burka,3177," often  start  by  dividing  memory  into  to  large  group ings  that  they  call  âĢ ľ expl icit âĢ Ŀ  or  âĢ ľ impl icit âĢ Ŀ  memory .  The  easiest  way  to  distinguish  these  is  to  note  that  explicit  are  the  ones  that  you  can  describe  or  call  into  your  mind  at  will ,  while  implicit  memories  are  automatic  and  not  really  conscious"
burka,3177,"edge  EQ  algorithms  and  so  on .  But  none  of  that  helps  if  you 're  not  able  to  hear  all  of  those  sounds  and  frequencies  equally . 
 
 Setting  up  the  Nur aph ones  is  a  bit  more  involved  than  most  other  headphones  ( in  that  there 's  even  a  setup  process  at  all ),  but  it 's  simple .  Using  the"
burka,3177," and  down .  Several  other  previously  observed  particles  are  good  candidates  to  be  tet ra qu ark  or  pent aqu ark  states ,  but  all  of  these  have  a  qu ark  and  antiqu ark  of  the  same  flavor ,  and  thus  their  character  as  an  exotic  particle  is  less  certain . 
 
 The  detailed  internal  structure  of  the  new  X ( 55"
burka,3177," less  consistent ,  and  that  each  logo  has  a  compact ,  icon ographic  illustration  to  identify  it .  In  one  of  my  favorite  examples  of  our  Web  staff  working  with  our  colleagues  in  the  print  art  department ,  almost  all  of  these  logos  are  a  tight  collaboration  between  Rebecca  Pat erson ,  one  of  our  very  talented  digital  designers ,  and  Nicholas  Ble"
burka,3177," made .  Nothing . 
 
 Not  only  did  Easter brook  try  to  ninja - edit  the  lazy  error  away ,  but  he  still  failed  to  acknowledge  the  fact  that  this  isn 't  a  new  tax  and  it 's  not  going  to  have  any  bearing  on  any  hotel  employee 's  jobs .  Not  only  that ,  but  I  failed  to  mention  the  first"
burka,3177," âĢ ľ Com position âĢ Ŀ  painting ,  instead  of  r apping  his  line ,  T . O . P  looked  at  the  audience  and  wink ed .  And  during  that  moment ,  my  jaw  dropped ,  and  I  questioned  my  sexuality . 
 
 In  between  a  set  of  maybe  three  or  four  songs ,  the  band  either  took  the  time  to"
burka,3177,"
 
 Mc Sh ay :  DE  B jo ern  Werner 
 
 Given  these  three  choices ,  pretty  clear  the  Giants  got  this  one  right .  P ugh  has  been  a  solid  player  for  the  Giants  and  was  their  best  lineman  in  2016  before  injuring  a  knee .  Hayden  has  just  25  career  starts ,  only  two  in  2016 .  Werner  had"
burka,3177," their  first  taste  of  Bundesliga  victory  on  Friday  when  Felix  Klaus  led  his  newly  promoted  team  to  a  1 - 0  away  victory  in  the  67 th  minute . 
 
 After  being  te ed  up  by  Ill ir  Az emi ,  Klaus  scored  the  only  goal  of  the  match  when  his  dipping  left - foot  strike  went  straight  over  Christian  Wet k"
burka,3177,"- old  Dennis  Bradford  III  un responsive  with  gunshot  wounds  to  the  head  and  wrist ,  according  to  Chicago  Police  and  the  Cook  County  medical  examiner âĢ Ļ s  office . 
 
 Brad ford ,  of  the  the  6 200  block  of  South  Moz art ,  was  pronounced  dead  at  the  scene  at  11 : 43  a . m .,  authorities  said"
burka,3177," hobby ists  that  were  flying  an  RC  aircraft  at  a  lake  nearby  a  nuclear  power  plant .  Authorities  in  France  have  been  searching  for  suspects  in  what  they  call  illegal  fly overs  of  their  nuclear  power  plants  by  drones  over  the  past  several  months ,  however  they  doubt  the  people  that  they  have  arrested  are  the  same  people  they  are  searching  for ."
burka,3177," the  court  she  ' may  or  may  not '  be  remorse ful  over  her  actions  but  a  jail  sentence  could  see  her  exposed  to  ' cor rupt ing  influence '. 
 
 ' This  has  ruined  my  life .  I  very  much  regret  what  I 've  done ,'  Dr isc oll  said  in  a  psychologist 's  report  read  out  in  court . 
"
burka,3177," Oliver  and  I  had  never  met ,  Z are la  became  excited  ("" Another  excuse  for  a  party !"" )  and  organized  a  small  dinner  at  her  house .  It  was  intimate ,  with  my  wife ,  Karen ;  Z are la ;  her  partner ,  Jamie  ( a  retired  adult - film  actor );  Oliver ;  James  Watson ,  the  Nobel  laureate"
burka,3177," Images 
 
 AG :  Wow ,  if  only  we  had  more  time .  Do  you  prefer  a  shower  or  bath ? 
 
 RR :  A  bath .  I  have  a  candle  permanently  on  my  Jac uzz i ,  because  I  love  me  some  candles . 
 
 AG :  Cat  person  or  dog  person ? 
 
 RR :  Dog ."
burka,32452," isn 't  spread  across  the  city . 
 
 Management  of  the  city 's  only  public  hospital ,  United  Medical  Center ,  is  disgrace ful .  Alleg ations  of  high  school  students  barely  able  to  read  and  write  being  allowed  to  graduate  are ,  if  true ,  alarming .  City - provided  paths  from  dependency  to  self - suff iciency ,  under  Bowser"
burka,32452," lined  up ,  including  Michael  Bass ett  ( Sil ent  Hill :  Revelation ),  Michael  Hur st  ( B itch  Sl ap ),  and  Luke  Jacobs  . 
 
 They âĢ Ļ ve  already  got  their  other  directors  lined  up ,  including  ( Sil ent  Hill :  Revelation ),  ( B itch  Sl ap ),  and  .  However ,  he  has  and  will"
burka,32452," thanks  to  a  bipartisan  duo  calling  for  an  end  to  âĢ ľ dr ag net  surveillance âĢ Ŀ  in  the  United  States . 
 
 Introduced  Tuesday  by  Reps .  Mark  Poc an  ( D - W isc .)  and  Thomas  Mass ie  ( R - Ky .),  the  Surveillance  State  Repe al  Act  would ,  as  its  name  suggests ,  repeal  the"
burka,32452," Twilight  Sparkle ,  her  five  pony  friends  –  collectively  known  as  the  "" M ane  6 ""  –  and  her  dragon  assistant  Spike  embark ing  on  a  quest  to  save  their  home  of  E quest ria  from  an  evil  conquer or ,  gaining  new  friends  in  the  process .  In  addition  to  the  show 's  regular  voice  cast  re prising  their  roles ,"
burka,32452," could  allow  scientists  to  better  predict  future  eru ptions  in  the  area .  In  addition ,  it  has  given  them  some  more  insight  into  what  makes  Yellowstone  and  its  ge ys ers  tick . 
 
 The  findings  were  reported  at  the  Se ism ological  Society  of  America 's  annual  meeting . There  have  been  a  lot  of  media  reports  today  following  the"
burka,32452," Home )  to ed  the  line  of  his  friends  from  the  right ,  stating  that  the  army âĢ Ļ s  assessments  were ,  put  simply ,  âĢ ľ ir responsible . âĢ Ŀ 
 
 The  sw an  song ? 
 
 It  is  difficult  to  bel ittle  the  phenomenon  we  see  before  our  eyes .  It  is  also  difficult  to  write  these"
burka,32452," problems  take  many  forms ;  therefore ,  so  must  solutions .  That  said ,  because  the  loss ,  destruction  and  degradation  of  habitat  is  the  major  cause  of  the  extinction  crisis  –  driven  ultimately  by  human  population  growth  and  over - cons umption  of  resources  –  the  protection  and  restoration  of  habitat  for  native  species  is  the  most  important  thing  we  must  do"
burka,32452," Capital  partner  Matt  Maz ze o .  It  was  moder ated  by  The W rap âĢ Ļ s  Lucas  Shaw . 
 
 R addon  relayed  the  story  of  a  major  film  studio  that  hosted  a  weekly  âĢ ľ inn ovation  group âĢ Ŀ  –  which  was  managed  by ,  of  all  things ,  the  company âĢ Ļ s  human - resources  department"
burka,32452," intr ace llular  growth  of  bacteria  [ 13 ].  In  addition  to  their  recruitment  to  sites  of  infection  and  various  effect or  functions ,  they  also  have  strong  anti - inflammatory  properties .  These  are  manifested  by  the  secretion  of  IL - 10  and  T GF -  and  the  expression  of  certain  genes  that  are  involved  in  the  repair  of  the  ext race"
burka,32452,"y  Republican  recal cit rance . 
 
 The  third  possibility  is  that ,  noble  intentions  aside ,  the  Keynes ian  plan  is  not  working ,  cannot  work ,  never  has  worked ,  and  never  will  work .  This  implies  we  need  to  change  course  if  we  want  to  revive  our  struggling  economy  and  restore  our  government  to  sol ven cy . 
"
burka,32452,"
 Fr ust rating ly ,  if  your  journey  dev iates  from  the  specified  amount  charged  at  the  beginning  of  the  trip  ( due  to  a  det our  to  pick  up  a  friend  or ,  you  know ,  traffic )  you  are  then  charged  a  second ,  final  amount  for  what  the  fare  actually  is .  Sure ,  the  original  amount  is  released"
burka,32452," Pegasus ,  a  symbol  of  wisdom  and  knowledge  in  Greek  mythology .  In  addition  to  these  two  tenets ,  the  company  mirrors  the  wing ed  horse  in  another  significant  respect :  both  entities  have  taken  part  in  a  series  of  epic  journeys . 
 
 AS US  notebooks  have  lived  on  the  M IR  Space  Station .  They  were  the  first  to  work"
burka,32452," is  slated  to  make  a  long - term  modest  return  on  its  capital ;  effectively  rendering  its  initial  expenses  meaningless .  In  addition ,  with  major  capital  projects  such  as  the  NBN ,  it  is  common  for  a  substantial  amount  of  the  overall  capital  cost  to  be  lodged  up - front ;  these  costs  do  not  reflect  the  remaining  cost  of  such  projects"
burka,32452," advise  you  to  stop  reading ,  grab  a  cup  of  hot  cocoa ,  and  retreat  to  your  nearest  safe - space  immediately .  Otherwise  you  will  get  triggered ,  guaranteed . 
 
 With  that  out  of  the  way ,  let  me  get  into  the  meat  of  this  article ,  which  is ,  as  the  title  suggests ,  a  short  lesson  on  a"
burka,32452,",  we  discussed  a  government  report  which  showed  that ,  much  to  the  ch ag rin  of  a  few  billionaires  and  a  long  line  of  retail  investors  who  bought  the  proverbial  dip ,  F annie  Mae  and  Freddie  Mac  may  be  destined ,  by  design ,  by  decades  of  reckless  behavior ,  and  by  Treasury  decree ,  to  be  insol vent  most  of"
burka,32452,".  John  McCain 's  recent  mis stat ements  regarding  a  nonexistent  Iraq - Pakistan  border  and  the  timing  of  the  An bar  Awakening .  In  contrast  with  the  networks '  ignoring  McCain 's  mis stat ements  in  their  nightly  news  broadcasts ,  both  of  which  have  been  made  during  Sen .  Barack  Obama 's  trip  abroad ,  media  figures  from  each  network  warned"
burka,32452,"In  addition ,  under  the  expanded  NBC U  deal ,  Hulu  has  acquired  the  full  library  of  programming  for  series  âĢ ľ B att lest ar  Gal act ica âĢ Ŀ  and  âĢ ľ S aved  by  the  Bell , âĢ Ŀ  which  are  available  to  stream  now .  The  deal  also  adds  episodes  of  popular  children âĢ Ļ s  series  including  âĢ"
burka,32452," took  action  after  the  Charleston ,  S . C .,  church  shootings  in  June . 
 
 In  addition  to  the  Franklin  County  Sheriff 's  Office ,  the  FBI  and  the  Bureau  of  Alcohol ,  Tobacco ,  Firearms  and  Explos ives  have  sent  personnel  from  Ro an oke . 
 
 Update  at  2 : 25  p . m .  ET :  Updates"
burka,32452,". 
 
 In  addition ,  while  being  interviewed  on  the  July  21  broadcast  of  ABC 's  Good  Morning  America ,  McCain  referred  to  "" the  Iraq - Pakistan  border ""  --  which  does  not  exist  --  while  discussing  the  ongoing  war  in  Afghanistan .  As  Media  Matters  noted ,  host  Diane  Sawyer  did  not  correct  McCain 's  statement  or  otherwise  point  out"
burka,32452,"]  In  addition ,  the  hind  fl ipper  of  elephant  seals  have  a  lot  of  surface  area ,  which  helps  propel  them  in  the  water .[ 6 ]  Elephant  seals  spend  the  majority  of  their  time  ( 90 %)  underwater  in  search  of  food ,  and  can  cover  60  miles  a  day  when  they  head  out  to  sea .[ 7 ]  When  elephant"
burka,32452," after  all .  Moreover ,  landscapes  planted  and  maintained  by  humans  can  help  certain  species  through  lean  times  of  the  year . 
 
 Even  so ,  policymakers  often  consider  urban  habitat  degraded  and  insignificant ,  the  researchers  note ,  and  therefore  permit  development  that  further  er odes  habitat  for  threatened  species ,  bit  by  little  bit .  So  the  assumption  that  cities"
burka,32452," for  clarity  and  content . One  of  the  features  that  PlayStation  owners  have  asking  about  for  years  is  the  ability  to  expand  their  console  storage  with  an  external  USB  drive .  Now ,  with  the  upcoming  System  Software  4 . 5 ,  that  feature  has  finally  become  a  reality . 
 
 It âĢ Ļ s  been  stated  that  the  external  drive  can"
burka,32452,"SS ); 
 
 C ancer  St em  Cells 
 
 C ancer  stem  cells  ( C SC s )  are  cancer  cells  ( found  within  tumors  or  he mat ological  cancers )  that  possess  characteristics  associated  with  normal  stem  cells ,  specifically  the  ability  to  give  rise  to  all  cell  types  found  in  a  particular  cancer  sample .  C SC s  are"
burka,32452," series .  So  we  thought ,  this  is  our  time .  If  we âĢ Ļ re  ever  going  to  do  it ,  we  have  to  set  aside  that  crowd .  Now  is  a  good  time .  And  television  seems  like  an  interesting  format  to  take  it  forward  in .  So  we  chose  to  make  Bruce âĢ Ļ s  story  right  now .  I"
burka,32452,"
 11 : 49 : 03  Marg ot  James  MP ,  Parliamentary  Under - Secretary  ( Department  for  Business ,  Energy  and  Industrial  Strategy )  ( St our bridge ,  Conservative ) 
 
 11 : 49 : 18  Stephen  Pound  MP  ( E aling  North ,  Labour ) 
 
 11 : 49 : 41  Marg ot  James  MP ,  Parliamentary  Under"
burka,32452," announced  plans  to  operate  from  this  airport ."" 
 
 "" We  believe  the  CS 100  is  the  perfect  aircraft  for  the  next  stage  of  our  growth  for  many  reasons ,  not  the  least  of  which  is  that  it  is  the  quiet est  commercial  jet  in  production ."" 
 
 Robert  Kok onis ,  co - founder  of  airline  consulting  firm  Air T"
burka,32452," said ,  and  vehicles  can  be  right - sized  for  their  tasks :  people  can  order  a  pickup  truck  for  buying  gardening  supplies ,  a  single - se ater  for  the  drive  to  work ,  a  shuttle  to  go  to  the  airport ,  a  bus  when  they  want  to  save  money . 
 
 Because  of  their  efficient  use  of  road  space ,"
burka,32452,"49 
 
 3 . 53 
 
 2 . 31 
 
 1 . 14 
 
 1 . 01 
 
 1 . 28 
 
 1 . 34 
 
 1 . 04 
 
 1 . 25 
 
 0 . 96 
 
 1 . 10  1 . 15 
 
 1 . 32 
 
 1 ."
burka,32452, 30  Rasm us  My g ind  ( Den )  Team  Tre - For  3  31  Mart ijn  Vers ch oor  ( N ed )  Team  Nov o  Nord isk  3  32  Michel  K red er  ( N ed )  Garmin - Sharp  2  33  Bj Ã¶r n  Thur au  ( Ger )  Team  Euro p car  2  34  J ens  Deb uss c
burka,32452,"un ned  to  Unlock :  D red ge  ( L ust ),  Cor ro de  ( En vy ),  Loc ust us  ( G reed ),  Ang ler  ( Wr ath ),  and  E yr ach n id  ( Pr ide ) 
 
 Em br aced  to  Unlock :  Job ber  ( G reed ),  Lun atic  ( En vy ),  and"
burka,32452," conference ,  April  15 - 16 ,  2019  Berlin ,  Germany ;  Pacific  Regener ative  Medicine  Conference ,  May  16 - 19 ,  2019  Hawaii ,  USA ;  Annual  conference  &  Exhibition  on  Trans vers al ,  Trans l ational  &  Transform ative ,  December  2 - 5 ,  2019  Florida ,  USA ;  21 st  International  Conference  on  T issue  Engineering  and"
burka,32452," part  of  his  offensive  arsenal ;  he  was  devised  by  B oon  as  "" a  cooler  version  of  Scorpion .""[ 22 ]  The  original  costume  was  created  from  a  modified  ninja - like  outfit  bought  at  a  Chicago  costume  shop [ 21 ]  and  was  red  for  filming  in  the  first  game ,  but  a  different  yellow  one  with  a  qu il ted"
burka,32452,":  Belief s  and  the  Macro econom y  ( N BER  Working  Paper  No .  153 21 ),  co - authors  Pa ola  Giul iano  and  Antonio  Sp il im ber go  substant iate  the  importance  of  the  historical  economic  environment  in  shaping  economic  attitudes ,  affecting  individuals '  views  of  the  role  of  government ,  and  influencing  whether  those  beliefs  change  later"
burka,32452,"D iss ociation  and  PTSD ;  past  and  present : 
 
 D iss ociation  is  a  sub - type  of  PTSD  ( Post  Tra umatic  Stress  Disorder ),  a  mental  health  condition  triggered  by  a  terrifying  event  and  most  commonly  diagnosed  in  war  veterans .  Several  studies  indicate  that  a  significant  part  of  the  Lebanese  population  who  lived  through  the  1975 -"
burka,32452," the  collapse  of  the  Camp  David  "" final  status ""  talks ,  he  turned  sharply  to  the  right .  He  upheld  his  earlier  findings — and  produced  new  ones  showing  that  Israeli  military  forces  were  responsible  for  a  deliberate  campaign  of  massacres  and  rapes  aimed  at  driving  out  the  Palestinians — but  then  defended  these  crimes  as  necessary  and  just ifiable . 
"
burka,32452,"ank ar  Singh ,  Pri ya  D utt  were  also  present  for  the  meeting . 
 
 Also  Read :  Rahul  Gandhi  blasts  RSS ,  BJP 's  ' rig id  thinking ' 
 
 G and hi  sat  next  to  the  A IC C  secretary ,  San jay  Nir up am .  Nir up am  passed  him  a  ch it  with  âĢ ľ"
burka,32452," âĢ ľ They  said  Captain  didn âĢ Ļ t  want  to  meet  me .  Now ,  they  have  mess aged  me  that  please  come  and  meet  Captain  Sa ab .  This  time ,  I  have  refused . âĢ Ŀ  said  Raj la . 
 
 In  2009 ,  when  his  wife ,  Pre ne et  K aur ,  faced  anti - inc umb"
burka,32452,"Ļ s  letter  to  the  university . 
 
 MORE :  504 - day  investigation  of  law  professor  for  âĢ ĺ Brazil ian  wax âĢ Ļ  question 
 
 MORE :  Howard  vandal ized  with  âĢ ĺ Trump  plantation âĢ Ļ  after  DeVos  visit 
 
 IM AGE :  âĢ ĺ The  40 - Year - Old - Virgin âĢ Ļ 
 
"
burka,32452,"acing = 0 )  ax . set _ y lim (- 0 . 1 , 1 . 1 ); 
 
 And  that âĢ Ļ s  pretty  much  all  there  is  to  say  here .... 
 
 Taking  it  further 
 
 H mmm .  The  over shoot  is  kind  of  annoying ,  though ,  isn âĢ Ļ t  it ?  What  if"
burka,32452," does  not  seem  to  be  about  that ,  but  rather  about  setting  up  a  deal  that  actually  does  make  everyone  better  off .  It  appears  that  H ac het te  has  been  fighting  that ,  in  this  ridiculous  belief  that  e books  have  to  be  priced  higher  --  and  that  it  should  get  to  keep  more  and  more  of  the  money . 
"
burka,32452,"p _ k }  \ ),  any  choice  of  \(  B  \ )  and  \(  C  \ )  is  fine  that  satisfies  \(  H ( s )  =  \ sum \ limits _ k  \ frac { b _ k c _ k }{ s + p _ k }  \ ).  We  need  to  compute  the  residue  coefficients  \(  r _ k"
burka,32452," cracking ,  r ifting ,  and  the  interaction  between  the  Pacific  Plate  and  the  North  American  Plate .  The  Gar ib aldi  Vol can ic  Belt  was  formed  by  sub duction  of  the  Juan  de  F uca  Plate  beneath  the  North  American  Plate .  The  An ah im  Vol can ic  Belt  was  formed  as  a  result  of  the  North  American  Plate  sliding"
burka,32452,"A 2 . 
 
 Production  rates  greatly  increased  in  1943  after  IBM  introduced  a  method  of  casting  BAR  receivers  from  a  new  type  of  mal le able  pig  iron  developed  by  the  S agin aw  division  of  General  Motors ,  called  Ar ma Steel .[ 22 ]  After  it  successfully  passed  a  series  of  tests  at  Springfield  Armory ,  the  Chief  of"
burka,32452," comparison  groups âĢ Ŀ  to  estimate  these  effects ,  and  those  that  do  not .  The  term  âĢ ľ match ing âĢ Ŀ  is  used  here  in  a  relatively  broad  way ,  to  describe  a  family  of  methods  that  identify  a  comparison  group  as  an  appropriate  match  for  a  treatment  group ,  thus  mim icking  a  randomized  experiment .  A  matching  design  is"
burka,32452,"
 
 After  a  long  night  of  observation ,  Brand ner  had  accumulated  enough  data  to  produce  a  portrait  of  the  planet .  His  team  packed  their  bags ,  flew  home  and  went  to  work  analyzing  the  data .  The  results  were  astonishing . 
 
 HR  87 99  c  is  a  young ,  hot  giant  planet ,  a  cosmic  teenager  less  than"
burka,492," and  a  half ,  there 's  an  excellent  chance  someone  else  would  be  managing  this  team  right  now .  At  this  point ,  Ley land  and  his  boss ,  Dave  D omb rows ki ,  seem  to  have  an  understanding  that  Ley land  has  reached  the  stage  of  his  career  where  it  makes  more  sense  for  both  of  them  to  operate  on  a"
burka,492," Wild stein  ever  did .  Commun icating  almost  exclusively  by  AOL  Instant  Messenger ,  Wild stein  maintains  a  web  of  informants  inside  both  parties .  Over  the  years ,  Politics NJ  evolves  into  a  real  news  organization .  The  site  hires  a  small  staff  of  professional  reporters ,  none  of  whom  know  their  boss âĢ Ļ s  true  identity .  Wild stein  turns"
burka,492," to  be  a  good  judge  of  talent .  One  of  the  website âĢ Ļ s  first  hires  is  Steve  K orn ack i ,  who  goes  on  to  become  a  political  analyst  on  MSNBC . 
 
 Wild stein  has  dreams  of  expanding  his  model  into  every  state ,  but  the  site  can  never  generate  much  revenue  from  its  few  ads .  In"
burka,492," to  be  a  good  judge  of  talent .  One  of  the  website âĢ Ļ s  first  hires  is  Steve  K orn ack i ,  who  goes  on  to  become  a  political  analyst  on  MSNBC . 
 
 Wild stein  has  dreams  of  expanding  his  model  into  every  state ,  but  the  site  can  never  generate  much  revenue  from  its  few  ads .  In"
burka,492," aims  to  do ,  offering  readers  a  mix  of  score - sett ling  rumors ,  lobbyist  chatter ,  trial  balloons ,  and  arcane  trivia . 
 
 For  the  next  decade ,  the  true  identity  of  Wally  Edge  is  the  subject  of  much  speculation  in  political  circles ,  but  few  guess  it âĢ Ļ s  David  Wild stein .  He âĢ Ļ s"
burka,492," am  in  no  way  over  the  hill , âĢ Ŀ  he  declares ,  âĢ ľ and  can  assure  the  voters  of  Livingston  that  they  have  only  just  begun  to  see  the  name  of  David  Wild stein . âĢ Ŀ 
 
 Video :  A  Brief  History  of  âĢ ľ Bridge gate âĢ Ŀ 
 
 Back  at  Livingston  High ,  Wild stein  is"
burka,492," âĢ ľ blind sided âĢ Ŀ  and  âĢ ľ hum iliated âĢ Ŀ  by  the  actions  of  his  staff .  âĢ ľ Let  me  just  clear  something  up ,  okay ,  about  my  childhood  friend  David  Wild stein , âĢ Ŀ  he  says  scorn fully .  âĢ ľ We  didn âĢ Ļ t  travel  in  the  same  circles  in  high  school .  You"
burka,492,"- Walker .  Photo  by  John  Lamp ars ki / Getty  Images  Entertainment ,  D .  An sch utz / Think stock . 
 
 Mike  Murphy  finds  it  all  very  funny  that  people  think  Jeb  Bush  is  in  trouble . 
 
 The  head  of  Bush âĢ Ļ s  $ 100  million  super  PAC ,  Right  to  Rise ,  considers  most  political"
burka,492,"- Walker .  Photo  by  John  Lamp ars ki / Getty  Images  Entertainment ,  D .  An sch utz / Think stock . 
 
 Mike  Murphy  finds  it  all  very  funny  that  people  think  Jeb  Bush  is  in  trouble . 
 
 The  head  of  Bush âĢ Ļ s  $ 100  million  super  PAC ,  Right  to  Rise ,  considers  most  political"
burka,492," of  all  the  county  bosses  and  town  comm itte emen .  Poe kel  understands  impatient  ambition  —  he  ran  for  Congress  himself  at  the  age  of  28 .  But  he âĢ Ļ s  never  met  anyone  like  this  boy ,  David  Wild stein . 
 
 âĢ ľ It  is  very  unusual  that  someone  of  that  age  would  be  that  all - cons"
burka,492," of  beasts  and  mutations  added  with  Exp anded  Environmental  Haz ards . 
 
 R usted  Portal  Games 
 
 Don aven  Br ines  -  Game  Design 
 
 Ch ad  M atson  -  Lead  Developer ,  Pathfinder 
 
 Jason  St ol berg  -  Lead  Developer ,  Fifth  Edition 
 
 Re id  Fin uc an  -  Game  Developer 
 
 Jeff"
burka,492," on  women .  Mons ign or  Ed  Fil ardi  said  he  put  the  notice  in  the  bulletin  at  Our  Lady  of  L our des  at  the  request  of  women  reacting  to  the  clothing  of  other  women .  Personally ,  he  said ,  he  doesn âĢ Ļ t  see  a  real  problem ,  though  after  services  Sunday  morning  one  usher  engaged  the  priest  on"
burka,492," of  Wally  Edge âĢ Ļ s  favorite  targets  and  another  about  âĢ ľ the  Curse  of  the  38 th , âĢ Ŀ  a  phrase  ( used  exclusively  on  Politics NJ )  to  describe  the  voting  history  of  a  Ber gen  County  legislative  district .  The  editor  rev ises  the  page  of  Steve  K orn ack i  to  note  that  he  got  his  start"
burka,492," with  the  governor  himself . 
 
 âĢ ľ When  David  Wild stein  walked  into  a  room ,  it  was  clear  that  Chris  Christie  was  represented , âĢ Ŀ  says  Tor rice lli ,  who  dealt  with  the  Port  Authority  as  an  attorney  for  an  auto - import ing  facility  that  had  a  lease  dispute  with  the  agency .  âĢ ľ I  thought"
burka,492," with  the  governor  himself . 
 
 âĢ ľ When  David  Wild stein  walked  into  a  room ,  it  was  clear  that  Chris  Christie  was  represented , âĢ Ŀ  says  Tor rice lli ,  who  dealt  with  the  Port  Authority  as  an  attorney  for  an  auto - import ing  facility  that  had  a  lease  dispute  with  the  agency .  âĢ ľ I  thought"
burka,492,"?  Do  you  believe  baseball  is  actually  dying ? 
 
 Watch  the  video  above  and  sound  off  below  in  the  comments  section  with  your  thoughts  on  World  Series  ratings . 
 
 Joe  Gig lio  may  be  reached  at  j g igl io @ n jad vance media . com .  Follow  him  on  Twitter  @ Joe G igl io Sports ."
burka,492," cited  by  Å ģ uk as iewicz  is  apparently  a  lith ographed  report  in  Polish .  The  referring  paper  by  Å ģ uk as iewicz  Rem arks  on  Nic od 's  Ax iom  and  on  "" General izing  Ded uction ""  was  reviewed  by  Henry  A .  Pog or z els ki  in  the  Journal  of  Symb olic  Logic  in  1965 .[ 6"
burka,492," of  Robert  Bun sen  as  a  teacher .  Ty nd all  studied  under  Bun sen  for  two  years .[ 4 ]  Perhaps  more  influential  for  Ty nd all  at  Mar burg  was  Professor  Herman n  Kn obl au ch ,  with  whom  Ty nd all  maintained  communications  by  letter  for  many  years  afterwards .  Ty nd all 's  Mar burg  dissertation  was  a"
burka,492,"ann ies  and  levers . âĢ Ŀ 
 
 Why  would  Christie  want  to  turn  David  Wild stein  into  a  power  broker ?  The  Port  Authority  may  look  like  a  boring  bureaucracy ,  but  it âĢ Ļ s  really  a  self - pro pelled  patronage  machine .  Every  time  you  cross  the  Hudson  River ,  or  land  at  one  of  the  region âĢ"
burka,492," of  an  increased  federal  role  in  paying  for  research  on  the  clinical  effectiveness  of  treatments  has  been  G ail  R .  Wil ens ky ,  a  Republican  economist  who  served  as  George  H . W .  Bush âĢ Ļ s  Medicare  director . 
 
 In  2008 ,  former  House  speaker  Newt  Gingrich  ( R - Ga .)  published  an  op - ed"
burka,492," worked  great ,  and  I  saved  a  ton .""  - Sean  Gr ady ,  SM U  class  of  2016 . 
 
 "" text books please . com  proved  to  be  a  great  resource ,  I  bought  5  textbooks  for  the  price  of  1  and  got  them  all  in  about  a  week !""  - G arrett  Scar cell i ,  SM U  class"
burka,492," lack  of  stimulation  at  home .  Jensen  continued  to  publish  on  the  issue  until  his  death  in  2012 . 
 
 The  Bell  Curve  debate 
 
 Another  revival  of  public  debate  followed  the  appearance  of  The  Bell  Curve  ( 1994 ),  a  book  by  Richard  Her rn stein  and  Charles  Murray ,  who  strongly  emphasized  the  societal  effects  of  low  IQ  ("
burka,492," year . âĢ Ŀ May  16 ,  2011 
 
 Doug  S ings en  and  Rebecca  Sun  report  on  the  energetic  and  angry  teacher - led  protests  against  budget  cuts  in  New  York  and  Los  Angeles . 
 
 L AR GE  AND  lively  teacher - led  protests  on  Wall  Street  in  New  York  and  in  downtown  Los  Angeles  on  successive  days  highlighted"
burka,492," year . âĢ Ŀ May  16 ,  2011 
 
 Doug  S ings en  and  Rebecca  Sun  report  on  the  energetic  and  angry  teacher - led  protests  against  budget  cuts  in  New  York  and  Los  Angeles . 
 
 L AR GE  AND  lively  teacher - led  protests  on  Wall  Street  in  New  York  and  in  downtown  Los  Angeles  on  successive  days  highlighted"
burka,492," Sob ole ws ki . 
 
 âĢ¢  One  team  official  said  the  past  coaching  staff  didn âĢ Ļ t  use  tight  end  Jordan  Cameron  to  his  strengths  and  expects  that  to  change âĢ¦  Dolphins  conversations  remain  ongoing  with  free  agent  defensive  end  Jason  Jones ,  with  both  sides  interested . 
 
 CHAT TER 
 
 âĢ¢  The  latest  Hassan  Whites ide"
burka,492," style  celebrities  to  a  very  specific  set  of  dudes  who  couldn âĢ Ļ t  stop  aggreg ating  their  photos  —  partly  from  outfit - en vy ,  and  partly  because  they  just  looked  damn  cool . 
 
 Josh  Pes k owitz ,  former  fashion  director  at  Blooming dale 's ,  attends  New  York  Fashion  Week :  Men 's .  Image :  Miles"
burka,492,"s  skin .  At  the  end  of  the  day  Tim  is  going  to  be  a  winner ,  and  that âĢ Ļ s  what  matters . âĢ Ŀ Incre asing  competition  in  the  wireless  market  highlights  the  need  for  consolidation  among  operators ,  U BS  Analyst  John  Hod ul ik  said  this  morning .  And  an  attempt  at  a  deal  between  T - Mobile"
burka,492," aged  95 .[ 72 ]  The  book  eventually  appeared  in  1945 ,  written  by  A .  S .  Eve  and  C .  H .  Cre ase y ,  whom  Louis a  Ty nd all  had  authorised  shortly  before  her  death . 
 
 John  Ty nd all 's  books  [  edit  ] 
 
 See  also  [  edit  ] 
 
 Notes  ["
burka,492," who  spill  out  onto  the  plain  after  miles  and  miles  of  woods .  Sam  H une ke ,  a  historian  who  grew  up  in  Lawrence ,  points  to  a  lack  of  particularly  large  hills ,  but  insists  that  âĢ ľ the  day - to - day  experience  is  not  one  of  flat ness . âĢ Ŀ  What  is  clear  is  that ,  like"
burka,492," him  online  at  The  Bourbon  Empire  and  on  Twitter  @ Re id Mit en bul er . 
 
 This  post  may  contain  links  to  Amazon  or  other  partners ;  your  purchases  via  these  links  can  benefit  Serious  E ats .  Read  more  about  our  affiliate  linking  policy . During  his  panel  at  Fan  Expo  Canada ,  Aqu aman  star  Jason  Mom oa"
burka,492,"
 From  what  I  can  tell ,  Naomi  Eisen stadt  is  a  well - intention ed ,  intelligent  and  thoughtful  person .  But  she  seems  to  come  from  a  different  political  culture ,  one  where  euphem isms  like  ' f ailing  schools '  and  ' living  within  our  means '  are  the  norm  ( although  I 'm  sure  she 'd  never  use  them"
burka,492,"ini  ( Price :  $ 625  million ,  Date :  July  9 ,  2007 ) 
 
 Post ini  is  an  e - mail  security  company  that  was  acquired  by  Google  in  July  2007  for  $ 625  million .  Post ini  was  based  in  San  Carlos ,  Calif .  Post ini  was  rolled  into  Gmail  to  provide  enhanced  e - mail  and  spam"
burka,492," Sean  Weather sp oon 
 
 Mc Sh ay :  MLB  Roland o  McCl ain 
 
 I  think  it âĢ Ļ s  pretty  clear  that  the  Giants  ended  up  with  the  best  player .  Weather sp oon  was  a  talented  player  who  went  19 th  overall  to  the  Atlanta  Falcons ,  four  picks  after  the  Giants  took  Pierre - Paul .  He"
burka,492," against  Steve  McCl aren ,  the  frontrunner  to  take  the  job  in  the  summer ,  taking  charge  for  the  final  three  games  of  the  season ,  despite  Derby  County âĢ Ļ s  campaign  having  ended  at  the  weekend . 
 
 I âĢ Ļ m  not  going  anywhere  until  someone  comes  to  me  and  tells  me  otherwise .  John  Car ver 
 
"
burka,492,here  ( Bel )  L otto  Bel isol  73  Marco  Col ed an  ( It a )  Bard iani  Val v ole - CS F  In ox  0 : 11 : 23  74  Moreno  Hof land  ( N ed )  Bel kin  Pro  Cycling  Team  75  Krist ian  Hau gaard  Jensen  ( Den )  Team  Post  Dan mark  76  Michael  Val gren  Andersen
burka,492," who  turns  her  back  on  Burke  to  support  a  frail  figure  with  a  banner  bearing  scenes  from  the  storm ing  of  the  Bast ille .  To  their  right ,  are  John  Hor ne  To oke  another  radical  MP  and  Cath arine  Mac aul ay .  She ,  like  the  other  women ,  wears  French  tr icol ours . The  people  in  this  print"
burka,492," his  stirring  second - half  effort ,  drove  Bernard  le  Rou x  back  ten  metres  off  a  French  line - out  and  when  Alexand re  Dum ou lin  crossed  in  front  of  the  carrier ,  âĢ ĺ The  Fields âĢ Ļ  reverber ated  around  the  Millennium  once  more .  It  also  summed  up  France âĢ Ļ s  blunt  attacking  game . 
 
"
burka,492," Saturday  night . 
 
 Det .  Richard  Ch ipping  of  the  Salt  Lake  City  Police  Department  said  the  shooting  occurred  in  the  area  of  700  West  and  1400  South  where  a  concert  was  taking  place ,  and  FOX  13  News  first  heard  reports  of  the  shooting  around  9 : 30  p . m . 
 
 Police  said  shots  were  fired  as"
burka,492,"51 ,  A ved is  Z ild j ian âĢ Ļ s  son ,  Ker ope  Z ild j ian  ( whose  name  is  found  in  the  K - series )  began  to  show  cy mb als  in  exp os itions ,  helping  the  company 's  transition  into  the  European  market .  In  1909 ,  with  the  aid  of  the  Ottoman  Empire ,"
burka,492," says  B reg man .  âĢ ľ There  was  a  need  for  verification ,  and  R ami  Tal ,  a  very  well - known  journalist ,  edited  Ze ira âĢ Ļ s  book .  Understand  what  kind  of  an  obsession  I  had .  I  flew  to  Tel  Aviv  to  meet  him .  I  knew  he  wouldn âĢ Ļ t  say  the  name  but"
burka,492,"chard  —  showed  up  with  the  Cup  and  L . A .  Kings  players  Alec  Martinez  and  Justin  Williams .  After  finding  out  that  the  Cup  has  been  mountain  climbing ,  canoe ing ,  and  even  on  a  Sea - D oo ,  Kimmel  decided  to  see  what  they  could  and  couldn âĢ Ļ t  do  with  it . 
 
 Also  read"
burka,492, he e ft  zo als  recent el ijk  be we zen  polit ie ke  g ev ol gen .  De  ver lie zers  van  de  global is ering  en  de  k le ine  global is ering - gen a amd - Euro p ese - een he ids mark t  ro eren  z ich .  H et  k aba al  is  he t
burka,492,"Probably  there  will  not  be  long  to  wait . A  Syrian  woman  shelters  in  a  damaged  building  as  civil  defence  workers  s ift  through  debris  looking  for  survivors  following  reported  air  strikes  in  Aleppo  ( AFP  Photo / Th aer  Mohammed ) 
 
 Be ir ut  ( AFP )  -  US - backed  Syrian  forces  said  Sunday  they  have  established  a  military"
burka,492," to  mind  the  earlier  works  of  Reg is ,  it 's  un character istically  dark  for  R rose . What :  Oz om at li  –  San  Diego  Symphony 
 
 When :  Sunday  August  24 ,  2014 
 
 Where :  Emb arc ad ero  Marina  Park  South ,  San  Diego 
 
 Description :  By  combining  hip - hop ,  salsa"
burka,492," fact  that  it  satisfies  the  recommended  0 . 8 - 1 . 2 g  of  protein  per  pound  of  body weight  per  day . 
 
 What  was  interesting  is  out  of  the  3  mac ron ut rients ,  our  participants  knew  how  much  protein  they  were  eating  each  day  the  most  out  of  any  mac ron ut rient .  Only  2 %"
burka,5576," world .  R aim i  recalled ,  âĢ ľ I van ,  my  brother ,  and  myself ,  when  I  would  be  on  promotion  for  any  other  movie ,  the  reporters  I âĢ Ļ d  be  speaking  with  would  fe ign  interest  in  that  picture  I  was  working  on  and  then  they âĢ Ļ d  say ,  âĢ ĺ But  when âĢ Ļ"
burka,5576," more  :) Disney  sub mits  plans  for  an  omn im over  boat  ride 
 
 In  case  you  missed  it  last  night ,  theme  park  fans '  corner  of  Twitter  erupted  with  the  discovery  that  the  US  Patent  and  Trad emark  Office  last  month  published  a  patent  application  from  Disney  for  a  omn im over  boat  ride  .  ( Here 's  an  easier"
burka,5576,"
 She  smiled ,  and  it  wasn âĢ Ļ t  a  sure  smile ,  and  I  smiled  back ,  with  roughly  the  same  confidence . 
 
 Something  would  have  to  be  done  longer - term . 
 
 Previous  Next How  does  a  poet  represent  two  distinctly  different  cultures  in  their  work ?  How  did  James  Berry  interpret  his  experience  and  those"
burka,5576," this  name  comes  from  that  of  the  Italian  explorer  Amer igo  V esp ucci ,  to  whom  the  discovery  of  the  American  continent  was  errone ously  attributed  in  150 7  by  the  German  map maker  Martin  Wald se em Ã¼ ller ?  ( Mr .  Lay t ner ,  I  suppose ,  would  ret ort  that  America  couldn âĢ Ļ t  have  been"
burka,5576," Cold  War  and  the  nuclear  arsen als  threatening  the  world  was  a  regular  motiv ator  for  Ped rick 's  inventions .[ c itation  needed ] 
 
 Ext ingu ishing  fires  in  high  rise  block  buildings  [  edit  ] 
 
 Ped rick  was  also  concerned  with  the  safety  of  his  fellow  man  and  thus  described ,  in  GB 145 39 20  an"
burka,5576," pledge  is  voluntary ,  there  is  subtle  and  sometimes  overt  pressure  on  students ,  especially  younger  children ,  to  participate . 
 
 âĢ ľ It  just  puts  kids  in  an  uncomfortable  situation , âĢ Ļ âĢ Ļ  Rosenthal  said .  âĢ ľ How  do  you  say  that  to  a  6 - year - old ?  .  .  .  We  just  don âĢ"
burka,5576," already  served  in  custody ,  Pere ira  will  be  released  on  Sept  4  and  Choi  on  June  4 ,  according  to  AAP .  They  will  be  deported  upon  release . Br us sels  reacted  furiously  on  Friday  to  claims  that  British  and  US  intelligence  agencies  sp ied  on  the  European  commissioner  in  charge  of  sensitive  antitrust  cases ,  including  one  involving  Google ."
burka,5576," so  she  told  him  what  we âĢ Ļ ve  all  secretly  dreamed  of  saying . 
 
 I  know  I  wrote  yesterday  about  two  Boston  kids  telling  their  Mom  to  shut  up  and  how  wrong  it  was ,  But  I âĢ Ļ m  willing  to  make  an  exception  to  the  âĢ ľ respect  your  elders âĢ Ŀ  rule  when  said  elder  is  telling"
burka,5576,".  Once  this  nasty ,  high - end  streak  is  activated ,  you âĢ Ļ ll  be  able  to  kill  any  character  at  any  range  on  the  map .  It  doesn âĢ Ļ t  matter  if  they âĢ Ļ re  your  target ,  your  pursu er ,  or  a  ha pless  neutral  victim âĢ¦  you âĢ Ļ ll  be  able  to  extingu ish"
burka,5576,"id  is  extremely  loyal  to  whoever  she  serves ,  and  will  follow  any  order  given  to  her .  A str id  very  closely  resembles  an  an ubis . 
 
 Second ary  characters  [  edit  ] 
 
 Tam my :  Tammy  is  a  crazy  witch  therapist  who  constantly  tries  to  sed uce  Dr .  Ul rick .  She  provides  therapy  to  Pit"
burka,5576,".  Subtle ty  out  the  window .  Gordon âĢ Ļ s  got  Hub ris  and  sends  him  to  go  attack  the  bad  guy .  Nope !  Neph  strikes ,  attacking  with  his  sleeping  dragon . âĢ Ŀ 
 
 âĢ ľ And  the  nice  glow y  what - if  is  ruined , âĢ Ŀ  Jessie  said . 
 
 âĢ ľ They  could"
burka,5576,",  Lin l ith gow  wrote : 
 
 âĢ ľ The  situation ,  he  [ Sav ark ar ]  said ,  was  that  His  Majesty âĢ Ļ s  government  must  now  turn  to  the  Hindus  and  work  with  their  support âĢ¦.  Our  interests  were  now  the  same  and  we  must  therefore  work  together âĢ¦  Our  interests  are  so  closely  bound  together ,"
burka,5576,"Hi , âĢ Ŀ  the  robotic  woman  replied .  Great !  We  were  still  connected .  She  continued  in  her  mon ot one  voice ,  âĢ ľ U mmm ,  why  do  you  want  to  ask  Jay  Len o  what  his  favorite  sandwich  is ? âĢ Ŀ 
 
 âĢ ľ Because  it âĢ Ļ s  hilarious ! âĢ Ŀ  I  told  her"
burka,5576," in  1998  and  is  based  in  Clayton ,  MO . 
 
 The  announcement  was  made  official  by  Stephen  Chau ,  Product  Manager  at  Google .  There  is  limited  information  about  the  founders  of  Image America . 
 
 50 .  Z ing ku  ( Price :  unknown ,  Date  Sept  2007 ) 
 
 Z ing ku  is  a  mobile  social  network"
burka,5576," isn âĢ Ļ t  any  better  than  yours  or  Joe  Sch mo âĢ Ļ s , âĢ Ŀ  B reg man  says .  âĢ ľ But  I  think  the  opposite  of  what  Zam ir  thinks . He  has  a  clear  interest  in  Mar wan  not  being  ruled  to  be  a  double  agent ,  because  what  a  failure  it  would  be  if  he  were"
burka,5576," NASA  senior  adviser  for  exploration  and  space  operations ,  said  during  a  Global  Exploration  Road map  community  workshop  at  the  NASA  Ames  Research  Center  Nov .  29 .  âĢ ľ We âĢ Ļ ve  been  engaged  with  our  international  partners  on  how  we âĢ Ļ ll  use  these  to  explore  together . âĢ Ŀ 
 
 IS EC G ,  a  voluntary  organization"
burka,5576," Tina  (< –  amazing  D FB  photographer  who âĢ Ļ s  frig ging  awesome )  spotted  this  at  the  Plaza  Ice  Cream  Par lor  in  the  Magic  Kingdom  this  week ! 
 
 But  it âĢ Ļ s  OK .  It âĢ Ļ s  brand  new  —  not  even  on  the  menu  yet  —  so  we  didn âĢ Ļ t  miss  out  on"
burka,5576,"/ mag net  as  a  Thank - You  gift !  Click  here  to  donate  today ! 
 
 And  hey ,  if  you 've  made  it  this  far ,  why  not  follow  us  via  RSS ,  Twitter ,  Facebook ,  Instagram ,  or  Tumblr ? Rest ri ÂŃ ct s  total  expend ÂŃ itures  on  mar ria ÂŃ ges 
 
 P ES"
burka,5576," they âĢ Ļ re  on - screen  buttons .  But  not  everyone  loves  on - screen  navigation  buttons .  So ,  some  phone  makers  like  Apple  and  V ivo  have  opted  for  gestures  on  the  iPhone  X  &  V ivo  X 20 .  Now  it âĢ Ļ s  OnePlus  5 T . 
 
 Fresh  news  is  that  the  OnePlus  5 T  is"
burka,5576,"/ bin  to  your  PATH  . 
 
 Link  arc  with  your  ph ab ric ator  account 
 
 Next  we âĢ Ļ ll  need  to  tell  connect  arc  with  our  ph ab ric ator  account  on  ph ab ric ator . has kell . org .  To  do  this  we  need  to  run  the  foll wing  command  from  within  the  gh c"
burka,5576, who  came  to  the  gathering  and  had  started  a  âĢ ľ Beaut y  and  Women âĢ Ŀ  group  at  her  school .  âĢ ľ But  I  think  T ress  gives  us  a  chance  to  at  least  vent  about  it .  And  that âĢ Ļ s  a  good  start . âĢ Ŀ This  article  is  about  Russian  and  Soviet  chess  composer .  For  Russian
burka,5576," their  way  of  life .  People  that  had  never  even  read  the  Qu âĢ Ļ ran  believed  they  had  more  knowledge  than  Islamic  scholars . 
 
 âĢ ľ Look  at  the  way  they  treat  their  women ! âĢ Ŀ  is  a  statement  that  I  often  hear .  âĢ ľ For cing  them  to  cover  up .  Not  allowing  them  to  go  out"
burka,5576," scored  four  wins  in  what  was  then  known  as  the  NASCAR  Bus ch  Series .  He  said  that  his  favorite  moment  behind  the  wheel  was  the  day  he  won  his  first  Bus ch  race  at  Naz areth  Speedway  ( PA )  in  1995 . 
 
 "" They  had  a  memorial  service  in  Michigan  that  day  for  my  grandmother  so  it  was  pretty"
burka,5576,"âĢ Ļ s  religion  should  be  fired . 
 
 Late  last  week ,  internal  Democratic  National  Committee  ( D NC )  emails  released  by  Wikileaks  showed  that  party  officials  had  coll uded  to  assist  former  Secretary  of  State  Hillary  Clinton  and  keep  Sen .  Sanders  ( I - VT )  from  winning  the  nomination . 
 
 One  email ,  from  DNC"
burka,5576," who  are  much  more  in  control  of  their  impulses  and  whose  business  model  doesn 't  depend  on  being  as  incredibly  outrageous  and  incendiary  in  his  rhetoric  as  Mike y 's  does .  For  instance : 
 
 It  is  important  for  physicians  who  invoke  their  medical  degrees  while  endorsing  products  to  make  their  alleg iances  and  financial  ties  very  transparent  —  and  Dr"
burka,5576," reputable  reference  for  \(  e ^ A  \ ) ): 
 
 $$  \ begin { eq n array }  N _{ p , q } ( x )  & = &  \ sum \ limits _{ j = 0 } ^ p \ frac { ( p + q - j )! p ! }{ ( p + q )! j !"
burka,5576,"=' best ',  labels p acing = 0 )  ax . text ( 1 . 1 * T delay , 0 ,' t au = %. 2 f '  %  t au ,  font size = 16 ) 
 
 The  longer  the  time  constant ,  the  less  relevant  are  those  r ipples  from  the  time - delay  approximation . 
 
 See"
burka,5576," out  of  a  jam . 
 
 But  when  he  showed  up ,  Police  Sgt .  Carlos  Fer re iro  thought  he  seemed  off . 
 
 âĢ ľ When  I  was  outside  talking  to  him  he  displayed  signs  of  intoxication , âĢ Ŀ  he  said . 
 
 H ogan  also  failed  sob ri ety  tests ,  police  said . 
 
"
burka,5576," up  has  been  implemented  yet . 
 
 "" So  far  these  actions  are  not  satisfactory ,""  said  V ak ur  Sum er ,  a  water  politics  expert  and  international  relations  lecturer  at  Sel c uk  University  in  K ony a .  "" The  situation ...  is  worsening ."" 
 
 Stream s  such  as  this ,  that  feed  into  Lake  T uz"
burka,5576," yarn  strings  across  a  pane  of  glass  in  someone âĢ Ļ s  head .  Move  one  string  and  it  bends  them  all . 
 
 That  person  is  real ,  and  her  name  is  Louise  Donald .  She âĢ Ļ s  the  Cann ond ale  Pro  Cycling  Team âĢ Ļ s  operations  director ,  and  she  works  with  the  directors  and  other  staff"
burka,5576," and  limp  for  a  week '.  Weiner  began  talking  to  the  girl  in  January ,  after  she  mess aged  him  on  Twitter 
 
 The  girl  told  Daily Mail . com  in  an  interview  that  she  and  Weiner  also  spoke  over  Skype ,  where  the  ex - cong ress man  asked  her  to  get  und ressed  and  masturb ate  in  front  of  him"
burka,5576," fully  remove  undefined  behavior  from  the  UC N  specification 
 
 to  handle  corner  cases ,  which  are  yet  not  defined  as  undefined  behavior 
 
 This  paper  deals  with  pre processor  and  undefined  behavior .  It  also  updates  the  specification  for  the  pre processor  to  deal  with  C ++ 11  lex ical  extensions  ( e . g  raw - strings ,  user"
burka,5576," Middle  east âĢ Ŀ  was  obscured  by  foreground ing  a  non threatening  âĢ ľ white âĢ Ŀ  ethnicity . 
 
 According  to  statist a . com : 
 
 Greek  yogurt  is  âĢ¦  known  as  strained  yogurt .  Through  the  str aining  process ,  the  excess  water y  whe y  is  removed ,  which  gives  the  yogurt  a  much  thicker  and  cream"
burka,5576," with  composite  tie  installation  to  be  completed  by  June  1 . Feel  the  rhythm ,  feel  the  ride ,  c âĢ Ļ mon  man  its  b obs led  time !  Cool  run nings ! 
 
 J ama ica âĢ Ļ s  two - man  b obs led  team  of  Winston  Watts  and  Marvin  Dixon  qualified  for  the  2014  Olympics  in  Sochi ."
burka,5576,"âĢ Ŀ  stretch  goal  category  gain  access  to  the  social  media  campaign  Re ceive  all  unlocked  âĢ ľ Truth  Trans missions âĢ Ŀ ,  professionally  recorded  in  character  by  post - R ise  ham  radio  operator ,  âĢ ľ Truth . âĢ Ŀ 
 
 Help  grow  the  R usted  Portal  Colony ! 
 
 Stretch  Goals ! 
 
 Ap ocalypse  the"
burka,5576," manifests  itself  in  a  contemporary  worldview  but  mainly  in  concern  over  the  shape  of  our  future .  Should  we ,  too ,  sit  home  and  cry  over  our  fate ? âĢ Ŀ 
 
 M ans our  added  that  he  has  seen  and  heard  the  inc itement  against  N asser ,  not  just  from  older  people  but  also  from  young  Arab - Israel"
burka,5576,"Ļ t  get  near  the  first  two  right  now ,  but  I âĢ Ļ ll  hazard  a  guess  on  what  the  court  is  likely  to  decide  tomorrow :  It  will  uphold  the  constitution ality  of  the  Affordable  Care  Act  ( Ob amacare )  by  a  vote  of  6  to  3 . 
 
 Three  reasons  for  my  confidence : 
 
 Advertisement :"
burka,5576," that  if  they  would  have  paid  attention  I  wouldn âĢ Ļ t  have  spent  three - and - a - half  years  in  prison . 
 
 As  far  as  the  lawsuit  goes ,  this  case  is  not  so  much  about  money ,  it âĢ Ļ s  about  justice .  I  don âĢ Ļ t  feel  that  there  was  justice  served .  And"
burka,5576," ready  to  send  its  next  generation  space  craft  on  its  maiden  voyage 
 
 EM B ED  > More  News  Videos  NASA  has  picked  Boeing  and  SpaceX  to  transport  astronauts  to  the  International  Space  Station 
 
 Saturday  was  NASA 's  second  shot  at  infl ating  the  Big el ow  Expand able  Activity  Module  ,  named  for  the  aerospace  company  that  created  it"
burka,5576," Manual  of  Style  author - date  citation .)  That  gives  me  an  enormous  amount  of  room  to  explain  my  project ,  and  that âĢ Ļ s  important  because  proposal  writing  ( for  me )  amounts  to  the  spect re  of  my  mentors  watching  as  I  write  while  incess antly  asking ,  âĢ ľ Why  is  that  important ? âĢ Ŀ  and  âĢ ľ"
burka,5576," musical . âĢ Ŀ  — Roll ing  Stone 
 
 âĢ ľ [ Pink erton ]  is  a  hideous  record .  It  was  such  a  hugely  painful  mistake  that  happened  in  front  of  hundreds  of  thousands  of  people  and  continues  to  happen  on  a  gr ander  and  gr ander  scale  and  just  won âĢ Ļ t  go  away . âĢ Ŀ  — Enter"
burka,5576," time ,  he  ends  up  getting  hit  with  a  wrench ,  thrown  out  windows ,  and  everything  in  between . 
 
 N elly :  N elly  is  a  che et ah  ly can  who  can  be  very  harsh .  She  controls  P aws  Den 's  heating  and  cooling ,  and  often  over works  her  employees .  She  cares  very  much  for  P"
burka,5576," what  will  be  a  fantastic  game  at  Anfield , âĢ Ŀ  he  told  the  Liverpool  Echo ,  speaking  at  event  in  support  of  the  ' Seeing  is  Bel ieving '  campaign . 
 
 âĢ ľ Those  Europa  League  games  were  really  nice .  Both  games  were  intense  and  competitive . 
 
 âĢ ľ We  were  better  in  the  first  game  at"
burka,5576," worse ,  could  wind  up  back f iring  spectacular ly ,  leaving  the  rest  of  us  who  care  about  all  the  qu ack ery  Dr .  Oz  spreads ,  not  just  his  fear  m ong ering  about  GMOs ,  to  deal  with  the  consequences . Overview  ( 3 ) 
 
 Mini  Bio  ( 1 ) 
 
 Wide ly  regarded  as  one"
burka,5576," the  case  with  Hig u ain  in  Nap ol ;  for  as  impressive  as  Nap oli  were  last  season ,  this  year  they  look  even  better .  The  team âĢ Ļ s  movement  seems  even  more  coordinated .  At  their  best ,  the  players  have  looked  like  a  single  attacking  entity .  They  did  at  times  last  year  as  well  but  these  days"
burka,6677,"Ŀ  and  âĢ ľ the  enemy  of  the  American  people , âĢ Ŀ  and  that  the  federal  appeals - court  ruling  that  struck  down  his  first  travel  ban ,  a  month  ago ,  jeopard ized  the  security  of  the  country . 
 
 A  wide  body  of  scholarship  has  poked  holes  in  Holmes âĢ Ļ s  idea .  Fifty  years  ago ,  Jerome"
burka,6677,"the ]  Japanese  do  not  impose  one  or  two  exclusive  uses  for  every  zone .  They  tend  to  view  things  more  as  the  maximum  nuisance  level  to  tolerate  in  each  zone ,  but  every  use  that  is  considered  to  be  less  of  a  nuisance  is  still  allowed .  So  low - nu isance  uses  are  allowed  essentially  everywhere .  That  means  that  almost"
burka,6677,"]  to  the  South  Vietnamese  Army  and  associated  allies ,  including  the  Mont agn ard  hill  tribes people  of  South  Vietnam .  US  Special  Forces  advisors  frequently  chose  the  BAR  over  currently  available  infantry  weapons .  As  one  Special  Forces  sergeant  declared ,  "" Many  times  since  my  three  tours  of  duty  in  Vietnam  I  have  thanked  God  for  ...  having  a  BAR"
burka,6677,"The  Vancouver  Canucks ,  who  bombed  out  at  28 th  overall  and  got  wrecked  by  the  draft  lottery ,  are  now  in  a  position  to  fight  for  playoffs .  With  a  game  in  hand  over  the  eighth - place  Calgary  Flames  and  only  one  point  back ,  all  the  critics  who  portrayed  the  Canucks  as  a  direction less  failure  are  being  proved  wrong"
burka,6677," The  poster iors  Now  we  can  compute  the  likelihood  that  a  team  with  a  hypothetical  value  of  lam  scores  k  goals  in  a  game :  #  class  Hockey  def  Like lihood ( self ,  data ,  hyp o ):  lam  =  hyp o  k  =  data  like  =  think bay es . E val Po isson P m f ( k ,  lam"
burka,6677," the  beans  24  hours  ahead  of  cooking  time ,  change  water  whenever  possible .  Place  the  rinse  beans  and  place  in  a  pot  with  enough  water  to  go  about  2  inches  above  beans .  Bring  to  a  rolling  boil  and  cook  for  5  minutes  on  high .  Cover  and  turn  off  heat .  Leave  in  water  for  1  hour .  Remove  and  rinse"
burka,6677," the  mass  of  molten  material  beneath  the  surface  is . 
 
 "" We  are  getting  a  much  better  understand  of  the  volcanic  system  of  Yellowstone ,""  said  Jamie  Farrell ,  a  seism ology  graduate  student  at  the  University  of  Utah ,  in  an  interview  with  Live Science . com .  "" The  mag ma  reservoir  is  at  least  50  percent  larger  than"
burka,6677," The  New  South  Wales  St em  Cell  Network ;  Korean  Society  for  St em  Cell  Research ;  Taiwan  Society  for  St em  Cell  Research ;  St em  Cell  Society  Singapore  ( SC SS ); 
 
 St em  Cell  Engineering  ( S CE ) 
 
 St em  cell  engineering  ( S CE )  was  to  gather  information  on  the  worldwide  status  and"
burka,6677,"Ŀ  and  the  red  eagle  logo  are  trademarks  of  39 09  LLC . After  the  conclusion  of  the  current  competitive  cycle  one  of  our  main  tasks  was  to  make  a  decision  whether  or  not  we  want  to  continue  playing  with  our  current  line - up .  On  the  one  hand ,  we  are  overall  satisfied  with  the  performance  and  the  commitment  to  practice"
burka,6677," the  Mi ocene ,  15  my a )  is  the  earliest  known  from  good  specimens .  Two  very  fragment ary  fossils  are  often  assigned  to  the  Alc idae ,  although  this  may  not  be  correct :  Hydro ther ik orn is  ( late  E ocene )  and  Pet ral ca  ( Late  O lig ocene ).  Most  extant  gener a  are  known  to"
burka,6677," the  Minimum  Wage - Employ ment  Debate :  Th rowing  Out  the  Baby  with  the  Bath water ?  National  Bureau  of  Economic  Research  Working  Paper  No .  w 18 681 . 
 
 Ne um ark ,  D .,  and  W .  Was cher .  1992 .  âĢ ľ Employ ment  Effects  of  Minimum  and  Sub minimum  W ages :  Panel  Data  on"
burka,6677," or  the  Wr ongs  of  Woman .  Within  two  weeks ,  he  had  begun  to  write  her  Mem oir s  which  were  published  with  four  volumes  of  her  post hum ous  works .  If  this  was  a  cath art ic  exercise  for  God win ,  his  inability  to  dis semble  ruined  the  W oll stone craft âĢ Ļ s  reputation  for  generations  to"
burka,6677,"the  bin  Laden  operation ]  is  time  they  don âĢ Ļ t  have  to  spend  talking  about  the  economy ,  or  ObamaCare ,  or  a  lot  of  other  things  that  are  not  so  popular . âĢ Ŀ 
 
 Jud y  argued  that ,  once  memories  of  the  conventions  begin  to  fade ,  the  electorate  will  focus  again  on  the  economy .  This"
burka,6677," the  post - mortem ,  to  assess  what ,  if  any ,  went  wrong ,  lessons  learned  and  things  to  improve  for  a  subsequent  race . 
 
 Maybe  elite  runners  don âĢ Ļ t  have  PR S ,  but  for  a  late - bl oom er ,  mere - m ortal ,  mid - pack  runner  like  me ?  I  find  this"
burka,6677," the  one  thing  he âĢ Ļ s  kept  oil ed  up  and  in  tip - top  shape  just  in  case .  So  I  think  we  will  see  that  sweet  baby  come  back ,  come  roaring  to  life ,  slicing  and  d icing  on  the  D  e ad ites  . âĢ Ŀ 
 
 The  effects  are  designed  to  continue  the  Evil  Dead  tradition"
burka,6677," the  next  Evil  Dead  coming  out ?' âĢ Ŀ  Campbell  had  the  same  experience ,  âĢ ľ  I  go  to  conventions  a  lot  and  I âĢ Ļ m  driven  insane  by  the  fans  at  conventions .  I âĢ Ļ ve  been  doing  conventions  since  1988  and  I  hear  it  at  every  convention  I  go  to ,  same  as  Sam .  We  were  tortured"
burka,6677, the  richest  person  in  the  world .  Not  one  financial  institution  managing  Mr .  Yanukovych âĢ Ļ s  private  bank  accounts  thought  it  was  odd  that  he  was  earning  more  than  Bill  Gates  running  an  impoverished  country  or  took  steps  to  confirm  that  his  incredible  newly  earned  wealth  was  not  proceeds  of  corruption .  They  didn âĢ Ļ t  apply  enhanced  scrutiny  –
burka,6677,"Ŀ  the  office  said .  âĢ ľ After  speaking  to  the  victim  and  the  family ,  our  office  decided  this  was  in  the  best  interests  of  justice . âĢ Ŀ "" Sea  elephant ""  redirect s  here .  For  the  super family  of  sea  sl ugs ,  see  P ter ot r ache o ide a 
 
 Ele phant  seals  are  large"
burka,6677,"Ŀ  the  complaint  states . 
 
 âĢ ľ Pl aint iff  had  been  bleeding  internally  this  entire  time  and  once  at  the  jail ,  he  began  to  experience  severe  pain  and  to  vomit  repeatedly .  The  sheriff âĢ Ļ s  personnel  and  medical  personnel  at  the  jail  ignored  plaintiff âĢ Ļ s  requests  for  help  even  though  he  was  vomiting  and  unable"
burka,6677,"Ŀ  the  report  said .  âĢ ľ The  Team  has  currently  identified  from  25  to  30  illegal  mining  operations  in  southern  Hel mand . âĢ Ŀ 
 
 Most  of  the  illegal  mines  are  near  the  Pakistani  border ,  enabling  the  illegal  miners  to  quickly  smugg le  the  marble  across  the  frontier  and  move  it  onto  the  international  market . 
 
 âĢ"
burka,6677," the  most  likely ,  which  makes  it  safe  ground  for  critics  and  pundits . 
 
 But  suppose ,  just  for  a  moment ,  that  Obama  is  as  brilliant  as  his  supporters  say  he  is .  Suppose  he  knows  exactly  what  he  is  doing  and  is  not  the  least  bit  surprised  by  the  outcome .  Suppose  he  is  method ically  executing  the  infamous"
burka,6677,"âĢ Ļ  and  the  crowd  responded ,  as  instructed ,  âĢ ĺ less âĢ Ļ .  The  comments  were  met  with  backlash  from  politicians ,  Muslim  organizations ,  and  Moroccan - Dutch  people . 
 
 In  December  2014 ,  public  prosecution  announced  its  intent  to  take  Wild ers  to  court  for  discrimination  and  inciting  hatred . 
 
 During  the  case ,"
burka,6677,"'s  Al gae - to - E than ol  Del ivers  67 %  to  87 %  Reduction  in  CO 2 
 
 Dr .  Steven  Chu  Answers  Questions  from  Citizens  About  Energy  Conservation  ( Video ) 
 
 Should  Energy  Conservation  be  Fram ed  in  Terms  of  What  Would  be  Lost ? 
 
 2009  Snap shot  of  U . S .  Energy"
burka,6677,"Ļ s  no  time  travel âĢ¦ yet .  But  Tap ert  says  it âĢ Ļ s  always  a  possibility ,  âĢ ľ [ Time  travel ]  certainly  was  an  element  of  the  Nec ron om icon  that  some  of  the  [ spell s ]  not  only  called  for  demons ,  but  portals  in  time  and  space .  Perhaps  by  the  end  of  this"
burka,6677,"Ļ s  completely  justified  in  her  actions  and  she âĢ Ļ s  going  to  become  a  formidable  person  to  have  on  Ash âĢ Ļ s  tail . âĢ Ŀ 
 
 Tap ert  explained ,  âĢ ľ S  Ash  is  going  to  give  you  some  sugar ,  baby .  The  series  will  explore  romance ,  but  it âĢ Ļ s  secondary .  Campbell"
burka,6677,"
 For  me  this  is  the  key  point :  the  man ia  to  create  this  false  social  media  âĢ ľ ident ity âĢ Ŀ  that  has  no  bearing  on  reality .  And  for  some  reason ,  the  girls  are  just  oblivious  to  it .  It  seems  like  the  f akers  are  able  to  get  by  on  their  f aking .  I âĢ Ļ"
burka,6677,"Ļ t  really  highlight  as  well  as  we  should  how  important  this  is  from  a  development  standpoint . âĢ Ŀ 
 
 âĢ ľ The  biggest  thing  for  us  is  how  can  we  get  a  better  development  model ,  and  I  can  tell  you  from  having  a  team  on  the  East  Coast — we âĢ Ļ re  currently  in  Gl ens  Falls ,"
burka,6677,"Ŀ  verdict ,  engaged  with  Kad aris  in  debate  and  said  she  found  his  presence  âĢ ľ dis respect ful . âĢ Ŀ 
 
 BC R  member  Chase  A plin  said  he  believed  that  the  jury âĢ Ļ s  decision  was  an  âĢ ľ in justice . âĢ Ŀ  A plin  said  he  also  believed  âĢ ľ political  vind ict iveness âĢ"
burka,6677," of  any  nostalgic  life  raft  in  a  sea  of  political  and  social  upheaval .  Put  the  Ne op ets  in  a  catch - âĢ Ļ em - all  augmented - reality  game .  Give  them  a  YouTube  show .  Inf iltr ate  the  twe en  networks  on  Tumblr  and  pass  the  game  off  as  the  new ,  hip  thing .  The  animals  are"
burka,6677," despite  being  a  global  leader  in  C SP ,  was  Sh ams  1 .  ( The  other  assets  that  Ab eng oa  put  on  the  chopping  block  were  not  its  dozen  or  so  trail bl azing  C SP  plants ,  but  ethanol  and  other  projects .) 
 
 How  T rough  C SP  Works 
 
 In  trough  C SP ,  the  receiver"
burka,6677,".  No  explanation  was  given . 
 
 On  July  9 ,  2009 ,  the  board  ended  We is berg 's  probation  a  year  early  and  put  him  instead  under  the  wing  of  an  unnamed  "" practice  mentor ,""  another  doctor  who  was  to  meet  twice  a  month  with  We is berg  and  file  quarterly  reports  with  the  board . 
 
 --"
burka,6677," or  wind ,  is  out  of  sync . 
 
 So ,  as  the  world  adds  more  PV  and  wind ,  the  need  is  shifting  towards  a  dispatch able  âĢ ľ switch - on âĢ Ŀ  supply  to  fill  in  the  gaps ,  rather  than  a  bas el oad  resource  that  is  always  on ,  regardless  of  whether  it âĢ Ļ s  needed"
burka,6677," Politics NJ .  Mont clair 00 55  seems  determined  to  ensure  that  the  pic ares que  characters  and  episodes  that  so  ent hr alled  Wild stein  are  preserved  for  poster ity .  Many  of  the  contributions  are  later  deleted  by  other  Wikipedia  editors  on  the  grounds  of  insign ific ance . 
 
 The  night  of  December  4 ,  Wild stein  has  dinner"
burka,6677," have  to  do  with  me ?  I  can âĢ Ļ t  influence  this  situation . âĢ Ŀ 
 
 That  perspective  is  quite  common ,  and  for  most  people ,  it âĢ Ļ s  paraly zing ,  but  the  truth  of  the  matter  is  that  we  can  influence  this .  We âĢ Ļ ve  done  it  before ,  and  we  can  do  it"
burka,6677,"value  plural ism  to  complexity  itself  is  more  complex  than  this  implies .  Some  work  shows  that  more  extreme  views  lead  to  more  complexity  ( e . g .,  Conway  et  al .,  2008  1984  2008 
 
 The  relationship  of  extremism / value  plural ism  to  complexity  itself  is  more  complex  than  this  implies .  Some  work  shows  that  more  extreme  views"
burka,6677," including  a  logo  and  four  stars . 
 
 2 .  Was  the  Carlton  Hotel  in  Idlib  was  used  by  the  S ARC  as  a  headquarters ? 
 
 Yes ,  based  on  open  sources  it  can  be  confirmed  that  the  S ARC  used  the  Carlton  Hotel  in  Idlib  as  a  headquarters . 
 
 First  of  all ,  nearly  forty  S ARC"
burka,6677," as  possibly  being  the  savior  of  democracy  for  the  United  States , âĢ Ŀ  said  Dick  Bart els ,  a  Marine  veteran  who  was  guiding  cars  into  the  parking  lot  outside  the  l ut ef isk  supper . 
 
 âĢ ľ Every  time  I  hear  anybody  say  anything  about  âĢ ĺ Trump  shouldn âĢ Ļ t  be  tweeting  âĢ¦  He  put  his"
burka,6677," he 's  concerned  about  the  "" culture  of  alcohol  consumption ""  in  Halifax  and  says  he  is  hoping  the  community  will  work  with  the  police  to  help  address  the  problem . 
 
 Ch ish ol m  says  his  concern  isn 't  ultimately  with  this  particular  bar  or  experience ,  but  with  what  he  sees  as  a  wider  trend  toward  violence .  His"
burka,6677,"V  ( chief  officer ),  Z D  ( chief  officer ),  Z E  ( chief  officer ),  Z F  ( chief  officer ,  concurrent  chief  engineer ) 
 
 Person nel  changes  at  the  sub - exec utive  managerial  level 
 
 ( effective  November  1 ,  2016 ) 
 
 Name  Current  New  Kou ji  Toy osh ima  MS Z ,  Mid"
burka,6677,"ies  teacher  and  his  odd  habit  of  registering  web  addresses  for  the  names  of  his  enemies .  In  January  2015 ,  Wild stein  reaches  a  deal  to  plead  guilty  and  testify .  Bar oni  and  Kelly  are  indicted  four  months  later . 
 
 Christ ie  decides  to  run  for  president  anyway .  He  announces  his  candidacy  at  Livingston  High  School .  Inside"
burka,6677," H . step ( T = t )  ax . plot ( t , y , label =' p = q = % d '  %  q )  ax . grid (' on ')  ax . leg end ( loc =' best ',  labels p acing = 0 )  ax . set _ y lim (- 0 . 5 , 1 . 2"
burka,6677," It  dissip ated  fully  on  August  25 ,  near  the  mouth  of  the  Saint  Lawrence  River .[ 4 ] 
 
 Imp act  [  edit  ] 
 
 Wind s  from  the  storm  exceeded  50  mph  ( 80  km / h )  at  Atlantic  City  and  New  York ,  initially  blowing  from  the  northeast  before  shifting  south w ester ly .[ 4 ]"
burka,6677," tip – I  thought  password  stealing  was  the  main  threat .  But  Stella  is  taking  care  of  it . âĢ Ŀ 
 
 âĢ ľ Yeah . âĢ Ŀ  Fl icker  hesitated  for  a  moment .  "" There  is  one  thing  I âĢ Ļ d  like  to  suggest .  You  can  tell  me  to  mind  my  own  business  if  you  want .  Not"
burka,6677,"s  we  de  det acher ing  te  l ij f  g aan  door  social e  z eker he ids b ij dr agen  te  ver l agen ,  organise er  je  z elf  de  social e  dumping âĢ Ļ ,  wa ars chu wt  professor  J ef  Pac o let .  âĢ ĺ En  be vest ig  je  dat  de  EU  e en"
burka,6677,"2005  episode  "" S & M  Present ""),  and  The  Cleveland  Show  ( 2010  episode  "" Another  Bad  Thanksgiving "").  Professional  wrestler  Cody  Rhodes  dressed  up  as  Scorpion  for  Halloween  in  2013 .[ 67 ]  Scorpion  was  featured  along  with  Raid en ,  Er mac ,  J ax ,  and  Shang  T sung  in  Comedy  Central 's  2014  animated  short  film  par od"
burka,7072,"
 
 2 
 
 2 
 
 In  2017 ,  CO  2  emissions  from  fossil  fuels  and  industry  are  projected  to  grow  by  2 %  ( 0 . 8 %  to  3 %).  This  follows  three  years  of  nearly  no  growth  ( 2014 - 2016 ).  ( G DP  to  rise  3 . 6 %  according  to  IMF  figures ). 
 
"
burka,7072,"
 
 some  more ,  suppose  we  have  m  =  0 ;  printf ("" ( m ++ ,  m ,  m ++ ):  % d ,  % d ,  % d 
 
 "",  m ++ ,  m ,  m ++ ); 
 
 ( m ++ ,  m ,  m ++)  gave  me  1 ,  2 ,  0  ( with  gcc  version"
burka,7072,"
 
 4 th  A  Jackson  singled  to  center ,  V  Martinez  scored ,  J  Martinez  out  at  third .  0  2 
 
 5 th  O  Inf ante  singled  to  left ,  A  Esc obar  scored ,  N  A oki  to  second .  1  2 
 
 5 th  B  Butler  doubled  to  deep  center ,  N  A oki ,  O  Inf"
burka,7072," 1 
 
 M ountain  1  1  S Ã¸ ren  Kr agh  Andersen  ( Den )  Team  Tre - For  10  pts  2  Michael  Re ih s  ( Den )  Team  Cult  E ner gi  6  3  Mik kel  Mort ensen  ( Den )  Team  Concord ia  Fors ik ring - R iw al  4  4  Alex  Rasmussen  ( Den )  Garmin -"
burka,7072,"1 
 
 K 37 
 
 ERA  1 . 93 
 
 âĢ¢  While  we 're  on  the  subject  of  a ces  with  hefty  contracts :  After  the  flurry  of  big - buck  extensions  settled  down  around  Opening  Day ,  an  official  of  one  large - market  club  said  the  one  monster  contract  he  questioned  was  Adam  W ain wright 's  five"
burka,7072,"
 
 Sc aven ge  Map  3  ( PDF )  -  $ 5 
 
 Journal  of  Nicholas  Dob rin  ( PDF )  -  $ 15 
 
 Imp act  of  the  Rise  –  The  events  of  the  Rise  happened  suddenly .  The  R isen  crawled  from  their  graves  all  at  once ,  millions  of  hungry  dead  seeking  to  feed  on  the  living"
burka,7072,"er 
 
 Other  authors  calculate  that  Dur in âĢ Ļ s  Day  in  our  world  would  happen  in  December ,  based  on  our  own  definition  of  Autumn : 
 
 Obs erving  Dur in âĢ Ļ s  Day  –  by  Krist ine  Lars en 
 
 P redict ing  Dur in âĢ Ļ s  Day  –  by  Id una 
 
 The"
burka,7072,") 
 
 Choice  of  ABC  T - Sh irt 
 
 ABC  Bomber  Club  Membership  Card 
 
 * Inv itation  to  ABC âĢ Ļ s  Back ers  Beer  Bash 
 
 * Inv itation  to  ABC âĢ Ļ s  Soft  Opening  So ire e 
 
 ABC  Brick 
 
 P ledge  $ 500  or  more 
 
 With  this  pledge"
burka,7072,"
 
 0 . 98 
 
 2 . 66 
 
 1 . 65 
 
 1 . 68 
 
 1 . 00 
 
 hash _ map < string ,  uint 32 _ t > / clear 
 
 hash _ map < string ,  uint 32 _ t > / count 
 
 hash _ map < string ,"
burka,7072,"
 
 hash _ map < uint 32 _ t ,  Test Object > / clear 
 
 hash _ map < uint 32 _ t ,  Test Object > / count 
 
 hash _ map < uint 32 _ t ,  Test Object > / er ase  pos 
 
 hash _ map < uint 32 _ t ,  Test Object"
burka,7072,"
 
 Water  shortages  forge  huge  market 
 
 According  to  the  latest  Indian  government  survey  of  rural  wages ,  in  2007 / 08 ,  daily  pay  in  rural  areas  can  range  from  about  45  ru pees  a  day  for  herd - keeping ,  to  about  110  ru pees  a  day  for  well  digging . 
 
 The  Sw ach  uses  ash  from"
burka,7072,"
 
 1 . 36 
 
 1 . 33 
 
 1 . 75 
 
 1 . 40 
 
 1 . 72 
 
 string < char 16 _ t > / comp are 
 
 string < char 16 _ t > / er ase / pos , n 
 
 string < char 16 _ t > /"
burka,7072,"
 
 2 . 28 
 
 1 . 00 
 
 1 . 19 
 
 1 . 86 
 
 1 . 08 
 
 1 . 95 
 
 1 . 00 
 
 1 . 00 
 
 1 . 00 
 
 0 . 94 
 
 1 . 00 
 
 1 . 00 
 
 1"
burka,7072,"
 
 11 : 56 : 55  Q 7 .  What  discussions  the  Government  has  had  with  food  and  drink  companies  in  Scotland  on  the  importance  of  the  UK  market  for  that  industry .  ( 9 07 324 ) 
 
 11 : 57 : 02  George  E ust ice  MP ,  The  Minister  of  State ,  Department  for  Environment ,  Food  and"
burka,7072,"
 
 About  a  year  ago ,  R is hel  posted  a  mocked - up  map  of  Totally  Flat  Kansas  on  his  blog ,  Cart ographers  Without  Borders ,  along  with  a  skeleton  of  his  plan .  The  image ,  in  which  a  smooth ,  sleek  Kansas  sits  embedded  in  the  bump y  continent  like  a  tooth  in  a  gum ,  is  immediately"
burka,7072,"
 
 1  pound  rh ub arb ,  cut  in  1 - inch  lengths  ( or  1  pound  blue berries ) 
 
 2  tablespoons  b als amic  vinegar 
 
 1  cup  gran ulated  sugar 
 
 3  tablespoons  all - purpose  flour 
 
 1 / 4  teaspoon  salt 
 
 Stre u sel  To pping 
 
 1  cup  old"
burka,7072,"
 
 The  strategy  worked .  The  Soviets  invaded ,  and  the  ten  years  of  war  that  followed  are  considered  by  many  historians  as  being  one  of  the  primary  causes  of  the  fall  of  the  USSR . 
 
 This  example  doesn âĢ Ļ t  just  establish  precedent ,  what  we âĢ Ļ re  seeing  happen  in  Iraq ,  Afghanistan  and  Syria  right"
burka,7072,"
 
 14 : 42 : 39  Mrs  Louise  Ell man  MP  ( Liverpool ,  Riverside ,  Labour  ( Co - op )) 
 
 14 : 42 : 59  R t  Hon  Philip  Hammond  MP ,  The  Chancellor  of  the  Ex che quer  ( Run ny med e  and  We y bridge ,  Conservative ) 
 
 14 : 43 : 51"
burka,7072,"
 
 This  article  has  been  archived  and  is  no  longer  accepting  comments . DEN VER  ( AP )  -  Colorado  Gov .  John  H icken lo oper  is  expected  to  take  a  key  step  Monday  toward  launching  a  federally  funded  cleanup  of  48  old  mining  sites  in  the  San  Juan  Mountains ,  formally  endorsing  a  Super fund  zone  that  includes  a  mine"
burka,7072,"
 
 C ig arettes  are  the  leading  cause  of  fatal  household  fires ,  especially  end angering  children  in  the  United  States .  In  developing  countries ,  fire  is  an  even  greater  hazard  because  dwellings  are  often  constructed  of  highly  fl amm able  materials .  To  date ,  the  tobacco  industry  has  refused  to  leave  out  additives  to  their  cigarettes  that  would  keep"
burka,7072,"
 
 Current  Communications  Group  is  a  broadband  company  that  powers  Internet  through  power  lines .  Google ,  Hear st ,  and  Goldman  Sachs  invested  $ 100  million  into  Current  Comm  Group  in  July  2005 .  C URRENT  has  been  alive  and  kicking  since  2004 .  Current  uses  a  Smart  Grid  solution  to  increase  efficiency  for  high - speed  Internet  while  reducing  environmental"
burka,7072,"
 I  do  not  care .  The  American  people  have  big her  fish  to  fry . 
 
 R ice  hit  back  with  this  response : 
 
 Then  why  post  here ?  Obviously  you  do  care  enough  to  tell  us  that  you  disapprove  of  our  caring .  Well ,  I  do  care .  I  think  what  Ellen  Page  did  was  brave  and"
burka,7072,"Â½  times  bigger  than  the  current  one . 
 
 The  new  board  will  feature  four  large  screens ,  offering  three  times  the  resolution  of  the  screens  on  the  existing  one . 
 
 True  North  Sports  &  Entertainment  unveiled  the  planned  improvements  on  Monday .  They  also  include : 
 
 Installation  of  a  new  360 - degree  power  ring  presenting  two"
burka,7072," in  the  counts .  Here  is  one  of  the  slices  demonstrating  saturation : 
 
 So ,  how  did  this  happen ?  Excellent  question ,  internal  dialogue !  This  is  because  we  planned  our  observations  with  a  very  particular  setup .  We  wanted  as  much  light  as  possible  without  satur ating .  This  required  de - f ocusing  ( del iber ately  making"
burka,7072,". 
 
 âĢ ľ Oh  my  goodness , âĢ Ŀ  the  victim 's  mother ,  Shannon  Haz en ,  told  The  Ok lah oman  after  first  learning  of  the  arrest  from  the  paper  on  Monday .  âĢ ľ Yes !  Yes !  Yes !, âĢ Ŀ  she  said ,  then  began  sob bing . 
 
 Pal ma  was  identified  as  a"
burka,7072,"ising ,  CEO  of  Man power ,  was  upbeat . 
 
 "" With  automation  ...  Certainly  there  are  going  to  be  jobs  that  will  be  displaced ,  but  most  jobs  will  be  impacted  by  technology  in  terms  of  specific  tasks  within  the  job  that  will  change ,""  Pr ising  told  CNBC .  He  pointed  towards  a  survey  of  18 , 000  employers"
burka,7072," form  of  heat .  That  is  what âĢ Ļ s  heating  up  your  computer  and  draining  your  batteries . âĢ Ŀ 
 
 The  researchers  made  their  device  out  of  b ism uth  fer rite ,  which  is  both  magnetic  and  fer ro electric ,  meaning  it âĢ Ļ s  always  electr ically  polarized ;  and  that  polarization  can  be  switched  by  applying"
burka,7072," put  it  back  in  my  pocket  twice .  [ 2016 ] 
 
 [ on  the  Academy  Awards ]  If  you  are  trying  to  have  a  career ,  as  a  black  or  Hispanic  actor  in  a  state  -  California  -  where  white  people  are  now  the  minority ,  and  you  are  being  judged  by  an  Academy  where  the  vast  majority  are  white ,"
burka,7072," flows  into  the  K ask aw ul sh  River  instead . 
 
 This  phenomenon ,  known  as  "" river  piracy "",  typically  takes  centuries  but  the  study  documented  it  over  the  course  of  one  spring . 
 
 "" Nobody 's  ever  seen  a  river  piracy  occur  in  modern  times ,  at  least  to  my  knowledge ,""  lead  author  Dan  Sh ugar"
burka,7072," to  provide  safe  staffing . 
 
 The  long - term  solution  is  to  train  more  nurses  in  the  UK ,  but  in  the  interim ,  foreign  nurses  filled  the  gap ,  he  added . 
 
 N urse  pay  and  roles  Band  Pay  range  Typical  role  5  Â£ 21 , 692  -  Â£ 28 , 180  Entry  level  nurse  or  mid wife"
burka,7072," ago .  In  all  that  time ,  they  never  said  anything  about  it .  And  I âĢ Ļ m  not  the  only  one  –  this  happened  to  many  other  people ,  too . 
 
 They âĢ Ļ d  been  short ing  me  on  my  check  for  weeks .  My  last  check  should  have  been  for  40  hours ,  and  instead  they  only"
burka,7072," the  site  as  a  platform ,  and  we  don 't  often  get  involved  with  the  daily  layout  of  the  news .) 
 
 If  there  are  any  shortcomings  in  the  range  of  expression  that  those  templates  offer ,  it 's  the  job  of  my  design  group ,  working  with  our  technology  team ,  to  create  new  ones  that  better  suit  the  needs  of"
burka,7072," the  five - year  plan  for  merging  the  Feder ally - Administ ered  Tribal  Areas  ( F ata )  into  the  province . 
 
 Senior  Minister  for  Ir rig ation  Sik and ar  Sher p ao  of  Q WP  objected  over  the  delay ,  saying  that  the  assembly  had  passed  resolutions  asking  the  federal  government  for  an  immediate  merger . 
 
"
burka,7072," and  moral  considerations  are  shed  in  favor  of  achieving  transact ional  "" w ins ""  on  jobs  and  security . 
 
 The  president  seems  drawn  to  aut ocrats  and  cynical  about  promoting  cherished  American  ideals .  Asked  in  February  about  Russian  President  Vladimir  Putin 's  reputation  for  ordering  political  killings ,  Trump  didn 't  miss  a  beat :  "" Do  you  think"
burka,7072," little  bit  different  depending  on  where  you  look  at  them  from .""  "" When  you  look  at  the  color  of  the  eye ,  it  bends  as  you  move  around  it ,""  says  Horton .  "" Even  though  the  mesh  is  just  a  simple  sphere ,  we  create  this  illusion  of  the  way  the  light  bends  and  ref ract s  and  changes  the  color"
burka,7072," Daesh  in  that  environment  as  we âĢ Ļ ve  had  in  the  core  areas  of  Syria  and  Iraq . âĢ Ŀ 
 
 A  key  pr ong  of  U . S .  strategy  to  defeat  ISIS  is  the  removal  of  Assad ,  whom  Brennan  described  as  a  âĢ ľ mag net âĢ Ŀ  for  a  wide  spectrum  of  extremist  groups  in  Syria ."
burka,7072," tiny  battery ,  hidden  underneath  the  lower  y oke .  We âĢ Ļ re  pretty  sure  that âĢ Ļ s  another  first  in  the  custom  world . 
 
 The  tiny  covers  on  either  side  of  the  front  axle  are  also  3 D  printed ,  and  there âĢ Ļ s  a  matching  aluminum  cover  for  the  rear  brake  cal iper .  Both  are"
burka,7072," take  a  strong  grid  position  after  topping  Free  Practice  2  earlier  in  the  day  but  a  collision  with  the  barrier  took  him  out  of  contention  for  much  of  the  session . 
 
 As  a  result ,  the  No .  1  Audi  R 8  L MS  will  take  the  start  of  the  qualifying  race  from  17 th . 
 
 The  qualifying  race"
burka,7072," we  can  be  Daily  Mail  readers  too . âĢ Ŀ 
 
 What  we âĢ Ļ ve  been  witnessing  this  past  week  is  a  shameless  attempt  by  a  politician  who  lost  an  election  to  act  as  though  she âĢ Ļ d  won  it .  Since  her  boss  in  London  is  attempting  much  the  same  trick  it âĢ Ļ s  not  like  we  should"
burka,7072," 20 - mile  layer  of  armour  pl ating ,  the  explosion  fl ings  bits  of  its  "" co ating ""  far  and  wide . B earing  in  mind  that  the  Moon 's  defense  coating  is ,  according  to  our  calculations ,  2 . 5  miles  thick ,  one  sees  that  this  is  approximately  the  maximum  depth  of  the  cr aters . Now  let"
burka,7072," to  the  chest  and  prevent  the  bust  from  spilling  out .  That âĢ Ļ s  probably  just  fine  for  someone  who  is  predominantly  full  on  bottom ,  but  someone  with  a  more  even  or  full  on  top  shape  will  run  into  this  problem  pretty  consistently  in  European  bras ,  so  I âĢ Ļ m  going  to  talk  about  how  to  fix  that ."
burka,7072,"a  said ,  âĢ ľ Not  on  account  of  m itz v ot  and  good  deeds ,  but  in  order  to  work  the  Land  of  Israel .  Maybe  I  mentioned  to  you  that  I  was  a  vill ager  back  home ,  and  I  grew  up  working  the  land .  Both  my  father âĢ Ļ s  and  mother âĢ Ļ s  families  as  well"
burka,7072," slick ,  Mariners - based  substance  that  prevents  them  from  getting  too  close  to  the  top  of  the  division ,  and  the  Angels  might  be  history 's  most  boring  team  if  you  limit  the  pool  to  "" cont ending  teams  that  employ  the  best  player  in  the  world ."" 
 
 But ,  again ,  if  you  think  of  Yu  Dar v ish"
burka,7072," says  that  Harvey  regularly  called  white  people  âĢ ľ hon keys . âĢ Ŀ  Special  grace  is  often  offered  to  comedians  over  these  kinds  of  matters .  Indeed ,  the  ed gy  nature  of  their  work  is  often  what  makes  them  funny . 
 
 However ,  racism  is  unacceptable .  Imagine  if  a  white  comedian  was  saying  he  hates  black  people ,"
burka,7072," cold ,  checking  emails  on  his  phone ,  when  Coun .  Matthew  Green  was  stopped  and  questioned  for  several  minutes  by  a  Hamilton  Police  officer  who  seemed  not  to  realize  who  he  was . 
 
 "" What  are  you  doing  there ?""  was  the  first  thing  Green  said  he  heard  the  officer  say ,  just  after  3  p . m .  on"
burka,7607," --  of  questions  about  the  Middle  East  peace  process .  Many  presidential  candidates  have  made  mistakes  on  --  on  that  before .  He 's  going  to  have  to  avoid  that .  In  Europe ,  it 's  slightly  different .  In  Europe ,  he  --  he 's  --  he 's  facing  a  situation  where  he  does  have  an  advantage  on  foreign  policy ,  improving"
burka,7607," --  clearer ,  almost . 
 
 The  Nur aph ones  have  a  few  other  features  that  help  the  music  along ,  too .  While  they  look  like  over - ear  headphones ,  each  cup  has  a  protr uding  "" st alk ""  that  goes  inside  your  ear .  Both  the  outer  section  and  in - ear  part  provide  passive  noise  cance ling"
burka,7607,"âĢ¦  [ but ]  the  government  should  not  force  them  to  do  it , âĢ Ŀ  she  said  in  a  July  29  statement . 
 
 âĢ ľ Mayor  Bloomberg  is  now  playing  the  role  of  pediatric ian  and  neon atal  specialist âĢ¦  [ who  has  declared  that ]  a  mother  is  now  forced  to  breast feed  unless  she  has  a  medical  reason"
burka,7607," the  White  House  --  after  which  the  guests  moved  to  the  Indian  Treaty  Room  for  the  reception ,  was  attended  by  a  select  cross - section  of  about  200  members  of  the  Indian  American  community  from  across  the  country ,  senior  Indian  American  staffers  in  the  administration  like  Dr  Raj iv  Shah ,  the  administrator  of  the  US  Agency  for  International  Development ,"
burka,7607," [ now ],""  said  Kimber ley  Parsons  T rom m ler ,  now  a  product  evangel ist  but  formerly  a  senior  systems  engineer  also  involved  in  certification  and  training  for  Pa essler ,  a  provider  of  network  and  IT  monitoring  products .  "" It  makes  it  very  difficult  for  someone  just  starting  out  to  know  what  they  should  do .  And  it  makes"
burka,7607,"-- even  when  that  means  defending  indef ensible  repression  and  violence  by  China 's  state  machine . 
 
 Ultimately ,  PS L 's  socialism  from  above  drives  people  like  Becker  to  ever  greater -- and  ever  more  shr ill -- tw ists  of  logic  and  distortions  of  fact  about  Tian an men  Square . 
 
 THIS  IS  clear  from  the  beginning"
burka,7607," [ sic ]  Judge  Hil ary  Green  smoke  marijuana  and  illegally  purchase  T ussion ex  several  times .  Between  2011  I  also  witness  her  pay  for  sex  from  female  esc orts  and  consume  the  street  drug  ecstasy , âĢ Ŀ  Barnes  wrote  in  his  complaint ,  using  the  brand  name  of  the  cough  syrup  he  says  Green  became  addicted  to  over  the  course"
burka,7607," --  was  a  future  med  school  student  named  J . D . 
 
 H ence  the  inspiration  for  Lawrence 's  group  of  normal ,  young ,  fun - loving  friends  trying  to  survive  the  rig ors  of  becoming  a  doctor . 
 
 Law rence 's  last  memory  of  J . D .  was  as  a  guy  with  an  empty  12 -"
burka,7607," -- config  java 
 
 Check  your  Java  version  again  to  make  sure  you âĢ Ļ re  on  Java  8 . 
 
 -->  java  - version  java  version  "" 1 . 8 . 0 _ 65 ""  Java ( TM )  SE  Runtime  Environment  ( build  1 . 8 . 0 _ 65 - b 17 )  Java  Hot Spot ( TM"
burka,7607," -  but  also  well  developed  manufacturing  and  service  sectors ,""  the  report  said . 
 
 "" It  also  demonstrates  strong  governance  indicators .  In  particular ,  the  framework  for  fiscal  policy  is  transparent  and  has ,  until  now ,  consistently  kept  government  debt  at  low  levels ."" 
 
 Act ing  Prime  Minister  Wayne  Swan  says  it  is  another  res ounding  endorsement"
burka,7607," —  read 
 
 08  May .  What  if  GPS  worked  like  Here  &  There ?  —  read 
 
 04  May .  Here  &  There  influences  —  read For  a  while  now  those  of  us  living  with ,  or  working  with  HIV ,  have  known  that  if  you âĢ Ļ re  HIV  positive  and  undet ect able  that  you âĢ Ļ re"
burka,7607," -  her  political  awakening  came  during  the  miners '  strikes  of  the  1980 s . 
 
 But ,  unlike  many  of  her  peers ,  Ms  Wood  turned  to  Pl aid  C ym ru  rather  than  Labour . 
 
 The  former  probation  officer  and  lecturer  in  social  work  was  hired  as  a  researcher  by  MEP  Jill  Evans . 
 
 In  2003"
burka,7607," [  edit  ] 
 
 My  Little  Pony :  The  Movie  was  released  on  December  19 ,  2017  for  digital  downloads ,  and  was  later  released  on  January  9 ,  2018  for  DVD ,  Blu - ray ,  and  On  Demand .[ 87 ][ 88 ]  Its  special  features  includes  a  deleted  scene ,  a  music  video  for  the  song  "" I 'm"
burka,7607,"âĢ Ļ  are  the  big  European  defence  contractors . âĢ Ŀ By  George  Will ,  Washington  Post  -  November  1 ,  2012 
 
 E ner getic  in  body  but  ind ol ent  in  mind ,  Barack  Obama  in  his  fren etic  campaigning  for  a  second  term  is  promising  to  replicate  his  first  term ,  although  simply  apologizing  would  be  appropriate .  His"
burka,7607,"âĢ¦ I  love  that  movie ,  and  I  hope  there  will  be  a  sequel .  After  we  had  made  his  movie ,  as  much  as  the  fans  loved  it ,  they  also  seemed  to  want  to  see  Bruce  again  in  this  series .  So  we  thought ,  this  is  our  time .  If  we âĢ Ļ re  ever  going  to  do  it ,"
burka,7607," Wikipedia  —  but  be  warned ,  complexity  theory  is  a  bit  of  a  beast . 
 
 Read  more  at  Technology  Review ,  or  check  out  the  research  paper  ( which  has  the  best  name  ever ) 
 
 [ Image  credit ] Media  playback  is  unsupported  on  your  device  Media  caption  "" An  unnecessary  court  conflict  will  ens ue "" 
 
"
burka,7607," –  with  potentially  devastating  consequences : 
 
 US  intelligence  is  not  the  problem  here .  The  President 's  collusion  with  Russian  intelligence  is .  Many  details ,  but  the  essence  is  simple .  —  John  Sch ind ler  (@ 20 committee )  February  15 ,  2017 
 
 Progress ?  The  President  was  calling  US  "" intelligence ""  Nazis  only  a  few"
burka,7607," âĢ ĺ beer  geek âĢ Ļ  experience  for  you  or  the  beer  lover  in  your  life .  You  will  get  to  spend  the  day  with  ABC âĢ Ļ s  president  and  head  brewer ,  Andy ,  and  learn  how  to  brew  on  a  professional  system .  You  will  get  the  chance  to  design  your  own  beer  and  brew  it  on  our  pilot  system"
burka,7607," âĢ ľ so  police  could  have  a  better  understanding  of  them  and  their  culture . âĢ Ŀ 
 
 Part  of  the  problem  is  that  minorities  don âĢ Ļ t  have  enough  positive  contact  with  police ,  a  white  officer  said  in  the  latest  study . 
 
 Another  sentiment  is  that  officers  have  to  be  smart  and  realistic  about  their  public  relations"
burka,7607," in  the  realm  of  marketing  and  product  design --- and  I  don 't  be gr udge  them  one  ounce  of  success --- the  willingness  of  the  masses  to  simply  hop  aboard  that  train  ir ks  me  to  no  end .  I  am  a  reverse - sn ob  in  this  regard ,  I  admit  it . 
 
 In  one  sense ,  it 's"
burka,7607," its  broadcasts  and  with  TV NZ  and  TV 3  [ online ]  it 's  just  replay  TV .  There 's  really  a  limited  amount  of  legal  digital  video  content  beyond  user - generated  content ."" 
 
 He  was  surprised  by  how  many  households  had  connected  their  TVs . 
 
 "" The  rest  of  us  will  join  in  once  there 's  a"
burka,7607," of  various  religion  and  meditation  âĢ ľ g urus âĢ Ŀ  aside ,  it  was  people  who  arranged  scientific  collaboration  who  allowed  many  good  citizens  living  in  post - commun ist  ruins  to  not  totally  lose  faith  in  humankind .  Now  in  crypto - space ,  only  figures  like  Andreas  Anton opoulos  inspire  unconditional  respect .  Of  course ,  ICO s  are  only"
burka,7607,",  given  her  response ,  I  haven âĢ Ļ t  a  clue  what  her  site  is )  who  then  takes  my  response  to  the  guy  and  makes  assumptions  about  HER .  I  don âĢ Ļ t  even  know  this  chick .  I  didn âĢ Ļ t  make  a  derogatory  comment  about  others  who  might  post  such  photos ,  I  didn âĢ Ļ t"
burka,7607," within  the  newspaper  industry . 
 
 However ,  Jeremy  Pax man  told  the  inquiry  that  Morgan  had  told  him  how  to  hack  a  phone  during  lunch  at  the  Mirror 's  offices  in  2002 . 
 
 Evidence :  Morgan  appeared  at  the  Le ves on  Inquiry  via  video  link  and  denied  knowledge  of  hacking 
 
 And  in  2006 ,  Morgan  wrote"
burka,7607,"as ,  despite  the  le aching  being  mild .  Five  out  of  13  products  that  were  intended  for  children  were  toxic ,  for  example  bath  toys  and  buoy ancy  aids  such  as  inf latable  ar mb ands ,""  says  Del il ah  Lith ner . 
 
 The  products  that  resulted  in  toxic  water  were  soft  to  semi - soft  products  made  from"
burka,7607," performs  data  preparation  at  scale . 
 
 The  UW  Center  for  Data  Science  team  began  developing  initial  models  in  collaboration  with  Multi Care  Health  System  in  March  2012 ,  using  just  two  on - prem ises  servers .  The  maintenance ,  frequent  updates ,  and  down  times  of  these  on - prem ises  servers  posed  an  ongoing  problem ,  and  scal ability"
burka,7607,"The  extant  au ks  ( sub family  Alc ina e )  are  broken  up  into  2  main  groups :  the  usually  high - b illed  puff ins  ( t ribe  Fr ater cul ini )  and  a uk lets  ( t ribe  A eth i ini ),  as  opposed  to  the  more  slender - b illed  mur res  and  true  au ks  ("
burka,7607," how  the  brain  works .  The  goal  is  ultimately  to  build  up  abstract  models  of  the  brain ,  based  on  the  observation  of  its  individual  elements . 
 
 But ,  Dr .  L uria  worried ,  "" One  outcome  of  this  approach  is  the  reduction  of  living  reality  with  all  its  richness  of  detail  to  abstract  sche mas .""  Dr .  L"
burka,7607," come ,  first  serve  basis .  That  means  you âĢ Ļ ll  have  your  pick  of  the  available  Porsche  9 18 âĢ Ļ s  and  don âĢ Ļ t  have  to  take  necessarily  the  next  one  that  comes  off  the  assembly  line .  Porsche  released  some  interesting  figures  attached  to  sales  so  far .  For  example ,  did  you  know  that  30  percent"
burka,7607," bills ,  too ,  even  though  some  people  say  they  are  barely  using  their  heat . 
 
 "" They  would  just  turn  the  heat  in  one  room  or  they  would  just  bundle  up  ,  wear  extra  layers  of  clothing  inside  the  home  just  to  keep  themselves  warm ,""  worker  Cynthia  Louis  said . 
 
 The  power  company  also  said  meters  that"
burka,7607," 10 , 8 42  MW  of  solar  projects  were  in  the  pipeline ,  according  to  BT I ,  and  they  could  be  jeopard ised  by  the  provisional  duty  or  ADD .  Even  projects  yet  to  be  auction ed  and  assigned  to  power  producers — around  2 , 655  MW  as  per  BT I âĢ Ļ s  estimates — could  be  hit . Since"
burka,7607, will  be  in  attendance  as  well .  In  meetings  they âĢ Ļ ve  been  enthusiastically  hyp ing  March  4 th  and  are  trying  to  get  the  California  State  Militia  to  show  up .  B CR âĢ Ļ s  alt - right  and  white  nationalist  ties  are  well  documented  and  getting  stronger .  Jack  P alk ovic  was  spotted  on  BART  with  Identity  Ev
burka,7607," by  millions ,  and  since  it  is  stat utor ily  obliged  to  be  impartial ,  is  crucial  to  leve lling  an  otherwise  uneven  playing  field .  But  it  too  faces  a  potentially  existential  threat  from  the  licence  fee  review ,  a  bigger  picture  seemingly  lost  on  Corbyn istas  har angu ing  any  BBC  reporter  deemed  insufficient ly  respectful  of  their  hero . 
"
burka,7607," got  to  her .  That  was  the  problem . âĢ Ŀ  He  sighed .  "" But  this  was  the  last  place  I  saw  her ,  and  I  wanted  you  to  see  it ,  since  I âĢ Ļ ve  been  telling  you  the  story . âĢ ľ 
 
 "" Thank  you  for  trusting  me . âĢ Ŀ 
 
 âĢ ľ This  part"
burka,7607,"
 While  downloading  a  torrent  file  there  are  three  types  of  sharing  sources  that  you  will  come  across . 
 
 Users  who  have  completed  their  download  and  are  sharing / se eding  it  for  others  to  download  are  called  seed ers .  The  more  seed ers  a  file  has ,  the  faster  the  download  is  bound  to  complete .  Users  who  only"
burka,7607," Noise  St ool  is  one  of  those  ideas  that 's  so  cool  we 're  embarrassed  we  didn 't  think  of  it  before .  We 've  all  been  there :  it 's  2 am  in  a  sleeping  house ,  your  mother - in - law  is  right  behind  you  in  line  for  the  pot ty ,  or  you  don 't  want  to  broadcast  the"
burka,7607," and  2007 ,  the  Islamic  State 's  predecessor ,  al  Qaeda  in  Iraq ,  included  large  quantities  of  chlorine  in  vehicle  bombs  deployed  against  U . S .  and  Iraqi  troops  in  an  attempt  to  produce  mass  casualties .  The  explosives  in  the  vehicle  bombs  killed  more  people  than  the  chlorine  did ,  and  after  several  unsuccessful  attempts ,  al  Qaeda  in  Iraq"
burka,7607," growing  anger  over  how  budget  cuts  and  layoffs  are  dec imating  public  education . 
 
 The  spirit  of  the  two  protests  recalled  the  February  mass  labor  mobilization  in  Wisconsin  over  union - b usting  legislation .  Though  far  smaller ,  the  LA  and  New  York  demonstrations  tapped  into  the  same  widespread  anger  at  politicians  for  b ailing  out  banks  and  the  rest"
burka,7607," later  on  a  sidewalk ,  the  man ,  whose  name  is  protected  by  a  publication  ban ,  said  that  Braz au  approached  him  aggressively  while  photograp hing  the  family ,  making  him  âĢ ľ con cerned  and  fearful . âĢ Ŀ 
 
 Article  Continued  Below 
 
 C lements  found  this  to  be  criminal  harassment .  During  sentencing  submissions ,  Crown  prosecutor"
burka,7607," at  least  four  floors  of  the  building . 
 
 A  rescue  worker  interviewed  by  Step  News  Agency  claims  that  âĢ ľ a  missile  went  from  the  roof  down  to  the  first  floor . âĢ Ŀ 
 
 Some  have  suggested  the  damage  at  the  Carlton  Hotel  may  be  due  to  a  delay - action  bomb ,  which  is  designed  to  explode  some"
burka,7607," himself  to  blame  for  the  fix  in  which  he  finds  himself . 
 
 His  desperate  and  increasingly  pathetic  attempts  to  blame  everybody  himself  for  everything  he  did  wrong  will  stand  out  in  historical  accounts  of  his  dizz ying  fall  from  the  heights  vault ing  ambition . 
 
 If  you âĢ Ļ re  ready  to  read  more  from  the  unb oss ed"
burka,7607,"- year - old  girl  during  his  time  there . 
 
 F inn  is  affiliated  with  Op us  De i ,  a  powerful  and  controversial  organization  within  Catholicism ,  according  to  the  Times .  He  pleaded  not  guilty  to  the  misdemeanor  charge . 
 
 According  to  Ag ence  France - Press ,  the  sexual  abuse  crisis  has  cost  the  American  branch"
burka,7607,"When  a  regression  model  between  psychopath ology  variables  and  levels  of  auto Abs  against  neuro pe pt ides  was  applied ,  significant  correlations  were  detected  only  between  Î± - MS H  and  anxiety  scores  for  both  patients  and  controls  ( Fig .  1 A ,  B  and  C ;  P - values  for  slope  and  intercept  derived  from  the  comparison  with  regression  models"
burka,7607," doesn 't  have  to  be  like  this .  Jesus  Christ  never  spoke  a  word  of  condemnation  against  homosexuals .  Churches  don 't  have  any  need  to  condemn  LGBT  people ,  or  fight  against  our  equal  treatment  in  our  country .  A  growing  number  of  church  communities  have  chosen  to  be  aff irming  and  supportive  of  LGBT  people .  I  have  the  joy  of"
burka,7607,"Ŀ 
 
 Others  suggest  that  perhaps  social  norms  surrounding  acceptable  watch - checking  behavior  will  shift ,  though  not  any  time  soon . 
 
 âĢ ľ Yes ,  norms  shift ,""  manners - ex pert  and  author  Henry  Hitch ings  writes  to  New  York  Magazine .  "" We  feel  different  about  someone  taking  a  phone  call  in  our  presence  from  how"
burka,7668,"ster )  for  Best  ( 74  mins ),  E oin  Red dan  ( Old  Crescent / Le in ster )  for  Murray  ( 75  mins ), 
 
 Ref eree :  Nigel  Owens  ( W ales ) a 8 . 1 K  Shares  Share 
 
 Originally  published  in  two  parts  at  Ske p ch ick  and  Que ere ka  and  cross -"
burka,7668,"ster )  for  Best  ( 74  mins ),  E oin  Red dan  ( Old  Crescent / Le in ster )  for  Murray  ( 75  mins ), 
 
 Ref eree :  Nigel  Owens  ( W ales ) a 8 . 1 K  Shares  Share 
 
 Originally  published  in  two  parts  at  Ske p ch ick  and  Que ere ka  and  cross -"
burka,7668," hat . 
 
 Radio  FF H  best Ã¤ t ig te  den  Inform ations stand  dies er  Zeit ung  vom  Int e res se  der  K Ã¶n igs bl au en  an  Bast ian  O c zip ka  von  E int r acht  Frankfurt  und  ge ht  s og ar  no ch  e inen  Schr itt  we iter :  L aut  dem"
burka,7668,"
 
 Also  don âĢ Ļ t  forget  to  follow  me  on  Twitter  for  more  comic  book  and  fighting  game  goodness  –  King of breaker 
 
 Advertisements 06 . 07 . 2017 
 
 Sch al ke 
 
 Mit  O c zip ka  e in ig  –  jet z t  ge ht âĢ Ļ s  um  die  Ab l Ã¶ se"
burka,7668," $ 10  billion  on  the  GM  bailout . A  woman  described  in  court  as  an  animal  lover  has  admitted  cutting  a  rabbit âĢ Ļ s  ears  off . 
 
 Te res ka  Al - R awi ,  of  Dirk hill  Road ,  claimed  she  amput ated  the  ears  by  accident . 
 
 Brad ford  and  Ke igh ley  Mag istrates âĢ"
burka,7668," 2007  and  applied  for  more  welfare  benefits . 
 
 The  couple  continued  to  receive  assistance  when  they  moved  into  a  luxury  home  in  Deep haven ,  Min n .,  with  Andrea âĢ Ļ s  grandparents ,  El oise  and  Francis  He ide cker ,  in  March  2008 .  They  moved  into  another  home  in  Deep haven  on  Lake  Min net on ka"
burka,7668," terrorists .  Using  only  the  documents  provided  by  travelers  and  the  Ministry  of  Admission 's  primitive  inspect ,  search ,  and  fingerprint  systems  you  must  decide  who  can  enter  Ar st ot z ka  and  who  will  be  turned  away  or  arrested . 
 
 Copyright  2013  Â© ,  39 09  LLC .  All  rights  reserved .  âĢ ľ P apers ,  Please"
burka,7668,"
 
 The  footsteps  quick ened ,  the  blonde  hair  entering  Weiss '  vision  as  Yang  j ogged  in  front  of  her .  "" Weiss ,  just  listen  to  me  for  a  moment ,  o ka -""  The  footsteps  stopped  as  Yang  stared  at  her .  "" Are âĢ¦  are  you  cry i -"" 
 
 "" Why  wouldn 't  I  be ?"""
burka,7668," Free ks ,  Dread  Mob z  –  all  have  crossed  the  stars  in  their  se et hing  mult itudes  to  join  the  greatest  Or k  crusade  in  a  millennium .  This  time ,  nothing  will  stop  the  green  tide .  In  this  book  you  will  find : 
 
 A  comprehensive  history  of  Gh az gh k ull  Th ra ka ,  his"
burka,7668, The  Ministry  of  Admission  at  G rest in  Border  Check point .  An  apartment  will  be  provided  for  you  and  your  family  in  East  G rest in .  Expect  a  Class - 8  dwelling .  Glory  to  Ar st ot z ka . The  communist  state  of  Ar st ot z ka  has  just  ended  a  6 - year  war  with  neighboring  K
burka,7668,"urable  grit  and  competitiveness  he  brought  to  every  shift  and  it  was  clear  that  he  deserved  a  significant  raise  over  the  exp iring  deal  that  paid  him  $ 1 . 4  million .  After  several  proposals  from  both  sides  were  rejected ,  the  Blues  made  a  final  offer  of  one  year  at  $ 2 . 7  million .  Sob ot ka  held  firm"
burka,7668," templates  using  custom  code ,  essentially  "" h acking  into ""  our  own  templates  to  achieve  a  unusual  presentation .  A  great  example  of  this  is  the  work  that  our  design  techn ologist  Bart  Sz ys z ka  did  for  our  recent  series  on  China  and  the  environment ,  "" Ch oking  on  Growth ."" 
 
 Newsletter  Sign  Up  Continue  reading  the"
burka,7668," When  asked  how  big  the  houses  would  be ,  where  and  when  they  would  get  them ,  she  said  she  did  not  know . 
 
 Even  Al ka  V idy ad har ,  another  resident  of  Dam u  Nag ar ,  said  they  had  been  promised  houses  by  Yad av .  âĢ ľ I  lost  Rs  80 , 000  in  the  fire"
burka,7668," was  ...  orange 
 
 The  late  musical  artist 's  brand  has  been  all  about  the  color  purple 
 
 ( CNN )  Ty ka  Nelson  just  tweaked  a  major  part  of  Prince 's  legacy . 
 
 The  sister  of  the  late  superstar  talked  to  the  Evening  Standard  about  an  upcoming  exhibit  of  Prince  artifacts  set  to  open  in  London  and  mentioned"
burka,7668," is  currently  running  for  a  U . S .  House  seat . 
 
 Other  speakers  included  W ND  editor  Joseph  Far ah ,  2004  Constitution  Party  presidential  candidate  Michael  Per out ka  and  retired  U . S .  Navy  Ad m .  James  Lyons .  Bel inda  Bee ,  a  principal  organizer  of  the  Sept .  11 ,  2013 ,  motorcycle  convoy"
burka,7668," acoustic  device . 
 
 For  more ,  we âĢ Ļ re  joined  by  Tara  H ous ka ,  national  campaigns  director  for  Honor  the  Earth . 
 
 Welcome  back  to  Democracy  Now !,  Tara .  Explain  what  took  place  yesterday ,  I  mean ,  the  video  and  the  photos  that  we  have  of  the  military  hardware ,  a  raid  against  the"
burka,7668," acoustic  device . 
 
 For  more ,  we âĢ Ļ re  joined  by  Tara  H ous ka ,  national  campaigns  director  for  Honor  the  Earth . 
 
 Welcome  back  to  Democracy  Now !,  Tara .  Explain  what  took  place  yesterday ,  I  mean ,  the  video  and  the  photos  that  we  have  of  the  military  hardware ,  a  raid  against  the"
burka,7668,"te ku 
 
 Bal inese :  cer uring 
 
 B eng ali :  lot ka  ,  b h ubi 
 
 ,  Bur m ese :  l angs ak  ,  d uku 
 
 ,  C eb u ano :  bu ahan  ,  l ans ones 
 
 ,  English :  l angs at ,  lan z ones 
 
 J"
burka,7668," one  leader  they  would  crush  all  of  the  so - called  civil ised  peoples  of  the  galaxy .  That  do omsday  draws  nearer ,  for  the  great  greens kin  War lord  Gh az gh k ull  Th ra ka  has  arisen ,  and  Or ks  from  all  clans  muster  to  his  bell owing  war cry .  He  is  not  just  a  mighty  warrior"
burka,7668,"ch  rear  sight  and  a  slightly  longer  barrel .  Sub sequent  rifles  were  assembled  in  Poland  under  license  by  the  state  rifle  factory  ( Pa Å Ħ st w owa  Fab ry ka  Kar abin Ã³ w )  in  Warsaw .  The  w z .  1928  was  accepted  into  service  with  the  Polish  army  in  1927  under  the  formal  name  7 , 92"
burka,7668," with  the  proposed  citation  above . Y ERE V AN  ( Ar ka )— Turkish  Prime  Minister  Ah met  Dav ut oglu  said  his  government  would  open  the  sealed  border  with  Armenia  on  condition  that  Armenia  returns  at  least  one  of  several  regions  surrounding  Nag orno - Kar ab akh  to  Azerbaijan ,  Nov ost i - Ar men ia  reported  citing  R"
burka,7668," e inen  z u  ho hen  Pre is  z u  be z ah len ,  d enn :  Der  28  Jah re  al te  O c zip ka  hat  n ur  no ch  e in  Jah r  Vert rag  be i  den  H essen  und  w Ã¤ re  im  n Ã¤ ch sten  Som mer  ge ge ben en falls  f Ã¼r  l"
burka,7668,",  when  she  comes  out ,  will  be  one  approach ,  but  I  am  not  sure  if  it âĢ Ļ s  the  only  one .  After  all ,  Criminal  already  has  a  great  console ,  Des per ado !  I  would  suggest  a  second  alternative :  Sh aper  with  Mot ivation  and  E ure ka  and  Sn itch .  Combine  that  with  Torch"
burka,7668," may  be . 
 
 It 's  another  odd  turn  in  a  relationship  that  didn 't  need  to  go  sour .  Sob ot ka  is  coming  off  a  season  in  which  he  set  a  career - high  with  nine  goals  and  33  points  and  led  the  league  in  face - off  winning  percentage  ( 61 . 9 ).  Add  in  the  im me"
burka,7668,ite  Sob ot ka 's  eventual  return . This  amazing  chick pe a  p att ie  recipe  comes  from  my  Mama  ( thanks  m ama !).  The  recipe  is  an  adaptation  of  a  traditional  Pun j abi  dish  made  with  potatoes  called  âĢ ľ Al oo  T ikk is âĢ Ŀ  ( meaning  potato  p att ies ).  I  try  not  to  eat
burka,7668,", âĢ Ŀ  he  said . 
 
 On  Friday ,  the  New  York  Post  reported  that  Y oni  Hik ind  had  been  employed  by  an  Orthodox  charity  that  had  received  donations  from  D ov  Hik ind âĢ Ļ s  campaign  accounts . 
 
 H ik ind âĢ Ļ s  campaign  has  raised  $ 271 , 000  to  Ye ger âĢ Ļ"
burka,7668,in - like  molecule - alpha  SEA :  S .  mans oni  egg  soluble  antigen  T GF -  :  Trans forming  growth  factor - beta  T  H  :  T  helper  TL R :  Toll - like  receptor  T NF -  :  T um or  nec rosis  factor - alpha  T  reg s  :  Regulatory  T  cells  T SL P :  Th ym ic
burka,7668," political  operative  Kal man  Ye ger ,  who  was  able  to  bypass  a  primary  contest . 
 
 D ov  Hik ind âĢ Ļ s  son ,  Y oni  Hik ind ,  who  has  worked  as  a  social  worker  and  therapist ,  announced  his  candidacy  soon  after .  Hik ind  is  running  on  the  âĢ ľ Our  Neighborhood âĢ Ŀ  party  line ."
burka,7668," can  maintain  a  den iable  distance .  When  the  Port  Authority  needs  to  raise  toll s ,  Wild stein  and  Bar oni  come  up  with  an  elaborate  r use  to  make  it  look  like  Christie  is  hero ically  fighting  the  bureaucracy .  When  the  city  of  Bay onne  is  about  to  go  bankrupt ,  they  orche strate  a  land  deal  that  b ails"
burka,7668," is ]  very  angry  at  the  things  that  they  say  about  Y oni , âĢ Ŀ  the  observer  of  the  race  told  the  Forward .  âĢ ľ T akes  it  very  personally . âĢ Ŀ 
 
 Ins iders  are  split  on  whether  a  defeat  for  Hik ind  would  shake  his  father âĢ Ļ s  decades - long  hold  on  the  neighborhood âĢ"
burka,7668,"oni ,  who ,  if  convicted ,  would  likely  face  two  to  three  years  in  prison .  It  is  rumored  that  their  trial  will  bring  significant  further  disclosures .  Wild stein ,  the  collector  of  secrets ,  is  said  to  have  walked  out  of  the  Port  Authority  with  an  enormous  amount  of  documentary  evidence ,  including  the  hard  drive  to  his  former  friend"
burka,7668,"oni âĢ Ļ s  computer . 
 
 Lo oming  over  the  trial  is  the  question  of  Christie âĢ Ļ s  level  of  involvement  in  his  old  classmate âĢ Ļ s  crazy  bridge  idea .  Prosecutors  have  filed  a  sealed  memorandum ,  listing  people  who  were  aware  of  the  scheme ;  it  is  widely  presumed  that  Christie âĢ Ļ s  name  is  on"
burka,7668,"os ""  elsewhere  because  an  adult  couple  complained  about  a  joke  he  cracked . 
 
 The  joke  has  been  in  his  Santa  bag  for  decades .  But  after  thousands  of  tell ings ,  the  68 - year - old  retired  care taker  for  the  elderly  finally  hit  the  wrong  recipients  -  apparently  an  older  woman  and  her  husband ,  who  considered  it"
burka,7668,"com ,  a  website  intended  to  be  a  virtual  neighborhood  hang out  for  the  tens  of  thousands  of  neighborhoods  and  hundreds  of  local  police  departments  that  use  it  to  communicate  with  residents .  The  site âĢ Ļ s  chief  executive  and  co - founder ,  Nir av  Tol ia ,  describes  it  as  a  place  to  find  a  babys itter ,  a  pl"
burka,7668," people  who  live  here  as  a  toilet . 
 
 Moh ammed  and  his  friends  are  among  thousands  of  people  who ,  having  fled  war ,  persecution  and  poverty  beyond  Europe âĢ Ļ s  borders ,  are  living  in  increasingly  precarious  conditions  in  makeshift  camps  across  northern  France  –  waiting  and  hoping  for  their  chance  to  make  it  to  the  UK . 
"
burka,7668," people  care  deeply  about  breast  cancer  and  women 's  health  issues ."" 
 
 The  main  sentiment  among  the  thousands  of  people  posting  online  seems  to  be  that  regardless  of  one 's  position  on  the  issue  of  abortion ,  it  is  wrong  to  politic ize  women 's  health .  According  to  a  new  Pol ip ulse  analysis  of  online  conversations  about  the  issue"
burka,7668,").  And  in  his  advocacy ,  Miller  is  positively  prolific .  A  quick  web  search  reveals  dozens  upon  dozens  of  articles  and  opinion  columns  touting  the  benefits  of  GMOs  to  consumers ,  developing  economies  and  ag rib us iness  —  and  a  seemingly  equal  number  attacking  those  that  warn  about  the  possible  risks  of  what  are  sometimes  called  âĢ ľ Frank en food"
burka,7668," mobile  platform  which  will  activate  the  Pixel  Visual  Core  co - processor  built  into  the  company 's  Pixel  2  smartphones  for  the  first  time . 
 
 Un ve iled  back  in  October ,  the  Pixel  Visual  Core  marks  the  first  time  a  Google - designed  co - processor  has  found  its  way  into  one  of  the  company 's  consumer  products .  An"
burka,7668," elemental .  Infantry men  carry  what  they  need  on  their  backs  and  kill  the  enemy  at  close  quarters . 
 
 "" Every  single  one  of  them  is  an  alpha  male ,""  said  Sgt .  Kenneth  Hayden ,  a  tactics  instructor  here . 
 
 Fighting  the  old - fashioned  way 
 
 For  all  the  talk  of  technology  and  a  "" push"
burka,7668," encounter  with  ext rop ian ism  and  ( that  cheap  laugh  out  of  the  way )  argued  that  Darwin  had  made  post - human ism  possible :  first ,  by  establishing  that  humanity  was  a  species  with  predecessors  and  ( by  implication )  possible  successors ,  and  ( there fore )  that  the  human  mind  was  the  outcome  of  a  material  process ;"
burka,7668," not  because  she  trusts  D aven ,  but  due  to  an  unpleasant  discussion  with  Kev an ,  who  rejects  the  post  of  Hand  of  the  King  after  Cer sei  refuses  to  name  him  Lord  Reg ent  as  well  and  relocate  to  C aster ly  Rock .  D aven  does  not  regard  his  appointment  lightly ,  but  he  feels  that  his  uncle  Kev an"
burka,7668," Norway 's  justice  system  were  "" too  low "";  more  than  half  said  their  view  had  hardened  since  the  massacre . 
 
 But  Justice  Minister  Kn ut  St or ber get  said :  "" We  must  listen  and  have  a  debate ,  while  not  drawing  h asty  conclusions . 
 
 "" It 's  important  that  policy  isn 't  shaped  in  a"
islam,1098,". âĢ Ŀ 
 
 BC R  arranged  candles  to  spell  out  Stein le âĢ Ļ s  name  and ,  according  to  Tah mas ,  organized  a  signed  poster  to  send  to  the  district  attorney  in  the  hopes  that  their  condolences  would  reach  the  Stein le  family .  B CR  organized  the  event  without  the  family âĢ Ļ s  coordination ,  although  Tah"
islam,1098," hide  out  until  civilization  cr umbles ,  then  starve  to  death  or  be  reduced  to  hunter - gat here rs ?  That âĢ Ļ s  crap . âĢ Ŀ 
 
 Thomas  wave red .  âĢ ľ I  don âĢ Ļ t  think  two  people  can  keep  civilization  together . âĢ Ŀ 
 
 âĢ ľ Of  course  not , âĢ Ŀ  said"
islam,1098," these  little  organs ,  while  also  describing  the  human  drama  of  how  these  patients  were  affected  by  their  malf unctions  and  mis f ortun es .  These  were  stories ,  as  Dr .  S acks  saw  it ,  of  patients  who  either  lost  their  identity  because  of  a  brain  les ion ,  or  who  tri ump hed  and  found  a  way  to  preserve"
islam,1098," little  knots .  Clean  fur  is  crucial ,  Lah ner  says ,  because  if  her  coat  is  compromised ,  she  can âĢ Ļ t  ther mo - reg ulate . 
 
 Spons or 
 
 âĢ ľ She âĢ Ļ s  in  there  all  fluffy  and  happy  and  eating .  That  makes  me  happy , âĢ Ŀ  she  says .  The  signs"
islam,1098," increasingly  just  doesn âĢ Ļ t  make  sense .  And  no  amount  of  lobbying  Congress  or  arguing  in  court  will  slow  that  trend . Here  are  some  Larry  King  statistics : 
 
 âĢ¢  Larry  King  has  had  a  talk  show  on  CNN  for  73  years  now . 
 
 âĢ¢  Larry  King  owns  47 00  pairs  of  susp enders . 
 
"
islam,1098," Amazon  and  NBC  Universal ,  and  lesser - known  employers  including  artisan al  bakery  Amy âĢ Ļ s  Bread ,  pharmaceutical  distributor  McK esson  and  document  storage  company  Iron  Mountain .)  2009  research  by  Cornell âĢ Ļ s  Kate  Bron fen b ren ner  suggests  that  employers  hold  mandatory  anti - union  meetings  ( like  the  ones  in  which  UFC W  says  Target"
islam,1098," liber atory  technologies  as  the  basis  of  an  economic  vision  of  peer - production  as  a  modern ,  high - tech  version  of  the  prec ap ital ist  model  of  production  on  the  commons . 
 
 M odes  of  production  employing  structures  similar  to  peer - to - peer  networks  have  relations  reminiscent  of  the  historic  pastoral  commons ,  long  gone  commonly"
islam,1098," sound  out  the  syll ables ,  if  only  in  a  muff led  voice .""  Sa enger 's  book  asserts  that  only  at  the  end  of  the  seventh  century ,  when  Irish  monks  introduced  regular  word  separation  into  medieval  manuscripts ,  did  swift ,  silent  reading  become  feasible .  Why  is  it  so  hard  to  read  text  without  spacing ?  Just  imagine  how  difficult"
islam,1098," the  longtime  president  of  the  Friends  of  the  Oak  Brook  Public  Library ,  who  considers  the  library  "" my  third  child ."" 
 
 "" This  is  the  heart  of  the  village ,""  B enez ra  says  as  she  tours  the  library  and  surrounding  gardens  under  a  sign  sporting  a  Cic ero  quotation  reading ,  "" If  you  have  a  garden  and  a"
islam,1098," emotional  state  and  his  decision - making  process .  Turning  a  blind  eye  to  his  unf il tered  out bur sts  would  be  journalistic  mal practice .  Worse ,  it  would  shield  the  public  from  the  unpleasant  reality ,  the  consequences  of  their  electoral  decision ,  which  they  must  now  endure  for  four  ( if  not  eight )  years . "" I  love"
islam,1098," liquid  one .  ( But  Sony  apparently  could  use  lessons  in  central  banking :  As  in  real - world  Japan ,  price  deflation  has  hit  the  market  for  Nor r ath ian  goods .) 
 
 The  economic  dynamics  of  Ever Quest  also  allow  Cast ran ova  to  calculate  wage  levels  in  Nor r ath .  Take  the  PP  value  of  an  average"
islam,1098,"- five  years  humanity  has  been  fighting  for  survival ,  carving  out  a  new  place  in  the  hierarchy  of  the  world .  Weapons ,  armor ,  and  a  variety  of  equipment  comes  with  modification  options . 
 
 Special  Materials  –  Influ enced  by  Super natural  energy ,  ancient  met all urgy ,  post - R ise  ingenuity ,  or  other worldly  sources"
islam,1098," less  than  a  year  in  the  job . 
 
 Last  week ,  the  interim  principal  told  the  BBC  that  he  had  not  received  any  complaints  from  colleagues  regarding  the  dress  code  and  that  pupils  were  not  being  segregated ,  with  girls  and  boys  being  treated  equally . 
 
 Of sted  is  not  the  only  organisation  with  concerns  about  Al - M"
islam,1098," his  little  red  and  blue  heart  out  so  other  players  a  fresh  when  the  game  is  on  a  knife  edge . 
 
 Think  back  to  Game  3  of  the  2010  State  of  Origin  series . 
 
 Advertisement 
 
 Advertisement 
 
 G id ley  started  from  the  bench  and  came  on  to  replace  Michael  En nis  after  30  minutes  –"
islam,1098,"one  Arena  for  Game  Five  tomorrow  night  ( 8 : 30  p . m .  CT ,  FOX  Sports  Tennessee ,  102 . 5  The  Game ).  Doors  for  will  open  at  6 : 30  p . m .  and  the  Pred s  Plaza  Party  presented  by  Lee  Company  will  begin  at  5 : 30  p . m .  The  Pred s  Plaza"
islam,1098," donating  his  time  and  holiday  gifts  for  youth  in  need .  For  more  information  on  the  LA  Galaxy  Toy  Drive ,  please  visit  www . lag al axy . com / community . Press  Release 
 
 Blue  Light  Observ ations  Ind icate  Water - Rich  Atmosp here  of  a  Super - Earth 
 
 September  3 ,  2013 
 
 A  Japanese"
islam,1098," so ,  I  was  plagued  with  guilt .  I  would  read  for  five  minutes ,  exit  out  and  delete  my  browser  history .  I  continued  as  if  I  hadn âĢ Ļ t  read  anything  at  all .  I  went  to  sem inary ,  sacrament  meeting ,  mutual ,  etc ..  At  this  time  in  my  life ,  guilt  and  confusion  filled  me ."
islam,1098,",  pier c ings ,  and  tan  lines .  Oh ,  and  elf  ears  and  monster  eyes  are  options  too .  Man ik ins  start  at  $ 5 , 500 ,  but  if  you  want  a  completely  custom  body  or  head ,  expect  to  spend  quite  a  bit  more . 
 
 P le asure  your  partner  ( or  yourself )  with  remote"
islam,1098," a  little  bit .  To  stitch  the  images  ( or  build  a  3 D  model ),  you  find  matching  regions  in  the  image  from  adjacent  cameras .  These  are  called  âĢ ĺ point  correspond ences . âĢ Ļ  So  if  you  start  with  a  few  pixels  from  camera  A ,  and  you âĢ Ļ re  looking  in  camera  B âĢ Ļ s  footage"
islam,1098," little  or  no  dis employment  effects  of  the  minimum  wage  is  not  generated  from  models  related  to  the  matching  studies  described  in  the  previous  section .  Instead ,  the  study  uses  the  methods  that  are  usually  employed  by  Ne um ark  and  Was cher . 
 
 The  method  has  also  been  extended  beyond  standard  employment  outcomes  for  the  United  States .  Couch"
islam,1098," end ,  just  to  get  them  to  sort  back  to  the  top  of  my  list .  Ves per  notes  are  like  cards  in  a  stack — it âĢ Ļ s  easy  to  move  one  to  the  top  of  the  stack . 
 
 The  last ,  feel ,  is  the  most  subjective .  But  I  think  we âĢ Ļ ve  achieved  something  special"
islam,1098," Î± - MS H ,  neuro pe pt ide  Y  ( NP Y ),  oxy toc in  ( OT )  and  vas op ress in  ( VP )  were  measured  by  EL ISA ,  as  described  elsewhere  [ 24 ].  Synt hetic  ACT H ,  CR H ,  Î± - MS H ,  NP Y ,  OT  and  VP  pept ides  ( B"
islam,1098," scene  that  happens  concurrently  with  three  other  key  moments  in  the  DC N u  ( page  12 ,  panel  4 ).  A  few  seconds  and  two  panels  later  Aqu aman  says  "" I  don 't  talk  to  fish ,""  but  she 's  looking  in  completely  the  opposite  direction .  One  of  the  themes  of  the  new  series  is  the  perception  the  general  public"
islam,1098," Shah ,  and  another  about  the  surveillance  of  a  young  woman  by  Shah ,  assumed  to  be  under  Modi âĢ Ļ s  instructions .  Various  st ings  by  anti - B JP  media  outfits  targeted  Gujarat  and  the  BJP . 
 
 This  is  not  an  exhaustive  list  of  all  the  ways  in  which  Modi  was  targeted ,  but  merely  an  indicative  list"
islam,1098," gets  to  the  point . 
 
 And  the  tone  was  unusual .  They  were  both  sto ical  and  poignant .  These  are  two  qualities  that  rarely  go  together ;  we  tend  to  think  of  sto icism  as  a  kind  of  armour  worn  against  our  emotions ,  and  po ign ancy  as  the  breaking  through ,  into  our  stream  of  consciousness ,  of"
islam,1098," offices  in  London ,  Toronto ,  Singapore  and  Sao  Paulo ,  UFC  produces  more  than  40  live  events  annually  that  consistently  sell  out  some  of  the  most  prestigious  arenas  around  the  globe .  UFC  programming  is  broadcast  in  129  countries  and  territories  to  nearly  800  million  TV  households  worldwide  in  28  different  languages .  The  UFC  has  a  multi - year  broadcast  agreement"
islam,1098,"EG UN DO ,  CA  —  At  around  2 : 15  PM  on  the  afternoon  of  September  30 ,  2011 ,  defenseman  Drew  Dough ty  emerged  from  the  dressing  room  for  his  first  training  camp  skate .  That  moment  was  the  first  publicly  visible  sign  that  the  Los  Angeles  Kings  had  become  whole  once  again . 
 
 Late  Thursday  night ,  the"
islam,1098," a  possible  1 , 100  head ;  feed  and  care  at  $ 8  per  head  for  $ 44 , 000 ;  and  transportation  at  $ 4 . 50  per  mile . 
 
 After  the  armed  standoff  ended  April  12 ,  2014 ,  when  BLM  agents  allowed  Bundy âĢ Ļ s  supporters  to  release  all  the  cattle  from  the  cor ral ,  the"
islam,1098," hacked ,  well ,  everything . This  video  has  been  removed .  This  could  be  because  it  launched  early ,  our  rights  have  expired ,  there  was  a  legal  issue ,  or  for  another  reason . 
 
 The  television  presenter  Keith  Che g win ,  who  made  his  name  presenting  the  popular  children âĢ Ļ s  shows  Che gg ers  Plays  Pop"
islam,1098," We  definitely  feel  God  protected  us .  My  neighbor âĢ Ļ s  house  is  gone .  My  husband âĢ Ļ s  out  there  digging  for  bodies . âĢ Ŀ 
 
 Richard  Johnson  in  O so  and  Julie  Tate  and  Alice  Crit es  in  Washington  contributed  to  this  report . By :  Laura  Me yers 
 
 You  know  that  one  neighbor  that"
islam,1098," primary  in  the  spring  so  obviously  the  citizens  of  her  precinct  don âĢ Ļ t  think  she âĢ Ļ s  doing  a  bad  job , âĢ Ŀ  he  said . 
 
 The  commission  asked  the  Supreme  Court  to  indefinitely  suspend  Green  from  the  bench  while  its  motion  plays  out ,  its  executive  director  Eric  V inson  said  Thursday  in  a  phone  interview"
islam,1098,"- Zero  as  Sub - Zero  revealed  that  Quan  Chi  was  responsible  for  the  murder  of  Han zo 's  family  and  clan .  When  the  Special  Forces  capture  Quan  Chi ,  Han zo  and  the  Shir ai  Ryu  sub due  them ,  with  Han zo  single handedly  defeating  Johnny  Cage  and  Kens hi .  Fuel ed  by  revenge ,  he  was  oblivious  to"
islam,1098," always  grooming ,  babys itting  and  checking  up  on  the  p ups . 
 
 "" It 's  incredible  to  see  such  a  young  me erk at  stepping  up  and  taking  on  that  responsibility ,""  Ms  Mah oney  said . 
 
 The  sex  of  the  p ups  will  be  confirmed  at  their  first  veterinary  examination  next  month ,  but  keep ers  suspect"
islam,1098," the  names  of  all  types  of  people  for  no  reason  at  all ,  but  we  can âĢ Ļ t  remember  the  name  of  a  man  such  as  this ?!  My  daughter ,  from  my  earliest  memory  I  recall  each  and  every  person  who  ever  did  me  a  favor ,  and  as  I  remember  each  person  I  remember  his  name .  But  it âĢ"
islam,1098," next  to  a  white  stuffed  bunny ,  and  closes  her  eyes  for  a  moment ,  trying  to  understand  why  only  one  of  her  two  daughters ,  15 - year - old  Ken za ,  is  still  there  --  and  why  Sah ra  has  abandoned  her . 
 
 Not  much  of  Sah ra  is  left  in  the  room :  her  stuffed  rabbit ,"
islam,1098," Tr anch ina  is  able  to  crowd - fund  $ 10 , 000  from  other  citizens  opposing  these  laws ,  he  will  be  able  to  launch  a  campaign  to  challenge  the  claims  of  Republican  legislators  promulg ating  these  laws .  The  first  person  who  can  deliver  ver ifiable  proof  that  more  than  0 . 1 %  votes  were  fraudulent  in  any  statewide  or"
islam,1098," or  that  truth  will  prevail  in  the  long  run ,  may  itself  be  an  example  of  the  resistance  of  false  factual  propositions  to  argument  and  count ere x ample . âĢ Ŀ 
 
 These  days ,  the  most  obvious  problem  with  the  notion  of  a  marketplace  of  ideas  is  balk an ization :  instead  of  there  being  an  overarching  marketplace  where  truth"
islam,1098,"
 H ang  in  there  ðŁĻĤ  Please  share  if  you  think  this  will  reach  someone  it  could  help !  and  like  this  post  to  give  it  a  better  chance  to  reach  them !  and  seriously  if  you  have  a  tip  that  works  for  you âĢ¦ comment  and  save  someone  the  energy  they  need  to  keep  them  upright  and  their  face  out  of  the"
islam,1098,"
 
 That âĢ Ļ s  our  short list  for  who  might  be  Lieutenant  Conn ix âĢ Ļ s  baby  daddy .  Wh omever  it  is  is  going  to  have  their  hands  full  juggling  a  newborn  along  with  their  regular  responsibilities .  Good  luck  to  all  the  men  in  question !  Wh om  do  you  think  is  the  father ?  Let  is  know"
islam,1098," some  sample  images  on  the  S int hetics  website ),  and  they  can  be  completely  customized  to  your  personal  likes  and  ( if  applicable )  fet ishes .  Bre asts  and  pen ises  come  in  all  sizes ,  you  can  say  where  you  want  hair  and  where  you  don âĢ Ļ t ,  and  you  can  even  give  your  new  friend  things  like"
islam,1098," This  guy ?  Really ?  pic . twitter . com / Z UG p L q eq Me  —  Nick  (@ Nick _ Fal co )  October  15 ,  2017 
 
 It  seems  to  me  that  Nick  Fal co  has  provided  a  plethora  of  evidence ,  just  in  his  being  banned  from  the  hotel  that  attorney  Brian  Clay pool  may  have  a"
islam,1098," soon  after  the  move .  During  World  War  I ,  the  pair  contributed  to  the  research  effort  examining  the  effects  of  shock .  As  part  of  this  work ,  Er l anger  was  able  to  produce  heart  block  in  an  animal  model  by  clamp ing  the  bundle  of  His  and  tightening  it .[ 4 ]  Together ,  they  managed  to  amplify  the  action"
islam,1098," a  small  not epad ,  and  thus  should  not  be  weighted  with  the  same  degree  of  importance  as  if  they âĢ Ļ d  come  from  Bio Ware .  Any  errors  reporting  are  my  own ,  not  theirs . 
 
 Questions 
 
 1 )  Will  we  get  Legacy  Dat ac rons ? 
 
 Jes se  Sky :  High  on  his  own"
islam,1098," supply ,  thus  increasing  its  autonomy . 
 
 Read  the  entire  study  at  Proceedings  of  the  IEEE :  "" Ne uro grid :  A  Mixed - An alog - Digital  Mult ich ip  System  for  Large - Scale  Neural  Sim ulations .""  Supplemental  information  via  Stanford . 
 
 Image :  Kurt  Hick man / Stan ford . 
 
 Follow  me"
islam,1098,"ving  community  of  well  over  1 , 000  residents  dwind led  to  less  than  200 ,  and  people  were  afraid  the  school  and  medical  center  would  be  closed  and  they  would  all  have  to  leave .  But  in  the  late  1970 s  a  new  wave  of  tourism  reversed  this  trend .  As  the  economy  of  Michigan  improved ,  along  with  the  pressure  and"
islam,1137," el - She ikh  would  stay  in  place  "" until  we 've  got  longer - term  assurances  about  the  security  at  the  airport "". 
 
 ' R esc ue  flights ' 
 
 Fl ights  are  scheduled  to  leave  Sh arm  el - She ikh  for  Glasgow ,  London  Gat wick ,  London  Stan sted ,  L uton ,  Birmingham  and  Manchester"
islam,1137,"- Ah ram  that  Mar wan  was  Agent  Babylon ,  or  the  Angel ,  Mohamed  Hass ane in  He ik al ,  the  former  editor  in  chief  of  Al - Ah ram ,  wrote  in  his  last  book  before  he  died .  At  one  of  the  ceremonies  marking  the  anniversary  of  the  Y om  K ipp ur  War ,  he  wrote ,  Mubarak"
islam,1137,"- Ah ram  that  Mar wan  was  Agent  Babylon ,  or  the  Angel ,  Mohamed  Hass ane in  He ik al ,  the  former  editor  in  chief  of  Al - Ah ram ,  wrote  in  his  last  book  before  he  died .  At  one  of  the  ceremonies  marking  the  anniversary  of  the  Y om  K ipp ur  War ,  he  wrote ,  Mubarak"
islam,1137," Al - M adin ah ,  which  opened  as  a  free  school  in  September  last  year ,  had  alleged  that  girls  were  forced  to  sit  at  the  back  of  the  classroom . 
 
 Un named  female  staff  members  have  also  claimed  they  were  forced  to  conform  to  a  strict  dress  code  including  wearing  a  head  scarf  or  hijab  -  whether  or  not"
islam,1137,",  but  these  animals  live  off  the  donations  of  shrine  visitors , âĢ Ŀ  says  Mahm ood ,  who  has  watched  over  the  reptiles  since  he  was  a  young  boy . 
 
 Each  year  since  2010 ,  citing  imminent  threats  by  Islamic  fundamental ists ,  the  Sind h  government  has  canceled  the  She edi  Mel a ,  an  annual  festival  that  long"
islam,1137,"ed  the  case  for  probation  reports  to  be  prepared ,  and  chairman  Nad ine  Tid sw ell  said :  âĢ ľ She  has  no  previous  convictions ,  but  it  is  a  very  serious  offence  and  very  upsetting  for  everyone ,  including  the  lady . âĢ Ŀ 
 
 Al - R awi ,  who  admitted  a  charge  of  causing  unnecessary  suffering  to  a"
islam,1137,", âĢ Ŀ  designer  Z ain uddin  Fah ad  told  Kot aku .  âĢ ľ Instead  he  reincarn ates .  With  a  new  skill  tree  in  this  case . âĢ Ŀ 
 
 Advertisement 
 
 F ah ad  and  his  co - workers  come  from  an  initial  background  in  mobile  game  design ,  which  quickly  took  off  in  India .  They  found"
islam,1137,"âĢ Ŀ . 
 
 According  to  Sal im  Abu  al - Q i ' an ,  forcibly  displ acing  residents  of  U mm  al - H ier an  to  the  nearby  government - planned  Bed ou in  township  of  H ura  is  indeed  the  motivation  behind  denying  them  direct  access  to  high - quality  water . 
 
 âĢ ľ They  want"
islam,1137,"âĢ Ŀ . 
 
 According  to  Sal im  Abu  al - Q i ' an ,  forcibly  displ acing  residents  of  U mm  al - H ier an  to  the  nearby  government - planned  Bed ou in  township  of  H ura  is  indeed  the  motivation  behind  denying  them  direct  access  to  high - quality  water . 
 
 âĢ ľ They  want"
islam,1137,"'s  h ara am  for  Muslims  to  fight  each  other  and  take  each  others  properties . 
 
 But  besides  the  scenario ,  it 's  permitted  to  have  Muslim / M umin  slaves .  Allah  speaks  about  believing  slaves  in  several  ay ahs  of  the  Quran . 
 
 In  Sur ah  al - B aq ara  2 : 221  = 
 
"
islam,1137,"'s  h ara am  for  Muslims  to  fight  each  other  and  take  each  others  properties . 
 
 But  besides  the  scenario ,  it 's  permitted  to  have  Muslim / M umin  slaves .  Allah  speaks  about  believing  slaves  in  several  ay ahs  of  the  Quran . 
 
 In  Sur ah  al - B aq ara  2 : 221  = 
 
"
islam,1137," O âĢ Ļ Reilly  began  seeing  a  local  psychiatrist  in  her  city  of  Seattle  Washington .  Dr .  Ahmed  Abdullah  Rahman  is  a  licensed  psychiatrist  who  originally  practiced  in  Mecca ,  Saudi  Arabia .  He  has  been  practicing  psychiatric  medicine  in  the  US  for  more  than  10  years .  After  one  session ,  according  to  Mrs .  O âĢ Ļ Reilly ,  Dr"
islam,1137,"The  BBC  understands  Of sted 's  findings  were  so  damning  that  the  acting  head  of  Al - M adin ah ,  in  Derby ,  had  little  choice  but  to  shut  it  down  immediately . 
 
 The  school  said  the  move  was  due  to  a  "" health  and  safety  issue ""  but  expected  it  to  reopen  in  the  "" very  near  future ""."
islam,1137, Armenian   Ø§ Ø± Ø¯ ÙĪ  -  Ur du  Ø ¯ Ø± Û Į  -  D ari  Ø ¹ Ùİ Ø± Ùİ Ø¨ ÙĬ ÙĴ  -  Arabic  Ù ģ Ø§ Ø± Ø³ Û Į  -  Persian  Ù ¾ Ú ļ Øª ÙĪ  -  P ash to   Ú © ÙĪ Ø± Ø¯ Û Į Û Į  Ù Ĩ Ø§ ÙĪ Û ķ ÙĨ
islam,1137,"on ium  on  his  clothing ,  which  was  supplied  by  his  widow ,  Su ha . 
 
 T aw fi q  al - T ir awi ,  in  charge  of  the  Palestinian  committee  overseeing  the  investigation ,  told  reporters  in  Ram allah  on  Saturday  âĢ ľ it  is  a  painful  necessity âĢ Ŀ  to  exh ume  the  body  of  Ara fat ,"
islam,1137,"This  distinction ,  however ,  had  no  basis  in  reality . 
 
 In  an  interview  given  in  April  of  2014 ,  FSA  commander  Jamal  Ma ar ouf  admitted  that  his  fighters  regularly  conduct  joint  operations  with  Al - Nusra .  Al - Nusra  is  the  official  Al - Q a âĢ Ļ ida  branch  in  Syria .  This  statement  is  further  validated"
islam,1137," agents .  In  April  2005  Ze ira  filed  a  libel  suit  against  Zam ir . Ret ired  Judge  Theodore  Or r  was  appointed  arbit rator ,  and  he  decided  to  accept  Zam ir âĢ Ļ s  version .  In  his  decision ,  the  name  âĢ ľ Ash raf  Mar wan âĢ Ŀ  appeared  more  than  once .  It  was  no  longer  just  an"
islam,1137,""". 
 
 Your  travel  questions  answered 
 
 Brit ons  speak  of  Sh arm  el - She ikh  ' t ension ' 
 
 Could  IS  have  bombed  Flight  9 268 ? 
 
 How  has  airport  security  changed ? 
 
 There  will  be  additional  security  measures  for  passengers ,  put  in  place  by  British  security  officials  who  have  assessed  the"
islam,1137," in  his  50 s  and  who  had  driven  for  Big  Blue  Taxi  for  six  years ,  has  since  disappeared .  âĢ ľ I  have  helped  him  out  so  many  times  and  this  is  how  he  rep ays  me , âĢ Ŀ  Sh ams ub ah rin  said . 
 
 He  had  lodged  a  police  report  and  will  be  taking  the  taxi  company"
islam,1137," please  you .  Those  invite  [ you ]  to  the  Fire ,  but  Allah  invites  to  Paradise  and  to  forgiveness ,  by  His  permission .  And  He  makes  clear  His  verses  to  the  people  that  perhaps  they  may  remember . 
 
 Sur ah  an - N isa  4 : 92  = 
 
 And  never  is  it  for  a  believer  to  kill"
islam,1137,"Am  I  an  Israeli  or  an  Egyptian ? âĢ Ļ  He  came  to  the  conclusion  that  he  was  Egyptian  and  he  misled  us .  That âĢ Ļ s  the  story  of  Ash raf  Mar wan . âĢ Ļ âĢ Ŀ On  June  26 ,  2007 ,  the  day  before  his  death ,  Mar wan  left  B reg man  three  messages  on  his  answering"
islam,1137,"Am  I  an  Israeli  or  an  Egyptian ? âĢ Ļ  He  came  to  the  conclusion  that  he  was  Egyptian  and  he  misled  us .  That âĢ Ļ s  the  story  of  Ash raf  Mar wan . âĢ Ļ âĢ Ŀ On  June  26 ,  2007 ,  the  day  before  his  death ,  Mar wan  left  B reg man  three  messages  on  his  answering"
islam,1137," B CR  external  vice  president  Naw eed  Tah mas . 
 
 âĢ ľ We  were  appalled  and  disappointed  by  the  decision  not  to  charge  ( G arc ia  Zar ate )  with  murder  or ,  at  the  very  least ,  manslaughter , âĢ Ŀ  Tah mas  said .  âĢ ľ We  don âĢ Ļ t  want  her  name  or  memory  to  be"
islam,1137," I  looked  in  the  direction  of  his  face  and  ears . At  Tel  Aviv âĢ Ļ s  Be it  Sok ol ow ,  nine  minutes  on  the  dot  into  a  casual  conversation ,  I  said ,  âĢ ĺ Ash raf  Mar wan  is  the  spy . âĢ Ļ  I  got  my  proof . âĢ Ŀ In  the  book  he  did  not  explicitly  write"
islam,1137," in  the  occupied  West  Bank . 
 
 Online  Editors We  gave  the  coming  Broadway  âĢ ľ all  way  walk âĢ Ŀ  the  headline  but  one  of  the  safety  improvements  coming  to  the  busy  area  around  Capitol  Hill  Station  will  be  part  of  a  simple  but  hopefully  effective  change  to  pedestrian  crossing  signals  across  Seattle : 
 
 At  intersections  where  the  city"
islam,1137," of  al - Az har ,  the  1 , 000 - year - old  institution  that  is  the  top  seat  of  Sunni  Islam . 
 
 They  agreed  to  sign  up  to  a  charter  condemning  violence  and  committed  to  dialogue  as  a  way  to  end  the  crisis . 
 
 It  prompted  the  Nobel  Peace  Prize  winner ,  Mohammed  El Bar ade i"
islam,1137," Sh arm  el - She ikh  airport  for  their  flights  home 
 
 Image  copyright  W ael  Hussein / BBC  Image  caption  Que ues  started  building  up  in  the  terminal  as  more  passengers  arrived 
 
 Trans port  Secretary  Patrick  McL ough lin  told  the  BBC  UK  security  officials  were  at  the  airport  monitoring  the  baggage  screening  process . 
 
 He  said"
islam,1137,"."" 
 
 He  was  out .  He  was  OK .  He  was  on  his  way  home . Sal im  Abu  al - Q i âĢ Ļ an âĢ Ļ s  family  live  in  Israel âĢ Ļ s  Ne ge v  desert  in  the  âĢ ľ un recogn ized âĢ Ŀ  Bed ou in  village  of  U mm  al - H ier an"
islam,1137,"morning  local  time  for  some  of  the  estimated  19 , 000  British  nationals  on  holiday  in  Sh arm  el - She ikh . 
 
 But  Easy jet  says  its  flights  to  L uton  and  Gat wick  due  to  depart  at  11 : 00  GMT  have  been  delayed  "" due  to  congestion  within  the  terminal  building  in  addition  to  additional  security  procedures  in"
islam,1137,"Ļ ll  turn  a  blind  eye ,  as  long  as  the  police  don âĢ Ļ t  get  involved ,  but  at  my  Sh abb at  table  I  want  Sh abb at  to  be  Sh abb at . âĢ Ŀ 
 
 Another  man  entered  and  said  with  a  pleasant  voice  and  smiling  face ,  âĢ ľ Sh abb at  Shal om ! âĢ"
islam,1137," Jordanian - controlled  âĢ ľ West  Bank âĢ Ŀ  of  the  Jordan . 
 
 This  went  on  until  1967 ,  when  Israel  conquered  the  âĢ ľ West  Bank , âĢ Ŀ  too ,  and  all  of  Palestine  fell  under  its  rule .  However ,  since ,  apart  from  eastern  Jerusalem ,  it  did  not  annex  the  West  Bank ,  the  word  âĢ"
islam,1137," Al - Nusra  merged  with  ISIS  at  the  border  between  Iraq  and  Syria . 
 
 So  to  review ,  the  FSA  is  working  with  Al - Nusra ,  Al - Nusra  is  working  with  ISIS ,  and  the  U . S .  has  been  sending  money  and  weapons  to  the  FSA  even  though  they âĢ Ļ ve  known  since  2012  that  most"
islam,1137,",  held  by  al - Nusra  Front  and  its  allies  since  March  last  year . 
 
 Al - Nusra  Front  is  not  party  to  a  Russian -  and  US - bro kered  ceasefire  that  went  into  force  on  February  27  between  government  forces  and  moderate  rebels . 
 
 People  and  Power  -  Syria :  Under  Russia 's  Fist 
 
 Russian"
islam,1137," not  let  you  down  in  bringing  back  a  classic  flash player  game  with  a  new  and  wonderful  twist , On  October  26 ,  US - backed  Syrian  Democratic  Forces  ( S DF )  continued  their  successful  operation  on  the  eastern  bank  of  the  Euph rates  and  entered  the  oil  fields  of  al - Tan ak  and  Gal ban ,  according  to  pro -"
islam,1137,Aren âĢ Ļ t  you  embarrassed  that  you âĢ Ļ re  in  Ha ifa  and  haven âĢ Ļ t  come  to  visit  me ?! âĢ Ŀ  I  explained  that  I  had  arrived  in  town  right  at  the  onset  of  Sh abb at .  âĢ ľ Where  did  you  spend  the  night ? âĢ Ŀ  I  told  him  on  the  floor  of  a  certain
islam,1137," world  in  medieval  and  early  modern  times .  When ,  in  1917 ,  the  British  government  issued  the  B alf our  Declaration ,  it  proclaimed ,  âĢ ľ His  Majesty âĢ Ļ s  government  view  with  favor  the  establishment  in  Palestine  of  a  national  home  for  the  Jewish  people . âĢ Ŀ  Jews ,  unless  they  were  anti - Z ion ist ,"
islam,1137," manifests  itself  in  a  contemporary  worldview  but  mainly  in  concern  over  the  shape  of  our  future .  Should  we ,  too ,  sit  home  and  cry  over  our  fate ? âĢ Ŀ 
 
 M ans our  added  that  he  has  seen  and  heard  the  inc itement  against  N asser ,  not  just  from  older  people  but  also  from  young  Arab - Israel"
islam,1137," your  inbox  and  get  our  Daily  Dispatch  and  Editor 's  Picks . 
 
 President  Bashar  al - Assad âĢ Ļ s  government  said  it  would  study  the  ceasefire  plan ,  which  Mr  de  Mist ura  described  as  a  potential  building  block  for  a  wider  solution .  âĢ ľ Of  course  they  won âĢ Ļ t  say  no , âĢ Ŀ  says  Em"
islam,1137," it  really  is :  a  psychological  defense  against  feeling  powerless ,  Rosenthal  concludes . 
 
 In  Lebanon ,  press  institutions  are  structured  around  a  fundamental  sch ism .  On  the  one  hand ,  there  is  media  that  act  as  a  profit  making  enterprise ,  grav itating  towards  neutrality  rather  that  object ivity  in  order  to  safeguard  access  to  the  powerful ,  and"
islam,1137," declared  states  of  emergency  regarding  the  opioid  addiction  crisis ;  in  Alaska ,  Gov .  Bill  Walker  has  issued  a  disaster  declaration . I âĢ Ļ m  posting  it  here  because  I âĢ Ļ ve  mentioned  it  on  Google +  for  the  third  time ,  today .  It  all  started  with  Zak  posting  about  Evolution .  He  lists  some  well  known  role -"
islam,1137,"r ifying  them  both .  The  Storm  King 's  body  falls  and  sh atters ,  while  the  group  use  the  staff 's  magic  to  revive  Tempest ,  who  returns  the  stolen  magic  to  restore  the  princess es  and  the  damaged  city . 
 
 The  Friendship  Festival  resumes ,  and  the  ponies  celebrate  with  all  of  the  allies  Twilight 's  group  have  made"
islam,1137," completely  un connected  money  laundering  charges ,  and  two  ( George  Pap ad opoulos  and  Michael  Flynn )  for  lying  to  investigators  about  things  which  were  not  themselves  criminal ,  and  which  are  therefore  crimes  which  would  never  have  happened  had  there  never  been  an  investigation .  To  date ,  the  evidence  of  direct  collusion  between  Trump  and  the  Russians  is  looking  a"
islam,1137," –  an  extraordinary  look  at  a  nun  who  has  visions  and  writes  poetry ,  but  fears  both  may  disappear  if  she  has  treatment  for  epilepsy . 
 
 These  have  all  been  books  with  the  nuns  as  the  direct  focus ,  but  there  is  also  a  sub genre  looking  at  them  through  the  eyes  of  girls  attending  convent  schools .  In  Ed na"
islam,1137,"- 1 ) 
 
 No .  3  TCU  ( 11 - 1 ) 
 
 No .  4  ??? 
 
 That  No .  4  spot  could  go  to  a  12 - 1  Florida  State  ( depending  on  how  far  the  ' N oles  would  fall  with  a  loss  at  Louisville  or  Miami ),  a  12 - 1  Big  Ten  champion  ("
islam,1137,"see  Tet lock  et  al .,  =  . 14 ;  Conway  et  al .,  19  It  is  also  important  to  note  that  we  are  not  arguing  that  J ost  et  al .' s  (  2003 
 
 Support ing  Information  Additional  supporting  information  may  be  found  in  the  online  version  of  this  article  at  the  publisher 's  website :  Fil ename  Description  pops"
islam,12249,",  Massachusetts ,  got  to  number  one  for  its  clear  look  at  how  the  idea  of  complete  streets  would  work  for  them ,  how  it  would  be  implemented ,  and  how  it  could  work  with  other  jurisdictions  to  make  sure  streets  were  safe  beyond  the  9 , 000 - person  town âĢ Ļ s  small  borders .  Last  year âĢ Ļ s  list"
islam,12249," on  the  map ,  dies  at  72 ""  was  originally  published  at  Autom otive  News  on  2 / 17 / 17 . Yellow stone  has  the  world 's  largest  collection  of  ge ys ers ,  and  it  has  the  underground  plumbing  to  prove  it .  Scientists  have  announced  that  the  volcanic  activity  beneath  the  National  Park 's  surface  may  be  far  bigger  and"
islam,12249," on  the  map ,  dies  at  72 ""  was  originally  published  at  Autom otive  News  on  2 / 17 / 17 . Yellow stone  has  the  world 's  largest  collection  of  ge ys ers ,  and  it  has  the  underground  plumbing  to  prove  it .  Scientists  have  announced  that  the  volcanic  activity  beneath  the  National  Park 's  surface  may  be  far  bigger  and"
islam,12249," in  Beijing ,  China ,  where  he  served  as  the  KGB  re z ident ,  effectively  the  agency âĢ Ļ s  chief  of  station .  He  returned  to  Moscow  and  in  1975  was  posted  under  diplomatic  cover  in  the  United  States ,  where  he  commanded  the  KGB âĢ Ļ s  station  in  New  York  until  1979 . 
 
 Upon  his  return  to"
islam,12249,",  noted  to  CBC  News  that  the  thrust  revers er  required  on  landing  may  be  louder  than  Del uce 's  promise  of  an  engine  that  is  "" wh is per ""  quiet . 
 
 "" The  runway 's  not  long  enough  and  to  get  an  agreement  to  leng then  the  runway ,  they âĢ Ļ re  going  to  have  to  go  before"
islam,12249,",  and  the  Japanese  Meteor ological  Agency .  Caption  by  Patrick  Lynch  and  Mike  Carl owicz . The  symbol  for  pawn bro king  is  three  gold  spheres  suspended  from  a  bar .  The  pawn bro ker  symbol  has  been  in  use  at  least  since  the  medieval  period  in  Europe .  It  is  still  used  by  pawn bro kers  all  around  the  world  today"
islam,12249,",  Tennessee ,  and  was  attended  by  family  and  friends  with  the  Papa  John 's  CEO  making  an  unexpected  appearance ."" We  never  once  imagined  that  this  would  touch  anyone  high  up  in  the  Papa  John 's  corporate  office ,  let  alone ,  John  Schn atter .  He  was  visibly  distraught  when  speaking  to  my  family  about  the  tragic  loss  of  my  brother"
islam,12249," for  over bearing ,  that  describes  him ,  too .  I  mean ,  for  Heaven âĢ Ļ s  sake ,  the  man  used  to  sit  and  logically  discuss  with  me  the  reasons  I  should  pick  up  my  toys  when  I  was  3  years  old .  If  there âĢ Ļ s  anything  my  dad  is  not ,  it âĢ Ļ s  over bearing  and"
islam,12249," urged  the  young  man  to  talk  more  and  he  actually  did ...  Then  he  was  encouraged  to  talk  less ! 
 
 J OSH  D UG AN 
 
 Son  of  Que an be yan  g rog  monster ,  ` Dave  Dug an âĢ Ļ .  Dave  recently  went  to  give  blood  and  when  they  drew  it  out ,  it  formed  a  head"
islam,12249," for  the  boxes  of  new  books  that  had  just  been  delivered .  How  he  pulled  it  off  so  quickly ,  I  will  never  know ,  but  I  marvel ed  as  I  saw  the  covers  of  The  Hobbit ,  D âĢ Ļ A ula ire âĢ Ļ s  Greek  My ths ,  Twenty  Thousand  Le agues  Under  the  Sea ,  Oliver  Twist ,  and"
islam,12249,",  Oxford shire ,  on  July  18 ,  2003 
 
 âĢ ĺ This  is  particularly  relevant  as  it  was  noted  no  gloves  were  found  on  the  body  or  in  its  vicinity . âĢ Ļ 
 
 The  doctors  have  also  alleged  that  Dr  Kelly âĢ Ļ s  GP ,  Dr  Malcolm  Warner ,  may  have  concealed  crucial  evidence  about  seeing  the  weapon"
islam,12249,",  trim  the  number  of  fighter  aircraft  and  ships ,  and  seek  congressional  approval  for  another  round  of  military  base  closures . 
 
 The  administration  will  instead  spend  more  on  unmanned  vehicles  and  Special  Operations  forces  that  can  be  deployed  quickly  and  will  not  require  large ,  expensive  bases .  The  military  will  also  largely  preserve  its  manpower  and  weapons  systems  geared"
islam,12249," through  the  head . 
 
 Sunday ,  May  21 
 
 After  sent ry  duty ,  we  passed  Major  Jones ,  second - in - command  of  the  battalion ,  as  we  crept  back  to  the  dug out .  Ten  minutes  later ,  he  was  being  dug  out  of  about  3 ft  of  earth . 
 
 He âĢ Ļ d  gone"
islam,12249," up  close  to  large  trees ,  st umps  or  lay  downs  and  allow  it  fall  slowly  beside  the  cover .  Watch  your  line  closely .  Often  this  time  of  the  year ,  the  big  fish  are  suspended  off  of  the  bottom .  They  can  pick  up  your  bait  and  be  swimming  off  with  it ,  and  you 'll  never  know  it  if  you"
islam,12249," in  2006 ,  Richard  Lynn  and  Tat u  Van han en  created  estimates  of  average  IQ s  for  113  nations .  They  estimated  IQ s  of  79  other  nations  based  on  neighboring  nations  or  via  other  means .  They  saw  a  consistent  correlation  between  national  development  and  national  IQ  averages .  They  found  the  highest  national  IQ s  among  Western  and  East  Asian"
islam,12249," by  religious  proponents ,  followed  by  an  imp assion ed  but  thoughtful  argument  for  the  dominance  of  secular ism ,  plural ism ,  and  skepticism .  Chapter  seventeen  counters  what  Hit chens  calls  âĢ ľ the  last - d itch  âĢ ľ case âĢ Ŀ  against  secular ism âĢ Ŀ ,  which  states :  as  bad  as  religiously  oriented  societies  have  been ,"
islam,12249,"ley  played  the  past  two  seasons  at  UCLA  with  the  injured  shoulder . 
 
 âĢ ľ So ,  now  that  it âĢ Ļ  fit  I  feel  like  I  can  just  throw  it  all  over  the  place , âĢ Ŀ  McKin ley  said .  âĢ ľ Before  it  wasn âĢ Ļ t  fit ,  I  was  being  real  careful  and  real  hesitate ."
islam,12249," and  Frank ,  and  their  strange  relationship  with  each  other ,  in  a  different  light . 
 
 Advertisement 
 
 D aredevil  vs .  Pun isher :  Means  &  Ends 
 
 Iss ues :  Daredevil  vs .  Pun isher  # 1 - 6 ,  2005 / 2006 
 
 By :  David  Lap ham ,  Studio  F ,  Chris  El iop"
islam,12249,"na  Williams . 
 
 AG :  Did  you  ever  have  body  image  issues ? 
 
 RR :  Huge  body  image  issues  growing  up .  Big  time !  I  absolutely  lo athed  how  I  looked  until  I  was  around  22  years  old . 
 
 AG :  What  happened  at  22  that  changed  that  trajectory ? 
 
 RR :  I  stopped"
islam,12249," in  New  York ,  Connecticut  and  New  Jersey . 
 
 Count ies  that  surround  New  York  City  in  those  three  states  account  for  18  of  the  20  highest - tax ed  counties  in  the  nation ,  according  to  a  State line  analysis  of  the  U . S .  Census âĢ Ļ  2013  American  Community  Survey  data ,  which  is  the  latest  available"
islam,12249," issues  since  the  protest ,  dec ried  the  cost  of  the  added  security  to  taxpayers . 
 
 âĢ ľ The  costs  of  these  excessive  security  measures  are  still  being  incurred  and  remain  in  clear  violation  of  a  court  order , âĢ Ŀ  R iss er  said .  âĢ ľ The  protests  that  occurred  this  spring  were  peaceful .  It  is  unnecessary  to"
islam,12249," after  a  few  days .  This  demonstration  extended  Louis  Paste ur 's  earlier  demonstrations  that  the  presence  of  micro - organisms  is  a  prec ond ition  for  biomass  decom position .  However ,  the  next  year  ( 18 76 )  Ty nd all  failed  to  consistently  reproduce  the  result .  Some  of  his  supposedly  heat - ster il ized  bro ths  ro tted"
islam,12249," and  hurting  his  head .  He  lay  there  for  a  moment ,  rubbing  his  scalp ,  which  was  bleeding  prof use ly  in  the  way  that  minor  head  wounds  sometimes  did .  Thomas  let  out  a  gro an  and  moved  slowly .  When  he  looked  up ,  he  saw  his  cat ,  Bart le by ,  staring  at  him .  From  the  floor"
islam,12249," the  FBI ,  the  DOJ ,  the  Congress ,  on  and  on  and  on ,""  said  Clarke ,  adding  that  the  only  way  it  will  change  is  through  the  ballot  box . 
 
 "" I  believe  that  the  American  people  are  finally  going  to  have  to  rise  up .  It  is  ' p itch fork  and  torches '  time ,  to  use"
islam,12249," to  marvel  at  the  way  Ambrose ,  the  bishop  of  Milan ,  read  his  manuscripts :  "" His  eyes  traveled  across  the  pages  and  his  heart  searched  out  the  meaning ,  but  his  voice  and  tongue  stayed  still .""  Scholars  have  spar red  for  decades  over  whether  Augustine 's  off hand  observation  reveals  something  moment ous :  namely ,  that  silent  reading --"
islam,12249," is  the  45 th  mass  shooting  this  year ,  if  defined  as  an  event  at  which  four  or  more  people  were  killed .  If  defined  as  an  event  at  which  four  or  more  people  were  shot ,  it 's  the  294 th . NES  has  signed  a  new  contract  with  Rem ont owa  Ship building ,  G d ansk  for  the  delivery  of"
islam,12249," a  highly  ambitious  deal , âĢ Ŀ  EU  Trade  Commissioner  Cec ilia  Mal m strom  told  a  forum  in  Brussels  alongside  Mexican  Economy  Minister  I ld ef onso  Gu aj ardo .  âĢ ľ I  will  ask  for  a  mandate  to  launch  negotiations  this  fall , âĢ Ŀ  she  said . 
 
 EU  officials  are  expected  to  discuss  the  timing  of  talks"
islam,12249," basketball  clothes .  Nothing  even  in  our  pockets ,""  he  said . 
 
 "" My  dad  was  angry  about  the  situation  –  to  be  dis respected  in  front  of  his  children ,""  Aman  said . 
 
 In  the  heated  exchange  that  followed ,  the  officer  drew  his  gun  and  threatened  his  dad ,  Aman  said . 
 
 Now ,  Aman"
islam,12249,"]  It  was  stated  through  the  Pony Radio Con  panel  that  the  film  would  have  a  total  of  eight  original  songs .[ 30 ]  At  Has bro 's  Toy  Fair  investor  presentation  on  February  17 ,  2017 ,  it  was  announced  that  there  would  be  seven  songs .[ 48 ]  Around  5 , 800  pages  of  sheet  music  were  created  for  all  orche"
islam,12249," Through  a  number  of  lineup  changes ,  the  Red  Hot  Chili  Pe ppers  had  released  multiple  compilation  or  greatest  hits  albums  prior  to  Fr us ci ante 's  return ;  Fr us ci ante  pushed  for  the  group  to  change  their  "" f unk - punk ""  sound  and  become  more  of  a  "" m ellow - pro gressive  rock  act ""  for"
islam,12249," what  Bernie  Sanders  talked  about . âĢ Ŀ 
 
 Jo ining  Stein  at  the  rally  was  rapper  Kor  Element ,  who  said  he  started  supporting  her  after  Sanders  lost  the  Democratic  Party  nomination  to  Clinton . 
 
 He âĢ Ļ s  been  campaigning  with  Stein  across  Southern  California  and  said  he  supports  her  progressive  ideas . 
 
 —  No oz"
islam,12249," attracting  pilgrims  from  India ,  and  the  world . 
 
 H ind us  who  visit  Var anas i  have  strong  beliefs ,  so  do  Buddh ists  who  visit  S arn ath  on  the  outskirts  of  the  city .  Hindu  devote es  believe  that  anyone  who  dies  within  the  city  limits  att ains  instant  m ok sha ,  or  redemption ,  freeing  the"
islam,12249," flows  into  the  K ask aw ul sh  River  instead . 
 
 This  phenomenon ,  known  as  "" river  piracy "",  typically  takes  centuries  but  the  study  documented  it  over  the  course  of  one  spring . 
 
 "" Nobody 's  ever  seen  a  river  piracy  occur  in  modern  times ,  at  least  to  my  knowledge ,""  lead  author  Dan  Sh ugar"
islam,12249," country  and  over  the  course  of  16  years ,  this  research  estimates  minimum - wage  effects  from  a  larger  sample  than  earlier  matching  studies ,  and  produces  estimates  that  are  more  representative  of  the  typical  response  to  a  minimum - wage  increase  and  not  the  special  circumstances  of  a  particular  local  labor  market . 
 
 D ube  and  his  colleagues  consistently  find"
islam,12249," don âĢ Ļ t  need  you  to  speak  for  them . 
 
 In  an  essay  about  the  rise  of  the  âĢ ľ Not  All  Men âĢ Ŀ  meme ,  Time âĢ ĺ s  Jess  Zimmerman  wrote  of  the  stages  men  must  go  through  to  overcome  sexism .  Her  insights  can  be  applied  to  other  forms  of  discrimination  by  those  in  privileged  positions"
islam,12249," growing . 
 
 The  World  Bank  warned  in  2016  that  "" arre ars  in  payments  to  oil  companies  and  contractors  create  an  uncertain  business  environment "". 
 
 H us ari  said  the  crisis  is  much  more  severe  than  the  Kurdistan  government  admits . 
 
 "" The  obvious  ' yes '  result  of  the  referendum  will  not  lead  automatically  to  a"
islam,12249,"âĢİ âĢ Ŀ .  These  social  media  include  Facebook ,  YouTube ,  Twitter ,  and  Instagram .  After  the  exact  location  of  the  incident  was  found ,  the  coordinates  have  been  used  to  conduct  location - based  searches  in  a  2 - km  radius  on  those  same  social  networks .  Reference  photos  have  been  found  via  ge ot agged  pictures  on  Pan or"
islam,12249," O ' G ara  offered  a  strong  defence  of  his  Racing  players ,  saying  that  it  was  a  "" s ad  state  of  affairs ""  that  his  players  were  attacked  based  on  such  little  information : 
 
 I 've  been  in  the  meetings  and  I 'm  fully  aware  of  exactly  what 's  gone  on .  There 's  60 - 80  of  these"
islam,12249," compile  a  list  of  managers  who  could  be  "" in  trouble ,""  it  wouldn 't  be  confined  to  the  10  men  in  this  group .  The  odd sm akers  at  B ov ada  LV  just  published  their  "" First  Manager  to  Get  Fired ""  odds .  And  while  Manuel  topped  the  charts  at  4 - 1 ,  five  of  the  other  10  names"
islam,12249," 4  in  the  journal  Opt ica .  Lead  author  of  the  paper  is  J ih wan  Kim ,  a  research  assistant  professor  of  electrical  and  computer  engineering  at  NC  State .  Co - authors  include  Michael  K uden ov  of  NC  State ;  Yan ming  Li ,  a  former  Ph . D .  student  at  NC  State  who  is  now  at  Apple  Inc"
islam,12249," Pegasus ,  a  symbol  of  wisdom  and  knowledge  in  Greek  mythology .  In  addition  to  these  two  tenets ,  the  company  mirrors  the  wing ed  horse  in  another  significant  respect :  both  entities  have  taken  part  in  a  series  of  epic  journeys . 
 
 AS US  notebooks  have  lived  on  the  M IR  Space  Station .  They  were  the  first  to  work"
islam,12249," murders  of  a  former  Punjab  CM  and  Raj iv  Gandhi ,  were  put  off  based  on  political  pressures  from  the  states  concerned .  This  shows  that  the  purpose  of  the  hang ings  of  Kas ab  and  Guru  was  to  show  up  Modi ,  and  not  justice .  However ,  most  leaders  of  the  Congress  claimed  they  were  against  capital  punishment  once  these  two"
islam,12249," for  determining  what  would  have  happened  in  New  Jersey  if  the  minimum  wage  had  remained  constant .  Dev iation  from  that  baseline  in  the  New  Jersey  restaurants  could  thus  be  safely  attributed  to  the  minimum  wage .  A  true  experimental  design  would  have  randomly  assigned  increases  in  the  minimum  wage  in  order  to  control  for  alternative  influences ,  but  in  the  absence  of"
islam,12249,"s  just  things  like  that  that  let  me  know  ( he âĢ Ļ s  there )."" 
 
 Sunday  marked  the  one - year  since  20 - year - old  Austin  Bryant  was  shot  and  killed  by  the  intersection  of  Military  Trail  and  P urdy  Lane  near  Flash d ance ,  according  to  the  Palm  Beach  County  Sheriff âĢ Ļ s  Office ."
islam,12249," They  were  promised  land  and  told  to  help  themselves  to  farm  plots  close  to  Har are ,  according  to  McK innon . 
 
 He  was  violently  attacked  for  hours ,  says  McK innon . 
 
 "" They  wouldn 't  let  me  go âĢ¦  they  wanted  me  to  sign  over  a  piece  of  paper  saying  that  I  allowed  them  to  have  a"
islam,12422," the  state . Watch :  President  Trump  sings  along  to  âĢ ľ Star - Sp angled  Banner âĢ Ŀ  at  Memorial  Day  ceremony  at  Arlington  Nat âĢ Ļ l  Cemetery  https :// t . co / b U o H s X 8 H J f  —  NBC  News  (@ NBC News )  May  29 ,  2017 
 
 In  the  next  edition"
islam,12422," 2006 ,  months  before  the  surge  was  even  announced .  Indeed ,  as  blogger  Jed  Lew ison  noted ,  in  the  March - April  2008  issue  of  Military  Review ,  Col .  Sean  B .  Mac Far land  --  who  McCain  said  "" was  contacted  by  one  of  the  major  Sunni  she i ks ""  --  and  Maj .  N iel  Smith  wrote"
islam,12422,",  and  sect  persisted ,  especially  against  the  Shia  population ""  which  makes  up  a  majority  in  Bahrain ,  ruled  by  the  Sunni  Al - K hal ifa  dynasty . 
 
 R aj ab  "" de pl ored  the  report  for  lacking  object ivity ,  totally  s iding  with  the  terrorists  who  seek  to  sow  chaos  in  the  whole  region ."" 
"
islam,12422,",  and  sect  persisted ,  especially  against  the  Shia  population ""  which  makes  up  a  majority  in  Bahrain ,  ruled  by  the  Sunni  Al - K hal ifa  dynasty . 
 
 R aj ab  "" de pl ored  the  report  for  lacking  object ivity ,  totally  s iding  with  the  terrorists  who  seek  to  sow  chaos  in  the  whole  region ."" 
"
islam,12422," decade ,  certainly ."" When  the  Iraqi  military  claimed  it  would  swiftly  force  the  Islamic  State  group  to  give  up  control  of  the  Sunni  city  of  Tik rit ,  they  probably  didn 't  expect  the  battle  to  last  quite  so  long  before  finally  claiming  victory . 
 
 But  the  Iraqi  government  announced  Wednesday  it  had  pushed  insurgents  out  of  the  city ,"
islam,12422," decade ,  certainly ."" When  the  Iraqi  military  claimed  it  would  swiftly  force  the  Islamic  State  group  to  give  up  control  of  the  Sunni  city  of  Tik rit ,  they  probably  didn 't  expect  the  battle  to  last  quite  so  long  before  finally  claiming  victory . 
 
 But  the  Iraqi  government  announced  Wednesday  it  had  pushed  insurgents  out  of  the  city ,"
islam,12422," regime  in  a  secret  letter  to  Ay at ollah  Ali  Kham enei ,  Iran âĢ Ļ s  supreme  leader  and  Mr  Assad âĢ Ļ s  st aun chest  ally ,  have  deep ened  such  Sunni  fears . 
 
 Yet ,  even  though  they  are  hopeless ly  squeezed  between  the  regime  and  hostile  IS  forces ,  which  control  territory  to  the  east  of"
islam,12422," of  al - Az har ,  the  1 , 000 - year - old  institution  that  is  the  top  seat  of  Sunni  Islam . 
 
 They  agreed  to  sign  up  to  a  charter  condemning  violence  and  committed  to  dialogue  as  a  way  to  end  the  crisis . 
 
 It  prompted  the  Nobel  Peace  Prize  winner ,  Mohammed  El Bar ade i"
islam,12422," "" F lam ing  Skull ""  from  the  original  MK .[ 100 ][ 101 ][ 102 ]  We  Got  This  C overed  ranked  the  "" N ether  Gate ""  among  the  reboot 's  top  fin ishers :  "" Sub - Zero  does  another  spine  rip  in  this  game ,  but  it âĢ Ļ s  not  as  rep ulsive  as  it  was  a  decade"
islam,12422,".  Scorpion ,  however ,  has  found  a  new  way  to  use  his  favorite  weapon  for  maximum  damage .""[ 103 ]  Paste  rated  it  the  fourth  best  Fat ality  from  MK 2011 ,  in  addition  to  rating  the  "" F lam ing  Skull ""  as  the  third  best  fin isher  from  the  first  game .[ 104 ]  Complex  ranked  the  "" F lam"
islam,12422,".  Scorpion ,  however ,  has  found  a  new  way  to  use  his  favorite  weapon  for  maximum  damage .""[ 103 ]  Paste  rated  it  the  fourth  best  Fat ality  from  MK 2011 ,  in  addition  to  rating  the  "" F lam ing  Skull ""  as  the  third  best  fin isher  from  the  first  game .[ 104 ]  Complex  ranked  the  "" F lam"
islam,12422,".  Scorpion ,  however ,  has  found  a  new  way  to  use  his  favorite  weapon  for  maximum  damage .""[ 103 ]  Paste  rated  it  the  fourth  best  Fat ality  from  MK 2011 ,  in  addition  to  rating  the  "" F lam ing  Skull ""  as  the  third  best  fin isher  from  the  first  game .[ 104 ]  Complex  ranked  the  "" F lam"
islam,12422," game .""[ 94 ] 
 
 Special  moves  and  Fatal ities  have  been  mostly  very  well  received ,  too .  In  2010 ,  IGN  listed  Scorpion 's  "" F lam ing  Skull ""  as  the  second  best  MK  Fat ality  without  specifying  any  particular  title  in  the  series ,  due  to  how  the  player 's  perception  of  the  character  changes  when  he  removes"
islam,12422," people  were  given  v ada - p av  and  packaged  water  since  they  had  been  waiting  for  hours .  The  crowds  largely  consisted  of  people  from  the  Mal ad ,  Kand iv li ,  Ch ark op  areas ,  including  Mal w ani ,  Congress  MLA  As lam  Sha ikh âĢ Ļ s  stronghold .  San jay  Nir up am ,  K rip"
islam,12422," many  likes  their  new  Facebook  profile  picture  gets . 
 
 If  Generation  X  dreaded  the  awkward  year book  shot  and  the  mort ifying  middle  school  âĢ ľ g lam our  shot , âĢ Ŀ  today âĢ Ļ s  generation  has  a  dozen  more  platforms  to  hate  themselves  on . 
 
 They âĢ Ļ re  celebrities  in  their  own  mini - world"
islam,12422," and  won  the  series  and  advance  to  the  final  of  the  $ 250 , 000  event ,  with  players  E gor  "" f lam ie ""  Vas ily ev  and  Ale ks andr  "" s 1 m ple ""  K ost yl iev  having  strong  performances . 
 
 After wards ,  we  caught  up  with  Lad isl av  "" Guard ia N"
islam,12422," adding  a  half - meter  of  water .  The  water  evapor ates  by  summer ,  leaving  behind  a  three - inch  layer  of  salt  gran ules  ready  for  harvest .  The  salt  forms  because  the  lake  is  end or he ic ,  meaning  it  has  no  out flow . 
 
 F lam ing os  are  seen  at  T uz  Lake  on  July"
islam,12422," place  for  some  time . 
 
 Mr  E lam ,  thank  you  once  again  for  taking  the  time  to  write  in  to  us .  I  trust  that  I  have  been  able  to  address  some  of  your  concerns ,  and  that  we  may  have  the  opportunity  of  welcoming  you  and  your  wife  onboard  our  flights  again  in  the  future . 
 
 Kind"
islam,12422,"asty !"",  which  was  voiced  by  series  sound  designer  Dan  Ford en  during  a  variation  of  Scorpion 's  "" F lam ing  Skull ""  Fat ality  or  at  random  when  any  of  the  game 's  characters  landed  an  u pperc ut .  According  to  Tobias ,  it  first  originated  as  "" You 're  Toast !"",  which  was  a  taunt  band ied  among  the"
islam,12422," Sne aky Sty L  He iro phant  prin ny bat  Bam fx o  Mit ko  A se ity 
 
 Hon orable  Ment ions : 
 
 K ol ab  F uzz y L lam as  IR am esses l  Ded Red 7  IM B 0 re D 
 
 Random ly - selected  Winners : 
 
 Angel ic Dragon  But ters"
islam,12422,". 4  time _ dist  =  think bay es . Make Exp onential P m f ( lam ,  high = 2 ,  n = 101 )  high  is  the  upper  bound  of  the  distribution .  In  this  case  I  chose  2 ,  because  the  probability  of  going  more  than  two  games  without  scoring  is  small .  n  is  the  number  of  values"
islam,12422,". 4  time _ dist  =  think bay es . Make Exp onential P m f ( lam ,  high = 2 ,  n = 101 )  high  is  the  upper  bound  of  the  distribution .  In  this  case  I  chose  2 ,  because  the  probability  of  going  more  than  two  games  without  scoring  is  small .  n  is  the  number  of  values"
islam,12422," us  ( p interest . com / is lam wich ).  Follow  us  on  twitter  (@ is lam wich ). 
 
 Like  the  post ,  share  it ,  pin  it ,  comment  on  it ,  and / or  do  whatever  social  media  magic  it  is  that  you  prefer .  Find  out  more  about  us  in  the  understandably  named  âĢ ľ About âĢ"
islam,12422,"ressed  in  a  bur k ha ,  she  said ,  âĢ ľ As lam âĢ Ļ s  ( Sh a ikh )  men  have  been  coming  to  our  area  for  3 - 4  days  and  registering  us  for  the  event .  They  gave  us  passes  and  even  arranged  a  bus  for  us .  Today  morning ,  we  were  given  b iry ani ,"
islam,12422,",  as  is  the  overall  intrusion  into  then  privacy  of  the  citizen ry ."" 
 
 This  represents  the  unanimous  view  of  the  firms  that  are  to  replace  the  Â£ 12 bn  data  sil o  planned  before  the  crisis  in  public  finances .  The  new  policy  announced  in  April  by  the  un lam ented  former  home  secretary ,  Jacqu i  Smith ,  was"
islam,12422," regarding  my  inquiry ,  or  the  courtesy  of  forwarding  these  questions  to  someone  who  will  provide  as  much . 
 
 Kind  Reg ards , 
 
 Paul  E lam 
 
 Cl aire  McL ister âĢ Ļ s  email  address : 
 
 flight comment @ air nz . co . nz Four  hours  after  three  suicide  bombers  killed  at  least  41"
islam,12422," the  stall  ended  when  Iraqi  Prime  Minister  Ha ider  al - Ab adi  requested  U . S .- led  airstrikes  against  the  city  last  week ,  pounding  IS  fighters  until  Iraqi  and  Shiite  forces  were  able  to  resume . 
 
 While  the  city  has  been  liberated  and  brings  the  Iraqi  military  closer  to  reclaim ing  its  country ,  the  battle  for  Tik"
islam,12422," give  you  the  good  news  in  the  next  few  hours  after  eliminating  the  pockets  that  are  still  in  the  city ."" 
 
 The  battle :  After  inc urring  heavy  casualties  attempting  to  breach  the  city ,  Iraqi  military  forces  and  Iranian - led  Shiite  militias  had  to  stall  their  war  efforts  in  mid - March .  This  stemmed  from  what  U ."
islam,12422," entering  Europe  from  Libya . 
 
 More  on  this  story  on  BBC  News night  on  Wednesday  6  April  at  22 : 30  BST  -  or  catch  up  afterwards  on  i Player  ( UK  only ) OT TA WA  –  Former  Republican  presidential  candidate  and  libertarian  Ron  Paul  will  be  the  marquee  speaker  at  Canada âĢ Ļ s  premier  gathering  of  Conservatives  next"
islam,12422," She va .  It  is  unclear  who  might  now  replace  the  R & B  legend  as  the  fundraiser 's  main  attraction . 
 
 J TA  wrote  of  Wonder 's  reported  change  of  heart : 
 
 "" Wonder âĢ Ļ s  representatives  will  claim  that  he  did  not  know  the  nature  of  the  group ,  the  Friends  of  the  Israel  Defense  Forces"
islam,12422," and  open  Monday  through  Friday  from  9  a . m .  until  5  p . m .  Telephone  purchases  can  be  made  by  calling  800 - 5 42 - U VA 1  ( 88 21 )  or  locally  at  4 34 - 9 24 - U VA 1  ( 88 21 ). 
 
 Park ing  will  be  free  of  charge  and  available"
islam,12422," error  if  one  can  be  stated  vary  from  survey  to  survey  and  have  not  been  individually  verified . Ste v ie  Wonder  will  cancel  his  scheduled  appearance  at  a  US  fundraiser  for  "" friends ""  of  the  Israeli  military  after  facing  fl ack  from  pro - Palestinian  activists ,  J TA  reported  Wednesday . 
 
 Just  days  after  Israel 's  offensive  in"
islam,12422," Harbor place  pav il ions  along  Pratt  and  Light  streets  are  slated  for  an  overhaul ,  and  new  vendors  like  Yard  House  are  already  moving  into  retail  spaces  there .  Rash  Field  is  in  the  midst  of  a  redesign ,  too . {"" small Url "":"" https :\ / \/ www . wik ih ow . com \/ images \/ th umb \/"
islam,12422,"423 F  . text : 0001 B 510  ADD  R 9 ,  R 11 ,  R 11 , LS L # 2  . text : 0001 B 514  SUB  R 1 ,  R 0 ,  R 9 , LS L # 7  . text : 0001 B 518  C MP  R 1 ,  R 8  . text : 0001 B 51 C  ADD"
islam,12422," annual  LA  Galaxy  Camp s  for  Kids .  The  2014  Galaxy  Defender  of  the  Year  is  also  an  avid  animal  lover  and  has  volunteered  multiple  times  at  sp ca LA . 
 
 This  year  when  A . J . âĢ Ļ s  unborn  son  Luc a  was  diagnosed  with  a  congen ital  heart  defect  he  immediately  thought  of  the  other  families  affected"
islam,12422," annual  LA  Galaxy  Camp s  for  Kids .  The  2014  Galaxy  Defender  of  the  Year  is  also  an  avid  animal  lover  and  has  volunteered  multiple  times  at  sp ca LA . 
 
 This  year  when  A . J . âĢ Ļ s  unborn  son  Luc a  was  diagnosed  with  a  congen ital  heart  defect  he  immediately  thought  of  the  other  families  affected"
islam,12422," much  to  look  at .  With  its  simplistic  controls  and  repetitive  gameplay ,  you  might  feel  inclined  to  dismiss  it  as  yet  another  cash - in  of  the  popular  Nintendo  franchise .  But  despite  its  faults ,  there âĢ Ļ s  actually  much  more  to  Rumble  U  than  meets  the  eye ,  making  this  a  satisfying  and  fun  little  title  for  fans  of"
islam,12422," was  setup  for  One FC  versus  Fel ipe  En om oto . 
 
 So ,  as  you  can  see  there  were  numerous  occasions  when  Low en  and  Terry  had  discussions  about  his  contract .  So  the  next  morning  we  were  driving  from  LA  to  Las  Vegas  for  Ian  Del a  Cu esta âĢ Ļ s  try out  for  the  135 lb  Ultimate"
islam,12422,"ang ri j ke  polit ie ke  dim ens ie .  Belg ische  w erk n em ers  die  al s  g ev ol g  hi erv an  hun  ba an  ver lie zen ,  he b ben  he t  g ev o el  dat  ze  de  ver lie zers  van  he t  Euro p ese  ver ha al  z ijn .  En"
islam,12422," Tw a  Air  Host ess  Who  Was  V oted  Miss  Heath row  Airport  1964  With  2 nd  Place  ( left )  Christine  Long th orp ,  20 ,  and  Linda  Stafford ,  21 
 
 T ou hey 's  photo  project  was  a  one - off  experience  as  the  T WA  terminal  has  been  mainly  shut  to  the  public  since  2001 . 
"
islam,12422," handlers  or  call backs . 
 
 Turn s  out ,  the  reactor  pattern  performs  extremely  well  under  heavy  loads  ( C 10 K  challenge ),  hence  the  continuous  rise  in  adoption  ( N ginx ,  Bean st alk d ,  Event Machine ,  Twisted ,  Node . js ),  but  it  does  have  its  downs ides :  it  requires  reactor - aware"
islam,12422," Dy ng us  Day :  When  exploring  the  roots  of  Dy ng us  Day ,  Hist orians  point  to  the  baptism  of  Polish  Prince  M ies z ko  I  in  9 66  A . D .  Bapt ism  with  water  signifies  cleansing ,  fertility ,  and  pur ification .  Somewhere  along  the  way ,  the  tradition  of  tossing  water  on  the  girls  and"
islam,12422," âĢ ľ It  needs  to  rest  or  it âĢ Ļ s  going  to  die , âĢ Ŀ  Hunter  said . 
 
 Read  more  about : Media  playback  is  unsupported  on  your  device  Media  caption  Cindy  Su i  speaks  to  Taiwanese  students  holding  a  rally  to  demonstrate  their  support  for  the  protests  in  Hong  Kong 
 
 In  January ,  13  groups  from"
islam,12422," centres  in  the  world  for  centuries .  âĢ ľ I  found  Var anas i  extremely  fascinating .  The  amb ience  in  Var anas i  is  extraordinary .  It  is  the  holiest  of  holy  cities  in  India  on  the  holiest  river  in  India .  Learning  that  reincarn ation ,  you  can  bypass  it  in  Var anas i ,  did  you  know  that ?  That"
islam,12422," case  of  Columbia ,  YouTube  is  full  of  videos  from  self - sty led  experts  still  convinced  a  freak  bolt  of  ion osp heric  lightning  crippled  the  spaceship .  A  famous  photograph  supposedly  shows  that  bolt ,  even  though  space  experts  have  long  been  satisfied  that  the  bizarre  image  was  merely  the  result  of  camera  j iggle  during  a  time - l apse"
islam,13903,".  The  Falcon  9  rocket  successfully  delivered  two  satellites  to  orbit ,  however  when  it  returned  to  Earth  everything  did  not  go  exactly  to  plan .  The  live  video  feed  cut  out  so  we  weren 't  sure  exactly  what  happened ,  but  now  Elon  Musk  has  tweeted  video  from  afar  showing  the  landing  process .  According  to  Musk ,  one  of  the  engines"
islam,13903," Kos ov its a  G  T oli  E  Li ak os  A  Personality  and  psychopath ology  in  patients  with  primary  S j og ren âĢ Ļ s  syndrome  ,  Ter  Ark h  ,  1988  ,  vol .  60  ( pg .  49  -  52  )  ,  vol .( pg .  3  D ros os  AA  Angel opoulos  NV  Li ak os  A  M"
islam,13903," sure  it  was  correct .  The  escort  service  ads  came  up  again . 
 
 Roberts on  called  Thomas  Mars ,  an  attorney  who  is  representing  former  Ole  Miss  coach  Houston  Nut t  in  his  defamation  lawsuit  against  Ole  Miss .  Mars  had  been  introduced  to  Robertson  through  a  third  party  he  found  while  doing  online  research  into  Nut t 's  case ."
islam,13903," of  a  diagnostic  interview  and  a  diagnosis  according  to  the  current  psychiatric  diagnostic  system .  The  absence  of  imaging  data  of  the  CNS  cannot  exclude  the  possibility  that  our  findings  may  be  attributed  to  p SS - related  CNS  involvement . 
 
 In  conclusion ,  p SS  patients  present  a  wide  range  of  major  psychopath ological  features  mainly  determined  by  prem or"
islam,13903," this  optimization .  The  way  it  works  is  that  memory  which  is  allocated  once  on  startup  is  deemed  to  be  permanently  allocated .  Similarly ,  memory  which  is  allocated  once  for  a  new  game  level  is  deemed  to  be  permanently  allocated .  Memory  which  is  dynamically  allocated  and  freed  in  a  arbitrary  or  out - of - order  way  is  deemed  to  be"
islam,13903,"oner  ( L ans down e / Le in ster ),  Paul  O âĢ Ļ Connell  ( Young  Mun ster )  ( capt ),  Peter  O âĢ Ļ Mah ony  ( C ork  Constitution / M un ster ),  Sean  O âĢ Ļ Brien  ( U CD / Le in ster ),  Jamie  He as lip  ( Dub lin  University / Le in"
islam,13903," massage  par lor ,  saying  she  found  the  officer âĢ Ļ s  behavior  âĢ ľ just  disgusting . âĢ Ŀ  Mori arity  sent  the  case  to  City  Attorney  Susan  Se gal  and  asked  for  a  dismissal ,  but  Se gal  declined . 
 
 On  the  recording ,  after  nearly  30  minutes  of  small  talk  about  tattoos ,  the  weather  and  his  broken"
islam,13903," opportunities  in  the  area  of  small  satellites ,  consumer  electronics  in  space  and  space  tourism . 
 
 This  is  to  the  advantage  of  high  tech  countries  with  less  of  an  established  space  industry ,  as  this  market  will  depend  less  on  established  infrastructure  and  businesses ,  and  more  on  innovation  and  technology  transfer . 
 
 But  failure  to  engage  with  this"
islam,13903, when  they  get  in  the  way  of  public - policy  objectives . âĢ Ŀ  I  hope  I âĢ Ļ ve  made  it  clear  why  this  is  not  an  accurate  description  of  my  position .  I âĢ Ļ d  group  churches  and  nonprofit  organizations — just  not  businesses — with  individuals .  The  history  I  keep  flashing  back  to  is  the  sit - ins
islam,13903," are  typically  associated  with  having  a  specific  religious  belief ,  which  would  fit  poorly  with  the  range  of  religious  positions  ( or  lack  thereof )  of  the  playable  races . 
 
 With  that  said ,  the  term  âĢ ĺ guard ian âĢ Ļ  has  made  for  a  fair  label .  It  may  not  be  as  ev ocative  as  terms  like  âĢ ĺ"
islam,13903,"il  gul  gh ya ,  god ,  god  b ola ,'  ( Have  til g ul ,  talk  sweet ly )  the  traditional  greeting  on  Mak ar  S ank rant ,  at  Mal ad  on  Friday .  While  his  speech  saw  a  huge  crowd ,  it  seems  some  had  gathered  because  they  had  allegedly  been  sweet - talk ed  into  attending  and  given"
islam,13903," by  default  ( ss hd ,  proxy  (  / bin / tiny proxy  - c  / var / t proxy . conf  ),  tcp dump  ... ),  I  advise  users  to  trash  their  routers  because  it 's  trivial  for  an  attacker  to  use  this  router  as  an  attack  vector  ( ie :  hosting  a  sniff ing  tool ,  LAN  hacking ,  active  Mi"
islam,13903," Children 's  Memorial  Hospital . 
 
 Check  out  the  shining  moments  from  Fl ipper  Bowl  II ! 
 
 Return ing  Teams  ... remember  where  you  finished  last  year ? This  article  is  about  the  light  machine  gun .  For  the  semi - automatic  hunting  rifle ,  see  Brown ing  BAR 
 
 The  Brown ing  Automatic  Rifle  ( B AR )"
islam,13903," capacity ,  reviewing  and  discussing  work  done  by  my  staff ,  or  sitting  in  meetings ,  planning  for  upcoming  enhancements  to  the  site  and  how  design  can  make  them  happen .  The  way  I  usually  put  it  is  that  my  job  as  design  director  isn 't  actually  to  do  great  design ,  but  rather  to  help  create  and  sustain  the  conditions  under  which"
islam,13903," 26 . 
 
 With  the  res ounding  success  of  the  j all ik att u  saga  in  neighbouring  Tamil  Nadu ,  it  is  now  the  turn  of  And hra  Pradesh  to  follow  suit .  Only  this  time ,  the  purpose  is  to  ensure  that  the  Centre  acc ords  âĢ ĺ special  status âĢ Ļ  to  the  state . 
 
 Several  Whats"
islam,13903," the  death  of  Sarah  Gu ill ot - Guy ard ,  the  Cir que  du  Sole il  performer  who  fell  94  feet  during  the  clim actic  scene  of  Ka  on  June  29  and  later  died .  OS HA  determined  that  accident  happened  when  the  wire  rope  she  was  suspended  from  broke .  According  to  the  report ,  the  wire  rope  âĢ ľ was"
islam,13903," wisdom  of  our  weight lifting  fore father s  before  they  passed  away . 
 
 Anyway  these  are  the  result  of  some  mental  exped itions  that  I  took  while  attending  this  year âĢ Ļ s  A O . "" D uku ""  redirect s  here .  For  the  malware ,  see  Du qu 
 
 L ans ium  parasitic um  Lan z ones"
islam,13903,"O . P  repeatedly  r apped  âĢ ľ b itch âĢ Ŀ  despite  his  line  only  requiring  him  to  say  it  once .  And  at  the  end ,  G - Dragon  introduced  the  final  song  as  âĢ ľ F ANT AST IC  M OTHER F UCK ING  B AB Y . âĢ Ŀ 
 
 Of  course ,  there  are  more  moments  that"
islam,13903," coefficients ;  an  alternative  is  to  group  any  complex  poles  in  conj ug ate  pairs  and  use  a  block - di agonal  \(  A  \ )  matrix  with  block  elements  that  are  either  1 x 1  for  real  poles ,  or  2 x 2  of  the  form  \(  \ begin { b mat rix } - \ s igma & \ ome ga"
islam,13903,"t  mean  simply  wrapping  the  application  in  a  Web View  and  shipping .  For  performance  reasons ,  and  since  the  canvas  API  is  easily  reprodu cible  on  these  platforms ,  all  rendering  will  use  the  native  rendering  pipeline  on  those  platforms .  This  is  the  result  of  not  having  any  DOM  to  worry  about ,  all  you  need  is  a  JS  engine ,"
islam,13903,",  that  he  believes  McCoy  will  come  in  as  the  team âĢ Ļ s  starting  QB  next  season .  Car ucci  told  us  that  the  Browns  scouting  department  has  done  such  a  bang - up  job  on  the  defensive  side  of  the  ball  ( draft ing  four  defensive  starters  in  the  last  two  drafts )  that  he  believed  2012  would  be  the  year"
islam,13903," these  initial  appearances  let  on ; ""[ 80 ]  In  2013 ,  he  was  named  runner - up  to  K rat os  as  the  "" most  bad - ass ""  video  game  character  by  The  Ultimate  Gamer .[ 81 ]  Scorpion  was  voted  the  series '  greatest  character  in  a  2013  fan  poll  hosted  by  D ork ly ,[ 82 ]  and  finished"
islam,13903,"/ Getty  Images 
 
 Jeff  Car val ho ,  executive  editor  at  High sn ob iety  and  Select ism ,  says  one  way  they âĢ Ļ re  trying  to  differentiate  themselves  from  the  glut  of  sites  out  there  is  by  cultivating  a  unique  perspective  and  original  voice ,  something  he  originally  avoided  when  he  started  at  Select ism  in  2007 . 
"
islam,13903," and  inequality .  Without  strong  institutions ,  the  people  come  to  rely  more  on  their  z a âĢ Ļ ims ,  and  are  coerced  into  favoring  privatization  ( which  serves  the  z ai âĢ Ļ ms  and  their  inner  circle )  over  rest orative  public  policies .  This  is  turn  feeds  the  cycle  of  power lessness  and  separat eness . 
 
 On"
islam,13903," demand  —  and  receive  —  a  new  entry  gate  for  their  convenience . 
 
 The  courts hip  is  not  subtle :  Mark  Sok ol ich ,  the  Democratic  mayor  of  Fort  Lee ,  later  recounts  that  when  Wild stein  offered  his  family  a  tour ,  he  repeatedly  referred  to  Sok ol ich  as  âĢ ľ the  one  I  was  told  to  be"
islam,13903," latest  franchise - based  sporting  competition  in  India ,  following  the  Indian  Premier  League ,  Indian  Super  League  and  Premier  Bad m inton  League . Fans  who  can 't  make  it  to  University  of  Phoenix  Stadium  for  2014  Arizona  Cardinals  Training  Camp  presented  by  Hyundai  can  follow  the  team 's  practice  on  Tuesday ,  July  29  on  NFL  Network 's  Inside  Training  Camp"
islam,13903," to  die  like  that .  No  one ,""  she  said .  "" Someone  knows  who  did  this .  They  need  to  come  forward ."" 
 
 For  Austin âĢ Ļ s  mother ,  Krist ina  Bryant ,  there âĢ Ļ s  still  a  lot  of  pain . 
 
 She  misses  her  son âĢ Ļ s  calls  during  they  day  and  still  waits"
islam,13903," is  also  pretty  damn  good  in  his  own  right .  Hudson  can  help  us  fix  a  vast ,  gaping  hole  at  linebacker  that  last  saw  Nik o  K out ou v ides  and  L andon  Johnson  as  dominant  players  a  decade  ago .  Since  they  left  Purdue  had  has  a  revolving  door  of  decent ,  but  not  great  linebackers  and  the  overall  defensive"
islam,13903,",  the  Paris - based  Italian  cout ur ier  and  Chan el âĢ Ļ s  nem esis ,  was  most  closely  associated  with  this  movement  and  she  aligned  herself  with  artists  like  Jean  Co ct e au  and  Marcel  Vert Ã¨ s .  Sur real ism  made  its  way  into  V ogue ,  too .  Not  only  did  Dal ÃŃ  become  a  frequent"
islam,13903," say  the  deck  is  stacked  against  average  Americans .  She  said  Tuesday  in  Iowa  that  she  wants  to  âĢ ľ resh uffle âĢ Ŀ  that  deck .  No  doubt  that  is  a  genuine  belief  from  a  Democratic  politician  looking  at  the  state  of  the  economy  and  comes  with  a  conviction  that  public  policies  can  and  should  be  geared  to  alleviate  the  imbalance ,"
islam,13903," to  some  things  that  I  wouldn âĢ Ļ t  have  maybe  been  able  to  do  otherwise . 
 
 P aste :  So  Mind  MG MT .  has  Mer u  and  Dept .  H .  has  another  two - cons on ant  M - name  female  journalist — M ia .  Are  the  works  in  dialogue  within  one  another ?  Or  is  this"
islam,13903," s Ã© ries  Vintage  Bright 
 
 âĢ¢  X SR  s Ã© ries 
 
 âĢ¢  Art isan  S Ã© ries The  D NI  report  was  more  about  slamming  RT  ( Russia  Today )  propaganda  than  it  was  about  proving  the  Russians  hacked .  The  report  doesn âĢ Ļ t  put  much  emphasis  on  Russians  hacking  elections ,  it  focuses  on  Russians  âĢ"
islam,13903," than  conservatives .  However ,  it  may  be  that  liberals  are  not  more  complex  in  general  ,  but  rather  only  more  complex  on  certain  topic  domains  ( while  conservatives  are  more  complex  in  other  domains ).  Four  studies  ( com pr ised  of  over  2 , 500  participants )  evaluated  this  idea .  Study  1  involves  the  domain  specificity  of  a  self âĢĲ"
islam,13903," to  mind  the  earlier  works  of  Reg is ,  it 's  un character istically  dark  for  R rose . What :  Oz om at li  –  San  Diego  Symphony 
 
 When :  Sunday  August  24 ,  2014 
 
 Where :  Emb arc ad ero  Marina  Park  South ,  San  Diego 
 
 Description :  By  combining  hip - hop ,  salsa"
islam,13903," trying  to  distract  us ,  as  opposed  to  getting  himself  distracted  to  an  alarming  degree ,  how  much  more  important  is  it  to  explain ,  for  example ,  that  âĢ ľ Trump  takes  to  Twitter  to  distract  from  secretary  of  state  paralysis âĢ Ŀ ?  ( But  unless  someone  is  priv y  to  the  inner  thoughts  of  Trump ,  we  really  do  not"
islam,13903," to  find  her ? âĢ Ŀ  asked  Fl icker . 
 
 J ourney man  met  her  eyes ,  then  looked  down .  "" I  looked  around  a  bit ,  in  the  abandoned  buildings  nearby  where  she âĢ Ļ d  been  living .  Most  of  the  stuff  I âĢ Ļ d  brought  her  was  still  there ,  but  there  were  some  clothes  and"
islam,13903,"âĢ ľ No  fre eman  may  be  taken  or  imprisoned  or  be  disse ized  of  his  free hold  or  liberties ,  or  his  free  customs ,  or  be  outlawed  or  exiled ,  or  in  any  manner  destroyed ,  but  by  the  lawful  judgement  of  his  peers ,  or  by  the  law  of  the  land . âĢ Ŀ 
 
 These  words  were  first"
islam,13903," Reg ards  Ni els 
 
 Jo ining  Emb arc ad ero  as  Del phi  Product  Manager  Cong rat ulation  Marco ,  this  a  big  gain  for  the  whole  Del phi  community  and  gives  me  more  confidence  in  the  future  of  Del phi !  ; -)  Reg ards  Ni els 
 
 Jo ining  Emb arc ad ero  as  Del phi  Product  Manager"
islam,13903," Person  A  scores  higher  than  Person  B ,  we  can  feel  more  confident  that  the  output  of  Person  A  is  indeed  more  complex  than  Person  B  on  that  domain .  Thus ,  this  provides  a  more  direct  marker  of  the  outcome  of  interest — complex ity — than  do  more  indirect  measurements  of  a  self âĢĲ reported  motive  that  is  expected  to  be"
islam,13903," amongst  Belgian  college  students  with  three  measurements  of  complexity ,  and  none  of  the  measurements  was  statistically  significant .  Further ,  in  Soviet  Russia ,  leftist  communist  leaders  were  less  integ r atively  complex  than  capital istic  reform ers  who  had  a  more  conservative  ideology  ( T et lock  &  Bo ett ger ,  1989 ).  Quite  a  bit  of  research  on  Canadian"
islam,13903," S  J ons son  R  ,  et  al .  Classification  criteria  for  S j og ren âĢ Ļ s  syndrome :  a  revised  version  of  the  European  criteria  proposed  by  the  American - European  Cons ensus  Group  ,  Ann  R he um  Dis  ,  2002  ,  vol .  61  ( pg .  5 54  -  8  )  ,  vol .( pg .  28"
islam,13903," tyres  up  and  down  Arthur âĢ Ļ s  Seat  in  Edinburgh  –  my  employer  was  very  understanding . 
 
 L unch  would  be  a  whole  chicken  followed  by  a  pint  of  cream  down  in  one .  The  best  time  of  day  would  be  3 pm  when  I âĢ Ļ d  eat  a  whole  cake  or  a  couple  of  packets  of  biscuits ."
islam,13903,"âĢ Ŀ  are  allegedly  derived  not  from  academic  training ,  but  instead  primarily  from  lived  experience .)  To  âĢ ľ âĢ Ļ spl ain âĢ Ŀ  is  âĢ ľ to  explain  or  comment  on  something  in  a  condesc ending ,  over conf ident ,  and  often  inaccurate  or  overs impl ified  manner ,  from  the  perspective  of  the  group  one  identifies  with ."
islam,13903," wanted  to  restore  the  whole  patient  to  scientific  papers ,  and  leave  aside  the  abstract ions ,  and  even ,  he  confessed ,  the  description  of  personality  with  statistics .  Can  we  human  beings  be  understood  solely  in  terms  of  our  elements ,  our  molecules ,  atoms ,  our  parts ,  our  circuits ,  our  reflex es ,  even  our  behaviours ?  Or"
islam,13903," picks  up  Wild stein  and  takes  him  on  a  drive  to  observe  the  traffic .  Then  they  go  to  a  diner ,  where  they  have  breakfast  and  discuss  Christie âĢ Ļ s  presidential  hopes . 
 
 The  first  day  of  the  traffic  pile up . 
 
 All  right ,  so  now  it âĢ Ļ s  September  11 ,  the  most  solemn"
islam,17213," and  tastes  sweet  and  sour .[ 2 ][ 7 ] 
 
 L .  parasitic um  cultivation  in  Mand i  Ang in ,  Raw as  Il ir ,  cultivation  in  Mand i  Ang in ,  Raw as  Il ir ,  Mus i  Raw as 
 
 L .  domestic um  var .  aqu ae um  is  distinguished  by  its  hairy  leaves ,  as"
islam,17213,"
 
 4 th  A  Jackson  singled  to  center ,  V  Martinez  scored ,  J  Martinez  out  at  third .  0  2 
 
 5 th  O  Inf ante  singled  to  left ,  A  Esc obar  scored ,  N  A oki  to  second .  1  2 
 
 5 th  B  Butler  doubled  to  deep  center ,  N  A oki ,  O  Inf"
islam,17213," is  similar  in  the  Kal im ant an  provinces .  In  all  this ,  Papua  is  the  new  frontier .  With  logging  on  the  rise ,  pulp  mills  planned  and  large  areas  of  land  under  concessions ,  it  is  poised  to  go  the  way  of  Sum atra  and  Kal im ant an . 
 
 The  extent  of  forest  degradation  is  another  sign"
islam,17213,"type  n )  {  if ( n  >  ( mp End  -  mp Begin ))  insert ( mp End ,  n  -  ( mp End  -  mp Begin ),  value _ type ());  else  erase ( mp Begin  +  n ,  mp End );  } 
 
 void  resize ( size _ type  __ new _ size )  {  resize ( __ new"
islam,17213," rad ix _ sort  is  implemented  via  the  following  interface :  template  < ty pen ame  Random Access Iterator ,  typ ename  Extract Key ,  typ ename  Integer Type > 
 
 void  rad ix _ sort ( Random Access Iterator  first ,  Random Access Iterator  last , 
 
 Random Access Iterator  buffer ,  Extract Key  extract Key ,  Integer Type );"
islam,17213," rad ix _ sort  is  implemented  via  the  following  interface :  template  < ty pen ame  Random Access Iterator ,  typ ename  Extract Key ,  typ ename  Integer Type > 
 
 void  rad ix _ sort ( Random Access Iterator  first ,  Random Access Iterator  last , 
 
 Random Access Iterator  buffer ,  Extract Key  extract Key ,  Integer Type );"
islam,17213,"
 Things  start  to  look  pretty  good  when  you  get  to  the  sleeves  —  we  see  three  large  black / red  stripes  with  the  Blackhawks  standard  shoulder  logo  in  the  middle  of  them .  A  nod  to  how  that  patch  was  placed  in  the  1950 s  ( and  in  last  year âĢ Ļ s  Winter  Classic )  but  the  stripes  were  never  that"
islam,17213,)  Team  Tre - For  30  pts  2  Michael  Re ih s  ( Den )  Team  Cult  E ner gi  18  3  Mik kel  Mort ensen  ( Den )  Team  Concord ia  Fors ik ring - R iw al  14  4  Magnus  Cort  Nielsen  ( Den )  Team  Cult  E ner gi  10  5  Michael  M Ã¸ r k Ã¸ v  ( Den
islam,17213,_ type &  x );  iterator  begin ();  const _ iterator  begin ()  const ;  iterator  end ();  const _ iterator  end ()  const ;  reverse _ iterator  r begin ();  const _ reverse _ iterator  r begin ()  const ;  reverse _ iterator  rend ();  const _ reverse _ iterator  rend ()  const ;  reference  front ();  const _ reference  front ()
islam,17213,"begin ning , 
 
 begin ning , 
 
 begin ning , 
 
 begin ning , 
 
 begin ning , 
 
 begin ning , 
 
 begin ning , 
 
 begin ning , 
 
 begin ning , 
 
 begin ning , 
 
 At  the  beginning ,  the  Host  was  infinite  dominion . 
 
 It"
islam,17213,"begin ning , 
 
 begin ning , 
 
 begin ning , 
 
 begin ning , 
 
 begin ning , 
 
 begin ning , 
 
 begin ning , 
 
 begin ning , 
 
 begin ning , 
 
 begin ning , 
 
 At  the  beginning ,  the  Host  was  infinite  dominion . 
 
 It"
islam,17213,"begin ning , 
 
 begin ning , 
 
 begin ning , 
 
 begin ning , 
 
 begin ning , 
 
 begin ning , 
 
 begin ning , 
 
 begin ning , 
 
 begin ning , 
 
 begin ning , 
 
 At  the  beginning ,  the  Host  was  infinite  dominion . 
 
 It"
islam,17213,"begin ning , 
 
 begin ning , 
 
 begin ning , 
 
 begin ning , 
 
 begin ning , 
 
 begin ning , 
 
 begin ning , 
 
 begin ning , 
 
 begin ning , 
 
 begin ning , 
 
 At  the  beginning ,  the  Host  was  infinite  dominion . 
 
 It"
islam,17213,"Truth  Trans missions âĢ Ŀ  and  all  unlocked  âĢ ľ Adventure âĢ Ŀ  Stretch  Goals  for  entries  into  the  Journal  of  Dr .  Dob rin . 
 
 Re ceive  all  unlocked  content  from  the  Social  Media  âĢ ľ Truth  Trans missions âĢ Ŀ  and  all  unlocked  âĢ ľ Adventure âĢ Ŀ  Stretch  Goals  for  entries  into  the  Journal  of  Dr .  Dob"
islam,17213, experience  whatsoever  with  keeping  a  phone  from  falling  up .  The  whole  concept  of  gravity  had  been  sund ered  into  two  pieces :  the  objective  ( everything  in  the  world )  and  subjective  ( just  Thomas ).  This  would  have  been  a  pleasant  ep iphany  had  it  not  immediately  followed  his  phone  crashing  into  the  ground .  He  win ced  when  he  saw
islam,17213," the  hearing .  Sob ot ka  switched  agents  at  least  twice  last  season ,  from  Petr  Sv ob oda  to  Stephen  Bart lett  to  another  agent  named  Petr  Sv ob oda . 
 
 Wh ichever  fancy  suit  shows  up  has  plenty  of  ammo  to  make  his  case .  And  if  the  Blues  are  lucky ,  he 'll  beat  them  silly  enough  to"
islam,17213," we  will  leave  you  alone  should  be  a  slogan  for  the  British  state  to  forever  abide  by  because  it  is  a  basic  ten et  of  a  free  society .  The  Prime  Minister  should  remember  that  he  works  for  British  citizens  and  he  is  not  our  master . 
 
 Sadly ,  the  majority  election  win  is  being  seen  as  a  mandate  to  clamp"
islam,17213," the  Philippines  Scientific  classification  Kingdom :  Plant ae  Cl ade :  Ang ios per ms  Cl ade :  E udic ots  Cl ade :  Ros ids  Order :  Sap ind ales  Family :  Mel i aceae  Gen us :  Lans ium  Species :  L .  parasitic um  Bin omial  name  Lans ium  parasitic um 
 
 Os beck )  Sah ni  &  Benn"
islam,17213,"Ļ m  using  one  right  now .  It âĢ Ļ s  worked  fine  so  far ,  but  I  haven âĢ Ļ t  had  a  chance  to  play  with  it  much .  I âĢ Ļ ve  heard  adoption  estimates  from  about  a  million  all  the  way  up  to  half  a  billion .  Which  seems  a  little  extreme ,  today ,  but  I  wouldn âĢ"
islam,17213," Oakland  movement , âĢ Ŀ  the  complaint  states .  âĢ ľ Mr .  Sab e gh i  had  participated  in  the  protect  activity ,  gone  out  to  dinner  and  was  making  his  way  home  when  he  encountered  a  police  line  blocking  his  path .  When  Mr .  Sab e gh i ,  a  veteran  of  the  war  in  Afghanistan ,  questioned  and  verbally"
islam,17213,"ÃŃa  web ,  on  line ,  much as  de  las  aud ien ci as  cl aves .  Lo  que  dig o  me  da  p aja  referen ci ar lo  per o  est Ã¡  ah ÃŃ ,  google en  en  format os  doc  y  pdf  y  ap are cer Ã¡n  las  act as ,  to do .  Bus qu en  en  med ios  local"
islam,17213,"7 ]  with  the  exception  of  South western  Ontario  which  has  a  hot  summer  humid  continental  climate .[ 7 ]  Parts  of  Western  Canada  have  a  semi - ar id  climate ,  and  parts  of  Vancouver  Island  can  even  be  classified  as  cool  summer  Mediterranean  climate .[ 6 ]  Temperature  extremes  in  Canada  range  from  45 . 0  Â° C  ( 113  Â°"
islam,17213," this  name  comes  from  that  of  the  Italian  explorer  Amer igo  V esp ucci ,  to  whom  the  discovery  of  the  American  continent  was  errone ously  attributed  in  150 7  by  the  German  map maker  Martin  Wald se em Ã¼ ller ?  ( Mr .  Lay t ner ,  I  suppose ,  would  ret ort  that  America  couldn âĢ Ļ t  have  been"
islam,17213," âĢ ľ sin . âĢ Ŀ  I  think  it  is  a  very  poor  word  to  use  in  discussing  the  human  spirit  and  the  moral  problems  which  all  human  beings  face  every  day .  But  again ,  I  respect  your  sincerity .  I  think  it âĢ Ļ s  a  good  idea  to  remember  that  religion  has  to  do  with  faith  in  things  which  cannot"
islam,17213,"amb da  =  "",  Lamb da  print  "" V  = ""  print  V  print  "" V * di ag ( L amb da )* V . inv  = ""  print  np . dot ( np . dot ( V , np . di ag ( L amb da )), np . l inal g . inv ( V ))  Lamb da  =  [-"
islam,17213," sure .  Sega  is  still  very  much  part  of  that  picture .  Then  we  have  our  audience  who  may  also  play  on  console  but  who  exist  on  the  mobile  devices ,  who  exist  on  tablets ,  who  exist  on  PC . 
 
 For  Sega ,  rather  than  us  defining  a  particular  platform ,  what  we âĢ Ļ re  trying  to  do  is"
islam,17213," what  time  it  was ,  the  screen  was  cl ogged  with  so  many  notifications  that  the  time  wasn 't  even  visible  on  screen ,  and  to  see  it  I 'd  have  to  dismiss  my  notifications  with  a  button  press  from  my  pizza  hand .  It 's  hands - full  situations  like  this  where  the  Pebble  commits  the  cardinal  smart watch  sin  of  being"
islam,17213,". 
 
 A kin  has  taken  heat  from  both  sides  of  the  aisle  after  using  the  term  "" leg itimate  rape ""  and  saying  women  have  a  biological  way  of  preventing  unwanted  pregnancies  while  he  gave  a  now - not orious  explanation  of  his  views  on  abortion . 
 
 "" My  feeling  is  that  we  can  win  the  presidency ,  but"
islam,17213," at  the  Death  With  Dign ity  National  Center  or  Comp assion  &  Cho ices  of  Oregon .  Last  year ,  doctors  helped  59  people  to  die  in  Oregon  under  the  law . 
 
 "" Never  heard  of  him ,""  said  George  E igh me y ,  executive  director  of  Comp assion  &  Cho ices  of  Oregon ,  which  assists  more  than  90"
islam,17213," protesters  on  Monday .  The  police  also  conducted  flag  march .  Polic emen  also  kept  a  close  watch  at  various  markets ,  including  Mai  Hera  Gate  and  Rain ik  B azar . 
 
 Tra ffic  also  remained  suspended  on  the  National  Highway  1 ,  only  to  be  cleared  by  noon  on  Tuesday . 
 
 Meanwhile ,  protesters  lifted  blockade  from  various"
islam,17213,"âĢ Ļ 10 âĢ Ļ âĢ Ļ ,  185 lb ,  male  who  works  out  5  times  a  week ,  you  need  about  4 42 g  of  carbs  per  day  to  fuel  your  workouts .  Yet ,  not  enough  people  indicated  they  ate  within  that  range  for  it  to  even  draw  a  percentage  in  our  pie  chart  breakdown . 
 
 So ,"
islam,17213," no  contests  remaining  in  the  Deep  South ,  which  has  been  Clinton âĢ Ļ s  strongest  region  by  far . 
 
 Sanders  thinks  he  is  well - position ed  in  all  three  states  with  contests  next  Tuesday :  Arizona ,  Idaho  and  Utah .  His  decision  to  spend  election  night  in  Arizona  signaled  his  intention  to  vigorously  contest  that  state  in  the"
islam,17213," asked  them  where  they  were  going  and  what  they  were  doing ,  despite  how  obvious  the  answer  was ,  Aman  said . 
 
 Ra he em  Aman ,  23 ,  ran  for  the  Green  Party  on  the  Mountain  in  the  last  federal  election .  They  were  still  sweating  from  their  game  on  the  walk  down  the  street ,  Aman  said .  """
islam,17213,",  you  will  need  the  l asso .  The  l asso  is  a  length  of  rope  you  can  equip  to  hog tie  victims ,  break  in  wild  horses  or  sub due  criminals .  It  is  only  available  in  the  single - player  game ,  and  can  only  be  unlocked  during  the  quest  "" Wild  Horses ,  T amed  Pass ions "".  Afterwards ,"
islam,17213,"ibr arians  and  nurses  currently  face  lay off  notices  sent  out  by  his  office . 
 
 In  fact ,  De asy  has  accelerated  LA USD 's  union - b usting  and  privat izing  attacks  on  UT LA .  He  has  invited  every  teacher  and  school  to  join  a  pilot  program  for  the  district 's  new  "" te acher  effectiveness ""  plan ,"
islam,17213," from  Judd  Ap at ow  and  writers - sl ash - real  married  couple  Paul  Rust  and  Les ley  Ar fin .  As piring  writer  Gus  ( Rust )  and  ad rift  radio  producer  Mickey  ( G illian  Jacobs )  repeatedly  and  hes it antly  weave  into  and  out  of  each  other 's  lives ,  as  if  trying  to  determine  whether  they 're"
islam,17213," could  return  to  villages  and  there  were  many  complaints  of  evac ue es  being  contained  in  squ alid  conditions . 
 
 Photo :  Van u atu  Ge oh az ards  Observatory  file 
 
 Mr  Kor isa  admitted  conditions  for  evac ue es  would  likely  be  basic  again  this  time  around .  "" There  is  an  issue  with  basic  services ,""  he"
islam,17213," and  was  featured  on  the  home  page  of  the  Kansas  City  Star  website . 
 
 Buzz  Light year  in  the  Claw  Machine 
 
 Fast  forward  to  2015 .  We  have  numerous  costumes  under  our  belt ,  each  being  more  elaborate  than  the  last .  We  were  even  featured  on  the  evening  news  for  our  Comic  Con  costume  in  2015  when  we"
islam,17213," like  wrestling  or  not . 
 
 Death bul ge  was  initially  a  comic  series  about  a  death  metal  band ,  but  illust rator  and  writer  Dan  came  to  believe  that  was  too  limiting ,  so  decided  to  draw  whatever  he  felt  like .  It  seems  his  change  in  direction  worked ,  as  the  web  comic  has  become  a  firm  favourite  among  web"
islam,17213," reminders .  Any . do  does  all  of  that  too ,  although  you  must  either  create  an  account  or  log  in  via  Facebook  rather  than  Google . 
 
 There  is  nice  integration  with  my  Gmail  account  with  Any . do .  Open  an  email  and  you  see  an  Any . do  task  bar  offering  "" What 's  next ""  options  —  """
islam,17213," narrated  by  the  stylish  Sarah  Jessica  Parker . 
 
 19 30 – 19 39 The  fl apper  was  a  casualty  of  the  stock  market  crash  of  1929 .  Out  of  her  ashes  rose  the  fem me  fat ale .  At  night  she  was  a  modern  Diana  in  figure - m olding  bias - cut  sat ins  that  ooz ed  to  the  floor"
islam,17213,"I  know  of  no  nation  in  history  that  has  agreed  to  guarantee  that  the  means  of  its  own  destruction  will  be  in  the  hands  of  another  nation ,  particularly  one  that  is  hostile ,""  Cheney  told  the  audience  at  the  American  Enterprise  Institute ,  a  conservative  Washington ,  D . C .  think  tank ,  to  mark  the  return  of  Congress  after  a"
islam,17213," Large  is  just  right .  If  anything ,  the  sleeves  could  do  with  being  1  to  2 ""  shorter  but  that  is  not  big  problem .  Yes ,  I  recommend  this  product .  Ver ified  Purchase .  I  recommend  this  product . 
 
 Great  quality ,  excellent  customer  service  Mist aken ly  ordered  this  jacket  instead  of  the  Dist ressed  brown  jacket"
islam,17213,"s  now  are  really  quite  an  active ,  healthy  bunch .  So  we âĢ Ļ re  living  for  longer ,  but  also  we âĢ Ļ re  healthier  for  longer ;  we âĢ Ļ re  working  for  much  longer . 
 
 I  want  to  talk  about  that  a  bit  more  a  bit  later ,  but  what âĢ Ļ s  really  important  is  that"
islam,17213," Grid ,  your  call igraph y  will  look  stunning  once  you  remove  the  template  behind  it . 
 
 Start up  Pack 
 
 iPhone  Mock up 
 
 Resp ons ive  Web  Design  Grid 
 
 Smart  Wear able  Mock up 
 
 The  Respons ive  Web  Grid  offers  the  most  commonly  used  grid  style ,  so  you  can  quickly  sketch  the"
islam,18484,",  and  Auto immune  Def ic iencies .  The  latest  research  in  routine  transplant ation  of  cord  blood  are  reviewed  followed  by  the  critical  role  of  cord  blood  stem  cells  in  regener ative  medicine  research  and  novel  approaches  using  cord  blood  as  a  source  of  whole  blood  for  transf usion . 
 
 Related  Regener ative  Medicine  Conf erences  |  St em  Cell"
islam,18484,"'t  make  an  appearance  for  another  three  hours .  The  263  Marines  of  Delta  Company ,  Infantry  Training  Battalion ,  shoulder  their  bulky  packs  and  set  off . 
 
 The  air  is  still  cool ,  but  85 - pound  packs  are  heavy .  Soon  the  Marines  are  sweating  through  their  camouflage  uniforms  and  non com mission ed  officers  are  moving  between  the"
islam,18484," fascism  and  died  in  the  D ach au  concentration  camp . 
 
 The  stamp  issued  was  a  part  of  a  set  of  10  stamps  in  the  Rem arkable  Lives  series  which  honoured  No or  on  her  cent enary  year .  Royal  Mail  commemor ated  No or  with  a  stamp  to  ensure  that  her  sacrifice  and  bravery  will  not  be  forgotten .  Other"
islam,18484," and  at  least  one  death .  The  presence  of  the  feat ,  their  battle - driven ,  and  the  K riel stone  made  sure  they  weren âĢ Ļ t  breaking  or  losing  anyone .  The  feat  was  also  in  play ,  and  the  combination  of  attacks  ate  away  at  my  death clock ,  leaving  me  with  30  minutes  left .  This  was  in"
islam,18484,"mers .  The  results  are  of  great  benefit  for  further  assessing  environmental  and  health  risks  associated  with  plastic  materials . 
 
 The  thesis  Environmental  and  health  hazards  of  chemicals  in  plastic  poly mers  and  products  was  successfully  defended  in  public  on  6 th  May  2011 . Me erk at  baby  boom  takes  hold  at  Tar onga  Zoo  in  Sydney  with  this  year"
islam,18484," fresh  food .  The  Sun  Journal  said  the  company  would  target  wealthy  retirees  or  seniors  and  financially  stable  middle - age  people  who  would  be  able  to  afford  to  come  to  the  U . S .  for  treatment .  That  treatment  would  include  care  at  Central  Maine  Medical  Center  in  Lew iston  and  traditional  Chinese  treatment  at  the  residence . 
 
 The"
islam,18484," Banks y  as  a  white  man  in  his  late  40 s  with  "" sc ruff y  clothes ""  and  an  old ,  fluffy  hat .  "" He  had  a  little  jacket  that  didn 't  go  over  his  arms  and  jeans  with  paint  on .  He  looked  really  w acky  and  had  blonde  hair  and  blue  eyes ."" 
 
 POST  CONTIN UES  BELOW"
islam,18484," century  base  period .  The  average  global  temperature  has  increased  0 . 8 Â° C  ( 1 . 4 Â° F )  since  1880 ,  and  most  of  that  change  has  occurred  in  the  past  four  decades . 
 
 The  line  plot  above  shows  yearly  temperature  anomalies  from  1880  to  2011  as  recorded  by  NASA  G ISS ,  the  National  Ocean ic"
islam,18484," homosexual  sex  is  immoral .  The  professor ,  Ken  Howell  of  Champ aign ,  said  his  firing  violates  his  academic  freedom .  He  also  lost  his  job  at  an  on - campus  Catholic  center .  Howell ,  who  taught  Introduction  to  Catholicism  and  Modern  Catholic  Thought ,  says  he  was  fired  at  the  end  of  the  spring  semester  after  sending  an  e -"
islam,18484," Koran  in  translation ,  a  prayer  book  and  a  guide  to  the  correct  methods  of  bathing  for  Islamic  women .  The  guide  is  a  worn ,  pink  broch ure  with  small  illustrations .  Chapter  3  is  titled :  Instructions  for  Clean ing  Your  E ars . 
 
 There 's  a  dish  containing  red  nail  polish ,  mascara  and  lip  gloss ,  but"
islam,18484,",  and  anti - immigration  legislation . 
 
 The  Jensen ism  debates 
 
 As  the  de - se gregation  of  the  American  South  was  begun  in  the  1950 s  the  debate  about  black  intelligence  resur faced .  Audrey  Sh ue y ,  funded  by  Draper 's  Pioneer  Fund ,  published  a  new  analysis  of  Y er kes '  tests ,  concluding"
islam,18484,"The  legislature  removed  Cuomo âĢ Ļ s  proposed  credit  from  the  state  budget  in  March .  But  Cuomo  has  said  he âĢ Ļ s  continuing  to  negotiate  it  with  legislative  leaders  and  a  compromise  may  be  possible  next  month . 
 
 The  Connecticut  Legislature  is  considering  a  bill  that  would  provide  property  tax  relief  by  giving  towns  more  money  from  state  sales"
islam,18484,"
 There  are  more  than  400 , 000  nurses  working  in  the  NHS  and  over  600 , 000  registered  to  work . 
 
 The  warning  comes  as  the  RC N 's  annual  conference  gets  under  way  in  B ourn emouth . 
 
 More  difficult 
 
 RC N  general  secretary  Peter  Carter  said :  "" The  immigration  rules  will  cause  chaos"
islam,18484," the  nation âĢ Ļ s  chief  law - enforcement  officer .  Sessions  announced  Thursday  afternoon  that  he  would  rec use  himself  from  any  examination  of  Russian  involvement  with  President  Trump âĢ Ļ s  campaign .  But  he  gave  no  indication  that  he  would  consider  the  next  necessary  step  of  removing  himself  as  attorney  general . 
 
 S essions  has  made  his  position"
islam,18484,". 
 
 Former  Cardinals  quarterback  Kurt  Warner  and  anchor  Amber  The oh aris  will  host  NFL  Network 's  coverage  from  the  team 's  practice  from  2 : 00  to  4 : 30  p . m . 
 
 Contin uing  through  August  5 ,  NFL  Network 's  Inside  Training  Camp  Live  hits  the  field  at  7 : 00  a . m .,"
islam,18484,"
 âĢ ĺ Op rah  Win frey  hasn âĢ Ļ t  been  on  this  story  for  that  long ,  and  she  had  to  do  a  lot  of  catching  up ,  and  honestly ,  I  think  she  did  a  really  decent  job  relative  to  where  she  was  coming  from ,'  Walsh  said .  âĢ ĺ But  Lance  was  quite  ev asive  in  many  of"
islam,18484,"
 G ains  were  only  found  in  Riverside  and  San  Bernardino  counties  where  ownership  hit  59 . 2  percent  in  the  quarter ,  19 th  worst  out  of  the  big  75 .  In land  Empire  ownership  is  up  from  58 . 4  percent  in  the  second  quarter  but  down  from  62 . 6  percent  a  year  ago . 
 
 Other  government  stats"
islam,18484,"
 Public  P GP  key 
 
 PG P  fingerprint :  91 CF  B 387  7 B 38  148 C  D DD 6  38 D 2  6 CBC  1 E 46  1 DB F  22 A  Look  At  The  New  Music  In  1 . 9 . 2 
 
 6 : 48  AM  Will  Sterling  2  Comments 
 
 New  Island  Music 
"
islam,18484,"
 Here âĢ Ļ s  the  thing .  Pay ing  upwards  of  $ 100 . 00  for  a  Her ocl ix  is  kind  of  insane  for  me .  I âĢ Ļ ll  admit  that  I âĢ Ļ ve  bought  expensive  pieces  in  the  $ 70 . 00  range ,  but  those  are  few  and  far  between .  Ent ities  have  been  herald ed"
islam,18484,"
 When  the  K lie g  lights  are  turned  on  at  the  must - see  debates  next  fall ,  though ,  don 't  expect  the  candidates  to  tread  on  such  common  ground .  Christie  will  look  to  smash  what  one  Republican  operative  described  as  Booker 's  âĢ ľ glass  jaw âĢ Ŀ  by  attacking  him  for  being  the  same  kind  of  tax -"
islam,18484,"
 When :  Friday  August  22 ,  2014 
 
 Where :  Del  Mar  Fair grounds 
 
 Description :  Del  Mar  Race  Track  continues  their  Summer  Concert  Series  with  FREE  4  O âĢ Ļ Clock  Friday  Concert s .  Get  in  the  Summer  groove  with  Local  Show case  on  August  22 nd  which  features  Silent  Comedy ,  Transfer  and  V ok ab"
islam,18484,"
 G aby  H ins l iff  is  a  columnist  at  the  Guardian 
 
 ———————— —— — 
 
 This  article  originally  appeared  in  the  International  Women âĢ Ļ s  Day  special  edition  guest - edited  by  broadcaster  and  former  adviser  to  Ed  Miliband  and  Harriet  Har man ,  A yes ha  Haz ar ika . 
 
 If  you  are  a"
islam,18484,"ll  find  someone  to  travel  with  from  there  to  T iber ias . 
 
 We  found  one  man  who  asked  if  we  were  looking  for  a  wagon  to  T iber ias  and  told  us  he  was  at  our  disposal .  I  asked  him  how  much  it  would  cost .  Sh mary a  cut  in  and  told  the  wagon er ,  âĢ ľ"
islam,18484," on  an  individual .  If  someone  is  not  up  to  a  task ,  he  is  trained  to  do  things  that  he  is  capable  of .  That  does  not  mean  there  are  no  targets  and  we  are  all  very  aggressive  about  that .  In  that  sense ,  it  is  like  any  other  F MC G  company  with  accountability . âĢ Ŀ  There  is  criticism"
islam,18484,"Girls  Trip  ( UN I ):  $ 676 K  int l  weekend  ( 5  markets );  $ 23 M  int l  c ume 
 
 M arrow bone  ( UN I ):  $ 245 K  int l  weekend  ( Spain  only );  $ 7 . 7 M  Spanish  c ume 
 
 NEW  LOC AL  TIT LES 
 
 Universal  Perfect os  Des"
islam,18484," for  the  stay  at  Dign ity  House  and  a  mandatory  $ 600  for  "" End  of  Life  Camera ,""  which  will  record  the  patient 's  last  hours . 
 
 Optional  fees  include  $ 400  for  End  of  Life  Cater ing ,  $ 400  for  End  of  Life  Security  –  a  consultation  with  a  "" cert ified  security  agent ""  –  $ 400"
islam,18484,"ont in uity  from  the  Bur j  Khal ifa 
 
 The  Bur j  Khal ifa  represented  a  large  ( 175  year )  discontin uity  in  the  trend  of  maximum  building  heights  over  time .  It  did  not  represent  a  particular  discontin uity  in  the  trend  of  maximum  structure  heights  over  time . Most  light  emit ters ,  from  candles  to  light  bulbs"
islam,18484," get  him  in  trouble  with  the  people  above  him . 
 
 I  asked  for  a  letter  that  would  give  the  reason  for  firing  me .  He  said  it  was  because  we  didn âĢ Ļ t  have  good  Social  Security  numbers  –  we  didn âĢ Ļ t  have  papers .  I  said  they  knew  that  when  they  hired  us .  In  the  two"
islam,18484," are  empowered  to  evaluate  your  dependent 's  passport  on  the  spot  and  immediately  return  the  passport . 
 
 When  it  comes  to  IT IN s  for  depend ents  only  IRS  employees  serving  as  cert ifying  acceptance  agents  are  empowered  to  evaluate  your  dependent 's  passport  on  the  spot  and  immediately  return  the  passport . This  is  the  full  4 - 1 -"
islam,18484," never  happens  again . âĢ Ŀ 
 
 On  July  26 ,  Payne  went  to  the  U âĢ Ļ s  hospital  in  search  of  a  patient âĢ Ļ s  blood  on  behalf  of  the  Logan  Police  Department .  When  W ubb els  refused  to  give  him  a  sample  under  policy  agreed  to  by  the  hospital  and  S LC PD ,  Payne  arrested  her"
islam,18484,"3  million  in  2016  dollars )  to  teach  âĢ ľ people  who  had  never  had  a  course  in  bi ochemistry âĢ¦  that  sugar  is  what  keeps  every  human  being  alive  and  with  energy  to  face  our  daily  problems . âĢ Ŀ 12 
 
 Growing  Evidence  That  Suc rose  Elev ates  Ser um  Ch olesterol  Level 
 
 In  1962 ,  the  SR"
islam,18484,". 
 
 S ter ling  had  pulled  into  the  entrance  in  his  car  as  he  arrived  for  City âĢ Ļ s  pre - match  preparations ,  at  which  point  he  is  believed  to  have  been  confronted  by  the  man  hur ling  a  barrage  of  abuse  at  him . 
 
 Te legraph  Sport  understands  that  Sterling  got  out  of  his  car  to"
islam,18484," Quality  ( A HR Q ),  and  cut  the  funding  of  another ,  the  Patient - Cent ered  Out comes  Research  Institute  ( PC OR I ).  The  puzzle  is  why . 
 
 One  possible  reason  is  that  Republicans  oppose  taxpayer  funding  of  all  scientific  research  as  a  matter  of  principle .  Yet  the  same  House  Appropriations  Committee  draft  bill  that  targets"
islam,18484," were  provided  to  students  and  staff  according  to  Jeff  Helm ,  Director  of  Information  Technology  and  Facilities  for  the  campus .  So  far ,  1 , 160  bottles  of  water  have  been  delivered  to  campus ,  and  additional  distilled  water  for  kitchen  use . 
 
 IU  Health  Ball  Memorial  Hospital  has  put  in  place  contingency  plans  so  that  its  patients  and  employees"
islam,18484,",  officials  quoted  by  Reuters  say .  The  first  100  are  scheduled  to  arrive  soon .  The  US  army  is  sending  up  to  3 , 500  soldiers  to  Haiti ,  officials  quoted  by  Reuters  say .  The  first  100  are  scheduled  to  arrive  soon . 
 
 13 25  Haitian  actor  Jimmy  Jean - Louis ,  who  starred  in  the  Heroes  TV  series"
islam,18484," effective  line ups .  Middle ton  ranks  this  high  on  our  list  because  he  makes  that  balance  look  easy .  Rare  are  the  wings  who  can  take  over  when  called ,  step  back  when  needed ,  and  defend  effectively  throughout .  Middle ton  qualifies ,  and  the  proportional  dimensions  of  his  game  render  the  25 - year - old  as  one  of  the"
islam,18484," the  relevant  actors  ( at  both  EU  and  Member  State  level )  in  efforts  to  ensure  a  timely  and  well - informed  response  to  the  new  opportunities  and  challenges . 
 
 Meanwhile  the  European  Central  Bank  ( EC B )  showed  âĢ ľ open ness  to  new  technologies âĢ Ŀ  and  said  that  it  intends  to  assess  the  relevance  of  blockchain  and"
islam,18484," working  toward  meeting  the  requirements .  âĢ ľ Space X  takes  planetary  protection  seriously ,  and  we  are  working  with  relevant  NASA  officials  to  ensure  proper  procedures  are  followed , âĢ Ŀ  he  told  Ars . 
 
 Is  SpaceX  working  with  NASA ,  then ? 
 
 NASA  is  providing  advice  and  guidance  to  SpaceX  through  a  Space  Act  Agreement .  The"
islam,18484,"10 , 000  Days  ( W ings  Pt .  2 ),""  both  of  which  clock  in  at  11 : 14 .  Near  the  end  of  the  disc  are  the  substantially  lengthy  "" Int ension ""  ( 7 : 21 )  and  "" Right  in  Two ""  ( 8 : 56 ). 
 
 "" 10 , 000  Days ""  is  the  follow -"
islam,18484," it  seems  that  nobody  was  interested  in  checking  up  on  this .  Either  they  simply  believed  or  discounted  the  documents  completely . 
 
 In  fact ,  a  Rabbi  de  Falk ,  also  known  as  Cain  Chen uel  Falk ,  was  a  noted  cabal ist  and  magician  living  in  London  around  this  time ,  the  late  1700 s .  His  âĢ ľ son"
islam,18484,";  such  factory - produced  units  are  called  "" split - rib ""  or  "" split - face ""  blocks .  Blocks  may  be  scored  by  gro oves  the  width  of  a  mortar  joint  to  simulate  different  block  modules .  For  example ,  an  8 - by - 16 - inch  ( 200  mm  ÃĹ  410  mm )  block  may  be  scored  in"
islam,18484," time  this  summer  to  work  on  her  ATP  foundation ,  which  promotes  alternative  travel .  She  spent  time  meeting  with  people  from  Google ,  Metro  as  well  as  the  White  House  discussing  the  issue  that  she  is  very  passionate  about .  âĢ ľ I  think  this  project  is  part  of  next  chapter  of  what  our  planet  will  look  like  as  within  the  next"
islam,18484,)  0 . 68  Middle  school  12  ( 11 . 7 )  26  ( 23 . 6 )  < 0 . 05  High  school  22  ( 21 . 4 )  14  ( 12 . 7 )  0 . 10  University  24  ( 23 . 3 )  18  ( 16 . 4 )  0 . 23  Occup ational  status  Household  48  ( 46 .
islam,18484,"y bridge ,  Conservative ) 
 
 14 : 51 : 01  George  K ere van  MP  ( East  L oth ian ,  Scottish  National  Party ) 
 
 14 : 52 : 00  R t  Hon  Philip  Hammond  MP ,  The  Chancellor  of  the  Ex che quer  ( Run ny med e  and  We y bridge ,  Conservative ) 
 
 14"
islam,18484," specifically  focus  on  a  set  of  variables  related  to  a  given  domain 's  attitude  strength .  Concept ually  and  empir ically ,  attitude  strength / inv olve ment  is  negatively  related  to  dialect ical  forms  of  complexity  ( see  Conway  et  al .,  2008 ;  Conway  et  al .,  2011 ).  Thus ,  it  is  possible  that  liberals  and  conservatives  differ  on  what"
islam,19474," adding  a  half - meter  of  water .  The  water  evapor ates  by  summer ,  leaving  behind  a  three - inch  layer  of  salt  gran ules  ready  for  harvest .  The  salt  forms  because  the  lake  is  end or he ic ,  meaning  it  has  no  out flow . 
 
 F lam ing os  are  seen  at  T uz  Lake  on  July"
islam,19474,",  as  is  the  overall  intrusion  into  then  privacy  of  the  citizen ry ."" 
 
 This  represents  the  unanimous  view  of  the  firms  that  are  to  replace  the  Â£ 12 bn  data  sil o  planned  before  the  crisis  in  public  finances .  The  new  policy  announced  in  April  by  the  un lam ented  former  home  secretary ,  Jacqu i  Smith ,  was"
islam,19474,"asty !"",  which  was  voiced  by  series  sound  designer  Dan  Ford en  during  a  variation  of  Scorpion 's  "" F lam ing  Skull ""  Fat ality  or  at  random  when  any  of  the  game 's  characters  landed  an  u pperc ut .  According  to  Tobias ,  it  first  originated  as  "" You 're  Toast !"",  which  was  a  taunt  band ied  among  the"
islam,19474," game .""[ 94 ] 
 
 Special  moves  and  Fatal ities  have  been  mostly  very  well  received ,  too .  In  2010 ,  IGN  listed  Scorpion 's  "" F lam ing  Skull ""  as  the  second  best  MK  Fat ality  without  specifying  any  particular  title  in  the  series ,  due  to  how  the  player 's  perception  of  the  character  changes  when  he  removes"
islam,19474,".  Scorpion ,  however ,  has  found  a  new  way  to  use  his  favorite  weapon  for  maximum  damage .""[ 103 ]  Paste  rated  it  the  fourth  best  Fat ality  from  MK 2011 ,  in  addition  to  rating  the  "" F lam ing  Skull ""  as  the  third  best  fin isher  from  the  first  game .[ 104 ]  Complex  ranked  the  "" F lam"
islam,19474,".  Scorpion ,  however ,  has  found  a  new  way  to  use  his  favorite  weapon  for  maximum  damage .""[ 103 ]  Paste  rated  it  the  fourth  best  Fat ality  from  MK 2011 ,  in  addition  to  rating  the  "" F lam ing  Skull ""  as  the  third  best  fin isher  from  the  first  game .[ 104 ]  Complex  ranked  the  "" F lam"
islam,19474," and  won  the  series  and  advance  to  the  final  of  the  $ 250 , 000  event ,  with  players  E gor  "" f lam ie ""  Vas ily ev  and  Ale ks andr  "" s 1 m ple ""  K ost yl iev  having  strong  performances . 
 
 After wards ,  we  caught  up  with  Lad isl av  "" Guard ia N"
islam,19474," many  likes  their  new  Facebook  profile  picture  gets . 
 
 If  Generation  X  dreaded  the  awkward  year book  shot  and  the  mort ifying  middle  school  âĢ ľ g lam our  shot , âĢ Ŀ  today âĢ Ļ s  generation  has  a  dozen  more  platforms  to  hate  themselves  on . 
 
 They âĢ Ļ re  celebrities  in  their  own  mini - world"
islam,19474,".  Specifically ,  if  the  average  number  of  goals  in  a  game  is  lam ,  the  distribution  of  goals  per  game  is  given  by  the  Po isson  PM F :  def  Eval Po isson P m f ( k ,  lam ):  return  ( lam ) ** k  *  math . exp (- lam )  /  math . fact orial ( k )"
islam,19474," regarding  my  inquiry ,  or  the  courtesy  of  forwarding  these  questions  to  someone  who  will  provide  as  much . 
 
 Kind  Reg ards , 
 
 Paul  E lam 
 
 Cl aire  McL ister âĢ Ļ s  email  address : 
 
 flight comment @ air nz . co . nz Four  hours  after  three  suicide  bombers  killed  at  least  41"
islam,19474," us  ( p interest . com / is lam wich ).  Follow  us  on  twitter  (@ is lam wich ). 
 
 Like  the  post ,  share  it ,  pin  it ,  comment  on  it ,  and / or  do  whatever  social  media  magic  it  is  that  you  prefer .  Find  out  more  about  us  in  the  understandably  named  âĢ ľ About âĢ"
islam,19474," us  ( p interest . com / is lam wich ).  Follow  us  on  twitter  (@ is lam wich ). 
 
 Like  the  post ,  share  it ,  pin  it ,  comment  on  it ,  and / or  do  whatever  social  media  magic  it  is  that  you  prefer .  Find  out  more  about  us  in  the  understandably  named  âĢ ľ About âĢ"
islam,19474," "" F lam ing  Skull ""  from  the  original  MK .[ 100 ][ 101 ][ 102 ]  We  Got  This  C overed  ranked  the  "" N ether  Gate ""  among  the  reboot 's  top  fin ishers :  "" Sub - Zero  does  another  spine  rip  in  this  game ,  but  it âĢ Ļ s  not  as  rep ulsive  as  it  was  a  decade"
islam,19474," place  for  some  time . 
 
 Mr  E lam ,  thank  you  once  again  for  taking  the  time  to  write  in  to  us .  I  trust  that  I  have  been  able  to  address  some  of  your  concerns ,  and  that  we  may  have  the  opportunity  of  welcoming  you  and  your  wife  onboard  our  flights  again  in  the  future . 
 
 Kind"
islam,19474,"f . Normal ize ()  return  pm f  The  range  of  values  in  the  computed  P m f  is  from  0  to  high .  So  if  the  value  of  lam  were  exactly  3 . 4 ,  we  would  compute :  lam  =  3 . 4  goal _ dist  =  think bay es . Make Po isson P m f ( lam ,  10"
islam,19474," beliefs  âĢ¦  and  rights  to  have  them . 
 
 Follow  us  ( upper  right  of  the  page ).  Email  us  ( is lam wich @ yahoo . com ).  Like  our  face  with  your  face  on  Facebook  ( facebook . com / is lam wich ).  T umble  with  us  on  Tumblr  ( is lam wich . tumblr . com ).  Pin"
islam,19474," beliefs  âĢ¦  and  rights  to  have  them . 
 
 Follow  us  ( upper  right  of  the  page ).  Email  us  ( is lam wich @ yahoo . com ).  Like  our  face  with  your  face  on  Facebook  ( facebook . com / is lam wich ).  T umble  with  us  on  Tumblr  ( is lam wich . tumblr . com ).  Pin"
islam,19474," a  trunc ated  approximation  of  a  Po isson  distribution :  def  Make Po isson P m f ( lam ,  high ):  pm f  =  P m f ()  for  k  in  x range ( 0 ,  high + 1 ):  p  =  Eval Po isson P m f ( k ,  lam )  pm f . Set ( k ,  p )"
islam,19474,". 4  time _ dist  =  think bay es . Make Exp onential P m f ( lam ,  high = 2 ,  n = 101 )  high  is  the  upper  bound  of  the  distribution .  In  this  case  I  chose  2 ,  because  the  probability  of  going  more  than  two  games  without  scoring  is  small .  n  is  the  number  of  values"
islam,19474,"ressed  in  a  bur k ha ,  she  said ,  âĢ ľ As lam âĢ Ļ s  ( Sh a ikh )  men  have  been  coming  to  our  area  for  3 - 4  days  and  registering  us  for  the  event .  They  gave  us  passes  and  even  arranged  a  bus  for  us .  Today  morning ,  we  were  given  b iry ani ,"
islam,19474," people  were  given  v ada - p av  and  packaged  water  since  they  had  been  waiting  for  hours .  The  crowds  largely  consisted  of  people  from  the  Mal ad ,  Kand iv li ,  Ch ark op  areas ,  including  Mal w ani ,  Congress  MLA  As lam  Sha ikh âĢ Ļ s  stronghold .  San jay  Nir up am ,  K rip"
islam,19474," the  distribution  of  time  between  goals  is  given  by  the  exponential  PDF :  def  Eval Exp onential P df ( x ,  lam ):  return  lam  *  math . exp (- lam  *  x )  I  use  the  variable  lam  because  lambda  is  a  reserved  keyword  in  Python .  Both  of  these  functions  are  in  think bay es . py  .  7 ."
islam,19474," right  weather  conditions  you 'll  kill  up  to  30 , 000  people ,  but  you 'll  probably  get  more  like  2 , 000 .  All  for  about  10 , 000  dollars ,  2  weeks  of  work ,  and  shit  you  can  buy  at  Walmart . 
 
 V X  is  O - Eth yl  S -( 2 - di is op ropy lam"
islam,19474,"Full  T ilt  Poker – Se idel  is  pretty  much  the  epic enter  of  the  poker  economy  at  this  point . 
 
 Where  all  of  this  places  Se idel  on  poker âĢ Ļ s  all - time  winning est  player  list  is  still  deb atable ,  depending  on  what  tournaments  you  include  for  your  list .  He âĢ Ļ s  either  first"
islam,19474,"osph ory l  chloride ,  212  grams  of  dim ethy lam ino eth an eth iol ,  and  212  grams  of  tri ethy lam ine .  it  is  very  important  that  the  glass ware  be  very  dry ,  and  that  the  ingredients  es pes cially  the  methyl  eth oxy ph osph ory l  chloride  be  protected  from  moisture ,  because  the  presence  of"
islam,19474, he e ft  zo als  recent el ijk  be we zen  polit ie ke  g ev ol gen .  De  ver lie zers  van  de  global is ering  en  de  k le ine  global is ering - gen a amd - Euro p ese - een he ids mark t  ro eren  z ich .  H et  k aba al  is  he t
islam,19474,"ering . 
 
 West - Euro p ese  land en  z ijn  die  d ans  tot  nu  toe  on ts pr ong en  ma ar  de  EU  z al  mo et en  be w ij zen  dat  ze  de  m ensen  kan  bes cher men  zo als  de  Fran se  president  Macron  bel oo ft .  Dat  he t  v oor  re"
islam,19474,"Ļ t  be  a  more  exciting  time  to  be  playing  in  both  worlds  right  now . âĢ Ŀ 
 
 Also  read :  The Gr ill :  Market - Research  Leader  Bru zz ese  –  Our  Industry  Is  Broken  ( Video ) 
 
 And  there âĢ Ļ s  no  bigger  nexus  point  than  YouTube  —  another  thing  the  panel ists  don âĢ"
islam,19474," team  of  astronomers  and  planetary  scientists  has  used  Subaru  Telescope 's  two  optical  cameras ,  Sup r ime - Cam  and  the  F aint  Object  Camera  and  Spect rog raph  ( F OC AS ),  with  a  blue  transmission  filter  to  observe  planetary  trans its  of  super - Earth  G J  12 14  b  ( Gil ese  12 14  b )  ( Figure"
islam,19474," trees  on  a  tram  platform  in  the  whole  of  Manchester . 
 
 The  water  feature  was  turned  on  close  to  the  new  Met rol ink  stop  for  the  first  time  to  mark  the  completion  of  the  major  transformation  of  the  area . 
 
 Leader  of  Manchester  City  Council  Sir  Richard  Le ese  said :  âĢ ľ This  water  feature  is  the"
islam,19474,"eem er ging  Scheme  for  young  artists  at  Amb ron ay .  At  the  centre  of  this  programme  now  recorded  through  that  same  E eem er ging  Scheme  is  the  first  of  Hay dn âĢ Ļ s  late - life  op . 77  pair  of  string  quart ets  of  17 99 ,  commissioned  by  the  wealthy  Vi enn ese  patron  Prince  Max imil"
islam,19474,"
 F oto :  f iro 
 
 Er  ge h Ã¶r te  z u  den  w en igen  posit iven  Er sche in ung en  in  e iner  an son sten  se hr  m Ã¤ ÃŁ igen  Sch alker  Sa ison : 
 
 Um so  sch mer z lic her  w ird  man  in  G elsen k irc hen  Se ad"
islam,19474, the  1990 s  it  was  betting  shops  and  off - lic ences  ( l iqu or  stores ).  Now  there  are  few  armed  robberies  at  all .  As  Roger  Matthews  of  the  University  of  Kent  puts  it :  âĢ ľ You  might  make  a  thousand  pounds  and  you âĢ Ļ ll  get  caught .  What âĢ Ļ s  the  point ? âĢ Ŀ
islam,19474,"ese :  lang se p  ,  dh uku 
 
 ,  Kh mer :  long  k ong 
 
 Ind ones ian :  d uku  ,  l angs at  ,  k ok os an 
 
 ,  ,  Mal ay :  l angs at  ,  l ans a  ,  lang se h  ,  lang se p  ,  d uku  ,  do k ong"
islam,19474," http :// creat ive comm ons . org / lic enses / by - nc - sa / 3 . 0 / Dear  readers  and  friends , 
 
 now ,  that âĢ Ļ s  a  change  from  the  usual  âĢ ľ hello  everyone âĢ Ŀ  and  the  Star  Trek  title  –  must  mean  something  significant ,  yes ?  Well ,  unfortunately ,"
islam,19474," the  medical  care ,  food ,  and  loving  support  for  California âĢ Ļ s  homeless  and  abandoned  Malt ese .  Giving  these  unwanted ,  injured ,  homeless  and  abandoned  Malt ese  a  well  deserved  second  chance  with  a  new  f ure ver  home . 
 
 What :  Local  Show case  –  Silent  Comedy ,  Transfer  and  V ok ab  K omp any"
islam,19474,". 
 
 G ing rich :  ' Republicans  Will ing  to  Help  Hillary '  Bel ong  in  the  Dem .  Party 
 
 Wiki Leaks  D ump :  Top  Clinton  A ides  Mock  Catholicism ,  Evangel ical  Christianity 
 
 McC ain :  ' The  Clintons  Don 't  Live  by  the  Same  Laws  We  Do ' 
 
 Trump :  ' Sh"
islam,19474," after  leaving  public  service .  Even  though  much  had  been  written  about  the  amounts  each  of  the  Clintons  was  being  paid  for  speeches  to  corporate ,  trade - ass ociation  or  educational  institutions ,  the  revelation  last  week  that  they  have  received  about  $ 25  million  for  104  speeches  since  early  2014  was  eye - po pping . 
 
 Hillary  Clinton  likes"
islam,19474," "" the  end  of  the  world "".  The  Huffington  Post 's  Sam  Stein  snapped  back ,  "" For  these  people  affected  by  these  cuts ,  it  is  sort  of  comparable  to  the  end  of  the  world ."" 
 
 I  have  one  qu ibble  with  Stein 's  otherwise  satisfying  smack down :  "" For  the  people  affected  by  these  cuts ""  implies  that"
islam,19474,":  unknown ,  Date :  October  2004 ) 
 
 Where  2  Technologies  was  a  mapping  startup  company  based  in  Sydney ,  Australia .  The  company  was  founded  by  Lars  Rasmussen  and  J ens  Rasmussen .  Up  until  July  2005 ,  people  that  wanted  to  use  Google  Maps  was  required  to  download  software . 
 
 L ars  Rasmussen  brought  Google  Maps  to"
islam,19474,"
 At  a  press  conference ,  she  said  she  was  first  attracted  to  Ke i  Kom uro 's  "" sm ile  like  the  sun "". 
 
 "" I 've  been  aware  since  my  childhood  that  I  would  lose  royal  status  once  I  married ,""  Princess  Mak o  said .  "" While  I 've  worked  to  help  the  emperor  and  fulfil  duties  as"
islam,19474,",  the  revamped  "" H ockey  Hero ""  being  published  under  the  T und ra  Books  imprint . 
 
 That 's  not  all . 
 
 His  third  book ,  "" The  Magic ian 's  Secret ,""  is  in  its  final  stages ,  with  just  the  art  to  be  completed ;  Hy man  expects  it  to  be  published  in  the  beginning  of"
islam,19474," as  leaking  Red  Dead  Redemption  2  or  recently  reporting  that  an  LA  No ire  rem aster  might  be  on  its  way ,  recently  talked  about  this  in  a  blog  post ,  saying  that  Rock star  will  be  releasing  updates  for  a  while  âĢ ľ just  to  keep  it  alive âĢ Ŀ  but  nothing  else  apart  from  that . 
 
 âĢ ľ G"
islam,19891," adding  a  half - meter  of  water .  The  water  evapor ates  by  summer ,  leaving  behind  a  three - inch  layer  of  salt  gran ules  ready  for  harvest .  The  salt  forms  because  the  lake  is  end or he ic ,  meaning  it  has  no  out flow . 
 
 F lam ing os  are  seen  at  T uz  Lake  on  July"
islam,19891,".  Scorpion ,  however ,  has  found  a  new  way  to  use  his  favorite  weapon  for  maximum  damage .""[ 103 ]  Paste  rated  it  the  fourth  best  Fat ality  from  MK 2011 ,  in  addition  to  rating  the  "" F lam ing  Skull ""  as  the  third  best  fin isher  from  the  first  game .[ 104 ]  Complex  ranked  the  "" F lam"
islam,19891,".  Scorpion ,  however ,  has  found  a  new  way  to  use  his  favorite  weapon  for  maximum  damage .""[ 103 ]  Paste  rated  it  the  fourth  best  Fat ality  from  MK 2011 ,  in  addition  to  rating  the  "" F lam ing  Skull ""  as  the  third  best  fin isher  from  the  first  game .[ 104 ]  Complex  ranked  the  "" F lam"
islam,19891," us  ( p interest . com / is lam wich ).  Follow  us  on  twitter  (@ is lam wich ). 
 
 Like  the  post ,  share  it ,  pin  it ,  comment  on  it ,  and / or  do  whatever  social  media  magic  it  is  that  you  prefer .  Find  out  more  about  us  in  the  understandably  named  âĢ ľ About âĢ"
islam,19891," and  won  the  series  and  advance  to  the  final  of  the  $ 250 , 000  event ,  with  players  E gor  "" f lam ie ""  Vas ily ev  and  Ale ks andr  "" s 1 m ple ""  K ost yl iev  having  strong  performances . 
 
 After wards ,  we  caught  up  with  Lad isl av  "" Guard ia N"
islam,19891,"asty !"",  which  was  voiced  by  series  sound  designer  Dan  Ford en  during  a  variation  of  Scorpion 's  "" F lam ing  Skull ""  Fat ality  or  at  random  when  any  of  the  game 's  characters  landed  an  u pperc ut .  According  to  Tobias ,  it  first  originated  as  "" You 're  Toast !"",  which  was  a  taunt  band ied  among  the"
islam,19891,". 4  time _ dist  =  think bay es . Make Exp onential P m f ( lam ,  high = 2 ,  n = 101 )  high  is  the  upper  bound  of  the  distribution .  In  this  case  I  chose  2 ,  because  the  probability  of  going  more  than  two  games  without  scoring  is  small .  n  is  the  number  of  values"
islam,19891," game .""[ 94 ] 
 
 Special  moves  and  Fatal ities  have  been  mostly  very  well  received ,  too .  In  2010 ,  IGN  listed  Scorpion 's  "" F lam ing  Skull ""  as  the  second  best  MK  Fat ality  without  specifying  any  particular  title  in  the  series ,  due  to  how  the  player 's  perception  of  the  character  changes  when  he  removes"
islam,19891," game .""[ 94 ] 
 
 Special  moves  and  Fatal ities  have  been  mostly  very  well  received ,  too .  In  2010 ,  IGN  listed  Scorpion 's  "" F lam ing  Skull ""  as  the  second  best  MK  Fat ality  without  specifying  any  particular  title  in  the  series ,  due  to  how  the  player 's  perception  of  the  character  changes  when  he  removes"
islam,19891," place  for  some  time . 
 
 Mr  E lam ,  thank  you  once  again  for  taking  the  time  to  write  in  to  us .  I  trust  that  I  have  been  able  to  address  some  of  your  concerns ,  and  that  we  may  have  the  opportunity  of  welcoming  you  and  your  wife  onboard  our  flights  again  in  the  future . 
 
 Kind"
islam,19891,".  Specifically ,  if  the  average  number  of  goals  in  a  game  is  lam ,  the  distribution  of  goals  per  game  is  given  by  the  Po isson  PM F :  def  Eval Po isson P m f ( k ,  lam ):  return  ( lam ) ** k  *  math . exp (- lam )  /  math . fact orial ( k )"
islam,19891,".  Specifically ,  if  the  average  number  of  goals  in  a  game  is  lam ,  the  distribution  of  goals  per  game  is  given  by  the  Po isson  PM F :  def  Eval Po isson P m f ( k ,  lam ):  return  ( lam ) ** k  *  math . exp (- lam )  /  math . fact orial ( k )"
islam,19891," right  weather  conditions  you 'll  kill  up  to  30 , 000  people ,  but  you 'll  probably  get  more  like  2 , 000 .  All  for  about  10 , 000  dollars ,  2  weeks  of  work ,  and  shit  you  can  buy  at  Walmart . 
 
 V X  is  O - Eth yl  S -( 2 - di is op ropy lam"
islam,19891,"ressed  in  a  bur k ha ,  she  said ,  âĢ ľ As lam âĢ Ļ s  ( Sh a ikh )  men  have  been  coming  to  our  area  for  3 - 4  days  and  registering  us  for  the  event .  They  gave  us  passes  and  even  arranged  a  bus  for  us .  Today  morning ,  we  were  given  b iry ani ,"
islam,19891," people  were  given  v ada - p av  and  packaged  water  since  they  had  been  waiting  for  hours .  The  crowds  largely  consisted  of  people  from  the  Mal ad ,  Kand iv li ,  Ch ark op  areas ,  including  Mal w ani ,  Congress  MLA  As lam  Sha ikh âĢ Ļ s  stronghold .  San jay  Nir up am ,  K rip"
islam,19891," the  distribution  of  time  between  goals  is  given  by  the  exponential  PDF :  def  Eval Exp onential P df ( x ,  lam ):  return  lam  *  math . exp (- lam  *  x )  I  use  the  variable  lam  because  lambda  is  a  reserved  keyword  in  Python .  Both  of  these  functions  are  in  think bay es . py  .  7 ."
islam,19891," "" F lam ing  Skull ""  from  the  original  MK .[ 100 ][ 101 ][ 102 ]  We  Got  This  C overed  ranked  the  "" N ether  Gate ""  among  the  reboot 's  top  fin ishers :  "" Sub - Zero  does  another  spine  rip  in  this  game ,  but  it âĢ Ļ s  not  as  rep ulsive  as  it  was  a  decade"
islam,19891," many  likes  their  new  Facebook  profile  picture  gets . 
 
 If  Generation  X  dreaded  the  awkward  year book  shot  and  the  mort ifying  middle  school  âĢ ľ g lam our  shot , âĢ Ŀ  today âĢ Ļ s  generation  has  a  dozen  more  platforms  to  hate  themselves  on . 
 
 They âĢ Ļ re  celebrities  in  their  own  mini - world"
islam,19891,"f . Normal ize ()  return  pm f  The  range  of  values  in  the  computed  P m f  is  from  0  to  high .  So  if  the  value  of  lam  were  exactly  3 . 4 ,  we  would  compute :  lam  =  3 . 4  goal _ dist  =  think bay es . Make Po isson P m f ( lam ,  10"
islam,19891," a  trunc ated  approximation  of  a  Po isson  distribution :  def  Make Po isson P m f ( lam ,  high ):  pm f  =  P m f ()  for  k  in  x range ( 0 ,  high + 1 ):  p  =  Eval Po isson P m f ( k ,  lam )  pm f . Set ( k ,  p )"
islam,19891," regarding  my  inquiry ,  or  the  courtesy  of  forwarding  these  questions  to  someone  who  will  provide  as  much . 
 
 Kind  Reg ards , 
 
 Paul  E lam 
 
 Cl aire  McL ister âĢ Ļ s  email  address : 
 
 flight comment @ air nz . co . nz Four  hours  after  three  suicide  bombers  killed  at  least  41"
islam,19891," regarding  my  inquiry ,  or  the  courtesy  of  forwarding  these  questions  to  someone  who  will  provide  as  much . 
 
 Kind  Reg ards , 
 
 Paul  E lam 
 
 Cl aire  McL ister âĢ Ļ s  email  address : 
 
 flight comment @ air nz . co . nz Four  hours  after  three  suicide  bombers  killed  at  least  41"
islam,19891," vapor ization  pressure  so  it  is  more  easily  aeros oled  and  it  is  extremely  persistent  which  makes  it  good  for  area  denial . 
 
 V X  is  O - Eth yl  S -( 2 - di is op ropy lam ino ethyl )  methyl ph osph on oth io ate 
 
 V V  is  O - Eth yl  S -( 2"
islam,19891," water  bath  and  the  ref lux  is  main ten ed  for  one  hour . 
 
 the  by product  of  this  reaction ,  hydrogen  chloride ,  is  absorbed  by  the  t iet hy lam ine  as  it  is  produced ,  forming  tri ethy lam ine  hydro chlor ide  cr ist al  cr ist al 
 
 at  the  end  of  the  eating  period"
islam,19891," 4  version  in  October  --  and  may  vary  by  region .) 
 
 Sarah  T ew / C NET 
 
 Sounds  like  a  slam  dunk ,  right ?  Unfortunately ,  it 's  never  that  simple .  The  One  S  doesn 't  get  an  across - the - board  "" buy  it  now ""  recommendation  for  two  reasons .  First  off ,  it"
islam,19891,"I  feel  like  my  critics  are  probably  saying  âĢ ĺ Oh ,  good ,  he âĢ Ļ s  leaving . âĢ Ŀ 
 
 ST ORY :  Kevin  Smith  Slam s  Indie  Spirits  on  Twitter  After  His  ' Red  State '  Is  Sn ub bed 
 
 Smith  clarified  that  while  he  is  closing  the  curtain  on  theatrical  films ,  he  is  âĢ"
islam,19891,", 400  and  O so âĢ Ļ s  is  180  —  the  death  on  such  a  wide  scale  is  unimaginable .  Bog ged  down  by  relentless  rain  that  continued  Saturday ,  workers  have  failed  to  un earth  many  bodies ,  all  but  ass uring  that  the  landscape  will  be  preserved  in  the  short  term  as  a  mass  graveyard . 
 
 Nearly  every"
islam,19891," have  AB  testing .  I  think  the  major  value  when  people  complain  about  AB  testing ,  the  major  value  that  they  overlook  is  that  it  tells  you  that  you  didn 't  fuck  something  up . 
 
 Ed ith :  Yeah , 
 
 I  think  AB  testing  is  a  mis n omer .  I  think  it 's  really  risk  tolerance . 
"
islam,19891,"9 %  after  the  announcement .  AB  In be v 's  shares  rose  0 . 8 %  in  Brussels . 
 
 AB  In B ev  is  betting  that  it  can  leverage  the  broader  footprint  to  pursue  growth  opportunities  in  Africa ,  Asia  and  the  Middle  East .  It  also  expects  to  save  $ 1 . 4  billion  per  year  by  combining  operations"
islam,19891," in  the  general  case .  But  having  used  AB  testing ,  it  is  an  extremely  useful  tool  to  roll  features  out  slowly  and  that 's  what  I  think  even  in  B 2 B  case . 
 
 Ed ith :  I  think  it  really  depends  on  your  B 2 B .  Because  I  have  heard  some  horror  stories  about  people  who  try  to"
islam,19891,"cause  you  are  missing  a  key  thing  ' b out  Rub es .""  Weiss  could  feel  Yang  take  a  deep  breath  before  letting  it  out .  "" I 'm  not  supposed  to  say  this  either ,  mind  you ,  but  Ruby  has  a  huge  crush  on  Blake ."" 
 
 Weiss  had  to  stop  herself  from  rolling  her  eyes .  It  was  something"
islam,19891," Noah  Doyle ,  And ria  Rub en ,  Thomas  G ew ec ke ,  and  Michael  T .  Jones .  Earth  View er  received  more  attention  when  CBS ,  ABC ,  and  CNN  used  3 D  fly - bys  for  showing  terrain . 
 
 Earth View er  âĢ ľ g rew  out  of  a  tradition  of  technology  for  flight  sim ulators ,"
islam,19891,",  even  though  GM  Rub en  Am aro  Jr .  insists  it 's  only  the  media  that  is  making  an  issue  of  this .  "" Honestly ,""  Am aro  told  R umb lings ,  "" I  don 't  think  about  his  situation  at  all .""  Asked  if  he  was  concerned  about  how  his  players  would  respond  to  having  a  manager  with  an  uncertain"
islam,19891,"âĢ Ļ t  cross  the  streams !).  Throughout  the  campaign  I  was  surprised  by  the  positive  yes  rate ,  which  ended  at  61 %.  I  was  expecting  the  mobile  port  to  have  a  more  substantial  negative  impact .  Even  the  comments  section  was  mostly  positive .  Although  there  were  some  choice  comments  slamming  the  game âĢ Ļ s  more  casual  design  and  the"
islam,19891," saw  the  frightening  flip  side  of  that  decision .  The  Steelers  played  their  starters  in  the  meaningless  finale  against  the  Browns .  And  near  the  end  of  the  first  half  quarterback  Ben  Ro eth lis berger  was  slammed  to  the  ground .  He  spent  at  least  10  minutes  there ,  before  being  removed  on  a  back  board  with  a  concussion . 
 
"
islam,19891," consider  the  chemical  peculiar ities  of  the  lunar  rock . Upon  analysis ,  American  scientists  have  found  chrom ium ,  titanium  and  z ir con ium  in  it .  These  are  all  metals  with  ref ract ory ,  mechanically  strong  and  anti - cor ros ive  properties . A  combination  of  them  all  would  have  env iable  resistance  to  heat  and  the  ability"
islam,19891,",  crazy  awkward  and  ( to  me )  dis re se p ct ful !  —  Christy  (@ be ach bum d oll )  May  29 ,  2017 
 
 âĢ¦  Get  a  life  people .  It âĢ Ļ s  Memorial  Day . 
 
 Follow  Jon  Levine  on  Twitter  /  Facebook . 
 
 Have  a  tip  we  should  know ?  tips"
islam,19891," a  polite  woman .  There  is  no  record  of  W oll stone craft âĢ Ļ s  views  on  this  portrait .  But  her  comments  on  sitting  for  the  portrait  below ,  at  about  the  same  time  are ,  however ,  revealing . She  wrote  to  her  supporter  William  Ros coe ,  stating  that  âĢ ĺ I  do  not  imagine  that  it  will  be"
islam,19891," established  a  national  RED D  agency  ( Red ucing  Em issions  from  De forestation  and  Forest  De gradation ),  and  issued  regulations  to  protect  remaining  forests . 
 
 But  in  a  country  notorious  for  its  entrenched  political  economy  of  k or ups i ,  k oll us i  and  ne pot ism e  ( hard ly  needing  translation )  these  efforts  have"
islam,19891,v ole - CS F  In ox  0 : 02 : 20  37  Gustav  Lar sson  ( Swe )  I AM  Cycling  0 : 02 : 34  38  Matth ias  Br Ã¢ nd le  ( Aut )  I AM  Cycling  0 : 02 : 45  39  Fr ant ise k  Rab on  ( C ze )  Omega  Pharma - Quick - Step  Cycling
islam,19891," will  receive  game  designer  credit .  All  Rewards  &  Stretch  Goals  from  AN TI QU ITY 
 
 DOM EST IC  SH IPP ING 
 
 Dom estic  shipping  in  the  US  will  be  added  to  your  pledge .  The  price  represents  the  estimated  USPS  shipping  costs  for  the  content  included  for  that  pledge .  The  versions  with  two  books  require  more  shipping"
islam,19891,",  flying  related  anxiety ,  and  more .  Patients  treated  at  VR MC  often  have  ph ob ias  so  severe  that  facing  their  fear — be  it  spiders ,  blood ,  flying ,  etc .— in  the  real  world  would  be  simply  incon ceivable .  VR  gives  people  with  ph ob ias  the  ability  and  power  to  confront  their  fears  head  on  in"
islam,19891," drink er ,  cat  owner '.  He 's  the  artist  behind  web  comic  Moon beard .  These  surreal ,  standalone  cartoons  often  feature  surprising  twists ,  and  they 're  well  worth  a  browse .  You  can  also  browse  his  work  via  his  Instagram  feed . 
 
 Web com ic  Name  first  appeared  in  July  2016  and  swiftly  became  a  firm  favourite ."
islam,19891," three  levels  of  government ,  not  to  mention  community  opposition ,  environmental  studies ,  so  there âĢ Ļ s  a  fair  degree  of  long  shot  in  Bob  Del uce âĢ Ļ s  plans  for  Porter  today ,""  said  Kok onis ,  who  also  questioned  how  the  expansion  will  be  financed . 
 
 In  a  separate  interview  with  The  Canadian  Press ,  Kok"
islam,19891,"re  looking  for  everyone  to  pay .  I âĢ Ļ m  in  a  three - bedroom  dup lex  and  they  want  âĤ¬ 18 , 000 .  My self  and  my  husband  have  two  children  and  we  both  work ,  but  I  don âĢ Ļ t  know  where  we âĢ Ļ re  going  to  get  this  money . âĢ Ŀ 
 
 In  the"
islam,21099," Sne aky Sty L  He iro phant  prin ny bat  Bam fx o  Mit ko  A se ity 
 
 Hon orable  Ment ions : 
 
 K ol ab  F uzz y L lam as  IR am esses l  Ded Red 7  IM B 0 re D 
 
 Random ly - selected  Winners : 
 
 Angel ic Dragon  But ters"
islam,21099,"su ite ):  met ap m f  =  think bay es . P m f ()  for  lam ,  prob  in  suite . Items ():  pm f  =  think bay es . Make Po isson P m f ( lam ,  10 )  met ap m f . Set ( pm f ,  prob )  mix  =  think bay es . Make M"
islam,21099,"f . Normal ize ()  return  pm f  The  range  of  values  in  the  computed  P m f  is  from  0  to  high .  So  if  the  value  of  lam  were  exactly  3 . 4 ,  we  would  compute :  lam  =  3 . 4  goal _ dist  =  think bay es . Make Po isson P m f ( lam ,  10"
islam,21099,".  def  Make Goal Time P m f ( su ite ):  met ap m f  =  think bay es . P m f ()  for  lam ,  prob  in  suite . Items ():  pm f  =  think bay es . Make Exp onential P m f ( lam ,  high = 2 ,  n = 2001 )  met ap m f ."
islam,21099,". 4  time _ dist  =  think bay es . Make Exp onential P m f ( lam ,  high = 2 ,  n = 101 )  high  is  the  upper  bound  of  the  distribution .  In  this  case  I  chose  2 ,  because  the  probability  of  going  more  than  two  games  without  scoring  is  small .  n  is  the  number  of  values"
islam,21099,". 4  time _ dist  =  think bay es . Make Exp onential P m f ( lam ,  high = 2 ,  n = 101 )  high  is  the  upper  bound  of  the  distribution .  In  this  case  I  chose  2 ,  because  the  probability  of  going  more  than  two  games  without  scoring  is  small .  n  is  the  number  of  values"
islam,21099," us  ( p interest . com / is lam wich ).  Follow  us  on  twitter  (@ is lam wich ). 
 
 Like  the  post ,  share  it ,  pin  it ,  comment  on  it ,  and / or  do  whatever  social  media  magic  it  is  that  you  prefer .  Find  out  more  about  us  in  the  understandably  named  âĢ ľ About âĢ"
islam,21099," us  ( p interest . com / is lam wich ).  Follow  us  on  twitter  (@ is lam wich ). 
 
 Like  the  post ,  share  it ,  pin  it ,  comment  on  it ,  and / or  do  whatever  social  media  magic  it  is  that  you  prefer .  Find  out  more  about  us  in  the  understandably  named  âĢ ľ About âĢ"
islam,21099," us  ( p interest . com / is lam wich ).  Follow  us  on  twitter  (@ is lam wich ). 
 
 Like  the  post ,  share  it ,  pin  it ,  comment  on  it ,  and / or  do  whatever  social  media  magic  it  is  that  you  prefer .  Find  out  more  about  us  in  the  understandably  named  âĢ ľ About âĢ"
islam,21099," a  trunc ated  approximation  of  a  Po isson  distribution :  def  Make Po isson P m f ( lam ,  high ):  pm f  =  P m f ()  for  k  in  x range ( 0 ,  high + 1 ):  p  =  Eval Po isson P m f ( k ,  lam )  pm f . Set ( k ,  p )"
islam,21099,"ressed  in  a  bur k ha ,  she  said ,  âĢ ľ As lam âĢ Ļ s  ( Sh a ikh )  men  have  been  coming  to  our  area  for  3 - 4  days  and  registering  us  for  the  event .  They  gave  us  passes  and  even  arranged  a  bus  for  us .  Today  morning ,  we  were  given  b iry ani ,"
islam,21099,"ressed  in  a  bur k ha ,  she  said ,  âĢ ľ As lam âĢ Ļ s  ( Sh a ikh )  men  have  been  coming  to  our  area  for  3 - 4  days  and  registering  us  for  the  event .  They  gave  us  passes  and  even  arranged  a  bus  for  us .  Today  morning ,  we  were  given  b iry ani ,"
islam,21099," many  likes  their  new  Facebook  profile  picture  gets . 
 
 If  Generation  X  dreaded  the  awkward  year book  shot  and  the  mort ifying  middle  school  âĢ ľ g lam our  shot , âĢ Ŀ  today âĢ Ļ s  generation  has  a  dozen  more  platforms  to  hate  themselves  on . 
 
 They âĢ Ļ re  celebrities  in  their  own  mini - world"
islam,21099," many  likes  their  new  Facebook  profile  picture  gets . 
 
 If  Generation  X  dreaded  the  awkward  year book  shot  and  the  mort ifying  middle  school  âĢ ľ g lam our  shot , âĢ Ŀ  today âĢ Ļ s  generation  has  a  dozen  more  platforms  to  hate  themselves  on . 
 
 They âĢ Ļ re  celebrities  in  their  own  mini - world"
islam,21099," the  distribution  of  time  between  goals  is  given  by  the  exponential  PDF :  def  Eval Exp onential P df ( x ,  lam ):  return  lam  *  math . exp (- lam  *  x )  I  use  the  variable  lam  because  lambda  is  a  reserved  keyword  in  Python .  Both  of  these  functions  are  in  think bay es . py  .  7 ."
islam,21099," the  distribution  of  time  between  goals  is  given  by  the  exponential  PDF :  def  Eval Exp onential P df ( x ,  lam ):  return  lam  *  math . exp (- lam  *  x )  I  use  the  variable  lam  because  lambda  is  a  reserved  keyword  in  Python .  Both  of  these  functions  are  in  think bay es . py  .  7 ."
islam,21099," beliefs  âĢ¦  and  rights  to  have  them . 
 
 Follow  us  ( upper  right  of  the  page ).  Email  us  ( is lam wich @ yahoo . com ).  Like  our  face  with  your  face  on  Facebook  ( facebook . com / is lam wich ).  T umble  with  us  on  Tumblr  ( is lam wich . tumblr . com ).  Pin"
islam,21099," beliefs  âĢ¦  and  rights  to  have  them . 
 
 Follow  us  ( upper  right  of  the  page ).  Email  us  ( is lam wich @ yahoo . com ).  Like  our  face  with  your  face  on  Facebook  ( facebook . com / is lam wich ).  T umble  with  us  on  Tumblr  ( is lam wich . tumblr . com ).  Pin"
islam,21099," beliefs  âĢ¦  and  rights  to  have  them . 
 
 Follow  us  ( upper  right  of  the  page ).  Email  us  ( is lam wich @ yahoo . com ).  Like  our  face  with  your  face  on  Facebook  ( facebook . com / is lam wich ).  T umble  with  us  on  Tumblr  ( is lam wich . tumblr . com ).  Pin"
islam,21099," beliefs  âĢ¦  and  rights  to  have  them . 
 
 Follow  us  ( upper  right  of  the  page ).  Email  us  ( is lam wich @ yahoo . com ).  Like  our  face  with  your  face  on  Facebook  ( facebook . com / is lam wich ).  T umble  with  us  on  Tumblr  ( is lam wich . tumblr . com ).  Pin"
islam,21099," regarding  my  inquiry ,  or  the  courtesy  of  forwarding  these  questions  to  someone  who  will  provide  as  much . 
 
 Kind  Reg ards , 
 
 Paul  E lam 
 
 Cl aire  McL ister âĢ Ļ s  email  address : 
 
 flight comment @ air nz . co . nz Four  hours  after  three  suicide  bombers  killed  at  least  41"
islam,21099," regarding  my  inquiry ,  or  the  courtesy  of  forwarding  these  questions  to  someone  who  will  provide  as  much . 
 
 Kind  Reg ards , 
 
 Paul  E lam 
 
 Cl aire  McL ister âĢ Ļ s  email  address : 
 
 flight comment @ air nz . co . nz Four  hours  after  three  suicide  bombers  killed  at  least  41"
islam,21099," and  won  the  series  and  advance  to  the  final  of  the  $ 250 , 000  event ,  with  players  E gor  "" f lam ie ""  Vas ily ev  and  Ale ks andr  "" s 1 m ple ""  K ost yl iev  having  strong  performances . 
 
 After wards ,  we  caught  up  with  Lad isl av  "" Guard ia N"
islam,21099," and  won  the  series  and  advance  to  the  final  of  the  $ 250 , 000  event ,  with  players  E gor  "" f lam ie ""  Vas ily ev  and  Ale ks andr  "" s 1 m ple ""  K ost yl iev  having  strong  performances . 
 
 After wards ,  we  caught  up  with  Lad isl av  "" Guard ia N"
islam,21099,"
 Dear  Mr  E lam 
 
 Thank  you  for  your  email  regarding  your  recent  flights  with  us . 
 
 It  was  a  pleasure  to  read  your  comments  regarding  the  excellent  standard  of  service  which  you  received  on  your  flights  with  us ,  and  that  you  had  an  enjoyable  stay  in  New  Zealand .  It  is  certainly  always  encouraging  to  receive  feedback"
islam,21099," place  for  some  time . 
 
 Mr  E lam ,  thank  you  once  again  for  taking  the  time  to  write  in  to  us .  I  trust  that  I  have  been  able  to  address  some  of  your  concerns ,  and  that  we  may  have  the  opportunity  of  welcoming  you  and  your  wife  onboard  our  flights  again  in  the  future . 
 
 Kind"
islam,21099," people  were  given  v ada - p av  and  packaged  water  since  they  had  been  waiting  for  hours .  The  crowds  largely  consisted  of  people  from  the  Mal ad ,  Kand iv li ,  Ch ark op  areas ,  including  Mal w ani ,  Congress  MLA  As lam  Sha ikh âĢ Ļ s  stronghold .  San jay  Nir up am ,  K rip"
islam,21099,".  Specifically ,  if  the  average  number  of  goals  in  a  game  is  lam ,  the  distribution  of  goals  per  game  is  given  by  the  Po isson  PM F :  def  Eval Po isson P m f ( k ,  lam ):  return  ( lam ) ** k  *  math . exp (- lam )  /  math . fact orial ( k )"
islam,21099,"osph ory l  chloride ,  212  grams  of  dim ethy lam ino eth an eth iol ,  and  212  grams  of  tri ethy lam ine .  it  is  very  important  that  the  glass ware  be  very  dry ,  and  that  the  ingredients  es pes cially  the  methyl  eth oxy ph osph ory l  chloride  be  protected  from  moisture ,  because  the  presence  of"
islam,21099,"osph ory l  chloride ,  212  grams  of  dim ethy lam ino eth an eth iol ,  and  212  grams  of  tri ethy lam ine .  it  is  very  important  that  the  glass ware  be  very  dry ,  and  that  the  ingredients  es pes cially  the  methyl  eth oxy ph osph ory l  chloride  be  protected  from  moisture ,  because  the  presence  of"
islam,21099,"asty !"",  which  was  voiced  by  series  sound  designer  Dan  Ford en  during  a  variation  of  Scorpion 's  "" F lam ing  Skull ""  Fat ality  or  at  random  when  any  of  the  game 's  characters  landed  an  u pperc ut .  According  to  Tobias ,  it  first  originated  as  "" You 're  Toast !"",  which  was  a  taunt  band ied  among  the"
islam,21099,"ethyl )  methyl ph osph on oth io ate 
 
 V V X  is  O - Eth yl  S -( 2 - dim ethy lam ino ethyl )  methyl ph osph on oth io ate . 
 
 New  York  is  unin hab itable  to  true  human  life  anyway .  Downtown  air  causes  all  non - y upp ies  and  hip sters"
islam,21099," into  your  agenda ,  you  lose  the  mind game  ( unless  it âĢ Ļ s  a  fatal  Fet al  AI ).  If  they  continue  into  your  trap ,  you  achieve  a  result  that  is  identical  to  simply  placing  the  trap  in  the  first  place ,  no  Tosh iy uki  required !  The  only  time  that  Tosh iy uki  really  does  something  unique  is"
islam,21099, 70  ( 68 . 0 )  62  ( 56 . 4 )  0 . 09  Wid owed  10  ( 9 . 7 )  19  ( 17 . 3 )  < 0 . 05  Div or ced  8  ( 7 . 8 )  10  ( 9 . 1 )  0 . 81  Single  15  ( 14 . 6 )  19  ( 17 . 3
islam,21099," blocks  which  can  be  paused  and  resumed  by  our  application  ( think  lightweight  threads ,  minus  the  thread  sched uler  and  less  overhead ).  Each  fiber  comes  with  a  small  4 KB  stack ,  which  makes  them  cheap  to  spin  up ,  pause  and  resume .  Best  of  all ,  a  fiber  can  yield  the  control  and  wait  until  someone  else  resumes  it"
islam,21099," U . S .  and  its  allies  were  now  fully  focused  on  taking  down  Assad âĢ Ļ s  government  in  Syria .  As  in  Libya  this  regime  change  was  to  be  framed  in  terms  of  human  rights ,  and  now  overt  support  began  to  supplement  the  backdoor  channels .  The  growing  jihadist  presence  was  swept  under  the  rug  and  covered  up . 
"
islam,21099,"
 Twenty - three  years  after  it  was  awarded  to  the  oppressive  ruler ,  Mug abe âĢ Ļ s  degree  was  revoked  by  the  same  institution  off  the  back  of  concerns  over  human  rights  injust ices  which  he  has  presided  over . 
 
 The  removal  of  this  award  made  him  the  first  international  personality  to  be  stripped  of  an  honorary  degree  by"
islam,21099," trip  would  have  been  impossible !  Seriously ,  though ,  if  Mos aic âĢ Ļ s  own  team  mis uses  terminology ,  what  about  the  rest  of  us ?  Perhaps  it  is  time  for  you  to  write  something  on  the  geographical  names  Judah ,  Israel ,  Jud aea ,  Palestine ,  etc . 
 
 Seriously ,  this  is  a  subject  that  I"
islam,21479,"re - scale ,  low - energy - cons umption ,  non - vol atile  magnet oe lect ronics . For  The  Capital 's  three - part  series ,  education  reporter  Cindy  Huang  examined  teacher  experience  levels  across  12  public  high  schools  provided  by  a  2016  database  of  school  employees ,  their  salaries ,  years  of  experience  and  obtained  through  a  public  information"
islam,21479,"s  damaged  by  torn adoes .  pic . twitter . com / IZ 00 br tz t 2  —  T ish  Clark  (@ local 24 t ish )  April  28 ,  2014 
 
 T orn ado  damage  here  in  Tup elo  pic . twitter . com / e 2 z NE Id X 5 c  —  Earl  Brown  (@ cos ine 55"
islam,21479," to  that  of  the  embedded  service ,  and  that âĢ Ļ s  going  to  produce  a  more  or  less  distinguish able  fingerprint ,  size  and  timing  of  network  packets ,  and  so  on ),  or  anomaly  detection  ( for  an  easy  one ,  if  the  HTTPS / T LS  client  fingerprint  it âĢ Ļ s  not  hidden  properly ,  we âĢ Ļ ll"
islam,21479," of  several  members .[ 1 ]  These  indict ments  created  a  sensation  after  the  background  of  the  grand  theft  was  revealed  to  the  public .[ 3 ]  May  Ot is  Blackburn  was  charged  with  twelve  counts  of  grand  theft ,  and  articles  at  that  time  referred  to  her  as  a  "" cult  leader "".[ 5 ] 
 
 According  to  Time  magazine  ,"
islam,21479," on  one  another  benign ly  and  mal ign ly .  As  they  described  in  Science  and  other  journals ,  Dr .  De  Mor a es  and  her  colleagues  have  discovered  that  seed lings  of  the  dod der  plant ,  a  parasitic  weed  related  to  morning  glory ,  can  detect  volatile  chemicals  released  by  potential  host  plants  like  the  tomato .  The  young  dod"
islam,21479," of  more  subdued  stuff ,  and  then  there  are  going  to  be  parts  of  the  story  that  call  for  crazy ,  bon kers  over - the - top  color .  She  can  do  both  of  those — I  don âĢ Ļ t  really  like  using  bright  color .  She âĢ Ļ s  well - su ited  for  it . 
 
 P aste"
islam,21479," of  guitar  solo  and  Hulk  Smash . 
 
 N JP W  offers  a  few  familiar  g ai jin  faces .  There 's  AJ  Styles ,  who  is  like  the  AJ  Styles  of  T NA  except  a  hundred  times  better ,  and  Doc  Gall ows ,  previously  known  as  Fest us  and  Luke  Gall ows  in  WWE ,  now  wearing  Mant aur  head"
islam,21479,"/ lab - safety / index . html . 
 
 ### 
 
 U . S .  DE PART MENT  OF  HE ALTH  AND  HUM AN  SERVICES Gov .  Mary  Fall in  on  Thursday  asked  Oklahoma âĢ Ļ s  Health  Care  Authority  to  cut  its  contracts  with  two  Planned  Parenthood  affiliates ,  citing  high  rates  of  billing  errors .  The  request  by"
islam,21479," in  Beijing ,  China ,  where  he  served  as  the  KGB  re z ident ,  effectively  the  agency âĢ Ļ s  chief  of  station .  He  returned  to  Moscow  and  in  1975  was  posted  under  diplomatic  cover  in  the  United  States ,  where  he  commanded  the  KGB âĢ Ļ s  station  in  New  York  until  1979 . 
 
 Upon  his  return  to"
islam,21479," of  this  proposal  is  to  add  support  for 
 
 ud p  and  tcp  sockets ,  including  support  for  multic ast 
 
 client  and  server  applications 
 
 sc al ability  to  handle  many  concurrent  connections 
 
 Prot ocol  independence  between  IPv 4  and  IPv 6 
 
 name  resolution 
 
 tim ers 
 
 to  the  C ++  Standard"
islam,21479,"S :  Patrick ,  were  you  literally  thrown  out  of  the  house  or  is  it  basically  that  you  felt  that  you  weren âĢ ĺ t  wanted  there  anymore ? 
 
 H IG G INS :  I 'm  not  really  going  to  comment  on  that  right  now  because  all  of  that  is  in  the  lawsuit .  But  practically  what  I âĢ ĺ m"
islam,21479," to  yet  another  adult  version  of  him :  plus ,  thin  glasses  and  t ux edo  and  minus  the  humor ,  voice ,  and  relationship  with  a  Simpson . 
 
 His  voice  sounds  similar  to  Ar nie  P ye 's  voice . 
 
 Appearances Disney  California  Adventure  Food  &  Wine  Festival  will  return  March  2  through  April  12 ,  2018 ,"
islam,21479," to  think  that  you âĢ Ļ re  going  to  be  that  player  every  year . âĢ Ŀ 
 
 âĢ ľ I  think  Drew  probably  learned  the  lesson  that  you âĢ Ļ ve  got  to  push  through  every  year ,  you âĢ Ļ ve  got  to  push  through  every  summer ,  you âĢ Ļ ve  got  to  work  hard ,  and  get  yourself"
islam,21479," of  working  with  current  owner  Kevin  McCabe  and  his  family  to  achieve  the  Blades '  return  to  the  Premier  League  as  quickly  as  possible . 
 
 The  Prince  becomes  Co - Chair man  with  Kevin  McCabe  of  Blades  Le isure  and  Sheffield  United . 
 
 Prince  Abdullah ,  aged  47 ,  is  a  grandson  of  the  founder  of  the  Kingdom  of"
islam,21479," to  make  its  intelligence  expert  available  signaled  that  the  Israeli  government  no  longer  backed  his  conclusions  about  the  bank âĢ Ļ s  involvement  with  Islamic  Jihad .  But  the  judge ,  Sh ira  She ind lin ,  did  not  buy  it .  "" It âĢ Ļ s  hard  for  me  to  accept  that  assumption ,""  she  said . A  drawing  shows  a  woman"
islam,21479,"re  d âĢ Ļ  after  they  entered .  "" I  have  a  reservation . âĢ ľ 
 
 "" Name ? âĢ Ŀ  asked  the  m ait re  d âĢ Ļ .  There  were  appearances  to  maintain ,  after  all . 
 
 âĢ ľ Black  Swan . âĢ Ŀ 
 
 Next :  Chapter  15 The  task  force  formed  to  create  a"
islam,21479,"re kk ende  of  z elf stand ige ,  te gen  87 . 000  g ed et ache er den ,  v oor al  u it  O ost - en  Cent ra al - Euro pa .  Da ar me e  will en  we  n iet  be w eren  dat  alle  g ed et ache er den  w erk  van  Bel gen  he"
islam,21479," of  Gross  Domestic  Product  than  the  UK .  Professor  Mar iano  Ro jas ,  a  Costa  Rican  economist  at  the  Latin  American  Faculty  of  Social  Sciences ,  attributes  Costa  Ric ans âĢ Ļ  high  wellbeing  to  a  culture  of  forming  solid  social  networks  of  friends ,  families  and  neighbourhoods . 
 
 Cost a  Rica  is  also  a  world  leader  when  it  comes"
islam,21479," to  defer  to  others  with  whom  we  share  a  political  or  religious  outlook  is  continuous  with  the  disposition  to  use  bene vol ence  as  a  cue  to  reliability ;  we  are  disposed  to  see  those  with  whom  we  share  a  political  outlook  and / or  a  religious  affiliation  as  those  who  are  benevolent  toward  us  and  our  interests  ( or ,  perhaps ,"
islam,21479," of  a  direct  health  threat ,  just  the  slightest  of  possibilities  of  one  due  to  an  occurrence  that  fell  outside  of  the  water  company âĢ Ļ s  standard  procedures .  As  I  understand  it ,  the  disinfect ant  levels  never  fell  below  the  standard ,  and  the  water  company  took  all  the  proper  steps  following  the  occurrence  in  order  to  notify  the  public"
islam,21479,",  and  each  BAR  was  accompanied  by  a  spare  barrel .[ 43 ]  Large  capital  ships  often  had  over  200  BAR s  on  board ,[ 43 ]  with  many  of  the  US  Navy  BAR s  remaining  in  service  well  into  the  1960 s .[ 43 ] 
 
 The  BAR  also  saw  action  with  US  Marine  Corps  units  participating  in  the  Haitian  and"
islam,21479,"1 nn h q n 9 b  —  Team  Jamaica  (@ J ama ica O lymp ics )  January  18 ,  2014 
 
 An  entire  generation  is  familiar  with  the  Jama ican  b obs led  team  after  Cool  Run nings .  The  Disney  movie  told  the  somewhat  fictional ized  story  of  how  the  Caribbean  country  defied  the  odds  to  qualify  in  the"
islam,21479," was  launched  from  the  R RS  James  Clark  Ross  as  part  of  the  seven - week  expedition .  It  is  a  new  type  of  autonomous  underwater  vehicle  ( AU V )  and  can  travel  under  ice  and  reach  depths  of  6 , 000  metres ,  transmitting  the  data  it  collects  to  researchers  via  a  radio  link . 
 
 The  universities  and  science"
islam,21479,"/ mag net  as  a  Thank - You  gift !  Click  here  to  donate  today ! 
 
 And  hey ,  if  you 've  made  it  this  far ,  why  not  follow  us  via  RSS ,  Twitter ,  Facebook ,  Instagram ,  or  Tumblr ? Rest ri ÂŃ ct s  total  expend ÂŃ itures  on  mar ria ÂŃ ges 
 
 P ES"
islam,21479," to  restore  the  fac ades  and  comply  with  the  city 's  historic  designation  rules . 
 
 "" They  gave  us  a  demolition  permit  to  rip  it  down !""  Bl anch ard  said .  "" So ,  I  mean ,  it âĢ Ļ s  a  little  schizophren ic ."" By  the  end  of  2017 ,  every  smartphone  manufacturer  has  embraced  the  18 :"
islam,21479," on  civil  liberties  in  the  name  of  security  from  the  Islamist  bo gey men .  A  gh ast ly  combination  of  paternal ism ,  New  Labour  style  authoritarian ism  and  the  restless  government  urge  to  be  seen  to  be  doing  something  is  the  dominant  force  in  the  Conservative  Party  now .  There  are  no  longer  any  restraints  on  Theresa  May  and  she  is"
islam,21479," the  perfect  smart watch ,  but  it  goes  a  long ,  long  way . 
 
 What  Is  It ? 
 
 It 's  pretty  much  the  same  Pebble  smart watch  that  took  Kickstarter  by  storm  roughly  two  years  ago ,  now  clad  in  a  suit  of  stainless  steel  instead  of  ch int zy  plastic .  So  it 's  the  same  LED  back"
islam,21479," 26 . 
 
 With  the  res ounding  success  of  the  j all ik att u  saga  in  neighbouring  Tamil  Nadu ,  it  is  now  the  turn  of  And hra  Pradesh  to  follow  suit .  Only  this  time ,  the  purpose  is  to  ensure  that  the  Centre  acc ords  âĢ ĺ special  status âĢ Ļ  to  the  state . 
 
 Several  Whats"
islam,21479,"I  -  0 x 1 B 67 C )  . text : 0001 B 6 64  ADD  R 4 ,  R 4 ,  R 3  . text : 0001 B 668  ADD  R 0 ,  PC ,  R 12  ;  "" host ap d _ conf _ file _ gen ""  . text : 0001 B 66 C  ADD  R 0 ,  R"
islam,21479," would  be  unavailable  due  to  some  field  maintenance .  Luckily  for  Har po âĢ Ļ s ,  one  of  their  center  midfield ers ,  Sean  Sullivan ,  works  in  the  ticket  sales  department  with  the  Colorado  Rapids .  The  Kentucky  native ,  who  played  his  college  ball  at  S ien a  College  in  New  York ,  was  able  to  help  his  team  find"
islam,21479," a  class  dedicated  to  fine - tun ing  the  argument ,  I  was  also  taking  a  course  in  Argument ation  through  Eth n ography  which  was  teaching  me  –  by  deep - reading  newly  published  ethn ographic  mon ographs  –  how  to  piece  together  arguments  and  turn  data  into  evidence .  That  semester  completely  changed  the  way  I  thought  about  writing  and  the"
islam,21479," don âĢ Ļ t  need  them ,  so  unless  you  have  some  other  use  planned  for  them ,  just  throw  them  out . 
 
 And  this  is  what  your  bra  will  look  like  when  it âĢ Ļ s  done : 
 
 The  Final  Fit  Test : 
 
 This  bra  now  fits  me  pretty  darn  well .  It  will  g ape"
islam,21479," associated  with  the  sub - expression  "" 1 ""  is  an  anonymous  function ,  whose  body  consists  of  a  call  to  the  +  primitive  procedure  whose  first  argument  is  the  local  variable  n  and  whose  second  argument  is  being  sought .  With  this  understanding  we  can  say  expressions  deliver  values  and  contin uations  receive  values . 
 
 Current  continuation 
 
 By"
islam,21479," the  9 200  block  of  South  C ottage  Grove  and  he  was  taken  to  Advocate  Christ  Medical  Center  in  Oak  Lawn ,  where  his  condition  was  stabilized ,  police  said .  The  circumstances  of  the  shooting  were  unknown . 
 
 At  8 : 05  p . m .,  a  bullet  graz ed  the  right  shoulder  of  a  man  who  heard  shots  while"
islam,21479," power  of  Trump  and  the  GOP  Congress ,  and  what  alternatives  Democrats  offer . 
 
 While  voters  interviewed  here  did  not  clam or  for  tax  cuts ,  they  had  a  generalized  but  plaint ive  cry  for  less  noise  and  more  action . 
 
 People  are  "" just  losing  their  faith  in  the  ability  for  ( things )  to  happen ""  in"
islam,21479," we  can  get  Fed e  back  to  continue  the  new  Evil  Dead  series  once  we âĢ Ļ ve  established  Bruce âĢ Ļ s  story . 
 
 In  fact ,  they âĢ Ļ re  definitely  still  interested  in  making  one .  R aim i  said ,  âĢ ľ I  love  the  Evil  Dead  remake .  I  think  Fed e  Alvarez  did  a  brilliant"
islam,21479,"
 
 In  recent  days ,  Taiwanese  activists  have  flown  to  Hong  Kong  to  lend  support . 
 
 One  of  them ,  Karen  Cheng ,  has  just  returned . 
 
 "" We  strongly  care  about  Hong  Kong  because  we  really  cherish  our  freedom  and  democracy ,""  said  Ms  Cheng .  "" We 're  worried  that  today 's  Hong  Kong  will  be"
islam,21479,").  The  team  investigated  whether  this  planet  has  an  atmosphere  rich  in  water  or  hydrogen .  The  Subaru  observations  show  that  the  sky  of  this  planet  does  not  show  a  strong  Ray leigh  scattering  feature ,  which  a  cloud less  hydrogen - dominated  atmosphere  would  predict .  When  combined  with  the  findings  of  previous  observations  in  other  colors ,  this  new  observational  result"
islam,21479," run .  Any  time  this  happens ,  you  get  a  free  credit .  If  this  happens  at  least  ON CE ,  then  Sub lim inal  has  given  you  $ 2  without  a  click ,  making  it  at  least  as  good  as  a  Bean st alk .  Once  it  happens  TW ICE ,  the  Sub lim inal  is  worth  $ 3  without  spending  a"
islam,21479," safety  deficiencies  were  discovered  in  their  building . 
 
 ' We 're  the  victims  here '  -  Long boat  Qu ay  residents  face  eviction  unless  they  cover  âĤ¬ 4 m  repair  bill  for  fire  safety  failings 
 
 Around  900  people  live  in  the  299  apartments  in  the  Long boat  Qu ay  complex  by  the  Dublin  dock lands . 
 
 Residents"
islam,21479," "" small  group ""  of  investors  has  been  identified  and  a  deal  could  be  completed  soon . 
 
 Steve  Greenberg ,  managing  director  of  Allen  &  Company ,  a  New  York - based  financial  boutique  that  has  broke red  sports  acquisitions  in  the  past ,  said  the  pursuit  of  an  investor  has  narrowed  and  D olan 's  goal  to  bring  in  someone"
islam,21479," decade ,  and  they  now  out number  police  officers .  Security  vans  are  now  harder  to  knock  off  and  are  often  followed  by  police  cars .  Few er  businesses  handle  lots  of  cash .  Those  that  do  keep  less  on  the  premises . 
 
 Ar med  robbery  has  been  particularly  hard  hit  by  reduced  opportunities .  In  1950 s  London ,  professional"
islam,21479,"Germany  has  been  using  linguistic  experts  to  analyze  dialect s  and  determine  countries  of  origin  since  1998 ,  according  to  Deutsche  W elle .  But  experts  have  expressed  doubts  over  whether  computers  would  be  able  to  reliably  perform  such  analysis . 
 
 Mon ika  Sch mid ,  a  lingu istics  professor  at  the  University  of  Essex ,  tells  Deutsche  W elle  that"
islam,21479," Rose  and  whoever  Ben icio  Del  Toro  was ,  were  all  âĢ¦  there .  Oh ,  and  I  forgot  to  mention  Captain  Ph asma .  But  that âĢ Ļ s  ok ,  because  she  never  did  anything . 
 
 I  left  the  theatre  in  a  strange  mood ,  unsure  if  I  was  even  looking  forward  to  the  next  installment .  I  had"
islam,21479," âĢ ĺ drive  the  room âĢ Ļ ,  saying  âĢ ĺ The  unnecessarily  hurt ful  nature  of  the  statements  can  exist  without  foul  language .  The  grievance  lies  mainly  in  the  tone  of  speech ,  and  inflammatory  character âĢ¦ Here  Wild ers  failed  as  a  politician . âĢ Ļ 
 
 The  court  found  Wild ers  not  guilty  of  hate  speech ,  as"
islam,22732," to  $ 526 . 1 M ,  passing  X - Men :  Days  Of  Future  Past âĢ Ļ s  $ 514 M . 
 
 War ner  Bros .  In  other  superhero  news ,  Warner  Bros / DC âĢ Ļ s  Justice  League  dropped  48 . 5 %  from  last  weekend  to  l asso  $ 36 . 8 M  in  the  3 rd"
islam,22732,",  Dun and  launched  a  two - run  blast  to  left  field  and  Brett  Kinn eman  followed  with  a  solo  shot  to  right  field . 
 
 BRE AKING  -  With  the  win ,  # Pack 9  HC  Elliott  A vent  earns  his  1 , 000 th  career  win ,  one  of  17  active  head  coaches  to  reach  the  mark  # STAT EMENT"
islam,22732," s Ã© ries  Vintage  Bright 
 
 âĢ¢  X SR  s Ã© ries 
 
 âĢ¢  Art isan  S Ã© ries The  D NI  report  was  more  about  slamming  RT  ( Russia  Today )  propaganda  than  it  was  about  proving  the  Russians  hacked .  The  report  doesn âĢ Ļ t  put  much  emphasis  on  Russians  hacking  elections ,  it  focuses  on  Russians  âĢ"
islam,22732," the  film .[ 54 ]  Danish  band  Luk as  Graham  also  contributed  an  original  song  for  the  film  titled  "" Off  to  See  the  World "", [ 55 ]  which  was  used  in  the  film 's  first  trailer  and  played  over  the  closing  credits .  Other  artists  included  in  the  album  are  DN CE  and  CL .[ 56 ][ 57 ] 
 
"
islam,22732," Kelly  wrote .  "" But  it 's  more  a  question  of  degree  than  principle ,  for  they  both  spring  from  the  same  tap root .  Neither  can  exist  without  the  foundational  principle  that  it  is  acceptable  to  force  someone  into  an  unwanted  economic  relationship .  Mor ally ,  and  as  a  matter  of  law ,  they  are  the  same ."" 
 
 Asked"
islam,22732,"/ Getty  Images 
 
 Jeff  Car val ho ,  executive  editor  at  High sn ob iety  and  Select ism ,  says  one  way  they âĢ Ļ re  trying  to  differentiate  themselves  from  the  glut  of  sites  out  there  is  by  cultivating  a  unique  perspective  and  original  voice ,  something  he  originally  avoided  when  he  started  at  Select ism  in  2007 . 
"
islam,22732,"ds  and  swallowed  the  seeds  because  their  taste  buds  didn âĢ Ļ t  register  the  bitterness .  Their  bodies  also  were  large  enough  to  absorb  the  toxins  without  harm . 
 
 Squ ash  seeds  found  in  fossil ized  mammoth  d ung  is  clear  evidence  that  these  prehistoric  giants  ate  the  bitter  squash  and  that  the  wild  plant  relied  on  them  to  disperse"
islam,22732," wanted  to  restore  the  whole  patient  to  scientific  papers ,  and  leave  aside  the  abstract ions ,  and  even ,  he  confessed ,  the  description  of  personality  with  statistics .  Can  we  human  beings  be  understood  solely  in  terms  of  our  elements ,  our  molecules ,  atoms ,  our  parts ,  our  circuits ,  our  reflex es ,  even  our  behaviours ?  Or"
islam,22732," to  shoe  retailers  to  online  gambling  sites  are  beginning  to  accept  Bitcoin . 
 
 âĢ ľ I  think  we  will  start  to  see  people  sell  houses  for  Bitcoin , âĢ Ŀ  he  said .  âĢ ľ It  has  intrinsic  value  to  it ,  so  seeing  people  who  actually  make  transactions  for  high - value  items  –  not  surprising  at  all . âĢ"
islam,22732," election  since  2000  would  win  a  $ 10 , 000  bounty . 
 
 St ating  that  voter  fraud  is ,  in  fact ,  insignificant ,  Tr anch ina âĢ Ļ s  campaign  will  maintain  that  actions  to  ram  through  voter  fraud  laws  requiring  government - issued  photo  IDs  are  a  thinly  disguised  Republican  power  grab .  Even  the  Bush  administration  refuted  those"
islam,22732,",  the  Paris - based  Italian  cout ur ier  and  Chan el âĢ Ļ s  nem esis ,  was  most  closely  associated  with  this  movement  and  she  aligned  herself  with  artists  like  Jean  Co ct e au  and  Marcel  Vert Ã¨ s .  Sur real ism  made  its  way  into  V ogue ,  too .  Not  only  did  Dal ÃŃ  become  a  frequent"
islam,22732,"
 
 His  body  was  found  in  woods  close  to  his  home  in  Oxford shire  on  July  18 ,  2003 .  Unique ly ,  for  an  unexpected  death  such  as  his ,  no  coroner âĢ Ļ s  inquest  has  ever  been  held . 
 
 The  public  inquiry  into  his  death  chaired  by  Lord  H utton  found  that  he  killed  himself  after  slashing"
islam,22732," they  have  created  a  drug  with  the  makeup  I  require .  The  report  will  be  based  on  high - pressure  liquid  chrom atography ,  which  chem ists  use  to  match  a  sample  to  library  of  known  compounds ,  and  nuclear  magnetic  resonance ,  which  can  reveal  the  structure  of  a  molecule ,  regardless  of  whether  it  has  been  studied  previously . 
 
"
islam,22732," the  idea  for  Ves per ,  but  I  didn âĢ Ļ t  know  about  it  in  advance . 
 
 W isk us :  Last  summer ,  Justin  Williams  suggested  that  we  work  on  an  idea  John  mentioned  to  him .  Justin  had  to  drop  out  to  keep  up  with  freelance  work ,  but  I  had  completed  a  few  iterations  of  design ."
islam,22732," and  inequality .  Without  strong  institutions ,  the  people  come  to  rely  more  on  their  z a âĢ Ļ ims ,  and  are  coerced  into  favoring  privatization  ( which  serves  the  z ai âĢ Ļ ms  and  their  inner  circle )  over  rest orative  public  policies .  This  is  turn  feeds  the  cycle  of  power lessness  and  separat eness . 
 
 On"
islam,22732," liberty  for  security -  we  can  live  in  a  secure  nation  which  also  uphold s  a  strong  commitment  to  civil  liberties .  This  legislation  ends  the  NSA âĢ Ļ s  drag net  surveillance  practices ,  while  putting  provisions  in  place  to  protect  the  privacy  of  American  citizens  through  real  and  lasting  change . âĢ Ŀ 
 
 While  the  bill  has  little  chance"
islam,22732," [  edit  ] 
 
 A  variant  known  as  the  FN  M le  1930  was  developed  in  7 . 65 ÃĹ 53 mm  Belgian  Ma user  by  FN  Her stal  and  adopted  by  the  Belgian  army .  The  M le  1930  is  basically  a  licensed  copy  of  the  Colt  Automatic  Machine  Rifle ,  Model  1925  ( R  75 ).[ 28 ]  The  M"
islam,22732,".  I  believe  that  as  it  is  now ,  F TR  has  reached  its  limits ,  there  is  nowhere  to  expand  –  in  fact ,  I  had  to  get  rid  of  some  topics  to  be  able  to  manage  the  amount  of  incoming  information . 
 
 And  add  one  more  factor  to  that .  There  is  nowhere  to  go  for  me  even  in"
islam,22732," to  get  together  and  share  ideas  for  taking  back  their  country .  The  IRS  had  other  ideas  about  them . 
 
 Five  years  after  the  Albuquerque  Tea  Party  applied  for  tax - exempt  status  under  section  501 ( c )( 4 )  of  the  tax  code ,  they  remain  in  limbo  —  their  application  apparently  no  closer  to  being  approved  or  denied"
islam,22732," Mac b eth ,  the  1973  movie  The  Optim ists  of  Nine  El ms ,  alongside  Peter  Sell ers ,  and  the  pilot  of  the  TV  sitcom  Open  All  Hours . 
 
 In  the  1970 s  and  1980 s  he  hosted  shows  including  Che gg ers  Plays  Pop ,  in  which  teams  of  children  from  rivals  schools  competed  against  each  other ;"
islam,22732,"
 
 Extra :  Jacob  Trou ba 
 
 St arter :  Matt  Murray 
 
 Back up :  John  Gibson 
 
 Res erve :  Connor  Hel le buy ck On  a  third - down  in  11 - on - 11  scrimmage ,  he  zoom ed  past  starting  left  tackle  Jake  Matthews  and  sacked  quarterback  Matt  Ryan .  Well ,  he  tagged"
islam,22732," ( I  guess  more ,  it 's  16 bit ),  instead  of  the  normal  max  of  5 . When  I  set  sc aped olls  to  F FF F ,  it  didn 't  get  used  upon  death ,  so  that  wasn 't  good . But  stuff  like  mon om ates ,  if  you  set  to  F FF F ,  you  can  still  use  them"
islam,22732," S  J ons son  R  ,  et  al .  Classification  criteria  for  S j og ren âĢ Ļ s  syndrome :  a  revised  version  of  the  European  criteria  proposed  by  the  American - European  Cons ensus  Group  ,  Ann  R he um  Dis  ,  2002  ,  vol .  61  ( pg .  5 54  -  8  )  ,  vol .( pg .  28"
islam,22732," Rose  maintains  that  the  history  of  e ugen ics  makes  this  field  of  research  difficult  to  reconcile  with  current  ethical  standards  for  science .[ 195 ] 
 
 L inda  Gott fred son  argues  that  suggestion  of  higher  ethical  standards  for  research  into  group  differences  in  intelligence  is  a  double  standard  applied  in  order  to  undermine  disliked  results .[ 197 ]  James  R"
islam,22732,"
 
 Ind ones ia âĢ Ļ s  pe at lands  hold  at  least  57  billion  tonnes  ( G ig aton nes  or  G t )  of  carbon ,  making  them  a  globally  significant  terrestrial  carbon  pool .  The  pool  is  comparable  to  the  Amazon ian  rain forest ,  which  holds  about  86  billion  tonnes . 
 
 To  limit  the  world  to"
islam,22732," Lake  completely ."" 
 
 Water  that  once  drained  into  the  lake  can  no  longer  do  so ,  she  said ,  because  of  dam ming  and  crop  irrigation . 
 
 Long - term  research  further  suggests  the  government 's  efforts  might  not  be  enough .  A  30 - year  study  published  in  2012  found  that  temperatures  in  the  k ar st  central"
islam,22732," [  edit  ] 
 
 Rec ipes  vary ,  but  traditional  preparation  involves  covering  1 – 3  lbs  of  ground  pork  shoulder  in  milk  or  water  in  a  large  pot ,  then  seasoning  with  onions  and  a  mix  of  spices .  The  blend  of  spices  varies  from  recipe  to  recipe ,  but  nearly  all  include  ground  cloves .  Other  spices  often  used  include"
islam,22732," 31 .  Hu obi  announced  that  new  user  registration  and  C NY  deposit  service  have  already  stopped ,  stating  that : 
 
 The  actual  closing  of  C NY  trading  will  take  place  on  October  31 st .  We  will  close  all  C NY  to  cryptocurrencies  trading  one  asset  at  a  time . 
 
 Ok coin  similarly  posted  a  notice  on  Friday"
islam,22732," Canadian  newspaper  The  National  Post  was  largely  dec ried  for  being  homophobic  rather  than  trans ph obic  despite  being  almost  entirely  based  around  promoting  fear  of  transgender ism ,  and  how  the  narrative  of  P FC  Manning  has  been  written  as  the  story  of  a  gay  man  in  the  military ,  despite  the  fact  that  the  evidence  clearly  shows  she  had  been  planning"
islam,22732," the  Ecuador ian  embassy  in  London  would  be  coming  to  an  end  should  Ecuador ian  presidential  hopeful  Gu iller mo  L asso  win  the  election  next  week . 
 
 L asso  made  the  remarks  in  an  interview  to  the  Guardian  on  9  February .  "" The  Ecuador ian  people  have  been  paying  a  cost  that  we  should  not  have  to  bear ,"""
islam,22732," an  inadequate ,  small ,  and  obsolete  assortment  of  domestic  and  foreign  machine  gun  designs ,  due  primarily  to  bureaucratic  indec ision  and  the  lack  of  an  established  military  doctrine  for  their  employment .  When  the  1917  United  States  declaration  of  war  on  Germany  was  announced  on  6  April  1917 ,  the  high  command  was  made  aware  that  to  fight  this  trench  war"
islam,22732,"
 
 âĢ ľ I  thought  the  whole  group  did  a  good  job  of  staying  focused , âĢ Ŀ  said  He xt all .  âĢ ľ The  coaching  staff  did  an  outstanding  job  getting  the  players  that  we  had  [ here ]  ready  to  play .  I  think  the  guys  were  really  good  about  it ,  they  understand  the  business  part  of  the"
islam,22732,"/ The  Times 
 
 Net  migration  has  reached  a  record  336 , 000  as  figures  published  yesterday  showed  that  Roman ians  are  now  the  third  biggest  group  coming  to  the  UK . 
 
 Officials  said  the  latest  increase  was  driven  by  a  âĢ ľ stat istically  significant âĢ Ŀ  rise  in  the  overall  number  of  immigrants ,  with  many  of  them"
islam,22732,"/ The  Times 
 
 Net  migration  has  reached  a  record  336 , 000  as  figures  published  yesterday  showed  that  Roman ians  are  now  the  third  biggest  group  coming  to  the  UK . 
 
 Officials  said  the  latest  increase  was  driven  by  a  âĢ ľ stat istically  significant âĢ Ŀ  rise  in  the  overall  number  of  immigrants ,  with  many  of  them"
islam,22732," out sp ent  the  candidates ,  a  USA  TODAY  analysis  shows .  Other  trends :  âĢ¢ In  the  48  House  contests  in  which  outside  groups  spent  a  combined  $ 1  million  or  more ,  Republicans  won  two - thirds ,  a  USA  TODAY  analysis  of  election  results  and  campaign  reports  shows .  In  one  Up state  New  York  district ,  conservative  groups  such"
islam,22732," 1893 .  This  problem  affected  the  entire  Great  Lakes .  Michigan  started  a  hat cher ies  program .  This  helped ,  but  not  enough ,  so  in  1897  a  law  closing  the  season  during  the  fall  spawning  period  was  passed .  The  Beaver  Island  fisherman ,  notoriously  independent ,  announced  that  this  did  not  apply  to  them ,  so  in  1898  a  w"
islam,22732,". 
 
 She  also  said  that  she  would  protect  her  family ,  even  though  they  were  all  inf id els .  Then  she  hung  up . 
 
 Her  mother  describes  herself  as  an  atheist ,  while  her  father ,  Kam al  Me hen ni ,  is  a  Muslim .  He  was  born  in  France ,  the  son  of  a  French  woman"
islam,22732,"- f amer  who  is  another  NHL  goalie  legend  won  his  Calder  Trophy  is  69 - 70 .  Tony  Es pos ito  had  a  great  NHL  career . 
 
 Going  back  a  little  further ,  the  55 - 56  Calder  Trophy  winner  Glenn  Hall  went  on  to  win  3  Ve z ina  Tro phies  during  his  career  with  1  Stanley  Cup  coming"
islam,22732," died  horribly . âĢ Ŀ 
 
 âĢ ľ Oh  no . âĢ Ŀ 
 
 âĢ ľ She  was  always  tough ,  but  she  wasn âĢ Ļ t âĢ¦  all  that  stable ,  even  to  start  with .  And  losing  her  original  tree  was  a  big  blow  to  her  sanity .  Dry ads  don âĢ Ļ t  usually  survive  that – they"
islam,22732," have  for  directions  are  a  vague  take  the  third  left  after  the  second  Mosque  once  you  hit  Al  Was l  Rd . 
 
 Similarly ,  if  you  want  to  hail  an  Uber  to  help  you  collect  something  and  then  return  home  in  the  same  car  it  is  tricky  to  do  as  you  can âĢ Ļ t  specify  a  round - trip  as"
islam,22732,".  That âĢ Ļ s  basically  a  Hedge  Fund ! 
 
 So  far  I  have  been  playing  3  Sub lim inal  Mess aging  in  any  deck  I  make ,  to  try  it .  And  so  far  it  is  quite  interesting .  It  definitely  seems  best  in  J int eki ,  who  both  makes  the  runner  not  want  to  run ,  and  runs"
islam,22732," Kos ov its a  G  T oli  E  Li ak os  A  Personality  and  psychopath ology  in  patients  with  primary  S j og ren âĢ Ļ s  syndrome  ,  Ter  Ark h  ,  1988  ,  vol .  60  ( pg .  49  -  52  )  ,  vol .( pg .  3  D ros os  AA  Angel opoulos  NV  Li ak os  A  M"
islam,22732," among  other  person as ? 
 
 Y osh its une  ( 186  votes )  Alice  ( 136  votes )  Jack  Frost  ( 123  votes )  Loki  ( 109  votes )  Mara  ( 81  votes )  Black  Frost  ( 48  votes )  Seth  ( 36  votes )  Nek o  Shogun  ( 36  votes )  Trump eter  ( 29  votes )  King  Frost  ("
islam,22732," of  Service  which  can  be  found  here . 
 
 * Pay ment  is  by  PayPal . 
 
 Please  note :  If  you  are  already  a  writer / cont ribut or  at  The  Good  Men  Project ,  log  in  here  before  registering .  ( Request  new  password  if  needed ). 
 
 âĹ Ĭ âĻ¦ âĹ Ĭ 
 
 ANN UAL  PL"
islam,22732,",  tedious  four  year  process  for  hormones  to  do  their  breast  development ,  skin  tone ,  body  hair ,  fat  redistribution  thing .  No  irritating  legal  has s les  with  changing  name  and  documentation .  No  emotional  roller - co aster .  No  spontaneous  bursts  of  tears .  No  voice  training .  No  re - learning  your  body  language  and  manner isms ."
islam,27983,"ara vel le  of  the  Universe ""  to  serve  as  a  kind  of  Noah 's  Ark  of  intelligence ,  perhaps  even  as  the  home  of  a  whole  civilization  envis aging  a  prolonged  ( th ousands  of  millions  of  years )  existence  and  long  wander ings  through  space  ( th ousands  of  millions  of  miles ). Naturally ,  the  hull  of  such  a  spaceship"
islam,27983,"ara - no  Tad am ichi  became  S ess h Åį  or  reg ent .  The  Clo istered  Emperor  Tob a  continued  to  direct  all  the  affairs  of  government ,  while  the  retired  Emperor  Sut oku  had  no  powers .  This  conflict  resulted  in  many  controversies  during  Kon oe 's  reign .[ 6 ] 
 
 K Åį ji  2  ,  in  the"
islam,27983,ata  ti ene  la  ver dad  ( y  la  real idad )  es  que  depend e  de  las  perce pc ion es . El  cas oy  to da  la  his ter ia  que  se  observ Ã³  en  las  Red es  Social es  l ue go  del  ve redict o  ni  s iqu iera  sir ve  para  elev ar  la  con ci encia  cr
islam,27983,"a ,  offers  a  fascinating  glimpse  of  the  currents  shaking  up  Arab  society .  âĢ ľ Not  Here ,  Not  There , âĢ Ŀ  which  hit  Israeli  movie  screens  Dec .  30 ,  revolves  around  three  young  Arab  women  who  rent  an  apartment  in  the  center  of  Tel  Aviv ,  but  are  forced  to  conceal  their  liberal  lifestyle  from  their  families .  This"
islam,27983,"a  is  delayed  but  we  expect  her  at  any  moment  now . âĢ Ŀ 
 
 3 . 
 
 That  night  I  awoke  to  discover  another  man  sleeping  in  my  bed .  I  jumped  up  with  alarm ,  asking  him  what  he  wanted !  He  answered ,  âĢ ľ To  go  back  to  sleep  is  what  I  want . âĢ Ŀ 
"
islam,27983,"i ,  told  the  Guardian  that  the  new  âĢ ĺ do  is  possible  with  the  tag - te aming  efforts  of  perm  and  wax .  âĢ ľ It âĢ Ļ s  not  too  easy  to  do  on  Asian  hair ,  but  we  get  a  lot  of  people  coming  into  the  salon  requesting  this  sort  of  volume , âĢ Ŀ  Lee  said . 
"
islam,27983,"ada  por  enc ont r arse  con  un  contr ato  de  la  Fund aci Ã³n  Mar ita  Ver Ã³n ,  af irm Ã³  ha ber  sid o  liber ada  de  la  es cl av itud  sexual  en  la  que  se  enc ont r aba  por  Sus ana  Tr imar co .  Sin  embargo  se  dem ost r Ã³  que  v iv ÃŃa  a"
islam,27983,"ev  ( Kat usha ),  Mark  Se hest ed  Ped ersen  ( Blue  Water  Cycling ),  Michael  Re ih s  ( Team  Cult  Energy ),  S Ã¸ ren  Kr agh  Andersen  ( Team  Tre - For )  and  Mik kel  Mort ensen  ( Team  Concord ia  Fors ik ring - R iw al ).  After  25 km  of  racing  their  lead  reached  three"
islam,27983,a  d ' Ã ² c  -  Occ itan  L iet u vi Å ³  -  Lithuan ian  Mag y ar  -  Hungarian  Mal ay Äģ á¸ · a á¹ ģ  -  Mal ay alam  Malt i  -  Malt ese  N eder lands  -  Dutch  N eder lands  ( in form e el )  -  Dutch  ( in form al )  N ors
islam,27983,"ali  was  all  about  light  over  darkness ,  "" and  that 's  what  we  are  all  about  --  trying  to  shed  some  light ."" 
 
 But  then  getting  serious ,  he  said ,  "" It 's  a  very  special  time  for  all  of  us  here  today  and  a  time  which  means  a  great  deal  to  me  personally ,  and  it  means  a"
islam,27983,"o  Rivera  played  to  the  end  of  his  contract  and  went  to  free  agency .  The  general  manager  worked  to  the  end  of  his  contract .  Every  contract  I 've  had ,  I 've  worked  all  the  way  to  the  end ,  until  the  contract  expired .  I  was  never  uncomfortable  with  that .  So  if  I 'm  hiring  people  who  are  uncomfortable"
islam,27983,"o  Rob les  Wine  Festival :  Anch ored  in  the  Downtown  City  Park ,  with  additional  events  hosted  by  win eries  in  the  nearby  rolling  hills ,  this  four - day  eating  and  s ipping  extra v agan za  includes  win emaker  dinners ,  live  music  and  barrel  tast ings .  Buy  tickets  to  the  Grand  T asting  early .  www . pas"
islam,27983,"o  Rob les  Wine  Festival :  Anch ored  in  the  Downtown  City  Park ,  with  additional  events  hosted  by  win eries  in  the  nearby  rolling  hills ,  this  four - day  eating  and  s ipping  extra v agan za  includes  win emaker  dinners ,  live  music  and  barrel  tast ings .  Buy  tickets  to  the  Grand  T asting  early .  www . pas"
islam,27983,"i ( di ag ([ - 10 ,- 5 ,- 2 ,- 1 ]),  [[ 1 ]] * 4 ,  [- 5 . 0 / 18 ,  5 . 0 / 3 ,  - 25 . 0 / 6 ,  25 . 0 / 9 ],  0  )  print  ' num = ', H 2 . num  print  ' den = ', H"
islam,27983,"ara ,  Mexico . 
 
 The  U . S .  U - 18 s  will  face  two  other  club  sides  based  in  Gu adal aj ara ,  Club  Univers idad  and  Atlas  Fut bol  Club ,  over  the  next  week . 
 
 Adams ,  a  native  of  W app inger âĢ Ļ s  Falls ,  N . Y .,  joined  the"
islam,27983,"o ev s kaya  ( born  N ech ay eva ).  He  was  raised  in  the  family  home  in  the  grounds  of  the  Mari insky  Hospital  for  the  Poor ,  which  was  in  a  lower  class  district  on  the  edges  of  Moscow .  D ost o ev sky  encountered  the  patients ,  who  were  at  the  lower  end  of  the  Russian  social  scale"
islam,27983,"inas  was  replaced  by  Salv ij us  Å ½ e im ys  ( ex  "" O ss uary "",  "" Spell bound "",  "" Green  Bridge  Band ""  and  others ),  who  also  performs  with  bands  "" Sky l Ä Ĺ "",  "" At aly ja ""  and  "" Ex Lib ris "". 
 
 In  September  2008 ,  the  group  signed  a"
islam,27983,"da  V ^{ - 1 }  \ )  where  \(  V  \ )  is  a  matrix  of  e igen ve ctors  and  \(  \ L amb da  \ )  is  the  diagonal  matrix  of  corresponding  e igen values . 
 
 Matrix  matrix  e igen bl ah bl ah bl ah  —  if  you âĢ Ļ re  not  familiar  or  comfortable  with  linear"
islam,27983,"da  V ^{ - 1 }  \ )  where  \(  V  \ )  is  a  matrix  of  e igen ve ctors  and  \(  \ L amb da  \ )  is  the  diagonal  matrix  of  corresponding  e igen values . 
 
 Matrix  matrix  e igen bl ah bl ah bl ah  —  if  you âĢ Ļ re  not  familiar  or  comfortable  with  linear"
islam,27983,"da  V ^{ - 1 }  \ ),  which  has  its  own  problems  at  large  degree .  For  example ,  if  we  diagonal ize  the  companion  matrix  of  the  10 th  degree  po lyn omial  \(  P _{ 10 } ( x )  =  \ pro d \ limits _{ k = 1 } ^{ 10 }  ( x - \ frac {"
islam,27983,"ado ,  a  magical  tornado  consisting  of  tor mented  souls  trapped  between  Earth real m  and  Out world ,  but  in  his  biography  in  Mortal  K ombat :  De ception ,  he  is  depicted  as  having  escaped .  He  then  meets  the  Elder  Gods ,  which ,  coupled  with  his  witnessing  Raid en 's  death  and  the  emergence  of  On aga ,  the"
islam,27983,"a  said ,  âĢ ľ Not  on  account  of  m itz v ot  and  good  deeds ,  but  in  order  to  work  the  Land  of  Israel .  Maybe  I  mentioned  to  you  that  I  was  a  vill ager  back  home ,  and  I  grew  up  working  the  land .  Both  my  father âĢ Ļ s  and  mother âĢ Ļ s  families  as  well"
islam,27983,"bert  ( Lead  Designer ),  Jesse  Sky  ( Senior  Designer ),  Amber  Green  ( Live  Services  Specialist  –  a . k . a .  helps  fix  bugs  and  writes  the  patch  notes )  and  Eric  Mus co  ( Community  Manager  a . k . a .  a  ball  of  energy ). 
 
 Overall  it  was  a  very  casual  atmosphere .  All  types"
islam,27983,"in oph ils ,  and  bas oph ils  [  H  1 ,  T  H  2 ,  and  T  H  17  cells .  Thus ,  these  cells  have  strong  anti - inflammatory  properties ,  which  are  manifested  by  the  secretion  of  IL - 10  and  T GF - Î²  as  well  as  the  expression  of  additional  genes  [ 16 ,  RI )  on  mast"
islam,27983,"in oph ils ,  and  bas oph ils  [  H  1 ,  T  H  2 ,  and  T  H  17  cells .  Thus ,  these  cells  have  strong  anti - inflammatory  properties ,  which  are  manifested  by  the  secretion  of  IL - 10  and  T GF - Î²  as  well  as  the  expression  of  additional  genes  [ 16 ,  RI )  on  mast"
islam,27983,"als  have  included : 
 
 âĢ¢  Istanbul  Ag op  Signature  21 âĢ³  o u  22 âĢ³  Ride 
 
 âĢ¢  Mel  Lewis  Signature  Series  22 âĢ³  Ride 
 
 âĢ¢  8 ""  X ist  Power  Splash 
 
 âĢ¢  20 ""  Mant ra  Crash 
 
 I stanbul  Meh met 
 
 Another  company  to  continue  the  heritage  of  the  Z il"
islam,27983,"j ian  one  of  the  most  reputable  brands  in  the  whole  world  for  drum mers  and  percussion ists .  The  most  well  know  series  include :  Z BT  Series ,  A  Custom ,  A  Z ild j ian ,  K  Custom ,  Z 3 ,  FX  Series 
 
 I stanbul  Ag op 
 
 I stanbul  cy mb als  are  well  recognised"
islam,27983,"s ,  q co eff s  =  p ade _ co eff s ( p , q )  P  =  np . poly 1 d ( p co eff s )  Q  =  np . poly 1 d ( q co eff s )  H  =  sc ip y . sign al . lt i ( P , Q )  _ , y"
islam,27983,"LE  PLAY  DOWN LOAD  ON  G OO G LE  PLAY 
 
 Black  Metal  HD  Watch  Face  Price :  Free  /  $ 2 . 49  DOWN LOAD  ON  G OO G LE  PLAY  DOWN LOAD  ON  G OO G LE  PLAY  Black  Metal  HD  is  an  ideal  middle - of - the - road  watch  face .  It  features  a  black ,  brushed"
islam,27983,"ath  Party ,  which  were  often  majority  Sunni  Muslims .  Thus ,  when  IS  forces  invaded  the  country  in  2013  and  took  control  of  Mosul  in  2014 ,  Mosul  residents  hostile  to  the  Baghdad  regime  at  first  gave  them  some  support . 
 
 But  over  time  the  fanatic ism  and  brutality  of  the  IS  regime  caused  Mosul  residents  to  drop  their  support"
islam,27983,g  . sw f  . tif  . v cf  . v ob  . wav  . wb 2  . w ma  . wm v  . wp d  . w ps  . x 3 f  . x la  . x lam  . x l k  . x ll  . x l m  . x ls  . x ls b  . x l sm  . x
islam,27983,"w ara  tragedy ,  recalling  that  "" ear lier ,  this  year ,  we  were  reminded  of  the  evil  that  exists  in  the  world  when  a  gunman  walked  into  the  Sikh  g urd w ara  in  Oak  Creek ,  Wisconsin  and  opened  fire .  ( But )  In  the  wake  of  that  horrible  tragedy ,  we  saw  the  resilience  of  a  community  that"
islam,27983,"ald on ,  Conservative ) 
 
 12 : 26 : 06  R t  Hon  Theresa  May  MP ,  The  Prime  Minister  ( M aiden head ,  Conservative ) 
 
 12 : 26 : 33  Holly  Lynch  MP  ( Hal ifax ,  Labour ) 
 
 12 : 26 : 59  R t  Hon  Theresa  May  MP ,  The  Prime  Minister  ("
islam,27983,und i  -  Kir und i  Italian o  -  Italian  Italian o  ( in form ale )  -  Italian  ( in form al )  K iny ar w anda  -  K iny ar w anda  Kis w ah ili  -  Sw ah ili  L Ã« tz eb uer ges ch  -  Luxembourg ish  Lat v ie Å¡ u  -  Lat v ian  L
islam,27983,"aze ,  if  you  can  hear  me ,  stay  low .  Huma ,  get  ready  to  come  in  at  a  45  degree  angle  along  the  street .  I  have  a  plan .  We  can  do  this ,  boys . âĢ Ŀ  We  can  do  this ,  she  thought ,  and  she  dove  off  the  building  into  battle . 
 
 M asks  is"
islam,27983,"ah z ur  had  to  be  restrained  by  3  people . 
 
 Watch ing  the  video  of  the  episode ,  which  was  uploaded  to  YouTube  by  P SC  members  immediately  after  they  crashed  the  event ,  one  gets  a  sense  of  the  menacing  nature  of  the  demonstration  —  on  the  part  of  the  students ,  not  those  trying  to  sub due  them"
islam,27983,"z }  $$ 
 
 Therefore ,  at  all  z eros  \(  x _ k  \ )  of  the  denomin ator  po lyn omial  \(  D _{ p , q } ( x )  =  w ={ } _ 1 F _ 1 ( a =- q ; b =- p - q ; x )  \ ),  we  have 
 
 $$"
islam,27983,"s  Cal cut ta  session ,  Sav ark ar  urged  all  universities ,  colleges  and  schools  to  âĢ ľ secure  entry  into  military  forces  for  youths  in  any  and  every  way . âĢ Ŀ  When  Gandhi  had  launched  his  individual  sat y agra ha  the  following  year ,  Sav ark ar ,  at  the  Mah as ab ha  session  held  in  December  1940"
islam,27983,"s  not  even  necessary  to  use  the  TLS  SN I  extension ;  it âĢ Ļ s  enough  to  point  against  the  same  IP  address ,  but  specifying  the  desired  virtual  host  using  the  Host  HTTP  header : 
 
 $  w get  - q  - S  -- max - red irect = 1  -- header  ' Host :  mail . google . com"
islam,27983,"B arrett  babies . âĢ Ŀ 
 
 âĢ ľ I  told  them  the  first  day ,  I  left  all  my  babies  in  Chicago ,  so  they  my  babies  now .  I  love  my  babies .  They âĢ Ļ re  sweet , âĢ Ŀ  Davis  said  after  she  finished  hugging  every  student  that  showed  up  for  the  surprise .  Davis  is  from  Chicago"
islam,27983,"ley  said .  âĢ ľ I  know  coming  out  as  a  rookie  that  I âĢ Ļ ll  make  a  few  mistakes ,  but  as  long  as  I âĢ Ļ m  playing  fast  and  hust ling  to  the  ball ,  I âĢ Ļ ll  be  good . âĢ Ŀ 
 
 Mc Kin ley  impressed  his  teammates . 
 
 âĢ ľ He  looked"
islam,27983," B ostic .  âĢ ľ Though  we  have  yet  to  see  a  critical  mass  of  businesses  priced  out  of  the  region ,  this  is  an  area  of  concern .  There âĢ Ļ s  ample  evidence  to  show  that  the  time  is  now  to  implement  strategies  to  reduce  housing  costs . âĢ Ŀ 
 
 Nearly  60 %  of  employers  surveyed  cite  the  region"
islam,27983," that  there 's  no  First  Amendment  worries  in  such  a  gag  order ,  because  that 's  clearly  false .  It  seems  clear  that  Wass erb auer  isn 't  happy  with  the  media  attention  --  most  trolls  aren 't  --  especially  since  it 's  been  fairly  effective  in  highlighting  the  way  Lum en  View 's  trolling  works .  Troll s  often  get  away  with"
islam,27983,",  that  the  from  C  inherited  build  system  takes  a  different  approach ,  every  file  is  in  this  model  its  own  translation  unit ,  which  is  compiled  without  the  knowledge  about  dependencies  to  other  translation  units ,  this  is  later  resolved  by  the  link er .  This  is  very  effective ,  but  also  low level .  Also ,  the  authors  point  out ,"
islam,27983,". 
 
 The  department âĢ Ļ s  efforts  haven âĢ Ļ t  always  been  consistent ,  either .  One  day  after  Mr .  de  Blasio  promised  that  the  city  would  be  recruiting  black  officers  âĢ ľ ener get ically , âĢ Ŀ  police  officials  acknowledged  that  18  of  the  20  officers  assigned  to  the  department âĢ Ļ s  recruitment  unit  had  been"
islam,3177," the  Canucks  are  not  a  failure . 
 
 USA  Today  projected  the  team  would  hit  65  points ,  while  EA  predicted  even  worse  with  63  points  in  their  season  simulation .  If  the  Canucks  were  to  be  truly  that  bad ,  they  would  have  the  lowest  team  points  since  Edmonton  and  Buffalo  in  2014 - 15 . 
 
 But  no  –"
islam,3177," that  the  somebody  must  be  misunderstanding  or  mis using  the  STL .  But  upon  explaining  game  development  and  high  performance  software  issues  and  comparing  these  to  std  STL 's  design  and  implementation  by  current  vendors ,  people  usually  reduce  their  skepticism .  Indeed  we  have  found  that  those  have  the  most  extensive  and  deep  STL  experience  have  been  those  most  enthusiastic  about  E"
islam,3177," the  theme  music  for  the  video  games  Resident  Evil  and  On im usha ;  and  Son at ina  for  Viol in ,  which  the  Japanese  Olympic  figure  sk ater  Da is uke  Tak ah ashi  is  scheduled  to  use  in  his  performance  in  Sochi . Technology  firms  have  turned  several  industries  on  their  head .  The  way  people  buy  books ,  hail  a"
islam,3177," that  the  player base  is  still  there . 
 
 Whatever  the  case ,  a  new  patch  will  deploy  next  week ,  adding  Elite  Driver  levels ,  improvements  to  the  title 's  Photo  Mode ,  and  much  more .  Where  would  you  like  to  see  the  game  go  next ?  Take  a  sharp  hair pin  turn  in  the  comments  section  below . Mel"
islam,3177,",  the  more  the  character  sees  their  self  by  that  light .  If  you  have  Danger  + 3 ,  you  see  yourself  as  a  threatening ,  violent  figure .  If  you  have  Mund ane  - 2 ,  you  see  yourself  as  anything  but  a  normal  person . 
 
 The  Lab els  include : 
 
 Fre ak ,  which  is  all  about"
islam,3177,").  The  team  investigated  whether  this  planet  has  an  atmosphere  rich  in  water  or  hydrogen .  The  Subaru  observations  show  that  the  sky  of  this  planet  does  not  show  a  strong  Ray leigh  scattering  feature ,  which  a  cloud less  hydrogen - dominated  atmosphere  would  predict .  When  combined  with  the  findings  of  previous  observations  in  other  colors ,  this  new  observational  result"
islam,3177," . 01 ),  and  the  overall  pattern  is  very  similar .  Also ,  Study  4  showed  no  main  effect  difference  for  topic  domain  for  integ rative  complexity .  Given  our  focus  on  dialect ical  forms  of  complexity  throughout  this  article ,  these  inf erential  differences  are  largely  irrelevant .  We  report  them  here  for  comple teness .  Our  larger  point  remains  the  same"
islam,3177," means ,  the  most  influential  works  in  the  canon  —  ( and  while  I  strongly  encourage  you  to  read  Shakespeare ,  Milton ,  and  Be ow ulf )  —  the  20  books  included  here  are  some  of  the  most - talk ed - about  today .  Read  them ,  and  you  probably  won âĢ Ļ t  miss  a  book ish  reference  for  a"
islam,3177," the  Sandy  Hook  massacre  on  his  own .  Others  had  already  imagined  it  for  him . 
 
 When  Wayne  La Pierre ,  head  of  the  National  Rifle  Association ,  pointed  a  finger  at  video  games  and  media  violence  during  a  news  conference  after  the  shootings ,  it  was  a  calculated  effort  to  distract  attention  from  the  gun  industry  and  its  powerful  lobby"
islam,3177," The  element  hydrogen  is  a  major  component  of  a  prot oplan etary  disk ,  and  water  ice  is  abundant  in  an  outer  region  beyond  a  so - called  "" s now  line .""  Find ings  about  where  super - Ear ths  have  formed  and  how  they  have  migrated  to  their  current  orbits  point  to  the  prediction  that  hydrogen  or  water  vapor  is  a"
islam,3177," The  city  I âĢ Ļ m  currently  living  in  is  a  medium  sized  one  in  Par ana .  Lots  of  blond es  and  red heads .  Blue  and  green  eyes  are  common .  If  you  like  European  type  girls ,  you âĢ Ļ re  in  the  right  place ,  but  you  won Â´ t  find  the  post card  Brazilian  more na . 
"
islam,3177,",  and  the  identity  of  that  album  may  surprise  you !)  Take  a  look : 
 
 All  quotes ,  except  where  noted ,  by  Rivers  Cuomo . 
 
 The  album :  We ez er  ( The  Green  Album )  ( 2001 ) 
 
 The  previous  mis steps :  Disapp earing  into  self - ind ul gence  on  1996 âĢ Ļ"
islam,3177," a  dense  cloud  of  inc and escent  gas ,  into  plasma ,  and  there  is  a  very  definite  explosion . According  to  Professor  St any uk ovich ,  a  "" miss ile ""  of  a  sizable  character  ( say  6  miles  in  diameter )  must ,  on  collision  with  the  Moon ,  penetrate  to  a  depth  equal  to  4  or  5  times  its"
islam,3177," a  videot aped  encounter  with  a  prostitute .  ( Politics NJ  refers  to  him  as  a  âĢ ľ b udding  filmmaker . âĢ Ŀ )  Whenever  Wally  Edge  finds  out  that  Christie  is  investigating  someone  —  as  he  frequently  does ,  somehow  —  he  writes  that  the  target  is  âĢ ľ he aring  the  cell os , âĢ Ŀ  a  reference  to  the"
islam,3177," a  mixer ,  a  wit ,  an  authority  on  things  in  general ,  and  the  probable  successor  of  George  Bernard  Shaw  as  the  world âĢ Ļ s  mis cellaneous  consulting  expert ,  but  his  count enance  still  reflects  the  bewild er ment  of  his  early  years  as  a  dem ig od  in  spite  of  himself .  Permanent  aston ishment  shines  from  his  great"
islam,3177," assume  that  the  long  ( up  to  9 40  miles )  chains  of  small  cr aters  formerly  asc ribed  to  volcanic  activity  were  brought  about  by  eru ptions  of  gas  through  cracks  appearing  in  the  armour  pl ating  as  a  result  of  accidents . No  doubt  one  of  the  most  splendid  features  of  the  lun ars cape  —  a  straight  "" wall """
islam,3177," example ,  the  Russian  AK - 47  or  the  American  M - 16  rifles .  No  civilian  should  be  able  to  transfer  or  possess  any  assault  rifle  that  was  not  already  in  circulation  by  1986 . 
 
 Any  of  the  older  assault  rifles  in  citizen  hands  should  be  registered  with  the  government .  If  someone  wants  to  acquire  one ,  both  the"
islam,3177," example ,  the  17  billion  planet  universe  in  the  recent  blockbuster  video  game  No  Man âĢ Ļ s  Sky  was  largely  generated  algorithm ically .  The  short  version ?  If  you âĢ Ļ re  a  visual  designer ,  it âĢ Ļ s  time  to  divers ify . 
 
 advertisement 
 
 Design  Researchers 
 
 âĢ ľ When  ethn ographic  research  was"
islam,3177," the  plant  cells ,  the  nem at ode  feeds  on  fun gal  growth  [ 79 ].  Due  to  this  special  feeding  habit ,  ES  products  of  the  parasite  include  cell - wall - deg r ading  enzymes  like  cellul ases ,  p ect ate  ly ase ,  expans in - like ,  and  venom  all er gen - like  proteins .  Furthermore ,"
islam,3177," the  best - read  of  recent  years .  âĢ ľ Mod esty  is  an  orientation  of  the  heart ,  first  and  foremost .  It  begins  with  putting  God  first .  To  look  at  an  outfit  and  say  if  it âĢ Ļ s  modest  or  imm od est ,  I âĢ Ļ m  not  sure  you  can  do  that . âĢ Ŀ 
 
"
islam,3177,"ings ,  2006 ).[ 22 ]  A  high  wall  of  water  is  formed  that  is  initially  higher  than  100  meters  driven  by  the  shocked  water ,  bas alt  and  air . 
 
 Ver be ek  investigation  [  edit  ] 
 
 Although  the  violent  phase  of  the  18 83  eruption  was  over  by  late  afternoon  of  27  August ,  after  light  returned"
islam,3177," something  you  could  buy  commercially  at  a  record  store ."" 
 
 And  besides ,  Voyager 's  Golden  Record  has  thus  far  been  kept  safe  from  the  elements — high  temperatures ,  oxygen ,  water — known  to  deterior ate  Earth ly  records .  ( V oy ager  is  now  operating  at  about  negative  110  degrees  Fahrenheit .) 
 
 âĢ ľ If"
islam,3177," hacking  the  computers  of  journalists  living  overseas . 
 
 "" In  a  country  like  Ethiopia  where  journalists  are  consistently  watched ,  [ we ]  need  to  protect  their  communications  and  their  data  to  do  reports  on  sensitive  issues ,""  End alk ache w  H / Michael ,  one  of  the  co - found ers  of  Zone  9 ,  told  CP J  by"
islam,3177,"ifier  ( Pr ide ) 
 
 Dev ils  –  These  creatures  were  once  angels  with  dominion  over  various  aspects  of  Earth  and  humanity  before  giving  in  to  the  Darkness .  Many  of  these  creatures  hid  on  Earth  when  the  Se als  were  closed ,  avoiding  being  imprisoned  in  the  Lower  Realm .  Devils  are  a  perverse  and  altered  variant  of  their  once"
islam,3177," for  their  eyes  and  ears ,  and  the  impression  of  heart - shaped  indent ations  on  the  bottom  of  their  ho oves .[ 42 ]  The  production  of  the  film  ended  by  July  29 ,  2017 .[ 43 ] 
 
 The  production  crew  used  simple  3 D  modeling  in  Aut odes k  Maya  as  to  determine  camera  locations ,  lens ,  and"
islam,3177,". 
 
 Ch ampion  Spawn  Pv E  Mechanics 
 
 In  the  next  patch  we  will  be  implementing  our  Champion  Spawn  Pv E  mechanics .  This  is  a  new  system  that  changes  the  way  certain  mob  spawns  will  function  and  provides  a  way  for  players  to  test  their  met tle  against  waves  of  enemies .  This  is  the  way  that  the  system"
islam,3177,"
 Living  by  faith ... that 's  all .  Overall 
 
 Awesome  book  of  how  God  led  brave  men  and  woman  behind  the  "" iron  curtain ""  to  do  His  will  Overall 
 
 I  enjoyed  this  biography  very  much .  The  narrator  was  excellent  and  had  been  engaged  the  entire  time .  Brother  Andrew 's  story  is  one  of  faith fulness"
islam,3177, also  having  changed  for  the  worse .  I  guess  the  best  way  to  describe  it  is  that  there  is  now  a  big  push  for  both  girls  and  guys  to  construct  this  whole  fake  ( or  quasi - fake )  identity  revolving  around  social  media .  Guys  are  relying  more  and  more  on  these  âĢ ľ virtual  identities âĢ Ŀ  they âĢ Ļ ve
islam,3177," much  of  the  Don ut  Sund ae  lifespan .  And  we âĢ Ļ re  hoping  that  lifespan  is  a  nice ,  long  one ! 
 
 The  Main  Street  Plaza  Ice  Cream  Par lor  can  be  found  at  the  intersection  of  Main  Street  USA  and  Tomorrow land ,  just  before  you  get  to  Cinderella  Castle .  And  the  sund ae  joins  a  few"
islam,3177," woman  the  injury  was  the  horrible  consequence  of  her  father  attacking  her  with  a  m ache te . 
 
 Irish  nurse  Ao ife  Ni  M h urch u  treats  a  patient  last  year  at  T ari  Hospital  in  the  high lands  region  of  Papua  New  Guinea .  The  woman  sought  treatment  for  l acer ations  after  her  husband  cut  her  with  a"
islam,3177," great  charm ,  about  how  brain  problems  lead  to  losses ,  or  excess es ,  of  mental  activity . 
 
 Hat 's  pre face  included  powerful  arguments  for  why  case  histories  are  every  bit  as  medically  important  as  studies . 
 
 The  idea  of  the  case  history  goes  back  to  ancient  Greece ,  and  Hipp ocrates ,  who  first  wrote  about"
islam,3177," was  only  going  to  read  the  first  fifty  pages ,  but  the  story  comp els  you  to  read  on .  I  ended  up  not  moving  from  my  spot  until  I  was  finished .  It  was  one  of  those  situations  where  you  have  to  know  what  is  going  to  happen  next . 
 
 I  am  highly  recommending  this  book  to  all  readers ."
islam,3177," often  start  by  dividing  memory  into  to  large  group ings  that  they  call  âĢ ľ expl icit âĢ Ŀ  or  âĢ ľ impl icit âĢ Ŀ  memory .  The  easiest  way  to  distinguish  these  is  to  note  that  explicit  are  the  ones  that  you  can  describe  or  call  into  your  mind  at  will ,  while  implicit  memories  are  automatic  and  not  really  conscious"
islam,3177,"edge  EQ  algorithms  and  so  on .  But  none  of  that  helps  if  you 're  not  able  to  hear  all  of  those  sounds  and  frequencies  equally . 
 
 Setting  up  the  Nur aph ones  is  a  bit  more  involved  than  most  other  headphones  ( in  that  there 's  even  a  setup  process  at  all ),  but  it 's  simple .  Using  the"
islam,3177," and  down .  Several  other  previously  observed  particles  are  good  candidates  to  be  tet ra qu ark  or  pent aqu ark  states ,  but  all  of  these  have  a  qu ark  and  antiqu ark  of  the  same  flavor ,  and  thus  their  character  as  an  exotic  particle  is  less  certain . 
 
 The  detailed  internal  structure  of  the  new  X ( 55"
islam,3177," less  consistent ,  and  that  each  logo  has  a  compact ,  icon ographic  illustration  to  identify  it .  In  one  of  my  favorite  examples  of  our  Web  staff  working  with  our  colleagues  in  the  print  art  department ,  almost  all  of  these  logos  are  a  tight  collaboration  between  Rebecca  Pat erson ,  one  of  our  very  talented  digital  designers ,  and  Nicholas  Ble"
islam,3177," made .  Nothing . 
 
 Not  only  did  Easter brook  try  to  ninja - edit  the  lazy  error  away ,  but  he  still  failed  to  acknowledge  the  fact  that  this  isn 't  a  new  tax  and  it 's  not  going  to  have  any  bearing  on  any  hotel  employee 's  jobs .  Not  only  that ,  but  I  failed  to  mention  the  first"
islam,3177," âĢ ľ Com position âĢ Ŀ  painting ,  instead  of  r apping  his  line ,  T . O . P  looked  at  the  audience  and  wink ed .  And  during  that  moment ,  my  jaw  dropped ,  and  I  questioned  my  sexuality . 
 
 In  between  a  set  of  maybe  three  or  four  songs ,  the  band  either  took  the  time  to"
islam,3177,"
 
 Mc Sh ay :  DE  B jo ern  Werner 
 
 Given  these  three  choices ,  pretty  clear  the  Giants  got  this  one  right .  P ugh  has  been  a  solid  player  for  the  Giants  and  was  their  best  lineman  in  2016  before  injuring  a  knee .  Hayden  has  just  25  career  starts ,  only  two  in  2016 .  Werner  had"
islam,3177," their  first  taste  of  Bundesliga  victory  on  Friday  when  Felix  Klaus  led  his  newly  promoted  team  to  a  1 - 0  away  victory  in  the  67 th  minute . 
 
 After  being  te ed  up  by  Ill ir  Az emi ,  Klaus  scored  the  only  goal  of  the  match  when  his  dipping  left - foot  strike  went  straight  over  Christian  Wet k"
islam,3177,"- old  Dennis  Bradford  III  un responsive  with  gunshot  wounds  to  the  head  and  wrist ,  according  to  Chicago  Police  and  the  Cook  County  medical  examiner âĢ Ļ s  office . 
 
 Brad ford ,  of  the  the  6 200  block  of  South  Moz art ,  was  pronounced  dead  at  the  scene  at  11 : 43  a . m .,  authorities  said"
islam,3177," hobby ists  that  were  flying  an  RC  aircraft  at  a  lake  nearby  a  nuclear  power  plant .  Authorities  in  France  have  been  searching  for  suspects  in  what  they  call  illegal  fly overs  of  their  nuclear  power  plants  by  drones  over  the  past  several  months ,  however  they  doubt  the  people  that  they  have  arrested  are  the  same  people  they  are  searching  for ."
islam,3177," the  court  she  ' may  or  may  not '  be  remorse ful  over  her  actions  but  a  jail  sentence  could  see  her  exposed  to  ' cor rupt ing  influence '. 
 
 ' This  has  ruined  my  life .  I  very  much  regret  what  I 've  done ,'  Dr isc oll  said  in  a  psychologist 's  report  read  out  in  court . 
"
islam,3177," Oliver  and  I  had  never  met ,  Z are la  became  excited  ("" Another  excuse  for  a  party !"" )  and  organized  a  small  dinner  at  her  house .  It  was  intimate ,  with  my  wife ,  Karen ;  Z are la ;  her  partner ,  Jamie  ( a  retired  adult - film  actor );  Oliver ;  James  Watson ,  the  Nobel  laureate"
islam,3177," Images 
 
 AG :  Wow ,  if  only  we  had  more  time .  Do  you  prefer  a  shower  or  bath ? 
 
 RR :  A  bath .  I  have  a  candle  permanently  on  my  Jac uzz i ,  because  I  love  me  some  candles . 
 
 AG :  Cat  person  or  dog  person ? 
 
 RR :  Dog ."
islam,32452," isn 't  spread  across  the  city . 
 
 Management  of  the  city 's  only  public  hospital ,  United  Medical  Center ,  is  disgrace ful .  Alleg ations  of  high  school  students  barely  able  to  read  and  write  being  allowed  to  graduate  are ,  if  true ,  alarming .  City - provided  paths  from  dependency  to  self - suff iciency ,  under  Bowser"
islam,32452," lined  up ,  including  Michael  Bass ett  ( Sil ent  Hill :  Revelation ),  Michael  Hur st  ( B itch  Sl ap ),  and  Luke  Jacobs  . 
 
 They âĢ Ļ ve  already  got  their  other  directors  lined  up ,  including  ( Sil ent  Hill :  Revelation ),  ( B itch  Sl ap ),  and  .  However ,  he  has  and  will"
islam,32452," thanks  to  a  bipartisan  duo  calling  for  an  end  to  âĢ ľ dr ag net  surveillance âĢ Ŀ  in  the  United  States . 
 
 Introduced  Tuesday  by  Reps .  Mark  Poc an  ( D - W isc .)  and  Thomas  Mass ie  ( R - Ky .),  the  Surveillance  State  Repe al  Act  would ,  as  its  name  suggests ,  repeal  the"
islam,32452," Twilight  Sparkle ,  her  five  pony  friends  –  collectively  known  as  the  "" M ane  6 ""  –  and  her  dragon  assistant  Spike  embark ing  on  a  quest  to  save  their  home  of  E quest ria  from  an  evil  conquer or ,  gaining  new  friends  in  the  process .  In  addition  to  the  show 's  regular  voice  cast  re prising  their  roles ,"
islam,32452," could  allow  scientists  to  better  predict  future  eru ptions  in  the  area .  In  addition ,  it  has  given  them  some  more  insight  into  what  makes  Yellowstone  and  its  ge ys ers  tick . 
 
 The  findings  were  reported  at  the  Se ism ological  Society  of  America 's  annual  meeting . There  have  been  a  lot  of  media  reports  today  following  the"
islam,32452," Home )  to ed  the  line  of  his  friends  from  the  right ,  stating  that  the  army âĢ Ļ s  assessments  were ,  put  simply ,  âĢ ľ ir responsible . âĢ Ŀ 
 
 The  sw an  song ? 
 
 It  is  difficult  to  bel ittle  the  phenomenon  we  see  before  our  eyes .  It  is  also  difficult  to  write  these"
islam,32452," problems  take  many  forms ;  therefore ,  so  must  solutions .  That  said ,  because  the  loss ,  destruction  and  degradation  of  habitat  is  the  major  cause  of  the  extinction  crisis  –  driven  ultimately  by  human  population  growth  and  over - cons umption  of  resources  –  the  protection  and  restoration  of  habitat  for  native  species  is  the  most  important  thing  we  must  do"
islam,32452," Capital  partner  Matt  Maz ze o .  It  was  moder ated  by  The W rap âĢ Ļ s  Lucas  Shaw . 
 
 R addon  relayed  the  story  of  a  major  film  studio  that  hosted  a  weekly  âĢ ľ inn ovation  group âĢ Ŀ  –  which  was  managed  by ,  of  all  things ,  the  company âĢ Ļ s  human - resources  department"
islam,32452," intr ace llular  growth  of  bacteria  [ 13 ].  In  addition  to  their  recruitment  to  sites  of  infection  and  various  effect or  functions ,  they  also  have  strong  anti - inflammatory  properties .  These  are  manifested  by  the  secretion  of  IL - 10  and  T GF -  and  the  expression  of  certain  genes  that  are  involved  in  the  repair  of  the  ext race"
islam,32452,"y  Republican  recal cit rance . 
 
 The  third  possibility  is  that ,  noble  intentions  aside ,  the  Keynes ian  plan  is  not  working ,  cannot  work ,  never  has  worked ,  and  never  will  work .  This  implies  we  need  to  change  course  if  we  want  to  revive  our  struggling  economy  and  restore  our  government  to  sol ven cy . 
"
islam,32452,"
 Fr ust rating ly ,  if  your  journey  dev iates  from  the  specified  amount  charged  at  the  beginning  of  the  trip  ( due  to  a  det our  to  pick  up  a  friend  or ,  you  know ,  traffic )  you  are  then  charged  a  second ,  final  amount  for  what  the  fare  actually  is .  Sure ,  the  original  amount  is  released"
islam,32452," Pegasus ,  a  symbol  of  wisdom  and  knowledge  in  Greek  mythology .  In  addition  to  these  two  tenets ,  the  company  mirrors  the  wing ed  horse  in  another  significant  respect :  both  entities  have  taken  part  in  a  series  of  epic  journeys . 
 
 AS US  notebooks  have  lived  on  the  M IR  Space  Station .  They  were  the  first  to  work"
islam,32452," is  slated  to  make  a  long - term  modest  return  on  its  capital ;  effectively  rendering  its  initial  expenses  meaningless .  In  addition ,  with  major  capital  projects  such  as  the  NBN ,  it  is  common  for  a  substantial  amount  of  the  overall  capital  cost  to  be  lodged  up - front ;  these  costs  do  not  reflect  the  remaining  cost  of  such  projects"
islam,32452," advise  you  to  stop  reading ,  grab  a  cup  of  hot  cocoa ,  and  retreat  to  your  nearest  safe - space  immediately .  Otherwise  you  will  get  triggered ,  guaranteed . 
 
 With  that  out  of  the  way ,  let  me  get  into  the  meat  of  this  article ,  which  is ,  as  the  title  suggests ,  a  short  lesson  on  a"
islam,32452,",  we  discussed  a  government  report  which  showed  that ,  much  to  the  ch ag rin  of  a  few  billionaires  and  a  long  line  of  retail  investors  who  bought  the  proverbial  dip ,  F annie  Mae  and  Freddie  Mac  may  be  destined ,  by  design ,  by  decades  of  reckless  behavior ,  and  by  Treasury  decree ,  to  be  insol vent  most  of"
islam,32452,".  John  McCain 's  recent  mis stat ements  regarding  a  nonexistent  Iraq - Pakistan  border  and  the  timing  of  the  An bar  Awakening .  In  contrast  with  the  networks '  ignoring  McCain 's  mis stat ements  in  their  nightly  news  broadcasts ,  both  of  which  have  been  made  during  Sen .  Barack  Obama 's  trip  abroad ,  media  figures  from  each  network  warned"
islam,32452,"In  addition ,  under  the  expanded  NBC U  deal ,  Hulu  has  acquired  the  full  library  of  programming  for  series  âĢ ľ B att lest ar  Gal act ica âĢ Ŀ  and  âĢ ľ S aved  by  the  Bell , âĢ Ŀ  which  are  available  to  stream  now .  The  deal  also  adds  episodes  of  popular  children âĢ Ļ s  series  including  âĢ"
islam,32452," took  action  after  the  Charleston ,  S . C .,  church  shootings  in  June . 
 
 In  addition  to  the  Franklin  County  Sheriff 's  Office ,  the  FBI  and  the  Bureau  of  Alcohol ,  Tobacco ,  Firearms  and  Explos ives  have  sent  personnel  from  Ro an oke . 
 
 Update  at  2 : 25  p . m .  ET :  Updates"
islam,32452,". 
 
 In  addition ,  while  being  interviewed  on  the  July  21  broadcast  of  ABC 's  Good  Morning  America ,  McCain  referred  to  "" the  Iraq - Pakistan  border ""  --  which  does  not  exist  --  while  discussing  the  ongoing  war  in  Afghanistan .  As  Media  Matters  noted ,  host  Diane  Sawyer  did  not  correct  McCain 's  statement  or  otherwise  point  out"
islam,32452,"]  In  addition ,  the  hind  fl ipper  of  elephant  seals  have  a  lot  of  surface  area ,  which  helps  propel  them  in  the  water .[ 6 ]  Elephant  seals  spend  the  majority  of  their  time  ( 90 %)  underwater  in  search  of  food ,  and  can  cover  60  miles  a  day  when  they  head  out  to  sea .[ 7 ]  When  elephant"
islam,32452," after  all .  Moreover ,  landscapes  planted  and  maintained  by  humans  can  help  certain  species  through  lean  times  of  the  year . 
 
 Even  so ,  policymakers  often  consider  urban  habitat  degraded  and  insignificant ,  the  researchers  note ,  and  therefore  permit  development  that  further  er odes  habitat  for  threatened  species ,  bit  by  little  bit .  So  the  assumption  that  cities"
islam,32452," for  clarity  and  content . One  of  the  features  that  PlayStation  owners  have  asking  about  for  years  is  the  ability  to  expand  their  console  storage  with  an  external  USB  drive .  Now ,  with  the  upcoming  System  Software  4 . 5 ,  that  feature  has  finally  become  a  reality . 
 
 It âĢ Ļ s  been  stated  that  the  external  drive  can"
islam,32452,"SS ); 
 
 C ancer  St em  Cells 
 
 C ancer  stem  cells  ( C SC s )  are  cancer  cells  ( found  within  tumors  or  he mat ological  cancers )  that  possess  characteristics  associated  with  normal  stem  cells ,  specifically  the  ability  to  give  rise  to  all  cell  types  found  in  a  particular  cancer  sample .  C SC s  are"
islam,32452," series .  So  we  thought ,  this  is  our  time .  If  we âĢ Ļ re  ever  going  to  do  it ,  we  have  to  set  aside  that  crowd .  Now  is  a  good  time .  And  television  seems  like  an  interesting  format  to  take  it  forward  in .  So  we  chose  to  make  Bruce âĢ Ļ s  story  right  now .  I"
islam,32452,"
 11 : 49 : 03  Marg ot  James  MP ,  Parliamentary  Under - Secretary  ( Department  for  Business ,  Energy  and  Industrial  Strategy )  ( St our bridge ,  Conservative ) 
 
 11 : 49 : 18  Stephen  Pound  MP  ( E aling  North ,  Labour ) 
 
 11 : 49 : 41  Marg ot  James  MP ,  Parliamentary  Under"
islam,32452," announced  plans  to  operate  from  this  airport ."" 
 
 "" We  believe  the  CS 100  is  the  perfect  aircraft  for  the  next  stage  of  our  growth  for  many  reasons ,  not  the  least  of  which  is  that  it  is  the  quiet est  commercial  jet  in  production ."" 
 
 Robert  Kok onis ,  co - founder  of  airline  consulting  firm  Air T"
islam,32452," said ,  and  vehicles  can  be  right - sized  for  their  tasks :  people  can  order  a  pickup  truck  for  buying  gardening  supplies ,  a  single - se ater  for  the  drive  to  work ,  a  shuttle  to  go  to  the  airport ,  a  bus  when  they  want  to  save  money . 
 
 Because  of  their  efficient  use  of  road  space ,"
islam,32452,"49 
 
 3 . 53 
 
 2 . 31 
 
 1 . 14 
 
 1 . 01 
 
 1 . 28 
 
 1 . 34 
 
 1 . 04 
 
 1 . 25 
 
 0 . 96 
 
 1 . 10  1 . 15 
 
 1 . 32 
 
 1 ."
islam,32452, 30  Rasm us  My g ind  ( Den )  Team  Tre - For  3  31  Mart ijn  Vers ch oor  ( N ed )  Team  Nov o  Nord isk  3  32  Michel  K red er  ( N ed )  Garmin - Sharp  2  33  Bj Ã¶r n  Thur au  ( Ger )  Team  Euro p car  2  34  J ens  Deb uss c
islam,32452,"un ned  to  Unlock :  D red ge  ( L ust ),  Cor ro de  ( En vy ),  Loc ust us  ( G reed ),  Ang ler  ( Wr ath ),  and  E yr ach n id  ( Pr ide ) 
 
 Em br aced  to  Unlock :  Job ber  ( G reed ),  Lun atic  ( En vy ),  and"
islam,32452," conference ,  April  15 - 16 ,  2019  Berlin ,  Germany ;  Pacific  Regener ative  Medicine  Conference ,  May  16 - 19 ,  2019  Hawaii ,  USA ;  Annual  conference  &  Exhibition  on  Trans vers al ,  Trans l ational  &  Transform ative ,  December  2 - 5 ,  2019  Florida ,  USA ;  21 st  International  Conference  on  T issue  Engineering  and"
islam,32452," part  of  his  offensive  arsenal ;  he  was  devised  by  B oon  as  "" a  cooler  version  of  Scorpion .""[ 22 ]  The  original  costume  was  created  from  a  modified  ninja - like  outfit  bought  at  a  Chicago  costume  shop [ 21 ]  and  was  red  for  filming  in  the  first  game ,  but  a  different  yellow  one  with  a  qu il ted"
islam,32452,":  Belief s  and  the  Macro econom y  ( N BER  Working  Paper  No .  153 21 ),  co - authors  Pa ola  Giul iano  and  Antonio  Sp il im ber go  substant iate  the  importance  of  the  historical  economic  environment  in  shaping  economic  attitudes ,  affecting  individuals '  views  of  the  role  of  government ,  and  influencing  whether  those  beliefs  change  later"
islam,32452,"D iss ociation  and  PTSD ;  past  and  present : 
 
 D iss ociation  is  a  sub - type  of  PTSD  ( Post  Tra umatic  Stress  Disorder ),  a  mental  health  condition  triggered  by  a  terrifying  event  and  most  commonly  diagnosed  in  war  veterans .  Several  studies  indicate  that  a  significant  part  of  the  Lebanese  population  who  lived  through  the  1975 -"
islam,32452," the  collapse  of  the  Camp  David  "" final  status ""  talks ,  he  turned  sharply  to  the  right .  He  upheld  his  earlier  findings — and  produced  new  ones  showing  that  Israeli  military  forces  were  responsible  for  a  deliberate  campaign  of  massacres  and  rapes  aimed  at  driving  out  the  Palestinians — but  then  defended  these  crimes  as  necessary  and  just ifiable . 
"
islam,32452,"ank ar  Singh ,  Pri ya  D utt  were  also  present  for  the  meeting . 
 
 Also  Read :  Rahul  Gandhi  blasts  RSS ,  BJP 's  ' rig id  thinking ' 
 
 G and hi  sat  next  to  the  A IC C  secretary ,  San jay  Nir up am .  Nir up am  passed  him  a  ch it  with  âĢ ľ"
islam,32452," âĢ ľ They  said  Captain  didn âĢ Ļ t  want  to  meet  me .  Now ,  they  have  mess aged  me  that  please  come  and  meet  Captain  Sa ab .  This  time ,  I  have  refused . âĢ Ŀ  said  Raj la . 
 
 In  2009 ,  when  his  wife ,  Pre ne et  K aur ,  faced  anti - inc umb"
islam,32452,"Ļ s  letter  to  the  university . 
 
 MORE :  504 - day  investigation  of  law  professor  for  âĢ ĺ Brazil ian  wax âĢ Ļ  question 
 
 MORE :  Howard  vandal ized  with  âĢ ĺ Trump  plantation âĢ Ļ  after  DeVos  visit 
 
 IM AGE :  âĢ ĺ The  40 - Year - Old - Virgin âĢ Ļ 
 
"
islam,32452,"acing = 0 )  ax . set _ y lim (- 0 . 1 , 1 . 1 ); 
 
 And  that âĢ Ļ s  pretty  much  all  there  is  to  say  here .... 
 
 Taking  it  further 
 
 H mmm .  The  over shoot  is  kind  of  annoying ,  though ,  isn âĢ Ļ t  it ?  What  if"
islam,32452," does  not  seem  to  be  about  that ,  but  rather  about  setting  up  a  deal  that  actually  does  make  everyone  better  off .  It  appears  that  H ac het te  has  been  fighting  that ,  in  this  ridiculous  belief  that  e books  have  to  be  priced  higher  --  and  that  it  should  get  to  keep  more  and  more  of  the  money . 
"
islam,32452,"p _ k }  \ ),  any  choice  of  \(  B  \ )  and  \(  C  \ )  is  fine  that  satisfies  \(  H ( s )  =  \ sum \ limits _ k  \ frac { b _ k c _ k }{ s + p _ k }  \ ).  We  need  to  compute  the  residue  coefficients  \(  r _ k"
islam,32452," cracking ,  r ifting ,  and  the  interaction  between  the  Pacific  Plate  and  the  North  American  Plate .  The  Gar ib aldi  Vol can ic  Belt  was  formed  by  sub duction  of  the  Juan  de  F uca  Plate  beneath  the  North  American  Plate .  The  An ah im  Vol can ic  Belt  was  formed  as  a  result  of  the  North  American  Plate  sliding"
islam,32452,"A 2 . 
 
 Production  rates  greatly  increased  in  1943  after  IBM  introduced  a  method  of  casting  BAR  receivers  from  a  new  type  of  mal le able  pig  iron  developed  by  the  S agin aw  division  of  General  Motors ,  called  Ar ma Steel .[ 22 ]  After  it  successfully  passed  a  series  of  tests  at  Springfield  Armory ,  the  Chief  of"
islam,32452," comparison  groups âĢ Ŀ  to  estimate  these  effects ,  and  those  that  do  not .  The  term  âĢ ľ match ing âĢ Ŀ  is  used  here  in  a  relatively  broad  way ,  to  describe  a  family  of  methods  that  identify  a  comparison  group  as  an  appropriate  match  for  a  treatment  group ,  thus  mim icking  a  randomized  experiment .  A  matching  design  is"
islam,32452,"
 
 After  a  long  night  of  observation ,  Brand ner  had  accumulated  enough  data  to  produce  a  portrait  of  the  planet .  His  team  packed  their  bags ,  flew  home  and  went  to  work  analyzing  the  data .  The  results  were  astonishing . 
 
 HR  87 99  c  is  a  young ,  hot  giant  planet ,  a  cosmic  teenager  less  than"
islam,6208,. 576 *  0 . 144  S CL  paranoid  score  0 . 006  0 . 182  0 . 268  0 . 222  âĪĴ 0 . 140  0 . 421 **  HC s  Z ung  depression  score  âĪĴ 0 . 173  âĪĴ 0 . 167  âĪĴ 0 . 05 1  âĪĴ 0 . 06 9  0 . 432 **  âĪĴ 0 . 08 1
islam,6208,. 576 *  0 . 144  S CL  paranoid  score  0 . 006  0 . 182  0 . 268  0 . 222  âĪĴ 0 . 140  0 . 421 **  HC s  Z ung  depression  score  âĪĴ 0 . 173  âĪĴ 0 . 167  âĪĴ 0 . 05 1  âĪĴ 0 . 06 9  0 . 432 **  âĪĴ 0 . 08 1
islam,6208,. 576 *  0 . 144  S CL  paranoid  score  0 . 006  0 . 182  0 . 268  0 . 222  âĪĴ 0 . 140  0 . 421 **  HC s  Z ung  depression  score  âĪĴ 0 . 173  âĪĴ 0 . 167  âĪĴ 0 . 05 1  âĪĴ 0 . 06 9  0 . 432 **  âĪĴ 0 . 08 1
islam,6208, nom .  inval .  Ag la ia  se pal ina  ( K oster m .)  K oster m .  Ag la ia  ste en is ii  K oster m .  Am oor a  rac em osa  Rid l .  L ach an od end ron  domestic um  ( Cor r Ãª a )  N ees  Lans ium  domestic um  Cor r Ãª a
islam,6208,"itz y ,  emanating  from  the  T ARDIS  interior .-- Doctor  Who oves  vector  made  by  *  Z ork - 787  D itz y  Do o / Der py  Ho oves  vector  made  by  ~  sol us j bj  T ARDIS  photo  belongs  to  the  BBC  [ link ] BY :  Follow  @ F Bill Mc Mor ris 
 
 General  Motors  has"
islam,6208, 6  19  9 . 08  Georgia  6 - 1  11  9  14  9 . 94  Arizona  6 - 1  12  14  27  9 . 18  Baylor  6 - 1  13  12  20  9 . 58  Arizona  State  6 - 1  14  15  18  9 . 82  Nebraska  7 - 1  15  17  13  10 . 42  Ohio  State  6 - 1  16  13
islam,6208,"bird ,  then  comes  Night  ( W iesel ),  A  Child  Called  âĢ ľ It âĢ Ŀ  ( Dave  Pel zer ),  Of  M ice  and  Men ,  Animal  Farm ,  Br ising r  ( Christopher  Pa olini ),  Romeo  and  Juliet ,  Harry  Potter  and  the  Death ly  Hall ows ,  The  G iver ,  and  seven  more  works  of  literature ."
islam,6208,"see  Tet lock  et  al .,  =  . 14 ;  Conway  et  al .,  19  It  is  also  important  to  note  that  we  are  not  arguing  that  J ost  et  al .' s  (  2003 
 
 Support ing  Information  Additional  supporting  information  may  be  found  in  the  online  version  of  this  article  at  the  publisher 's  website :  Fil ename  Description  pops"
islam,6208,144  S CL  paranoid  score  0 . 006  0 . 182  0 . 268  0 . 222  âĪĴ 0 . 140  0 . 421 **  HC s  Z ung  depression  score  âĪĴ 0 . 173  âĪĴ 0 . 167  âĪĴ 0 . 05 1  âĪĴ 0 . 06 9  0 . 432 **  âĪĴ 0 . 08 1  Le yton  trait  ( os
islam,6208,"ES  was  founded  in  15 53  by  Henry  VIII âĢ Ļ s  only  surviving  son  Edward  VI ,  who  died  aged  15 .  Previously  known  as  the  Guild  School  it  was  renamed  the  King âĢ Ļ s  New  School . 
 
 Sh akespeare  was  born  and  died  on  the  same  day  –  April  23  –  St  George âĢ Ļ s  Day ."
islam,6208," [  edit  ] 
 
 A  variant  known  as  the  FN  M le  1930  was  developed  in  7 . 65 ÃĹ 53 mm  Belgian  Ma user  by  FN  Her stal  and  adopted  by  the  Belgian  army .  The  M le  1930  is  basically  a  licensed  copy  of  the  Colt  Automatic  Machine  Rifle ,  Model  1925  ( R  75 ).[ 28 ]  The  M"
islam,6208,"-  ONE  guest  pic . twitter . com / J EA yu E z p K M  —  Nick  (@ Nick _ Fal co )  October  15 ,  2017  3 .  There âĢ Ļ s  1000 s  of  surveillance  cameras  in  gaming  area ,  mostly  visible  There âĢ Ļ s  a  surveillance  camera  in  each  main  elevator .  You  cant  hide  pic ."
islam,6208," m r  anonymous ,  i  will  enjoy  this  gift  a  lot ...  once  the  circumstances  you  told  me  will  happen .  I  might  just  get  drunk  with  my  mum  and  my  step  dad  just  so  that  I  can  enjoy  this  gift  fully .  Thanks  again ,  Jon Ã¡ Å¡  :) A  Royal  Marine  taking  part  in  a  selection  process  for  the  SAS  died"
islam,6208," WP K  Held  under  Guid ance  of  Kim  Jong  Un  http :// t . co / s CL I BL 57 W G  pic . twitter . com / d te 6 KS 012 G  —  KC NA  Watch  (@ KC NA Watch )  February  19 ,  2015 
 
 H / T  Guardian  |  Image  via  @ fr ank fe instein /"
islam,6208, or  solid . L oun Ã¨ s  Mat oub  ( K ab yle :  L w enn as  Me É Ľ á¹ Ń ub ;  Ber ber  languages :  â µ į â µ ¡ â ´ » â µ ı â µ ı â ´ ° â µ Ļ  â µ İ â ´ » â µ Ħ â µ ľ â
islam,6208,"} ( x )  \ )  in  the  q = 10 - 20  range  led  me  to  the  initial  guess 
 
 $$  \ math bf  v [ 0 ]  =  - p  -  \ frac { q }{ 3 }  +  \ frac { 2 q }{ 3 }\ math bf  u ^ 2  +  \ frac { 2 j ( p"
islam,6208,"!  pic . twitter . com / OM R f 1 g V h 7 V  —  Rock 104  (@ Rock 104 FM )  April  28 ,  2014 
 
 From  @ Daniel Sh aw AU  live  stream -  flipped  semi  in  Tup elo ,  MS  after  tornado  pic . twitter . com / O v yn Gy c V Ph  —  Se"
islam,6208," st on ers  are  dangerous ,  he  should  definitely  be  arrested !  —  Br nd n  (@ Brandon 06 12 )  April  30 ,  2015 
 
 @ M urd och Pol  At  least  you  don 't  have  to  worry  about  that  criminal  mastermind  anymore .  —  Texture  (@ iam texture )  April  30 ,  2015 
 
 @ M urd och Pol"
islam,6208," and  n apping .  Regardless ,  the  fear  m ong ering  worked ,  and  it  has  taken  nearly  a  century  to  begin  reclaim ing  what  was  lost . 
 
 About  the  Author :  Reid  Mit en bul er  is  a  Washington ,  DC - based  writer .  He  is  currently  writing  a  book  about  bourbon  for  Viking / P engu in ."
islam,6208," of  complexity  ( e . g .,  Ne u berg  &  News om ,  1993 ;  Webster  &  Krug l anski ,  1994 )  and  is  related  to  att itudinal  âĢ ľ se izing âĢ Ŀ  that  seems  clearly  concept ually  related  to  complex  thinking  ( e . g .,  Webster  &  Krug l anski ,  1994 ),  it  is  nonetheless  worth  considering"
islam,6208,597 *  0 . 07 9  EP Q  neurot is ism  0 . 09 5  0 . 171  0 . 05 1  âĪĴ 0 . 05 4  0 . 464 **  0 . 09 3  S CL  som at ization  score  âĪĴ 0 . 6 24 *  âĪĴ 0 . 694 *  âĪĴ 0 . 540 *  âĪĴ 0 . 5 47 *
islam,6208,". 91 
 
 0 . 80 
 
 0 . 91 
 
 1 . 17  1 . 61 
 
 1 . 00 
 
 2 . 00 
 
 1 . 00 
 
 2 . 63 
 
 1 . 96 
 
 1 . 87 
 
 bits et < 35 > / >> =/ 1 
 
"
islam,6208," are  typically  associated  with  having  a  specific  religious  belief ,  which  would  fit  poorly  with  the  range  of  religious  positions  ( or  lack  thereof )  of  the  playable  races . 
 
 With  that  said ,  the  term  âĢ ĺ guard ian âĢ Ļ  has  made  for  a  fair  label .  It  may  not  be  as  ev ocative  as  terms  like  âĢ ĺ"
islam,6208," the  time  series  literature ,  which  relied  on  variation  over  time  rather  than  across  states  to  estimate  employment  effects . 
 
 Ne um ark  and  Was cher  ( 1996 ),  Ne um ark  ( 2001 ),  and  others  soon  extended  the  fixed - effects  modeling  framework  to  individual - level  data  to  understand  the  impact  of  the  minimum  wage  on  specific  vulnerable"
islam,6208," in  Japan .  There âĢ Ļ s  a  big  difference  between  making  d ous hin ji  ( games  made  for  fun  more  than  profit )  and  being  an  indie  developer  trying  to  make  a  living ,  and  the  latter  are  quite  rare  in  Japan ,  though  I  was  lucky  enough  to  meet  some . 
 
 My  interview  with  Matth ieu  occurred  at"
islam,6208,17 000 5 e + 06  5 . 326 33 296 e + 05  2 . 39 89 7 177 e + 06  1 . 95 22 230 7 e + 06  - 2 . 400 16 773 e + 06  1 . 236 34 882 e + 06  - 1 . 97 70 97 19 e + 06  5 . 4 128
islam,6208," ice  blue ,  which  "" prom pt ed  the  story  behind  them  being  these  opposing  ninja - cl an - type  characters .""[ 21 ]  A  third  ninja  swap ,  Rept ile ,  was  added  in  the  third  revision  as  a  hidden  character  who  was  out fitted  in  green  and  used  Scorpion 's  spear  ( along  with  Sub - Zero 's  freeze )"
islam,6208,"ll  be  able  to  discover  where  things  are  going  wrong  in  some  of  your  muscle  building  attempts . 
 
 Activity  &  Health  Level  of  Our  Respond ents 
 
 In  this  section  we  asked  several  questions  about  workout  frequency ,  workout  experience ,  and  how  healthy  our  participants  consider  themselves  to  be . 
 
 Need less  to  say ,  some  of"
islam,6208," gets  patched  by  a  vendor ,  they 've  immediately  swapped  out  the  exploit  attacking  it  for  a  new  one  attacking  a  different  zero - day  vulnerability . 
 
 In  at  least  one  interesting  case ,  it  appears  the  attackers  gained  knowledge  of  a  zero - day  exploit  against  an  Oracle  vulnerability  around  the  same  time  that  Oracle  learned  of  it .  The"
islam,6208," from  that , âĢ Ŀ  he  said . 
 
 The  event ,  organized  by  New  York  University  as  well  as  companies  leading  the  effort  to  harness  artificial  intelligence ,  including  Facebook  and  Google ,  comes  at  a  delicate  moment  for  academic  researchers  and  companies  riding  the  wave  of  progress  in  AI .  Progress  seems  certain  to  revolution ize  many  industries ,  perhaps"
islam,6208," the  sky  an  hour  before  the  airstrike  happened ,  media  activist  Am mar  al - Ad al ba  told  Website  for  the  Syrian  Revolution .  He  said  that  it  was  most  likely  an  airplane  from  the  Coalition  that  struck  the  S ARC  headquarters ,  resulting  in  destruction  and  fire  inside  the  building . 
 
 As  there  is  no  ( open  or  commercial"
islam,6208," past  the  time  that  people  finally  learn  the  difference  between  real  medicine  and  entertainment . âĢ Ŀ 
 
 Um .  No .  Dr .  Miller 's  letter  created  a  moment ary  press  ker f uffle  that  is  fading .  One  little  letter  to  Dr .  Oz 's  dean  is  not  going  to  "" d ism antle ""  the  myth  that  "" f"
islam,6208," runs  about  twice  a  month .  The  idea  of  joining  a  post - col leg iate  training  group  has  crossed  Hud gins âĢ Ļ  mind ,  but  he  hasn âĢ Ļ t  actively  pursued  the  idea  of  doing  so  because  he âĢ Ļ s  happy  with  the  coaching  he âĢ Ļ s  receiving  now . 
 
 H ud gins  is  hopeful  that"
islam,6208,"18  as  well ,  and  by  all  accounts  she  was  an  excellent  BAR  operator .  She  used  an  M 19 18  on  full - automatic  to  pin  down  unsuspecting  law  officers  after  they  confronted  the  gang  at  a  house  in  J op lin ,  MO .[ 38 ]  A  Missouri  highway  patrol man  at  the  scene ,  forced  to  dive  for  cover  behind"
islam,6208," have  opened .  And  we  have  demonstrated  how  we  strengthen  this  country  we  love  and  call  home ."" 
 
 She  said ,  "" During  the  last  four  years  together  with  the  White  House  we  have  laid  a  strategic  road  map  to  bring  the  values  of  transformative  se va ,  of  social  justice  and  k arm ic  empathy  to  the  forefront  and  connected"
islam,6208,"S :  Patrick ,  were  you  literally  thrown  out  of  the  house  or  is  it  basically  that  you  felt  that  you  weren âĢ ĺ t  wanted  there  anymore ? 
 
 H IG G INS :  I 'm  not  really  going  to  comment  on  that  right  now  because  all  of  that  is  in  the  lawsuit .  But  practically  what  I âĢ ĺ m"
islam,6208," defends  her  radical  departure  of  existing  law  by  attempting  to  wrap  immigration  enforcement  in  a  swath  of  social  justice  causes .  She  doesn âĢ Ļ t  think ,  for  instance ,  that  âĢ ľ you  solve  the  criminal  justice  process  by  de porting  them . âĢ Ŀ  Likewise ,  she  calls  ICE âĢ Ļ s  policies  âĢ ľ disc rim inatory âĢ Ŀ"
islam,6208," be  growing  in  a  big  way  for  at  least  a  couple  of  years .  The  two  main  contributing  factors  are  allegedly  eSports  and  VR  gaming .  I  guess  we  will  be  seeing  more  Alien ware  and  X PS  stuff  coming  their  way . 
 
 In  contrast  to  shrinking  overall  PC  sales ,  global  demand  for  gaming  PCs  is  heating  up  and  the"
islam,6208," or  the  sun na  ( the  teachings  and  say ings  of  Muhammad )  in  their  original  form .  ( Whether  Bush ,  Biden  or  Clinton  has  bothered  to  read  a  single  translated  page  of  these  texts  remains  to  be  seen .  Obama ,  who  from  ages  six  to  ten ,  attended  a  public  school  in  Indonesia  influenced  by  the  West ,  appears  to"
islam,6208," compensate  for  their  lack  of  formal  scientific  education  by  instead  trusting  their  âĢ ľ g ut  reaction âĢ Ŀ : 
 
 F requently  the  women  haven âĢ Ļ t  had  very  much  in  the  way  of  a  science  education  because  they  may  well  have  dropped  science  at  16 .  That  is  just  a  fact .  Women  do  tend  not  to  have  continued"
islam,6208," claims ,  with  particular  anger  in  Brussels  being  aimed  at  Britain ,  whose  relationship  with  the  EU  executive  has  grown  tense . 
 
 Although  he  did  not  address  the  issue  specifically  at  his  end - of - year  press  conference  on  Friday ,  President  Barack  Obama  acknowledged  that  the  US  "" would  have  to  provide  more  confidence  to  the  international  community """
islam,6208," finding  represent  a  domain âĢĲ general  or  domain âĢĲ specific  phenomenon ?  Our  next  two  findings  suggest  it  is  domain âĢĲ specific .  First ,  the  religion  dog mat ism  scale — a  scale  specifically  designed  on  a  domain  on  which  conservatives  are  more  likely  to  be  dog matic — sh owed  virtually  the  same  effect  as  the  supposedly  domain âĢĲ general  scale"
islam,6208," had  enough  of  all  this  hard  work ,  because ,  since  I  came  out ,  I  keep  getting  all  these  parts ,  and  my  career 's  taken  off .  I  want  a  quiet  life .  I 'm  going  back  into  the  closet .  But  I  can 't  get  back  into  the  closet ,  because  it 's  absolutely  jam - packed  full  of  other"
islam,6208," exchange  program . 
 
 When  your  score  gets  high  enough ,  you  will  receive  samples .  They  will  be  accessible  from  our  website ,  and  also ,  using  the  Mal ware  Sharing  Network  back - end  API . 
 
 API  for  Script ing 
 
 After  successfully  logging  in ,  you  may  have  noticed  that  the  API  key  field  was  populated"
islam,6208," imprisonment . 
 
 Fel ons  should  be  forever  prohibited  from  owning  guns .  They  should  never  be  allowed  to  hold  a  gun  in  their  hands  for  even  a  few  seconds .  The  lifetime  prohibition  should  include  non - violent  fel ons  who  have  been  law - abiding  for  decades ;  anyone  who  was  convicted  of  marijuana  possession  in  1971  should  be  presumed"
islam,7072,"
 
 2 
 
 2 
 
 In  2017 ,  CO  2  emissions  from  fossil  fuels  and  industry  are  projected  to  grow  by  2 %  ( 0 . 8 %  to  3 %).  This  follows  three  years  of  nearly  no  growth  ( 2014 - 2016 ).  ( G DP  to  rise  3 . 6 %  according  to  IMF  figures ). 
 
"
islam,7072,"
 
 some  more ,  suppose  we  have  m  =  0 ;  printf ("" ( m ++ ,  m ,  m ++ ):  % d ,  % d ,  % d 
 
 "",  m ++ ,  m ,  m ++ ); 
 
 ( m ++ ,  m ,  m ++)  gave  me  1 ,  2 ,  0  ( with  gcc  version"
islam,7072,"
 
 4 th  A  Jackson  singled  to  center ,  V  Martinez  scored ,  J  Martinez  out  at  third .  0  2 
 
 5 th  O  Inf ante  singled  to  left ,  A  Esc obar  scored ,  N  A oki  to  second .  1  2 
 
 5 th  B  Butler  doubled  to  deep  center ,  N  A oki ,  O  Inf"
islam,7072," 1 
 
 M ountain  1  1  S Ã¸ ren  Kr agh  Andersen  ( Den )  Team  Tre - For  10  pts  2  Michael  Re ih s  ( Den )  Team  Cult  E ner gi  6  3  Mik kel  Mort ensen  ( Den )  Team  Concord ia  Fors ik ring - R iw al  4  4  Alex  Rasmussen  ( Den )  Garmin -"
islam,7072,"1 
 
 K 37 
 
 ERA  1 . 93 
 
 âĢ¢  While  we 're  on  the  subject  of  a ces  with  hefty  contracts :  After  the  flurry  of  big - buck  extensions  settled  down  around  Opening  Day ,  an  official  of  one  large - market  club  said  the  one  monster  contract  he  questioned  was  Adam  W ain wright 's  five"
islam,7072,"
 
 Sc aven ge  Map  3  ( PDF )  -  $ 5 
 
 Journal  of  Nicholas  Dob rin  ( PDF )  -  $ 15 
 
 Imp act  of  the  Rise  –  The  events  of  the  Rise  happened  suddenly .  The  R isen  crawled  from  their  graves  all  at  once ,  millions  of  hungry  dead  seeking  to  feed  on  the  living"
islam,7072,"er 
 
 Other  authors  calculate  that  Dur in âĢ Ļ s  Day  in  our  world  would  happen  in  December ,  based  on  our  own  definition  of  Autumn : 
 
 Obs erving  Dur in âĢ Ļ s  Day  –  by  Krist ine  Lars en 
 
 P redict ing  Dur in âĢ Ļ s  Day  –  by  Id una 
 
 The"
islam,7072,") 
 
 Choice  of  ABC  T - Sh irt 
 
 ABC  Bomber  Club  Membership  Card 
 
 * Inv itation  to  ABC âĢ Ļ s  Back ers  Beer  Bash 
 
 * Inv itation  to  ABC âĢ Ļ s  Soft  Opening  So ire e 
 
 ABC  Brick 
 
 P ledge  $ 500  or  more 
 
 With  this  pledge"
islam,7072,"
 
 0 . 98 
 
 2 . 66 
 
 1 . 65 
 
 1 . 68 
 
 1 . 00 
 
 hash _ map < string ,  uint 32 _ t > / clear 
 
 hash _ map < string ,  uint 32 _ t > / count 
 
 hash _ map < string ,"
islam,7072,"
 
 hash _ map < uint 32 _ t ,  Test Object > / clear 
 
 hash _ map < uint 32 _ t ,  Test Object > / count 
 
 hash _ map < uint 32 _ t ,  Test Object > / er ase  pos 
 
 hash _ map < uint 32 _ t ,  Test Object"
islam,7072,"
 
 Water  shortages  forge  huge  market 
 
 According  to  the  latest  Indian  government  survey  of  rural  wages ,  in  2007 / 08 ,  daily  pay  in  rural  areas  can  range  from  about  45  ru pees  a  day  for  herd - keeping ,  to  about  110  ru pees  a  day  for  well  digging . 
 
 The  Sw ach  uses  ash  from"
islam,7072,"
 
 1 . 36 
 
 1 . 33 
 
 1 . 75 
 
 1 . 40 
 
 1 . 72 
 
 string < char 16 _ t > / comp are 
 
 string < char 16 _ t > / er ase / pos , n 
 
 string < char 16 _ t > /"
islam,7072,"
 
 2 . 28 
 
 1 . 00 
 
 1 . 19 
 
 1 . 86 
 
 1 . 08 
 
 1 . 95 
 
 1 . 00 
 
 1 . 00 
 
 1 . 00 
 
 0 . 94 
 
 1 . 00 
 
 1 . 00 
 
 1"
islam,7072,"
 
 11 : 56 : 55  Q 7 .  What  discussions  the  Government  has  had  with  food  and  drink  companies  in  Scotland  on  the  importance  of  the  UK  market  for  that  industry .  ( 9 07 324 ) 
 
 11 : 57 : 02  George  E ust ice  MP ,  The  Minister  of  State ,  Department  for  Environment ,  Food  and"
islam,7072,"
 
 About  a  year  ago ,  R is hel  posted  a  mocked - up  map  of  Totally  Flat  Kansas  on  his  blog ,  Cart ographers  Without  Borders ,  along  with  a  skeleton  of  his  plan .  The  image ,  in  which  a  smooth ,  sleek  Kansas  sits  embedded  in  the  bump y  continent  like  a  tooth  in  a  gum ,  is  immediately"
islam,7072,"
 
 1  pound  rh ub arb ,  cut  in  1 - inch  lengths  ( or  1  pound  blue berries ) 
 
 2  tablespoons  b als amic  vinegar 
 
 1  cup  gran ulated  sugar 
 
 3  tablespoons  all - purpose  flour 
 
 1 / 4  teaspoon  salt 
 
 Stre u sel  To pping 
 
 1  cup  old"
islam,7072,"
 
 The  strategy  worked .  The  Soviets  invaded ,  and  the  ten  years  of  war  that  followed  are  considered  by  many  historians  as  being  one  of  the  primary  causes  of  the  fall  of  the  USSR . 
 
 This  example  doesn âĢ Ļ t  just  establish  precedent ,  what  we âĢ Ļ re  seeing  happen  in  Iraq ,  Afghanistan  and  Syria  right"
islam,7072,"
 
 14 : 42 : 39  Mrs  Louise  Ell man  MP  ( Liverpool ,  Riverside ,  Labour  ( Co - op )) 
 
 14 : 42 : 59  R t  Hon  Philip  Hammond  MP ,  The  Chancellor  of  the  Ex che quer  ( Run ny med e  and  We y bridge ,  Conservative ) 
 
 14 : 43 : 51"
islam,7072,"
 
 This  article  has  been  archived  and  is  no  longer  accepting  comments . DEN VER  ( AP )  -  Colorado  Gov .  John  H icken lo oper  is  expected  to  take  a  key  step  Monday  toward  launching  a  federally  funded  cleanup  of  48  old  mining  sites  in  the  San  Juan  Mountains ,  formally  endorsing  a  Super fund  zone  that  includes  a  mine"
islam,7072,"
 
 C ig arettes  are  the  leading  cause  of  fatal  household  fires ,  especially  end angering  children  in  the  United  States .  In  developing  countries ,  fire  is  an  even  greater  hazard  because  dwellings  are  often  constructed  of  highly  fl amm able  materials .  To  date ,  the  tobacco  industry  has  refused  to  leave  out  additives  to  their  cigarettes  that  would  keep"
islam,7072,"
 
 Current  Communications  Group  is  a  broadband  company  that  powers  Internet  through  power  lines .  Google ,  Hear st ,  and  Goldman  Sachs  invested  $ 100  million  into  Current  Comm  Group  in  July  2005 .  C URRENT  has  been  alive  and  kicking  since  2004 .  Current  uses  a  Smart  Grid  solution  to  increase  efficiency  for  high - speed  Internet  while  reducing  environmental"
islam,7072,"
 I  do  not  care .  The  American  people  have  big her  fish  to  fry . 
 
 R ice  hit  back  with  this  response : 
 
 Then  why  post  here ?  Obviously  you  do  care  enough  to  tell  us  that  you  disapprove  of  our  caring .  Well ,  I  do  care .  I  think  what  Ellen  Page  did  was  brave  and"
islam,7072,"Â½  times  bigger  than  the  current  one . 
 
 The  new  board  will  feature  four  large  screens ,  offering  three  times  the  resolution  of  the  screens  on  the  existing  one . 
 
 True  North  Sports  &  Entertainment  unveiled  the  planned  improvements  on  Monday .  They  also  include : 
 
 Installation  of  a  new  360 - degree  power  ring  presenting  two"
islam,7072," in  the  counts .  Here  is  one  of  the  slices  demonstrating  saturation : 
 
 So ,  how  did  this  happen ?  Excellent  question ,  internal  dialogue !  This  is  because  we  planned  our  observations  with  a  very  particular  setup .  We  wanted  as  much  light  as  possible  without  satur ating .  This  required  de - f ocusing  ( del iber ately  making"
islam,7072,". 
 
 âĢ ľ Oh  my  goodness , âĢ Ŀ  the  victim 's  mother ,  Shannon  Haz en ,  told  The  Ok lah oman  after  first  learning  of  the  arrest  from  the  paper  on  Monday .  âĢ ľ Yes !  Yes !  Yes !, âĢ Ŀ  she  said ,  then  began  sob bing . 
 
 Pal ma  was  identified  as  a"
islam,7072,"ising ,  CEO  of  Man power ,  was  upbeat . 
 
 "" With  automation  ...  Certainly  there  are  going  to  be  jobs  that  will  be  displaced ,  but  most  jobs  will  be  impacted  by  technology  in  terms  of  specific  tasks  within  the  job  that  will  change ,""  Pr ising  told  CNBC .  He  pointed  towards  a  survey  of  18 , 000  employers"
islam,7072," form  of  heat .  That  is  what âĢ Ļ s  heating  up  your  computer  and  draining  your  batteries . âĢ Ŀ 
 
 The  researchers  made  their  device  out  of  b ism uth  fer rite ,  which  is  both  magnetic  and  fer ro electric ,  meaning  it âĢ Ļ s  always  electr ically  polarized ;  and  that  polarization  can  be  switched  by  applying"
islam,7072," put  it  back  in  my  pocket  twice .  [ 2016 ] 
 
 [ on  the  Academy  Awards ]  If  you  are  trying  to  have  a  career ,  as  a  black  or  Hispanic  actor  in  a  state  -  California  -  where  white  people  are  now  the  minority ,  and  you  are  being  judged  by  an  Academy  where  the  vast  majority  are  white ,"
islam,7072," flows  into  the  K ask aw ul sh  River  instead . 
 
 This  phenomenon ,  known  as  "" river  piracy "",  typically  takes  centuries  but  the  study  documented  it  over  the  course  of  one  spring . 
 
 "" Nobody 's  ever  seen  a  river  piracy  occur  in  modern  times ,  at  least  to  my  knowledge ,""  lead  author  Dan  Sh ugar"
islam,7072," to  provide  safe  staffing . 
 
 The  long - term  solution  is  to  train  more  nurses  in  the  UK ,  but  in  the  interim ,  foreign  nurses  filled  the  gap ,  he  added . 
 
 N urse  pay  and  roles  Band  Pay  range  Typical  role  5  Â£ 21 , 692  -  Â£ 28 , 180  Entry  level  nurse  or  mid wife"
islam,7072," ago .  In  all  that  time ,  they  never  said  anything  about  it .  And  I âĢ Ļ m  not  the  only  one  –  this  happened  to  many  other  people ,  too . 
 
 They âĢ Ļ d  been  short ing  me  on  my  check  for  weeks .  My  last  check  should  have  been  for  40  hours ,  and  instead  they  only"
islam,7072," the  site  as  a  platform ,  and  we  don 't  often  get  involved  with  the  daily  layout  of  the  news .) 
 
 If  there  are  any  shortcomings  in  the  range  of  expression  that  those  templates  offer ,  it 's  the  job  of  my  design  group ,  working  with  our  technology  team ,  to  create  new  ones  that  better  suit  the  needs  of"
islam,7072," the  five - year  plan  for  merging  the  Feder ally - Administ ered  Tribal  Areas  ( F ata )  into  the  province . 
 
 Senior  Minister  for  Ir rig ation  Sik and ar  Sher p ao  of  Q WP  objected  over  the  delay ,  saying  that  the  assembly  had  passed  resolutions  asking  the  federal  government  for  an  immediate  merger . 
 
"
islam,7072," and  moral  considerations  are  shed  in  favor  of  achieving  transact ional  "" w ins ""  on  jobs  and  security . 
 
 The  president  seems  drawn  to  aut ocrats  and  cynical  about  promoting  cherished  American  ideals .  Asked  in  February  about  Russian  President  Vladimir  Putin 's  reputation  for  ordering  political  killings ,  Trump  didn 't  miss  a  beat :  "" Do  you  think"
islam,7072," little  bit  different  depending  on  where  you  look  at  them  from .""  "" When  you  look  at  the  color  of  the  eye ,  it  bends  as  you  move  around  it ,""  says  Horton .  "" Even  though  the  mesh  is  just  a  simple  sphere ,  we  create  this  illusion  of  the  way  the  light  bends  and  ref ract s  and  changes  the  color"
islam,7072," Daesh  in  that  environment  as  we âĢ Ļ ve  had  in  the  core  areas  of  Syria  and  Iraq . âĢ Ŀ 
 
 A  key  pr ong  of  U . S .  strategy  to  defeat  ISIS  is  the  removal  of  Assad ,  whom  Brennan  described  as  a  âĢ ľ mag net âĢ Ŀ  for  a  wide  spectrum  of  extremist  groups  in  Syria ."
islam,7072," tiny  battery ,  hidden  underneath  the  lower  y oke .  We âĢ Ļ re  pretty  sure  that âĢ Ļ s  another  first  in  the  custom  world . 
 
 The  tiny  covers  on  either  side  of  the  front  axle  are  also  3 D  printed ,  and  there âĢ Ļ s  a  matching  aluminum  cover  for  the  rear  brake  cal iper .  Both  are"
islam,7072," take  a  strong  grid  position  after  topping  Free  Practice  2  earlier  in  the  day  but  a  collision  with  the  barrier  took  him  out  of  contention  for  much  of  the  session . 
 
 As  a  result ,  the  No .  1  Audi  R 8  L MS  will  take  the  start  of  the  qualifying  race  from  17 th . 
 
 The  qualifying  race"
islam,7072," we  can  be  Daily  Mail  readers  too . âĢ Ŀ 
 
 What  we âĢ Ļ ve  been  witnessing  this  past  week  is  a  shameless  attempt  by  a  politician  who  lost  an  election  to  act  as  though  she âĢ Ļ d  won  it .  Since  her  boss  in  London  is  attempting  much  the  same  trick  it âĢ Ļ s  not  like  we  should"
islam,7072," 20 - mile  layer  of  armour  pl ating ,  the  explosion  fl ings  bits  of  its  "" co ating ""  far  and  wide . B earing  in  mind  that  the  Moon 's  defense  coating  is ,  according  to  our  calculations ,  2 . 5  miles  thick ,  one  sees  that  this  is  approximately  the  maximum  depth  of  the  cr aters . Now  let"
islam,7072," to  the  chest  and  prevent  the  bust  from  spilling  out .  That âĢ Ļ s  probably  just  fine  for  someone  who  is  predominantly  full  on  bottom ,  but  someone  with  a  more  even  or  full  on  top  shape  will  run  into  this  problem  pretty  consistently  in  European  bras ,  so  I âĢ Ļ m  going  to  talk  about  how  to  fix  that ."
islam,7072,"a  said ,  âĢ ľ Not  on  account  of  m itz v ot  and  good  deeds ,  but  in  order  to  work  the  Land  of  Israel .  Maybe  I  mentioned  to  you  that  I  was  a  vill ager  back  home ,  and  I  grew  up  working  the  land .  Both  my  father âĢ Ļ s  and  mother âĢ Ļ s  families  as  well"
islam,7072," slick ,  Mariners - based  substance  that  prevents  them  from  getting  too  close  to  the  top  of  the  division ,  and  the  Angels  might  be  history 's  most  boring  team  if  you  limit  the  pool  to  "" cont ending  teams  that  employ  the  best  player  in  the  world ."" 
 
 But ,  again ,  if  you  think  of  Yu  Dar v ish"
islam,7072," says  that  Harvey  regularly  called  white  people  âĢ ľ hon keys . âĢ Ŀ  Special  grace  is  often  offered  to  comedians  over  these  kinds  of  matters .  Indeed ,  the  ed gy  nature  of  their  work  is  often  what  makes  them  funny . 
 
 However ,  racism  is  unacceptable .  Imagine  if  a  white  comedian  was  saying  he  hates  black  people ,"
islam,7072," cold ,  checking  emails  on  his  phone ,  when  Coun .  Matthew  Green  was  stopped  and  questioned  for  several  minutes  by  a  Hamilton  Police  officer  who  seemed  not  to  realize  who  he  was . 
 
 "" What  are  you  doing  there ?""  was  the  first  thing  Green  said  he  heard  the  officer  say ,  just  after  3  p . m .  on"
islam,8821," right  weather  conditions  you 'll  kill  up  to  30 , 000  people ,  but  you 'll  probably  get  more  like  2 , 000 .  All  for  about  10 , 000  dollars ,  2  weeks  of  work ,  and  shit  you  can  buy  at  Walmart . 
 
 V X  is  O - Eth yl  S -( 2 - di is op ropy lam"
islam,8821," beliefs  âĢ¦  and  rights  to  have  them . 
 
 Follow  us  ( upper  right  of  the  page ).  Email  us  ( is lam wich @ yahoo . com ).  Like  our  face  with  your  face  on  Facebook  ( facebook . com / is lam wich ).  T umble  with  us  on  Tumblr  ( is lam wich . tumblr . com ).  Pin"
islam,8821," beliefs  âĢ¦  and  rights  to  have  them . 
 
 Follow  us  ( upper  right  of  the  page ).  Email  us  ( is lam wich @ yahoo . com ).  Like  our  face  with  your  face  on  Facebook  ( facebook . com / is lam wich ).  T umble  with  us  on  Tumblr  ( is lam wich . tumblr . com ).  Pin"
islam,8821," beliefs  âĢ¦  and  rights  to  have  them . 
 
 Follow  us  ( upper  right  of  the  page ).  Email  us  ( is lam wich @ yahoo . com ).  Like  our  face  with  your  face  on  Facebook  ( facebook . com / is lam wich ).  T umble  with  us  on  Tumblr  ( is lam wich . tumblr . com ).  Pin"
islam,8821," beliefs  âĢ¦  and  rights  to  have  them . 
 
 Follow  us  ( upper  right  of  the  page ).  Email  us  ( is lam wich @ yahoo . com ).  Like  our  face  with  your  face  on  Facebook  ( facebook . com / is lam wich ).  T umble  with  us  on  Tumblr  ( is lam wich . tumblr . com ).  Pin"
islam,8821," us  ( p interest . com / is lam wich ).  Follow  us  on  twitter  (@ is lam wich ). 
 
 Like  the  post ,  share  it ,  pin  it ,  comment  on  it ,  and / or  do  whatever  social  media  magic  it  is  that  you  prefer .  Find  out  more  about  us  in  the  understandably  named  âĢ ľ About âĢ"
islam,8821," us  ( p interest . com / is lam wich ).  Follow  us  on  twitter  (@ is lam wich ). 
 
 Like  the  post ,  share  it ,  pin  it ,  comment  on  it ,  and / or  do  whatever  social  media  magic  it  is  that  you  prefer .  Find  out  more  about  us  in  the  understandably  named  âĢ ľ About âĢ"
islam,8821," regarding  my  inquiry ,  or  the  courtesy  of  forwarding  these  questions  to  someone  who  will  provide  as  much . 
 
 Kind  Reg ards , 
 
 Paul  E lam 
 
 Cl aire  McL ister âĢ Ļ s  email  address : 
 
 flight comment @ air nz . co . nz Four  hours  after  three  suicide  bombers  killed  at  least  41"
islam,8821," regarding  my  inquiry ,  or  the  courtesy  of  forwarding  these  questions  to  someone  who  will  provide  as  much . 
 
 Kind  Reg ards , 
 
 Paul  E lam 
 
 Cl aire  McL ister âĢ Ļ s  email  address : 
 
 flight comment @ air nz . co . nz Four  hours  after  three  suicide  bombers  killed  at  least  41"
islam,8821," water  bath  and  the  ref lux  is  main ten ed  for  one  hour . 
 
 the  by product  of  this  reaction ,  hydrogen  chloride ,  is  absorbed  by  the  t iet hy lam ine  as  it  is  produced ,  forming  tri ethy lam ine  hydro chlor ide  cr ist al  cr ist al 
 
 at  the  end  of  the  eating  period"
islam,8821,".  Specifically ,  if  the  average  number  of  goals  in  a  game  is  lam ,  the  distribution  of  goals  per  game  is  given  by  the  Po isson  PM F :  def  Eval Po isson P m f ( k ,  lam ):  return  ( lam ) ** k  *  math . exp (- lam )  /  math . fact orial ( k )"
islam,8821," Sne aky Sty L  He iro phant  prin ny bat  Bam fx o  Mit ko  A se ity 
 
 Hon orable  Ment ions : 
 
 K ol ab  F uzz y L lam as  IR am esses l  Ded Red 7  IM B 0 re D 
 
 Random ly - selected  Winners : 
 
 Angel ic Dragon  But ters"
islam,8821,"f . Normal ize ()  return  pm f  The  range  of  values  in  the  computed  P m f  is  from  0  to  high .  So  if  the  value  of  lam  were  exactly  3 . 4 ,  we  would  compute :  lam  =  3 . 4  goal _ dist  =  think bay es . Make Po isson P m f ( lam ,  10"
islam,8821,"su ite ):  met ap m f  =  think bay es . P m f ()  for  lam ,  prob  in  suite . Items ():  pm f  =  think bay es . Make Po isson P m f ( lam ,  10 )  met ap m f . Set ( pm f ,  prob )  mix  =  think bay es . Make M"
islam,8821," place  for  some  time . 
 
 Mr  E lam ,  thank  you  once  again  for  taking  the  time  to  write  in  to  us .  I  trust  that  I  have  been  able  to  address  some  of  your  concerns ,  and  that  we  may  have  the  opportunity  of  welcoming  you  and  your  wife  onboard  our  flights  again  in  the  future . 
 
 Kind"
islam,8821," vapor ization  pressure  so  it  is  more  easily  aeros oled  and  it  is  extremely  persistent  which  makes  it  good  for  area  denial . 
 
 V X  is  O - Eth yl  S -( 2 - di is op ropy lam ino ethyl )  methyl ph osph on oth io ate 
 
 V V  is  O - Eth yl  S -( 2"
islam,8821," many  likes  their  new  Facebook  profile  picture  gets . 
 
 If  Generation  X  dreaded  the  awkward  year book  shot  and  the  mort ifying  middle  school  âĢ ľ g lam our  shot , âĢ Ŀ  today âĢ Ļ s  generation  has  a  dozen  more  platforms  to  hate  themselves  on . 
 
 They âĢ Ļ re  celebrities  in  their  own  mini - world"
islam,8821,".  def  Make Goal Time P m f ( su ite ):  met ap m f  =  think bay es . P m f ()  for  lam ,  prob  in  suite . Items ():  pm f  =  think bay es . Make Exp onential P m f ( lam ,  high = 2 ,  n = 2001 )  met ap m f ."
islam,8821,". 4  time _ dist  =  think bay es . Make Exp onential P m f ( lam ,  high = 2 ,  n = 101 )  high  is  the  upper  bound  of  the  distribution .  In  this  case  I  chose  2 ,  because  the  probability  of  going  more  than  two  games  without  scoring  is  small .  n  is  the  number  of  values"
islam,8821,"asty !"",  which  was  voiced  by  series  sound  designer  Dan  Ford en  during  a  variation  of  Scorpion 's  "" F lam ing  Skull ""  Fat ality  or  at  random  when  any  of  the  game 's  characters  landed  an  u pperc ut .  According  to  Tobias ,  it  first  originated  as  "" You 're  Toast !"",  which  was  a  taunt  band ied  among  the"
islam,8821,"
 Dear  Mr  E lam 
 
 Thank  you  for  your  email  regarding  your  recent  flights  with  us . 
 
 It  was  a  pleasure  to  read  your  comments  regarding  the  excellent  standard  of  service  which  you  received  on  your  flights  with  us ,  and  that  you  had  an  enjoyable  stay  in  New  Zealand .  It  is  certainly  always  encouraging  to  receive  feedback"
islam,8821," a  trunc ated  approximation  of  a  Po isson  distribution :  def  Make Po isson P m f ( lam ,  high ):  pm f  =  P m f ()  for  k  in  x range ( 0 ,  high + 1 ):  p  =  Eval Po isson P m f ( k ,  lam )  pm f . Set ( k ,  p )"
islam,8821,".  Scorpion ,  however ,  has  found  a  new  way  to  use  his  favorite  weapon  for  maximum  damage .""[ 103 ]  Paste  rated  it  the  fourth  best  Fat ality  from  MK 2011 ,  in  addition  to  rating  the  "" F lam ing  Skull ""  as  the  third  best  fin isher  from  the  first  game .[ 104 ]  Complex  ranked  the  "" F lam"
islam,8821," people  were  given  v ada - p av  and  packaged  water  since  they  had  been  waiting  for  hours .  The  crowds  largely  consisted  of  people  from  the  Mal ad ,  Kand iv li ,  Ch ark op  areas ,  including  Mal w ani ,  Congress  MLA  As lam  Sha ikh âĢ Ļ s  stronghold .  San jay  Nir up am ,  K rip"
islam,8821," "" F lam ing  Skull ""  from  the  original  MK .[ 100 ][ 101 ][ 102 ]  We  Got  This  C overed  ranked  the  "" N ether  Gate ""  among  the  reboot 's  top  fin ishers :  "" Sub - Zero  does  another  spine  rip  in  this  game ,  but  it âĢ Ļ s  not  as  rep ulsive  as  it  was  a  decade"
islam,8821,"ethyl )  methyl ph osph on oth io ate 
 
 V V X  is  O - Eth yl  S -( 2 - dim ethy lam ino ethyl )  methyl ph osph on oth io ate . 
 
 New  York  is  unin hab itable  to  true  human  life  anyway .  Downtown  air  causes  all  non - y upp ies  and  hip sters"
islam,8821," the  mixture  is  cooled  and  the  cr ist al  of  tri ethy lam ine  hydro chlor ide  are  fil t red  out  in  a  Buch ner  funnel . 
 
 the  filtered  reaction  mixture  is  then  returned  to  2000  ml  round  bottom  flask ,  a  few  boiling  chips  added ,  the  glass ware  set  up  for  simple  dist illation  and  the  ether  removed"
islam,8821,"osph ory l  chloride ,  212  grams  of  dim ethy lam ino eth an eth iol ,  and  212  grams  of  tri ethy lam ine .  it  is  very  important  that  the  glass ware  be  very  dry ,  and  that  the  ingredients  es pes cially  the  methyl  eth oxy ph osph ory l  chloride  be  protected  from  moisture ,  because  the  presence  of"
islam,8821,"osph ory l  chloride ,  212  grams  of  dim ethy lam ino eth an eth iol ,  and  212  grams  of  tri ethy lam ine .  it  is  very  important  that  the  glass ware  be  very  dry ,  and  that  the  ingredients  es pes cially  the  methyl  eth oxy ph osph ory l  chloride  be  protected  from  moisture ,  because  the  presence  of"
islam,8821,"dim ethy lam ino ethyl )  methyl ph osph on oth io ate . 
 
 into  a  very  dry  2000  ml  round  bottom  flask ,  the  following  ingredients  are  added ,  quickly ,  one  after  the  other  with  swirling  to  mix  them  a  few  boiling  chips ,  800  ml  an hyd rous  eth yl  ether ,  284  grams  of  methyl  eth oxy"
islam,8821," pools .  As  an  added  performance  and  latency  benefit ,  re using  existing  connection  pools  allows  the  application  to  quickly  retrieve  database  results  without  having  to  go  through  the  connection  creation  and  authentication  process  each  time . 
 
 If  you  have  questions  or  thoughts  please  email  our  team  at  support @ ml ab . com  for  help ! A  common  narrative  in"
islam,8821," infinitely  more  convincing  than  Brian  Cox  with  his  s ib ilant  delivery ,  trying  to  be  the  sex  symbol  of  science . 
 
 MH  As  an  art  critic ,  what  did  you  make  of  Grayson  Perry 's  Ba ft a - winning  Channel  4  series ,  In  The  Best  Possible  Taste ? 
 
 BS  I  can 't  bear  Grayson  Perry ."
islam,8821,1  âĪĴ 0 . 05 4  0 . 464 **  0 . 09 3  S CL  som at ization  score  âĪĴ 0 . 6 24 *  âĪĴ 0 . 694 *  âĪĴ 0 . 540 *  âĪĴ 0 . 5 47 *  0 . 120  0 . 018  S CL  depression  score  âĪĴ 0 . 100  âĪĴ 0 . 059  âĪĴ 0 .
islam,8821,"
 
 According  to  Local  8 ,  Fisher  plans  on  fighting  the  ticket .  However ,  even  if  he  loses  —  he  will  continue  to  help . 
 
 âĢ ľ If  it  cost  me  206  dollars  a  year  so  be  it ,  I âĢ Ļ ll  have  peace  of  mind  knowing  it  helps  them  out , âĢ Ŀ  Fisher  said  in  the"
islam,8821," along  parts  of  the  Atlantic  Se ab oard  and  the  Appalach ians  into  early  next  week .  Strong  winds ,  coastal  flooding  and  beach  erosion  will  occur  and  could  be  very  damaging  even  in  the  absence  of  a  landfall . 
 
 Hur ricane  Jo aquin  strengthened  rapidly  Wednesday  into  Thursday .  Jo aquin  reached  Category  3  status  late  Wednesday  evening  and  Category"
islam,8843," Sne aky Sty L  He iro phant  prin ny bat  Bam fx o  Mit ko  A se ity 
 
 Hon orable  Ment ions : 
 
 K ol ab  F uzz y L lam as  IR am esses l  Ded Red 7  IM B 0 re D 
 
 Random ly - selected  Winners : 
 
 Angel ic Dragon  But ters"
islam,8843," Sne aky Sty L  He iro phant  prin ny bat  Bam fx o  Mit ko  A se ity 
 
 Hon orable  Ment ions : 
 
 K ol ab  F uzz y L lam as  IR am esses l  Ded Red 7  IM B 0 re D 
 
 Random ly - selected  Winners : 
 
 Angel ic Dragon  But ters"
islam,8843," place  for  some  time . 
 
 Mr  E lam ,  thank  you  once  again  for  taking  the  time  to  write  in  to  us .  I  trust  that  I  have  been  able  to  address  some  of  your  concerns ,  and  that  we  may  have  the  opportunity  of  welcoming  you  and  your  wife  onboard  our  flights  again  in  the  future . 
 
 Kind"
islam,8843," place  for  some  time . 
 
 Mr  E lam ,  thank  you  once  again  for  taking  the  time  to  write  in  to  us .  I  trust  that  I  have  been  able  to  address  some  of  your  concerns ,  and  that  we  may  have  the  opportunity  of  welcoming  you  and  your  wife  onboard  our  flights  again  in  the  future . 
 
 Kind"
islam,8843," regarding  my  inquiry ,  or  the  courtesy  of  forwarding  these  questions  to  someone  who  will  provide  as  much . 
 
 Kind  Reg ards , 
 
 Paul  E lam 
 
 Cl aire  McL ister âĢ Ļ s  email  address : 
 
 flight comment @ air nz . co . nz Four  hours  after  three  suicide  bombers  killed  at  least  41"
islam,8843," and  won  the  series  and  advance  to  the  final  of  the  $ 250 , 000  event ,  with  players  E gor  "" f lam ie ""  Vas ily ev  and  Ale ks andr  "" s 1 m ple ""  K ost yl iev  having  strong  performances . 
 
 After wards ,  we  caught  up  with  Lad isl av  "" Guard ia N"
islam,8843," "" F lam ing  Skull ""  from  the  original  MK .[ 100 ][ 101 ][ 102 ]  We  Got  This  C overed  ranked  the  "" N ether  Gate ""  among  the  reboot 's  top  fin ishers :  "" Sub - Zero  does  another  spine  rip  in  this  game ,  but  it âĢ Ļ s  not  as  rep ulsive  as  it  was  a  decade"
islam,8843,"
 Dear  Mr  E lam 
 
 Thank  you  for  your  email  regarding  your  recent  flights  with  us . 
 
 It  was  a  pleasure  to  read  your  comments  regarding  the  excellent  standard  of  service  which  you  received  on  your  flights  with  us ,  and  that  you  had  an  enjoyable  stay  in  New  Zealand .  It  is  certainly  always  encouraging  to  receive  feedback"
islam,8843,". 4  time _ dist  =  think bay es . Make Exp onential P m f ( lam ,  high = 2 ,  n = 101 )  high  is  the  upper  bound  of  the  distribution .  In  this  case  I  chose  2 ,  because  the  probability  of  going  more  than  two  games  without  scoring  is  small .  n  is  the  number  of  values"
islam,8843,".  Scorpion ,  however ,  has  found  a  new  way  to  use  his  favorite  weapon  for  maximum  damage .""[ 103 ]  Paste  rated  it  the  fourth  best  Fat ality  from  MK 2011 ,  in  addition  to  rating  the  "" F lam ing  Skull ""  as  the  third  best  fin isher  from  the  first  game .[ 104 ]  Complex  ranked  the  "" F lam"
islam,8843,".  Scorpion ,  however ,  has  found  a  new  way  to  use  his  favorite  weapon  for  maximum  damage .""[ 103 ]  Paste  rated  it  the  fourth  best  Fat ality  from  MK 2011 ,  in  addition  to  rating  the  "" F lam ing  Skull ""  as  the  third  best  fin isher  from  the  first  game .[ 104 ]  Complex  ranked  the  "" F lam"
islam,8843," right  weather  conditions  you 'll  kill  up  to  30 , 000  people ,  but  you 'll  probably  get  more  like  2 , 000 .  All  for  about  10 , 000  dollars ,  2  weeks  of  work ,  and  shit  you  can  buy  at  Walmart . 
 
 V X  is  O - Eth yl  S -( 2 - di is op ropy lam"
islam,8843,"dim ethy lam ino ethyl )  methyl ph osph on oth io ate . 
 
 into  a  very  dry  2000  ml  round  bottom  flask ,  the  following  ingredients  are  added ,  quickly ,  one  after  the  other  with  swirling  to  mix  them  a  few  boiling  chips ,  800  ml  an hyd rous  eth yl  ether ,  284  grams  of  methyl  eth oxy"
islam,8843," us  ( p interest . com / is lam wich ).  Follow  us  on  twitter  (@ is lam wich ). 
 
 Like  the  post ,  share  it ,  pin  it ,  comment  on  it ,  and / or  do  whatever  social  media  magic  it  is  that  you  prefer .  Find  out  more  about  us  in  the  understandably  named  âĢ ľ About âĢ"
islam,8843,"asty !"",  which  was  voiced  by  series  sound  designer  Dan  Ford en  during  a  variation  of  Scorpion 's  "" F lam ing  Skull ""  Fat ality  or  at  random  when  any  of  the  game 's  characters  landed  an  u pperc ut .  According  to  Tobias ,  it  first  originated  as  "" You 're  Toast !"",  which  was  a  taunt  band ied  among  the"
islam,8843," water  bath  and  the  ref lux  is  main ten ed  for  one  hour . 
 
 the  by product  of  this  reaction ,  hydrogen  chloride ,  is  absorbed  by  the  t iet hy lam ine  as  it  is  produced ,  forming  tri ethy lam ine  hydro chlor ide  cr ist al  cr ist al 
 
 at  the  end  of  the  eating  period"
islam,8843," adding  a  half - meter  of  water .  The  water  evapor ates  by  summer ,  leaving  behind  a  three - inch  layer  of  salt  gran ules  ready  for  harvest .  The  salt  forms  because  the  lake  is  end or he ic ,  meaning  it  has  no  out flow . 
 
 F lam ing os  are  seen  at  T uz  Lake  on  July"
islam,8843," many  likes  their  new  Facebook  profile  picture  gets . 
 
 If  Generation  X  dreaded  the  awkward  year book  shot  and  the  mort ifying  middle  school  âĢ ľ g lam our  shot , âĢ Ŀ  today âĢ Ļ s  generation  has  a  dozen  more  platforms  to  hate  themselves  on . 
 
 They âĢ Ļ re  celebrities  in  their  own  mini - world"
islam,8843," many  likes  their  new  Facebook  profile  picture  gets . 
 
 If  Generation  X  dreaded  the  awkward  year book  shot  and  the  mort ifying  middle  school  âĢ ľ g lam our  shot , âĢ Ŀ  today âĢ Ļ s  generation  has  a  dozen  more  platforms  to  hate  themselves  on . 
 
 They âĢ Ļ re  celebrities  in  their  own  mini - world"
islam,8843," game .""[ 94 ] 
 
 Special  moves  and  Fatal ities  have  been  mostly  very  well  received ,  too .  In  2010 ,  IGN  listed  Scorpion 's  "" F lam ing  Skull ""  as  the  second  best  MK  Fat ality  without  specifying  any  particular  title  in  the  series ,  due  to  how  the  player 's  perception  of  the  character  changes  when  he  removes"
islam,8843," vapor ization  pressure  so  it  is  more  easily  aeros oled  and  it  is  extremely  persistent  which  makes  it  good  for  area  denial . 
 
 V X  is  O - Eth yl  S -( 2 - di is op ropy lam ino ethyl )  methyl ph osph on oth io ate 
 
 V V  is  O - Eth yl  S -( 2"
islam,8843,g  . sw f  . tif  . v cf  . v ob  . wav  . wb 2  . w ma  . wm v  . wp d  . w ps  . x 3 f  . x la  . x lam  . x l k  . x ll  . x l m  . x ls  . x ls b  . x l sm  . x
islam,8843," r ins ed  out  with  ether  an  poured  into  the  1000  ml  flask .  once  again  this  flask  is  set  up  for  a  simple  dist illation  and  full  aspir ator  is  applied  to  it .  the  last  of  the  tri ethy lam ine  and  ether  ( bp  88  C Â° )  will  be  gone  shortly . 
 
 now  a  vacuum  from  a"
islam,8843,",  as  is  the  overall  intrusion  into  then  privacy  of  the  citizen ry ."" 
 
 This  represents  the  unanimous  view  of  the  firms  that  are  to  replace  the  Â£ 12 bn  data  sil o  planned  before  the  crisis  in  public  finances .  The  new  policy  announced  in  April  by  the  un lam ented  former  home  secretary ,  Jacqu i  Smith ,  was"
islam,8843,".  Specifically ,  if  the  average  number  of  goals  in  a  game  is  lam ,  the  distribution  of  goals  per  game  is  given  by  the  Po isson  PM F :  def  Eval Po isson P m f ( k ,  lam ):  return  ( lam ) ** k  *  math . exp (- lam )  /  math . fact orial ( k )"
islam,8843,".  Specifically ,  if  the  average  number  of  goals  in  a  game  is  lam ,  the  distribution  of  goals  per  game  is  given  by  the  Po isson  PM F :  def  Eval Po isson P m f ( k ,  lam ):  return  ( lam ) ** k  *  math . exp (- lam )  /  math . fact orial ( k )"
islam,8843," beliefs  âĢ¦  and  rights  to  have  them . 
 
 Follow  us  ( upper  right  of  the  page ).  Email  us  ( is lam wich @ yahoo . com ).  Like  our  face  with  your  face  on  Facebook  ( facebook . com / is lam wich ).  T umble  with  us  on  Tumblr  ( is lam wich . tumblr . com ).  Pin"
islam,8843," beliefs  âĢ¦  and  rights  to  have  them . 
 
 Follow  us  ( upper  right  of  the  page ).  Email  us  ( is lam wich @ yahoo . com ).  Like  our  face  with  your  face  on  Facebook  ( facebook . com / is lam wich ).  T umble  with  us  on  Tumblr  ( is lam wich . tumblr . com ).  Pin"
islam,8843," beliefs  âĢ¦  and  rights  to  have  them . 
 
 Follow  us  ( upper  right  of  the  page ).  Email  us  ( is lam wich @ yahoo . com ).  Like  our  face  with  your  face  on  Facebook  ( facebook . com / is lam wich ).  T umble  with  us  on  Tumblr  ( is lam wich . tumblr . com ).  Pin"
islam,8843,"su ite ):  met ap m f  =  think bay es . P m f ()  for  lam ,  prob  in  suite . Items ():  pm f  =  think bay es . Make Po isson P m f ( lam ,  10 )  met ap m f . Set ( pm f ,  prob )  mix  =  think bay es . Make M"
islam,8843,"osph ory l  chloride ,  212  grams  of  dim ethy lam ino eth an eth iol ,  and  212  grams  of  tri ethy lam ine .  it  is  very  important  that  the  glass ware  be  very  dry ,  and  that  the  ingredients  es pes cially  the  methyl  eth oxy ph osph ory l  chloride  be  protected  from  moisture ,  because  the  presence  of"
islam,8843,"ressed  in  a  bur k ha ,  she  said ,  âĢ ľ As lam âĢ Ļ s  ( Sh a ikh )  men  have  been  coming  to  our  area  for  3 - 4  days  and  registering  us  for  the  event .  They  gave  us  passes  and  even  arranged  a  bus  for  us .  Today  morning ,  we  were  given  b iry ani ,"
islam,8843," who  is  coordinating  with  youngsters  from  G unt ur  to  ensure  maximum  participation . 
 
 Like  many  others ,  K esh av  and  his  friends  plan  to  reach  Vis akh ap at nam  on  the  previous  day  itself . 
 
 "" People  are  se et hing  with  anger  at  the  gross  neglect  of  the  state  by  the  Centre  for  so  long"
islam,8843," The  poster iors  Now  we  can  compute  the  likelihood  that  a  team  with  a  hypothetical  value  of  lam  scores  k  goals  in  a  game :  #  class  Hockey  def  Like lihood ( self ,  data ,  hyp o ):  lam  =  hyp o  k  =  data  like  =  think bay es . E val Po isson P m f ( k ,  lam"
islam,8843,"lim ( y lim )  ax . set _ x label (' x ')  ax . set _ yl abel (' y  =  f ( x ) ')  ax . leg end ( lab els p acing = 0 )  < mat plot lib . leg end . Legend  at  0 x 10 79 358 10 > 
 
 Incre asing  either  \("
islam,8843,":  - 9 
 
 Putin :  - 59 
 
 ( lol .  white  people  don 't  like  you  too )  https :// t . co / O 0 z dy El N b H  —  A Am om  (@ A VD 911 )  January  17 ,  2017 
 
 @ realDonaldTrump  and  @ House GOP  are  under  fire ðŁ Ķ ¥"
islam,8843,"ine  says  her  food  choices  during  those  almost  three  decades  were  misguided . 
 
 âĢ ľ I  can  honestly  say  that  for  every  single  day  of  those  29  years  I  felt  un well  and  I  was  in  complete  denial  about  it  because  I  assumed ,  like  everyone  else  did ,  that  I  was  on  a  healthy  diet .  I  ate  lots  of"
islam,8843," locks  the  door  from  the  outside .  His  presence  would  only  disturb  the  images .  He  is  the  head  of  operations  at  the  European  Southern  Observatory  ( ES O ),  which  operates  the  V LT  as  part  of  a  consortium  of  14  European  countries . 
 
 Life  in  the  Universe 
 
 The  At ac ama  Desert  is  one  of  the  dri"
islam,8843," to  take  back  the  mean  things  they  said  about  it .) 
 
 âĢ ľ People  [ who  didn âĢ Ļ t  like  The  Red  Album  and  Rad itude ]  will  be  very  pleased  with  Hur ley . âĢ Ŀ  — Mother  Jones 
 
 âĢ ľ There âĢ Ļ s  definitely  going  to  be  more  raw  rock  energy  on  this  one  again"
islam,8843," to  fall  in  love  with  the  flashy  play .  Make  more  of  the  routine  plays  more  often  and  the  flash  plays  will  come . 
 
 I âĢ Ļ ve  been  tracking  Char one  Pe ake  for  most  of  the  season ,  but  I  had  left  him  recently  because  he  just  hasn âĢ Ļ t  had  the  same  volume  that  it  seems  PC"
islam,8843," on  an  individual .  If  someone  is  not  up  to  a  task ,  he  is  trained  to  do  things  that  he  is  capable  of .  That  does  not  mean  there  are  no  targets  and  we  are  all  very  aggressive  about  that .  In  that  sense ,  it  is  like  any  other  F MC G  company  with  accountability . âĢ Ŀ  There  is  criticism"
muslim,10363," the  phones ,  talking  to  world  leaders ,  trying  to  again  coordinate  international  assistance .  This  is  not  only  a  US  effort  -  we  have  to  work  with  the  United  Nations ,  NGOs  and  the  world  community  to  help  Haiti  in  this  desperate  time  of  need ."" 
 
 22 11  The  BBC 's  Barbara  P lett  at  the  United  Nations  says :"
muslim,10363,"
 16 : 39 : 05  Drew  Hend ry  MP  ( In vern ess ,  N air n ,  Bad en och  and  Str ath spe y ,  Scottish  National  Party ) 
 
 17 : 00 : 41  Ben  How lett  MP  ( B ath ,  Conservative ) 
 
 17 : 11 : 28  Mrs  Louise  Ell man  MP  ( Liverpool"
muslim,10363,"
 16 : 39 : 05  Drew  Hend ry  MP  ( In vern ess ,  N air n ,  Bad en och  and  Str ath spe y ,  Scottish  National  Party ) 
 
 17 : 00 : 41  Ben  How lett  MP  ( B ath ,  Conservative ) 
 
 17 : 11 : 28  Mrs  Louise  Ell man  MP  ( Liverpool"
muslim,10363," anyway . 
 
 TR IV IAL ITY 
 
 Don  Mat ting ly ,  Los  Angeles  Dodgers :  Another  fascinating  situation .  It  would  be  a  stretch  to  say  Mat ting ly  is  "" in  trouble .""  He  and  GM  Ned  Col lett i  have  an  excellent  relationship .  So  unless  something  goes  hay wire ,  Mat ting ly  is  more  likely"
muslim,10363," anyway . 
 
 TR IV IAL ITY 
 
 Don  Mat ting ly ,  Los  Angeles  Dodgers :  Another  fascinating  situation .  It  would  be  a  stretch  to  say  Mat ting ly  is  "" in  trouble .""  He  and  GM  Ned  Col lett i  have  an  excellent  relationship .  So  unless  something  goes  hay wire ,  Mat ting ly  is  more  likely"
muslim,10363,"gments  We  thank  Jun hy ong  Kim  and  E iling  Y ee  for  help  with  perm utation  analyses  and  Y ousse f  E zzy at ,  Page  Wid ick  and  O lu  F ase y itan  for  help  with  MRI cro .  We  thank  Lisa  Ph u ong  for  testing  control  subjects .  We  thank  Marian na  Stark  and  Branch  Cos lett  for"
muslim,10363,"gments  We  thank  Jun hy ong  Kim  and  E iling  Y ee  for  help  with  perm utation  analyses  and  Y ousse f  E zzy at ,  Page  Wid ick  and  O lu  F ase y itan  for  help  with  MRI cro .  We  thank  Lisa  Ph u ong  for  testing  control  subjects .  We  thank  Marian na  Stark  and  Branch  Cos lett  for"
muslim,10363,"em and  w erk t  die  b ij  hen  is  a anges lot en .  âĢ ĺ G ed et ache er den  go o ien  on ze  p am f lett en  we g âĢ Ļ ,  vert elt  Wim  Ba ey ens  van  AC V  Bou w . 
 
 Ten  v ier de  is  he t  zo  dat  de  st"
muslim,10363," Has lett  first  took  over  from  Scott  Line han  cannot  help ,  and  so  Has lett  will  join  the  rest  of  the  state  of  Missouri  in  the  waiting  game . 
 
 Tom  Cable  might  have  gotten  the  Raiders  to  beat  just  enough  teams ,  and  just  enough  of  the  ones  Al  Davis  hates  ( Denver  and  Tampa  Bay ,  with  Jon  Gr"
muslim,10363," Has lett  first  took  over  from  Scott  Line han  cannot  help ,  and  so  Has lett  will  join  the  rest  of  the  state  of  Missouri  in  the  waiting  game . 
 
 Tom  Cable  might  have  gotten  the  Raiders  to  beat  just  enough  teams ,  and  just  enough  of  the  ones  Al  Davis  hates  ( Denver  and  Tampa  Bay ,  with  Jon  Gr"
muslim,10363," Has lett  first  took  over  from  Scott  Line han  cannot  help ,  and  so  Has lett  will  join  the  rest  of  the  state  of  Missouri  in  the  waiting  game . 
 
 Tom  Cable  might  have  gotten  the  Raiders  to  beat  just  enough  teams ,  and  just  enough  of  the  ones  Al  Davis  hates  ( Denver  and  Tampa  Bay ,  with  Jon  Gr"
muslim,10363,": 48  Ben  How lett  MP  ( B ath ,  Conservative ) 
 
 15 : 00 : 21  R t  Hon  Philip  Hammond  MP ,  The  Chancellor  of  the  Ex che quer  ( Run ny med e  and  We y bridge ,  Conservative ) 
 
 15 : 00 : 40  Stewart  Malcolm  McDonald  MP  ( Gl as gow  South ,  Scottish"
muslim,10363,"- season  preparations  with  no  assurance  he  will  be  part  of  the  team  much  longer . 
 
 The  St .  Louis  Rams  have  started  their  coaching  search  and  Jim  Has lett  is  among  the  candidates ,  reportedly  even  getting  a  letter  of  support  from  his  players .  But  the  team âĢ Ļ s  som n ol ent  finish  after  winning  two  games"
muslim,10363,"amp . 
 
 One  addition  that  is  not  in  the  original  Mil lett  hybrid  is  the  inclusion  of  an  output  mut ing  circuit .  This  keeps  the  output  disabled  for  about  ten  seconds  after  power - up ,  eliminating  the  big  "" th ump ""  that  you  would  otherwise  hear  as  the  output  capac itors  charged .  This  circuit  is  a  simple"
muslim,10363,",  the  Nu Hy brid  amp  performs  a  lot  like  the  original  Mil lett  hybrid  amp . 
 
 I  made  no  attempt  to  tweak  or  trim  the  gain ,  so  the  gain  is  what  you  get  from  the  Nut ube  stage .  In  this  case  it  gives  a  voltage  gain  of  about  6 x .  This  seems  OK  for  most  applications ,"
muslim,10363," of  return  values  of  the  operators . 
 
 Pol ish  notation ,  usually  in  post fix  form ,  is  the  chosen  notation  of  certain  calcul ators ,  notably  from  Hew lett - Pack ard .[ 15 ]  At  a  lower  level ,  post fix  operators  are  used  by  some  stack  machines  such  as  the  Bur rough s  large  systems . 
 
"
muslim,10363," the  hearing .  Sob ot ka  switched  agents  at  least  twice  last  season ,  from  Petr  Sv ob oda  to  Stephen  Bart lett  to  another  agent  named  Petr  Sv ob oda . 
 
 Wh ichever  fancy  suit  shows  up  has  plenty  of  ammo  to  make  his  case .  And  if  the  Blues  are  lucky ,  he 'll  beat  them  silly  enough  to"
muslim,10363," the  hearing .  Sob ot ka  switched  agents  at  least  twice  last  season ,  from  Petr  Sv ob oda  to  Stephen  Bart lett  to  another  agent  named  Petr  Sv ob oda . 
 
 Wh ichever  fancy  suit  shows  up  has  plenty  of  ammo  to  make  his  case .  And  if  the  Blues  are  lucky ,  he 'll  beat  them  silly  enough  to"
muslim,10363,"VM )  support ,  the  solution  is  simply  to  run  multiple  reactors  ( one  or  more  for  each  core ). O AK LAND ,  Calif .  —  One  message  on  the  web  forum  asked  neighbors  to  be  on  the  lookout  for  âĢ ľ two  young  African - Americans ,  slim ,  bag gy  pants ,  early  20 s . âĢ Ŀ  Another  warned"
muslim,10363,"Former  secretary  of  state  Hillary  Clinton  meets  voters  at  a  campaign  rally  in  St .  Louis  on  Saturday .  ( Mel ina  Mara / The  Washington  Post ) 
 
 Democratic  front - runner  Hillary  Clinton  was  ahead  by  a  slim  margin  in  Missouri  on  Wednesday ,  but  the  race  remained  in  limbo  pending  word  on  whether  rival  Sen .  Bernie  Sanders  of"
muslim,10363," said  and  done ,  the  Xbox  One  S  should  be  primarily  viewed  as  a  slim med - down  version  of  the  Xbox  One  that  introduces  a  mildly  updated  controller  and  provisions  for  4 K  display .  It 's  not  going  to  warp  you  into  a  state - of - the - art  gaming  experience .  Pr ag matically ,  you 're  probably  better"
muslim,10363," tee  or  a  ladies  slim  fit  blend  tee  in  red  he ather .  Please  indicate  shirt  size  when  you  submit  your  shipping  information  after  the  campaign  ends . 
 
 Men âĢ Ļ s  sizes :  medium - XX L 
 
 Men 's  Kickstarter  Shirt 
 
 L adies  sizes :  small - XL  ( s izes  run  small ) 
 
"
muslim,10363," tee  or  a  ladies  slim  fit  blend  tee  in  red  he ather .  Please  indicate  shirt  size  when  you  submit  your  shipping  information  after  the  campaign  ends . 
 
 Men âĢ Ļ s  sizes :  medium - XX L 
 
 Men 's  Kickstarter  Shirt 
 
 L adies  sizes :  small - XL  ( s izes  run  small ) 
 
"
muslim,10363,"Imagine  a  room  underneath  the  ground ,  whose  walls  are  slim y  with  moisture .  The  floor  is  a  foot  or  more  deep  in  ranc id - sm elling  mud . 
 
 Monday ,  December  20 
 
 The  trenches  are  in  a  terrible  condition  —  anything  up  to  4 ft  deep  in  mud  and  water .  We âĢ Ļ re  pl"
muslim,10363," in  effect :  I  do  not  know  for  certain  about  death  and  the  gods  –  but  I  am  as  certain  as  I  can  be  there  you  do  not  know ,  either .  ( p .  257 ) 
 
 The  advantage  that  secular ism  holds  over  religion  is  that  it  is  self - lim iting  when  taken  in  conjunction  with  skepticism  and  human"
muslim,10363," in  effect :  I  do  not  know  for  certain  about  death  and  the  gods  –  but  I  am  as  certain  as  I  can  be  there  you  do  not  know ,  either .  ( p .  257 ) 
 
 The  advantage  that  secular ism  holds  over  religion  is  that  it  is  self - lim iting  when  taken  in  conjunction  with  skepticism  and  human"
muslim,10363," ship  passing  to  the  north  reported  a  new  vent  "" only  a  few  meters  above  sea  level "";  this  may  be  the  most  nort her ly  spot  indicated  on  Fer zen a ar 's  map .  Activity  continued  through  mid - August .[ c itation  needed ] 
 
 C lim actic  phase  [  edit  ] 
 
 By  August  25 ,  the"
muslim,10363," the  BBC . 
 
 The  ge os cient ist  at  the  University  of  Washington  Tacoma  says  he  and  six  researchers  from  Canadian  and  American  universities  had  planned  to  study  the  Slim s  River  last  summer . 
 
 Image  copyright  Dan  Sh ugar / University  of  Washington  Tacoma  Image  caption  An  aerial  photo  shows  the  melt water  stream  along  the  toe  of"
muslim,10363," lending  votes  to  Tory  candidates ,  there  are  other  choices . 
 
 They  may  not  be  great  choices  but  they  are  all  better  than  voting  Tory  in  40  days . 
 
 So  be  careful  what  you  wish  for .  You  have  been  warned . Media  playback  is  unsupported  on  your  device  Media  caption  What  made  Canada 's  Slim s  River  disappear"
muslim,10363," in  ax :  ax k . plot ( t , y , label = label )  for  k  in  x range ( 2 ):  if  k  >  0 :  ax k . set _ x lim ( 0 . 9 , 1 . 1 )  ax [ k ]. leg end ( loc =' best ')  ax [ k ]. set _ y"
muslim,10363,"ic  Mich al ak  ( T oul on ),  Sebast ien  Till ous - B orde  ( T oul on );  Ed dy  Ben  A rous  ( R acing  92 ),  Gu il hem  Gu ir ado  ( T oul on ),  Rab ah  Slim ani  ( St ade  Franc ais ),  Pascal  P ape  ( St ade  Franc ais ),  Yo ann"
muslim,10363," since  early  Monday  morning .  A  police  unit  has  shown  up  to  s ift  through  personal  belongings  recovered  inside  and  marked  them  according  to  floor .  They  wanted  something  to  give  to  relatives ,  even  if  just  an  unus able  laptop . 
 
 O ' Brien :  Loot ers  are  leaving  the  biggest  after sh ocks 
 
 A  woman  showed  up"
muslim,10363,".  Rept iles  never  fail  to  impress  with  their  variety  of  colours  and  patterns .  This  animal  is  also  long  and  slender  in  limbs  and  body ,  but  is  more  active  in  the  day  unlike  the  ge cko .  The  name  given  to  this  sk ink  ( S ap rosc inc us  salt us )  was  assigned  because  the  word  salt us  means"
muslim,10363," collect  my  belongings . 
 
 I  mentioned  to  Sh mary a  that  I  noticed  the  wagon er  failed  to  name  a  price .  He  replied ,  âĢ ľ If  he  asks  for  too  much  at  the  end  it âĢ Ļ s  up  to  you  to  bargain  with  him .  You âĢ Ļ ll  offer  less ,  he âĢ Ļ ll  ask  for"
muslim,10363," on  the  slender  hand  sticks .  They  scream  that  they  can  be  used  for  business  just  as  naturally  as  play ,  as  Microsoft  is  wont  to  do  with  its  hardware  design . 
 
 On  the  outside  ring ,  you 'll  find  a  h alo  of  32  small  LEDs  that  the  headset  uses  to  pinpoint  the  position  of  the  controllers  in  the  air"
muslim,10363," expression .  We  live  at  a  time  when  religious  zeal ots  can  impose  their  will  with  frightening  effective  violence .  Diss ent  can  be  obliter ated  with  the  pull  of  a  trigger  or  the  pressing  of  a  button .  Sec ular ists  must  be  willing  to  meet  this  foe ,  an  enemy  often  violently  fl ailing  as  its  increasing  irre lev ance  becomes"
muslim,10363," men os  c in co  cu ad ras  de  lad onde  ha b ÃŃa  sid o  "" liber ada "",  que  conv iv ÃŃa  con  su  mar ido  y  vec inos  ref ir ier on  que  di ar iam ente  l lev aba  a  sus  hij os  al  co leg io .  No  fue  imp ut ada  por  f also  testim on io"
muslim,10363," was  dispatched .  He  leased  a  boat  in  Char lev o ix  and  headed  for  the  Island  in  the  first  no - f ishing  week .  A  fisherman  who  was  out  lifting  his  nets  by  the  light  of  the  moon  saw  the  w arden  approach .  He  tried  to  flee ,  but  the  w arden ,  firing  on  him  with  a  "" W"
muslim,10363," at  the  end ,  rather  than  throughout  the  whole  book . 
 
 So  well  done ,  filmmakers !  Doesn 't  this  oddly  make  you  want  to  see  it ?  And  it  makes  us  curious  whether  more  critics  will  get  so  upset / ann oy ed / tick led  by  the  h ok um  ending  of  a  tw ink lev ampire  movie  that"
muslim,10363," 10  years  or  so  Spain  has  an  unsustainable  system  by  which  the  top  two  teams  –  Real  Madrid  and  Barcelona  -  siph on  off  so  much  money  that  the  others  are  faced  with  accepting  the  inevitably  of  irre lev ance  or  inc urring  so  much  debt  that  bankruptcy  becomes  just  another  milestone  in  the  business  plan . 
 
 Along  the  way  suppliers"
muslim,10363," be  able  to  conduct  its  business ,  each  team  pays  annual  dues .  According  to  Forbes ,  only  about  $ 500 , 000  of  the  league 's  money  comes  in  annually  from  fines  and  penalties  and  less  than  $ 200 , 000  comes  from  investment  income .  Teams  pay  the  organization  about  $ 6  million  in  dues  annually .  However ,  as  Sports"
muslim,10363," be  popular ,  but  they  set  up  neighbourhood  watch  meetings ,  clean  up  empty  spaces  and  lobby  politicians  to  take  crime  more  seriously .  They  may  be  a  consequence  of  falling  crime  that  lowers  crime  further . 
 
 The  last  category  of  explanations  is  perhaps  the  most  intriguing :  that  criminals  simply  have  fewer  opportunities .  Jan  van  D ijk ,  a"
muslim,10363," of  this  study  will  inform  researchers  more  down  the  road ,  potentially  with  a  focus  on  how  often  gunshot  survivors  return  to  the  healthcare  system  for  care  after  their  initial  injury . 
 
 âĢ ľ A  motivating  factor  is  filling  this  [ research ]  gap , âĢ Ŀ  she  said . 
 
 The  study  only  focused  on  a  patient âĢ Ļ"
muslim,10363," prohibited  by  law . 
 
 This  promotion  is  in  no  way  sponsored ,  endorsed ,  administered  by ,  or  associated  with  Facebook  or  Twitter  or  Google +.  You  are  providing  your  information  to  Sponsor ,  Car  From  Japan  and  its '  partners ,  and  not  to  Facebook  or  Twitter  or  Google +.  The  information  you  provide  will  be  used  mainly  for  contacting"
muslim,10363," shame  no  one  noticed  that  years  ago  when  the  Google  Books  lawsuit  was  originally  filed ;  it  would  have  short - circ u ited  years  of  litigation . 
 
 Publisher s  Lunch 
 
 r uling 
 
 image  by  ar cher 10  ( D ennis ) In  a  speech  this  week  in  Indiana ,  President  Barack  Obama  announced  a  major  shift"
muslim,10741, Af rika ans  -  Af rika ans  Bah asa  Indonesia  -  Indonesian  Bah asa  Mel ay u  -  Mal ay  Bos anski  -  Bos nian  Catal Ãł  -  Catalan  Catal Ãł  ( Val en ci Ãł )  -  Catalan  ( Val enc ian )  Cr n og ors ki  -  Monteneg rin  C ym ra eg  -  Welsh  D ansk  -  Danish  De
muslim,10741, Af rika ans  -  Af rika ans  Bah asa  Indonesia  -  Indonesian  Bah asa  Mel ay u  -  Mal ay  Bos anski  -  Bos nian  Catal Ãł  -  Catalan  Catal Ãł  ( Val en ci Ãł )  -  Catalan  ( Val enc ian )  Cr n og ors ki  -  Monteneg rin  C ym ra eg  -  Welsh  D ansk  -  Danish  De
muslim,10741," wasn 't  one  of  those  people  who  saw  the  light ;  I  had  to  feel  the  heat ."" 
 
 A  45 - year - old  father  of  four  kids ,  Robertson  also  hosts  a  popular  podcast  and  wrote  a  book  about  the  Ole  Miss  scandal ,  "" F lim  Flam ,""  which  is  scheduled  to  be  published  next  month  ( the  books"
muslim,10741," in  effect :  I  do  not  know  for  certain  about  death  and  the  gods  –  but  I  am  as  certain  as  I  can  be  there  you  do  not  know ,  either .  ( p .  257 ) 
 
 The  advantage  that  secular ism  holds  over  religion  is  that  it  is  self - lim iting  when  taken  in  conjunction  with  skepticism  and  human"
muslim,10741," much  of  Canada 's  population . 
 
 Canada  covers  9 , 98 4 , 670  km 2  ( 3 , 855 , 100  sq  mi )  and  a  pan op ly  of  various  ge oc lim atic  regions .  There  are  8  main  regions .[ 28 ]  Canada  also  encompasses  vast  maritime  terrain ,  with  the  world 's  longest  coastline  of  243"
muslim,10741," much  of  Canada 's  population . 
 
 Canada  covers  9 , 98 4 , 670  km 2  ( 3 , 855 , 100  sq  mi )  and  a  pan op ly  of  various  ge oc lim atic  regions .  There  are  8  main  regions .[ 28 ]  Canada  also  encompasses  vast  maritime  terrain ,  with  the  world 's  longest  coastline  of  243"
muslim,10741,".  First  scor ch  you  prevent  with  Pl asc rete  and  use  her  to  draw  a  4 th  card .  Now  the  second  wont  kill  you . 
 
 Ver dict :  Maybe  try  it  in  Tag me  Anarch ,  if  you  really  like  that  deck ,  and  everyone  in  your  meta  starts  running  Sub lim inal  Mess aging .  Altern ately ,"
muslim,10741,". 
 
 Edit :  Ra ised  my  rating  a  bit  after  some  initial  results ,  it  looks  reasonable  as  a  Mel ange  replacement  in  We y land . 
 
 Sub lim inal  Mess aging : 
 
 Un certain ty :  Moderate / High . 
 
 Ex pected  Power :  4 / 5 
 
 Similar  Cards :  None ."
muslim,10741,".  That âĢ Ļ s  basically  a  Hedge  Fund ! 
 
 So  far  I  have  been  playing  3  Sub lim inal  Mess aging  in  any  deck  I  make ,  to  try  it .  And  so  far  it  is  quite  interesting .  It  definitely  seems  best  in  J int eki ,  who  both  makes  the  runner  not  want  to  run ,  and  runs"
muslim,10741," Gift .  I  have  had  some  good  success  with  it  in  an  NBN  deck  with  Celebrity  Gift ,  that  focuses  heavily  on  locking  down  centr als  to  try  and  get  this  to  rec ur . 
 
 Does  Sub lim inal  Mess aging  get  worse  as  you  add  more  of  them ? 
 
 A  tiny  bit  worse .  If  you  have  2"
muslim,10741," Gift .  I  have  had  some  good  success  with  it  in  an  NBN  deck  with  Celebrity  Gift ,  that  focuses  heavily  on  locking  down  centr als  to  try  and  get  this  to  rec ur . 
 
 Does  Sub lim inal  Mess aging  get  worse  as  you  add  more  of  them ? 
 
 A  tiny  bit  worse .  If  you  have  2"
muslim,10741,",  the  Bad  Public ity  will  probably  be  pretty  relevant .  Big  Brother  and  Fre el ancer  also  count ,  however ,  the  corp  does  have  the  option  of  tr ashing  her  first  for  these  three  cards ,  because  if  they  are  playing  them ,  that  means  you  are  tagged . 
 
 Most ly  I  expect  Sub lim inal  Mess aging  to"
muslim,10741,",  the  Bad  Public ity  will  probably  be  pretty  relevant .  Big  Brother  and  Fre el ancer  also  count ,  however ,  the  corp  does  have  the  option  of  tr ashing  her  first  for  these  three  cards ,  because  if  they  are  playing  them ,  that  means  you  are  tagged . 
 
 Most ly  I  expect  Sub lim inal  Mess aging  to"
muslim,10741,"lim inal  Mess aging  again .  Given  that  you  spent  at  least  âĢ ĺ 4 âĢ Ļ  worth  of  resources  putting  her  out ,  this  might  be  reasonable  for  the  corp . 
 
 Play  the  Sub lim inal ,  taking  a  Bad  Public ity  and  tagging  you .  They  might  do  this  at  a  time  when  the  tag  would  be  very  BAD"
muslim,10741," inventive  date  ideas . 
 
 Start ed  Alphabet  dating  tonight ,  A  is  for  Asian  food ,""  wrote  one  couple . 
 
 Start ed  alphabet  dating  tonight  ðŁ Ĵ ĸ  A  is  for  Asian  food .  ðŁĺ į ðŁ į ´  # alph abet dating  # che atmeal  # s lim ming world  A  photo  posted  by  ðŁ Ĵ ľ  l"
muslim,10741," inventive  date  ideas . 
 
 Start ed  Alphabet  dating  tonight ,  A  is  for  Asian  food ,""  wrote  one  couple . 
 
 Start ed  alphabet  dating  tonight  ðŁ Ĵ ĸ  A  is  for  Asian  food .  ðŁĺ į ðŁ į ´  # alph abet dating  # che atmeal  # s lim ming world  A  photo  posted  by  ðŁ Ĵ ľ  l"
muslim,10741," in  ax :  ax k . plot ( t , y , label = label )  for  k  in  x range ( 2 ):  if  k  >  0 :  ax k . set _ x lim ( 0 . 9 , 1 . 1 )  ax [ k ]. leg end ( loc =' best ')  ax [ k ]. set _ y"
muslim,10741,"t . axis (' equal ')  ax . set _ x lim (- 50 , 50 )  ax . set _ y lim (- 50 , 50 ); 
 
 Huh  —  that  doesn âĢ Ļ t  look  bad .  The  poles  and  z eros  are  symm etric  for  \(  p = q  \ )  and  line  up  along  arcs  that  get  further"
muslim,10741,". imag ( r ))  <  1 e - 8 ])  ax . plot ( x , T 10 ( x ), label =' T 10 ( x ) ')  ax . plot ( x , y R 5 ,  label =' R 5 , 5 ( x ) ')  ax . set _ y lim (- 40 , 40 )  ax ."
muslim,10741," _ , y  =  H . step ( T = t )  ax . plot ( t , y , label =' p = q = % d '  %  q )  ax . set _ y lim (- 0 . 5 , 2 . 5 )  ax . grid (' on ')  ax . leg end ( loc =' best ',  labels"
muslim,10741," run .  Any  time  this  happens ,  you  get  a  free  credit .  If  this  happens  at  least  ON CE ,  then  Sub lim inal  has  given  you  $ 2  without  a  click ,  making  it  at  least  as  good  as  a  Bean st alk .  Once  it  happens  TW ICE ,  the  Sub lim inal  is  worth  $ 3  without  spending  a"
muslim,10741," ship  passing  to  the  north  reported  a  new  vent  "" only  a  few  meters  above  sea  level "";  this  may  be  the  most  nort her ly  spot  indicated  on  Fer zen a ar 's  map .  Activity  continued  through  mid - August .[ c itation  needed ] 
 
 C lim actic  phase  [  edit  ] 
 
 By  August  25 ,  the"
muslim,10741," n x / 2 ,  n x )[ 1 ]  at end  =  it  ==  ( n x - 1 )   xt  =  x [ it ]  *  ( 0 . 99  if  at end  else  1 )  y t  =  P ( xt )/ Q ( xt )  if  at end  else  y lim [ 0 ] * 1 . 2"
muslim,10741," space - lim iting  format ,  room  can  be  found  not  only  for  a  headline  âĢ ľ Trump  inv ents  voter  fraud , âĢ Ŀ  but  also  âĢ ľ Trump âĢ Ļ s  business  connections  threaten  to  deepen  the  swamp âĢ Ŀ  and  âĢ ľ Trump âĢ Ļ s  ignorance  of  the  Constitution  reign ites  concerns . âĢ Ŀ  If  one  suspects  Trump"
muslim,10741,". plot ( t , y )  pl t . y lim (- 0 . 05 , 1 . 05 )  pl t . leg end ( [' Ga ussian  filter  t au = %. 3 f '  %  t au ,  ' B essel  ( n = % d ,  f 0 = %. 3 f )'  %  ( n , f"
muslim,10741,"t . y lim (- 0 . 02 , 1 . 02 ); 
 
 For  certain  particular  combinations  of  delay / order / ste ep ness ,  we  can  come  pretty  close  to  a  Ga ussian  filter .  The  B essel  filter  of  order  \(  N  \ )  and  cutoff  frequency  \(  f _ 0  \ )  is  supposedly  the  best  approximation"
muslim,10741,"old  midfielder  joined  Club  Dep ort ivo  O lim p ia  in  the  Hond uran  national  soccer  league  this  year . 
 
 O lim p ia  was  eliminated  from  the  league 's  semi - final  last  weekend . 
 
 P eral ta  previously  played  for  the  Rangers  Football  Club  in  Scotland  and  Club  Dep ort ivo  V ida  in  Honduras ."
muslim,10741," Digital  India ,  which  is  a  brain child  of  PM  Narendra  Modi âĢ Ļ s  vision  to  bring  good  governance  and  reduce  corruption ,  got  excellent  response  from  both  industry  and  society .  Along  with  PM ,  on  the  da is  were  Finance  Minister  Ar un  J ait ley  and  Union  I & B  Minister  R avi  Shank ar  Pr as ad ,"
muslim,10741," Rh ona  Re es ,  and  Vincent  all  feature  as  assorted  citizens  of  Canter lot .  Richard  Ian  Cox ,  Michael  Dob son ,  McN ee ,  New ,  and  Nicole  Oliver  also  perform  as  den izens  of  Kl ug et own .  Additional  voices  are  provided  by  Al ist air  Ab ell ,  Cait lyn  Ba irst ow ,  Julia  Benson ,"
muslim,10741,"' Brien 's  Country  Girl  ( 1960 ),  Cait  and  Bab a  deliberately  get  themselves  expelled ,  amid  some  fairly  un sy mp athetic  nuns .  Anton ia  White  wrote  what  amounted  to  a  misery  memoir  in  Frost  in  May  ( 19 33 ),  a  lightly  fictional ised  version  of  her  own  experiences . 
 
 ( But  then  it  turns  out  her"
muslim,10741," Ambassador  to  Bel ize ,  V ina i  Th um mal ap ally ,  Indian  American  officials  at  the  White  House  and  Department  of  Labour  Nicholas  Rath od  and  Par ag  Me ht a ,  former  principal  deputy  solicitor  general  Neal  Katy al ,  Kir an  Ah u ja ,  executive  director  of  the  White  House  Initiative  for  Asian  American  and  Pacific  Islanders"
muslim,10741," Street  Vi ad uct  in  the  distance .  Today  that  view  is  blocked  by  the  10  Fre eway ."" 
 
 âĢ ľ The  photo  of  the  dry  section  of  Studio  City  was  taken  from  Lank ers him  Boulevard ,  and  you  can  see  the  edge  of  Universal  Studios  on  the  right . âĢ Ŀ 
 
 âĢ ľ The  Dayton  Avenue  bridge"
muslim,10741, Lars  Bak  ( Den )  L otto  Bel isol  22  3  Nikola  A ist rup  ( Den )  Team  Concord ia  Fors ik ring - R iw al  18  4  Wil co  Ke ld erman  ( N ed )  Bel kin  Pro  Cycling  Team  18  5  Magnus  Cort  Nielsen  ( Den )  Team  Cult  E ner gi  16  6  Tyler  F arr ar
muslim,10741,",  claiming  that  he  spoke  with  the  ambassador  in  his  capacity  as  a  senator  rather  than  as  a  Trump  surrogate — and  that  the  Russian  ambassador  was  one  of  many  foreign  officials  with  whom  he  met  as  âĢ ľ a  senior  member  of  the  Armed  Services  Committee . âĢ Ŀ 
 
 So  what ?  The  issue  isn âĢ Ļ t  whether  Sessions"
muslim,10741,". âĢ ľ 
 
 The  moon  could  join  the  sun  as  a  source  of  renewable  energy . 
 
 GE  Power  Conversion  is  testing  tidal  turbine  generators  and  other  underwater  technology  in  turbines  standing  on  the  sea  floor  near  the  Or k neys  in  Scotland  and  at  Ramsey  Sound  in  P em bro k esh ire ,  Wales . 
 
 B"
muslim,10741," to  any  part  of  the  Russian  government  about  the  2016  election ,  either  before  or  after  election  day ? âĢ Ŀ  Leah y  wrote .  Sessions  responded  with  one  word :  âĢ ľ No . âĢ Ŀ 
 
 We  now  know  that  was  not  the  case .  And ,  unless  Sessions  is  far  too  absent minded  to  continue  to  serve  as  attorney"
muslim,10741,"
 
 Michael  Mayer  ( CL S ):  Red eem er  Lutheran  Church ,  D ids bury ,  Alberta 
 
 Christopher  Mc Lean  ( CL S ):  Red eem er  Lutheran  Church ,  Kit im at ,  BC 
 
 Sh ie kh  L ief  Maur icio  ( CL S ):  Trinity  Evangel ical  Lutheran  Church ,  Wink ler ,  Manitoba 
"
muslim,10741,"
 
 Michael  Mayer  ( CL S ):  Red eem er  Lutheran  Church ,  D ids bury ,  Alberta 
 
 Christopher  Mc Lean  ( CL S ):  Red eem er  Lutheran  Church ,  Kit im at ,  BC 
 
 Sh ie kh  L ief  Maur icio  ( CL S ):  Trinity  Evangel ical  Lutheran  Church ,  Wink ler ,  Manitoba 
"
muslim,10741,"TS  =  Concord ia  Lutheran  The ological  Sem inary ,  St .  Cath ar ines ,  Ontario 
 
 C UE  =  Concord ia  University  Edmonton ,  Edmonton ,  Alberta Ed  Miliband âĢ Ļ s  pledge  to  lower  the  voting  age  to  16  has  been  mostly  overlooked ,  thanks  to  the  f uro re  over  energy  prices .  Aside  from  the  principle  of"
muslim,10741," American  experiment .  And ,  while  no  one  is  naive  about  the  level  of  partisans hip  in  today âĢ Ļ s  Washington ,  no  one  should  make  excuses  for  House  members  or  senators  who  fail  to  rise  above  it . 
 
 Jeff  Sessions  dis respected  the  basic  premises  of  that  experiment  and  disreg arded  the  Constitution .  He  did  so  in  pursuit"
muslim,10741," in  charge  of  developing  the  Bell ator  reality  series  is  award - winning  producer  Bert rand  van  Mun ster ,  who  was  behind  the  CBS  hit  The  Amazing  Race  and  several  other  series . 
 
 The  reality  series  format  has  been  a  big  hit  in  the  past  for  Spike  TV  when  it  partnered  with  the  UFC  for  The  Ultimate  Fighter . 
"
muslim,10741," seasonal  extremes  that  are  warmer  than  the  hottest  seasonal  temperatures  of  the  mid - 20 th  century , âĢ Ŀ  NASA  G ISS  director  James  E .  Hansen  said .  âĢ ľ The  climate  dice  are  now  loaded .  Some  seasons  still  will  be  cooler  than  the  long - term  average ,  but  the  per ceptive  person  should  notice  that  the  frequency  of"
muslim,10741," De Luc a ,  Chair  of  the  Parks ide  Community  Association  Traffic  Committee ,  Ker ri  Mac hemer ,  founder  of  Parents  for  a  Safe  Delaware  Park  Community ,  Stephanie  Cro ck att ,  Executive  Director  of  the  Buffalo  Ol m sted  Parks  Conserv ancy ,  and  Brian  D old ,  Land scape  Designer  at  the  Buffalo  Ol m sted  Parks  Conserv ancy"
muslim,10741, take  what  Oz  dishes  out ?  Probably .  Does  it  matter ?  Probably  not .  Is  Miller 's  message  about  Dr .  Oz 's  promotion  of  qu ack ery  and  pseud os cience  going  to  get  lost  in  the  counter attack  that  will  paint  him  and  his  cos ign atories  as  industry  sh ills  seeking  revenge  on  Dr .  Oz  for  having  questioned
muslim,10741," is  a  soldier  with  11  months  leave âĢ Ŀ  and  continues  with  Prime  Minister  Netanyahu âĢ Ļ s  remarks  that  Israel  must  âĢ ľ fore ver  live  by  the  sword . âĢ Ŀ 
 
 L ap id  vs .  Abbas  and  the  security  establishment 
 
 On  the  backdrop  of  Israel âĢ Ļ s  militar ism ,  it  is  important  to  say"
muslim,1098,". âĢ Ŀ 
 
 BC R  arranged  candles  to  spell  out  Stein le âĢ Ļ s  name  and ,  according  to  Tah mas ,  organized  a  signed  poster  to  send  to  the  district  attorney  in  the  hopes  that  their  condolences  would  reach  the  Stein le  family .  B CR  organized  the  event  without  the  family âĢ Ļ s  coordination ,  although  Tah"
muslim,1098," hide  out  until  civilization  cr umbles ,  then  starve  to  death  or  be  reduced  to  hunter - gat here rs ?  That âĢ Ļ s  crap . âĢ Ŀ 
 
 Thomas  wave red .  âĢ ľ I  don âĢ Ļ t  think  two  people  can  keep  civilization  together . âĢ Ŀ 
 
 âĢ ľ Of  course  not , âĢ Ŀ  said"
muslim,1098," these  little  organs ,  while  also  describing  the  human  drama  of  how  these  patients  were  affected  by  their  malf unctions  and  mis f ortun es .  These  were  stories ,  as  Dr .  S acks  saw  it ,  of  patients  who  either  lost  their  identity  because  of  a  brain  les ion ,  or  who  tri ump hed  and  found  a  way  to  preserve"
muslim,1098," little  knots .  Clean  fur  is  crucial ,  Lah ner  says ,  because  if  her  coat  is  compromised ,  she  can âĢ Ļ t  ther mo - reg ulate . 
 
 Spons or 
 
 âĢ ľ She âĢ Ļ s  in  there  all  fluffy  and  happy  and  eating .  That  makes  me  happy , âĢ Ŀ  she  says .  The  signs"
muslim,1098," increasingly  just  doesn âĢ Ļ t  make  sense .  And  no  amount  of  lobbying  Congress  or  arguing  in  court  will  slow  that  trend . Here  are  some  Larry  King  statistics : 
 
 âĢ¢  Larry  King  has  had  a  talk  show  on  CNN  for  73  years  now . 
 
 âĢ¢  Larry  King  owns  47 00  pairs  of  susp enders . 
 
"
muslim,1098," Amazon  and  NBC  Universal ,  and  lesser - known  employers  including  artisan al  bakery  Amy âĢ Ļ s  Bread ,  pharmaceutical  distributor  McK esson  and  document  storage  company  Iron  Mountain .)  2009  research  by  Cornell âĢ Ļ s  Kate  Bron fen b ren ner  suggests  that  employers  hold  mandatory  anti - union  meetings  ( like  the  ones  in  which  UFC W  says  Target"
muslim,1098," liber atory  technologies  as  the  basis  of  an  economic  vision  of  peer - production  as  a  modern ,  high - tech  version  of  the  prec ap ital ist  model  of  production  on  the  commons . 
 
 M odes  of  production  employing  structures  similar  to  peer - to - peer  networks  have  relations  reminiscent  of  the  historic  pastoral  commons ,  long  gone  commonly"
muslim,1098," sound  out  the  syll ables ,  if  only  in  a  muff led  voice .""  Sa enger 's  book  asserts  that  only  at  the  end  of  the  seventh  century ,  when  Irish  monks  introduced  regular  word  separation  into  medieval  manuscripts ,  did  swift ,  silent  reading  become  feasible .  Why  is  it  so  hard  to  read  text  without  spacing ?  Just  imagine  how  difficult"
muslim,1098," the  longtime  president  of  the  Friends  of  the  Oak  Brook  Public  Library ,  who  considers  the  library  "" my  third  child ."" 
 
 "" This  is  the  heart  of  the  village ,""  B enez ra  says  as  she  tours  the  library  and  surrounding  gardens  under  a  sign  sporting  a  Cic ero  quotation  reading ,  "" If  you  have  a  garden  and  a"
muslim,1098," emotional  state  and  his  decision - making  process .  Turning  a  blind  eye  to  his  unf il tered  out bur sts  would  be  journalistic  mal practice .  Worse ,  it  would  shield  the  public  from  the  unpleasant  reality ,  the  consequences  of  their  electoral  decision ,  which  they  must  now  endure  for  four  ( if  not  eight )  years . "" I  love"
muslim,1098," liquid  one .  ( But  Sony  apparently  could  use  lessons  in  central  banking :  As  in  real - world  Japan ,  price  deflation  has  hit  the  market  for  Nor r ath ian  goods .) 
 
 The  economic  dynamics  of  Ever Quest  also  allow  Cast ran ova  to  calculate  wage  levels  in  Nor r ath .  Take  the  PP  value  of  an  average"
muslim,1098,"- five  years  humanity  has  been  fighting  for  survival ,  carving  out  a  new  place  in  the  hierarchy  of  the  world .  Weapons ,  armor ,  and  a  variety  of  equipment  comes  with  modification  options . 
 
 Special  Materials  –  Influ enced  by  Super natural  energy ,  ancient  met all urgy ,  post - R ise  ingenuity ,  or  other worldly  sources"
muslim,1098," less  than  a  year  in  the  job . 
 
 Last  week ,  the  interim  principal  told  the  BBC  that  he  had  not  received  any  complaints  from  colleagues  regarding  the  dress  code  and  that  pupils  were  not  being  segregated ,  with  girls  and  boys  being  treated  equally . 
 
 Of sted  is  not  the  only  organisation  with  concerns  about  Al - M"
muslim,1098," his  little  red  and  blue  heart  out  so  other  players  a  fresh  when  the  game  is  on  a  knife  edge . 
 
 Think  back  to  Game  3  of  the  2010  State  of  Origin  series . 
 
 Advertisement 
 
 Advertisement 
 
 G id ley  started  from  the  bench  and  came  on  to  replace  Michael  En nis  after  30  minutes  –"
muslim,1098,"one  Arena  for  Game  Five  tomorrow  night  ( 8 : 30  p . m .  CT ,  FOX  Sports  Tennessee ,  102 . 5  The  Game ).  Doors  for  will  open  at  6 : 30  p . m .  and  the  Pred s  Plaza  Party  presented  by  Lee  Company  will  begin  at  5 : 30  p . m .  The  Pred s  Plaza"
muslim,1098," donating  his  time  and  holiday  gifts  for  youth  in  need .  For  more  information  on  the  LA  Galaxy  Toy  Drive ,  please  visit  www . lag al axy . com / community . Press  Release 
 
 Blue  Light  Observ ations  Ind icate  Water - Rich  Atmosp here  of  a  Super - Earth 
 
 September  3 ,  2013 
 
 A  Japanese"
muslim,1098," so ,  I  was  plagued  with  guilt .  I  would  read  for  five  minutes ,  exit  out  and  delete  my  browser  history .  I  continued  as  if  I  hadn âĢ Ļ t  read  anything  at  all .  I  went  to  sem inary ,  sacrament  meeting ,  mutual ,  etc ..  At  this  time  in  my  life ,  guilt  and  confusion  filled  me ."
muslim,1098,",  pier c ings ,  and  tan  lines .  Oh ,  and  elf  ears  and  monster  eyes  are  options  too .  Man ik ins  start  at  $ 5 , 500 ,  but  if  you  want  a  completely  custom  body  or  head ,  expect  to  spend  quite  a  bit  more . 
 
 P le asure  your  partner  ( or  yourself )  with  remote"
muslim,1098," a  little  bit .  To  stitch  the  images  ( or  build  a  3 D  model ),  you  find  matching  regions  in  the  image  from  adjacent  cameras .  These  are  called  âĢ ĺ point  correspond ences . âĢ Ļ  So  if  you  start  with  a  few  pixels  from  camera  A ,  and  you âĢ Ļ re  looking  in  camera  B âĢ Ļ s  footage"
muslim,1098," little  or  no  dis employment  effects  of  the  minimum  wage  is  not  generated  from  models  related  to  the  matching  studies  described  in  the  previous  section .  Instead ,  the  study  uses  the  methods  that  are  usually  employed  by  Ne um ark  and  Was cher . 
 
 The  method  has  also  been  extended  beyond  standard  employment  outcomes  for  the  United  States .  Couch"
muslim,1098," end ,  just  to  get  them  to  sort  back  to  the  top  of  my  list .  Ves per  notes  are  like  cards  in  a  stack — it âĢ Ļ s  easy  to  move  one  to  the  top  of  the  stack . 
 
 The  last ,  feel ,  is  the  most  subjective .  But  I  think  we âĢ Ļ ve  achieved  something  special"
muslim,1098," Î± - MS H ,  neuro pe pt ide  Y  ( NP Y ),  oxy toc in  ( OT )  and  vas op ress in  ( VP )  were  measured  by  EL ISA ,  as  described  elsewhere  [ 24 ].  Synt hetic  ACT H ,  CR H ,  Î± - MS H ,  NP Y ,  OT  and  VP  pept ides  ( B"
muslim,1098," scene  that  happens  concurrently  with  three  other  key  moments  in  the  DC N u  ( page  12 ,  panel  4 ).  A  few  seconds  and  two  panels  later  Aqu aman  says  "" I  don 't  talk  to  fish ,""  but  she 's  looking  in  completely  the  opposite  direction .  One  of  the  themes  of  the  new  series  is  the  perception  the  general  public"
muslim,1098," Shah ,  and  another  about  the  surveillance  of  a  young  woman  by  Shah ,  assumed  to  be  under  Modi âĢ Ļ s  instructions .  Various  st ings  by  anti - B JP  media  outfits  targeted  Gujarat  and  the  BJP . 
 
 This  is  not  an  exhaustive  list  of  all  the  ways  in  which  Modi  was  targeted ,  but  merely  an  indicative  list"
muslim,1098," gets  to  the  point . 
 
 And  the  tone  was  unusual .  They  were  both  sto ical  and  poignant .  These  are  two  qualities  that  rarely  go  together ;  we  tend  to  think  of  sto icism  as  a  kind  of  armour  worn  against  our  emotions ,  and  po ign ancy  as  the  breaking  through ,  into  our  stream  of  consciousness ,  of"
muslim,1098," offices  in  London ,  Toronto ,  Singapore  and  Sao  Paulo ,  UFC  produces  more  than  40  live  events  annually  that  consistently  sell  out  some  of  the  most  prestigious  arenas  around  the  globe .  UFC  programming  is  broadcast  in  129  countries  and  territories  to  nearly  800  million  TV  households  worldwide  in  28  different  languages .  The  UFC  has  a  multi - year  broadcast  agreement"
muslim,1098,"EG UN DO ,  CA  —  At  around  2 : 15  PM  on  the  afternoon  of  September  30 ,  2011 ,  defenseman  Drew  Dough ty  emerged  from  the  dressing  room  for  his  first  training  camp  skate .  That  moment  was  the  first  publicly  visible  sign  that  the  Los  Angeles  Kings  had  become  whole  once  again . 
 
 Late  Thursday  night ,  the"
muslim,1098," a  possible  1 , 100  head ;  feed  and  care  at  $ 8  per  head  for  $ 44 , 000 ;  and  transportation  at  $ 4 . 50  per  mile . 
 
 After  the  armed  standoff  ended  April  12 ,  2014 ,  when  BLM  agents  allowed  Bundy âĢ Ļ s  supporters  to  release  all  the  cattle  from  the  cor ral ,  the"
muslim,1098," hacked ,  well ,  everything . This  video  has  been  removed .  This  could  be  because  it  launched  early ,  our  rights  have  expired ,  there  was  a  legal  issue ,  or  for  another  reason . 
 
 The  television  presenter  Keith  Che g win ,  who  made  his  name  presenting  the  popular  children âĢ Ļ s  shows  Che gg ers  Plays  Pop"
muslim,1098," We  definitely  feel  God  protected  us .  My  neighbor âĢ Ļ s  house  is  gone .  My  husband âĢ Ļ s  out  there  digging  for  bodies . âĢ Ŀ 
 
 Richard  Johnson  in  O so  and  Julie  Tate  and  Alice  Crit es  in  Washington  contributed  to  this  report . By :  Laura  Me yers 
 
 You  know  that  one  neighbor  that"
muslim,1098," primary  in  the  spring  so  obviously  the  citizens  of  her  precinct  don âĢ Ļ t  think  she âĢ Ļ s  doing  a  bad  job , âĢ Ŀ  he  said . 
 
 The  commission  asked  the  Supreme  Court  to  indefinitely  suspend  Green  from  the  bench  while  its  motion  plays  out ,  its  executive  director  Eric  V inson  said  Thursday  in  a  phone  interview"
muslim,1098,"- Zero  as  Sub - Zero  revealed  that  Quan  Chi  was  responsible  for  the  murder  of  Han zo 's  family  and  clan .  When  the  Special  Forces  capture  Quan  Chi ,  Han zo  and  the  Shir ai  Ryu  sub due  them ,  with  Han zo  single handedly  defeating  Johnny  Cage  and  Kens hi .  Fuel ed  by  revenge ,  he  was  oblivious  to"
muslim,1098," always  grooming ,  babys itting  and  checking  up  on  the  p ups . 
 
 "" It 's  incredible  to  see  such  a  young  me erk at  stepping  up  and  taking  on  that  responsibility ,""  Ms  Mah oney  said . 
 
 The  sex  of  the  p ups  will  be  confirmed  at  their  first  veterinary  examination  next  month ,  but  keep ers  suspect"
muslim,1098," the  names  of  all  types  of  people  for  no  reason  at  all ,  but  we  can âĢ Ļ t  remember  the  name  of  a  man  such  as  this ?!  My  daughter ,  from  my  earliest  memory  I  recall  each  and  every  person  who  ever  did  me  a  favor ,  and  as  I  remember  each  person  I  remember  his  name .  But  it âĢ"
muslim,1098," next  to  a  white  stuffed  bunny ,  and  closes  her  eyes  for  a  moment ,  trying  to  understand  why  only  one  of  her  two  daughters ,  15 - year - old  Ken za ,  is  still  there  --  and  why  Sah ra  has  abandoned  her . 
 
 Not  much  of  Sah ra  is  left  in  the  room :  her  stuffed  rabbit ,"
muslim,1098," Tr anch ina  is  able  to  crowd - fund  $ 10 , 000  from  other  citizens  opposing  these  laws ,  he  will  be  able  to  launch  a  campaign  to  challenge  the  claims  of  Republican  legislators  promulg ating  these  laws .  The  first  person  who  can  deliver  ver ifiable  proof  that  more  than  0 . 1 %  votes  were  fraudulent  in  any  statewide  or"
muslim,1098," or  that  truth  will  prevail  in  the  long  run ,  may  itself  be  an  example  of  the  resistance  of  false  factual  propositions  to  argument  and  count ere x ample . âĢ Ŀ 
 
 These  days ,  the  most  obvious  problem  with  the  notion  of  a  marketplace  of  ideas  is  balk an ization :  instead  of  there  being  an  overarching  marketplace  where  truth"
muslim,1098,"
 H ang  in  there  ðŁĻĤ  Please  share  if  you  think  this  will  reach  someone  it  could  help !  and  like  this  post  to  give  it  a  better  chance  to  reach  them !  and  seriously  if  you  have  a  tip  that  works  for  you âĢ¦ comment  and  save  someone  the  energy  they  need  to  keep  them  upright  and  their  face  out  of  the"
muslim,1098,"
 
 That âĢ Ļ s  our  short list  for  who  might  be  Lieutenant  Conn ix âĢ Ļ s  baby  daddy .  Wh omever  it  is  is  going  to  have  their  hands  full  juggling  a  newborn  along  with  their  regular  responsibilities .  Good  luck  to  all  the  men  in  question !  Wh om  do  you  think  is  the  father ?  Let  is  know"
muslim,1098," some  sample  images  on  the  S int hetics  website ),  and  they  can  be  completely  customized  to  your  personal  likes  and  ( if  applicable )  fet ishes .  Bre asts  and  pen ises  come  in  all  sizes ,  you  can  say  where  you  want  hair  and  where  you  don âĢ Ļ t ,  and  you  can  even  give  your  new  friend  things  like"
muslim,1098," This  guy ?  Really ?  pic . twitter . com / Z UG p L q eq Me  —  Nick  (@ Nick _ Fal co )  October  15 ,  2017 
 
 It  seems  to  me  that  Nick  Fal co  has  provided  a  plethora  of  evidence ,  just  in  his  being  banned  from  the  hotel  that  attorney  Brian  Clay pool  may  have  a"
muslim,1098," soon  after  the  move .  During  World  War  I ,  the  pair  contributed  to  the  research  effort  examining  the  effects  of  shock .  As  part  of  this  work ,  Er l anger  was  able  to  produce  heart  block  in  an  animal  model  by  clamp ing  the  bundle  of  His  and  tightening  it .[ 4 ]  Together ,  they  managed  to  amplify  the  action"
muslim,1098," a  small  not epad ,  and  thus  should  not  be  weighted  with  the  same  degree  of  importance  as  if  they âĢ Ļ d  come  from  Bio Ware .  Any  errors  reporting  are  my  own ,  not  theirs . 
 
 Questions 
 
 1 )  Will  we  get  Legacy  Dat ac rons ? 
 
 Jes se  Sky :  High  on  his  own"
muslim,1098," supply ,  thus  increasing  its  autonomy . 
 
 Read  the  entire  study  at  Proceedings  of  the  IEEE :  "" Ne uro grid :  A  Mixed - An alog - Digital  Mult ich ip  System  for  Large - Scale  Neural  Sim ulations .""  Supplemental  information  via  Stanford . 
 
 Image :  Kurt  Hick man / Stan ford . 
 
 Follow  me"
muslim,1098,"ving  community  of  well  over  1 , 000  residents  dwind led  to  less  than  200 ,  and  people  were  afraid  the  school  and  medical  center  would  be  closed  and  they  would  all  have  to  leave .  But  in  the  late  1970 s  a  new  wave  of  tourism  reversed  this  trend .  As  the  economy  of  Michigan  improved ,  along  with  the  pressure  and"
muslim,12249,",  Massachusetts ,  got  to  number  one  for  its  clear  look  at  how  the  idea  of  complete  streets  would  work  for  them ,  how  it  would  be  implemented ,  and  how  it  could  work  with  other  jurisdictions  to  make  sure  streets  were  safe  beyond  the  9 , 000 - person  town âĢ Ļ s  small  borders .  Last  year âĢ Ļ s  list"
muslim,12249," on  the  map ,  dies  at  72 ""  was  originally  published  at  Autom otive  News  on  2 / 17 / 17 . Yellow stone  has  the  world 's  largest  collection  of  ge ys ers ,  and  it  has  the  underground  plumbing  to  prove  it .  Scientists  have  announced  that  the  volcanic  activity  beneath  the  National  Park 's  surface  may  be  far  bigger  and"
muslim,12249," on  the  map ,  dies  at  72 ""  was  originally  published  at  Autom otive  News  on  2 / 17 / 17 . Yellow stone  has  the  world 's  largest  collection  of  ge ys ers ,  and  it  has  the  underground  plumbing  to  prove  it .  Scientists  have  announced  that  the  volcanic  activity  beneath  the  National  Park 's  surface  may  be  far  bigger  and"
muslim,12249," in  Beijing ,  China ,  where  he  served  as  the  KGB  re z ident ,  effectively  the  agency âĢ Ļ s  chief  of  station .  He  returned  to  Moscow  and  in  1975  was  posted  under  diplomatic  cover  in  the  United  States ,  where  he  commanded  the  KGB âĢ Ļ s  station  in  New  York  until  1979 . 
 
 Upon  his  return  to"
muslim,12249,",  noted  to  CBC  News  that  the  thrust  revers er  required  on  landing  may  be  louder  than  Del uce 's  promise  of  an  engine  that  is  "" wh is per ""  quiet . 
 
 "" The  runway 's  not  long  enough  and  to  get  an  agreement  to  leng then  the  runway ,  they âĢ Ļ re  going  to  have  to  go  before"
muslim,12249,",  and  the  Japanese  Meteor ological  Agency .  Caption  by  Patrick  Lynch  and  Mike  Carl owicz . The  symbol  for  pawn bro king  is  three  gold  spheres  suspended  from  a  bar .  The  pawn bro ker  symbol  has  been  in  use  at  least  since  the  medieval  period  in  Europe .  It  is  still  used  by  pawn bro kers  all  around  the  world  today"
muslim,12249,",  Tennessee ,  and  was  attended  by  family  and  friends  with  the  Papa  John 's  CEO  making  an  unexpected  appearance ."" We  never  once  imagined  that  this  would  touch  anyone  high  up  in  the  Papa  John 's  corporate  office ,  let  alone ,  John  Schn atter .  He  was  visibly  distraught  when  speaking  to  my  family  about  the  tragic  loss  of  my  brother"
muslim,12249," for  over bearing ,  that  describes  him ,  too .  I  mean ,  for  Heaven âĢ Ļ s  sake ,  the  man  used  to  sit  and  logically  discuss  with  me  the  reasons  I  should  pick  up  my  toys  when  I  was  3  years  old .  If  there âĢ Ļ s  anything  my  dad  is  not ,  it âĢ Ļ s  over bearing  and"
muslim,12249," urged  the  young  man  to  talk  more  and  he  actually  did ...  Then  he  was  encouraged  to  talk  less ! 
 
 J OSH  D UG AN 
 
 Son  of  Que an be yan  g rog  monster ,  ` Dave  Dug an âĢ Ļ .  Dave  recently  went  to  give  blood  and  when  they  drew  it  out ,  it  formed  a  head"
muslim,12249," for  the  boxes  of  new  books  that  had  just  been  delivered .  How  he  pulled  it  off  so  quickly ,  I  will  never  know ,  but  I  marvel ed  as  I  saw  the  covers  of  The  Hobbit ,  D âĢ Ļ A ula ire âĢ Ļ s  Greek  My ths ,  Twenty  Thousand  Le agues  Under  the  Sea ,  Oliver  Twist ,  and"
muslim,12249,",  Oxford shire ,  on  July  18 ,  2003 
 
 âĢ ĺ This  is  particularly  relevant  as  it  was  noted  no  gloves  were  found  on  the  body  or  in  its  vicinity . âĢ Ļ 
 
 The  doctors  have  also  alleged  that  Dr  Kelly âĢ Ļ s  GP ,  Dr  Malcolm  Warner ,  may  have  concealed  crucial  evidence  about  seeing  the  weapon"
muslim,12249,",  trim  the  number  of  fighter  aircraft  and  ships ,  and  seek  congressional  approval  for  another  round  of  military  base  closures . 
 
 The  administration  will  instead  spend  more  on  unmanned  vehicles  and  Special  Operations  forces  that  can  be  deployed  quickly  and  will  not  require  large ,  expensive  bases .  The  military  will  also  largely  preserve  its  manpower  and  weapons  systems  geared"
muslim,12249," through  the  head . 
 
 Sunday ,  May  21 
 
 After  sent ry  duty ,  we  passed  Major  Jones ,  second - in - command  of  the  battalion ,  as  we  crept  back  to  the  dug out .  Ten  minutes  later ,  he  was  being  dug  out  of  about  3 ft  of  earth . 
 
 He âĢ Ļ d  gone"
muslim,12249," up  close  to  large  trees ,  st umps  or  lay  downs  and  allow  it  fall  slowly  beside  the  cover .  Watch  your  line  closely .  Often  this  time  of  the  year ,  the  big  fish  are  suspended  off  of  the  bottom .  They  can  pick  up  your  bait  and  be  swimming  off  with  it ,  and  you 'll  never  know  it  if  you"
muslim,12249," in  2006 ,  Richard  Lynn  and  Tat u  Van han en  created  estimates  of  average  IQ s  for  113  nations .  They  estimated  IQ s  of  79  other  nations  based  on  neighboring  nations  or  via  other  means .  They  saw  a  consistent  correlation  between  national  development  and  national  IQ  averages .  They  found  the  highest  national  IQ s  among  Western  and  East  Asian"
muslim,12249," by  religious  proponents ,  followed  by  an  imp assion ed  but  thoughtful  argument  for  the  dominance  of  secular ism ,  plural ism ,  and  skepticism .  Chapter  seventeen  counters  what  Hit chens  calls  âĢ ľ the  last - d itch  âĢ ľ case âĢ Ŀ  against  secular ism âĢ Ŀ ,  which  states :  as  bad  as  religiously  oriented  societies  have  been ,"
muslim,12249,"ley  played  the  past  two  seasons  at  UCLA  with  the  injured  shoulder . 
 
 âĢ ľ So ,  now  that  it âĢ Ļ  fit  I  feel  like  I  can  just  throw  it  all  over  the  place , âĢ Ŀ  McKin ley  said .  âĢ ľ Before  it  wasn âĢ Ļ t  fit ,  I  was  being  real  careful  and  real  hesitate ."
muslim,12249," and  Frank ,  and  their  strange  relationship  with  each  other ,  in  a  different  light . 
 
 Advertisement 
 
 D aredevil  vs .  Pun isher :  Means  &  Ends 
 
 Iss ues :  Daredevil  vs .  Pun isher  # 1 - 6 ,  2005 / 2006 
 
 By :  David  Lap ham ,  Studio  F ,  Chris  El iop"
muslim,12249,"na  Williams . 
 
 AG :  Did  you  ever  have  body  image  issues ? 
 
 RR :  Huge  body  image  issues  growing  up .  Big  time !  I  absolutely  lo athed  how  I  looked  until  I  was  around  22  years  old . 
 
 AG :  What  happened  at  22  that  changed  that  trajectory ? 
 
 RR :  I  stopped"
muslim,12249," in  New  York ,  Connecticut  and  New  Jersey . 
 
 Count ies  that  surround  New  York  City  in  those  three  states  account  for  18  of  the  20  highest - tax ed  counties  in  the  nation ,  according  to  a  State line  analysis  of  the  U . S .  Census âĢ Ļ  2013  American  Community  Survey  data ,  which  is  the  latest  available"
muslim,12249," issues  since  the  protest ,  dec ried  the  cost  of  the  added  security  to  taxpayers . 
 
 âĢ ľ The  costs  of  these  excessive  security  measures  are  still  being  incurred  and  remain  in  clear  violation  of  a  court  order , âĢ Ŀ  R iss er  said .  âĢ ľ The  protests  that  occurred  this  spring  were  peaceful .  It  is  unnecessary  to"
muslim,12249," after  a  few  days .  This  demonstration  extended  Louis  Paste ur 's  earlier  demonstrations  that  the  presence  of  micro - organisms  is  a  prec ond ition  for  biomass  decom position .  However ,  the  next  year  ( 18 76 )  Ty nd all  failed  to  consistently  reproduce  the  result .  Some  of  his  supposedly  heat - ster il ized  bro ths  ro tted"
muslim,12249," and  hurting  his  head .  He  lay  there  for  a  moment ,  rubbing  his  scalp ,  which  was  bleeding  prof use ly  in  the  way  that  minor  head  wounds  sometimes  did .  Thomas  let  out  a  gro an  and  moved  slowly .  When  he  looked  up ,  he  saw  his  cat ,  Bart le by ,  staring  at  him .  From  the  floor"
muslim,12249," the  FBI ,  the  DOJ ,  the  Congress ,  on  and  on  and  on ,""  said  Clarke ,  adding  that  the  only  way  it  will  change  is  through  the  ballot  box . 
 
 "" I  believe  that  the  American  people  are  finally  going  to  have  to  rise  up .  It  is  ' p itch fork  and  torches '  time ,  to  use"
muslim,12249," to  marvel  at  the  way  Ambrose ,  the  bishop  of  Milan ,  read  his  manuscripts :  "" His  eyes  traveled  across  the  pages  and  his  heart  searched  out  the  meaning ,  but  his  voice  and  tongue  stayed  still .""  Scholars  have  spar red  for  decades  over  whether  Augustine 's  off hand  observation  reveals  something  moment ous :  namely ,  that  silent  reading --"
muslim,12249," is  the  45 th  mass  shooting  this  year ,  if  defined  as  an  event  at  which  four  or  more  people  were  killed .  If  defined  as  an  event  at  which  four  or  more  people  were  shot ,  it 's  the  294 th . NES  has  signed  a  new  contract  with  Rem ont owa  Ship building ,  G d ansk  for  the  delivery  of"
muslim,12249," a  highly  ambitious  deal , âĢ Ŀ  EU  Trade  Commissioner  Cec ilia  Mal m strom  told  a  forum  in  Brussels  alongside  Mexican  Economy  Minister  I ld ef onso  Gu aj ardo .  âĢ ľ I  will  ask  for  a  mandate  to  launch  negotiations  this  fall , âĢ Ŀ  she  said . 
 
 EU  officials  are  expected  to  discuss  the  timing  of  talks"
muslim,12249," basketball  clothes .  Nothing  even  in  our  pockets ,""  he  said . 
 
 "" My  dad  was  angry  about  the  situation  –  to  be  dis respected  in  front  of  his  children ,""  Aman  said . 
 
 In  the  heated  exchange  that  followed ,  the  officer  drew  his  gun  and  threatened  his  dad ,  Aman  said . 
 
 Now ,  Aman"
muslim,12249,"]  It  was  stated  through  the  Pony Radio Con  panel  that  the  film  would  have  a  total  of  eight  original  songs .[ 30 ]  At  Has bro 's  Toy  Fair  investor  presentation  on  February  17 ,  2017 ,  it  was  announced  that  there  would  be  seven  songs .[ 48 ]  Around  5 , 800  pages  of  sheet  music  were  created  for  all  orche"
muslim,12249," Through  a  number  of  lineup  changes ,  the  Red  Hot  Chili  Pe ppers  had  released  multiple  compilation  or  greatest  hits  albums  prior  to  Fr us ci ante 's  return ;  Fr us ci ante  pushed  for  the  group  to  change  their  "" f unk - punk ""  sound  and  become  more  of  a  "" m ellow - pro gressive  rock  act ""  for"
muslim,12249," what  Bernie  Sanders  talked  about . âĢ Ŀ 
 
 Jo ining  Stein  at  the  rally  was  rapper  Kor  Element ,  who  said  he  started  supporting  her  after  Sanders  lost  the  Democratic  Party  nomination  to  Clinton . 
 
 He âĢ Ļ s  been  campaigning  with  Stein  across  Southern  California  and  said  he  supports  her  progressive  ideas . 
 
 —  No oz"
muslim,12249," attracting  pilgrims  from  India ,  and  the  world . 
 
 H ind us  who  visit  Var anas i  have  strong  beliefs ,  so  do  Buddh ists  who  visit  S arn ath  on  the  outskirts  of  the  city .  Hindu  devote es  believe  that  anyone  who  dies  within  the  city  limits  att ains  instant  m ok sha ,  or  redemption ,  freeing  the"
muslim,12249," flows  into  the  K ask aw ul sh  River  instead . 
 
 This  phenomenon ,  known  as  "" river  piracy "",  typically  takes  centuries  but  the  study  documented  it  over  the  course  of  one  spring . 
 
 "" Nobody 's  ever  seen  a  river  piracy  occur  in  modern  times ,  at  least  to  my  knowledge ,""  lead  author  Dan  Sh ugar"
muslim,12249," country  and  over  the  course  of  16  years ,  this  research  estimates  minimum - wage  effects  from  a  larger  sample  than  earlier  matching  studies ,  and  produces  estimates  that  are  more  representative  of  the  typical  response  to  a  minimum - wage  increase  and  not  the  special  circumstances  of  a  particular  local  labor  market . 
 
 D ube  and  his  colleagues  consistently  find"
muslim,12249," don âĢ Ļ t  need  you  to  speak  for  them . 
 
 In  an  essay  about  the  rise  of  the  âĢ ľ Not  All  Men âĢ Ŀ  meme ,  Time âĢ ĺ s  Jess  Zimmerman  wrote  of  the  stages  men  must  go  through  to  overcome  sexism .  Her  insights  can  be  applied  to  other  forms  of  discrimination  by  those  in  privileged  positions"
muslim,12249," growing . 
 
 The  World  Bank  warned  in  2016  that  "" arre ars  in  payments  to  oil  companies  and  contractors  create  an  uncertain  business  environment "". 
 
 H us ari  said  the  crisis  is  much  more  severe  than  the  Kurdistan  government  admits . 
 
 "" The  obvious  ' yes '  result  of  the  referendum  will  not  lead  automatically  to  a"
muslim,12249,"âĢİ âĢ Ŀ .  These  social  media  include  Facebook ,  YouTube ,  Twitter ,  and  Instagram .  After  the  exact  location  of  the  incident  was  found ,  the  coordinates  have  been  used  to  conduct  location - based  searches  in  a  2 - km  radius  on  those  same  social  networks .  Reference  photos  have  been  found  via  ge ot agged  pictures  on  Pan or"
muslim,12249," O ' G ara  offered  a  strong  defence  of  his  Racing  players ,  saying  that  it  was  a  "" s ad  state  of  affairs ""  that  his  players  were  attacked  based  on  such  little  information : 
 
 I 've  been  in  the  meetings  and  I 'm  fully  aware  of  exactly  what 's  gone  on .  There 's  60 - 80  of  these"
muslim,12249," compile  a  list  of  managers  who  could  be  "" in  trouble ,""  it  wouldn 't  be  confined  to  the  10  men  in  this  group .  The  odd sm akers  at  B ov ada  LV  just  published  their  "" First  Manager  to  Get  Fired ""  odds .  And  while  Manuel  topped  the  charts  at  4 - 1 ,  five  of  the  other  10  names"
muslim,12249," 4  in  the  journal  Opt ica .  Lead  author  of  the  paper  is  J ih wan  Kim ,  a  research  assistant  professor  of  electrical  and  computer  engineering  at  NC  State .  Co - authors  include  Michael  K uden ov  of  NC  State ;  Yan ming  Li ,  a  former  Ph . D .  student  at  NC  State  who  is  now  at  Apple  Inc"
muslim,12249," Pegasus ,  a  symbol  of  wisdom  and  knowledge  in  Greek  mythology .  In  addition  to  these  two  tenets ,  the  company  mirrors  the  wing ed  horse  in  another  significant  respect :  both  entities  have  taken  part  in  a  series  of  epic  journeys . 
 
 AS US  notebooks  have  lived  on  the  M IR  Space  Station .  They  were  the  first  to  work"
muslim,12249," murders  of  a  former  Punjab  CM  and  Raj iv  Gandhi ,  were  put  off  based  on  political  pressures  from  the  states  concerned .  This  shows  that  the  purpose  of  the  hang ings  of  Kas ab  and  Guru  was  to  show  up  Modi ,  and  not  justice .  However ,  most  leaders  of  the  Congress  claimed  they  were  against  capital  punishment  once  these  two"
muslim,12249," for  determining  what  would  have  happened  in  New  Jersey  if  the  minimum  wage  had  remained  constant .  Dev iation  from  that  baseline  in  the  New  Jersey  restaurants  could  thus  be  safely  attributed  to  the  minimum  wage .  A  true  experimental  design  would  have  randomly  assigned  increases  in  the  minimum  wage  in  order  to  control  for  alternative  influences ,  but  in  the  absence  of"
muslim,12249,"s  just  things  like  that  that  let  me  know  ( he âĢ Ļ s  there )."" 
 
 Sunday  marked  the  one - year  since  20 - year - old  Austin  Bryant  was  shot  and  killed  by  the  intersection  of  Military  Trail  and  P urdy  Lane  near  Flash d ance ,  according  to  the  Palm  Beach  County  Sheriff âĢ Ļ s  Office ."
muslim,12249," They  were  promised  land  and  told  to  help  themselves  to  farm  plots  close  to  Har are ,  according  to  McK innon . 
 
 He  was  violently  attacked  for  hours ,  says  McK innon . 
 
 "" They  wouldn 't  let  me  go âĢ¦  they  wanted  me  to  sign  over  a  piece  of  paper  saying  that  I  allowed  them  to  have  a"
muslim,13903,".  The  Falcon  9  rocket  successfully  delivered  two  satellites  to  orbit ,  however  when  it  returned  to  Earth  everything  did  not  go  exactly  to  plan .  The  live  video  feed  cut  out  so  we  weren 't  sure  exactly  what  happened ,  but  now  Elon  Musk  has  tweeted  video  from  afar  showing  the  landing  process .  According  to  Musk ,  one  of  the  engines"
muslim,13903," Kos ov its a  G  T oli  E  Li ak os  A  Personality  and  psychopath ology  in  patients  with  primary  S j og ren âĢ Ļ s  syndrome  ,  Ter  Ark h  ,  1988  ,  vol .  60  ( pg .  49  -  52  )  ,  vol .( pg .  3  D ros os  AA  Angel opoulos  NV  Li ak os  A  M"
muslim,13903," sure  it  was  correct .  The  escort  service  ads  came  up  again . 
 
 Roberts on  called  Thomas  Mars ,  an  attorney  who  is  representing  former  Ole  Miss  coach  Houston  Nut t  in  his  defamation  lawsuit  against  Ole  Miss .  Mars  had  been  introduced  to  Robertson  through  a  third  party  he  found  while  doing  online  research  into  Nut t 's  case ."
muslim,13903," of  a  diagnostic  interview  and  a  diagnosis  according  to  the  current  psychiatric  diagnostic  system .  The  absence  of  imaging  data  of  the  CNS  cannot  exclude  the  possibility  that  our  findings  may  be  attributed  to  p SS - related  CNS  involvement . 
 
 In  conclusion ,  p SS  patients  present  a  wide  range  of  major  psychopath ological  features  mainly  determined  by  prem or"
muslim,13903," this  optimization .  The  way  it  works  is  that  memory  which  is  allocated  once  on  startup  is  deemed  to  be  permanently  allocated .  Similarly ,  memory  which  is  allocated  once  for  a  new  game  level  is  deemed  to  be  permanently  allocated .  Memory  which  is  dynamically  allocated  and  freed  in  a  arbitrary  or  out - of - order  way  is  deemed  to  be"
muslim,13903,"oner  ( L ans down e / Le in ster ),  Paul  O âĢ Ļ Connell  ( Young  Mun ster )  ( capt ),  Peter  O âĢ Ļ Mah ony  ( C ork  Constitution / M un ster ),  Sean  O âĢ Ļ Brien  ( U CD / Le in ster ),  Jamie  He as lip  ( Dub lin  University / Le in"
muslim,13903," massage  par lor ,  saying  she  found  the  officer âĢ Ļ s  behavior  âĢ ľ just  disgusting . âĢ Ŀ  Mori arity  sent  the  case  to  City  Attorney  Susan  Se gal  and  asked  for  a  dismissal ,  but  Se gal  declined . 
 
 On  the  recording ,  after  nearly  30  minutes  of  small  talk  about  tattoos ,  the  weather  and  his  broken"
muslim,13903," opportunities  in  the  area  of  small  satellites ,  consumer  electronics  in  space  and  space  tourism . 
 
 This  is  to  the  advantage  of  high  tech  countries  with  less  of  an  established  space  industry ,  as  this  market  will  depend  less  on  established  infrastructure  and  businesses ,  and  more  on  innovation  and  technology  transfer . 
 
 But  failure  to  engage  with  this"
muslim,13903, when  they  get  in  the  way  of  public - policy  objectives . âĢ Ŀ  I  hope  I âĢ Ļ ve  made  it  clear  why  this  is  not  an  accurate  description  of  my  position .  I âĢ Ļ d  group  churches  and  nonprofit  organizations — just  not  businesses — with  individuals .  The  history  I  keep  flashing  back  to  is  the  sit - ins
muslim,13903," are  typically  associated  with  having  a  specific  religious  belief ,  which  would  fit  poorly  with  the  range  of  religious  positions  ( or  lack  thereof )  of  the  playable  races . 
 
 With  that  said ,  the  term  âĢ ĺ guard ian âĢ Ļ  has  made  for  a  fair  label .  It  may  not  be  as  ev ocative  as  terms  like  âĢ ĺ"
muslim,13903,"il  gul  gh ya ,  god ,  god  b ola ,'  ( Have  til g ul ,  talk  sweet ly )  the  traditional  greeting  on  Mak ar  S ank rant ,  at  Mal ad  on  Friday .  While  his  speech  saw  a  huge  crowd ,  it  seems  some  had  gathered  because  they  had  allegedly  been  sweet - talk ed  into  attending  and  given"
muslim,13903," by  default  ( ss hd ,  proxy  (  / bin / tiny proxy  - c  / var / t proxy . conf  ),  tcp dump  ... ),  I  advise  users  to  trash  their  routers  because  it 's  trivial  for  an  attacker  to  use  this  router  as  an  attack  vector  ( ie :  hosting  a  sniff ing  tool ,  LAN  hacking ,  active  Mi"
muslim,13903," Children 's  Memorial  Hospital . 
 
 Check  out  the  shining  moments  from  Fl ipper  Bowl  II ! 
 
 Return ing  Teams  ... remember  where  you  finished  last  year ? This  article  is  about  the  light  machine  gun .  For  the  semi - automatic  hunting  rifle ,  see  Brown ing  BAR 
 
 The  Brown ing  Automatic  Rifle  ( B AR )"
muslim,13903," capacity ,  reviewing  and  discussing  work  done  by  my  staff ,  or  sitting  in  meetings ,  planning  for  upcoming  enhancements  to  the  site  and  how  design  can  make  them  happen .  The  way  I  usually  put  it  is  that  my  job  as  design  director  isn 't  actually  to  do  great  design ,  but  rather  to  help  create  and  sustain  the  conditions  under  which"
muslim,13903," 26 . 
 
 With  the  res ounding  success  of  the  j all ik att u  saga  in  neighbouring  Tamil  Nadu ,  it  is  now  the  turn  of  And hra  Pradesh  to  follow  suit .  Only  this  time ,  the  purpose  is  to  ensure  that  the  Centre  acc ords  âĢ ĺ special  status âĢ Ļ  to  the  state . 
 
 Several  Whats"
muslim,13903," the  death  of  Sarah  Gu ill ot - Guy ard ,  the  Cir que  du  Sole il  performer  who  fell  94  feet  during  the  clim actic  scene  of  Ka  on  June  29  and  later  died .  OS HA  determined  that  accident  happened  when  the  wire  rope  she  was  suspended  from  broke .  According  to  the  report ,  the  wire  rope  âĢ ľ was"
muslim,13903," wisdom  of  our  weight lifting  fore father s  before  they  passed  away . 
 
 Anyway  these  are  the  result  of  some  mental  exped itions  that  I  took  while  attending  this  year âĢ Ļ s  A O . "" D uku ""  redirect s  here .  For  the  malware ,  see  Du qu 
 
 L ans ium  parasitic um  Lan z ones"
muslim,13903,"O . P  repeatedly  r apped  âĢ ľ b itch âĢ Ŀ  despite  his  line  only  requiring  him  to  say  it  once .  And  at  the  end ,  G - Dragon  introduced  the  final  song  as  âĢ ľ F ANT AST IC  M OTHER F UCK ING  B AB Y . âĢ Ŀ 
 
 Of  course ,  there  are  more  moments  that"
muslim,13903," coefficients ;  an  alternative  is  to  group  any  complex  poles  in  conj ug ate  pairs  and  use  a  block - di agonal  \(  A  \ )  matrix  with  block  elements  that  are  either  1 x 1  for  real  poles ,  or  2 x 2  of  the  form  \(  \ begin { b mat rix } - \ s igma & \ ome ga"
muslim,13903,"t  mean  simply  wrapping  the  application  in  a  Web View  and  shipping .  For  performance  reasons ,  and  since  the  canvas  API  is  easily  reprodu cible  on  these  platforms ,  all  rendering  will  use  the  native  rendering  pipeline  on  those  platforms .  This  is  the  result  of  not  having  any  DOM  to  worry  about ,  all  you  need  is  a  JS  engine ,"
muslim,13903,",  that  he  believes  McCoy  will  come  in  as  the  team âĢ Ļ s  starting  QB  next  season .  Car ucci  told  us  that  the  Browns  scouting  department  has  done  such  a  bang - up  job  on  the  defensive  side  of  the  ball  ( draft ing  four  defensive  starters  in  the  last  two  drafts )  that  he  believed  2012  would  be  the  year"
muslim,13903," these  initial  appearances  let  on ; ""[ 80 ]  In  2013 ,  he  was  named  runner - up  to  K rat os  as  the  "" most  bad - ass ""  video  game  character  by  The  Ultimate  Gamer .[ 81 ]  Scorpion  was  voted  the  series '  greatest  character  in  a  2013  fan  poll  hosted  by  D ork ly ,[ 82 ]  and  finished"
muslim,13903,"/ Getty  Images 
 
 Jeff  Car val ho ,  executive  editor  at  High sn ob iety  and  Select ism ,  says  one  way  they âĢ Ļ re  trying  to  differentiate  themselves  from  the  glut  of  sites  out  there  is  by  cultivating  a  unique  perspective  and  original  voice ,  something  he  originally  avoided  when  he  started  at  Select ism  in  2007 . 
"
muslim,13903," and  inequality .  Without  strong  institutions ,  the  people  come  to  rely  more  on  their  z a âĢ Ļ ims ,  and  are  coerced  into  favoring  privatization  ( which  serves  the  z ai âĢ Ļ ms  and  their  inner  circle )  over  rest orative  public  policies .  This  is  turn  feeds  the  cycle  of  power lessness  and  separat eness . 
 
 On"
muslim,13903," demand  —  and  receive  —  a  new  entry  gate  for  their  convenience . 
 
 The  courts hip  is  not  subtle :  Mark  Sok ol ich ,  the  Democratic  mayor  of  Fort  Lee ,  later  recounts  that  when  Wild stein  offered  his  family  a  tour ,  he  repeatedly  referred  to  Sok ol ich  as  âĢ ľ the  one  I  was  told  to  be"
muslim,13903," latest  franchise - based  sporting  competition  in  India ,  following  the  Indian  Premier  League ,  Indian  Super  League  and  Premier  Bad m inton  League . Fans  who  can 't  make  it  to  University  of  Phoenix  Stadium  for  2014  Arizona  Cardinals  Training  Camp  presented  by  Hyundai  can  follow  the  team 's  practice  on  Tuesday ,  July  29  on  NFL  Network 's  Inside  Training  Camp"
muslim,13903," to  die  like  that .  No  one ,""  she  said .  "" Someone  knows  who  did  this .  They  need  to  come  forward ."" 
 
 For  Austin âĢ Ļ s  mother ,  Krist ina  Bryant ,  there âĢ Ļ s  still  a  lot  of  pain . 
 
 She  misses  her  son âĢ Ļ s  calls  during  they  day  and  still  waits"
muslim,13903," is  also  pretty  damn  good  in  his  own  right .  Hudson  can  help  us  fix  a  vast ,  gaping  hole  at  linebacker  that  last  saw  Nik o  K out ou v ides  and  L andon  Johnson  as  dominant  players  a  decade  ago .  Since  they  left  Purdue  had  has  a  revolving  door  of  decent ,  but  not  great  linebackers  and  the  overall  defensive"
muslim,13903,",  the  Paris - based  Italian  cout ur ier  and  Chan el âĢ Ļ s  nem esis ,  was  most  closely  associated  with  this  movement  and  she  aligned  herself  with  artists  like  Jean  Co ct e au  and  Marcel  Vert Ã¨ s .  Sur real ism  made  its  way  into  V ogue ,  too .  Not  only  did  Dal ÃŃ  become  a  frequent"
muslim,13903," say  the  deck  is  stacked  against  average  Americans .  She  said  Tuesday  in  Iowa  that  she  wants  to  âĢ ľ resh uffle âĢ Ŀ  that  deck .  No  doubt  that  is  a  genuine  belief  from  a  Democratic  politician  looking  at  the  state  of  the  economy  and  comes  with  a  conviction  that  public  policies  can  and  should  be  geared  to  alleviate  the  imbalance ,"
muslim,13903," to  some  things  that  I  wouldn âĢ Ļ t  have  maybe  been  able  to  do  otherwise . 
 
 P aste :  So  Mind  MG MT .  has  Mer u  and  Dept .  H .  has  another  two - cons on ant  M - name  female  journalist — M ia .  Are  the  works  in  dialogue  within  one  another ?  Or  is  this"
muslim,13903," s Ã© ries  Vintage  Bright 
 
 âĢ¢  X SR  s Ã© ries 
 
 âĢ¢  Art isan  S Ã© ries The  D NI  report  was  more  about  slamming  RT  ( Russia  Today )  propaganda  than  it  was  about  proving  the  Russians  hacked .  The  report  doesn âĢ Ļ t  put  much  emphasis  on  Russians  hacking  elections ,  it  focuses  on  Russians  âĢ"
muslim,13903," than  conservatives .  However ,  it  may  be  that  liberals  are  not  more  complex  in  general  ,  but  rather  only  more  complex  on  certain  topic  domains  ( while  conservatives  are  more  complex  in  other  domains ).  Four  studies  ( com pr ised  of  over  2 , 500  participants )  evaluated  this  idea .  Study  1  involves  the  domain  specificity  of  a  self âĢĲ"
muslim,13903," to  mind  the  earlier  works  of  Reg is ,  it 's  un character istically  dark  for  R rose . What :  Oz om at li  –  San  Diego  Symphony 
 
 When :  Sunday  August  24 ,  2014 
 
 Where :  Emb arc ad ero  Marina  Park  South ,  San  Diego 
 
 Description :  By  combining  hip - hop ,  salsa"
muslim,13903," trying  to  distract  us ,  as  opposed  to  getting  himself  distracted  to  an  alarming  degree ,  how  much  more  important  is  it  to  explain ,  for  example ,  that  âĢ ľ Trump  takes  to  Twitter  to  distract  from  secretary  of  state  paralysis âĢ Ŀ ?  ( But  unless  someone  is  priv y  to  the  inner  thoughts  of  Trump ,  we  really  do  not"
muslim,13903," to  find  her ? âĢ Ŀ  asked  Fl icker . 
 
 J ourney man  met  her  eyes ,  then  looked  down .  "" I  looked  around  a  bit ,  in  the  abandoned  buildings  nearby  where  she âĢ Ļ d  been  living .  Most  of  the  stuff  I âĢ Ļ d  brought  her  was  still  there ,  but  there  were  some  clothes  and"
muslim,13903,"âĢ ľ No  fre eman  may  be  taken  or  imprisoned  or  be  disse ized  of  his  free hold  or  liberties ,  or  his  free  customs ,  or  be  outlawed  or  exiled ,  or  in  any  manner  destroyed ,  but  by  the  lawful  judgement  of  his  peers ,  or  by  the  law  of  the  land . âĢ Ŀ 
 
 These  words  were  first"
muslim,13903," Reg ards  Ni els 
 
 Jo ining  Emb arc ad ero  as  Del phi  Product  Manager  Cong rat ulation  Marco ,  this  a  big  gain  for  the  whole  Del phi  community  and  gives  me  more  confidence  in  the  future  of  Del phi !  ; -)  Reg ards  Ni els 
 
 Jo ining  Emb arc ad ero  as  Del phi  Product  Manager"
muslim,13903," Person  A  scores  higher  than  Person  B ,  we  can  feel  more  confident  that  the  output  of  Person  A  is  indeed  more  complex  than  Person  B  on  that  domain .  Thus ,  this  provides  a  more  direct  marker  of  the  outcome  of  interest — complex ity — than  do  more  indirect  measurements  of  a  self âĢĲ reported  motive  that  is  expected  to  be"
muslim,13903," amongst  Belgian  college  students  with  three  measurements  of  complexity ,  and  none  of  the  measurements  was  statistically  significant .  Further ,  in  Soviet  Russia ,  leftist  communist  leaders  were  less  integ r atively  complex  than  capital istic  reform ers  who  had  a  more  conservative  ideology  ( T et lock  &  Bo ett ger ,  1989 ).  Quite  a  bit  of  research  on  Canadian"
muslim,13903," S  J ons son  R  ,  et  al .  Classification  criteria  for  S j og ren âĢ Ļ s  syndrome :  a  revised  version  of  the  European  criteria  proposed  by  the  American - European  Cons ensus  Group  ,  Ann  R he um  Dis  ,  2002  ,  vol .  61  ( pg .  5 54  -  8  )  ,  vol .( pg .  28"
muslim,13903," tyres  up  and  down  Arthur âĢ Ļ s  Seat  in  Edinburgh  –  my  employer  was  very  understanding . 
 
 L unch  would  be  a  whole  chicken  followed  by  a  pint  of  cream  down  in  one .  The  best  time  of  day  would  be  3 pm  when  I âĢ Ļ d  eat  a  whole  cake  or  a  couple  of  packets  of  biscuits ."
muslim,13903,"âĢ Ŀ  are  allegedly  derived  not  from  academic  training ,  but  instead  primarily  from  lived  experience .)  To  âĢ ľ âĢ Ļ spl ain âĢ Ŀ  is  âĢ ľ to  explain  or  comment  on  something  in  a  condesc ending ,  over conf ident ,  and  often  inaccurate  or  overs impl ified  manner ,  from  the  perspective  of  the  group  one  identifies  with ."
muslim,13903," wanted  to  restore  the  whole  patient  to  scientific  papers ,  and  leave  aside  the  abstract ions ,  and  even ,  he  confessed ,  the  description  of  personality  with  statistics .  Can  we  human  beings  be  understood  solely  in  terms  of  our  elements ,  our  molecules ,  atoms ,  our  parts ,  our  circuits ,  our  reflex es ,  even  our  behaviours ?  Or"
muslim,13903," picks  up  Wild stein  and  takes  him  on  a  drive  to  observe  the  traffic .  Then  they  go  to  a  diner ,  where  they  have  breakfast  and  discuss  Christie âĢ Ļ s  presidential  hopes . 
 
 The  first  day  of  the  traffic  pile up . 
 
 All  right ,  so  now  it âĢ Ļ s  September  11 ,  the  most  solemn"
muslim,15683," much  of  Canada 's  population . 
 
 Canada  covers  9 , 98 4 , 670  km 2  ( 3 , 855 , 100  sq  mi )  and  a  pan op ly  of  various  ge oc lim atic  regions .  There  are  8  main  regions .[ 28 ]  Canada  also  encompasses  vast  maritime  terrain ,  with  the  world 's  longest  coastline  of  243"
muslim,15683," does  Tall ie  do ?  Essentially ,  if  the  Corp  plays  Sub lim inal  Mess aging ,  she  gives  them  a  Bad  Public ity  but  tags  you .  If  the  corp  plays  a  damaging  event  like  Scor ched  Earth  or  Neural  EMP ,  she  gives  them  a  Bad  Public ity  but  tags  you ,  and  also  allows  you  to  trash  her  afterwards  in"
muslim,15683," or  Wh izzard  tag me  denial  deck  with  S iph on ,  V amp ,  Pl asc rete ,  Joshua  B ,  Data  Le ak  Re vers al ,  etc .  She  helps  counter  those  Sub lim inal  Mess ag ings  that  can  help  the  corp  get  money . 
 
 In  Tag - me  Anarch ,  it âĢ Ļ s  probably  a"
muslim,15683," them  and  the  Oath  Keep ers  in  his  tweets .  For  someone  who  isn âĢ Ļ t  organizing  a  fascist  march ,  he  sure  wants  all  the  fascists  to  know  about  it . 
 
 Black  wants  his  fascist  cake  and  eat  it  too . 
 
 The  Berkeley  College  Republicans ,  everyone âĢ Ļ s  favorite  concentration  of  truly  ban al  evil"
muslim,15683," music  since  his  first  release .  And  what  a  first  release :  still  r ins ed  by  the  biggest  DJ âĢ Ļ s  in  the  scene ,  G ed de on / Face  Melt  remains  a  classic  12 âĢ³  that  will  batter  the  best  of  sound  systems  and  leave  the  dance  floor  well  and  truly  slain . 
 
 What âĢ Ļ s"
muslim,15683,". 
 
 Edit :  Ra ised  my  rating  a  bit  after  some  initial  results ,  it  looks  reasonable  as  a  Mel ange  replacement  in  We y land . 
 
 Sub lim inal  Mess aging : 
 
 Un certain ty :  Moderate / High . 
 
 Ex pected  Power :  4 / 5 
 
 Similar  Cards :  None ."
muslim,15683," run .  Any  time  this  happens ,  you  get  a  free  credit .  If  this  happens  at  least  ON CE ,  then  Sub lim inal  has  given  you  $ 2  without  a  click ,  making  it  at  least  as  good  as  a  Bean st alk .  Once  it  happens  TW ICE ,  the  Sub lim inal  is  worth  $ 3  without  spending  a"
muslim,15683," mean  that  drinking  them  is  a  good  idea . 
 
 Is  the  scientific  evidence  to  support  these  claims ? 
 
 Every  once  in  a  great  while ,  a  truly  extraordinary  claim  turns  out  to  be  true ,  but  we  need  some  really  solid  evidence  before  concluding  that  it  is  true .  So ,  are  the  claims  of  M MS  pedd lers"
muslim,15683," mean  that  drinking  them  is  a  good  idea . 
 
 Is  the  scientific  evidence  to  support  these  claims ? 
 
 Every  once  in  a  great  while ,  a  truly  extraordinary  claim  turns  out  to  be  true ,  but  we  need  some  really  solid  evidence  before  concluding  that  it  is  true .  So ,  are  the  claims  of  M MS  pedd lers"
muslim,15683,",  thus  allowing  the  banks  to  promptly  turn  around  and  start  selling  more  expensive  equity  ( soon  coming  to  a  prospect us  near  you ),  also  funded  by  taxpayers '  money  flows  into  the  market .  If  the  administration  is  truly  aware  of  all  these  events  ( and  if  Zero  Hedge  knows  about  it ,  it  is  safe  to  say  Tim  Ge ith"
muslim,15683,"B isexual ity  is  the  tendency  to  be  sexually  attracted  to  both  men  and  women .  To  some ,  this  may  sound  like  a  superpower  doubling  one 's  romantic  options  ( and  odds ).  But  in  real  life ,  bisexual ity  can  be  an  awkward  to  have ,  creating  a  challenge  truly  fitting  in  with  either  the  âĢ ľ straight ""  or  LGBT"
muslim,15683," more  than  what  was  provided  last  year ,  which  in  turn  will  hopefully  lead  to  a  happier  ending . 
 
 Comments 
 
 comments C oding  âĹı  May  2016  The  unintended  by products  of  ref act oring  code 
 
 Whenever  I  start  on  a  large  ref act oring ,  I  need  to  justify  that  the  exercise  is  truly  worthwhile .  Am"
muslim,15683,",  the  Bad  Public ity  will  probably  be  pretty  relevant .  Big  Brother  and  Fre el ancer  also  count ,  however ,  the  corp  does  have  the  option  of  tr ashing  her  first  for  these  three  cards ,  because  if  they  are  playing  them ,  that  means  you  are  tagged . 
 
 Most ly  I  expect  Sub lim inal  Mess aging  to"
muslim,15683,",  Same er : 
 
 âĢ ľ Over  the  last  16  years ,  no  one  has  done  more  than  Jon  to  engage  people  around  the  issues  that  truly  impact  our  lives , âĢ Ŀ  said  Matt  P ohl son ,  Om aze âĢ Ļ s  co - founder ,  âĢ ľ and  it âĢ Ļ s  fitting  that  he  lever aged  his"
muslim,15683," bringing  about  the  era  of  super  PACs  and  the  further  empowerment  of  billionaire  donors  at  the  expense  of  everyone  else . 
 
 That âĢ Ļ s  an  extraordinary  statement ,  perhaps  proof  that  she  is  truly  committed  to  changing  a  system  that  has  led  to  a  dramatic  escalation  in  fundraising  and  spending ,  to  levels  unheard  of  not  long  ago ,  and"
muslim,15683," to  F  scale .[ 94 ] 
 
 Kat ie  Walsh  of  the  Los  Angeles  Times  wrote ,  "" Truth fully ,  this  film  feels  like  four  episodes  of  a  cartoon  str ung  together ,  and  there  are  times ,  especially  during  some  of  the  latter  musical  numbers ,  where  it  truly  dr ags .""  She  also  remarked  on  the  film 's  animation"
muslim,15683, this  Collector âĢ Ļ s  Edition  Blu - Ray  release  from  Sh out  Factory âĢ Ļ s  Scream  Factory  division  was  quite  a  wonderful  way  to  view  this  film  for  the  first  time  and  I  must  also  say  I  loved  it .  This  is  a  truly  fantastic  movie  and  every  aspect  of  it  is  done  right  with  that  famous  John  Carpenter  style .
muslim,15683,"—  discarded  pieces  left  unknow ingly  on  the  work bench  or  a  film  of  saw dust  hovering  over  the  entire  body  of  work .  In  order  to  make  a  ref act oring  truly  complete ,  we  need  to  go  back ,  wipe  up  our  workspace ,  and  apply  some  polish . 
 
 After  you  celebrate  the  technical  achievements  of  your  newly -"
muslim,15683," Gift .  I  have  had  some  good  success  with  it  in  an  NBN  deck  with  Celebrity  Gift ,  that  focuses  heavily  on  locking  down  centr als  to  try  and  get  this  to  rec ur . 
 
 Does  Sub lim inal  Mess aging  get  worse  as  you  add  more  of  them ? 
 
 A  tiny  bit  worse .  If  you  have  2"
muslim,15683,".  That âĢ Ļ s  basically  a  Hedge  Fund ! 
 
 So  far  I  have  been  playing  3  Sub lim inal  Mess aging  in  any  deck  I  make ,  to  try  it .  And  so  far  it  is  quite  interesting .  It  definitely  seems  best  in  J int eki ,  who  both  makes  the  runner  not  want  to  run ,  and  runs"
muslim,15683," the  corp  side ,  Wra par ound  gives  NBN  decks  3  influence  back  ( repl acing  Ice  Wall ),  Sub lim inal  Mess aging  is  really  good  for  any  deck  that  can  make  the  runner  not  want  to  run ,  and  Market  Research  helps  NBN  decks  gain  more  tag  punishment ,  without  sacrificing  deck  slots .  GR ND L  is  an  interesting  ID"
muslim,15683,"lim inal  Mess aging  again .  Given  that  you  spent  at  least  âĢ ĺ 4 âĢ Ļ  worth  of  resources  putting  her  out ,  this  might  be  reasonable  for  the  corp . 
 
 Play  the  Sub lim inal ,  taking  a  Bad  Public ity  and  tagging  you .  They  might  do  this  at  a  time  when  the  tag  would  be  very  BAD"
muslim,15683," the  Charlie  Circle :  "" I  hope  they  may  start  accepting  associate  members  from  other  countries !""  Cha plin  imperson ators  are  to  be  found  all  over  the  world ,  but  it  appears  his  spirit  is  truly  alive  and  well  in  Ad ip ur .  "" The  celebrations  will  never  cease ,""  says  60 - year - old  Mr  As w ani ,"
muslim,15683," every  aspect  of  the  transfer  sharp ,  clean  and  perfectly  touched  up ,  it  leaves  the  grain  and  mild  imperfect ions  that  I  feel  are  truly  an  important  factor  of  cinema  from  this  era  and  it  put  a  smile  on  my  face  to  see  just  how  properly  they  treated  this  transfer .  It  is  a  truly  rare  thing  for  so  much  care  and"
muslim,15683," Mickey  —  and  what  keeps  her  stumbling  backward  —  are  truly  great . 
 
 The  bad :  Love  takes  its  sweet  time  to  get  anywhere  particularly  interesting 
 
 Te levision  shows  that  assume  their  audience  will  binge - watch  several  episodes  at  once  walk  a  very  shaky  line .  On  the  one  hand ,  they  can  lean  into  a  slower ,"
muslim,15683," towards  immigrants  but  never  truly  confronts  the  policy âĢ Ļ s  substance  or  how  non - compliance  can  hurt  the  very  audience  that  sanctuary  cities  are  said  to  help . 
 
 Had  Hernandez  done  so ,  she  would  have  realized  that  sanctuary  cities  are  the  policy  equivalent  of  a  dead  end .  Nothing  moves  forward .  Not  public  safety .  Not  the"
muslim,15683," warm  extremes  is  increasing .  It  is  the  extremes  that  have  the  most  impact  on  people  and  other  life  on  the  planet . âĢ Ŀ 
 
 NASA  images  by  Robert  Sim mon ,  based  on  data  from  the  NASA  Goddard  Institute  for  Space  Studies ,  NOAA  National  Clim atic  Data  Center ,  Met  Office  Had ley  Centre / C lim atic  Research"
muslim,15683,"t . y lim (- 0 . 02 , 1 . 02 ); 
 
 For  certain  particular  combinations  of  delay / order / ste ep ness ,  we  can  come  pretty  close  to  a  Ga ussian  filter .  The  B essel  filter  of  order  \(  N  \ )  and  cutoff  frequency  \(  f _ 0  \ )  is  supposedly  the  best  approximation"
muslim,15683,"Ļ t  yet  small  enough  to  be  completely  sustainable . 
 
 Photo  credit :  CC  P asha  Kir ill ov Your  Bitcoin  transactions  The  Ultimate  Bitcoin  mixer  made  truly  anonymous .  with  an  advanced  technology .  Mix  coins 
 
 Ad vert ised  sites  are  not  endorsed  by  the  Bitcoin  Forum .  They  may  be  unsafe ,  unt rust worthy ,  or"
muslim,15683,"lim ( y lim )  ax . set _ x label (' x ')  ax . set _ yl abel (' y  =  f ( x ) ')  ax . leg end ( lab els p acing = 0 )  < mat plot lib . leg end . Legend  at  0 x 10 79 358 10 > 
 
 Incre asing  either  \("
muslim,15683,"[ 1 ] * 0 . 95  ax . text ( xt , yt ,'  (% d , % d )'  %  ( p , q ),  va =' top ',  rotation =' hor izontal '  if  at end  else  - 90 . 0 )  it  =  arg box ( num / den ,  y lim [ 0 ],  y lim [ 1"
muslim,15683," alive ,  truly  himself ,  truly  free  when  he  is  running "".  Or  stealing  loads  of  cash  from  a  Vi enn ese  bank . 
 
 Reading  this  on  mobile ?  Click  here  to  view  the  video 
 
 These  two  bi op ics  of  m aver ick  American  5000 m  runner  Steve  Pre font aine  were  released  a  year  apart  and  there"
muslim,15683," alive ,  truly  himself ,  truly  free  when  he  is  running "".  Or  stealing  loads  of  cash  from  a  Vi enn ese  bank . 
 
 Reading  this  on  mobile ?  Click  here  to  view  the  video 
 
 These  two  bi op ics  of  m aver ick  American  5000 m  runner  Steve  Pre font aine  were  released  a  year  apart  and  there"
muslim,15683," Inspired  by  Indian  myths  and  full  of  intense  combat ,  it âĢ Ļ s  this  week âĢ Ļ s  Indie  Pick . 
 
 I âĢ Ļ m  a  big  fan  of  rou gue - l ites  and  classic  dungeon  crawling .  I  picked  up  Brut al  last  year  and  still  take  time  for  the  occasional  bit  of  quest ing .  As ura"
muslim,15683," the  case  back  to  state  prosecutors . 
 
 Mr  Naval ny ,  who  organised  the  biggest  protests  since  Mr  Putin  rose  to  power  13  years  ago ,  is  accused  of  stealing  16  million  rou bles  (Â£ 335 , 000 )  from  a  timber  firm  in  K iro v  that  he  was  advising  in  2009 . 
 
 "" It 's  raw ,"
muslim,15683,"
 Tools  You âĢ Ļ ll  Need : 
 
 1  seam  r ipper  &  1  pair  of  scissors . 
 
 Seriously ,  that âĢ Ļ s  it . 
 
 Diff iculty  Level :  Easy .  Seriously ,  a  well  behaved  toddler  could  do  it . 
 
 The  bra  I  will  be  performing  this  alteration  on  is  the  Sam anta"
muslim,15683," nuclear  weapons .  And  as  new  generations  of  North  Koreans  come  of  age  in  a  nuclear  North  Korea ,  I  fear  den uclear ization  will  become  a  naÃ¯ve  dream . 
 
 Second ,  even  if  North  Korea  and  the  United  States  came  to  an  agreement ,  Kim  has  no  reason  to  think  that  an  agreement  would  stick  from  one  U . S"
muslim,15683," should  support  the  work  of  Open  Doors  International . 
 
 Thank  you .  Overall 
 
 Great  story  of  a  man  who  has  been  transformed  by  God  and  how  God  uses  an  ordinary  man  to  do  great  work  in  His  ministry .  Giving  all  of  us  hope .  Overall 
 
 A  great  example  of  listening  to  God  and  doing  what  He"
muslim,15683," level  operating  system - provided  equivalent  functionality .  As  such ,  FILE  use  is  uncommon  in  console - based  games  and  often  in  PC - based  games  as  well .  The  primary  reasons  for  this  are :  FILE - based  IO  is  inherently  blocking ,  and  games  work  best  if  IO  is  asynchronous  and  priority  and  head  proximity - driven 
 
 FILE"
muslim,15683," will  order  again  and  I  recommend  the  company .  Yes ,  I  recommend  this  product .  Ver ified  Purchase .  I  recommend  this  product . 
 
 A  very  pleasant  surprise  I  was  very  skeptical  when  I  first  ordered  this  jacket  but  I 'm  a  HUGE  fan  of  Star  Wars  and  I  had  to  take  a  chance .  Well  that  chance  paid  off"
muslim,15683,"– 22  years .[ 19 ]  Males  reach  maturity  at  five  to  six  years ,  but  generally  do  not  achieve  alpha  status  until  the  age  of  eight ,  with  the  prime  breeding  years  being  between  ages  9  and  12 .  The  longest  life  expectancy  of  a  male  northern  elephant  seal  is  approximately  14  years . 
 
 F em ales  begin  breeding  at"
muslim,17213," and  tastes  sweet  and  sour .[ 2 ][ 7 ] 
 
 L .  parasitic um  cultivation  in  Mand i  Ang in ,  Raw as  Il ir ,  cultivation  in  Mand i  Ang in ,  Raw as  Il ir ,  Mus i  Raw as 
 
 L .  domestic um  var .  aqu ae um  is  distinguished  by  its  hairy  leaves ,  as"
muslim,17213,"
 
 4 th  A  Jackson  singled  to  center ,  V  Martinez  scored ,  J  Martinez  out  at  third .  0  2 
 
 5 th  O  Inf ante  singled  to  left ,  A  Esc obar  scored ,  N  A oki  to  second .  1  2 
 
 5 th  B  Butler  doubled  to  deep  center ,  N  A oki ,  O  Inf"
muslim,17213," is  similar  in  the  Kal im ant an  provinces .  In  all  this ,  Papua  is  the  new  frontier .  With  logging  on  the  rise ,  pulp  mills  planned  and  large  areas  of  land  under  concessions ,  it  is  poised  to  go  the  way  of  Sum atra  and  Kal im ant an . 
 
 The  extent  of  forest  degradation  is  another  sign"
muslim,17213,"type  n )  {  if ( n  >  ( mp End  -  mp Begin ))  insert ( mp End ,  n  -  ( mp End  -  mp Begin ),  value _ type ());  else  erase ( mp Begin  +  n ,  mp End );  } 
 
 void  resize ( size _ type  __ new _ size )  {  resize ( __ new"
muslim,17213," rad ix _ sort  is  implemented  via  the  following  interface :  template  < ty pen ame  Random Access Iterator ,  typ ename  Extract Key ,  typ ename  Integer Type > 
 
 void  rad ix _ sort ( Random Access Iterator  first ,  Random Access Iterator  last , 
 
 Random Access Iterator  buffer ,  Extract Key  extract Key ,  Integer Type );"
muslim,17213," rad ix _ sort  is  implemented  via  the  following  interface :  template  < ty pen ame  Random Access Iterator ,  typ ename  Extract Key ,  typ ename  Integer Type > 
 
 void  rad ix _ sort ( Random Access Iterator  first ,  Random Access Iterator  last , 
 
 Random Access Iterator  buffer ,  Extract Key  extract Key ,  Integer Type );"
muslim,17213,"
 Things  start  to  look  pretty  good  when  you  get  to  the  sleeves  —  we  see  three  large  black / red  stripes  with  the  Blackhawks  standard  shoulder  logo  in  the  middle  of  them .  A  nod  to  how  that  patch  was  placed  in  the  1950 s  ( and  in  last  year âĢ Ļ s  Winter  Classic )  but  the  stripes  were  never  that"
muslim,17213,)  Team  Tre - For  30  pts  2  Michael  Re ih s  ( Den )  Team  Cult  E ner gi  18  3  Mik kel  Mort ensen  ( Den )  Team  Concord ia  Fors ik ring - R iw al  14  4  Magnus  Cort  Nielsen  ( Den )  Team  Cult  E ner gi  10  5  Michael  M Ã¸ r k Ã¸ v  ( Den
muslim,17213,_ type &  x );  iterator  begin ();  const _ iterator  begin ()  const ;  iterator  end ();  const _ iterator  end ()  const ;  reverse _ iterator  r begin ();  const _ reverse _ iterator  r begin ()  const ;  reverse _ iterator  rend ();  const _ reverse _ iterator  rend ()  const ;  reference  front ();  const _ reference  front ()
muslim,17213,"begin ning , 
 
 begin ning , 
 
 begin ning , 
 
 begin ning , 
 
 begin ning , 
 
 begin ning , 
 
 begin ning , 
 
 begin ning , 
 
 begin ning , 
 
 begin ning , 
 
 At  the  beginning ,  the  Host  was  infinite  dominion . 
 
 It"
muslim,17213,"begin ning , 
 
 begin ning , 
 
 begin ning , 
 
 begin ning , 
 
 begin ning , 
 
 begin ning , 
 
 begin ning , 
 
 begin ning , 
 
 begin ning , 
 
 begin ning , 
 
 At  the  beginning ,  the  Host  was  infinite  dominion . 
 
 It"
muslim,17213,"begin ning , 
 
 begin ning , 
 
 begin ning , 
 
 begin ning , 
 
 begin ning , 
 
 begin ning , 
 
 begin ning , 
 
 begin ning , 
 
 begin ning , 
 
 begin ning , 
 
 At  the  beginning ,  the  Host  was  infinite  dominion . 
 
 It"
muslim,17213,"begin ning , 
 
 begin ning , 
 
 begin ning , 
 
 begin ning , 
 
 begin ning , 
 
 begin ning , 
 
 begin ning , 
 
 begin ning , 
 
 begin ning , 
 
 begin ning , 
 
 At  the  beginning ,  the  Host  was  infinite  dominion . 
 
 It"
muslim,17213,"Truth  Trans missions âĢ Ŀ  and  all  unlocked  âĢ ľ Adventure âĢ Ŀ  Stretch  Goals  for  entries  into  the  Journal  of  Dr .  Dob rin . 
 
 Re ceive  all  unlocked  content  from  the  Social  Media  âĢ ľ Truth  Trans missions âĢ Ŀ  and  all  unlocked  âĢ ľ Adventure âĢ Ŀ  Stretch  Goals  for  entries  into  the  Journal  of  Dr .  Dob"
muslim,17213, experience  whatsoever  with  keeping  a  phone  from  falling  up .  The  whole  concept  of  gravity  had  been  sund ered  into  two  pieces :  the  objective  ( everything  in  the  world )  and  subjective  ( just  Thomas ).  This  would  have  been  a  pleasant  ep iphany  had  it  not  immediately  followed  his  phone  crashing  into  the  ground .  He  win ced  when  he  saw
muslim,17213," the  hearing .  Sob ot ka  switched  agents  at  least  twice  last  season ,  from  Petr  Sv ob oda  to  Stephen  Bart lett  to  another  agent  named  Petr  Sv ob oda . 
 
 Wh ichever  fancy  suit  shows  up  has  plenty  of  ammo  to  make  his  case .  And  if  the  Blues  are  lucky ,  he 'll  beat  them  silly  enough  to"
muslim,17213," we  will  leave  you  alone  should  be  a  slogan  for  the  British  state  to  forever  abide  by  because  it  is  a  basic  ten et  of  a  free  society .  The  Prime  Minister  should  remember  that  he  works  for  British  citizens  and  he  is  not  our  master . 
 
 Sadly ,  the  majority  election  win  is  being  seen  as  a  mandate  to  clamp"
muslim,17213," the  Philippines  Scientific  classification  Kingdom :  Plant ae  Cl ade :  Ang ios per ms  Cl ade :  E udic ots  Cl ade :  Ros ids  Order :  Sap ind ales  Family :  Mel i aceae  Gen us :  Lans ium  Species :  L .  parasitic um  Bin omial  name  Lans ium  parasitic um 
 
 Os beck )  Sah ni  &  Benn"
muslim,17213,"Ļ m  using  one  right  now .  It âĢ Ļ s  worked  fine  so  far ,  but  I  haven âĢ Ļ t  had  a  chance  to  play  with  it  much .  I âĢ Ļ ve  heard  adoption  estimates  from  about  a  million  all  the  way  up  to  half  a  billion .  Which  seems  a  little  extreme ,  today ,  but  I  wouldn âĢ"
muslim,17213," Oakland  movement , âĢ Ŀ  the  complaint  states .  âĢ ľ Mr .  Sab e gh i  had  participated  in  the  protect  activity ,  gone  out  to  dinner  and  was  making  his  way  home  when  he  encountered  a  police  line  blocking  his  path .  When  Mr .  Sab e gh i ,  a  veteran  of  the  war  in  Afghanistan ,  questioned  and  verbally"
muslim,17213,"ÃŃa  web ,  on  line ,  much as  de  las  aud ien ci as  cl aves .  Lo  que  dig o  me  da  p aja  referen ci ar lo  per o  est Ã¡  ah ÃŃ ,  google en  en  format os  doc  y  pdf  y  ap are cer Ã¡n  las  act as ,  to do .  Bus qu en  en  med ios  local"
muslim,17213,"7 ]  with  the  exception  of  South western  Ontario  which  has  a  hot  summer  humid  continental  climate .[ 7 ]  Parts  of  Western  Canada  have  a  semi - ar id  climate ,  and  parts  of  Vancouver  Island  can  even  be  classified  as  cool  summer  Mediterranean  climate .[ 6 ]  Temperature  extremes  in  Canada  range  from  45 . 0  Â° C  ( 113  Â°"
muslim,17213," this  name  comes  from  that  of  the  Italian  explorer  Amer igo  V esp ucci ,  to  whom  the  discovery  of  the  American  continent  was  errone ously  attributed  in  150 7  by  the  German  map maker  Martin  Wald se em Ã¼ ller ?  ( Mr .  Lay t ner ,  I  suppose ,  would  ret ort  that  America  couldn âĢ Ļ t  have  been"
muslim,17213," âĢ ľ sin . âĢ Ŀ  I  think  it  is  a  very  poor  word  to  use  in  discussing  the  human  spirit  and  the  moral  problems  which  all  human  beings  face  every  day .  But  again ,  I  respect  your  sincerity .  I  think  it âĢ Ļ s  a  good  idea  to  remember  that  religion  has  to  do  with  faith  in  things  which  cannot"
muslim,17213,"amb da  =  "",  Lamb da  print  "" V  = ""  print  V  print  "" V * di ag ( L amb da )* V . inv  = ""  print  np . dot ( np . dot ( V , np . di ag ( L amb da )), np . l inal g . inv ( V ))  Lamb da  =  [-"
muslim,17213," sure .  Sega  is  still  very  much  part  of  that  picture .  Then  we  have  our  audience  who  may  also  play  on  console  but  who  exist  on  the  mobile  devices ,  who  exist  on  tablets ,  who  exist  on  PC . 
 
 For  Sega ,  rather  than  us  defining  a  particular  platform ,  what  we âĢ Ļ re  trying  to  do  is"
muslim,17213," what  time  it  was ,  the  screen  was  cl ogged  with  so  many  notifications  that  the  time  wasn 't  even  visible  on  screen ,  and  to  see  it  I 'd  have  to  dismiss  my  notifications  with  a  button  press  from  my  pizza  hand .  It 's  hands - full  situations  like  this  where  the  Pebble  commits  the  cardinal  smart watch  sin  of  being"
muslim,17213,". 
 
 A kin  has  taken  heat  from  both  sides  of  the  aisle  after  using  the  term  "" leg itimate  rape ""  and  saying  women  have  a  biological  way  of  preventing  unwanted  pregnancies  while  he  gave  a  now - not orious  explanation  of  his  views  on  abortion . 
 
 "" My  feeling  is  that  we  can  win  the  presidency ,  but"
muslim,17213," at  the  Death  With  Dign ity  National  Center  or  Comp assion  &  Cho ices  of  Oregon .  Last  year ,  doctors  helped  59  people  to  die  in  Oregon  under  the  law . 
 
 "" Never  heard  of  him ,""  said  George  E igh me y ,  executive  director  of  Comp assion  &  Cho ices  of  Oregon ,  which  assists  more  than  90"
muslim,17213," protesters  on  Monday .  The  police  also  conducted  flag  march .  Polic emen  also  kept  a  close  watch  at  various  markets ,  including  Mai  Hera  Gate  and  Rain ik  B azar . 
 
 Tra ffic  also  remained  suspended  on  the  National  Highway  1 ,  only  to  be  cleared  by  noon  on  Tuesday . 
 
 Meanwhile ,  protesters  lifted  blockade  from  various"
muslim,17213,"âĢ Ļ 10 âĢ Ļ âĢ Ļ ,  185 lb ,  male  who  works  out  5  times  a  week ,  you  need  about  4 42 g  of  carbs  per  day  to  fuel  your  workouts .  Yet ,  not  enough  people  indicated  they  ate  within  that  range  for  it  to  even  draw  a  percentage  in  our  pie  chart  breakdown . 
 
 So ,"
muslim,17213," no  contests  remaining  in  the  Deep  South ,  which  has  been  Clinton âĢ Ļ s  strongest  region  by  far . 
 
 Sanders  thinks  he  is  well - position ed  in  all  three  states  with  contests  next  Tuesday :  Arizona ,  Idaho  and  Utah .  His  decision  to  spend  election  night  in  Arizona  signaled  his  intention  to  vigorously  contest  that  state  in  the"
muslim,17213," asked  them  where  they  were  going  and  what  they  were  doing ,  despite  how  obvious  the  answer  was ,  Aman  said . 
 
 Ra he em  Aman ,  23 ,  ran  for  the  Green  Party  on  the  Mountain  in  the  last  federal  election .  They  were  still  sweating  from  their  game  on  the  walk  down  the  street ,  Aman  said .  """
muslim,17213,",  you  will  need  the  l asso .  The  l asso  is  a  length  of  rope  you  can  equip  to  hog tie  victims ,  break  in  wild  horses  or  sub due  criminals .  It  is  only  available  in  the  single - player  game ,  and  can  only  be  unlocked  during  the  quest  "" Wild  Horses ,  T amed  Pass ions "".  Afterwards ,"
muslim,17213,"ibr arians  and  nurses  currently  face  lay off  notices  sent  out  by  his  office . 
 
 In  fact ,  De asy  has  accelerated  LA USD 's  union - b usting  and  privat izing  attacks  on  UT LA .  He  has  invited  every  teacher  and  school  to  join  a  pilot  program  for  the  district 's  new  "" te acher  effectiveness ""  plan ,"
muslim,17213," from  Judd  Ap at ow  and  writers - sl ash - real  married  couple  Paul  Rust  and  Les ley  Ar fin .  As piring  writer  Gus  ( Rust )  and  ad rift  radio  producer  Mickey  ( G illian  Jacobs )  repeatedly  and  hes it antly  weave  into  and  out  of  each  other 's  lives ,  as  if  trying  to  determine  whether  they 're"
muslim,17213," could  return  to  villages  and  there  were  many  complaints  of  evac ue es  being  contained  in  squ alid  conditions . 
 
 Photo :  Van u atu  Ge oh az ards  Observatory  file 
 
 Mr  Kor isa  admitted  conditions  for  evac ue es  would  likely  be  basic  again  this  time  around .  "" There  is  an  issue  with  basic  services ,""  he"
muslim,17213," and  was  featured  on  the  home  page  of  the  Kansas  City  Star  website . 
 
 Buzz  Light year  in  the  Claw  Machine 
 
 Fast  forward  to  2015 .  We  have  numerous  costumes  under  our  belt ,  each  being  more  elaborate  than  the  last .  We  were  even  featured  on  the  evening  news  for  our  Comic  Con  costume  in  2015  when  we"
muslim,17213," like  wrestling  or  not . 
 
 Death bul ge  was  initially  a  comic  series  about  a  death  metal  band ,  but  illust rator  and  writer  Dan  came  to  believe  that  was  too  limiting ,  so  decided  to  draw  whatever  he  felt  like .  It  seems  his  change  in  direction  worked ,  as  the  web  comic  has  become  a  firm  favourite  among  web"
muslim,17213," reminders .  Any . do  does  all  of  that  too ,  although  you  must  either  create  an  account  or  log  in  via  Facebook  rather  than  Google . 
 
 There  is  nice  integration  with  my  Gmail  account  with  Any . do .  Open  an  email  and  you  see  an  Any . do  task  bar  offering  "" What 's  next ""  options  —  """
muslim,17213," narrated  by  the  stylish  Sarah  Jessica  Parker . 
 
 19 30 – 19 39 The  fl apper  was  a  casualty  of  the  stock  market  crash  of  1929 .  Out  of  her  ashes  rose  the  fem me  fat ale .  At  night  she  was  a  modern  Diana  in  figure - m olding  bias - cut  sat ins  that  ooz ed  to  the  floor"
muslim,17213,"I  know  of  no  nation  in  history  that  has  agreed  to  guarantee  that  the  means  of  its  own  destruction  will  be  in  the  hands  of  another  nation ,  particularly  one  that  is  hostile ,""  Cheney  told  the  audience  at  the  American  Enterprise  Institute ,  a  conservative  Washington ,  D . C .  think  tank ,  to  mark  the  return  of  Congress  after  a"
muslim,17213," Large  is  just  right .  If  anything ,  the  sleeves  could  do  with  being  1  to  2 ""  shorter  but  that  is  not  big  problem .  Yes ,  I  recommend  this  product .  Ver ified  Purchase .  I  recommend  this  product . 
 
 Great  quality ,  excellent  customer  service  Mist aken ly  ordered  this  jacket  instead  of  the  Dist ressed  brown  jacket"
muslim,17213,"s  now  are  really  quite  an  active ,  healthy  bunch .  So  we âĢ Ļ re  living  for  longer ,  but  also  we âĢ Ļ re  healthier  for  longer ;  we âĢ Ļ re  working  for  much  longer . 
 
 I  want  to  talk  about  that  a  bit  more  a  bit  later ,  but  what âĢ Ļ s  really  important  is  that"
muslim,17213," Grid ,  your  call igraph y  will  look  stunning  once  you  remove  the  template  behind  it . 
 
 Start up  Pack 
 
 iPhone  Mock up 
 
 Resp ons ive  Web  Design  Grid 
 
 Smart  Wear able  Mock up 
 
 The  Respons ive  Web  Grid  offers  the  most  commonly  used  grid  style ,  so  you  can  quickly  sketch  the"
muslim,21479,"re - scale ,  low - energy - cons umption ,  non - vol atile  magnet oe lect ronics . For  The  Capital 's  three - part  series ,  education  reporter  Cindy  Huang  examined  teacher  experience  levels  across  12  public  high  schools  provided  by  a  2016  database  of  school  employees ,  their  salaries ,  years  of  experience  and  obtained  through  a  public  information"
muslim,21479,"s  damaged  by  torn adoes .  pic . twitter . com / IZ 00 br tz t 2  —  T ish  Clark  (@ local 24 t ish )  April  28 ,  2014 
 
 T orn ado  damage  here  in  Tup elo  pic . twitter . com / e 2 z NE Id X 5 c  —  Earl  Brown  (@ cos ine 55"
muslim,21479," to  that  of  the  embedded  service ,  and  that âĢ Ļ s  going  to  produce  a  more  or  less  distinguish able  fingerprint ,  size  and  timing  of  network  packets ,  and  so  on ),  or  anomaly  detection  ( for  an  easy  one ,  if  the  HTTPS / T LS  client  fingerprint  it âĢ Ļ s  not  hidden  properly ,  we âĢ Ļ ll"
muslim,21479," of  several  members .[ 1 ]  These  indict ments  created  a  sensation  after  the  background  of  the  grand  theft  was  revealed  to  the  public .[ 3 ]  May  Ot is  Blackburn  was  charged  with  twelve  counts  of  grand  theft ,  and  articles  at  that  time  referred  to  her  as  a  "" cult  leader "".[ 5 ] 
 
 According  to  Time  magazine  ,"
muslim,21479," on  one  another  benign ly  and  mal ign ly .  As  they  described  in  Science  and  other  journals ,  Dr .  De  Mor a es  and  her  colleagues  have  discovered  that  seed lings  of  the  dod der  plant ,  a  parasitic  weed  related  to  morning  glory ,  can  detect  volatile  chemicals  released  by  potential  host  plants  like  the  tomato .  The  young  dod"
muslim,21479," of  more  subdued  stuff ,  and  then  there  are  going  to  be  parts  of  the  story  that  call  for  crazy ,  bon kers  over - the - top  color .  She  can  do  both  of  those — I  don âĢ Ļ t  really  like  using  bright  color .  She âĢ Ļ s  well - su ited  for  it . 
 
 P aste"
muslim,21479," of  guitar  solo  and  Hulk  Smash . 
 
 N JP W  offers  a  few  familiar  g ai jin  faces .  There 's  AJ  Styles ,  who  is  like  the  AJ  Styles  of  T NA  except  a  hundred  times  better ,  and  Doc  Gall ows ,  previously  known  as  Fest us  and  Luke  Gall ows  in  WWE ,  now  wearing  Mant aur  head"
muslim,21479,"/ lab - safety / index . html . 
 
 ### 
 
 U . S .  DE PART MENT  OF  HE ALTH  AND  HUM AN  SERVICES Gov .  Mary  Fall in  on  Thursday  asked  Oklahoma âĢ Ļ s  Health  Care  Authority  to  cut  its  contracts  with  two  Planned  Parenthood  affiliates ,  citing  high  rates  of  billing  errors .  The  request  by"
muslim,21479," in  Beijing ,  China ,  where  he  served  as  the  KGB  re z ident ,  effectively  the  agency âĢ Ļ s  chief  of  station .  He  returned  to  Moscow  and  in  1975  was  posted  under  diplomatic  cover  in  the  United  States ,  where  he  commanded  the  KGB âĢ Ļ s  station  in  New  York  until  1979 . 
 
 Upon  his  return  to"
muslim,21479," of  this  proposal  is  to  add  support  for 
 
 ud p  and  tcp  sockets ,  including  support  for  multic ast 
 
 client  and  server  applications 
 
 sc al ability  to  handle  many  concurrent  connections 
 
 Prot ocol  independence  between  IPv 4  and  IPv 6 
 
 name  resolution 
 
 tim ers 
 
 to  the  C ++  Standard"
muslim,21479,"S :  Patrick ,  were  you  literally  thrown  out  of  the  house  or  is  it  basically  that  you  felt  that  you  weren âĢ ĺ t  wanted  there  anymore ? 
 
 H IG G INS :  I 'm  not  really  going  to  comment  on  that  right  now  because  all  of  that  is  in  the  lawsuit .  But  practically  what  I âĢ ĺ m"
muslim,21479," to  yet  another  adult  version  of  him :  plus ,  thin  glasses  and  t ux edo  and  minus  the  humor ,  voice ,  and  relationship  with  a  Simpson . 
 
 His  voice  sounds  similar  to  Ar nie  P ye 's  voice . 
 
 Appearances Disney  California  Adventure  Food  &  Wine  Festival  will  return  March  2  through  April  12 ,  2018 ,"
muslim,21479," to  think  that  you âĢ Ļ re  going  to  be  that  player  every  year . âĢ Ŀ 
 
 âĢ ľ I  think  Drew  probably  learned  the  lesson  that  you âĢ Ļ ve  got  to  push  through  every  year ,  you âĢ Ļ ve  got  to  push  through  every  summer ,  you âĢ Ļ ve  got  to  work  hard ,  and  get  yourself"
muslim,21479," of  working  with  current  owner  Kevin  McCabe  and  his  family  to  achieve  the  Blades '  return  to  the  Premier  League  as  quickly  as  possible . 
 
 The  Prince  becomes  Co - Chair man  with  Kevin  McCabe  of  Blades  Le isure  and  Sheffield  United . 
 
 Prince  Abdullah ,  aged  47 ,  is  a  grandson  of  the  founder  of  the  Kingdom  of"
muslim,21479," to  make  its  intelligence  expert  available  signaled  that  the  Israeli  government  no  longer  backed  his  conclusions  about  the  bank âĢ Ļ s  involvement  with  Islamic  Jihad .  But  the  judge ,  Sh ira  She ind lin ,  did  not  buy  it .  "" It âĢ Ļ s  hard  for  me  to  accept  that  assumption ,""  she  said . A  drawing  shows  a  woman"
muslim,21479,"re  d âĢ Ļ  after  they  entered .  "" I  have  a  reservation . âĢ ľ 
 
 "" Name ? âĢ Ŀ  asked  the  m ait re  d âĢ Ļ .  There  were  appearances  to  maintain ,  after  all . 
 
 âĢ ľ Black  Swan . âĢ Ŀ 
 
 Next :  Chapter  15 The  task  force  formed  to  create  a"
muslim,21479,"re kk ende  of  z elf stand ige ,  te gen  87 . 000  g ed et ache er den ,  v oor al  u it  O ost - en  Cent ra al - Euro pa .  Da ar me e  will en  we  n iet  be w eren  dat  alle  g ed et ache er den  w erk  van  Bel gen  he"
muslim,21479," of  Gross  Domestic  Product  than  the  UK .  Professor  Mar iano  Ro jas ,  a  Costa  Rican  economist  at  the  Latin  American  Faculty  of  Social  Sciences ,  attributes  Costa  Ric ans âĢ Ļ  high  wellbeing  to  a  culture  of  forming  solid  social  networks  of  friends ,  families  and  neighbourhoods . 
 
 Cost a  Rica  is  also  a  world  leader  when  it  comes"
muslim,21479," to  defer  to  others  with  whom  we  share  a  political  or  religious  outlook  is  continuous  with  the  disposition  to  use  bene vol ence  as  a  cue  to  reliability ;  we  are  disposed  to  see  those  with  whom  we  share  a  political  outlook  and / or  a  religious  affiliation  as  those  who  are  benevolent  toward  us  and  our  interests  ( or ,  perhaps ,"
muslim,21479," of  a  direct  health  threat ,  just  the  slightest  of  possibilities  of  one  due  to  an  occurrence  that  fell  outside  of  the  water  company âĢ Ļ s  standard  procedures .  As  I  understand  it ,  the  disinfect ant  levels  never  fell  below  the  standard ,  and  the  water  company  took  all  the  proper  steps  following  the  occurrence  in  order  to  notify  the  public"
muslim,21479,",  and  each  BAR  was  accompanied  by  a  spare  barrel .[ 43 ]  Large  capital  ships  often  had  over  200  BAR s  on  board ,[ 43 ]  with  many  of  the  US  Navy  BAR s  remaining  in  service  well  into  the  1960 s .[ 43 ] 
 
 The  BAR  also  saw  action  with  US  Marine  Corps  units  participating  in  the  Haitian  and"
muslim,21479,"1 nn h q n 9 b  —  Team  Jamaica  (@ J ama ica O lymp ics )  January  18 ,  2014 
 
 An  entire  generation  is  familiar  with  the  Jama ican  b obs led  team  after  Cool  Run nings .  The  Disney  movie  told  the  somewhat  fictional ized  story  of  how  the  Caribbean  country  defied  the  odds  to  qualify  in  the"
muslim,21479," was  launched  from  the  R RS  James  Clark  Ross  as  part  of  the  seven - week  expedition .  It  is  a  new  type  of  autonomous  underwater  vehicle  ( AU V )  and  can  travel  under  ice  and  reach  depths  of  6 , 000  metres ,  transmitting  the  data  it  collects  to  researchers  via  a  radio  link . 
 
 The  universities  and  science"
muslim,21479,"/ mag net  as  a  Thank - You  gift !  Click  here  to  donate  today ! 
 
 And  hey ,  if  you 've  made  it  this  far ,  why  not  follow  us  via  RSS ,  Twitter ,  Facebook ,  Instagram ,  or  Tumblr ? Rest ri ÂŃ ct s  total  expend ÂŃ itures  on  mar ria ÂŃ ges 
 
 P ES"
muslim,21479," to  restore  the  fac ades  and  comply  with  the  city 's  historic  designation  rules . 
 
 "" They  gave  us  a  demolition  permit  to  rip  it  down !""  Bl anch ard  said .  "" So ,  I  mean ,  it âĢ Ļ s  a  little  schizophren ic ."" By  the  end  of  2017 ,  every  smartphone  manufacturer  has  embraced  the  18 :"
muslim,21479," on  civil  liberties  in  the  name  of  security  from  the  Islamist  bo gey men .  A  gh ast ly  combination  of  paternal ism ,  New  Labour  style  authoritarian ism  and  the  restless  government  urge  to  be  seen  to  be  doing  something  is  the  dominant  force  in  the  Conservative  Party  now .  There  are  no  longer  any  restraints  on  Theresa  May  and  she  is"
muslim,21479," the  perfect  smart watch ,  but  it  goes  a  long ,  long  way . 
 
 What  Is  It ? 
 
 It 's  pretty  much  the  same  Pebble  smart watch  that  took  Kickstarter  by  storm  roughly  two  years  ago ,  now  clad  in  a  suit  of  stainless  steel  instead  of  ch int zy  plastic .  So  it 's  the  same  LED  back"
muslim,21479," 26 . 
 
 With  the  res ounding  success  of  the  j all ik att u  saga  in  neighbouring  Tamil  Nadu ,  it  is  now  the  turn  of  And hra  Pradesh  to  follow  suit .  Only  this  time ,  the  purpose  is  to  ensure  that  the  Centre  acc ords  âĢ ĺ special  status âĢ Ļ  to  the  state . 
 
 Several  Whats"
muslim,21479,"I  -  0 x 1 B 67 C )  . text : 0001 B 6 64  ADD  R 4 ,  R 4 ,  R 3  . text : 0001 B 668  ADD  R 0 ,  PC ,  R 12  ;  "" host ap d _ conf _ file _ gen ""  . text : 0001 B 66 C  ADD  R 0 ,  R"
muslim,21479," would  be  unavailable  due  to  some  field  maintenance .  Luckily  for  Har po âĢ Ļ s ,  one  of  their  center  midfield ers ,  Sean  Sullivan ,  works  in  the  ticket  sales  department  with  the  Colorado  Rapids .  The  Kentucky  native ,  who  played  his  college  ball  at  S ien a  College  in  New  York ,  was  able  to  help  his  team  find"
muslim,21479," a  class  dedicated  to  fine - tun ing  the  argument ,  I  was  also  taking  a  course  in  Argument ation  through  Eth n ography  which  was  teaching  me  –  by  deep - reading  newly  published  ethn ographic  mon ographs  –  how  to  piece  together  arguments  and  turn  data  into  evidence .  That  semester  completely  changed  the  way  I  thought  about  writing  and  the"
muslim,21479," don âĢ Ļ t  need  them ,  so  unless  you  have  some  other  use  planned  for  them ,  just  throw  them  out . 
 
 And  this  is  what  your  bra  will  look  like  when  it âĢ Ļ s  done : 
 
 The  Final  Fit  Test : 
 
 This  bra  now  fits  me  pretty  darn  well .  It  will  g ape"
muslim,21479," associated  with  the  sub - expression  "" 1 ""  is  an  anonymous  function ,  whose  body  consists  of  a  call  to  the  +  primitive  procedure  whose  first  argument  is  the  local  variable  n  and  whose  second  argument  is  being  sought .  With  this  understanding  we  can  say  expressions  deliver  values  and  contin uations  receive  values . 
 
 Current  continuation 
 
 By"
muslim,21479," the  9 200  block  of  South  C ottage  Grove  and  he  was  taken  to  Advocate  Christ  Medical  Center  in  Oak  Lawn ,  where  his  condition  was  stabilized ,  police  said .  The  circumstances  of  the  shooting  were  unknown . 
 
 At  8 : 05  p . m .,  a  bullet  graz ed  the  right  shoulder  of  a  man  who  heard  shots  while"
muslim,21479," power  of  Trump  and  the  GOP  Congress ,  and  what  alternatives  Democrats  offer . 
 
 While  voters  interviewed  here  did  not  clam or  for  tax  cuts ,  they  had  a  generalized  but  plaint ive  cry  for  less  noise  and  more  action . 
 
 People  are  "" just  losing  their  faith  in  the  ability  for  ( things )  to  happen ""  in"
muslim,21479," we  can  get  Fed e  back  to  continue  the  new  Evil  Dead  series  once  we âĢ Ļ ve  established  Bruce âĢ Ļ s  story . 
 
 In  fact ,  they âĢ Ļ re  definitely  still  interested  in  making  one .  R aim i  said ,  âĢ ľ I  love  the  Evil  Dead  remake .  I  think  Fed e  Alvarez  did  a  brilliant"
muslim,21479,"
 
 In  recent  days ,  Taiwanese  activists  have  flown  to  Hong  Kong  to  lend  support . 
 
 One  of  them ,  Karen  Cheng ,  has  just  returned . 
 
 "" We  strongly  care  about  Hong  Kong  because  we  really  cherish  our  freedom  and  democracy ,""  said  Ms  Cheng .  "" We 're  worried  that  today 's  Hong  Kong  will  be"
muslim,21479,").  The  team  investigated  whether  this  planet  has  an  atmosphere  rich  in  water  or  hydrogen .  The  Subaru  observations  show  that  the  sky  of  this  planet  does  not  show  a  strong  Ray leigh  scattering  feature ,  which  a  cloud less  hydrogen - dominated  atmosphere  would  predict .  When  combined  with  the  findings  of  previous  observations  in  other  colors ,  this  new  observational  result"
muslim,21479," run .  Any  time  this  happens ,  you  get  a  free  credit .  If  this  happens  at  least  ON CE ,  then  Sub lim inal  has  given  you  $ 2  without  a  click ,  making  it  at  least  as  good  as  a  Bean st alk .  Once  it  happens  TW ICE ,  the  Sub lim inal  is  worth  $ 3  without  spending  a"
muslim,21479," safety  deficiencies  were  discovered  in  their  building . 
 
 ' We 're  the  victims  here '  -  Long boat  Qu ay  residents  face  eviction  unless  they  cover  âĤ¬ 4 m  repair  bill  for  fire  safety  failings 
 
 Around  900  people  live  in  the  299  apartments  in  the  Long boat  Qu ay  complex  by  the  Dublin  dock lands . 
 
 Residents"
muslim,21479," "" small  group ""  of  investors  has  been  identified  and  a  deal  could  be  completed  soon . 
 
 Steve  Greenberg ,  managing  director  of  Allen  &  Company ,  a  New  York - based  financial  boutique  that  has  broke red  sports  acquisitions  in  the  past ,  said  the  pursuit  of  an  investor  has  narrowed  and  D olan 's  goal  to  bring  in  someone"
muslim,21479," decade ,  and  they  now  out number  police  officers .  Security  vans  are  now  harder  to  knock  off  and  are  often  followed  by  police  cars .  Few er  businesses  handle  lots  of  cash .  Those  that  do  keep  less  on  the  premises . 
 
 Ar med  robbery  has  been  particularly  hard  hit  by  reduced  opportunities .  In  1950 s  London ,  professional"
muslim,21479,"Germany  has  been  using  linguistic  experts  to  analyze  dialect s  and  determine  countries  of  origin  since  1998 ,  according  to  Deutsche  W elle .  But  experts  have  expressed  doubts  over  whether  computers  would  be  able  to  reliably  perform  such  analysis . 
 
 Mon ika  Sch mid ,  a  lingu istics  professor  at  the  University  of  Essex ,  tells  Deutsche  W elle  that"
muslim,21479," Rose  and  whoever  Ben icio  Del  Toro  was ,  were  all  âĢ¦  there .  Oh ,  and  I  forgot  to  mention  Captain  Ph asma .  But  that âĢ Ļ s  ok ,  because  she  never  did  anything . 
 
 I  left  the  theatre  in  a  strange  mood ,  unsure  if  I  was  even  looking  forward  to  the  next  installment .  I  had"
muslim,21479," âĢ ĺ drive  the  room âĢ Ļ ,  saying  âĢ ĺ The  unnecessarily  hurt ful  nature  of  the  statements  can  exist  without  foul  language .  The  grievance  lies  mainly  in  the  tone  of  speech ,  and  inflammatory  character âĢ¦ Here  Wild ers  failed  as  a  politician . âĢ Ļ 
 
 The  court  found  Wild ers  not  guilty  of  hate  speech ,  as"
muslim,22732," to  $ 526 . 1 M ,  passing  X - Men :  Days  Of  Future  Past âĢ Ļ s  $ 514 M . 
 
 War ner  Bros .  In  other  superhero  news ,  Warner  Bros / DC âĢ Ļ s  Justice  League  dropped  48 . 5 %  from  last  weekend  to  l asso  $ 36 . 8 M  in  the  3 rd"
muslim,22732,",  Dun and  launched  a  two - run  blast  to  left  field  and  Brett  Kinn eman  followed  with  a  solo  shot  to  right  field . 
 
 BRE AKING  -  With  the  win ,  # Pack 9  HC  Elliott  A vent  earns  his  1 , 000 th  career  win ,  one  of  17  active  head  coaches  to  reach  the  mark  # STAT EMENT"
muslim,22732," s Ã© ries  Vintage  Bright 
 
 âĢ¢  X SR  s Ã© ries 
 
 âĢ¢  Art isan  S Ã© ries The  D NI  report  was  more  about  slamming  RT  ( Russia  Today )  propaganda  than  it  was  about  proving  the  Russians  hacked .  The  report  doesn âĢ Ļ t  put  much  emphasis  on  Russians  hacking  elections ,  it  focuses  on  Russians  âĢ"
muslim,22732," the  film .[ 54 ]  Danish  band  Luk as  Graham  also  contributed  an  original  song  for  the  film  titled  "" Off  to  See  the  World "", [ 55 ]  which  was  used  in  the  film 's  first  trailer  and  played  over  the  closing  credits .  Other  artists  included  in  the  album  are  DN CE  and  CL .[ 56 ][ 57 ] 
 
"
muslim,22732," Kelly  wrote .  "" But  it 's  more  a  question  of  degree  than  principle ,  for  they  both  spring  from  the  same  tap root .  Neither  can  exist  without  the  foundational  principle  that  it  is  acceptable  to  force  someone  into  an  unwanted  economic  relationship .  Mor ally ,  and  as  a  matter  of  law ,  they  are  the  same ."" 
 
 Asked"
muslim,22732,"/ Getty  Images 
 
 Jeff  Car val ho ,  executive  editor  at  High sn ob iety  and  Select ism ,  says  one  way  they âĢ Ļ re  trying  to  differentiate  themselves  from  the  glut  of  sites  out  there  is  by  cultivating  a  unique  perspective  and  original  voice ,  something  he  originally  avoided  when  he  started  at  Select ism  in  2007 . 
"
muslim,22732,"ds  and  swallowed  the  seeds  because  their  taste  buds  didn âĢ Ļ t  register  the  bitterness .  Their  bodies  also  were  large  enough  to  absorb  the  toxins  without  harm . 
 
 Squ ash  seeds  found  in  fossil ized  mammoth  d ung  is  clear  evidence  that  these  prehistoric  giants  ate  the  bitter  squash  and  that  the  wild  plant  relied  on  them  to  disperse"
muslim,22732," wanted  to  restore  the  whole  patient  to  scientific  papers ,  and  leave  aside  the  abstract ions ,  and  even ,  he  confessed ,  the  description  of  personality  with  statistics .  Can  we  human  beings  be  understood  solely  in  terms  of  our  elements ,  our  molecules ,  atoms ,  our  parts ,  our  circuits ,  our  reflex es ,  even  our  behaviours ?  Or"
muslim,22732," to  shoe  retailers  to  online  gambling  sites  are  beginning  to  accept  Bitcoin . 
 
 âĢ ľ I  think  we  will  start  to  see  people  sell  houses  for  Bitcoin , âĢ Ŀ  he  said .  âĢ ľ It  has  intrinsic  value  to  it ,  so  seeing  people  who  actually  make  transactions  for  high - value  items  –  not  surprising  at  all . âĢ"
muslim,22732," election  since  2000  would  win  a  $ 10 , 000  bounty . 
 
 St ating  that  voter  fraud  is ,  in  fact ,  insignificant ,  Tr anch ina âĢ Ļ s  campaign  will  maintain  that  actions  to  ram  through  voter  fraud  laws  requiring  government - issued  photo  IDs  are  a  thinly  disguised  Republican  power  grab .  Even  the  Bush  administration  refuted  those"
muslim,22732,",  the  Paris - based  Italian  cout ur ier  and  Chan el âĢ Ļ s  nem esis ,  was  most  closely  associated  with  this  movement  and  she  aligned  herself  with  artists  like  Jean  Co ct e au  and  Marcel  Vert Ã¨ s .  Sur real ism  made  its  way  into  V ogue ,  too .  Not  only  did  Dal ÃŃ  become  a  frequent"
muslim,22732,"
 
 His  body  was  found  in  woods  close  to  his  home  in  Oxford shire  on  July  18 ,  2003 .  Unique ly ,  for  an  unexpected  death  such  as  his ,  no  coroner âĢ Ļ s  inquest  has  ever  been  held . 
 
 The  public  inquiry  into  his  death  chaired  by  Lord  H utton  found  that  he  killed  himself  after  slashing"
muslim,22732," they  have  created  a  drug  with  the  makeup  I  require .  The  report  will  be  based  on  high - pressure  liquid  chrom atography ,  which  chem ists  use  to  match  a  sample  to  library  of  known  compounds ,  and  nuclear  magnetic  resonance ,  which  can  reveal  the  structure  of  a  molecule ,  regardless  of  whether  it  has  been  studied  previously . 
 
"
muslim,22732," the  idea  for  Ves per ,  but  I  didn âĢ Ļ t  know  about  it  in  advance . 
 
 W isk us :  Last  summer ,  Justin  Williams  suggested  that  we  work  on  an  idea  John  mentioned  to  him .  Justin  had  to  drop  out  to  keep  up  with  freelance  work ,  but  I  had  completed  a  few  iterations  of  design ."
muslim,22732," and  inequality .  Without  strong  institutions ,  the  people  come  to  rely  more  on  their  z a âĢ Ļ ims ,  and  are  coerced  into  favoring  privatization  ( which  serves  the  z ai âĢ Ļ ms  and  their  inner  circle )  over  rest orative  public  policies .  This  is  turn  feeds  the  cycle  of  power lessness  and  separat eness . 
 
 On"
muslim,22732," liberty  for  security -  we  can  live  in  a  secure  nation  which  also  uphold s  a  strong  commitment  to  civil  liberties .  This  legislation  ends  the  NSA âĢ Ļ s  drag net  surveillance  practices ,  while  putting  provisions  in  place  to  protect  the  privacy  of  American  citizens  through  real  and  lasting  change . âĢ Ŀ 
 
 While  the  bill  has  little  chance"
muslim,22732," [  edit  ] 
 
 A  variant  known  as  the  FN  M le  1930  was  developed  in  7 . 65 ÃĹ 53 mm  Belgian  Ma user  by  FN  Her stal  and  adopted  by  the  Belgian  army .  The  M le  1930  is  basically  a  licensed  copy  of  the  Colt  Automatic  Machine  Rifle ,  Model  1925  ( R  75 ).[ 28 ]  The  M"
muslim,22732,".  I  believe  that  as  it  is  now ,  F TR  has  reached  its  limits ,  there  is  nowhere  to  expand  –  in  fact ,  I  had  to  get  rid  of  some  topics  to  be  able  to  manage  the  amount  of  incoming  information . 
 
 And  add  one  more  factor  to  that .  There  is  nowhere  to  go  for  me  even  in"
muslim,22732," to  get  together  and  share  ideas  for  taking  back  their  country .  The  IRS  had  other  ideas  about  them . 
 
 Five  years  after  the  Albuquerque  Tea  Party  applied  for  tax - exempt  status  under  section  501 ( c )( 4 )  of  the  tax  code ,  they  remain  in  limbo  —  their  application  apparently  no  closer  to  being  approved  or  denied"
muslim,22732," Mac b eth ,  the  1973  movie  The  Optim ists  of  Nine  El ms ,  alongside  Peter  Sell ers ,  and  the  pilot  of  the  TV  sitcom  Open  All  Hours . 
 
 In  the  1970 s  and  1980 s  he  hosted  shows  including  Che gg ers  Plays  Pop ,  in  which  teams  of  children  from  rivals  schools  competed  against  each  other ;"
muslim,22732,"
 
 Extra :  Jacob  Trou ba 
 
 St arter :  Matt  Murray 
 
 Back up :  John  Gibson 
 
 Res erve :  Connor  Hel le buy ck On  a  third - down  in  11 - on - 11  scrimmage ,  he  zoom ed  past  starting  left  tackle  Jake  Matthews  and  sacked  quarterback  Matt  Ryan .  Well ,  he  tagged"
muslim,22732," ( I  guess  more ,  it 's  16 bit ),  instead  of  the  normal  max  of  5 . When  I  set  sc aped olls  to  F FF F ,  it  didn 't  get  used  upon  death ,  so  that  wasn 't  good . But  stuff  like  mon om ates ,  if  you  set  to  F FF F ,  you  can  still  use  them"
muslim,22732," S  J ons son  R  ,  et  al .  Classification  criteria  for  S j og ren âĢ Ļ s  syndrome :  a  revised  version  of  the  European  criteria  proposed  by  the  American - European  Cons ensus  Group  ,  Ann  R he um  Dis  ,  2002  ,  vol .  61  ( pg .  5 54  -  8  )  ,  vol .( pg .  28"
muslim,22732," Rose  maintains  that  the  history  of  e ugen ics  makes  this  field  of  research  difficult  to  reconcile  with  current  ethical  standards  for  science .[ 195 ] 
 
 L inda  Gott fred son  argues  that  suggestion  of  higher  ethical  standards  for  research  into  group  differences  in  intelligence  is  a  double  standard  applied  in  order  to  undermine  disliked  results .[ 197 ]  James  R"
muslim,22732,"
 
 Ind ones ia âĢ Ļ s  pe at lands  hold  at  least  57  billion  tonnes  ( G ig aton nes  or  G t )  of  carbon ,  making  them  a  globally  significant  terrestrial  carbon  pool .  The  pool  is  comparable  to  the  Amazon ian  rain forest ,  which  holds  about  86  billion  tonnes . 
 
 To  limit  the  world  to"
muslim,22732," Lake  completely ."" 
 
 Water  that  once  drained  into  the  lake  can  no  longer  do  so ,  she  said ,  because  of  dam ming  and  crop  irrigation . 
 
 Long - term  research  further  suggests  the  government 's  efforts  might  not  be  enough .  A  30 - year  study  published  in  2012  found  that  temperatures  in  the  k ar st  central"
muslim,22732," [  edit  ] 
 
 Rec ipes  vary ,  but  traditional  preparation  involves  covering  1 – 3  lbs  of  ground  pork  shoulder  in  milk  or  water  in  a  large  pot ,  then  seasoning  with  onions  and  a  mix  of  spices .  The  blend  of  spices  varies  from  recipe  to  recipe ,  but  nearly  all  include  ground  cloves .  Other  spices  often  used  include"
muslim,22732," 31 .  Hu obi  announced  that  new  user  registration  and  C NY  deposit  service  have  already  stopped ,  stating  that : 
 
 The  actual  closing  of  C NY  trading  will  take  place  on  October  31 st .  We  will  close  all  C NY  to  cryptocurrencies  trading  one  asset  at  a  time . 
 
 Ok coin  similarly  posted  a  notice  on  Friday"
muslim,22732," Canadian  newspaper  The  National  Post  was  largely  dec ried  for  being  homophobic  rather  than  trans ph obic  despite  being  almost  entirely  based  around  promoting  fear  of  transgender ism ,  and  how  the  narrative  of  P FC  Manning  has  been  written  as  the  story  of  a  gay  man  in  the  military ,  despite  the  fact  that  the  evidence  clearly  shows  she  had  been  planning"
muslim,22732," the  Ecuador ian  embassy  in  London  would  be  coming  to  an  end  should  Ecuador ian  presidential  hopeful  Gu iller mo  L asso  win  the  election  next  week . 
 
 L asso  made  the  remarks  in  an  interview  to  the  Guardian  on  9  February .  "" The  Ecuador ian  people  have  been  paying  a  cost  that  we  should  not  have  to  bear ,"""
muslim,22732," an  inadequate ,  small ,  and  obsolete  assortment  of  domestic  and  foreign  machine  gun  designs ,  due  primarily  to  bureaucratic  indec ision  and  the  lack  of  an  established  military  doctrine  for  their  employment .  When  the  1917  United  States  declaration  of  war  on  Germany  was  announced  on  6  April  1917 ,  the  high  command  was  made  aware  that  to  fight  this  trench  war"
muslim,22732,"
 
 âĢ ľ I  thought  the  whole  group  did  a  good  job  of  staying  focused , âĢ Ŀ  said  He xt all .  âĢ ľ The  coaching  staff  did  an  outstanding  job  getting  the  players  that  we  had  [ here ]  ready  to  play .  I  think  the  guys  were  really  good  about  it ,  they  understand  the  business  part  of  the"
muslim,22732,"/ The  Times 
 
 Net  migration  has  reached  a  record  336 , 000  as  figures  published  yesterday  showed  that  Roman ians  are  now  the  third  biggest  group  coming  to  the  UK . 
 
 Officials  said  the  latest  increase  was  driven  by  a  âĢ ľ stat istically  significant âĢ Ŀ  rise  in  the  overall  number  of  immigrants ,  with  many  of  them"
muslim,22732,"/ The  Times 
 
 Net  migration  has  reached  a  record  336 , 000  as  figures  published  yesterday  showed  that  Roman ians  are  now  the  third  biggest  group  coming  to  the  UK . 
 
 Officials  said  the  latest  increase  was  driven  by  a  âĢ ľ stat istically  significant âĢ Ŀ  rise  in  the  overall  number  of  immigrants ,  with  many  of  them"
muslim,22732," out sp ent  the  candidates ,  a  USA  TODAY  analysis  shows .  Other  trends :  âĢ¢ In  the  48  House  contests  in  which  outside  groups  spent  a  combined  $ 1  million  or  more ,  Republicans  won  two - thirds ,  a  USA  TODAY  analysis  of  election  results  and  campaign  reports  shows .  In  one  Up state  New  York  district ,  conservative  groups  such"
muslim,22732," 1893 .  This  problem  affected  the  entire  Great  Lakes .  Michigan  started  a  hat cher ies  program .  This  helped ,  but  not  enough ,  so  in  1897  a  law  closing  the  season  during  the  fall  spawning  period  was  passed .  The  Beaver  Island  fisherman ,  notoriously  independent ,  announced  that  this  did  not  apply  to  them ,  so  in  1898  a  w"
muslim,22732,". 
 
 She  also  said  that  she  would  protect  her  family ,  even  though  they  were  all  inf id els .  Then  she  hung  up . 
 
 Her  mother  describes  herself  as  an  atheist ,  while  her  father ,  Kam al  Me hen ni ,  is  a  Muslim .  He  was  born  in  France ,  the  son  of  a  French  woman"
muslim,22732,"- f amer  who  is  another  NHL  goalie  legend  won  his  Calder  Trophy  is  69 - 70 .  Tony  Es pos ito  had  a  great  NHL  career . 
 
 Going  back  a  little  further ,  the  55 - 56  Calder  Trophy  winner  Glenn  Hall  went  on  to  win  3  Ve z ina  Tro phies  during  his  career  with  1  Stanley  Cup  coming"
muslim,22732," died  horribly . âĢ Ŀ 
 
 âĢ ľ Oh  no . âĢ Ŀ 
 
 âĢ ľ She  was  always  tough ,  but  she  wasn âĢ Ļ t âĢ¦  all  that  stable ,  even  to  start  with .  And  losing  her  original  tree  was  a  big  blow  to  her  sanity .  Dry ads  don âĢ Ļ t  usually  survive  that – they"
muslim,22732," have  for  directions  are  a  vague  take  the  third  left  after  the  second  Mosque  once  you  hit  Al  Was l  Rd . 
 
 Similarly ,  if  you  want  to  hail  an  Uber  to  help  you  collect  something  and  then  return  home  in  the  same  car  it  is  tricky  to  do  as  you  can âĢ Ļ t  specify  a  round - trip  as"
muslim,22732,".  That âĢ Ļ s  basically  a  Hedge  Fund ! 
 
 So  far  I  have  been  playing  3  Sub lim inal  Mess aging  in  any  deck  I  make ,  to  try  it .  And  so  far  it  is  quite  interesting .  It  definitely  seems  best  in  J int eki ,  who  both  makes  the  runner  not  want  to  run ,  and  runs"
muslim,22732," Kos ov its a  G  T oli  E  Li ak os  A  Personality  and  psychopath ology  in  patients  with  primary  S j og ren âĢ Ļ s  syndrome  ,  Ter  Ark h  ,  1988  ,  vol .  60  ( pg .  49  -  52  )  ,  vol .( pg .  3  D ros os  AA  Angel opoulos  NV  Li ak os  A  M"
muslim,22732," among  other  person as ? 
 
 Y osh its une  ( 186  votes )  Alice  ( 136  votes )  Jack  Frost  ( 123  votes )  Loki  ( 109  votes )  Mara  ( 81  votes )  Black  Frost  ( 48  votes )  Seth  ( 36  votes )  Nek o  Shogun  ( 36  votes )  Trump eter  ( 29  votes )  King  Frost  ("
muslim,22732," of  Service  which  can  be  found  here . 
 
 * Pay ment  is  by  PayPal . 
 
 Please  note :  If  you  are  already  a  writer / cont ribut or  at  The  Good  Men  Project ,  log  in  here  before  registering .  ( Request  new  password  if  needed ). 
 
 âĹ Ĭ âĻ¦ âĹ Ĭ 
 
 ANN UAL  PL"
muslim,22732,",  tedious  four  year  process  for  hormones  to  do  their  breast  development ,  skin  tone ,  body  hair ,  fat  redistribution  thing .  No  irritating  legal  has s les  with  changing  name  and  documentation .  No  emotional  roller - co aster .  No  spontaneous  bursts  of  tears .  No  voice  training .  No  re - learning  your  body  language  and  manner isms ."
muslim,23830," of  Asia ,  Africa ,  Europe ,  South  America ,  South  Atlantic ,  South  Pacific ,  Indian  O ceans  Seven  fastest  speed  sailing  titles  13  World  S ailing  Speed  Record  Council  titles  2001 :  Fast est  trans atlantic  sailing  2004 :  Fast est  round - the - world  sailing  Round - the - world  titles  for  medium  airplanes  US  trans continental  titles  for"
muslim,23830," on  what  you  think  is  likely  to  work  best  for  you ,  and  provide  for  your  needs .  If  you  plan  ahead  sufficiently ,  it  should  be  possible  to  get  quite  a  bit  built  up  in  your  Roth  IRA .  Of  course ,  for  it  to  work ,  you  need  to  make  sure  you  only  withdraw  contributions  in  cases  of  true  emergencies ."
muslim,23830," on  the  age  of  the  bulb .  Specifically ,  old  bulbs  have  an  increasing  failure  rate  due  to  ev ap oration  of  the  filament .  This  problem  is  more  open - ended  than  some ;  you  will  have  to  make  modeling  decisions .  You  might  want  to  read  about  the  We ib ull  distribution  ( http :// en . wikipedia . org /"
muslim,23830," the  express way  into  a  park way .  The  DOT  will  need  to  present  a  plan  to  make  that  happen ,  and  I  will  stay  on  top  of  this  to  ensure  that  a  plan  is  presented  to  the  community  as  quickly  as  possible .  Once  again ,  I  would  like  to  thank  Governor  Cuomo  and  his  team  for  working  so  diligently  to  improve"
muslim,23830," the  differential  equation 
 
 $$ z  \ frac { d ^ 2 w }{ d z ^ 2 }  +  ( b - z )\ frac { d w }{ d z }  -  aw  =  0 $$ 
 
 and  at  the  roots  where  \(  w = 0  \ ), 
 
 $$ z  \ frac { d ^ 2 w"
muslim,23830," and  give  birth  to  as  many  children  as  possible . 
 
 There  are  two  constant  rumors  with  the  girls . 
 
 The  first  is  that  the  King  encouraged  the  orphans  and  prostitutes  to  move  in  efforts  to  clear  France  of  that  population . 
 
 The  second  is  that  the  prett iest  girls  got  chosen  in  the  first  stop  of  Quebec"
muslim,23830," of  evidence  related  to  dog mat ism ,  uncertainty  avoidance ,  openness  to  experience ,  need  for  closure ,  and  integ rative  complexity — suggest  that  liberals  are  indeed  more  complex  than  conservatives  ( see  J ost ,  Gl aser ,  Krug l anski ,  &  S ull oway ,  2003 ;  Van  H iel ,  On ra et ,  &  De  Pau"
muslim,23830," be  popular ,  but  they  set  up  neighbourhood  watch  meetings ,  clean  up  empty  spaces  and  lobby  politicians  to  take  crime  more  seriously .  They  may  be  a  consequence  of  falling  crime  that  lowers  crime  further . 
 
 The  last  category  of  explanations  is  perhaps  the  most  intriguing :  that  criminals  simply  have  fewer  opportunities .  Jan  van  D ijk ,  a"
muslim,23830," is  incorrect ,""  St rief  said .  "" It 's  been  proven  many  times  over ,  and  to  be  honest  with  you ,  I  don 't  necessarily  think  that  Roger  is  trying  to  do  the  wrong  stuff .  But  he 's  a  human .  And  saying  that  he 's  the  end - all ,  be - all  no  matter  what  in  any  situation"
muslim,23830," and  even  more  so  among  Christians .  According  to  some  historians ,  even  the  infamous  C ag li ost ro  was  involved  with  Falk  and  learned  from  London âĢ Ļ s  Baal  She m  both  the  secrets  and  rituals  that  later  formed  his  Egyptian  Rite  of  Freem asonry .  These  R ites ,  by  the  way ,  became  one  of  the  sources  for"
muslim,23830,"re - scale ,  low - energy - cons umption ,  non - vol atile  magnet oe lect ronics . For  The  Capital 's  three - part  series ,  education  reporter  Cindy  Huang  examined  teacher  experience  levels  across  12  public  high  schools  provided  by  a  2016  database  of  school  employees ,  their  salaries ,  years  of  experience  and  obtained  through  a  public  information"
muslim,23830," is  basically  only  useful  in  Death match  and  in  some  defensive  team  modes .  In  Death match ,  the  ability  to  create  copies  at  all  ( since  they  don âĢ Ļ t  spawn  naturally )  is  powerful ,  and  can  often  confuse  enemies  enough  to  net  you  free  stun s .  In  Dom ination  or  Man hunt ,  having  an  army  of  clones"
muslim,23830," are  born ,  they  can  weigh  up  to  80  pounds  and  reach  lengths  up  to  4  feet .[ 7 ]  Sexual  dim orph ism  is  prominently  seen  in  elephant  seals  due  to  the  fact  that  male  elephant  seals  can  weigh  up  to  10  times  more  than  females .[ 8 ]  Also ,  the  large  prob osc is ,  which  is  considered  a  secondary"
muslim,23830," for  S j Ã¶ gren 's .  "" How  the  disease  will  play  out  for  Williams  is  unclear ,""  says  Margaret  Steele  in  USA  Today .  "" Sym ptoms  can  remain  mild ,  worsen  or ,  occasionally ,  go  into  remission .""  Patients  usually  manage  the  symptoms  with  drops  for  dry  eyes ,  anti - inflammatory  drugs ,  and  immun os upp ressive"
muslim,23830," of  one  of  the  earthquake  victims  prior  to  the  funeral  service  Saturday .  Greg orio  Borg ia  /  AP 
 
 Em otions  that  had  been  dam med  up  for  days  broke  in  a  c res cend o  of  grief .  One  young  man  we pt  over  a  little  girl 's  white  coffin .  Many  mourn ers  were  recovering  from  injuries  themselves ,"
muslim,23830," of  ground  ch ia  +  1 / 2  cup  water 
 
 4  cup  greens  ( baby  spinach ,  kale ,  etc .),  optional 
 
 Direct ions  for  Chick pe a  Patt ie  Recipe 
 
 Comb ine  the  3  tbsp  of  ground  ch ia  with  the  1 / 2  cup  of  water  in  a  bowl  and  set  aside .  Wash  &"
muslim,23830,":  Even  when  participants  were  highly  confident  in  their  choice ,  they  showed  a  tendency  to  âĢ ľ cho ose âĢ Ŀ  correctly  at  an  imp ossibly  high  rate . 
 
 T aken  together ,  these  findings  suggest  that  we  may  be  systematically  misled  about  how  we  make  choices ,  even  when  we  have  strong  intu itions  to  the  contrary .  Why"
muslim,23830," of  U . S .- funded  defense  systems ,  including  the  short  range  Iron  Dome  anti - miss ile  program . 
 
 wik ic omm ons  Rep .  St eny  H oyer  ( D - M d .),  the  second - ranked  Democrat  in  the  U . S .  House  of  Representatives  will  lead  the  delegation  of  37  Democrats  on  a  trip"
muslim,23830," were  kept  top  secret  from  even  the  main  cast  during  the  early  seasons . 
 
 Image :  "" Sc r ubs "" 
 
 An  early  episode  of  "" The  Daily  Show ""  featured  Jon  Stewart  interviewing  a  young  Bra ff  just  as  "" Sc r ubs ""  was  starting  to  get  traction .  When  Stewart  asked  what  sorts  of  plot  developments"
muslim,23830," the  president  has  long  desired . 
 
 Although  the  focus  was  on  Trump âĢ Ļ s  supposedly  dangerous  isolation ism  and  nationalism ,  what âĢ Ļ s  really  upsetting  them  is  that  he  dared  to  say  what  no  one  is  supposed  to  say :  that  the  U . N .  is  broken  and  that  it  is  unrealistic  and  dangerous  to  have  a"
muslim,23830," and  the  Colt  Monitor  were  available  for  export  sale  in  Colt 's  exclusive  sales  territories  per  its  agreement  with  FN .[ 13 ]  These  Colt  territories  included  North  America ,  Central  America ,  the  West  Indies ,  South  America ,  Great  Britain ,  Russia ,  Turkey ,  S iam  ( Th ailand ),  India  and  Australia .[ 13 ] 
 
 Bel g"
muslim,23830,".  Though  looking  at  asset  pricing  may  be  the  wrong  approach  in  this  case ,  he  wrote  today  on  the  group 's  blog . 
 
 "" A  dollar  bill  lays  claim  to  no  stream  of  future  earnings ,  yet  nobody  says  there 's  a  ' dollar  bubble '  because  somebody 's  willing  to  give  you  a  candy  bar  for  one ,""  he"
muslim,23830," to  more  complexity  ( e . g .,  Conway  et  al .,  16  There  is  a  potential  tension  here .  These  results  highlight  that  other  studied  nations  may  show  less  of  a  tendency  for  conservative  simplicity ,  which  is  best  construed  as  a  main  effect  of  context  on  the  effect  in  question .  It  is  possible  that  ideology  topic  domain  interactions  — the"
muslim,23830,". âĢ Ŀ 
 
 4 .  Some  People  have  said  Paddock  used  service  elevator  w  his  girlfriends  ID -  this  is  FALSE  There  are  No  locks ,  No  signs ,  No  keys  required  pic . twitter . com / r j E 5 s dr 6 y D  —  Nick  (@ Nick _ Fal co )  October  15 ,  2017  5 ."
muslim,23830," with  the  Blues .  But  the  team  and  Sob ot ka âĢ Ļ s  camp  have  plans  to  meet  again  on  July  21  in  Toronto  for  a  club - elected  arbitration  hearing . 
 
 The  arbit er âĢ Ļ s  ruling  will  set  Sob ot ka âĢ Ļ s  salary  for  the  season  in  which  he  returns  to  the  NHL  ...  whenever"
muslim,23830, the  streets  of  downtown .  Photo  by  Chris  Stone  Thousands  took  part  in  the  San  Diego  March  for  Science  through  the  streets  of  downtown .  Photo  by  Chris  Stone  Thousands  took  part  in  the  San  Diego  March  for  Science  through  the  streets  of  downtown .  Photo  by  Chris  Stone  Thousands  took  part  in  the  San  Diego  March  for  Science  through  the  streets  of
muslim,23830," was  published  last  year  in  Toronto .  "" I 've  doubted  myself ,  wondered  if  I 've  actually  done  something  to  provoke  them ."" 
 
 Green  had  to  stay  to  wait  for  the  bus ,  but  even  the  idea  of  walking  away  from  the  officer  didn 't  cross  his  mind . 
 
 "" In  theory  my  Charter  rights  allow  me  to"
muslim,23830,".  Gender  variance  has  existed  as  long  as  human  beings  have .  Trans sexual ity  is  simply  a  relatively  new  option  for  addressing  it  and  meeting  the  needs  of  people  with  a  sense  of  strong  dish arm ony  between  gender  identity  and  physical  sex .  It  didn âĢ Ļ t  create  us ,  it  is  just  a  means  of  allowing  us  to  live"
muslim,23830,"re  such  a  brilliant  cook âĢ Ļ ,  and  I  would  br istle  because  I âĢ Ļ m  so  much  more  than  that .  It  used  to  really  upset  me .  So  when  I  came  to  Australia  I  was  determined  to  do  something  else . âĢ Ŀ 
 
 On  the  trail  of  the  late  spiritual  leader  Barry  Long ,  whose  teachings  she"
muslim,23830,".  Ak wan  Information  Technologies  ( Price :  unknown ,  Date :  November  17 ,  2005 ) 
 
 Ak wan  Information  Technologies  was  a  search  engine  based  in  Brazil .  Google  made  the  announcement  of  the  acquisition  on  the  same  day  that  they  announced  the  opening  of  two  Latin  American  operations .  The  two  operations  are  based  in  So  Paulo ,  Brazil"
muslim,23830," he  said  with  a  smile . 
 
 --  Download  the  Detroit  Lions  ML ive  app  for  iPhone  and  Android 
 
 --  Follow  ML ive  Sports  on  Facebook ,  Twitter  and  Instagram Marg aret  Thatcher  and  her  chancellor  Sir  Geoffrey  Howe  were  behind  a  politically  toxic  plan  in  1982  to  dismantle  the  welfare  state ,  newly  released  Downing  Street  documents  show ."
muslim,23830," off  the  server  and  putting  it  back  on  the  business ,""  says  Stephens ,  the  Pack house  general  manager .  "" There 's  hardly  any  turnover ,  and  everybody 's  making  money ."" 
 
 A  former  NPR  staffer ,  Alan  Green bl att  is  a  journalist  based  in  St .  Louis . Fl ood ing  from  Hurricane  Jo aquin  will  impact  areas"
muslim,23830," brand  in  North  America .  âĢ ľ Everything  we  do  today  is  informed  by  the  vision  and  hard  work  of  those  Land  Rover  pioneers  such  as  Bill  Baker . âĢ Ŀ 
 
 B aker  went  into  sem ire t irement  from  Land  Rover  in  2003 .  But  he  stayed  in  touch  with  Hughes  and  with  many  of  the  journalists  who  attended  his"
muslim,23830," League  Baseball . 
 
 I  can  envision  David  Stern  running  over  to  Gary  Bett man  during  the  annual  Sports  Commissioners  Summit  ( t otally  a  real  thing  don 't  try  to  convince  me  otherwise )  and  saying ,  "" Tag ,  you 're  it .""  ( And  lord ,  can  you  imagine  if  the  Mal oof s  sold  the  Kings  to  the"
muslim,23830," team  of  astronomers  and  planetary  scientists  has  used  Subaru  Telescope 's  two  optical  cameras ,  Sup r ime - Cam  and  the  F aint  Object  Camera  and  Spect rog raph  ( F OC AS ),  with  a  blue  transmission  filter  to  observe  planetary  trans its  of  super - Earth  G J  12 14  b  ( Gil ese  12 14  b )  ( Figure"
muslim,23830,"
 Ex cessive  alcohol 
 
 Card i omy opath ies  -  a  group  of  diseases  that  affect  heart  muscle 
 
 Some  people  are  born  with  heart  failure  British  Heart  Foundation 
 
 "" When  you  have  insomnia  your  body  releases  stress  hormones  which  in  turn  may  effect  the  heart  in  a  negative  way ,""  he  said .. 
 
 The  same"
muslim,23830," States  says  they  have  links  to  al  Qaeda . 
 
 Other  experts  point  to  ties  forged  between  Somali  pirates ,  most  of  whom  are  based  in  the  northern  P unt land  region ,  and  criminal  networks  in  Yemen  during  years  of  people - sm ugg ling . 
 
 The  Islamists  deny  master m inding  the  recent  attacks  at  sea ,  and"
muslim,23830," Kat usha  2 
 
 M ountain  3  1  S Ã¸ ren  Kr agh  Andersen  ( Den )  Team  Tre - For  10  pts  2  Michael  Re ih s  ( Den )  Team  Cult  E ner gi  6  3  Mik kel  Mort ensen  ( Den )  Team  Concord ia  Fors ik ring - R iw al  4  4  Mikhail  Ign at y ev"
muslim,23830, al gu ien  sin  pr ue bas . T odo  el  and amia je  legal  se  bas a  en  la  conf ian za  en  que  las  cond en as  se an  product o  de  pr ue bas  admit idas  y  valid adas  en  un  ju icio  con  g arant ÃŃ as  constit uc ional es .  Por que  pod em os  a cept
muslim,23830," book 's  publication ,  the  American  Anthrop ological  Association  and  the  American  Psychological  Association  ( AP A )  published  official  statements  regarding  the  issue ,  both  highly  skeptical  of  some  of  the  book 's  claims ,  although  the  AP A  report  called  for  more  empirical  research  on  the  issue . 
 
 History  of  the  debate 
 
 Claim s  of  races  having"
muslim,23830," Omega ,  Fem me  Fat ale ,  etc ,  and  use  E ure ka  to  cheat  out  big  programs  and  the  Black guard .  When  Oracle  May  comes  out ,  this  strategy  will  probably  become  more  viable . 
 
 My  expectation  is  that  this  ends  up  being  a  fun  deck ,  but  not  a  top  tier ,  tournament  deck ,  but  we"
muslim,23830,"âĢ Ŀ 
 
 One  of  the  most  disturbing  things  that  happened  was  the  deposition  [ at  my  trial ].  A  Mr .  Joseph  A .  Mar ut ollo  and  a  Mr .  James  R .  Chow  were  on  the  case  for  the  government .  They  were  both  very  disrespectful  throughout  the  whole  trial .  During  deposition  they  were  asking  me  questions  that"
muslim,23830,"Ott awa ,  November  9 ,  2015 )  –  The  Ontario  Civil  Liberties  Association  ( OC LA )  den ounces  the  criminal  prosecution  of  Mr .  Arthur  T oph am  taking  place  in  Q ues nel ,  BC . 
 
 Mr .  T oph am  is  on  trial  for  charges  under  the  âĢ ľ hate  speech âĢ Ŀ  provisions  of  Canada âĢ"
muslim,23830,"âĢ Ŀ  Fowler  said .  âĢ ľ This  was  a  group  of  people  in  a  large  group  —  75 ,  100 ,  200  mixed  into  a  crowd  of  much  larger  size  —  that  facilitated  that  violence  and  destruction . âĢ Ŀ 
 
 What  is  to  blame  for  the  uptick ,  R antz  asked . 
 
 âĢ ľ I  don âĢ Ļ"
muslim,23830," Thankfully  by  partnering  with  Star z ,  the  gloves  are  off  and  we  have  no  restrictions ,  almost  literally âĢ¦ [ The  fans ]  want  the  hardcore  stuff ,  and  they âĢ Ļ re  going  to  get  it . 
 
 Tap ert  said ,  Joseph  Lo D uca  will  compose  the  soundtrack .  R aim i  explained  the  new  approach  they âĢ"
muslim,24342," wasn 't  one  of  those  people  who  saw  the  light ;  I  had  to  feel  the  heat ."" 
 
 A  45 - year - old  father  of  four  kids ,  Robertson  also  hosts  a  popular  podcast  and  wrote  a  book  about  the  Ole  Miss  scandal ,  "" F lim  Flam ,""  which  is  scheduled  to  be  published  next  month  ( the  books"
muslim,24342," in  effect :  I  do  not  know  for  certain  about  death  and  the  gods  –  but  I  am  as  certain  as  I  can  be  there  you  do  not  know ,  either .  ( p .  257 ) 
 
 The  advantage  that  secular ism  holds  over  religion  is  that  it  is  self - lim iting  when  taken  in  conjunction  with  skepticism  and  human"
muslim,24342," much  of  Canada 's  population . 
 
 Canada  covers  9 , 98 4 , 670  km 2  ( 3 , 855 , 100  sq  mi )  and  a  pan op ly  of  various  ge oc lim atic  regions .  There  are  8  main  regions .[ 28 ]  Canada  also  encompasses  vast  maritime  terrain ,  with  the  world 's  longest  coastline  of  243"
muslim,24342," ship  passing  to  the  north  reported  a  new  vent  "" only  a  few  meters  above  sea  level "";  this  may  be  the  most  nort her ly  spot  indicated  on  Fer zen a ar 's  map .  Activity  continued  through  mid - August .[ c itation  needed ] 
 
 C lim actic  phase  [  edit  ] 
 
 By  August  25 ,  the"
muslim,24342," Gift .  I  have  had  some  good  success  with  it  in  an  NBN  deck  with  Celebrity  Gift ,  that  focuses  heavily  on  locking  down  centr als  to  try  and  get  this  to  rec ur . 
 
 Does  Sub lim inal  Mess aging  get  worse  as  you  add  more  of  them ? 
 
 A  tiny  bit  worse .  If  you  have  2"
muslim,24342,". 
 
 Edit :  Ra ised  my  rating  a  bit  after  some  initial  results ,  it  looks  reasonable  as  a  Mel ange  replacement  in  We y land . 
 
 Sub lim inal  Mess aging : 
 
 Un certain ty :  Moderate / High . 
 
 Ex pected  Power :  4 / 5 
 
 Similar  Cards :  None ."
muslim,24342,",  the  Bad  Public ity  will  probably  be  pretty  relevant .  Big  Brother  and  Fre el ancer  also  count ,  however ,  the  corp  does  have  the  option  of  tr ashing  her  first  for  these  three  cards ,  because  if  they  are  playing  them ,  that  means  you  are  tagged . 
 
 Most ly  I  expect  Sub lim inal  Mess aging  to"
muslim,24342,". imag ( r ))  <  1 e - 8 ])  ax . plot ( x , T 10 ( x ), label =' T 10 ( x ) ')  ax . plot ( x , y R 5 ,  label =' R 5 , 5 ( x ) ')  ax . set _ y lim (- 40 , 40 )  ax ."
muslim,24342,". plot ( t , y )  pl t . y lim (- 0 . 05 , 1 . 05 )  pl t . leg end ( [' Ga ussian  filter  t au = %. 3 f '  %  t au ,  ' B essel  ( n = % d ,  f 0 = %. 3 f )'  %  ( n , f"
muslim,24342,".  First  scor ch  you  prevent  with  Pl asc rete  and  use  her  to  draw  a  4 th  card .  Now  the  second  wont  kill  you . 
 
 Ver dict :  Maybe  try  it  in  Tag me  Anarch ,  if  you  really  like  that  deck ,  and  everyone  in  your  meta  starts  running  Sub lim inal  Mess aging .  Altern ately ,"
muslim,24342," warm  extremes  is  increasing .  It  is  the  extremes  that  have  the  most  impact  on  people  and  other  life  on  the  planet . âĢ Ŀ 
 
 NASA  images  by  Robert  Sim mon ,  based  on  data  from  the  NASA  Goddard  Institute  for  Space  Studies ,  NOAA  National  Clim atic  Data  Center ,  Met  Office  Had ley  Centre / C lim atic  Research"
muslim,24342,". text ( xt , yt ,' ( % d , % d )'  %  ( p , q ),  va =' bottom ',  ha =' right '  if  at end  else  ' left ',  rotation =' hor izontal '  if  at end  else  - 90 . 0 )  ax . set _ x lim ( x lim )  ax . set _"
muslim,24342,"/ t au ],[ 1 ,  1 / t au ] ], y , t )  ax . plot ( t , y 2 , label =' p = q = % d '  %  q )  ax . set _ y lim (- 0 . 1 , 1 . 1 )  ax . grid (' on ')  ax . leg end ("
muslim,24342,"x 0 list =[ 0 ])  fig  =  pl t . figure ( fig size =( 8 , 6 ))  ax  =  fig . add _ sub plot ( 1 , 1 , 1 )  ax . plot ( x , y )  ax . set _ y lim (- 40 , 40 )  ax . grid (' on ') 
 
 We"
muslim,24342," inventive  date  ideas . 
 
 Start ed  Alphabet  dating  tonight ,  A  is  for  Asian  food ,""  wrote  one  couple . 
 
 Start ed  alphabet  dating  tonight  ðŁ Ĵ ĸ  A  is  for  Asian  food .  ðŁĺ į ðŁ į ´  # alph abet dating  # che atmeal  # s lim ming world  A  photo  posted  by  ðŁ Ĵ ľ  l"
muslim,24342," H . step ( T = t )  ax . plot ( t , y , label =' p = q = % d '  %  q )  ax . grid (' on ')  ax . leg end ( loc =' best ',  labels p acing = 0 )  ax . set _ y lim (- 0 . 5 , 1 . 2"
muslim,24342," in  ax :  ax k . plot ( t , y , label = label )  for  k  in  x range ( 2 ):  if  k  >  0 :  ax k . set _ x lim ( 0 . 9 , 1 . 1 )  ax [ k ]. leg end ( loc =' best ')  ax [ k ]. set _ y"
muslim,24342,"acing = 0 )  ax . set _ y lim (- 0 . 1 , 1 . 1 ); 
 
 And  that âĢ Ļ s  pretty  much  all  there  is  to  say  here .... 
 
 Taking  it  further 
 
 H mmm .  The  over shoot  is  kind  of  annoying ,  though ,  isn âĢ Ļ t  it ?  What  if"
muslim,24342," _ , y  =  H . step ( T = t )  ax . plot ( t , y , label =' p = q = % d '  %  q )  ax . set _ y lim (- 0 . 5 , 2 . 5 )  ax . grid (' on ')  ax . leg end ( loc =' best ',  labels"
muslim,24342," n x / 2 ,  n x )[ 1 ]  at end  =  it  ==  ( n x - 1 )   xt  =  x [ it ]  *  ( 0 . 99  if  at end  else  1 )  y t  =  P ( xt )/ Q ( xt )  if  at end  else  y lim [ 0 ] * 1 . 2"
muslim,24342," _ , y  =  H . step ( T = t )  ax . plot ( t , y , label =' p = q = % d '  %  q )  ax . set _ y lim (- 0 . 5 , 2 . 5 )  ax . grid (' on ')  ax . leg end ( loc =' best ',  labels"
muslim,24342,"t . axis (' equal ')  ax . set _ x lim (- 50 , 50 )  ax . set _ y lim (- 50 , 50 ); 
 
 Huh  —  that  doesn âĢ Ļ t  look  bad .  The  poles  and  z eros  are  symm etric  for  \(  p = q  \ )  and  line  up  along  arcs  that  get  further"
muslim,24342,"t . axis (' equal ')  ax . set _ x lim (- 50 , 50 )  ax . set _ y lim (- 50 , 50 ); 
 
 Huh  —  that  doesn âĢ Ļ t  look  bad .  The  poles  and  z eros  are  symm etric  for  \(  p = q  \ )  and  line  up  along  arcs  that  get  further"
muslim,24342," its  much  more  common  in  my  experience  for  the  runner  to  miss  one  turn  of  running ,  than  several  turns  in  a  row ,  in  which  case  the  extra  sub lim inals  are  just  as  valuable .  If  you  have  successfully  locked  the  runner  out  for  a  long  period  of  time  later  in  the  game  once  you  have  several  sub lim inals ,"
muslim,24342,"num / den ,  y lim [ 0 ],  y lim [ 1 ],  0 ,  n x / 2 )[ 0 ]  at end  =  it  ==  0   xt  =  x [ it ]  *  ( 0 . 99  if  at end  else  1 )  y t  =  P ( xt )/ Q ( xt )  if  at end  else  y"
muslim,24342,", âĢ Ŀ  Smith  says . 
 
 At  that  time ,  squash  switched  partners  in  its  evolutionary  dance . 
 
 âĢ ľ Initially ,  humans  probably  ate  the  seeds  of  the  wild  g our ds  after  some  washing  to  get  rid  of  the  bitter  taste , âĢ Ŀ  Smith  says .  Over  thousands  of  years  âĢ ľ humans  selected  for  non"
muslim,24342," accumulate  on  the  faculty  rolls .  But  getting  rid  of  it  would  be  like  curing  arter ios clerosis  by  shooting  the  patient .  For  one  thing ,  it  would  remove  the  last  incentive  for  any  sane  person  to  enter  the  profession .  People  still  put  up  with  everything  they  have  to  endure  as  graduate  students  and  junior  professors  for  the  sake  of  a"
muslim,24342," that  more  people  can  come  home  safely  at  the  end  of  the  day ,""  McAuliffe  said .  "" We  cannot  rest  until  we  have  done  whatever  it  takes  to  rid  our  society  of  prevent able  gun  violence  that  results  in  tragedies  like  the  one  we  are  enduring  today ."" 
 
 During  his  regular  press  briefing  at  the  White  House ,  Press  Secretary"
muslim,24342," again ,  you  have  ph ag ocytes  that  do  a  very  good  job  of  getting  rid  of  dead  cells . 
 
 Why  isn âĢ Ļ t  M MS  an  approved  treatment ? 
 
 No  miracle  cure  would  be  complete  without  a  conspiracy  theory ,  and  M MS  supporters  are  more  than  happy  to  concoct  one .  In  classic  conspiracy  theorist  form"
muslim,24342," Dynamics ,  Senior  Technical  Artist  Jon  Rob ins  leans  into  his  monitor  and  carefully  studies  the  L udd ington  footage .  "" Making  a  human  being  is  the  most  challenging  thing  when  creating  video  games .""  He  notes  how  light  bounces  off  the  rid ges  on  L udd ington 's  forehead ,  how  her  eyes  move  in  a  slightly  different  fashion  for  each"
muslim,24342,". 
 
 The  execution  of  throw  and  catch  can  be  significantly  expensive  with  some  implementations . 
 
 Exception  handling  violates  the  don 't - pay - for - what - you - don 't - use  design  of  C ++ ,  as  it  inc urs  overhead  in  any  non - leaf  function  that  has  destruct able  stack  objects  regardless  of  whether"
muslim,24342," in  1927 .  The  M 19 18  has  a  cyl ind rical  flash  suppress or  fitted  to  the  muzzle  end .  The  original  BAR  was  equipped  with  a  fixed  wooden  butt stock  and  closed - type  adjustable  iron  sights ,  consisting  of  a  forward  post  and  a  rear  leaf  sight  with  100  to  1 , 500  yard  ( 91 - 1 , 372"
muslim,24342,"ard  leaf ,  no  stem . 
 
 AG :  Just  the  one  ch ard  leaf . 
 
 RR :  [ Laughs .]  Just  the  one ,  yeah .  Listen ,  after  I  stopped  competing  in  jud o ,  before  I  began  fighting  MMA ,  I  part ied  hard .  I  felt  like  I 'd  been  training  my  whole  life  and  missed"
muslim,24342," needed  it  in  summer  and  to  give  their  l ager - style  beers  the  proper  conditions  to  ferment  properly .  Brew eries  cooled  these  cell ars  further  by  scattering  gravel  on  the  ground  and  planting  leaf y  shade  trees . 
 
 It  wasn 't  long  before  tables  and  chairs  showed  up  in  these  pleasant  env ir ons ,  and  the  beer  gardens"
muslim,24342," species  of  animals  away  from  the  rest  of  the  continent  by  a  border  of  hot ,  dry  forest ,  for  possibly  millions  of  years . 
 
 The  ge cko  that  the  team  found  is  a  species  of  leaf - tailed  ge cko ,  that  bears  a  resemblance  I  think  to  one  of  my  favourites ,  the  aptly  named  sat anic  leaf -"
muslim,24342," over  recent  years . 
 
 This  graph  depicts  two  well  known  global  surface  temperature  observational  datasets ,  the  UK âĢ Ļ s  Had CR UT  and  the  US âĢ Ļ  NASA  G ISS . 
 
 To  understand  what âĢ Ļ s  happening ,  it  is  critical  to  realise  that  the  climate  changes  for  a  number  of  reasons  in  addition  to  CO"
muslim,24342," has  signed  a  new  contract  with  the  club . 
 
 The  midfielder  made  twenty  league  appearances  for  the  club  last  season ,  and  speaking  to  Cork City FC . ie ,  He aly  said :  âĢ ľ I  am  very  pleased  to  have  signed  back  with  Cork  City  for  the  2016  season .  We  are  all  looking  forward  to  the  new  season"
muslim,24342," 10  ended  in  abortion .  ( http :// www . g utt m acher . org / pub s / fb _ induced _ abortion . html # 1 )  In  other  words ,  between  one - fifth  and  one - quarter  of  all  pregnancies  ended  in  abortion .  Without  any  other  information ,  those  statistics  can  sound  scary  and  paint  a  picture"
muslim,24342," who  did  it ,  but  it 's  obviously  a  hostile  act ,""  says  L Ã¶ f gren . 
 
 Israel  has  been  desperate  to  stop  the  fl ot illa  from  nearing  Gaza .  Israel  raided  a  similar  fl ot illa  in  international  waters  last  year ,  killing  nine  pro - Palestinian  activists  in  the  process ,  one  of  them  an  American  citizen"
muslim,24342," space ,  effortlessly  avoiding  being  hit ,  really  made  me  notice  the  runtime . 
 
 There âĢ Ļ s  a  lot  of  time  spent  at  a  space  casino ,  with  little  payoff .  Poe  appears  to  be  the  new  Han  Solo ,  and  a  surrogate  son  for  Leia ,  which  is  cute .  Finn  shows  an  understandable  desire  to  run  away ,"
muslim,24797," wasn 't  one  of  those  people  who  saw  the  light ;  I  had  to  feel  the  heat ."" 
 
 A  45 - year - old  father  of  four  kids ,  Robertson  also  hosts  a  popular  podcast  and  wrote  a  book  about  the  Ole  Miss  scandal ,  "" F lim  Flam ,""  which  is  scheduled  to  be  published  next  month  ( the  books"
muslim,24797,". 
 
 Edit :  Ra ised  my  rating  a  bit  after  some  initial  results ,  it  looks  reasonable  as  a  Mel ange  replacement  in  We y land . 
 
 Sub lim inal  Mess aging : 
 
 Un certain ty :  Moderate / High . 
 
 Ex pected  Power :  4 / 5 
 
 Similar  Cards :  None ."
muslim,24797," Gift .  I  have  had  some  good  success  with  it  in  an  NBN  deck  with  Celebrity  Gift ,  that  focuses  heavily  on  locking  down  centr als  to  try  and  get  this  to  rec ur . 
 
 Does  Sub lim inal  Mess aging  get  worse  as  you  add  more  of  them ? 
 
 A  tiny  bit  worse .  If  you  have  2"
muslim,24797," ship  passing  to  the  north  reported  a  new  vent  "" only  a  few  meters  above  sea  level "";  this  may  be  the  most  nort her ly  spot  indicated  on  Fer zen a ar 's  map .  Activity  continued  through  mid - August .[ c itation  needed ] 
 
 C lim actic  phase  [  edit  ] 
 
 By  August  25 ,  the"
muslim,24797,",  the  Bad  Public ity  will  probably  be  pretty  relevant .  Big  Brother  and  Fre el ancer  also  count ,  however ,  the  corp  does  have  the  option  of  tr ashing  her  first  for  these  three  cards ,  because  if  they  are  playing  them ,  that  means  you  are  tagged . 
 
 Most ly  I  expect  Sub lim inal  Mess aging  to"
muslim,24797," warm  extremes  is  increasing .  It  is  the  extremes  that  have  the  most  impact  on  people  and  other  life  on  the  planet . âĢ Ŀ 
 
 NASA  images  by  Robert  Sim mon ,  based  on  data  from  the  NASA  Goddard  Institute  for  Space  Studies ,  NOAA  National  Clim atic  Data  Center ,  Met  Office  Had ley  Centre / C lim atic  Research"
muslim,24797,"lim inal  Mess aging  again .  Given  that  you  spent  at  least  âĢ ĺ 4 âĢ Ļ  worth  of  resources  putting  her  out ,  this  might  be  reasonable  for  the  corp . 
 
 Play  the  Sub lim inal ,  taking  a  Bad  Public ity  and  tagging  you .  They  might  do  this  at  a  time  when  the  tag  would  be  very  BAD"
muslim,24797," in  effect :  I  do  not  know  for  certain  about  death  and  the  gods  –  but  I  am  as  certain  as  I  can  be  there  you  do  not  know ,  either .  ( p .  257 ) 
 
 The  advantage  that  secular ism  holds  over  religion  is  that  it  is  self - lim iting  when  taken  in  conjunction  with  skepticism  and  human"
muslim,24797," much  of  Canada 's  population . 
 
 Canada  covers  9 , 98 4 , 670  km 2  ( 3 , 855 , 100  sq  mi )  and  a  pan op ly  of  various  ge oc lim atic  regions .  There  are  8  main  regions .[ 28 ]  Canada  also  encompasses  vast  maritime  terrain ,  with  the  world 's  longest  coastline  of  243"
muslim,24797,".  That âĢ Ļ s  basically  a  Hedge  Fund ! 
 
 So  far  I  have  been  playing  3  Sub lim inal  Mess aging  in  any  deck  I  make ,  to  try  it .  And  so  far  it  is  quite  interesting .  It  definitely  seems  best  in  J int eki ,  who  both  makes  the  runner  not  want  to  run ,  and  runs"
muslim,24797," run .  Any  time  this  happens ,  you  get  a  free  credit .  If  this  happens  at  least  ON CE ,  then  Sub lim inal  has  given  you  $ 2  without  a  click ,  making  it  at  least  as  good  as  a  Bean st alk .  Once  it  happens  TW ICE ,  the  Sub lim inal  is  worth  $ 3  without  spending  a"
muslim,24797," run .  Any  time  this  happens ,  you  get  a  free  credit .  If  this  happens  at  least  ON CE ,  then  Sub lim inal  has  given  you  $ 2  without  a  click ,  making  it  at  least  as  good  as  a  Bean st alk .  Once  it  happens  TW ICE ,  the  Sub lim inal  is  worth  $ 3  without  spending  a"
muslim,24797,".  First  scor ch  you  prevent  with  Pl asc rete  and  use  her  to  draw  a  4 th  card .  Now  the  second  wont  kill  you . 
 
 Ver dict :  Maybe  try  it  in  Tag me  Anarch ,  if  you  really  like  that  deck ,  and  everyone  in  your  meta  starts  running  Sub lim inal  Mess aging .  Altern ately ,"
muslim,24797," does  Tall ie  do ?  Essentially ,  if  the  Corp  plays  Sub lim inal  Mess aging ,  she  gives  them  a  Bad  Public ity  but  tags  you .  If  the  corp  plays  a  damaging  event  like  Scor ched  Earth  or  Neural  EMP ,  she  gives  them  a  Bad  Public ity  but  tags  you ,  and  also  allows  you  to  trash  her  afterwards  in"
muslim,24797," or  Wh izzard  tag me  denial  deck  with  S iph on ,  V amp ,  Pl asc rete ,  Joshua  B ,  Data  Le ak  Re vers al ,  etc .  She  helps  counter  those  Sub lim inal  Mess ag ings  that  can  help  the  corp  get  money . 
 
 In  Tag - me  Anarch ,  it âĢ Ļ s  probably  a"
muslim,24797,". text ( xt , yt ,' ( % d , % d )'  %  ( p , q ),  va =' bottom ',  ha =' right '  if  at end  else  ' left ',  rotation =' hor izontal '  if  at end  else  - 90 . 0 )  ax . set _ x lim ( x lim )  ax . set _"
muslim,24797," inventive  date  ideas . 
 
 Start ed  Alphabet  dating  tonight ,  A  is  for  Asian  food ,""  wrote  one  couple . 
 
 Start ed  alphabet  dating  tonight  ðŁ Ĵ ĸ  A  is  for  Asian  food .  ðŁĺ į ðŁ į ´  # alph abet dating  # che atmeal  # s lim ming world  A  photo  posted  by  ðŁ Ĵ ľ  l"
muslim,24797," inventive  date  ideas . 
 
 Start ed  Alphabet  dating  tonight ,  A  is  for  Asian  food ,""  wrote  one  couple . 
 
 Start ed  alphabet  dating  tonight  ðŁ Ĵ ĸ  A  is  for  Asian  food .  ðŁĺ į ðŁ į ´  # alph abet dating  # che atmeal  # s lim ming world  A  photo  posted  by  ðŁ Ĵ ľ  l"
muslim,24797,". imag ( r ))  <  1 e - 8 ])  ax . plot ( x , T 10 ( x ), label =' T 10 ( x ) ')  ax . plot ( x , y R 5 ,  label =' R 5 , 5 ( x ) ')  ax . set _ y lim (- 40 , 40 )  ax ."
muslim,24797,"/ t au ],[ 1 ,  1 / t au ] ], y , t )  ax . plot ( t , y 2 , label =' p = q = % d '  %  q )  ax . set _ y lim (- 0 . 1 , 1 . 1 )  ax . grid (' on ')  ax . leg end ("
muslim,24797," Russians ,  hacking ,  allegations  of  collusion ,  and  who - kn ows - what - else ,  the  revelation  on  Thursday  that  special  counsel  Robert  Mueller  had  issued  grand  jury  subpoen as  somehow  managed  to  feel  like  an  antic lim ax . 
 
 M ueller 's  particular  concern  in  this  case  appears  to  be  Donald  Trump  Jr .' s  meeting  with"
muslim,24797," H . step ( T = t )  ax . plot ( t , y , label =' p = q = % d '  %  q )  ax . grid (' on ')  ax . leg end ( loc =' best ',  labels p acing = 0 )  ax . set _ y lim (- 0 . 5 , 1 . 2"
muslim,24797," CAN V AS ,  said  people  are  simply  finding  different  ways  to  use  different  platforms ,  and  young  people  are  already  acc lim ated  to  those  differences . 
 
 âĢ ľ They âĢ Ļ re  being  trained  at  a  young  age  to  be  satisfied  by  a  three - minute  video ,  or  a  three - second  gif , âĢ Ŀ  he  said"
muslim,24797,"rush _ lim baugh _ att orney _ roy _ black _ fund ra iser _ patrick _ mur phy . php ]  *  LET ' S  GET  DR UN K :  RO Y  BLACK ,  POL O  B OSS  JOHN  GOODMAN ' S  LAW Y ER ;  H OST S  YEAR LY  SH IND IG  "" International  Polo  Club  Palm  Beach  founder"
muslim,24797," months  of  acc lim at izing  the  students  to  life  beyond  the  academy .  Months  more  work  still  remained  to  do . 
 
 âĢ ľ I  can âĢ Ļ t  believe  they  lost , âĢ Ŀ  I  said . 
 
 âĢ ľ Sur rendered , âĢ Ŀ  Jessie  said . 
 
 âĢ ľ I âĢ Ļ m  so  disappointed ,"
muslim,24797," a  face  veil ,  she  said :  "" Sah ra ,  religion  is  something  you  carry  in  your  heart .  You  don 't  have  to  show  it  to  everyone ."" 
 
 Sah ra  told  her  mother  that  she  was  an  "" inf idel ,""  that  she  was  "" imp ure ,""  and  that  she  had  no  right  to  judge  what  her  daughter"
muslim,24797," was  the  only  group  home  resident  given  this  access . 
 
 âĻ¦ âĹ Ĭ âĻ¦ 
 
 Standing  up  for  the  right  to  read  books  drastically  changed  my  world .  Eventually ,  I  would  be  discovered  by  a  Buddhist  nun  ( imp ressed  by  my  juvenile  hunger  strike  story )  and  along  with  her  mon astic  community ,  provided  me  with  a"
muslim,24797," said  he 's  observed  a  marked  increase  in  "" the  degree  of  ac rim ony ""  in  the  public 's  behaviour  over  the  past  five  years ,  in  particular . 
 
 His  comments  came  during  a  special  council  meeting  on  the  city 's  public - eng agement  policies . 
 
 Mayor  Na heed  N ens hi  said  Monday 's  meeting  had"
muslim,24797,"Mary  Vincent 
 
 + 1 - 703 - 772 - 7 407 
 
 m vin cent @ uf c . com 
 
 Is abel le  McL em ore 
 
 + 1 - 702 - 540 - 09 05 
 
 im cle more @ uf c . com Another  Space _ Man _ Sp iff  1990  Chevrolet  Tracker  post"
muslim,24797," 16  bit  UCS 2 - enc oded  strings  --  as  many  do  --  then  you  can 't  rely  on  the  standard  library  wide  string  functions  being  usable .  So  games  will  commonly  re - write  the  entire  string  library  in  order  to  be  portable .  This  is  unfortunate ,  as  the  vendor - provided  C  string  functions  are  usually  well - im ple"
muslim,24797," Bj erg sen  44 . 61  points 
 
 Oh ,  I  forgot  to  mention ,  T SM  is  # 2  in  every  position  this  week  as  well .  Again ,  I  think  # 2  is  fair  for  all  of  them  except  for  D yrus ,  and  entirely  possible .  Unless  they  give  Vas ili i  Tr ist ana .  Then  your  fantasy"
muslim,24797,"
 
 fixed _ mult is et 
 
 fixed _ map 
 
 fixed _ mult im ap 
 
 fixed _ hash _ set 
 
 fixed _ hash _ mult is et 
 
 fixed _ hash _ map 
 
 fixed _ hash _ mult im ap  Fixed  containers  are  fixed - size  containers  with  their  memory  stored  right"
muslim,24797," fails  at  higher  values . 
 
 Damn ,  damn ,  damn . 
 
 5 .  Accept ance âĢ¦ ? 
 
 After  I  managed  to  figure  out  how  to  compute  poles  and  z eros  of  high - order  Pad Ã©  time  delay  approx im ations  using  Newton âĢ Ļ s  method ,  I  spent  a  very  long  day  trying  to  get"
muslim,24797,"Ŀ  uses  smile y  faces .  Kil im nik  uses  smile y  faces !!!  Say  no  more . 
 
 This  is  the  level  at  which  Harding âĢ Ļ s  logic  works .  Harding  recounts  a  meeting  of  Trump  and  Russian  Foreign  Minister  Sergei  Lavrov  in  the  White  House ,  a  meeting  which  was  photographed  by  someone  from  the  Russian  news  agency  T"
muslim,24797," out  their  passengers . âĢ Ŀ 
 
 4 . 
 
 In  the  morning  I  walked  to  a  small  synagogue  in  the  lower  city .  Ha ifa  was  then  still  a  small  town  with  a  small  population ,  mostly  Sep hard ic  Jews .  All  of  the  other  worsh ippers ,  except  me ,  were  Sep hard im .  There  was  one"
muslim,24797," to  see  this  option  in  more  headphones .  If  you 're  wondering ,  you  can  disable  the  "" imm ersion ""  feature  ( as  N ura  calls  it )  or ,  con versely ,  go  wild ,  and  jack  it  right  up  to  face - mel ting  levels . 
 
 By  now ,  you  can 't  help  but  have  noticed  that  these"
muslim,24797," For  the  first  option ,  we  could  use  the  results  from  the  regular  season  to  estimate  the  variability  across  all  pair wise  match - ups .  Thanks  to  Dirk  Ho ag  at  http :// fore check er . blogspot . com /,  I  was  able  to  get  the  number  of  goals  scored  during  regulation  play  ( not  overtime )  for  each  game  in"
muslim,24797," based  on  each  vigilante âĢ Ļ s  worldview .  In  Pun isher  # 10 ,  Co ppers mith  is  a  simple ,  villain ous  entity — a  murderer  and  threat  that  has  to  be  eliminated ,  like  so  many  of  Frank âĢ Ļ s  foes .  But  in  Daredevil ,  N ocent i  has  Matt  investigate  why  Co ppers mith  turned  to  crime"
muslim,24797, Somebody  in  the  office  is  playing  the  theme  to  Happy  Days .  One  of  the  younger  interns  asks  where  the  song  is  from .  I  hold  back  an  un y ielding  urge  to  bitch  slap  that  bomb oc lat .  Some  old  time y  dancing  is  about  to  go  down  if  this  music  keeps  up .  Either  the  twist  or  the  j itter
muslim,24797," floor  on  a  hard hat  tour ,  and  yes ,  the  views  do  not  suck . 
 
 At  1 , 070  feet ,  the  building  is  still  being  touted  as  the  tallest  office  building  west  of  Chicago  Â Ĺ  which  is  true ,  however  the  title  of  tallest  building  west  of  Chicago  now  belongs  to  Los  Angeles '  Wil shire  Grand ,"
muslim,24797," like  defense  contractors ,  but  we  we  them  also  trying  to  make  money .  We  see  that  they  use  Tro j ans  that  are  specifically  coded  to  steal  gaming  credentials ,  and  normally  the  threats  to  steal  gaming  credentials  are  used  for  money .  It âĢ Ļ s  unusual .  Normally ,  we  see  these  guys  working  for  the  government  and  ...  stealing"
muslim,2529," much  of  Canada 's  population . 
 
 Canada  covers  9 , 98 4 , 670  km 2  ( 3 , 855 , 100  sq  mi )  and  a  pan op ly  of  various  ge oc lim atic  regions .  There  are  8  main  regions .[ 28 ]  Canada  also  encompasses  vast  maritime  terrain ,  with  the  world 's  longest  coastline  of  243"
muslim,2529,". 
 
 Edit :  Ra ised  my  rating  a  bit  after  some  initial  results ,  it  looks  reasonable  as  a  Mel ange  replacement  in  We y land . 
 
 Sub lim inal  Mess aging : 
 
 Un certain ty :  Moderate / High . 
 
 Ex pected  Power :  4 / 5 
 
 Similar  Cards :  None ."
muslim,2529,"old  midfielder  joined  Club  Dep ort ivo  O lim p ia  in  the  Hond uran  national  soccer  league  this  year . 
 
 O lim p ia  was  eliminated  from  the  league 's  semi - final  last  weekend . 
 
 P eral ta  previously  played  for  the  Rangers  Football  Club  in  Scotland  and  Club  Dep ort ivo  V ida  in  Honduras ."
muslim,2529,"old  midfielder  joined  Club  Dep ort ivo  O lim p ia  in  the  Hond uran  national  soccer  league  this  year . 
 
 O lim p ia  was  eliminated  from  the  league 's  semi - final  last  weekend . 
 
 P eral ta  previously  played  for  the  Rangers  Football  Club  in  Scotland  and  Club  Dep ort ivo  V ida  in  Honduras ."
muslim,2529,"old  midfielder  joined  Club  Dep ort ivo  O lim p ia  in  the  Hond uran  national  soccer  league  this  year . 
 
 O lim p ia  was  eliminated  from  the  league 's  semi - final  last  weekend . 
 
 P eral ta  previously  played  for  the  Rangers  Football  Club  in  Scotland  and  Club  Dep ort ivo  V ida  in  Honduras ."
muslim,2529," does  Tall ie  do ?  Essentially ,  if  the  Corp  plays  Sub lim inal  Mess aging ,  she  gives  them  a  Bad  Public ity  but  tags  you .  If  the  corp  plays  a  damaging  event  like  Scor ched  Earth  or  Neural  EMP ,  she  gives  them  a  Bad  Public ity  but  tags  you ,  and  also  allows  you  to  trash  her  afterwards  in"
muslim,2529," Gift .  I  have  had  some  good  success  with  it  in  an  NBN  deck  with  Celebrity  Gift ,  that  focuses  heavily  on  locking  down  centr als  to  try  and  get  this  to  rec ur . 
 
 Does  Sub lim inal  Mess aging  get  worse  as  you  add  more  of  them ? 
 
 A  tiny  bit  worse .  If  you  have  2"
muslim,2529,".  That âĢ Ļ s  basically  a  Hedge  Fund ! 
 
 So  far  I  have  been  playing  3  Sub lim inal  Mess aging  in  any  deck  I  make ,  to  try  it .  And  so  far  it  is  quite  interesting .  It  definitely  seems  best  in  J int eki ,  who  both  makes  the  runner  not  want  to  run ,  and  runs"
muslim,2529," wasn 't  one  of  those  people  who  saw  the  light ;  I  had  to  feel  the  heat ."" 
 
 A  45 - year - old  father  of  four  kids ,  Robertson  also  hosts  a  popular  podcast  and  wrote  a  book  about  the  Ole  Miss  scandal ,  "" F lim  Flam ,""  which  is  scheduled  to  be  published  next  month  ( the  books"
muslim,2529," run .  Any  time  this  happens ,  you  get  a  free  credit .  If  this  happens  at  least  ON CE ,  then  Sub lim inal  has  given  you  $ 2  without  a  click ,  making  it  at  least  as  good  as  a  Bean st alk .  Once  it  happens  TW ICE ,  the  Sub lim inal  is  worth  $ 3  without  spending  a"
muslim,2529," run .  Any  time  this  happens ,  you  get  a  free  credit .  If  this  happens  at  least  ON CE ,  then  Sub lim inal  has  given  you  $ 2  without  a  click ,  making  it  at  least  as  good  as  a  Bean st alk .  Once  it  happens  TW ICE ,  the  Sub lim inal  is  worth  $ 3  without  spending  a"
muslim,2529,",  the  Bad  Public ity  will  probably  be  pretty  relevant .  Big  Brother  and  Fre el ancer  also  count ,  however ,  the  corp  does  have  the  option  of  tr ashing  her  first  for  these  three  cards ,  because  if  they  are  playing  them ,  that  means  you  are  tagged . 
 
 Most ly  I  expect  Sub lim inal  Mess aging  to"
muslim,2529,"lim inal  Mess aging  again .  Given  that  you  spent  at  least  âĢ ĺ 4 âĢ Ļ  worth  of  resources  putting  her  out ,  this  might  be  reasonable  for  the  corp . 
 
 Play  the  Sub lim inal ,  taking  a  Bad  Public ity  and  tagging  you .  They  might  do  this  at  a  time  when  the  tag  would  be  very  BAD"
muslim,2529,"lim inal  Mess aging  again .  Given  that  you  spent  at  least  âĢ ĺ 4 âĢ Ļ  worth  of  resources  putting  her  out ,  this  might  be  reasonable  for  the  corp . 
 
 Play  the  Sub lim inal ,  taking  a  Bad  Public ity  and  tagging  you .  They  might  do  this  at  a  time  when  the  tag  would  be  very  BAD"
muslim,2529,"lim inal  Mess aging  again .  Given  that  you  spent  at  least  âĢ ĺ 4 âĢ Ļ  worth  of  resources  putting  her  out ,  this  might  be  reasonable  for  the  corp . 
 
 Play  the  Sub lim inal ,  taking  a  Bad  Public ity  and  tagging  you .  They  might  do  this  at  a  time  when  the  tag  would  be  very  BAD"
muslim,2529,". plot ( t , y )  pl t . y lim (- 0 . 05 , 1 . 05 )  pl t . leg end ( [' Ga ussian  filter  t au = %. 3 f '  %  t au ,  ' B essel  ( n = % d ,  f 0 = %. 3 f )'  %  ( n , f"
muslim,2529,"x 0 list =[ 0 ])  fig  =  pl t . figure ( fig size =( 8 , 6 ))  ax  =  fig . add _ sub plot ( 1 , 1 , 1 )  ax . plot ( x , y )  ax . set _ y lim (- 40 , 40 )  ax . grid (' on ') 
 
 We"
muslim,2529," or  Wh izzard  tag me  denial  deck  with  S iph on ,  V amp ,  Pl asc rete ,  Joshua  B ,  Data  Le ak  Re vers al ,  etc .  She  helps  counter  those  Sub lim inal  Mess ag ings  that  can  help  the  corp  get  money . 
 
 In  Tag - me  Anarch ,  it âĢ Ļ s  probably  a"
muslim,2529,"( t , y , label =' p = q = % d '  %  q )  ax . grid (' on ')  ax . leg end ( loc =' best ',  labels p acing = 0 )  ax . set _ y lim (- 0 . 5 , 1 . 2 ); 
 
 Huh ?  We âĢ Ļ re  in  trouble"
muslim,2529," others  were  taken  to  Kel own a  General  Hospital  by  ambulance . 
 
 Officials  say  two  of  the  injured  remain  in  critical  condition . 
 
 Res ort  staff  have  confirmed  that  the  injured  include  two  ski  pat rollers ,  a  ski  instructor ,  and  a  visitor  to  the  resort . 
 
 Mike  Mor in ,  the  resort âĢ Ļ s"
muslim,2529," the  corp  side ,  Wra par ound  gives  NBN  decks  3  influence  back  ( repl acing  Ice  Wall ),  Sub lim inal  Mess aging  is  really  good  for  any  deck  that  can  make  the  runner  not  want  to  run ,  and  Market  Research  helps  NBN  decks  gain  more  tag  punishment ,  without  sacrificing  deck  slots .  GR ND L  is  an  interesting  ID"
muslim,2529,"acing = 0 )  ax . set _ y lim (- 0 . 1 , 1 . 1 ); 
 
 And  that âĢ Ļ s  pretty  much  all  there  is  to  say  here .... 
 
 Taking  it  further 
 
 H mmm .  The  over shoot  is  kind  of  annoying ,  though ,  isn âĢ Ļ t  it ?  What  if"
muslim,2529," H . step ( T = t )  ax . plot ( t , y , label =' p = q = % d '  %  q )  ax . grid (' on ')  ax . leg end ( loc =' best ',  labels p acing = 0 )  ax . set _ y lim (- 0 . 5 , 1 . 2"
muslim,2529," inventive  date  ideas . 
 
 Start ed  Alphabet  dating  tonight ,  A  is  for  Asian  food ,""  wrote  one  couple . 
 
 Start ed  alphabet  dating  tonight  ðŁ Ĵ ĸ  A  is  for  Asian  food .  ðŁĺ į ðŁ į ´  # alph abet dating  # che atmeal  # s lim ming world  A  photo  posted  by  ðŁ Ĵ ľ  l"
muslim,2529,"t . axis (' equal ')  ax . set _ x lim (- 50 , 50 )  ax . set _ y lim (- 50 , 50 ); 
 
 Huh  —  that  doesn âĢ Ļ t  look  bad .  The  poles  and  z eros  are  symm etric  for  \(  p = q  \ )  and  line  up  along  arcs  that  get  further"
muslim,2529,"num / den ,  y lim [ 0 ],  y lim [ 1 ],  0 ,  n x / 2 )[ 0 ]  at end  =  it  ==  0   xt  =  x [ it ]  *  ( 0 . 99  if  at end  else  1 )  y t  =  P ( xt )/ Q ( xt )  if  at end  else  y"
muslim,2529,"num / den ,  y lim [ 0 ],  y lim [ 1 ],  0 ,  n x / 2 )[ 0 ]  at end  =  it  ==  0   xt  =  x [ it ]  *  ( 0 . 99  if  at end  else  1 )  y t  =  P ( xt )/ Q ( xt )  if  at end  else  y"
muslim,2529," its  much  more  common  in  my  experience  for  the  runner  to  miss  one  turn  of  running ,  than  several  turns  in  a  row ,  in  which  case  the  extra  sub lim inals  are  just  as  valuable .  If  you  have  successfully  locked  the  runner  out  for  a  long  period  of  time  later  in  the  game  once  you  have  several  sub lim inals ,"
muslim,2529," ii [ ii  >=  im in ]  ii  =  ii [ ii  <=  im ax ]  return  np . min ( ii ), np . max ( ii )  n x  =  len ( x )  x min  =  min ( x )  x max  =  max ( x )  x lim  =  ( x min , x max )  y lim  ="
muslim,2529," space - lim iting  format ,  room  can  be  found  not  only  for  a  headline  âĢ ľ Trump  inv ents  voter  fraud , âĢ Ŀ  but  also  âĢ ľ Trump âĢ Ļ s  business  connections  threaten  to  deepen  the  swamp âĢ Ŀ  and  âĢ ľ Trump âĢ Ļ s  ignorance  of  the  Constitution  reign ites  concerns . âĢ Ŀ  If  one  suspects  Trump"
muslim,2529," least  have  close  games  with  LM Q  and  CL G ,  but  they  were  crushed  in  both  games  and  garnered  less  than  half  of  what  was  expected  of  them .  Roc cat  went  2 - 0  against  SK  and  Alliance .  CL G  went  2 - 0  against  T SM  and  Dig  in  crushing  victories .  Gam bit  swapped  their  roster  around  and"
muslim,2529," C ripp le  Cove ,  NL  ( near  Cape  Race )  at  a  distance  of  3 , 005 . 60  n autical  miles  ( 5 , 5 66 . 37  km ;  3 , 458 . 78  mi ). 
 
 See  also  [  edit  ] 
 
 BC  AB  SK  MB  ON  QC  NB  PE  NS  NL  Y T  NT  N U"
muslim,2529,"ory ach ova ) 
 
 DON ET SK ,  Ukraine  —  Ret ire es  in  Donetsk ,  the  largest  city  in  eastern  Ukraine  held  by  pro - Russian  separatists ,  are  dying  of  hunger  because  their  pensions  have  been  cut  off  by  the  national  government ,  rebel  officials  and  residents  say . 
 
 Though  Ukraine  has  not  publicly  discussed  starvation  deaths"
muslim,2529," trans istors  make  surprisingly  good  followers ,  it 's  possible  to  swap  in  a  J F ET  like  the  2 SK 170  ( or  L SK 170 ).  If  you  do  that ,  add  a  gate  sto pper  resistor  to  prevent  oscill ation  -  1 k  in  series  with  the  gate  terminal  works . 
 
 Performance  &  Measure ments 
 
 In"
muslim,2529,"
 J U AN  G ON Z Ã ģ LE Z :  And ,  Tara ,  where  was  this  incident  in — for  instance ,  in  relationship  to  the  September  3 rd  dog  attacks  at  the  tribal  burial  site ? 
 
 T ARA  HOU SK A :  When  Dakota  Access  jumped  ahead  over  20  miles  to  destroy  the  site  that  had  just"
muslim,2529," out  my  ideas ,  some  classic ists  called  me  a  Freud ian .""  D ANI EL  Z AL EW SK I Image  caption  The  government  is  keen  to  convince  NHS  staff  of  the  merits  of  its  reforms 
 
 The  government  looks  set  to  increase  the  amount  it  spends  on  advertising  and  PR  to  help  it  sell  NHS  changes  and  other  policies  to"
muslim,2529," self - defense . 
 
 "" It 's  not  the  end  of  the  matter .  They  can  continue  to  investigate .  They  can  always  bring  charges ,  but  what  it  indicates  to  me  is  that  there  was  some  basis  to  believe  that  the  homicide  was  justified .  And  the  most  typical  justification  of  a  homicide  is  self - defense ,""  Lem mann"
muslim,2529," that  started  it  all ,  reinvent ed  again !  We 've  taken  the  revolutionary  Big  Mouth  Bub bler Â®  glass  and  re - engine ered  it  with  the  help  of  world - class  Polish  master  glass makers  to  ensure  sturdy ,  solid ,  superior  craft smanship . 
 
 Extra - th ick  glass  eliminates  oxygen  perme ation  and  keeps  your  brew  safe"
muslim,2529,"Big  Mouth  Bub bler Â®  Micro f iber  Clean ing  Cl oth 
 
 * The  new  Big  Mouth  Universal  L id  ( in cluded )  fits  all  Big  Mouth  Bub bler Â®  Fer ment ors .  The  Big  Mouth  Bub bler Â®  Universal  L id  is  just  like  a  traditional  car boy  bung ,  only  bigger !  Just  as  easy  to  san"
muslim,2529," B anish  bugs  and  bacteria  with  perfectly  air - tight  seals  from  a  carefully  ground ,  completely  smooth  and  obsess ively  flat  neck  top . 
 
 In  the  evolution  of  Big  Mouth  Bub bler Â®,  we 've  added  some  perks !  Inst antly  measure  volume  with  gallon  graduation  marks .  Eas ier  transfer  of  clear  beer  with  a  taller ,  narrower  body"
muslim,2529," medical  student ,  analyzed  in patient  hospital  records  to  conclude  that  the  initial  hospital ization  of  patients  wounded  by  guns  over  the  eight - year  period  cost  Americans  more  than  $ 6 . 6  billion .  The  researchers  used  a  sample  of  more  than  250 , 000  patients  admitted  to  American  hospitals  with  gunshot  injuries . 
 
 The  average  cost  per  hospital"
muslim,2529,"Ļ t  afford  to  have  those  type  of  mistakes .  The  exhibits  the  Minnesota  Museum  has  are  outstanding  and  one  can  imagine  how  successful  such  a  gallery  would  in  Winnipeg . 
 
 The  $ 5 . 3  million  Allow ay  Hall  expansion  will  just  be  the  first  part  of  what  we  actually  see  of  the  museum  work .  So  much  else  is"
muslim,2529," constituted  âĢ ľ out rage ous  government  conduct . âĢ Ŀ  The  third  was  dismissed  by  the  Minneapolis  city  attorney  in  light  of  one  of  the  judges âĢ Ļ  rulings . 
 
 On  Wednesday ,  Minneapolis  police  said  the  department  has  discontinued  such  undercover  investigations  pending  a  full  review  of  its  policies .  The  department  declined  to  comment  on  the  specific  cases"
muslim,2529," Court  in  Fairfax  Thursday  morning .  Nguyen  had  trauma  to  his  upper  body . 
 
 On  Friday ,  the  Office  of  the  Chief  Medical  Examiner  determined  that  the  trauma  to  his  upper  body  caused  his  death ,  which  was  ruled  a  homicide . 
 
 It  is  not  yet  clear  if  someone  forced  entry  into  Nguyen âĢ Ļ s  apartment ,  said"
muslim,2529," 3 . 5  crore  per  ann um .  All  these  bills  were  passed  without  any  discussion . Law  minister  T  B  Jay ach andra ,  who  pil oted  the  bill ,  pegged  the  approximate  additional  expense  to  the  state  ex che quer  as  Rs  44  crore  per  ann um .  The  justification  given  in  the  bills  for  the  increase  in  the  salaries  and"
muslim,29381," much  of  Canada 's  population . 
 
 Canada  covers  9 , 98 4 , 670  km 2  ( 3 , 855 , 100  sq  mi )  and  a  pan op ly  of  various  ge oc lim atic  regions .  There  are  8  main  regions .[ 28 ]  Canada  also  encompasses  vast  maritime  terrain ,  with  the  world 's  longest  coastline  of  243"
muslim,29381," does  Tall ie  do ?  Essentially ,  if  the  Corp  plays  Sub lim inal  Mess aging ,  she  gives  them  a  Bad  Public ity  but  tags  you .  If  the  corp  plays  a  damaging  event  like  Scor ched  Earth  or  Neural  EMP ,  she  gives  them  a  Bad  Public ity  but  tags  you ,  and  also  allows  you  to  trash  her  afterwards  in"
muslim,29381,",  the  Bad  Public ity  will  probably  be  pretty  relevant .  Big  Brother  and  Fre el ancer  also  count ,  however ,  the  corp  does  have  the  option  of  tr ashing  her  first  for  these  three  cards ,  because  if  they  are  playing  them ,  that  means  you  are  tagged . 
 
 Most ly  I  expect  Sub lim inal  Mess aging  to"
muslim,29381,"old  midfielder  joined  Club  Dep ort ivo  O lim p ia  in  the  Hond uran  national  soccer  league  this  year . 
 
 O lim p ia  was  eliminated  from  the  league 's  semi - final  last  weekend . 
 
 P eral ta  previously  played  for  the  Rangers  Football  Club  in  Scotland  and  Club  Dep ort ivo  V ida  in  Honduras ."
muslim,29381,".  That âĢ Ļ s  basically  a  Hedge  Fund ! 
 
 So  far  I  have  been  playing  3  Sub lim inal  Mess aging  in  any  deck  I  make ,  to  try  it .  And  so  far  it  is  quite  interesting .  It  definitely  seems  best  in  J int eki ,  who  both  makes  the  runner  not  want  to  run ,  and  runs"
muslim,29381," or  Wh izzard  tag me  denial  deck  with  S iph on ,  V amp ,  Pl asc rete ,  Joshua  B ,  Data  Le ak  Re vers al ,  etc .  She  helps  counter  those  Sub lim inal  Mess ag ings  that  can  help  the  corp  get  money . 
 
 In  Tag - me  Anarch ,  it âĢ Ļ s  probably  a"
muslim,29381," Gift .  I  have  had  some  good  success  with  it  in  an  NBN  deck  with  Celebrity  Gift ,  that  focuses  heavily  on  locking  down  centr als  to  try  and  get  this  to  rec ur . 
 
 Does  Sub lim inal  Mess aging  get  worse  as  you  add  more  of  them ? 
 
 A  tiny  bit  worse .  If  you  have  2"
muslim,29381," the  corp  side ,  Wra par ound  gives  NBN  decks  3  influence  back  ( repl acing  Ice  Wall ),  Sub lim inal  Mess aging  is  really  good  for  any  deck  that  can  make  the  runner  not  want  to  run ,  and  Market  Research  helps  NBN  decks  gain  more  tag  punishment ,  without  sacrificing  deck  slots .  GR ND L  is  an  interesting  ID"
muslim,29381,"lim inal  Mess aging  again .  Given  that  you  spent  at  least  âĢ ĺ 4 âĢ Ļ  worth  of  resources  putting  her  out ,  this  might  be  reasonable  for  the  corp . 
 
 Play  the  Sub lim inal ,  taking  a  Bad  Public ity  and  tagging  you .  They  might  do  this  at  a  time  when  the  tag  would  be  very  BAD"
muslim,29381,"lim inal  Mess aging  again .  Given  that  you  spent  at  least  âĢ ĺ 4 âĢ Ļ  worth  of  resources  putting  her  out ,  this  might  be  reasonable  for  the  corp . 
 
 Play  the  Sub lim inal ,  taking  a  Bad  Public ity  and  tagging  you .  They  might  do  this  at  a  time  when  the  tag  would  be  very  BAD"
muslim,29381,"lim inal  Mess aging  again .  Given  that  you  spent  at  least  âĢ ĺ 4 âĢ Ļ  worth  of  resources  putting  her  out ,  this  might  be  reasonable  for  the  corp . 
 
 Play  the  Sub lim inal ,  taking  a  Bad  Public ity  and  tagging  you .  They  might  do  this  at  a  time  when  the  tag  would  be  very  BAD"
muslim,29381," run .  Any  time  this  happens ,  you  get  a  free  credit .  If  this  happens  at  least  ON CE ,  then  Sub lim inal  has  given  you  $ 2  without  a  click ,  making  it  at  least  as  good  as  a  Bean st alk .  Once  it  happens  TW ICE ,  the  Sub lim inal  is  worth  $ 3  without  spending  a"
muslim,29381," run .  Any  time  this  happens ,  you  get  a  free  credit .  If  this  happens  at  least  ON CE ,  then  Sub lim inal  has  given  you  $ 2  without  a  click ,  making  it  at  least  as  good  as  a  Bean st alk .  Once  it  happens  TW ICE ,  the  Sub lim inal  is  worth  $ 3  without  spending  a"
muslim,29381,"( t , y , label =' p = q = % d '  %  q )  ax . grid (' on ')  ax . leg end ( loc =' best ',  labels p acing = 0 )  ax . set _ y lim (- 0 . 5 , 1 . 2 ); 
 
 Huh ?  We âĢ Ļ re  in  trouble"
muslim,29381,". 
 
 Edit :  Ra ised  my  rating  a  bit  after  some  initial  results ,  it  looks  reasonable  as  a  Mel ange  replacement  in  We y land . 
 
 Sub lim inal  Mess aging : 
 
 Un certain ty :  Moderate / High . 
 
 Ex pected  Power :  4 / 5 
 
 Similar  Cards :  None ."
muslim,29381,"x 0 list =[ 0 ])  fig  =  pl t . figure ( fig size =( 8 , 6 ))  ax  =  fig . add _ sub plot ( 1 , 1 , 1 )  ax . plot ( x , y )  ax . set _ y lim (- 40 , 40 )  ax . grid (' on ') 
 
 We"
muslim,29381,".  First  scor ch  you  prevent  with  Pl asc rete  and  use  her  to  draw  a  4 th  card .  Now  the  second  wont  kill  you . 
 
 Ver dict :  Maybe  try  it  in  Tag me  Anarch ,  if  you  really  like  that  deck ,  and  everyone  in  your  meta  starts  running  Sub lim inal  Mess aging .  Altern ately ,"
muslim,29381," H . step ( T = t )  ax . plot ( t , y , label =' p = q = % d '  %  q )  ax . grid (' on ')  ax . leg end ( loc =' best ',  labels p acing = 0 )  ax . set _ y lim (- 0 . 5 , 1 . 2"
muslim,29381,"zer os ,' o ') ]:  ax . plot ( np . real ( z ), np . imag ( z ), '. k ', mark er = m , m fc =' none ')  pl t . axis (' equal ')  ax . set _ x lim (- 60 , 60 )  ax . set _ y lim (- 60 , 60"
muslim,29381,"zer os ,' o ') ]:  ax . plot ( np . real ( z ), np . imag ( z ), '. k ', mark er = m , m fc =' none ')  pl t . axis (' equal ')  ax . set _ x lim (- 60 , 60 )  ax . set _ y lim (- 60 , 60"
muslim,29381,"zer os ,' o ') ]:  ax . plot ( np . real ( z ), np . imag ( z ), '. k ', mark er = m , m fc =' none ')  pl t . axis (' equal ')  ax . set _ x lim (- 60 , 60 )  ax . set _ y lim (- 60 , 60"
muslim,29381,". imag ( r ))  <  1 e - 8 ])  ax . plot ( x , T 10 ( x ), label =' T 10 ( x ) ')  ax . plot ( x , y R 5 ,  label =' R 5 , 5 ( x ) ')  ax . set _ y lim (- 40 , 40 )  ax ."
muslim,29381,"acing = 0 )  ax . set _ y lim (- 0 . 1 , 1 . 1 ); 
 
 And  that âĢ Ļ s  pretty  much  all  there  is  to  say  here .... 
 
 Taking  it  further 
 
 H mmm .  The  over shoot  is  kind  of  annoying ,  though ,  isn âĢ Ļ t  it ?  What  if"
muslim,29381,". text ( xt , yt ,' ( % d , % d )'  %  ( p , q ),  va =' bottom ',  ha =' right '  if  at end  else  ' left ',  rotation =' hor izontal '  if  at end  else  - 90 . 0 )  ax . set _ x lim ( x lim )  ax . set _"
muslim,29381,")  ax . set _ y lim (- 0 . 1 , 1 . 1 ); 
 
 SU CC ESS !  We  did  it ! 
 
 We  can  reduce  the  ringing  during  the  delay  time  ( with  a  minor  increase  in  ringing  after  the  delay  time )  if  we  use  a  slightly  lower  order  po lyn omial  in  the  numer ator"
muslim,29381," in  ax :  ax k . plot ( t , y , label = label )  for  k  in  x range ( 2 ):  if  k  >  0 :  ax k . set _ x lim ( 0 . 9 , 1 . 1 )  ax [ k ]. leg end ( loc =' best ')  ax [ k ]. set _ y"
muslim,29381,"[ 1 ] * 0 . 95  ax . text ( xt , yt ,'  (% d , % d )'  %  ( p , q ),  va =' top ',  rotation =' hor izontal '  if  at end  else  - 90 . 0 )  it  =  arg box ( num / den ,  y lim [ 0 ],  y lim [ 1"
muslim,29381," ii [ ii  >=  im in ]  ii  =  ii [ ii  <=  im ax ]  return  np . min ( ii ), np . max ( ii )  n x  =  len ( x )  x min  =  min ( x )  x max  =  max ( x )  x lim  =  ( x min , x max )  y lim  ="
muslim,29381," that  even  if  we  don âĢ Ļ t  see  the  details ,  we  feel  them .  They  are  their  sub lim inally  ( is  that  a  word ?),  they  help  the  audience  to  believe  that  the  world  is  real ,  and  they  absolutely  help  the  actor  to  feel  the  character .  God  IS  in  the  details . 
 
 But  I  am  a"
muslim,29381,"lim ( y lim )  ax . set _ x label (' x ')  ax . set _ yl abel (' y  =  f ( x ) ')  ax . leg end ( lab els p acing = 0 )  < mat plot lib . leg end . Legend  at  0 x 10 79 358 10 > 
 
 Incre asing  either  \("
muslim,29381," that  Kam ui  Kob ay ashi  is  set  to  be  announced  as  a  full  time  driver  in  Tokyo  next  February . 
 
 Bird  or  Lynn  could  both  be  considered  as  official  reserve  drivers  for  2016  when  Toyota  will  race  an  all - new  petrol  turbo - powered  L MP 1  challenger ,  to  be  known  as  the  Toyota  TS  0 50  HY"
muslim,29381," will  be  accompanied  to  their  positions  by  their  pet  dogs .  Hopefully ,  no  accidents .  —  Jay  Hor witz  (@ Jay _ Hor witz PR )  April  20 ,  2013 
 
 âĢ¢  And  we  couldn 't  resist  this  qu ip  from  Gar  Ry ness ,  the  f abled  Bat ting  St ance  Guy ,  because  after  we  finished  laughing ,  we"
muslim,29381," will  be  accompanied  to  their  positions  by  their  pet  dogs .  Hopefully ,  no  accidents .  —  Jay  Hor witz  (@ Jay _ Hor witz PR )  April  20 ,  2013 
 
 âĢ¢  And  we  couldn 't  resist  this  qu ip  from  Gar  Ry ness ,  the  f abled  Bat ting  St ance  Guy ,  because  after  we  finished  laughing ,  we"
muslim,29381," with  $ 546 K  from  115  sites .  That âĢ Ļ s  24 %  ahead  of  the  previous  film  and  out r anks  comp s  like  Hor rible  Boss es  2 ,  Neigh bors  2  and  Office  Christmas  Party .  In  Belgium ,  the  Mil a  Kun is - star rer  opened  at  No .  3  with  $ 206 K  from  68  locations"
muslim,29381,"ss  .  Hor rors !  That âĢ Ļ s  right  —  we  went  to  great  lengths  to  avoid  po lyn omial  coefficients  because  of  their  ill - condition ing ,  and  instead  work  directly  with  the  poles  and  z eros ,  but  z p k 2 ss  throws  all  that  care  away  and  goes  right  back  to  the  error - prone  po lyn"
muslim,29381," decision  win  over  Dustin  Ortiz  ( 15 - 5 )  in  a  prelim  fight  that  pitted  two  ranked  fly weights  against  each  other . 
 
 Re is  put  on  a  dominant  takedown  and  grappling  performance  to  move  to  3 - 1  since  debut ing  as  a  fly weight .  Both  K yo ji  Hor ig uchi  ( 16 - 2 )  and"
muslim,29381," of  her  body .""  Studio  scans  are  the  starting  point  for  Crystal  Dynamics âĢ Ļ  artists .  Then  they  use  their  artistic  skills  and  a  facial  technology  called  Morph ology  to  tweak  and  twist .  "" We  take  elements  of  the  scans  and  then  we  add  to  them ,""  explains  Yu .  "" When  we  want  a  particular  shape ,  we  add  pose"
muslim,29381,"
 
 Which  projects  are  least  likely  to  be  canceled ?  In  other  words ,  where  is  being  late ,  over  budget  and  off  the  original  spec  most  toler able ?  Obviously ,  when  the  overall  delivered  value  is  the  highest ,  both  in  absolute  terms  and  relatively  to  the  cost .  In  other  words ,  reality  pun ishes  bad  management  the  least"
muslim,29381," the  significant  benefits  of  the  Close - Out  Amount  approach  following  the  default  of  Leh man  Brothers .  In  launching  the  Close - Out  Amount  Protocol ,  IS DA  is  facilitating  amendment  of  existing  1992  IS DA  Master  Ag reements  by  replacing  Market  Qu otation  and ,  if  elected ,  Loss  with  the  Close - Out  Amount  approach  . 
 
 "" This"
muslim,29381,"
 
 Man  of  the  match  Sant i  C azor la  ( Arsenal ) The  High  Cost  of  Treat ing  Gun  Violence  Victims  Hits  S outher ners  Especially  Hard  A  new  Stanford  study  tapped  a  massive  database  to  show  how  shootings  strain  hospitals  and  taxpayers . 
 
 The  cost  of  treating  gunshot  survivors  is  greatest  in  states  with  the  highest  rates  of"
muslim,29381," brow s  down  to  the  jaw  and  mouth ,""  says  Rob ins .  "" In  previous  rigs  and  blend  shapes  systems  we  focused  too  much  on  isolated  movements  and  not  about  how  each  muscle  is  connected  across  the  face  and  how  some  can 't  move  without  others ."" 
 
 Snow  days  Not able  is  Rise  of  the  Tomb  Raider 's  snow ,"
muslim,3177," the  Canucks  are  not  a  failure . 
 
 USA  Today  projected  the  team  would  hit  65  points ,  while  EA  predicted  even  worse  with  63  points  in  their  season  simulation .  If  the  Canucks  were  to  be  truly  that  bad ,  they  would  have  the  lowest  team  points  since  Edmonton  and  Buffalo  in  2014 - 15 . 
 
 But  no  –"
muslim,3177," that  the  somebody  must  be  misunderstanding  or  mis using  the  STL .  But  upon  explaining  game  development  and  high  performance  software  issues  and  comparing  these  to  std  STL 's  design  and  implementation  by  current  vendors ,  people  usually  reduce  their  skepticism .  Indeed  we  have  found  that  those  have  the  most  extensive  and  deep  STL  experience  have  been  those  most  enthusiastic  about  E"
muslim,3177," the  theme  music  for  the  video  games  Resident  Evil  and  On im usha ;  and  Son at ina  for  Viol in ,  which  the  Japanese  Olympic  figure  sk ater  Da is uke  Tak ah ashi  is  scheduled  to  use  in  his  performance  in  Sochi . Technology  firms  have  turned  several  industries  on  their  head .  The  way  people  buy  books ,  hail  a"
muslim,3177," that  the  player base  is  still  there . 
 
 Whatever  the  case ,  a  new  patch  will  deploy  next  week ,  adding  Elite  Driver  levels ,  improvements  to  the  title 's  Photo  Mode ,  and  much  more .  Where  would  you  like  to  see  the  game  go  next ?  Take  a  sharp  hair pin  turn  in  the  comments  section  below . Mel"
muslim,3177,",  the  more  the  character  sees  their  self  by  that  light .  If  you  have  Danger  + 3 ,  you  see  yourself  as  a  threatening ,  violent  figure .  If  you  have  Mund ane  - 2 ,  you  see  yourself  as  anything  but  a  normal  person . 
 
 The  Lab els  include : 
 
 Fre ak ,  which  is  all  about"
muslim,3177,").  The  team  investigated  whether  this  planet  has  an  atmosphere  rich  in  water  or  hydrogen .  The  Subaru  observations  show  that  the  sky  of  this  planet  does  not  show  a  strong  Ray leigh  scattering  feature ,  which  a  cloud less  hydrogen - dominated  atmosphere  would  predict .  When  combined  with  the  findings  of  previous  observations  in  other  colors ,  this  new  observational  result"
muslim,3177," . 01 ),  and  the  overall  pattern  is  very  similar .  Also ,  Study  4  showed  no  main  effect  difference  for  topic  domain  for  integ rative  complexity .  Given  our  focus  on  dialect ical  forms  of  complexity  throughout  this  article ,  these  inf erential  differences  are  largely  irrelevant .  We  report  them  here  for  comple teness .  Our  larger  point  remains  the  same"
muslim,3177," means ,  the  most  influential  works  in  the  canon  —  ( and  while  I  strongly  encourage  you  to  read  Shakespeare ,  Milton ,  and  Be ow ulf )  —  the  20  books  included  here  are  some  of  the  most - talk ed - about  today .  Read  them ,  and  you  probably  won âĢ Ļ t  miss  a  book ish  reference  for  a"
muslim,3177," the  Sandy  Hook  massacre  on  his  own .  Others  had  already  imagined  it  for  him . 
 
 When  Wayne  La Pierre ,  head  of  the  National  Rifle  Association ,  pointed  a  finger  at  video  games  and  media  violence  during  a  news  conference  after  the  shootings ,  it  was  a  calculated  effort  to  distract  attention  from  the  gun  industry  and  its  powerful  lobby"
muslim,3177," The  element  hydrogen  is  a  major  component  of  a  prot oplan etary  disk ,  and  water  ice  is  abundant  in  an  outer  region  beyond  a  so - called  "" s now  line .""  Find ings  about  where  super - Ear ths  have  formed  and  how  they  have  migrated  to  their  current  orbits  point  to  the  prediction  that  hydrogen  or  water  vapor  is  a"
muslim,3177," The  city  I âĢ Ļ m  currently  living  in  is  a  medium  sized  one  in  Par ana .  Lots  of  blond es  and  red heads .  Blue  and  green  eyes  are  common .  If  you  like  European  type  girls ,  you âĢ Ļ re  in  the  right  place ,  but  you  won Â´ t  find  the  post card  Brazilian  more na . 
"
muslim,3177,",  and  the  identity  of  that  album  may  surprise  you !)  Take  a  look : 
 
 All  quotes ,  except  where  noted ,  by  Rivers  Cuomo . 
 
 The  album :  We ez er  ( The  Green  Album )  ( 2001 ) 
 
 The  previous  mis steps :  Disapp earing  into  self - ind ul gence  on  1996 âĢ Ļ"
muslim,3177," a  dense  cloud  of  inc and escent  gas ,  into  plasma ,  and  there  is  a  very  definite  explosion . According  to  Professor  St any uk ovich ,  a  "" miss ile ""  of  a  sizable  character  ( say  6  miles  in  diameter )  must ,  on  collision  with  the  Moon ,  penetrate  to  a  depth  equal  to  4  or  5  times  its"
muslim,3177," a  videot aped  encounter  with  a  prostitute .  ( Politics NJ  refers  to  him  as  a  âĢ ľ b udding  filmmaker . âĢ Ŀ )  Whenever  Wally  Edge  finds  out  that  Christie  is  investigating  someone  —  as  he  frequently  does ,  somehow  —  he  writes  that  the  target  is  âĢ ľ he aring  the  cell os , âĢ Ŀ  a  reference  to  the"
muslim,3177," a  mixer ,  a  wit ,  an  authority  on  things  in  general ,  and  the  probable  successor  of  George  Bernard  Shaw  as  the  world âĢ Ļ s  mis cellaneous  consulting  expert ,  but  his  count enance  still  reflects  the  bewild er ment  of  his  early  years  as  a  dem ig od  in  spite  of  himself .  Permanent  aston ishment  shines  from  his  great"
muslim,3177," assume  that  the  long  ( up  to  9 40  miles )  chains  of  small  cr aters  formerly  asc ribed  to  volcanic  activity  were  brought  about  by  eru ptions  of  gas  through  cracks  appearing  in  the  armour  pl ating  as  a  result  of  accidents . No  doubt  one  of  the  most  splendid  features  of  the  lun ars cape  —  a  straight  "" wall """
muslim,3177," example ,  the  Russian  AK - 47  or  the  American  M - 16  rifles .  No  civilian  should  be  able  to  transfer  or  possess  any  assault  rifle  that  was  not  already  in  circulation  by  1986 . 
 
 Any  of  the  older  assault  rifles  in  citizen  hands  should  be  registered  with  the  government .  If  someone  wants  to  acquire  one ,  both  the"
muslim,3177," example ,  the  17  billion  planet  universe  in  the  recent  blockbuster  video  game  No  Man âĢ Ļ s  Sky  was  largely  generated  algorithm ically .  The  short  version ?  If  you âĢ Ļ re  a  visual  designer ,  it âĢ Ļ s  time  to  divers ify . 
 
 advertisement 
 
 Design  Researchers 
 
 âĢ ľ When  ethn ographic  research  was"
muslim,3177," the  plant  cells ,  the  nem at ode  feeds  on  fun gal  growth  [ 79 ].  Due  to  this  special  feeding  habit ,  ES  products  of  the  parasite  include  cell - wall - deg r ading  enzymes  like  cellul ases ,  p ect ate  ly ase ,  expans in - like ,  and  venom  all er gen - like  proteins .  Furthermore ,"
muslim,3177," the  best - read  of  recent  years .  âĢ ľ Mod esty  is  an  orientation  of  the  heart ,  first  and  foremost .  It  begins  with  putting  God  first .  To  look  at  an  outfit  and  say  if  it âĢ Ļ s  modest  or  imm od est ,  I âĢ Ļ m  not  sure  you  can  do  that . âĢ Ŀ 
 
"
muslim,3177,"ings ,  2006 ).[ 22 ]  A  high  wall  of  water  is  formed  that  is  initially  higher  than  100  meters  driven  by  the  shocked  water ,  bas alt  and  air . 
 
 Ver be ek  investigation  [  edit  ] 
 
 Although  the  violent  phase  of  the  18 83  eruption  was  over  by  late  afternoon  of  27  August ,  after  light  returned"
muslim,3177," something  you  could  buy  commercially  at  a  record  store ."" 
 
 And  besides ,  Voyager 's  Golden  Record  has  thus  far  been  kept  safe  from  the  elements — high  temperatures ,  oxygen ,  water — known  to  deterior ate  Earth ly  records .  ( V oy ager  is  now  operating  at  about  negative  110  degrees  Fahrenheit .) 
 
 âĢ ľ If"
muslim,3177," hacking  the  computers  of  journalists  living  overseas . 
 
 "" In  a  country  like  Ethiopia  where  journalists  are  consistently  watched ,  [ we ]  need  to  protect  their  communications  and  their  data  to  do  reports  on  sensitive  issues ,""  End alk ache w  H / Michael ,  one  of  the  co - found ers  of  Zone  9 ,  told  CP J  by"
muslim,3177,"ifier  ( Pr ide ) 
 
 Dev ils  –  These  creatures  were  once  angels  with  dominion  over  various  aspects  of  Earth  and  humanity  before  giving  in  to  the  Darkness .  Many  of  these  creatures  hid  on  Earth  when  the  Se als  were  closed ,  avoiding  being  imprisoned  in  the  Lower  Realm .  Devils  are  a  perverse  and  altered  variant  of  their  once"
muslim,3177," for  their  eyes  and  ears ,  and  the  impression  of  heart - shaped  indent ations  on  the  bottom  of  their  ho oves .[ 42 ]  The  production  of  the  film  ended  by  July  29 ,  2017 .[ 43 ] 
 
 The  production  crew  used  simple  3 D  modeling  in  Aut odes k  Maya  as  to  determine  camera  locations ,  lens ,  and"
muslim,3177,". 
 
 Ch ampion  Spawn  Pv E  Mechanics 
 
 In  the  next  patch  we  will  be  implementing  our  Champion  Spawn  Pv E  mechanics .  This  is  a  new  system  that  changes  the  way  certain  mob  spawns  will  function  and  provides  a  way  for  players  to  test  their  met tle  against  waves  of  enemies .  This  is  the  way  that  the  system"
muslim,3177,"
 Living  by  faith ... that 's  all .  Overall 
 
 Awesome  book  of  how  God  led  brave  men  and  woman  behind  the  "" iron  curtain ""  to  do  His  will  Overall 
 
 I  enjoyed  this  biography  very  much .  The  narrator  was  excellent  and  had  been  engaged  the  entire  time .  Brother  Andrew 's  story  is  one  of  faith fulness"
muslim,3177, also  having  changed  for  the  worse .  I  guess  the  best  way  to  describe  it  is  that  there  is  now  a  big  push  for  both  girls  and  guys  to  construct  this  whole  fake  ( or  quasi - fake )  identity  revolving  around  social  media .  Guys  are  relying  more  and  more  on  these  âĢ ľ virtual  identities âĢ Ŀ  they âĢ Ļ ve
muslim,3177," much  of  the  Don ut  Sund ae  lifespan .  And  we âĢ Ļ re  hoping  that  lifespan  is  a  nice ,  long  one ! 
 
 The  Main  Street  Plaza  Ice  Cream  Par lor  can  be  found  at  the  intersection  of  Main  Street  USA  and  Tomorrow land ,  just  before  you  get  to  Cinderella  Castle .  And  the  sund ae  joins  a  few"
muslim,3177," woman  the  injury  was  the  horrible  consequence  of  her  father  attacking  her  with  a  m ache te . 
 
 Irish  nurse  Ao ife  Ni  M h urch u  treats  a  patient  last  year  at  T ari  Hospital  in  the  high lands  region  of  Papua  New  Guinea .  The  woman  sought  treatment  for  l acer ations  after  her  husband  cut  her  with  a"
muslim,3177," great  charm ,  about  how  brain  problems  lead  to  losses ,  or  excess es ,  of  mental  activity . 
 
 Hat 's  pre face  included  powerful  arguments  for  why  case  histories  are  every  bit  as  medically  important  as  studies . 
 
 The  idea  of  the  case  history  goes  back  to  ancient  Greece ,  and  Hipp ocrates ,  who  first  wrote  about"
muslim,3177," was  only  going  to  read  the  first  fifty  pages ,  but  the  story  comp els  you  to  read  on .  I  ended  up  not  moving  from  my  spot  until  I  was  finished .  It  was  one  of  those  situations  where  you  have  to  know  what  is  going  to  happen  next . 
 
 I  am  highly  recommending  this  book  to  all  readers ."
muslim,3177," often  start  by  dividing  memory  into  to  large  group ings  that  they  call  âĢ ľ expl icit âĢ Ŀ  or  âĢ ľ impl icit âĢ Ŀ  memory .  The  easiest  way  to  distinguish  these  is  to  note  that  explicit  are  the  ones  that  you  can  describe  or  call  into  your  mind  at  will ,  while  implicit  memories  are  automatic  and  not  really  conscious"
muslim,3177,"edge  EQ  algorithms  and  so  on .  But  none  of  that  helps  if  you 're  not  able  to  hear  all  of  those  sounds  and  frequencies  equally . 
 
 Setting  up  the  Nur aph ones  is  a  bit  more  involved  than  most  other  headphones  ( in  that  there 's  even  a  setup  process  at  all ),  but  it 's  simple .  Using  the"
muslim,3177," and  down .  Several  other  previously  observed  particles  are  good  candidates  to  be  tet ra qu ark  or  pent aqu ark  states ,  but  all  of  these  have  a  qu ark  and  antiqu ark  of  the  same  flavor ,  and  thus  their  character  as  an  exotic  particle  is  less  certain . 
 
 The  detailed  internal  structure  of  the  new  X ( 55"
muslim,3177," less  consistent ,  and  that  each  logo  has  a  compact ,  icon ographic  illustration  to  identify  it .  In  one  of  my  favorite  examples  of  our  Web  staff  working  with  our  colleagues  in  the  print  art  department ,  almost  all  of  these  logos  are  a  tight  collaboration  between  Rebecca  Pat erson ,  one  of  our  very  talented  digital  designers ,  and  Nicholas  Ble"
muslim,3177," made .  Nothing . 
 
 Not  only  did  Easter brook  try  to  ninja - edit  the  lazy  error  away ,  but  he  still  failed  to  acknowledge  the  fact  that  this  isn 't  a  new  tax  and  it 's  not  going  to  have  any  bearing  on  any  hotel  employee 's  jobs .  Not  only  that ,  but  I  failed  to  mention  the  first"
muslim,3177," âĢ ľ Com position âĢ Ŀ  painting ,  instead  of  r apping  his  line ,  T . O . P  looked  at  the  audience  and  wink ed .  And  during  that  moment ,  my  jaw  dropped ,  and  I  questioned  my  sexuality . 
 
 In  between  a  set  of  maybe  three  or  four  songs ,  the  band  either  took  the  time  to"
muslim,3177,"
 
 Mc Sh ay :  DE  B jo ern  Werner 
 
 Given  these  three  choices ,  pretty  clear  the  Giants  got  this  one  right .  P ugh  has  been  a  solid  player  for  the  Giants  and  was  their  best  lineman  in  2016  before  injuring  a  knee .  Hayden  has  just  25  career  starts ,  only  two  in  2016 .  Werner  had"
muslim,3177," their  first  taste  of  Bundesliga  victory  on  Friday  when  Felix  Klaus  led  his  newly  promoted  team  to  a  1 - 0  away  victory  in  the  67 th  minute . 
 
 After  being  te ed  up  by  Ill ir  Az emi ,  Klaus  scored  the  only  goal  of  the  match  when  his  dipping  left - foot  strike  went  straight  over  Christian  Wet k"
muslim,3177,"- old  Dennis  Bradford  III  un responsive  with  gunshot  wounds  to  the  head  and  wrist ,  according  to  Chicago  Police  and  the  Cook  County  medical  examiner âĢ Ļ s  office . 
 
 Brad ford ,  of  the  the  6 200  block  of  South  Moz art ,  was  pronounced  dead  at  the  scene  at  11 : 43  a . m .,  authorities  said"
muslim,3177," hobby ists  that  were  flying  an  RC  aircraft  at  a  lake  nearby  a  nuclear  power  plant .  Authorities  in  France  have  been  searching  for  suspects  in  what  they  call  illegal  fly overs  of  their  nuclear  power  plants  by  drones  over  the  past  several  months ,  however  they  doubt  the  people  that  they  have  arrested  are  the  same  people  they  are  searching  for ."
muslim,3177," the  court  she  ' may  or  may  not '  be  remorse ful  over  her  actions  but  a  jail  sentence  could  see  her  exposed  to  ' cor rupt ing  influence '. 
 
 ' This  has  ruined  my  life .  I  very  much  regret  what  I 've  done ,'  Dr isc oll  said  in  a  psychologist 's  report  read  out  in  court . 
"
muslim,3177," Oliver  and  I  had  never  met ,  Z are la  became  excited  ("" Another  excuse  for  a  party !"" )  and  organized  a  small  dinner  at  her  house .  It  was  intimate ,  with  my  wife ,  Karen ;  Z are la ;  her  partner ,  Jamie  ( a  retired  adult - film  actor );  Oliver ;  James  Watson ,  the  Nobel  laureate"
muslim,3177," Images 
 
 AG :  Wow ,  if  only  we  had  more  time .  Do  you  prefer  a  shower  or  bath ? 
 
 RR :  A  bath .  I  have  a  candle  permanently  on  my  Jac uzz i ,  because  I  love  me  some  candles . 
 
 AG :  Cat  person  or  dog  person ? 
 
 RR :  Dog ."
muslim,32452," isn 't  spread  across  the  city . 
 
 Management  of  the  city 's  only  public  hospital ,  United  Medical  Center ,  is  disgrace ful .  Alleg ations  of  high  school  students  barely  able  to  read  and  write  being  allowed  to  graduate  are ,  if  true ,  alarming .  City - provided  paths  from  dependency  to  self - suff iciency ,  under  Bowser"
muslim,32452," lined  up ,  including  Michael  Bass ett  ( Sil ent  Hill :  Revelation ),  Michael  Hur st  ( B itch  Sl ap ),  and  Luke  Jacobs  . 
 
 They âĢ Ļ ve  already  got  their  other  directors  lined  up ,  including  ( Sil ent  Hill :  Revelation ),  ( B itch  Sl ap ),  and  .  However ,  he  has  and  will"
muslim,32452," thanks  to  a  bipartisan  duo  calling  for  an  end  to  âĢ ľ dr ag net  surveillance âĢ Ŀ  in  the  United  States . 
 
 Introduced  Tuesday  by  Reps .  Mark  Poc an  ( D - W isc .)  and  Thomas  Mass ie  ( R - Ky .),  the  Surveillance  State  Repe al  Act  would ,  as  its  name  suggests ,  repeal  the"
muslim,32452," Twilight  Sparkle ,  her  five  pony  friends  –  collectively  known  as  the  "" M ane  6 ""  –  and  her  dragon  assistant  Spike  embark ing  on  a  quest  to  save  their  home  of  E quest ria  from  an  evil  conquer or ,  gaining  new  friends  in  the  process .  In  addition  to  the  show 's  regular  voice  cast  re prising  their  roles ,"
muslim,32452," could  allow  scientists  to  better  predict  future  eru ptions  in  the  area .  In  addition ,  it  has  given  them  some  more  insight  into  what  makes  Yellowstone  and  its  ge ys ers  tick . 
 
 The  findings  were  reported  at  the  Se ism ological  Society  of  America 's  annual  meeting . There  have  been  a  lot  of  media  reports  today  following  the"
muslim,32452," Home )  to ed  the  line  of  his  friends  from  the  right ,  stating  that  the  army âĢ Ļ s  assessments  were ,  put  simply ,  âĢ ľ ir responsible . âĢ Ŀ 
 
 The  sw an  song ? 
 
 It  is  difficult  to  bel ittle  the  phenomenon  we  see  before  our  eyes .  It  is  also  difficult  to  write  these"
muslim,32452," problems  take  many  forms ;  therefore ,  so  must  solutions .  That  said ,  because  the  loss ,  destruction  and  degradation  of  habitat  is  the  major  cause  of  the  extinction  crisis  –  driven  ultimately  by  human  population  growth  and  over - cons umption  of  resources  –  the  protection  and  restoration  of  habitat  for  native  species  is  the  most  important  thing  we  must  do"
muslim,32452," Capital  partner  Matt  Maz ze o .  It  was  moder ated  by  The W rap âĢ Ļ s  Lucas  Shaw . 
 
 R addon  relayed  the  story  of  a  major  film  studio  that  hosted  a  weekly  âĢ ľ inn ovation  group âĢ Ŀ  –  which  was  managed  by ,  of  all  things ,  the  company âĢ Ļ s  human - resources  department"
muslim,32452," intr ace llular  growth  of  bacteria  [ 13 ].  In  addition  to  their  recruitment  to  sites  of  infection  and  various  effect or  functions ,  they  also  have  strong  anti - inflammatory  properties .  These  are  manifested  by  the  secretion  of  IL - 10  and  T GF -  and  the  expression  of  certain  genes  that  are  involved  in  the  repair  of  the  ext race"
muslim,32452,"y  Republican  recal cit rance . 
 
 The  third  possibility  is  that ,  noble  intentions  aside ,  the  Keynes ian  plan  is  not  working ,  cannot  work ,  never  has  worked ,  and  never  will  work .  This  implies  we  need  to  change  course  if  we  want  to  revive  our  struggling  economy  and  restore  our  government  to  sol ven cy . 
"
muslim,32452,"
 Fr ust rating ly ,  if  your  journey  dev iates  from  the  specified  amount  charged  at  the  beginning  of  the  trip  ( due  to  a  det our  to  pick  up  a  friend  or ,  you  know ,  traffic )  you  are  then  charged  a  second ,  final  amount  for  what  the  fare  actually  is .  Sure ,  the  original  amount  is  released"
muslim,32452," Pegasus ,  a  symbol  of  wisdom  and  knowledge  in  Greek  mythology .  In  addition  to  these  two  tenets ,  the  company  mirrors  the  wing ed  horse  in  another  significant  respect :  both  entities  have  taken  part  in  a  series  of  epic  journeys . 
 
 AS US  notebooks  have  lived  on  the  M IR  Space  Station .  They  were  the  first  to  work"
muslim,32452," is  slated  to  make  a  long - term  modest  return  on  its  capital ;  effectively  rendering  its  initial  expenses  meaningless .  In  addition ,  with  major  capital  projects  such  as  the  NBN ,  it  is  common  for  a  substantial  amount  of  the  overall  capital  cost  to  be  lodged  up - front ;  these  costs  do  not  reflect  the  remaining  cost  of  such  projects"
muslim,32452," advise  you  to  stop  reading ,  grab  a  cup  of  hot  cocoa ,  and  retreat  to  your  nearest  safe - space  immediately .  Otherwise  you  will  get  triggered ,  guaranteed . 
 
 With  that  out  of  the  way ,  let  me  get  into  the  meat  of  this  article ,  which  is ,  as  the  title  suggests ,  a  short  lesson  on  a"
muslim,32452,",  we  discussed  a  government  report  which  showed  that ,  much  to  the  ch ag rin  of  a  few  billionaires  and  a  long  line  of  retail  investors  who  bought  the  proverbial  dip ,  F annie  Mae  and  Freddie  Mac  may  be  destined ,  by  design ,  by  decades  of  reckless  behavior ,  and  by  Treasury  decree ,  to  be  insol vent  most  of"
muslim,32452,".  John  McCain 's  recent  mis stat ements  regarding  a  nonexistent  Iraq - Pakistan  border  and  the  timing  of  the  An bar  Awakening .  In  contrast  with  the  networks '  ignoring  McCain 's  mis stat ements  in  their  nightly  news  broadcasts ,  both  of  which  have  been  made  during  Sen .  Barack  Obama 's  trip  abroad ,  media  figures  from  each  network  warned"
muslim,32452,"In  addition ,  under  the  expanded  NBC U  deal ,  Hulu  has  acquired  the  full  library  of  programming  for  series  âĢ ľ B att lest ar  Gal act ica âĢ Ŀ  and  âĢ ľ S aved  by  the  Bell , âĢ Ŀ  which  are  available  to  stream  now .  The  deal  also  adds  episodes  of  popular  children âĢ Ļ s  series  including  âĢ"
muslim,32452," took  action  after  the  Charleston ,  S . C .,  church  shootings  in  June . 
 
 In  addition  to  the  Franklin  County  Sheriff 's  Office ,  the  FBI  and  the  Bureau  of  Alcohol ,  Tobacco ,  Firearms  and  Explos ives  have  sent  personnel  from  Ro an oke . 
 
 Update  at  2 : 25  p . m .  ET :  Updates"
muslim,32452,". 
 
 In  addition ,  while  being  interviewed  on  the  July  21  broadcast  of  ABC 's  Good  Morning  America ,  McCain  referred  to  "" the  Iraq - Pakistan  border ""  --  which  does  not  exist  --  while  discussing  the  ongoing  war  in  Afghanistan .  As  Media  Matters  noted ,  host  Diane  Sawyer  did  not  correct  McCain 's  statement  or  otherwise  point  out"
muslim,32452,"]  In  addition ,  the  hind  fl ipper  of  elephant  seals  have  a  lot  of  surface  area ,  which  helps  propel  them  in  the  water .[ 6 ]  Elephant  seals  spend  the  majority  of  their  time  ( 90 %)  underwater  in  search  of  food ,  and  can  cover  60  miles  a  day  when  they  head  out  to  sea .[ 7 ]  When  elephant"
muslim,32452," after  all .  Moreover ,  landscapes  planted  and  maintained  by  humans  can  help  certain  species  through  lean  times  of  the  year . 
 
 Even  so ,  policymakers  often  consider  urban  habitat  degraded  and  insignificant ,  the  researchers  note ,  and  therefore  permit  development  that  further  er odes  habitat  for  threatened  species ,  bit  by  little  bit .  So  the  assumption  that  cities"
muslim,32452," for  clarity  and  content . One  of  the  features  that  PlayStation  owners  have  asking  about  for  years  is  the  ability  to  expand  their  console  storage  with  an  external  USB  drive .  Now ,  with  the  upcoming  System  Software  4 . 5 ,  that  feature  has  finally  become  a  reality . 
 
 It âĢ Ļ s  been  stated  that  the  external  drive  can"
muslim,32452,"SS ); 
 
 C ancer  St em  Cells 
 
 C ancer  stem  cells  ( C SC s )  are  cancer  cells  ( found  within  tumors  or  he mat ological  cancers )  that  possess  characteristics  associated  with  normal  stem  cells ,  specifically  the  ability  to  give  rise  to  all  cell  types  found  in  a  particular  cancer  sample .  C SC s  are"
muslim,32452," series .  So  we  thought ,  this  is  our  time .  If  we âĢ Ļ re  ever  going  to  do  it ,  we  have  to  set  aside  that  crowd .  Now  is  a  good  time .  And  television  seems  like  an  interesting  format  to  take  it  forward  in .  So  we  chose  to  make  Bruce âĢ Ļ s  story  right  now .  I"
muslim,32452,"
 11 : 49 : 03  Marg ot  James  MP ,  Parliamentary  Under - Secretary  ( Department  for  Business ,  Energy  and  Industrial  Strategy )  ( St our bridge ,  Conservative ) 
 
 11 : 49 : 18  Stephen  Pound  MP  ( E aling  North ,  Labour ) 
 
 11 : 49 : 41  Marg ot  James  MP ,  Parliamentary  Under"
muslim,32452," announced  plans  to  operate  from  this  airport ."" 
 
 "" We  believe  the  CS 100  is  the  perfect  aircraft  for  the  next  stage  of  our  growth  for  many  reasons ,  not  the  least  of  which  is  that  it  is  the  quiet est  commercial  jet  in  production ."" 
 
 Robert  Kok onis ,  co - founder  of  airline  consulting  firm  Air T"
muslim,32452," said ,  and  vehicles  can  be  right - sized  for  their  tasks :  people  can  order  a  pickup  truck  for  buying  gardening  supplies ,  a  single - se ater  for  the  drive  to  work ,  a  shuttle  to  go  to  the  airport ,  a  bus  when  they  want  to  save  money . 
 
 Because  of  their  efficient  use  of  road  space ,"
muslim,32452,"49 
 
 3 . 53 
 
 2 . 31 
 
 1 . 14 
 
 1 . 01 
 
 1 . 28 
 
 1 . 34 
 
 1 . 04 
 
 1 . 25 
 
 0 . 96 
 
 1 . 10  1 . 15 
 
 1 . 32 
 
 1 ."
muslim,32452, 30  Rasm us  My g ind  ( Den )  Team  Tre - For  3  31  Mart ijn  Vers ch oor  ( N ed )  Team  Nov o  Nord isk  3  32  Michel  K red er  ( N ed )  Garmin - Sharp  2  33  Bj Ã¶r n  Thur au  ( Ger )  Team  Euro p car  2  34  J ens  Deb uss c
muslim,32452,"un ned  to  Unlock :  D red ge  ( L ust ),  Cor ro de  ( En vy ),  Loc ust us  ( G reed ),  Ang ler  ( Wr ath ),  and  E yr ach n id  ( Pr ide ) 
 
 Em br aced  to  Unlock :  Job ber  ( G reed ),  Lun atic  ( En vy ),  and"
muslim,32452," conference ,  April  15 - 16 ,  2019  Berlin ,  Germany ;  Pacific  Regener ative  Medicine  Conference ,  May  16 - 19 ,  2019  Hawaii ,  USA ;  Annual  conference  &  Exhibition  on  Trans vers al ,  Trans l ational  &  Transform ative ,  December  2 - 5 ,  2019  Florida ,  USA ;  21 st  International  Conference  on  T issue  Engineering  and"
muslim,32452," part  of  his  offensive  arsenal ;  he  was  devised  by  B oon  as  "" a  cooler  version  of  Scorpion .""[ 22 ]  The  original  costume  was  created  from  a  modified  ninja - like  outfit  bought  at  a  Chicago  costume  shop [ 21 ]  and  was  red  for  filming  in  the  first  game ,  but  a  different  yellow  one  with  a  qu il ted"
muslim,32452,":  Belief s  and  the  Macro econom y  ( N BER  Working  Paper  No .  153 21 ),  co - authors  Pa ola  Giul iano  and  Antonio  Sp il im ber go  substant iate  the  importance  of  the  historical  economic  environment  in  shaping  economic  attitudes ,  affecting  individuals '  views  of  the  role  of  government ,  and  influencing  whether  those  beliefs  change  later"
muslim,32452,"D iss ociation  and  PTSD ;  past  and  present : 
 
 D iss ociation  is  a  sub - type  of  PTSD  ( Post  Tra umatic  Stress  Disorder ),  a  mental  health  condition  triggered  by  a  terrifying  event  and  most  commonly  diagnosed  in  war  veterans .  Several  studies  indicate  that  a  significant  part  of  the  Lebanese  population  who  lived  through  the  1975 -"
muslim,32452," the  collapse  of  the  Camp  David  "" final  status ""  talks ,  he  turned  sharply  to  the  right .  He  upheld  his  earlier  findings — and  produced  new  ones  showing  that  Israeli  military  forces  were  responsible  for  a  deliberate  campaign  of  massacres  and  rapes  aimed  at  driving  out  the  Palestinians — but  then  defended  these  crimes  as  necessary  and  just ifiable . 
"
muslim,32452,"ank ar  Singh ,  Pri ya  D utt  were  also  present  for  the  meeting . 
 
 Also  Read :  Rahul  Gandhi  blasts  RSS ,  BJP 's  ' rig id  thinking ' 
 
 G and hi  sat  next  to  the  A IC C  secretary ,  San jay  Nir up am .  Nir up am  passed  him  a  ch it  with  âĢ ľ"
muslim,32452," âĢ ľ They  said  Captain  didn âĢ Ļ t  want  to  meet  me .  Now ,  they  have  mess aged  me  that  please  come  and  meet  Captain  Sa ab .  This  time ,  I  have  refused . âĢ Ŀ  said  Raj la . 
 
 In  2009 ,  when  his  wife ,  Pre ne et  K aur ,  faced  anti - inc umb"
muslim,32452,"Ļ s  letter  to  the  university . 
 
 MORE :  504 - day  investigation  of  law  professor  for  âĢ ĺ Brazil ian  wax âĢ Ļ  question 
 
 MORE :  Howard  vandal ized  with  âĢ ĺ Trump  plantation âĢ Ļ  after  DeVos  visit 
 
 IM AGE :  âĢ ĺ The  40 - Year - Old - Virgin âĢ Ļ 
 
"
muslim,32452,"acing = 0 )  ax . set _ y lim (- 0 . 1 , 1 . 1 ); 
 
 And  that âĢ Ļ s  pretty  much  all  there  is  to  say  here .... 
 
 Taking  it  further 
 
 H mmm .  The  over shoot  is  kind  of  annoying ,  though ,  isn âĢ Ļ t  it ?  What  if"
muslim,32452," does  not  seem  to  be  about  that ,  but  rather  about  setting  up  a  deal  that  actually  does  make  everyone  better  off .  It  appears  that  H ac het te  has  been  fighting  that ,  in  this  ridiculous  belief  that  e books  have  to  be  priced  higher  --  and  that  it  should  get  to  keep  more  and  more  of  the  money . 
"
muslim,32452,"p _ k }  \ ),  any  choice  of  \(  B  \ )  and  \(  C  \ )  is  fine  that  satisfies  \(  H ( s )  =  \ sum \ limits _ k  \ frac { b _ k c _ k }{ s + p _ k }  \ ).  We  need  to  compute  the  residue  coefficients  \(  r _ k"
muslim,32452," cracking ,  r ifting ,  and  the  interaction  between  the  Pacific  Plate  and  the  North  American  Plate .  The  Gar ib aldi  Vol can ic  Belt  was  formed  by  sub duction  of  the  Juan  de  F uca  Plate  beneath  the  North  American  Plate .  The  An ah im  Vol can ic  Belt  was  formed  as  a  result  of  the  North  American  Plate  sliding"
muslim,32452,"A 2 . 
 
 Production  rates  greatly  increased  in  1943  after  IBM  introduced  a  method  of  casting  BAR  receivers  from  a  new  type  of  mal le able  pig  iron  developed  by  the  S agin aw  division  of  General  Motors ,  called  Ar ma Steel .[ 22 ]  After  it  successfully  passed  a  series  of  tests  at  Springfield  Armory ,  the  Chief  of"
muslim,32452," comparison  groups âĢ Ŀ  to  estimate  these  effects ,  and  those  that  do  not .  The  term  âĢ ľ match ing âĢ Ŀ  is  used  here  in  a  relatively  broad  way ,  to  describe  a  family  of  methods  that  identify  a  comparison  group  as  an  appropriate  match  for  a  treatment  group ,  thus  mim icking  a  randomized  experiment .  A  matching  design  is"
muslim,32452,"
 
 After  a  long  night  of  observation ,  Brand ner  had  accumulated  enough  data  to  produce  a  portrait  of  the  planet .  His  team  packed  their  bags ,  flew  home  and  went  to  work  analyzing  the  data .  The  results  were  astonishing . 
 
 HR  87 99  c  is  a  young ,  hot  giant  planet ,  a  cosmic  teenager  less  than"
muslim,5152,"old  midfielder  joined  Club  Dep ort ivo  O lim p ia  in  the  Hond uran  national  soccer  league  this  year . 
 
 O lim p ia  was  eliminated  from  the  league 's  semi - final  last  weekend . 
 
 P eral ta  previously  played  for  the  Rangers  Football  Club  in  Scotland  and  Club  Dep ort ivo  V ida  in  Honduras ."
muslim,5152,"old  midfielder  joined  Club  Dep ort ivo  O lim p ia  in  the  Hond uran  national  soccer  league  this  year . 
 
 O lim p ia  was  eliminated  from  the  league 's  semi - final  last  weekend . 
 
 P eral ta  previously  played  for  the  Rangers  Football  Club  in  Scotland  and  Club  Dep ort ivo  V ida  in  Honduras ."
muslim,5152,"t . y lim (- 0 . 02 , 1 . 02 ); 
 
 For  certain  particular  combinations  of  delay / order / ste ep ness ,  we  can  come  pretty  close  to  a  Ga ussian  filter .  The  B essel  filter  of  order  \(  N  \ )  and  cutoff  frequency  \(  f _ 0  \ )  is  supposedly  the  best  approximation"
muslim,5152," inventive  date  ideas . 
 
 Start ed  Alphabet  dating  tonight ,  A  is  for  Asian  food ,""  wrote  one  couple . 
 
 Start ed  alphabet  dating  tonight  ðŁ Ĵ ĸ  A  is  for  Asian  food .  ðŁĺ į ðŁ į ´  # alph abet dating  # che atmeal  # s lim ming world  A  photo  posted  by  ðŁ Ĵ ľ  l"
muslim,5152," space - lim iting  format ,  room  can  be  found  not  only  for  a  headline  âĢ ľ Trump  inv ents  voter  fraud , âĢ Ŀ  but  also  âĢ ľ Trump âĢ Ļ s  business  connections  threaten  to  deepen  the  swamp âĢ Ŀ  and  âĢ ľ Trump âĢ Ļ s  ignorance  of  the  Constitution  reign ites  concerns . âĢ Ŀ  If  one  suspects  Trump"
muslim,5152," run .  Any  time  this  happens ,  you  get  a  free  credit .  If  this  happens  at  least  ON CE ,  then  Sub lim inal  has  given  you  $ 2  without  a  click ,  making  it  at  least  as  good  as  a  Bean st alk .  Once  it  happens  TW ICE ,  the  Sub lim inal  is  worth  $ 3  without  spending  a"
muslim,5152," run .  Any  time  this  happens ,  you  get  a  free  credit .  If  this  happens  at  least  ON CE ,  then  Sub lim inal  has  given  you  $ 2  without  a  click ,  making  it  at  least  as  good  as  a  Bean st alk .  Once  it  happens  TW ICE ,  the  Sub lim inal  is  worth  $ 3  without  spending  a"
muslim,5152," run .  Any  time  this  happens ,  you  get  a  free  credit .  If  this  happens  at  least  ON CE ,  then  Sub lim inal  has  given  you  $ 2  without  a  click ,  making  it  at  least  as  good  as  a  Bean st alk .  Once  it  happens  TW ICE ,  the  Sub lim inal  is  worth  $ 3  without  spending  a"
muslim,5152," in  effect :  I  do  not  know  for  certain  about  death  and  the  gods  –  but  I  am  as  certain  as  I  can  be  there  you  do  not  know ,  either .  ( p .  257 ) 
 
 The  advantage  that  secular ism  holds  over  religion  is  that  it  is  self - lim iting  when  taken  in  conjunction  with  skepticism  and  human"
muslim,5152," in  effect :  I  do  not  know  for  certain  about  death  and  the  gods  –  but  I  am  as  certain  as  I  can  be  there  you  do  not  know ,  either .  ( p .  257 ) 
 
 The  advantage  that  secular ism  holds  over  religion  is  that  it  is  self - lim iting  when  taken  in  conjunction  with  skepticism  and  human"
muslim,5152," does  Tall ie  do ?  Essentially ,  if  the  Corp  plays  Sub lim inal  Mess aging ,  she  gives  them  a  Bad  Public ity  but  tags  you .  If  the  corp  plays  a  damaging  event  like  Scor ched  Earth  or  Neural  EMP ,  she  gives  them  a  Bad  Public ity  but  tags  you ,  and  also  allows  you  to  trash  her  afterwards  in"
muslim,5152," does  Tall ie  do ?  Essentially ,  if  the  Corp  plays  Sub lim inal  Mess aging ,  she  gives  them  a  Bad  Public ity  but  tags  you .  If  the  corp  plays  a  damaging  event  like  Scor ched  Earth  or  Neural  EMP ,  she  gives  them  a  Bad  Public ity  but  tags  you ,  and  also  allows  you  to  trash  her  afterwards  in"
muslim,5152,".  First  scor ch  you  prevent  with  Pl asc rete  and  use  her  to  draw  a  4 th  card .  Now  the  second  wont  kill  you . 
 
 Ver dict :  Maybe  try  it  in  Tag me  Anarch ,  if  you  really  like  that  deck ,  and  everyone  in  your  meta  starts  running  Sub lim inal  Mess aging .  Altern ately ,"
muslim,5152,",  the  Bad  Public ity  will  probably  be  pretty  relevant .  Big  Brother  and  Fre el ancer  also  count ,  however ,  the  corp  does  have  the  option  of  tr ashing  her  first  for  these  three  cards ,  because  if  they  are  playing  them ,  that  means  you  are  tagged . 
 
 Most ly  I  expect  Sub lim inal  Mess aging  to"
muslim,5152,"num / den ,  y lim [ 0 ],  y lim [ 1 ],  0 ,  n x / 2 )[ 0 ]  at end  =  it  ==  0   xt  =  x [ it ]  *  ( 0 . 99  if  at end  else  1 )  y t  =  P ( xt )/ Q ( xt )  if  at end  else  y"
muslim,5152," the  corp  side ,  Wra par ound  gives  NBN  decks  3  influence  back  ( repl acing  Ice  Wall ),  Sub lim inal  Mess aging  is  really  good  for  any  deck  that  can  make  the  runner  not  want  to  run ,  and  Market  Research  helps  NBN  decks  gain  more  tag  punishment ,  without  sacrificing  deck  slots .  GR ND L  is  an  interesting  ID"
muslim,5152,". 
 
 Edit :  Ra ised  my  rating  a  bit  after  some  initial  results ,  it  looks  reasonable  as  a  Mel ange  replacement  in  We y land . 
 
 Sub lim inal  Mess aging : 
 
 Un certain ty :  Moderate / High . 
 
 Ex pected  Power :  4 / 5 
 
 Similar  Cards :  None ."
muslim,5152,". plot ( t , y )  pl t . y lim (- 0 . 05 , 1 . 05 )  pl t . leg end ( [' Ga ussian  filter  t au = %. 3 f '  %  t au ,  ' B essel  ( n = % d ,  f 0 = %. 3 f )'  %  ( n , f"
muslim,5152,"lim inal  Mess aging  again .  Given  that  you  spent  at  least  âĢ ĺ 4 âĢ Ļ  worth  of  resources  putting  her  out ,  this  might  be  reasonable  for  the  corp . 
 
 Play  the  Sub lim inal ,  taking  a  Bad  Public ity  and  tagging  you .  They  might  do  this  at  a  time  when  the  tag  would  be  very  BAD"
muslim,5152,"/ t au ],[ 1 ,  1 / t au ] ], y , t )  ax . plot ( t , y 2 , label =' p = q = % d '  %  q )  ax . set _ y lim (- 0 . 1 , 1 . 1 )  ax . grid (' on ')  ax . leg end ("
muslim,5152,".  That âĢ Ļ s  basically  a  Hedge  Fund ! 
 
 So  far  I  have  been  playing  3  Sub lim inal  Mess aging  in  any  deck  I  make ,  to  try  it .  And  so  far  it  is  quite  interesting .  It  definitely  seems  best  in  J int eki ,  who  both  makes  the  runner  not  want  to  run ,  and  runs"
muslim,5152," Gift .  I  have  had  some  good  success  with  it  in  an  NBN  deck  with  Celebrity  Gift ,  that  focuses  heavily  on  locking  down  centr als  to  try  and  get  this  to  rec ur . 
 
 Does  Sub lim inal  Mess aging  get  worse  as  you  add  more  of  them ? 
 
 A  tiny  bit  worse .  If  you  have  2"
muslim,5152," or  Wh izzard  tag me  denial  deck  with  S iph on ,  V amp ,  Pl asc rete ,  Joshua  B ,  Data  Le ak  Re vers al ,  etc .  She  helps  counter  those  Sub lim inal  Mess ag ings  that  can  help  the  corp  get  money . 
 
 In  Tag - me  Anarch ,  it âĢ Ļ s  probably  a"
muslim,5152," its  much  more  common  in  my  experience  for  the  runner  to  miss  one  turn  of  running ,  than  several  turns  in  a  row ,  in  which  case  the  extra  sub lim inals  are  just  as  valuable .  If  you  have  successfully  locked  the  runner  out  for  a  long  period  of  time  later  in  the  game  once  you  have  several  sub lim inals ,"
muslim,5152,"zer os ,' o ') ]:  ax . plot ( np . real ( z ), np . imag ( z ), '. k ', mark er = m , m fc =' none ')  pl t . axis (' equal ')  ax . set _ x lim (- 60 , 60 )  ax . set _ y lim (- 60 , 60"
muslim,5152,". imag ( r ))  <  1 e - 8 ])  ax . plot ( x , T 10 ( x ), label =' T 10 ( x ) ')  ax . plot ( x , y R 5 ,  label =' R 5 , 5 ( x ) ')  ax . set _ y lim (- 40 , 40 )  ax ."
muslim,5152,"[ 1 ] * 0 . 95  ax . text ( xt , yt ,'  (% d , % d )'  %  ( p , q ),  va =' top ',  rotation =' hor izontal '  if  at end  else  - 90 . 0 )  it  =  arg box ( num / den ,  y lim [ 0 ],  y lim [ 1"
muslim,5152,"[ 1 ] * 0 . 95  ax . text ( xt , yt ,'  (% d , % d )'  %  ( p , q ),  va =' top ',  rotation =' hor izontal '  if  at end  else  - 90 . 0 )  it  =  arg box ( num / den ,  y lim [ 0 ],  y lim [ 1"
muslim,5152," ii [ ii  >=  im in ]  ii  =  ii [ ii  <=  im ax ]  return  np . min ( ii ), np . max ( ii )  n x  =  len ( x )  x min  =  min ( x )  x max  =  max ( x )  x lim  =  ( x min , x max )  y lim  ="
muslim,5152," ii [ ii  >=  im in ]  ii  =  ii [ ii  <=  im ax ]  return  np . min ( ii ), np . max ( ii )  n x  =  len ( x )  x min  =  min ( x )  x max  =  max ( x )  x lim  =  ( x min , x max )  y lim  ="
muslim,5152," though  it âĢ Ļ s  on  short  notice ?  I âĢ Ļ m  dropping  everything  and  flying  to  Mexico  tomorrow  so  I  can  best  prepare  myself  for  this  fight .  I  have  to  get  into  shape  and  acc lim at ize  to  that  environment ,  which  is  really  important . 
 
 âĢ ľ There âĢ Ļ s  nothing  to  lose  when  you"
muslim,5152," months  of  acc lim at izing  the  students  to  life  beyond  the  academy .  Months  more  work  still  remained  to  do . 
 
 âĢ ľ I  can âĢ Ļ t  believe  they  lost , âĢ Ŀ  I  said . 
 
 âĢ ľ Sur rendered , âĢ Ŀ  Jessie  said . 
 
 âĢ ľ I âĢ Ļ m  so  disappointed ,"
muslim,5152," gods ,  men  and  beasts  to  prevent  it  falling  into  the  wrong  hands . 
 
 The  story  was  picked  up  by  Dark horse  comics  and  has  been  compiled  into  graphic  novels  Bird  Boy  Volume  1 :  The  Sword  of  Mali  Man i  and  Bird  Boy  Volume  2 :  The  Lim inal  Wood .  With  a  thumbs  up  from  Mike  M ign ola"
muslim,5152," using  the  tag  âĢ ľ He ather âĢ Ļ s  Indie  Pick . âĢ Ŀ 
 
 Advertisement In  Local  News ,  Public  Transport  /  By  Anthony  Lim  /  7  December  2016  10 : 22  am  /  46  comments 
 
 It  looks  like  taxi  drivers  may  have  lost  the  champion  of  their  cause .  According  to  a  Mal ay  Mail  Online  report"
muslim,5152," behind  successful  global  tobacco  control  policies . 60  Our  analysis  suggests  that  research  using  sugar  industry  documents  has  the  potential  to  inform  the  health  community  about  how  to  counter  this  industry âĢ Ļ s  strategies  and  tactics  to  control  information  on  the  adverse  health  effects  of  suc rose . 
 
 Study  Lim itations 
 
 The  Roger  Adams  papers  and  other  documents"
muslim,5152," lending  votes  to  Tory  candidates ,  there  are  other  choices . 
 
 They  may  not  be  great  choices  but  they  are  all  better  than  voting  Tory  in  40  days . 
 
 So  be  careful  what  you  wish  for .  You  have  been  warned . Media  playback  is  unsupported  on  your  device  Media  caption  What  made  Canada 's  Slim s  River  disappear"
muslim,5152," if  Ash raf  Mar wan  had  visited ,  and  finally  a  l ibrarian  called  Mary ,  a  deputy  chief  l ibrarian  in  Washington  at  the  National  Archives ,  said  Mar wan  had  visited  them  twice ,  and  she  even  gave  me  dates .  She  said  he  came  with  a  cane ,  lim ped  and  said  he  was  writing  his  memoir s .  The"
muslim,5152,"VM )  support ,  the  solution  is  simply  to  run  multiple  reactors  ( one  or  more  for  each  core ). O AK LAND ,  Calif .  —  One  message  on  the  web  forum  asked  neighbors  to  be  on  the  lookout  for  âĢ ľ two  young  African - Americans ,  slim ,  bag gy  pants ,  early  20 s . âĢ Ŀ  Another  warned"
muslim,5152," and  Lim ous ine  Commission  stood  by  and  watched . 
 
 "" We 're  just  here  to  provide  security ,""  said  a  T LC  official ,  who  turned  up  at  the  station  at  5  p . m .  Thursday ,  along  with  several  NYPD  officers ,  after  getting  "" h undreds ""  of  911  calls  about  fights  at  that  station . 
"
muslim,5152," But  the  researchers  documented  the  piracy  of  the  Slim s  River  in  just  one  spring . 
 
 Prof  Sh ugar  said  his  colleague ,  John  Cl ague ,  at  Simon  Fraser  University  in  British  Columbia ,  had  predicted  this  event  just  a  decade  before  because  of  the  area 's  unique  geological  formation .  But  no  one  knew  when  or  how  quickly  the"
muslim,5152,". 
 
 See  also  [  edit  ] 
 
 Two  knights  end game  ( cont ains  Tro its ky  line ) 
 
 Notes  [  edit  ] 
 
 ^  Collection  of  Chess  Studies ,  In  the  introduction  to  Sam  Sloan  writes  ""...  Tro tz ky  is  considered  to  have  been  the  greatest  composer  of  chess  end game  studies  ever ."" 
"
muslim,5152," crowd ,  Freder ic  Mich al ak  struck  the  post  when  sh anking  his  first  kick ,  and  Sp edd ing  hit  the  upright  from  long - range ,  before  Se xton  opened  the  scoring  after  his  little  chip  led  to  Math ieu  Bast are aud  playing  the  ball  from  an  off side  position . 
 
 Sp edd ing  would  cancel  out"
muslim,5152,". âĢ Ŀ D ET RO IT  ( WW J / AP )  –  The  U . S .  government  issued  an  urgent  plea  to  nearly  8  million  people  to  get  the  air  bags  in  their  cars  fixed ,  amid  concern  that  a  defect  in  the  devices  can  possibly  kill  or  injure  the  driver  or  passengers . 
 
 The  infl ator  mechanisms"
muslim,5152," to  be  termed  the  âĢ ľ Great  Neg lected  Tropical  Diseases âĢ Ŀ  [ 4 ,  12 ].  Although  highly  paras itized  individuals  can  suffer  from  severe  pathology ,  hel min ths  usually  cause  as ym pt omatic  or  sub clinical  chronic  infections ,  with  little  evidence  of  an  inflammatory  response  or  overt  tissue  destruction .  As  such ,  many  hel min ths"
muslim,5152," I  bet  you  see  where  we 're  going :  start  an  async  operation ,  yield  the  fiber ,  and  then  make  the  callback  resume  the  fiber  once  the  operation  is  complete .  Let 's  wrap  our  async  em - http  client  as  an  example : 
 
 def  http _ get  (  url  )  f  =  Fiber  .  current  http  =  Event Machine"
muslim,6208,. 576 *  0 . 144  S CL  paranoid  score  0 . 006  0 . 182  0 . 268  0 . 222  âĪĴ 0 . 140  0 . 421 **  HC s  Z ung  depression  score  âĪĴ 0 . 173  âĪĴ 0 . 167  âĪĴ 0 . 05 1  âĪĴ 0 . 06 9  0 . 432 **  âĪĴ 0 . 08 1
muslim,6208,. 576 *  0 . 144  S CL  paranoid  score  0 . 006  0 . 182  0 . 268  0 . 222  âĪĴ 0 . 140  0 . 421 **  HC s  Z ung  depression  score  âĪĴ 0 . 173  âĪĴ 0 . 167  âĪĴ 0 . 05 1  âĪĴ 0 . 06 9  0 . 432 **  âĪĴ 0 . 08 1
muslim,6208,. 576 *  0 . 144  S CL  paranoid  score  0 . 006  0 . 182  0 . 268  0 . 222  âĪĴ 0 . 140  0 . 421 **  HC s  Z ung  depression  score  âĪĴ 0 . 173  âĪĴ 0 . 167  âĪĴ 0 . 05 1  âĪĴ 0 . 06 9  0 . 432 **  âĪĴ 0 . 08 1
muslim,6208, nom .  inval .  Ag la ia  se pal ina  ( K oster m .)  K oster m .  Ag la ia  ste en is ii  K oster m .  Am oor a  rac em osa  Rid l .  L ach an od end ron  domestic um  ( Cor r Ãª a )  N ees  Lans ium  domestic um  Cor r Ãª a
muslim,6208,"itz y ,  emanating  from  the  T ARDIS  interior .-- Doctor  Who oves  vector  made  by  *  Z ork - 787  D itz y  Do o / Der py  Ho oves  vector  made  by  ~  sol us j bj  T ARDIS  photo  belongs  to  the  BBC  [ link ] BY :  Follow  @ F Bill Mc Mor ris 
 
 General  Motors  has"
muslim,6208, 6  19  9 . 08  Georgia  6 - 1  11  9  14  9 . 94  Arizona  6 - 1  12  14  27  9 . 18  Baylor  6 - 1  13  12  20  9 . 58  Arizona  State  6 - 1  14  15  18  9 . 82  Nebraska  7 - 1  15  17  13  10 . 42  Ohio  State  6 - 1  16  13
muslim,6208,"bird ,  then  comes  Night  ( W iesel ),  A  Child  Called  âĢ ľ It âĢ Ŀ  ( Dave  Pel zer ),  Of  M ice  and  Men ,  Animal  Farm ,  Br ising r  ( Christopher  Pa olini ),  Romeo  and  Juliet ,  Harry  Potter  and  the  Death ly  Hall ows ,  The  G iver ,  and  seven  more  works  of  literature ."
muslim,6208,"see  Tet lock  et  al .,  =  . 14 ;  Conway  et  al .,  19  It  is  also  important  to  note  that  we  are  not  arguing  that  J ost  et  al .' s  (  2003 
 
 Support ing  Information  Additional  supporting  information  may  be  found  in  the  online  version  of  this  article  at  the  publisher 's  website :  Fil ename  Description  pops"
muslim,6208,144  S CL  paranoid  score  0 . 006  0 . 182  0 . 268  0 . 222  âĪĴ 0 . 140  0 . 421 **  HC s  Z ung  depression  score  âĪĴ 0 . 173  âĪĴ 0 . 167  âĪĴ 0 . 05 1  âĪĴ 0 . 06 9  0 . 432 **  âĪĴ 0 . 08 1  Le yton  trait  ( os
muslim,6208,"ES  was  founded  in  15 53  by  Henry  VIII âĢ Ļ s  only  surviving  son  Edward  VI ,  who  died  aged  15 .  Previously  known  as  the  Guild  School  it  was  renamed  the  King âĢ Ļ s  New  School . 
 
 Sh akespeare  was  born  and  died  on  the  same  day  –  April  23  –  St  George âĢ Ļ s  Day ."
muslim,6208," [  edit  ] 
 
 A  variant  known  as  the  FN  M le  1930  was  developed  in  7 . 65 ÃĹ 53 mm  Belgian  Ma user  by  FN  Her stal  and  adopted  by  the  Belgian  army .  The  M le  1930  is  basically  a  licensed  copy  of  the  Colt  Automatic  Machine  Rifle ,  Model  1925  ( R  75 ).[ 28 ]  The  M"
muslim,6208,"-  ONE  guest  pic . twitter . com / J EA yu E z p K M  —  Nick  (@ Nick _ Fal co )  October  15 ,  2017  3 .  There âĢ Ļ s  1000 s  of  surveillance  cameras  in  gaming  area ,  mostly  visible  There âĢ Ļ s  a  surveillance  camera  in  each  main  elevator .  You  cant  hide  pic ."
muslim,6208," m r  anonymous ,  i  will  enjoy  this  gift  a  lot ...  once  the  circumstances  you  told  me  will  happen .  I  might  just  get  drunk  with  my  mum  and  my  step  dad  just  so  that  I  can  enjoy  this  gift  fully .  Thanks  again ,  Jon Ã¡ Å¡  :) A  Royal  Marine  taking  part  in  a  selection  process  for  the  SAS  died"
muslim,6208," WP K  Held  under  Guid ance  of  Kim  Jong  Un  http :// t . co / s CL I BL 57 W G  pic . twitter . com / d te 6 KS 012 G  —  KC NA  Watch  (@ KC NA Watch )  February  19 ,  2015 
 
 H / T  Guardian  |  Image  via  @ fr ank fe instein /"
muslim,6208, or  solid . L oun Ã¨ s  Mat oub  ( K ab yle :  L w enn as  Me É Ľ á¹ Ń ub ;  Ber ber  languages :  â µ į â µ ¡ â ´ » â µ ı â µ ı â ´ ° â µ Ļ  â µ İ â ´ » â µ Ħ â µ ľ â
muslim,6208,"} ( x )  \ )  in  the  q = 10 - 20  range  led  me  to  the  initial  guess 
 
 $$  \ math bf  v [ 0 ]  =  - p  -  \ frac { q }{ 3 }  +  \ frac { 2 q }{ 3 }\ math bf  u ^ 2  +  \ frac { 2 j ( p"
muslim,6208,"!  pic . twitter . com / OM R f 1 g V h 7 V  —  Rock 104  (@ Rock 104 FM )  April  28 ,  2014 
 
 From  @ Daniel Sh aw AU  live  stream -  flipped  semi  in  Tup elo ,  MS  after  tornado  pic . twitter . com / O v yn Gy c V Ph  —  Se"
muslim,6208," st on ers  are  dangerous ,  he  should  definitely  be  arrested !  —  Br nd n  (@ Brandon 06 12 )  April  30 ,  2015 
 
 @ M urd och Pol  At  least  you  don 't  have  to  worry  about  that  criminal  mastermind  anymore .  —  Texture  (@ iam texture )  April  30 ,  2015 
 
 @ M urd och Pol"
muslim,6208," and  n apping .  Regardless ,  the  fear  m ong ering  worked ,  and  it  has  taken  nearly  a  century  to  begin  reclaim ing  what  was  lost . 
 
 About  the  Author :  Reid  Mit en bul er  is  a  Washington ,  DC - based  writer .  He  is  currently  writing  a  book  about  bourbon  for  Viking / P engu in ."
muslim,6208," of  complexity  ( e . g .,  Ne u berg  &  News om ,  1993 ;  Webster  &  Krug l anski ,  1994 )  and  is  related  to  att itudinal  âĢ ľ se izing âĢ Ŀ  that  seems  clearly  concept ually  related  to  complex  thinking  ( e . g .,  Webster  &  Krug l anski ,  1994 ),  it  is  nonetheless  worth  considering"
muslim,6208,597 *  0 . 07 9  EP Q  neurot is ism  0 . 09 5  0 . 171  0 . 05 1  âĪĴ 0 . 05 4  0 . 464 **  0 . 09 3  S CL  som at ization  score  âĪĴ 0 . 6 24 *  âĪĴ 0 . 694 *  âĪĴ 0 . 540 *  âĪĴ 0 . 5 47 *
muslim,6208,". 91 
 
 0 . 80 
 
 0 . 91 
 
 1 . 17  1 . 61 
 
 1 . 00 
 
 2 . 00 
 
 1 . 00 
 
 2 . 63 
 
 1 . 96 
 
 1 . 87 
 
 bits et < 35 > / >> =/ 1 
 
"
muslim,6208," are  typically  associated  with  having  a  specific  religious  belief ,  which  would  fit  poorly  with  the  range  of  religious  positions  ( or  lack  thereof )  of  the  playable  races . 
 
 With  that  said ,  the  term  âĢ ĺ guard ian âĢ Ļ  has  made  for  a  fair  label .  It  may  not  be  as  ev ocative  as  terms  like  âĢ ĺ"
muslim,6208," the  time  series  literature ,  which  relied  on  variation  over  time  rather  than  across  states  to  estimate  employment  effects . 
 
 Ne um ark  and  Was cher  ( 1996 ),  Ne um ark  ( 2001 ),  and  others  soon  extended  the  fixed - effects  modeling  framework  to  individual - level  data  to  understand  the  impact  of  the  minimum  wage  on  specific  vulnerable"
muslim,6208," in  Japan .  There âĢ Ļ s  a  big  difference  between  making  d ous hin ji  ( games  made  for  fun  more  than  profit )  and  being  an  indie  developer  trying  to  make  a  living ,  and  the  latter  are  quite  rare  in  Japan ,  though  I  was  lucky  enough  to  meet  some . 
 
 My  interview  with  Matth ieu  occurred  at"
muslim,6208,17 000 5 e + 06  5 . 326 33 296 e + 05  2 . 39 89 7 177 e + 06  1 . 95 22 230 7 e + 06  - 2 . 400 16 773 e + 06  1 . 236 34 882 e + 06  - 1 . 97 70 97 19 e + 06  5 . 4 128
muslim,6208," ice  blue ,  which  "" prom pt ed  the  story  behind  them  being  these  opposing  ninja - cl an - type  characters .""[ 21 ]  A  third  ninja  swap ,  Rept ile ,  was  added  in  the  third  revision  as  a  hidden  character  who  was  out fitted  in  green  and  used  Scorpion 's  spear  ( along  with  Sub - Zero 's  freeze )"
muslim,6208,"ll  be  able  to  discover  where  things  are  going  wrong  in  some  of  your  muscle  building  attempts . 
 
 Activity  &  Health  Level  of  Our  Respond ents 
 
 In  this  section  we  asked  several  questions  about  workout  frequency ,  workout  experience ,  and  how  healthy  our  participants  consider  themselves  to  be . 
 
 Need less  to  say ,  some  of"
muslim,6208," gets  patched  by  a  vendor ,  they 've  immediately  swapped  out  the  exploit  attacking  it  for  a  new  one  attacking  a  different  zero - day  vulnerability . 
 
 In  at  least  one  interesting  case ,  it  appears  the  attackers  gained  knowledge  of  a  zero - day  exploit  against  an  Oracle  vulnerability  around  the  same  time  that  Oracle  learned  of  it .  The"
muslim,6208," from  that , âĢ Ŀ  he  said . 
 
 The  event ,  organized  by  New  York  University  as  well  as  companies  leading  the  effort  to  harness  artificial  intelligence ,  including  Facebook  and  Google ,  comes  at  a  delicate  moment  for  academic  researchers  and  companies  riding  the  wave  of  progress  in  AI .  Progress  seems  certain  to  revolution ize  many  industries ,  perhaps"
muslim,6208," the  sky  an  hour  before  the  airstrike  happened ,  media  activist  Am mar  al - Ad al ba  told  Website  for  the  Syrian  Revolution .  He  said  that  it  was  most  likely  an  airplane  from  the  Coalition  that  struck  the  S ARC  headquarters ,  resulting  in  destruction  and  fire  inside  the  building . 
 
 As  there  is  no  ( open  or  commercial"
muslim,6208," past  the  time  that  people  finally  learn  the  difference  between  real  medicine  and  entertainment . âĢ Ŀ 
 
 Um .  No .  Dr .  Miller 's  letter  created  a  moment ary  press  ker f uffle  that  is  fading .  One  little  letter  to  Dr .  Oz 's  dean  is  not  going  to  "" d ism antle ""  the  myth  that  "" f"
muslim,6208," runs  about  twice  a  month .  The  idea  of  joining  a  post - col leg iate  training  group  has  crossed  Hud gins âĢ Ļ  mind ,  but  he  hasn âĢ Ļ t  actively  pursued  the  idea  of  doing  so  because  he âĢ Ļ s  happy  with  the  coaching  he âĢ Ļ s  receiving  now . 
 
 H ud gins  is  hopeful  that"
muslim,6208,"18  as  well ,  and  by  all  accounts  she  was  an  excellent  BAR  operator .  She  used  an  M 19 18  on  full - automatic  to  pin  down  unsuspecting  law  officers  after  they  confronted  the  gang  at  a  house  in  J op lin ,  MO .[ 38 ]  A  Missouri  highway  patrol man  at  the  scene ,  forced  to  dive  for  cover  behind"
muslim,6208," have  opened .  And  we  have  demonstrated  how  we  strengthen  this  country  we  love  and  call  home ."" 
 
 She  said ,  "" During  the  last  four  years  together  with  the  White  House  we  have  laid  a  strategic  road  map  to  bring  the  values  of  transformative  se va ,  of  social  justice  and  k arm ic  empathy  to  the  forefront  and  connected"
muslim,6208,"S :  Patrick ,  were  you  literally  thrown  out  of  the  house  or  is  it  basically  that  you  felt  that  you  weren âĢ ĺ t  wanted  there  anymore ? 
 
 H IG G INS :  I 'm  not  really  going  to  comment  on  that  right  now  because  all  of  that  is  in  the  lawsuit .  But  practically  what  I âĢ ĺ m"
muslim,6208," defends  her  radical  departure  of  existing  law  by  attempting  to  wrap  immigration  enforcement  in  a  swath  of  social  justice  causes .  She  doesn âĢ Ļ t  think ,  for  instance ,  that  âĢ ľ you  solve  the  criminal  justice  process  by  de porting  them . âĢ Ŀ  Likewise ,  she  calls  ICE âĢ Ļ s  policies  âĢ ľ disc rim inatory âĢ Ŀ"
muslim,6208," be  growing  in  a  big  way  for  at  least  a  couple  of  years .  The  two  main  contributing  factors  are  allegedly  eSports  and  VR  gaming .  I  guess  we  will  be  seeing  more  Alien ware  and  X PS  stuff  coming  their  way . 
 
 In  contrast  to  shrinking  overall  PC  sales ,  global  demand  for  gaming  PCs  is  heating  up  and  the"
muslim,6208," or  the  sun na  ( the  teachings  and  say ings  of  Muhammad )  in  their  original  form .  ( Whether  Bush ,  Biden  or  Clinton  has  bothered  to  read  a  single  translated  page  of  these  texts  remains  to  be  seen .  Obama ,  who  from  ages  six  to  ten ,  attended  a  public  school  in  Indonesia  influenced  by  the  West ,  appears  to"
muslim,6208," compensate  for  their  lack  of  formal  scientific  education  by  instead  trusting  their  âĢ ľ g ut  reaction âĢ Ŀ : 
 
 F requently  the  women  haven âĢ Ļ t  had  very  much  in  the  way  of  a  science  education  because  they  may  well  have  dropped  science  at  16 .  That  is  just  a  fact .  Women  do  tend  not  to  have  continued"
muslim,6208," claims ,  with  particular  anger  in  Brussels  being  aimed  at  Britain ,  whose  relationship  with  the  EU  executive  has  grown  tense . 
 
 Although  he  did  not  address  the  issue  specifically  at  his  end - of - year  press  conference  on  Friday ,  President  Barack  Obama  acknowledged  that  the  US  "" would  have  to  provide  more  confidence  to  the  international  community """
muslim,6208," finding  represent  a  domain âĢĲ general  or  domain âĢĲ specific  phenomenon ?  Our  next  two  findings  suggest  it  is  domain âĢĲ specific .  First ,  the  religion  dog mat ism  scale — a  scale  specifically  designed  on  a  domain  on  which  conservatives  are  more  likely  to  be  dog matic — sh owed  virtually  the  same  effect  as  the  supposedly  domain âĢĲ general  scale"
muslim,6208," had  enough  of  all  this  hard  work ,  because ,  since  I  came  out ,  I  keep  getting  all  these  parts ,  and  my  career 's  taken  off .  I  want  a  quiet  life .  I 'm  going  back  into  the  closet .  But  I  can 't  get  back  into  the  closet ,  because  it 's  absolutely  jam - packed  full  of  other"
muslim,6208," exchange  program . 
 
 When  your  score  gets  high  enough ,  you  will  receive  samples .  They  will  be  accessible  from  our  website ,  and  also ,  using  the  Mal ware  Sharing  Network  back - end  API . 
 
 API  for  Script ing 
 
 After  successfully  logging  in ,  you  may  have  noticed  that  the  API  key  field  was  populated"
muslim,6208," imprisonment . 
 
 Fel ons  should  be  forever  prohibited  from  owning  guns .  They  should  never  be  allowed  to  hold  a  gun  in  their  hands  for  even  a  few  seconds .  The  lifetime  prohibition  should  include  non - violent  fel ons  who  have  been  law - abiding  for  decades ;  anyone  who  was  convicted  of  marijuana  possession  in  1971  should  be  presumed"
muslim,6677,"Ŀ  and  âĢ ľ the  enemy  of  the  American  people , âĢ Ŀ  and  that  the  federal  appeals - court  ruling  that  struck  down  his  first  travel  ban ,  a  month  ago ,  jeopard ized  the  security  of  the  country . 
 
 A  wide  body  of  scholarship  has  poked  holes  in  Holmes âĢ Ļ s  idea .  Fifty  years  ago ,  Jerome"
muslim,6677,"the ]  Japanese  do  not  impose  one  or  two  exclusive  uses  for  every  zone .  They  tend  to  view  things  more  as  the  maximum  nuisance  level  to  tolerate  in  each  zone ,  but  every  use  that  is  considered  to  be  less  of  a  nuisance  is  still  allowed .  So  low - nu isance  uses  are  allowed  essentially  everywhere .  That  means  that  almost"
muslim,6677,"]  to  the  South  Vietnamese  Army  and  associated  allies ,  including  the  Mont agn ard  hill  tribes people  of  South  Vietnam .  US  Special  Forces  advisors  frequently  chose  the  BAR  over  currently  available  infantry  weapons .  As  one  Special  Forces  sergeant  declared ,  "" Many  times  since  my  three  tours  of  duty  in  Vietnam  I  have  thanked  God  for  ...  having  a  BAR"
muslim,6677,"The  Vancouver  Canucks ,  who  bombed  out  at  28 th  overall  and  got  wrecked  by  the  draft  lottery ,  are  now  in  a  position  to  fight  for  playoffs .  With  a  game  in  hand  over  the  eighth - place  Calgary  Flames  and  only  one  point  back ,  all  the  critics  who  portrayed  the  Canucks  as  a  direction less  failure  are  being  proved  wrong"
muslim,6677," The  poster iors  Now  we  can  compute  the  likelihood  that  a  team  with  a  hypothetical  value  of  lam  scores  k  goals  in  a  game :  #  class  Hockey  def  Like lihood ( self ,  data ,  hyp o ):  lam  =  hyp o  k  =  data  like  =  think bay es . E val Po isson P m f ( k ,  lam"
muslim,6677," the  beans  24  hours  ahead  of  cooking  time ,  change  water  whenever  possible .  Place  the  rinse  beans  and  place  in  a  pot  with  enough  water  to  go  about  2  inches  above  beans .  Bring  to  a  rolling  boil  and  cook  for  5  minutes  on  high .  Cover  and  turn  off  heat .  Leave  in  water  for  1  hour .  Remove  and  rinse"
muslim,6677," the  mass  of  molten  material  beneath  the  surface  is . 
 
 "" We  are  getting  a  much  better  understand  of  the  volcanic  system  of  Yellowstone ,""  said  Jamie  Farrell ,  a  seism ology  graduate  student  at  the  University  of  Utah ,  in  an  interview  with  Live Science . com .  "" The  mag ma  reservoir  is  at  least  50  percent  larger  than"
muslim,6677," The  New  South  Wales  St em  Cell  Network ;  Korean  Society  for  St em  Cell  Research ;  Taiwan  Society  for  St em  Cell  Research ;  St em  Cell  Society  Singapore  ( SC SS ); 
 
 St em  Cell  Engineering  ( S CE ) 
 
 St em  cell  engineering  ( S CE )  was  to  gather  information  on  the  worldwide  status  and"
muslim,6677,"Ŀ  and  the  red  eagle  logo  are  trademarks  of  39 09  LLC . After  the  conclusion  of  the  current  competitive  cycle  one  of  our  main  tasks  was  to  make  a  decision  whether  or  not  we  want  to  continue  playing  with  our  current  line - up .  On  the  one  hand ,  we  are  overall  satisfied  with  the  performance  and  the  commitment  to  practice"
muslim,6677," the  Mi ocene ,  15  my a )  is  the  earliest  known  from  good  specimens .  Two  very  fragment ary  fossils  are  often  assigned  to  the  Alc idae ,  although  this  may  not  be  correct :  Hydro ther ik orn is  ( late  E ocene )  and  Pet ral ca  ( Late  O lig ocene ).  Most  extant  gener a  are  known  to"
muslim,6677," the  Minimum  Wage - Employ ment  Debate :  Th rowing  Out  the  Baby  with  the  Bath water ?  National  Bureau  of  Economic  Research  Working  Paper  No .  w 18 681 . 
 
 Ne um ark ,  D .,  and  W .  Was cher .  1992 .  âĢ ľ Employ ment  Effects  of  Minimum  and  Sub minimum  W ages :  Panel  Data  on"
muslim,6677," or  the  Wr ongs  of  Woman .  Within  two  weeks ,  he  had  begun  to  write  her  Mem oir s  which  were  published  with  four  volumes  of  her  post hum ous  works .  If  this  was  a  cath art ic  exercise  for  God win ,  his  inability  to  dis semble  ruined  the  W oll stone craft âĢ Ļ s  reputation  for  generations  to"
muslim,6677,"the  bin  Laden  operation ]  is  time  they  don âĢ Ļ t  have  to  spend  talking  about  the  economy ,  or  ObamaCare ,  or  a  lot  of  other  things  that  are  not  so  popular . âĢ Ŀ 
 
 Jud y  argued  that ,  once  memories  of  the  conventions  begin  to  fade ,  the  electorate  will  focus  again  on  the  economy .  This"
muslim,6677," the  post - mortem ,  to  assess  what ,  if  any ,  went  wrong ,  lessons  learned  and  things  to  improve  for  a  subsequent  race . 
 
 Maybe  elite  runners  don âĢ Ļ t  have  PR S ,  but  for  a  late - bl oom er ,  mere - m ortal ,  mid - pack  runner  like  me ?  I  find  this"
muslim,6677," the  one  thing  he âĢ Ļ s  kept  oil ed  up  and  in  tip - top  shape  just  in  case .  So  I  think  we  will  see  that  sweet  baby  come  back ,  come  roaring  to  life ,  slicing  and  d icing  on  the  D  e ad ites  . âĢ Ŀ 
 
 The  effects  are  designed  to  continue  the  Evil  Dead  tradition"
muslim,6677," the  next  Evil  Dead  coming  out ?' âĢ Ŀ  Campbell  had  the  same  experience ,  âĢ ľ  I  go  to  conventions  a  lot  and  I âĢ Ļ m  driven  insane  by  the  fans  at  conventions .  I âĢ Ļ ve  been  doing  conventions  since  1988  and  I  hear  it  at  every  convention  I  go  to ,  same  as  Sam .  We  were  tortured"
muslim,6677, the  richest  person  in  the  world .  Not  one  financial  institution  managing  Mr .  Yanukovych âĢ Ļ s  private  bank  accounts  thought  it  was  odd  that  he  was  earning  more  than  Bill  Gates  running  an  impoverished  country  or  took  steps  to  confirm  that  his  incredible  newly  earned  wealth  was  not  proceeds  of  corruption .  They  didn âĢ Ļ t  apply  enhanced  scrutiny  –
muslim,6677,"Ŀ  the  office  said .  âĢ ľ After  speaking  to  the  victim  and  the  family ,  our  office  decided  this  was  in  the  best  interests  of  justice . âĢ Ŀ "" Sea  elephant ""  redirect s  here .  For  the  super family  of  sea  sl ugs ,  see  P ter ot r ache o ide a 
 
 Ele phant  seals  are  large"
muslim,6677,"Ŀ  the  complaint  states . 
 
 âĢ ľ Pl aint iff  had  been  bleeding  internally  this  entire  time  and  once  at  the  jail ,  he  began  to  experience  severe  pain  and  to  vomit  repeatedly .  The  sheriff âĢ Ļ s  personnel  and  medical  personnel  at  the  jail  ignored  plaintiff âĢ Ļ s  requests  for  help  even  though  he  was  vomiting  and  unable"
muslim,6677,"Ŀ  the  report  said .  âĢ ľ The  Team  has  currently  identified  from  25  to  30  illegal  mining  operations  in  southern  Hel mand . âĢ Ŀ 
 
 Most  of  the  illegal  mines  are  near  the  Pakistani  border ,  enabling  the  illegal  miners  to  quickly  smugg le  the  marble  across  the  frontier  and  move  it  onto  the  international  market . 
 
 âĢ"
muslim,6677," the  most  likely ,  which  makes  it  safe  ground  for  critics  and  pundits . 
 
 But  suppose ,  just  for  a  moment ,  that  Obama  is  as  brilliant  as  his  supporters  say  he  is .  Suppose  he  knows  exactly  what  he  is  doing  and  is  not  the  least  bit  surprised  by  the  outcome .  Suppose  he  is  method ically  executing  the  infamous"
muslim,6677,"âĢ Ļ  and  the  crowd  responded ,  as  instructed ,  âĢ ĺ less âĢ Ļ .  The  comments  were  met  with  backlash  from  politicians ,  Muslim  organizations ,  and  Moroccan - Dutch  people . 
 
 In  December  2014 ,  public  prosecution  announced  its  intent  to  take  Wild ers  to  court  for  discrimination  and  inciting  hatred . 
 
 During  the  case ,"
muslim,6677,"'s  Al gae - to - E than ol  Del ivers  67 %  to  87 %  Reduction  in  CO 2 
 
 Dr .  Steven  Chu  Answers  Questions  from  Citizens  About  Energy  Conservation  ( Video ) 
 
 Should  Energy  Conservation  be  Fram ed  in  Terms  of  What  Would  be  Lost ? 
 
 2009  Snap shot  of  U . S .  Energy"
muslim,6677,"Ļ s  no  time  travel âĢ¦ yet .  But  Tap ert  says  it âĢ Ļ s  always  a  possibility ,  âĢ ľ [ Time  travel ]  certainly  was  an  element  of  the  Nec ron om icon  that  some  of  the  [ spell s ]  not  only  called  for  demons ,  but  portals  in  time  and  space .  Perhaps  by  the  end  of  this"
muslim,6677,"Ļ s  completely  justified  in  her  actions  and  she âĢ Ļ s  going  to  become  a  formidable  person  to  have  on  Ash âĢ Ļ s  tail . âĢ Ŀ 
 
 Tap ert  explained ,  âĢ ľ S  Ash  is  going  to  give  you  some  sugar ,  baby .  The  series  will  explore  romance ,  but  it âĢ Ļ s  secondary .  Campbell"
muslim,6677,"
 For  me  this  is  the  key  point :  the  man ia  to  create  this  false  social  media  âĢ ľ ident ity âĢ Ŀ  that  has  no  bearing  on  reality .  And  for  some  reason ,  the  girls  are  just  oblivious  to  it .  It  seems  like  the  f akers  are  able  to  get  by  on  their  f aking .  I âĢ Ļ"
muslim,6677,"Ļ t  really  highlight  as  well  as  we  should  how  important  this  is  from  a  development  standpoint . âĢ Ŀ 
 
 âĢ ľ The  biggest  thing  for  us  is  how  can  we  get  a  better  development  model ,  and  I  can  tell  you  from  having  a  team  on  the  East  Coast — we âĢ Ļ re  currently  in  Gl ens  Falls ,"
muslim,6677,"Ŀ  verdict ,  engaged  with  Kad aris  in  debate  and  said  she  found  his  presence  âĢ ľ dis respect ful . âĢ Ŀ 
 
 BC R  member  Chase  A plin  said  he  believed  that  the  jury âĢ Ļ s  decision  was  an  âĢ ľ in justice . âĢ Ŀ  A plin  said  he  also  believed  âĢ ľ political  vind ict iveness âĢ"
muslim,6677," of  any  nostalgic  life  raft  in  a  sea  of  political  and  social  upheaval .  Put  the  Ne op ets  in  a  catch - âĢ Ļ em - all  augmented - reality  game .  Give  them  a  YouTube  show .  Inf iltr ate  the  twe en  networks  on  Tumblr  and  pass  the  game  off  as  the  new ,  hip  thing .  The  animals  are"
muslim,6677," despite  being  a  global  leader  in  C SP ,  was  Sh ams  1 .  ( The  other  assets  that  Ab eng oa  put  on  the  chopping  block  were  not  its  dozen  or  so  trail bl azing  C SP  plants ,  but  ethanol  and  other  projects .) 
 
 How  T rough  C SP  Works 
 
 In  trough  C SP ,  the  receiver"
muslim,6677,".  No  explanation  was  given . 
 
 On  July  9 ,  2009 ,  the  board  ended  We is berg 's  probation  a  year  early  and  put  him  instead  under  the  wing  of  an  unnamed  "" practice  mentor ,""  another  doctor  who  was  to  meet  twice  a  month  with  We is berg  and  file  quarterly  reports  with  the  board . 
 
 --"
muslim,6677," or  wind ,  is  out  of  sync . 
 
 So ,  as  the  world  adds  more  PV  and  wind ,  the  need  is  shifting  towards  a  dispatch able  âĢ ľ switch - on âĢ Ŀ  supply  to  fill  in  the  gaps ,  rather  than  a  bas el oad  resource  that  is  always  on ,  regardless  of  whether  it âĢ Ļ s  needed"
muslim,6677," Politics NJ .  Mont clair 00 55  seems  determined  to  ensure  that  the  pic ares que  characters  and  episodes  that  so  ent hr alled  Wild stein  are  preserved  for  poster ity .  Many  of  the  contributions  are  later  deleted  by  other  Wikipedia  editors  on  the  grounds  of  insign ific ance . 
 
 The  night  of  December  4 ,  Wild stein  has  dinner"
muslim,6677," have  to  do  with  me ?  I  can âĢ Ļ t  influence  this  situation . âĢ Ŀ 
 
 That  perspective  is  quite  common ,  and  for  most  people ,  it âĢ Ļ s  paraly zing ,  but  the  truth  of  the  matter  is  that  we  can  influence  this .  We âĢ Ļ ve  done  it  before ,  and  we  can  do  it"
muslim,6677,"value  plural ism  to  complexity  itself  is  more  complex  than  this  implies .  Some  work  shows  that  more  extreme  views  lead  to  more  complexity  ( e . g .,  Conway  et  al .,  2008  1984  2008 
 
 The  relationship  of  extremism / value  plural ism  to  complexity  itself  is  more  complex  than  this  implies .  Some  work  shows  that  more  extreme  views"
muslim,6677," including  a  logo  and  four  stars . 
 
 2 .  Was  the  Carlton  Hotel  in  Idlib  was  used  by  the  S ARC  as  a  headquarters ? 
 
 Yes ,  based  on  open  sources  it  can  be  confirmed  that  the  S ARC  used  the  Carlton  Hotel  in  Idlib  as  a  headquarters . 
 
 First  of  all ,  nearly  forty  S ARC"
muslim,6677," as  possibly  being  the  savior  of  democracy  for  the  United  States , âĢ Ŀ  said  Dick  Bart els ,  a  Marine  veteran  who  was  guiding  cars  into  the  parking  lot  outside  the  l ut ef isk  supper . 
 
 âĢ ľ Every  time  I  hear  anybody  say  anything  about  âĢ ĺ Trump  shouldn âĢ Ļ t  be  tweeting  âĢ¦  He  put  his"
muslim,6677," he 's  concerned  about  the  "" culture  of  alcohol  consumption ""  in  Halifax  and  says  he  is  hoping  the  community  will  work  with  the  police  to  help  address  the  problem . 
 
 Ch ish ol m  says  his  concern  isn 't  ultimately  with  this  particular  bar  or  experience ,  but  with  what  he  sees  as  a  wider  trend  toward  violence .  His"
muslim,6677,"V  ( chief  officer ),  Z D  ( chief  officer ),  Z E  ( chief  officer ),  Z F  ( chief  officer ,  concurrent  chief  engineer ) 
 
 Person nel  changes  at  the  sub - exec utive  managerial  level 
 
 ( effective  November  1 ,  2016 ) 
 
 Name  Current  New  Kou ji  Toy osh ima  MS Z ,  Mid"
muslim,6677,"ies  teacher  and  his  odd  habit  of  registering  web  addresses  for  the  names  of  his  enemies .  In  January  2015 ,  Wild stein  reaches  a  deal  to  plead  guilty  and  testify .  Bar oni  and  Kelly  are  indicted  four  months  later . 
 
 Christ ie  decides  to  run  for  president  anyway .  He  announces  his  candidacy  at  Livingston  High  School .  Inside"
muslim,6677," H . step ( T = t )  ax . plot ( t , y , label =' p = q = % d '  %  q )  ax . grid (' on ')  ax . leg end ( loc =' best ',  labels p acing = 0 )  ax . set _ y lim (- 0 . 5 , 1 . 2"
muslim,6677," It  dissip ated  fully  on  August  25 ,  near  the  mouth  of  the  Saint  Lawrence  River .[ 4 ] 
 
 Imp act  [  edit  ] 
 
 Wind s  from  the  storm  exceeded  50  mph  ( 80  km / h )  at  Atlantic  City  and  New  York ,  initially  blowing  from  the  northeast  before  shifting  south w ester ly .[ 4 ]"
muslim,6677," tip – I  thought  password  stealing  was  the  main  threat .  But  Stella  is  taking  care  of  it . âĢ Ŀ 
 
 âĢ ľ Yeah . âĢ Ŀ  Fl icker  hesitated  for  a  moment .  "" There  is  one  thing  I âĢ Ļ d  like  to  suggest .  You  can  tell  me  to  mind  my  own  business  if  you  want .  Not"
muslim,6677,"s  we  de  det acher ing  te  l ij f  g aan  door  social e  z eker he ids b ij dr agen  te  ver l agen ,  organise er  je  z elf  de  social e  dumping âĢ Ļ ,  wa ars chu wt  professor  J ef  Pac o let .  âĢ ĺ En  be vest ig  je  dat  de  EU  e en"
muslim,6677,"2005  episode  "" S & M  Present ""),  and  The  Cleveland  Show  ( 2010  episode  "" Another  Bad  Thanksgiving "").  Professional  wrestler  Cody  Rhodes  dressed  up  as  Scorpion  for  Halloween  in  2013 .[ 67 ]  Scorpion  was  featured  along  with  Raid en ,  Er mac ,  J ax ,  and  Shang  T sung  in  Comedy  Central 's  2014  animated  short  film  par od"
muslim,7072,"
 
 2 
 
 2 
 
 In  2017 ,  CO  2  emissions  from  fossil  fuels  and  industry  are  projected  to  grow  by  2 %  ( 0 . 8 %  to  3 %).  This  follows  three  years  of  nearly  no  growth  ( 2014 - 2016 ).  ( G DP  to  rise  3 . 6 %  according  to  IMF  figures ). 
 
"
muslim,7072,"
 
 some  more ,  suppose  we  have  m  =  0 ;  printf ("" ( m ++ ,  m ,  m ++ ):  % d ,  % d ,  % d 
 
 "",  m ++ ,  m ,  m ++ ); 
 
 ( m ++ ,  m ,  m ++)  gave  me  1 ,  2 ,  0  ( with  gcc  version"
muslim,7072,"
 
 4 th  A  Jackson  singled  to  center ,  V  Martinez  scored ,  J  Martinez  out  at  third .  0  2 
 
 5 th  O  Inf ante  singled  to  left ,  A  Esc obar  scored ,  N  A oki  to  second .  1  2 
 
 5 th  B  Butler  doubled  to  deep  center ,  N  A oki ,  O  Inf"
muslim,7072," 1 
 
 M ountain  1  1  S Ã¸ ren  Kr agh  Andersen  ( Den )  Team  Tre - For  10  pts  2  Michael  Re ih s  ( Den )  Team  Cult  E ner gi  6  3  Mik kel  Mort ensen  ( Den )  Team  Concord ia  Fors ik ring - R iw al  4  4  Alex  Rasmussen  ( Den )  Garmin -"
muslim,7072,"1 
 
 K 37 
 
 ERA  1 . 93 
 
 âĢ¢  While  we 're  on  the  subject  of  a ces  with  hefty  contracts :  After  the  flurry  of  big - buck  extensions  settled  down  around  Opening  Day ,  an  official  of  one  large - market  club  said  the  one  monster  contract  he  questioned  was  Adam  W ain wright 's  five"
muslim,7072,"
 
 Sc aven ge  Map  3  ( PDF )  -  $ 5 
 
 Journal  of  Nicholas  Dob rin  ( PDF )  -  $ 15 
 
 Imp act  of  the  Rise  –  The  events  of  the  Rise  happened  suddenly .  The  R isen  crawled  from  their  graves  all  at  once ,  millions  of  hungry  dead  seeking  to  feed  on  the  living"
muslim,7072,"er 
 
 Other  authors  calculate  that  Dur in âĢ Ļ s  Day  in  our  world  would  happen  in  December ,  based  on  our  own  definition  of  Autumn : 
 
 Obs erving  Dur in âĢ Ļ s  Day  –  by  Krist ine  Lars en 
 
 P redict ing  Dur in âĢ Ļ s  Day  –  by  Id una 
 
 The"
muslim,7072,") 
 
 Choice  of  ABC  T - Sh irt 
 
 ABC  Bomber  Club  Membership  Card 
 
 * Inv itation  to  ABC âĢ Ļ s  Back ers  Beer  Bash 
 
 * Inv itation  to  ABC âĢ Ļ s  Soft  Opening  So ire e 
 
 ABC  Brick 
 
 P ledge  $ 500  or  more 
 
 With  this  pledge"
muslim,7072,"
 
 0 . 98 
 
 2 . 66 
 
 1 . 65 
 
 1 . 68 
 
 1 . 00 
 
 hash _ map < string ,  uint 32 _ t > / clear 
 
 hash _ map < string ,  uint 32 _ t > / count 
 
 hash _ map < string ,"
muslim,7072,"
 
 hash _ map < uint 32 _ t ,  Test Object > / clear 
 
 hash _ map < uint 32 _ t ,  Test Object > / count 
 
 hash _ map < uint 32 _ t ,  Test Object > / er ase  pos 
 
 hash _ map < uint 32 _ t ,  Test Object"
muslim,7072,"
 
 Water  shortages  forge  huge  market 
 
 According  to  the  latest  Indian  government  survey  of  rural  wages ,  in  2007 / 08 ,  daily  pay  in  rural  areas  can  range  from  about  45  ru pees  a  day  for  herd - keeping ,  to  about  110  ru pees  a  day  for  well  digging . 
 
 The  Sw ach  uses  ash  from"
muslim,7072,"
 
 1 . 36 
 
 1 . 33 
 
 1 . 75 
 
 1 . 40 
 
 1 . 72 
 
 string < char 16 _ t > / comp are 
 
 string < char 16 _ t > / er ase / pos , n 
 
 string < char 16 _ t > /"
muslim,7072,"
 
 2 . 28 
 
 1 . 00 
 
 1 . 19 
 
 1 . 86 
 
 1 . 08 
 
 1 . 95 
 
 1 . 00 
 
 1 . 00 
 
 1 . 00 
 
 0 . 94 
 
 1 . 00 
 
 1 . 00 
 
 1"
muslim,7072,"
 
 11 : 56 : 55  Q 7 .  What  discussions  the  Government  has  had  with  food  and  drink  companies  in  Scotland  on  the  importance  of  the  UK  market  for  that  industry .  ( 9 07 324 ) 
 
 11 : 57 : 02  George  E ust ice  MP ,  The  Minister  of  State ,  Department  for  Environment ,  Food  and"
muslim,7072,"
 
 About  a  year  ago ,  R is hel  posted  a  mocked - up  map  of  Totally  Flat  Kansas  on  his  blog ,  Cart ographers  Without  Borders ,  along  with  a  skeleton  of  his  plan .  The  image ,  in  which  a  smooth ,  sleek  Kansas  sits  embedded  in  the  bump y  continent  like  a  tooth  in  a  gum ,  is  immediately"
muslim,7072,"
 
 1  pound  rh ub arb ,  cut  in  1 - inch  lengths  ( or  1  pound  blue berries ) 
 
 2  tablespoons  b als amic  vinegar 
 
 1  cup  gran ulated  sugar 
 
 3  tablespoons  all - purpose  flour 
 
 1 / 4  teaspoon  salt 
 
 Stre u sel  To pping 
 
 1  cup  old"
muslim,7072,"
 
 The  strategy  worked .  The  Soviets  invaded ,  and  the  ten  years  of  war  that  followed  are  considered  by  many  historians  as  being  one  of  the  primary  causes  of  the  fall  of  the  USSR . 
 
 This  example  doesn âĢ Ļ t  just  establish  precedent ,  what  we âĢ Ļ re  seeing  happen  in  Iraq ,  Afghanistan  and  Syria  right"
muslim,7072,"
 
 14 : 42 : 39  Mrs  Louise  Ell man  MP  ( Liverpool ,  Riverside ,  Labour  ( Co - op )) 
 
 14 : 42 : 59  R t  Hon  Philip  Hammond  MP ,  The  Chancellor  of  the  Ex che quer  ( Run ny med e  and  We y bridge ,  Conservative ) 
 
 14 : 43 : 51"
muslim,7072,"
 
 This  article  has  been  archived  and  is  no  longer  accepting  comments . DEN VER  ( AP )  -  Colorado  Gov .  John  H icken lo oper  is  expected  to  take  a  key  step  Monday  toward  launching  a  federally  funded  cleanup  of  48  old  mining  sites  in  the  San  Juan  Mountains ,  formally  endorsing  a  Super fund  zone  that  includes  a  mine"
muslim,7072,"
 
 C ig arettes  are  the  leading  cause  of  fatal  household  fires ,  especially  end angering  children  in  the  United  States .  In  developing  countries ,  fire  is  an  even  greater  hazard  because  dwellings  are  often  constructed  of  highly  fl amm able  materials .  To  date ,  the  tobacco  industry  has  refused  to  leave  out  additives  to  their  cigarettes  that  would  keep"
muslim,7072,"
 
 Current  Communications  Group  is  a  broadband  company  that  powers  Internet  through  power  lines .  Google ,  Hear st ,  and  Goldman  Sachs  invested  $ 100  million  into  Current  Comm  Group  in  July  2005 .  C URRENT  has  been  alive  and  kicking  since  2004 .  Current  uses  a  Smart  Grid  solution  to  increase  efficiency  for  high - speed  Internet  while  reducing  environmental"
muslim,7072,"
 I  do  not  care .  The  American  people  have  big her  fish  to  fry . 
 
 R ice  hit  back  with  this  response : 
 
 Then  why  post  here ?  Obviously  you  do  care  enough  to  tell  us  that  you  disapprove  of  our  caring .  Well ,  I  do  care .  I  think  what  Ellen  Page  did  was  brave  and"
muslim,7072,"Â½  times  bigger  than  the  current  one . 
 
 The  new  board  will  feature  four  large  screens ,  offering  three  times  the  resolution  of  the  screens  on  the  existing  one . 
 
 True  North  Sports  &  Entertainment  unveiled  the  planned  improvements  on  Monday .  They  also  include : 
 
 Installation  of  a  new  360 - degree  power  ring  presenting  two"
muslim,7072," in  the  counts .  Here  is  one  of  the  slices  demonstrating  saturation : 
 
 So ,  how  did  this  happen ?  Excellent  question ,  internal  dialogue !  This  is  because  we  planned  our  observations  with  a  very  particular  setup .  We  wanted  as  much  light  as  possible  without  satur ating .  This  required  de - f ocusing  ( del iber ately  making"
muslim,7072,". 
 
 âĢ ľ Oh  my  goodness , âĢ Ŀ  the  victim 's  mother ,  Shannon  Haz en ,  told  The  Ok lah oman  after  first  learning  of  the  arrest  from  the  paper  on  Monday .  âĢ ľ Yes !  Yes !  Yes !, âĢ Ŀ  she  said ,  then  began  sob bing . 
 
 Pal ma  was  identified  as  a"
muslim,7072,"ising ,  CEO  of  Man power ,  was  upbeat . 
 
 "" With  automation  ...  Certainly  there  are  going  to  be  jobs  that  will  be  displaced ,  but  most  jobs  will  be  impacted  by  technology  in  terms  of  specific  tasks  within  the  job  that  will  change ,""  Pr ising  told  CNBC .  He  pointed  towards  a  survey  of  18 , 000  employers"
muslim,7072," form  of  heat .  That  is  what âĢ Ļ s  heating  up  your  computer  and  draining  your  batteries . âĢ Ŀ 
 
 The  researchers  made  their  device  out  of  b ism uth  fer rite ,  which  is  both  magnetic  and  fer ro electric ,  meaning  it âĢ Ļ s  always  electr ically  polarized ;  and  that  polarization  can  be  switched  by  applying"
muslim,7072," put  it  back  in  my  pocket  twice .  [ 2016 ] 
 
 [ on  the  Academy  Awards ]  If  you  are  trying  to  have  a  career ,  as  a  black  or  Hispanic  actor  in  a  state  -  California  -  where  white  people  are  now  the  minority ,  and  you  are  being  judged  by  an  Academy  where  the  vast  majority  are  white ,"
muslim,7072," flows  into  the  K ask aw ul sh  River  instead . 
 
 This  phenomenon ,  known  as  "" river  piracy "",  typically  takes  centuries  but  the  study  documented  it  over  the  course  of  one  spring . 
 
 "" Nobody 's  ever  seen  a  river  piracy  occur  in  modern  times ,  at  least  to  my  knowledge ,""  lead  author  Dan  Sh ugar"
muslim,7072," to  provide  safe  staffing . 
 
 The  long - term  solution  is  to  train  more  nurses  in  the  UK ,  but  in  the  interim ,  foreign  nurses  filled  the  gap ,  he  added . 
 
 N urse  pay  and  roles  Band  Pay  range  Typical  role  5  Â£ 21 , 692  -  Â£ 28 , 180  Entry  level  nurse  or  mid wife"
muslim,7072," ago .  In  all  that  time ,  they  never  said  anything  about  it .  And  I âĢ Ļ m  not  the  only  one  –  this  happened  to  many  other  people ,  too . 
 
 They âĢ Ļ d  been  short ing  me  on  my  check  for  weeks .  My  last  check  should  have  been  for  40  hours ,  and  instead  they  only"
muslim,7072," the  site  as  a  platform ,  and  we  don 't  often  get  involved  with  the  daily  layout  of  the  news .) 
 
 If  there  are  any  shortcomings  in  the  range  of  expression  that  those  templates  offer ,  it 's  the  job  of  my  design  group ,  working  with  our  technology  team ,  to  create  new  ones  that  better  suit  the  needs  of"
muslim,7072," the  five - year  plan  for  merging  the  Feder ally - Administ ered  Tribal  Areas  ( F ata )  into  the  province . 
 
 Senior  Minister  for  Ir rig ation  Sik and ar  Sher p ao  of  Q WP  objected  over  the  delay ,  saying  that  the  assembly  had  passed  resolutions  asking  the  federal  government  for  an  immediate  merger . 
 
"
muslim,7072," and  moral  considerations  are  shed  in  favor  of  achieving  transact ional  "" w ins ""  on  jobs  and  security . 
 
 The  president  seems  drawn  to  aut ocrats  and  cynical  about  promoting  cherished  American  ideals .  Asked  in  February  about  Russian  President  Vladimir  Putin 's  reputation  for  ordering  political  killings ,  Trump  didn 't  miss  a  beat :  "" Do  you  think"
muslim,7072," little  bit  different  depending  on  where  you  look  at  them  from .""  "" When  you  look  at  the  color  of  the  eye ,  it  bends  as  you  move  around  it ,""  says  Horton .  "" Even  though  the  mesh  is  just  a  simple  sphere ,  we  create  this  illusion  of  the  way  the  light  bends  and  ref ract s  and  changes  the  color"
muslim,7072," Daesh  in  that  environment  as  we âĢ Ļ ve  had  in  the  core  areas  of  Syria  and  Iraq . âĢ Ŀ 
 
 A  key  pr ong  of  U . S .  strategy  to  defeat  ISIS  is  the  removal  of  Assad ,  whom  Brennan  described  as  a  âĢ ľ mag net âĢ Ŀ  for  a  wide  spectrum  of  extremist  groups  in  Syria ."
muslim,7072," tiny  battery ,  hidden  underneath  the  lower  y oke .  We âĢ Ļ re  pretty  sure  that âĢ Ļ s  another  first  in  the  custom  world . 
 
 The  tiny  covers  on  either  side  of  the  front  axle  are  also  3 D  printed ,  and  there âĢ Ļ s  a  matching  aluminum  cover  for  the  rear  brake  cal iper .  Both  are"
muslim,7072," take  a  strong  grid  position  after  topping  Free  Practice  2  earlier  in  the  day  but  a  collision  with  the  barrier  took  him  out  of  contention  for  much  of  the  session . 
 
 As  a  result ,  the  No .  1  Audi  R 8  L MS  will  take  the  start  of  the  qualifying  race  from  17 th . 
 
 The  qualifying  race"
muslim,7072," we  can  be  Daily  Mail  readers  too . âĢ Ŀ 
 
 What  we âĢ Ļ ve  been  witnessing  this  past  week  is  a  shameless  attempt  by  a  politician  who  lost  an  election  to  act  as  though  she âĢ Ļ d  won  it .  Since  her  boss  in  London  is  attempting  much  the  same  trick  it âĢ Ļ s  not  like  we  should"
muslim,7072," 20 - mile  layer  of  armour  pl ating ,  the  explosion  fl ings  bits  of  its  "" co ating ""  far  and  wide . B earing  in  mind  that  the  Moon 's  defense  coating  is ,  according  to  our  calculations ,  2 . 5  miles  thick ,  one  sees  that  this  is  approximately  the  maximum  depth  of  the  cr aters . Now  let"
muslim,7072," to  the  chest  and  prevent  the  bust  from  spilling  out .  That âĢ Ļ s  probably  just  fine  for  someone  who  is  predominantly  full  on  bottom ,  but  someone  with  a  more  even  or  full  on  top  shape  will  run  into  this  problem  pretty  consistently  in  European  bras ,  so  I âĢ Ļ m  going  to  talk  about  how  to  fix  that ."
muslim,7072,"a  said ,  âĢ ľ Not  on  account  of  m itz v ot  and  good  deeds ,  but  in  order  to  work  the  Land  of  Israel .  Maybe  I  mentioned  to  you  that  I  was  a  vill ager  back  home ,  and  I  grew  up  working  the  land .  Both  my  father âĢ Ļ s  and  mother âĢ Ļ s  families  as  well"
muslim,7072," slick ,  Mariners - based  substance  that  prevents  them  from  getting  too  close  to  the  top  of  the  division ,  and  the  Angels  might  be  history 's  most  boring  team  if  you  limit  the  pool  to  "" cont ending  teams  that  employ  the  best  player  in  the  world ."" 
 
 But ,  again ,  if  you  think  of  Yu  Dar v ish"
muslim,7072," says  that  Harvey  regularly  called  white  people  âĢ ľ hon keys . âĢ Ŀ  Special  grace  is  often  offered  to  comedians  over  these  kinds  of  matters .  Indeed ,  the  ed gy  nature  of  their  work  is  often  what  makes  them  funny . 
 
 However ,  racism  is  unacceptable .  Imagine  if  a  white  comedian  was  saying  he  hates  black  people ,"
muslim,7072," cold ,  checking  emails  on  his  phone ,  when  Coun .  Matthew  Green  was  stopped  and  questioned  for  several  minutes  by  a  Hamilton  Police  officer  who  seemed  not  to  realize  who  he  was . 
 
 "" What  are  you  doing  there ?""  was  the  first  thing  Green  said  he  heard  the  officer  say ,  just  after  3  p . m .  on"
